DAP,Env,LON,LAT,DOY,YYYYMMDD,daysFromStart,T2M,T2M_MAX,T2M_MIN,T2MDEW,ALLSKY_SFC_LW_DWN,ALLSKY_SFC_SW_DWN,ALLSKY_SFC_SW_DNI,ALLSKY_SFC_PAR_TOT,ALLSKY_SFC_UVA,ALLSKY_SFC_UVB,PRECTOT,EVPTRNS,QV2M,RH2M,GWETROOT,GWETTOP,FROST_DAYS,WS2M,P_ETP,VPD,N,RTA,n,TH1,TH2,n.1,N.1,RTA.1,VPD.1,SPV,ETP,PETP,GDD,FRUE,T2M_RANGE,PTT,PTR,PAR_TEMP
1,DEH1.2020,-75.46570343,38.62902503,135,2020-05-14,1,15.84,21.28,7.36,12.42,29.61,21.36,17.86,9.81,1.28,0.03,0.01,4.5,8.9,80.34,0.76,0.75,0,3.2,-4.49,0.336604642,14.246,39.812,6.391,60.24037744,61.5112,7.57022971364256,14.109707840081,39.8116531287019,0.336604641610214,0.105724385629643,8.97353879179692,-8.96353879179692,6.64,0.287272727272727,13.92,94.59344,2.14548192771084,0.619318182
2,DEH1.2020,-75.46570343,38.62902503,136,2020-05-15,2,21.06,26.29,16.48,16.79,31.25,25.99,24.36,11.73,1.48,0.03,0.05,6.63,11.8,77.81,0.74,0.74,0,4.84,-6.58,0.735027197,14.276,39.924,8.711,68.45468814,68.3044,9.20442377284784,14.1390793049157,39.9237019289326,0.735027197164136,0.156061980533293,11.6027413797054,-11.5527413797054,13.385,0.608409090909091,9.81,191.08426,1.0665670526709,0.556980057
3,DEH1.2020,-75.46570343,38.62902503,137,2020-05-16,3,19.73,26.01,12.66,15.83,31.57,22.84,21.12,10.44,1.34,0.03,0.02,6.11,11.16,79.34,0.73,0.73,0,3.41,-6.09,0.615448447,14.305,40.033,7.547,66.43292418,66.6288,8.08326891727017,14.1678631488049,40.0325657392562,0.615448446897308,0.139717636213917,10.0419003407282,-10.0219003407282,11.335,0.515227272727273,13.35,162.147175,1.26202029113366,0.529143436
4,DEH1.2020,-75.46570343,38.62902503,138,2020-05-17,4,15.88,20.01,12.67,13.41,30.99,16.28,8.02,7.69,1.05,0.03,0.33,2.11,9.46,85.71,0.73,0.73,0,3.47,-1.78,0.364308061,14.334,40.138,2.864,60.38091052,61.9076,5.75789090394077,14.1960446183265,40.138239894087,0.36430806122348,0.118456867388135,6.97645446468327,-6.64645446468327,8.34,0.379090909090909,7.34,119.54556,1.71870503597122,0.484256927
5,DEH1.2020,-75.46570343,38.62902503,139,2020-05-18,5,15.59,19.77,12.74,13.67,31.55,7.43,0.97,3.87,0.57,0.01,1.67,1.49,9.69,88.37,0.73,0.73,0,5.15,0.18,0.324140323,14.362,40.241,0.346,59.93010417,61.7112,2.62623068778876,14.2236089791485,40.2407203626332,0.324140323458805,0.117896016512196,3.18145289241403,-1.51145289241403,8.255,0.375227272727273,7.03,118.55831,1.73979406420351,0.248236049
6,DEH1.2020,-75.46570343,38.62902503,140,2020-05-19,6,13.62,18.1,10.22,7.81,28.55,20.66,6.18,9.52,1.28,0.03,0,2.77,6.53,68.7,0.72,0.72,0,6.3,-2.77,0.602607701,14.39,40.34,2.205,56.7714706,57.6316,7.29836789988116,14.2505415371889,40.3400037100235,0.602607701068691,0.104767644805677,8.6649978785797,-8.6649978785797,6.16,0.28,7.88,88.6424,2.33603896103896,0.6989721
7,DEH1.2020,-75.46570343,38.62902503,141,2020-05-20,7,12.35,16.68,8.99,7.25,29.56,15.17,3.99,7.27,1.02,0.03,0,3.02,6.22,72.04,0.71,0.71,0,5.67,-3.02,0.503829255,14.416,40.436,1.422,54.8097506,56.16,5.3560938102642,14.2768276605594,40.4360870594988,0.503829254781221,0.0971236935961841,6.27154292805212,-6.27154292805212,4.835,0.219772727272727,7.69,69.70136,2.98159255429162,0.588663968
8,DEH1.2020,-75.46570343,38.62902503,142,2020-05-21,8,14.98,20.84,8.95,11.93,30.48,21.62,14.27,10.1,1.35,0.03,0.33,3.66,8.56,83.34,0.71,0.7,0,4.18,-3.33,0.407311775,14.443,40.529,5.085,58.87566868,60.4748,7.62958062883133,14.3024528022451,40.5289680557323,0.407311775449933,0.109224235912913,9.13628043661478,-8.80628043661478,6.895,0.313409090909091,11.89,99.584485,2.09470630891951,0.67423231
9,DEH1.2020,-75.46570343,38.62902503,143,2020-05-22,9,17.99,22.64,13.72,16.56,33.19,13.52,8.61,6.66,0.92,0.02,13.13,1.8,11.67,91.5,0.71,0.74,0,3.63,11.33,0.274952662,14.468,40.619,3.067,64.0836415,65.1516,4.76890558341361,14.3274025234681,40.6186448293305,0.274952661860382,0.131164827618635,5.88865823045087,7.24134176954914,10.18,0.462727272727273,8.92,147.28424,1.42121807465619,0.37020567
10,DEH1.2020,-75.46570343,38.62902503,144,2020-05-23,10,20.95,26.08,15.69,17.17,32.96,25.24,20.15,11.57,1.48,0.03,4.66,5.98,12.11,80.67,0.72,0.73,0,1.75,-1.32,0.621257588,14.493,40.705,7.174,68.46505135,68.3312,8.89902788335751,14.3516625176758,40.7051159625617,0.621257587884203,0.1519336646572,11.2277720496673,-6.56777204966734,12.885,0.585681818181818,10.39,186.742305,1.12479627473807,0.552267303
11,DEH1.2020,-75.46570343,38.62902503,145,2020-05-24,11,15.43,19.35,12.18,12.96,31.82,14.12,5.54,6.8,0.93,0.02,1.39,2.99,9.16,85.72,0.72,0.72,0,3.4,-1.6,0.338699066,14.518,40.788,1.972,59.63467004,61.2956,4.97637034999931,14.3752186350901,40.7883804563501,0.338699065981797,0.114706630136803,6.01808821544289,-4.62808821544289,7.765,0.352954545454546,7.17,112.73227,1.86967160334836,0.440699935
12,DEH1.2020,-75.46570343,38.62902503,146,2020-05-25,12,17.29,23.96,11.01,14.44,31.43,16.38,14.25,7.73,1.03,0.02,0.89,5.46,10.17,84.56,0.71,0.71,0,2.18,-4.57,0.500331289,14.541,40.868,5.07,62.68703976,63.6884,5.77071660748032,14.3980569077475,40.8684376985685,0.500331289460822,0.126235396769185,7.09203186777451,-6.20203186777451,9.485,0.431136363636364,12.95,137.921385,1.53305218766473,0.447079237
13,DEH1.2020,-75.46570343,38.62902503,147,2020-05-26,13,19,25.92,12.4,15.98,31.64,20.24,14.81,9.4,1.23,0.03,0.07,6.6,11.23,84.05,0.71,0.7,0,1.75,-6.53,0.576798393,14.564,40.945,5.268,65.480655,65.9528,7.12814902643024,14.4201635749549,40.9452874336512,0.57679839326951,0.138392197290487,8.88645660339933,-8.81645660339933,11.16,0.507272727272727,13.52,162.53424,1.30501792114695,0.494736842
14,DEH1.2020,-75.46570343,38.62902503,148,2020-05-27,14,20.08,25.81,13.89,17.13,32.6,20.96,15.14,9.72,1.29,0.03,0.52,6.14,12.04,84.28,0.7,0.69,0,2.48,-5.62,0.50178222,14.586,41.019,5.384,67.26694976,67.4468,7.37938235474674,14.441525109081,41.0189297335477,0.501782219951312,0.143680730654912,9.25227664114809,-8.7322766411481,11.85,0.538636363636364,11.92,172.8441,1.23088607594937,0.484063745
15,DEH1.2020,-75.46570343,38.62902503,149,2020-05-28,15,21.46,26.17,17.85,19.34,34.51,16.02,4.12,7.88,1.09,0.03,1.94,4.26,13.87,88.24,0.69,0.68,0,4.92,-2.32,0.475531906,14.608,41.089,1.465,69.81122096,69.6224,5.63852214799167,14.4621282415972,41.0893649700229,0.475531906451643,0.161355323225187,7.18283238875912,-5.24283238875912,14.01,0.636818181818182,8.32,204.65808,1.04268379728765,0.367194781
16,DEH1.2020,-75.46570343,38.62902503,150,2020-05-29,16,22.57,26.2,19.68,20.65,34.91,16.35,5.73,7.87,1.07,0.03,0.45,2.51,15.07,89.18,0.68,0.68,0,4.26,-2.06,0.412822624,14.628,41.157,2.037,71.75560674,71.204,5.75314971502695,14.4819599892785,41.1565937883115,0.412822624175599,0.169512073509489,7.37616353756571,-6.92616353756571,14.94,0.679090909090909,6.52,218.54232,0.979116465863454,0.348692955
17,DEH1.2020,-75.46570343,38.62902503,151,2020-05-30,17,23.31,27.81,18.2,17.08,32.51,24.76,21.73,11.48,1.5,0.04,0.06,7.31,12.24,70.74,0.68,0.66,0,2.43,-7.25,0.966594323,14.648,41.221,7.722,71.38987906,70.6588,8.71032448284675,14.5010076804704,41.2206170821206,0.966594323196782,0.170094946166779,11.1749518397457,-11.1149518397457,15.005,0.682045454545455,9.61,219.79324,0.97620793068977,0.492492492
18,DEH1.2020,-75.46570343,38.62902503,152,2020-05-31,18,18.21,22.56,13.15,9.42,27.91,30.01,34.72,13.33,1.71,0.04,0,6.29,7.33,59.11,0.67,0.64,0,3.81,-6.29,0.942956536,14.667,41.281,12.336,63.25366169,62.8012,10.5549371476903,14.5192589813218,41.2814359699731,0.9429565362943,0.128839769104531,13.0349721442784,-13.0349721442784,9.855,0.447954545454546,9.41,144.543285,1.4882800608828,0.732015376
19,DEH1.2020,-75.46570343,38.62902503,153,2020-06-01,19,16.49,21.77,11,7.38,26.23,29.94,34.96,13.08,1.64,0.03,0.04,5.31,6.33,57.64,0.66,0.63,0,2.96,-5.27,0.931570321,14.686,41.339,12.42,60.82416764,60.3468,10.5282737962268,14.5367019218851,41.3390517728767,0.931570321130902,0.118754704086099,12.8355197305319,-12.7955197305319,8.385,0.381136363636364,10.77,123.14211,1.75146094215862,0.793208005
20,DEH1.2020,-75.46570343,38.62902503,154,2020-06-02,20,18.81,23.76,13.96,13.18,31.05,16.7,3.67,7.9,1.07,0.02,0.3,3.09,9.38,71.79,0.65,0.62,0,3.1,-2.79,0.752308806,14.703,41.393,1.304,64.63879201,64.7548,5.87147078324751,14.5533249219763,41.3934659932991,0.752308805553095,0.136144782984941,7.31458294608393,-7.01458294608393,10.86,0.493636363636364,9.8,159.67458,1.35386740331492,0.419989367
21,DEH1.2020,-75.46570343,38.62902503,155,2020-06-03,21,25.5,32.09,19.23,18.83,33.55,21.58,9.99,9.91,1.26,0.03,0.97,6.49,13.57,68.56,0.64,0.61,0,3.85,-5.52,1.329826822,14.72,41.445,3.548,74.458892,73.4788,7.58605299071098,14.5691168166898,41.4446802954245,1.32982682221295,0.195392667503993,9.89611186191672,-8.92611186191672,17.66,0.802727272727273,12.86,259.9552,0.83352208380521,0.388627451
22,DEH1.2020,-75.46570343,38.62902503,156,2020-06-04,22,25.44,31.24,19.83,19.77,33.82,26.61,26.09,12.22,1.56,0.04,4.19,4.83,14.39,72.22,0.64,0.61,0,2.09,-0.64,1.128831637,14.736,41.493,9.266,74.76798032,73.7572,9.35301999088832,14.5840668814592,41.4926964866639,1.12883163682506,0.194134390986744,12.1942257917936,-8.00422579179361,17.535,0.797045454545454,11.41,258.39576,0.840376390076989,0.480345912
23,DEH1.2020,-75.46570343,38.62902503,157,2020-06-05,23,24.81,29.92,21.26,20.45,34.56,23.82,19.42,11.12,1.44,0.03,1.17,5.26,14.91,78.51,0.63,0.6,0,4.1,-4.09,0.971070391,14.751,41.538,6.896,74.45271769,73.372,8.37142699371333,14.5981648565549,41.5375165003851,0.971070391167551,0.194687189477919,10.9190546519705,-9.7490546519705,17.59,0.799545454545455,8.66,259.47009,0.838601478112564,0.448206368
24,DEH1.2020,-75.46570343,38.62902503,158,2020-06-06,24,25.5,31.54,20.51,20.75,34.62,25.49,18.81,11.76,1.51,0.04,1.44,4.22,15.27,77.32,0.63,0.59,0,2.31,-2.78,1.073742102,14.765,41.579,6.68,75.417674,74.17,8.95748660100143,14.6114009709084,41.5791423798296,1.07374210207365,0.199106200618562,11.7127367792215,-10.2727367792215,18.025,0.819318181818182,11.03,266.139125,0.819140083217753,0.461176471
25,DEH1.2020,-75.46570343,38.62902503,159,2020-06-07,25,22.42,27.53,18.05,14.11,29.8,30.26,36.41,13.55,1.72,0.04,0.05,5.08,10.05,63.21,0.62,0.57,0,2.71,-5.03,1.264006157,14.779,41.618,12.93,69.45113518,68.6996,10.6328911445313,14.6237659651551,41.6175762631771,1.26400615733434,0.168173413061301,13.6382508198741,-13.5882508198741,14.79,0.672272727272727,9.48,218.58141,0.999256254225828,0.604371097
26,DEH1.2020,-75.46570343,38.62902503,160,2020-06-08,26,21.37,27.76,14.41,12.03,28.86,29.81,37.07,13.37,1.7,0.04,0,4.47,8.74,60.41,0.61,0.56,0,1.9,-4.47,1.279150833,14.791,41.653,13.164,67.75159083,66.9008,10.4741247250367,14.6352511137867,41.6528203697184,1.27915083272977,0.153573771937062,13.2797943664693,-13.2797943664693,13.085,0.594772727272727,13.35,193.540235,1.1303782957585,0.625643425
27,DEH1.2020,-75.46570343,38.62902503,161,2020-06-09,27,23.77,30.87,15.55,16.98,30.94,29.96,36.73,13.58,1.72,0.04,0.01,4.33,12.09,70.43,0.6,0.55,0,2.29,-4.32,1.177749884,14.803,41.685,13.043,72.05600889,71.0828,10.5263502059804,14.6458482463082,41.6848769870968,1.17774988368385,0.171944327958948,13.5396478160009,-13.5296478160009,15.21,0.691363636363636,15.32,225.15363,0.973241288625904,0.571308372
28,DEH1.2020,-75.46570343,38.62902503,162,2020-06-10,28,26.39,31.78,21.06,21.97,34.72,26.39,25.34,12.2,1.55,0.04,0.09,3.14,16.36,78.25,0.59,0.55,0,4.68,-3.05,0.956952313,14.813,41.714,8.998,76.92982325,75.4992,9.27176225204911,14.6555497672973,41.7137484595768,0.956952312903762,0.203191704673452,12.1522298440334,-12.0622298440334,18.42,0.837272727272728,10.72,272.85546,0.804180238870793,0.462296324
29,DEH1.2020,-75.46570343,38.62902503,163,2020-06-11,29,25.52,30.75,22.7,21.83,36.59,11.53,3.28,5.83,0.83,0.02,13.63,1.95,16.19,80.99,0.59,0.58,0,4.62,11.68,0.977261976,14.823,41.739,1.165,75.85159152,74.5788,4.050843798099,14.6643486752647,41.7394371772984,0.977261976062895,0.206394386442871,5.31800844359513,8.31199155640487,18.725,0.851136363636364,8.05,277.560675,0.791615487316422,0.228448276
30,DEH1.2020,-75.46570343,38.62902503,164,2020-06-12,30,24.79,30.3,19.74,15.72,31.59,28.28,28.15,12.82,1.65,0.04,8.58,5.81,11.21,62.13,0.62,0.61,0,1.82,2.77,1.522697161,14.832,41.762,9.998,72.74331673,71.6492,9.93562204587029,14.6722385802237,41.7619455664773,1.52269716086447,0.189022005181533,12.9215658566981,-4.34156585669806,17.02,0.773636363636364,10.56,252.44064,0.87144535840188,0.51714401
31,DEH1.2020,-75.46570343,38.62902503,165,2020-06-13,31,21.12,26.81,15.33,11.87,28.47,30.6,38.69,13.73,1.74,0.04,0,4.5,8.56,58.42,0.61,0.57,0,3.09,-4.5,1.243226804,14.84,41.781,13.742,67.26806096,66.5932,10.7508430083051,14.679213719877,41.781276080512,1.24322680433676,0.153450246978802,13.6302603874802,-13.6302603874802,13.07,0.594090909090909,11.48,193.9588,1.1354246365723,0.650094697
32,DEH1.2020,-75.46570343,38.62902503,166,2020-06-14,32,19.04,25.01,14.21,12.07,28.69,29.94,35.84,13.57,1.72,0.04,0,3.31,8.6,66.6,0.6,0.55,0,3.16,-3.31,0.98600982,14.847,41.797,12.731,64.7524336,64.5852,10.5192338512964,14.6852689743387,41.7974311919603,0.986009820203428,0.141822176058063,13.1918442801983,-13.1918442801983,11.61,0.527727272727273,10.8,172.37367,1.27881136950904,0.712710084
33,DEH1.2020,-75.46570343,38.62902503,167,2020-06-15,33,18.28,22.45,15,12.54,30.84,19.31,5.38,9.07,1.24,0.03,0.09,1.62,8.87,70.7,0.6,0.55,0,4.52,-1.53,0.758016975,14.853,41.81,1.911,63.7914204,63.9944,6.78471219729535,14.6903998793141,41.8104133853515,0.758016974704268,0.135143576551014,8.4484972455499,-8.3584972455499,10.725,0.4875,7.45,159.298425,1.3848951048951,0.496170678
34,DEH1.2020,-75.46570343,38.62902503,168,2020-06-16,34,18.14,22.04,15.7,13.25,32.11,18.61,4.14,8.9,1.23,0.03,2.4,1.28,9.32,74.59,0.59,0.55,0,4.78,1.12,0.694596138,14.858,41.82,1.471,63.72234974,64.11,6.53909810626081,14.6946026376679,41.8202251508006,0.694596138374372,0.136219195652936,8.15182003105068,-5.75182003105068,10.87,0.494090909090909,6.34,161.50646,1.36688132474701,0.490628445
35,DEH1.2020,-75.46570343,38.62902503,169,2020-06-17,35,19.67,23.54,16.61,17.38,33.86,7.83,2.05,4.16,0.62,0.01,5.72,1.11,12.2,87.04,0.6,0.57,0,5.27,4.61,0.411533979,14.863,41.827,0.728,66.73554032,67.1268,2.75144559570095,14.6978741293198,41.8268689783981,0.411533979039094,0.14544180246891,3.46228590610856,2.25771409389144,12.075,0.548863636363636,6.93,179.470725,1.23089026915114,0.211489578
36,DEH1.2020,-75.46570343,38.62902503,170,2020-06-18,36,22.71,28.48,17.97,18.05,32.52,26.06,25.95,12.01,1.56,0.04,0.74,3.25,12.74,77.43,0.6,0.55,0,2.91,-2.51,0.902966666,14.866,41.83,9.222,71.03111947,70.408,9.1581243489059,14.7002119194132,41.83034735335,0.902966666439513,0.172080312063799,11.7782689496024,-11.0382689496024,15.225,0.692045454545455,10.51,226.33485,0.976420361247947,0.52884192
37,DEH1.2020,-75.46570343,38.62902503,171,2020-06-19,37,23.7,29.96,17.67,18.14,33.42,24.13,22.51,11.25,1.48,0.03,0.1,3.25,12.82,73.9,0.59,0.54,0,2.82,-3.15,1.04518261,14.868,41.831,8.001,72.268457,71.4304,8.48061992974035,14.7016142647145,41.8306627518471,1.04518261042297,0.177501475794821,10.9463653304535,-10.8463653304535,15.815,0.718863636363636,12.29,235.13742,0.940120139108441,0.474683544
38,DEH1.2020,-75.46570343,38.62902503,172,2020-06-20,38,22.4,26.36,19.71,20.02,33.58,21.71,11.06,10.25,1.37,0.03,3.13,0.88,14.46,87.25,0.59,0.55,0,2.18,2.25,0.523942145,14.87,41.828,3.932,71.31581,70.8072,7.6308585384816,14.702080118208,41.8278176376476,0.523942145316831,0.170364534222978,9.80028569013231,-6.67028569013231,15.035,0.683409090909091,6.65,223.57045,0.989025606917193,0.457589286
39,DEH1.2020,-75.46570343,38.62902503,173,2020-06-21,39,23.98,29.32,18.55,19.19,33.7,24.26,24.64,11.4,1.49,0.04,0.23,2.69,13.74,76.87,0.59,0.54,0,1.92,-2.46,0.884799199,14.87,41.822,8.761,72.98048174,72.0884,8.52811008201156,14.7016091318595,41.8218144593631,0.884799199239085,0.178621527661574,11.0134578843023,-10.7834578843023,15.935,0.724318181818182,10.77,236.95345,0.933165986821462,0.475396163
40,DEH1.2020,-75.46570343,38.62902503,174,2020-06-22,40,25.75,32.57,18.94,19.92,34.25,27.34,27.7,12.8,1.66,0.04,0.26,3.25,14.41,73.35,0.58,0.53,0,2.46,-2.99,1.222867283,14.87,41.813,9.851,75.36719875,74.1212,9.61200639099019,14.7002016575372,41.8126556484388,1.22286728282794,0.196353543587902,12.5441482513003,-12.2841482513003,17.755,0.807045454545455,13.63,264.01685,0.83751056040552,0.497087379
41,DEH1.2020,-75.46570343,38.62902503,175,2020-06-23,41,26.87,32.26,21.03,21.14,34.26,28.84,32.74,13.36,1.7,0.04,0.63,2.46,15.66,73.58,0.57,0.52,0,3.02,-1.83,1.149826329,14.868,41.8,11.645,77.11599654,75.6804,10.1407359258209,14.6978587460809,41.8003436178287,1.14982632911125,0.205550258874154,13.2963263086072,-12.6663263086072,18.645,0.8475,11.23,277.21386,0.797425583266291,0.497208783
42,DEH1.2020,-75.46570343,38.62902503,176,2020-06-24,42,26.17,30.68,21.84,17.13,32.8,29.42,34.23,13.45,1.72,0.04,1.36,2.76,12.55,62.56,0.57,0.52,0,3.46,-1.4,1.561022154,14.866,41.785,12.178,74.75985248,73.5368,10.3461969692088,14.6945821445279,41.7848807613675,1.56102215386747,0.201528399197206,13.5358561445766,-12.1758561445766,18.26,0.83,8.84,271.45316,0.814129244249726,0.513947268
43,DEH1.2020,-75.46570343,38.62902503,177,2020-06-25,43,24.86,29.78,20.6,18.67,34.5,15.89,5.93,7.65,1.04,0.03,2.98,1.66,13.37,71.52,0.56,0.52,0,2.01,1.32,1.155586746,14.863,41.766,2.11,73.81131328,72.7812,5.58896091378248,14.6903742915084,41.7662694538487,1.15558674620571,0.190696896916527,7.2674825801743,-4.2874825801743,17.19,0.781363636363636,9.18,255.49497,0.864630599185573,0.30772325
44,DEH1.2020,-75.46570343,38.62902503,178,2020-06-26,44,25.6,31.61,18.49,16.37,32.64,28.12,28.06,12.75,1.63,0.04,0.57,2.3,11.62,61.85,0.56,0.51,0,2.64,-1.73,1.527958162,14.858,41.745,9.987,73.866714,72.6932,9.8922919685368,14.6852383108362,41.7445120518208,1.52795816228365,0.189316670504686,12.8506835481369,-12.2806835481369,17.05,0.775,13.12,253.3289,0.871436950146628,0.498046875
45,DEH1.2020,-75.46570343,38.62902503,179,2020-06-27,45,28.2,34.09,21.82,19.17,35.15,24.37,21.49,11.21,1.44,0.03,0.31,2.32,13.85,61.76,0.55,0.5,0,3.18,-2.01,1.759653643,14.853,41.72,7.651,77.5524768,76.3012,8.57466213768113,14.6791780033308,41.7196108951197,1.75965364289518,0.219744491148353,11.3108724153976,-11.0008724153976,19.955,0.907045454545455,12.27,296.391615,0.744324730643949,0.39751773
46,DEH1.2020,-75.46570343,38.62902503,180,2020-06-28,46,28.04,33.59,23.18,20.81,35.46,24.58,16.73,11.55,1.52,0.04,1.02,1.67,15.38,67.83,0.55,0.5,0,2.06,-0.65,1.561419015,14.847,41.692,5.958,78.14204668,76.7316,8.6502532156379,14.672197836912,41.6915683091598,1.56141901486154,0.224579501070726,11.4322540906532,-10.4122540906532,20.385,0.926590909090909,10.41,302.656095,0.728329654157469,0.411911555
47,DEH1.2020,-75.46570343,38.62902503,181,2020-06-29,47,28.28,34.03,22.35,18.83,33.7,27.76,30.24,12.72,1.63,0.04,0.43,1.86,13.67,61.13,0.54,0.49,0,2.26,-1.43,1.840250774,14.84,41.66,10.772,77.57989836,76.2588,9.7714179492989,14.6643029350229,41.6603866080096,1.84025077415864,0.222375923345981,12.8991071475843,-12.4691071475843,20.19,0.917727272727273,11.68,299.6196,0.735017335314512,0.449787836
48,DEH1.2020,-75.46570343,38.62902503,182,2020-06-30,48,27.31,33.42,21.56,17.95,33.97,26.45,27.49,12.11,1.54,0.04,0.82,1.65,12.85,60.73,0.54,0.49,0,1.73,-0.83,1.804290885,14.832,41.626,9.795,76.15621937,74.972,9.31238447294123,14.6554990634416,41.6260680982816,1.80429088534175,0.21461466731281,12.2478204125769,-11.4278204125769,19.49,0.885909090909091,11.86,289.07568,0.761005643919959,0.443427316
49,DEH1.2020,-75.46570343,38.62902503,183,2020-07-01,49,26.5,31.53,21.68,19.78,35.63,16.16,8.57,7.78,1.05,0.02,6.92,1.33,14.39,70.07,0.54,0.52,0,0.62,5.59,1.304700867,14.823,41.589,3.054,76.1278545,74.8208,5.6908845892081,14.6457926155509,41.5886150838699,1.3047008672463,0.205129285349456,7.44879142878172,-0.528791428781723,18.605,0.845681818181818,9.85,275.781915,0.79672131147541,0.293584906
50,DEH1.2020,-75.46570343,38.62902503,184,2020-07-02,50,27.11,32.66,20.78,18.91,33.89,28.84,32.11,13.28,1.69,0.04,2.14,1.67,13.61,64.22,0.54,0.51,0,1.74,0.47,1.509166383,14.814,41.548,11.449,76.31158158,75.1176,10.1588185552348,14.6351905961433,41.5480298715718,1.50916638263894,0.206341543181951,13.3015894050531,-11.1615894050531,18.72,0.850909090909091,11.88,277.31808,0.791346153846154,0.489856142
51,DEH1.2020,-75.46570343,38.62902503,185,2020-07-03,51,29.96,36.92,22.8,18.65,35.19,27.64,27.21,12.67,1.59,0.04,0.6,1.87,13.43,55.08,0.54,0.49,0,2.14,-1.27,2.361632352,14.803,41.504,9.705,79.02810832,77.874,9.73872443999756,14.6237006038448,41.5043147776312,2.36163235223513,0.241849228339479,12.9435255824167,-12.3435255824167,21.86,0.993636363636364,14.12,323.59358,0.677172918572736,0.422897196
52,DEH1.2020,-75.46570343,38.62902503,186,2020-07-04,52,26.95,31.83,22.24,20.47,35.07,25.34,22.06,11.75,1.51,0.03,0.87,1.11,14.96,69.53,0.53,0.48,0,2.43,-0.24,1.288846306,14.791,41.457,7.871,76.73766165,75.5192,8.93086586597664,14.6113308122469,41.4574721352449,1.28884630645862,0.209692976154225,11.7065573365304,-10.8365573365304,19.035,0.865227272727273,9.59,281.546685,0.777042290517468,0.435992579
53,DEH1.2020,-75.46570343,38.62902503,187,2020-07-05,53,27.55,33.9,21.52,19.31,34.53,26.5,24.7,12.29,1.58,0.04,0.16,1.09,13.89,64.58,0.53,0.48,0,2.09,-0.93,1.688329825,14.779,41.408,8.816,76.9944321,75.7016,9.34249455942453,14.5980899498418,41.407504303073,1.68832982475255,0.217028990111997,12.2845370630378,-12.1245370630378,19.71,0.895909090909091,12.38,291.29409,0.749822425164891,0.446098004
54,DEH1.2020,-75.46570343,38.62902503,188,2020-07-06,54,27.57,33.53,23.63,22.13,35.43,24.96,19.98,11.54,1.47,0.03,16.02,1.09,16.53,75.17,0.53,0.55,0,2.96,14.93,1.384960573,14.766,41.354,7.134,78.39951531,76.7368,8.80235723671221,14.5839872788591,41.3544136747951,1.38496057279331,0.226801390025685,11.6198385908084,4.40016140919161,20.58,0.935454545454545,9.9,303.88428,0.717492711370262,0.41857091
55,DEH1.2020,-75.46570343,38.62902503,189,2020-07-07,55,27.4,32.1,23.64,22.41,35.93,19.43,11.57,9.29,1.24,0.03,12.33,2.31,16.8,76.67,0.56,0.57,0,2.54,10.02,1.140111599,14.751,41.298,4.133,78.3276942,76.6676,6.85444606444616,14.5690325731082,41.2982026897553,1.14011159877676,0.21879916277289,9.01428117214927,3.31571882785073,19.87,0.903181818181818,8.46,293.10237,0.742375440362355,0.339051095
56,DEH1.2020,-75.46570343,38.62902503,190,2020-07-08,56,27.41,33.04,22.57,21.56,34.1,28.56,31.2,13.07,1.66,0.04,0.55,2.42,16.03,74.29,0.56,0.51,0,2.36,-1.87,1.315426587,14.737,41.239,11.15,78.03789011,76.3716,10.0788499811152,14.5532360949314,41.2388738447373,1.31542658681239,0.218078572484316,13.2457499391774,-12.6957499391774,19.805,0.900227272727273,10.47,291.866285,0.744105023983843,0.476833273
57,DEH1.2020,-75.46570343,38.62902503,191,2020-07-09,57,26.38,30.29,22.46,22.47,35.52,25.51,22.97,12.03,1.56,0.04,1.79,1.17,16.9,80.27,0.55,0.51,0,2.48,0.62,0.795912409,14.721,41.176,8.212,77.15266374,75.6692,9.00585328294139,14.536608571375,41.1764297069096,0.795912409229236,0.20272273681511,11.7441696694826,-9.95416966948257,18.375,0.835227272727273,7.83,270.498375,0.801142857142857,0.456027293
58,DEH1.2020,-75.46570343,38.62902503,192,2020-07-10,58,25.65,29.01,23.44,23.31,36.45,17.26,12.38,8.4,1.11,0.03,70.92,4.4,17.86,87.35,0.65,0.75,0,3.7,66.52,0.583969198,14.704,41.111,4.428,76.76667225,75.2416,6.09572854918067,14.5191611696888,41.1108729279803,0.583969198235394,0.201166082569389,7.9396564836052,62.9803435163948,18.225,0.828409090909091,5.57,267.9804,0.806803840877915,0.32748538
59,DEH1.2020,-75.46570343,38.62902503,193,2020-07-11,59,27.35,31.05,24.18,23.11,36.27,22.43,18.84,10.64,1.4,0.04,3.12,8.98,17.69,78.88,0.66,0.65,0,2.92,-5.86,0.932637788,14.687,41.042,6.742,78.5316032,76.8696,7.9248982787514,14.5009054722623,41.0422062595973,0.932637788228682,0.215983656363765,10.3928751902326,-7.27287519023265,19.615,0.891590909090909,6.87,288.085505,0.748763701249044,0.389031079
60,DEH1.2020,-75.46570343,38.62902503,194,2020-07-12,60,26.58,31.24,21.26,20.13,34.75,28.16,30.2,12.98,1.66,0.04,0.36,9.43,14.75,70.4,0.65,0.62,0,1.9,-9.07,1.183468727,14.668,40.97,10.812,76.2877968,75.0268,9.9537390162081,14.4818534511078,40.9704325700264,1.18346872730676,0.201424824172533,12.9554427471656,-12.5954427471656,18.25,0.829545454545455,9.98,267.691,0.80372602739726,0.488337096
61,DEH1.2020,-75.46570343,38.62902503,195,2020-07-13,61,25.65,30.05,21.71,20.56,34.77,23.89,20.88,11.27,1.48,0.04,1.57,4.43,15.1,75.47,0.64,0.61,0,1.48,-2.86,1.005791432,14.649,40.896,7.479,75.44876445,74.2516,8.44829218857736,14.4620174419984,40.8955548621384,1.00579143224676,0.197623912286135,10.9687973178387,-9.39879731783866,17.88,0.812727272727273,8.34,261.92412,0.819295302013423,0.439376218
62,DEH1.2020,-75.46570343,38.62902503,196,2020-07-14,62,26.24,31.06,21.13,18.19,34.01,28.4,32.67,13.11,1.67,0.04,0.26,7.24,12.99,64.25,0.63,0.59,0,1.51,-6.98,1.418625064,14.63,40.818,11.71,75.057258,73.9884,10.0480254981405,14.4414101183675,40.8175762927289,1.41862506386459,0.19982513038809,13.0548775077986,-12.7948775077986,18.095,0.8225,9.93,264.72985,0.808510638297872,0.499618902
63,DEH1.2020,-75.46570343,38.62902503,197,2020-07-15,63,25.76,31.6,20.73,19.23,33.89,24.17,22.57,10.87,1.35,0.03,0.74,6.45,13.77,70.31,0.62,0.58,0,1.86,-5.71,1.318037955,14.609,40.737,8.094,75.04200744,73.8828,8.55577855407169,14.4200444650748,40.7365001931931,1.3180379546184,0.20054624364244,11.1146654939507,-10.3746654939507,18.165,0.825681818181818,10.87,265.372485,0.804238921001927,0.42197205
64,DEH1.2020,-75.46570343,38.62902503,198,2020-07-16,64,24.6,29.36,20.56,19.75,35.1,20.32,17.33,9.43,1.23,0.03,0.42,5.01,14.14,76.43,0.61,0.57,0,2.93,-4.59,0.9528045,14.588,40.652,6.219,73.9102722,72.91,7.19678338694172,14.39793375214,40.6523300915703,0.952804500002017,0.188433833486493,9.2812982924863,-8.8612982924863,16.96,0.770909090909091,8.8,247.41248,0.860141509433962,0.383333333
65,DEH1.2020,-75.46570343,38.62902503,199,2020-07-17,65,27.54,32.55,22,23.16,36.66,20.48,12.09,9.77,1.29,0.03,1.32,4.32,17.54,78.8,0.6,0.56,0,3,-3,0.937475537,14.566,40.565,4.341,78.8235048,77.0776,7.25752170552529,14.375091508542,40.5650697359688,0.937475536983575,0.212277067924019,9.47302465192383,-8.15302465192383,19.275,0.876136363636364,10.55,280.75965,0.755693904020752,0.354756718
66,DEH1.2020,-75.46570343,38.62902503,200,2020-07-18,66,29.19,34.73,24.16,22.11,36.76,26.61,26.27,12.41,1.59,0.04,0.99,5.36,16.66,70.2,0.6,0.55,0,1.1,-4.37,1.614241462,14.543,40.475,9.439,80.1917662,78.3496,9.43537654320678,14.3515314961798,40.4747231193753,1.61424146233954,0.236881341391609,12.4379527666585,-11.4479527666585,21.445,0.974772727272727,10.57,311.874635,0.678153415714619,0.425145598
67,DEH1.2020,-75.46570343,38.62902503,201,2020-07-19,67,28.7,34.12,22.68,23.48,36.55,25.44,22.65,11.78,1.51,0.04,1.38,3.44,18.04,75.83,0.59,0.54,0,1.86,-2.06,1.163129656,14.52,40.381,8.144,80.2488879,78.3528,9.02610216793004,14.3272676840819,40.3812945058465,1.16312965554351,0.224749763979698,11.8330974817264,-10.4530974817264,20.4,0.927272727272727,11.44,296.208,0.711764705882353,0.410452962
68,DEH1.2020,-75.46570343,38.62902503,202,2020-07-20,68,29.64,34.31,25.73,23.29,37.34,24.66,20.34,11.63,1.48,0.04,1.18,2.71,17.82,70.91,0.59,0.54,0,2.34,-1.53,1.500817603,14.496,40.285,7.319,80.97581676,79.2244,8.75504333614878,14.3023142229533,40.2847884580744,1.50081760253364,0.243787756920766,11.5562074687972,-10.3762074687972,22.02,1,8.58,319.20192,0.658310626702997,0.392375169
69,DEH1.2020,-75.46570343,38.62902503,203,2020-07-21,69,29.47,33.86,26.11,24.58,37.16,25.93,27.34,12.27,1.57,0.04,5.72,2.27,19.2,76.86,0.59,0.56,0,1.17,3.45,1.241220148,14.471,40.185,9.845,81.60385558,79.5188,9.21220653508445,14.2766854201375,40.1852098663104,1.2412201482645,0.243362594039294,12.149479931155,-6.42947993115496,21.985,0.999318181818182,7.75,318.144935,0.658221514669093,0.416355616
70,DEH1.2020,-75.46570343,38.62902503,204,2020-07-22,70,27.99,31.99,25.22,24.36,36.88,24.94,21.55,11.73,1.51,0.04,5.79,2.07,18.9,82.02,0.59,0.57,0,1.4,3.72,0.931772928,14.446,40.083,7.767,79.97086402,77.9596,8.86681973047883,14.2503957150703,40.0825639786251,0.931772928074036,0.227087578006438,11.6119096220838,-5.82190962208378,20.605,0.936590909090909,6.77,297.65983,0.70109196796894,0.419078242
71,DEH1.2020,-75.46570343,38.62902503,205,2020-07-23,71,27.84,32.05,24.52,23.63,36.6,24.06,20.78,11.43,1.49,0.04,2.87,2.6,18.07,79.42,0.6,0.56,0,1.81,0.27,1.004955518,14.42,39.977,7.495,79.38276272,77.5468,8.56036391666847,14.2234596552947,39.9768564324745,1.00495551772514,0.223447181336602,11.1850001841471,-8.31500018414712,20.285,0.922045454545454,7.53,292.5097,0.710870101059897,0.410560345
72,DEH1.2020,-75.46570343,38.62902503,206,2020-07-24,72,26.3,29.18,24.01,22.78,36.12,14.78,4.78,7.16,0.96,0.02,13.68,1.95,17.15,81.58,0.61,0.61,0,0.9,11.73,0.744326901,14.393,39.868,1.726,77.1780446,75.7008,5.26273680487318,14.1958918731009,39.8680932875357,0.744326900610666,0.205024155369304,6.81233305734324,6.86766694265676,18.595,0.845227272727273,5.17,267.637835,0.774025275611724,0.272243346
73,DEH1.2020,-75.46570343,38.62902503,207,2020-07-25,73,26.76,31.71,21.49,22.28,35.52,24.83,23.67,11.7,1.5,0.04,5.57,5.47,16.6,78.03,0.62,0.59,0,1.34,0.1,0.930707807,14.366,39.756,8.553,77.48932972,75.9808,8.84851794466657,14.1677070628505,39.7562810597696,0.930707806847546,0.205076714692229,11.4448385124131,-5.87483851241309,18.6,0.845454545454546,10.22,267.2076,0.77236559139785,0.437219731
74,DEH1.2020,-75.46570343,38.62902503,208,2020-07-26,74,28.6,34.02,23.4,21.42,35.86,26.41,26.79,12.12,1.51,0.04,1.86,6.22,15.86,67.89,0.61,0.57,0,2,-4.36,1.549713907,14.338,39.641,9.69,78.9801046,77.5112,9.41966287970371,14.1389199590371,39.6414267566563,1.54971390706364,0.228292881359033,12.3024586112073,-10.4424586112073,20.71,0.941363636363636,10.62,296.93998,0.692322549492999,0.423776224
75,DEH1.2020,-75.46570343,38.62902503,209,2020-07-27,75,29.35,34.57,24.04,21.13,36.46,26.68,29.04,12.45,1.58,0.04,0.01,5.68,15.65,64.34,0.6,0.55,0,2.44,-5.67,1.733763462,14.31,39.524,10.514,79.5678321,78.1568,9.52451852440666,14.1095453151305,39.5235379135485,1.73376346223373,0.235224866921262,12.4627055493635,-12.4527055493635,21.305,0.968409090909091,10.53,304.87455,0.671673316122976,0.424190801
76,DEH1.2020,-75.46570343,38.62902503,210,2020-07-28,76,29.89,35.17,24.84,22.94,36.76,26.72,29.76,12.64,1.61,0.04,1.59,4.8,17.47,69.25,0.59,0.54,0,2.39,-3.21,1.60740933,14.281,39.403,10.786,81.09998675,79.3484,9.54776180668932,14.0795978832473,39.4026226310748,1.60740932974621,0.243605468038738,12.5207393760971,-10.9307393760971,22.005,1,10.33,314.253405,0.64898886616678,0.422883908
77,DEH1.2020,-75.46570343,38.62902503,211,2020-07-29,77,28.65,34.03,24.44,20.47,35.91,26.47,29.99,12.35,1.57,0.04,1.45,4.43,15.16,65.8,0.58,0.54,0,1.9,-2.98,1.78865156,14.251,39.279,10.881,78.760283,77.2192,9.46771593824254,14.0490923946818,39.2786896135223,1.78865156024938,0.234400282083474,12.3606385555698,-10.9106385555698,21.235,0.965227272727273,9.59,302.619985,0.671109018130445,0.431064572
78,DEH1.2020,-75.46570343,38.62902503,212,2020-07-30,78,29.03,34.3,24.31,22.43,36,25.55,24.72,11.81,1.5,0.04,2.31,3.35,16.95,70.78,0.58,0.52,0,1.94,-1.04,1.510250418,14.221,39.152,8.979,80.03471966,78.3048,9.14802094090635,14.0180435413293,39.1517482081188,1.51025041798969,0.235224866921262,11.9348623233223,-9.62486232332229,21.305,0.968409090909091,9.99,302.978405,0.667495892982868,0.40682053
79,DEH1.2020,-75.46570343,38.62902503,213,2020-07-31,79,26.02,28.97,22.9,23.24,37.41,8.05,1.04,4.17,0.58,0.01,18.2,1.97,17.86,85.46,0.59,0.59,0,3.06,16.23,0.545116861,14.191,39.022,0.378,77.16974508,75.5864,2.8853365707137,13.986465958027,39.0218084451296,0.54511686080946,0.198185062302173,3.69717650506959,14.5028234949304,17.935,0.815227272727273,6.07,254.515585,0.791246166713131,0.160261337
80,DEH1.2020,-75.46570343,38.62902503,214,2020-08-01,80,26.39,31.6,21.95,21.95,36,22.47,18.94,10.67,1.39,0.04,1.38,4.13,16.37,78.39,0.6,0.57,0,2.11,-2.75,1.006199733,14.16,38.889,6.896,76.94637979,75.492,8.06283903542193,13.9543742058319,38.8888810786775,1.00619973278924,0.206923445420405,10.3666145792037,-8.98661457920374,18.775,0.853409090909091,9.65,265.854,0.754194407456724,0.404319818
81,DEH1.2020,-75.46570343,38.62902503,215,2020-08-02,81,28.16,31.48,24.85,23.95,36.22,22.46,17.3,10.57,1.36,0.03,2.09,2.56,18.5,79.05,0.6,0.56,0,3.89,-0.47,0.903202556,14.129,38.753,6.307,79.8433252,77.982,8.0686249120113,13.921782756252,38.7529776281888,0.903202556356423,0.222094731541422,10.4351114069077,-8.34511140690769,20.165,0.916590909090909,6.63,284.911285,0.700669476816266,0.375355114
82,DEH1.2020,-75.46570343,38.62902503,216,2020-08-03,82,27.01,31.73,23.44,22.83,36.37,18.16,10.95,8.71,1.16,0.03,3.61,2.75,17.23,79.21,0.59,0.55,0,3.04,0.86,1.003181815,14.097,38.614,3.998,78.03174479,76.4288,6.53178068292808,13.8887059764414,38.6141104203626,1.00318181496134,0.215654431467332,8.41311561668206,-4.80311561668206,19.585,0.890227272727273,8.29,276.089745,0.719785550165943,0.322473158
83,DEH1.2020,-75.46570343,38.62902503,217,2020-08-04,83,25.87,29.19,23.57,22.6,35.69,17.09,15.02,8.24,1.09,0.03,37.31,5.71,17.1,82.89,0.64,0.68,0,5.5,31.6,0.73661341,14.064,38.472,5.491,76.63063657,75.206,6.15468005661218,13.8551581153646,38.4722926315554,0.736613409539388,0.202774799339096,7.86802207837584,29.4419779216242,18.38,0.835454545454546,5.62,258.49632,0.765179542981502,0.318515655
84,DEH1.2020,-75.46570343,38.62902503,218,2020-08-05,84,27.2,31.88,22.7,21.2,35.24,24.21,23.72,11.34,1.46,0.04,1.51,8.11,15.64,72.41,0.65,0.62,0,1.18,-6.6,1.222982124,14.032,38.328,8.684,77.4759348,76.032,8.73027947394975,13.8211532909341,38.3275383304688,1.2229821241068,0.212439458604954,11.1991943784892,-9.68919437848924,19.29,0.876818181818182,9.18,270.67728,0.727423535510627,0.416911765
85,DEH1.2020,-75.46570343,38.62902503,219,2020-08-06,85,25.93,29.66,23.19,23.39,36.21,13.34,7.56,6.48,0.88,0.02,17.32,4.29,17.79,86.57,0.65,0.67,0,1.65,13.03,0.625035611,13.998,38.18,2.772,77.14691499,75.5504,4.81705901839792,13.7867054781179,38.1798625210244,0.625035611158769,0.203243868511914,6.14304978479875,11.1769502152013,18.425,0.8375,6.47,257.91315,0.759728629579376,0.249903587
86,DEH1.2020,-75.46570343,38.62902503,220,2020-08-07,86,25.13,28.66,22.2,22.56,35.84,19.27,13.86,9.21,1.23,0.03,19.28,6.1,16.9,86.38,0.68,0.71,0,1.39,13.18,0.566436493,13.965,38.029,5.09,75.79318106,74.4516,6.96825516804994,13.7518284980132,38.0292811853033,0.566436492538643,0.193082718012649,8.82539769724839,10.4546023027516,17.43,0.792272727272727,6.46,243.40995,0.801204819277108,0.36649423
87,DEH1.2020,-75.46570343,38.62902503,221,2020-08-08,87,25.02,29.33,21.62,21.95,35.33,20.96,19.9,9.96,1.3,0.03,2.29,8.35,16.26,84.01,0.68,0.68,0,1.13,-6.06,0.697099814,13.931,37.876,7.319,75.36187898,74.122,7.59055937435374,13.716536007876,37.8758113264293,0.697099814399439,0.193532846024243,9.60183148318195,-7.31183148318195,17.475,0.794318181818182,7.71,243.444225,0.797195994277539,0.398081535
88,DEH1.2020,-75.46570343,38.62902503,222,2020-08-09,88,25.63,30.74,21.15,21.54,33.92,24.87,28.07,11.53,1.46,0.03,0.02,9.83,15.85,79.56,0.67,0.65,0,1.44,-9.81,0.897533343,13.897,37.719,10.342,75.87053572,74.5844,9.0203419821776,13.6808414920974,37.7194710112668,0.897533342737194,0.198287233533443,11.422836114145,-11.402836114145,17.945,0.815681818181818,9.59,249.381665,0.774421844524937,0.449863441
89,DEH1.2020,-75.46570343,38.62902503,223,2020-08-10,89,26.38,31.17,21.96,22.73,34.26,24.6,26.99,11.36,1.43,0.03,0.78,8.59,17.09,81.78,0.66,0.63,0,1.83,-7.81,0.822963873,13.862,37.56,9.961,77.33108836,75.7628,8.93659627400562,13.6447582541095,37.5602794128062,0.822963872532252,0.204709037343859,11.3367198388783,-10.5567198388783,18.565,0.843863636363636,9.21,257.34803,0.746673848639914,0.430629265
90,DEH1.2020,-75.46570343,38.62902503,224,2020-08-11,90,27.01,31.22,23.21,23.59,35.36,22.91,23.81,10.73,1.36,0.03,1.34,7.24,18.07,82.95,0.65,0.62,0,2.51,-5.9,0.78594911,13.827,37.398,8.803,78.49699705,76.7024,8.33638157783265,13.6082994092071,37.3982568521041,0.785949110117466,0.211628548429719,10.5937671481862,-9.25376714818615,19.215,0.873409090909091,8.01,265.685805,0.719594067135051,0.397260274
91,DEH1.2020,-75.46570343,38.62902503,225,2020-08-12,91,26.59,29.47,24.21,24.58,36.5,17.99,15.56,8.6,1.12,0.03,5.83,2.18,19.14,89.19,0.65,0.63,0,1.55,3.65,0.4793501,13.791,37.233,5.763,78.56219479,76.6388,6.55730403747253,13.5714778782635,37.233424839649,0.47935010042757,0.207612926995023,8.30257861048508,-2.47257861048508,18.84,0.856363636363636,5.26,259.82244,0.732006369426752,0.323429861
92,DEH1.2020,-75.46570343,38.62902503,226,2020-08-13,92,25.88,29.66,23.61,23.93,36.48,11.53,3.1,5.79,0.82,0.02,15,3.6,18.4,89.53,0.66,0.68,0,1.59,11.4,0.566475043,13.756,37.066,1.15,77.39867036,75.6948,4.21009466514035,13.5343063823215,37.0658061160162,0.566475043074725,0.205444947421425,5.31548316251974,9.68451683748026,18.635,0.847045454545454,6.05,256.34306,0.738180842500671,0.223724884
93,DEH1.2020,-75.46570343,38.62902503,227,2020-08-14,93,25.24,29.1,21.93,22.62,35.99,15.17,8.59,7.32,0.99,0.03,4.93,6.8,17.04,86.18,0.67,0.67,0,2.65,-1.87,0.585249128,13.72,36.895,3.194,75.95497368,74.5832,5.54937146938872,13.4967974380355,36.8954246916817,0.585249127870725,0.193933701316742,6.95098160805537,-2.02098160805537,17.515,0.796136363636364,7.17,240.3058,0.783328575506709,0.290015848
94,DEH1.2020,-75.46570343,38.62902503,228,2020-08-15,94,23.41,27.03,21.14,20.32,35.18,9.39,0.53,4.78,0.68,0.02,4.89,4.93,14.78,83.67,0.67,0.66,0,3.25,-0.04,0.655021762,13.683,36.722,0.197,72.68856553,71.9252,3.44149592039043,13.4589633539419,36.7223058858594,0.655021762118109,0.180029967596634,4.26673736025548,0.623262639744521,16.085,0.731136363636364,5.89,220.091055,0.850668324525956,0.204186245
95,DEH1.2020,-75.46570343,38.62902503,229,2020-08-16,95,22.21,24.88,19.67,20.32,34.98,9.7,4.23,4.93,0.69,0.02,19.73,3.9,14.81,89.31,0.69,0.73,0,4.71,15.83,0.333058352,13.647,36.546,1.58,71.15616349,70.7252,3.5620921729807,13.4208162275313,36.5464763642317,0.333058352375678,0.163645044145477,4.35694834805466,15.3730516519453,14.275,0.648863636363636,5.21,194.810925,0.956007005253941,0.221972085
96,DEH1.2020,-75.46570343,38.62902503,230,2020-08-17,96,22.79,28.12,17.96,19.4,33.01,24.08,26.86,11.14,1.41,0.03,1.12,9.49,13.96,82.77,0.69,0.69,0,1.72,-8.37,0.67975945,13.61,36.368,10.052,71.59844017,70.974,8.86074949137221,13.3823679430969,36.3679641754402,0.679759449767718,0.170409500601306,10.8704960859557,-9.7504960859557,15.04,0.683636363636364,10.16,204.6944,0.904920212765957,0.488810882
97,DEH1.2020,-75.46570343,38.62902503,231,2020-08-18,97,24.06,28.75,19.54,18.71,32.72,24.53,29.45,11.31,1.44,0.03,1.54,9.69,13.42,74.13,0.68,0.68,0,1.7,-8.15,0.952362791,13.573,36.187,11.046,72.84533122,71.9956,9.04526675631205,13.3436301703317,36.1867987862076,0.952362791012934,0.180595959226638,11.1502839570417,-9.6102839570417,16.145,0.733863636363636,9.21,219.136085,0.840693713223909,0.470074813
98,DEH1.2020,-75.46570343,38.62902503,232,2020-08-19,98,23.58,27.39,19.98,20.16,34.47,13.42,8.22,6.5,0.88,0.02,17.06,6.83,14.67,81.96,0.69,0.72,0,1.53,10.23,0.629998822,13.535,36.003,3.09,72.81242632,72.0376,4.95924977469246,13.3046143636467,36.0030111149646,0.629998821941193,0.17629477564115,6.08297158836862,10.9770284116314,15.685,0.712954545454546,7.41,212.296475,0.862926362766975,0.275657337
99,DEH1.2020,-75.46570343,38.62902503,233,2020-08-20,99,22.44,27.04,18.88,19.16,32.47,22.04,21.78,10.13,1.29,0.03,0.59,8.21,13.71,83.05,0.69,0.69,0,2.18,-7.62,0.657910962,13.497,35.817,8.207,71.0503058,70.5376,8.16290876464564,13.2653317621821,35.816633563855,0.657910962193417,0.169691239131418,9.94444414546577,-9.35444414546577,14.96,0.68,8.16,201.91512,0.902205882352941,0.451426025
100,DEH1.2020,-75.46570343,38.62902503,234,2020-08-21,100,23.34,27.48,18.7,20.09,33.91,18.61,7.74,8.75,1.13,0.03,0.13,6.08,14.57,82.91,0.68,0.68,0,1.48,-5.95,0.560432921,13.46,35.628,2.924,72.50695206,71.7724,6.90844524508687,13.225793390483,35.627700048999,0.560432920618781,0.170859715497416,8.40385852995478,-8.27385852995478,15.09,0.685909090909091,8.78,203.1114,0.891981444665341,0.374892888
101,DEH1.2020,-75.46570343,38.62902503,235,2020-08-22,101,24.13,27.2,21.94,21.22,35.25,13.28,1.14,6.46,0.87,0.02,2.82,3.3,15.61,84.61,0.68,0.68,0,1.24,-0.48,0.600000903,13.421,35.436,0.432,73.95829907,72.9692,4.94155654782102,13.1860100598105,35.4362460288952,0.600000902870582,0.184648174870446,6.0518951146956,-3.2318951146956,16.57,0.753181818181818,5.26,222.38597,0.809957754978878,0.267716535
102,DEH1.2020,-75.46570343,38.62902503,236,2020-08-23,102,26.05,30.03,22.18,23.43,35.24,20.39,20.21,9.59,1.24,0.03,5.14,7.15,17.86,86.27,0.68,0.68,0,1.76,-2.01,0.578365031,13.383,35.242,7.675,77.31249165,75.6848,7.60582367045871,13.1459923700606,35.2423085308482,0.578365031428566,0.199928012762283,9.37336087118318,-4.23336087118318,18.105,0.822954545454546,7.85,242.299215,0.739188069594035,0.368138196
103,DEH1.2020,-75.46570343,38.62902503,237,2020-08-24,103,26.73,30.7,23.5,23.83,35.47,19.88,13.67,9.39,1.22,0.03,3.18,7.14,18.3,85.04,0.68,0.67,0,2.54,-3.96,0.702351411,13.344,35.046,5.205,78.29446008,76.5088,7.43431127647853,13.1057507122612,35.0459261753116,0.702351410735612,0.21039020828735,9.18723562093508,-6.00723562093508,19.1,0.868181818181818,7.2,254.8704,0.698638743455497,0.351290685
104,DEH1.2020,-75.46570343,38.62902503,238,2020-08-25,104,27.08,30.69,23.53,23.67,35.17,22.11,22.15,10.19,1.26,0.03,2.33,7.92,18.19,82.67,0.67,0.66,0,3.34,-5.59,0.731992918,13.306,34.847,8.458,78.57615564,76.8012,8.28973870175798,13.0652952716209,34.8471391980397,0.731992917822653,0.210497647592901,10.2183227551984,-7.8883227551984,19.11,0.868636363636364,7.16,254.27766,0.696284667713239,0.376292467
1,IAH4.2021,-93.6944446,41.9983322,118,2021-04-28,1,14.11,19.29,9.66,9.19,30.98,13.67,2.51,6.58,0.89,0.02,0.36,0.82,7.45,73.35,0.45,0.48,0,3.59,-0.46,0.555966335,13.875,36.81,0.946,57.48623815,58.6184,5.09965528123051,13.7321017593739,36.8099059051197,0.555966335229313,0.106658301847499,5.75210341518159,-5.39210341518159,6.475,0.294318181818182,9.63,89.840625,2.14285714285714,0.466335932
2,IAH4.2021,-93.6944446,41.9983322,119,2021-04-29,2,15.36,22.72,7.6,4.81,26.26,25.76,32.7,11.37,1.46,0.03,0.08,2.17,5.54,53.85,0.45,0.46,0,3.66,-2.09,1.042206762,13.917,36.997,12.301,59.2296964,58.2916,9.5907397034344,13.7742218254406,36.9965159304958,1.04220676234409,0.110870058164681,10.9146176370579,-10.8346176370579,7.36,0.325454545454545,15.12,102.42912,1.89089673913044,0.740234375
3,IAH4.2021,-93.6944446,41.9983322,120,2021-04-30,3,15.5,22.7,8.08,3.45,26.97,25.98,26.85,11.63,1.51,0.03,0,2.01,5,47.45,0.45,0.45,0,3.23,-2.01,1.136396515,13.958,37.18,10.08,59.3508525,57.942,9.65407583584192,13.8159572337134,37.1800030407127,1.13639651529966,0.112315540811722,11.0327946028621,-11.0327946028621,7.39,0.335909090909091,14.62,103.14962,1.88876860622463,0.750322581
4,IAH4.2021,-93.6944446,41.9983322,121,2021-05-01,4,21.13,30.2,11.61,9.49,28.2,27.93,37.93,12.6,1.63,0.04,0,3.32,7.67,53.5,0.44,0.44,0,6.03,-3.32,1.642765746,13.999,37.36,14.213,66.9563045,65.7464,10.3594956055319,13.8572935356653,37.360333281522,1.64276574588682,0.152097006130723,12.4261901336236,-12.4261901336236,12.905,0.586590909090909,18.59,180.657095,1.08477334366525,0.596308566
5,IAH4.2021,-93.6944446,41.9983322,122,2021-05-02,5,21.52,29.12,14.59,15.24,30.63,25.27,26.12,11.48,1.49,0.03,3.71,2.16,11.26,70.29,0.44,0.45,0,4.59,1.55,1.115282693,14.04,37.537,9.77,68.65487392,68.2064,9.3561947748195,13.8982160270143,37.5374740966128,1.11528269299252,0.16002863868756,11.3182289085872,-7.60822890858721,13.855,0.629772727272727,14.53,194.5242,1.01335258029592,0.533457249
6,IAH4.2021,-93.6944446,41.9983322,123,2021-05-03,6,16.86,19.58,10.57,12.25,31.07,10.98,6.18,5.43,0.76,0.02,3.28,0.6,9.45,75.48,0.45,0.5,0,4.3,2.68,0.351053202,14.08,37.711,2.307,61.76162872,62.47,4.05837641266344,13.9387097531078,37.7113942934343,0.351053201931649,0.110339873140118,4.64834444018748,-1.36834444018748,7.075,0.321590909090909,9.01,99.616,1.99010600706714,0.322064057
7,IAH4.2021,-93.6944446,41.9983322,124,2021-05-04,7,11.5,17.92,6.28,0.52,24.25,27.09,30.85,11.8,1.53,0.03,0,1.35,4.06,49.69,0.44,0.46,0,4.33,-1.35,0.869176872,14.12,37.882,11.499,54.1665365,52.8872,9.99640872759577,13.9787595153567,37.8820640082101,0.869176871942203,0.0930920538988312,11.1053038646608,-11.1053038646608,4.96,0.186363636363636,11.64,70.0352,2.84677419354839,
8,IAH4.2021,-93.6944446,41.9983322,125,2021-05-05,8,12.41,19.54,4.3,1.89,26.17,24.06,23.74,10.65,1.41,0.03,0.05,1.32,4.49,52.8,0.44,0.45,0,1.7,-1.27,0.851424024,14.16,38.049,8.835,55.2886552,54.2904,8.86429256359468,14.0183498787485,38.0494546702905,0.851424024132459,0.0921267401668059,9.84229128920155,-9.79229128920155,5.77,0.178181818181818,15.24,81.7032,2.45407279029463,0.858178888
9,IAH4.2021,-93.6944446,41.9983322,126,2021-05-06,9,11.54,17.65,4.88,1.11,26.73,24.31,19.95,10.69,1.4,0.03,0.04,1.24,4.24,53.49,0.44,0.44,0,4.4,-1.2,0.7800505,14.199,38.214,7.413,54.10934854,53.1396,8.94282465807402,14.0574651804717,38.2135389659831,0.780050500199023,0.0886857034138705,9.86636407803509,-9.82636407803509,4.825,0.148409090909091,12.77,68.510175,2.94279792746114,
10,IAH4.2021,-93.6944446,41.9983322,127,2021-05-07,10,12.67,19.12,6.77,0.3,24.08,29.03,36.92,12.68,1.62,0.03,0.06,1.47,4.03,47.35,0.43,0.43,0,3.51,-1.41,0.975724625,14.238,38.374,13.699,55.73090255,53.978,10.6636362727371,14.0960895396772,38.3742908020056,0.975724624794543,0.0977396689597399,12.0163376333256,-11.9563376333256,5.56,0.224772727272727,12.35,79.16328,2.56079136690647,
11,IAH4.2021,-93.6944446,41.9983322,128,2021-05-08,11,7.32,12.92,1.89,1.94,28.3,5.78,1.39,2.98,0.43,0.01,13.57,0.22,4.49,71.39,0.44,0.49,0,5.24,13.35,0.392398284,14.276,38.532,0.515,47.19392052,49.2184,2.1202217118112,14.1342068684034,38.5316852686992,0.392398284410331,0.0705513470933612,2.22542774682485,11.3445722531752,2.46,-0.0270454545454545,11.03,35.11896,,0.407103825
12,IAH4.2021,-93.6944446,41.9983322,129,2021-05-09,12,8.93,16.14,2.2,2.88,26.47,21.76,12.42,9.82,1.32,0.03,7.67,0.88,4.8,69.94,0.47,0.57,0,2.9,6.79,0.52385366,14.314,38.686,4.595,49.71506558,51.1668,7.97137956309131,14.1718008836845,38.6856986031393,0.52385365973323,0.0784052721139447,8.59420394583663,-0.924203945836634,4.07,0.0531818181818182,13.94,58.25798,3.51695331695332,
13,IAH4.2021,-93.6944446,41.9983322,130,2021-05-10,13,10.8,16.04,5.26,3.91,26.28,21.85,22.05,9.76,1.3,0.03,0.03,1.18,5.13,65.01,0.46,0.5,0,3,-1.15,0.547461984,14.351,38.836,8.148,52.7024392,53.4076,7.99415544787426,14.2088551208631,38.8363081522783,0.547461983899137,0.0855551405862315,8.80016881169423,-8.77016881169423,4.02,0.120454545454545,10.78,57.69102,3.56990049751244,
14,IAH4.2021,-93.6944446,41.9983322,131,2021-05-11,14,9.73,16.21,2.43,-0.03,23.88,27.65,26.08,11.99,1.55,0.03,0,1.26,3.86,54.48,0.46,0.48,0,2.67,-1.26,0.67574697,14.388,38.983,9.626,51.63855496,50.9192,10.1038666730552,14.2453529481204,38.9834923362489,0.675746969787032,0.0791058690692942,10.9429422094815,-10.9429422094815,4.105,0.06,13.78,59.06274,3.50499390986602,
15,IAH4.2021,-93.6944446,41.9983322,132,2021-05-12,15,11.99,18.74,5.14,1.01,23.17,29.97,38.07,12.98,1.67,0.03,0,2.17,4.14,50.12,0.45,0.47,0,1.88,-2.17,0.864225854,14.424,39.127,14.034,54.79403412,53.5536,10.9389262272192,14.2812775822339,39.1272306119533,0.864225854249894,0.0922335743546785,12.2628128161017,-12.2628128161017,5.37,0.179090909090909,13.6,77.45688,2.68603351955307,
16,IAH4.2021,-93.6944446,41.9983322,133,2021-05-13,16,13.67,20.71,5.67,2.05,24.04,30.08,39.83,13.1,1.68,0.03,0,2.35,4.47,48.72,0.45,0.45,0,2.79,-2.35,0.970301179,14.459,39.268,14.666,56.99916376,55.608,10.9669231410603,14.31661210557,39.2675034370588,0.970301179373057,0.0991235753092965,12.4849204068248,-12.4849204068248,6.355,0.235909090909091,15.04,91.886945,2.27521636506688,
17,IAH4.2021,-93.6944446,41.9983322,134,2021-05-14,17,13.67,18.62,8.19,7.04,29.7,10.51,2.92,5.11,0.71,0.01,1.37,0.72,6.55,65.82,0.44,0.46,0,3.78,0.65,0.61165,14.495,39.404,1.074,56.86805806,57.4044,3.82782101712247,14.3513394843112,39.4042922345145,0.611649999833352,0.100351727282195,4.37255894769917,-3.00255894769917,5.405,0.245681818181818,10.43,78.345475,2.68177613320999,0.373811266
18,IAH4.2021,-93.6944446,41.9983322,135,2021-05-15,18,17.19,23.04,11.9,12.66,30.73,19.43,10.39,8.97,1.19,0.02,5.66,1.53,9.34,77.34,0.45,0.51,0,1.92,4.13,0.639988158,14.529,39.538,3.818,62.32607854,62.9476,7.0694552884597,14.3854425879136,39.5375793576963,0.639988157814832,0.12613076273042,8.41148628628156,-2.75148628628156,9.47,0.430454545454545,11.14,137.58963,1.53421330517423,0.521815009
19,IAH4.2021,-93.6944446,41.9983322,136,2021-05-16,19,15.07,19.99,10.47,12.39,30.18,9.24,0.03,4.65,0.65,0.01,4.34,0.78,9.16,84.51,0.45,0.5,0,2.39,3.56,0.362950921,14.563,39.667,0.011,59.03007043,60.7304,3.35869881468684,14.4189042097844,39.6673480562831,0.362950920506662,0.111308304808486,3.91773763314167,0.422262366858328,7.23,0.328636363636364,9.52,105.29049,2.01424619640387,0.308560053
20,IAH4.2021,-93.6944446,41.9983322,137,2021-05-17,20,16.82,22.07,12.76,13.49,32.59,7.96,1.79,4.13,0.62,0.01,1.22,1.47,9.88,81.85,0.46,0.5,0,4.56,-0.25,0.51834934,14.596,39.794,0.657,61.8491483,62.8764,2.89080754653427,14.4517070891627,39.7935824429575,0.518349339619267,0.125747733524609,3.44432554151537,-2.22432554151537,9.415,0.427954545454545,9.31,137.42134,1.55029208709506,0.245541023
21,IAH4.2021,-93.6944446,41.9983322,138,2021-05-18,21,18.01,22.68,14.1,15.59,33.23,7.04,1.83,3.74,0.57,0.01,2.58,1.11,11.39,86.26,0.45,0.5,0,3.63,1.47,0.411037782,14.629,39.916,0.671,63.93299174,64.8224,2.55450214617895,14.4838339341802,39.9162674610201,0.411037781892325,0.132686004034825,3.07166285139863,-0.491662851398633,10.39,0.472272727272727,8.58,151.99531,1.40798845043311,0.20766241
22,IAH4.2021,-93.6944446,41.9983322,139,2021-05-19,22,20.78,24.99,16.82,17.89,32.97,15.38,2.06,7.37,1.01,0.02,4.73,1.58,13.13,84.72,0.45,0.51,0,3.55,3.15,0.491040572,14.661,40.035,0.754,68.44560784,68.4204,5.57618696149878,14.5152674460727,40.0353888529938,0.491040571549219,0.152097006130723,6.84263531167671,-2.11263531167671,12.905,0.586590909090909,8.17,189.200205,1.1360712901976,0.35466795
23,IAH4.2021,-93.6944446,41.9983322,140,2021-05-20,23,21.07,24.8,18.18,18.35,33.73,10.39,0.64,5.31,0.76,0.02,8.98,1.48,13.51,85.44,0.46,0.55,0,4.28,7.5,0.498982904,14.693,40.151,0.234,68.97096592,68.876,3.76411774015218,14.5459903445039,40.1509331302919,0.498982904263562,0.15694086318761,4.64183867115722,4.33816132884278,13.49,0.613181818181818,6.62,198.20857,1.08917716827279,0.252017086
24,IAH4.2021,-93.6944446,41.9983322,141,2021-05-21,24,22.04,27.01,19.07,19.03,33.45,15.95,10.19,7.76,1.05,0.03,8.67,2.36,14.02,84.04,0.48,0.57,0,4.78,6.31,0.685688333,14.723,40.263,3.726,70.47187184,70.0908,5.7742248809033,14.575985393958,40.2628875440093,0.685688333306369,0.170409500601306,7.20034935926053,1.46965064073947,15.04,0.683636363636364,7.94,221.43392,0.978922872340426,0.352087114
25,IAH4.2021,-93.6944446,41.9983322,142,2021-05-22,25,22.71,28.23,17.15,18.89,34.49,13.34,5.7,6.58,0.91,0.02,1.45,4.31,13.87,80.53,0.47,0.51,0,3.23,-2.86,0.711154352,14.753,40.371,2.083,71.28478937,70.7104,4.82605538935495,14.6052354311482,40.3712400568942,0.711154352156216,0.167285938947749,6.00843859889228,-4.55843859889228,14.69,0.667727272727273,11.08,216.72157,1.00428863172226,0.289740203
26,IAH4.2021,-93.6944446,41.9983322,143,2021-05-23,26,23.05,28.91,17.2,18.45,34.18,19.75,13.5,9.32,1.24,0.03,0.5,4.93,13.54,77.28,0.46,0.49,0,2.92,-4.43,0.850513535,14.782,40.476,4.93,71.5543696,70.892,7.14043345953487,14.6337233933811,40.4759793165419,0.850513534760643,0.170544459832845,8.91665297693647,-8.41665297693647,15.055,0.684318181818182,11.71,222.54301,0.981866489538359,0.404338395
27,IAH4.2021,-93.6944446,41.9983322,144,2021-05-24,27,22.91,28.75,18.08,17.5,34.09,17.97,5.13,8.53,1.14,0.03,0.1,4.21,12.81,74.1,0.46,0.48,0,3.86,-4.11,1.011261349,14.811,40.577,1.872,71.0673469,70.41,6.49297200042348,14.6614323478093,40.5770946298475,1.01126134906449,0.173810646473088,8.13163409437382,-8.03163409437382,15.415,0.700681818181818,10.67,228.311565,0.960817385663315,0.372326495
28,IAH4.2021,-93.6944446,41.9983322,145,2021-05-25,28,22.5,26.36,18.91,18.49,34.06,15.83,8.81,7.66,1.06,0.03,1.38,1.92,13.69,78.78,0.45,0.49,0,3.76,-0.54,0.680897378,14.839,40.675,3.214,70.807705,70.3564,5.71650728345485,14.6883455214956,40.6745759387453,0.680897378180868,0.166799515546081,7.12737938868662,-5.74737938868662,14.635,0.665227272727273,7.45,217.168765,1.01393918688077,0.340444444
29,IAH4.2021,-93.6944446,41.9983322,146,2021-05-26,29,20.85,26.78,13.5,10.17,29.45,29.29,34.13,13.3,1.74,0.04,0,5.12,7.92,52.74,0.45,0.46,0,2.86,-5.12,1.291460252,14.866,40.768,12.445,66.5330071,65.7112,10.5715698239736,14.7144463322053,40.7684137972515,1.29146025231831,0.145953943347531,12.9578730029396,-12.9578730029396,12.14,0.551818181818182,13.28,180.47324,1.22454695222405,0.637889688
30,IAH4.2021,-93.6944446,41.9983322,147,2021-05-27,30,14.98,20.49,7.13,11.6,32.95,13.44,11.41,6.38,0.87,0.02,14.95,0.81,9,80.45,0.46,0.56,0,4.21,14.14,0.3444886,14.892,40.859,4.159,58.8603459,60.356,4.84847299503572,14.739718419835,40.8585993498193,0.344488600362591,0.102700412226812,5.616044451223,9.333955548777,6.245,0.264090909090909,13.36,93.00054,2.38462770216173,0.425901202
31,IAH4.2021,-93.6944446,41.9983322,148,2021-05-28,31,8.26,12.57,5.38,3.24,29.83,8.65,1.63,4.4,0.67,0.02,0.51,0.7,4.88,71.64,0.47,0.51,0,3.9,-0.19,0.405156003,14.917,40.945,0.594,48.60436936,50.6264,3.11904927062673,14.7641456783776,40.9451243110066,0.405156002509781,0.0775024225164419,3.40715660396317,-2.89715660396317,2.285,0.0443181818181818,7.19,34.085345,,0.532687651
32,IAH4.2021,-93.6944446,41.9983322,149,2021-05-29,32,11.71,19.76,2.5,2.08,24.43,30.67,33.94,13.3,1.74,0.04,0,3.28,4.53,57.27,0.46,0.48,0,2.12,-3.28,0.807812365,14.942,41.028,12.361,54.23474383,53.6588,11.0543859439405,14.7877122883169,41.0279809464485,0.807812365292226,0.087990270520939,12.4269329913797,-12.4269329913797,5.88,0.142272727272727,17.26,87.85896,2.54115646258503,
33,IAH4.2021,-93.6944446,41.9983322,150,2021-05-30,33,13.67,18.74,6.64,6.44,28.14,16.27,2.12,7.56,1.03,0.02,0.15,1.56,6.12,63.46,0.46,0.48,0,1.62,-1.41,0.605681583,14.966,41.107,0.772,56.88615218,57.1884,5.86188003950876,14.8104027493387,41.1071620551167,0.605681583429879,0.0963167776611535,6.71528603450464,-6.56528603450464,5.37,0.213181818181818,12.1,80.36742,2.78696461824954,0.553035845
34,IAH4.2021,-93.6944446,41.9983322,151,2021-05-31,34,16.9,23.67,10.17,9.2,28.33,23.76,15.67,10.84,1.44,0.03,0.06,2.92,7.4,62.38,0.45,0.48,0,1.79,-2.86,0.91997726,14.988,41.183,5.703,61.5054578,61.412,8.55731779600189,14.8322019132357,41.1826609528434,0.919977260299956,0.122344631495176,10.2359824802349,-10.1759824802349,8.92,0.405454545454545,13.5,133.69296,1.68026905829596,0.641420118
35,IAH4.2021,-93.6944446,41.9983322,152,2021-06-01,35,18.94,25.5,10.75,10.52,28.79,24.84,17.95,11.08,1.44,0.03,0.03,3.92,8.09,61.7,0.45,0.46,0,2.09,-3.89,1.005761764,15.01,41.254,6.531,64.3874202,63.9272,8.94329431909503,14.8530950168815,41.2544714570761,1.00576176421125,0.130768875387318,10.8141010630595,-10.7841010630595,10.125,0.460227272727273,14.75,151.97625,1.48246913580247,0.58500528
36,IAH4.2021,-93.6944446,41.9983322,153,2021-06-02,36,20.71,27.53,11.84,11.29,27.91,27.03,29.36,11.88,1.53,0.03,0.03,5.11,8.55,59.1,0.44,0.44,0,1.57,-5.08,1.194499962,15.031,41.323,10.68,66.7410139,65.9744,9.72879582415048,14.8730677151405,41.3225878728267,1.19449996241309,0.142400775794248,11.9165909575964,-11.8865909575964,11.685,0.531136363636364,15.69,175.637235,1.28635002139495,0.573635925
37,IAH4.2021,-93.6944446,41.9983322,154,2021-06-03,37,22.96,30.8,14.05,10.95,28.42,28.55,30.28,12.78,1.65,0.03,0,4.99,8.38,50.1,0.43,0.43,0,3.09,-4.99,1.714331448,15.052,41.387,11.013,69.1212304,68.102,10.2730224076474,14.8921061135754,41.3870049797684,1.7143314478646,0.164953229845209,12.8366556853486,-12.8366556853486,14.425,0.655681818181818,16.75,217.1251,1.04346620450607,0.556620209
38,IAH4.2021,-93.6944446,41.9983322,155,2021-06-04,38,25.21,33.15,16.14,13.43,29.08,30.94,41.21,13.92,1.8,0.04,0.02,5.12,9.92,51.63,0.43,0.41,0,3.76,-5.1,1.913131154,15.071,41.448,14.984,72.22277377,71.2448,11.1302023621603,14.9101968008133,41.4477180204318,1.91313115422034,0.18537116567591,14.1060681374149,-14.0860681374149,16.645,0.756590909090909,17.01,250.856795,0.905437068188645,0.552161841
39,IAH4.2021,-93.6944446,41.9983322,156,2021-06-05,39,26.66,34.19,18.37,17.03,31.44,30.09,37.33,13.72,1.77,0.04,0.07,4.47,12.5,59.61,0.42,0.4,0,4.14,-4.4,1.8026695,15.089,41.505,13.571,75.10347574,73.9908,10.8219796863313,14.9273268804246,41.5047226894442,1.80266949966872,0.201735683702481,13.8456107239612,-13.7756107239612,18.28,0.830909090909091,15.82,275.82692,0.825437636761488,0.514628657
40,IAH4.2021,-93.6944446,41.9983322,157,2021-06-06,40,25.31,30.28,20.04,18.69,32.61,23.02,13.13,10.73,1.42,0.03,0,2.45,13.89,68.14,0.42,0.4,0,4.14,-2.45,1.17259009,15.106,41.558,4.773,74.13085166,73.2384,8.2775609158795,14.943484002168,41.558015123753,1.17259009016623,0.19040042283106,10.5266653982624,-10.5266653982624,17.16,0.78,10.24,259.21896,0.88030303030303,0.423943105
41,IAH4.2021,-93.6944446,41.9983322,158,2021-06-07,41,26,31.47,19.73,18.9,32.7,26.47,22.87,12.17,1.57,0.04,0.01,2.59,14.06,67.86,0.41,0.4,0,3.05,-2.58,1.273083517,15.123,41.608,8.312,75.123184,74.004,9.51642757214097,14.9586563924542,41.6075918937701,1.27308351659791,0.194787840550798,12.1344900791904,-12.1244900791904,17.6,0.8,11.74,266.1648,0.859261363636364,0.468076923
42,IAH4.2021,-93.6944446,41.9983322,159,2021-06-08,42,26.51,32.41,19.29,19.03,33.28,27.9,28.67,12.94,1.67,0.04,0.11,2.83,14.11,66.55,0.41,0.39,0,2.21,-2.72,1.350204916,15.138,41.653,10.42,75.72243095,74.5608,10.0289900958186,14.972832883881,41.6534499953739,1.35020491581461,0.197318394594039,12.8078196640016,-12.6978196640016,17.85,0.811363636363636,13.12,270.2133,0.848067226890757,0.488117691
43,IAH4.2021,-93.6944446,41.9983322,160,2021-06-09,43,27.63,33.23,20.78,19.36,34.16,26.39,28.07,12.25,1.6,0.04,0.02,2.73,14.39,63.56,0.41,0.39,0,1.51,-2.71,1.527218249,15.152,41.696,10.2,76.97723172,75.7996,9.4849514692284,14.9860029436908,41.6955868426993,1.52721824923498,0.20937183265793,12.1897407736,-12.1697407736,19.005,0.863863636363636,12.45,287.96376,0.797263877926861,0.443358668
44,IAH4.2021,-93.6944446,41.9983322,161,2021-06-10,44,29.08,34.91,22.36,19.14,34.04,28.76,32.14,13.35,1.73,0.04,0,2.81,14.24,57.11,0.41,0.38,0,1.91,-2.81,1.931916074,15.166,41.734,11.68,78.12958212,77.1704,10.3356252460022,14.9981567010076,41.7340002616508,1.93191607412409,0.22743140382232,13.392387536828,-13.392387536828,20.635,0.937954545454545,12.55,312.95041,0.734964865519748,0.459078404
45,IAH4.2021,-93.6944446,41.9983322,162,2021-06-11,45,28.65,34.85,22.4,19.6,34.12,17.17,8.48,8.16,1.07,0.03,2.53,2.42,14.76,60.74,0.4,0.39,0,2.89,0.11,1.861590996,15.178,41.769,3.081,78.0486699,76.906,6.16991895926382,15.0092849727108,41.7686884840696,1.86159099633812,0.22731674667891,7.99500592183291,-5.46500592183291,20.625,0.9375,12.45,313.04625,0.73590303030303,0.284816754
46,IAH4.2021,-93.6944446,41.9983322,163,2021-06-12,46,25.51,32.54,19.72,9.16,30.67,30.48,38.7,13.9,1.82,0.05,0,2.77,7.53,39.18,0.4,0.38,0,3.4,-2.77,2.439322137,15.189,41.8,14.063,71.25522982,70.0076,10.9520218263042,15.0193792878087,41.7996501424881,2.43932213704646,0.200185413752008,14.0136783400488,-14.0136783400488,18.13,0.824090909090909,12.82,275.37657,0.837782680639824,0.544884359
47,IAH4.2021,-93.6944446,41.9983322,164,2021-06-13,47,26.89,35.97,16.61,9.27,29.65,31.47,40.47,14.11,1.84,0.04,0,2.82,7.5,36.63,0.4,0.36,0,1.66,-2.82,2.741529912,15.199,41.827,14.706,72.59411893,71.4272,11.3071953725352,15.0284319101805,41.8268842654076,2.74152991169972,0.201839393213772,14.4813845726153,-14.4813845726153,18.29,0.831363636363636,19.36,277.98971,0.831000546746856,0.524730383
48,IAH4.2021,-93.6944446,41.9983322,165,2021-06-14,48,26.18,32.84,20.35,10.75,32.33,26.38,24.13,12.14,1.6,0.04,0.01,2.07,8.26,40.58,0.39,0.35,0,2.36,-2.06,2.396165506,15.208,41.85,8.769,72.22046556,71.25,9.478075960281,15.0364358595619,41.8503902730362,2.39616550647744,0.205024155369303,12.1589544014015,-12.1489544014015,18.595,0.845227272727273,12.49,282.79276,0.81785426189836,0.463712758
49,IAH4.2021,-93.6944446,41.9983322,166,2021-06-15,49,26.2,33.58,19.26,10.18,30.06,30.4,37.11,13.73,1.8,0.04,0,1.91,7.93,38.92,0.39,0.35,0,2.12,-1.91,2.471772961,15.217,41.87,13.487,72.0515096,71.0648,10.9223087469391,15.0433849306575,41.8701679734286,2.47177296082726,0.203191704673452,13.9987793580377,-13.9987793580377,18.42,0.837272727272728,14.32,280.29714,0.826112920738328,0.524045802
50,IAH4.2021,-93.6944446,41.9983322,167,2021-06-16,50,26.3,34.03,16.87,14.11,32.28,29.55,33.28,13.56,1.75,0.04,0.95,1.64,10.32,51.03,0.39,0.35,0,3.02,-0.69,2.014869409,15.224,41.886,12.096,73.5923911,72.5796,10.6170015832165,15.0492737102728,41.8862175589727,2.01486940902725,0.193282665943471,13.5350255636139,-12.5850255636139,17.45,0.793181818181818,17.16,265.6588,0.87243553008596,0.515589354
51,IAH4.2021,-93.6944446,41.9983322,168,2021-06-17,51,30.81,40.22,22.51,16.67,35.56,24.83,21.05,11.49,1.49,0.04,0.65,1.78,12.27,46.89,0.39,0.35,0,3.79,-1.13,3.19720762,15.23,41.899,7.652,78.85317091,78.0112,8.92139073959945,15.0540975923678,41.8985396031734,3.19720761965043,0.26060480985376,11.7026514747426,-11.0526514747426,23.365,1,17.71,355.84895,0.651829659747486,0.372930867
52,IAH4.2021,-93.6944446,41.9983322,169,2021-06-18,52,27.91,35.21,22.66,16.25,36.22,15.48,5.82,7.41,1.01,0.03,2.68,1.32,12.24,54.7,0.39,0.37,0,1.93,1.36,2.372622012,15.234,41.907,2.116,76.1991023,74.96,5.56219271212278,15.0578527909448,41.9071350576894,2.37262201192283,0.230893771380954,7.21861546158885,-4.53861546158885,20.935,0.951590909090909,12.55,318.92379,0.727680917124433,0.265496238
53,IAH4.2021,-93.6944446,41.9983322,170,2021-06-19,53,26.31,33.76,19.62,10.65,32.39,29.9,32.61,13.49,1.75,0.04,0.85,1.59,8.58,42.36,0.39,0.36,0,2.43,-0.74,2.48364961,15.238,41.912,11.856,72.58708684,71.344,10.7441778126405,15.0605363506974,41.912005249584,2.48364960954893,0.206024722544531,13.7883025555676,-12.9383025555676,18.69,0.849545454545454,14.14,284.79822,0.815302300695559,0.512732801
54,IAH4.2021,-93.6944446,41.9983322,171,2021-06-20,54,23.31,30.99,16.71,16.27,34.57,18.07,9.01,8.63,1.17,0.03,15.58,1.42,12.3,65.88,0.4,0.48,0,4.07,14.16,1.346292694,15.241,41.913,3.276,70.96332172,70.3672,6.49373690183467,15.0621461553572,41.9131518787598,1.34629269431166,0.177827544071131,8.19906635583067,7.38093364416933,15.85,0.720454545454546,14.28,241.56985,0.961577287066246,0.37022737
55,IAH4.2021,-93.6944446,41.9983322,172,2021-06-21,55,18.31,23.35,13.53,4.69,27.72,29.7,31.97,13.32,1.75,0.04,0,2.09,5.61,44.06,0.41,0.39,0,4.56,-2.09,1.356321205,15.243,41.911,11.627,62.81723214,61.1984,10.6741938571867,15.0626809336884,41.9105770155513,1.35632120506853,0.133050383715139,12.9639482766402,-12.9639482766402,10.44,0.474545454545455,9.82,159.13692,1.46005747126437,0.727471327
56,IAH4.2021,-93.6944446,41.9983322,173,2021-06-22,56,19.67,28.55,10.74,10.33,31.18,21.77,19.11,10.03,1.33,0.03,9.91,1.43,8.58,57.98,0.4,0.44,0,2.52,8.48,1.34101289,15.243,41.904,6.951,65.23217934,64.5888,7.82504243676457,15.0621402630975,41.9042830984584,1.34101288965281,0.14209194116429,9.59466912886539,0.315330871134606,11.645,0.529318181818182,17.81,177.504735,1.3089738085015,0.509913574
57,IAH4.2021,-93.6944446,41.9983322,174,2021-06-23,57,25.42,32.6,18.31,17.87,33.33,28.73,30.58,13.26,1.73,0.04,1.57,3.6,13.29,65.71,0.41,0.42,0,4.14,-2.03,1.464246582,15.243,41.894,11.126,74.03011718,73.0532,10.3281150533925,15.0605245708336,41.894272932012,1.46424658170074,0.193332680160711,13.159805454428,-11.589805454428,17.455,0.793409090909091,14.29,266.066565,0.873274133486107,0.521636507
58,IAH4.2021,-93.6944446,41.9983322,175,2021-06-24,58,26.12,30.69,22.49,22.86,36.1,17.93,6.73,8.54,1.11,0.03,4.84,1.32,18.01,83.41,0.41,0.44,0,2.8,3.52,0.783160126,15.241,41.881,2.449,77.09839508,75.5496,6.44659599653807,15.0578351327743,41.8805496847685,0.783160125681872,0.204971607378747,8.26399820154361,-3.42399820154361,18.59,0.845,8.2,283.33019,0.819849381387843,0.326952527
59,IAH4.2021,-93.6944446,41.9983322,176,2021-06-25,59,24.11,28.87,20.38,19.82,35.86,19.53,11.46,9.28,1.24,0.03,4.09,1.49,14.99,78.28,0.42,0.45,0,2.23,2.6,0.872386144,15.238,41.863,4.171,73.31963492,72.4452,7.02303336308631,15.054074069804,41.8631168874399,0.872386144365041,0.185178135278339,8.90300658348012,-4.81300658348012,16.625,0.755681818181818,8.49,253.33175,0.916571428571429,0.38490253
60,IAH4.2021,-93.6944446,41.9983322,177,2021-06-26,60,22.09,26.11,18.74,18.7,35.4,14.08,4.54,6.94,0.98,0.03,5.14,1.52,13.95,82.21,0.42,0.45,0,3.08,3.62,0.616058801,15.234,41.842,1.653,70.41545711,70.022,5.06413339611021,15.0492443418055,41.8419784311721,0.616058800872068,0.164953229845209,6.3306519106728,-1.1906519106728,14.425,0.655681818181818,7.37,219.75045,1.05608318890815,0.314169307
61,IAH4.2021,-93.6944446,41.9983322,178,2021-06-27,61,23.49,28.52,17.38,17,33.31,21.03,9.84,9.85,1.3,0.03,1,3.11,12.43,69.74,0.42,0.43,0,1.35,-2.11,1.002629782,15.23,41.817,3.584,71.57218674,70.81,7.56535850769003,15.0433497393007,41.8171385659937,1.00262978188101,0.169601636354429,9.48811918923753,-8.48811918923753,14.95,0.679545454545455,11.14,227.6885,1.01872909698997,0.419327373
62,IAH4.2021,-93.6944446,41.9983322,179,2021-06-28,62,24.22,29.59,19.19,17.22,34.21,18.35,3.08,8.8,1.2,0.03,0.55,2.42,12.55,66.58,0.41,0.4,0,1.61,-1.87,1.218985824,15.224,41.789,1.122,72.36167924,71.6192,6.60270584260056,15.0363948727895,41.788601899462,1.21898582443476,0.18292268663029,8.3534240930194,-7.8034240930194,16.39,0.745,10.4,249.52136,0.928859060402685,0.363336086
63,IAH4.2021,-93.6944446,41.9983322,180,2021-06-29,63,24.51,29.77,19.91,18.87,35.01,13.5,0.49,6.7,0.92,0.02,2.9,1.99,13.91,72.67,0.41,0.42,0,1.67,0.91,1.076677392,15.217,41.756,0.179,73.39459283,72.5032,4.85873612002006,15.0283851598494,41.7563733955424,1.07667739246256,0.187262114655538,6.16191766350289,-3.26191766350289,16.84,0.765454545454546,9.86,256.25428,0.903622327790974,0.273357813
64,IAH4.2021,-93.6944446,41.9983322,181,2021-06-30,64,24.97,30.12,19.5,15.97,33.93,20.16,6.2,9.51,1.27,0.03,0.33,2.21,11.6,59.55,0.41,0.4,0,1.14,-1.88,1.454765674,15.208,41.72,2.26,72.73098865,71.9192,7.25758153897558,15.0193268100705,41.7204583737629,1.4547656736002,0.186970146058092,9.20018615291904,-8.87018615291904,16.81,0.764090909090909,10.62,255.64648,0.904699583581202,0.380857028
65,IAH4.2021,-93.6944446,41.9983322,182,2021-07-01,65,26.06,32.38,18.92,15.2,31.29,29.54,33.47,13.35,1.72,0.04,0,3.34,11.03,54.26,0.4,0.37,0,2.35,-3.34,1.794654334,15.199,41.681,12.205,73.64817444,72.732,10.6373173015143,15.0092268079125,41.6808625086909,1.79465433389411,0.195291753351008,13.545636539521,-13.545636539521,17.65,0.802272727272727,13.46,268.26235,0.861133144475921,0.512279355
66,IAH4.2021,-93.6944446,41.9983322,183,2021-07-02,66,26.22,32.38,20.29,14.7,32.23,26.26,23.64,11.82,1.52,0.04,0,2.76,10.67,51.33,0.4,0.36,0,2.28,-2.76,1.946461036,15.189,41.638,8.624,73.52214874,72.712,9.45899851738567,14.9980928935816,41.6375918297857,1.94646103649674,0.202306641373428,12.0868539777236,-12.0868539777236,18.335,0.833409090909091,12.09,278.490315,0.828415598581947,0.450800915
67,IAH4.2021,-93.6944446,41.9983322,184,2021-07-03,67,26.02,33.45,17.27,15.67,31.24,26.62,21.84,11.72,1.45,0.03,0,2.49,11.43,58.18,0.39,0.35,0,1.71,-2.49,1.784453319,15.178,41.591,7.97,74.04351164,72.8612,9.59171171365082,14.9859335420349,41.590652721685,1.78445331918484,0.19238427137515,12.1867700080803,-12.1867700080803,17.36,0.789090909090909,16.18,263.49008,0.874308755760369,0.450422752
68,IAH4.2021,-93.6944446,41.9983322,185,2021-07-04,68,27.82,34.86,20.08,16.83,32.5,26.94,23.79,12.08,1.51,0.03,0.05,2.12,12.3,54.17,0.39,0.35,0,3.52,-2.07,2.04758363,15.166,41.54,8.686,76.00728306,75.0788,9.71029356530864,14.9727579402293,41.5400519249859,2.04758363011024,0.21439630742123,12.4734567265638,-12.4234567265638,19.47,0.885,14.78,295.28202,0.77894196199281,0.434219986
69,IAH4.2021,-93.6944446,41.9983322,186,2021-07-05,69,29.49,36.32,21.87,18.82,32.82,28.27,29.83,12.82,1.63,0.04,0.04,1.91,13.94,55.54,0.38,0.34,0,3.28,-1.87,2.161669445,15.152,41.486,10.895,78.45963854,77.4652,10.1933427283599,14.9585759627392,41.4857965375877,2.16166944518817,0.232758389000944,13.1926521294613,-13.1526521294613,21.095,0.958863636363636,14.45,319.63144,0.718274472623845,0.434723635
70,IAH4.2021,-93.6944446,41.9983322,187,2021-07-06,70,29.31,35.21,23.37,17.96,33.58,27.57,25.26,12.54,1.6,0.04,0.93,1.65,13.21,52.81,0.38,0.34,0,3.11,-0.72,2.22172345,15.138,41.428,9.23,77.81309489,76.9756,9.94473643087128,14.9433981458748,41.4278940166615,2.22172344960332,0.235047965539673,12.877555109299,-11.947555109299,21.29,0.967727272727273,11.84,322.28802,0.711038046031001,0.427840328
71,IAH4.2021,-93.6944446,41.9983322,188,2021-07-07,71,23.3,26.87,17.55,17.14,35.02,12,2.46,5.99,0.85,0.02,3.49,0.6,12.67,69.09,0.38,0.39,0,2.22,2.89,0.817258459,15.123,41.366,0.899,71.2301203,70.6704,4.33025438501583,14.9272356604386,41.3663521813184,0.817258458537805,0.16308089045424,5.38768588976599,-1.89768588976598,14.21,0.645909090909091,9.32,214.89783,1.06425052779733,0.257081545
72,IAH4.2021,-93.6944446,41.9983322,189,2021-07-08,72,21.21,26.53,14.84,12.93,32.7,18.21,9.3,8.52,1.13,0.03,0.05,0.89,9.53,61.4,0.38,0.37,0,1.36,-0.84,1.087069091,15.107,41.301,3.402,67.5926106,67.0648,6.57397515789818,14.9101002832606,41.3011792160444,1.08706909077121,0.150308390257048,8.08876382821942,-8.03876382821941,12.685,0.576590909090909,11.69,191.632295,1.19093417422152,0.401697313
73,IAH4.2021,-93.6944446,41.9983322,190,2021-07-09,73,23.59,30.27,18.35,19.51,34.85,16.68,7.58,7.91,1.07,0.03,20.99,1.78,14.68,79.41,0.41,0.49,0,3.14,19.21,0.941215297,15.09,41.232,2.774,72.59776081,71.8136,6.02435781570693,14.8920043676588,41.2323836749728,0.941215297256034,0.182160176867027,7.58955722037152,13.4004427796285,16.31,0.741363636363636,11.92,246.1179,0.925199264255058,0.335311573
74,IAH4.2021,-93.6944446,41.9983322,191,2021-07-10,74,19.75,21.49,17.31,17.51,34.43,15.95,5.38,7.68,1.05,0.03,16.92,0.67,12.92,87.36,0.44,0.55,0,3.06,16.25,0.268229838,15.071,41.16,1.97,66.886084,67.2536,5.76345655999946,14.8729608129701,41.159974487063,0.26822983821368,0.140212671468602,7.01620891008972,9.90379108991028,11.4,0.518181818181818,4.18,171.8094,1.32201754385965,0.388860759
75,IAH4.2021,-93.6944446,41.9983322,192,2021-07-11,75,20.97,27.6,14.74,13.27,32.92,15.96,8.07,7.67,1.07,0.03,0.45,5.82,9.76,64.55,0.44,0.45,0,3.41,-5.37,1.160427502,15.052,41.084,2.957,67.45582365,66.9472,5.76997941920196,14.8529830333016,41.0839609622523,1.16042750178837,0.154275335486785,7.11419684395237,-6.66419684395237,13.17,0.598636363636364,12.86,198.23484,1.14290053151101,0.36576061
76,IAH4.2021,-93.6944446,41.9983322,193,2021-07-12,76,21.58,27.61,13.8,14.86,33.15,19.16,11.11,8.84,1.19,0.03,0.09,4.25,10.85,67.16,0.42,0.41,0,1.59,-4.16,0.946389847,15.032,41.004,4.073,68.52411672,68.1296,6.93055072886808,14.8320849256483,41.0043527986463,0.946389846520774,0.15047025327926,8.51199243796029,-8.42199243796029,12.705,0.5775,13.81,190.98156,1.18315623770169,0.409638554
77,IAH4.2021,-93.6944446,41.9983322,194,2021-07-13,77,23.55,29.41,16.34,16.14,32.93,23.64,19.5,10.66,1.35,0.03,0.01,3.66,11.76,66.19,0.41,0.4,0,2.14,-3.65,1.145213684,15.011,40.921,7.153,71.34219755,70.5604,8.55584343704286,14.8102808375259,40.9211600908072,1.14521368449905,0.168930887383515,10.6604948416871,-10.6504948416871,14.875,0.676136363636364,13.07,223.288625,1.00914285714286,0.452653928
78,IAH4.2021,-93.6944446,41.9983322,195,2021-07-14,78,24.95,30.08,20.43,21.37,35.14,16.67,5.22,7.9,1.01,0.03,17.97,1.47,16.38,81.81,0.41,0.47,0,2.6,16.5,0.787794559,14.99,40.834,1.916,75.01814905,73.8432,6.03679963623908,14.7875855342604,40.8343933391991,0.787794559458076,0.191340591549539,7.62705582839905,10.3429441716009,17.255,0.784318181818182,9.65,258.65245,0.868733700376703,0.316633267
79,IAH4.2021,-93.6944446,41.9983322,196,2021-07-15,79,21.86,27.19,16.83,16.2,33.79,15.08,4.92,6.98,0.86,0.02,1.8,4.3,11.88,73.05,0.44,0.5,0,2.43,-2.5,0.919438586,14.967,40.744,1.807,69.3694927,68.892,5.46438707171274,14.764014166078,40.7440634608397,0.919438586434825,0.161355323225187,6.76136781663468,-4.96136781663468,14.01,0.636818181818182,10.36,209.68767,1.06830835117773,0.319304666
80,IAH4.2021,-93.6944446,41.9983322,197,2021-07-16,80,22.71,28.82,15.77,15.62,30.49,25.45,19.55,11.1,1.37,0.03,0,6.03,11.36,66.48,0.43,0.43,0,2.11,-6.03,1.103315885,14.944,40.65,7.187,70.13509192,69.5332,9.22806125981376,14.7395822351317,40.6501818012066,1.10331588454692,0.163818961084548,11.4329073433578,-11.4329073433578,14.295,0.649772727272727,13.05,213.62448,1.04540048968171,0.488771466
81,IAH4.2021,-93.6944446,41.9983322,198,2021-07-17,81,23.52,29.26,17.36,16.32,31.89,22.07,13.06,9.8,1.19,0.03,0,4.72,11.82,66.24,0.42,0.41,0,1.7,-4.72,1.16849538,14.919,40.553,4.805,71.30273152,70.5952,8.00795611903676,14.7143055625961,40.5527601474367,1.16849538025992,0.172852603791526,9.98030689471606,-9.98030689471606,15.31,0.695909090909091,11.9,228.40989,0.974461136512084,0.416666667
82,IAH4.2021,-93.6944446,41.9983322,199,2021-07-18,82,23.75,30,17.52,14.85,31.72,25.4,21.07,11.27,1.4,0.03,0,4.3,10.73,60.18,0.41,0.39,0,1.69,-4.3,1.433795137,14.894,40.452,7.758,71.0815825,70.296,9.2228327891914,14.6882002559586,40.451810742853,1.43379513659943,0.176990101511175,11.5185771542292,-11.5185771542292,15.76,0.716363636363636,12.48,234.72944,0.94505076142132,0.474526316
83,IAH4.2021,-93.6944446,41.9983322,200,2021-07-19,83,24.7,31.36,17.68,15.91,33.16,23.48,18.25,10.41,1.26,0.03,0,3.67,11.51,60.6,0.41,0.38,0,1.27,-3.67,1.496249336,14.868,40.347,6.725,72.459718,71.6276,8.53208324193877,14.6612826766265,40.3473463028434,1.49624933580093,0.184167502396086,10.6970183297309,-10.6970183297309,16.52,0.750909090909091,13.68,245.61936,0.9,0.42145749
84,IAH4.2021,-93.6944446,41.9983322,201,2021-07-20,84,26.41,32.49,20.09,15.33,34.08,24,18.2,10.67,1.29,0.03,0,3.25,11.12,53.72,0.4,0.37,0,0.81,-3.25,1.877705019,14.841,40.239,6.713,74.05571748,73.1288,8.72790946358729,14.6335694079643,40.2393800321106,1.87770501947501,0.201839393213772,11.0439539161985,-11.0439539161985,18.29,0.831363636363636,12.4,271.44189,0.811427009294697,0.404013631
85,IAH4.2021,-93.6944446,41.9983322,202,2021-07-21,85,25.85,32.19,19.3,15.13,34.03,22.18,13.77,9.76,1.17,0.03,0,2.46,11,53.53,0.4,0.37,0,1.36,-2.46,1.802730776,14.814,40.128,5.083,73.28283995,72.4968,8.07269769449147,14.6050772238687,40.1279256433018,1.80273077631727,0.196252211777728,10.1760704751685,-10.1760704751685,17.745,0.806590909090909,12.89,262.87443,0.834826711749789,0.377562863
86,IAH4.2021,-93.6944446,41.9983322,203,2021-07-22,86,25.88,31.44,19.88,18.54,33.82,21.09,13.72,9.46,1.17,0.03,0,1.86,13.64,66.62,0.39,0.37,0,3.27,-1.86,1.328503001,14.786,40.013,5.07,74.80498344,73.7544,7.6826063640344,14.5758230579798,40.0129973770211,1.32850300085465,0.195392667503993,9.67140867320776,-9.67140867320776,17.66,0.802727272727273,11.56,261.12076,0.837259343148358,0.36553323
87,IAH4.2021,-93.6944446,41.9983322,204,2021-07-23,87,28.38,35.39,20.64,19.12,34.01,26.16,25.03,11.92,1.49,0.03,0,2.59,14.2,60.94,0.39,0.36,0,3.34,-2.59,1.874820278,14.757,39.895,9.258,77.69520428,76.4632,9.53809938055536,14.5458239736211,39.8946100232153,1.87482027760035,0.220413845960739,12.1452505061379,-12.1452505061379,20.015,0.909772727272727,14.75,295.361355,0.737297027229578,0.420014094
88,IAH4.2021,-93.6944446,41.9983322,205,2021-07-24,88,28.97,36.31,22.76,19,35.46,22.46,17.44,10.58,1.38,0.03,0.04,2.18,14.22,58.05,0.39,0.35,0,2.7,-2.14,2.208387969,14.727,39.773,6.458,78.11346415,77.01,8.1967891180475,14.5150971345516,39.7727789439195,2.2083879692436,0.237951378070623,10.5024612863875,-10.4624612863875,21.535,0.978863636363636,13.55,317.145945,0.683863478058974,0.365205385
89,IAH4.2021,-93.6944446,41.9983322,206,2021-07-25,89,26.88,34.13,19.6,10.8,33.88,19.11,7.26,8.84,1.13,0.03,0,1.64,8.32,39.51,0.38,0.35,0,1.14,-1.64,2.523997889,14.697,39.648,2.691,72.93695512,71.968,6.98108576908319,14.4836597766064,39.6475200973355,2.52399788922145,0.207878626213479,8.82062353501237,-8.82062353501237,18.865,0.8575,14.53,277.258905,0.779061754571958,0.328869048
90,IAH4.2021,-93.6944446,41.9983322,207,2021-07-26,90,27.59,34.66,20.95,13.68,33.44,26.32,25.76,11.86,1.48,0.04,0.12,1.74,10.05,45.63,0.38,0.34,0,2.39,-1.62,2.432838474,14.666,39.519,9.56,74.58623383,73.7148,9.62488147850819,14.4515291802938,39.5188500632102,2.43283847439621,0.218078572484316,12.2068675910066,-12.0868675910066,19.805,0.900227272727273,13.71,290.46013,0.74052007068922,0.429865893
91,IAH4.2021,-93.6944446,41.9983322,208,2021-07-27,91,28.8,36.43,20.44,18.23,32.94,26.57,27.86,11.98,1.49,0.03,0,1.49,13.42,55.58,0.38,0.34,0,2.92,-1.49,2.148570568,14.634,39.387,10.351,77.5270296,76.5628,9.7267509967989,14.4187226444083,39.3867860694705,2.14857056803619,0.225147465768212,12.3607815347484,-12.3607815347484,20.435,0.928863636363636,15.99,299.04579,0.716124296550037,0.415972222
92,IAH4.2021,-93.6944446,41.9983322,209,2021-07-28,92,29.24,34.82,23.3,20.45,35.34,22.27,15.3,10.11,1.22,0.03,0.01,0.77,15.43,60.32,0.38,0.35,0,2.54,-0.76,1.809627184,14.601,39.251,5.691,78.81983232,77.802,8.16175026166744,14.3852574607124,39.251346020065,1.8096271844955,0.232349427583375,10.3909683851019,-10.3809683851019,21.06,0.957272727272727,11.52,307.49706,0.693304843304843,0.345759234
93,IAH4.2021,-93.6944446,41.9983322,210,2021-07-29,93,29.84,34.94,24.18,19.4,36.57,20.91,16.5,9.91,1.27,0.03,0.08,1.14,14.51,54.86,0.38,0.34,0,2.75,-1.06,2.057286566,14.568,39.113,6.146,78.83194176,78.024,7.67228361303411,14.3511508897322,39.1125485239495,2.05728656637928,0.238249329198545,9.77877539426266,-9.69877539426266,21.56,0.98,10.76,314.08608,0.67569573283859,0.332104558
94,IAH4.2021,-93.6944446,41.9983322,211,2021-07-30,94,24.2,29.38,20.5,18.55,35.96,16.56,5.21,7.88,1.06,0.03,6.5,0.44,13.64,72.12,0.37,0.36,0,2.53,6.06,1.116571585,14.535,38.97,1.943,72.8673496,72.078,6.08358751383264,14.3164201377022,38.9704129251507,1.1165715852374,0.188238119211168,7.56301588460934,-1.06301588460934,16.94,0.77,8.88,246.2229,0.858028335301063,0.325619835
95,IAH4.2021,-93.6944446,41.9983322,212,2021-07-31,95,23.44,29.31,19.1,17.08,35.44,16.41,5.95,7.6,0.97,0.02,15.74,2.92,12.55,70.34,0.41,0.51,0,1.93,12.82,1.196955504,14.501,38.825,2.222,71.55059904,70.7888,6.0361315281041,14.2810823346917,38.8249593338301,1.19695550435013,0.181163450235899,7.46198729969342,8.27801270030658,16.205,0.736590909090909,10.21,234.988705,0.894847269361308,0.324232082
96,IAH4.2021,-93.6944446,41.9983322,213,2021-08-01,96,22.35,28.77,17.01,10.39,31.39,23.55,18.16,10.41,1.3,0.03,0,3.35,8.01,48.38,0.41,0.38,0,2.94,-3.35,1.685369658,14.466,38.676,6.792,68.1899607,67.2904,8.6738954111897,14.2451545139335,38.6762086582643,1.68536965756145,0.16906485777006,10.6209427071667,-10.6209427071667,14.89,0.676818181818182,11.76,215.39874,0.971524513096037,0.465771812
97,IAH4.2021,-93.6944446,41.9983322,214,2021-08-02,97,21.62,27.75,14.57,10.76,31.44,20.42,16.19,9.19,1.19,0.03,0,2.52,8.22,53.16,0.4,0.37,0,1.19,-2.52,1.400015995,14.431,38.524,6.065,67.58858008,66.6936,7.53139162186147,14.2086535923731,38.5241826376501,1.40001599464154,0.154192658259398,9.10160069607571,-9.10160069607571,13.16,0.598181818181818,13.18,189.91196,1.09658054711246,0.42506938
98,IAH4.2021,-93.6944446,41.9983322,215,2021-08-03,98,22.9,29.41,16.91,10.68,30.71,24.31,20.92,10.86,1.38,0.03,0,2.31,8.18,48.26,0.39,0.36,0,0.84,-2.31,1.729030135,14.395,38.369,7.849,68.8888446,67.9448,8.97892492432623,14.1715963524487,38.3689038756362,1.72903013544782,0.171491702237355,10.9827715470779,-10.9827715470779,15.16,0.689090909090909,12.5,218.2282,0.949538258575198,0.474235808
99,IAH4.2021,-93.6944446,41.9983322,216,2021-08-04,99,23.05,28.91,17.17,12.92,31.41,24.7,22.78,11.03,1.38,0.03,0.13,1.61,9.54,55.24,0.39,0.36,0,2.53,-1.48,1.481797926,14.359,38.21,8.561,69.6766718,68.9012,9.13651318732594,14.1339994251049,38.2103958744757,1.4817979261848,0.170409500601306,11.1503842742154,-11.0203842742154,15.04,0.683636363636364,11.74,215.95936,0.954720744680851,0.478524946
100,IAH4.2021,-93.6944446,41.9983322,217,2021-08-05,100,22.55,27.52,17.84,18.75,34.42,13.86,1.11,6.44,0.81,0.02,6.59,0.75,13.92,80.09,0.4,0.43,0,2.77,5.84,0.696063036,14.322,38.049,0.418,70.99232205,70.5,5.13470824681071,14.0958792740422,38.0486830696901,0.696063035662082,0.167197409376467,6.24224122519319,0.347758774806812,14.68,0.667272727272727,9.68,210.24696,0.975613079019073,0.285587583
101,IAH4.2021,-93.6944446,41.9983322,218,2021-08-06,101,25.65,33.29,19.04,18.31,33.99,19.8,11.4,8.86,1.07,0.02,0.47,2.12,13.61,68.99,0.4,0.38,0,2.55,-1.65,1.553101292,14.285,37.884,4.299,74.72990565,73.4416,7.34703647210335,14.0572521811928,37.8837908651263,1.55310129208345,0.20054624364244,9.10510454200348,-8.63510454200348,18.165,0.825681818181818,14.25,259.487025,0.786402422240573,0.345419103
102,IAH4.2021,-93.6944446,41.9983322,219,2021-08-07,102,25.56,31.28,21.87,21.72,36.08,12.64,2.03,6.04,0.76,0.02,4.08,0.86,16.76,80.43,0.39,0.4,0,3,3.22,0.994703339,14.247,37.716,0.767,75.85443892,74.5792,4.69801706345061,14.0181342334158,37.7157456682869,0.994703338963761,0.204814031381963,5.8253555458134,-1.7453555458134,18.575,0.844318181818182,9.41,264.638025,0.76699865410498,0.236306729
103,IAH4.2021,-93.6944446,41.9983322,220,2021-08-08,103,24.63,29.21,21.76,20.96,35.62,15.21,6.27,6.96,0.85,0.02,10.84,1.46,16.05,81.44,0.41,0.48,0,3.62,9.38,0.849094712,14.209,37.545,2.373,74.46246528,73.3756,5.66296498898286,13.978541310394,37.5445749258076,0.849094712400561,0.193632994379098,6.96813369271087,3.87186630728913,17.485,0.794772727272727,7.45,248.444365,0.812639405204461,0.282582217
104,IAH4.2021,-93.6944446,41.9983322,221,2021-08-09,104,26.09,33.98,18.73,19.08,34.51,23.06,19.69,10.45,1.28,0.03,0.37,3.53,14.29,69.61,0.41,0.41,0,1.39,-3.16,1.528560946,14.17,37.37,7.466,75.45830651,74.1588,8.60098785575291,13.9384890737164,37.3703071589516,1.52856094604845,0.202514599175409,10.6151108616723,-10.2451108616723,18.355,0.834318181818182,15.25,260.09035,0.77199673113593,0.400536604
105,IAH4.2021,-93.6944446,41.9983322,222,2021-08-10,105,28.72,34.72,23.66,21.87,35.79,16.57,8.52,7.78,0.98,0.02,0.49,2.89,17,69.96,0.4,0.38,0,2.15,-2.4,1.606798578,14.131,37.193,3.237,79.45050688,77.7932,6.19175427297866,13.8979929571224,37.1929719989892,1.60679857837312,0.233871474004943,7.73605396903894,-7.24605396903894,21.19,0.963181818181818,11.06,299.43589,0.666871165644172,0.270891365
106,IAH4.2021,-93.6944446,41.9983322,223,2021-08-11,106,28.38,34.74,21.36,19.11,35.17,20.63,18.02,9.62,1.22,0.03,0.35,2.76,14.85,61.59,0.4,0.37,0,2.98,-2.41,1.829880295,14.092,37.013,6.861,77.78487958,76.4596,7.72362153374749,13.8570681578841,37.0126002223267,1.82988029476542,0.220805093429041,9.57949325157781,-9.22949325157781,20.05,0.911363636363636,13.38,282.5446,0.70284289276808,0.338971106
107,IAH4.2021,-93.6944446,41.9983322,224,2021-08-12,107,26.62,34.84,19.03,12.54,34,18.52,13.28,8.68,1.14,0.03,0.19,2.45,9.44,43.45,0.39,0.35,0,2.16,-2.26,2.433955805,14.052,36.829,5.067,73.0995761,72.3344,6.947399006468,13.8157296292989,36.8292237852473,2.43395580526473,0.208624105931798,8.55141772103582,-8.36141772103582,18.935,0.860681818181818,15.81,266.07462,0.742117771322947,0.326070624
108,IAH4.2021,-93.6944446,41.9983322,225,2021-08-13,108,23.68,31.36,16.88,7.92,31.47,24.12,23.42,11.04,1.43,0.03,0.05,1.83,6.79,38.58,0.39,0.34,0,2.11,-1.78,2.187258313,14.012,36.643,8.956,69.00824656,67.7312,9.06666523985466,13.773992074261,36.6428758581255,2.18725831262346,0.180359947345309,10.9622546590666,-10.9122546590666,16.12,0.732727272727273,14.48,225.87344,0.869230769230769,0.466216216
109,IAH4.2021,-93.6944446,41.9983322,226,2021-08-14,109,22.33,30.77,14.16,6.08,28.07,27.46,38.59,12.29,1.57,0.04,0.09,1.53,5.97,38.3,0.38,0.34,0,1.45,-1.44,2.084319732,13.971,36.454,14.79,67.3772661,65.7188,10.3440330476074,13.7318699398833,36.4535908589749,2.08431973249553,0.165303566769922,12.3498515956707,-12.2598515956707,14.465,0.6575,16.61,202.090515,0.965848600069132,0.550380654
110,IAH4.2021,-93.6944446,41.9983322,227,2021-08-15,110,22.8,30.18,15.61,10.53,29.17,26.4,35.1,11.93,1.53,0.03,0.01,1.2,8.12,49.42,0.38,0.34,0,2.15,-1.19,1.757957427,13.93,36.261,13.484,68.8560224,67.7908,9.96650760850494,13.6893774131323,36.2614044861904,1.7579574270382,0.169109534486791,11.9066657301092,-11.8966657301092,14.895,0.677045454545455,14.57,207.48735,0.935213158778114,0.523245614
111,IAH4.2021,-93.6944446,41.9983322,228,2021-08-16,111,23.06,30.56,15.18,13.08,29.84,25.01,30.91,11.24,1.45,0.03,0,1.03,9.63,57.91,0.38,0.34,0,2.65,-1.03,1.547563105,13.889,36.066,11.903,69.91797554,68.9688,9.46310453456969,13.6465284174441,36.0663537503442,1.54756310510509,0.168886250503326,11.2779324411079,-11.2779324411079,14.87,0.675909090909091,15.38,206.52943,0.934028244788164,0.487424111
112,IAH4.2021,-93.6944446,41.9983322,229,2021-08-17,112,25.61,33.23,17.67,16.52,32.42,24.13,28.02,11.11,1.42,0.03,0,0.96,12.07,60.11,0.37,0.34,0,2.88,-0.96,1.678857546,13.848,35.868,10.818,73.68859929,72.7572,9.15144828595161,13.6033366102847,35.8684770048981,1.67885754591729,0.193282665943471,11.0524591150593,-11.0524591150593,17.45,0.793181818181818,15.56,241.6476,0.793581661891118,0.433814916
113,IAH4.2021,-93.6944446,41.9983322,230,2021-08-18,113,26.88,33.7,19.6,17.69,33.82,22.5,22.95,10.38,1.33,0.03,0,0.87,12.95,60.76,0.37,0.34,0,2.86,-0.87,1.731871239,13.806,35.668,8.883,75.55308512,74.4484,8.55381398743147,13.5598153816178,35.6678139756947,1.73187123923404,0.205602931627113,10.3736217088269,-10.3736217088269,18.65,0.847727272727273,14.1,257.4819,0.740268096514745,0.386160714
114,IAH4.2021,-93.6944446,41.9983322,231,2021-08-19,114,27.43,34.04,20.79,18.56,34.02,23.32,25.49,10.72,1.35,0.03,0,0.78,13.69,61.78,0.37,0.34,0,2.82,-0.78,1.755260604,13.764,35.464,9.893,76.46055146,75.3116,8.88757605053644,13.5159778532437,35.4644057890924,1.75526060417541,0.213796780451867,10.7943578033704,-10.7943578033704,19.415,0.8825,13.25,267.22806,0.708936389389647,0.390812978
115,IAH4.2021,-93.6944446,41.9983322,232,2021-08-20,115,27.02,32.7,20.5,20.51,35.38,20.1,15,9.47,1.23,0.03,2.52,0.46,15.64,69.57,0.37,0.35,0,4.13,2.06,1.265709812,13.721,35.258,5.837,76.84752586,75.6036,7.68000611708486,13.4718368789713,35.258294998612,1.26570981193364,0.205076714692229,9.26464978250113,-6.74464978250113,18.6,0.845454545454546,12.2,255.2106,0.737688172043011,0.350481125
116,IAH4.2021,-93.6944446,41.9983322,233,2021-08-21,116,22.21,26.45,16.58,15.49,31.28,25.31,33.73,11.51,1.47,0.03,21.69,2.86,11.65,68.16,0.41,0.5,0,3.08,18.83,0.909402723,13.679,35.05,13.164,69.53017264,68.9864,9.69621174008599,13.4274050455864,35.0495256099654,0.909402722729362,0.157150736274851,11.3094789896636,10.3805210103364,13.515,0.614318181818182,9.87,184.871685,1.01213466518683,0.518235029
117,IAH4.2021,-93.6944446,41.9983322,234,2021-08-22,117,21.65,29.27,13.6,11.88,30.98,24.85,32.74,11.42,1.46,0.03,0.47,2.55,8.96,56.2,0.4,0.39,0,2.46,-2.08,1.421540643,13.636,34.838,12.815,67.845527,67.1268,9.54585787386133,13.3826946745788,34.8381431043411,1.42154064307203,0.156479975934179,11.0977110618078,-10.6277110618078,13.435,0.610681818181818,15.67,183.19966,1.01496092296241,0.527482679
118,IAH4.2021,-93.6944446,41.9983322,235,2021-08-23,118,27.5,34.27,20.62,20.28,35.6,22.42,25.51,10.62,1.39,0.03,3.48,2.33,15.35,67.28,0.4,0.41,0,2.14,1.15,1.535477951,13.593,34.624,10.015,77.27094,76.0008,8.63649359335442,13.3377178245911,34.6241944598247,1.5354779513601,0.214123620208897,10.3793438548329,-6.89934385483289,19.445,0.883863636363637,13.65,264.315885,0.699048598611468,0.386181818
119,IAH4.2021,-93.6944446,41.9983322,236,2021-08-24,119,29.16,35.9,23.25,21.92,35.33,22.05,28.28,10.49,1.37,0.03,3.91,2.58,16.99,68.27,0.4,0.39,0,2.88,1.33,1.749215918,13.549,34.408,11.136,79.86544668,78.2512,8.51841543677739,13.2924862945532,34.407728170837,1.74921591774573,0.238428250083453,10.3126068414409,-6.40260684144087,21.575,0.980681818181818,12.65,292.319675,0.627995365005794,0.359739369
120,IAH4.2021,-93.6944446,41.9983322,237,2021-08-25,120,27.92,33.8,22.49,22.12,35.64,21.2,22.98,10.06,1.32,0.03,2.7,2.6,17.09,73.35,0.4,0.42,0,1.53,0.1,1.328747516,13.506,34.189,9.078,78.7006768,77.0832,8.21428928793294,13.2470116274651,34.1887942654782,1.32874751587969,0.221869993218673,9.84874442073148,-7.14874442073148,20.145,0.915681818181818,11.31,272.07837,0.670439314966493,0.360315186
121,IAH4.2021,-93.6944446,41.9983322,238,2021-08-26,121,26.25,30.79,21.1,21.41,35.47,13,10.38,6.29,0.84,0.02,10.35,1.11,16.47,75.89,0.4,0.43,0,3.13,9.24,0.92037912,13.462,33.967,4.114,76.43214375,75.1576,5.05239560775258,13.2013051147953,33.967444320671,0.920379119975351,0.198287233533443,5.97092358198172,4.37907641801828,17.945,0.815681818181818,9.69,241.57559,0.750181108943996,0.239619048
122,IAH4.2021,-93.6944446,41.9983322,239,2021-08-27,122,27.95,33.36,22.75,22.01,34.98,22.8,27.42,10.76,1.38,0.03,5.37,3.32,17.05,72.85,0.42,0.47,0,3.92,2.05,1.304339873,13.418,33.744,10.903,78.67990925,77.0736,8.88883951958404,13.1553778014573,33.7437314750017,1.30433987271922,0.220861033526323,10.5873872000094,-5.21738720000943,20.055,0.911590909090909,10.61,269.09799,0.669060084766891,0.384973166
123,IAH4.2021,-93.6944446,41.9983322,240,2021-08-28,123,27.69,32.7,23.65,21.6,34.73,22.16,25.52,10.39,1.34,0.03,5.19,2.57,16.58,71.06,0.41,0.44,0,4.09,2.62,1.353764154,13.374,33.518,10.183,78.04706886,76.666,8.66708272974725,13.1092404913337,33.517710439165,1.35376415445583,0.222207172397735,10.2962301767509,-5.10623017675091,20.175,0.917045454545455,9.05,269.82045,0.662899628252788,0.375225713
124,IAH4.2021,-93.6944446,41.9983322,241,2021-08-29,124,24.14,28.23,20.15,16.41,34.24,16.9,6.27,7.98,1.06,0.03,0.9,2.22,12.13,64.21,0.41,0.42,0,2.23,-1.32,1.22896993,13.329,33.289,2.511,72.01666106,71.2476,6.63162522361526,13.0629037533122,33.2894375039225,1.22896992972241,0.181021436744476,7.684105006065,-6.784105006065,16.19,0.735909090909091,8.08,215.79651,0.823285978999383,0.330571665
125,IAH4.2021,-93.6944446,41.9983322,242,2021-08-30,125,22.55,27.79,17.16,15.32,33.53,21.05,21.64,9.78,1.25,0.03,15.08,1.67,11.21,65.77,0.41,0.45,0,1.67,13.41,1.104876021,13.285,33.059,8.696,69.84321365,69.2652,8.28806072479507,13.0163779278043,33.0589705454959,1.10487602109249,0.165391249089545,9.4676484453828,5.6123515546172,14.475,0.657954545454546,10.63,192.300375,0.917789291882556,0.433702882
126,IAH4.2021,-93.6944446,41.9983322,243,2021-08-31,126,20.19,25.11,17.17,16.38,34.2,9.99,5.07,4.81,0.64,0.02,3.28,2.38,11.96,80.14,0.43,0.49,0,2.82,0.9,0.710732949,13.24,32.826,2.045,67.21234334,67.2868,3.94704130980938,12.9696731337152,32.826369028317,0.710732949033283,0.154027416150396,4.4521068400134,-1.1721068400134,13.14,0.597272727272727,7.94,173.9736,1.0076103500761,0.238236751
127,IAH4.2021,-93.6944446,41.9983322,244,2021-09-01,127,20.71,27.08,15.23,14.36,28.92,23.37,30.44,10.39,1.3,0.03,0,3.75,10.48,69.96,0.43,0.42,0,2.67,-3.75,1.02006572,13.195,32.592,12.324,67.41464884,67.0796,9.26634310659859,12.9227992758346,32.5916940050705,1.02006571960665,0.154151333691465,10.4161031386022,-10.4161031386022,13.155,0.597954545454546,11.85,173.580225,1.00304066894717,0.501690005
128,IAH4.2021,-93.6944446,41.9983322,245,2021-09-02,128,19.42,24.95,15.08,13.02,31.51,12.38,0.91,5.81,0.76,0.02,1.41,1.42,9.58,68.25,0.42,0.42,0,3.83,-0.01,0.93649025,13.15,32.355,0.37,65.3920585,65.3072,4.92665565621211,12.8757660526222,32.3550081139666,0.936490250161298,0.144970407287216,5.47172612420783,-4.06172612420783,12.015,0.546136363636364,9.87,157.99725,1.09446525176862,0.299176107
129,IAH4.2021,-93.6944446,41.9983322,246,2021-09-03,129,21.51,27.78,16.42,18.28,35.05,5.75,0.89,2.94,0.41,0.01,10.05,2.19,13.62,82.69,0.43,0.5,0,2.21,7.86,0.699080535,13.105,32.116,0.363,69.50718281,69.2908,2.2967832057183,12.8285829643572,32.1163755731941,0.699080535442487,0.162129910339293,2.57968317717966,7.47031682282034,14.1,0.640909090909091,11.36,184.7805,0.929432624113475,0.136680614
130,IAH4.2021,-93.6944446,41.9983322,247,2021-09-04,130,20.44,25.76,16.27,15.29,32.07,11.75,9.42,5.5,0.7,0.02,0.22,2.63,11.17,74.48,0.43,0.43,0,2.56,-2.41,0.844487968,13.059,31.876,3.859,67.27723488,67.1444,4.71139560763545,12.7812593216295,31.8758621725079,0.844487968488528,0.152998040414581,5.23177696368333,-5.01177696368333,13.015,0.591590909090909,9.49,169.962885,1.00338071456012,0.269080235
131,IAH4.2021,-93.6944446,41.9983322,248,2021-09-05,131,21.77,29.47,13.37,12.87,30.39,22.08,28.21,9.96,1.25,0.03,0,3.7,9.55,61.73,0.42,0.41,0,2.12,-3.7,1.339963874,13.014,31.634,11.605,68.41054479,67.6032,8.88811179666058,12.7338042541444,31.6335352619153,1.33996387402351,0.156354478096281,9.85962340208447,-9.85962340208447,13.42,0.61,16.1,174.64788,0.969746646795827,0.457510335
132,IAH4.2021,-93.6944446,41.9983322,249,2021-09-06,132,23.49,31.54,14.4,14.37,32.38,22.06,29.58,10.13,1.27,0.03,0,3.45,10.61,60.79,0.41,0.4,0,1.56,-3.45,1.499126591,12.968,31.389,12.221,70.77070529,69.8632,8.91567195222392,12.6862267198181,31.3894637374336,1.49912659111933,0.169780881854618,9.95411099510579,-9.95411099510579,14.97,0.680454545454546,17.14,194.13096,0.86626586506346,0.431247339
133,IAH4.2021,-93.6944446,41.9983322,250,2021-09-07,133,22.79,28.3,16.71,14.07,31.02,19.77,21.1,8.78,1.05,0.02,0,2.3,10.59,60.76,0.41,0.39,0,4.07,-2.3,1.268509661,12.922,31.144,8.755,69.77995196,69.0552,8.02292927655054,12.638535514141,31.1437180238983,1.26850966142572,0.165654531684551,8.89371174439511,-8.89371174439511,14.505,0.659318181818182,11.59,187.43361,0.890865218890038,0.385256692
134,IAH4.2021,-93.6944446,41.9983322,251,2021-09-08,134,19.39,26.59,12.73,8.64,27.41,22.73,32.1,10.16,1.3,0.03,0,1.99,7.16,52.97,0.4,0.38,0,3.49,-1.99,1.355517099,12.877,30.896,13.379,64.59936417,63.7004,9.26281965557292,12.5907392797869,30.8963700548109,1.35551709895262,0.1422076876534,10.0189324573458,-10.0189324573458,11.66,0.53,13.86,150.14582,1.10437392795883,0.523981434
135,IAH4.2021,-93.6944446,41.9983322,252,2021-09-09,135,19.25,26.71,12.08,8.54,28.02,21.65,29.34,9.65,1.2,0.03,0.01,1.87,7.09,53.66,0.4,0.38,0,1.22,-1.86,1.344642509,12.831,30.647,12.284,64.4453745,63.5244,8.86051674350035,12.5428465164462,30.6474932492237,1.34464250850451,0.140174539194039,9.52319495225787,-9.51319495225787,11.395,0.517954545454546,14.63,146.209245,1.12602018429136,0.501298701
1,MIH1.2020,-84.4705752,42.7084916,146,2020-05-25,1,22.67,27.98,16.81,19.32,33.31,22.13,15.84,10.42,1.39,0.04,3.43,4.74,14.32,82.18,0.9,0.87,0,2.33,-1.31,0.603359246,14.939,40.735,5.809,71.35486394,70.8252,8.03278562057001,14.7860320372628,40.7349211644225,0.603359246478392,0.164690888731631,9.94810724153756,-6.51810724153756,14.395,0.654318181818182,11.17,215.046905,1.03779089961792,0.459638288
2,MIH1.2020,-84.4705752,42.7084916,147,2020-05-26,2,23.02,28.08,16.96,19.52,33.02,26.12,26.89,12.2,1.59,0.04,1,4.33,14.54,81.62,0.89,0.87,0,1.93,-3.33,0.595479481,14.966,40.828,9.857,71.87557476,71.2472,9.47610790022956,14.8120336827351,40.8279774635816,0.59547948055715,0.165786305614009,11.7514830378332,-10.7514830378332,14.52,0.66,11.12,217.30632,1.03071625344353,0.529973936
3,MIH1.2020,-84.4705752,42.7084916,148,2020-05-27,3,22.03,25.15,18.55,19.98,33.49,19.69,8.43,9.34,1.28,0.03,1.56,1.96,14.94,88.38,0.89,0.87,0,2.16,-0.4,0.330925061,14.992,40.917,3.089,70.78137286,70.4228,7.13986512060636,14.8371679074339,40.9172766099206,0.330925060700643,0.159985996297536,8.81868934459477,-7.25868934459477,13.85,0.629545454545455,6.6,207.6392,1.08245487364621,0.423967317
4,MIH1.2020,-84.4705752,42.7084916,149,2020-05-28,4,21.56,25.39,18.44,19.46,34.11,11.89,3,6,0.85,0.02,5.27,2.94,14.49,88.37,0.89,0.87,0,2.83,2.33,0.420686605,15.018,41.003,1.099,69.98873628,69.7656,4.30951604107614,14.8614182697872,41.0028090262416,0.420686605089427,0.160541096707114,5.32762452053888,-0.0576245205388757,13.915,0.6325,6.95,208.97547,1.07926697808121,0.278293135
5,MIH1.2020,-84.4705752,42.7084916,150,2020-05-29,5,16.98,20.55,11.7,14.1,30.44,18.35,15.08,8.59,1.16,0.03,3.46,2.38,10.34,84.06,0.89,0.87,0,2.96,1.08,0.288054718,15.042,41.085,5.521,62.16387412,63.256,6.64812929100415,14.8847686545249,41.0845657258985,0.288054718235014,0.117042604919275,7.84772918610371,-4.38772918610371,8.125,0.369318181818182,8.85,122.21625,1.85132307692308,0.505889282
6,MIH1.2020,-84.4705752,42.7084916,151,2020-05-30,6,13.13,17.56,6.67,9.03,27.25,24.94,26.86,11.26,1.48,0.03,0.27,2.5,7.31,77.45,0.89,0.86,0,3.82,-2.23,0.343077497,15.066,41.163,9.831,55.92744315,57.5808,9.03213615710903,14.9072033072782,41.1625382984171,0.343077497350387,0.093172884161828,10.2257275956734,-9.95572759567342,4.78,0.187045454545455,10.89,72.01548,3.15188284518829,0.857578065
7,MIH1.2020,-84.4705752,42.7084916,152,2020-05-31,7,10.54,17.16,2.69,4.04,23.35,31.7,41.68,13.81,1.79,0.04,0,3.39,5.18,66.64,0.88,0.86,0,1.99,-3.39,0.533788998,15.088,41.237,15.25,52.26149744,53.1944,11.4761799779935,14.9287068692799,41.2367188963271,0.533788998415838,0.0819861338338045,12.6480595887806,-12.6480595887806,4.58,0.0875,14.47,69.10304,3.2943231441048,
8,MIH1.2020,-84.4705752,42.7084916,153,2020-06-01,8,15.12,21.71,5.54,8.85,27.95,22.93,19.12,10.4,1.38,0.03,0.4,4.67,7.34,67.96,0.87,0.85,0,2.55,-4.27,0.615151455,15.11,41.307,6.994,59.00171648,59.506,8.29849181171857,14.9492644120249,41.30710022316,0.615151455253562,0.10162181988702,9.56254350119803,-9.16254350119803,6.855,0.255681818181818,16.17,103.57905,2.20423048869438,0.687830688
9,MIH1.2020,-84.4705752,42.7084916,154,2020-06-02,9,22.12,28.83,13.91,18.07,31.53,29.08,33.43,13.4,1.73,0.04,1,6.3,13.76,78.32,0.86,0.84,0,4.55,-5.3,0.704778347,15.131,41.374,12.226,70.16858016,69.8252,10.5210495828682,14.968861471746,41.3736755225619,0.704778346606894,0.155936766063661,12.9808414945511,-11.9808414945511,13.37,0.607727272727273,14.92,202.30147,1.13171278982797,0.605786618
10,MIH1.2020,-84.4705752,42.7084916,155,2020-06-03,10,21.41,25.03,16.75,17.61,31.99,22.81,13.2,10.68,1.44,0.03,1.32,4.65,13.02,79.84,0.85,0.84,0,3.39,-3.33,0.526408864,15.15,41.436,4.826,69.14778656,68.9496,8.25033530285202,14.987484083554,41.4364385684651,0.5264088637461,0.151974486115597,10.147176945677,-8.82717694567696,12.89,0.585909090909091,8.28,195.2835,1.17532971295578,0.498832321
11,MIH1.2020,-84.4705752,42.7084916,156,2020-06-04,11,21.85,27.58,15.18,16.94,31.49,23.61,13.45,11.01,1.47,0.04,0.21,5.86,12.5,75,0.85,0.84,0,1.38,-5.65,0.776440945,15.169,41.495,4.917,69.497125,69.1484,8.53759681218986,15.0051188150882,41.4953836562543,0.776440945267344,0.156020232939368,10.5398645064569,-10.3298645064569,13.38,0.608181818181818,12.4,202.96122,1.13370702541106,0.50389016
12,MIH1.2020,-84.4705752,42.7084916,157,2020-06-05,12,21.6,26.27,15.27,17.66,31.94,23.61,16.92,10.9,1.43,0.03,0.82,3.92,13.24,79.3,0.84,0.83,0,1.99,-3.1,0.555046999,15.187,41.551,6.184,69.413612,69.1576,8.5357224543743,15.0217527995207,41.5505055948637,0.555046999423734,0.150997326379015,10.4939177195497,-9.67391771954974,12.77,0.580454545454546,11,193.93799,1.18927173061864,0.50462963
13,MIH1.2020,-84.4705752,42.7084916,158,2020-06-06,13,18.82,24.03,12.22,14.18,28.53,30.48,38.19,13.76,1.77,0.04,0.01,6.8,10.31,76.72,0.83,0.83,0,2.81,-6.79,0.588774324,15.204,41.602,13.957,64.86755696,65.1248,11.0172914573248,15.0373737677559,41.6017996997326,0.588774324249355,0.130768875387318,13.2694766667493,-13.2594766667493,10.125,0.460227272727273,11.81,153.9405,1.50162962962963,0.731137088
14,MIH1.2020,-84.4705752,42.7084916,159,2020-06-07,14,17.26,23.75,10.57,11.6,27.78,27.82,28.47,12.53,1.63,0.04,0,6.49,8.71,71.32,0.82,0.82,0,1.9,-6.49,0.741527479,15.219,41.649,10.403,62.26857368,62.636,10.0540991521628,15.0519700796673,41.6492617865487,0.741527478910047,0.123984731935614,12.0107965739011,-12.0107965739011,9.16,0.416363636363636,13.18,139.40604,1.66146288209607,0.725955968
15,MIH1.2020,-84.4705752,42.7084916,160,2020-06-08,15,18.64,26.1,10.41,12.78,29.75,29.78,35.51,13.64,1.76,0.05,0,7.38,9.56,69.96,0.81,0.81,0,2.59,-7.38,0.845356231,15.234,41.693,12.975,64.30425856,64.4408,10.7608641569114,15.0655307542123,41.6928881657043,0.845356230751137,0.131706399409464,12.9788803042496,-12.9788803042496,10.255,0.466136363636364,15.69,156.22467,1.4855192588981,0.731759657
16,MIH1.2020,-84.4705752,42.7084916,161,2020-06-09,16,22.84,29.42,14.77,18.6,32.96,25.93,20.85,12.01,1.61,0.04,2.75,6.92,14.13,78.08,0.8,0.81,0,4.06,-4.17,0.748918408,15.248,41.733,7.618,71.29009728,70.736,9.36852750988917,15.0780454982713,41.7326756373905,0.748918407820783,0.162086795490437,11.6328556381246,-8.88285563812463,14.095,0.640681818181818,14.65,214.92056,1.08180205746719,0.525831874
17,MIH1.2020,-84.4705752,42.7084916,162,2020-06-10,17,23.58,28.69,14.94,21.06,35.36,16.95,11.4,8.15,1.1,0.03,24.42,3.62,16.56,86.01,0.82,0.84,0,6.32,20.8,0.320425468,15.261,41.769,4.165,73.17871642,72.3616,6.12342701614651,15.0895047340562,41.7686214872546,0.320425467878477,0.159687768239417,7.58968221957479,16.8303177804252,13.815,0.627954545454546,13.75,210.830715,1.10466883821933,0.345631891
18,MIH1.2020,-84.4705752,42.7084916,163,2020-06-11,18,17.91,22.28,12.3,12.92,28.93,30.74,37.91,13.79,1.78,0.04,1.09,6.46,9.5,74.66,0.83,0.82,0,4.44,-5.37,0.570001843,15.272,41.801,13.85,63.36860994,63.7612,11.1043751351467,15.0998996249431,41.800723482548,0.570001842773026,0.124880879226756,13.2867282085125,-12.1967282085125,9.29,0.422272727272727,9.98,141.87688,1.64391819160388,0.769960916
19,MIH1.2020,-84.4705752,42.7084916,164,2020-06-12,19,15.47,20.42,10.68,11.4,29.02,25.99,27.9,11.86,1.56,0.04,0.95,4.63,8.52,78.06,0.82,0.82,0,2.46,-3.68,0.494366477,15.283,41.829,10.194,59.62324318,60.774,9.38795743049269,15.109222099585,41.8289798686919,0.494366476591816,0.113330508481354,11.0542605377728,-10.1042605377728,7.55,0.343181818181818,9.74,115.38665,2.02423841059603,0.76664512
20,MIH1.2020,-84.4705752,42.7084916,165,2020-06-13,20,12.05,18.31,6.42,6.36,25.94,30.42,34.98,13.56,1.76,0.04,0.05,4.5,6.03,70.39,0.81,0.81,0,3.17,-4.45,0.574915874,15.292,41.853,12.781,54.39190505,55.5396,10.9877189980646,15.1174648741721,41.8533893661931,0.574915874400101,0.0945288828831373,12.5089238113251,-12.4589238113251,5.155,0.198409090909091,11.89,78.83026,2.96644034917556,
21,MIH1.2020,-84.4705752,42.7084916,166,2020-06-14,21,13.08,19.77,5.31,6.76,24.66,31.64,40.48,13.88,1.79,0.04,0,5.79,6.23,68.35,0.8,0.8,0,3.08,-5.79,0.612794924,15.3,41.874,14.791,55.9715282,56.7136,11.4281793346519,15.1246214727113,41.8739511678445,0.612794923635599,0.0954880503340987,13.0368017504212,-13.0368017504212,5.885,0.206363636363636,14.46,90.0405,2.59983007646559,
22,MIH1.2020,-84.4705752,42.7084916,167,2020-06-15,22,15.6,23.13,6.19,10.61,26.83,28.79,31.24,12.97,1.68,0.04,0,6.49,8.26,73.99,0.79,0.79,0,2.3,-6.49,0.610454179,15.308,41.891,11.416,59.7824456,60.6196,10.3987954754017,15.1306862452107,41.890664936151,0.610454178536075,0.107782147959351,12.1373099647628,-12.1373099647628,7.565,0.302727272727273,16.94,115.80502,2.02352941176471,0.831410256
23,MIH1.2020,-84.4705752,42.7084916,168,2020-06-16,23,19.02,25.63,11,13.99,29.79,28.69,33.26,13,1.68,0.04,0,7.55,10.18,74.33,0.78,0.79,0,1.43,-7.55,0.703073859,15.314,41.904,12.155,65.07320034,65.2564,10.362895822079,15.1356543836623,41.9035308009256,0.703073859261775,0.132141019970445,12.5100940543249,-12.5100940543249,10.315,0.468863636363636,14.63,157.96391,1.4846340281144,0.683491062
24,MIH1.2020,-84.4705752,42.7084916,169,2020-06-17,24,19.65,25.84,12.59,12.84,28.7,30.74,38.42,13.78,1.77,0.04,0,8.95,9.39,67.11,0.77,0.78,0,1.64,-8.95,0.911727569,15.319,41.913,14.042,65.67501385,65.4724,11.1038080823998,15.1395219357289,41.9125493570063,0.911727569425148,0.13880761170097,13.5024228858807,-13.5024228858807,11.215,0.509772727272727,13.25,171.802585,1.36593847525635,0.701272265
25,MIH1.2020,-84.4705752,42.7084916,170,2020-06-18,25,21.04,27.65,12.69,14.9,30.25,28.4,32.65,12.97,1.68,0.04,0,9.4,10.88,69.87,0.76,0.77,0,1.27,-9.4,0.89119611,15.323,41.918,11.935,67.90463152,67.604,10.2591672477578,15.1422858160553,41.9177216620538,0.891196109911969,0.146190830123826,12.5669770819542,-12.5669770819542,12.17,0.553181818181818,14.96,186.48091,1.25907970419063,0.616444867
26,MIH1.2020,-84.4705752,42.7084916,171,2020-06-19,26,23.44,28.98,16.35,16.67,31.45,27.25,29.01,12.42,1.59,0.04,0,11.37,12.12,67.79,0.75,0.77,0,0.84,-11.37,1.032584044,15.326,41.919,10.606,71.32350624,70.6412,9.84450927440986,15.143943815135,41.9190492343932,1.0325840436196,0.167064689173241,12.2715966959043,-12.2715966959043,14.665,0.666590909090909,12.63,224.75579,1.04507330378452,0.529863481
27,MIH1.2020,-84.4705752,42.7084916,172,2020-06-20,27,22.86,28.51,17.42,18.23,32.98,23.48,19.75,10.7,1.38,0.03,0.17,7.63,13.41,76.04,0.74,0.76,0,2.53,-7.46,0.847718317,15.327,41.917,7.222,71.15179656,70.6228,8.48335248591349,15.14449460568,41.9165340508749,0.84771831683112,0.169736055498856,10.5945140515655,-10.4245140515655,14.965,0.680227272727273,11.09,229.368555,1.02418977614434,0.468066492
28,MIH1.2020,-84.4705752,42.7084916,173,2020-06-21,28,22.32,25.88,19.17,19.8,33.78,17.82,6.6,8.5,1.16,0.03,3.09,2.48,14.85,85.99,0.74,0.76,0,1.64,0.61,0.469734018,15.328,41.91,2.414,71.08366832,70.648,6.43912720041996,15.1439377464561,41.9101785447332,0.469734017505104,0.165830249918011,8.01754806952544,-4.92754806952544,14.525,0.660227272727273,6.71,222.6392,1.05528399311532,0.380824373
29,MIH1.2020,-84.4705752,42.7084916,174,2020-06-22,29,21.85,26.49,16.96,18.89,32.93,26.18,22.34,11.95,1.54,0.04,21.33,5.46,14.02,84.07,0.76,0.8,0,2.08,15.87,0.51405785,15.327,41.9,8.172,70.16209205,69.8504,9.46121387218474,15.1422736835584,41.899985603435,0.514057850276031,0.158923051706845,11.7153173305829,9.61468266941706,13.725,0.623863636363636,9.53,210.363075,1.11672131147541,0.546910755
30,MIH1.2020,-84.4705752,42.7084916,175,2020-06-23,30,19.05,21.69,13.87,15.93,32.88,14.61,9.25,6.98,0.96,0.02,3.19,5.28,11.75,82.84,0.77,0.79,0,3.99,-2.09,0.279594523,15.326,41.886,3.385,65.5075898,65.9848,5.28072311926255,15.1395037491213,41.8859585665138,0.279594523079124,0.12830820733489,6.34184155315889,-3.15184155315889,9.78,0.444545454545455,7.82,149.88828,1.56707566462168,0.366404199
31,MIH1.2020,-84.4705752,42.7084916,176,2020-06-24,31,17.31,22.15,11.23,12.61,29.8,24.99,25.93,11.29,1.47,0.03,0.11,7.2,9.35,75.62,0.76,0.77,0,3.06,-7.09,0.540556159,15.323,41.868,9.49,62.46636378,63.0496,9.03407096531526,15.13563015747,41.8681012233975,0.540556159426701,0.120790176109279,10.7434798800947,-10.6334798800947,8.69,0.395,10.92,133.15687,1.76329113924051,0.652224148
32,MIH1.2020,-84.4705752,42.7084916,177,2020-06-25,32,18.53,23.67,12.81,13.43,29.11,28.71,33.72,13,1.68,0.03,0,6.56,9.85,73.42,0.75,0.76,0,1.92,-6.56,0.661844194,15.319,41.846,12.344,64.27891874,64.5648,10.3808439633515,15.1306559987366,41.8464178112431,0.661844194124032,0.131597933733813,12.51097744087,-12.51097744087,10.24,0.465454545454546,10.86,156.86656,1.49599609375,0.70156503
33,MIH1.2020,-84.4705752,42.7084916,178,2020-06-26,33,21.63,27.34,15.12,17.88,32.72,19.44,10.62,9.16,1.22,0.03,32.16,6.06,13.36,80.25,0.76,0.8,0,2.46,26.1,0.629334158,15.314,41.821,3.889,69.52904425,69.2668,7.03050018972072,15.1245852299797,41.8209130128031,0.629334157514495,0.154772186124767,8.66911163941095,23.4908883605891,13.23,0.601363636363637,12.22,202.60422,1.15752078609221,0.423485899
34,MIH1.2020,-84.4705752,42.7084916,179,2020-06-27,34,22.95,27.59,17,20.18,32.77,22.08,18.69,10.22,1.37,0.03,1.44,7.4,15.26,85.22,0.79,0.8,0,2.96,-5.96,0.44970001,15.308,41.792,6.846,72.0654501,71.4148,7.98707770650665,15.1174226638603,41.7915919543529,0.449700009733127,0.163818961084548,9.91900173443382,-8.47900173443382,14.295,0.649772727272727,10.59,218.82786,1.07086393844001,0.445315904
35,MIH1.2020,-84.4705752,42.7084916,180,2020-06-28,35,21.65,27.69,14.14,17.04,30.47,28.84,30.94,13.13,1.71,0.04,0,10.39,12.5,76.94,0.77,0.78,0,1.34,-10.39,0.720041085,15.301,41.758,11.337,69.3250149,68.9844,10.4349771216348,15.1091739549415,41.7584602037197,0.720041085181859,0.152178732524231,12.8319807750187,-12.8319807750187,12.915,0.587045454545455,13.55,197.612415,1.18474641889276,0.606466513
36,MIH1.2020,-84.4705752,42.7084916,181,2020-06-29,36,23.27,28.9,17.07,18.12,32.29,28.32,31.05,13.15,1.7,0.04,0,10.19,13.34,74.21,0.76,0.77,0,1.5,-10.19,0.884821663,15.292,41.722,11.38,71.63265033,70.9932,10.2495687670334,15.0998455836942,41.7215237684574,0.884821662941314,0.169915420869551,12.7800414938647,-12.7800414938647,14.985,0.681136363636364,11.83,229.15062,1.02048715382049,0.565105286
37,MIH1.2020,-84.4705752,42.7084916,182,2020-06-30,37,22.88,28.04,17.41,17.01,31.41,29.49,35.9,13.56,1.75,0.04,0,11.61,12.39,71.18,0.74,0.76,0,1.92,-11.61,0.949709187,15.283,41.681,13.163,70.77718416,70.2036,10.6760869444093,15.0894448383007,41.6807890942208,0.949709187001937,0.167596104114362,13.2855681029743,-13.2855681029743,14.725,0.669318181818182,10.63,225.042175,1.03789473684211,0.592657343
38,MIH1.2020,-84.4705752,42.7084916,183,2020-07-01,38,23.24,28.74,16.51,18.07,31.51,29.19,34.79,13.37,1.72,0.04,0,11.2,13.3,74.25,0.73,0.75,0,1.66,-11.2,0.839008352,15.272,41.636,12.761,71.589793,70.9452,10.5707428528662,15.0779797943632,41.6362630633972,0.839008352080074,0.166711203331204,13.1417890186661,-13.1417890186661,14.625,0.664772727272727,12.23,223.353,1.04423931623932,0.575301205
39,MIH1.2020,-84.4705752,42.7084916,184,2020-07-02,39,24.79,29.69,19.43,18.56,31.54,29.41,35.89,13.43,1.73,0.04,0,11.94,13.66,69.73,0.72,0.74,0,1.33,-11.94,1.074789916,15.261,41.588,13.17,73.52171633,72.6716,10.6539304269116,15.0654592926342,41.5879529940588,1.07478991583721,0.184551955889731,13.4017846809743,-13.4017846809743,16.56,0.752727272727273,10.26,252.72216,0.921557971014493,0.541750706
40,MIH1.2020,-84.4705752,42.7084916,185,2020-07-03,40,25.26,30.26,19.19,20.52,32.9,28.35,31.36,13.17,1.7,0.04,0,10.94,15.46,76.22,0.71,0.73,0,1.77,-10.94,0.850519739,15.248,41.536,11.512,74.92178028,73.8472,10.2735587015154,15.051892914893,41.535866639305,0.850519738984729,0.186144983766923,12.9313254456832,-12.9313254456832,16.725,0.760227272727273,11.07,255.0228,0.91168908819133,0.521377672
41,MIH1.2020,-84.4705752,42.7084916,186,2020-07-04,41,23.98,28.82,18.86,18.71,32.94,27.33,27.87,12.65,1.65,0.04,0,8.95,13.77,73.92,0.7,0.72,0,1.81,-8.95,0.913255361,15.235,41.48,10.236,72.70199584,71.9156,9.90764322902374,15.0372909581046,41.4800121870652,0.91325536131322,0.177734330207646,12.3999275171515,-12.3999275171515,15.84,0.72,9.96,241.3224,0.961805555555556,0.527522936
42,MIH1.2020,-84.4705752,42.7084916,187,2020-07-05,42,25.14,29.97,17.21,17.48,33.48,27.2,28.1,12.55,1.63,0.04,0.2,12.09,12.77,64.29,0.7,0.71,0,1.05,-11.89,1.102218969,15.22,41.42,10.325,73.47081094,72.6328,9.86444575692877,15.0216644070026,41.4203982604374,1.10221896917085,0.175417338090832,12.321832929635,-12.121832929635,15.59,0.708636363636364,12.76,237.2798,0.976266837716485,0.499204455
43,MIH1.2020,-84.4705752,42.7084916,188,2020-07-06,43,26.12,30.44,21.36,19.33,33.57,27.5,28.21,12.67,1.61,0.04,0.13,11.4,14.38,67,0.69,0.7,0,0.92,-11.27,1.203851386,15.204,41.357,10.371,75.201596,74.2788,9.97746080403059,15.0050249052432,41.3570339186393,1.20385138571401,0.197827811888169,12.6276750690185,-12.4976750690185,17.9,0.813636363636364,9.08,272.1516,0.849385474860335,0.485068913
44,MIH1.2020,-84.4705752,42.7084916,189,2020-07-07,44,25.93,30.85,20.08,20.61,34,26.43,26.47,12.25,1.57,0.04,0.89,12.15,15.57,74.03,0.68,0.69,0,1.38,-11.26,0.974047883,15.187,41.29,9.736,75.72102921,74.5496,9.59353990567529,14.9873847252829,41.2899286586482,0.974047883387849,0.193432741289799,12.1069707155937,-11.2169707155937,17.465,0.793863636363636,10.77,265.240955,0.869567706842256,0.472425762
45,MIH1.2020,-84.4705752,42.7084916,190,2020-07-08,45,25.81,30.12,20.73,21.53,34.52,23.06,19.59,10.88,1.42,0.03,0.83,9.56,16.46,78.52,0.67,0.69,0,0.84,-8.73,0.790050543,15.17,41.219,7.21,76.04109188,74.7608,8.37426323853077,14.968756737137,41.2190924176083,0.790050543280333,0.193032758255075,10.5608678639351,-9.73086786393509,17.425,0.792045454545455,9.39,264.33725,0.870588235294118,0.421542038
46,MIH1.2020,-84.4705752,42.7084916,191,2020-07-09,46,26.51,31.05,21.86,21.51,34.66,25.86,24.9,12.17,1.59,0.04,3.36,11.6,16.49,75.3,0.66,0.69,0,1.2,-8.24,0.997403254,15.151,41.145,9.169,76.7676097,75.4536,9.39578310351888,14.9491543761745,41.144535576081,0.997403253644847,0.20355708821258,11.9104009887529,-8.55040098875292,18.455,0.838863636363636,9.19,279.611705,0.820969926849092,0.459072048
47,MIH1.2020,-84.4705752,42.7084916,192,2020-07-10,47,23.47,27.55,18.59,21.47,35.14,10.85,1.54,5.63,0.8,0.02,62.86,3.76,16.59,88.85,0.7,0.79,0,3.58,59.1,0.352184504,15.131,41.066,0.567,73.24971405,72.3992,3.94423995807202,14.9285916101104,41.0662689622142,0.352184503659478,0.170679509246477,4.89898773644198,57.961012263558,15.07,0.685,8.96,228.02417,1.00404777704048,0.239880699
48,MIH1.2020,-84.4705752,42.7084916,193,2020-07-11,48,21.6,26.83,16.73,17.82,31.18,27.51,32.43,12.63,1.64,0.04,0.04,9.71,13.1,80.48,0.75,0.76,0,3.37,-9.67,0.676611466,15.111,40.984,11.957,69.4972032,69.2152,10.0061197125148,14.9070829053517,40.9843038569002,0.676611465600348,0.159390009935717,12.3151538553051,-12.2751538553051,13.78,0.626363636363637,10.1,208.22958,1.09658925979681,0.584722222
49,MIH1.2020,-84.4705752,42.7084916,194,2020-07-12,49,19.66,24.62,15.97,16.02,31.39,25.1,22.14,11.57,1.52,0.03,0.01,6.29,11.67,80.51,0.73,0.74,0,2.23,-6.28,0.635160785,15.089,40.899,8.168,66.38165334,66.6272,9.13488650287842,14.884643192855,40.8986519999934,0.635160784696185,0.147181362462938,11.1171475227822,-11.1071475227822,12.295,0.558863636363637,8.65,185.519255,1.22724684831232,0.588504578
50,MIH1.2020,-84.4705752,42.7084916,195,2020-07-13,50,19.99,24.68,14.13,15.53,30,25.93,28.66,11.8,1.54,0.03,0,9.38,11.27,76.65,0.71,0.73,0,1.87,-9.38,0.595585679,15.067,40.809,10.581,66.70006165,66.7808,9.4427728927904,14.8612878336499,40.8093255976495,0.595585678702778,0.140250812523974,11.4067359049739,-11.4067359049739,11.405,0.518409090909091,10.55,171.839135,1.32108724243753,0.590295148
51,MIH1.2020,-84.4705752,42.7084916,196,2020-07-14,51,22.02,27.18,16.35,16.34,30.08,25.91,22.25,11.75,1.53,0.04,0,11.3,11.85,71.4,0.7,0.72,0,1.24,-11.3,0.87306944,15.044,40.716,8.221,69.4910572,69.1024,9.44160352961777,14.8370325841771,40.7163373308466,0.873069439508346,0.159262542890296,11.5976969980558,-11.5976969980558,13.765,0.625681818181818,10.83,207.08066,1.09291681801671,0.533605813
52,MIH1.2020,-84.4705752,42.7084916,197,2020-07-15,52,23.34,27.11,18.3,18.63,32.43,23.73,22.11,10.86,1.4,0.03,2.78,8.96,13.78,75.66,0.69,0.71,0,2.34,-6.18,0.698626511,15.019,40.62,8.175,71.86847356,71.2468,8.65309766091114,14.8118935615885,40.619700365139,0.698626510864537,0.167418807493539,10.6892252220039,-7.90922522200393,14.705,0.668409090909091,8.81,220.854395,1.02135328119687,0.46529563
53,MIH1.2020,-84.4705752,42.7084916,198,2020-07-16,53,23.17,26.88,19.14,21.23,34.27,9.89,4.33,5,0.71,0.02,13.18,5.33,16.14,89.2,0.71,0.75,0,1.72,7.85,0.356117778,14.994,40.519,1.602,72.7730636,72.0128,3.60894589116997,14.7858872091494,40.5194283616928,0.35611777770005,0.170139852492897,4.46380591229038,8.71619408770962,15.01,0.682272727272727,7.74,225.05994,0.998934043970686,0.215796288
54,MIH1.2020,-84.4705752,42.7084916,199,2020-07-17,54,22.71,28.15,15.17,18.84,31.2,28.92,36.16,13.29,1.72,0.04,0.02,10.89,13.97,79.86,0.7,0.72,0,1.93,-10.87,0.593010922,14.968,40.416,13.392,71.22996394,70.6924,10.5610664315672,14.7590302618757,40.4155354896394,0.593010921826043,0.158372682522162,12.935620175796,-12.915620175796,13.66,0.620909090909091,12.98,204.46288,1.09575402635432,0.585204756
55,MIH1.2020,-84.4705752,42.7084916,200,2020-07-18,55,25.24,29.87,18.93,21.36,34.14,24.07,18.43,11.25,1.48,0.04,0.01,11.04,16.37,79.79,0.69,0.71,0,2.9,-11.03,0.657116351,14.942,40.308,6.832,75.27203604,74.1296,8.79683999022079,14.7313397125357,40.3080364397801,0.657116351429883,0.183018189231621,10.9579798420616,-10.9479798420616,16.4,0.745454545454545,10.94,245.0488,0.91109756097561,0.445721078
56,MIH1.2020,-84.4705752,42.7084916,201,2020-07-19,56,24.26,27.82,19.59,22.39,35.08,7.61,1.48,3.93,0.54,0.01,11.21,3.43,17.53,89.42,0.69,0.73,0,4.01,7.78,0.302595526,14.914,40.197,0.549,74.63989908,73.5204,2.78350888193824,14.7028327781343,40.1969464396645,0.302595526162569,0.176479970218871,3.44986289404026,7.76013710595974,15.705,0.713863636363636,8.23,234.22437,0.949633874562241,0.161995054
57,MIH1.2020,-84.4705752,42.7084916,202,2020-07-20,57,22.11,27.28,17.14,18.3,31.94,24.75,21.64,11.45,1.51,0.04,0.15,10.65,13.44,80.39,0.69,0.71,0,2.5,-10.5,0.686390477,14.886,40.082,8.037,70.30981671,69.898,9.06060679309152,14.673526866993,40.0822812700564,0.686390476950858,0.16308089045424,11.1121021476423,-10.9621021476423,14.21,0.645909090909091,10.14,211.53006,1.0475721323012,0.517865219
58,MIH1.2020,-84.4705752,42.7084916,203,2020-07-21,58,21,24.43,16.52,17.98,33.54,20.26,9.09,9.52,1.27,0.03,0.06,4.69,13.16,83.57,0.68,0.7,0,1.38,-4.63,0.40927614,14.857,39.964,3.379,68.733693,68.6728,7.42357271468599,14.6434395465304,39.964057282795,0.409276139702036,0.14861769864651,8.98546429779071,-8.92546429779071,12.475,0.567045454545455,7.91,185.341075,1.19094188376754,0.453333333
59,MIH1.2020,-84.4705752,42.7084916,204,2020-07-22,59,23.24,27.26,19.4,20.7,34.36,18.96,10.3,9.06,1.22,0.03,0.42,7.36,15.65,86.19,0.68,0.7,0,2.42,-6.94,0.494898755,14.827,39.842,3.833,72.62948044,71.892,6.9537837385786,14.6125885118366,39.8422914200454,0.494898755148569,0.173034743830508,8.57501554902322,-8.15501554902322,15.33,0.696818181818182,7.86,227.29791,0.967188519243314,0.389845095
60,MIH1.2020,-84.4705752,42.7084916,205,2020-07-23,60,21.97,26.06,17.51,18.68,32.41,23.73,21.82,10.91,1.43,0.03,0.03,9.54,13.72,82.25,0.67,0.69,0,1.93,-9.51,0.533391506,14.797,39.717,8.129,70.22357175,69.8948,8.71180901993674,14.5809915551318,39.7170012349273,0.533391505780118,0.159432518098135,10.6233612580344,-10.5933612580344,13.785,0.626590909090909,8.55,203.976645,1.073413130214,0.496586254
61,MIH1.2020,-84.4705752,42.7084916,206,2020-07-24,61,21.05,26.03,15.36,16.1,30.46,28.56,35.98,13.04,1.68,0.04,0,10.88,11.6,75.23,0.66,0.68,0,1.51,-10.88,0.726383336,14.765,39.588,13.419,68.27016585,68.046,10.4958008876972,14.5486665361852,39.5882049134998,0.726383336236033,0.150389303354523,12.6870946173104,-12.6870946173104,12.695,0.577045454545455,10.67,187.441675,1.16305632138637,0.619477435
62,MIH1.2020,-84.4705752,42.7084916,207,2020-07-25,62,23.06,28.62,16.04,17.63,31.73,25.74,27.46,11.76,1.52,0.04,0,11.71,12.86,73.49,0.65,0.67,0,1.07,-11.71,0.854257186,14.733,39.456,10.254,71.24685606,70.6068,9.46961416065514,14.5156313537647,39.4559212980707,0.854257186165249,0.164123691285682,11.5658930413046,-11.5658930413046,14.33,0.651363636363636,12.58,211.12389,1.02812281926029,0.509973981
63,MIH1.2020,-84.4705752,42.7084916,208,2020-07-26,63,25.42,30.61,18.69,21.27,34.44,24,18.91,11.14,1.43,0.03,0.1,10.55,16.28,78.52,0.64,0.66,0,2.96,-10.45,0.745950953,14.701,39.32,7.07,75.42202616,74.2772,8.83937416384633,14.4819039181797,39.3201699117888,0.745950952892955,0.185419449760054,10.9423274047767,-10.8423274047767,16.65,0.756818181818182,11.92,244.77165,0.882942942942943,0.438237608
64,MIH1.2020,-84.4705752,42.7084916,209,2020-07-27,64,24.11,28.12,17.76,21.1,34.54,15.2,4.57,7.46,1.04,0.03,0.47,5.75,16.2,83.66,0.64,0.64,0,3.33,-5.28,0.417398267,14.667,39.181,1.711,73.83444174,72.906,5.604813428094,14.4475021249689,39.1809709844716,0.417398267068183,0.169512073509489,6.85735081168188,-6.38735081168188,14.94,0.679090909090909,10.36,219.12498,0.981726907630522,0.30941518
65,MIH1.2020,-84.4705752,42.7084916,210,2020-07-28,65,22.8,27.84,16.88,17.89,31.84,26.41,29.24,12.13,1.58,0.04,0.5,10.03,13.13,75.65,0.63,0.63,0,2.91,-9.53,0.784167942,14.634,39.038,10.961,71.025768,70.4404,9.75022473079166,14.4124438297784,39.0383454796063,0.784167942256473,0.164385269421134,11.869326443382,-11.369326443382,14.36,0.652727272727273,10.96,210.14424,1.01908077994429,0.532017544
66,MIH1.2020,-84.4705752,42.7084916,211,2020-07-29,66,23.28,27.91,18.93,19.21,33.32,23.42,21.73,10.95,1.44,0.03,4.77,8.2,14.27,79.15,0.63,0.64,0,3,-3.43,0.747619544,14.599,38.892,8.157,72.0802088,71.3956,8.65732496429786,14.3767468244668,38.8923151224601,0.747619544198661,0.173856379056335,10.5981563906785,-5.82815639067849,15.42,0.700909090909091,8.98,225.11658,0.946757457846952,0.470360825
67,MIH1.2020,-84.4705752,42.7084916,212,2020-07-30,67,21.55,26.75,16.63,16.7,31.41,21.67,10.11,10.16,1.37,0.03,0.01,8.2,12.15,75.71,0.62,0.62,0,2.03,-8.19,0.801847867,14.564,38.743,3.8,69.08131995,68.762,8.02100702127894,14.3404288144673,38.7429024292209,0.801847867349192,0.158626498635524,9.69478474846022,-9.68478474846022,13.69,0.622272727272727,10.12,199.38116,1.06384222059898,0.471461717
68,MIH1.2020,-84.4705752,42.7084916,213,2020-07-31,68,20.66,25.85,14.41,16.1,30.74,24.78,26.12,11.35,1.49,0.04,0,6.6,11.7,76.86,0.61,0.61,0,2.31,-6.6,0.656738578,14.528,38.59,9.833,67.76410324,67.656,9.18475544234444,14.3035073974266,38.5901307370858,0.656738578075096,0.145875053286319,10.9618259424238,-10.9618259424238,12.13,0.551363636363637,11.44,176.22464,1.19769167353669,0.549370765
69,MIH1.2020,-84.4705752,42.7084916,214,2020-08-01,69,21.36,25.88,16.4,18.09,33.78,9.73,1.8,4.96,0.72,0.02,7.41,3.74,13.34,83.1,0.61,0.63,0,1.96,3.67,0.525752056,14.492,38.434,0.679,69.2909584,69.0724,3.61159631815484,14.2660000431391,38.434024235206,0.525752056347935,0.154027416150396,4.33623619152456,3.07376380847544,13.14,0.597272727272727,9.48,190.42488,1.10289193302892,0.232209738
70,MIH1.2020,-84.4705752,42.7084916,215,2020-08-02,70,20.32,23.69,17.1,17.96,33.36,10.74,5.42,5.32,0.74,0.02,22.43,4.28,13.24,86.99,0.65,0.72,0,3.09,18.15,0.380627701,14.455,38.275,2.047,67.81923432,67.9856,3.99240939522022,14.2279240747813,38.2746079963881,0.380627701401485,0.147977870265403,4.76044614394469,17.6695538560553,12.395,0.563409090909091,6.59,179.169725,1.16619604679306,0.261811024
71,MIH1.2020,-84.4705752,42.7084916,216,2020-08-03,71,19.85,25.04,14.56,16.86,32.83,19.86,15.12,9.23,1.22,0.03,5.05,7.47,12.31,83.94,0.65,0.69,0,2.32,-2.42,0.495862928,14.418,38.112,5.72,66.8705491,67.1196,7.39399957168172,14.1892966514512,38.1119080094466,0.495862927521631,0.143291841608703,8.76334739281135,-3.71334739281135,11.8,0.536363636363636,10.48,170.1324,1.22186440677966,0.464987406
72,MIH1.2020,-84.4705752,42.7084916,217,2020-08-04,72,16.73,20.92,12.88,13.9,31.67,14.4,5.9,6.86,0.95,0.02,0.84,4.86,10.12,84.34,0.65,0.67,0,2.77,-4.02,0.392159286,14.38,37.946,2.236,61.75966118,62.934,5.36979398118188,14.1501347520094,37.9459512120963,0.39215928629345,0.122208791218054,6.20250897178044,-5.36250897178044,8.9,0.404545454545455,8.04,127.982,1.61573033707865,0.410041841
73,MIH1.2020,-84.4705752,42.7084916,218,2020-08-05,73,17.18,22.3,10.36,12.73,28.93,22.47,22.23,10.16,1.32,0.03,0.03,7.04,9.35,76.83,0.64,0.65,0,1.73,-7.01,0.503744737,14.342,37.777,8.44,62.29651006,62.9628,8.39304061768583,14.1104551602118,37.7767655242662,0.503744737474964,0.118390767623586,9.62815528694616,-9.59815528694616,8.33,0.378636363636364,11.94,119.46886,1.72172869147659,0.591385332
74,MIH1.2020,-84.4705752,42.7084916,219,2020-08-06,74,18.77,23.88,12.97,13.29,28.94,24.24,25.68,10.96,1.41,0.03,0,6.79,9.68,72.7,0.63,0.64,0,1.19,-6.79,0.702219236,14.303,37.604,9.768,64.6169321,64.7544,9.0697800035008,14.0702744511225,37.6043798817132,0.702219235836634,0.13294098090422,10.5793630620184,-10.5793630620184,10.425,0.473863636363636,10.91,149.108775,1.37199040767386,0.583910495
75,MIH1.2020,-84.4705752,42.7084916,220,2020-08-07,75,20.65,26.14,14.91,13.81,28.55,26.75,34.15,12.03,1.53,0.03,0,8.36,10,66.9,0.62,0.63,0,1.03,-8.36,0.96339263,14.264,37.429,13.014,67.1365015,66.8216,10.0268188355928,14.0296089787885,37.428824269807,0.963392630200983,0.1490187782996,11.8682138205651,-11.8682138205651,12.525,0.569318181818182,11.23,178.6566,1.13884231536926,0.582566586
76,MIH1.2020,-84.4705752,42.7084916,221,2020-08-08,76,21.88,27.76,14.65,15.64,30.75,25.92,31.6,11.9,1.51,0.03,0.01,8.3,11.33,69.86,0.61,0.61,0,2.27,-8.29,0.920437639,14.224,37.25,12.067,69.16533432,68.7104,9.73369142246274,13.9884748651547,37.2501297573569,0.920437638897154,0.154565000921342,11.5567622650892,-11.5467622650892,13.205,0.600227272727273,13.11,187.82792,1.07716773949262,0.543875686
77,MIH1.2020,-84.4705752,42.7084916,222,2020-08-09,77,23.52,28.55,18.79,19.93,33.65,23.61,24.7,11.07,1.43,0.03,0.22,4.02,14.93,80.58,0.61,0.6,0,2.8,-3.8,0.707533304,14.184,37.068,9.451,72.59115184,71.8948,8.88321752028652,13.9468879901949,37.0683285303454,0.707533304082158,0.176155987292884,10.7008626752266,-10.4808626752266,15.67,0.712272727272727,9.76,222.26328,0.90516911295469,0.470663265
78,MIH1.2020,-84.4705752,42.7084916,223,2020-08-10,78,24.68,29.4,19.59,21.76,34.4,21.45,17.91,10.12,1.33,0.03,3.07,4.15,16.74,84.76,0.61,0.61,0,2.86,-1.08,0.583878873,14.144,36.883,6.868,74.87970032,73.7136,8.08653476551556,13.90486398323,36.8834539254303,0.583878873214361,0.183927561887259,9.77074046357401,-6.70074046357401,16.495,0.749772727272727,9.81,233.30528,0.857471961200364,0.410048622
79,MIH1.2020,-84.4705752,42.7084916,224,2020-08-11,79,22.15,26.94,16.69,16.16,31.3,25.46,31.13,11.62,1.52,0.04,0.4,7.06,11.91,71.91,0.6,0.6,0,2.66,-6.66,0.889416982,14.103,36.696,11.964,69.72715435,69.1676,9.61798527315007,13.8624182154036,36.695540463079,0.889416982370992,0.159687768239417,11.4001952395501,-11.0001952395501,13.815,0.627954545454546,10.25,194.832945,1.02084690553746,0.524604966
80,MIH1.2020,-84.4705752,42.7084916,225,2020-08-12,80,22.2,29.07,15.52,14.48,28.41,26.83,36.31,12.07,1.54,0.03,0,6.05,10.51,64.47,0.6,0.58,0,1.31,-6.05,1.243469927,14.062,36.505,13.987,69.2320066,68.6128,10.1570406929992,13.8195657932812,36.5046238801914,1.24346992705274,0.163818961084548,12.0528449517599,-12.0528449517599,14.295,0.649772727272727,13.55,201.01629,0.983700594613501,0.543693694
81,MIH1.2020,-84.4705752,42.7084916,226,2020-08-13,81,22.63,28.77,17.73,15.78,29.94,22.47,19.33,10.22,1.31,0.03,0,4.33,11.42,68.12,0.59,0.58,0,1.73,-4.33,1.19804394,14.02,36.311,7.463,70.15054044,69.5108,8.52513431015725,13.776321553539,36.3107411620723,1.19804393994136,0.172307153876313,10.1573218436738,-10.1573218436738,15.25,0.693181818181818,11.04,213.805,0.919344262295082,0.451612903
82,MIH1.2020,-84.4705752,42.7084916,227,2020-08-14,82,22.99,29.82,16.86,18.87,33.06,20.35,19.47,9.52,1.24,0.03,5.23,3.94,13.98,78.85,0.59,0.59,0,2.62,1.29,0.880365455,13.978,36.114,7.536,71.59268885,70.9832,7.73830047729188,13.7327000587057,36.1139305736111,0.880365455122861,0.173125874551897,9.20425165828391,-3.97425165828391,15.34,0.697272727272727,12.96,214.42252,0.911212516297262,0.414093084
83,MIH1.2020,-84.4705752,42.7084916,228,2020-08-15,83,24.21,30.07,18.19,17.98,33.45,21.57,22.23,10.08,1.31,0.03,0.37,5.13,13.21,70.13,0.59,0.58,0,1.24,-4.76,1.113021932,13.936,35.914,8.626,72.69019827,71.8828,8.22140921496981,13.688715593919,35.9142316895264,1.1130219316479,0.180454320875361,9.80390416984987,-9.43390416984987,16.13,0.733181818181818,11.88,224.78768,0.863980161190328,0.416356877
84,MIH1.2020,-84.4705752,42.7084916,229,2020-08-16,84,21.63,26.22,17.23,16.01,31.41,21.34,23.57,9.81,1.28,0.03,0.5,4.65,11.72,73.04,0.58,0.57,0,2.41,-4.15,0.866302089,13.893,35.712,9.169,69.01614648,68.5936,8.15338486382174,13.6443821646597,35.711685423538,0.866302088932203,0.158923051706845,9.54946034509702,-9.04946034509702,13.725,0.623863636363636,8.99,190.681425,1.01224043715847,0.453536755
85,MIH1.2020,-84.4705752,42.7084916,230,2020-08-17,85,20.74,26.31,15.57,14.93,30.81,22.59,22.69,10.38,1.35,0.03,0.06,3.95,10.83,71.57,0.58,0.56,0,2.39,-3.89,0.898532865,13.85,35.506,8.851,67.56007182,67.3148,8.65247105979008,13.5997134954224,35.5063340563251,0.898532864865322,0.152383210948085,10.0529393761068,-9.99293937610682,12.94,0.588181818181818,10.74,179.219,1.07032457496136,0.50048216
86,MIH1.2020,-84.4705752,42.7084916,231,2020-08-18,86,18.1,23.82,12.3,11.93,28.21,24.36,31.48,11.04,1.43,0.03,0,3.48,8.89,70,0.57,0.55,0,2.78,-3.48,0.795062007,13.807,35.298,12.314,63.4943,63.5948,9.35438220926916,13.5547230292843,35.2982212621355,0.795062006956577,0.130302238210888,10.5993197511574,-10.5993197511574,10.06,0.457272727272727,11.52,138.89842,1.37246520874751,0.609944751
87,MIH1.2020,-84.4705752,42.7084916,232,2020-08-19,87,17.58,24.21,10.2,10.58,27.72,25.3,33.45,11.47,1.47,0.03,0,3.38,8.11,67.26,0.57,0.54,0,1.77,-3.38,0.856586486,13.763,35.087,13.121,62.62768492,62.5888,9.74106095096403,13.5094239283329,35.087392133913,0.856586486073126,0.124294317499003,10.9271905301797,-10.9271905301797,9.205,0.418409090909091,14.01,126.688415,1.49516567083107,0.652445961
88,MIH1.2020,-84.4705752,42.7084916,233,2020-08-20,88,21.06,28.96,12.72,13.1,29.35,25.07,33.76,11.5,1.47,0.03,0,3.7,9.65,63.66,0.56,0.54,0,1.99,-3.7,1.225855825,13.72,34.874,13.282,67.52794804,66.976,9.6788217164722,13.4638290749104,34.8738932068099,1.22585582549539,0.151566688503475,11.1485135900885,-11.1485135900885,12.84,0.583636363636364,16.24,176.1648,1.06853582554517,0.546058879
89,MIH1.2020,-84.4705752,42.7084916,234,2020-08-21,89,22.93,30.42,15.28,15.2,30.94,24.33,30.88,11.18,1.43,0.03,0,3.56,11.07,65.13,0.56,0.53,0,1.67,-3.56,1.313873291,13.676,34.658,12.185,70.34467591,69.602,9.41949601089878,13.4179510736387,34.657772479961,1.31387329059853,0.16870780251209,10.9698701427348,-10.9698701427348,14.85,0.675,15.14,203.0886,0.920942760942761,0.487570868
90,MIH1.2020,-84.4705752,42.7084916,235,2020-08-22,90,24,31.37,16.63,15.65,31.26,24.16,30.72,11.08,1.4,0.03,0,3.39,11.4,63.9,0.55,0.53,0,1.34,-3.39,1.462345955,13.631,34.439,12.159,71.78494,70.834,9.38070203234485,13.371802254183,34.4390794363935,1.46234595508063,0.179230706631199,10.9724204953123,-10.9724204953123,16,0.727272727272727,14.74,218.096,0.8519375,0.461666667
91,MIH1.2020,-84.4705752,42.7084916,236,2020-08-23,91,24.78,31.34,17.37,15.94,32.27,22.48,25.95,10.36,1.31,0.03,0,3.06,11.59,61.68,0.55,0.52,0,1.56,-3.06,1.470582861,13.587,34.218,10.304,72.68302096,71.7184,8.7543413872841,13.3253946747173,34.2178650609576,1.47058286100241,0.182588758240421,10.2313714096215,-10.2313714096215,16.355,0.743409090909091,13.97,222.215385,0.830755120758178,0.418079096
92,MIH1.2020,-84.4705752,42.7084916,237,2020-08-24,92,25.44,32.37,18.86,19.02,33.36,21.25,20,9.77,1.22,0.03,0.02,2.53,14.1,70.16,0.54,0.52,0,2.42,-2.51,1.316505886,13.542,33.994,7.967,74.54373696,73.4872,8.30063299868662,13.2787401260527,33.994181856163,1.31650588633281,0.194938899306546,9.74233277366467,-9.72233277366467,17.615,0.800681818181818,13.51,238.54233,0.768776610843032,0.384040881
93,MIH1.2020,-84.4705752,42.7084916,238,2020-08-25,93,23.34,27.23,20.52,16.62,34.4,13.84,4.75,6.7,0.9,0.02,1.17,1.59,12.26,68.66,0.54,0.52,0,2.37,-0.42,1.122582682,13.497,33.768,1.899,71.25201156,70.5232,5.42313288102524,13.2318501363936,33.768083855815,1.1225826817166,0.178060759102399,6.2807153287286,-5.1107153287286,15.875,0.721590909090909,6.71,214.264875,0.850204724409449,0.28706084
94,MIH1.2020,-84.4705752,42.7084916,239,2020-08-26,94,25.05,32.29,18.32,17.56,34.04,17.72,11.31,8.07,0.98,0.02,0.74,2.08,12.89,64.96,0.54,0.51,0,2.71,-1.34,1.461946175,13.452,33.54,4.536,73.4109752,72.5716,6.96589511982266,13.1847359766827,33.5396266363491,1.46194617478362,0.191836985640122,8.10977255554616,-7.36977255554616,17.305,0.786590909090909,13.97,232.78686,0.777347587402485,0.322155689
95,MIH1.2020,-84.4705752,42.7084916,240,2020-08-27,95,26.34,32.06,21.8,21.21,34.22,19.82,18.77,9.11,1.14,0.03,6.36,1.9,16.23,75.82,0.54,0.53,0,3.58,4.46,1.172090762,13.407,33.309,7.555,76.56441812,75.1756,7.81724089334753,13.1374086665025,33.3088673257679,1.17209076230754,0.208570782925688,9.15144101587044,-2.79144101587044,18.93,0.860454545454546,10.26,253.79451,0.70824088748019,0.345861807
96,MIH1.2020,-84.4705752,42.7084916,241,2020-08-28,96,24.84,30.37,21.33,21.7,35.37,13.92,7.19,6.8,0.92,0.02,25.06,2.23,16.74,84.21,0.57,0.63,0,2.39,22.83,0.839909526,13.361,33.076,2.904,75.08695636,73.852,5.50888442544083,13.089878980498,33.0758646100932,0.839909525692921,0.197318394594039,6.39013798289973,18.6698620171003,17.85,0.811363636363636,9.04,238.49385,0.748515406162465,0.273752013
97,MIH1.2020,-84.4705752,42.7084916,242,2020-08-29,97,20.61,24.99,15.6,15.69,31.73,18.94,18.16,8.74,1.17,0.03,3.03,3.65,11.65,75.25,0.59,0.59,0,4.69,-0.62,0.686502795,13.315,32.841,7.363,67.58728475,67.4584,7.52172219640998,13.0421574552877,32.8406787372509,0.686502795289305,0.147181362462938,8.38879578013925,-5.35879578013925,12.295,0.558863636363636,9.39,163.707925,1.08296055307035,0.424065987
98,MIH1.2020,-84.4705752,42.7084916,243,2020-08-30,98,18.04,23.83,12.11,13.06,29.62,19.54,21.76,8.91,1.17,0.03,0.43,3.07,9.6,74.85,0.58,0.56,0,1.94,-2.64,0.679505785,13.269,32.603,8.856,63.5767606,63.9416,7.78777528488034,12.9942543968321,32.6033715183143,0.67950578472107,0.129658455487058,8.49560190523468,-8.06560190523468,9.97,0.453181818181818,11.72,132.29193,1.3308926780341,0.493902439
99,MIH1.2020,-84.4705752,42.7084916,244,2020-08-31,99,20.37,27.19,14.9,13.27,30.22,22.61,28.7,10.22,1.3,0.03,0.01,3.42,9.77,67.45,0.57,0.55,0,2.13,-3.41,1.125369977,13.223,32.364,11.726,66.75651935,66.3472,9.04440335117962,12.9461798882277,32.3640063260393,1.12536997724966,0.153244558682824,10.0694431963695,-10.0594431963695,13.045,0.592954545454546,12.29,172.494035,1.01364507474128,0.501718213
100,MIH1.2020,-84.4705752,42.7084916,245,2020-09-01,100,22.17,28.86,16.45,18.89,33.73,12.74,6.41,6.13,0.82,0.02,12.36,1.87,14.13,83.17,0.58,0.59,0,2.05,10.49,0.739915047,13.177,32.123,2.629,70.61879111,70.1704,5.11538785724044,12.8979437978988,32.1226480906328,0.739915047222008,0.166976258453045,5.73687616910829,6.62312383089171,14.655,0.666136363636364,12.41,193.108935,0.899147048788809,0.276499774
101,MIH1.2020,-84.4705752,42.7084916,246,2020-09-02,101,21.7,26.7,16.84,16.13,31.81,17.56,13.73,8.18,1.1,0.03,1.09,3.47,12.04,74.18,0.58,0.57,0,3.03,-2.38,0.877149951,13.131,31.879,5.655,69.2053494,68.7068,7.0778766052619,12.8495557881577,31.8793632927004,0.87714995142132,0.159305022333516,7.86038520662854,-6.77038520662854,13.77,0.625909090909091,9.86,180.81387,0.95359477124183,0.376958525
102,MIH1.2020,-84.4705752,42.7084916,247,2020-09-03,102,20.5,29.37,14.22,12.49,30.36,20.01,25.84,9.21,1.19,0.03,0.13,3.99,9.31,63.25,0.57,0.55,0,4.11,-3.86,1.408274029,13.084,31.634,10.688,66.6968375,66.1964,8.09719718435443,12.8010253241072,31.6342199533341,1.40827402868549,0.159517563154203,8.95862194474507,-8.82862194474507,13.795,0.627045454545455,15.15,180.49378,0.948459586806814,0.449268293
103,MIH1.2020,-84.4705752,42.7084916,248,2020-09-04,103,16.86,23.13,10.93,8.94,27.03,22.75,34.52,10.2,1.3,0.03,0,2.59,7.29,63.25,0.57,0.54,0,3.2,-2.59,0.925665677,13.037,31.387,14.338,61.4691605,61.2784,9.24311242772589,12.7523616828594,31.3872876213007,0.92566567677702,0.123094044846415,9.81054202155062,-9.81054202155062,9.03,0.410454545454546,12.2,117.72411,1.4437430786268,0.604982206
104,MIH1.2020,-84.4705752,42.7084916,249,2020-09-05,104,18.35,26.77,11.67,12.6,30.28,15.42,14.34,7.07,0.93,0.02,0.02,2.36,9.25,72.91,0.56,0.54,0,2.75,-2.34,0.985863157,12.991,31.139,5.983,63.98256515,64.086,6.29086970834318,12.7035739630458,31.138637357307,0.985863157422583,0.138845428941863,6.77344230088579,-6.75344230088579,11.22,0.51,15.1,145.75902,1.1578431372549,0.385286104
105,MIH1.2020,-84.4705752,42.7084916,250,2020-09-06,105,17.52,21.7,10.32,13.01,30.98,11.96,4.8,5.71,0.76,0.02,1.23,1.04,9.59,75.65,0.56,0.54,0,3.65,0.19,0.426491993,12.944,30.888,2.011,62.7945912,63.4036,4.89990261329876,12.6546710945961,30.8883417153216,0.426491992812653,0.116292040930773,5.1093802371277,-3.8793802371277,8.01,0.364090909090909,11.38,103.68144,1.61598002496879,0.325913242
106,MIH1.2020,-84.4705752,42.7084916,251,2020-09-07,106,20.95,26.43,15.08,14.45,31.5,18.67,19.25,8.41,1.05,0.02,6.04,2.11,10.69,70.26,0.56,0.55,0,3.49,3.93,0.935071956,12.897,30.636,8.104,67.7945953,67.352,7.68194476877953,12.6056618487629,30.6364747209442,0.935071956350195,0.150875555780332,8.29733309817361,-2.25733309817361,12.755,0.579772727272727,11.35,164.501235,1.01113288906311,0.401431981
107,MIH1.2020,-84.4705752,42.7084916,252,2020-09-08,107,15.5,19.41,13.11,13.53,32.55,3.84,0.28,2,0.27,0.01,34.24,1.55,9.85,88.47,0.62,0.7,0,3.35,32.69,0.330902003,12.85,30.383,0.118,59.7795115,61.5708,1.58697275186413,12.5565548483706,30.3831118468197,0.330902003293714,0.117928945231213,1.6443269265665,32.5956730734335,8.26,0.375454545454545,6.3,106.141,1.55569007263923,0.129032258
108,MIH1.2020,-84.4705752,42.7084916,253,2020-09-09,108,17.26,23.5,12.79,15.62,33.29,6.94,3.51,3.44,0.47,0.01,2.33,1.96,11.34,90.47,0.62,0.64,0,1.83,0.37,0.411791799,12.802,30.128,1.491,62.80236078,64.0832,2.88104480321675,12.5073585782692,30.1283299851057,0.411791798533051,0.1309127406545,3.02183954647168,-0.691839546471683,10.145,0.461136363636364,10.71,129.87629,1.26190241498275,0.199304751
109,MIH1.2020,-84.4705752,42.7084916,254,2020-09-10,109,15.37,19.66,11.92,12.89,32.34,7.29,2.46,3.66,0.51,0.01,0.32,1.68,9.38,85.69,0.61,0.62,0,2.63,-1.36,0.35531086,12.755,29.872,1.05,59.53487747,61.2104,3.04026455456843,12.4580813959725,29.872207417006,0.355310859951678,0.114867561246565,3.10781668630829,-2.78781668630829,7.79,0.354090909090909,7.74,99.36145,1.63735558408216,0.23812622
110,MIH1.2020,-84.4705752,42.7084916,255,2020-09-11,110,15.08,20.91,10.03,9.92,30.29,18.61,19.63,8.75,1.13,0.03,0.01,3.31,7.69,73.57,0.61,0.6,0,2.77,-3.3,0.630445782,12.708,29.615,8.423,58.97770244,59.8512,7.7976656462801,12.4087315424635,29.6148237793974,0.630445782079416,0.112822055212358,7.90919018456158,-7.89919018456158,7.47,0.339545454545454,10.88,94.92876,1.70120481927711,0.580238727
111,MIH1.2020,-84.4705752,42.7084916,256,2020-09-12,111,19.26,24.93,12.77,16.26,32.92,12.57,3.67,5.9,0.76,0.02,5.81,2.04,11.94,83.87,0.6,0.61,0,2.69,3.77,0.46627019,12.66,29.356,1.583,65.89901838,66.3136,5.29211202189364,12.3593171531482,29.3562600285778,0.466270190354003,0.136070404746391,5.50520181399369,0.304798186006309,10.85,0.493181818181818,12.16,137.361,1.1668202764977,0.306334372
112,MIH1.2020,-84.4705752,42.7084916,257,2020-09-13,112,18.24,23,12.77,14.81,30.4,16.17,14.43,7.32,0.92,0.02,1.08,3.37,10.77,82.09,0.61,0.61,0,3.25,-2.29,0.4577989,12.613,29.097,6.255,64.15901384,64.7716,6.84101321482005,12.3098462689415,29.09659840118,0.457798900349669,0.129052915855387,7.02530828357704,-5.94530828357704,9.885,0.449318181818182,10.23,124.679505,1.2759736975215,0.401315789
113,MIH1.2020,-84.4705752,42.7084916,258,2020-09-14,113,14.28,19.93,9.13,9.89,27.95,17.04,15.9,7.43,0.88,0.02,0.02,2.77,7.69,77.1,0.6,0.59,0,2.02,-2.75,0.524217543,12.565,28.836,6.928,57.7412812,59.0404,7.24499000876761,12.2603268474698,28.8359223722962,0.524217543345295,0.106991372828453,7.17419527932968,-7.15419527932968,6.53,0.296818181818182,10.8,82.04945,1.92419601837672,0.520308123
114,MIH1.2020,-84.4705752,42.7084916,259,2020-09-15,114,15.09,22.27,8.1,10.42,27.33,15.63,12.5,6.44,0.71,0.01,0,2.36,7.99,74.89,0.6,0.59,0,2.63,-2.36,0.620952829,12.517,28.574,5.476,59.00152199,60.0412,6.67922481865509,12.2107667743726,28.574316610872,0.620952828979629,0.111026406230898,6.62413499563815,-6.62413499563815,7.185,0.326590909090909,14.17,89.934645,1.74210160055672,0.426772697
115,MIH1.2020,-84.4705752,42.7084916,260,2020-09-16,115,17.81,25.39,10.74,12.75,30.04,15.85,13.08,6.6,0.74,0.01,0.01,2.45,9.55,74.26,0.59,0.58,0,3.34,-2.44,0.792679117,12.47,28.312,5.761,63.20036894,63.6,6.8082619339048,12.1611738746914,28.3118669324327,0.792679117131576,0.130338083205228,6.89681098324673,-6.88681098324673,10.065,0.4575,14.65,125.51055,1.23894684550422,0.370578327
116,MIH1.2020,-84.4705752,42.7084916,261,2020-09-17,116,13.62,19.15,8.3,6.89,26.76,19.54,25.21,8.49,1.04,0.02,0,2.3,6.38,67.73,0.59,0.57,0,3.2,-2.3,0.662125591,12.422,28.049,11.165,56.77938774,57.3004,8.43747261575485,12.1115559243278,28.0486602492152,0.662125590609983,0.102203639768892,8.15757181775971,-8.15757181775971,5.725,0.260227272727273,10.85,71.11595,2.16978165938865,0.623348018
1,MNH1.2020,-93.5324906,44.069073,136,2020-05-15,1,13.1,20.06,5.11,6.82,24.53,29.14,37.34,12.72,1.64,0.03,0,2.56,6.38,68.41,0.72,0.73,0,2.65,-2.56,0.623442792,14.757,39.46,13.964,56.0004629,56.7552,10.7875399470499,14.6078220600879,39.4595929118548,0.623442791895976,0.0957360285526591,12.012889648703,-12.012889648703,6.03,0.208409090909091,14.95,88.98471,2.44726368159204,
2,MNH1.2020,-93.5324906,44.069073,137,2020-05-16,2,13.04,17.14,8.74,10.54,29.26,12.38,2.24,5.99,0.85,0.02,26.59,0.59,8.16,85.47,0.71,0.77,0,3.52,26,0.268399961,14.793,39.597,0.837,55.67402512,58.0344,4.57828471297588,14.6433938472637,39.5967545040005,0.268399960616143,0.0977115981165234,5.12414517712584,21.4658548228742,4.94,0.224545454545455,8.4,73.07742,2.99453441295546,0.459355828
3,MNH1.2020,-93.5324906,44.069073,138,2020-05-17,3,10.81,12.98,8.3,9.25,29.74,4.05,0.5,2.26,0.35,0.01,43.5,0.11,7.52,90.05,0.8,0.86,0,7.16,43.39,0.12775049,14.829,39.73,0.187,51.81601095,55.34,1.49626621714462,14.6782412095574,39.7301470938455,0.127750490132084,0.0855050262896748,1.63094556859688,41.8690544314031,2.64,0.12,4.68,39.14856,,0.20906568
4,MNH1.2020,-93.5324906,44.069073,139,2020-05-18,4,12.64,16.87,7.9,9.81,30.6,12.59,6.02,6.06,0.87,0.02,0.42,0.92,7.79,83.56,0.8,0.8,0,5.33,-0.5,0.281229037,14.864,39.86,2.245,55.04568416,57.3716,4.64700419158549,14.7123449815451,39.8597495679159,0.28122903660847,0.0946380850456016,5.17829467266546,-4.75829467266546,4.435,0.199318181818182,8.97,65.92184,3.35152198421646,0.47943038
5,MNH1.2020,-93.5324906,44.069073,140,2020-05-19,5,14.81,19.82,10.65,12.21,30.56,20.58,19.11,9.44,1.28,0.03,0.04,1.49,9.15,84.95,0.79,0.79,0,2.93,-1.45,0.375302443,14.898,39.986,7.12,58.60353405,60.4056,7.58939869141548,14.7456859937706,39.9855416865972,0.375302443076945,0.111339664373734,8.72630086780862,-8.68630086780862,7.235,0.328863636363636,9.17,107.78703,2.05915687629578,0.637407157
6,MNH1.2020,-93.5324906,44.069073,141,2020-05-20,6,17,22.86,11.32,13.92,29.59,24.35,25.62,11.17,1.48,0.03,0.02,2.84,10.18,82.95,0.78,0.78,0,3.47,-2.82,0.472977392,14.931,40.108,9.538,62.168635,63.2112,8.97214316041886,14.7782451024111,40.107504061149,0.47297739171714,0.123504454414857,10.5061405500019,-10.4861405500019,9.09,0.413181818181818,11.54,135.72279,1.64257425742574,0.657058824
7,MNH1.2020,-93.5324906,44.069073,142,2020-05-21,7,16.08,20.24,12.09,13.11,32.57,8.98,1.54,4.46,0.67,0.02,0.09,2.22,9.65,83.3,0.77,0.77,0,3.49,-2.13,0.383483246,14.964,40.226,0.573,60.6735936,61.9996,3.30619727162689,14.8100032202024,40.2256181319679,0.383483245568383,0.117304632732403,3.84191160999489,-3.75191160999489,8.165,0.371136363636364,8.15,122.18106,1.83270055113288,0.277363184
8,MNH1.2020,-93.5324906,44.069073,143,2020-05-22,8,16.32,20.44,11.49,13.23,32.83,9.93,1.33,4.92,0.72,0.02,0.82,2.01,9.77,82.96,0.76,0.77,0,2.7,-1.19,0.358944212,14.996,40.34,0.494,61.05960128,62.2828,3.65322351467507,14.8409413485618,40.339866148137,0.358944211915944,0.115999456389931,4.24034524282008,-3.42034524282008,7.965,0.362045454545455,8.95,119.44314,1.8827369742624,0.301470588
9,MNH1.2020,-93.5324906,44.069073,144,2020-05-23,9,16.98,21.35,13.35,15.29,31.47,13.8,6.61,6.69,0.93,0.02,8.91,1.13,11.21,89.61,0.77,0.79,0,2.5,7.78,0.299235621,15.027,40.45,2.456,62.30319022,63.6844,5.07340389915608,14.8710406108329,40.450231148289,0.299235621324154,0.125296334698217,5.96791477990298,2.94208522009702,9.35,0.425,8,140.50245,1.60716577540107,0.393992933
10,MNH1.2020,-93.5324906,44.069073,145,2020-05-24,10,18.4,24.07,12.65,17.08,31.98,15.8,5.03,7.52,1.04,0.03,5.64,1.27,12.68,91.51,0.77,0.79,0,2.65,4.37,0.282565714,15.057,40.557,1.867,64.7875316,65.7488,5.80482331832491,14.9002822865703,40.5566969428014,0.282565714287307,0.132467782330115,6.89207132536328,-1.25207132536328,10.36,0.470909090909091,11.42,155.99052,1.45337837837838,0.408695652
11,MNH1.2020,-93.5324906,44.069073,146,2020-05-25,11,20.65,25.61,15.35,17.52,33.47,16.38,7.01,7.77,1.06,0.03,5.48,3.08,12.96,83.63,0.77,0.79,0,1.23,2.4,0.511906504,15.086,40.659,2.601,68.16430905,68.1572,6.01416069339842,14.9286478467703,40.6592480973302,0.511906503930014,0.148657765483904,7.26492355022439,-1.78492355022439,12.48,0.567272727272727,10.26,188.27328,1.2088141025641,0.376271186
12,MNH1.2020,-93.5324906,44.069073,147,2020-05-26,12,21.41,24.68,18.63,19.47,33.93,16.72,6.65,8.01,1.11,0.03,18.79,1.91,14.65,89.25,0.78,0.81,0,2.33,16.88,0.364868893,15.115,40.758,2.466,69.79669075,69.6192,6.13541163993456,14.9561189899443,40.7578699176794,0.364868893285976,0.158330413214161,7.4784255802601,11.3115744197399,13.655,0.620681818181818,6.05,206.395325,1.10692054192603,0.374124241
13,MNH1.2020,-93.5324906,44.069073,148,2020-05-27,13,20.05,23.58,17.03,17.31,33.45,17.56,7.39,8.32,1.15,0.03,4.16,2.21,12.74,85.07,0.79,0.8,0,2.29,1.95,0.449326287,15.142,40.853,2.739,67.26145965,67.4816,6.44013238131395,14.98267767892,40.852548435993,0.449326286644852,0.147260849697803,7.77815532545227,-3.61815532545227,12.305,0.559318181818182,6.55,186.32231,1.23055668427469,0.414962594
14,MNH1.2020,-93.5324906,44.069073,149,2020-05-28,14,18.13,23.81,12.28,12.38,28.75,25.04,24.31,11.24,1.5,0.04,0.25,3.7,9.3,71.84,0.79,0.78,0,3.59,-3.45,0.751242088,15.169,40.943,9.007,63.60652608,63.7868,9.17874862090756,15.0083061782487,40.9432703982461,0.751242087604888,0.130194753350966,10.893814155262,-10.643814155262,10.045,0.456590909090909,11.53,152.372605,1.51010452961673,0.619966906
15,MNH1.2020,-93.5324906,44.069073,150,2020-05-29,15,13.64,18.26,8.49,8.94,27.81,24.43,26.23,10.94,1.46,0.03,0,2.71,7.29,74.68,0.77,0.78,0,3.23,-2.71,0.460106537,15.195,41.03,9.714,56.75364848,58.0584,8.95090583778181,15.0329870920843,41.0300232530021,0.460106536669671,0.100179583884601,10.1604776213328,-10.1604776213328,5.375,0.244318181818182,9.77,81.673125,2.82697674418605,0.802052786
16,MNH1.2020,-93.5324906,44.069073,151,2020-05-30,16,13.95,19.84,8.05,7.93,25.72,30.27,38.14,13.35,1.72,0.04,0,3.8,6.77,69.35,0.77,0.77,0,2.23,-3.8,0.628139042,15.22,41.113,14.119,57.26003175,58.0048,11.0857559166918,15.056703402394,41.112795141396,0.6281390418295,0.103493624808172,12.6668067000088,-12.6668067000088,5.945,0.270227272727273,11.79,90.4829,2.56013456686291,
17,MNH1.2020,-93.5324906,44.069073,152,2020-05-31,17,15.57,20.9,7.43,10.82,27.95,28.98,33.02,13.07,1.7,0.04,0.23,2.86,8.41,74.77,0.76,0.77,0,3.24,-2.63,0.454693803,15.243,41.192,12.219,59.74486211,60.6652,10.6090172353953,15.0794385073486,41.1915748882916,0.454693803380042,0.104797431128984,12.1551201794783,-11.9251201794783,6.45,0.280227272727273,13.47,98.31735,2.36325581395349,0.839434811
18,MNH1.2020,-93.5324906,44.069073,153,2020-06-01,18,22.96,29.66,15.67,18.69,32.26,28.01,30.68,12.9,1.66,0.04,3.82,5.98,14.12,78.16,0.75,0.77,0,5.12,-2.16,0.815384157,15.266,41.266,11.35,71.48680064,70.8884,10.2500930319943,15.1011762597365,41.2663519945554,0.815384156778145,0.167064689173241,12.6138504019185,-8.79385040191851,14.665,0.666590909090909,13.99,223.87589,1.04098192976475,0.56184669
19,MNH1.2020,-93.5324906,44.069073,154,2020-06-02,19,24.24,31.11,18.15,20.37,33.06,23.77,23.16,11.09,1.45,0.04,9.49,4.52,15.57,80.07,0.75,0.78,0,2.59,4.97,0.909763281,15.288,41.337,8.565,73.69926832,72.7732,8.69551667351296,15.1219010052353,41.3371166303827,0.909763280927887,0.18522637699057,10.8361857854504,-1.34618578545044,16.63,0.755909090909091,12.96,254.23944,0.919302465423933,0.457508251
20,MNH1.2020,-93.5324906,44.069073,155,2020-06-03,20,21.84,27.82,15.85,15.85,29.06,30.51,38.64,13.65,1.77,0.04,0.08,6.58,11.62,71.36,0.75,0.76,0,1.79,-6.5,0.969746183,15.309,41.404,14.287,69.21509376,68.746,11.1576589122445,15.1415976203722,41.4038596296027,0.969746182786585,0.15985812671382,13.663306189859,-13.583306189859,13.835,0.628863636363636,11.97,211.800015,1.10654138055656,0.625
21,MNH1.2020,-93.5324906,44.069073,156,2020-06-04,21,22.33,28.78,14.76,16.71,30.86,25.77,22.39,11.69,1.52,0.03,2.5,6.22,12.4,72.33,0.74,0.75,0,2.01,-3.72,0.914669589,15.329,41.467,8.277,70.03388611,69.5456,9.42155714909371,15.1602515499959,41.4665724848864,0.914669589437793,0.159305022333516,11.5354286318233,-9.03542863182332,13.77,0.625909090909091,14.02,211.08033,1.11321713870733,0.523510972
22,MNH1.2020,-93.5324906,44.069073,157,2020-06-05,22,21.36,26.1,17,15.88,29.58,30.37,38.24,13.71,1.77,0.04,1.22,6.49,11.67,73.34,0.74,0.75,0,2.91,-5.27,0.855120988,15.348,41.525,14.134,68.62274976,68.2768,11.1005062914788,15.1778488440827,41.5252473437754,0.855120987826602,0.157444956971803,13.573798935608,-12.353798935608,13.55,0.615909090909091,9.1,207.9654,1.13269372693727,0.641853933
23,MNH1.2020,-93.5324906,44.069073,158,2020-06-06,23,19.52,24.91,15.08,13.48,30.8,22.31,18.19,10.2,1.37,0.04,4.77,5.71,9.92,69.95,0.73,0.75,0,3.76,-0.94,0.887011347,15.366,41.58,6.722,65.6260476,65.5728,8.15265838417319,15.1943761936946,41.5798770054443,0.887011347236135,0.144813563103293,9.8591009374318,-5.08910093743181,11.995,0.545227272727273,9.83,184.31517,1.28103376406836,0.522540984
24,MNH1.2020,-93.5324906,44.069073,159,2020-06-07,24,23.28,29.57,17.06,19.2,32.95,28.32,30.8,13.01,1.69,0.04,0.18,6.76,14.64,78.66,0.72,0.74,0,6.07,-6.58,0.81733201,15.382,41.63,11.38,72.03734752,71.392,10.3468033342842,15.2098209659067,41.630454918111,0.817332010065003,0.172898123630263,12.8070342989756,-12.6270342989756,15.315,0.696136363636364,12.51,235.57533,1.00437479595168,0.558848797
25,MNH1.2020,-93.5324906,44.069073,160,2020-06-08,25,25.53,31.36,20.22,20.9,32.61,30.25,39.96,13.96,1.8,0.05,0,8.94,16.07,76.99,0.71,0.72,0,5.26,-8.94,1.006101223,15.398,41.677,14.764,75.42872153,74.254,11.0500144979144,15.2241712375237,41.6769751770021,1.00610122269143,0.196708551865043,13.8820085108867,-13.8820085108867,17.79,0.808636363636364,11.14,273.93042,0.865542439572794,0.546807677
26,MNH1.2020,-93.5324906,44.069073,161,2020-06-09,26,22.03,25.66,18.56,19.81,32.79,12.31,5.45,5.87,0.8,0.02,17.97,1.98,15.12,87.55,0.71,0.76,0,2.54,15.99,0.405197249,15.413,41.719,2.013,70.71904235,70.3616,4.49604842378631,15.2374158274025,41.7194325227845,0.40519724918358,0.162216169094494,5.52313905756896,12.446860942431,14.11,0.641363636363636,7.1,217.47743,1.09234585400425,0.266454834
27,MNH1.2020,-93.5324906,44.069073,162,2020-06-10,27,16.63,20.63,12.83,11.48,30.82,19.91,14.78,9.11,1.25,0.03,0.42,4.15,8.79,73.42,0.73,0.74,0,5.69,-3.73,0.600909072,15.426,41.758,5.46,61.35888854,61.9628,7.27093537301492,15.2495443272067,41.7578223403723,0.600909071665699,0.121059305955556,8.56264787034192,-8.14264787034192,8.73,0.396818181818182,7.8,134.66898,1.76701030927835,0.547805171
28,MNH1.2020,-93.5324906,44.069073,163,2020-06-11,28,18.39,24.33,11.16,11.79,27.21,30.4,36.2,13.48,1.74,0.04,0,6.96,8.86,68.22,0.71,0.73,0,3.39,-6.96,0.801851322,15.438,41.792,13.372,63.86064142,63.8344,11.1006669067515,15.2605471304206,41.7921406580201,0.801851321653914,0.1280607821135,13.1919254579953,-13.1919254579953,9.745,0.442954545454545,13.17,150.44331,1.58419702411493,0.733007069
29,MNH1.2020,-93.5324906,44.069073,164,2020-06-12,29,19.61,26.31,13.4,13.3,28.5,29.56,34.98,13.33,1.72,0.04,0.12,7.28,9.8,67.91,0.7,0.72,0,3.02,-7.16,0.953024562,15.449,41.822,12.922,65.65694949,65.598,10.7931073321668,15.2704154594572,41.8223841466174,0.953024562098617,0.143719668632292,13.0490348389753,-12.9290348389753,11.855,0.538863636363637,12.91,183.147895,1.30316322226908,0.679755227
30,MNH1.2020,-93.5324906,44.069073,165,2020-06-13,30,15.78,19.73,12.13,11.75,29.97,25.1,20.8,11.53,1.54,0.04,0.35,3.01,8.77,77.52,0.69,0.72,0,4.12,-2.66,0.477433075,15.459,41.849,7.684,60.10676944,61.21,9.16415139389989,15.2791413907032,41.8485501191011,0.47743307450521,0.115772322942707,10.7147348077404,-10.3647348077404,7.93,0.360454545454545,7.6,122.58987,1.94943253467844,0.730671736
31,MNH1.2020,-93.5324906,44.069073,166,2020-06-14,31,17.39,23.39,10.96,12.39,29.02,29.62,35.15,13.53,1.75,0.04,0.93,5.27,9.28,73.7,0.69,0.71,0,5.87,-4.34,0.653747426,15.468,41.871,12.985,62.5350657,63.0504,10.8140840706784,15.2867178773548,41.8706365299086,0.653747425686343,0.124087854373632,12.7896175281522,-11.8596175281522,9.175,0.417045454545455,12.43,141.9189,1.68588555858311,0.778033353
32,MNH1.2020,-93.5324906,44.069073,167,2020-06-15,32,20.5,26.75,14.83,16.28,32.48,22.41,10.79,10.28,1.36,0.03,0.14,3.87,12.16,77.16,0.68,0.71,0,5.38,-3.73,0.748989516,15.476,41.889,3.986,67.530742,67.5608,8.18167464209185,15.2931387699068,41.8886419743998,0.748989515844003,0.151159816432038,9.96200473468881,-9.82200473468881,12.79,0.581363636363636,11.92,197.93804,1.21000781860829,0.501463415
33,MNH1.2020,-93.5324906,44.069073,168,2020-06-16,33,22.3,28.99,16.17,16.99,30.76,29.84,35.37,13.51,1.73,0.04,0,8.7,12.52,72.72,0.67,0.69,0,5.03,-8.7,0.984210064,15.482,41.903,13.068,70.0184344,69.6164,10.8944217069849,15.2983988341718,41.9025656881814,0.984210064378996,0.166314286648188,13.4304471705213,-13.4304471705213,14.58,0.662727272727273,12.82,225.72756,1.06186556927298,0.605829596
34,MNH1.2020,-93.5324906,44.069073,169,2020-06-17,34,22.47,28.65,15.88,17.72,30.22,29.1,34.28,13.18,1.72,0.04,0,9.05,13.13,75.54,0.66,0.68,0,4.9,-9.05,0.836923827,15.488,41.912,12.668,70.50257962,70.0492,10.6246000810108,15.3024937667193,41.912407546277,0.836923827189509,0.163558144159149,13.0699682383583,-13.0699682383583,14.265,0.648409090909091,12.77,220.93632,1.0857343147564,0.586559858
35,MNH1.2020,-93.5324906,44.069073,170,2020-06-18,35,22.66,27.89,16.23,19.59,34.2,12.98,1.8,6.28,0.88,0.02,19.91,4.79,14.86,83.47,0.66,0.72,0,4.07,15.12,0.520872886,15.492,41.918,0.665,71.44354898,70.9124,4.73933770199343,15.30542020764,41.9181680620915,0.520872885757065,0.161785262589982,5.82177566755163,14.0882243324484,14.06,0.639090909090909,11.66,217.81752,1.10184921763869,0.277140335
36,MNH1.2020,-93.5324906,44.069073,171,2020-06-19,36,19.32,23.87,15.37,15.55,31.61,20.03,4.43,9.31,1.29,0.03,3.42,5.36,11.33,80.23,0.69,0.72,0,2.42,-1.94,0.586858183,15.495,41.92,1.637,65.82174164,66.118,7.3140228814635,15.3071757505556,41.9198483861289,0.586858182747437,0.141899207533678,8.82609027086889,-5.40609027086889,11.62,0.528181818181818,8.5,180.0519,1.33347676419966,0.481884058
37,MNH1.2020,-93.5324906,44.069073,172,2020-06-20,37,19.07,23.25,14.93,13.87,31.84,16.12,9.93,7.56,1.02,0.02,1.1,4.1,10.18,73.07,0.68,0.71,0,1.33,-3,0.68974729,15.497,41.917,3.671,65.09279451,65.2632,5.88683406263544,15.3077589498111,41.9174503044313,0.689747289702673,0.137865010858222,7.07360580065416,-5.97360580065416,11.09,0.504090909090909,8.32,171.86173,1.39738503155996,0.39643419
38,MNH1.2020,-93.5324906,44.069073,173,2020-06-21,38,21.19,28.02,14.95,18.04,31.76,19.54,18.7,9,1.18,0.03,17.14,5.81,13.49,83.63,0.68,0.73,0,1.99,11.33,0.672891384,15.497,41.911,6.915,69.04879503,68.8844,7.13660514413583,15.3071693248059,41.9109762367168,0.672891383715568,0.156898917003309,8.72938906070404,8.41061093929597,13.485,0.612954545454545,13.07,208.977045,1.14920281794587,0.424728646
39,MNH1.2020,-93.5324906,44.069073,174,2020-06-22,39,18.46,22.46,14.87,14.41,31.53,16.88,2.88,8.01,1.12,0.03,1.42,3.64,10.6,78.69,0.69,0.72,0,2.52,-2.22,0.563393876,15.497,41.9,1.065,64.38084226,64.8476,6.16593388141541,15.3054073614351,41.9004292342035,0.563393875659197,0.13470060184045,7.38171012359059,-5.96171012359059,10.665,0.484772727272727,7.59,165.275505,1.4530707923113,0.433911159
40,MNH1.2020,-93.5324906,44.069073,175,2020-06-23,40,17.55,22.27,11.84,13.13,30.52,23.65,17.1,10.69,1.43,0.03,0.43,5.92,9.73,76.73,0.68,0.71,0,2.54,-5.49,0.527222954,15.495,41.886,6.326,62.87456385,63.4768,8.64024108530869,15.3024745106318,41.8858129771171,0.527222953725818,0.123264908023667,10.2009301273133,-9.77093012731334,9.055,0.411590909090909,10.43,140.307225,1.71120927664274,0.609116809
41,MNH1.2020,-93.5324906,44.069073,176,2020-06-24,41,19.21,24.57,12.13,13.71,29.39,27.43,28.89,12.33,1.61,0.03,0.3,7.99,10.11,72.23,0.67,0.7,0,2.09,-7.69,0.682297063,15.492,41.867,10.69,65.26783917,65.3456,10.0230027393339,15.2983731840215,41.8671317718901,0.682297063289004,0.132395109370201,11.964164461393,-11.664164461393,10.35,0.470454545454546,12.44,160.3422,1.4968115942029,0.641853201
42,MNH1.2020,-93.5324906,44.069073,177,2020-06-25,42,21.46,27.66,13.4,15.84,31.01,28.8,31.1,13.1,1.7,0.04,0,10.25,11.69,71.97,0.66,0.69,0,1.8,-10.25,0.821763523,15.488,41.844,11.511,68.68120438,68.3624,10.5256993479056,15.2931067467129,41.8443905480704,0.821763523355153,0.14905893656287,12.7782119865406,-12.7782119865406,12.53,0.569545454545455,14.26,194.06464,1.23607342378292,0.610438024
43,MNH1.2020,-93.5324906,44.069073,178,2020-06-26,43,22.47,26.44,18.56,19.97,33.61,20.25,17.4,9.54,1.29,0.03,4.64,2.95,15.14,86.02,0.66,0.7,0,2.11,1.69,0.45987361,15.482,41.818,6.442,71.33524706,70.8592,7.40251229406912,15.2866795072736,41.8175948549664,0.459873610491775,0.165610626696411,9.10934235888618,-4.46934235888618,14.5,0.659090909090909,7.88,224.489,1.06772413793103,0.424566088
44,MNH1.2020,-93.5324906,44.069073,179,2020-06-27,44,22.84,28.41,15.99,17.31,31.05,29.55,37.42,13.41,1.74,0.04,0,11.17,12.8,72.66,0.65,0.68,0,1.16,-11.17,0.867963698,15.476,41.787,13.859,70.83960856,70.2716,10.8047957393205,15.2790967049508,41.7867508580676,0.867963697833339,0.162994243525749,13.2662833592023,-13.2662833592023,14.2,0.645454545454545,12.42,219.7592,1.08985915492958,0.587127846
45,MNH1.2020,-93.5324906,44.069073,180,2020-06-28,45,23.61,27.38,18.62,21.03,34.07,19.18,11.61,9.03,1.23,0.03,21.04,5.43,16.32,85.76,0.66,0.72,0,3.31,15.61,0.404113317,15.468,41.752,4.301,73.20587664,72.3808,7.01491031950553,15.2703644942176,41.7518653352846,0.404113316881103,0.170050049843158,8.65624673889397,12.383753261106,15,0.681818181818182,8.76,232.02,1.0312,0.382465057
46,MNH1.2020,-93.5324906,44.069073,181,2020-06-29,46,24.96,27.36,22.99,23.35,35.32,7.72,1.16,3.77,0.5,0.01,18.55,3.04,18.64,90.9,0.7,0.76,0,3.72,15.51,0.355062017,15.46,41.713,0.43,75.9806536,74.566,2.82432660492986,15.26048992674,41.7129456730655,0.355062016605798,0.190548611307205,3.530531708314,15.019468291686,17.175,0.780681818181818,4.37,265.5255,0.900145560407569,0.151041667
47,MNH1.2020,-93.5324906,44.069073,182,2020-06-30,47,24.45,27.37,22.08,22.66,35.26,22.23,17.94,10.29,1.35,0.03,3.54,3.68,17.83,89.98,0.7,0.74,0,3.63,-0.14,0.397967846,15.45,41.67,6.652,75.0174689,73.8076,8.13525227291425,15.2494809308748,41.6699998624517,0.397967846354179,0.186144983766923,10.1398012224881,-6.59980122248807,16.725,0.760227272727273,5.29,258.40125,0.923766816143498,0.420858896
48,MNH1.2020,-93.5324906,44.069073,183,2020-07-01,48,24.22,27.15,20.73,21.6,34.17,23.37,16.32,10.76,1.42,0.04,0.93,3.41,16.65,85.56,0.69,0.72,0,2.17,-2.48,0.441279367,15.438,41.623,6.053,74.19852568,73.196,8.55528122777197,15.2373462888211,41.6230364951412,0.441279366532595,0.178668325515572,10.6097441443814,-9.67974414438137,15.94,0.724545454545455,6.42,246.08172,0.968506900878294,0.444260941
49,MNH1.2020,-93.5324906,44.069073,184,2020-07-02,49,25.79,29.88,21.4,22.1,33.31,28.68,33.56,13.24,1.7,0.04,0.1,7.8,17.12,80.7,0.68,0.71,0,1.18,-7.7,0.72124614,15.426,41.572,12.453,76.2542047,74.946,10.5028957465583,15.2240956115637,41.5720647596377,0.721246139658937,0.195190883082492,13.1505474643497,-13.0505474643497,17.64,0.801818181818182,8.48,272.11464,0.874489795918367,0.513377278
50,MNH1.2020,-93.5324906,44.069073,185,2020-07-03,50,25.08,29.74,18.7,19.53,33.99,27.49,28.54,12.64,1.63,0.04,0,10.77,14.58,72.78,0.67,0.7,0,1.29,-10.77,0.897260338,15.413,41.517,10.595,74.27795176,73.3108,10.0709295615296,15.2097393117539,41.5170944375676,0.897260337897897,0.181305557635511,12.5014379687688,-12.5014379687688,16.22,0.737272727272727,11.04,249.99886,0.950246609124538,0.503987241
51,MNH1.2020,-93.5324906,44.069073,186,2020-07-04,51,26.67,30.45,22.19,20.64,33.96,27.34,28.32,12.55,1.61,0.04,0.11,12.32,15.64,70.08,0.66,0.69,0,0.87,-12.21,1.081687756,15.398,41.458,10.518,76.38469264,75.3004,10.0200320301768,15.1942885746861,41.4581359002491,1.08168775622566,0.202150790966468,12.5829370085864,-12.4729370085864,18.32,0.832727272727273,8.26,282.09136,0.840502183406113,0.470566179
52,MNH1.2020,-93.5324906,44.069073,187,2020-07-05,52,26.27,30.09,21.57,21.57,33.86,27.24,28.66,12.59,1.62,0.04,0.32,11.03,16.58,76.15,0.65,0.68,0,1.69,-10.71,0.844769253,15.383,41.395,10.65,76.49380895,75.2352,9.98768103710758,15.177755327534,41.3952001056053,0.844769252565786,0.197114937095969,12.5034577688801,-12.1834577688801,17.83,0.810454545454545,8.52,274.27889,0.862759394279305,0.479253902
53,MNH1.2020,-93.5324906,44.069073,188,2020-07-06,53,24.58,27.56,21.07,21.32,34.57,21.31,13.82,9.93,1.32,0.03,0.61,6.8,16.33,82.48,0.64,0.68,0,1.78,-6.19,0.554611917,15.366,41.328,5.138,74.48600816,73.4552,7.81698871016817,15.1601522070194,41.3282985955129,0.554611917350972,0.182207755104709,9.69654179820891,-9.08654179820891,16.315,0.741590909090909,6.49,250.69629,0.941832669322709,0.403986981
54,MNH1.2020,-93.5324906,44.069073,189,2020-07-07,54,25.67,28.89,21.78,22.27,34.12,24.84,21.59,11.5,1.52,0.04,0.81,6.77,17.38,81.87,0.64,0.67,0,0.8,-5.96,0.606708581,15.349,41.257,8.032,76.19115871,74.8872,9.11628648041992,15.1414925256891,41.2574434936793,0.606708580608671,0.192135342353987,11.3702644595551,-10.5602644595551,17.335,0.787954545454546,7.11,266.074915,0.885434092875685,0.447993767
55,MNH1.2020,-93.5324906,44.069073,190,2020-07-08,55,26.25,30.43,21.52,23.35,34.74,25.65,25.08,11.86,1.55,0.04,0.98,7.27,18.66,84.39,0.64,0.67,0,2.99,-6.29,0.588718336,15.33,41.183,9.336,77.42558125,75.856,9.41838233055696,15.1217902369814,41.1826475041427,0.588718335541041,0.198594013280722,11.7830310500953,-10.8030310500953,17.975,0.817045454545455,8.91,275.55675,0.852851182197496,0.451809524
56,MNH1.2020,-93.5324906,44.069073,191,2020-07-09,56,23.61,26.64,19.16,21.37,34.46,6.41,0.33,3.28,0.48,0.01,3.59,2.53,16.49,87.39,0.64,0.68,0,1.54,1.06,0.310973644,15.31,41.104,0.123,73.35378121,72.5032,2.35495263578897,15.1010598992625,41.1039239104878,0.310973643509931,0.169154221167077,2.89106822129981,0.698931778700193,14.9,0.677272727272727,7.48,228.119,1.02751677852349,0.138924185
57,MNH1.2020,-93.5324906,44.069073,192,2020-07-10,57,22.67,27.45,15.75,17.94,31.65,29.08,35.72,13.2,1.7,0.04,0.13,11.33,13.27,75.7,0.63,0.66,0,2.05,-11.2,0.668767309,15.289,41.021,13.313,70.8271781,70.3284,10.6897312216571,15.0793166390166,41.0212865758683,0.66876730911776,0.157866079552985,13.0017657380975,-12.8717657380975,13.6,0.618181818181818,11.7,207.9304,1.12419117647059,0.582267314
58,MNH1.2020,-93.5324906,44.069073,193,2020-07-11,58,23.09,27.59,19.56,19.6,33.14,19.57,19.52,9.12,1.21,0.03,11.76,8.18,14.7,81.53,0.63,0.69,0,1.39,3.58,0.701957317,15.267,40.935,7.28,71.98113423,71.346,7.19821655054214,15.0565761133703,40.9347499439238,0.701957316734299,0.175279132612124,8.86454724357736,2.89545275642264,15.575,0.707954545454545,8.03,237.783525,0.980224719101124,0.39497618
59,MNH1.2020,-93.5324906,44.069073,194,2020-07-12,59,21.75,26.04,15.74,16.77,30.14,29.55,36.22,13.34,1.72,0.04,0.14,10.72,12.28,75.13,0.63,0.67,0,1.79,-10.58,0.669165293,15.245,40.844,13.519,69.35127725,68.9872,10.8759492464443,15.0328544721307,40.8443290406761,0.669165292741,0.151974486115597,13.1455098090642,-13.0055098090642,12.89,0.585909090909091,10.3,196.50805,1.18269976726144,0.613333333
60,MNH1.2020,-93.5324906,44.069073,195,2020-07-13,60,23,27.77,16.07,19.04,32.52,26.63,28.33,12.22,1.59,0.04,0.12,11.54,14.36,78.9,0.62,0.65,0,3.94,-11.42,0.575116474,15.221,40.75,10.582,71.61283,71.0544,9.80778245796414,15.0081683195123,40.750039477484,0.575116473935597,0.160583864039301,11.9326738774356,-11.8126738774356,13.92,0.632727272727273,11.7,211.87632,1.09346264367816,0.531304348
61,MNH1.2020,-93.5324906,44.069073,196,2020-07-14,61,21.66,24.75,16.92,18.16,34.14,10.34,4.7,5.05,0.73,0.02,6.61,5.66,13.6,81.05,0.62,0.66,0,2.67,0.95,0.439559393,15.196,40.652,1.757,69.6343257,69.3976,3.81087767718512,14.9825346757226,40.6518974551296,0.439559393175199,0.151525959674697,4.59798359257758,2.01201640742242,12.835,0.583409090909091,7.83,195.04066,1.18395013634593,0.233148661
62,MNH1.2020,-93.5324906,44.069073,197,2020-07-15,62,19.46,24.83,12.61,13.21,28.64,23.04,19.94,10.24,1.36,0.03,0.13,7.36,9.75,68.86,0.62,0.65,0,1.2,-7.23,0.779418254,15.171,40.55,7.46,65.48177444,65.4156,8.49781139856286,14.9559709385722,40.5499197691043,0.779418253975131,0.135106614925557,10.0800334623099,-9.95003346230992,10.72,0.487272727272727,12.22,162.63312,1.4152052238806,0.526207605
63,MNH1.2020,-93.5324906,44.069073,198,2020-07-16,63,21.19,27.6,13.12,16.32,30.27,27.66,33.57,12.47,1.61,0.04,0,11.11,12.01,75.13,0.61,0.64,0,2.46,-11.11,0.745364741,15.144,40.444,12.57,68.48115653,68.2652,10.2096949682253,14.9284948452659,40.4441238161527,0.745364741152572,0.147698678851687,12.2569509421493,-12.2569509421493,12.36,0.561818181818182,14.48,187.17984,1.2252427184466,0.588485134
64,MNH1.2020,-93.5324906,44.069073,199,2020-07-17,64,24.15,28.32,17.83,21.58,34.85,24.91,22.7,11.59,1.5,0.03,5.78,6.46,16.83,85.82,0.6,0.64,0,3.32,-0.68,0.369469976,15.117,40.335,8.508,74.1075147,73.1188,9.20209363365529,14.9001244345257,40.3345276021279,0.369469976224478,0.170724545766437,11.2477144902261,-5.4677144902261,15.075,0.685227272727273,10.49,227.888775,1.00278606965174,0.479917184
65,MNH1.2020,-93.5324906,44.069073,200,2020-07-18,65,27.14,31.94,22.66,24.23,36.56,22.73,17.22,10.67,1.41,0.04,2.51,9.02,19.71,84.88,0.6,0.64,0,3.42,-6.51,0.72004502,15.089,40.221,6.46,78.95162768,77.0628,8.40391334508596,14.8708780091865,40.2211497511998,0.720045020309444,0.212547777071735,10.5151046457581,-8.00510464575806,19.3,0.877272727272727,9.28,291.2177,0.781813471502591,0.393146647
66,MNH1.2020,-93.5324906,44.069073,201,2020-07-19,66,22.06,26.84,17.64,16.73,30.87,28.97,36.25,13.13,1.7,0.04,0.06,12.01,12.27,73.67,0.59,0.62,0,3.17,-11.95,0.87001999,15.06,40.104,13.613,69.72287598,69.2828,10.7205546488614,14.8407740993984,40.1040095164512,0.870019989527073,0.16334106465768,13.0093960096162,-12.9493960096162,14.24,0.647272727272727,9.2,214.4544,1.05758426966292,0.595194923
67,MNH1.2020,-93.5324906,44.069073,202,2020-07-20,67,21.42,26.4,15.76,16.07,31.92,24.64,20.38,11.34,1.5,0.04,0.2,8.86,11.75,72.78,0.58,0.61,0,1.23,-8.66,0.789714723,15.03,39.983,7.661,68.67624124,68.4052,9.12670607903619,14.8098314265579,39.9831267918867,0.789714723029737,0.153532587615313,10.9762637074272,-10.7762637074272,13.08,0.594545454545455,10.64,196.5924,1.14908256880734,0.529411765
68,MNH1.2020,-93.5324906,44.069073,203,2020-07-21,68,21.11,25.44,17.36,18.09,33.1,20.5,15.35,9.48,1.26,0.03,2.02,4.62,13.39,83.36,0.58,0.61,0,2.44,-2.6,0.541352589,14.999,39.859,5.776,68.89994304,68.8224,7.60064336653044,14.7780688680821,39.8585221258677,0.541352589464291,0.156187279959771,9.15280150237615,-7.13280150237615,13.4,0.609090909090909,8.08,200.9866,1.11932835820896,0.449076267
69,MNH1.2020,-93.5324906,44.069073,204,2020-07-22,69,18.27,23.41,13.03,13.96,31.55,19.28,16.16,8.7,1.18,0.03,0.03,8.56,10.21,77.64,0.58,0.6,0,2.14,-8.53,0.595809955,14.967,39.73,6.088,64.03915972,64.4956,7.15559510906163,14.7455054231292,39.7302167359792,0.595809954677027,0.131453430582864,8.40025289713168,-8.37025289713168,10.22,0.464545454545455,10.38,152.96274,1.46448140900196,0.476190476
70,MNH1.2020,-93.5324906,44.069073,205,2020-07-23,70,20.62,26.42,12.96,16.8,31.51,27.21,31.54,12.49,1.61,0.04,0.01,8.48,12.34,79.85,0.57,0.59,0,2.3,-8.47,0.556506926,14.935,39.598,11.896,67.8840693,67.868,10.1094885541765,14.7121601793596,39.5982325253232,0.556506925966763,0.142439420035926,11.9964102491348,-11.9864102491348,11.69,0.531363636363636,13.46,174.59015,1.2775876817793,0.605722599
71,MNH1.2020,-93.5324906,44.069073,206,2020-07-24,71,25.25,30.37,19.24,21.55,34.28,27.28,32.34,12.73,1.63,0.04,0.03,8.93,16.71,80.52,0.56,0.58,0,4.2,-8.9,0.709930521,14.902,39.463,12.212,75.366127,74.208,10.1467553171329,14.6780522808197,39.462592100221,0.709930520759861,0.18692152193463,12.4490946351205,-12.4190946351205,16.805,0.763863636363636,11.13,250.42811,0.886759892889021,0.504158416
72,MNH1.2020,-93.5324906,44.069073,207,2020-07-25,72,26.73,30.94,23.41,23.79,37.32,11.35,1.71,5.61,0.8,0.02,28.43,6.5,19.06,84.34,0.57,0.66,0,4.01,21.93,0.732031176,14.868,39.323,0.647,78.20932118,76.4944,4.22650822204867,14.6432008970234,39.3233187892997,0.732031176354006,0.211197128211852,5.24725335414752,23.1827466458525,19.175,0.871590909090909,7.53,285.0939,0.775384615384615,0.209876543
73,MNH1.2020,-93.5324906,44.069073,208,2020-07-26,73,24.57,27.91,18.15,22.69,34.83,19.33,15.46,9.15,1.21,0.03,20.26,4.33,17.91,89.4,0.63,0.72,0,2.74,15.93,0.164656891,14.834,39.18,5.853,75.1634242,73.9384,7.20679550890088,14.6076251932932,39.180436663926,0.164656890669009,0.170319577857785,8.72563001528926,11.5343699847107,15.03,0.683181818181818,9.76,222.95502,0.986959414504325,0.372405372
74,MNH1.2020,-93.5324906,44.069073,209,2020-07-27,74,21.01,26.17,14.78,16.32,29.89,28.72,39.42,13,1.66,0.04,0.02,11.49,11.93,75.91,0.61,0.65,0,2.38,-11.47,0.682546569,14.799,39.034,14.945,68.25217409,68.0852,10.721148844511,14.5713443024157,39.03397055994,0.682546568865459,0.14861769864651,12.7375387281614,-12.7175387281614,12.475,0.567045454545455,11.39,184.617525,1.18629258517034,0.618752975
75,MNH1.2020,-93.5324906,44.069073,210,2020-07-28,75,22.27,28.17,18.26,18.01,32.76,24.7,28.73,11.36,1.48,0.03,0.39,10.3,13.39,77.4,0.6,0.63,0,2.48,-9.91,0.892423789,14.763,38.884,10.908,70.3351102,69.9536,9.23257938695321,14.5343772976564,38.883946100634,0.892423788646715,0.171989645916168,11.1628823652119,-10.7728823652119,15.215,0.691590909090909,9.91,224.619045,0.970292474531712,0.510103278
76,MNH1.2020,-93.5324906,44.069073,211,2020-07-29,76,22.09,26.53,18.17,16.81,30.87,24.47,20.55,10.95,1.44,0.04,0,7.32,12.34,72.68,0.59,0.62,0,1.04,-7.32,0.862630414,14.727,38.73,7.814,69.69412188,69.3416,9.15909465039779,14.4967431671677,38.7303897209085,0.862630414194824,0.164298037625269,10.9967067479302,-10.9967067479302,14.35,0.652272727272727,8.36,211.33245,1.02627177700348,0.495699411
77,MNH1.2020,-93.5324906,44.069073,212,2020-07-30,77,20.45,25.03,15.26,15.97,30.93,25.47,26.6,11.51,1.49,0.04,0,10.03,11.63,76.93,0.58,0.61,0,2.59,-10.03,0.638946262,14.69,38.573,10.13,67.43837315,67.3992,9.54693330337306,14.458460789819,38.573328692532,0.638946262109003,0.145993401911056,11.2683326606425,-11.2683326606425,12.145,0.552045454545455,9.77,178.41005,1.20955125566077,0.562836186
78,MNH1.2020,-93.5324906,44.069073,213,2020-07-31,78,20.99,25.91,14.33,15.12,29.61,27.73,34.96,12.43,1.59,0.04,0,10.43,11.01,71.17,0.57,0.6,0,1.35,-10.43,0.76978887,14.652,38.413,13.335,67.91378717,67.6332,10.4093995611226,14.4195489124656,38.4127911504194,0.769788870113065,0.145796199301901,12.2658797770647,-12.2658797770647,12.12,0.550909090909091,11.58,177.58224,1.20891089108911,0.592186756
79,MNH1.2020,-93.5324906,44.069073,214,2020-08-01,79,21.46,26.51,15.43,16.28,32.43,19.89,16.05,9.14,1.21,0.03,0.39,9.59,11.97,73.76,0.56,0.59,0,1.14,-9.2,0.757540906,14.614,38.249,6.132,68.80552704,68.5208,7.47784698960566,14.3800261286697,38.2488061198379,0.757540906379819,0.152628891612903,8.85330732673061,-8.46330732673061,12.97,0.589545454545455,11.08,189.54358,1.12675404780262,0.425908667
80,MNH1.2020,-93.5324906,44.069073,215,2020-08-02,80,18.31,22.38,12.85,13.8,30.31,22.82,21.24,10.22,1.34,0.03,0.02,7.36,10.14,76.63,0.55,0.58,0,3.49,-7.34,0.516473329,14.575,38.081,8.129,64.06365347,64.478,8.59308574111963,14.3399108588755,38.0814035444386,0.516473329448395,0.127145312173545,9.89152105371178,-9.87152105371178,9.615,0.437045454545454,9.53,140.138625,1.51586063442538,0.558164937
81,MNH1.2020,-93.5324906,44.069073,216,2020-08-03,81,16.81,21.72,11.84,11.1,29.34,22.69,21.24,10.07,1.3,0.03,0,6.26,8.41,71.04,0.55,0.57,0,1.56,-6.26,0.672001673,14.536,37.911,8.144,61.57978576,62.006,8.55827155234085,14.2992213320365,37.910614315009,0.672001673349315,0.12139643357434,9.76266673755571,-9.76266673755571,8.78,0.399090909090909,9.88,127.62608,1.65558086560364,0.599048186
1,MNH1.2021,-93.5324906,44.069073,134,2021-05-14,1,12.96,18.27,8.89,5.87,29.82,10.33,2.86,4.98,0.69,0.01,0.6,0.95,5.93,63.74,0.52,0.52,0,4.38,-0.35,0.692674356,14.683,39.174,1.072,55.86087696,56.2732,3.83269593817198,14.534581683872,39.1740516901032,0.692674356326025,0.101360921652419,4.30584818541904,-3.70584818541904,5.58,0.253636363636364,9.38,81.93114,2.63136200716846,0.384259259
2,MNH1.2021,-93.5324906,44.069073,135,2021-05-15,2,16.94,25.17,8.8,9.65,28.32,25.39,23.17,11.36,1.46,0.03,0.56,2.4,7.69,67.4,0.52,0.51,0,2.13,-1.84,0.966829512,14.72,39.319,8.674,61.6865844,61.614,9.40956019724133,14.5715449810698,39.3186843289264,0.966829512090629,0.122786997371951,10.9445854993657,-10.3845854993657,8.985,0.408409090909091,16.37,132.2592,1.63828603227602,0.670602125
3,MNH1.2021,-93.5324906,44.069073,136,2021-05-16,3,15.93,21.23,9.28,11.89,29.77,20.69,9.39,9.42,1.25,0.03,0.05,0.75,8.89,77.79,0.51,0.51,0,1.92,-0.7,0.453720589,14.757,39.46,3.512,60.34735753,61.4104,7.65937548059239,14.6078220600879,39.4595929118548,0.453720588606545,0.111465177704331,8.77467387561777,-8.72467387561777,7.255,0.329772727272727,11.95,107.062035,2.03404548587181,0.5913371
4,MNH1.2021,-93.5324906,44.069073,137,2021-05-17,4,17.94,24.84,10.29,11.51,27.78,27.66,30.99,12.26,1.56,0.03,0.03,2.27,8.67,69.77,0.51,0.5,0,3.09,-2.24,0.836959669,14.793,39.597,11.578,63.24586062,63.2836,10.2290270727716,14.6433938472637,39.5967545040005,0.836959669144299,0.126794688849487,11.9842625604201,-11.9542625604201,9.565,0.434772727272727,14.55,141.495045,1.54657605854679,0.683389075
5,MNH1.2021,-93.5324906,44.069073,138,2021-05-18,5,17.47,22.2,12.15,13.91,31.56,12.28,8.64,5.93,0.82,0.02,2.07,1.18,10.18,81.19,0.51,0.51,0,4.24,0.89,0.457108181,14.829,39.73,3.225,62.88258407,63.6776,4.53682694976195,14.6782412095574,39.7301470938455,0.4571081811268,0.124087854373632,5.30238025812659,-3.23238025812659,9.175,0.417045454545455,10.05,136.056075,1.61623978201635,0.339439038
6,MNH1.2021,-93.5324906,44.069073,139,2021-05-19,6,19.41,22.96,15.21,17.39,32.87,12.7,0.72,6.25,0.87,0.02,7.95,0.47,12.77,88.53,0.51,0.55,0,3.11,7.48,0.279442454,14.864,39.86,0.268,66.37414627,66.8704,4.68760549905764,14.7123449815451,39.8597495679159,0.279442454132879,0.137827419843683,5.57265548024313,2.37734451975687,11.085,0.503863636363636,7.75,164.76744,1.34091114118178,0.32199897
7,MNH1.2021,-93.5324906,44.069073,140,2021-05-20,7,20.39,24.2,18.2,18.06,33.15,10.86,0.46,5.49,0.79,0.02,16.46,0.84,13.29,87.2,0.53,0.62,0,3.84,15.62,0.483202328,14.898,39.986,0.171,67.9485792,68.0916,4.00490135028047,14.7456859937706,39.9855416865972,0.483202328131732,0.154523592022982,4.84189719682171,11.6181028031783,13.2,0.6,6,196.6536,1.12863636363636,0.269249632
8,MNH1.2021,-93.5324906,44.069073,141,2021-05-21,8,21.89,26.49,18.85,18.71,33.64,17.47,11.74,8.28,1.11,0.03,11.09,2.35,13.79,83.18,0.56,0.64,0,3.94,8.74,0.660506492,14.931,40.108,4.37,70.16218098,69.8256,6.43709819353254,14.7782451024111,40.107504061149,0.660506491518262,0.167108919356168,7.86759011675154,3.22240988324847,14.67,0.666818181818182,7.64,219.03777,1.01779141104294,0.378254911
9,MNH1.2021,-93.5324906,44.069073,142,2021-05-22,9,23.5,29.37,18.27,18.74,33.82,21.53,18.14,9.92,1.31,0.03,0.64,5.52,13.79,76.76,0.55,0.57,0,3.53,-4.88,0.933676363,14.964,40.226,6.748,72.216534,71.4464,7.92677363676247,14.8100032202024,40.2256181319679,0.933676363181042,0.177548026085091,9.76719893374528,-9.12719893374527,15.82,0.719090909090909,11.1,236.73048,0.945891276864728,0.42212766
10,MNH1.2021,-93.5324906,44.069073,143,2021-05-23,10,23.08,27.81,18.92,19.12,34.23,18.9,12.29,8.87,1.17,0.03,10.07,3.58,14.17,79.62,0.55,0.61,0,2.31,6.49,0.748459756,14.996,40.34,4.569,71.80167304,71.1632,6.95326529983473,14.8409413485618,40.339866148137,0.74845975627041,0.17335387851724,8.54977190594898,1.52022809405102,15.365,0.698409090909091,8.89,230.41354,0.975984380084608,0.384315425
11,MNH1.2021,-93.5324906,44.069073,144,2021-05-24,11,22.5,26.84,18.39,18.42,33.98,21.99,16.05,10.35,1.38,0.04,4.68,3.04,13.63,78.79,0.55,0.59,0,3.97,1.64,0.704426584,15.027,40.45,5.963,70.8085025,70.3312,8.0843588219161,14.8710406108329,40.450231148289,0.704426584124867,0.166622930589998,9.89958623506894,-5.21958623506894,14.615,0.664318181818182,8.45,219.619605,1.02819021553199,0.46
12,MNH1.2021,-93.5324906,44.069073,145,2021-05-25,12,22.71,29.26,15.92,14.08,31.36,27.65,32.02,12.6,1.65,0.04,0.6,6,10.62,62.56,0.55,0.57,0,4.6,-5.4,1.330670898,15.057,40.557,11.888,69.81432224,68.9788,10.1584408070686,14.9002822865703,40.5566969428014,1.33067089831666,0.16640242134213,12.4455881820496,-11.8455881820496,14.59,0.663181818181818,13.34,219.68163,1.03200822481151,0.554821664
13,MNH1.2021,-93.5324906,44.069073,146,2021-05-26,13,15.69,20.21,12.19,6.48,26.61,29.24,33.06,12.99,1.71,0.04,0.05,3.49,6.18,55.78,0.54,0.55,0,3.66,-3.44,0.927868574,15.086,40.659,12.266,59.69672318,59.2228,10.7359010180079,14.9286478467703,40.6592480973302,0.927868574166971,0.117534315385767,12.5138462034529,-12.4638462034529,8.2,0.372727272727273,8.02,123.7052,1.83975609756098,0.82791587
14,MNH1.2021,-93.5324906,44.069073,147,2021-05-27,14,9.2,11.63,5.07,6.02,28.77,5.86,1.56,3.1,0.47,0.01,24,0.19,5.99,80.76,0.56,0.66,0,5.74,23.81,0.186234737,15.115,40.758,0.579,49.5589408,52.5672,2.15032967763257,14.9561189899443,40.7578699176794,0.186234737353562,0.0746682583607411,2.28789790656031,21.7121020934397,1.815,0.015909090909091,6.56,27.433725,,0.336956522
15,MNH1.2021,-93.5324906,44.069073,148,2021-05-28,15,9.29,15.59,3.54,2.28,24.98,28.07,34.16,12.31,1.61,0.03,2.43,2.63,4.58,65.25,0.57,0.62,0,3.27,-0.2,0.559332321,15.142,40.853,12.661,50.49525775,51.3108,10.2946763065765,14.98267767892,40.852548435993,0.559332321308174,0.0802616722235062,11.1461046004201,-8.71610460042014,3.795,0.0711363636363636,12.05,57.46389,3.98998682476943,
16,MNH1.2021,-93.5324906,44.069073,149,2021-05-29,16,11.55,18.95,2.83,2.41,25.03,29.64,31.79,12.78,1.66,0.03,0.03,3.57,4.65,57.88,0.56,0.59,0,2.45,-3.54,0.742969366,15.169,40.943,11.778,53.9969486,53.6176,10.8649404602117,15.0083061782487,40.9432703982461,0.742969366478186,0.0867654213947281,11.9737894314152,-11.9437894314152,5.475,0.131363636363636,16.12,83.050275,2.77059360730594,
17,MNH1.2021,-93.5324906,44.069073,150,2021-05-30,17,11.8,15.37,8.59,9.06,30.61,9.72,2.35,4.82,0.7,0.01,4.43,0.28,7.44,83.47,0.56,0.61,0,3.07,4.15,0.278789774,15.195,41.03,0.87,53.6727554,56.2616,3.56131005907651,15.0329870920843,41.0300232530021,0.278789774181841,0.0924475593941159,3.9790080167872,0.450991983212803,3.98,0.180909090909091,6.78,60.4761,3.8178391959799,0.408474576
18,MNH1.2021,-93.5324906,44.069073,151,2021-05-31,18,16.88,25.04,8.64,9.87,27.2,29.51,35.44,13.11,1.68,0.03,0.41,5.44,7.78,67.72,0.56,0.58,0,2.73,-5.03,0.930548075,15.22,41.113,13.12,61.60566464,61.6332,10.8074217740857,15.056703402394,41.112795141396,0.930548074751649,0.121802037829807,12.703957627331,-12.293957627331,8.84,0.401818181818182,16.4,134.5448,1.72171945701357,0.776658768
19,MNH1.2021,-93.5324906,44.069073,152,2021-06-01,19,19.07,25.42,11.95,8.26,26.34,30.61,38.36,13.39,1.73,0.03,0,6.51,6.99,51.52,0.55,0.57,0,0.91,-6.51,1.230967342,15.243,41.192,14.195,64.10595536,63.2436,11.2057286948051,15.0794385073486,41.1915748882916,1.23096734235795,0.134848123216603,13.3880965212191,-13.3880965212191,10.685,0.485681818181818,13.47,162.871455,1.42657931679925,0.702149974
20,MNH1.2021,-93.5324906,44.069073,153,2021-06-02,20,20.39,28.08,11.62,11.32,30.53,22.79,21.05,10.21,1.36,0.03,0.01,5.79,8.64,59.23,0.54,0.55,0,2.18,-5.78,1.241748873,15.266,41.266,7.787,66.30223703,65.6652,8.33986505530707,15.1011762597365,41.2663519945554,1.24174887312558,0.143680730654912,10.0600851455995,-10.0500851455995,11.85,0.538636363636364,16.46,180.9021,1.28827004219409,0.500735655
21,MNH1.2021,-93.5324906,44.069073,154,2021-06-03,21,23.12,31.22,14.41,12.24,31.89,26.04,21.17,11.81,1.55,0.03,0,6.48,9.28,52.38,0.53,0.53,0,3.85,-6.48,1.670433473,15.288,41.337,7.829,69.52601344,68.7264,9.52592571216985,15.1219010052353,41.3371166303827,1.67043347281915,0.168395901444137,11.7381992019278,-11.7381992019278,14.815,0.673409090909091,16.81,226.49172,1.03192710091124,0.510813149
22,MNH1.2021,-93.5324906,44.069073,155,2021-06-04,22,26.3,34,17.88,14.32,31.01,30.4,41.25,13.88,1.79,0.04,0,7.18,10.57,49.82,0.52,0.51,0,4.67,-7.18,2.051690968,15.309,41.404,15.252,73.4503734,72.6552,11.1174313645438,15.1415976203722,41.4038596296027,2.05169096768859,0.198236142377248,13.9623917035859,-13.9623917035859,17.94,0.815454545454545,16.12,274.64346,0.853344481605351,0.527756654
23,MNH1.2021,-93.5324906,44.069073,156,2021-06-05,23,28.01,35.49,20,16.72,33.38,29.01,33.87,13.36,1.72,0.04,0,6.64,12.34,52.96,0.51,0.49,0,4.57,-6.64,2.153837103,15.329,41.467,12.521,76.10057504,75.2292,10.6061068255805,15.1602515499959,41.4665724848864,2.15383710328485,0.217415183332497,13.4504389057315,-13.4504389057315,19.745,0.8975,15.49,302.671105,0.776348442643707,0.47697251
24,MNH1.2021,-93.5324906,44.069073,157,2021-06-06,24,26.51,32.36,20.53,17.82,32.36,29.49,34.5,13.33,1.72,0.04,0.01,4.56,13.23,60.4,0.5,0.48,0,5.17,-4.55,1.593436898,15.348,41.525,12.751,74.9878196,74.1252,10.7788584305469,15.1778488440827,41.5252473437754,1.59343689752347,0.203452636552875,13.581552872462,-13.571552872462,18.445,0.838409090909091,11.83,283.09386,0.832095418812686,0.502829121
25,MNH1.2021,-93.5324906,44.069073,158,2021-06-07,25,27.24,32.57,22.09,19.32,34.05,27.54,30.59,12.77,1.65,0.04,0.06,3.36,14.49,63.36,0.5,0.48,0,3.41,-3.3,1.542580895,15.366,41.58,11.305,76.39059136,75.3952,10.0638373778633,15.1943761936946,41.5798770054443,1.54258089479817,0.212873011106532,12.7422035509918,-12.6822035509918,19.33,0.878636363636364,10.48,297.02478,0.794930160372478,0.468795888
26,MNH1.2021,-93.5324906,44.069073,159,2021-06-08,26,28.22,34.74,21.03,19.02,33.87,27.42,28.48,12.58,1.63,0.04,0.07,4.35,14.16,60.19,0.49,0.47,0,2.14,-4.28,1.816791341,15.382,41.63,10.523,77.36679182,76.2672,10.0179854317116,15.2098209659067,41.630454918111,1.81679134115761,0.218965736663334,12.7220757480102,-12.6520757480102,19.885,0.903863636363636,13.71,305.87107,0.773547900427458,0.445783133
27,MNH1.2021,-93.5324906,44.069073,160,2021-06-09,27,28.12,33.61,21.85,19.35,34.06,27.55,29.16,12.66,1.64,0.04,0.15,3.29,14.43,61.05,0.49,0.46,0,1.94,-3.14,1.666455784,15.398,41.677,10.773,77.3426374,76.286,10.0637322121502,15.2241712375237,41.6769751770021,1.66645578388321,0.217249601294423,12.7725572985851,-12.6225572985851,19.73,0.896818181818182,11.76,303.80254,0.780435884439939,0.450213371
28,MNH1.2021,-93.5324906,44.069073,161,2021-06-10,28,29.56,35.8,22.51,19.28,34.7,28.36,31.49,13,1.66,0.04,0.65,3.65,14.42,56.42,0.48,0.46,0,2.19,-3,2.065538164,15.413,41.719,11.634,78.68651448,77.7008,10.3580774409894,15.2374158274025,41.7194325227845,2.06553816446135,0.233460871419765,13.2383259966194,-12.5883259966194,21.155,0.961590909090909,13.29,326.062015,0.728574805010636,0.439783491
29,MNH1.2021,-93.5324906,44.069073,162,2021-06-11,29,26.85,33.26,19.43,18.41,33.77,20.84,12.93,9.76,1.29,0.03,1.86,2.29,13.82,60.78,0.48,0.46,0,3.41,-0.43,1.5626522,15.426,41.758,4.777,75.5131957,74.6776,7.61056218852993,15.2495443272067,41.7578223403723,1.56265219998306,0.20241059780239,9.59267240616463,-7.73267240616463,18.345,0.833863636363636,13.83,282.98997,0.840883074407195,0.363500931
30,MNH1.2021,-93.5324906,44.069073,163,2021-06-12,30,23.29,30.88,15.69,8.43,28.42,31.81,44.9,14.22,1.83,0.04,0,3.06,7.16,43.45,0.48,0.45,0,3.07,-3.06,2.017632393,15.438,41.792,16.586,68.96985995,67.5248,11.6155333652554,15.2605471304206,41.7921406580201,2.01763239313561,0.172625156227552,14.3825658839492,-14.3825658839492,15.285,0.694772727272727,15.19,235.96983,1.01000981354269,0.610562473
31,MNH1.2021,-93.5324906,44.069073,164,2021-06-13,31,26.37,35.42,18.11,9.62,30.16,30.86,41.14,13.95,1.8,0.04,0,3.26,7.71,37.64,0.47,0.43,0,3.08,-3.26,2.719285905,15.449,41.822,15.197,72.10359132,71.0332,11.2677703745152,15.2704154594572,41.8223841466174,2.7192859054932,0.206817542470226,14.2366232831464,-14.2366232831464,18.765,0.852954545454546,17.31,289.900485,0.823288036237677,0.529010239
32,MNH1.2021,-93.5324906,44.069073,165,2021-06-14,32,23.75,31.55,15.13,10.07,28.8,31.47,41.5,13.97,1.8,0.04,0,2.4,7.93,46.77,0.46,0.42,0,2.32,-2.4,1.94363416,15.459,41.849,15.33,69.84618625,68.5752,11.4898742775311,15.2791413907032,41.8485501191011,1.94363415988374,0.173125874551897,14.2337985103781,-14.2337985103781,15.34,0.697272727272727,16.42,237.14106,1.00775749674055,0.588210526
33,MNH1.2021,-93.5324906,44.069073,166,2021-06-15,33,23.07,30.07,15.16,12.05,29.32,31.03,41.42,14,1.8,0.04,0,1.97,9.01,54.42,0.46,0.42,0,2.21,-1.97,1.584314982,15.468,41.871,15.301,69.63378706,68.608,11.328866600714,15.2867178773548,41.8706365299086,1.58431498249969,0.166622930589998,13.9692660697676,-13.9692660697676,14.615,0.664318181818182,14.91,226.06482,1.05836469380773,0.606848721
34,MNH1.2021,-93.5324906,44.069073,167,2021-06-16,34,25.38,33.23,15.55,13.13,31.42,30.07,36.28,13.64,1.76,0.04,0.37,2.01,9.72,50.38,0.46,0.42,0,2.94,-1.64,1.920423791,15.476,41.889,13.404,72.31203956,71.3068,10.9782666884294,15.2931387699068,41.8886419743998,1.92042379102845,0.18292268663029,13.6886900532476,-13.3186900532476,16.39,0.745,17.68,253.65164,0.944234289200732,0.537431048
35,MNH1.2021,-93.5324906,44.069073,168,2021-06-17,35,27.8,36.11,21.32,17.91,35.32,18.5,10.17,8.53,1.1,0.03,1.97,1.58,13.35,56.87,0.45,0.43,0,3.05,0.39,2.204219179,15.482,41.903,3.758,76.3373514,75.4476,6.75424938268168,15.2983988341718,41.9025656881814,2.20421917902842,0.228350410481867,8.61798055909429,-6.64798055909429,20.715,0.941590909090909,14.79,320.70963,0.7473811247888,0.306834532
36,MNH1.2021,-93.5324906,44.069073,169,2021-06-18,36,26.1,33.93,16.86,10.59,30.74,31.34,42.53,14.17,1.84,0.04,0.09,2.09,8.3,42.13,0.45,0.42,0,2.28,-2,2.33214368,15.488,41.912,15.716,72.3023807,71.1124,11.4424387126762,15.3024937667193,41.912407546277,2.33214368024397,0.192733228255976,14.350454003223,-14.260454003223,17.395,0.790681818181818,17.07,269.41376,0.890370796205806,0.542911877
37,MNH1.2021,-93.5324906,44.069073,170,2021-06-19,37,23.15,29.51,16.38,9.21,29.44,29.73,35.64,13.26,1.73,0.04,0.01,1.43,7.52,43.03,0.45,0.41,0,2.77,-1.42,1.829566379,15.492,41.918,13.172,68.76004055,67.6656,10.8552010693578,15.30542020764,41.9181680620915,1.82956637904114,0.169556849941338,13.4128704700431,-13.4028704700431,14.945,0.679318181818182,13.13,231.52794,1.03660086985614,0.572786177
38,MNH1.2021,-93.5324906,44.069073,171,2021-06-20,38,20.48,27.09,14.39,13.82,33.11,10.95,3.21,5.41,0.77,0.02,13.9,0.69,10.41,66.11,0.46,0.5,0,5.01,13.21,1.03180124,15.495,41.92,1.187,66.83900472,66.6552,3.9984298827771,15.3071757505556,41.9198483861289,1.03180124034025,0.150753868223749,4.86587364566591,9.0341263543341,12.74,0.579090909090909,12.7,197.4063,1.21624803767661,0.264160156
39,MNH1.2021,-93.5324906,44.069073,172,2021-06-21,39,16.16,21.26,11.26,3.98,27.17,26.9,24.39,11.74,1.55,0.03,0,1.54,5.27,47.06,0.47,0.45,0,4.38,-1.54,1.119134547,15.497,41.917,9.017,60.18886704,58.7928,9.82356304496856,15.3077589498111,41.9174503044313,1.11913454653779,0.117928945231213,11.518852688708,-11.518852688708,8.26,0.375454545454546,10,128.00522,1.87615012106538,0.726485149
40,MNH1.2021,-93.5324906,44.069073,173,2021-06-22,40,18.6,25.42,9.92,5.4,27.82,30.33,36.11,13.36,1.71,0.03,0.02,1.52,5.83,44.32,0.46,0.43,0,1.27,-1.5,1.337632979,15.497,41.911,13.352,63.1893248,61.744,11.0774428874944,15.3071693248059,41.9109762367168,1.33763297926065,0.127531946925063,13.1530473407807,-13.1330473407807,9.67,0.439545454545455,15.5,149.85599,1.60258531540848,0.71827957
41,MNH1.2021,-93.5324906,44.069073,174,2021-06-23,41,24.95,33.62,14.66,15.86,32.03,29.79,35.59,13.49,1.74,0.04,0.05,2.24,11.74,61.92,0.46,0.42,0,3.1,-2.19,1.635914102,15.497,41.9,13.163,72.9494896,71.8596,10.8817044032799,15.3054073614351,41.9004292342035,1.63591410241418,0.180548736032956,13.5408438648551,-13.4908438648551,16.14,0.733636363636364,18.96,250.12158,0.960161090458488,0.540681363
42,MNH1.2021,-93.5324906,44.069073,175,2021-06-24,42,25.91,31.95,20.11,17.82,34.14,20.94,8.51,9.79,1.31,0.03,0.69,1.05,13.47,63.07,0.45,0.43,0,3.03,-0.36,1.507009981,15.495,41.886,3.148,74.44611263,73.5252,7.65017540492025,15.3024745106318,41.8858129771171,1.50700998072949,0.19915748044517,9.62226021093123,-8.93226021093123,18.03,0.819545454545455,11.84,279.37485,0.859400998336106,0.377846391
43,MNH1.2021,-93.5324906,44.069073,176,2021-06-25,43,23.99,30,16.53,11.92,31.06,25.96,19.41,11.7,1.54,0.04,0.3,1.33,9.03,49.82,0.45,0.42,0,2.43,-1.03,1.666676568,15.492,41.867,7.182,70.43993982,69.4812,9.48586041243562,15.2983731840215,41.8671317718901,1.66667656846937,0.172443380024919,11.7360576875737,-11.4360576875737,15.265,0.693863636363636,13.47,236.48538,1.01487061906322,0.48770321
44,MNH1.2021,-93.5324906,44.069073,177,2021-06-26,44,21.94,27.19,17.79,16.56,33.8,6.37,0.81,3.26,0.48,0.01,25.32,0.74,12.22,73.57,0.46,0.53,0,1.48,24.58,0.936700141,15.488,41.844,0.3,69.53073542,69.1016,2.32808002938051,15.2931067467129,41.8443905480704,0.936700141199332,0.165522846192149,2.86531683582049,22.4546831641795,14.49,0.658636363636364,9.4,224.42112,1.06887508626639,0.148587056
45,MNH1.2021,-93.5324906,44.069073,178,2021-06-27,45,22.45,27.72,17.21,16.7,33.64,21.82,15.49,10.07,1.35,0.03,3.2,3.31,12.23,72.6,0.49,0.52,0,1.72,-0.11,0.939978183,15.482,41.818,5.735,70.238413,69.662,7.97643546946115,15.2866795072736,41.8175948549664,0.939978182898556,0.165303566769922,9.81331980398885,-6.61331980398885,14.465,0.6575,10.51,223.94713,1.07030763912893,0.448552339
46,MNH1.2021,-93.5324906,44.069073,179,2021-06-28,46,23.15,28.82,17.45,17.43,33.59,19.26,14.89,9,1.2,0.03,4.32,2.65,12.77,72.28,0.49,0.49,0,1.41,1.67,0.987741673,15.476,41.787,5.515,71.2809518,70.6248,7.04231356816624,15.2790967049508,41.7867508580676,0.987741673322788,0.171265766645939,8.69989173344043,-4.37989173344043,15.135,0.687954545454545,11.37,234.22926,1.02253055830856,0.388768898
47,MNH1.2021,-93.5324906,44.069073,180,2021-06-29,47,24.04,29.5,18.49,17.09,33.53,25.37,21.36,11.62,1.52,0.04,1.37,3.83,12.5,68.14,0.49,0.49,0,1.54,-2.46,1.176817289,15.468,41.752,7.913,72.24542744,71.3924,9.278846444518,15.2703644942176,41.7518653352846,1.17681728881167,0.179183784603787,11.5215981451428,-10.1515981451428,15.995,0.727045454545455,11.01,247.41066,0.967052203813692,0.483361065
48,MNH1.2021,-93.5324906,44.069073,181,2021-06-30,48,24.58,30.91,17.65,13.96,31.43,28.74,33.76,13.01,1.66,0.04,0.04,4.05,10.2,54.59,0.48,0.45,0,1.61,-4.01,1.649799466,15.46,41.713,12.512,71.68746978,70.8056,10.5143972313063,15.26048992674,41.7129456730655,1.64979946574216,0.181874927302052,13.0746146431543,-13.0346146431543,16.28,0.74,13.26,251.6888,0.94963144963145,0.529292107
49,MNH1.2021,-93.5324906,44.069073,182,2021-07-01,49,25.35,31.69,18.33,14.53,32.29,23.61,17.63,10.59,1.39,0.03,0.01,2.89,10.61,53.18,0.47,0.44,0,1.81,-2.88,1.735179254,15.45,41.67,6.537,72.5750787,71.7808,8.64027468121931,15.2494809308748,41.6699998624517,1.73517925390054,0.188923869305026,10.7871481310255,-10.7771481310255,17.01,0.773181818181818,13.36,262.8045,0.908289241622575,0.417751479
50,MNH1.2021,-93.5324906,44.069073,183,2021-07-02,50,24.1,30.82,17.18,12.27,30.37,29.47,33.92,13.15,1.67,0.04,0,2.9,9.29,53.45,0.46,0.43,0,2.01,-2.9,1.775562226,15.438,41.623,12.581,70.9302855,69.7172,10.7883670424664,15.2373462888211,41.6230364951412,1.7755622256222,0.179230706631199,13.3839913905983,-13.3839913905983,16,0.727272727272727,13.64,247.008,0.964875,0.545643154
51,MNH1.2021,-93.5324906,44.069073,184,2021-07-03,51,25.29,32.98,16.22,12.86,32.62,25.76,21.96,11.33,1.39,0.03,0,2.48,9.57,48.83,0.46,0.42,0,2.09,-2.48,1.950078152,15.426,41.572,8.149,72.02782593,71.1196,9.43356326469115,15.2240956115637,41.5720647596377,1.95007815158104,0.184937085505812,11.7413006988077,-11.7413006988077,16.6,0.754545454545454,16.76,256.0716,0.929277108433735,0.448003163
52,MNH1.2021,-93.5324906,44.069073,185,2021-07-04,52,28.05,34.58,20.32,16.81,34.47,27.91,30,12.82,1.65,0.04,0.91,2.18,12.36,52.39,0.45,0.41,0,4.82,-1.27,2.024647051,15.413,41.517,11.137,76.07717105,75.3016,10.2247960735646,15.2097393117539,41.5170944375676,2.02464705083984,0.214178134315026,12.9212676448347,-12.0112676448347,19.45,0.884090909090909,14.26,299.78285,0.792442159383033,0.457040998
53,MNH1.2021,-93.5324906,44.069073,186,2021-07-05,53,28.85,36.39,21.01,15.99,34.73,28.5,30.68,13.01,1.66,0.04,0.11,2.04,11.72,49.08,0.45,0.41,0,2.26,-1.93,2.461714825,15.398,41.458,11.395,76.6680442,75.8064,10.4451687220205,15.1942885746861,41.4581359002491,2.46171482549965,0.228177859622382,13.275406328962,-13.165406328962,20.7,0.940909090909091,15.38,318.7386,0.743864734299517,0.450953206
54,MNH1.2021,-93.5324906,44.069073,187,2021-07-06,54,25.11,30.27,16.26,19.27,35.21,11.73,0.6,5.73,0.81,0.02,14.62,0.77,14.49,71.41,0.45,0.49,0,2.34,13.85,0.844253055,15.383,41.395,0.223,74.17921049,73.2472,4.30086264923906,15.177755327534,41.3952001056053,0.844253054646615,0.172443380024919,5.30292591198921,9.31707408801078,15.265,0.693863636363636,14.01,234.821495,1.00773010153947,0.228195938
55,MNH1.2021,-93.5324906,44.069073,188,2021-07-07,55,18.65,24.51,13.93,12.74,32.45,15.91,10.42,7.44,1.03,0.03,9.5,2.7,9.44,71.24,0.48,0.52,0,3.23,6.8,0.861407682,15.366,41.328,3.874,64.3725774,64.4364,5.83614689717389,15.1601522070194,41.3282985955129,0.861407681687429,0.138845428941863,6.98868138826802,2.51131861173198,11.22,0.51,10.58,172.40652,1.36951871657754,0.398927614
56,MNH1.2021,-93.5324906,44.069073,189,2021-07-08,56,19.72,25.67,12.38,11.29,31.24,20.38,12.45,9.29,1.23,0.03,0.04,2.82,8.61,61.5,0.48,0.46,0,0.98,-2.78,1.028991012,15.349,41.257,4.632,65.485222,64.9844,7.47946531686627,15.1414925256891,41.2574434936793,1.02899101184076,0.137377004198618,8.93828437086643,-8.89828437086643,11.025,0.501136363636364,13.29,169.222725,1.39219954648526,0.471095335
57,MNH1.2021,-93.5324906,44.069073,190,2021-07-09,57,21.22,25.57,16.99,16.5,33.98,14.85,4.21,7.03,0.97,0.02,4.61,1.37,12.11,75.45,0.47,0.47,0,2.44,3.24,0.729519266,15.33,41.183,1.567,68.5492351,68.36,5.45274766505929,15.1217902369814,41.1826475041427,0.72951926570154,0.155187260767857,6.62458654327526,-2.01458654327526,13.28,0.603636363636364,8.58,203.5824,1.15436746987952,0.331291235
58,MNH1.2021,-93.5324906,44.069073,191,2021-07-10,58,19.16,22.43,16.86,16.31,33.25,16.67,4.07,7.76,1.06,0.02,4.26,0.4,11.91,84.06,0.48,0.5,0,2.47,3.86,0.462695372,15.31,41.104,1.516,65.74385704,66.2316,6.12434640227802,15.1010598992625,41.1039239104878,0.462695372327033,0.14209194116429,7.34695151025201,-3.08695151025201,11.645,0.529318181818182,5.57,178.28495,1.31472735079433,0.405010438
59,MNH1.2021,-93.5324906,44.069073,192,2021-07-11,59,21.84,29,14.56,12.01,29,27.11,26.97,11.71,1.43,0.03,0,3.72,8.99,58.01,0.47,0.45,0,2.22,-3.72,1.428119957,15.289,41.021,10.052,68.23766016,67.3636,9.96556442294096,15.0793166390166,41.0212865758683,1.42811995746854,0.159390009935717,12.1360894590084,-12.1360894590084,13.78,0.626363636363637,14.44,210.68242,1.10950653120464,0.536172161
60,MNH1.2021,-93.5324906,44.069073,193,2021-07-12,60,21.81,28.66,13.27,12.81,29.31,28.02,28.73,12.16,1.52,0.03,0,3,9.48,60.51,0.47,0.44,0,1.37,-3,1.246738268,15.267,40.935,10.715,68.37842869,67.6216,10.3062865480935,15.0565761133703,40.9347499439238,1.24673826817345,0.152587921597452,12.471630766499,-12.471630766499,12.965,0.589318181818182,15.39,197.936655,1.17755495564983,0.557542412
61,MNH1.2021,-93.5324906,44.069073,194,2021-07-13,61,24.19,31.15,15.51,15.35,32.2,25.29,21.53,11.3,1.42,0.03,0.08,2.53,11.25,60.87,0.46,0.43,0,2.14,-2.45,1.402425386,15.245,40.844,8.036,71.76669847,70.916,9.30804590330206,15.0328544721307,40.8443290406761,1.40242538600275,0.173034743830508,11.4378767528901,-11.3578767528901,15.33,0.696818181818182,15.64,233.70585,0.994455316373125,0.46713518
62,MNH1.2021,-93.5324906,44.069073,195,2021-07-14,62,20.82,24.2,14.9,18.69,33.49,4.95,0.64,2.59,0.38,0.01,24.55,0.33,13.99,87.77,0.48,0.55,0,2.51,24.22,0.201901558,15.221,40.75,0.239,68.70406686,68.7484,1.82307634873911,15.0081683195123,40.750039477484,0.201901558417444,0.141360730058872,2.17999931405027,22.3700006859497,11.55,0.525,9.3,175.80255,1.3178354978355,0.124399616
63,MNH1.2021,-93.5324906,44.069073,196,2021-07-15,63,20.83,28,13.78,14.33,30.07,26.26,24.28,11.58,1.44,0.03,0.1,4.92,10.46,70.12,0.5,0.5,0,1.95,-4.82,1.044730833,15.196,40.652,9.076,67.60507604,67.1888,9.67830249544305,14.9825346757226,40.6518974551296,1.04473083289011,0.151974486115597,11.6819318980043,-11.5819318980043,12.89,0.585909090909091,14.22,195.87644,1.1788983708301,0.555928949
64,MNH1.2021,-93.5324906,44.069073,197,2021-07-16,64,22.48,28.65,15.8,13.06,29.87,26.51,24.96,11.66,1.45,0.03,0,4.72,9.63,57.75,0.49,0.46,0,1.52,-4.72,1.356573734,15.171,40.55,9.338,69.102928,68.3816,9.7776467090235,14.9559709385722,40.5499197691043,1.35657373365774,0.163210933777055,11.9034972492093,-11.9034972492093,14.225,0.646590909090909,12.85,215.807475,1.06650263620387,0.518683274
65,MNH1.2021,-93.5324906,44.069073,198,2021-07-17,65,23.55,29.66,18.03,15.28,30.08,27.47,29.33,12.12,1.51,0.03,0,3.93,11.08,62.05,0.48,0.45,0,1.41,-3.93,1.378074174,15.144,40.444,10.982,70.96899725,70.2508,10.1395632963539,14.9284948452659,40.4441238161527,1.37807417371335,0.177780931987697,12.4638307509059,-12.4638307509059,15.845,0.720227272727273,11.63,239.95668,0.955758914484064,0.514649682
66,MNH1.2021,-93.5324906,44.069073,199,2021-07-18,66,23.53,30.27,16.34,13.63,30.77,25.21,22.05,10.95,1.35,0.03,0,3.43,9.93,57.12,0.47,0.44,0,1.22,-3.43,1.523013126,15.117,40.335,8.264,70.49707264,69.6368,9.31291772398434,14.9001244345257,40.3345276021279,1.5230131257611,0.172807094063817,11.3998895631256,-11.3998895631256,15.305,0.695681818181818,13.93,231.365685,0.987716432538386,0.465363366
67,MNH1.2021,-93.5324906,44.069073,200,2021-07-19,67,24.01,31.32,16.13,13.2,31.26,24.02,18.36,10.55,1.32,0.03,0,3,9.67,53.91,0.46,0.43,0,1.19,-3,1.686730367,15.089,40.221,6.888,70.85332309,69.962,8.88086223268653,14.8708780091865,40.2211497511998,1.68673036736184,0.176665328841453,10.890404967186,-10.890404967186,15.725,0.714772727272727,15.19,237.274525,0.959554848966614,0.43940025
68,MNH1.2021,-93.5324906,44.069073,201,2021-07-20,68,25.84,33.28,17.7,15.56,33.97,20.99,11.49,9.05,1.04,0.02,0,2.44,11.35,55.09,0.46,0.42,0,1.77,-2.44,1.799664253,15.06,40.104,4.315,73.44543344,72.6416,7.76749886363825,14.8407740993984,40.1040095164512,1.79966425331939,0.193683084918886,9.61638680238102,-9.61638680238102,17.49,0.795,15.58,263.3994,0.86106346483705,0.350232198
69,MNH1.2021,-93.5324906,44.069073,202,2021-07-21,69,24.82,30.35,19.47,17.26,35.32,15.52,4.21,6.78,0.79,0.02,0,1.43,12.61,65.15,0.46,0.43,0,1.87,-1.43,1.325893464,15.03,39.983,1.583,73.0962777,72.2336,5.74863954328903,14.8098314265579,39.9831267918867,1.32589346362174,0.187944868910784,7.08680974681579,-7.08680974681579,16.91,0.768636363636364,10.88,254.1573,0.888823181549379,0.273166801
70,MNH1.2021,-93.5324906,44.069073,203,2021-07-22,70,26.19,32.44,19.72,16.84,35.53,16.44,8.1,7.54,0.95,0.02,0.17,1.88,12.31,58.93,0.45,0.42,0,3.82,-1.71,1.667946809,14.999,39.859,3.048,74.36633933,73.4524,6.09534521686637,14.7780688680821,39.8585221258677,1.66794680886738,0.199670890373713,7.55650152860442,-7.38650152860442,18.08,0.821818181818182,12.72,271.18192,0.829590707964602,0.287896144
71,MNH1.2021,-93.5324906,44.069073,204,2021-07-23,71,28.77,36.25,21.2,17.46,36.39,21.42,15.9,9.79,1.23,0.03,0.03,2.15,12.83,53.38,0.45,0.41,0,3.54,-2.12,2.275331417,14.967,39.73,5.99,77.17421174,76.2556,7.94983647490146,14.7455054231292,39.7302167359792,2.2753314167702,0.228465505246702,9.97869572959022,-9.94869572959022,20.725,0.942045454545455,15.05,310.191075,0.722171290711701,0.340285019
72,MNH1.2021,-93.5324906,44.069073,205,2021-07-24,72,27.07,33.93,20.99,15.96,33.76,26.63,28.39,12.1,1.52,0.04,3.59,1.99,12.04,55.15,0.45,0.43,0,2.9,1.6,2.078306408,14.935,39.598,10.708,75.12006395,74.0156,9.89399780219478,14.7121601793596,39.5982325253232,2.07830640797086,0.214287197527846,12.3293003369223,-8.73930033692228,19.46,0.884545454545455,12.94,290.6351,0.767471736896197,0.446989287
73,MNH1.2021,-93.5324906,44.069073,206,2021-07-25,73,25.91,34.17,16.52,10.7,30.87,26.77,28.08,11.83,1.47,0.03,0,1.74,8.3,42.15,0.44,0.41,0,1.53,-1.74,2.337849636,14.902,39.463,10.604,72.07150435,70.962,9.95706157769965,14.6780522808197,39.462592100221,2.33784963607874,0.192234881391851,12.2543982878141,-12.2543982878141,17.345,0.788409090909091,17.65,258.47519,0.859152493513981,0.456580471
74,MNH1.2021,-93.5324906,44.069073,207,2021-07-26,74,27.21,34.62,21.02,14.22,35.34,17.22,5.16,7.84,1,0.02,0.11,1.42,10.42,46.63,0.44,0.4,0,3.18,-1.31,2.376211619,14.868,39.323,1.951,74.23315277,73.5292,6.41237635098485,14.6432008970234,39.3233187892997,2.3762116192041,0.218244685290341,7.98700278472879,-7.87700278472879,19.82,0.900909090909091,13.6,294.68376,0.750151362260343,0.288129364
75,MNH1.2021,-93.5324906,44.069073,208,2021-07-27,75,29.32,37.02,21.27,18.66,35.47,22.83,16.19,10.32,1.27,0.03,0.5,1.29,14.07,53.75,0.44,0.4,0,2.53,-0.79,2.253815311,14.834,39.18,6.13,77.964855,77.2376,8.51169898956064,14.6076251932932,39.180436663926,2.25381531062571,0.23334366759328,10.6564534695253,-10.1564534695253,21.145,0.961136363636364,15.75,313.66493,0.701537006384488,0.351978172
76,MNH1.2021,-93.5324906,44.069073,209,2021-07-28,76,28.78,34.17,24.17,21.68,37.04,14.65,6.59,6.66,0.82,0.02,4.11,0.82,16.73,67.56,0.44,0.44,0,3.14,3.29,1.599306308,14.799,39.034,2.498,79.20005032,77.7848,5.46883114805317,14.5713443024157,39.03397055994,1.59930630790245,0.233636769803862,6.83903056524861,-2.72903056524861,21.17,0.962272727272727,10,313.29483,0.699055266887104,0.231410702
77,MNH1.2021,-93.5324906,44.069073,210,2021-07-29,77,26.66,32.16,20.68,18.02,33.48,22.9,19.8,10.28,1.3,0.03,0.06,1.13,13.4,61.96,0.44,0.41,0,2.89,-1.07,1.551599863,14.763,38.884,7.517,75.38767064,74.3472,8.55975983648698,14.5343772976564,38.883946100634,1.55159986308735,0.203191704673451,10.5451331348376,-10.4851331348376,18.42,0.837272727272727,11.48,271.93446,0.801465798045603,0.385596399
78,MNH1.2021,-93.5324906,44.069073,211,2021-07-30,78,20.36,24.11,16.21,14.53,33.15,12.88,3.67,6.02,0.8,0.02,1.98,0.26,10.62,71.33,0.44,0.42,0,0.99,1.72,0.768798744,14.727,38.73,1.396,66.96897012,66.7908,4.82097013065483,14.4967431671677,38.7303897209085,0.768798743895577,0.146111831753091,5.69896056964046,-3.71896056964046,12.16,0.552727272727273,7.9,179.08032,1.21110197368421,0.2956778
79,MNH1.2021,-93.5324906,44.069073,212,2021-07-31,79,22.19,30.44,14.12,12.97,31.86,23.92,22.92,10.84,1.4,0.03,0.09,0.92,9.64,61.19,0.44,0.42,0,2.61,-0.83,1.486330906,14.69,38.573,8.729,68.96601039,68.0592,8.9659459998698,14.458460789819,38.573328692532,1.48633090601226,0.163688508756832,10.7445050268737,-10.6545050268737,14.28,0.649090909090909,16.32,209.7732,1.02871148459384,0.488508337
80,MNH1.2021,-93.5324906,44.069073,213,2021-08-01,80,21.03,27.74,14.51,9.42,30.05,23.63,21.3,10.57,1.36,0.03,0,0.93,7.52,50.11,0.43,0.4,0,2.54,-0.93,1.506591152,14.652,38.413,8.125,66.60132167,65.6212,8.87032497761728,14.4195489124656,38.4127911504194,1.50659115238887,0.153903582817899,10.5297316530593,-10.5297316530593,13.125,0.596590909090909,13.23,192.3075,1.11634285714286,0.502615311
81,MNH1.2021,-93.5324906,44.069073,214,2021-08-02,81,21.64,28.25,13.57,9.12,31.16,20.49,16.7,9.08,1.14,0.02,0,0.88,7.39,47.73,0.43,0.4,0,1.19,-0.88,1.537469744,14.614,38.249,6.381,67.22849428,66.1232,7.70342306772347,14.3800261286697,38.2488061198379,1.53746974444657,0.152137864688014,9.11642812009147,-9.11642812009147,12.91,0.586818181818182,14.68,188.66674,1.13199070487994,0.419593346
82,MNH1.2021,-93.5324906,44.069073,215,2021-08-03,82,22.64,29.77,14.88,10.64,32.01,21.01,12.65,9.08,1.07,0.02,0,0.78,8.21,49.59,0.43,0.4,0,1.45,-0.78,1.658128806,14.575,38.081,4.842,68.66193424,67.6704,7.91151320862942,14.3399108588755,38.0814035444386,1.65812880587404,0.164080129118145,9.44022097573811,-9.44022097573811,14.325,0.651136363636364,14.89,208.786875,1.0174520069808,0.401060071
83,MNH1.2021,-93.5324906,44.069073,216,2021-08-04,83,23.05,30,15.84,11.2,32.96,18.17,8.84,8.04,1,0.02,0,0.62,8.49,50.19,0.43,0.39,0,2.57,-0.62,1.691102705,14.536,37.911,3.389,69.24643705,68.282,6.85340652737035,14.2992213320365,37.910614315009,1.69110270450647,0.169333067559118,8.19618029495654,-8.19618029495654,14.92,0.678181818181818,14.16,216.87712,0.97426273458445,0.348806941
1,MOH1.2020,-92.2071644,38.8963587,154,2020-06-02,1,23.39,28.73,17.14,19.7,31.28,29.45,32.12,13.45,1.74,0.04,0,9.95,14.58,80.97,0.74,0.76,0,2.79,-9.95,0.65406378,14.729,41.396,11.429,72.41668417,71.682,10.3715583482623,14.578815578789,41.3964907083871,0.654063779990738,0.169467307057112,13.2856875262214,-13.2856875262214,14.935,0.678863636363636,11.59,219.977615,0.986206896551724,0.575032065
2,MOH1.2020,-92.2071644,38.8963587,155,2020-06-03,2,24.64,29.04,19.49,22.23,33.84,27.73,28.02,12.83,1.66,0.04,36.84,5.2,17.19,86.93,0.75,0.82,0,2.39,31.64,0.458970194,14.746,41.448,9.969,75.03276648,73.8428,9.76425484867692,14.594777834786,41.4484459521717,0.458970194123181,0.181732443776538,12.6139999659187,24.2260000340813,16.265,0.739318181818182,9.55,239.84369,0.906609283738088,0.520698052
3,MOH1.2020,-92.2071644,38.8963587,156,2020-06-04,3,24.29,28.51,20.57,21.39,33.52,26.36,23.44,12.32,1.61,0.04,12.76,6.92,16.29,84.72,0.8,0.83,0,1.52,5.84,0.610623688,14.762,41.497,8.338,74.23264312,73.1904,9.28055451778362,14.6098894099678,41.4971631392047,0.610623687847005,0.184359644686517,12.0105131600748,0.749486839925242,16.54,0.751818181818182,7.94,244.16348,0.892503022974607,0.507204611
4,MOH1.2020,-92.2071644,38.8963587,157,2020-06-05,4,24.17,28.67,19.7,21.41,34.22,18.48,6.02,8.86,1.19,0.03,3.06,4.05,16.32,85.21,0.79,0.82,0,1.2,-0.99,0.562213128,14.778,41.543,2.141,74.08197443,73.0776,6.50546235792155,14.6241398972237,41.5426437709861,0.56221312759279,0.18097411977397,8.40224679023307,-5.34224679023307,16.185,0.735681818181818,8.97,239.18193,0.91306765523633,0.366570128
5,MOH1.2020,-92.2071644,38.8963587,158,2020-06-06,5,25.7,31.4,20.13,21.26,32.64,28.95,31.32,13.25,1.7,0.04,0.01,10.41,16.1,78.06,0.78,0.8,0,1.49,-10.4,0.949507845,14.792,41.585,11.141,75.8152258,74.5536,10.1901481871274,14.6375193844493,41.5848894832673,0.949507844680151,0.19645491944151,13.283585832945,-13.273585832945,17.765,0.8075,11.27,262.77988,0.832648466084999,0.515564202
6,MOH1.2020,-92.2071644,38.8963587,159,2020-06-07,6,26.03,31.78,19.5,22.24,32.74,29.28,31.45,13.29,1.7,0.04,0,11.37,17.19,80.66,0.77,0.79,0,2.22,-11.37,0.798549467,14.806,41.624,11.187,76.63576002,75.2364,10.305437983949,14.6500184780251,41.6239020315956,0.798549466572855,0.195190883082492,13.4256635200893,-13.4256635200893,17.64,0.801818181818182,12.28,261.17784,0.839342403628118,0.510564733
7,MOH1.2020,-92.2071644,38.8963587,160,2020-06-08,7,24.62,28.88,20.1,20.79,33.37,23.34,13.22,10.78,1.43,0.04,0.6,8.49,15.71,80.41,0.75,0.78,0,2.42,-7.89,0.710260378,14.818,41.66,4.702,74.34254258,73.3044,8.21423443936345,14.6616283253926,41.6596832779442,0.710260378297743,0.183879605414331,10.631342969293,-10.031342969293,16.49,0.749545454545455,8.78,244.34882,0.898605215281989,0.437855402
8,MOH1.2020,-92.2071644,38.8963587,161,2020-06-09,8,25.08,30.41,20.84,22.98,35.06,20.46,15.94,9.87,1.35,0.04,43.13,4.37,18.27,88.51,0.8,0.86,0,4.02,38.76,0.59721055,14.83,41.692,5.67,75.93419492,74.5528,7.20028773081571,14.6723406366186,41.6922351783861,0.597210550341483,0.195039659930026,9.38067152709134,33.7493284729087,17.625,0.801136363636364,9.57,261.37875,0.841418439716312,0.39354067
9,MOH1.2020,-92.2071644,38.8963587,162,2020-06-10,9,17.86,22,14.06,13.84,31.05,16.53,12.69,7.94,1.09,0.03,1.35,4.43,10.12,77.91,0.8,0.82,0,4.24,-3.08,0.542285921,14.841,41.722,4.514,63.40104874,64.0424,5.81703807069269,14.6821477048432,41.7215597717686,0.542285921406544,0.130087343642913,7.19057090988383,-5.84057090988383,10.03,0.455909090909091,7.94,148.85523,1.47966101694915,0.444568869
10,MOH1.2020,-92.2071644,38.8963587,163,2020-06-11,10,20.42,26.97,11.87,15.04,28.75,30.66,37.95,13.93,1.82,0.05,0,10.15,10.82,73.7,0.79,0.8,0,2.17,-10.15,0.765060099,14.851,41.748,13.5,67.2001446,67.0344,10.7892842312185,14.6910424255089,41.7476591693452,0.765060098707601,0.140365288391121,13.4890737349588,-13.4890737349588,11.42,0.519090909090909,15.1,169.59842,1.30043782837128,0.682174339
11,MOH1.2020,-92.2071644,38.8963587,164,2020-06-12,11,23.43,29.38,16.97,18.24,31.05,28.87,33.34,13.31,1.73,0.04,0.02,9.91,13.26,73.95,0.78,0.79,0,1.65,-9.89,0.918895565,14.86,41.771,11.861,71.85667015,71.1964,10.1593300922041,14.6990183142744,41.7705355453251,0.918895564989386,0.171627384268573,13.0441380076326,-13.0241380076326,15.175,0.689772727272727,12.41,225.5005,0.979242174629325,0.568075117
12,MOH1.2020,-92.2071644,38.8963587,165,2020-06-13,12,23.11,29.29,16.33,17.76,29.94,30.81,37.95,13.94,1.8,0.04,0,11.65,12.88,73.52,0.76,0.78,0,1.76,-11.65,0.93205594,14.868,41.79,13.502,71.32630728,70.7036,10.8421136584107,14.7060695235215,41.7901911282966,0.932055940407283,0.168351383904028,13.8879470606705,-13.8879470606705,14.81,0.673181818181818,12.96,220.19508,1.00391627278866,0.603202077
13,MOH1.2020,-92.2071644,38.8963587,166,2020-06-14,13,23.2,29.13,16.45,19.6,31.69,28.16,28.11,12.97,1.68,0.04,0,10.44,14.45,81.23,0.75,0.77,0,2.34,-10.44,0.672513161,14.875,41.807,10.002,72.1330164,71.456,9.90979929369284,14.712190857369,41.8066281934885,0.672513161114313,0.168173413061301,12.6917760438749,-12.6917760438749,14.79,0.672272727272727,12.68,220.00125,1.00574712643678,0.559051724
14,MOH1.2020,-92.2071644,38.8963587,167,2020-06-15,14,22.96,28.45,18.28,19.17,32.7,28.82,29.57,13.37,1.73,0.04,0.01,8.56,14.14,79.56,0.74,0.76,0,2.53,-8.55,0.76952567,14.881,41.82,10.522,71.60482624,71.0612,10.1424284722008,14.7173777851151,41.8198490558326,0.769525669688027,0.17335387851724,13.0372712343624,-13.0272712343624,15.365,0.698409090909091,10.17,228.646565,0.968499837292548,0.582317073
15,MOH1.2020,-92.2071644,38.8963587,168,2020-06-16,15,21.39,27.21,16.52,15.46,30.7,29.24,33.4,13.37,1.74,0.04,0,11.54,11.09,69.98,0.72,0.75,0,2.33,-11.54,0.987990665,14.886,41.83,11.886,68.43779478,68.1556,10.2907444106505,14.7216264530371,41.829856063794,0.987990664947191,0.160113952271117,13.0972583459236,-13.0972583459236,13.865,0.630227272727273,10.69,206.39439,1.07363865849261,0.625058439
16,MOH1.2020,-92.2071644,38.8963587,169,2020-06-17,16,21.96,28.33,14.45,16.97,30.58,29.69,34.13,13.61,1.77,0.04,0,11.7,12.31,74.85,0.71,0.74,0,2.08,-11.7,0.815455034,14.891,41.837,12.148,69.6567394,69.2692,10.4497674821707,14.7249336944851,41.8366515939403,0.815455034179805,0.156103737566866,13.2550026163755,-13.2550026163755,13.39,0.608636363636364,13.88,199.39049,1.11209858103062,0.619763206
17,MOH1.2020,-92.2071644,38.8963587,170,2020-06-18,17,23.78,29.19,17.64,19.47,31.78,27.99,26.52,12.84,1.68,0.04,0.01,11.53,14.41,78.03,0.7,0.73,0,2.13,-11.52,0.771117635,14.894,41.84,9.44,72.77348866,71.9892,9.8521677540232,14.7272970382157,41.8402380462235,0.771117635134534,0.173810646473088,12.6658006845589,-12.6558006845589,15.415,0.700681818181818,11.55,229.59101,0.966201751540707,0.539949537
18,MOH1.2020,-92.2071644,38.8963587,171,2020-06-19,18,23.28,26.1,19.8,20.8,34.45,17.94,6.7,8.6,1.17,0.03,17.19,3.15,15.61,86.09,0.7,0.75,0,1.64,14.04,0.388795973,14.896,41.841,2.385,72.68726448,71.968,6.31523040592736,14.7287147149203,41.8406178399548,0.388795973467007,0.16960163635443,8.09400181906426,9.09599818093574,14.95,0.679545454545455,6.3,222.6952,0.996387959866221,0.369415808
19,MOH1.2020,-92.2071644,38.8963587,172,2020-06-20,19,23.86,28.06,20.21,21.34,34.44,18.55,9.38,8.88,1.19,0.03,3.01,5.9,16.17,86.43,0.72,0.76,0,1.58,-2.89,0.5415646,14.898,41.838,3.34,73.68308602,72.7424,6.53061196005124,14.7291856619117,41.8377934104538,0.54156459989917,0.180501523249804,8.43152215540259,-5.42152215540259,16.135,0.733409090909091,7.85,240.37923,0.923334366284475,0.372170997
20,MOH1.2020,-92.2071644,38.8963587,173,2020-06-21,20,24.43,28.63,19.48,20.93,32.94,27.96,25.39,12.84,1.67,0.04,0.52,8.43,15.79,81.92,0.71,0.74,0,1.79,-7.91,0.616090108,14.898,41.832,9.042,74.18666544,73.1648,9.84454508732325,14.7287095259455,41.8317672063614,0.616090108491305,0.179747533065073,12.7024724332923,-12.1824724332923,16.055,0.729772727272727,9.15,239.18739,0.927935222672065,0.525583299
21,MOH1.2020,-92.2071644,38.8963587,174,2020-06-22,21,23.95,28.5,19.65,21.47,33.47,20.11,12.2,9.6,1.3,0.03,1.25,6.12,16.36,86.62,0.71,0.74,0,1.82,-4.87,0.530004934,14.898,41.823,4.346,73.8508751,72.8792,7.08148579367534,14.7272866641576,41.8225416876107,0.53000493414879,0.179935781210209,9.13726025899798,-7.88726025899798,16.075,0.730681818181818,8.85,239.48535,0.926780715396579,0.400835073
22,MOH1.2020,-92.2071644,38.8963587,175,2020-06-23,22,19.97,24.45,14.68,15.72,30.73,27.48,27.66,12.58,1.65,0.04,0.25,7.39,11.36,77.84,0.7,0.72,0,1.98,-7.14,0.581958568,14.896,41.81,9.855,66.73378152,66.8292,9.67805777918622,14.7249181431163,41.8101193240511,0.581958567937152,0.141475972251789,12.1037122260297,-11.8537122260297,11.565,0.525681818181818,9.77,172.27224,1.28802421098141,0.629944917
23,MOH1.2020,-92.2071644,38.8963587,176,2020-06-24,23,21.95,26.61,14.63,15.35,30.04,28.85,33.79,13.19,1.71,0.04,0.01,11.88,11.08,67.95,0.68,0.71,0,1.26,-11.87,0.83067678,14.894,41.795,12.041,69.12852475,68.676,10.16206197264,14.7216057359908,41.7945025947327,0.830676780338391,0.149783351864426,12.8088789690201,-12.7988789690201,12.62,0.573636363636364,11.98,187.96228,1.18019017432647,0.600911162
24,MOH1.2020,-92.2071644,38.8963587,177,2020-06-25,24,24.24,30.08,16.6,19.06,32.44,27.7,25.67,12.93,1.72,0.04,0,12.46,14.27,73.74,0.67,0.7,0,1.43,-12.46,0.870202341,14.891,41.776,9.15,73.08541024,72.3016,9.75856076126614,14.7173519178543,41.7756939878571,0.870202340702194,0.173125874551897,12.528637392357,-12.528637392357,15.34,0.697272727272727,13.48,228.42794,0.970730117340287,0.533415842
25,MOH1.2020,-92.2071644,38.8963587,178,2020-06-26,25,25.61,29.38,20.49,22.33,34.39,27.89,27.78,12.98,1.69,0.04,0.95,7.99,17.21,82.65,0.66,0.69,0,2.66,-7.04,0.554721827,14.886,41.754,9.904,76.18014835,74.8488,9.8272052001748,14.7121598591456,41.7536960014095,0.554721826961099,0.188189217409462,12.7371011893005,-11.7871011893005,16.935,0.769772727272727,8.89,252.09441,0.879007971656333,0.506833268
26,MOH1.2020,-92.2071644,38.8963587,179,2020-06-27,26,24.51,26.71,22.66,22.94,36,11.19,1.88,5.66,0.78,0.02,7.33,2.86,17.88,91.04,0.66,0.71,0,2.43,4.47,0.329384764,14.881,41.729,0.67,75.22514496,73.9684,3.94359897888679,14.7060334173257,41.7285111444894,0.329384763853868,0.185757735184961,5.10291131799663,2.22708868200337,16.685,0.758409090909091,4.05,248.289485,0.891878933173509,0.230926153
27,MOH1.2020,-92.2071644,38.8963587,180,2020-06-28,27,26.64,31,23.06,23.49,35.75,23.04,13.58,10.86,1.41,0.04,1.52,9.34,18.55,83.5,0.67,0.7,0,2.66,-7.82,0.76230925,14.875,41.7,4.844,77.959856,76.2964,8.12142158876451,14.698977126775,41.700141939364,0.76230924985906,0.209639423491235,10.6437292176631,-9.12372921766312,19.03,0.865,7.94,283.07125,0.781660535995796,0.407657658
28,MOH1.2020,-92.2071644,38.8963587,181,2020-06-29,28,26.08,30.23,23.5,22.91,36.13,20.04,11.12,9.62,1.28,0.03,0.56,7.29,17.86,83.27,0.66,0.68,0,2.76,-6.73,0.803239993,14.868,41.669,3.968,77.01683784,75.5276,7.06545522794897,14.6909961869836,41.6685909242702,0.803239993189416,0.207878626213479,9.24988464896116,-8.68988464896116,18.865,0.8575,6.73,280.48482,0.788126159554731,0.368865031
29,MOH1.2020,-92.2071644,38.8963587,182,2020-06-30,29,25.52,28.52,22.83,23.69,35.66,17.46,8.08,8.4,1.1,0.03,5.1,3.23,18.76,89.81,0.65,0.69,0,2.06,1.87,0.40942971,14.86,41.634,2.884,76.81868688,75.2484,6.15723355835877,14.682096449101,41.6338606569985,0.40942970974125,0.195544121049931,8.00744035171746,-2.90744035171746,17.675,0.803409090909091,5.69,262.6505,0.840735502121641,0.329153605
30,MOH1.2020,-92.2071644,38.8963587,183,2020-07-01,30,25.39,28.45,22.86,23.73,36.02,10.83,2.32,5.38,0.71,0.02,11.29,2.97,18.77,90.83,0.66,0.72,0,1,8.32,0.397007816,14.851,41.596,0.828,76.70832963,75.1328,3.82010329981204,14.672284400913,41.5959537192898,0.397007816488974,0.195342204940997,4.96626053839953,6.32373946160047,17.655,0.8025,5.59,262.194405,0.841178136505239,0.211894447
31,MOH1.2020,-92.2071644,38.8963587,184,2020-07-02,31,26,30.1,22,23.35,35.51,24.04,18.91,11.24,1.47,0.04,1.26,7.76,18.28,86,0.67,0.71,0,0.99,-6.5,0.586213637,14.841,41.555,6.754,77.1984,75.606,8.48189517150255,14.6615671503272,41.5548727220862,0.586213636881976,0.1993627109248,11.0479662358995,-9.78796623589949,18.05,0.820454545454546,8.1,267.88005,0.822216066481994,0.432307692
32,MOH1.2020,-92.2071644,38.8963587,185,2020-07-03,32,26.06,30.03,22.39,23.04,35.63,23.19,17.39,10.96,1.46,0.04,2.13,7.42,17.93,84.22,0.66,0.69,0,1.64,-5.29,0.662640637,14.83,41.511,6.213,77.09339468,75.5544,8.18422836801765,14.6499524074521,41.5106203116742,0.662640636958162,0.201010971902411,10.666610068818,-8.53661006881798,18.21,0.827727272727273,7.64,270.0543,0.814387699066447,0.42056792
33,MOH1.2020,-92.2071644,38.8963587,186,2020-07-04,33,24.69,28.77,22.1,22.12,35.45,18.64,7.27,9.01,1.21,0.03,7.48,4.08,16.93,86.18,0.67,0.71,0,1.91,3.4,0.643063715,14.818,41.463,2.598,75.04022358,73.8532,6.5803422025195,14.6374484653602,41.4631991767613,0.643063715248206,0.193132688658396,8.53710729253181,-1.05710729253181,17.435,0.7925,6.67,258.35183,0.849899627186693,0.364925071
34,MOH1.2020,-92.2071644,38.8963587,187,2020-07-05,34,26.3,31.15,20.87,21.94,33.64,26.62,24.27,12.22,1.56,0.04,0.13,13.24,16.78,78.25,0.66,0.69,0,1.48,-13.11,0.864851889,14.806,41.413,8.677,76.7872025,75.3984,9.40033890956833,14.6240641796344,41.4126120565312,0.864851888974125,0.198952427812143,12.2309717863222,-12.1009717863222,18.01,0.818636363636364,10.28,266.65606,0.822098833981122,0.464638783
35,MOH1.2020,-92.2071644,38.8963587,188,2020-07-06,35,27.08,32.13,21.42,22.04,34.27,27.05,26.02,12.51,1.61,0.04,4.17,10.36,16.86,75.75,0.65,0.69,0,0.98,-6.19,1.020437519,14.792,41.359,9.306,77.710519,76.2144,9.55527582945503,14.6098089467976,41.3588617497202,1.02043751853201,0.206923445420405,12.4796139015336,-8.30961390153365,18.775,0.853409090909091,10.71,277.7198,0.787856191744341,0.461964549
36,MOH1.2020,-92.2071644,38.8963587,189,2020-07-07,36,27.33,32.26,21.37,21.8,34.85,26.84,27.45,12.6,1.64,0.04,0.31,13.71,16.64,73.26,0.64,0.67,0,1.02,-13.4,1.072679786,14.778,41.302,9.822,77.78285842,76.378,9.48433526528566,14.5946926817311,41.3019511247597,1.07267978551366,0.207347513460249,12.385327669731,-12.075327669731,18.815,0.855227272727273,10.89,278.04807,0.785437151209142,0.461031833
37,MOH1.2020,-92.2071644,38.8963587,190,2020-07-08,37,27.46,32.48,21.42,22.39,35.09,27.66,29.4,12.94,1.67,0.04,0.74,11.1,17.28,75.33,0.63,0.64,0,1.33,-10.36,1.011114377,14.763,41.242,10.524,78.24917182,76.7204,9.77762228233396,14.5787257941917,41.241883131027,1.01111437684585,0.208784143743851,12.7727146422364,-12.0327146422364,18.95,0.861363636363636,11.06,279.75885,0.779050131926121,0.471230881
38,MOH1.2020,-92.2071644,38.8963587,191,2020-07-09,38,26.55,30.51,21.79,23.37,34.57,24.61,17.45,11.65,1.54,0.04,1.81,6.44,18.36,83.54,0.62,0.63,0,2.45,-4.63,0.61657829,14.747,41.179,6.249,77.8173513,76.1632,8.70278011909777,14.5619191645348,41.1786608112483,0.61657828956886,0.20039153529715,11.3160796212235,-9.50607962122352,18.15,0.825,8.72,267.65805,0.812506887052342,0.438794727
39,MOH1.2020,-92.2071644,38.8963587,192,2020-07-10,39,26.15,31.53,18.22,19.18,32.08,30.07,38.12,13.77,1.79,0.05,0,9.95,14.11,68.22,0.61,0.61,0,1.23,-9.95,1.139098422,14.73,41.112,13.658,75.3871747,74.2548,10.6378567579843,14.5442841187585,41.1122873150941,1.13909842221683,0.187603230102222,13.7278998413414,-13.7278998413414,16.875,0.767045454545455,13.31,248.56875,0.872888888888889,0.526577438
40,MOH1.2020,-92.2071644,38.8963587,193,2020-07-11,40,27.26,32.5,21.57,21.82,34.13,27.87,30.15,13.05,1.71,0.04,0.05,8.05,16.74,73.52,0.6,0.6,0,1.84,-8,1.118002374,14.713,41.043,10.808,77.70837648,76.3152,9.86373457186667,14.5258324029776,41.0427659140035,1.11800237373283,0.209692976154225,12.8753651526876,-12.8253651526876,19.035,0.865227272727273,10.93,280.061955,0.772944575781455,0.478723404
41,MOH1.2020,-92.2071644,38.8963587,194,2020-07-12,41,24.76,29.59,19.46,19.43,31.92,29.72,34.92,13.48,1.75,0.05,0,6.78,14.38,73.86,0.59,0.58,0,2.55,-6.78,0.945705301,14.694,40.97,12.524,73.89847864,72.9548,10.523172831343,14.5065761574423,40.9701000172744,0.945705300945638,0.184215522139561,13.5402391586133,-13.5402391586133,16.525,0.751136363636364,10.13,242.81835,0.889198184568835,0.544426494
42,MOH1.2020,-92.2071644,38.8963587,195,2020-07-13,42,26.14,32.69,18.67,18.7,32.48,29.04,33.19,13.39,1.75,0.04,0,7.18,13.71,66.32,0.58,0.57,0,1.63,-7.18,1.391301689,14.675,40.894,11.91,75.15232752,74.072,10.2872243807409,14.4865278902096,40.8942931894508,1.39130168896581,0.195594627523863,13.3185879873488,-13.3185879873488,17.68,0.803636363636364,14.02,259.454,0.830033936651584,0.512241775
43,MOH1.2020,-92.2071644,38.8963587,196,2020-07-14,43,27.79,34.62,21.09,21.92,35.39,19.95,9.36,9.54,1.3,0.03,8.01,5.09,16.83,72.77,0.58,0.58,0,2.45,2.92,1.372111645,14.655,40.815,3.361,78.42434517,76.8812,7.07064204679146,14.4657004505782,40.8153491690324,1.37211164497544,0.218632695376096,9.25484068154994,-1.24484068154994,19.855,0.9025,13.53,290.975025,0.738101233946109,0.343288953
44,MOH1.2020,-92.2071644,38.8963587,197,2020-07-15,44,25.32,29.4,20.47,23.41,35.78,13.84,6.18,6.84,0.93,0.03,24.04,2.38,18.41,89.44,0.61,0.68,0,2.27,21.66,0.373317445,14.634,40.733,2.22,76.43902592,74.9476,4.90769416854552,14.4441070023935,40.7332718885316,0.373317445445843,0.188189217409462,6.32059808031262,17.7194019196874,16.935,0.769772727272727,8.93,247.82679,0.864127546501329,0.27014218
45,MOH1.2020,-92.2071644,38.8963587,198,2020-07-16,45,24.48,30.02,18.64,20.38,33.28,24.74,17.84,11.53,1.52,0.04,0.15,7.41,15.18,79.53,0.62,0.62,0,1.62,-7.26,0.804349162,14.613,40.648,6.413,74.03026456,73.0168,8.77764692417793,14.4217609973249,40.648065495894,0.804349161896552,0.182350552671824,11.2582837621304,-11.1082837621304,16.33,0.742272727272727,11.38,238.63029,0.894856093080221,0.470996732
46,MOH1.2020,-92.2071644,38.8963587,199,2020-07-17,46,27.85,33.15,21.55,23.56,36.21,20.38,13.25,9.85,1.31,0.03,0.22,6.54,18.48,79.16,0.61,0.61,0,1.88,-6.32,0.916405295,14.591,40.56,4.767,79.3642194,77.5316,7.23488514917262,14.3986761482172,40.5597343772934,0.916405294881689,0.213090066149027,9.43037613742926,-9.21037613742926,19.35,0.879545454545455,11.6,282.33585,0.75405684754522,0.353680431
47,MOH1.2020,-92.2071644,38.8963587,200,2020-07-18,47,28.82,34.86,24.22,22.61,36.28,26.07,22.58,12.29,1.61,0.04,0.03,8.28,17.48,71.65,0.6,0.58,0,3.31,-8.25,1.557537626,14.568,40.468,8.129,79.8412847,78.1596,9.26040685830669,14.3748664026118,40.4682831813088,1.55753762600503,0.238010943271169,12.190799653064,-12.160799653064,21.54,0.979090909090909,10.64,313.79472,0.676323119777159,0.426439972
48,MOH1.2020,-92.2071644,38.8963587,201,2020-07-19,48,26.87,32.01,22.02,22.72,36.85,19.34,13.07,9.3,1.26,0.03,13.46,4.49,17.59,78.77,0.59,0.62,0,2.26,8.97,0.940070202,14.544,40.374,4.708,77.75443401,76.2492,6.87416744647821,14.3503459165283,40.3737168444806,0.940070201955892,0.209478834502732,8.93375552688558,4.52624447311442,19.015,0.864318181818182,9.99,276.55416,0.764869839600316,0.346110904
49,MOH1.2020,-92.2071644,38.8963587,202,2020-07-20,49,23.48,27.42,19.44,21.08,36.45,11.97,2.68,6.04,0.84,0.02,14.53,2.4,15.98,86.73,0.62,0.66,0,1.55,12.13,0.457022795,14.52,40.276,0.966,73.07697196,72.2688,4.25741437937244,14.3251290285954,40.2760406182409,0.457022795022921,0.173947874675736,5.41707609852425,9.11292390147575,15.43,0.701363636363636,7.98,224.0436,0.94102397926118,0.257240204
50,MOH1.2020,-92.2071644,38.8963587,203,2020-07-21,50,25,28.11,22.15,23.4,36.12,16.55,5.07,8.12,1.12,0.03,13.83,2.49,18.33,90.96,0.64,0.7,0,1.73,11.34,0.358062245,14.495,40.175,1.829,76.05532,74.624,5.89049728141757,14.2992302346107,40.1752600972013,0.358062245385101,0.190104337076533,7.56673932700055,6.26326067299945,17.13,0.778636363636364,5.96,248.29935,0.846176298890835,0.3248
51,MOH1.2020,-92.2071644,38.8963587,204,2020-07-22,51,25.76,29.76,21.23,22.24,34.07,26.62,26.64,12.42,1.6,0.04,0.16,9.85,17.05,82.02,0.64,0.66,0,1.14,-9.69,0.670803709,14.469,40.071,9.619,76.35380848,74.9664,9.48153789982455,14.2726641626075,40.0713812487783,0.670803708564921,0.193733186369424,12.1960657669698,-12.0360657669698,17.495,0.795227272727273,8.53,253.135155,0.827036296084595,0.482142857
52,MOH1.2020,-92.2071644,38.8963587,205,2020-07-23,52,26.14,31.97,20.7,21.29,34.45,26.65,27.66,12.56,1.64,0.04,0.01,10.4,16.05,76.16,0.62,0.64,0,1.95,-10.39,1.062444501,14.443,39.964,9.996,76.29166176,75.0044,9.49948015367885,14.245445548498,39.9644104441283,1.06244450068609,0.202306641373428,12.266361710066,-12.256361710066,18.335,0.833409090909091,11.27,264.812405,0.787728388328334,0.480489671
53,MOH1.2020,-92.2071644,38.8963587,206,2020-07-24,53,27.17,32.57,21.26,22.04,35.18,26.77,27.55,12.61,1.65,0.04,0.57,8.59,16.8,75.18,0.61,0.62,0,1.85,-8.02,1.068125109,14.416,39.854,9.965,77.77910194,76.3044,9.54989406005799,14.2175892123599,39.8543544903538,1.06812510890102,0.208410882673811,12.3594821464635,-11.7894821464635,18.915,0.859772727272727,11.31,272.67864,0.762146444620672,0.464114833
54,MOH1.2020,-92.2071644,38.8963587,207,2020-07-25,54,27.8,31.93,23.14,23.14,35.5,23.05,18.44,10.97,1.47,0.04,0.13,5.47,17.98,77.08,0.6,0.6,0,1.64,-5.34,0.951310904,14.388,39.741,6.676,79.0095176,77.3304,8.22971667332946,14.1891100354228,39.7412206639404,0.951310904086363,0.215106660657061,10.6758549677425,-10.5458549677425,19.535,0.887954545454545,8.79,281.06958,0.736524187356028,0.394604317
55,MOH1.2020,-92.2071644,38.8963587,208,2020-07-26,55,28.41,32.97,23.92,23.66,36.12,24.67,25.85,11.79,1.55,0.04,9.16,7.46,18.59,76.84,0.6,0.62,0,1.95,1.7,1.072056792,14.36,39.625,9.368,79.93592156,78.1276,8.81583894640472,14.1600229378106,39.6250167453719,1.07205679165503,0.225261203352027,11.4774225137933,-2.3174225137933,20.445,0.929318181818182,9.05,293.5902,0.702372218146246,0.41499472
56,MOH1.2020,-92.2071644,38.8963587,209,2020-07-27,56,25,27.23,21.98,23.29,36.24,13.55,1.08,6.82,0.96,0.03,8.64,1.48,18.18,90.32,0.62,0.65,0,1.43,7.16,0.268117247,14.332,39.506,0.392,75.98844,74.5844,4.8465385570725,14.1303428570865,39.5057510548673,0.268117246654803,0.184985274294646,6.1762159696474,2.4637840303526,16.605,0.754772727272727,5.25,237.98286,0.863113520024089,0.2728
57,MOH1.2020,-92.2071644,38.8963587,210,2020-07-28,57,25.28,31.7,18.38,17.88,34.65,24.57,26.43,11.73,1.57,0.04,0.02,9.49,13.04,67.31,0.61,0.61,0,1.62,-9.47,1.345780183,14.302,39.383,9.598,73.99727832,72.9168,8.79656901041798,14.1000847276413,39.383432489173,1.34578018320436,0.189218405766464,11.2277058274371,-11.2077058274371,17.04,0.774545454545455,13.32,243.70608,0.839319248826291,0.464003165
58,MOH1.2020,-92.2071644,38.8963587,211,2020-07-29,58,25.98,30.69,22.2,23.17,36.37,12.7,4.21,6.36,0.88,0.02,11.35,3.33,18.12,85.36,0.61,0.64,0,1.37,8.02,0.70664344,14.273,39.258,1.531,77.09208272,75.5212,4.55141180930324,14.0692634609637,39.2580705593399,0.706643439663889,0.203452636552875,5.84895630655364,5.50104369344636,18.445,0.838409090909091,8.49,263.265485,0.773814041745731,0.244803695
59,MOH1.2020,-92.2071644,38.8963587,212,2020-07-30,59,24.65,29.61,19.99,22.36,36.35,13.64,6.47,6.83,0.96,0.03,30.97,6.85,17.32,87.61,0.65,0.74,0,2.43,24.12,0.540428512,14.242,39.13,2.355,75.11817635,73.8996,4.89339282937013,14.0378939268206,39.1296754294055,0.54042851200735,0.186872908466068,6.22436546769913,24.7456345323009,16.8,0.763636363636364,9.62,239.2656,0.847738095238096,0.277079108
60,MOH1.2020,-92.2071644,38.8963587,213,2020-07-31,60,21.31,23.67,19.68,19.63,34.47,10.09,1.99,5.21,0.75,0.02,12.01,2.42,14.54,90.28,0.67,0.73,0,2.71,9.59,0.323572967,14.212,38.998,0.725,69.69734132,69.5768,3.62376311007915,14.0059909353746,38.9982579558968,0.32357296703391,0.158499547654552,4.51362316582313,7.49637683417687,13.675,0.621590909090909,3.99,194.3491,1.03926873857404,0.244486157
61,MOH1.2020,-92.2071644,38.8963587,214,2020-08-01,61,22.03,25.81,18.46,18.42,32.53,20.46,12.24,9.51,1.27,0.03,1.77,7.31,13.46,80.95,0.67,0.7,0,1.79,-5.54,0.605009352,14.18,38.864,4.466,70.22340215,69.8612,7.35643471698417,13.9735692202578,38.8638297280617,0.605009352434309,0.162431985565418,9.18135920426171,-7.41135920426171,14.135,0.6425,7.35,200.4343,1.00318358684117,0.431684067
62,MOH1.2020,-92.2071644,38.8963587,215,2020-08-02,62,22.18,27.06,17.11,19,33.82,20.84,14.98,9.87,1.32,0.03,4.82,7.41,14,83.02,0.66,0.7,0,1.53,-2.59,0.567182089,14.149,38.726,5.473,70.62363764,70.22,7.50193629167296,13.9406434226176,38.7264031087318,0.567182088680466,0.162000594841552,9.34871917778293,-4.52871917778293,14.085,0.640227272727273,9.95,199.288665,1.00454384096557,0.444995491
63,MOH1.2020,-92.2071644,38.8963587,216,2020-08-03,63,19.81,23.8,14.78,15.88,31.91,21.01,17.05,9.78,1.29,0.03,0.63,9.1,11.43,79.32,0.65,0.68,0,2.65,-8.47,0.510399647,14.116,38.586,6.237,66.55949908,66.7268,7.57245964712849,13.9072280761447,38.5859912757145,0.510399647478708,0.139375786932808,9.23403871246619,-8.60403871246619,11.29,0.513181818181818,9.02,159.36964,1.2503100088574,0.493690056
64,MOH1.2020,-92.2071644,38.8963587,217,2020-08-04,64,18.03,23.16,11.89,12.93,29.65,21.76,14.77,9.82,1.3,0.03,0,8.6,9.41,74.03,0.64,0.67,0,1.62,-8.6,0.623635097,14.084,38.443,5.411,63.53214291,63.8848,7.85284453009942,13.8733375930888,38.442608263606,0.623635097455864,0.126514780760692,9.42468877006101,-9.42468877006101,9.525,0.432954545454545,11.27,134.1501,1.47863517060367,0.544647809
65,MOH1.2020,-92.2071644,38.8963587,218,2020-08-05,65,19.63,25.41,13.72,14.45,30.49,23.16,21.5,10.66,1.4,0.03,0,9.34,10.42,73.43,0.64,0.66,0,1.43,-9.34,0.761963464,14.051,38.296,7.888,65.96997591,66.032,8.3692466629015,13.8389862512652,38.2962690059114,0.761963463654538,0.141475972251789,10.2009452385315,-10.2009452385315,11.565,0.525681818181818,11.69,162.499815,1.21495892779939,0.543046358
66,MOH1.2020,-92.2071644,38.8963587,219,2020-08-06,66,22.11,28.55,16.07,17.07,33.37,20.67,15.82,9.76,1.31,0.03,0.02,7.92,12.4,74.01,0.62,0.64,0,2.39,-7.9,0.918184306,14.017,38.147,5.813,69.82564489,69.4552,7.47981883708757,13.8041881820483,38.1469893773575,0.91818430601376,0.16394950118931,9.28651997119499,-9.26651997119499,14.31,0.650454545454546,12.48,200.58327,0.979524807826694,0.441429218
67,MOH1.2020,-92.2071644,38.8963587,220,2020-08-07,67,24.67,30.31,18.47,19.97,34.2,23.51,24.54,11.07,1.45,0.04,0.15,7.56,14.87,76.09,0.61,0.62,0,2.46,-7.41,0.88846613,13.983,37.995,9.031,73.98551897,73.0592,8.5198054676568,13.7689573593476,37.9947862362745,0.888466129592169,0.18292268663029,10.702397843427,-10.552397843427,16.39,0.745,11.84,229.18137,0.853142159853569,0.448723146
68,MOH1.2020,-92.2071644,38.8963587,221,2020-08-08,68,24.72,29.08,21.83,22.22,36.18,15.47,7.05,7.59,1.03,0.03,7.3,2.5,17.05,86.25,0.62,0.65,0,2.82,4.8,0.640832499,13.949,37.84,2.599,75.09724,73.9192,5.61458983354569,13.733307589557,37.8396774669253,0.640832498952094,0.193332680160711,7.08604909084585,0.21395090915415,17.455,0.793409090909091,7.25,243.479795,0.799140647378975,0.307038835
69,MOH1.2020,-92.2071644,38.8963587,222,2020-08-09,69,27.1,30.87,22.77,23.11,36.59,14.31,7.9,7.1,0.95,0.02,1.54,7.65,17.99,80.03,0.62,0.63,0,2.4,-6.11,0.786810436,13.914,37.682,2.917,78.2779587,76.6196,5.20167022261974,13.6972525024639,37.681682021653,0.786810435971598,0.207400573324171,6.60352761000859,-5.06352761000859,18.82,0.855454545454546,8.1,261.86148,0.739319872476089,0.26199262
70,MOH1.2020,-92.2071644,38.8963587,223,2020-08-10,70,27.21,31.94,22.79,23.39,36.07,20.15,18.19,9.67,1.29,0.03,11.54,7.09,18.31,80.97,0.61,0.66,0,1.75,4.45,0.879889995,13.879,37.521,6.728,78.57300763,76.8304,7.3363330536772,13.660805543105,37.5208199627188,0.879889994896413,0.213252979505506,9.32466051871326,2.21533948128674,19.365,0.880227272727273,9.15,268.766835,0.716705396333591,0.35538405
71,MOH1.2020,-92.2071644,38.8963587,224,2020-08-11,71,25.25,28.94,22.15,22.63,35.44,17.13,5.11,8.3,1.11,0.03,5.84,3.61,17.47,86.05,0.63,0.67,0,0.84,2.23,0.582810368,13.844,37.357,1.894,75.95769875,74.5968,6.24723810678986,13.6239799645501,37.3571125036987,0.582810367779262,0.194234801380439,7.85038761002203,-2.01038761002203,17.545,0.7975,6.79,242.89298,0.789056711313765,0.328712871
72,MOH1.2020,-92.2071644,38.8963587,225,2020-08-12,72,25.99,30.93,21.38,22.41,33.88,24.2,22.85,11.18,1.42,0.03,0.05,9,17.22,81.93,0.62,0.64,0,1.39,-8.95,0.79942998,13.808,37.191,8.484,76.71658093,75.2576,8.84095573007786,13.5867888215944,37.1905820503061,0.799429979952159,0.200443093581779,11.1278570627538,-11.0778570627538,18.155,0.825227272727273,9.55,250.68424,0.760561828697329,0.430165448
73,MOH1.2020,-92.2071644,38.8963587,226,2020-08-13,73,25.29,29.96,20.65,21.52,33.82,23.81,22.39,11.13,1.43,0.04,0,7.36,16.3,81.15,0.61,0.62,0,1.73,-7.36,0.766104245,13.772,37.021,8.329,75.49805665,74.2372,8.714116976079,13.5492449653382,37.0212522405067,0.766104244539879,0.191836985640122,10.89693479388,-10.89693479388,17.305,0.786590909090909,9.31,238.32446,0.795839352788212,0.440094899
74,MOH1.2020,-92.2071644,38.8963587,227,2020-08-14,74,25.28,29.8,21.22,21.22,33.24,24.91,27.1,11.54,1.48,0.04,0.3,5.03,16.03,79.62,0.61,0.61,0,1.43,-4.73,0.836882723,13.736,36.849,10.102,75.31779664,74.1192,9.1336712485264,13.5113610386299,36.8491479837936,0.836882722861898,0.193883556204371,11.4135850159117,-11.1135850159117,17.51,0.795909090909091,8.58,240.51736,0.784466019417476,0.456487342
75,MOH1.2020,-92.2071644,38.8963587,228,2020-08-15,75,23.17,27.87,16.99,19.03,33.83,16.4,11.26,7.85,1.04,0.03,0.46,3.86,14.13,78.16,0.6,0.6,0,2.28,-3.4,0.642426886,13.699,36.674,4.206,71.81939528,71.2208,6.02491877041244,13.473149472348,36.6742954994862,0.642426885754252,0.164996987648198,7.37401590359551,-6.91401590359551,14.43,0.655909090909091,10.88,197.67657,0.949341649341649,0.338800173
76,MOH1.2020,-92.2071644,38.8963587,229,2020-08-16,76,22.62,29.47,14.1,13.91,30.6,24.69,26.59,11.34,1.46,0.04,0,6.56,10.03,61.2,0.59,0.59,0,1.23,-6.56,1.273055295,13.662,36.497,9.953,69.5756056,68.8276,9.08851008252725,13.4346224824962,36.4967223539235,1.27305529537756,0.159432518098135,11.0531306136059,-11.0531306136059,13.785,0.626590909090909,15.37,188.33067,0.99107725788901,0.50132626
77,MOH1.2020,-92.2071644,38.8963587,230,2020-08-17,77,23.44,29.78,17.83,16.89,31.93,25.81,32.23,11.98,1.55,0.04,0.03,5.57,12.19,67.81,0.59,0.57,0,2.61,-5.54,1.191621251,13.625,36.316,12.092,71.32528736,70.7204,9.52035019691444,13.3957920680842,36.3164574964174,1.19162125080288,0.177408406090062,11.7077606760927,-11.6777606760927,15.805,0.718409090909091,11.95,215.343125,0.862068965517242,0.51109215
78,MOH1.2020,-92.2071644,38.8963587,231,2020-08-18,78,21.02,26.89,16.05,14.26,28.87,24.88,27.08,11.2,1.46,0.03,0,4.35,10.29,68.33,0.58,0.56,0,2.48,-4.35,1.057436636,13.587,36.134,10.183,67.77434634,67.3536,9.19683014484828,13.3566700097661,36.1335312938373,1.05743663566124,0.156773135285982,11.1138371629758,-11.1138371629758,13.47,0.612272727272727,10.84,183.01689,1.0086859688196,0.53282588
79,MOH1.2020,-92.2071644,38.8963587,232,2020-08-19,79,20.78,27.85,15.12,13.22,28.42,26.64,36.89,12.12,1.56,0.04,0,4.21,9.61,65.88,0.57,0.55,0,2.01,-4.21,1.213302342,13.549,35.948,13.904,67.26392536,66.7392,9.86904020247535,13.3172678692096,35.9479755636987,1.21330234199382,0.156898917003309,11.9012755668964,-11.9012755668964,13.485,0.612954545454545,12.73,182.708265,1.00474601408973,0.583253128
80,MOH1.2020,-92.2071644,38.8963587,233,2020-08-20,80,21.1,29.51,12.93,12.41,28.19,26.16,34.35,11.83,1.54,0.04,0,3.98,9.14,61.95,0.56,0.54,0,1.2,-3.98,1.367112617,13.511,35.76,12.978,67.4728855,66.7676,9.7131893341292,13.2775969891645,35.7598236056297,1.36711261686927,0.154689283894294,11.6650129788526,-11.6650129788526,13.22,0.600909090909091,16.58,178.61542,1.02201210287443,0.560663507
81,MOH1.2020,-92.2071644,38.8963587,234,2020-08-21,81,22.97,31.28,14.68,14.82,29.35,26.23,34.7,11.85,1.52,0.03,0,3.77,10.72,64.9,0.56,0.54,0,1.18,-3.77,1.431886163,13.473,35.569,13.144,70.3834547,69.5052,9.76195475082309,13.2376684942042,35.5691102310939,1.43188616259551,0.169870564538194,11.8364997880249,-11.8364997880249,14.98,0.680909090909091,16.6,201.82554,0.899399198931909,0.515890292
82,MOH1.2020,-92.2071644,38.8963587,235,2020-08-22,82,24.81,32.17,15.77,16.64,31.15,24.53,30.11,11.22,1.44,0.03,0,3.35,12.09,63.45,0.55,0.53,0,1.12,-3.35,1.402187264,13.434,35.376,11.434,72.90727555,72.0004,9.15128006924466,13.1974932921091,35.3758717912518,1.40218726396945,0.178949329796942,11.1384168967917,-11.1384168967917,15.97,0.725909090909091,16.4,214.54098,0.841202254226675,0.452237001
83,MOH1.2020,-92.2071644,38.8963587,236,2020-08-23,83,26.98,34.01,20.73,18.35,32.82,24.09,27.98,11.15,1.43,0.03,0,3.08,13.42,62.47,0.54,0.52,0,2.08,-3.08,1.774230896,13.396,35.18,10.654,75.90645194,74.786,9.00945963612625,13.1570820758638,35.1801462028457,1.77423089643086,0.213307307220464,11.1482274525847,-11.1482274525847,19.37,0.880454545454546,13.28,259.48052,0.691584925141972,0.413269088
84,MOH1.2020,-92.2071644,38.8963587,237,2020-08-24,84,27.97,35.14,20.34,18.63,33.33,24.34,29.73,11.24,1.42,0.03,0,2.86,13.61,60.09,0.54,0.51,0,1.34,-2.86,1.879901238,13.357,34.982,11.352,77.00193127,75.8768,9.12625138371116,13.1164453262382,34.9819729719974,1.87990123785498,0.217359977539527,11.2849198929019,-11.2849198929019,19.74,0.897272727272727,14.8,263.66718,0.676646403242148,0.401859135
85,MOH1.2020,-92.2071644,38.8963587,238,2020-08-25,85,28.17,36.03,20.74,18.08,33.83,23.29,25.67,10.68,1.34,0.03,0,2.54,13.17,58.27,0.53,0.5,0,1.28,-2.54,2.12470959,13.317,34.781,9.829,77.03560241,75.8788,8.75555980219155,13.0755933149254,34.7813932158155,2.12470958989746,0.224579501070726,10.8322700476531,-10.8322700476531,20.385,0.926590909090909,15.29,271.467045,0.6532744665195,0.379126731
86,MOH1.2020,-92.2071644,38.8963587,239,2020-08-26,86,28.06,35.82,20.39,19.37,34.23,21.43,20.32,10.07,1.31,0.03,0.24,2.01,14.38,63.18,0.53,0.5,0,1.97,-1.77,1.89026011,13.278,34.578,7.803,77.54488492,76.2332,8.07815594308171,13.034536108206,34.5784496817097,1.89026010981515,0.221421089683851,9.95365027441928,-9.71365027441928,20.105,0.913863636363636,15.43,266.95419,0.66043272817707,0.358873842
87,MOH1.2020,-92.2071644,38.8963587,240,2020-08-27,87,24.65,27.31,22.01,21.61,35.55,12.8,5.33,6.38,0.87,0.02,0.97,0.37,16.46,83.28,0.53,0.51,0,1.66,0.6,0.55637187,13.239,34.373,2.053,74.6806948,73.6296,4.83848154233074,12.9932835711129,34.3731867643192,0.556371870303608,0.18551604972296,5.83625170197259,-4.86625170197259,16.66,0.757272727272727,5.3,220.56174,0.794657863145258,0.258823529
88,MOH1.2020,-92.2071644,38.8963587,241,2020-08-28,88,27.08,34.01,20.75,20.53,34.25,20.95,22.28,9.81,1.27,0.03,0.16,1.58,15.47,70.03,0.52,0.5,0,2.2,-1.42,1.469492022,13.199,34.166,8.607,76.99499276,75.6708,7.94192870369198,12.951845372068,34.1656505199657,1.46949202194655,0.213415997556385,9.69560966483471,-9.53560966483471,19.38,0.880909090909091,13.26,255.79662,0.681062951496388,0.36225997
89,MOH1.2020,-92.2071644,38.8963587,242,2020-08-29,89,22.43,25.74,16.24,17.63,34.15,5.48,0.97,2.91,0.41,0.01,5.09,0.42,12.95,74.73,0.52,0.52,0,1.87,4.67,0.561757987,13.159,33.956,0.376,70.37622961,69.9768,2.08352861807856,12.9102309879644,33.9558886785482,0.561757986812134,0.152792864682763,2.43957315750967,2.65042684249033,12.99,0.590454545454545,9.5,170.93541,1.01301000769823,0.129736959
90,MOH1.2020,-92.2071644,38.8963587,243,2020-08-30,90,20.97,29.09,14.94,12.83,34.18,17.65,15.42,8.32,1.11,0.03,0.06,0.96,9.5,62.47,0.53,0.5,0,1.75,-0.9,1.381422677,13.119,33.744,5.995,67.32144941,66.7888,6.7309290400704,12.8684497096691,33.7439506528039,1.38142267665222,0.161398273689706,7.91393909773514,-7.85393909773514,14.015,0.637045454545455,14.15,183.862785,0.936068498037817,0.396757272
91,MOH1.2020,-92.2071644,38.8963587,244,2020-08-31,91,24.23,30.32,18.03,21.53,35.29,9.19,6.73,4.45,0.58,0.01,22.6,0.73,16.53,85.55,0.54,0.59,0,1.36,21.87,0.625575866,13.079,33.53,2.625,74.21412735,73.1808,3.51553916477205,12.8265106479188,33.5298875448646,0.625575866308398,0.180879517111962,4.17813749350055,18.4218625064995,16.175,0.735227272727273,12.29,211.552825,0.808593508500773,0.183656624
92,MOH1.2020,-92.2071644,38.8963587,245,2020-09-01,92,23.22,25.2,21.79,22.09,34.97,11.03,0.43,5.48,0.74,0.02,6.57,0.34,16.98,93.42,0.57,0.59,0,1.85,6.23,0.24951725,13.039,33.314,0.168,73.22434276,72.3724,4.23285201206125,12.7844227395863,33.3137521500471,0.249517249545455,0.174543586852963,4.9937147393977,1.5762852606023,15.495,0.704318181818182,3.41,202.039305,0.841497257179736,0.236003445
93,MOH1.2020,-92.2071644,38.8963587,246,2020-09-02,93,23.26,28.41,19.34,17.82,34.17,15.23,5.66,7.41,1.01,0.03,0.77,2.12,13.09,74.54,0.57,0.56,0,1.18,-1.35,1.016996026,12.998,33.096,2.223,71.64600396,70.8752,5.8637290823832,12.7421947542919,33.0955989578209,1.01699602627464,0.178060759102399,6.91150971506767,-6.14150971506767,15.875,0.721590909090909,9.07,206.34325,0.818771653543307,0.318572657
94,MOH1.2020,-92.2071644,38.8963587,247,2020-09-03,94,22.89,31.34,15.96,15.92,34.21,19.88,22,9.36,1.24,0.03,0,3.43,11.63,66.58,0.56,0.54,0,2.48,-3.43,1.387905515,12.958,32.875,8.672,70.40772038,69.8212,7.67966563288869,12.6998353013383,32.8754841499054,1.38790551500579,0.175971079516056,9.00917813740385,-9.00917813740385,15.65,0.711363636363636,15.38,202.7927,0.827987220447285,0.408912189
95,MOH1.2020,-92.2071644,38.8963587,248,2020-09-04,95,20.69,29.42,12.3,10.24,29.92,22.62,26.76,10.4,1.35,0.03,0,3.06,7.89,55.73,0.55,0.53,0,1.13,-3.06,1.519341509,12.917,32.653,10.586,66.50474163,65.5764,8.76811437777502,12.6573528369453,32.6534655954563,1.51934150945591,0.151729696389428,10.0604686447846,-10.0604686447846,12.86,0.584545454545455,17.12,166.11262,1.00443234836703,0.502658289
96,MOH1.2020,-92.2071644,38.8963587,249,2020-09-05,96,24.21,32.85,15.59,16.37,33.07,21.8,26.19,10.16,1.3,0.03,0.05,2.76,11.77,65.83,0.55,0.52,0,1.29,-2.71,1.517840076,12.876,32.43,10.398,72.27447857,71.3032,8.47995811028561,12.6147556717634,32.4296028433069,1.51784007629441,0.181305557635511,9.91383585737214,-9.86383585737214,16.22,0.737272727272727,17.26,208.84872,0.79383477188656,0.419661297
97,MOH1.2020,-92.2071644,38.8963587,250,2020-09-06,97,27.01,32.84,21.63,20.55,34.24,20.57,18.92,9.5,1.21,0.03,0.06,2.01,15.37,70.29,0.54,0.52,0,3.94,-1.95,1.365902744,12.835,32.204,7.541,76.92210571,75.608,8.0302898276585,12.5720519786455,32.2039571112395,1.36590274352594,0.211844536246621,9.51270729824202,-9.45270729824202,19.235,0.874318181818182,11.21,246.881225,0.667273199896023,0.351721585
98,MOH1.2020,-92.2071644,38.8963587,251,2020-09-07,98,27.08,33.02,21.71,21.5,34.88,19.68,17.71,9.09,1.13,0.03,0.09,1.45,16.39,73.28,0.54,0.51,0,2.52,-1.36,1.252214224,12.794,31.977,7.086,77.40154176,76.02,7.71112949399187,12.5292498006564,31.9765912722692,1.25221422406995,0.213252979505506,9.10716223366139,-9.01716223366139,19.365,0.880227272727273,11.31,247.75581,0.660676478182288,0.335672083
99,MOH1.2020,-92.2071644,38.8963587,252,2020-09-08,99,22.02,27.71,15.83,19.36,35.72,11.93,5.34,5.65,0.73,0.02,16.41,0.6,14.39,85.62,0.55,0.58,0,2.29,15.81,0.510354631,12.753,31.748,2.145,70.55752876,70.1896,4.69208322016171,12.4863570593014,31.7475698379305,0.510354630803143,0.159305022333516,5.34022753502725,11.0697724649728,13.77,0.625909090909091,11.88,175.60881,0.926143790849673,0.256584923
100,MOH1.2020,-92.2071644,38.8963587,253,2020-09-09,100,18.18,25.66,12.58,15.09,33.85,11.8,5.82,5.63,0.74,0.02,4.92,1.51,10.9,83.02,0.57,0.58,0,2.75,3.41,0.66051705,12.712,31.517,2.347,64.09604564,64.8124,4.65882202432908,12.4433815629542,31.5169589385645,0.660517049985475,0.138090739301301,5.17918924766576,-0.259189247665756,11.12,0.505454545454546,13.08,141.35744,1.1431654676259,0.309680968
101,MOH1.2020,-92.2071644,38.8963587,254,2020-09-10,101,18.77,24.03,14.45,16.84,34.67,8.57,1.82,4.32,0.6,0.02,12.03,0.84,12.19,88.88,0.58,0.6,0,1.87,11.19,0.399410675,12.67,31.285,0.737,65.30980824,66.0324,3.39688115194921,12.4003310154676,31.2848263006129,0.399410675281783,0.138996785148741,3.76508438609014,8.26491561390986,11.24,0.510909090909091,9.58,142.4108,1.12722419928826,0.230154502
102,MOH1.2020,-92.2071644,38.8963587,255,2020-09-11,102,20.98,25.62,17.74,19.28,35.56,7.4,0.76,3.7,0.5,0.01,14.4,0.98,14.17,90.42,0.59,0.64,0,2.15,13.42,0.422490467,12.629,31.051,0.309,69.14415484,69.1208,2.94491855362521,12.3572130249483,31.051241220933,0.422490467372963,0.158541855107192,3.3104032378891,11.0895967621109,13.68,0.621818181818182,7.88,172.76472,0.923172514619883,0.176358437
103,MOH1.2020,-92.2071644,38.8963587,256,2020-09-12,103,20.09,25.12,16.83,16.39,34.19,12.77,4.5,5.9,0.73,0.02,4.16,4.01,11.81,80.73,0.6,0.62,0,1.77,0.15,0.689620195,12.588,30.816,1.838,67.08498043,67.1904,5.10283059018798,12.3140351126807,30.8162745381559,0.689620194556571,0.152669870927475,5.68430396391633,-1.52430396391633,12.975,0.589772727272727,8.29,163.3293,0.970173410404624,0.293678447
104,MOH1.2020,-92.2071644,38.8963587,257,2020-09-13,104,18.54,24.51,13.51,14.03,30.21,19.5,20.77,8.76,1.09,0.03,0.06,3.86,10.12,77.52,0.6,0.6,0,1.78,-3.8,0.710738864,12.546,30.58,8.521,64.46052592,64.7908,7.82474503036108,12.2708047221814,30.5799986011169,0.710738863799735,0.137264595247734,8.55130448338388,-8.49130448338388,11.01,0.500454545454546,11,138.13146,1.13950953678474,0.472491909
105,MOH1.2020,-92.2071644,38.8963587,258,2020-09-14,105,19.47,27.29,12.63,14.49,29.27,20.39,22.49,8.96,1.09,0.02,0,3.76,10.36,75.96,0.59,0.59,0,1.78,-3.76,0.893995307,12.504,30.342,9.268,65.84993788,65.8864,8.21683862105583,12.2275292283713,30.3424872343974,0.893995307211414,0.14453943124694,9.00822773105896,-9.00822773105896,11.96,0.543636363636364,14.66,149.54784,1.04548494983278,0.460195172
106,MOH1.2020,-92.2071644,38.8963587,259,2020-09-15,106,20.01,27.42,12.95,14.71,31.25,15.5,8.24,6.69,0.78,0.02,0.01,2.72,10.54,74.29,0.58,0.58,0,1.1,-2.71,0.8997137,12.463,30.104,3.411,66.60140471,66.5056,6.27346875398676,12.1842159468474,30.1038157010216,0.89971370002916,0.14630939542699,6.85951149816724,-6.84951149816724,12.185,0.553863636363636,14.47,151.861655,1.02281493639721,0.334332834
107,MOH1.2020,-92.2071644,38.8963587,260,2020-09-16,107,19.93,25.51,15.11,14.79,30.87,17.65,14.5,7.63,0.9,0.02,0,1.55,10.63,74.09,0.58,0.57,0,0.81,-1.55,0.808924456,12.421,29.864,6.031,66.46690563,66.4544,7.17539371992695,12.1408721432427,29.8640606623624,0.808924456064004,0.147300606929936,7.81831257286055,-7.81831257286055,12.31,0.559545454545455,10.4,152.90251,1.00901705930138,0.38283994
108,MOH1.2020,-92.2071644,38.8963587,261,2020-09-17,108,18.58,24.55,13.67,13.13,29.59,17.45,14.69,7.4,0.85,0.02,0,2.61,9.53,73.26,0.58,0.56,0,2.51,-2.61,0.813689976,12.379,29.623,6.139,64.34921092,64.5068,7.12619667727948,12.0975050426559,29.6233001353166,0.813689976481187,0.138015461741796,7.65844453063369,-7.65844453063369,11.11,0.505,10.88,137.53069,1.11422142214221,0.398277718
109,MOH1.2020,-92.2071644,38.8963587,262,2020-09-18,109,16.52,22.9,11.67,10.98,27.81,19.03,19.83,8.28,0.99,0.02,0,2.1,8.24,72.96,0.57,0.56,0,2.13,-2.1,0.771416692,12.338,29.382,8.327,61.18038208,61.6728,7.80726147030952,12.0541218391412,29.3816134468163,0.771416692258104,0.124846310733829,8.22496068376465,-8.22496068376465,9.285,0.422045454545455,11.23,114.55833,1.3288099084545,0.501210654
110,MOH1.2020,-92.2071644,38.8963587,263,2020-09-19,110,14.63,21.74,8.31,6.42,26.39,20.01,24.17,8.65,1.04,0.02,0,1.68,6.05,61.12,0.57,0.55,0,1.87,-1.68,0.886295478,12.296,29.139,10.199,58.26257744,58.1412,8.24784761982691,12.0107297052399,29.1390811857524,0.886295478032394,0.110029007061597,8.46694111698236,-8.46694111698236,7.025,0.319318181818182,13.43,86.3794,1.75032028469751,0.591250854
111,MOH1.2020,-92.2071644,38.8963587,264,2020-09-20,111,15.61,24.59,8.37,7.31,26.74,18.73,19.32,7.98,0.94,0.02,0,1.73,6.42,61.42,0.56,0.55,0,2.18,-1.73,1.072248326,12.254,28.896,8.193,59.65282538,59.4416,7.75712438270175,11.9673358015442,28.895785152391,1.07224832647599,0.119385558125214,8.03675470800508,-8.03675470800508,8.48,0.385454545454546,16.22,103.91392,1.44504716981132,0.511210762
112,MOH1.2020,-92.2071644,38.8963587,265,2020-09-21,112,17.08,26.12,8.75,10.4,27.66,19.62,24.73,8.62,1.05,0.02,0,1.81,7.96,68.36,0.56,0.54,0,1.54,-1.81,0.99578629,12.212,28.652,10.54,61.91844912,62.024,8.16520351048439,11.9239472862764,28.6518083053711,0.995786290347935,0.125886902591802,8.49114258491476,-8.49114258491476,9.435,0.428863636363636,17.37,115.22022,1.29432962374139,0.504683841
113,MOH1.2020,-92.2071644,38.8963587,266,2020-09-22,113,18.86,25.03,13.5,13.68,32.03,12.75,2.27,6.03,0.79,0.02,0,1.2,9.86,74.42,0.56,0.54,0,1.4,-1.2,0.794720093,12.17,28.407,0.973,64.82979588,64.9848,5.33234881739832,11.880571324872,28.4072347063793,0.794720092967104,0.139186176825556,5.60260506052988,-5.60260506052988,11.265,0.512045454545455,11.53,137.09505,1.0803373280071,0.319724284
114,MOH1.2020,-92.2071644,38.8963587,267,2020-09-23,114,18.18,22.53,14.47,14.71,32,12.12,6.28,5.62,0.72,0.02,0,0.6,10.58,81.52,0.56,0.54,0,1.19,-0.6,0.515505084,12.128,28.162,2.704,64.04057264,64.6756,5.09432162474344,11.8372150995532,28.1621494626009,0.515505084198703,0.133488758058164,5.29296172504338,-5.29296172504338,10.5,0.477272727272727,8.06,127.344,1.15504761904762,0.309130913
115,MOH1.2020,-92.2071644,38.8963587,268,2020-09-24,115,18.57,26.53,11.43,12.74,28.63,18.64,24.08,8.29,1.02,0.02,0,1.66,9.34,72.27,0.55,0.53,0,1.59,-1.66,0.936939151,12.086,27.917,10.425,64.29342361,64.3564,7.8748030622793,11.7938858188774,27.9166386670556,0.93693915101445,0.137040010995727,8.17220176341946,-8.17220176341946,10.98,0.499090909090909,15.1,132.70428,1.10072859744991,0.446418955
116,MOH1.2020,-92.2071644,38.8963587,269,2020-09-25,116,20.23,30.13,11.7,13.43,29.05,19.97,28.86,8.95,1.1,0.02,0,1.73,9.81,69,0.55,0.53,0,2.22,-1.73,1.284466494,12.044,27.671,12.562,66.638413,66.2648,8.48039764843271,11.7505907272499,27.6707893369302,1.28446649357798,0.152178732524231,8.88539029393634,-8.88539029393634,12.915,0.587045454545455,18.43,155.54826,0.932559039876113,0.442412259
117,MOH1.2020,-92.2071644,38.8963587,270,2020-09-26,117,21.87,31.66,14.63,13.91,29.65,19.66,27.5,8.81,1.09,0.02,0,1.69,10.13,65.11,0.54,0.52,0,3.19,-1.69,1.575319055,12.002,27.425,12.035,68.80113143,68.0776,8.39266562808274,11.7073371143849,27.4246893500258,1.57531905494872,0.171356110724088,8.88114294931595,-8.88114294931595,15.145,0.688409090909091,17.03,181.77029,0.792472763288214,0.402834934
118,MOH1.2020,-92.2071644,38.8963587,271,2020-09-27,118,17.66,23.95,10.67,14.08,32.51,8.53,4.96,4.12,0.56,0.01,21.36,0.47,10.39,80.06,0.55,0.59,0,3.45,20.89,0.522644439,11.961,27.178,2.183,63.15323004,63.9288,3.6608096318688,11.664132324702,27.1784273794419,0.522644438583616,0.125019234382829,3.68756555321755,17.6724344467825,9.31,0.423181818181818,13.28,111.35691,1.28474758324382,0.233295583
119,MOH1.2020,-92.2071644,38.8963587,272,2020-09-28,119,13.29,19.58,9.11,8.14,27.71,16.9,21.85,7.7,0.99,0.02,0.06,1.5,6.85,73.86,0.58,0.58,0,3,-1.44,0.634335607,11.919,26.932,9.67,56.22075406,57.4204,7.29221553336124,11.6209837666426,26.9320928266275,0.634335607458261,0.105874545302207,7.10169157841444,-7.04169157841444,6.345,0.288409090909091,10.47,75.626055,1.87848699763593,0.579382995
120,MOH1.2020,-92.2071644,38.8963587,273,2020-09-29,120,12.84,19.42,5.96,6.33,26.35,18.49,26.35,8.32,1.05,0.02,0,1.37,6.05,67.95,0.57,0.56,0,2.67,-1.37,0.637368284,11.877,26.686,11.727,55.6210822,56.3188,8.02207711883121,11.5778989218941,26.6857757529276,0.637368283896441,0.0963167776611535,7.6315696851869,-7.6315696851869,5.71,0.213181818181818,13.46,67.81767,2.0800350262697,0.647975078
121,MOH1.2020,-92.2071644,38.8963587,274,2020-09-30,121,15.52,24.48,9.55,6.25,26.23,19.95,33.34,8.98,1.12,0.02,0,1.96,6.07,57.8,0.57,0.55,0,3.42,-1.96,1.179740747,11.835,26.44,14.924,59.4866544,58.97,8.70365859161365,11.5348853545038,26.4395668097645,1.17974074658117,0.122991623404047,8.60193628692535,-8.60193628692535,9.015,0.409772727272727,14.93,106.692525,1.31281198003328,0.578608247
122,MOH1.2020,-92.2071644,38.8963587,275,2020-10-01,122,11.4,17.86,6.34,4.06,24.21,19.69,32.37,8.66,1.08,0.02,0,1.02,5.13,63.88,0.56,0.54,0,3.01,-1.02,0.684896021,11.793,26.194,14.574,53.6086568,54.0616,8.638632325746,11.4919507198697,26.1935571675918,0.684896021310098,0.0930920538988312,8.07173987062281,-8.07173987062281,4.93,0.186363636363636,11.52,58.13949,2.3920892494929,0.759649123
123,MOH1.2020,-92.2071644,38.8963587,276,2020-10-02,123,10.33,16.12,4.52,3.72,25.13,18.82,26.71,8.27,1.03,0.02,0.09,0.71,5.01,66.54,0.56,0.54,0,1.25,-0.62,0.540500826,11.751,25.948,12.096,51.95692618,52.8692,8.30404870393975,11.449102773591,25.9478384437649,0.540500825710256,0.0839145334316573,7.54786857112407,-7.45786857112407,4.06,0.105454545454545,11.6,47.70906,2.89433497536946,0.800580833
124,MOH1.2020,-92.2071644,38.8963587,277,2020-10-03,124,12.31,19.9,7.43,7.44,30.83,6.08,1.44,2.9,0.39,0.01,1.57,0.55,6.55,74.45,0.56,0.55,0,2.5,1.02,0.645281866,11.709,25.703,0.656,54.69789705,56.1884,2.69820434341129,11.4063493801619,25.7025026294732,0.645281866046603,0.10185420881076,2.53664706930825,-0.966647069308247,5.95,0.2575,12.47,69.66855,1.96789915966387,0.235580829
125,MOH1.2020,-92.2071644,38.8963587,278,2020-10-04,125,10.28,16.38,5.27,3.26,25.74,18.6,28.25,8.13,1,0.02,0.06,0.75,4.91,66.06,0.56,0.54,0,2.54,-0.69,0.604007263,11.668,25.458,12.948,51.90327832,52.6536,8.30260683090258,11.3636985214922,25.4576420158845,0.604007263416266,0.0864362044194956,7.50779182658777,-7.44779182658777,4.19,0.128409090909091,11.11,48.88892,2.78472553699284,0.790856031
126,MOH1.2020,-92.2071644,38.8963587,279,2020-10-05,126,12.17,22.15,3.61,2.63,25.1,18.96,31.85,8.45,1.04,0.02,0,1.01,4.7,55.75,0.55,0.53,0,2.8,-1.01,0.99157374,11.626,25.213,14.686,54.90237725,54.3168,8.51331413564585,11.3211583052368,25.2133491196498,0.991573740106763,0.0973752828974574,7.84236271310902,-7.84236271310902,7.075,0.221818181818182,18.54,82.25395,1.64325088339223,0.69433032
127,MOH1.2020,-92.2071644,38.8963587,280,2020-10-06,127,15.91,24.76,9.21,10.29,28.42,16.97,24.28,7.55,0.9,0.02,0,0.96,8.05,70.99,0.55,0.53,0,2.19,-0.96,0.891551866,11.584,24.97,11.264,60.21709391,60.8144,7.6652918988133,11.2787369729157,24.9697166079234,0.891551865977261,0.122786997371951,7.31506955195885,-7.31506955195885,8.985,0.408409090909091,15.55,104.08224,1.28925987757373,0.474544312
1,NEH1.2021,-96.5965444,40.8604235,127,2021-05-07,1,14.52,22.09,6.73,5.67,29.89,16.91,9.45,7.93,1.08,0.02,0,3.58,5.9,58.47,0.58,0.6,0,2.54,-3.58,0.906963389,14.151,38.531,3.471,58.10493556,57.7612,6.1494096065776,14.011833498753,38.5305451454193,0.90696338883928,0.106265809290697,7.11067394182744,-7.11067394182744,7.045,0.291363636363636,15.36,99.693795,2.00865862313698,0.546143251
2,NEH1.2021,-96.5965444,40.8604235,128,2021-05-08,2,11.15,16.91,3.12,7.73,30.72,17.82,9.65,8.31,1.09,0.03,15.83,0.64,6.99,80.32,0.57,0.63,0,6.73,15.19,0.292264503,14.187,38.681,3.539,52.7118632,55.1328,6.47193223641452,14.0483417369897,38.6810987211211,0.292264502598881,0.0824221559979171,7.11847527652693,8.71152472347307,4.455,0.0915909090909091,13.79,63.203085,3.18451178451178,0.74529148
3,NEH1.2021,-96.5965444,40.8604235,129,2021-05-09,3,8.2,14.7,2.19,2.72,28.07,13.28,4.3,6.32,0.89,0.02,2.46,1.56,4.81,71.87,0.6,0.66,0,3.64,0.9,0.451136081,14.224,38.828,1.575,48.4989966,50.3792,4.81710030199504,14.0843445178546,38.8283580310016,0.451136081395733,0.0750932557745471,5.19192868825159,-2.73192868825159,3.35,0.0202272727272727,12.51,47.6504,,0.770731707
4,NEH1.2021,-96.5965444,40.8604235,130,2021-05-10,4,9.88,15.95,2.83,3.39,26.64,24.09,16.89,10.8,1.44,0.03,0,1.73,5.02,66.73,0.6,0.62,0,2.35,-1.73,0.501565226,14.259,38.972,6.18,51.28740476,52.3004,8.72790607746829,14.1198261649768,38.9723043872349,0.501565225623839,0.0794346391196629,9.54310391339059,-9.54310391339059,3.975,0.0631818181818182,13.12,56.679525,3.58716981132076,
5,NEH1.2021,-96.5965444,40.8604235,131,2021-05-11,5,9.69,14.99,4.91,3.42,27.41,20.72,7.3,9.43,1.27,0.03,0,1.18,5.01,68.31,0.59,0.62,0,2.42,-1.18,0.504877548,14.294,39.113,2.668,50.93361661,52.1212,7.49846472749116,14.1547708535235,39.1129201434724,0.504877547842235,0.0821070531919466,8.26984939339191,-8.26984939339191,3.495,0.0886363636363636,10.08,49.95753,4.0898426323319,
6,NEH1.2021,-96.5965444,40.8604235,132,2021-05-12,6,11.9,18.35,4.41,3.88,26,25.99,26.55,11.47,1.49,0.03,0,2.88,5.16,62.27,0.59,0.61,0,1.96,-2.88,0.667001223,14.329,39.25,9.693,54.3704187,54.4968,9.39553029585137,14.1891626253031,39.2501886556059,0.667001223496878,0.089281799347284,10.5630493445852,-10.5630493445852,5.175,0.153636363636364,13.94,74.152575,2.76888888888889,
7,NEH1.2021,-96.5965444,40.8604235,133,2021-05-13,7,13.49,20.44,5.3,4.36,25.32,29.42,37.91,13.07,1.69,0.03,0.02,2.95,5.36,56.85,0.58,0.6,0,3.77,-2.93,0.812614332,14.363,39.384,13.825,56.68972435,56.2596,10.6245995663743,14.2229854050045,39.384094242907,0.812614331725466,0.0973193262737501,12.1675311983546,-12.1475311983546,6.22,0.221363636363636,15.14,89.33786,2.30916398713826,
8,NEH1.2021,-96.5965444,40.8604235,134,2021-05-14,8,15.42,21,9.77,11.13,31.37,11.35,3.92,5.54,0.77,0.02,0.93,1.47,8.71,76.86,0.57,0.6,0,3.42,-0.54,0.523966929,14.397,39.515,1.428,59.53251388,60.6268,4.09489253463155,14.2562230175691,39.5146221496551,0.523966928598394,0.112283947902164,4.81971096364963,-3.88971096364963,7.385,0.335681818181818,11.23,106.321845,1.94949221394719,0.359273671
9,NEH1.2021,-96.5965444,40.8604235,135,2021-05-15,9,18.01,23.85,12.15,14,31.08,18.51,9.06,8.73,1.17,0.03,0.3,2.86,10.35,79.09,0.57,0.6,0,1.91,-2.56,0.588203149,14.43,39.642,3.298,63.67989791,64.25,6.67192359457735,14.288859206689,39.641758507363,0.588203149066164,0.129872749513914,8.04982736861078,-7.74982736861078,10,0.454545454545455,11.7,144.3,1.443,0.484730705
10,NEH1.2021,-96.5965444,40.8604235,136,2021-05-16,10,15.62,18.64,13.48,13.68,31.72,6.41,1.29,3.4,0.49,0.01,3.43,0.64,10.14,88.65,0.57,0.61,0,4.01,2.79,0.281269703,14.462,39.765,0.469,59.9839087,61.7448,2.30845451866924,14.3208776544186,39.7654902976999,0.281269702680989,0.116617869458229,2.73968212649755,0.690317873502448,8.06,0.366363636363636,5.16,116.56372,1.79429280397022,0.217669654
11,NEH1.2021,-96.5965444,40.8604235,137,2021-05-17,11,17.32,22.73,12.33,14.01,32.57,11.94,3.11,5.97,0.86,0.02,3.28,2.59,10.39,82.36,0.58,0.62,0,2.95,0.69,0.498971178,14.494,39.886,1.13,62.67382448,63.5636,4.29641590395145,14.3522620018817,39.885805316208,0.498971177870717,0.12654974059406,5.17167646526924,-1.89167646526924,9.53,0.433181818181818,10.4,138.12782,1.5208814270724,0.344688222
12,NEH1.2021,-96.5965444,40.8604235,138,2021-05-18,12,18.86,24.41,13.69,15.37,32.86,13.57,3.31,6.69,0.94,0.02,1.12,3.01,11.36,81.63,0.58,0.61,0,2.2,-1.89,0.566020573,14.526,40.003,1.202,65.14497382,65.5932,4.87910296892464,14.3829958710483,40.0026921368995,0.566020573173989,0.137564525673434,5.95273827162447,-4.83273827162447,11.05,0.502272727272727,10.72,160.5123,1.31457013574661,0.354718982
13,NEH1.2021,-96.5965444,40.8604235,139,2021-05-19,13,19.39,23.76,15.64,16.91,32.78,12.31,0.45,6.07,0.84,0.02,4.79,1.66,12.53,86.64,0.58,0.62,0,2.37,3.13,0.432329496,14.556,40.116,0.163,66.24788104,66.6776,4.4227785574985,14.4130628875518,40.1161400778142,0.432329496130506,0.142516735145826,5.42768166536691,-0.637681665366914,11.7,0.531818181818182,8.12,170.3052,1.24410256410256,0.313047963
14,NEH1.2021,-96.5965444,40.8604235,140,2021-05-20,14,19.26,23.15,16.01,16.95,32.69,10.67,0.5,5.47,0.78,0.02,1.72,1.5,12.54,87.24,0.58,0.62,0,3.66,0.22,0.395627152,14.586,40.226,0.181,66.05967976,66.562,3.83086494319086,14.4424467045094,40.2261391676104,0.39562715208011,0.14159129395338,4.70020653393226,-2.98020653393226,11.58,0.526363636363636,7.14,168.90588,1.25958549222798,0.284008307
15,NEH1.2021,-96.5965444,40.8604235,141,2021-05-21,15,22.25,27.73,17.57,17.73,33.32,22.46,20.3,10.34,1.34,0.03,0.09,5.13,13.12,77.71,0.57,0.6,0,5.13,-5.04,0.835640088,14.616,40.333,7.356,70.32754025,69.8328,8.05851736012858,14.4711310273004,40.3326801132538,0.835640087905975,0.166932057912261,10.1135012863376,-10.0235012863376,14.65,0.665909090909091,10.16,214.1244,0.997679180887372,0.464719101
16,NEH1.2021,-96.5965444,40.8604235,142,2021-05-22,16,22.49,27.19,18.44,18.55,33.97,18.07,7.54,8.63,1.16,0.03,0.09,4.23,13.78,79.93,0.57,0.59,0,4.04,-4.14,0.727051613,14.644,40.436,2.731,70.88340443,70.368,6.47938279422872,14.4990996392535,40.4357542688597,0.727051613495891,0.168395901444137,8.14551688090765,-8.05551688090765,14.815,0.673409090909091,8.75,216.95086,0.988457644279446,0.3837261
17,NEH1.2021,-96.5965444,40.8604235,143,2021-05-23,17,22.19,27.5,16.97,18.27,33.99,21.19,10.62,10,1.33,0.04,2.83,4,13.57,80.07,0.56,0.6,0,3.83,-1.17,0.703346007,14.672,40.535,3.844,70.41374767,69.9672,7.59369393707798,14.5263364281835,40.5353536057385,0.703346006819813,0.163297677965928,9.51535515224454,-6.68535515224454,14.235,0.647045454545455,10.53,208.85592,1.03069898138391,0.450653447
18,NEH1.2021,-96.5965444,40.8604235,144,2021-05-24,18,20.75,24.11,17.94,17.67,34.3,18.57,8.16,8.84,1.19,0.03,2.06,1.78,13.11,83.15,0.56,0.6,0,4.62,0.28,0.508378861,14.699,40.631,2.952,68.29813875,68.3112,6.65114905725569,14.5528254137148,40.6314706836821,0.508378861280471,0.153080175895522,8.26902786180274,-6.20902786180274,13.025,0.592045454545454,6.17,191.454475,1.12852207293666,0.426024096
19,NEH1.2021,-96.5965444,40.8604235,145,2021-05-25,19,21.73,27.01,16.45,15.38,33.42,16.42,6.61,7.9,1.08,0.03,0.62,3.49,11.51,70.27,0.56,0.59,0,2.86,-2.87,0.971773534,14.726,40.724,2.39,68.96966429,68.4668,5.87808722161465,14.5785507753172,40.7240986235236,0.971773533878965,0.158965454641139,7.34805795543955,-6.72805795543955,13.73,0.624090909090909,10.56,202.18798,1.07254187909687,0.363552692
20,NEH1.2021,-96.5965444,40.8604235,146,2021-05-26,20,20.49,27.07,12.48,12.6,30.81,25.99,22.83,11.99,1.61,0.04,1.82,4.47,9.51,63.02,0.55,0.58,0,2.93,-2.65,1.054730517,14.752,40.813,8.252,66.66871002,66.226,9.29955492088805,14.6034968809769,40.8132310809929,1.05473051665682,0.143097731345569,11.4660443778347,-9.64604437783473,11.775,0.535227272727273,14.59,173.7048,1.25282377919321,0.585163494
21,NEH1.2021,-96.5965444,40.8604235,147,2021-05-27,21,18.37,24.41,10.79,14.45,33.02,18.86,10.59,8.84,1.2,0.03,22.16,3.06,11.13,78.93,0.59,0.68,0,4.54,19.1,0.530414324,14.777,40.899,3.826,64.24715659,64.772,6.74535750532453,14.6276483164163,40.8988622218828,0.53041432449887,0.127040038970554,8.17396346698068,13.9860365330193,9.6,0.436363636363636,13.62,141.8592,1.53927083333333,0.481219379
22,NEH1.2021,-96.5965444,40.8604235,148,2021-05-28,22,11.05,15.7,6.65,5.57,29.75,13.68,4.47,6.61,0.95,0.02,0.04,2.26,5.84,70.29,0.58,0.61,0,3.57,-2.22,0.473235437,14.801,40.981,1.614,52.88840455,54.2552,4.89069586119155,14.6509899147702,40.980986698532,0.473235436803419,0.088221563085818,5.54597024882532,-5.50597024882532,3.85,0.144318181818182,9.05,56.98385,3.84441558441559,0.598190045
23,NEH1.2021,-96.5965444,40.8604235,149,2021-05-29,23,11.66,16.8,3.9,6.74,28.61,24.01,17.75,10.93,1.49,0.04,3.65,1.57,6.4,73.85,0.58,0.62,0,1.85,2.08,0.376305875,14.825,41.06,6.409,53.7088509,55.2864,8.58047572655092,14.6735067866192,41.059599627624,0.376305875075659,0.0840625619433943,9.63307722093463,-5.98307722093463,4.4,0.106818181818182,12.9,65.23,3.36931818181818,
24,NEH1.2021,-96.5965444,40.8604235,150,2021-05-30,24,13.72,17.23,10.84,10.59,29.38,10.91,0.35,5.49,0.77,0.02,5.21,0.77,8.21,81.64,0.59,0.64,0,1.62,4.44,0.355110442,14.847,41.135,0.126,56.82767792,58.7324,3.89754816816092,14.6951843502748,41.1346965692916,0.35511044173159,0.104025322824069,4.56975114320615,0.640248856793849,6.035,0.274318181818182,6.39,89.601645,2.46014913007457,0.400145773
25,NEH1.2021,-96.5965444,40.8604235,151,2021-05-31,25,15.64,22.78,10.09,10.94,29.82,22.6,15.18,10.47,1.4,0.03,0.05,3.31,8.39,76.27,0.59,0.61,0,1.04,-3.26,0.696318519,14.869,41.206,5.478,59.87113172,60.7784,8.07114452912689,14.7160083622065,41.2062735075128,0.696318519484379,0.119086378923701,9.69328585146676,-9.64328585146676,8.435,0.383409090909091,12.69,125.420015,1.76277415530528,0.66943734
26,NEH1.2021,-96.5965444,40.8604235,152,2021-06-01,26,18.21,24.06,11.27,11.1,28.99,25.29,20.34,11.37,1.49,0.03,0.03,4.69,8.52,66.45,0.58,0.6,0,1.35,-4.66,0.844077338,14.89,41.274,7.338,63.52728955,63.406,9.02916127599297,14.7359649474941,41.2743268317733,0.844077337755686,0.127496757173476,10.9669042642843,-10.9369042642843,9.665,0.439318181818182,12.79,143.91185,1.5406104500776,0.624382208
27,NEH1.2021,-96.5965444,40.8604235,153,2021-06-02,27,19.38,25.98,11.04,10.66,29.17,25.55,26.64,11.43,1.49,0.03,0,6.61,8.31,60.39,0.57,0.59,0,1.12,-6.61,1.053464362,14.91,41.339,9.608,64.94857618,64.4176,9.11953907340487,14.7550406301836,41.338853319967,1.05346436205003,0.133561939278222,11.1589376608978,-11.1589376608978,10.51,0.477727272727273,14.94,156.7041,1.418648905804,0.589783282
28,NEH1.2021,-96.5965444,40.8604235,154,2021-06-03,28,21.2,28.41,12.97,12.4,28.54,29.21,30.47,13.07,1.7,0.03,0,6.61,9.37,60.16,0.56,0.58,0,2.93,-6.61,1.242942539,14.929,41.4,10.988,67.4955008,66.864,10.4233668469518,14.7732223634245,41.399850122499,1.2429425387816,0.150348842203214,12.9753670381251,-12.9753670381251,12.69,0.576818181818182,15.44,189.44901,1.17643814026793,0.616509434
29,NEH1.2021,-96.5965444,40.8604235,155,2021-06-04,29,24.26,31.98,16.32,15.28,30.81,29.52,36.62,13.5,1.76,0.04,0,8.05,11.35,59.98,0.55,0.56,0,3.7,-8.05,1.566212016,14.948,41.457,13.204,71.77909652,70.9608,10.5316876070723,14.7904975592575,41.4573147475512,1.56621201640414,0.180643192832674,13.4189297963892,-13.4189297963892,16.15,0.734090909090909,15.66,241.4102,0.925572755417957,0.556471558
30,NEH1.2021,-96.5965444,40.8604235,156,2021-06-05,30,25.09,31.64,18.99,17.05,31.52,29.47,34.44,13.48,1.75,0.04,0,7.68,12.68,63.4,0.54,0.55,0,4.89,-7.68,1.483534203,14.965,41.511,12.416,73.3046894,72.428,10.5118020516197,14.8068541179242,41.5112450474646,1.48353420306634,0.191936394493126,13.4880689872318,-13.4880689872318,17.315,0.787045454545455,12.65,259.118975,0.864279526422178,0.537265843
31,NEH1.2021,-96.5965444,40.8604235,157,2021-06-06,31,23.91,29.44,18.02,18.47,32.9,19.74,6.84,9.27,1.25,0.03,0,5.35,13.9,73.5,0.53,0.54,0,4.44,-5.35,0.961815117,14.981,41.562,2.465,72.5547115,71.7592,7.03994890001873,14.8222804565651,41.5616392061903,0.961815117168344,0.176711694142635,8.95017707358147,-8.95017707358147,15.73,0.715,11.42,235.65113,0.952383979656707,0.38770389
32,NEH1.2021,-96.5965444,40.8604235,158,2021-06-07,32,25.08,30.6,18.6,19.39,33,26.77,26.07,12.31,1.6,0.04,0,5.84,14.7,72.93,0.53,0.54,0,3.01,-5.84,1.015758879,14.997,41.608,9.397,74.29374556,73.2604,9.54565183103239,14.8367655371745,41.6084957277564,1.0157588793711,0.184937085505812,12.2016544917346,-12.2016544917346,16.6,0.754545454545455,12,248.9502,0.903433734939759,0.490829346
33,NEH1.2021,-96.5965444,40.8604235,159,2021-06-08,33,25.65,31.08,19.67,19.29,33.63,26.37,27.6,12.26,1.6,0.04,0.02,5.62,14.56,70.33,0.52,0.53,0,2.01,-5.6,1.164513703,15.012,41.652,9.947,74.87855855,73.7944,9.40180869975457,14.8502988936772,41.6518134256965,1.16451370309937,0.192533759115296,12.0733448994962,-12.0533448994962,17.375,0.789772727272727,11.41,260.8335,0.864,0.47797271
34,NEH1.2021,-96.5965444,40.8604235,160,2021-06-09,34,26.32,31.95,19.99,20,34.17,26.76,22.4,12.36,1.6,0.04,0,5,15.2,70.4,0.52,0.53,0,1.72,-5,1.200775259,15.025,41.692,8.073,75.8959872,74.72,9.53982338703252,14.862870657997,41.6915914133835,1.20077525854525,0.198542855597834,12.2926029591949,-12.2926029591949,17.97,0.816818181818182,11.96,269.99925,0.836115748469672,0.469604863
35,NEH1.2021,-96.5965444,40.8604235,161,2021-06-10,35,27.75,33.49,21.4,21.18,34.48,28.39,30.3,13.23,1.73,0.04,0.53,5.38,16.42,69.44,0.51,0.52,0,2.76,-4.85,1.344735929,15.038,41.728,10.92,77.924484,76.5748,10.1200148067668,14.8744715849866,41.7278290952112,1.34473592910556,0.214123620208897,13.1431566475783,-12.6131566475783,19.445,0.883863636363637,12.09,292.41391,0.773360761121111,0.476756757
36,NEH1.2021,-96.5965444,40.8604235,162,2021-06-11,36,24.35,29.5,17.1,20.28,35.7,10.38,4.8,5.12,0.68,0.02,24.34,2.24,15.94,78.45,0.53,0.63,0,3.16,22.1,0.657324176,15.05,41.761,1.73,73.71669925,72.8508,3.69984002460047,14.8850930760923,41.7605261585663,0.657324175871211,0.17276159444535,4.69365737173836,19.6463426282616,15.3,0.695454545454545,12.4,230.265,0.983660130718954,0.21026694
37,NEH1.2021,-96.5965444,40.8604235,163,2021-06-12,37,22.69,29.24,14.31,10.76,28.89,31.86,43.88,14.31,1.86,0.05,0,7.79,8.37,49.64,0.55,0.57,0,2.32,-7.79,1.554340706,15.06,41.79,15.813,68.73106284,67.7636,11.3555782073347,14.8947272016315,41.7896825665349,1.55434070563035,0.159347511348083,14.261987724519,-14.261987724519,13.775,0.626136363636364,14.93,207.4515,1.09328493647913,0.630674306
38,NEH1.2021,-96.5965444,40.8604235,164,2021-06-13,38,24.94,31.92,18.32,11.88,29.25,31.74,42.55,14.26,1.86,0.05,0,8.37,9.13,46.2,0.54,0.55,0,1.31,-8.37,2.028033238,15.07,41.815,15.335,71.3018572,70.4168,11.312435307913,14.9033667215656,41.8152985512862,2.02803323803134,0.190005728051063,14.5108469626167,-14.5108469626167,17.12,0.778181818181818,13.6,257.9984,0.880257009345794,0.571772253
39,NEH1.2021,-96.5965444,40.8604235,165,2021-06-14,39,26.06,32.76,18.06,17.87,32.75,27.43,28.83,12.65,1.66,0.04,0,6.26,13.42,62.16,0.53,0.54,0,1.5,-6.26,1.470080881,15.079,41.837,10.391,74.55662704,73.6932,9.77616004474996,14.9110051046578,41.8373746080816,1.47008088070159,0.192882944292585,12.5611470544667,-12.5611470544667,17.41,0.791363636363636,14.7,262.52539,0.866111430212522,0.485418266
40,NEH1.2021,-96.5965444,40.8604235,166,2021-06-15,40,25.25,30.25,18.71,17.76,34.04,27.93,32.1,13.13,1.73,0.04,0.06,4.91,13.21,64.85,0.52,0.53,0,1.65,-4.85,1.198032865,15.087,41.856,11.57,73.68982875,72.8436,9.95437857871672,14.9176365459118,41.8559114898592,1.19803286518102,0.183783724082605,12.7213263664606,-12.6613263664606,16.48,0.749090909090909,11.54,248.63376,0.915473300970874,0.52
41,NEH1.2021,-96.5965444,40.8604235,167,2021-06-16,41,28.48,36.08,21.16,19.58,34.19,29.03,32.72,13.37,1.72,0.04,0.02,7.61,14.86,62,0.51,0.51,0,3.05,-7.59,1.961099885,15.093,41.871,11.794,77.983824,76.7288,10.3466134141715,14.9232559821959,41.8709102023443,1.96109988467536,0.227259436312037,13.5171524030505,-13.4971524030505,20.62,0.937272727272727,14.92,311.21766,0.731959262851601,0.469452247
42,NEH1.2021,-96.5965444,40.8604235,168,2021-06-17,42,29.06,37.93,20.77,17.68,34.37,29.45,32.34,13.4,1.72,0.04,0.02,7.1,13.25,53.47,0.5,0.49,0,3.6,-7.08,2.502998112,15.099,41.882,11.659,77.57538818,76.6248,10.4966703097527,14.927859105966,41.8823719996456,2.50299811176297,0.235756241617751,13.7594551896543,-13.7394551896543,21.35,0.970454545454546,17.16,322.36365,0.707213114754098,0.461114935
43,NEH1.2021,-96.5965444,40.8604235,169,2021-06-18,43,26.1,33.62,21.62,18.57,36.07,18.89,8.19,9.06,1.21,0.03,0.41,3.44,14,65.08,0.5,0.49,0,2.92,-3.03,1.75633624,15.104,41.89,2.953,74.9505812,73.9852,6.73318065059191,14.9314423770112,41.8902983802975,1.75633624048784,0.216038568228151,8.75284605267206,-8.34284605267206,19.62,0.891818181818182,12,296.34048,0.769826707441386,0.347126437
44,NEH1.2021,-96.5965444,40.8604235,170,2021-06-19,44,24.13,32.17,19.64,13.74,34.52,25.38,18.8,11.78,1.57,0.04,2.78,3.8,10.45,56.57,0.5,0.5,0,3.45,-1.02,1.971764586,15.107,41.895,6.779,71.26962759,70.2764,9.04708895450967,14.9340030321546,41.8946910837161,1.97176458629839,0.197878814448679,11.6545168661589,-8.87451686615889,17.905,0.813863636363637,12.53,270.490835,0.843730801452108,0.488188976
45,NEH1.2021,-96.5965444,40.8604235,171,2021-06-20,45,25.13,32.16,17.76,16.6,34.24,27.43,25.75,12.58,1.62,0.04,2.01,4.61,12.65,62.3,0.5,0.5,0,3.69,-2.6,1.526289083,15.11,41.896,9.287,73.2458301,72.306,9.77864753914434,14.9355390928559,41.8955520870412,1.52628908262522,0.188433833486493,12.528839181245,-10.518839181245,16.96,0.770909090909091,14.4,256.2656,0.890919811320755,0.500596896
46,NEH1.2021,-96.5965444,40.8604235,172,2021-06-21,46,20.45,25.54,15.49,9.34,30.53,26.99,26.28,12.33,1.64,0.04,0,2.95,7.62,51.14,0.49,0.48,0,2.71,-2.95,1.340760122,15.111,41.893,9.479,65.9050287,65.0124,9.62273154412,14.9360493706713,41.8928836023434,1.34076012224192,0.148938489221627,11.9738109429145,-11.9738109429145,12.515,0.568863636363636,10.05,189.114165,1.20743108270076,0.602933985
47,NEH1.2021,-96.5965444,40.8604235,173,2021-06-22,47,23.45,31.67,14.44,12.23,31.18,28.83,30.07,13.09,1.7,0.04,5.16,3.8,9.33,51.42,0.49,0.51,0,4.17,1.36,1.731790639,15.112,41.887,10.849,69.8788501,69.0528,10.2799111066755,14.9355334705388,41.8866880741816,1.73179063890614,0.170544459832845,13.0160559658268,-7.85605596582676,15.055,0.684318181818182,17.23,227.51116,1.00378611756891,0.558208955
48,NEH1.2021,-96.5965444,40.8604235,174,2021-06-23,48,26.5,33.86,18.2,18.45,33.46,29.36,32.96,13.65,1.77,0.04,10.03,4.06,14.21,62.68,0.49,0.52,0,4.21,5.97,1.560844,15.111,41.877,11.893,75.245858,74.342,10.4702421901913,14.9339917918723,41.876968177501,1.56084400025149,0.19915748044517,13.4913829891567,-3.46138298915668,18.03,0.819545454545455,15.66,272.45133,0.83810316139767,0.51509434
49,NEH1.2021,-96.5965444,40.8604235,175,2021-06-24,49,25.63,30.08,22.06,23.17,36.54,14.56,4.55,7.03,0.92,0.02,18.39,3.07,18.6,86.93,0.53,0.63,0,2.97,15.32,0.619619364,15.11,41.864,1.642,76.68666741,75.1712,5.19307697176492,14.9314255274561,41.8637268158715,0.619619364049481,0.199568119373123,6.69201111609759,11.6979888839024,18.07,0.821363636363637,8.02,273.0377,0.836192584394023,0.274287944
50,NEH1.2021,-96.5965444,40.8604235,176,2021-06-25,50,22.84,28.49,18.75,19.46,36,21.55,16.04,10.28,1.37,0.04,11.9,3.92,14.84,82.56,0.54,0.6,0,2.44,7.98,0.764962156,15.107,41.847,5.791,71.66245696,71.0456,7.68741206747717,14.9278366601463,41.8469671200709,0.764962156297696,0.175694024804216,9.76416127250338,2.13583872749662,15.62,0.71,9.74,235.97134,0.967157490396927,0.450087566
51,NEH1.2021,-96.5965444,40.8604235,177,2021-06-26,51,21.33,26.19,17.03,17.33,34.76,14.92,7.9,7.28,1,0.03,4.24,6.04,12.91,79.52,0.55,0.6,0,2.83,-1.8,0.691749587,15.104,41.827,2.853,68.99793984,68.7688,5.32326483635825,14.9232279574001,41.8266924470232,0.691749586695257,0.15795041817092,6.67124623954664,-2.43124623954664,13.61,0.618636363636364,9.16,205.56544,1.10977222630419,0.341303329
52,NEH1.2021,-96.5965444,40.8604235,178,2021-06-27,52,22.59,28.03,16.11,16.68,32.58,23.77,13.42,11.01,1.45,0.04,0.18,7.03,12.32,71.67,0.54,0.56,0,1.03,-6.85,0.910008676,15.099,41.803,4.847,70.37744047,69.7948,8.48245859343909,14.9176029636611,41.8029063791116,0.910008675524815,0.161871366464303,10.6620181674161,-10.4820181674161,14.07,0.639545454545455,11.92,212.44293,1.07313432835821,0.487383798
53,NEH1.2021,-96.5965444,40.8604235,179,2021-06-28,53,23.06,28.05,18.56,17.48,34.01,20.64,9.51,9.75,1.3,0.03,1.38,4.87,12.93,72.13,0.53,0.55,0,1.28,-3.49,0.966876229,15.093,41.776,3.436,71.13085622,70.5528,7.36703349107229,14.9109659906473,41.7756127238896,0.966876228688196,0.172807094063817,9.33334869428454,-7.95334869428454,15.305,0.695681818181818,9.49,230.998365,0.986148317543287,0.422810061
54,NEH1.2021,-96.5965444,40.8604235,180,2021-06-29,54,24,29.32,18.62,18.71,34.11,20.12,6.33,9.55,1.26,0.03,0.65,6.23,13.96,74.01,0.52,0.54,0,0.88,-5.58,0.95511198,15.087,41.745,2.288,72.741346,71.9356,7.18304385995945,14.9033221055944,41.7448155142202,0.955111980230372,0.178949329796942,9.13595385093551,-8.48595385093551,15.97,0.725909090909091,10.7,240.93939,0.944708829054477,0.397916667
55,NEH1.2021,-96.5965444,40.8604235,181,2021-06-30,55,23.84,28.09,19.41,17.9,34.15,21.09,9.12,10.08,1.33,0.03,0.12,3.72,13.32,71.42,0.52,0.53,0,1.39,-3.6,0.975928892,15.079,41.711,3.297,72.25360272,71.484,7.53116354993504,14.8946771175222,41.7105190088793,0.97592889217279,0.176897257983639,9.56345532696571,-9.44345532696571,15.75,0.715909090909091,8.68,237.49425,0.957396825396826,0.422818792
56,NEH1.2021,-96.5965444,40.8604235,182,2021-07-01,56,23.99,29.66,17.2,16.11,32.59,23.87,14.1,11.11,1.47,0.04,0,6.27,11.87,62.92,0.51,0.52,0,2.13,-6.27,1.230579356,15.07,41.673,5.099,71.67790292,70.9896,8.52610007214434,14.8850375616005,41.6727276936644,1.23057935606285,0.173947874675736,10.8024733894548,-10.8024733894548,15.43,0.701363636363636,12.46,232.5301,0.976668826960467,0.463109629
57,NEH1.2021,-96.5965444,40.8604235,183,2021-07-02,57,25.4,30.9,19.32,16.32,31.58,28.64,30.39,12.92,1.64,0.04,0,6.57,11.99,59.74,0.5,0.5,0,0.86,-6.57,1.498527516,15.061,41.631,10.994,73.3534004,72.4752,10.2327245377805,14.8744106817001,41.6314462830535,1.49852751614083,0.189907162113724,13.0928413153344,-13.0928413153344,17.11,0.777727272727273,11.58,257.69371,0.880245470485096,0.508661417
58,NEH1.2021,-96.5965444,40.8604235,184,2021-07-03,58,25.68,32.03,18.44,16.47,31.77,27.57,26.51,12.31,1.54,0.04,0,5.72,12.15,59.36,0.5,0.49,0,2.14,-5.72,1.568667197,15.05,41.587,9.594,73.70353152,72.8092,9.85333574000557,14.8628044112266,41.5866797224639,1.56866719690797,0.191142337048292,12.6127139152525,-12.6127139152525,17.235,0.783409090909091,13.59,259.38675,0.873223092544242,0.479361371
59,NEH1.2021,-96.5965444,40.8604235,185,2021-07-04,59,26.28,33.19,19.38,16.25,32.54,26.15,22.27,11.84,1.5,0.04,0,4.73,12.01,56.77,0.49,0.47,0,2.99,-4.73,1.819432303,15.038,41.538,8.062,74.23865444,73.33,9.34877450664792,14.8502273523387,41.5384331911645,1.81943230308887,0.20178753285164,12.0329837849426,-12.0329837849426,18.285,0.831136363636363,13.81,274.96983,0.822422750888707,0.450532725
60,NEH1.2021,-96.5965444,40.8604235,186,2021-07-05,60,27.34,33.78,20.88,18.41,32.72,29.19,32.99,13.3,1.7,0.04,0,3.83,13.76,60.68,0.48,0.46,0,2.55,-3.83,1.743731477,15.026,41.487,11.949,76.19217288,75.1676,10.4390760977623,14.8366887536624,41.486712105896,1.7437314766528,0.212873011106532,13.5056253323693,-13.5056253323693,19.33,0.878636363636364,12.9,290.45258,0.777340920848422,0.486466715
61,NEH1.2021,-96.5965444,40.8604235,187,2021-07-06,61,27.78,34.11,20.99,18.26,34.11,27.44,25.66,12.67,1.65,0.04,1.56,3.35,13.64,58.91,0.48,0.46,0,2.44,-1.79,1.820668796,15.012,41.432,9.297,76.57921602,75.5536,9.8167073187228,14.8221984866197,41.4315221252578,1.82066879617391,0.21527086896286,12.7100909059602,-11.1500909059602,19.55,0.888636363636364,13.12,293.4846,0.767877237851663,0.456083513
62,NEH1.2021,-96.5965444,40.8604235,188,2021-07-07,62,23.43,29.11,18.34,16.77,35.16,15.21,8.66,7.43,1.03,0.03,2.97,2.61,12.49,69.29,0.48,0.49,0,3.46,0.36,1.160166401,14.997,41.373,3.139,71.44213053,70.6672,5.44344472553689,14.8067670204913,41.3728691549192,1.16016640083662,0.176665328841453,6.89604744175264,-3.92604744175264,15.725,0.714772727272727,10.77,235.827825,0.953704292527822,0.31711481
63,NEH1.2021,-96.5965444,40.8604235,189,2021-07-08,63,24.08,32.31,16.24,15.41,31.72,27.25,27.1,12.41,1.58,0.04,0.33,2.75,11.37,61.77,0.48,0.46,0,2.23,-2.42,1.591589376,14.982,41.311,9.828,71.69716384,70.8276,9.75626091981039,14.7904053963432,41.3107593537162,1.59158937567818,0.181827422334336,12.3964000921116,-12.0664000921116,16.275,0.739772727272727,16.07,243.83205,0.920552995391705,0.515365449
64,NEH1.2021,-96.5965444,40.8604235,190,2021-07-09,64,27.53,34.47,20.49,20.67,34.59,23.49,19.55,10.89,1.42,0.04,5.83,2.95,15.95,69.23,0.48,0.49,0,2.6,2.88,1.498015603,14.966,41.245,7.094,77.56783881,76.1712,8.41360250832985,14.7731251999438,41.2451991406909,1.49801560304591,0.214505464010957,10.876626269714,-5.04662626971396,19.48,0.885454545454545,13.98,291.53768,0.768275154004107,0.395568471
65,NEH1.2021,-96.5965444,40.8604235,191,2021-07-10,65,23.45,27.97,18.18,19.86,34.83,17.42,8.98,8.38,1.14,0.03,20.52,3.78,15.18,81.46,0.51,0.59,0,3.75,16.74,0.612285383,14.948,41.176,3.26,72.5570663,71.7996,6.24222388666295,14.7549385338054,41.1761952031325,0.612285383436024,0.170724545766437,7.86572406341785,12.6542759365822,15.075,0.685227272727273,9.79,225.3411,0.991575456053068,0.357356077
66,NEH1.2021,-96.5965444,40.8604235,192,2021-07-11,66,21.19,26.85,16.25,15.7,31.74,26.3,23.94,12.12,1.59,0.04,1.15,5.72,11.55,73.47,0.52,0.53,0,3.47,-4.57,0.907039729,14.93,41.104,8.696,68.37030007,68.042,9.42865365361079,14.7358579884819,41.1037545056772,0.907039729365161,0.157444956971803,11.75472216024,-10.60472216024,13.55,0.615909090909091,10.6,202.3015,1.10184501845018,0.571967909
67,NEH1.2021,-96.5965444,40.8604235,193,2021-07-12,67,22.57,28.91,15.08,13.59,30.15,27.98,29.28,12.44,1.58,0.03,0,6.55,10.07,59.09,0.51,0.51,0,1.01,-6.55,1.292913227,14.911,41.028,10.641,69.33507687,68.6624,10.0358766789668,14.7158966132567,41.0278843005188,1.29291322720309,0.161226529749275,12.5440156127871,-12.5440156127871,13.995,0.636136363636364,13.83,208.679445,1.06545194712397,0.551174125
68,NEH1.2021,-96.5965444,40.8604235,194,2021-07-13,68,24.93,32,16.58,16.15,32.86,24.37,18.21,10.99,1.37,0.03,0.53,4.32,12.04,60.6,0.5,0.49,0,2.04,-3.79,1.484933835,14.891,40.949,6.622,72.7840042,71.944,8.74557062124811,14.695067886352,40.9485921387815,1.48493383519448,0.181969968624266,11.087248042309,-10.557248042309,16.29,0.740454545454545,15.42,242.57439,0.914119091467158,0.440834336
69,NEH1.2021,-96.5965444,40.8604235,195,2021-07-14,69,25.71,31.92,20.81,21.17,36.61,9.25,0.76,4.71,0.64,0.02,12.7,3.84,16.4,77.8,0.51,0.56,0,2.87,8.86,1.082595946,14.87,40.866,0.277,75.8020562,74.5312,3.32132326636871,14.6733856847907,40.8658858831018,1.08259594636127,0.202618645507857,4.25824145725804,8.44175854274196,18.365,0.834772727272727,11.11,273.08755,0.809692349578002,0.1831972
70,NEH1.2021,-96.5965444,40.8604235,196,2021-07-15,70,21.57,26.09,18.4,17.66,35.77,12.57,2.03,6.28,0.85,0.02,1.33,2.69,13.12,79.45,0.51,0.53,0,2.26,-1.36,0.72762016,14.849,40.78,0.739,69.37634135,69.1276,4.51599768383117,14.6508642540392,40.77977372146,0.727620159610065,0.163384461083293,5.64492927813031,-4.31492927813031,14.245,0.6475,7.69,211.524005,1.04240084240084,0.291145109
71,NEH1.2021,-96.5965444,40.8604235,197,2021-07-16,71,22.83,29.45,15.85,16.3,34.14,20.12,12.19,9.3,1.19,0.03,0.13,5.91,12.03,69.55,0.5,0.51,0,1.52,-5.78,1.102526559,14.826,40.69,4.442,70.56613235,69.898,7.23282759762528,14.6275181775547,40.6902641822998,1.10252655922187,0.166932057912261,9.05982394840214,-8.92982394840214,14.65,0.665909090909091,13.6,217.2009,1.01201365187713,0.407358739
72,NEH1.2021,-96.5965444,40.8604235,198,2021-07-17,72,24.43,30.13,18.17,19.38,34.35,14.64,6.11,6.94,0.88,0.02,0.55,3.98,14.57,75.64,0.5,0.5,0,2.1,-3.43,0.930419671,14.803,40.597,2.228,73.56584348,72.6068,5.26618460802845,14.6033623463594,40.597366150964,0.930419670799423,0.180643192832674,6.65491640308732,-6.10491640308732,16.15,0.734090909090909,11.96,239.06845,0.916594427244582,0.284076955
73,NEH1.2021,-96.5965444,40.8604235,199,2021-07-18,73,24,28.75,19.34,18.1,32.48,22.85,15.94,10.41,1.31,0.03,0.05,3.18,13.44,71.9,0.49,0.49,0,2.02,-3.13,1.019267416,14.779,40.501,5.817,72.54174,71.716,8.22488287901534,14.5784119287556,40.5010888874744,1.01926741637787,0.179653471277253,10.3803228577665,-10.3303228577665,16.045,0.729318181818182,9.41,237.129055,0.921096914926768,0.43375
74,NEH1.2021,-96.5965444,40.8604235,200,2021-07-19,74,23.86,30.25,17.26,15.95,31.8,24.44,19.86,10.74,1.31,0.03,0,3.93,11.68,64.83,0.49,0.47,0,1.43,-3.93,1.32455732,14.754,40.401,7.253,71.66966362,70.802,8.80333815794868,14.5526823402944,40.4014420456696,1.32455732031383,0.176943674611983,11.0828866064835,-11.0828866064835,15.755,0.716136363636364,12.99,232.44927,0.936464614408124,0.450125733
75,NEH1.2021,-96.5965444,40.8604235,201,2021-07-20,75,25.19,31.21,19.4,17.27,32.89,23.47,18.02,10.39,1.26,0.03,0,3.1,12.73,63.73,0.48,0.46,0,1.09,-3.1,1.428526128,14.728,40.298,6.586,73.48356113,72.6072,8.46012146590936,14.5261892141016,40.2984356937148,1.42852612790024,0.191836985640122,10.7413296771258,-10.7413296771258,17.305,0.786590909090909,11.81,254.86804,0.85108350187807,0.412465264
76,NEH1.2021,-96.5965444,40.8604235,202,2021-07-21,76,25.04,30.74,19.49,16.46,32.43,21.74,12.29,9.63,1.19,0.03,0,2.1,12.1,61.42,0.48,0.46,0,2.56,-2.1,1.473543066,14.702,40.192,4.496,73.02511232,72.1656,7.84251859980745,14.4989483716608,40.1920803359836,1.47354306635998,0.18995643969731,9.93877608947515,-9.93877608947515,17.115,0.777954545454545,11.25,251.62473,0.859012562080047,0.384584665
77,NEH1.2021,-96.5965444,40.8604235,203,2021-07-22,77,26.55,33.65,19.99,16.51,33.27,25.13,21.45,11.25,1.39,0.03,0,2.58,12.16,57.25,0.47,0.45,0,3.61,-2.58,1.898220853,14.675,40.082,7.853,74.66662625,73.6936,9.07270373605088,14.4709757941459,40.0823869363088,1.89822085344431,0.207400573324171,11.5965512815874,-11.5965512815874,18.82,0.855454545454546,13.66,276.1835,0.779755579171095,0.423728814
78,NEH1.2021,-96.5965444,40.8604235,204,2021-07-23,78,28.56,36.32,20.66,17.94,34.3,27.41,29.79,12.6,1.6,0.04,0,2.5,13.35,56.21,0.47,0.44,0,3.77,-2.5,2.184533408,14.648,39.969,10.918,77.28861024,76.2184,9.90416244347294,14.4422875943879,39.9693669425885,2.1845334083586,0.225773619835935,12.7549251147429,-12.7549251147429,20.49,0.931363636363636,15.66,300.13752,0.714885309907272,0.441176471
79,NEH1.2021,-96.5965444,40.8604235,205,2021-07-24,79,28.92,34.35,23.23,19.67,36.72,19.47,12.58,9.29,1.23,0.03,0.29,1.6,14.91,59.6,0.46,0.44,0,2.03,-1.31,1.845279665,14.619,39.853,4.615,78.2663568,77.2012,7.04135034430151,14.4128999895571,39.8530323127266,1.84527966453145,0.229214809147028,9.07305316912553,-8.78305316912553,20.79,0.945,11.12,303.92901,0.703174603174603,0.321230982
80,NEH1.2021,-96.5965444,40.8604235,206,2021-07-25,80,26.43,32.64,20.87,16.21,34.84,11.87,3.02,5.7,0.75,0.02,0.1,1.08,11.99,56.52,0.46,0.44,0,1.25,-0.98,1.855457018,14.59,39.733,1.109,74.41479364,73.4656,4.29674285727509,14.3828292746295,39.7333955418785,1.85545701810516,0.206711685112904,5.47569147370427,-5.37569147370427,18.755,0.8525,11.77,273.63545,0.777925886430285,0.215664018
81,NEH1.2021,-96.5965444,40.8604235,207,2021-07-26,81,26.9,35.29,19.55,16.46,32.83,26.91,28.01,12.16,1.53,0.04,0.63,1.58,12.22,58.18,0.46,0.44,0,2.37,-0.95,2.121209779,14.56,39.61,10.296,75.2631758,74.0256,9.75032089400965,14.3520917967055,39.6104696909642,2.12120977909674,0.213851224602209,12.4564122632316,-11.8264122632316,19.42,0.882727272727273,15.74,282.7552,0.749742533470649,0.45204461
82,NEH1.2021,-96.5965444,40.8604235,208,2021-07-27,82,29.57,37.6,21.88,20.29,34.58,26.84,28.7,12.27,1.55,0.04,0,1.44,15.51,61.1,0.46,0.43,0,2.42,-1.44,2.173069949,14.53,39.484,10.562,79.4009973,78.0744,9.73470470400921,14.3207039302354,39.4842684164027,2.17306994883732,0.24040383193313,12.5621663755821,-12.5621663755821,21.74,0.988181818181818,15.72,315.8822,0.668353265869365,0.414947582
83,NEH1.2021,-96.5965444,40.8604235,209,2021-07-28,83,30.89,37.42,23.84,20.59,35.48,27.18,29.76,12.53,1.61,0.04,0.01,1.18,15.75,56.9,0.46,0.43,0,3.06,-1.17,2.26245396,14.499,39.355,10.964,80.5848459,79.5024,9.86833420538546,14.2886820532056,39.3548060010154,2.26245396013035,0.251298386719628,12.7708851608764,-12.7608851608764,22.63,1,13.58,328.11237,0.640698188245692,0.405632891
84,NEH1.2021,-96.5965444,40.8604235,210,2021-07-29,84,30.89,38.13,25.2,20.08,36.76,23.29,19.85,10.88,1.4,0.03,0.22,1.03,15.24,54.97,0.45,0.42,0,3.1,-0.81,2.588619241,14.468,39.222,7.322,80.27062067,79.3188,8.46520845440046,14.2560425243266,39.2220973860331,2.58861924105519,0.264485438115429,10.9902480618981,-10.7702480618981,23.665,1,12.93,342.38522,0.611366997675893,0.352217546
85,NEH1.2021,-96.5965444,40.8604235,211,2021-07-30,85,28.76,36.16,21.75,20.34,36.35,22.72,17.59,10.71,1.4,0.03,4.8,0.78,15.55,63.33,0.45,0.44,0,2.31,4.02,1.910617805,14.436,39.086,6.497,78.57098092,77.2824,8.26742940700732,14.2228016612614,39.0861582041414,1.91061780533473,0.23112616054407,10.5957535678369,-5.79575356783691,20.955,0.9525,14.41,302.50638,0.68890479599141,0.372392211
86,NEH1.2021,-96.5965444,40.8604235,212,2021-07-31,86,23.74,29.56,19.44,17.72,35.39,13.82,4.36,6.73,0.89,0.02,11.26,1.7,13.25,72.01,0.48,0.52,0,3.19,9.56,1.169826275,14.403,38.947,1.612,72.15619226,71.3192,5.03483247013346,14.1889757199253,38.9470048134828,1.16982627549634,0.183975528900681,6.29536803055086,4.96463196944914,16.5,0.75,10.12,237.6495,0.872909090909091,0.283487784
87,NEH1.2021,-96.5965444,40.8604235,213,2021-08-01,87,22.35,28.88,16.54,10.36,30.28,26.61,27.8,11.72,1.46,0.03,0,2.11,8.12,49.73,0.47,0.45,0,3.01,-2.11,1.672014185,14.37,38.805,10.295,68.29561845,67.2796,9.70639742987639,14.1545808748797,38.8046543325339,1.67201418475398,0.167463116799537,11.9869194480043,-11.9869194480043,14.71,0.668636363636364,12.34,211.3827,0.976886471787899,0.524384787
88,NEH1.2021,-96.5965444,40.8604235,214,2021-08-02,88,21.96,29.24,14.37,11.15,30.74,24.13,18.86,10.72,1.33,0.03,0,1.68,8.54,53.27,0.47,0.45,0,1.52,-1.68,1.52357265,14.336,38.659,6.994,68.05110108,67.174,8.81310045154388,14.1196332008404,38.6591246757653,1.52357264962265,0.159602646530043,10.8039193982422,-10.8039193982422,13.805,0.6275,14.87,197.90848,1.0384643245201,0.488160291
89,NEH1.2021,-96.5965444,40.8604235,215,2021-08-03,89,22.53,30.05,14.89,12.41,31.51,23.23,16.43,10.33,1.28,0.03,0,1.37,9.3,56.72,0.46,0.44,0,1.86,-1.37,1.533291834,14.302,38.51,6.102,69.08956584,68.1976,8.49574347176952,14.0841486553113,38.5104345899861,1.53329183433651,0.165347403022688,10.4477994196125,-10.4477994196125,14.47,0.657727272727273,15.16,206.94994,0.988389771941949,0.458499778
90,NEH1.2021,-96.5965444,40.8604235,216,2021-08-04,90,23.47,31.07,17.19,14.93,33.29,22.57,15.68,10.21,1.27,0.03,1.21,0.75,10.99,61.14,0.46,0.45,0,4.08,0.46,1.538129304,14.267,38.359,5.832,70.77374242,70.0448,8.26585324818408,14.0481430623519,38.3586036912691,1.53812930438748,0.180454320875361,10.2584198939968,-9.04841989399682,16.13,0.733181818181818,13.88,230.12671,0.884500929944203,0.435023434
91,NEH1.2021,-96.5965444,40.8604235,217,2021-08-05,91,26.37,34.3,20.32,16.96,33.92,21.01,13.25,9.57,1.18,0.03,0.47,1.04,12.61,60.27,0.46,0.44,0,1.69,-0.57,1.963993276,14.232,38.204,4.936,74.77535701,73.6756,7.70566087496406,14.0116320974803,38.2036525023473,1.96399327585274,0.21265614196711,9.71991292019184,-9.24991292019184,19.31,0.877727272727273,13.98,274.81992,0.737027446918695,0.3629124
92,NEH1.2021,-96.5965444,40.8604235,218,2021-08-06,92,27.65,35.99,20.38,15.83,34.61,21.59,14.37,9.54,1.13,0.02,0.21,1.09,11.74,51.95,0.46,0.43,0,3.03,-0.88,2.367082258,14.196,38.046,5.362,75.48818325,74.5488,7.93028022820182,13.9746312737092,38.0456024903667,2.36708225760255,0.222319661072055,10.0318785653726,-9.82187856537257,20.185,0.9175,15.61,286.54626,0.70329452563785,0.345027125
93,NEH1.2021,-96.5965444,40.8604235,219,2021-08-07,93,28.51,35.37,23.89,19.96,36.5,12.27,3.45,5.98,0.78,0.02,7.93,0.77,15.29,62.06,0.46,0.47,0,3.86,7.16,2.018917938,14.16,37.884,1.29,78.03489294,76.8956,4.51395718847611,13.9371559287084,37.8844761048751,2.01891793842678,0.239085258173085,5.74000319187324,2.18999680812676,21.63,0.983181818181818,11.48,306.2808,0.654646324549237,0.209750965
94,NEH1.2021,-96.5965444,40.8604235,220,2021-08-08,94,26.12,31.84,21.99,19.91,34.97,19.14,8.96,8.39,0.96,0.02,14.64,3.81,15.32,71.78,0.49,0.55,0,2.53,10.83,1.351806907,14.123,37.72,3.355,75.75410664,74.4876,7.05273066425325,13.899221213083,37.720296815925,1.35180690720667,0.208410882673811,8.83677580438218,5.80322419561782,18.915,0.859772727272727,9.85,267.136545,0.746656093047846,0.321209801
95,NEH1.2021,-96.5965444,40.8604235,221,2021-08-09,95,28.33,37.41,20.08,16.97,33.81,24.03,22.14,10.85,1.33,0.03,0.02,4.26,12.67,53.72,0.48,0.46,0,2.6,-4.24,2.448966851,14.086,37.553,8.305,76.63202724,75.6392,8.86947099949201,13.8608420797516,37.5530891521612,2.44896685081933,0.228695840909883,11.1956449181082,-11.1756449181082,20.745,0.942954545454545,17.33,292.21407,0.679006989636057,0.382986234
96,NEH1.2021,-96.5965444,40.8604235,222,2021-08-10,96,28.1,34.92,22.17,18.24,35.92,19.98,12.21,9.21,1.13,0.03,0.04,2.74,13.72,57.87,0.47,0.45,0,1.33,-2.7,2.039250474,14.049,37.383,4.589,76.8844453,75.8664,7.38745206736383,13.8220332744092,37.3828787387643,2.03925047395781,0.226401235737615,9.29990526623859,-9.25990526623859,20.545,0.933863636363636,12.75,288.636705,0.68381601362862,0.327758007
97,NEH1.2021,-96.5965444,40.8604235,223,2021-08-11,97,28.37,35.18,22.72,18.2,34.93,23.98,22.92,10.91,1.35,0.03,0,2.15,13.78,57.62,0.47,0.44,0,2.54,-2.15,2.130377462,14.011,37.21,8.63,77.22336606,76.122,8.88241065489186,13.7828093270511,37.2096923351164,2.13037746238246,0.231068044853278,11.183109108713,-11.183109108713,20.95,0.952272727272727,12.46,293.53045,0.668782816229117,0.384561156
98,NEH1.2021,-96.5965444,40.8604235,224,2021-08-12,98,27.24,35.44,20.52,16.2,35.24,21.16,16.86,9.98,1.29,0.03,0.43,1.59,12.15,53.74,0.46,0.44,0,2.59,-1.16,2.246024852,13.973,37.034,6.361,75.17196824,74.272,7.85249383726781,13.7431845445372,37.0335578720544,2.24602485242635,0.220023181125083,9.82222072443867,-9.39222072443867,19.98,0.908181818181818,14.92,279.18054,0.699349349349349,0.366372981
99,NEH1.2021,-96.5965444,40.8604235,225,2021-08-13,99,23.66,32.33,16.97,11.36,33.27,22.51,18.13,10.68,1.41,0.04,1.02,1.04,8.7,49.8,0.46,0.44,0,1.52,-0.02,2.044579663,13.935,36.855,6.855,70.0080532,68.9496,8.36962614487117,13.7031730041691,36.8545044885746,2.04457966323013,0.185419449760054,10.2629912450635,-9.24299124506351,16.65,0.756818181818182,15.36,232.01775,0.836936936936937,0.451394759
100,NEH1.2021,-96.5965444,40.8604235,226,2021-08-14,100,24.36,32.61,16.27,8.45,31.2,25.72,32.4,11.9,1.55,0.04,0,1.14,7.15,40.28,0.46,0.43,0,1.99,-1.14,2.279346672,13.896,36.673,12.277,69.98564592,68.602,9.58228432526076,13.662788548253,36.6725625678513,2.2793466717329,0.183400620007932,11.7119446114227,-11.7119446114227,16.44,0.747272727272727,16.34,228.45024,0.845255474452555,0.488505747
101,NEH1.2021,-96.5965444,40.8604235,227,2021-08-15,101,24.65,32.76,16.42,14.45,32.11,24.23,25.09,11.34,1.49,0.03,0.18,0.74,10.67,55.88,0.45,0.43,0,2.76,-0.56,1.769286378,13.857,36.488,9.528,71.9123358,71.052,9.04583100977983,13.6220447796201,36.4877637724329,1.7692863783264,0.184840739663749,11.0432804626039,-10.8632804626039,16.59,0.754090909090909,16.34,229.88763,0.835262206148282,0.460040568
102,NEH1.2021,-96.5965444,40.8604235,228,2021-08-16,102,26.26,33.7,18.87,17.32,32.25,25.36,31.47,11.75,1.52,0.03,0.01,0.64,12.85,60.75,0.45,0.43,0,2.93,-0.63,1.727910655,13.817,36.3,11.979,74.6767705,73.6952,9.48792511654779,13.5809550580722,36.3001410784771,1.72791065488753,0.20178753285164,11.6694634335046,-11.6594634335046,18.285,0.831136363636364,14.83,252.643845,0.755646704949412,0.447448591
103,NEH1.2021,-96.5965444,40.8604235,229,2021-08-17,103,27.28,34.48,20.47,17.53,32.74,23.95,24.6,11.01,1.41,0.03,0,0.58,13.12,60.26,0.45,0.42,0,3.39,-0.58,1.931291511,13.777,36.11,9.386,76.05415872,74.7908,8.98017830697756,13.5395324977218,36.1097288088899,1.93129151109562,0.214450879878064,11.0893408005189,-11.0893408005189,19.475,0.885227272727273,14.01,268.307075,0.707419768934532,0.403592375
104,NEH1.2021,-96.5965444,40.8604235,230,2021-08-18,104,27.16,33.79,20.83,18.53,33.43,23.39,24.11,10.72,1.35,0.03,0,0.44,13.89,62.77,0.45,0.42,0,3.4,-0.44,1.725427651,13.737,35.917,9.221,76.20133868,75.0308,8.79018714091688,13.4977899651937,35.9165626652345,1.72542765116813,0.21265614196711,10.8209787340927,-10.8209787340927,19.31,0.877727272727273,12.96,265.26147,0.711393060590368,0.394698085
105,NEH1.2021,-96.5965444,40.8604235,231,2021-08-19,105,26.66,31.96,21.35,20.59,35.38,19.36,16.14,9.2,1.2,0.03,7.76,0.34,15.79,71.33,0.45,0.47,0,3.5,7.42,1.217410454,13.697,35.721,6.189,76.52082222,75.2724,7.29278193152014,13.455740078655,35.7206797582743,1.21741045372969,0.205655615733715,8.92616105071527,-1.16616105071527,18.655,0.847954545454546,10.61,255.517535,0.734226748860895,0.345086272
106,NEH1.2021,-96.5965444,40.8604235,232,2021-08-20,106,26.3,33.06,19.69,20.9,36.53,16.64,12.85,8.05,1.08,0.03,4.2,0.64,16.39,74.2,0.46,0.47,0,4.18,3.56,1.198633773,13.656,35.522,4.94,76.311854,75.024,6.28337792956104,13.4133952076394,35.5221186370231,1.19863377258632,0.20272273681511,7.66064223050529,-3.46064223050529,18.375,0.835227272727273,13.37,250.929,0.743183673469388,0.30608365
107,NEH1.2021,-96.5965444,40.8604235,233,2021-08-21,107,21.88,28.47,16.43,10.79,30.61,25.05,33.83,11.45,1.48,0.04,0.02,0.83,8.42,52.43,0.46,0.44,0,3.11,-0.81,1.582168743,13.615,35.321,13.04,67.88227716,66.9644,9.48270123482137,13.3707674736323,35.3209193161719,1.58216874294417,0.165172116878677,11.2648569455541,-11.2448569455541,14.45,0.656818181818182,12.04,196.73675,0.942214532871972,0.523308958
108,NEH1.2021,-96.5965444,40.8604235,234,2021-08-22,108,24.74,32.6,15.07,15.98,33.07,24.6,31.76,11.55,1.49,0.03,0.05,0.71,12.19,60.2,0.45,0.43,0,3.92,-0.66,1.499699764,13.574,35.117,12.276,72.4753452,71.6928,9.33634479301066,13.3278687513822,35.1171233017708,1.49969976396086,0.177687738729169,11.1609522366933,-11.1109522366933,15.835,0.719772727272727,17.53,214.94429,0.857215029996842,0.466855295
109,NEH1.2021,-96.5965444,40.8604235,235,2021-08-23,109,29.89,36.77,23.47,20.11,35.79,21.58,22.45,10.29,1.36,0.03,0.03,0.7,15.42,59.25,0.45,0.43,0,2.82,-0.67,2.189144047,13.533,34.911,8.703,79.57087675,78.3296,8.21190786086148,13.284710670905,34.9107736150433,2.18914404724384,0.245005942173342,10.1173012992743,-10.0873012992743,22.12,1,13.3,299.34996,0.611799276672694,0.344262295
110,NEH1.2021,-96.5965444,40.8604235,236,2021-08-24,110,30.53,37.92,23.97,20.23,35.35,24.44,33.56,11.56,1.49,0.04,3.25,0.64,15.54,56.29,0.45,0.44,0,2.98,2.61,2.41549125,13.491,34.702,13.047,79.99331363,79.0128,9.32563769604462,13.2413046201477,34.7019148142189,2.41549124980784,0.255252149291363,11.4987792822658,-8.24877928226582,22.945,1,13.95,309.550995,0.587971235563304,0.378643957
111,NEH1.2021,-96.5965444,40.8604235,237,2021-08-25,111,28.71,35.13,23.43,20.05,36.01,21.41,24.05,10.24,1.34,0.03,4.56,1.06,15.3,62.99,0.46,0.47,0,1.91,3.5,1.927682572,13.449,34.491,9.378,78.45111471,77.128,8.19243490286459,13.1976617482773,34.4905930142717,1.92768257220739,0.234930093325401,9.99984802154162,-5.43984802154162,21.28,0.967272727272727,11.7,286.19472,0.632001879699248,0.35667015
112,NEH1.2021,-96.5965444,40.8604235,238,2021-08-26,112,30.25,38.35,23.25,19.94,35.23,22.49,24.58,10.62,1.37,0.03,1.32,1.01,15.22,58.95,0.45,0.44,0,3.24,0.31,2.471991644,13.407,34.277,9.614,80.02670125,78.6284,8.63056998897618,13.1537929695639,34.2768559044598,2.47199164438752,0.25342573685494,10.5748613318617,-9.2548613318617,22.8,1,15.1,305.6796,0.588026315789474,0.35107438
113,NEH1.2021,-96.5965444,40.8604235,239,2021-08-27,113,30.02,37.45,24.11,19.04,35.38,21.98,23.94,10.44,1.37,0.03,1.22,0.74,14.39,54.57,0.45,0.43,0,4.57,0.48,2.514000361,13.365,34.061,9.394,79.03078486,78.0744,8.45992468554654,13.1097089678241,34.0607527635642,2.51400036101801,0.253174679643148,10.3341832410114,-9.11418324101144,22.78,1,13.34,304.4547,0.586698858647937,0.347768155
114,NEH1.2021,-96.5965444,40.8604235,240,2021-08-28,114,28.97,34.18,24.76,19.53,34.16,23.89,30.64,11.14,1.43,0.03,7.18,0.52,14.79,58.02,0.45,0.47,0,4.79,6.66,1.976613874,13.323,33.842,12.062,78.10915006,77.2008,9.22314885998238,13.065420201395,33.8423344727326,1.97661387417369,0.237178167973981,11.1678485744003,-3.98784857440033,21.47,0.975909090909091,9.42,286.04481,0.620540288775035,0.384535727
115,NEH1.2021,-96.5965444,40.8604235,241,2021-08-29,115,22.71,27,19.38,16.9,34.82,12.92,2.48,6.36,0.84,0.02,27.17,2.75,12.6,71.89,0.5,0.59,0,1.69,24.42,0.982169494,13.28,33.622,0.98,70.57778681,69.994,5.0036356697895,13.0209369086068,33.6216535258405,0.98216949434922,0.171763156865792,5.83811560855411,21.3318843914459,15.19,0.690454545454545,7.62,201.7232,0.874259381171824,0.28005284
116,NEH1.2021,-96.5965444,40.8604235,242,2021-08-30,116,22.08,27.09,18.42,19.08,34.41,20.51,19.17,9.57,1.22,0.03,28.22,1.94,14.5,83.34,0.53,0.64,0,1.34,26.28,0.643263656,13.237,33.399,7.598,70.48463728,70.1488,7.96865654146327,12.9762691137255,33.3987640372865,0.643263655790947,0.167862346188185,9.24179228398363,18.9782077160164,14.755,0.670681818181818,8.67,195.311935,0.897119620467638,0.433423913
117,NEH1.2021,-96.5965444,40.8604235,243,2021-08-31,117,22.74,27.52,17.99,19.91,33.95,19.62,15.96,9.12,1.15,0.03,3.83,4.36,15.25,84.73,0.54,0.58,0,2.8,-0.53,0.543824195,13.194,33.174,6.348,71.67793598,71.1076,7.64805928258187,12.9314266333363,33.1737217471474,0.543824195381254,0.167862346188185,8.84075887916913,-5.01075887916913,14.755,0.670681818181818,9.53,194.67747,0.894205354117249,0.401055409
118,NEH1.2021,-96.5965444,40.8604235,244,2021-09-01,118,21.28,27.14,16.04,16.76,33.04,18,13.8,8.16,0.99,0.02,0.08,4.74,12.4,77.17,0.53,0.54,0,3.28,-4.66,0.800353457,13.151,32.947,5.508,68.75904824,68.5136,7.04035184133731,12.886419083139,32.9465840236249,0.80035345739808,0.157781778987199,8.04730033246024,-7.96730033246024,13.59,0.617727272727273,11.1,178.72209,0.967696835908756,0.383458647
119,NEH1.2021,-96.5965444,40.8604235,245,2021-09-02,119,22.75,27.3,18.72,19.23,35.08,5.76,0.55,2.99,0.39,0.01,20.3,2.15,14.67,81.23,0.52,0.6,0,4.2,18.15,0.664793199,13.108,32.717,0.22,71.40663675,70.8728,2.26074234509081,12.84125588513,32.7174098627227,0.664793198638334,0.170139852492897,2.59974944942291,17.7002505505771,15.01,0.682272727272727,8.58,196.75108,0.873284477015323,0.131428571
120,NEH1.2021,-96.5965444,40.8604235,246,2021-09-03,120,21.6,26.14,17.16,18.48,35.85,11.32,4.31,5.44,0.71,0.02,1.26,4.92,13.89,83.61,0.54,0.58,0,2.53,-3.66,0.546283061,13.064,32.486,1.733,69.7189324,69.4528,4.45881158209471,12.7959462751438,32.486259885101,0.546283061021971,0.158288153438034,5.0629689337448,-3.8029689337448,13.65,0.620454545454545,8.98,178.3236,0.957069597069597,0.251851852
121,NEH1.2021,-96.5965444,40.8604235,247,2021-09-04,121,20.64,25.93,16.62,15.99,32.7,13.84,12.57,6.54,0.83,0.02,0.27,4.47,11.78,76.25,0.53,0.55,0,2.2,-4.2,0.80240351,13.021,32.253,5.075,67.69527,67.5964,5.47129991876195,12.750499310729,32.2531963300633,0.802403510163427,0.155145711013755,6.17380679736135,-5.90380679736135,13.275,0.603409090909091,9.31,172.853775,0.980866290018833,0.316860465
122,NEH1.2021,-96.5965444,40.8604235,248,2021-09-05,122,21.99,28.43,15.6,16.62,31.6,21.14,23.37,9.68,1.22,0.03,0.24,4.66,12.3,73.89,0.52,0.54,0,2.15,-4.42,0.932391064,12.977,32.018,9.472,69.63155689,69.1732,8.38839766698114,12.7049238793351,32.018283046636,0.932391064226215,0.161398273689706,9.47879164453943,-9.23879164453943,14.015,0.637045454545455,12.83,181.872655,0.925936496610774,0.440200091
123,NEH1.2021,-96.5965444,40.8604235,249,2021-09-06,123,24.27,31.95,17.02,17.91,32.37,22.11,29.27,10.15,1.27,0.03,0,5.33,13.36,70.86,0.51,0.52,0,2.48,-5.33,1.288391683,12.933,31.782,11.911,72.85146478,71.9176,8.80684655798889,12.6592287067867,31.7815854817129,1.28839168333946,0.183831659480059,10.070780083371,-10.070780083371,16.485,0.749318181818182,14.93,213.200505,0.784531392174704,0.418211784
124,NEH1.2021,-96.5965444,40.8604235,250,2021-09-07,124,21.91,27.48,15.61,13.55,30.91,20.2,22.09,8.94,1.07,0.02,0,3.67,10.39,63.12,0.5,0.5,0,3.85,-3.67,1.167678401,12.889,31.543,9.026,68.71223608,67.988,8.07753711564652,12.6134223660229,31.5431706652418,1.16767840131826,0.157402896969534,9.02802670604733,-9.02802670604733,13.545,0.615681818181818,11.87,174.581505,0.9515688445921,0.408032862
125,NEH1.2021,-96.5965444,40.8604235,251,2021-09-08,125,20.07,28.64,12.83,8.83,28.43,23.42,36.64,10.65,1.35,0.03,0,3.38,7.36,51.91,0.49,0.49,0,2.69,-3.38,1.567151381,12.845,31.303,15.035,65.44772363,64.4488,9.40261806441724,12.5675132860809,31.3031071924388,1.56715138054369,0.150713324150872,10.4068131487797,-10.4068131487797,12.735,0.578863636363636,15.81,163.581075,1.0086376128779,0.53064275
126,NEH1.2021,-96.5965444,40.8604235,252,2021-09-09,126,19.91,28.03,12.52,10.28,29.73,22.07,29.81,10.05,1.26,0.03,0,2.48,8.12,57.44,0.49,0.48,0,1.53,-2.48,1.367723607,12.801,31.061,12.285,65.53512096,64.8108,8.89686686141959,12.5215097613026,31.061465203027,1.36772360735499,0.147022496864461,9.77365537686204,-9.77365537686204,12.275,0.557954545454545,15.51,157.132275,1.04285132382892,0.504771472
127,NEH1.2021,-96.5965444,40.8604235,253,2021-09-10,127,23.06,31.11,15.04,17.07,33.07,17.58,15.06,7.77,0.91,0.02,0,1.96,12.73,71.67,0.49,0.48,0,0.94,-1.96,1.168892923,12.757,30.818,6.234,71.09162098,70.4052,7.1164784073789,12.475419960746,30.8183163574993,1.16889292337269,0.170724545766437,7.93796951979827,-7.93796951979827,15.075,0.685227272727273,16.07,192.311775,0.846235489220564,0.336947095
128,NEH1.2021,-96.5965444,40.8604235,254,2021-09-11,128,26.04,35.5,19.79,18.4,32.91,18.38,16.86,7.91,0.92,0.02,0,2.17,13.82,66.73,0.48,0.47,0,2.35,-2.17,1.927460537,12.713,30.574,7.011,75.05273708,73.864,7.47208869001698,12.4292519377812,30.5737338104186,1.92746053699349,0.216313303590183,8.51760046324427,-8.51760046324427,19.645,0.892954545454546,15.71,249.746885,0.647136675998982,0.303763441
129,NEH1.2021,-96.5965444,40.8604235,255,2021-09-12,129,22.08,26.52,19.19,17.37,35.17,10.61,5.39,4.99,0.62,0.01,0.11,0.86,12.89,75.8,0.48,0.47,0,2.29,-0.75,0.861206818,12.668,30.328,2.251,69.9146736,69.5332,4.33212460490735,12.3830136398538,30.3277921807742,0.861206817748932,0.168752399584003,4.7839746772427,-4.6739746772427,14.855,0.675227272727273,7.33,188.18314,0.852776842813867,0.225996377
130,NEH1.2021,-96.5965444,40.8604235,256,2021-09-13,130,23.65,31.35,17.3,17.25,33.66,17.79,13.91,8.08,0.99,0.02,0.14,1.37,12.85,70.9,0.48,0.47,0,1.39,-1.23,1.310197791,12.624,30.081,5.838,71.9179715,71.06,7.296076534348,12.3367129183984,30.0805675194195,1.31019779141936,0.182302943005278,8.09534614578251,-7.95534614578251,16.325,0.742045454545455,14.05,206.0868,0.773292496171516,0.341649049
131,NEH1.2021,-96.5965444,40.8604235,257,2021-09-14,131,20.44,26.47,16.36,14.27,32.83,11.91,5.04,5.7,0.77,0.02,0.05,0.95,10.56,69.91,0.48,0.46,0,2.51,-0.9,1.031381043,12.579,29.832,2.125,67.00597796,66.7772,4.90672716290822,12.2903575388854,29.8321372736295,1.03138104302136,0.156312664389058,5.31811539815494,-5.26811539815494,13.415,0.609772727272727,10.11,168.747285,0.937681699590011,0.278864971
132,NEH1.2021,-96.5965444,40.8604235,258,2021-09-15,132,21.33,29.26,13.11,12.86,30.39,21.05,29.82,9.64,1.21,0.03,0,1.3,9.62,62.88,0.48,0.46,0,3.01,-1.3,1.303268301,12.535,29.583,12.635,67.86364096,67.1596,8.71239947977575,12.2439551909848,29.5825802488185,1.30326830051023,0.154399421582053,9.38407530023498,-9.38407530023498,13.185,0.599318181818182,16.15,165.273975,0.950701554797118,0.451945617
1,TXH1.2020,-96.4279874,30.5382703,71,2020-03-11,1,21.28,28.13,14.96,17.21,31.99,17.82,15.18,8.32,1.09,0.03,0.01,3.3,12.22,79.18,0.6,0.59,0,2.58,-3.29,0.791104407,11.843,30.617,5.872,68.89506896,68.6756,6.8048415866871,11.6915958736147,30.6170593119192,0.791104407051355,0.157402896969534,7.96432850998829,-7.95432850998829,13.545,0.615681818181818,13.17,160.413435,0.874344776670358,0.390977444
2,TXH1.2020,-96.4279874,30.5382703,72,2020-03-12,2,22.07,29.42,16.89,16.97,32.66,19.65,18.35,9.07,1.18,0.03,0.09,3.43,12.1,76.08,0.59,0.58,0,3.1,-3.34,1.080014598,11.874,30.821,7.069,69.92020744,69.3792,7.47413191538103,11.7230805667607,30.8207743380595,1.08001459823971,0.171446495011088,8.87719312626559,-8.78719312626559,15.155,0.688863636363637,12.53,179.95047,0.783503794127351,0.410965111
3,TXH1.2020,-96.4279874,30.5382703,73,2020-03-13,3,21.96,27.93,17.83,18.3,33.15,14.34,6.11,6.76,0.89,0.02,1.52,1.96,13.13,81.89,0.59,0.58,0,2.51,-0.44,0.800019497,11.905,31.024,2.345,70.18054356,69.748,5.43328737219209,11.7546159032365,31.0237947131453,0.800019496568373,0.168975534220189,6.46685517174258,-4.94685517174258,14.88,0.676363636363636,10.1,177.1464,0.800067204301075,0.307832423
4,TXH1.2020,-96.4279874,30.5382703,74,2020-03-14,4,22.99,28.19,19.29,18.76,33.88,12.03,1.3,5.93,0.81,0.02,0.53,2.31,13.46,79.06,0.59,0.58,0,2.72,-1.78,0.864972004,11.936,31.226,0.497,71.61045506,70.9436,4.54069536466913,11.7861959613101,31.2260405130466,0.864972004050242,0.176804455532272,5.45477700726029,-4.92477700726029,15.74,0.715454545454546,8.9,187.87264,0.758322744599746,0.257938234
5,TXH1.2020,-96.4279874,30.5382703,75,2020-03-15,5,22.15,28.44,17.38,18.54,34.01,8.52,1.82,4.31,0.59,0.02,0.86,2.29,13.24,81.7,0.58,0.57,0,1.33,-1.43,0.79622716,11.967,31.427,0.693,70.4739845,70.0244,3.20381821546542,11.8178148670129,31.4274331111894,0.796227160364496,0.169243624425381,3.84297930392455,-2.98297930392455,14.91,0.677727272727273,11.06,178.42797,0.80261569416499,0.194582393
6,TXH1.2020,-96.4279874,30.5382703,76,2020-03-16,6,20.36,24.95,16.19,17.13,32.93,10.6,1.21,5.23,0.7,0.02,0.2,1.32,12.13,83.16,0.58,0.57,0,0.98,-1.12,0.545644591,11.998,31.628,0.459,67.66178224,67.7268,3.9713154162081,11.8494667881638,31.6278952414377,0.545644590777556,0.149380532271704,4.70447873417045,-4.50447873417045,12.57,0.571363636363636,8.76,150.81486,0.954494828957836,0.256876228
7,TXH1.2020,-96.4279874,30.5382703,77,2020-03-17,7,22.44,28.66,17.79,18.74,33.85,14.83,7.32,7.11,0.95,0.02,1.76,1.87,13.46,81.46,0.58,0.57,0,2.27,-0.11,0.820238492,12.029,31.827,2.767,70.92444776,70.3864,5.53603703277559,11.8811459283148,31.8273510588436,0.820238492435097,0.172080312063799,6.7026756915811,-4.9426756915811,15.225,0.692045454545455,10.87,183.141525,0.79008210180624,0.31684492
8,TXH1.2020,-96.4279874,30.5382703,78,2020-03-18,8,23.38,29.05,19.57,19.35,34.51,10.68,3.54,5.34,0.75,0.02,0.65,2.06,14,79.97,0.58,0.56,0,3.22,-1.41,0.901148656,12.06,32.026,1.333,72.31210614,71.546,3.97271868413305,11.9128465206289,32.0257261981493,0.901148655536064,0.182160176867027,4.85950066628105,-4.20950066628105,16.31,0.741363636363636,9.48,196.6986,0.739423666462293,0.228400342
9,TXH1.2020,-96.4279874,30.5382703,79,2020-03-19,9,23.47,28.02,20.57,19.79,34.9,9.56,3.88,4.79,0.67,0.02,2.47,1.49,14.42,81.21,0.57,0.56,0,3.26,0.98,0.795119665,12.091,32.223,1.456,72.56705713,71.7944,3.54374842358251,11.9445628217043,32.2229478299292,0.79511966497233,0.18201750498242,4.3494983632223,-1.8794983632223,16.295,0.740681818181818,7.45,197.022845,0.742006750536974,0.204090328
10,TXH1.2020,-96.4279874,30.5382703,80,2020-03-20,10,16.95,21.09,10.7,14.91,32.8,4.24,1.15,2.36,0.35,0.01,27.99,0.66,10.95,88.38,0.6,0.69,0,3.46,27.33,0.198279534,12.123,32.419,0.43,62.2217659,63.5176,1.56635159639699,11.9762891053538,32.4189447142685,0.198279534267796,0.115545567209859,1.80937681024834,26.1806231897517,7.895,0.358863636363636,10.39,95.711085,1.53552881570614,0.139233038
11,TXH1.2020,-96.4279874,30.5382703,81,2020-03-21,11,13.16,17.61,8.61,10.77,31.19,8.74,2.51,4.49,0.66,0.02,20.11,1.01,8.14,85.77,0.63,0.69,0,2.81,19.1,0.273250769,12.154,32.614,0.935,55.86894868,58.2372,3.21798083440356,12.0080196563544,32.6136472518766,0.273250768674908,0.0986698656180428,3.6243896726954,16.4856103273046,5.11,0.232272727272727,9,62.10694,2.37847358121331,0.34118541
12,TXH1.2020,-96.4279874,30.5382703,82,2020-03-22,12,19.2,26.23,13.13,17.49,34.57,8.48,1.61,4.42,0.65,0.02,3.29,2.97,12.66,90.48,0.65,0.69,0,1.53,0.32,0.460244775,12.185,32.807,0.598,66.1117984,66.6964,3.11205255950225,12.0397487641754,32.8069875325425,0.460244774566133,0.142362140425911,3.73839384798372,-0.448393847983715,11.68,0.530909090909091,13.1,142.3208,1.04323630136986,0.230208333
13,TXH1.2020,-96.4279874,30.5382703,83,2020-03-23,13,22.74,28.4,18.59,19.88,34.6,13.66,5.78,6.64,0.91,0.02,0.21,4.77,14.49,85.11,0.64,0.66,0,2.23,-4.56,0.684347443,12.216,32.999,2.14,71.70914386,71.0968,4.99702393364781,12.0714707166988,32.9988993808424,0.684347443087662,0.174543586852963,6.18441916048709,-5.97441916048709,15.495,0.704318181818182,9.81,189.28692,0.78838334946757,0.291996482
14,TXH1.2020,-96.4279874,30.5382703,84,2020-03-24,14,23.5,30.18,19.65,18.67,31.56,19.01,20.91,8.84,1.16,0.03,0,6.26,13.64,76.1,0.64,0.65,0,2.49,-6.26,1.134986664,12.247,33.189,7.716,72.157365,71.4212,6.93239448658378,12.1031797939424,33.1893183990208,1.13498666405793,0.187993717215398,8.68068078491013,-8.68068078491013,16.915,0.768863636363636,10.53,207.158005,0.72403192432752,0.376170213
15,TXH1.2020,-96.4279874,30.5382703,85,2020-03-25,15,22.46,30.25,14.74,16.82,31.54,22.23,27.27,10.23,1.36,0.03,0,6.53,12.06,73.38,0.63,0.63,0,1.57,-6.53,1.074877933,12.278,33.378,10.031,70.31559652,69.7152,8.08187114155719,12.1348702617969,33.3781820069664,1.07487793305426,0.165566731532861,9.99970234489103,-9.99970234489103,14.495,0.658863636363637,15.51,177.96961,0.847050707140393,0.455476402
16,TXH1.2020,-96.4279874,30.5382703,86,2020-03-26,16,23.07,30.64,16.68,19.23,32.64,19.07,16.57,8.88,1.19,0.03,0,5.74,13.99,79.69,0.62,0.62,0,2.88,-5.74,0.920904132,12.309,33.565,6.077,71.79166817,71.1928,6.91234559174204,12.1665363657894,33.5654294792185,0.92090413217597,0.176063512931305,8.6426415133966,-8.6426415133966,15.66,0.711818181818182,13.96,192.75894,0.786015325670498,0.384915475
17,TXH1.2020,-96.4279874,30.5382703,87,2020-03-27,17,23.87,31.28,17.94,19.39,33.07,20.72,15.18,9.56,1.26,0.03,0,5.63,14.17,77.51,0.61,0.6,0,3.25,-5.63,1.058995361,12.34,33.751,5.55,72.86739063,72.0504,7.48855191704572,12.198172324884,33.7510019789388,1.05899536123211,0.185033473664472,9.4446474931602,-9.4446474931602,16.61,0.755,13.34,204.9674,0.742925948223962,0.400502723
18,TXH1.2020,-96.4279874,30.5382703,88,2020-03-28,18,21.23,26,14.37,16.97,32.28,7.45,0.54,3.89,0.54,0.01,3.29,1.57,12.68,78.46,0.61,0.61,0,2.38,1.72,0.565350607,12.371,33.935,0.197,68.76700742,68.5392,2.68490427162897,12.2297723253315,33.9348425887977,0.565350607258374,0.14630939542699,3.29699101040942,-0.00699101040941619,12.185,0.553863636363636,11.63,150.740635,1.01526466967583,0.183231276
19,TXH1.2020,-96.4279874,30.5382703,89,2020-03-29,19,18.05,25.64,10.17,9.32,29.46,18.06,10.16,8.42,1.15,0.03,0.78,3.53,7.37,60.39,0.6,0.6,0,1.78,-2.75,1.093141237,12.401,34.117,3.693,63.07612105,62.6052,6.49061470582741,12.2613305145803,34.1168963387253,1.09314123714966,0.129195179676033,7.84778652187601,-7.06778652187601,9.905,0.450227272727273,15.47,122.831905,1.25199394245331,0.466481994
20,TXH1.2020,-96.4279874,30.5382703,90,2020-03-30,20,21.53,27.9,16.28,17.65,34.29,5.78,0.58,3.12,0.44,0.01,1.79,2.36,12.78,79.37,0.6,0.6,0,2.84,-0.57,0.785491177,12.432,34.297,0.21,69.30686739,69.084,2.07167952270902,12.2928409952598,34.2971102304907,0.785491177464341,0.162043690325101,2.59296677057831,-0.802966770578314,14.09,0.640454545454546,11.62,175.16688,0.882327892122073,0.144914073
21,TXH1.2020,-96.4279874,30.5382703,91,2020-03-31,21,17.98,22.15,12.44,13.42,30.14,21.62,21.85,9.86,1.34,0.04,0.03,3.05,9.76,77.01,0.6,0.59,0,2.89,-3.02,0.516553175,12.463,34.475,7.899,63.55930402,64.0112,7.72873010325495,12.3242978192489,34.4754332590739,0.516553175419334,0.12491545583659,9.34520899052821,-9.31520899052821,9.295,0.4225,9.71,115.843585,1.34082840236686,0.548387097
22,TXH1.2020,-96.4279874,30.5382703,92,2020-04-01,22,17.3,25.17,10.19,10.92,28,25.45,32.09,11.55,1.51,0.04,0,3.42,8.15,70.33,0.59,0.58,0,2.19,-3.42,0.916061104,12.494,34.652,11.57,62.3012291,62.4312,9.07463070271544,12.355694981842,34.6518164308089,0.91606110417444,0.127602351131007,11.0377167266443,-11.0377167266443,9.68,0.44,14.98,120.94192,1.29070247933884,0.667630058
23,TXH1.2020,-96.4279874,30.5382703,93,2020-04-02,23,19.32,25.02,14.54,16.49,33.49,8.34,0.57,4.33,0.62,0.02,2.68,1.1,11.77,84.69,0.59,0.58,0,2.72,1.58,0.537523848,12.524,34.826,0.205,66.03701692,66.4564,2.96638055269892,12.3870264160243,34.8262127782794,0.537523847586439,0.143136535586251,3.67951084794059,-0.999510847940592,11.78,0.535454545454546,10.48,147.53272,1.06315789473684,0.224120083
24,TXH1.2020,-96.4279874,30.5382703,94,2020-04-03,24,19.05,23.93,10.81,17.59,33.62,10.99,1.87,5.46,0.76,0.02,15.93,0.6,12.77,91.79,0.6,0.66,0,2.27,15.33,0.122433624,12.555,34.999,0.671,65.91566505,66.5824,3.89950030097676,12.4182859868707,34.998577371958,0.1224336239268,0.125435080053515,4.75354376963869,11.1764562303613,9.37,0.425909090909091,13.12,117.64035,1.33991462113127,0.286614173
25,TXH1.2020,-96.4279874,30.5382703,95,2020-04-04,25,10.33,12.82,8.04,8.64,30.04,4.55,1.33,2.46,0.37,0.01,16.03,0.4,6.98,89.3,0.63,0.71,0,3.16,15.63,0.15751892,12.585,35.169,0.476,51.0298431,54.6404,1.61065969320019,12.4494674860792,35.1688673285873,0.157518919641952,0.0844583941461008,1.82739063128368,14.2026093687163,2.43,0.110454545454545,4.78,30.58155,,0.238141336
26,TXH1.2020,-96.4279874,30.5382703,96,2020-04-05,26,16.66,23.76,9.87,13.85,32.19,12.25,1.28,6.13,0.87,0.02,0.27,3.79,10.04,84.5,0.64,0.66,0,1.61,-3.52,0.496127954,12.616,35.337,0.457,61.648023,62.846,4.32653410750307,12.4805646266549,35.3370418163088,0.496127954348708,0.121632896554959,5.27239252759218,-5.00239252759218,8.815,0.400681818181818,13.89,111.21004,1.43119682359614,0.367947179
27,TXH1.2020,-96.4279874,30.5382703,97,2020-04-06,27,21.1,27.16,14.3,18.74,34.18,13.23,3.65,6.57,0.91,0.02,0.2,4.51,13.64,86.83,0.63,0.64,0,1.26,-4.31,0.452452053,12.646,35.503,1.3,69.1122287,69.0464,4.66236080048045,12.5115710377549,35.503062056553,0.45245205342095,0.150672789298196,5.87861291361015,-5.67861291361015,12.73,0.578636363636364,12.86,160.98358,0.993401413982718,0.311374408
28,TXH1.2020,-96.4279874,30.5382703,98,2020-04-07,28,24.12,29.01,19.06,21.01,34.88,18.02,10.1,8.59,1.14,0.03,0.01,4.85,15.58,83.94,0.62,0.63,0,1.57,-4.84,0.618258891,12.676,35.667,3.59,73.87764472,72.8836,6.33684310289442,12.5424802597118,35.666891322711,0.618258891045796,0.179559450993198,8.18564663025077,-8.17564663025077,16.035,0.728863636363636,9.95,203.25966,0.79052073589024,0.356135987
29,TXH1.2020,-96.4279874,30.5382703,99,2020-04-08,29,25.31,31.52,20.39,21.45,34.95,18.55,12.02,8.81,1.17,0.03,0,6.16,16.05,80.88,0.61,0.62,0,2,-6.16,0.954707252,12.707,35.828,4.263,75.50128072,74.232,6.50974736399451,12.5732857392466,35.8284949356173,0.954707252428898,0.198389449096805,8.52051642930979,-8.52051642930979,17.955,0.816136363636364,11.13,228.154185,0.70771372876636,0.348083761
30,TXH1.2020,-96.4279874,30.5382703,100,2020-04-09,30,24.54,31.45,19.8,21.42,34.61,12.34,1.8,6.07,0.84,0.03,17.15,3.46,16.06,84.43,0.61,0.66,0,1.77,13.69,0.907309182,12.737,35.988,0.637,74.61584078,73.4512,4.32182432380671,12.6039808248882,35.9878402558772,0.907309181653079,0.195039659930026,5.65774617029849,11.4922538297015,17.625,0.801136363636364,11.65,224.489625,0.722666666666667,0.247351263
31,TXH1.2020,-96.4279874,30.5382703,101,2020-04-10,31,19.29,24.52,15.64,15.27,31.71,19.02,7.21,9.1,1.23,0.03,1.26,5.25,10.85,79.4,0.64,0.66,0,2.44,-3.99,0.692372015,12.767,36.145,2.547,65.7337974,65.9872,6.64849895238017,12.6345587626125,36.1448966730843,0.69237201465607,0.145481143868525,8.41062179015857,-7.15062179015857,12.08,0.549090909090909,8.88,154.22536,1.05687086092715,0.471747019
32,TXH1.2020,-96.4279874,30.5382703,102,2020-04-11,32,20.47,27.01,13.58,17.32,33.58,13.01,6.87,6.39,0.87,0.02,1.5,4.86,12.61,83.07,0.63,0.64,0,2.85,-3.36,0.584097437,12.796,36.3,2.422,67.83607471,67.9052,4.5392140287953,12.6650126917178,36.2996355919747,0.584097436907816,0.147181362462938,5.76231431360146,-4.26231431360146,12.295,0.558863636363637,13.43,157.32682,1.04074827165514,0.312164143
33,TXH1.2020,-96.4279874,30.5382703,103,2020-04-12,33,23.11,29.29,14.81,16.92,31.53,24.06,26.66,10.85,1.41,0.03,7.33,7.78,12.76,72.1,0.63,0.65,0,3.71,-0.45,0.950990152,12.826,36.452,9.381,71.2044869,70.4012,8.3794996338735,12.6953356409507,36.4520304155771,0.950990151812011,0.161699197401243,10.7906329178706,-3.46063291787059,14.05,0.638636363636364,14.48,180.2053,0.91288256227758,0.469493726
34,TXH1.2020,-96.4279874,30.5382703,104,2020-04-13,34,11.91,17.67,6.77,4.75,24.69,27.01,32.03,11.91,1.55,0.03,0,3.44,5.38,62.94,0.62,0.62,0,3.8,-3.44,0.646621757,12.856,36.602,11.25,54.36787246,54.82,9.39062834184793,12.7255205248994,36.6020565254205,0.64662175670792,0.0937403716933808,11.0880431232249,-11.0880431232249,4.835,0.191818181818182,10.9,62.15876,2.65894519131334,
35,TXH1.2020,-96.4279874,30.5382703,105,2020-04-14,35,12.05,18.31,6.67,6.66,26.1,23.32,23.78,10.62,1.4,0.04,0,3.15,6.05,71.99,0.61,0.62,0,3.31,-3.15,0.563247211,12.885,36.75,8.338,54.35397705,55.6476,8.09420847606792,12.7555601406699,36.7496912588696,0.563247211491982,0.0952131606466181,9.60316332879536,-9.60316332879536,5.155,0.204090909090909,11.64,66.422175,2.49951503394762,
36,TXH1.2020,-96.4279874,30.5382703,106,2020-04-15,36,12.42,19.43,5.73,6.31,24.83,27.5,34.45,12.26,1.59,0.04,0,3.72,5.91,69.48,0.61,0.61,0,1.89,-3.72,0.632015282,12.915,36.895,12.059,54.96768184,55.8916,9.52976332028662,12.7854471648606,36.894913883663,0.632015282465479,0.0957084483675575,11.3361567933364,-11.3361567933364,5.715,0.208181818181818,13.7,73.809225,2.25984251968504,
37,TXH1.2020,-96.4279874,30.5382703,107,2020-04-16,37,15.94,24.1,7.04,8.79,27.16,27.66,34.92,12.47,1.64,0.04,0,4.51,7.14,66.6,0.6,0.6,0,2.26,-4.51,0.871340892,12.944,37.038,12.204,60.1974796,60.3044,9.5704556089524,12.8151741508538,37.037705569737,0.871340892112653,0.113457925445896,11.766838791179,-11.766838791179,8.05,0.344090909090909,17.06,104.1992,1.60795031055901,0.782308657
38,TXH1.2020,-96.4279874,30.5382703,108,2020-04-17,38,18.22,24.7,12.66,16.01,32.76,8.73,1.06,4.54,0.65,0.02,0.92,1.2,11.48,87.59,0.6,0.6,0,2.22,-0.28,0.468732654,12.973,37.178,0.37,64.33213902,65.1836,3.01614865817086,12.844733526439,37.1780493584214,0.468732654226956,0.134811230049018,3.81814147084012,-2.89814147084012,10.68,0.485454545454545,12.04,138.55164,1.21470037453184,0.249176729
39,TXH1.2020,-96.4279874,30.5382703,109,2020-04-18,39,16.85,22.95,10.68,13.67,33.05,11.57,1.63,5.88,0.84,0.02,2.84,1.57,10.09,82.33,0.6,0.6,0,2.01,1.27,0.47829557,13.002,37.316,0.568,61.90918895,62.9712,3.99168773286973,12.8741175917849,37.3159301290998,0.478295570090864,0.121632896554959,4.97972094238706,-2.13972094238706,8.815,0.400681818181818,12.27,114.61263,1.47498581962564,0.348961424
40,TXH1.2020,-96.4279874,30.5382703,110,2020-04-19,40,22.39,29.69,16.69,18.45,33.62,15.22,12.52,7.21,0.93,0.02,3.91,3.54,13.59,80.14,0.6,0.61,0,2.29,0.37,0.910947348,13.031,37.451,4.356,70.73979254,70.232,5.24383203241927,12.9033185177781,37.4513345634333,0.91094734828067,0.171763156865793,6.8774086348447,-2.9674086348447,15.19,0.690454545454546,13,197.94089,0.857867017774852,0.322018758
41,TXH1.2020,-96.4279874,30.5382703,111,2020-04-20,41,21.41,29.12,13.83,16.37,32,20.75,18.7,9.56,1.28,0.03,0.1,5.14,11.69,75.36,0.6,0.58,0,1.04,-5.04,0.945559893,13.059,37.584,6.498,68.83885024,68.5032,7.13984728304699,12.9323283447443,37.5842511072486,0.94555989317298,0.156815053054201,9.26930069749581,-9.16930069749581,13.475,0.6125,15.29,175.970025,0.9691280148423,0.446520318
42,TXH1.2020,-96.4279874,30.5382703,112,2020-04-21,42,22.63,29.72,16.7,17.42,32.57,23.61,18.49,10.93,1.43,0.03,0.04,4,12.44,74.83,0.59,0.57,0,1.91,-3.96,1.048351084,13.088,37.715,6.416,70.69429871,70.1012,8.11388491325053,12.9611389815698,37.7146699301987,1.04835108391181,0.171944327958948,10.669929403731,-10.629929403731,15.21,0.691363636363636,13.02,199.06848,0.860486522024984,0.482987185
43,TXH1.2020,-96.4279874,30.5382703,113,2020-04-22,43,23.21,26.9,19.4,21.32,34.69,5.52,0.71,2.9,0.38,0.01,6.96,1.02,16.03,89.45,0.59,0.6,0,3.25,5.94,0.36233053,13.116,37.843,0.246,72.86248155,72.0852,1.89478020551679,12.9897422052383,37.8425828833054,0.362330529532835,0.171401297840592,2.49366614886407,4.46633385113593,15.15,0.688636363636364,7.5,198.7074,0.865742574257426,0.124946144
44,TXH1.2020,-96.4279874,30.5382703,114,2020-04-23,44,21.72,28.56,15.28,15.24,28.66,28.78,38.61,12.93,1.69,0.04,0.06,5.12,10.97,70.17,0.59,0.57,0,2.28,-5.06,1.088726777,13.144,37.968,13.366,68.94740476,68.4064,9.86783435804198,13.0181296608024,37.9679834545008,1.08872677744257,0.160583864039301,12.8960703789935,-12.8360703789935,13.92,0.632727272727273,13.28,182.96448,0.944252873563219,0.595303867
45,TXH1.2020,-96.4279874,30.5382703,115,2020-04-24,45,23.48,33.35,13.87,14.79,30.31,24,24.83,10.99,1.44,0.03,0.56,5.36,10.65,63.29,0.58,0.56,0,2.56,-4.8,1.674975872,13.172,38.091,8.586,70.98021708,70.0044,8.22010774829931,13.0462928618029,38.0908667222825,1.67497587172527,0.175601755030231,10.8735621243118,-10.3135621243118,15.61,0.709545454545455,19.48,205.61492,0.843818065342729,0.468057922
46,TXH1.2020,-96.4279874,30.5382703,116,2020-04-25,46,19.49,26.07,14.14,11.99,30.56,21.23,19.22,9.89,1.33,0.03,0.28,3.36,8.77,66.11,0.57,0.55,0,2.77,-3.08,1.092605383,13.199,38.211,6.639,65.38916061,65.0064,7.2639840009797,13.0742231911549,38.2112293076062,1.09260538263751,0.145677985940422,9.3896552276768,-9.1096552276768,12.105,0.550227272727273,11.93,159.773895,1.09037587773647,0.507439713
47,TXH1.2020,-96.4279874,30.5382703,117,2020-04-26,47,20.37,29.17,12.25,10.75,28.02,28.12,32.01,12.52,1.63,0.04,0.39,3.56,8.03,59.75,0.57,0.54,0,1.47,-3.17,1.444420382,13.227,38.329,11.046,66.30481425,65.44,9.61217606362947,13.1019119025132,38.3290693241377,1.44442038211674,0.150510742056034,12.4930048500297,-12.1030048500297,12.71,0.577727272727273,16.92,168.11517,1.04067663257278,0.614629357
48,TXH1.2020,-96.4279874,30.5382703,118,2020-04-27,48,22.32,31.54,13.05,15,30.52,27.35,29.65,12.42,1.61,0.04,0,3.18,10.63,67.7,0.56,0.52,0,3.4,-3.18,1.362230339,13.254,38.444,10.222,69.6576336,68.92,9.34044629523188,13.1293501221351,38.4443863269897,1.36223033912499,0.163818961084548,12.2864446302883,-12.2864446302883,14.295,0.649772727272727,18.49,189.46593,0.927177334732424,0.556451613
49,TXH1.2020,-96.4279874,30.5382703,119,2020-04-28,49,24.12,29.4,20.04,21.32,34.14,18.98,10.03,8.87,1.14,0.03,19.93,1.57,15.93,85.18,0.57,0.62,0,3.29,18.36,0.68530889,13.281,38.557,3.455,73.99642184,72.9952,6.47637896329711,13.1565288512522,38.5571812600725,0.685308890185942,0.186096540525051,8.65712011580529,11.2728798841947,16.72,0.76,9.36,222.05832,0.794318181818182,0.36774461
50,TXH1.2020,-96.4279874,30.5382703,120,2020-04-29,50,21.74,26.63,14.93,14.22,30.31,24.98,24.09,11.44,1.52,0.04,6.15,5.07,10.79,68.1,0.59,0.61,0,2.89,1.08,0.971572843,13.307,38.667,8.29,68.8279906,68.0592,8.51678222688011,13.1834389689665,38.6674564021843,0.971572843291195,0.151078552934972,11.1036488820362,-4.95364888203623,12.78,0.580909090909091,11.7,170.06346,1.04123630672926,0.526218951
51,TXH1.2020,-96.4279874,30.5382703,121,2020-04-30,51,19.91,27.92,11.26,10.86,27.53,29.54,38.98,13.23,1.73,0.04,0,5.03,8.09,60.46,0.59,0.56,0,1.36,-5.03,1.248377906,13.334,38.775,13.404,65.69853014,65.0196,10.063786910335,13.2100712356828,38.7752153119746,1.24837790600489,0.141668219280921,13.0135793497988,-13.0135793497988,11.59,0.526818181818182,16.66,154.54106,1.1504745470233,0.664490206
52,TXH1.2020,-96.4279874,30.5382703,122,2020-05-01,52,21.73,30.64,12.95,13.6,29.61,27.44,28.71,12.43,1.64,0.04,0,4.27,9.7,64.37,0.58,0.55,0,2.67,-4.27,1.389481667,13.36,38.88,9.865,68.54411499,67.826,9.34163940699144,13.2364162970889,38.880462771908,1.3894816671677,0.159517563154203,12.2850867648078,-12.2850867648078,13.795,0.627045454545455,17.69,184.3012,0.968466835810076,0.572020249
53,TXH1.2020,-96.4279874,30.5382703,123,2020-05-02,53,23.82,32.38,15.65,17.99,31.82,28.06,32.83,12.85,1.69,0.04,0,3.51,12.9,72.93,0.57,0.54,0,3.21,-3.51,1.255200811,13.386,38.983,11.273,72.36341674,71.4964,9.546284399379,13.2624646886949,38.9832047313599,1.2552008108689,0.17937153487821,12.7447971259411,-12.7447971259411,16.015,0.727954545454546,16.73,214.37679,0.835841398688729,0.539462636
54,TXH1.2020,-96.4279874,30.5382703,124,2020-05-03,54,25.35,33.38,19.37,18.16,33.27,28.45,34,12.98,1.7,0.04,0,3.37,13.04,68.61,0.56,0.52,0,3.25,-3.37,1.608598569,13.412,39.083,11.668,74.24097865,73.0876,9.67287948126899,13.2882068409401,39.0834482489747,1.60859856917228,0.20272273681511,13.0976725635743,-13.0976725635743,18.375,0.835227272727273,14.01,246.4455,0.729904761904762,0.512031558
55,TXH1.2020,-96.4279874,30.5382703,125,2020-05-04,55,26.24,34.52,19.5,19.18,33.73,27.28,30.17,12.4,1.63,0.04,0.04,2.98,13.93,69.65,0.55,0.51,0,3.23,-2.94,1.648803647,13.437,39.181,10.347,75.6878484,74.3448,9.26964710776822,13.3136330848761,39.1812014344161,1.64880364686796,0.209425327833546,12.6011651788543,-12.5611651788543,19.01,0.864090909090909,15.02,255.43737,0.706838506049448,0.472560976
56,TXH1.2020,-96.4279874,30.5382703,126,2020-05-05,56,25.07,31.86,20.29,19.6,35.27,12.45,5.88,6.23,0.88,0.02,0.89,1.81,14.45,73.61,0.55,0.51,0,2.54,-0.92,1.267891086,13.462,39.276,2.015,74.34995673,73.326,4.22816051736684,13.3387336584314,39.2764733896367,1.26789108561743,0.199619499307125,5.72237708678737,-4.83237708678738,18.075,0.821590909090909,11.57,243.32565,0.74478561549101,0.248504188
57,TXH1.2020,-96.4279874,30.5382703,127,2020-05-06,57,23.24,31.25,16.52,11.1,29.37,29.48,36.87,13.29,1.74,0.04,0.08,2.28,8.38,52.74,0.54,0.5,0,2.33,-2.2,1.896720773,13.487,39.369,12.631,69.71678824,68.436,10.0066854310817,13.3634987132641,39.3692741497961,1.89672077330098,0.178154117301945,13.3791086789575,-13.2991086789575,15.885,0.722045454545454,14.73,214.240995,0.849039974819012,0.571858864
58,TXH1.2020,-96.4279874,30.5382703,128,2020-05-07,58,23.82,31.89,14.74,14.21,32.75,22.42,21.36,10.47,1.41,0.04,0.01,1.79,10.15,58.43,0.54,0.5,0,3.51,-1.78,1.58058158,13.512,39.46,7.314,71.01755574,70.1356,7.60669184542941,13.3879183222033,39.4596146239514,1.58058158036409,0.172898123630263,10.1389021533557,-10.1289021533557,15.315,0.696136363636364,17.15,206.93628,0.882272282076396,0.439546599
59,TXH1.2020,-96.4279874,30.5382703,129,2020-05-08,59,23.51,29.82,16.27,16.59,34.17,17.07,7.77,8.08,1.06,0.03,0.06,0.86,12.17,66.63,0.53,0.5,0,4.38,-0.8,1.136679589,13.536,39.548,2.659,71.32307587,70.6824,5.78905122252291,13.411982487282,39.5475065356441,1.13667958874196,0.170454476994544,7.70620162146351,-7.64620162146351,15.045,0.683863636363637,13.55,203.64912,0.899700897308076,0.343683539
60,TXH1.2020,-96.4279874,30.5382703,130,2020-05-09,60,19.56,26.83,14.35,9.26,30.54,21.73,9.21,10.23,1.39,0.04,0,1.08,7.36,56.96,0.53,0.49,0,2.25,-1.08,1.414178292,13.559,39.633,3.151,65.02828224,64.0936,7.36652861514853,13.4356811483596,39.6329623635035,1.41417829193466,0.149541550034535,9.6456008755475,-9.6456008755475,12.59,0.572272727272727,12.48,170.70781,1.07696584590945,0.523006135
61,TXH1.2020,-96.4279874,30.5382703,131,2020-05-10,61,19.61,28.36,11.11,8.89,27.97,29.85,37.09,13.33,1.74,0.04,0,1.08,7.09,56.15,0.52,0.49,0,1.86,-1.08,1.451511843,13.583,39.716,12.685,65.05555485,64.0104,10.1156038590656,13.459004192331,39.7159952819851,1.45151184307173,0.142787617780351,13.1649108856246,-13.1649108856246,11.735,0.533409090909091,17.25,159.396505,1.15747763101832,0.679755227
62,TXH1.2020,-96.4279874,30.5382703,132,2020-05-11,62,22.18,29.82,14.14,12.19,31.24,26.85,25.97,12.3,1.63,0.04,0.02,0.92,8.88,57.15,0.52,0.48,0,2.17,-0.9,1.486038755,13.606,39.797,8.879,68.6424613,67.7684,9.09600203344548,13.4819414629167,39.7966191023592,1.48603875518159,0.16109782311353,12.0361830647543,-12.0161830647543,13.98,0.635454545454546,15.68,190.21188,0.973247496423462,0.554553652
63,TXH1.2020,-96.4279874,30.5382703,133,2020-05-12,63,22.01,25.49,18.97,18.3,34.31,6.75,0.59,3.53,0.5,0.01,27.5,0.3,13.12,80.43,0.53,0.58,0,2.81,27.2,0.624086839,13.629,39.875,0.202,70.15222657,69.798,2.28603399855154,13.5044827710254,39.8748482140591,0.624086838808883,0.1632543010063,3.03098105512554,24.4690189448745,14.23,0.646818181818182,6.52,193.94067,0.957765284609979,0.160381645
64,TXH1.2020,-96.4279874,30.5382703,134,2020-05-13,64,24.56,30.52,19.58,19.63,34.23,24.16,18.51,11.33,1.5,0.04,3.74,3.34,14.3,76.69,0.57,0.57,0,2.56,0.4,1.03943071,13.651,39.951,6.325,73.87364336,72.8268,8.18015976778467,13.526617905679,39.9506975264994,1.03943070953264,0.189316670504686,11.0409855804761,-7.30098558047609,17.05,0.775,10.94,232.74955,0.800645161290323,0.461319218
65,TXH1.2020,-96.4279874,30.5382703,135,2020-05-14,65,26.3,32.32,21.21,20.8,34.59,23.12,14.1,10.82,1.42,0.04,0.71,3.21,15.4,74.62,0.56,0.53,0,2.54,-2.5,1.22369389,13.673,40.024,4.817,76.3611494,74.988,7.82620716704372,13.5483366454875,40.0241824114649,1.22369389040638,0.206817542470226,10.6659342289807,-9.95593422898073,18.765,0.852954545454546,11.11,256.573845,0.728643751665334,0.411406844
66,TXH1.2020,-96.4279874,30.5382703,136,2020-05-15,66,25.01,29.86,20.28,21.77,34.94,18.56,6.68,8.78,1.15,0.03,13.46,1.23,16.4,83.66,0.56,0.58,0,1.94,12.23,0.687000218,13.695,40.095,2.282,75.30885234,74.0472,6.28133953008047,13.569628770656,40.0953186461724,0.687000217734334,0.189513328947156,8.48279421613135,4.97720578386866,17.07,0.775909090909091,9.58,233.77365,0.802284710017575,0.351059576
67,TXH1.2020,-96.4279874,30.5382703,137,2020-05-16,67,22.5,25.96,18.8,20.31,34.45,11.27,1.18,5.45,0.71,0.02,16.67,1.85,15.09,87.91,0.6,0.66,0,2.35,14.82,0.378269032,13.716,40.164,0.403,71.5358225,71.0116,3.81347198798911,13.5904840755066,40.1641223570978,0.378269032074296,0.164559850334772,5.06570085062966,11.6042991493703,14.38,0.653636363636364,7.16,197.23608,0.953824756606398,0.242222222
68,TXH1.2020,-96.4279874,30.5382703,138,2020-05-17,68,22.29,29.45,16.79,17.42,32.6,24.4,17.98,11.39,1.52,0.04,3.81,4.76,12.47,76.23,0.6,0.61,0,2.29,-0.95,1.021618772,13.737,40.231,6.139,70.27576033,69.7612,8.25505192191143,13.6108923814935,40.2306099646606,1.02161877156539,0.171130325889191,11.020611442624,-7.21061144262401,15.12,0.687272727272727,12.66,207.70344,0.908531746031746,0.510991476
69,TXH1.2020,-96.4279874,30.5382703,139,2020-05-18,69,25.87,32.99,18.63,18.6,32.26,28.9,35.21,13.34,1.76,0.04,0,7.02,13.44,67.3,0.59,0.57,0,1.13,-7.02,1.444053248,13.757,40.295,12.021,74.8672049,73.766,9.7762340775388,13.6308435506854,40.2947981288499,1.4440532484724,0.196911656226788,13.2639491011657,-13.2639491011657,17.81,0.809545454545455,14.36,245.01217,0.77243121841662,0.515655199
70,TXH1.2020,-96.4279874,30.5382703,140,2020-05-19,70,26.48,34.1,18.56,20.64,33.04,29.21,35.34,13.35,1.73,0.04,0,5.48,15.33,73.01,0.58,0.56,0,2.26,-5.48,1.310789207,13.777,40.357,12.064,76.44808752,75.1104,9.88004543856532,13.6503274996901,40.3567036958735,1.31078920677841,0.202254680008164,13.4443073811638,-13.4443073811638,18.33,0.833181818181818,15.54,252.53241,0.751609383524277,0.504154079
71,TXH1.2020,-96.4279874,30.5382703,141,2020-05-20,71,26.89,33.79,20.91,21.23,34.07,26.57,23.79,12.19,1.59,0.04,0,4.15,15.9,73.4,0.57,0.54,0,1.88,-4.15,1.342931941,13.796,40.416,8.121,77.1245874,75.7328,8.98632031753463,13.6693342139879,40.416343645905,1.34293194148956,0.213090066149027,12.294656230201,-12.294656230201,19.35,0.879545454545455,12.88,266.9526,0.71297157622739,0.453328375
72,TXH1.2020,-96.4279874,30.5382703,142,2020-05-21,72,25.92,31.44,20.62,20.69,35.15,17.74,7.18,8.45,1.12,0.03,0.1,2.37,15.37,75.12,0.57,0.54,0,2.43,-2.27,1.07787695,13.815,40.474,2.451,75.82943296,74.5684,5.99950870601198,13.6878537626433,40.4737350419987,1.07787694981431,0.19915748044517,8.1518097488978,-8.0518097488978,18.03,0.819545454545455,10.82,249.08445,0.766222961730449,0.326003086
73,TXH1.2020,-96.4279874,30.5382703,143,2020-05-22,73,26.79,31.72,22.26,22.09,35.14,23.67,17.59,11.12,1.46,0.04,0.46,2.12,16.69,77.15,0.56,0.53,0,2.84,-1.66,1.024586639,13.834,40.529,6.004,77.42925015,75.9424,8.00461232647344,13.7058763133573,40.5288949802388,1.02458663941861,0.209211416072992,10.9325014490709,-10.4725014490709,18.99,0.863181818181818,9.46,262.70766,0.728488678251711,0.415080254
74,TXH1.2020,-96.4279874,30.5382703,144,2020-05-23,74,26.94,31.62,23.08,21.84,34.82,24.89,18.59,11.68,1.51,0.04,0.88,1.88,16.47,76.15,0.56,0.53,0,2.66,-1,1.120047804,13.852,40.582,6.345,77.5416119,76.0024,8.41694772844582,13.7233921478202,40.5818405411812,1.12004780373909,0.213090066149027,11.5172748803049,-10.6372748803049,19.35,0.879545454545455,8.54,268.0362,0.715865633074935,0.43355605
75,TXH1.2020,-96.4279874,30.5382703,145,2020-05-24,75,25.17,28.47,22.44,23.03,35.3,12.44,4.52,6.2,0.87,0.02,20.98,0.9,17.68,88.57,0.57,0.62,0,2.48,20.08,0.485588055,13.869,40.633,1.543,76.09232831,74.6608,4.2067335051814,13.740391677326,40.6325887426436,0.485588055286773,0.193332680160711,5.69815453717662,15.2818454628234,17.455,0.793409090909091,6.03,242.083395,0.794557433400172,0.24632499
76,TXH1.2020,-96.4279874,30.5382703,146,2020-05-25,76,22.94,26.78,19.18,19.99,34.76,13.67,1.35,6.78,0.93,0.02,13.13,2.88,14.75,84.34,0.61,0.66,0,1.62,10.25,0.534034162,13.886,40.681,0.461,71.97490004,71.3364,4.62268939791074,13.7568654586004,40.6811564938931,0.534034162233451,0.169870564538194,6.16869813581016,6.96130186418984,14.98,0.680909090909091,7.6,208.01228,0.926969292389853,0.295553618
77,TXH1.2020,-96.4279874,30.5382703,147,2020-05-26,77,22.97,28.21,17.43,17.39,32.34,24.84,21.4,11.62,1.54,0.04,2.8,5.89,12.44,72.68,0.61,0.61,0,1.55,-3.09,0.922609103,13.903,40.728,7.305,71.04011004,70.4304,8.40012148875601,13.7728042097979,40.7275605512755,0.922609103272301,0.168440428919546,11.1976328739859,-8.39763287398591,14.82,0.673636363636364,10.78,206.04246,0.938124156545209,0.505877231
78,TXH1.2020,-96.4279874,30.5382703,148,2020-05-27,78,23.62,30.19,15.8,17.59,32.96,21.13,17.42,9.92,1.32,0.03,17.83,5.83,12.71,71.28,0.61,0.65,0,1.4,12,1.030945721,13.919,40.772,5.947,71.90713264,71.1524,7.14573593347272,13.7881988266174,40.7718174753256,1.03094572066889,0.170005163520262,9.53600613996057,8.29399386003943,14.995,0.681590909090909,14.39,208.715405,0.928242747582527,0.419983065
79,TXH1.2020,-96.4279874,30.5382703,149,2020-05-28,79,24.24,29.64,18.68,20.79,33.73,25,16.77,11.59,1.51,0.03,5.83,7.06,15.39,82.5,0.63,0.67,0,1.24,-1.23,0.699941546,13.934,40.814,5.725,73.93492,72.9244,8.45485585597209,13.8030403984841,40.8139435893941,0.699941546071573,0.180737691289097,11.3649576695953,-5.53495766959531,16.16,0.734545454545455,10.96,225.17344,0.862252475247525,0.478135314
80,TXH1.2020,-96.4279874,30.5382703,150,2020-05-29,80,24.13,29.94,19.03,18.58,32.32,26.82,21.37,12.41,1.65,0.04,0.01,8.31,13.33,73.11,0.62,0.62,0,2.5,-8.3,1.074489825,13.949,40.854,7.296,72.85559857,72.0188,9.07086055618321,13.8173202247461,40.8539549398189,1.07448982510805,0.183831659480059,12.2161158677526,-12.2061158677526,16.485,0.749318181818182,10.91,229.949265,0.846163178647255,0.514297555
81,TXH1.2020,-96.4279874,30.5382703,151,2020-05-30,81,24.82,31.04,17.46,18.92,32.34,25.82,19.51,11.86,1.58,0.04,0.02,6.57,13.7,71.94,0.6,0.59,0,1.42,-6.55,1.06240294,13.964,40.892,6.662,73.79373292,72.8312,8.73320819471732,13.8310298308272,40.8918672576679,1.0624029403728,0.181590054356507,11.7441065844092,-11.7241065844092,16.25,0.738636363636364,13.58,226.915,0.859323076923077,0.477840451
82,TXH1.2020,-96.4279874,30.5382703,152,2020-05-31,82,25.11,29.37,21.79,20.7,35.2,15.75,6.52,7.79,1.08,0.03,0.43,3.43,15.25,78.55,0.6,0.59,0,1.66,-3,0.909629322,13.977,40.928,2.227,74.93311595,73.762,5.32757905349975,13.8441609842821,40.9276959220729,0.909629322122027,0.194586582198851,7.21937365767854,-6.78937365767854,17.58,0.799090909090909,7.58,245.71566,0.795051194539249,0.310234966
83,TXH1.2020,-96.4279874,30.5382703,153,2020-06-01,83,24.77,28.27,21.29,20.64,35.23,20.59,7.9,9.97,1.33,0.04,0.15,2.9,15.17,79.45,0.59,0.58,0,1.37,-2.75,0.753143947,13.991,40.961,2.698,74.48531735,73.4004,6.96531810549837,13.8567057106932,40.9614559251719,0.753143947185793,0.186678561103798,9.39477263472143,-9.24477263472143,16.78,0.762727272727273,6.98,234.76898,0.833790226460071,0.402503028
84,TXH1.2020,-96.4279874,30.5382703,154,2020-06-02,84,26.79,33.14,20.7,20.49,34.9,24.97,21.09,11.7,1.52,0.04,0.01,5.82,15.04,71.42,0.59,0.56,0,1.65,-5.81,1.345465071,14.003,40.993,7.204,76.72892382,75.3664,8.44775890689684,13.8686563093517,40.9931618386728,1.34546507071546,0.208464171298643,11.5287377238664,-11.5187377238664,18.92,0.86,12.44,264.93676,0.740116279069767,0.436730123
85,TXH1.2020,-96.4279874,30.5382703,155,2020-06-03,85,26.79,33.1,20.64,21.14,35.12,25.11,23.47,11.89,1.58,0.04,1.43,4.69,15.71,74.08,0.58,0.55,0,1.32,-3.26,1.236972125,14.015,41.023,8.018,77.05403168,75.6004,8.49592662550733,13.8800053686617,41.0228277820471,1.23697212528925,0.207931800360598,11.5903528227251,-10.1603528227251,18.87,0.857727272727273,12.46,264.46305,0.742713301536831,0.443822322
86,TXH1.2020,-96.4279874,30.5382703,156,2020-06-04,86,28.12,34.56,22.01,21.97,35.13,28.25,31.19,13.27,1.74,0.05,0.49,4.39,16.56,72.56,0.57,0.54,0,1.69,-3.9,1.427312333,14.027,41.05,10.658,78.90095328,77.2292,9.55929598970106,13.8907457812089,41.050467392361,1.42731233306318,0.223447181336602,13.132845187122,-12.642845187122,20.285,0.922045454545455,12.55,284.537695,0.691496179442938,0.471906117
87,TXH1.2020,-96.4279874,30.5382703,157,2020-06-05,87,28.77,35.17,22.48,21.4,35.22,28.08,31.15,13.16,1.72,0.05,0.03,3.9,15.99,67.94,0.56,0.53,0,1.59,-3.87,1.650179018,14.037,41.076,10.645,79.23915462,77.674,9.50276462113839,13.9008707584318,41.0760937957446,1.65017901751908,0.229619134393139,13.0874830852807,-13.0574830852807,20.825,0.946590909090909,12.69,292.320525,0.674045618247299,0.457420925
88,TXH1.2020,-96.4279874,30.5382703,158,2020-06-06,88,29.27,36.33,22.07,21.23,36.11,26.97,27.65,12.59,1.64,0.04,0.77,3.37,15.84,65.19,0.55,0.52,0,1.84,-2.6,1.829904771,14.048,41.1,9.451,79.57683187,78.1128,9.12811051813736,13.9103738448378,41.0997195805018,1.82990477107956,0.233988900294814,12.5920936215441,-11.8220936215441,21.2,0.963636363636364,14.26,297.8176,0.662641509433962,0.430133242
89,TXH1.2020,-96.4279874,30.5382703,159,2020-06-07,89,29.42,36.2,23.13,21.15,36.54,27.7,29.41,13.09,1.72,0.05,0.01,2.92,15.85,64.79,0.55,0.51,0,2.02,-2.91,1.908977899,14.057,41.121,10.054,79.73583582,78.234,9.37622748070576,13.9192489317038,41.1213567718575,1.90897789859705,0.239504144562132,12.960319682489,-12.950319682489,21.665,0.984772727272727,13.07,304.544905,0.648834525732749,0.444935418
90,TXH1.2020,-96.4279874,30.5382703,160,2020-06-08,90,30.29,36.96,24.04,21.28,36.4,26.52,25.94,12.58,1.65,0.04,0.02,2.46,16,61.55,0.54,0.5,0,1.74,-2.44,2.095952508,14.066,41.141,8.869,80.49031005,79.1508,8.9778296848261,13.9274902702046,41.141016808338,2.09595250807735,0.249681708102084,12.4538395818344,-12.4338395818344,22.5,1,12.92,316.485,0.625155555555556,0.415318587
91,TXH1.2020,-96.4279874,30.5382703,161,2020-06-09,91,30.68,37.43,24.73,22.8,36.4,27.48,28.24,12.93,1.68,0.05,0.09,1.77,17.6,66.6,0.53,0.49,0,2.54,-1.68,1.994535634,14.074,41.159,9.656,81.8555512,80.088,9.30389549677146,13.9350924839117,41.1587105197793,1.99453563424833,0.256962505376663,12.9363703660321,-12.8463703660321,23.08,1,12.7,324.82792,0.609792027729636,0.421447197
92,TXH1.2020,-96.4279874,30.5382703,162,2020-06-10,92,26.49,34.77,18.74,10.13,30.74,31.49,40.03,14.16,1.87,0.05,0.01,1.76,7.84,39.86,0.53,0.48,0,2.77,-1.75,2.61801302,14.082,41.174,13.691,72.51024486,71.3368,10.6628064969556,13.9420505806099,41.1744481069553,2.61801301963418,0.206711685112904,14.5264974310823,-14.5164974310823,18.755,0.8525,16.03,264.10791,0.750839776059717,0.534541336
93,TXH1.2020,-96.4279874,30.5382703,163,2020-06-11,93,26.46,35.27,17.53,12.1,30.31,26.89,29.22,12.38,1.62,0.04,0,1.39,8.81,46.26,0.52,0.48,0,1.97,-1.39,2.443536515,14.089,41.188,9.995,73.23541204,72.016,9.10627420358523,13.9483599633775,41.1882391228185,2.44353651515512,0.202983161948965,12.3811468140681,-12.3811468140681,18.4,0.836363636363636,17.74,259.2376,0.76570652173913,0.467876039
94,TXH1.2020,-96.4279874,30.5382703,164,2020-06-12,94,26.69,35.3,18.27,14.33,31.43,30.69,38.9,13.99,1.83,0.05,0,1.07,10.14,51.52,0.52,0.47,0,2.06,-1.07,2.274700771,14.095,41.2,13.308,74.16472112,73.0488,10.3943641639857,13.9540164408834,41.2000924553425,2.27470077125733,0.207029393978965,14.1596840886077,-14.1596840886077,18.785,0.853863636363636,17.03,264.774575,0.750332712270429,0.524166354
95,TXH1.2020,-96.4279874,30.5382703,165,2020-06-13,95,27.37,35.93,19.64,13.99,32.06,29.19,33.9,13.4,1.77,0.05,0,0.89,10.04,49.7,0.51,0.47,0,2.23,-0.89,2.504798071,14.101,41.21,11.6,74.8294611,73.6064,9.88749145035987,13.9590162368511,41.2100163119587,2.50479807144697,0.217857254028383,13.5365902542757,-13.5365902542757,19.785,0.899318181818182,16.29,278.988285,0.712711650240081,0.489587139
96,TXH1.2020,-96.4279874,30.5382703,166,2020-06-14,96,28.08,36.24,19.64,16.13,33.55,28.66,30.97,13.15,1.72,0.04,0,0.7,11.44,52.68,0.51,0.46,0,1.46,-0.7,2.319661366,14.106,41.218,10.599,76.15617856,75.0868,9.70909811639537,13.9633559986502,41.2180182055766,2.31966136627018,0.219577419576357,13.301011074034,-13.301011074034,19.94,0.906363636363636,16.6,281.27364,0.707422266800401,0.468304843
97,TXH1.2020,-96.4279874,30.5382703,167,2020-06-15,97,29.01,37.16,21.67,18.41,35,27.1,26.27,12.61,1.65,0.04,0.06,0.52,13.21,57.36,0.5,0.46,0,1.76,-0.46,2.342582352,14.111,41.224,8.992,78.06935464,76.8376,9.18168119224621,13.967032804973,41.2241049421768,2.34258235155592,0.23652556101968,12.6652575688833,-12.6052575688833,21.415,0.973409090909091,15.49,302.187065,0.658930656082186,0.434677697
98,TXH1.2020,-96.4279874,30.5382703,168,2020-06-16,98,28.18,35.41,21.99,17.73,33.94,28.44,29.77,13.08,1.69,0.04,0.04,0.35,12.71,57.44,0.5,0.46,0,1.35,-0.31,2.167557928,14.114,41.228,10.191,76.93660608,75.7628,9.63678405007329,13.9700441725624,41.2282826099701,2.16755792837794,0.228177859622382,13.2474581051116,-13.2074581051116,20.7,0.940909090909091,13.42,292.1598,0.681835748792271,0.464158978
99,TXH1.2020,-96.4279874,30.5382703,169,2020-06-17,99,28.45,36.79,20.32,16.72,33.72,29.27,32.54,13.41,1.73,0.04,0,0.31,11.92,54.08,0.49,0.46,0,1.97,-0.31,2.390509803,14.117,41.231,11.141,76.8429624,75.6692,9.9191432906821,13.9723880619582,41.2305565701122,2.39050980262145,0.226515504986381,13.6246854259746,-13.6246854259746,20.555,0.934318181818182,16.47,290.174935,0.686791534906349,0.471353251
100,TXH1.2020,-96.4279874,30.5382703,170,2020-06-18,100,28.88,37.2,20.66,18.56,34.52,27.8,28.89,12.93,1.69,0.04,0,0.2,13.42,59,0.49,0.45,0,2.62,-0.2,2.251647777,14.12,41.231,9.894,78.124608,76.7616,9.42202697038311,13.9740628822365,41.2309314489658,2.25164777655158,0.230835704750063,12.9633604657017,-12.9633604657017,20.93,0.951363636363636,16.54,295.5316,0.674629718107979,0.447714681
101,TXH1.2020,-96.4279874,30.5382703,171,2020-06-19,101,28.72,35.64,22.71,19.81,35.74,27,26.38,12.7,1.67,0.04,1.37,0.13,14.46,62.04,0.49,0.46,0,2.59,1.24,1.981606957,14.121,41.229,9.035,78.33118912,77.0516,9.15188483168479,13.9750674947179,41.2294111319056,1.98160695745273,0.233695427311929,12.604647472454,-11.234647472454,21.175,0.9625,12.93,299.012175,0.666871310507674,0.442200557
102,TXH1.2020,-96.4279874,30.5382703,172,2020-06-20,102,28.43,34.36,22.75,21.89,35.77,24.92,20.52,11.87,1.58,0.04,2.98,0.11,16.42,70.34,0.49,0.48,0,2.16,2.87,1.470719785,14.122,41.226,7.029,79.06736538,77.5104,8.44775163198054,13.975401215629,41.2259987586572,1.47071978531223,0.226515504986381,11.5998346708332,-8.61983467083317,20.555,0.934318181818182,11.61,290.27771,0.687034784723911,0.417516708
103,TXH1.2020,-96.4279874,30.5382703,173,2020-06-21,103,28.69,35.38,23.81,22.36,35.29,22.13,16.59,10.57,1.42,0.04,3.94,0.11,16.99,71.96,0.49,0.49,0,2.81,3.83,1.643397144,14.123,41.221,5.684,79.68749076,77.9396,7.50273981017968,13.9750638177023,41.2206967201687,1.64339714373728,0.238666986622056,10.3509564872386,-6.4109564872386,21.595,0.981590909090909,11.57,304.986185,0.653993980087983,0.368421053
104,TXH1.2020,-96.4279874,30.5382703,174,2020-06-22,104,27.35,31.77,24.31,23.95,35.82,10.38,1.51,5.25,0.73,0.02,4.01,0.07,18.68,83.18,0.49,0.5,0,2.51,3.94,0.891604928,14.122,41.214,0.517,79.0809927,77.172,3.51949417010096,13.974055530709,41.2135066570089,0.891604927596629,0.220693248945829,4.81969293295008,-0.809692932950084,20.04,0.910909090909091,7.46,283.00488,0.704690618762475,0.191956124
105,TXH1.2020,-96.4279874,30.5382703,175,2020-06-23,105,26.62,31.65,23.05,22.61,36.22,15.13,5.23,7.39,1.01,0.03,59.75,0.2,17.25,80.81,0.51,0.63,0,1.99,59.55,0.995864632,14.121,41.204,1.792,77.60287578,75.9596,5.13056648043091,13.9723770409206,41.2044294592929,0.995864632232473,0.213090066149027,7.00105941900416,52.7489405809958,19.35,0.879545454545455,8.6,273.24135,0.729767441860465,0.277610819
106,TXH1.2020,-96.4279874,30.5382703,176,2020-06-24,106,25.05,27.89,22.98,23.18,36.62,15.33,1.63,7.66,1.07,0.03,38.71,3.62,17.88,89.69,0.64,0.77,0,2.91,35.09,0.440729829,14.12,41.193,0.559,76.00750155,74.5948,5.19889624920056,13.9700294895023,41.193465268133,0.44072982938453,0.193132688658396,7.02112954906183,31.6888704509382,17.435,0.7925,4.91,246.1822,0.809865213650702,0.305788423
107,TXH1.2020,-96.4279874,30.5382703,177,2020-06-25,107,25.04,27.67,23.18,23.92,36.57,15.99,4.3,7.92,1.09,0.03,11.47,1.32,18.64,93.51,0.66,0.73,0,2.1,10.15,0.304408431,14.117,41.181,1.474,76.39122496,74.8512,5.4232451269533,13.967014469847,41.1806134786162,0.304408431193312,0.193032758255075,7.3229955396497,4.1470044603503,17.425,0.792045454545455,4.49,245.988725,0.810157819225251,0.31629393
108,TXH1.2020,-96.4279874,30.5382703,178,2020-06-26,108,25.09,27.94,22.57,23.14,36.65,7.27,0.29,3.78,0.47,0.01,3.08,2.63,17.69,89.34,0.66,0.7,0,1.97,0.45,0.41864009,14.114,41.166,0.099,76.03853194,74.6204,2.46596103971802,13.9633340238601,41.1658727443119,0.418640089952612,0.191340591549539,3.32625650104746,-0.246256501047458,17.255,0.784318181818182,5.37,243.53707,0.81796580701246,0.150657633
109,TXH1.2020,-96.4279874,30.5382703,179,2020-06-27,109,26.78,32.18,22.66,23.16,36.75,21.13,7.23,10.13,1.32,0.04,0.95,8.57,17.76,82.06,0.65,0.68,0,2.4,-7.62,0.940994156,14.111,41.149,2.479,78.01313132,76.3176,7.16789581329067,13.9589906372158,41.1492409833118,0.940994155746466,0.213851224602209,9.78089896403137,-8.83089896403138,19.42,0.882727272727273,9.52,274.03562,0.726622039134912,0.378267364
110,TXH1.2020,-96.4279874,30.5382703,180,2020-06-28,110,26.85,30.85,24,24.01,36.97,13.02,2.33,6.63,0.93,0.03,0.49,4.96,18.76,85.22,0.64,0.66,0,3.2,-4.47,0.733410347,14.106,41.131,0.799,78.5147943,76.6936,4.41715910062224,13.9539872336042,41.1307153858083,0.733410347446922,0.213905680406923,6.02700107600212,-5.53700107600212,19.425,0.882954545454546,6.85,274.00905,0.726177606177606,0.246927374
111,TXH1.2020,-96.4279874,30.5382703,181,2020-06-29,111,27.45,30.7,25.11,24.22,36.81,17.01,1.94,8.37,1.14,0.03,0.16,4.54,19.02,83.35,0.64,0.65,0,3.35,-4.38,0.778938083,14.101,41.11,0.665,79.26622925,77.3692,5.77132954164232,13.9483271679987,41.1102924232154,0.778938082644435,0.219188000933642,7.89292123296152,-7.73292123296152,19.905,0.904772727272727,5.59,280.680405,0.708414971112786,0.304918033
112,TXH1.2020,-96.4279874,30.5382703,182,2020-06-30,112,27.51,30.7,25.2,24.16,36.85,15.74,3.42,7.73,1.06,0.03,0.09,4.15,18.94,82.74,0.63,0.64,0,3.05,-4.06,0.798350519,14.096,41.088,1.173,79.28543626,77.4076,5.34091402525837,13.9420142189741,41.0879678588415,0.798350518850601,0.219688788760507,7.305241936178,-7.215241936178,19.95,0.906818181818182,5.5,281.2152,0.7065664160401,0.280988731
113,TXH1.2020,-96.4279874,30.5382703,183,2020-07-01,113,28.18,32.35,24.95,24.1,36.18,22.25,15.07,10.61,1.37,0.04,0.01,5.92,18.86,79.83,0.62,0.63,0,2.84,-5.91,1.002084199,14.089,41.064,5.17,79.98124306,78.056,7.55057733100872,13.9350525801106,41.0637367601187,1.0020841989297,0.227603480591984,10.3616774388417,-10.3516774388417,20.65,0.938636363636364,7.4,290.93785,0.68227602905569,0.376508162
114,TXH1.2020,-96.4279874,30.5382703,184,2020-07-02,114,29.1,34.75,23.65,23.3,35.63,26.75,20.03,12.45,1.58,0.04,0,7.64,17.95,73.52,0.61,0.61,0,1.82,-7.64,1.372762127,14.082,41.038,6.873,80.5380168,78.688,9.07848563632226,13.9274468505245,41.0375935123973,1.37276212700646,0.233988900294814,12.4893772479164,-12.4893772479164,21.2,0.963636363636364,11.1,298.5384,0.664245283018868,0.427835052
115,TXH1.2020,-96.4279874,30.5382703,185,2020-07-03,115,28.3,34.81,22.44,22,35.4,27.24,22.35,12.64,1.63,0.04,0,6.82,16.55,71.49,0.6,0.59,0,1.34,-6.82,1.495808421,14.075,41.01,7.671,79.0292833,77.42,9.24563256857143,13.9192020245671,41.0095318343149,1.49580842139822,0.22731674667891,12.6839814391805,-12.6839814391805,20.625,0.9375,12.37,290.296875,0.682424242424242,0.44664311
116,TXH1.2020,-96.4279874,30.5382703,186,2020-07-04,116,28.69,35.81,21.92,21.27,34.87,27.34,24.21,12.66,1.64,0.04,0,6.21,15.89,68.05,0.59,0.57,0,1.43,-6.21,1.726596935,14.066,40.98,8.31,79.13605955,77.5472,9.2804409094413,13.9103234807402,40.9795447947453,1.72659693485511,0.230081953454917,12.7449788511488,-12.7449788511488,20.865,0.948409090909091,13.89,293.48709,0.674143302180685,0.441268735
117,TXH1.2020,-96.4279874,30.5382703,187,2020-07-05,117,26.55,30.04,24.17,21.64,36.7,19.51,12.94,9.44,1.27,0.03,0.16,2.74,16.27,75.44,0.59,0.56,0,1.84,-2.58,1.047151312,14.057,40.948,4.442,76.8466068,75.5404,6.62321539281872,13.9008169698756,40.9476248313364,1.04715131166224,0.210443922174779,9.01647836635039,-8.85647836635039,19.105,0.868409090909091,5.87,268.558985,0.735775974875687,0.355555556
118,TXH1.2020,-96.4279874,30.5382703,188,2020-07-06,118,27.9,32.75,24.43,22.6,36.62,20.92,7.12,10.01,1.32,0.04,0.46,2.99,17.26,75.08,0.58,0.56,0,2.3,-2.53,1.268698865,14.048,40.914,2.445,78.9004068,77.236,7.10257817384141,13.8906886026328,40.9137637706438,1.26869886486223,0.226915828850846,9.73952723328412,-9.27952723328412,20.59,0.935909090909091,8.32,289.24832,0.682272948033026,0.358781362
1,TXH1.2021,-96.4279874,30.5382703,69,2021-03-10,1,19.13,25.95,13.7,15.94,32.07,12.72,3.08,6.04,0.81,0.02,0.01,2.12,11.28,83.35,0.6,0.6,0,3.98,-2.11,0.648281115,11.781,30.208,1.201,65.66165645,66.0684,4.89668291301259,11.6288023782651,30.2078710995253,0.648281115442343,0.1434861746437,5.61385545243545,-5.60385545243545,11.825,0.5375,12.25,139.310325,0.996279069767442,0.315734449
2,TXH1.2021,-96.4279874,30.5382703,70,2021-03-11,2,21.06,26.38,18.01,17.63,33.39,11.79,3.26,5.62,0.76,0.02,0.02,2.44,12.52,82.19,0.6,0.59,0,3.77,-2.42,0.735007406,11.812,30.413,1.266,68.74155186,68.6068,4.52025762812035,11.6601677991793,30.4127307915167,0.735007406482262,0.162950934642307,5.2928667961244,-5.2728667961244,14.195,0.645227272727273,8.37,167.67134,0.832123987319479,0.2668566
3,TXH1.2021,-96.4279874,30.5382703,71,2021-03-12,3,21.82,28.2,17.73,17.95,33.52,11.6,3.74,5.57,0.76,0.02,0.05,2.88,12.76,80.72,0.6,0.59,0,3.39,-2.83,0.869152668,11.843,30.617,1.447,69.86821296,69.482,4.429638743298,11.6915958736147,30.6170593119192,0.869152667687562,0.169736055498856,5.23408701014311,-5.18408701014311,14.965,0.680227272727273,10.47,177.230495,0.791379886401604,0.255270394
4,TXH1.2021,-96.4279874,30.5382703,72,2021-03-13,4,21.16,27.2,17.13,16.98,31.84,13.12,3.47,6.25,0.85,0.02,0.26,2.54,12.03,79.4,0.59,0.58,0,3.77,-2.28,0.845267102,11.874,30.821,1.337,68.7184296,68.4728,4.99036186920097,11.7230805667607,30.8207743380595,0.845267101665222,0.162691285363454,5.88875059946649,-5.62875059946649,14.165,0.643863636363636,10.07,168.19521,0.83826332509707,0.29536862
5,TXH1.2021,-96.4279874,30.5382703,73,2021-03-14,5,15.97,19.62,8.66,11.84,31.26,5.9,1.38,3.05,0.45,0.01,4.79,0.57,9.23,78.97,0.6,0.6,0,2.23,4.22,0.315052838,11.905,31.024,0.53,60.42838391,61.4324,2.23545296345421,11.7546159032365,31.0237947131453,0.315052838214036,0.104648571490615,2.47399696730161,2.31600303269839,6.14,0.279090909090909,10.96,73.0967,1.93892508143322,0.190983093
6,TXH1.2021,-96.4279874,30.5382703,74,2021-03-15,6,16.74,27.68,5.91,8.79,27.2,22.8,28.65,9.99,1.27,0.03,0.09,3.2,7.39,66.36,0.59,0.58,0,1.61,-3.11,1.187771071,11.936,31.226,10.951,61.36749736,61.1044,8.60580667618089,11.7861959613101,31.2260405130466,1.18777107099587,0.121497727049756,9.81132931668886,-9.72132931668886,9.84,0.399772727272727,21.77,117.45024,1.2130081300813,0.596774194
7,TXH1.2021,-96.4279874,30.5382703,75,2021-03-16,7,20.9,28.28,14.03,18.39,33.48,12.48,6.5,5.92,0.8,0.02,1.76,2.06,13.35,84.93,0.59,0.58,0,2.19,-0.3,0.606688667,11.967,31.427,2.475,68.6568763,68.7204,4.69291682265358,11.8178148670129,31.4274331111894,0.606688667169794,0.154151333691465,5.56238627170543,-3.80238627170543,13.155,0.597954545454546,14.25,157.425885,0.909692132269099,0.283253589
8,TXH1.2021,-96.4279874,30.5382703,76,2021-03-17,8,19.46,26.06,10,9.56,28.88,17.86,20.05,7.88,1.02,0.03,4.8,3.21,8.48,59.84,0.59,0.59,0,4.1,1.59,1.108412781,11.998,31.628,7.606,65.03389536,64.1016,6.69129182391289,11.8494667881638,31.6278952414377,1.10841278082105,0.130087343642913,7.76912259228828,-2.96912259228828,10.03,0.455909090909091,16.06,120.33994,1.19621136590229,0.404933196
9,TXH1.2021,-96.4279874,30.5382703,77,2021-03-18,9,11.59,18.83,5.59,1.48,23.37,24.92,37.45,10.9,1.38,0.03,0,1.77,4.21,52.34,0.59,0.57,0,4,-1.77,0.861708692,12.029,31.827,14.154,54.20882394,53.3228,9.30263269432015,11.8811459283148,31.8273510588436,0.861708692271243,0.093686198735366,10.2288726728525,-10.2288726728525,5.415,0.191363636363636,13.24,65.137035,2.22142197599261,
10,TXH1.2021,-96.4279874,30.5382703,78,2021-03-19,10,11.13,18.66,4.49,4.86,23.85,24.36,33.78,10.68,1.34,0.03,0,1.51,5.32,68.44,0.58,0.56,0,2.66,-1.51,0.632632967,12.06,32.026,12.721,53.06957828,54.0796,9.06136958291022,11.9128465206289,32.0257261981493,0.632632967436481,0.0903003760398895,9.92401409403577,-9.92401409403577,5.33,0.1625,14.17,64.2798,2.26266416510319,
11,TXH1.2021,-96.4279874,30.5382703,79,2021-03-20,11,12.4,20.23,6.2,6,24.57,24.41,33.89,10.83,1.37,0.03,0,1.72,5.75,68.77,0.58,0.56,0,1.37,-1.72,0.72482557,12.091,32.223,12.717,54.9520952,55.76,9.04842039954487,11.9445628217043,32.2229478299292,0.724825569659984,0.0992657231856277,10.1343414964178,-10.1343414964178,6.115,0.237045454545455,14.03,73.936465,1.9772690106296,
12,TXH1.2021,-96.4279874,30.5382703,80,2021-03-21,12,13.51,22.17,6.21,7.93,25.06,24.28,32.07,10.7,1.35,0.03,0.01,1.7,6.63,72.99,0.57,0.55,0,2.05,-1.69,0.742432281,12.123,32.419,11.992,56.56786951,57.5648,8.96957942465068,11.9762891053538,32.4189447142685,0.742432280786171,0.104946470782946,10.1864563177697,-10.1764563177697,7.085,0.281363636363636,15.96,85.891455,1.71107974594213,0.792005922
13,TXH1.2021,-96.4279874,30.5382703,81,2021-03-22,13,16.56,22.88,10.04,13.46,31.24,6.27,1.12,3.22,0.46,0.01,9.9,0.65,9.72,83.54,0.58,0.59,0,3.37,9.25,0.466730194,12.154,32.614,0.417,61.46326176,62.6056,2.30855146815907,12.0080196563544,32.6136472518766,0.46673019365928,0.119252510937798,2.68986431911794,7.21013568088206,8.46,0.384545454545455,12.84,102.82284,1.43664302600473,0.194444444
14,TXH1.2021,-96.4279874,30.5382703,82,2021-03-23,14,19.25,25.95,13.22,11.44,27.35,25.08,33.07,11.01,1.4,0.03,3.79,3.21,8.74,66.22,0.59,0.6,0,1.75,0.58,1.083849279,12.185,32.807,12.283,65.0429165,64.5684,9.20404223965994,12.0397487641754,32.8069875325425,1.08384927872876,0.141629752196753,11.0483375014175,-7.25833750141749,11.585,0.526590909090909,12.73,141.163225,1.05179110919292,0.571948052
15,TXH1.2021,-96.4279874,30.5382703,83,2021-03-24,15,19.29,27.03,10.58,15.94,32.18,8.11,3.63,3.99,0.56,0.01,0.77,2.14,11.8,81.85,0.59,0.57,0,2.6,-1.37,0.61271605,12.216,32.999,1.344,65.85132635,66.2284,2.96675432663864,12.0714707166988,32.9988993808424,0.612716050370066,0.135736128395372,3.55058971608861,-2.78058971608861,10.805,0.491136363636364,16.45,131.99388,1.13058769088385,0.206842924
16,TXH1.2021,-96.4279874,30.5382703,84,2021-03-25,16,18.33,24.17,12.83,11.23,29.32,24.25,30.58,10.86,1.39,0.03,0.35,2.44,8.67,67.97,0.58,0.56,0,2.55,-2.09,0.914899551,12.247,33.189,11.284,63.76190199,63.5728,8.84327018935595,12.1031797939424,33.1893183990208,0.914899550573492,0.133488758058164,10.5902905802229,-10.2402905802229,10.5,0.477272727272727,11.34,128.5935,1.16638095238095,0.592471358
17,TXH1.2021,-96.4279874,30.5382703,85,2021-03-26,17,18.36,28.29,9.04,10.36,27.27,24.93,32.43,11.04,1.4,0.03,0,2.81,8.01,64.63,0.58,0.55,0,1.77,-2.81,1.239754588,12.278,33.378,11.929,63.67691732,63.2896,9.06347492393255,12.1348702617969,33.3781820069664,1.23975458757161,0.13470060184045,10.9020161955636,-10.9020161955636,10.665,0.484772727272727,19.25,130.94487,1.15124238162213,0.60130719
18,TXH1.2021,-96.4279874,30.5382703,86,2021-03-27,18,22.64,29.77,15.65,19.39,34.81,9.99,2.86,4.85,0.66,0.01,0.49,1.83,14.14,81.67,0.57,0.55,0,2.6,-1.34,0.731267279,12.309,33.565,1.049,71.26477712,70.8204,3.62109766447315,12.1665363657894,33.5654294792185,0.731267279346056,0.167463116799537,4.50016254361379,-4.01016254361379,14.71,0.668636363636364,14.12,181.06539,0.836777702243372,0.214222615
19,TXH1.2021,-96.4279874,30.5382703,87,2021-03-28,19,17.4,23.22,10.41,6.97,29.21,16.07,15.17,7.41,1,0.03,0.27,1.97,6.43,54.75,0.57,0.54,0,4.33,-1.7,1.054743773,12.34,33.751,5.546,61.995985,61.1092,5.80796473489019,12.198172324884,33.7510019789388,1.05474377308826,0.121632896554959,6.91651819742093,-6.64651819742093,8.815,0.400681818181818,12.81,108.7771,1.39988655700511,0.425862069
20,TXH1.2021,-96.4279874,30.5382703,88,2021-03-29,20,16.26,24.65,8.23,5.72,26.28,25.43,34.04,11.25,1.45,0.03,0.03,1.94,5.77,54.68,0.56,0.53,0,2.06,-1.91,1.178836596,12.371,33.935,12.409,60.45341832,59.5192,9.16471350705031,12.2297723253315,33.9348425887977,1.1788365959984,0.119119589603813,10.9075949609254,-10.8775949609254,8.44,0.383636363636364,16.42,104.41124,1.46575829383886,0.691881919
21,TXH1.2021,-96.4279874,30.5382703,89,2021-03-30,21,21.83,29.22,14.53,17.26,34.14,11.18,2.57,5.43,0.74,0.02,0.01,1.46,12.45,77.05,0.56,0.53,0,3.46,-1.45,0.885738243,12.401,34.117,0.934,69.61596485,69.2436,4.01799957979792,12.2613305145803,34.1168963387253,0.885738242761936,0.16019930427084,5.00811862996382,-4.99811862996382,13.875,0.630681818181818,14.69,172.063875,0.893765765765766,0.248740266
22,TXH1.2021,-96.4279874,30.5382703,90,2021-03-31,22,18.81,23.03,11.12,12.15,31.25,14.5,7.53,6.86,0.91,0.02,0.43,1,9.4,68.11,0.55,0.52,0,3.72,-0.57,0.652362391,12.432,34.297,2.729,64.47974609,64.384,5.19711990991016,12.2928409952598,34.2971102304907,0.652362390633988,0.123401743370837,6.25538659582213,-5.82538659582213,9.075,0.4125,11.91,112.8204,1.3699173553719,0.364699628
23,TXH1.2021,-96.4279874,30.5382703,91,2021-04-01,23,13.55,21.66,6.28,2.03,23.67,27.24,38.8,11.81,1.51,0.04,0,1.26,4.4,51.94,0.55,0.52,0,2.32,-1.26,1.064319767,12.463,34.475,14.027,56.8155713,55.4808,9.73777095340725,12.3242978192489,34.4754332590739,1.06431976737399,0.103641086334248,11.4018880846753,-11.4018880846753,6.83,0.271363636363636,15.38,85.12229,1.82474377745242,
24,TXH1.2021,-96.4279874,30.5382703,92,2021-04-02,24,13.59,22.08,5.26,2.24,25.52,24.76,26.82,10.97,1.42,0.03,0,1.09,4.45,52.62,0.54,0.51,0,2.09,-1.09,1.054672153,12.494,34.652,9.67,56.86278742,55.5964,8.82859945773023,12.355694981842,34.6518164308089,1.05467215288081,0.10188328918736,10.3307170412824,-10.3307170412824,7.04,0.257727272727273,16.82,87.95776,1.77471590909091,0.807211185
25,TXH1.2021,-96.4279874,30.5382703,93,2021-04-03,25,13.36,19.11,9.75,8.09,30,10.2,3.06,5.04,0.69,0.02,0.65,0.29,6.67,71.18,0.54,0.52,0,2.2,0.36,0.630647204,12.524,34.826,1.1,56.35741152,57.4724,3.62794743855264,12.3870264160243,34.8262127782794,0.630647204469851,0.106386445233656,4.28999693777018,-3.63999693777018,6.43,0.292272727272727,9.36,80.52932,1.94774494556765,0.377245509
26,TXH1.2021,-96.4279874,30.5382703,94,2021-04-04,26,16.86,26.18,8.22,10.34,30.44,12.28,2.97,6.04,0.84,0.02,0.15,1.05,7.85,70.28,0.54,0.51,0,1.58,-0.9,0.986907224,12.555,34.999,1.065,61.63727592,61.7824,4.35722144640533,12.4182859868707,34.998577371958,0.9869072238762,0.124259886759668,5.30355559711881,-5.15355559711881,9.2,0.418181818181818,17.96,115.506,1.36467391304348,0.358244365
27,TXH1.2021,-96.4279874,30.5382703,95,2021-04-05,27,19.53,26.92,11.92,14.07,31.56,16.98,11.48,7.92,1.05,0.03,0.16,1.02,9.99,73.32,0.54,0.51,0,2.33,-0.86,0.86600204,12.585,35.169,4.108,65.81074204,65.7952,6.01076958033829,12.4494674860792,35.1688673285873,0.866002040065159,0.140365288391121,7.47046549313763,-7.31046549313763,11.42,0.519090909090909,15,143.7207,1.10201401050788,0.405529954
28,TXH1.2021,-96.4279874,30.5382703,96,2021-04-06,28,22.3,29.11,16.39,16.94,33.63,15.74,9.65,7.32,0.96,0.02,0.04,0.91,12.08,74.54,0.53,0.5,0,4.33,-0.87,1.017238105,12.616,35.337,3.445,70.1599758,69.5984,5.55915484506924,12.4805646266549,35.3370418163088,1.01723810509733,0.167817947734127,7.09220177643023,-7.05220177643023,14.75,0.670454545454545,12.72,186.086,0.855322033898305,0.328251121
29,TXH1.2021,-96.4279874,30.5382703,97,2021-04-07,29,22.71,28.27,14.62,16.69,32.34,12.88,9.75,6.11,0.81,0.02,1.32,0.61,12.25,70.69,0.53,0.5,0,2.95,0.71,0.851900651,12.646,35.503,3.473,70.47959201,69.9184,4.53901792216086,12.5115710377549,35.503062056553,0.85190065101236,0.156563688440007,5.75245686495151,-4.43245686495151,13.445,0.611136363636364,13.65,170.02547,0.940572703607289,0.269044474
30,TXH1.2021,-96.4279874,30.5382703,98,2021-04-08,30,21.8,31.76,11.59,12.26,29.9,24.74,26.79,11.21,1.46,0.04,0.16,1.18,9.11,60.35,0.53,0.49,0,2.02,-1.02,1.601036677,12.676,35.667,9.521,68.352687,67.4136,8.69997216235339,12.5424802597118,35.666891322711,1.60103667728697,0.158499547654552,11.0670998139211,-10.9070998139211,13.675,0.621590909090909,20.17,173.3443,0.926946983546618,0.514220183
31,TXH1.2021,-96.4279874,30.5382703,99,2021-04-09,31,24.05,31.75,18.63,19.57,33.75,15.32,6.19,7.17,0.93,0.02,0.68,0.66,14.39,79.22,0.53,0.5,0,3.54,0.02,1.14079971,12.707,35.828,2.195,73.3139259,72.2952,5.37624418417228,12.5732857392466,35.8284949356173,1.14079970970729,0.190696896916527,7.0067862258194,-6.3267862258194,17.19,0.781363636363636,13.12,218.43333,0.739208842350204,0.298128898
32,TXH1.2021,-96.4279874,30.5382703,100,2021-04-10,32,19.76,27.45,13.32,7.5,27.18,27.66,37.16,12.17,1.57,0.03,0.02,0.85,7.05,52.58,0.52,0.49,0,3.3,-0.83,1.558152884,12.737,35.988,13.152,65.07256992,63.66,9.68733069663644,12.6039808248882,35.9878402558772,1.55815288385835,0.147898055780661,12.2592318245152,-12.2392318245152,12.385,0.562954545454545,14.13,157.747745,1.02842147759386,0.615890688
33,TXH1.2021,-96.4279874,30.5382703,101,2021-04-11,33,20.42,31.71,9.95,5.76,26.82,21.11,22.68,9.59,1.25,0.03,0,0.94,5.87,45.75,0.52,0.48,0,1.57,-0.94,2.030879632,12.767,36.145,8.011,65.5466785,63.6936,7.37906482043877,12.6345587626125,36.1448966730843,2.03087963171251,0.151485240099645,9.38683863664211,-9.38683863664211,12.83,0.583181818181818,21.76,163.80061,0.995089633671084,0.46963761
34,TXH1.2021,-96.4279874,30.5382703,102,2021-04-12,34,22.25,32.45,12.17,16.05,32.11,21.05,19.39,9.63,1.27,0.03,0.02,0.59,11.57,71.9,0.51,0.48,0,1.96,-0.57,1.323550893,12.796,36.3,6.835,69.8785725,69.228,7.34438549624451,12.6650126917178,36.2996355919747,1.32355089319474,0.16394950118931,9.45724457637419,-9.43724457637419,14.31,0.650454545454546,20.28,183.11076,0.894199860237596,0.432808989
35,TXH1.2021,-96.4279874,30.5382703,103,2021-04-13,35,24.12,30.63,18.89,20.14,35.61,14.31,5.08,6.85,0.92,0.03,1.48,0.36,14.79,80.67,0.51,0.49,0,1.95,1.12,0.931936181,12.826,36.452,1.787,73.56441796,72.5704,4.98381711391229,12.6953356409507,36.4520304155771,0.931936180887685,0.186484384071822,6.52857983331212,-5.04857983331212,16.76,0.761818181818182,11.74,214.96376,0.76527446300716,0.283996683
36,TXH1.2021,-96.4279874,30.5382703,104,2021-04-14,36,23.6,28.18,19.03,19.82,35.33,11.4,4.69,5.57,0.78,0.02,0.79,0.34,14.49,81.25,0.51,0.49,0,2.29,0.45,0.69824211,12.856,36.602,1.647,72.7805,71.9352,3.96346401692212,12.7255205248994,36.6020565254205,0.698242109991617,0.175555635472009,5.16478097135176,-4.37478097135176,15.605,0.709318181818182,9.15,200.61788,0.82383851329702,0.236016949
37,TXH1.2021,-96.4279874,30.5382703,105,2021-04-15,37,20.02,26.47,16.1,16.32,32.8,7.49,2.41,3.84,0.54,0.01,11.19,0.26,11.67,80.77,0.52,0.54,0,2.74,10.93,0.7871401,12.885,36.75,0.845,66.97454246,67.0952,2.59972647880569,12.7555601406699,36.7496912588696,0.787140100059492,0.155228819925913,3.3414080753817,7.8485919246183,13.285,0.603863636363636,10.37,171.177225,0.969890854347008,0.191808192
38,TXH1.2021,-96.4279874,30.5382703,106,2021-04-16,38,19.9,25.47,16.18,17.59,33.17,6.48,0.72,3.41,0.49,0.01,3.23,0.3,12.68,87.02,0.53,0.53,0,2.66,2.93,0.537029638,12.915,36.895,0.252,67.1189502,67.4324,2.24555877510754,12.7854471648606,36.894913883663,0.537029638410639,0.151444529776641,2.88131248433584,0.348687515664164,12.825,0.582954545454545,9.29,165.634875,1.00701754385965,0.171356784
39,TXH1.2021,-96.4279874,30.5382703,107,2021-04-17,39,15.3,19.69,11.26,7.79,30.19,17.71,7.93,8.21,1.11,0.03,0.12,0.46,6.66,63.4,0.53,0.5,0,3.92,-0.34,0.757132984,12.944,37.038,2.771,59.229998,59.3044,6.12772121599953,12.8151741508538,37.037705569737,0.757132984009884,0.112853776677026,7.52705970702014,-7.40705970702014,7.475,0.339772727272727,8.43,96.7564,1.73163879598662,0.536601307
40,TXH1.2021,-96.4279874,30.5382703,108,2021-04-18,40,14.7,21.44,8.54,6.21,29.01,18.47,12.85,8.65,1.17,0.03,0.12,0.62,5.9,61.13,0.53,0.49,0,2.62,-0.5,0.885122927,12.973,37.178,4.484,58.3616589,58.1356,6.38124464105565,12.844733526439,37.1780493584214,0.885122927147791,0.109811843867187,7.81257922849482,-7.69257922849482,6.99,0.317727272727273,12.9,90.68127,1.85593705293276,0.588435374
41,TXH1.2021,-96.4279874,30.5382703,109,2021-04-19,41,17.55,24.87,10.72,5.5,29.57,21.55,14.61,9.85,1.31,0.03,0.02,0.78,5.68,50.11,0.52,0.49,0,0.84,-0.76,1.312633539,13.002,37.316,5.091,62.05613195,60.73,7.43482028032347,12.8741175917849,37.3159301290998,1.31263353909385,0.128414370701259,9.35552849696504,-9.33552849696504,9.795,0.445227272727273,14.15,127.35459,1.32741194486983,0.561253561
42,TXH1.2021,-96.4279874,30.5382703,110,2021-04-20,42,18.52,28.77,10.26,7.02,28.78,26.87,31.7,12.16,1.57,0.04,0.06,0.84,6.26,51.69,0.52,0.48,0,2.99,-0.78,1.597844755,13.031,37.451,11.03,63.38678812,62.2472,9.25767192582823,12.9033185177781,37.4513345634333,1.59784475516975,0.141092140562855,11.8304252216184,-11.7704252216184,11.515,0.523409090909091,18.51,150.051965,1.13165436387321,0.656587473
43,TXH1.2021,-96.4279874,30.5382703,111,2021-04-21,43,12.42,20.79,5.9,-0.18,25.96,25.27,27.99,11.34,1.49,0.04,0,0.39,3.76,46.44,0.52,0.48,0,3.16,-0.39,1.088999865,13.059,37.584,9.725,55.42944952,53.5552,8.69512967916133,12.9323283447443,37.5842511072486,1.0889998646883,0.100007691814696,10.5063862755806,-10.5063862755806,6.395,0.242954545454545,14.89,83.512305,2.04206411258796,
44,TXH1.2021,-96.4279874,30.5382703,112,2021-04-22,44,16.79,25.44,7.18,8.15,30.43,13.2,8.53,6.4,0.89,0.02,0.01,0.43,6.99,59.87,0.51,0.48,0,2.58,-0.42,1.049220332,13.088,37.715,2.96,61.29014127,60.924,4.53635242926332,12.9611389815698,37.7146699301987,1.04922033192595,0.118258662006866,5.65500741922797,-5.64500741922798,8.72,0.377727272727273,18.26,114.12736,1.50091743119266,0.381179273
45,TXH1.2021,-96.4279874,30.5382703,113,2021-04-23,45,21.06,23.7,16.82,19.59,34.42,4.42,1.08,2.44,0.35,0.01,32.6,0.09,14.42,91.42,0.53,0.61,0,3.16,32.51,0.143577168,13.116,37.843,0.374,69.34606148,69.3124,1.51719719354786,12.9897422052383,37.8425828833054,0.143577168024289,0.146903442875822,1.9571683851866,30.6428316148134,12.26,0.557272727272727,6.88,160.80216,1.06982055464927,0.115859449
46,TXH1.2021,-96.4279874,30.5382703,114,2021-04-24,46,21.16,28.3,14.55,15.01,29.38,27.64,32.34,12.43,1.62,0.04,0.77,3.12,10.81,72.16,0.57,0.55,0,3.04,-2.35,1.045033604,13.144,37.968,11.196,68.23708544,67.7636,9.47696114163587,13.0181296608024,37.9679834545008,1.04503360410064,0.156396301255073,12.3428245292404,-11.5728245292404,13.425,0.610227272727273,13.75,176.4582,0.979068901303538,0.587429112
47,TXH1.2021,-96.4279874,30.5382703,115,2021-04-25,47,21.28,29.66,13.46,14.36,29.73,22.24,23.05,10.21,1.34,0.03,0.06,2.81,10.2,68.99,0.56,0.53,0,1.98,-2.75,1.215851748,13.172,38.091,7.971,68.20549128,67.6496,7.61729984675736,13.0462928618029,38.0908667222825,1.21585174836562,0.157529105465853,9.94080830057461,-9.88080830057461,13.56,0.616363636363636,16.2,178.61232,0.971386430678466,0.479793233
48,TXH1.2021,-96.4279874,30.5382703,116,2021-04-26,48,22.53,31.38,15.57,14.78,32.08,20.3,8.04,9.46,1.29,0.04,0.15,2.3,10.54,67.18,0.55,0.52,0,3.16,-2.15,1.498432267,13.199,38.211,2.777,69.92685746,69.0508,6.94577839000885,13.0742231911549,38.2112293076062,1.49843226724146,0.174360107790702,9.18945442559699,-9.03945442559699,15.475,0.703409090909091,15.81,204.254525,0.852924071082391,0.419884598
49,TXH1.2021,-96.4279874,30.5382703,117,2021-04-27,49,24.41,29.29,19.91,20.13,34.92,7.26,0.3,3.79,0.5,0.01,0.04,1.04,14.8,78.64,0.55,0.52,0,3.4,-1,0.842100607,13.227,38.329,0.104,73.83064376,72.8568,2.48166423264402,13.1019119025132,38.3290693241377,0.842100607302496,0.184937085505812,3.30907775905838,-3.26907775905838,16.6,0.754545454545455,9.38,219.5682,0.796807228915663,0.155264236
50,TXH1.2021,-96.4279874,30.5382703,118,2021-04-28,50,26.83,33.23,22.34,21.16,35.69,14.53,6.76,6.94,0.89,0.03,0.54,1.76,15.82,73.92,0.54,0.51,0,4.83,-1.22,1.385715864,13.254,38.444,2.331,77.09614864,75.6476,4.96221881790564,13.1293501221351,38.4443863269897,1.38571586439877,0.217857254028383,6.73815198337189,-6.19815198337189,19.785,0.899318181818182,10.89,262.23039,0.669901440485216,0.258665673
51,TXH1.2021,-96.4279874,30.5382703,119,2021-04-29,51,25.2,29.97,21.1,21.29,35.98,8.6,1.53,4.41,0.59,0.02,7.02,1.06,15.9,80.7,0.54,0.53,0,2.41,5.96,0.837365629,13.281,38.557,0.527,75.304936,74.0644,2.93450258610933,13.1565288512522,38.5571812600725,0.837365629380546,0.194134390986745,3.94101246935081,3.07898753064919,17.535,0.797045454545455,8.87,232.882335,0.757399486740804,0.175
52,TXH1.2021,-96.4279874,30.5382703,120,2021-04-30,52,21.63,23.89,17.96,20.66,35.18,7.49,0.66,3.98,0.57,0.02,47.61,0.39,15.27,94.15,0.6,0.73,0,2.06,47.22,0.075998387,13.307,38.667,0.227,70.51784855,70.2676,2.55367089188679,13.1834389689665,38.6674564021843,0.0759983869687355,0.152260496040173,3.33281824571506,44.2771817542849,12.925,0.5875,5.93,171.992975,1.02955512572534,0.184003699
53,TXH1.2021,-96.4279874,30.5382703,121,2021-05-01,53,21.5,26.05,18.23,19.5,34.47,10.11,1.72,5.15,0.71,0.02,23.93,3.92,14.22,88.94,0.65,0.74,0,3.32,20.01,0.465812344,13.334,38.775,0.591,69.927459,69.72,3.44430892564274,13.2100712356828,38.7752153119746,0.465812344254005,0.162475177944832,4.53698326983722,19.3930167301628,14.14,0.642727272727273,7.82,188.54276,0.942998585572843,0.239534884
54,TXH1.2021,-96.4279874,30.5382703,122,2021-05-02,54,22.93,28.64,17.25,19.21,32.25,26.76,26.71,12.24,1.61,0.04,1.61,9.22,14.11,81.68,0.65,0.68,0,2.87,-7.61,0.719496954,13.36,38.88,9.178,71.73499176,71.0456,9.11014105434005,13.2364162970889,38.880462771908,0.719496954192973,0.169556849941338,12.0729368913001,-10.4629368913001,14.945,0.679318181818182,11.39,199.6652,0.893944463031114,0.533798517
55,TXH1.2021,-96.4279874,30.5382703,123,2021-05-03,55,25.36,31.16,20.73,22.3,34.19,26.3,26.66,12.06,1.56,0.04,1.01,9.07,17.07,84.64,0.64,0.66,0,2.93,-8.06,0.797176604,13.386,38.983,9.155,75.98813696,74.588,8.9475153137444,13.2624646886949,38.9832047313599,0.7971766035279,0.198287233533443,12.079637708163,-11.069637708163,17.945,0.815681818181818,10.43,240.21177,0.745945945945946,0.47555205
56,TXH1.2021,-96.4279874,30.5382703,124,2021-05-04,56,22.93,27.03,17.09,19.54,33.23,16.15,10.06,7.87,1.07,0.03,6.68,6.18,14.44,82.22,0.64,0.67,0,2.65,0.5,0.487677292,13.412,39.083,3.452,71.78035554,71.1644,5.49093158602792,13.2882068409401,39.0834482489747,0.487677292025846,0.161785262589982,7.24358066494289,-0.563580664942893,14.06,0.639090909090909,9.94,188.57272,0.953911806543385,0.343218491
57,TXH1.2021,-96.4279874,30.5382703,125,2021-05-05,57,19.18,25.93,12.81,14.14,28.06,29.81,38.92,13.42,1.76,0.04,0.05,8.22,10.05,74.83,0.63,0.64,0,2.13,-8.17,0.800193489,13.437,39.181,13.347,65.34398006,65.4704,10.1293321217951,13.3136330848761,39.1812014344161,0.800193489248148,0.139984009476762,13.1099618985336,-13.0599618985336,11.37,0.516818181818182,13.12,152.77869,1.18179419525066,0.699687174
58,TXH1.2021,-96.4279874,30.5382703,126,2021-05-06,58,21.08,28.71,13.53,15.93,29.61,29.22,37.47,13.35,1.74,0.04,0.01,8.45,11.23,74.94,0.62,0.62,0,1.61,-8.44,0.934560982,13.462,39.276,12.843,68.29775848,68.0148,9.923441792567,13.3387336584314,39.2764733896367,0.9345609824824,0.153862323745523,13.0202187969091,-13.0102187969091,13.12,0.596363636363637,15.18,176.62144,1.02606707317073,0.633301708
59,TXH1.2021,-96.4279874,30.5382703,127,2021-05-07,59,21.7,28.92,14.93,15.15,30.93,25.71,22.88,11.94,1.6,0.04,0,7.86,10.69,70.1,0.61,0.6,0,1.82,-7.86,1.120514463,13.487,39.369,7.838,68.912283,68.354,8.7269973688301,13.3634987132641,39.3692741497961,1.12051446259242,0.160626640994493,11.5208236278145,-11.5208236278145,13.925,0.632954545454545,13.99,187.806475,0.968545780969479,0.550230415
60,TXH1.2021,-96.4279874,30.5382703,128,2021-05-08,60,23.44,30.01,16.26,19.35,33.45,22.62,19.06,10.68,1.43,0.04,0.01,5.8,14.1,78.94,0.6,0.59,0,4.03,-5.79,0.801240275,13.512,39.46,6.527,72.31648064,71.606,7.67454815091941,13.3879183222033,39.4596146239514,0.801240274999968,0.171265766645939,10.2176298551621,-10.2076298551621,15.135,0.687954545454546,13.75,204.50412,0.892765113974232,0.455631399
61,TXH1.2021,-96.4279874,30.5382703,129,2021-05-09,61,26.32,31.7,22.6,21.84,36.01,16.3,7.42,7.95,1.07,0.03,1.24,4.99,16.46,77.77,0.59,0.58,0,3.56,-3.75,1.09017821,13.536,39.548,2.54,76.76246336,75.3824,5.52791651594162,13.411982487282,39.5475065356441,1.09017821014647,0.210927866277592,7.53473448566599,-6.29473448566599,19.15,0.870454545454545,9.1,259.2144,0.706840731070496,0.302051672
62,TXH1.2021,-96.4279874,30.5382703,130,2021-05-10,62,25.45,30.27,21.63,22.27,36.12,16.43,7.27,7.88,1.07,0.03,0.77,2.93,16.88,83.72,0.59,0.58,0,1.04,-2.16,0.759273385,13.559,39.633,2.487,76.0362126,74.6672,5.56981431877084,13.4356811483596,39.6329623635035,0.759273385370815,0.198338335772661,7.54653598877829,-6.77653598877829,17.95,0.815909090909091,8.64,243.38405,0.755376044568245,0.309626719
63,TXH1.2021,-96.4279874,30.5382703,131,2021-05-11,63,23.79,29.97,17.62,20.67,35.65,12.09,3.26,6.05,0.83,0.02,9,2.22,15.31,84.19,0.59,0.59,0,2.06,6.78,0.68841763,13.583,39.716,1.115,73.35924299,72.4312,4.09707372382256,13.459004192331,39.7159952819851,0.688417629681502,0.177315377540962,5.48384704645365,3.51615295354635,15.795,0.717954545454546,12.35,214.543485,0.859955682177904,0.254308533
64,TXH1.2021,-96.4279874,30.5382703,132,2021-05-12,64,18.3,23.32,15.19,15.22,34.15,9.75,2.42,5,0.73,0.02,4.19,2.91,10.73,83.11,0.6,0.63,0,3.48,1.28,0.565627865,13.606,39.797,0.827,64.2953087,64.9792,3.30301749817852,13.4819414629167,39.7966191023592,0.565627864999035,0.139110393954458,4.28400610942451,-0.0940061094245124,11.255,0.511590909090909,8.13,153.13553,1.20888494002665,0.273224044
65,TXH1.2021,-96.4279874,30.5382703,133,2021-05-13,65,19.63,25.52,14.88,14.8,34.28,18.3,7.84,8.8,1.24,0.03,0.01,4.82,10.4,75.73,0.6,0.59,0,2.32,-4.81,0.796186057,13.629,39.875,2.68,66.08805101,66.158,6.19769217385083,13.5044827710254,39.8748482140591,0.796186057080399,0.146428042066236,8.09956223733282,-8.08956223733282,12.2,0.554545454545455,10.64,166.2738,1.11713114754098,0.448293428
66,TXH1.2021,-96.4279874,30.5382703,134,2021-05-14,66,21.35,27.73,15.6,15.75,33.49,22.96,16.66,10.75,1.46,0.04,0,4.79,11.09,72.91,0.59,0.58,0,1.58,-4.79,0.957144,13.651,39.951,5.693,68.57799215,68.22,7.7738604415702,13.526617905679,39.9506975264994,0.957143999568154,0.158414961363751,10.2701292516456,-10.2701292516456,13.665,0.621136363636364,12.13,186.540915,0.998975484815221,0.503512881
67,TXH1.2021,-96.4279874,30.5382703,135,2021-05-15,67,22.89,29.57,16.33,18.28,32.99,17.54,6.77,8.46,1.15,0.03,0.79,3.76,13.09,77.23,0.58,0.57,0,2.24,-2.97,0.897612281,13.673,40.024,2.313,71.29817753,70.6708,5.93735612932296,13.5483366454875,40.0241824114649,0.897612281382014,0.169601636354429,7.91353355108066,-7.12353355108066,14.95,0.679545454545455,13.24,204.41135,0.914581939799331,0.369593709
68,TXH1.2021,-96.4279874,30.5382703,136,2021-05-16,68,22.51,25.64,19.94,20.58,34.47,10.92,2.09,5.6,0.8,0.02,4.7,1.05,15.16,89.12,0.58,0.58,0,2.97,3.65,0.38651153,13.695,40.095,0.714,71.64924288,71.1188,3.69570192179304,13.569628770656,40.0953186461724,0.386511529738991,0.168173413061301,4.92166883519581,-0.221668835195806,14.79,0.672272727272727,5.7,202.54905,0.925963488843813,0.248778321
69,TXH1.2021,-96.4279874,30.5382703,137,2021-05-17,69,24.45,29.71,20.32,22.36,35.58,10.84,3.77,5.35,0.73,0.02,14.59,2.62,17,89.1,0.6,0.63,0,2.04,11.97,0.57647558,13.716,40.164,1.287,74.9303005,73.6996,3.66797128214747,13.5904840755066,40.1641223570978,0.576475579632015,0.188972931876834,4.95281928206064,9.63718071793936,17.015,0.773409090909091,9.39,233.37774,0.806112253893623,0.218813906
70,TXH1.2021,-96.4279874,30.5382703,138,2021-05-18,70,22.92,27.18,19.2,21.33,35.07,16.58,6.38,8.07,1.1,0.03,8.33,1.8,15.97,91.1,0.61,0.64,0,3.18,6.53,0.376184393,13.737,40.231,2.178,72.5092188,71.7988,5.60937544529883,13.6108923814935,40.2306099646606,0.376184392914195,0.171763156865792,7.49194711995566,0.83805288004434,15.19,0.690454545454545,7.98,208.66503,0.904344963791969,0.352094241
71,TXH1.2021,-96.4279874,30.5382703,139,2021-05-19,71,22.52,25.48,19.73,21.16,34.98,8.45,0.36,4.46,0.63,0.02,37.04,2.68,15.78,92.28,0.67,0.77,0,1.62,34.36,0.267923512,13.757,40.295,0.123,71.91880144,71.3376,2.85844906419387,13.6308435506854,40.2947981288499,0.267923512469821,0.166534697308418,3.80381971650106,33.2361802834989,14.605,0.663863636363637,5.75,200.920985,0.941937692571037,0.198046181
72,TXH1.2021,-96.4279874,30.5382703,140,2021-05-20,72,22.66,25.98,19.12,20.77,34.04,21.4,7.18,10.09,1.34,0.04,0.29,3.9,15.37,89.38,0.67,0.69,0,1.23,-3.61,0.333585821,13.777,40.357,2.451,71.92423292,71.3372,7.23837632267367,13.6503274996901,40.3567036958735,0.333585821118338,0.166050118973214,9.62984781144074,-9.33984781144074,14.55,0.661363636363636,6.86,200.45535,0.946872852233677,0.445278023
73,TXH1.2021,-96.4279874,30.5382703,141,2021-05-21,73,23.31,26.58,20.36,21.51,34.88,15.23,2.09,7.43,1.01,0.03,3.13,3.36,16,89.85,0.66,0.69,0,2.21,-0.23,0.368662098,13.796,40.416,0.713,73.06714465,72.2536,5.15098451020145,13.6693342139879,40.416343645905,0.368662098209092,0.174314263454829,6.89413768430163,-3.76413768430163,15.47,0.703181818181818,6.22,213.42412,0.891790562378798,0.318747319
74,TXH1.2021,-96.4279874,30.5382703,142,2021-05-22,74,23.4,25.98,21.44,21.77,35.3,12.61,0.53,6.43,0.9,0.02,9.33,2.87,16.21,90.69,0.66,0.71,0,3.51,6.46,0.349140113,13.815,40.474,0.181,73.2945754,72.4372,4.26458877016973,13.6878537626433,40.4737350419987,0.349140113192381,0.176526294490803,5.71670435400743,3.61329564599257,15.71,0.714090909090909,4.54,217.03365,0.87937619350732,0.274786325
75,TXH1.2021,-96.4279874,30.5382703,143,2021-05-23,75,22.32,24.34,20.8,21.21,35.25,7.05,0.3,3.87,0.57,0.01,13.98,1.35,15.67,93.43,0.68,0.74,0,2.07,12.63,0.231711896,13.834,40.529,0.102,71.66375024,71.1556,2.384136751231,13.7058763133573,40.5288949802388,0.231711895668826,0.16622619136474,3.17286883407103,10.807131165929,14.57,0.662272727272727,3.54,201.56138,0.949485243651338,0.173387097
76,TXH1.2021,-96.4279874,30.5382703,144,2021-05-24,76,23.42,27.47,19.69,21.85,35.43,12.39,2.7,6.31,0.9,0.03,18.76,3.67,16.37,91.26,0.7,0.77,0,2.52,15.09,0.359444826,13.852,40.582,0.922,73.37938108,72.486,4.18987474308733,13.7233921478202,40.5818405411812,0.359444826496439,0.175325190896638,5.61242567727477,13.1475743227252,15.58,0.708181818181818,7.78,215.81416,0.889088575096277,0.269427839
77,TXH1.2021,-96.4279874,30.5382703,145,2021-05-25,77,24.14,28.26,21.24,22.49,35.2,15.4,7.96,7.58,1.02,0.02,11.2,3.52,17.03,90.85,0.72,0.77,0,2.57,7.68,0.456770716,13.869,40.633,2.717,74.5737281,73.4364,5.20769260287729,13.740391677326,40.6325887426436,0.456770716041717,0.18638735939268,7.02545351344195,4.17454648655805,16.75,0.761363636363636,7.02,232.30575,0.828,0.314001657
78,TXH1.2021,-96.4279874,30.5382703,146,2021-05-26,78,25.52,29.85,21.62,22.81,35.06,22.23,16.79,10.6,1.39,0.03,1.17,7.83,17.33,85.8,0.71,0.74,0,2.29,-6.66,0.617669122,13.886,40.681,5.731,76.3789984,74.9316,7.51736542176706,13.7568654586004,40.6811564938931,0.617669121975589,0.19615092399583,10.1984438780626,-9.02844387806262,17.735,0.806136363636364,8.23,246.26821,0.782971525232591,0.415360502
79,TXH1.2021,-96.4279874,30.5382703,147,2021-05-27,79,25.75,30.82,21.05,22.52,35.23,23.45,17.2,11.01,1.42,0.04,0.03,10.72,17.07,83.48,0.7,0.72,0,2.59,-10.69,0.741782726,13.903,40.728,5.871,76.500999,75.0572,7.93006638129341,13.7728042097979,40.7275605512755,0.741782725978571,0.198185062302173,10.7700359060723,-10.7400359060723,17.935,0.815227272727273,9.77,249.350305,0.775188179537218,0.427572816
80,TXH1.2021,-96.4279874,30.5382703,148,2021-05-28,80,24.69,27.3,21.65,23.04,35.58,18.71,8.49,9.12,1.24,0.04,23.38,2.83,17.63,90.9,0.71,0.78,0,1.67,20.55,0.292060896,13.919,40.772,2.898,75.5189779,74.1844,6.32734118860741,13.7881988266174,40.7718174753256,0.292060896417736,0.183735799220131,8.52162329678425,14.8583767032157,16.475,0.748863636363636,5.65,229.315525,0.844855842185129,0.369380316
81,TXH1.2021,-96.4279874,30.5382703,149,2021-05-29,81,24.95,29.98,20.18,21.78,34.05,25.27,20.34,11.86,1.56,0.04,2.25,8.27,16.36,83.93,0.72,0.75,0,1.63,-6.02,0.692624037,13.934,40.814,6.944,75.23863965,73.9908,8.54616829921659,13.8030403984841,40.8139435893941,0.692624036829883,0.189611722681222,11.5502452204202,-9.30024522042021,17.08,0.776363636363636,9.8,237.99272,0.815807962529274,0.475350701
82,TXH1.2021,-96.4279874,30.5382703,150,2021-05-30,82,24.02,28.48,20.79,20.87,34.4,20,9.17,9.59,1.3,0.03,0.88,8.33,15.41,83.59,0.71,0.74,0,2.04,-7.45,0.70374793,13.949,40.854,3.131,73.68036482,72.7332,6.7642509740367,13.8173202247461,40.8539549398189,0.703747930077576,0.185274629293012,9.11780001154943,-8.23780001154943,16.635,0.756136363636364,7.69,232.041615,0.838533213104899,0.399250624
83,TXH1.2021,-96.4279874,30.5382703,151,2021-05-31,83,24.28,29.15,20.18,21.82,35.22,19.36,7.09,9.29,1.24,0.03,18.02,6.11,16.33,87,0.71,0.77,0,2.01,11.91,0.587415538,13.964,40.892,2.421,74.438164,73.3352,6.54821497481515,13.8310298308272,40.8918672576679,0.587415537616741,0.185564365605413,8.82759056771204,9.19240943228796,16.665,0.7575,8.97,232.71006,0.837923792379238,0.38261944
84,TXH1.2021,-96.4279874,30.5382703,152,2021-06-01,84,23.73,27.83,20.17,21.44,35.09,15.58,0.76,7.71,1.06,0.03,13.91,4.86,15.97,87.75,0.74,0.8,0,1.55,9.05,0.497802292,13.977,40.928,0.26,73.58789425,72.6484,5.27007502562071,13.8441609842821,40.9276959220729,0.49780229242838,0.179230706631199,7.07575791874859,6.83424208125141,16,0.727272727272727,7.66,223.632,0.8735625,0.324905183
85,TXH1.2021,-96.4279874,30.5382703,153,2021-06-02,85,23.73,28.61,18.3,20.29,34.75,23.94,18.79,11.32,1.51,0.04,10.12,5.88,14.93,82.24,0.74,0.78,0,0.73,4.24,0.629152617,13.991,40.961,6.418,73.08137648,72.2344,8.09857772926814,13.8567057106932,40.9614559251719,0.629152616753904,0.174176791449783,10.8358566137101,-0.715856613710129,15.455,0.7025,10.31,216.230905,0.90527337431252,0.477033291
86,TXH1.2021,-96.4279874,30.5382703,154,2021-06-03,86,22.83,25.71,20.39,21.5,34.84,11.2,7.04,5.66,0.79,0.02,19.53,1.31,16.06,92.52,0.76,0.81,0,1.11,18.22,0.285358491,14.003,40.993,2.405,72.47303284,71.77,3.789142961844,13.8686563093517,40.9931618386728,0.28535849066247,0.170499463404466,5.05636981691814,14.4736301830819,15.05,0.684090909090909,5.32,210.74515,0.930431893687708,0.247919404
87,TXH1.2021,-96.4279874,30.5382703,155,2021-06-04,87,22.94,26.07,20.99,21.51,34.93,14.3,1.61,7.14,0.98,0.03,11.14,2.27,16.06,91.89,0.78,0.82,0,2.06,8.87,0.364425136,14.015,41.023,0.55,72.60990034,71.8836,4.83838115271823,13.8800053686617,41.0228277820471,0.364425136453733,0.174865067105457,6.47559285177162,4.66440714822838,15.53,0.705909090909091,5.08,217.65295,0.902446877012234,0.311246731
88,TXH1.2021,-96.4279874,30.5382703,156,2021-06-05,88,24.63,28.72,20.93,22.03,34.66,19.6,12.23,9.45,1.28,0.03,6.3,6.15,16.63,86.28,0.78,0.81,0,1.5,0.15,0.560036143,14.027,41.05,4.179,74.95051636,73.7608,6.63229031497843,13.8907457812089,41.050467392361,0.560036142998847,0.187116082376411,8.94540878359936,-2.64540878359936,16.825,0.764772727272727,7.79,236.004275,0.83369985141159,0.383678441
89,TXH1.2021,-96.4279874,30.5382703,157,2021-06-06,89,25.54,29.99,21.13,22.92,34.32,24.88,22.03,11.69,1.54,0.04,1.01,6.4,17.62,86.35,0.78,0.8,0,1.9,-5.39,0.577891872,14.037,41.076,7.528,76.4726021,74.9912,8.41982848197732,13.9008707584318,41.0760937957446,0.577891872298452,0.194385498961761,11.4030402748846,-10.3930402748846,17.56,0.798181818181818,8.86,246.48972,0.799373576309795,0.457713391
90,TXH1.2021,-96.4279874,30.5382703,158,2021-06-07,90,26.12,29.59,23.11,24.35,36.14,12.1,1.82,6.02,0.81,0.02,4.85,4.01,19.19,90.24,0.77,0.8,0,2.66,0.84,0.439045635,14.048,41.1,0.622,77.88786112,76.086,4.09529615385473,13.9103738448378,41.0997195805018,0.439045634602651,0.202462592869932,5.56979148492946,-0.719791484929456,18.35,0.834090909090909,6.48,257.7808,0.765558583106267,0.230474732
91,TXH1.2021,-96.4279874,30.5382703,159,2021-06-08,91,26.22,29.15,23.87,24.09,35.99,17.61,8.66,8.52,1.16,0.03,1.8,3.41,18.82,88.63,0.77,0.79,0,2.17,-1.61,0.500531545,14.057,41.121,2.96,77.87050814,76.0924,5.96084353556781,13.9192489317038,41.1213567718575,0.500531545496829,0.204132379155638,8.11305892284217,-6.31305892284217,18.51,0.841363636363636,5.28,260.19507,0.759427336574825,0.324942792
92,TXH1.2021,-96.4279874,30.5382703,160,2021-06-09,92,26.56,30.53,23.61,24.41,35.45,24.03,19.79,11.23,1.43,0.04,0.06,4.7,19.16,88.52,0.77,0.79,0,2.3,-4.64,0.586112495,14.066,41.141,6.766,78.43104288,76.5476,8.13488866238202,13.9274902702046,41.141016808338,0.58611249519035,0.210068166997816,11.1033741860212,-11.0433741860212,19.07,0.866818181818182,6.92,268.23862,0.737598321971683,0.422816265
93,TXH1.2021,-96.4279874,30.5382703,161,2021-06-10,93,26.74,31.27,22.09,23.85,34.41,25.85,22.7,11.97,1.52,0.04,0,8.24,18.56,84.99,0.76,0.78,0,2.34,-8.24,0.653112091,14.074,41.159,7.762,78.30489274,76.526,8.75202687742148,13.9350924839117,41.1587105197793,0.653112090635009,0.205919206639115,11.920027307529,-11.920027307529,18.68,0.849090909090909,9.18,262.90232,0.753426124197002,0.447643979
94,TXH1.2021,-96.4279874,30.5382703,162,2021-06-11,94,26.83,31.77,21.97,23.61,34.8,25.22,22.91,11.81,1.53,0.04,0,10.21,18.31,83.54,0.74,0.76,0,2.43,-10.21,0.751410861,14.082,41.174,7.835,78.27572418,76.5296,8.53972625764433,13.9420505806099,41.1744481069553,0.751410861055128,0.207931800360598,11.641126968902,-11.641126968902,18.87,0.857727272727273,9.8,265.72734,0.746263910969794,0.440178904
95,TXH1.2021,-96.4279874,30.5382703,163,2021-06-12,95,27.46,32.34,21.9,23.72,35.3,22.34,13.94,10.54,1.38,0.04,0,9.42,18.43,81.03,0.73,0.75,0,1.05,-9.42,0.803215249,14.089,41.188,4.768,78.98363962,77.1992,7.56542081473016,13.9483599633775,41.1882391228185,0.803215248981576,0.210605133029047,10.3251514164835,-10.3251514164835,19.12,0.869090909090909,10.44,269.38168,0.736872384937239,0.383831027
96,TXH1.2021,-96.4279874,30.5382703,164,2021-06-13,96,28.3,32.78,23.57,23.62,35.37,26.34,24.4,12.23,1.57,0.04,0,8.08,18.3,77.32,0.72,0.75,0,0.99,-8.08,1.021520131,14.095,41.2,8.348,79.8289844,78.0032,8.92106719059578,13.9540164408834,41.2000924553425,1.02152013053782,0.222207172397735,12.2383891180333,-12.2383891180333,20.175,0.917045454545455,9.21,284.366625,0.698636926889715,0.432155477
97,TXH1.2021,-96.4279874,30.5382703,165,2021-06-14,97,27.72,32.7,22.36,23.72,36.14,22.85,17.52,10.85,1.43,0.04,2.1,6.48,18.5,79.64,0.71,0.74,0,1.29,-4.38,0.890147299,14.101,41.21,5.995,79.22012592,77.4592,7.73995134089493,13.9590162368511,41.2100163119587,0.890147298839235,0.21505194795726,10.5829561327045,-8.48295613270449,19.53,0.887727272727273,10.34,275.39253,0.722017409114183,0.391414141
98,TXH1.2021,-96.4279874,30.5382703,166,2021-06-15,98,28.67,33.36,24.65,23.89,35.46,28.04,29.74,13.15,1.72,0.04,5.4,8.89,18.59,76.84,0.71,0.75,0,0.96,-3.49,1.153164054,14.106,41.218,10.178,80.34430772,78.4704,9.49906179985087,13.9633559986502,41.2180182055766,1.15316405381987,0.231707992643074,13.0798501470063,-7.67985014700628,21.005,0.954772727272727,8.71,296.29653,0.671554391811474,0.458667597
99,TXH1.2021,-96.4279874,30.5382703,167,2021-06-16,99,28.47,33.56,22.18,22.65,34.36,28.99,31.96,13.47,1.75,0.04,0.42,10.82,17.25,72.85,0.71,0.73,0,1.02,-10.4,1.181151201,14.111,41.224,10.94,79.47614105,77.824,9.82202722373497,13.967032804973,41.2241049421768,1.18115120091864,0.21879916277289,13.449511640793,-13.029511640793,19.87,0.903181818181818,11.38,280.38557,0.71016607951686,0.47312961
100,TXH1.2021,-96.4279874,30.5382703,168,2021-06-17,100,28.39,33.18,23.62,22.84,35.43,25.94,23.58,12.16,1.59,0.04,0.1,10.93,17.47,72.98,0.69,0.72,0,0.92,-10.83,1.216441334,14.114,41.228,8.072,79.37159178,77.8124,8.78966871515124,13.9700441725624,41.2282826099701,1.21644133433727,0.224749763979698,12.0656662215403,-11.9656662215403,20.4,0.927272727272727,9.56,287.9256,0.691862745098039,0.428319831
101,TXH1.2021,-96.4279874,30.5382703,169,2021-06-18,101,27.13,31.52,21.21,19.95,33.98,28.98,32.45,13.53,1.76,0.05,0.01,12.13,14.64,66.99,0.68,0.7,0,1,-12.12,1.242196437,14.117,41.231,11.11,76.68837313,75.512,9.82086684536956,13.9723880619582,41.2305565701122,1.24219643684447,0.202618645507857,13.3409553979825,-13.3309553979825,18.365,0.834772727272727,10.31,259.258705,0.768690443778927,0.498709915
102,TXH1.2021,-96.4279874,30.5382703,170,2021-06-19,102,27.03,32.45,20.69,20.81,33.19,28.69,29.24,13.13,1.7,0.04,0,12.44,15.53,70.28,0.67,0.69,0,1.28,-12.44,1.200367336,14.12,41.231,10.014,76.95097716,75.7216,9.72366740216876,13.9740628822365,41.2309314489658,1.20036733584662,0.204761528701557,13.2219157352138,-13.2219157352138,18.57,0.844090909090909,11.76,262.2084,0.760366182014001,0.485756567
103,TXH1.2021,-96.4279874,30.5382703,171,2021-06-20,103,27.24,31.69,22.89,24.28,35.73,21.58,8.27,10.28,1.39,0.04,0.75,8.12,19.11,84.71,0.66,0.68,0,2.48,-7.37,0.69699882,14.121,41.229,2.832,79.09512396,77.1808,7.31472869139844,13.9750674947179,41.2294111319056,0.696998819568035,0.212439458604954,9.98259457611722,-9.23259457611722,19.29,0.876818181818182,8.8,272.39409,0.73203732503888,0.377386197
104,TXH1.2021,-96.4279874,30.5382703,172,2021-06-21,104,28.21,32,25.08,25.18,37.5,20.46,13.63,9.86,1.31,0.03,6.48,7.74,20.16,84.61,0.65,0.69,0,2.2,-1.26,0.76691368,14.122,41.226,4.669,80.68066619,78.4748,6.9358346063532,13.975401215629,41.2259987586572,0.766913680384887,0.22634411926949,9.52309914058287,-3.04309914058287,20.54,0.933636363636364,6.92,290.06588,0.687536514118793,0.349521446
105,TXH1.2021,-96.4279874,30.5382703,173,2021-06-22,105,26.03,29.58,22.13,23.16,36.99,18.21,13.93,8.89,1.21,0.03,9.28,7.51,17.86,85.1,0.66,0.71,0,1.99,1.77,0.566673686,14.123,41.221,4.773,77.1450147,75.5676,6.17374116327935,13.9750638177023,41.2206967201687,0.566673685739515,0.197369286581059,8.35974310017422,0.920256899825784,17.855,0.811590909090909,7.45,252.166165,0.790982917950154,0.341529005
106,TXH1.2021,-96.4279874,30.5382703,174,2021-06-23,106,28.36,33.23,23.1,24.79,36.03,27.24,25.72,12.85,1.67,0.04,0.17,10.63,19.62,82.08,0.65,0.68,0,1.86,-10.46,0.832545324,14.122,41.214,8.813,80.57926912,78.4844,9.2361292093979,13.974055530709,41.2135066570089,0.832545324461954,0.222094731541422,12.6559409939522,-12.4859409939522,20.165,0.916590909090909,10.13,284.77013,0.700322340689313,0.453102962
107,TXH1.2021,-96.4279874,30.5382703,175,2021-06-24,107,28.34,32.99,23.99,24.95,36.1,26.24,24.23,12.49,1.64,0.04,0.26,9.01,19.8,83.04,0.64,0.66,0,2.35,-8.75,0.846343776,14.121,41.204,8.304,80.67888064,78.522,8.89795535006656,13.9723770409206,41.2044294592929,0.846343775539809,0.225773619835935,12.2104792050658,-11.9504792050658,20.49,0.931363636363636,9,289.33929,0.689165446559297,0.440719831
108,TXH1.2021,-96.4279874,30.5382703,176,2021-06-25,108,27.89,32.15,23.87,24.81,35.62,26.5,22.09,12.46,1.6,0.04,0.41,6.99,19.65,84.32,0.63,0.65,0,2.55,-6.58,0.745842805,14.12,41.193,7.572,80.11481952,78.0216,8.98700264865068,13.9700294895023,41.193465268133,0.745842804919064,0.220358001043097,12.3027995133153,-11.8927995133153,20.01,0.909545454545454,8.28,282.5412,0.705647176411794,0.446755109
109,TXH1.2021,-96.4279874,30.5382703,177,2021-06-26,109,27.84,32.59,24.1,23.84,35.3,26.71,25.15,12.57,1.64,0.04,0.37,8.19,18.55,80.25,0.62,0.63,0,2.76,-7.82,1.003330816,14.117,41.181,8.622,79.492834,77.6224,9.05909176616152,13.967014469847,41.1806134786162,1.00333081576914,0.22412599621125,12.420531091439,-12.050531091439,20.345,0.924772727272727,8.49,287.210365,0.693880560334234,0.451508621
110,TXH1.2021,-96.4279874,30.5382703,178,2021-06-27,110,27.01,31.61,23.18,23.68,35.82,16.41,8.22,8.07,1.1,0.03,6.54,5.42,18.37,83.27,0.62,0.65,0,1.75,1.12,0.818467599,14.114,41.166,2.818,78.53680473,76.7348,5.56622017355883,13.9633340238601,41.1658727443119,0.818467599179105,0.213579120354805,7.59508723655948,-1.05508723655948,19.395,0.881590909090909,8.43,273.74103,0.727713328177365,0.29877823
111,TXH1.2021,-96.4279874,30.5382703,179,2021-06-28,111,24.57,26.83,23.01,23.3,35.81,13.42,1.14,6.78,0.95,0.03,12.78,1.65,17.92,92.8,0.63,0.69,0,1.74,11.13,0.309705181,14.111,41.149,0.391,75.5042504,74.158,4.55244495098726,13.9589906372158,41.1492409833118,0.30970518138849,0.188042576215716,6.12825451922154,6.65174548077846,16.92,0.769090909090909,3.82,238.75812,0.833983451536643,0.275946276
112,TXH1.2021,-96.4279874,30.5382703,180,2021-06-29,112,25.68,28.93,23.23,23.81,35.66,17.88,10.02,8.79,1.2,0.03,6.63,3.31,18.43,89.88,0.64,0.69,0,1.62,3.32,0.469058012,14.106,41.131,3.436,77.09833216,75.4516,6.06596042389598,13.9539872336042,41.1307153858083,0.469058012207156,0.199670890373713,8.21838487417561,-1.58838487417561,18.08,0.821818181818182,5.7,255.03648,0.780199115044248,0.34228972
113,TXH1.2021,-96.4279874,30.5382703,181,2021-06-30,113,27.36,32.25,22.36,23.27,36.06,25.37,22.43,12.11,1.59,0.04,0.73,9.45,17.84,80.14,0.64,0.66,0,1,-8.72,0.906756973,14.101,41.11,7.694,78.70862096,76.9372,8.60779720584748,13.9483271679987,41.1102924232154,0.906756973192836,0.212601953714866,11.7366920950302,-11.0066920950302,19.305,0.8775,9.89,272.219805,0.730432530432531,0.442616959
114,TXH1.2021,-96.4279874,30.5382703,182,2021-07-01,114,28.32,33.23,23.09,23.04,36.01,27.05,26,12.86,1.67,0.04,0.42,10.69,17.65,75.21,0.63,0.64,0,0.65,-10.27,1.143807688,14.096,41.088,8.92,79.57064728,77.8144,9.17863560249294,13.9420142189741,41.0879678588415,1.14380768767674,0.222038529040007,12.5673592193313,-12.1473592193313,20.16,0.916363636363636,10.14,284.17536,0.699206349206349,0.454096045
115,TXH1.2021,-96.4279874,30.5382703,183,2021-07-02,115,27.58,31.78,23.72,23.7,36.48,20.07,12.7,9.65,1.27,0.03,2.45,5.32,18.37,80.64,0.62,0.64,0,1.22,-2.87,0.884422508,14.089,41.064,4.357,79.12638688,77.312,6.81079042846494,13.9350525801106,41.0637367601187,0.884422507842528,0.217470400908393,9.30565436379464,-6.85565436379464,19.75,0.897727272727273,8.06,278.25775,0.713367088607595,0.349891226
116,TXH1.2021,-96.4279874,30.5382703,184,2021-07-03,116,26.59,30.35,24.07,23.94,37.05,8.25,1.79,4.24,0.6,0.01,16.85,3.25,18.65,86.11,0.63,0.69,0,0.66,13.6,0.689524221,14.082,41.038,0.614,78.19185251,76.4084,2.79990678503397,13.9274468505245,41.0375935123973,0.689524220715126,0.211574580414845,3.81476814648439,13.0352318535156,19.21,0.873181818181818,6.28,270.51522,0.733055700156169,0.159458443
117,TXH1.2021,-96.4279874,30.5382703,185,2021-07-04,117,26.68,30.56,23.45,24.31,37.73,16.16,6.7,8.07,1.14,0.03,11.82,5.43,19.11,87.65,0.65,0.71,0,1.28,6.39,0.594134558,14.075,41.01,2.3,78.5280198,76.6316,5.48492739750787,13.9192020245671,41.0095318343149,0.594134558206988,0.20937183265793,7.46442633199608,4.35557366800392,19.005,0.863863636363636,7.11,267.495375,0.740594580373586,0.302473763
118,TXH1.2021,-96.4279874,30.5382703,186,2021-07-05,118,26.01,28.27,24.18,24.19,36.68,17.46,8.31,8.51,1.16,0.03,10.86,3.3,18.94,90.03,0.66,0.71,0,1.62,7.56,0.409905503,14.066,40.98,2.852,77.67644497,75.9184,5.92671902995044,13.9103234807402,40.9795447947453,0.409905503410912,0.201166082569389,8.03165713810815,2.82834286189185,18.225,0.828409090909091,4.09,256.35285,0.771796982167353,0.327181853
119,TXH1.2021,-96.4279874,30.5382703,187,2021-07-06,119,26.66,31.37,23.44,23.84,36.2,22.4,16.17,10.74,1.42,0.04,5.59,7.23,18.54,85.63,0.67,0.71,0,1.72,-1.64,0.781181561,14.057,40.948,5.551,78.25017842,76.4424,7.60430675546588,13.9008169698756,40.9476248313364,0.78118156071797,0.213687927106414,10.3679823399096,-4.77798233990964,19.405,0.882045454545455,7.93,272.776085,0.72440092759598,0.402850713
120,TXH1.2021,-96.4279874,30.5382703,188,2021-07-07,120,26.22,29.98,22.23,22.69,35.7,21.8,14.84,10.47,1.39,0.04,0.99,8.77,17.27,82.15,0.66,0.68,0,1.71,-7.78,0.702499381,14.048,40.914,5.095,77.1150827,75.5884,7.40134819262632,13.8906886026328,40.9137637706438,0.702499381044088,0.199928012762283,10.0215432560958,-9.03154325609579,18.105,0.822954545454546,7.75,254.33904,0.775918254625794,0.399313501
121,TXH1.2021,-96.4279874,30.5382703,189,2021-07-08,121,25.8,30.52,22.07,23.11,36.22,18.65,10.31,9.11,1.25,0.03,12.19,6.8,17.72,86.1,0.65,0.7,0,2.52,5.39,0.685046046,14.038,40.878,3.541,76.877362,75.3196,6.33253265272306,13.8799448363672,40.8779528498657,0.685046046272761,0.201891264790796,8.58230378037059,3.60769621962941,18.295,0.831590909090909,8.45,256.82521,0.767313473626674,0.353100775
122,TXH1.2021,-96.4279874,30.5382703,190,2021-07-09,122,25.34,28.26,23.39,23.88,37.03,12.41,0.77,6.39,0.92,0.03,14.43,2.71,18.53,91.82,0.67,0.74,0,2.74,11.72,0.394458,14.027,40.84,0.264,76.72965612,75.1368,4.21421308374715,13.8685924614264,40.8401827401826,0.394458000395101,0.19706410032446,5.69616824829439,8.73383175170561,17.825,0.810227272727273,4.87,250.031275,0.786928471248247,0.252170481
123,TXH1.2021,-96.4279874,30.5382703,191,2021-07-10,123,27.41,32.45,22.87,24.01,36.23,24.64,20.25,11.82,1.56,0.04,1.08,9.47,18.68,83.18,0.68,0.7,0,2.18,-8.39,0.846488884,14.016,40.8,6.956,79.17900162,77.2536,8.36823193311473,13.856638586932,40.800443571707,0.84648888424298,0.21647828571077,11.419447210685,-10.339447210685,19.66,0.893636363636364,9.58,275.55456,0.712919633774161,0.431229478
124,TXH1.2021,-96.4279874,30.5382703,192,2021-07-11,124,26.83,30.44,22.88,23.87,36.4,18.82,7.49,9.01,1.19,0.03,1.61,6.06,18.54,84.84,0.66,0.69,0,2.13,-4.45,0.609487694,14.004,40.759,2.573,78.43512628,76.6232,6.39239293767716,13.8440906261052,40.7587249600422,0.609487694048103,0.205708311195896,8.67741679759754,-7.06741679759754,18.66,0.848181818181818,7.56,261.31464,0.75048231511254,0.335818114
125,TXH1.2021,-96.4279874,30.5382703,193,2021-07-12,125,25.94,28.61,22.7,23.62,36.45,13.19,2.36,6.46,0.85,0.02,12.17,2.99,18.23,87.53,0.67,0.73,0,1.62,9.18,0.421023817,13.991,40.715,0.811,77.27283918,75.6432,4.48066416563925,13.8309562811968,40.7150160344496,0.421023817209209,0.195342204940997,6.04847428453276,6.12152571546724,17.655,0.8025,5.91,247.011105,0.792466723307845,0.249036237
126,TXH1.2021,-96.4279874,30.5382703,194,2021-07-13,126,25.51,29.68,21.94,23.03,36.01,21.21,11.39,10.1,1.32,0.04,9.11,3.69,17.54,87.19,0.68,0.74,0,0.9,5.42,0.585482385,13.978,40.669,3.915,76.51467731,75.0008,7.20601770452958,13.8172435280812,40.6693054676215,0.585482384786434,0.196911656226788,9.73454534379671,-0.624545343796706,17.81,0.809545454545455,7.74,248.94818,0.784839977540707,0.395923167
127,TXH1.2021,-96.4279874,30.5382703,195,2021-07-14,127,25.83,29.58,22.43,23.78,35.79,21.39,14.51,10.24,1.35,0.04,6.28,3.85,18.34,89.09,0.69,0.73,0,1.55,2.43,0.483211511,13.964,40.622,4.988,77.26425753,75.5908,7.2681888861226,13.8029606005739,40.6215815070517,0.483211510888579,0.198901192428116,9.82769824282696,-3.54769824282696,18.005,0.818409090909091,7.15,251.42182,0.775562343793391,0.39643825
128,TXH1.2021,-96.4279874,30.5382703,196,2021-07-15,128,26.46,30.22,23.21,24.08,35.64,23.98,17.43,11.43,1.5,0.04,2.7,4.79,18.73,87.53,0.69,0.72,0,1.87,-2.09,0.572816809,13.95,40.572,5.993,78.14464362,76.3288,8.14947229901185,13.7881159745336,40.5718320079949,0.572816809111463,0.20628871130179,11.0597681818231,-8.35976818182314,18.715,0.850681818181818,7.01,261.07425,0.745391397274913,0.431972789
129,TXH1.2021,-96.4279874,30.5382703,197,2021-07-16,129,26.93,30.57,24.09,24.42,35.81,23.84,15.69,11.31,1.46,0.04,0.96,4.78,19.15,86.89,0.68,0.71,0,2.29,-3.82,0.631931885,13.935,40.52,5.396,78.85351223,76.9212,8.10318966373196,13.7727183518067,40.5200444680018,0.631931884661928,0.212873011106532,11.0302880412362,-10.0702880412362,19.33,0.878636363636364,6.48,269.36355,0.720900155199172,0.41997772
130,TXH1.2021,-96.4279874,30.5382703,198,2021-07-17,130,27.76,32.55,23.07,24.15,35.04,26.54,22.64,12.46,1.59,0.04,0.04,8.35,18.81,82.04,0.68,0.7,0,1.82,-8.31,0.852042582,13.92,40.466,7.788,79.60044096,77.654,9.02246312800295,13.7567766440733,40.4662060630131,0.852042582086028,0.218133931610242,12.3092062939603,-12.2692062939603,19.81,0.900454545454545,9.48,275.7552,0.702675416456335,0.448847262
131,TXH1.2021,-96.4279874,30.5382703,199,2021-07-18,131,27.91,32.11,23.52,24.31,35.88,24.52,15.87,11.61,1.49,0.04,0.11,7.94,18.98,81.99,0.66,0.69,0,1.22,-7.83,0.801798614,13.904,40.41,5.46,79.83710491,77.8616,8.33728342066936,13.7402999566516,40.4103036849918,0.801798613885158,0.218189302544921,11.372616057985,-11.262616057985,19.815,0.900681818181818,8.59,275.50776,0.701690638405249,0.415979936
132,TXH1.2021,-96.4279874,30.5382703,200,2021-07-19,132,27.83,32.29,23.98,23.69,36.67,19.5,9.64,9.35,1.23,0.03,1.61,6.96,18.33,79.8,0.66,0.68,0,1.27,-5.35,0.97791762,13.888,40.352,3.318,79.4171566,77.5584,6.63169493746365,13.7232975723153,40.352323981069,0.977917620429412,0.221757695720171,9.05854476857174,-7.44854476857174,20.135,0.915227272727273,8.31,279.63488,0.689744226471319,0.335968379
133,TXH1.2021,-96.4279874,30.5382703,201,2021-07-20,133,26.37,30.38,22.9,22.76,35.94,21.4,12.88,9.81,1.21,0.03,1.17,7.84,17.33,81.75,0.65,0.67,0,1.63,-6.67,0.795519956,13.871,40.292,4.434,77.31135025,75.7636,7.27940595288825,13.705778935179,40.2922533941739,0.795519956387739,0.205497597472903,9.86594520283107,-8.69594520283107,18.64,0.847272727272727,7.48,258.55544,0.744152360515021,0.372013652
134,TXH1.2021,-96.4279874,30.5382703,202,2021-07-21,134,26.91,31.38,22.42,22.61,35.62,20.24,14.26,9.41,1.2,0.03,2.9,7.26,17.16,78.89,0.64,0.67,0,1.18,-4.36,0.907665044,13.854,40.23,4.911,77.83283601,76.2496,6.88639311496889,13.687753634702,40.2300782051157,0.90766504424763,0.208251085530713,9.34390582296623,-6.44390582296623,18.9,0.859090909090909,8.96,261.8406,0.733015873015873,0.349684132
135,TXH1.2021,-96.4279874,30.5382703,203,2021-07-22,135,26.64,31.36,22.72,22.81,35.71,24.39,20,11.45,1.47,0.04,3.97,6.51,17.3,80.91,0.64,0.67,0,1.55,-2.54,0.89650816,13.836,40.166,6.889,77.64714976,76.0516,8.3004118335402,13.6692313898606,40.1657845760774,0.896508159763602,0.209746540320546,11.26796856475,-7.29796856475001,19.04,0.865454545454545,8.64,263.43744,0.726680672268908,0.429804805
136,TXH1.2021,-96.4279874,30.5382703,204,2021-07-23,136,27.5,32.98,22.58,23.61,35.59,26.23,22.56,12.32,1.58,0.04,1.06,7.51,18.19,80.98,0.64,0.65,0,2.29,-6.45,0.966872296,13.817,40.099,7.774,79.041665,77.1996,8.92895389054937,13.650222033536,40.0993585954805,0.966872296494273,0.217801953916405,12.1636154460427,-11.1036154460427,19.78,0.899090909090909,10.4,273.30026,0.698533872598585,0.448
137,TXH1.2021,-96.4279874,30.5382703,205,2021-07-24,137,28.1,34.17,23.14,23.39,34.29,27.94,28.41,12.89,1.65,0.04,0.03,8.54,17.97,77.88,0.62,0.63,0,2.27,-8.51,1.225130538,13.799,40.031,9.793,79.5895972,77.7204,9.5137464127393,13.6307354971624,40.0307863241714,1.22513053812247,0.227660863804525,13.0117813967878,-12.9817813967878,20.655,0.938863636363637,11.03,285.018345,0.668070685064149,0.458718861
138,TXH1.2021,-96.4279874,30.5382703,206,2021-07-25,138,27.64,33.72,21.81,22.03,33.68,28.15,30.12,13.07,1.69,0.04,0,7.25,16.61,74.23,0.61,0.61,0,1.55,-7.25,1.276367587,13.779,39.96,10.386,78.38551028,76.7708,9.58816294529546,13.6107817956766,39.9600538428781,1.27636758682348,0.217636124353491,13.0530012711318,-13.0530012711318,19.765,0.898409090909091,11.91,272.341935,0.697141411586137,0.472865412
139,TXH1.2021,-96.4279874,30.5382703,207,2021-07-26,139,28.26,34.54,22.56,21.78,34.26,27.18,28.7,12.64,1.65,0.04,0,6.09,16.4,71.2,0.6,0.59,0,1.16,-6.09,1.499679293,13.76,39.887,9.901,78.9289088,77.3008,9.26078471698545,13.5903710128083,39.8871473008792,1.49967929339828,0.226458364309238,12.6515243254422,-12.6515243254422,20.55,0.934090909090909,11.98,282.768,0.669586374695864,0.447275301
140,TXH1.2021,-96.4279874,30.5382703,208,2021-07-27,140,28.53,34.74,22.72,21.16,35.76,24.66,18.89,11.58,1.49,0.04,0.25,4.77,15.77,67.93,0.6,0.58,0,1.07,-4.52,1.640689246,13.74,39.812,6.519,78.88193471,77.3476,8.40509777123257,13.5695132867489,39.8120529658224,1.64068924599034,0.228523070892763,11.4883497321367,-11.2383497321367,20.73,0.942272727272727,12.02,284.8302,0.662807525325615,0.405888538
141,TXH1.2021,-96.4279874,30.5382703,209,2021-07-28,141,29.04,33.41,24.12,22.42,35.96,25.09,21.71,11.89,1.54,0.04,0.48,3.27,17,69.38,0.59,0.58,0,0.52,-2.79,1.363812579,13.719,39.735,7.496,79.84753248,78.3112,8.5548480200346,13.5482187962292,39.7347572746261,1.36381257904779,0.228926371526061,11.6906051804737,-11.2106051804737,20.765,0.943863636363636,9.29,284.875035,0.660679027209246,0.409435262
142,TXH1.2021,-96.4279874,30.5382703,210,2021-07-29,142,29.53,34.95,25.07,22.6,36.31,21.8,13.29,10.32,1.35,0.04,0.52,4.03,17.15,68.18,0.59,0.57,0,1.09,-3.51,1.651851064,13.698,39.655,4.591,80.40177846,78.866,7.43603114457199,13.5264977470394,39.655246885391,1.65185106375097,0.243666218292841,10.2154992602489,-9.69549926024894,22.01,1,9.88,301.49298,0.622353475692867,0.34947511
143,TXH1.2021,-96.4279874,30.5382703,211,2021-07-30,143,29.11,34.52,24.69,23.15,36.23,24.52,21.32,11.47,1.46,0.04,0.6,3.44,17.73,72.26,0.58,0.56,0,0.98,-2.84,1.457409247,13.677,39.574,7.368,80.37045714,78.644,8.36738835214812,13.5043603590168,39.5735087302461,1.45740924651569,0.238786430082358,11.4693582946768,-10.8693582946768,21.605,0.982045454545455,9.83,295.491585,0.633047905577413,0.394022673
144,TXH1.2021,-96.4279874,30.5382703,212,2021-07-31,144,29.45,35.83,23.99,23.04,36.35,25.29,22.77,11.93,1.52,0.04,0.25,3.54,17.65,71.96,0.57,0.54,0,1.49,-3.29,1.617672239,13.655,39.49,7.873,80.8445178,78.9444,8.63406446289817,13.4818168535268,39.4895300690455,1.61767223851068,0.242453624549188,11.8456751793704,-11.5956751793704,21.91,0.995909090909091,11.84,299.18105,0.623231401186673,0.405093379
145,TXH1.2021,-96.4279874,30.5382703,213,2021-08-01,145,29.69,36.16,24.56,22.65,36.52,25.33,21.98,11.84,1.5,0.04,0.99,3.36,17.25,69.48,0.57,0.54,0,1.9,-2.37,1.788955227,13.633,39.403,7.605,80.83558588,79.044,8.65189916049556,13.4588774414581,39.4032985438319,1.78895522670951,0.247950429866265,11.8878318468014,-10.8978318468014,22.36,1,11.6,304.83388,0.609704830053667,0.398787471
146,TXH1.2021,-96.4279874,30.5382703,214,2021-08-02,146,26.7,29.83,24.36,23.84,37.49,11.26,2.09,5.72,0.8,0.02,14.82,1.11,18.51,84.78,0.58,0.62,0,1.7,13.71,0.67003274,13.611,39.315,0.724,78.2133574,76.4824,3.84802441914826,13.4355523117516,39.3148022339755,0.670032740454584,0.210336505928659,5.20350122463807,9.61649877536193,19.095,0.867954545454546,5.47,259.902045,0.712804399057345,0.21423221
147,TXH1.2021,-96.4279874,30.5382703,215,2021-08-03,147,28.02,33.6,23.01,22.53,36.9,18.85,11.45,8.91,1.16,0.03,0.94,4.02,17.11,74.22,0.59,0.57,0,1.35,-3.08,1.275935857,13.588,39.224,3.967,78.97121956,77.3308,6.44537047577624,13.4118516204779,39.2240297118934,1.27593585686313,0.22367326081124,8.76382588949509,-7.82382588949509,20.305,0.922954545454546,10.59,275.90434,0.669194779610933,0.317987152
148,TXH1.2021,-96.4279874,30.5382703,216,2021-08-04,148,28.26,34.35,22.86,22.41,36.35,17.79,9.01,8.35,1.06,0.03,1.71,3.63,17.02,73.87,0.58,0.56,0,1.44,-1.92,1.393993352,13.565,39.131,3.123,79.29409538,77.5276,6.08645027438925,13.3877854804781,39.1309700992511,1.39399335162577,0.227087578006438,8.28291388038775,-6.57291388038775,20.605,0.936590909090909,11.49,279.506825,0.658335355496239,0.29547063
1,TXH2.2020,-96.4284433,30.5378851,71,2020-03-11,1,21.28,28.13,14.96,17.21,31.99,17.82,15.18,8.32,1.09,0.03,0.01,3.3,12.22,79.18,0.6,0.59,0,2.58,-3.29,0.791104407,11.843,30.617,5.872,68.89506896,68.6756,6.80481046862983,11.6916006139358,30.6172117358454,0.791104407051355,0.157402896969534,7.96432850998829,-7.95432850998829,13.545,0.615681818181818,13.17,160.413435,0.874344776670358,0.390977444
2,TXH2.2020,-96.4284433,30.5378851,72,2020-03-12,2,22.07,29.42,16.89,16.97,32.66,19.65,18.35,9.07,1.18,0.03,0.09,3.43,12.1,76.08,0.59,0.58,0,3.1,-3.34,1.080014598,11.874,30.821,7.069,69.92020744,69.3792,7.47409821899034,11.7230848226985,30.8209244803241,1.08001459823971,0.171446495011088,8.87719312626559,-8.78719312626559,15.155,0.688863636363637,12.53,179.95047,0.783503794127351,0.410965111
3,TXH2.2020,-96.4284433,30.5378851,73,2020-03-13,3,21.96,27.93,17.83,18.3,33.15,14.34,6.11,6.76,0.89,0.02,1.52,1.96,13.13,81.89,0.59,0.58,0,2.51,-0.44,0.800019497,11.905,31.024,2.345,70.18054356,69.748,5.43326322462827,11.7546196741571,31.0239425477025,0.800019496568373,0.168975534220189,6.46685517174258,-4.94685517174258,14.88,0.676363636363636,10.1,177.1464,0.800067204301075,0.307832423
4,TXH2.2020,-96.4284433,30.5378851,74,2020-03-14,4,22.99,28.19,19.29,18.76,33.88,12.03,1.3,5.93,0.81,0.02,0.53,2.31,13.46,79.06,0.59,0.58,0,2.72,-1.78,0.864972004,11.936,31.226,0.497,71.61045506,70.9436,4.54067547253803,11.7861992466544,31.2261860145666,0.864972004050242,0.176804455532272,5.45477700726029,-4.92477700726029,15.74,0.715454545454546,8.9,187.87264,0.758322744599746,0.257938234
5,TXH2.2020,-96.4284433,30.5378851,75,2020-03-15,5,22.15,28.44,17.38,18.54,34.01,8.52,1.82,4.31,0.59,0.02,0.86,2.29,13.24,81.7,0.58,0.57,0,1.33,-1.43,0.79622716,11.967,31.428,0.693,70.4739845,70.0244,3.20380438184623,11.8178176662962,31.4275762550835,0.796227160364496,0.169243624425381,3.84297930392455,-2.98297930392455,14.91,0.677727272727273,11.06,178.42797,0.80261569416499,0.194582393
6,TXH2.2020,-96.4284433,30.5378851,76,2020-03-16,6,20.36,24.95,16.19,17.13,32.93,10.6,1.21,5.23,0.7,0.02,0.2,1.32,12.13,83.16,0.58,0.57,0,0.98,-1.12,0.545644591,11.998,31.628,0.459,67.66178224,67.7268,3.97129851676245,11.8494691009746,31.6280360038833,0.545644590777556,0.149380532271704,4.70447873417045,-4.50447873417045,12.57,0.571363636363636,8.76,150.81486,0.954494828957836,0.256876228
7,TXH2.2020,-96.4284433,30.5378851,77,2020-03-17,7,22.44,28.66,17.79,18.74,33.85,14.83,7.32,7.11,0.95,0.02,1.76,1.87,13.46,81.46,0.58,0.57,0,2.27,-0.11,0.820238492,12.029,31.827,2.767,70.92444776,70.3864,5.53601381777319,11.8811477543144,31.8274894168086,0.820238492435097,0.172080312063799,6.7026756915811,-4.9426756915811,15.225,0.692045454545455,10.87,183.141525,0.79008210180624,0.31684492
8,TXH2.2020,-96.4284433,30.5378851,78,2020-03-18,8,23.38,29.05,19.57,19.35,34.51,10.68,3.54,5.34,0.75,0.02,0.65,2.06,14,79.97,0.58,0.56,0,3.22,-1.41,0.901148656,12.06,32.026,1.333,72.31210614,71.546,3.97270226874369,11.9128478595505,32.025862129415,0.901148655536064,0.182160176867027,4.85950066628105,-4.20950066628105,16.31,0.741363636363636,9.48,196.6986,0.739423666462293,0.228400342
9,TXH2.2020,-96.4284433,30.5378851,79,2020-03-19,9,23.47,28.02,20.57,19.79,34.9,9.56,3.88,4.79,0.67,0.02,2.47,1.49,14.42,81.21,0.57,0.56,0,3.26,0.98,0.795119665,12.091,32.223,1.456,72.56705713,71.7944,3.54373399637539,11.9445636733526,32.2230813131142,0.79511966497233,0.18201750498242,4.3494983632223,-1.8794983632223,16.295,0.740681818181818,7.45,197.022845,0.742006750536974,0.204090328
10,TXH2.2020,-96.4284433,30.5378851,80,2020-03-20,10,16.95,21.09,10.7,14.91,32.8,4.24,1.15,2.36,0.35,0.01,27.99,0.66,10.95,88.38,0.6,0.69,0,3.46,27.33,0.198279534,12.123,32.419,0.43,62.2217659,63.5176,1.56634531397005,11.9762894696049,32.4190757288504,0.198279534267796,0.115545567209859,1.80937681024834,26.1806231897517,7.895,0.358863636363636,10.39,95.711085,1.53552881570614,0.139233038
11,TXH2.2020,-96.4284433,30.5378851,81,2020-03-21,11,13.16,17.61,8.61,10.77,31.19,8.74,2.51,4.49,0.66,0.02,20.11,1.01,8.14,85.77,0.63,0.69,0,2.81,19.1,0.273250769,12.154,32.614,0.935,55.86894868,58.2372,3.2179681197748,12.0080195331553,32.6137757782143,0.273250768674908,0.0986698656180428,3.6243896726954,16.4856103273046,5.11,0.232272727272727,9,62.10694,2.37847358121331,0.34118541
12,TXH2.2020,-96.4284433,30.5378851,82,2020-03-22,12,19.2,26.23,13.13,17.49,34.57,8.48,1.61,4.42,0.65,0.02,3.29,2.97,12.66,90.48,0.65,0.69,0,1.53,0.32,0.460244775,12.185,32.807,0.598,66.1117984,66.6964,3.11204044758612,12.039748153544,32.8071135518966,0.460244774566133,0.142362140425911,3.73839384798372,-0.448393847983715,11.68,0.530909090909091,13.1,142.3208,1.04323630136986,0.230208333
13,TXH2.2020,-96.4284433,30.5378851,83,2020-03-23,13,22.74,28.4,18.59,19.88,34.6,13.66,5.78,6.64,0.91,0.02,0.21,4.77,14.49,85.11,0.64,0.66,0,2.23,-4.56,0.684347443,12.216,32.999,2.14,71.70914386,71.0968,4.99700477842681,12.071469618724,32.999022875396,0.684347443087662,0.174543586852963,6.18441916048709,-5.97441916048709,15.495,0.704318181818182,9.81,189.28692,0.78838334946757,0.291996482
14,TXH2.2020,-96.4284433,30.5378851,84,2020-03-24,14,23.5,30.18,19.65,18.67,31.56,19.01,20.91,8.84,1.16,0.03,0,6.26,13.64,76.1,0.64,0.65,0,2.49,-6.26,1.134986664,12.247,33.189,7.716,72.157365,71.4212,6.93236831479717,12.1031782087841,33.1894393518989,1.13498666405793,0.187993717215398,8.68068078491013,-8.68068078491013,16.915,0.768863636363636,10.53,207.158005,0.72403192432752,0.376170213
15,TXH2.2020,-96.4284433,30.5378851,85,2020-03-25,15,22.46,30.25,14.74,16.82,31.54,22.23,27.27,10.23,1.36,0.03,0,6.53,12.06,73.38,0.63,0.63,0,1.57,-6.53,1.074877933,12.278,33.378,10.031,70.31559652,69.7152,8.08184109453658,12.1348681896865,33.3783004022549,1.07487793305426,0.165566731532861,9.99970234489103,-9.99970234489103,14.495,0.658863636363637,15.51,177.96961,0.847050707140393,0.455476402
16,TXH2.2020,-96.4284433,30.5378851,86,2020-03-26,16,23.07,30.64,16.68,19.23,32.64,19.07,16.57,8.88,1.19,0.03,0,5.74,13.99,79.69,0.62,0.62,0,2.88,-5.74,0.920904132,12.309,33.566,6.076,71.79166817,71.1928,6.91232028595585,12.16653380703,33.5655453019822,0.92090413217597,0.176063512931305,8.6426415133966,-8.6426415133966,15.66,0.711818181818182,13.96,192.75894,0.786015325670498,0.384915475
17,TXH2.2020,-96.4284433,30.5378851,87,2020-03-27,17,23.87,31.28,17.94,19.39,33.07,20.72,15.18,9.56,1.26,0.03,0,5.63,14.17,77.51,0.61,0.6,0,3.25,-5.63,1.058995361,12.34,33.751,5.55,72.86739063,72.0504,7.48852492330074,12.198169279851,33.751115215239,1.05899536123211,0.185033473664472,9.4446474931602,-9.4446474931602,16.61,0.755,13.34,204.9674,0.742925948223962,0.400502723
18,TXH2.2020,-96.4284433,30.5378851,88,2020-03-28,18,21.23,26,14.37,16.97,32.28,7.45,0.54,3.89,0.54,0.01,3.29,1.57,12.68,78.46,0.61,0.61,0,2.38,1.72,0.565350607,12.371,33.935,0.197,68.76700742,68.5392,2.68489474297555,12.2297687944733,33.9349532257085,0.565350607258374,0.14630939542699,3.29699101040942,-0.00699101040941619,12.185,0.553863636363636,11.63,150.740635,1.01526466967583,0.183231276
19,TXH2.2020,-96.4284433,30.5378851,89,2020-03-29,19,18.05,25.64,10.17,9.32,29.46,18.06,10.16,8.42,1.15,0.03,0.78,3.53,7.37,60.39,0.6,0.6,0,1.78,-2.75,1.093141237,12.401,34.117,3.693,63.07612105,62.6052,6.49059202843839,12.261326498419,34.11700436435,1.09314123714966,0.129195179676033,7.84778652187601,-7.06778652187601,9.905,0.450227272727273,15.47,122.831905,1.25199394245331,0.466481994
20,TXH2.2020,-96.4284433,30.5378851,90,2020-03-30,20,21.53,27.9,16.28,17.65,34.29,5.78,0.58,3.12,0.44,0.01,1.79,2.36,12.78,79.37,0.6,0.6,0,2.84,-0.57,0.785491177,12.432,34.297,0.21,69.30686739,69.084,2.07167239742925,12.2928364943922,34.2972156339761,0.785491177464341,0.162043690325101,2.59296677057831,-0.802966770578314,14.09,0.640454545454546,11.62,175.16688,0.882327892122073,0.144914073
21,TXH2.2020,-96.4284433,30.5378851,91,2020-03-31,21,17.98,22.15,12.44,13.42,30.14,21.62,21.85,9.86,1.34,0.04,0.03,3.05,9.76,77.01,0.6,0.59,0,2.89,-3.02,0.516553175,12.463,34.476,7.899,63.55930402,64.0112,7.7287039378271,12.3242928343474,34.475536030625,0.516553175419334,0.12491545583659,9.34520899052821,-9.31520899052821,9.295,0.4225,9.71,115.843585,1.34082840236686,0.548387097
22,TXH2.2020,-96.4284433,30.5378851,92,2020-04-01,22,17.3,25.17,10.19,10.92,28,25.45,32.09,11.55,1.51,0.04,0,3.42,8.15,70.33,0.59,0.58,0,2.19,-3.42,0.916061104,12.494,34.652,11.57,62.3012291,62.4312,9.07460046438164,12.3556895136558,34.6519165617025,0.91606110417444,0.127602351131007,11.0377167266443,-11.0377167266443,9.68,0.44,14.98,120.94192,1.29070247933884,0.667630058
23,TXH2.2020,-96.4284433,30.5378851,93,2020-04-02,23,19.32,25.02,14.54,16.49,33.49,8.34,0.57,4.33,0.62,0.02,2.68,1.1,11.77,84.69,0.59,0.58,0,2.72,1.58,0.537523848,12.524,34.826,0.205,66.03701692,66.4564,2.96637082445479,12.3870204653806,34.8263102608763,0.537523847586439,0.143136535586251,3.67951084794059,-0.999510847940592,11.78,0.535454545454546,10.48,147.53272,1.06315789473684,0.224120083
24,TXH2.2020,-96.4284433,30.5378851,94,2020-04-03,24,19.05,23.93,10.81,17.59,33.62,10.99,1.87,5.46,0.76,0.02,15.93,0.6,12.77,91.79,0.6,0.66,0,2.27,15.33,0.122433624,12.555,34.999,0.671,65.91566505,66.5824,3.89948771562252,12.418279554676,34.9986721997152,0.1224336239268,0.125435080053515,4.75354376963869,11.1764562303613,9.37,0.425909090909091,13.12,117.64035,1.33991462113127,0.286614173
25,TXH2.2020,-96.4284433,30.5378851,95,2020-04-04,25,10.33,12.82,8.04,8.64,30.04,4.55,1.33,2.46,0.37,0.01,16.03,0.4,6.98,89.3,0.63,0.71,0,3.16,15.63,0.15751892,12.585,35.169,0.476,51.0298431,54.6404,1.61065457779445,12.4494605733211,35.1689594960689,0.157518919641952,0.0844583941461008,1.82739063128368,14.2026093687163,2.43,0.110454545454545,4.78,30.58155,,0.238141336
26,TXH2.2020,-96.4284433,30.5378851,96,2020-04-05,26,16.66,23.76,9.87,13.85,32.19,12.25,1.28,6.13,0.87,0.02,0.27,3.79,10.04,84.5,0.64,0.66,0,1.61,-3.52,0.496127954,12.616,35.337,0.457,61.648023,62.846,4.32652058653064,12.4805572344032,35.3371313191962,0.496127954348708,0.121632896554959,5.27239252759218,-5.00239252759218,8.815,0.400681818181818,13.89,111.21004,1.43119682359614,0.367947179
27,TXH2.2020,-96.4284433,30.5378851,97,2020-04-06,27,21.1,27.16,14.3,18.74,34.18,13.23,3.65,6.57,0.91,0.02,0.2,4.51,13.64,86.83,0.63,0.64,0,1.26,-4.31,0.452452053,12.646,35.503,1.3,69.1122287,69.0464,4.66234646416077,12.5115631671638,35.5031488916542,0.45245205342095,0.150672789298196,5.87861291361015,-5.67861291361015,12.73,0.578636363636364,12.86,160.98358,0.993401413982718,0.311374408
28,TXH2.2020,-96.4284433,30.5378851,98,2020-04-07,28,24.12,29.01,19.06,21.01,34.88,18.02,10.1,8.59,1.14,0.03,0.01,4.85,15.58,83.94,0.62,0.63,0,1.57,-4.84,0.618258891,12.676,35.667,3.59,73.87764472,72.8836,6.33682393201132,12.5424719120214,35.6669754879694,0.618258891045796,0.179559450993198,8.18564663025077,-8.17564663025077,16.035,0.728863636363636,9.95,203.25966,0.79052073589024,0.356135987
29,TXH2.2020,-96.4284433,30.5378851,99,2020-04-08,29,25.31,31.52,20.39,21.45,34.95,18.55,12.02,8.81,1.17,0.03,0,6.16,16.05,80.88,0.61,0.62,0,2,-6.16,0.954707252,12.707,35.829,4.263,75.50128072,74.232,6.50972798885036,12.573276915785,35.8285764301193,0.954707252428898,0.198389449096805,8.52051642930979,-8.52051642930979,17.955,0.816136363636364,11.13,228.154185,0.70771372876636,0.348083761
30,TXH2.2020,-96.4284433,30.5378851,100,2020-04-09,30,24.54,31.45,19.8,21.42,34.61,12.34,1.8,6.07,0.84,0.03,17.15,3.46,16.06,84.43,0.61,0.66,0,1.77,13.69,0.907309182,12.737,35.988,0.637,74.61584078,73.4512,4.32181166960356,12.6039715270733,35.9879190798593,0.907309181653079,0.195039659930026,5.65774617029849,11.4922538297015,17.625,0.801136363636364,11.65,224.489625,0.722666666666667,0.247351263
31,TXH2.2020,-96.4284433,30.5378851,101,2020-04-10,31,19.29,24.52,15.64,15.27,31.71,19.02,7.21,9.1,1.23,0.03,1.26,5.25,10.85,79.4,0.64,0.66,0,2.44,-3.99,0.692372015,12.767,36.145,2.547,65.7337974,65.9872,6.64847980301205,12.6345489919543,36.1449728279389,0.69237201465607,0.145481143868525,8.41062179015857,-7.15062179015857,12.08,0.549090909090909,8.88,154.22536,1.05687086092715,0.471747019
32,TXH2.2020,-96.4284433,30.5378851,102,2020-04-11,32,20.47,27.01,13.58,17.32,33.58,13.01,6.87,6.39,0.87,0.02,1.5,4.86,12.61,83.07,0.63,0.64,0,2.85,-3.36,0.584097437,12.796,36.3,2.422,67.83607471,67.9052,4.53920116846855,12.6650024498206,36.299709080256,0.584097436907816,0.147181362462938,5.76231431360146,-4.26231431360146,12.295,0.558863636363637,13.43,157.32682,1.04074827165514,0.312164143
33,TXH2.2020,-96.4284433,30.5378851,103,2020-04-12,33,23.11,29.29,14.81,16.92,31.53,24.06,26.66,10.85,1.41,0.03,7.33,7.78,12.76,72.1,0.63,0.65,0,3.71,-0.45,0.950990152,12.826,36.452,9.381,71.2044869,70.4012,8.37947628271533,12.6953249295155,36.4521012410053,0.950990151812011,0.161699197401243,10.7906329178706,-3.46063291787059,14.05,0.638636363636364,14.48,180.2053,0.91288256227758,0.469493726
34,TXH2.2020,-96.4284433,30.5378851,104,2020-04-13,34,11.91,17.67,6.77,4.75,24.69,27.01,32.03,11.91,1.55,0.03,0,3.44,5.38,62.94,0.62,0.62,0,3.8,-3.44,0.646621757,12.856,36.602,11.25,54.36787246,54.82,9.39060260332015,12.7255093457261,36.6021246928857,0.64662175670792,0.0937403716933808,11.0880431232249,-11.0880431232249,4.835,0.191818181818182,10.9,62.15876,2.65894519131334,
35,TXH2.2020,-96.4284433,30.5378851,105,2020-04-14,35,12.05,18.31,6.67,6.66,26.1,23.32,23.78,10.62,1.4,0.04,0,3.15,6.05,71.99,0.61,0.62,0,3.31,-3.15,0.563247211,12.885,36.75,8.338,54.35397705,55.6476,8.09418665665064,12.7555484956597,36.7497567744346,0.563247211491982,0.0952131606466181,9.60316332879536,-9.60316332879536,5.155,0.204090909090909,11.64,66.422175,2.49951503394762,
36,TXH2.2020,-96.4284433,30.5378851,106,2020-04-15,36,12.42,19.43,5.73,6.31,24.83,27.5,34.45,12.26,1.59,0.04,0,3.72,5.91,69.48,0.61,0.61,0,1.89,-3.72,0.632015282,12.915,36.895,12.059,54.96768184,55.8916,9.52973805565592,12.7854350560191,36.8949767545657,0.632015282465479,0.0957084483675575,11.3361567933364,-11.3361567933364,5.715,0.208181818181818,13.7,73.809225,2.25984251968504,
37,TXH2.2020,-96.4284433,30.5378851,107,2020-04-16,37,15.94,24.1,7.04,8.79,27.16,27.66,34.92,12.47,1.64,0.04,0,4.51,7.14,66.6,0.6,0.6,0,2.26,-4.51,0.871340892,12.944,37.038,12.204,60.1974796,60.3044,9.57043065672385,12.8151615802932,37.0377658043918,0.871340892112653,0.113457925445896,11.766838791179,-11.766838791179,8.05,0.344090909090909,17.06,104.1992,1.60795031055901,0.782308657
38,TXH2.2020,-96.4284433,30.5378851,108,2020-04-17,38,18.22,24.7,12.66,16.01,32.76,8.73,1.06,4.54,0.65,0.02,0.92,1.2,11.48,87.59,0.6,0.6,0,2.22,-0.28,0.468732654,12.973,37.178,0.37,64.33213902,65.1836,3.01614092494507,12.8447204963807,37.1781069664198,0.468732654226956,0.134811230049018,3.81814147084012,-2.89814147084012,10.68,0.485454545454545,12.04,138.55164,1.21470037453184,0.249176729
39,TXH2.2020,-96.4284433,30.5378851,109,2020-04-18,39,16.85,22.95,10.68,13.67,33.05,11.57,1.63,5.88,0.84,0.02,2.84,1.57,10.09,82.33,0.6,0.6,0,2.01,1.27,0.47829557,13.002,37.316,0.568,61.90918895,62.9712,3.9916776685905,12.8741041045627,37.3159851212104,0.478295570090864,0.121632896554959,4.97972094238706,-2.13972094238706,8.815,0.400681818181818,12.27,114.61263,1.47498581962564,0.348961424
40,TXH2.2020,-96.4284433,30.5378851,110,2020-04-19,40,22.39,29.69,16.69,18.45,33.62,15.22,12.52,7.21,0.93,0.02,3.91,3.54,13.59,80.14,0.6,0.61,0,2.29,0.37,0.910947348,13.031,37.451,4.356,70.73979254,70.232,5.24381903127093,12.9033045758408,37.451386951601,0.91094734828067,0.171763156865793,6.8774086348447,-2.9674086348447,15.19,0.690454545454546,13,197.94089,0.857867017774852,0.322018758
41,TXH2.2020,-96.4284433,30.5378851,111,2020-04-20,41,21.41,29.12,13.83,16.37,32,20.75,18.7,9.56,1.28,0.03,0.1,5.14,11.69,75.36,0.6,0.58,0,1.04,-5.04,0.945559893,13.059,37.584,6.498,68.83885024,68.5032,7.13982987623892,12.9323139506587,37.5843009045932,0.94555989317298,0.156815053054201,9.26930069749581,-9.16930069749581,13.475,0.6125,15.29,175.970025,0.9691280148423,0.446520318
42,TXH2.2020,-96.4284433,30.5378851,112,2020-04-21,42,22.63,29.72,16.7,17.42,32.57,23.61,18.49,10.93,1.43,0.03,0.04,4,12.44,74.83,0.59,0.57,0,1.91,-3.96,1.048351084,13.087,37.715,6.416,70.69429871,70.1012,8.11386546194787,12.9611241380233,37.7147171510122,1.04835108391181,0.171944327958948,10.669929403731,-10.629929403731,15.21,0.691363636363636,13.02,199.05327,0.860420775805391,0.482987185
43,TXH2.2020,-96.4284433,30.5378851,113,2020-04-22,43,23.21,26.9,19.4,21.32,34.69,5.52,0.71,2.9,0.38,0.01,6.96,1.02,16.03,89.45,0.59,0.6,0,3.25,5.94,0.36233053,13.116,37.843,0.246,72.86248155,72.0852,1.89477573906477,12.9897269150425,37.8426275430495,0.362330529532835,0.171401297840592,2.49366614886407,4.46633385113593,15.15,0.688636363636364,7.5,198.7074,0.865742574257426,0.124946144
44,TXH2.2020,-96.4284433,30.5378851,114,2020-04-23,44,21.72,28.56,15.28,15.24,28.66,28.78,38.61,12.93,1.69,0.04,0.06,5.12,10.97,70.17,0.59,0.57,0,2.28,-5.06,1.088726777,13.144,37.968,13.366,68.94740476,68.4064,9.86781148593703,13.0181139268954,37.9680255698028,1.08872677744257,0.160583864039301,12.8960703789935,-12.8360703789935,13.92,0.632727272727273,13.28,182.96448,0.944252873563219,0.595303867
45,TXH2.2020,-96.4284433,30.5378851,115,2020-04-24,45,23.48,33.35,13.87,14.79,30.31,24,24.83,10.99,1.44,0.03,0.56,5.36,10.65,63.29,0.58,0.56,0,2.56,-4.8,1.674975872,13.172,38.091,8.586,70.98021708,70.0044,8.22008901384993,13.0462766872531,38.0909063109313,1.67497587172527,0.175601755030231,10.8735621243118,-10.3135621243118,15.61,0.709545454545455,19.48,205.61492,0.843818065342729,0.468057922
46,TXH2.2020,-96.4284433,30.5378851,116,2020-04-25,46,19.49,26.07,14.14,11.99,30.56,21.23,19.22,9.89,1.33,0.03,0.28,3.36,8.77,66.11,0.57,0.55,0,2.77,-3.08,1.092605383,13.199,38.211,6.639,65.38916061,65.0064,7.26396772232672,13.0742065791632,38.2112663885471,1.09260538263751,0.145677985940422,9.3896552276768,-9.1096552276768,12.105,0.550227272727273,11.93,159.773895,1.09037587773647,0.507439713
47,TXH2.2020,-96.4284433,30.5378851,117,2020-04-26,47,20.37,29.17,12.25,10.75,28.02,28.12,32.01,12.52,1.63,0.04,0.39,3.56,8.03,59.75,0.57,0.54,0,1.47,-3.17,1.444420382,13.227,38.329,11.046,66.30481425,65.44,9.61215488250815,13.1018948564168,38.3291039174666,1.44442038211674,0.150510742056034,12.4930048500297,-12.1030048500297,12.71,0.577727272727273,16.92,168.11517,1.04067663257278,0.614629357
48,TXH2.2020,-96.4284433,30.5378851,118,2020-04-27,48,22.32,31.54,13.05,15,30.52,27.35,29.65,12.42,1.61,0.04,0,3.18,10.63,67.7,0.56,0.52,0,3.4,-3.18,1.362230339,13.254,38.444,10.222,69.6576336,68.92,9.34042605644096,13.1293326454101,38.4444184539469,1.36223033912499,0.163818961084548,12.2864446302883,-12.2864446302883,14.295,0.649772727272727,18.49,189.46593,0.927177334732424,0.556451613
49,TXH2.2020,-96.4284433,30.5378851,119,2020-04-28,49,24.12,29.4,20.04,21.32,34.14,18.98,10.03,8.87,1.14,0.03,19.93,1.57,15.93,85.18,0.57,0.62,0,3.29,18.36,0.68530889,13.281,38.557,3.455,73.99642184,72.9952,6.47636516429557,13.1565109475169,38.5572109430353,0.685308890185942,0.186096540525051,8.65712011580529,11.2728798841947,16.72,0.76,9.36,222.05832,0.794318181818182,0.36774461
50,TXH2.2020,-96.4284433,30.5378851,120,2020-04-29,50,21.74,26.63,14.93,14.22,30.31,24.98,24.09,11.44,1.52,0.04,6.15,5.07,10.79,68.1,0.59,0.61,0,2.89,1.08,0.971572843,13.307,38.667,8.29,68.8279906,68.0592,8.51676438251787,13.1834206419842,38.6674836646597,0.971572843291195,0.151078552934972,11.1036488820362,-4.95364888203623,12.78,0.580909090909091,11.7,170.06346,1.04123630672926,0.526218951
51,TXH2.2020,-96.4284433,30.5378851,121,2020-04-30,51,19.91,27.92,11.26,10.86,27.53,29.54,38.98,13.23,1.73,0.04,0,5.03,8.09,60.46,0.59,0.56,0,1.36,-5.03,1.248377906,13.334,38.775,13.404,65.69853014,65.0196,10.0637661749751,13.2100524893649,38.7752401785908,1.24837790600489,0.141668219280921,13.0135793497988,-13.0135793497988,11.59,0.526818181818182,16.66,154.54106,1.1504745470233,0.664490206
52,TXH2.2020,-96.4284433,30.5378851,122,2020-05-01,52,21.73,30.64,12.95,13.6,29.61,27.44,28.71,12.43,1.64,0.04,0,4.27,9.7,64.37,0.58,0.55,0,2.67,-4.27,1.389481667,13.36,38.88,9.865,68.54411499,67.826,9.34162047851819,13.2363971354978,38.8804852684054,1.3894816671677,0.159517563154203,12.2850867648078,-12.2850867648078,13.795,0.627045454545455,17.69,184.3012,0.968466835810076,0.572020249
53,TXH2.2020,-96.4284433,30.5378851,123,2020-05-02,53,23.82,32.38,15.65,17.99,31.82,28.06,32.83,12.85,1.69,0.04,0,3.51,12.9,72.93,0.57,0.54,0,3.21,-3.51,1.255200811,13.386,38.983,11.273,72.36341674,71.4964,9.5462653758917,13.262445116047,38.9832248845815,1.2552008108689,0.17937153487821,12.7447971259411,-12.7447971259411,16.015,0.727954545454546,16.73,214.37679,0.835841398688729,0.539462636
54,TXH2.2020,-96.4284433,30.5378851,124,2020-05-03,54,25.35,33.38,19.37,18.16,33.27,28.45,34,12.98,1.7,0.04,0,3.37,13.04,68.61,0.56,0.52,0,3.25,-3.37,1.608598569,13.412,39.083,11.668,74.24097865,73.0876,9.67286052297962,13.2881868616086,39.0834660868563,1.60859856917228,0.20272273681511,13.0976725635743,-13.0976725635743,18.375,0.835227272727273,14.01,246.4455,0.729904761904762,0.512031558
55,TXH2.2020,-96.4284433,30.5378851,125,2020-05-04,55,26.24,34.52,19.5,19.18,33.73,27.28,30.17,12.4,1.63,0.04,0.04,2.98,13.93,69.65,0.55,0.51,0,3.23,-2.94,1.648803647,13.437,39.181,10.347,75.6878484,74.3448,9.26962923787132,13.3136127033935,39.181216985975,1.64880364686796,0.209425327833546,12.6011651788543,-12.5611651788543,19.01,0.864090909090909,15.02,255.43737,0.706838506049448,0.472560976
56,TXH2.2020,-96.4284433,30.5378851,126,2020-05-05,56,25.07,31.86,20.29,19.6,35.27,12.45,5.88,6.23,0.88,0.02,0.89,1.81,14.45,73.61,0.55,0.51,0,2.54,-0.92,1.267891086,13.462,39.276,2.015,74.34995673,73.326,4.22815249952765,13.3387128794925,39.2764866849607,1.26789108561743,0.199619499307125,5.72237708678737,-4.83237708678738,18.075,0.821590909090909,11.57,243.32565,0.74478561549101,0.248504188
57,TXH2.2020,-96.4284433,30.5378851,127,2020-05-06,57,23.24,31.25,16.52,11.1,29.37,29.48,36.87,13.29,1.74,0.04,0.08,2.28,8.38,52.74,0.54,0.5,0,2.33,-2.2,1.896720773,13.487,39.369,12.631,69.71678824,68.436,10.0066667639091,13.3634775417282,39.3692852200315,1.89672077330098,0.178154117301945,13.3791086789575,-13.2991086789575,15.885,0.722045454545454,14.73,214.240995,0.849039974819012,0.571858864
58,TXH2.2020,-96.4284433,30.5378851,128,2020-05-07,58,23.82,31.89,14.74,14.21,32.75,22.42,21.36,10.47,1.41,0.04,0.01,1.79,10.15,58.43,0.54,0.5,0,3.51,-1.78,1.58058158,13.511,39.46,7.314,71.01755574,70.1356,7.60667788477035,13.3878967630968,39.4596235012904,1.58058158036409,0.172898123630263,10.1389021533557,-10.1289021533557,15.315,0.696136363636364,17.15,206.920965,0.88220698661443,0.439546599
59,TXH2.2020,-96.4284433,30.5378851,129,2020-05-08,59,23.51,29.82,16.27,16.59,34.17,17.07,7.77,8.08,1.06,0.03,0.06,0.86,12.17,66.63,0.53,0.5,0,4.38,-0.8,1.136679589,13.536,39.548,2.659,71.32307587,70.6824,5.78904076851527,13.4119605458008,39.5475132533116,1.13667958874196,0.170454476994544,7.70620162146351,-7.64620162146351,15.045,0.683863636363637,13.55,203.64912,0.899700897308076,0.343683539
60,TXH2.2020,-96.4284433,30.5378851,130,2020-05-09,60,19.56,26.83,14.35,9.26,30.54,21.73,9.21,10.23,1.39,0.04,0,1.08,7.36,56.96,0.53,0.49,0,2.25,-1.08,1.414178292,13.559,39.633,3.151,65.02828224,64.0936,7.36651552479313,13.4356588298711,39.6329669557436,1.41417829193466,0.149541550034535,9.6456008755475,-9.6456008755475,12.59,0.572272727272727,12.48,170.70781,1.07696584590945,0.523006135
61,TXH2.2020,-96.4284433,30.5378851,131,2020-05-10,61,19.61,28.36,11.11,8.89,27.97,29.85,37.09,13.33,1.74,0.04,0,1.08,7.09,56.15,0.52,0.49,0,1.86,-1.08,1.451511843,13.583,39.716,12.685,65.05555485,64.0104,10.115586168335,13.4589815023762,39.7159977840469,1.45151184307173,0.142787617780351,13.1649108856246,-13.1649108856246,11.735,0.533409090909091,17.25,159.396505,1.15747763101832,0.679755227
62,TXH2.2020,-96.4284433,30.5378851,132,2020-05-11,62,22.18,29.82,14.14,12.19,31.24,26.85,25.97,12.3,1.63,0.04,0.02,0.92,8.88,57.15,0.52,0.48,0,2.17,-0.9,1.486038755,13.606,39.797,8.879,68.6424613,67.7684,9.09598637578896,13.4819184072119,39.7966195504818,1.48603875518159,0.16109782311353,12.0361830647543,-12.0161830647543,13.98,0.635454545454546,15.68,190.21188,0.973247496423462,0.554553652
63,TXH2.2020,-96.4284433,30.5378851,133,2020-05-12,63,22.01,25.49,18.97,18.3,34.31,6.75,0.59,3.53,0.5,0.01,27.5,0.3,13.12,80.43,0.53,0.58,0,2.81,27.2,0.624086839,13.629,39.875,0.202,70.15222657,69.798,2.28603012470186,13.5044593554638,39.8748466454565,0.624086838808883,0.1632543010063,3.03098105512554,24.4690189448745,14.23,0.646818181818182,6.52,193.94067,0.957765284609979,0.160381645
64,TXH2.2020,-96.4284433,30.5378851,134,2020-05-13,64,24.56,30.52,19.58,19.63,34.23,24.16,18.51,11.33,1.5,0.04,3.74,3.34,14.3,76.69,0.57,0.57,0,2.56,0.4,1.03943071,13.651,39.951,6.325,73.87364336,72.8268,8.18014611968337,13.5265941363325,39.9506939793445,1.03943070953264,0.189316670504686,11.0409855804761,-7.30098558047609,17.05,0.775,10.94,232.74955,0.800645161290323,0.461319218
65,TXH2.2020,-96.4284433,30.5378851,135,2020-05-14,65,26.3,32.32,21.21,20.8,34.59,23.12,14.1,10.82,1.42,0.04,0.71,3.21,15.4,74.62,0.56,0.53,0,2.54,-2.5,1.22369389,13.673,40.024,4.817,76.3611494,74.988,7.82619430873899,13.5483125286075,40.0241769248732,1.22369389040638,0.206817542470226,10.6659342289807,-9.95593422898073,18.765,0.852954545454546,11.11,256.573845,0.728643751665334,0.411406844
66,TXH2.2020,-96.4284433,30.5378851,136,2020-05-15,66,25.01,29.86,20.28,21.77,34.94,18.56,6.68,8.78,1.15,0.03,13.46,1.23,16.4,83.66,0.56,0.58,0,1.94,12.23,0.687000218,13.695,40.095,2.282,75.30885234,74.0472,6.28132936564409,13.5696043126746,40.095311260185,0.687000217734334,0.189513328947156,8.48279421613135,4.97720578386866,17.07,0.775909090909091,9.58,233.77365,0.802284710017575,0.351059576
67,TXH2.2020,-96.4284433,30.5378851,137,2020-05-16,67,22.5,25.96,18.8,20.31,34.45,11.27,1.18,5.45,0.71,0.02,16.67,1.85,15.09,87.91,0.6,0.66,0,2.35,14.82,0.378269032,13.716,40.164,0.403,71.5358225,71.0116,3.81346590898674,13.5904592830374,40.1641131126639,0.378269032074296,0.164559850334772,5.06570085062966,11.6042991493703,14.38,0.653636363636364,7.16,197.23608,0.953824756606398,0.242222222
68,TXH2.2020,-96.4284433,30.5378851,138,2020-05-17,68,22.29,29.45,16.79,17.42,32.6,24.4,17.98,11.39,1.52,0.04,3.81,4.76,12.47,76.23,0.6,0.61,0,2.29,-0.95,1.021618772,13.737,40.231,6.139,70.27576033,69.7612,8.25503895609718,13.6108672613319,40.2305989036195,1.02161877156539,0.171130325889191,11.020611442624,-7.21061144262401,15.12,0.687272727272727,12.66,207.70344,0.908531746031746,0.510991476
69,TXH2.2020,-96.4284433,30.5378851,139,2020-05-18,69,25.87,32.99,18.63,18.6,32.26,28.9,35.21,13.34,1.76,0.04,0,7.02,13.44,67.3,0.59,0.57,0,1.13,-7.02,1.444053248,13.757,40.295,12.021,74.8672049,73.766,9.77621894496118,13.6308181098094,40.2947852939125,1.4440532484724,0.196911656226788,13.2639491011657,-13.2639491011657,17.81,0.809545454545455,14.36,245.01217,0.77243121841662,0.515655199
70,TXH2.2020,-96.4284433,30.5378851,140,2020-05-19,70,26.48,34.1,18.56,20.64,33.04,29.21,35.34,13.35,1.73,0.04,0,5.48,15.33,73.01,0.58,0.56,0,2.26,-5.48,1.310789207,13.777,40.357,12.064,76.44808752,75.1104,9.88003036345873,13.6503017452594,40.3566891306033,1.31078920677841,0.202254680008164,13.4443073811638,-13.4443073811638,18.33,0.833181818181818,15.54,252.53241,0.751609383524277,0.504154079
71,TXH2.2020,-96.4284433,30.5378851,141,2020-05-20,71,26.89,33.79,20.91,21.23,34.07,26.57,23.79,12.19,1.59,0.04,0,4.15,15.9,73.4,0.57,0.54,0,1.88,-4.15,1.342931941,13.796,40.416,8.121,77.1245874,75.7328,8.98630679842519,13.6693081533443,40.4163273946985,1.34293194148956,0.213090066149027,12.294656230201,-12.294656230201,19.35,0.879545454545455,12.88,266.9526,0.71297157622739,0.453328375
72,TXH2.2020,-96.4284433,30.5378851,142,2020-05-21,72,25.92,31.44,20.62,20.69,35.15,17.74,7.18,8.45,1.12,0.03,0.1,2.37,15.37,75.12,0.57,0.54,0,2.43,-2.27,1.07787695,13.815,40.474,2.451,75.82943296,74.5684,5.99949980463619,13.6878274033099,40.4737171500655,1.07787694981431,0.19915748044517,8.1518097488978,-8.0518097488978,18.03,0.819545454545455,10.82,249.08445,0.766222961730449,0.326003086
73,TXH2.2020,-96.4284433,30.5378851,143,2020-05-22,73,26.79,31.72,22.26,22.09,35.14,23.67,17.59,11.12,1.46,0.04,0.46,2.12,16.69,77.15,0.56,0.53,0,2.84,-1.66,1.024586639,13.834,40.529,6.004,77.42925015,75.9424,8.00460061063074,13.7058496630374,40.5288754935808,1.02458663941861,0.209211416072992,10.9325014490709,-10.4725014490709,18.99,0.863181818181818,9.46,262.70766,0.728488678251711,0.415080254
74,TXH2.2020,-96.4284433,30.5378851,144,2020-05-23,74,26.94,31.62,23.08,21.84,34.82,24.89,18.59,11.68,1.51,0.04,0.88,1.88,16.47,76.15,0.56,0.53,0,2.66,-1,1.120047804,13.852,40.582,6.345,77.5416119,76.0024,8.41693557212256,13.7233652143962,40.5818195065719,1.12004780373909,0.213090066149027,11.5172748803049,-10.6372748803049,19.35,0.879545454545455,8.54,268.0362,0.715865633074935,0.43355605
75,TXH2.2020,-96.4284433,30.5378851,145,2020-05-24,75,25.17,28.47,22.44,23.03,35.3,12.44,4.52,6.2,0.87,0.02,20.98,0.9,17.68,88.57,0.57,0.62,0,2.48,20.08,0.485588055,13.869,40.633,1.543,76.09232831,74.6608,4.20672750815808,13.7403644688578,40.6325662076061,0.485588055286773,0.193332680160711,5.69815453717662,15.2818454628234,17.455,0.793409090909091,6.03,242.083395,0.794557433400172,0.24632499
76,TXH2.2020,-96.4284433,30.5378851,146,2020-05-25,76,22.94,26.78,19.18,19.99,34.76,13.67,1.35,6.78,0.93,0.02,13.13,2.88,14.75,84.34,0.61,0.66,0,1.62,10.25,0.534034162,13.886,40.681,0.461,71.97490004,71.3364,4.62268289116975,13.7568379833235,40.6811325066785,0.534034162233451,0.169870564538194,6.16869813581016,6.96130186418984,14.98,0.680909090909091,7.6,208.01228,0.926969292389853,0.295553618
77,TXH2.2020,-96.4284433,30.5378851,147,2020-05-26,77,22.97,28.21,17.43,17.39,32.34,24.84,21.4,11.62,1.54,0.04,2.8,5.89,12.44,72.68,0.61,0.61,0,1.55,-3.09,0.922609103,13.903,40.728,7.305,71.04011004,70.4304,8.40010981061768,13.7727764761212,40.7275351608401,0.922609103272301,0.168440428919546,11.1976328739859,-8.39763287398591,14.82,0.673636363636364,10.78,206.04246,0.938124156545209,0.505877231
78,TXH2.2020,-96.4284433,30.5378851,148,2020-05-27,78,23.62,30.19,15.8,17.59,32.96,21.13,17.42,9.92,1.32,0.03,17.83,5.83,12.71,71.28,0.61,0.65,0,1.4,12,1.030945721,13.919,40.772,5.947,71.90713264,71.1524,7.14572611821562,13.7881708431203,40.7717907313083,1.03094572066889,0.170005163520262,9.53600613996057,8.29399386003943,14.995,0.681590909090909,14.39,208.715405,0.928242747582527,0.419983065
79,TXH2.2020,-96.4284433,30.5378851,149,2020-05-28,79,24.24,29.64,18.68,20.79,33.73,25,16.77,11.59,1.51,0.03,5.83,7.06,15.39,82.5,0.63,0.67,0,1.24,-1.23,0.699941546,13.934,40.814,5.725,73.93492,72.9244,8.45484437757421,13.803012173914,40.8139155420926,0.699941546071573,0.180737691289097,11.3649576695953,-5.53495766959531,16.16,0.734545454545455,10.96,225.17344,0.862252475247525,0.478135314
80,TXH2.2020,-96.4284433,30.5378851,150,2020-05-29,80,24.13,29.94,19.03,18.58,32.32,26.82,21.37,12.41,1.65,0.04,0.01,8.31,13.33,73.11,0.62,0.62,0,2.5,-8.3,1.074489825,13.949,40.854,7.296,72.85559857,72.0188,9.07084838020595,13.8172917680147,40.853925640166,1.07448982510805,0.183831659480059,12.2161158677526,-12.2061158677526,16.485,0.749318181818182,10.91,229.949265,0.846163178647255,0.514297555
81,TXH2.2020,-96.4284433,30.5378851,151,2020-05-30,81,24.82,31.04,17.46,18.92,32.34,25.82,19.51,11.86,1.58,0.04,0.02,6.57,13.7,71.94,0.6,0.59,0,1.42,-6.55,1.06240294,13.964,40.892,6.662,73.79373292,72.8312,8.73319659958933,13.8310011510071,40.8918367572072,1.0624029403728,0.181590054356507,11.7441065844092,-11.7241065844092,16.25,0.738636363636364,13.58,226.915,0.859323076923077,0.477840451
82,TXH2.2020,-96.4284433,30.5378851,152,2020-05-31,82,25.11,29.37,21.79,20.7,35.2,15.75,6.52,7.79,1.08,0.03,0.43,3.43,15.25,78.55,0.6,0.59,0,1.66,-3,0.909629322,13.977,40.928,2.227,74.93311595,73.762,5.32757205426912,13.8441320906026,40.927664272934,0.909629322122027,0.194586582198851,7.21937365767854,-6.78937365767854,17.58,0.799090909090909,7.58,245.71566,0.795051194539249,0.310234966
83,TXH2.2020,-96.4284433,30.5378851,153,2020-06-01,83,24.77,28.27,21.29,20.64,35.23,20.59,7.9,9.97,1.33,0.04,0.15,2.9,15.17,79.45,0.59,0.58,0,1.37,-2.75,0.753143947,13.99,40.961,2.698,74.48531735,73.4004,6.96530904695493,13.8566766125361,40.9614231800452,0.753143947185793,0.186678561103798,9.39477263472143,-9.24477263472143,16.78,0.762727272727273,6.98,234.7522,0.83373063170441,0.402503028
84,TXH2.2020,-96.4284433,30.5378851,154,2020-06-02,84,26.79,33.14,20.7,20.49,34.9,24.97,21.09,11.7,1.52,0.04,0.01,5.82,15.04,71.42,0.59,0.56,0,1.65,-5.81,1.345465071,14.003,40.993,7.204,76.72892382,75.3664,8.44774802661211,13.8686270162462,40.9931280507839,1.34546507071546,0.208464171298643,11.5287377238664,-11.5187377238664,18.92,0.86,12.44,264.93676,0.740116279069767,0.436730123
85,TXH2.2020,-96.4284433,30.5378851,155,2020-06-03,85,26.79,33.1,20.64,21.14,35.12,25.11,23.47,11.89,1.58,0.04,1.43,4.69,15.71,74.08,0.58,0.55,0,1.32,-3.26,1.236972125,14.015,41.023,8.018,77.05403168,75.6004,8.49591578421611,13.8799758902797,41.0227930051311,1.23697212528925,0.207931800360598,11.5903528227251,-10.1603528227251,18.87,0.857727272727273,12.46,264.46305,0.742713301536831,0.443822322
86,TXH2.2020,-96.4284433,30.5378851,156,2020-06-04,86,28.12,34.56,22.01,21.97,35.13,28.25,31.19,13.27,1.74,0.05,0.49,4.39,16.56,72.56,0.57,0.54,0,1.69,-3.9,1.427312333,14.027,41.05,10.658,78.90095328,77.2292,9.55928389866383,13.8907161273593,41.0504316806356,1.42731233306318,0.223447181336602,13.132845187122,-12.642845187122,20.285,0.922045454545455,12.55,284.537695,0.691496179442938,0.471906117
87,TXH2.2020,-96.4284433,30.5378851,157,2020-06-05,87,28.77,35.17,22.48,21.4,35.22,28.08,31.15,13.16,1.72,0.05,0.03,3.9,15.99,67.94,0.56,0.53,0,1.59,-3.87,1.650179018,14.037,41.076,10.645,79.23915462,77.674,9.5027527016822,13.9008409390549,41.0760572038839,1.65017901751908,0.229619134393139,13.0874830852807,-13.0574830852807,20.825,0.946590909090909,12.69,292.320525,0.674045618247299,0.457420925
88,TXH2.2020,-96.4284433,30.5378851,158,2020-06-06,88,29.27,36.33,22.07,21.23,36.11,26.97,27.65,12.59,1.64,0.04,0.77,3.37,15.84,65.19,0.55,0.52,0,1.84,-2.6,1.829904771,14.048,41.1,9.451,79.57683187,78.1128,9.12809915853937,13.910343869999,41.0996821636089,1.82990477107956,0.233988900294814,12.5920936215441,-11.8220936215441,21.2,0.963636363636364,14.26,297.8176,0.662641509433962,0.430133242
89,TXH2.2020,-96.4284433,30.5378851,159,2020-06-07,89,29.42,36.2,23.13,21.15,36.54,27.7,29.41,13.09,1.72,0.05,0.01,2.92,15.85,64.79,0.55,0.51,0,2.02,-2.91,1.908977899,14.057,41.121,10.054,79.73583582,78.234,9.37621589832769,13.9192188115875,41.1213185854373,1.90897789859705,0.239504144562132,12.960319682489,-12.950319682489,21.665,0.984772727272727,13.07,304.544905,0.648834525732749,0.444935418
90,TXH2.2020,-96.4284433,30.5378851,160,2020-06-08,90,30.29,36.96,24.04,21.28,36.4,26.52,25.94,12.58,1.65,0.04,0.02,2.46,16,61.55,0.54,0.5,0,1.74,-2.44,2.095952508,14.066,41.141,8.869,80.49031005,79.1508,8.97781867081968,13.9274600151071,41.1409779082693,2.09595250807735,0.249681708102084,12.4538395818344,-12.4338395818344,22.5,1,12.92,316.485,0.625155555555556,0.415318587
91,TXH2.2020,-96.4284433,30.5378851,161,2020-06-09,91,30.68,37.43,24.73,22.8,36.4,27.48,28.24,12.93,1.68,0.05,0.09,1.77,17.6,66.6,0.53,0.49,0,2.54,-1.68,1.994535634,14.074,41.159,9.656,81.8555512,80.088,9.3038841554247,13.9350621042344,41.158670962287,1.99453563424833,0.256962505376663,12.9363703660321,-12.8463703660321,23.08,1,12.7,324.82792,0.609792027729636,0.421447197
92,TXH2.2020,-96.4284433,30.5378851,162,2020-06-10,92,26.49,34.77,18.74,10.13,30.74,31.49,40.03,14.16,1.87,0.05,0.01,1.76,7.84,39.86,0.53,0.48,0,2.77,-1.75,2.61801302,14.082,41.174,13.691,72.51024486,71.3368,10.6627935751553,13.9420200868517,41.1744079485819,2.61801301963418,0.206711685112904,14.5264974310823,-14.5164974310823,18.755,0.8525,16.03,264.10791,0.750839776059717,0.534541336
93,TXH2.2020,-96.4284433,30.5378851,163,2020-06-11,93,26.46,35.27,17.53,12.1,30.31,26.89,29.22,12.38,1.62,0.04,0,1.39,8.81,46.26,0.52,0.48,0,1.97,-1.39,2.443536515,14.089,41.188,9.995,73.23541204,72.016,9.10626322683371,13.9483293661279,41.1881984203955,2.44353651515512,0.202983161948965,12.3811468140681,-12.3811468140681,18.4,0.836363636363636,17.74,259.2376,0.76570652173913,0.467876039
94,TXH2.2020,-96.4284433,30.5378851,164,2020-06-12,94,26.69,35.3,18.27,14.33,31.43,30.69,38.9,13.99,1.83,0.05,0,1.07,10.14,51.52,0.52,0.47,0,2.06,-1.07,2.274700771,14.095,41.2,13.308,74.16472112,73.0488,10.394351694564,13.9539857508137,41.2000512659619,2.27470077125733,0.207029393978965,14.1596840886077,-14.1596840886077,18.785,0.853863636363636,17.03,264.774575,0.750332712270429,0.524166354
95,TXH2.2020,-96.4284433,30.5378851,165,2020-06-13,95,27.37,35.93,19.64,13.99,32.06,29.19,33.9,13.4,1.77,0.05,0,0.89,10.04,49.7,0.51,0.47,0,2.23,-0.89,2.504798071,14.101,41.21,11.6,74.8294611,73.6064,9.88747963935476,13.9589854647074,41.209974692944,2.50479807144697,0.217857254028383,13.5365902542757,-13.5365902542757,19.785,0.899318181818182,16.29,278.988285,0.712711650240081,0.489587139
96,TXH2.2020,-96.4284433,30.5378851,166,2020-06-14,96,28.08,36.24,19.64,16.13,33.55,28.66,30.97,13.15,1.72,0.04,0,0.7,11.44,52.68,0.51,0.46,0,1.46,-0.7,2.319661366,14.106,41.218,10.599,76.15617856,75.0868,9.70908656133817,13.9633251552443,41.2179762144531,2.31966136627018,0.219577419576357,13.301011074034,-13.301011074034,19.94,0.906363636363636,16.6,281.27364,0.707422266800401,0.468304843
97,TXH2.2020,-96.4284433,30.5378851,167,2020-06-15,97,29.01,37.16,21.67,18.41,35,27.1,26.27,12.61,1.65,0.04,0.06,0.52,13.21,57.36,0.5,0.46,0,1.76,-0.46,2.342582352,14.111,41.224,8.992,78.06935464,76.8376,9.18167029916623,13.9670019011746,41.2240626366429,2.34258235155592,0.23652556101968,12.6652575688833,-12.6052575688833,21.415,0.973409090909091,15.49,302.187065,0.658930656082186,0.434677697
98,TXH2.2020,-96.4284433,30.5378851,168,2020-06-16,98,28.18,35.41,21.99,17.73,33.94,28.44,29.77,13.08,1.69,0.04,0.04,0.35,12.71,57.44,0.5,0.46,0,1.35,-0.31,2.167557928,14.114,41.228,10.191,76.93660608,75.7628,9.63677264649957,13.9700132192901,41.2282400478677,2.16755792837794,0.228177859622382,13.2474581051116,-13.2074581051116,20.7,0.940909090909091,13.42,292.1598,0.681835748792271,0.464158978
99,TXH2.2020,-96.4284433,30.5378851,169,2020-06-17,99,28.45,36.79,20.32,16.72,33.72,29.27,32.54,13.41,1.73,0.04,0,0.31,11.92,54.08,0.49,0.46,0,1.97,-0.31,2.390509803,14.117,41.231,11.141,76.8429624,75.6692,9.91913157654354,13.9723570701709,41.2305138093967,2.39050980262145,0.226515504986381,13.6246854259746,-13.6246854259746,20.555,0.934318181818182,16.47,290.174935,0.686791534906349,0.471353251
100,TXH2.2020,-96.4284433,30.5378851,170,2020-06-18,100,28.88,37.2,20.66,18.56,34.52,27.8,28.89,12.93,1.69,0.04,0,0.2,13.42,59,0.49,0.45,0,2.62,-0.2,2.251647777,14.12,41.231,9.894,78.124608,76.7616,9.42201585930138,13.9740318629245,41.230888547677,2.25164777655158,0.230835704750063,12.9633604657017,-12.9633604657017,20.93,0.951363636363636,16.54,295.5316,0.674629718107979,0.447714681
101,TXH2.2020,-96.4284433,30.5378851,171,2020-06-19,101,28.72,35.64,22.71,19.81,35.74,27,26.38,12.7,1.67,0.04,1.37,0.13,14.46,62.04,0.49,0.46,0,2.59,1.24,1.981606957,14.121,41.229,9.035,78.33118912,77.0516,9.15187404847941,13.9750364588942,41.2293681481375,1.98160695745273,0.233695427311929,12.604647472454,-11.234647472454,21.175,0.9625,12.93,299.012175,0.666871310507674,0.442200557
102,TXH2.2020,-96.4284433,30.5378851,172,2020-06-20,102,28.43,34.36,22.75,21.89,35.77,24.92,20.52,11.87,1.58,0.04,2.98,0.11,16.42,70.34,0.49,0.48,0,2.16,2.87,1.470719785,14.122,41.226,7.029,79.06736538,77.5104,8.44774168127294,13.97537017432,41.2259557505287,1.47071978531223,0.226515504986381,11.5998346708332,-8.61983467083317,20.555,0.934318181818182,11.61,290.27771,0.687034784723911,0.417516708
103,TXH2.2020,-96.4284433,30.5378851,173,2020-06-21,103,28.69,35.38,23.81,22.36,35.29,22.13,16.59,10.57,1.42,0.04,3.94,0.11,16.99,71.96,0.49,0.49,0,2.81,3.83,1.643397144,14.123,41.221,5.684,79.68749076,77.9396,7.50273097005097,13.9750327819391,41.2206537457934,1.64339714373728,0.238666986622056,10.3509564872386,-6.4109564872386,21.595,0.981590909090909,11.57,304.986185,0.653993980087983,0.368421053
104,TXH2.2020,-96.4284433,30.5378851,174,2020-06-22,104,27.35,31.77,24.31,23.95,35.82,10.38,1.51,5.25,0.73,0.02,4.01,0.07,18.68,83.18,0.49,0.5,0,2.51,3.94,0.891604928,14.122,41.213,0.517,79.0809927,77.172,3.51949001965283,13.9740245115179,41.2134637744657,0.891604927596629,0.220693248945829,4.81969293295008,-0.809692932950084,20.04,0.910909090909091,7.46,283.00488,0.704690618762475,0.191956124
105,TXH2.2020,-96.4284433,30.5378851,175,2020-06-23,105,26.62,31.65,23.05,22.61,36.22,15.13,5.23,7.39,1.01,0.03,59.75,0.2,17.25,80.81,0.51,0.63,0,1.99,59.55,0.995864632,14.121,41.204,1.792,77.60287578,75.9596,5.13056042136583,13.9723460493143,41.2043867265962,0.995864632232473,0.213090066149027,7.00105941900416,52.7489405809958,19.35,0.879545454545455,8.6,273.24135,0.729767441860465,0.277610819
106,TXH2.2020,-96.4284433,30.5378851,176,2020-06-24,106,25.05,27.89,22.98,23.18,36.62,15.33,1.63,7.66,1.07,0.03,38.71,3.62,17.88,89.69,0.64,0.77,0,2.91,35.09,0.440729829,14.12,41.193,0.559,76.00750155,74.5948,5.19889009707116,13.9699985364712,41.193422743203,0.44072982938453,0.193132688658396,7.02112954906183,31.6888704509382,17.435,0.7925,4.91,246.1822,0.809865213650702,0.305788423
107,TXH2.2020,-96.4284433,30.5378851,177,2020-06-25,107,25.04,27.67,23.18,23.92,36.57,15.99,4.3,7.92,1.09,0.03,11.47,1.32,18.64,93.51,0.66,0.73,0,2.1,10.15,0.304408431,14.117,41.181,1.474,76.39122496,74.8512,5.4232386927537,13.9669835663498,41.1805712192495,0.304408431193312,0.193032758255075,7.3229955396497,4.1470044603503,17.425,0.792045454545455,4.49,245.988725,0.810157819225251,0.31629393
108,TXH2.2020,-96.4284433,30.5378851,178,2020-06-26,108,25.09,27.94,22.57,23.14,36.65,7.27,0.29,3.78,0.47,0.01,3.08,2.63,17.69,89.34,0.66,0.7,0,1.97,0.45,0.41864009,14.114,41.166,0.099,76.03853194,74.6204,2.4659581048568,13.9633031808152,41.1658308081521,0.418640089952612,0.191340591549539,3.32625650104746,-0.246256501047458,17.255,0.784318181818182,5.37,243.53707,0.81796580701246,0.150657633
109,TXH2.2020,-96.4284433,30.5378851,179,2020-06-27,109,26.78,32.18,22.66,23.16,36.75,21.13,7.23,10.13,1.32,0.04,0.95,8.57,17.76,82.06,0.65,0.68,0,2.4,-7.62,0.940994156,14.111,41.149,2.479,78.01313132,76.3176,7.16788725076488,13.9589598654924,41.1491994278203,0.940994155746466,0.213851224602209,9.78089896403137,-8.83089896403138,19.42,0.882727272727273,9.52,274.03562,0.726622039134912,0.378267364
110,TXH2.2020,-96.4284433,30.5378851,180,2020-06-28,110,26.85,30.85,24,24.01,36.97,13.02,2.33,6.63,0.93,0.03,0.49,4.96,18.76,85.22,0.64,0.66,0,3.2,-4.47,0.733410347,14.106,41.131,0.799,78.5147943,76.6936,4.4171538015211,13.9539565440139,41.1306742682351,0.733410347446922,0.213905680406923,6.02700107600212,-5.53700107600212,19.425,0.882954545454546,6.85,274.00905,0.726177606177606,0.246927374
111,TXH2.2020,-96.4284433,30.5378851,181,2020-06-29,111,27.45,30.7,25.11,24.22,36.81,17.01,1.94,8.37,1.14,0.03,0.16,4.54,19.02,83.35,0.64,0.65,0,3.35,-4.38,0.778938083,14.101,41.11,0.665,79.26622925,77.3692,5.77132258465755,13.948296571287,41.1102518005707,0.778938082644435,0.219188000933642,7.89292123296152,-7.73292123296152,19.905,0.904772727272727,5.59,280.680405,0.708414971112786,0.304918033
112,TXH2.2020,-96.4284433,30.5378851,182,2020-06-30,112,27.51,30.7,25.2,24.16,36.85,15.74,3.42,7.73,1.06,0.03,0.09,4.15,18.94,82.74,0.63,0.64,0,3.05,-4.06,0.798350519,14.096,41.088,1.173,79.28543626,77.4076,5.34090755263368,13.9419837258122,41.0879277878667,0.798350518850601,0.219688788760507,7.305241936178,-7.215241936178,19.95,0.906818181818182,5.5,281.2152,0.7065664160401,0.280988731
113,TXH2.2020,-96.4284433,30.5378851,183,2020-07-01,113,28.18,32.35,24.95,24.1,36.18,22.25,15.07,10.61,1.37,0.04,0.01,5.92,18.86,79.83,0.62,0.63,0,2.84,-5.91,1.002084199,14.089,41.064,5.17,79.98124306,78.056,7.55056812662842,13.9350222010873,41.0636972972579,1.0020841989297,0.227603480591984,10.3616774388417,-10.3516774388417,20.65,0.938636363636364,7.4,290.93785,0.68227602905569,0.376508162
114,TXH2.2020,-96.4284433,30.5378851,184,2020-07-02,114,29.1,34.75,23.65,23.3,35.63,26.75,20.03,12.45,1.58,0.04,0,7.64,17.95,73.52,0.61,0.61,0,1.82,-7.64,1.372762127,14.082,41.038,6.873,80.5380168,78.688,9.0784744984255,13.9274165961384,41.0375547137699,1.37276212700646,0.233988900294814,12.4893772479164,-12.4893772479164,21.2,0.963636363636364,11.1,298.5384,0.664245283018868,0.427835052
115,TXH2.2020,-96.4284433,30.5378851,185,2020-07-03,115,28.3,34.81,22.44,22,35.4,27.24,22.35,12.64,1.63,0.04,0,6.82,16.55,71.49,0.6,0.59,0,1.34,-6.82,1.495808421,14.075,41.009,7.671,79.0292833,77.42,9.24562114706871,13.9191719052189,41.0094937556871,1.49580842139822,0.22731674667891,12.6839814391805,-12.6839814391805,20.625,0.9375,12.37,290.296875,0.682424242424242,0.44664311
116,TXH2.2020,-96.4284433,30.5378851,186,2020-07-04,116,28.69,35.81,21.92,21.27,34.87,27.34,24.21,12.66,1.64,0.04,0,6.21,15.89,68.05,0.59,0.57,0,1.43,-6.21,1.726596935,14.066,40.98,8.31,79.13605955,77.5472,9.28042935978999,13.9102935067256,40.979507491503,1.72659693485511,0.230081953454917,12.7449788511488,-12.7449788511488,20.865,0.948409090909091,13.89,293.48709,0.674143302180685,0.441268735
117,TXH2.2020,-96.4284433,30.5378851,187,2020-07-05,117,26.55,30.04,24.17,21.64,36.7,19.51,12.94,9.44,1.27,0.03,0.16,2.74,16.27,75.44,0.59,0.56,0,1.84,-2.58,1.047151312,14.057,40.948,4.442,76.8466068,75.5404,6.62320708485319,13.9007871513783,40.947588358458,1.04715131166224,0.210443922174779,9.01647836635039,-8.85647836635039,19.105,0.868409090909091,5.87,268.558985,0.735775974875687,0.355555556
118,TXH2.2020,-96.4284433,30.5378851,188,2020-07-06,118,27.9,32.75,24.43,22.6,36.62,20.92,7.12,10.01,1.32,0.04,0.46,2.99,17.26,75.08,0.58,0.56,0,2.3,-2.53,1.268698865,14.048,40.914,2.445,78.9004068,77.236,7.10256918975071,13.8906589497177,40.9137281826737,1.26869886486223,0.226915828850846,9.73952723328412,-9.27952723328412,20.59,0.935909090909091,8.32,289.24832,0.682272948033026,0.358781362
1,TXH2.2021,-96.4284433,30.5378851,69,2021-03-10,1,19.13,25.95,13.7,15.94,32.07,12.72,3.08,6.04,0.81,0.02,0.01,2.12,11.28,83.35,0.6,0.6,0,3.98,-2.11,0.648281115,11.781,30.208,1.201,65.66165645,66.0684,4.89665988174194,11.6288080851449,30.2080280059032,0.648281115442343,0.1434861746437,5.61385545243545,-5.60385545243545,11.825,0.5375,12.25,139.310325,0.996279069767442,0.315734449
2,TXH2.2021,-96.4284433,30.5378851,70,2021-03-11,2,21.06,26.38,18.01,17.63,33.39,11.79,3.26,5.62,0.76,0.02,0.02,2.44,12.52,82.19,0.6,0.59,0,3.77,-2.42,0.735007406,11.812,30.413,1.266,68.74155186,68.6068,4.52023666340892,11.6601730231735,30.4128854703685,0.735007406482262,0.162950934642307,5.2928667961244,-5.2728667961244,14.195,0.645227272727273,8.37,167.67134,0.832123987319479,0.2668566
3,TXH2.2021,-96.4284433,30.5378851,71,2021-03-12,3,21.82,28.2,17.73,17.95,33.52,11.6,3.74,5.57,0.76,0.02,0.05,2.88,12.76,80.72,0.6,0.59,0,3.39,-2.83,0.869152668,11.843,30.617,1.447,69.86821296,69.482,4.42961848687464,11.6916006139358,30.6172117358454,0.869152667687562,0.169736055498856,5.23408701014311,-5.18408701014311,14.965,0.680227272727273,10.47,177.230495,0.791379886401604,0.255270394
4,TXH2.2021,-96.4284433,30.5378851,72,2021-03-13,4,21.16,27.2,17.13,16.98,31.84,13.12,3.47,6.25,0.85,0.02,0.26,2.54,12.03,79.4,0.59,0.58,0,3.77,-2.28,0.845267102,11.874,30.821,1.337,68.7184296,68.4728,4.99033937064393,11.7230848226985,30.8209244803241,0.845267101665222,0.162691285363454,5.88875059946649,-5.62875059946649,14.165,0.643863636363636,10.07,168.19521,0.83826332509707,0.29536862
5,TXH2.2021,-96.4284433,30.5378851,73,2021-03-14,5,15.97,19.62,8.66,11.84,31.26,5.9,1.38,3.05,0.45,0.01,4.79,0.57,9.23,78.97,0.6,0.6,0,2.23,4.22,0.315052838,11.905,31.024,0.53,60.42838391,61.4324,2.23544302826407,11.7546196741571,31.0239425477025,0.315052838214036,0.104648571490615,2.47399696730161,2.31600303269839,6.14,0.279090909090909,10.96,73.0967,1.93892508143322,0.190983093
6,TXH2.2021,-96.4284433,30.5378851,74,2021-03-15,6,16.74,27.68,5.91,8.79,27.2,22.8,28.65,9.99,1.27,0.03,0.09,3.2,7.39,66.36,0.59,0.58,0,1.61,-3.11,1.187771071,11.936,31.226,10.951,61.36749736,61.1044,8.60576897538379,11.7861992466544,31.2261860145666,1.18777107099587,0.121497727049756,9.81132931668886,-9.72132931668886,9.84,0.399772727272727,21.77,117.45024,1.2130081300813,0.596774194
7,TXH2.2021,-96.4284433,30.5378851,75,2021-03-16,7,20.9,28.28,14.03,18.39,33.48,12.48,6.5,5.92,0.8,0.02,1.76,2.06,13.35,84.93,0.59,0.58,0,2.19,-0.3,0.606688667,11.967,31.428,2.475,68.6568763,68.7204,4.69289655932406,11.8178176662962,31.4275762550835,0.606688667169794,0.154151333691465,5.56238627170543,-3.80238627170543,13.155,0.597954545454546,14.25,157.425885,0.909692132269099,0.283253589
8,TXH2.2021,-96.4284433,30.5378851,76,2021-03-17,8,19.46,26.06,10,9.56,28.88,17.86,20.05,7.88,1.02,0.03,4.8,3.21,8.48,59.84,0.59,0.59,0,4.1,1.59,1.108412781,11.998,31.628,7.606,65.03389536,64.1016,6.69126334994125,11.8494691009746,31.6280360038833,1.10841278082105,0.130087343642913,7.76912259228828,-2.96912259228828,10.03,0.455909090909091,16.06,120.33994,1.19621136590229,0.404933196
9,TXH2.2021,-96.4284433,30.5378851,77,2021-03-18,9,11.59,18.83,5.59,1.48,23.37,24.92,37.45,10.9,1.38,0.03,0,1.77,4.21,52.34,0.59,0.57,0,4,-1.77,0.861708692,12.029,31.827,14.154,54.20882394,53.3228,9.30259368434982,11.8811477543144,31.8274894168086,0.861708692271243,0.093686198735366,10.2288726728525,-10.2288726728525,5.415,0.191363636363636,13.24,65.137035,2.22142197599261,
10,TXH2.2021,-96.4284433,30.5378851,78,2021-03-19,10,11.13,18.66,4.49,4.86,23.85,24.36,33.78,10.68,1.34,0.03,0,1.51,5.32,68.44,0.58,0.56,0,2.66,-1.51,0.632632967,12.06,32.026,12.721,53.06957828,54.0796,9.06133214106707,11.9128478595505,32.025862129415,0.632632967436481,0.0903003760398895,9.92401409403577,-9.92401409403577,5.33,0.1625,14.17,64.2798,2.26266416510319,
11,TXH2.2021,-96.4284433,30.5378851,79,2021-03-20,11,12.4,20.23,6.2,6,24.57,24.41,33.89,10.83,1.37,0.03,0,1.72,5.75,68.77,0.58,0.56,0,1.37,-1.72,0.72482557,12.091,32.223,12.717,54.9520952,55.76,9.04838356187483,11.9445636733526,32.2230813131142,0.724825569659984,0.0992657231856277,10.1343414964178,-10.1343414964178,6.115,0.237045454545455,14.03,73.936465,1.9772690106296,
12,TXH2.2021,-96.4284433,30.5378851,80,2021-03-21,12,13.51,22.17,6.21,7.93,25.06,24.28,32.07,10.7,1.35,0.03,0.01,1.7,6.63,72.99,0.57,0.55,0,2.05,-1.69,0.742432281,12.123,32.419,11.992,56.56786951,57.5648,8.96954344886621,11.9762894696049,32.4190757288504,0.742432280786171,0.104946470782946,10.1864563177697,-10.1764563177697,7.085,0.281363636363636,15.96,85.891455,1.71107974594213,0.792005922
13,TXH2.2021,-96.4284433,30.5378851,81,2021-03-22,13,16.56,22.88,10.04,13.46,31.24,6.27,1.12,3.22,0.46,0.01,9.9,0.65,9.72,83.54,0.58,0.59,0,3.37,9.25,0.466730194,12.154,32.614,0.417,61.46326176,62.6056,2.30854234679497,12.0080195331553,32.6137757782143,0.46673019365928,0.119252510937798,2.68986431911794,7.21013568088206,8.46,0.384545454545455,12.84,102.82284,1.43664302600473,0.194444444
14,TXH2.2021,-96.4284433,30.5378851,82,2021-03-23,14,19.25,25.95,13.22,11.44,27.35,25.08,33.07,11.01,1.4,0.03,3.79,3.21,8.74,66.22,0.59,0.6,0,1.75,0.58,1.083849279,12.185,32.807,12.283,65.0429165,64.5684,9.20400641809669,12.039748153544,32.8071135518966,1.08384927872876,0.141629752196753,11.0483375014175,-7.25833750141749,11.585,0.526590909090909,12.73,141.163225,1.05179110919292,0.571948052
15,TXH2.2021,-96.4284433,30.5378851,83,2021-03-24,15,19.29,27.03,10.58,15.94,32.18,8.11,3.63,3.99,0.56,0.01,0.77,2.14,11.8,81.85,0.59,0.57,0,2.6,-1.37,0.61271605,12.216,32.999,1.344,65.85132635,66.2284,2.96674295410259,12.071469618724,32.999022875396,0.612716050370066,0.135736128395372,3.55058971608861,-2.78058971608861,10.805,0.491136363636364,16.45,131.99388,1.13058769088385,0.206842924
16,TXH2.2021,-96.4284433,30.5378851,84,2021-03-25,16,18.33,24.17,12.83,11.23,29.32,24.25,30.58,10.86,1.39,0.03,0.35,2.44,8.67,67.97,0.58,0.56,0,2.55,-2.09,0.914899551,12.247,33.189,11.284,63.76190199,63.5728,8.84323680346298,12.1031782087841,33.1894393518989,0.914899550573492,0.133488758058164,10.5902905802229,-10.2402905802229,10.5,0.477272727272727,11.34,128.5935,1.16638095238095,0.592471358
17,TXH2.2021,-96.4284433,30.5378851,85,2021-03-26,17,18.36,28.29,9.04,10.36,27.27,24.93,32.43,11.04,1.4,0.03,0,2.81,8.01,64.63,0.58,0.55,0,1.77,-2.81,1.239754588,12.278,33.378,11.929,63.67691732,63.2896,9.06344122747625,12.1348681896865,33.3783004022549,1.23975458757161,0.13470060184045,10.9020161955636,-10.9020161955636,10.665,0.484772727272727,19.25,130.94487,1.15124238162213,0.60130719
18,TXH2.2021,-96.4284433,30.5378851,86,2021-03-27,18,22.64,29.77,15.65,19.39,34.81,9.99,2.86,4.85,0.66,0.01,0.49,1.83,14.14,81.67,0.57,0.55,0,2.6,-1.34,0.731267279,12.309,33.566,1.049,71.26477712,70.8204,3.62108440779753,12.16653380703,33.5655453019822,0.731267279346056,0.167463116799537,4.50016254361379,-4.01016254361379,14.71,0.668636363636364,14.12,181.06539,0.836777702243372,0.214222615
19,TXH2.2021,-96.4284433,30.5378851,87,2021-03-28,19,17.4,23.22,10.41,6.97,29.21,16.07,15.17,7.41,1,0.03,0.27,1.97,6.43,54.75,0.57,0.54,0,4.33,-1.7,1.054743773,12.34,33.751,5.546,61.995985,61.1092,5.80794379910439,12.198169279851,33.751115215239,1.05474377308826,0.121632896554959,6.91651819742093,-6.64651819742093,8.815,0.400681818181818,12.81,108.7771,1.39988655700511,0.425862069
20,TXH2.2021,-96.4284433,30.5378851,88,2021-03-29,20,16.26,24.65,8.23,5.72,26.28,25.43,34.04,11.25,1.45,0.03,0.03,1.94,5.77,54.68,0.56,0.53,0,2.06,-1.91,1.178836596,12.371,33.935,12.409,60.45341832,59.5192,9.16468098172728,12.2297687944733,33.9349532257085,1.1788365959984,0.119119589603813,10.9075949609254,-10.8775949609254,8.44,0.383636363636364,16.42,104.41124,1.46575829383886,0.691881919
21,TXH2.2021,-96.4284433,30.5378851,89,2021-03-30,21,21.83,29.22,14.53,17.26,34.14,11.18,2.57,5.43,0.74,0.02,0.01,1.46,12.45,77.05,0.56,0.53,0,3.46,-1.45,0.885738243,12.401,34.117,0.934,69.61596485,69.2436,4.01798554141424,12.261326498419,34.11700436435,0.885738242761936,0.16019930427084,5.00811862996382,-4.99811862996382,13.875,0.630681818181818,14.69,172.063875,0.893765765765766,0.248740266
22,TXH2.2021,-96.4284433,30.5378851,90,2021-03-31,22,18.81,23.03,11.12,12.15,31.25,14.5,7.53,6.86,0.91,0.02,0.43,1,9.4,68.11,0.55,0.52,0,3.72,-0.57,0.652362391,12.432,34.297,2.729,64.47974609,64.384,5.19710203507337,12.2928364943922,34.2972156339761,0.652362390633988,0.123401743370837,6.25538659582213,-5.82538659582213,9.075,0.4125,11.91,112.8204,1.3699173553719,0.364699628
23,TXH2.2021,-96.4284433,30.5378851,91,2021-04-01,23,13.55,21.66,6.28,2.03,23.67,27.24,38.8,11.81,1.51,0.04,0,1.26,4.4,51.94,0.55,0.52,0,2.32,-1.26,1.064319767,12.463,34.476,14.026,56.8155713,55.4808,9.73773798642045,12.3242928343474,34.475536030625,1.06431976737399,0.103641086334248,11.4018880846753,-11.4018880846753,6.83,0.271363636363636,15.38,85.12229,1.82474377745242,
24,TXH2.2021,-96.4284433,30.5378851,92,2021-04-02,24,13.59,22.08,5.26,2.24,25.52,24.76,26.82,10.97,1.42,0.03,0,1.09,4.45,52.62,0.54,0.51,0,2.09,-1.09,1.054672153,12.494,34.652,9.67,56.86278742,55.5964,8.82857003921766,12.3556895136558,34.6519165617025,1.05467215288081,0.10188328918736,10.3307170412824,-10.3307170412824,7.04,0.257727272727273,16.82,87.95776,1.77471590909091,0.807211185
25,TXH2.2021,-96.4284433,30.5378851,93,2021-04-03,25,13.36,19.11,9.75,8.09,30,10.2,3.06,5.04,0.69,0.02,0.65,0.29,6.67,71.18,0.54,0.52,0,2.2,0.36,0.630647204,12.524,34.826,1.1,56.35741152,57.4724,3.6279355407001,12.3870204653806,34.8263102608763,0.630647204469851,0.106386445233656,4.28999693777018,-3.63999693777018,6.43,0.292272727272727,9.36,80.52932,1.94774494556765,0.377245509
26,TXH2.2021,-96.4284433,30.5378851,94,2021-04-04,26,16.86,26.18,8.22,10.34,30.44,12.28,2.97,6.04,0.84,0.02,0.15,1.05,7.85,70.28,0.54,0.51,0,1.58,-0.9,0.986907224,12.555,34.999,1.065,61.63727592,61.7824,4.35720738378932,12.418279554676,34.9986721997152,0.9869072238762,0.124259886759668,5.30355559711881,-5.15355559711881,9.2,0.418181818181818,17.96,115.506,1.36467391304348,0.358244365
27,TXH2.2021,-96.4284433,30.5378851,95,2021-04-05,27,19.53,26.92,11.92,14.07,31.56,16.98,11.48,7.92,1.05,0.03,0.16,1.02,9.99,73.32,0.54,0.51,0,2.33,-0.86,0.86600204,12.585,35.169,4.108,65.81074204,65.7952,6.01075049031863,12.4494605733211,35.1689594960689,0.866002040065159,0.140365288391121,7.47046549313763,-7.31046549313763,11.42,0.519090909090909,15,143.7207,1.10201401050788,0.405529954
28,TXH2.2021,-96.4284433,30.5378851,96,2021-04-06,28,22.3,29.11,16.39,16.94,33.63,15.74,9.65,7.32,0.96,0.02,0.04,0.91,12.08,74.54,0.53,0.5,0,4.33,-0.87,1.017238105,12.616,35.337,3.445,70.1599758,69.5984,5.55913747199937,12.4805572344032,35.3371313191962,1.01723810509733,0.167817947734127,7.09220177643023,-7.05220177643023,14.75,0.670454545454545,12.72,186.086,0.855322033898305,0.328251121
29,TXH2.2021,-96.4284433,30.5378851,97,2021-04-07,29,22.71,28.27,14.62,16.69,32.34,12.88,9.75,6.11,0.81,0.02,1.32,0.61,12.25,70.69,0.53,0.5,0,2.95,0.71,0.851900651,12.646,35.503,3.473,70.47959201,69.9184,4.5390039651089,12.5115631671638,35.5031488916542,0.85190065101236,0.156563688440007,5.75245686495151,-4.43245686495151,13.445,0.611136363636364,13.65,170.02547,0.940572703607289,0.269044474
30,TXH2.2021,-96.4284433,30.5378851,98,2021-04-08,30,21.8,31.76,11.59,12.26,29.9,24.74,26.79,11.21,1.46,0.04,0.16,1.18,9.11,60.35,0.53,0.49,0,2.02,-1.02,1.601036677,12.676,35.667,9.521,68.352687,67.4136,8.69994584228413,12.5424719120214,35.6669754879694,1.60103667728697,0.158499547654552,11.0670998139211,-10.9070998139211,13.675,0.621590909090909,20.17,173.3443,0.926946983546618,0.514220183
31,TXH2.2021,-96.4284433,30.5378851,99,2021-04-09,31,24.05,31.75,18.63,19.57,33.75,15.32,6.19,7.17,0.93,0.02,0.68,0.66,14.39,79.22,0.53,0.5,0,3.54,0.02,1.14079971,12.707,35.829,2.195,73.3139259,72.2952,5.37622818270553,12.573276915785,35.8285764301193,1.14079970970729,0.190696896916527,7.0067862258194,-6.3267862258194,17.19,0.781363636363636,13.12,218.43333,0.739208842350204,0.298128898
32,TXH2.2021,-96.4284433,30.5378851,100,2021-04-10,32,19.76,27.45,13.32,7.5,27.18,27.66,37.16,12.17,1.57,0.03,0.02,0.85,7.05,52.58,0.52,0.49,0,3.3,-0.83,1.558152884,12.737,35.988,13.152,65.07256992,63.66,9.68730233235288,12.6039715270733,35.9879190798593,1.55815288385835,0.147898055780661,12.2592318245152,-12.2392318245152,12.385,0.562954545454545,14.13,157.747745,1.02842147759386,0.615890688
33,TXH2.2021,-96.4284433,30.5378851,101,2021-04-11,33,20.42,31.71,9.95,5.76,26.82,21.11,22.68,9.59,1.25,0.03,0,0.94,5.87,45.75,0.52,0.48,0,1.57,-0.94,2.030879632,12.767,36.145,8.011,65.5466785,63.6936,7.37904356685512,12.6345489919543,36.1449728279389,2.03087963171251,0.151485240099645,9.38683863664211,-9.38683863664211,12.83,0.583181818181818,21.76,163.80061,0.995089633671084,0.46963761
34,TXH2.2021,-96.4284433,30.5378851,102,2021-04-12,34,22.25,32.45,12.17,16.05,32.11,21.05,19.39,9.63,1.27,0.03,0.02,0.59,11.57,71.9,0.51,0.48,0,1.96,-0.57,1.323550893,12.796,36.3,6.835,69.8785725,69.228,7.34436468841375,12.6650024498206,36.299709080256,1.32355089319474,0.16394950118931,9.45724457637419,-9.43724457637419,14.31,0.650454545454546,20.28,183.11076,0.894199860237596,0.432808989
35,TXH2.2021,-96.4284433,30.5378851,103,2021-04-13,35,24.12,30.63,18.89,20.14,35.61,14.31,5.08,6.85,0.92,0.03,1.48,0.36,14.79,80.67,0.51,0.49,0,1.95,1.12,0.931936181,12.826,36.452,1.787,73.56441796,72.5704,4.98380322550525,12.6953249295155,36.4521012410053,0.931936180887685,0.186484384071822,6.52857983331212,-5.04857983331212,16.76,0.761818181818182,11.74,214.96376,0.76527446300716,0.283996683
36,TXH2.2021,-96.4284433,30.5378851,104,2021-04-14,36,23.6,28.18,19.03,19.82,35.33,11.4,4.69,5.57,0.78,0.02,0.79,0.34,14.49,81.25,0.51,0.49,0,2.29,0.45,0.69824211,12.856,36.602,1.647,72.7805,71.9352,3.96345315356719,12.7255093457261,36.6021246928857,0.698242109991617,0.175555635472009,5.16478097135176,-4.37478097135176,15.605,0.709318181818182,9.15,200.61788,0.82383851329702,0.236016949
37,TXH2.2021,-96.4284433,30.5378851,105,2021-04-15,37,20.02,26.47,16.1,16.32,32.8,7.49,2.41,3.84,0.54,0.01,11.19,0.26,11.67,80.77,0.52,0.54,0,2.74,10.93,0.7871401,12.885,36.75,0.845,66.97454246,67.0952,2.59971947076815,12.7555484956597,36.7497567744346,0.787140100059492,0.155228819925913,3.3414080753817,7.8485919246183,13.285,0.603863636363636,10.37,171.177225,0.969890854347008,0.191808192
38,TXH2.2021,-96.4284433,30.5378851,106,2021-04-16,38,19.9,25.47,16.18,17.59,33.17,6.48,0.72,3.41,0.49,0.01,3.23,0.3,12.68,87.02,0.53,0.53,0,2.66,2.93,0.537029638,12.915,36.895,0.252,67.1189502,67.4324,2.24555282184183,12.7854350560191,36.8949767545657,0.537029638410639,0.151444529776641,2.88131248433584,0.348687515664164,12.825,0.582954545454545,9.29,165.634875,1.00701754385965,0.171356784
39,TXH2.2021,-96.4284433,30.5378851,107,2021-04-17,39,15.3,19.69,11.26,7.79,30.19,17.71,7.93,8.21,1.11,0.03,0.12,0.46,6.66,63.4,0.53,0.5,0,3.92,-0.34,0.757132984,12.944,37.038,2.771,59.229998,59.3044,6.12770523971726,12.8151615802932,37.0377658043918,0.757132984009884,0.112853776677026,7.52705970702014,-7.40705970702014,7.475,0.339772727272727,8.43,96.7564,1.73163879598662,0.536601307
40,TXH2.2021,-96.4284433,30.5378851,108,2021-04-18,40,14.7,21.44,8.54,6.21,29.01,18.47,12.85,8.65,1.17,0.03,0.12,0.62,5.9,61.13,0.53,0.49,0,2.62,-0.5,0.885122927,12.973,37.178,4.484,58.3616589,58.1356,6.38122827992387,12.8447204963807,37.1781069664198,0.885122927147791,0.109811843867187,7.81257922849482,-7.69257922849482,6.99,0.317727272727273,12.9,90.68127,1.85593705293276,0.588435374
41,TXH2.2021,-96.4284433,30.5378851,109,2021-04-19,41,17.55,24.87,10.72,5.5,29.57,21.55,14.61,9.85,1.31,0.03,0.02,0.78,5.68,50.11,0.52,0.49,0,0.84,-0.76,1.312633539,13.002,37.316,5.091,62.05613195,60.73,7.43480153484229,12.8741041045627,37.3159851212104,1.31263353909385,0.128414370701259,9.35552849696504,-9.33552849696504,9.795,0.445227272727273,14.15,127.35459,1.32741194486983,0.561253561
42,TXH2.2021,-96.4284433,30.5378851,110,2021-04-20,42,18.52,28.77,10.26,7.02,28.78,26.87,31.7,12.16,1.57,0.04,0.06,0.84,6.26,51.69,0.52,0.48,0,2.99,-0.78,1.597844755,13.031,37.451,11.03,63.38678812,62.2472,9.25764897307817,12.9033045758408,37.451386951601,1.59784475516975,0.141092140562855,11.8304252216184,-11.7704252216184,11.515,0.523409090909091,18.51,150.051965,1.13165436387321,0.656587473
43,TXH2.2021,-96.4284433,30.5378851,111,2021-04-21,43,12.42,20.79,5.9,-0.18,25.96,25.27,27.99,11.34,1.49,0.04,0,0.39,3.76,46.44,0.52,0.48,0,3.16,-0.39,1.088999865,13.059,37.584,9.725,55.42944952,53.5552,8.69510848060518,12.9323139506587,37.5843009045932,1.0889998646883,0.100007691814696,10.5063862755806,-10.5063862755806,6.395,0.242954545454545,14.89,83.512305,2.04206411258796,
44,TXH2.2021,-96.4284433,30.5378851,112,2021-04-22,44,16.79,25.44,7.18,8.15,30.43,13.2,8.53,6.4,0.89,0.02,0.01,0.43,6.99,59.87,0.51,0.48,0,2.58,-0.42,1.049220332,13.087,37.715,2.96,61.29014127,60.924,4.53634155432918,12.9611241380233,37.7147171510122,1.04922033192595,0.118258662006866,5.65500741922797,-5.64500741922798,8.72,0.377727272727273,18.26,114.11864,1.50080275229358,0.381179273
45,TXH2.2021,-96.4284433,30.5378851,113,2021-04-23,45,21.06,23.7,16.82,19.59,34.42,4.42,1.08,2.44,0.35,0.01,32.6,0.09,14.42,91.42,0.53,0.61,0,3.16,32.51,0.143577168,13.116,37.843,0.374,69.34606148,69.3124,1.51719361714969,12.9897269150425,37.8426275430495,0.143577168024289,0.146903442875822,1.9571683851866,30.6428316148134,12.26,0.557272727272727,6.88,160.80216,1.06982055464927,0.115859449
46,TXH2.2021,-96.4284433,30.5378851,114,2021-04-24,46,21.16,28.3,14.55,15.01,29.38,27.64,32.34,12.43,1.62,0.04,0.77,3.12,10.81,72.16,0.57,0.55,0,3.04,-2.35,1.045033604,13.144,37.968,11.196,68.23708544,67.7636,9.47693917551423,13.0181139268954,37.9680255698028,1.04503360410064,0.156396301255073,12.3428245292404,-11.5728245292404,13.425,0.610227272727273,13.75,176.4582,0.979068901303538,0.587429112
47,TXH2.2021,-96.4284433,30.5378851,115,2021-04-25,47,21.28,29.66,13.46,14.36,29.73,22.24,23.05,10.21,1.34,0.03,0.06,2.81,10.2,68.99,0.56,0.53,0,1.98,-2.75,1.215851748,13.172,38.091,7.971,68.20549128,67.6496,7.61728248616761,13.0462766872531,38.0909063109313,1.21585174836562,0.157529105465853,9.94080830057461,-9.88080830057461,13.56,0.616363636363636,16.2,178.61232,0.971386430678466,0.479793233
48,TXH2.2021,-96.4284433,30.5378851,116,2021-04-26,48,22.53,31.38,15.57,14.78,32.08,20.3,8.04,9.46,1.29,0.04,0.15,2.3,10.54,67.18,0.55,0.52,0,3.16,-2.15,1.498432267,13.199,38.211,2.777,69.92685746,69.0508,6.94576282445748,13.0742065791632,38.2112663885471,1.49843226724146,0.174360107790702,9.18945442559699,-9.03945442559699,15.475,0.703409090909091,15.81,204.254525,0.852924071082391,0.419884598
49,TXH2.2021,-96.4284433,30.5378851,117,2021-04-27,49,24.41,29.29,19.91,20.13,34.92,7.26,0.3,3.79,0.5,0.01,0.04,1.04,14.8,78.64,0.55,0.52,0,3.4,-1,0.842100607,13.227,38.329,0.104,73.83064376,72.8568,2.48165876411839,13.1018948564168,38.3291039174666,0.842100607302496,0.184937085505812,3.30907775905838,-3.26907775905838,16.6,0.754545454545455,9.38,219.5682,0.796807228915663,0.155264236
50,TXH2.2021,-96.4284433,30.5378851,118,2021-04-28,50,26.83,33.23,22.34,21.16,35.69,14.53,6.76,6.94,0.89,0.03,0.54,1.76,15.82,73.92,0.54,0.51,0,4.83,-1.22,1.385715864,13.254,38.444,2.331,77.09614864,75.6476,4.96220806581671,13.1293326454101,38.4444184539469,1.38571586439877,0.217857254028383,6.73815198337189,-6.19815198337189,19.785,0.899318181818182,10.89,262.23039,0.669901440485216,0.258665673
51,TXH2.2021,-96.4284433,30.5378851,119,2021-04-29,51,25.2,29.97,21.1,21.29,35.98,8.6,1.53,4.41,0.59,0.02,7.02,1.06,15.9,80.7,0.54,0.53,0,2.41,5.96,0.837365629,13.281,38.557,0.527,75.304936,74.0644,2.93449633366396,13.1565109475169,38.5572109430353,0.837365629380546,0.194134390986745,3.94101246935081,3.07898753064919,17.535,0.797045454545455,8.87,232.882335,0.757399486740804,0.175
52,TXH2.2021,-96.4284433,30.5378851,120,2021-04-30,52,21.63,23.89,17.96,20.66,35.18,7.49,0.66,3.98,0.57,0.02,47.61,0.39,15.27,94.15,0.6,0.73,0,2.06,47.22,0.075998387,13.307,38.667,0.227,70.51784855,70.2676,2.5536655414355,13.1834206419842,38.6674836646597,0.0759983869687355,0.152260496040173,3.33281824571506,44.2771817542849,12.925,0.5875,5.93,171.992975,1.02955512572534,0.184003699
53,TXH2.2021,-96.4284433,30.5378851,121,2021-05-01,53,21.5,26.05,18.23,19.5,34.47,10.11,1.72,5.15,0.71,0.02,23.93,3.92,14.22,88.94,0.65,0.74,0,3.32,20.01,0.465812344,13.334,38.775,0.591,69.927459,69.72,3.44430182901146,13.2100524893649,38.7752401785908,0.465812344254005,0.162475177944832,4.53698326983722,19.3930167301628,14.14,0.642727272727273,7.82,188.54276,0.942998585572843,0.239534884
54,TXH2.2021,-96.4284433,30.5378851,122,2021-05-02,54,22.93,28.64,17.25,19.21,32.25,26.76,26.71,12.24,1.61,0.04,1.61,9.22,14.11,81.68,0.65,0.68,0,2.87,-7.61,0.719496954,13.36,38.88,9.178,71.73499176,71.0456,9.11012259493975,13.2363971354978,38.8804852684054,0.719496954192973,0.169556849941338,12.0729368913001,-10.4629368913001,14.945,0.679318181818182,11.39,199.6652,0.893944463031114,0.533798517
55,TXH2.2021,-96.4284433,30.5378851,123,2021-05-03,55,25.36,31.16,20.73,22.3,34.19,26.3,26.66,12.06,1.56,0.04,1.01,9.07,17.07,84.64,0.64,0.66,0,2.93,-8.06,0.797176604,13.386,38.983,9.155,75.98813696,74.588,8.94749748346229,13.262445116047,38.9832248845815,0.7971766035279,0.198287233533443,12.079637708163,-11.069637708163,17.945,0.815681818181818,10.43,240.21177,0.745945945945946,0.47555205
56,TXH2.2021,-96.4284433,30.5378851,124,2021-05-04,56,22.93,27.03,17.09,19.54,33.23,16.15,10.06,7.87,1.07,0.03,6.68,6.18,14.44,82.22,0.64,0.67,0,2.65,0.5,0.487677292,13.412,39.083,3.452,71.78035554,71.1644,5.49092082411672,13.2881868616086,39.0834660868563,0.487677292025846,0.161785262589982,7.24358066494289,-0.563580664942893,14.06,0.639090909090909,9.94,188.57272,0.953911806543385,0.343218491
57,TXH2.2021,-96.4284433,30.5378851,125,2021-05-05,57,19.18,25.93,12.81,14.14,28.06,29.81,38.92,13.42,1.76,0.04,0.05,8.22,10.05,74.83,0.63,0.64,0,2.13,-8.17,0.800193489,13.437,39.181,13.347,65.34398006,65.4704,10.1293125946094,13.3136127033935,39.181216985975,0.800193489248148,0.139984009476762,13.1099618985336,-13.0599618985336,11.37,0.516818181818182,13.12,152.77869,1.18179419525066,0.699687174
58,TXH2.2021,-96.4284433,30.5378851,126,2021-05-06,58,21.08,28.71,13.53,15.93,29.61,29.22,37.47,13.35,1.74,0.04,0.01,8.45,11.23,74.94,0.62,0.62,0,1.61,-8.44,0.934560982,13.462,39.276,12.843,68.29775848,68.0148,9.92342297479501,13.3387128794925,39.2764866849607,0.9345609824824,0.153862323745523,13.0202187969091,-13.0102187969091,13.12,0.596363636363637,15.18,176.62144,1.02606707317073,0.633301708
59,TXH2.2021,-96.4284433,30.5378851,127,2021-05-07,59,21.7,28.92,14.93,15.15,30.93,25.71,22.88,11.94,1.6,0.04,0,7.86,10.69,70.1,0.61,0.6,0,1.82,-7.86,1.120514463,13.487,39.369,7.838,68.912283,68.354,8.72698108887729,13.3634775417282,39.3692852200315,1.12051446259242,0.160626640994493,11.5208236278145,-11.5208236278145,13.925,0.632954545454545,13.99,187.806475,0.968545780969479,0.550230415
60,TXH2.2021,-96.4284433,30.5378851,128,2021-05-08,60,23.44,30.01,16.26,19.35,33.45,22.62,19.06,10.68,1.43,0.04,0.01,5.8,14.1,78.94,0.6,0.59,0,4.03,-5.79,0.801240275,13.511,39.46,6.526,72.31648064,71.606,7.67453406572281,13.3878967630968,39.4596235012904,0.801240274999968,0.171265766645939,10.2176298551621,-10.2076298551621,15.135,0.687954545454546,13.75,204.488985,0.892699041955732,0.455631399
61,TXH2.2021,-96.4284433,30.5378851,129,2021-05-09,61,26.32,31.7,22.6,21.84,36.01,16.3,7.42,7.95,1.07,0.03,1.24,4.99,16.46,77.77,0.59,0.58,0,3.56,-3.75,1.09017821,13.536,39.548,2.54,76.76246336,75.3824,5.5279065334973,13.4119605458008,39.5475132533116,1.09017821014647,0.210927866277592,7.53473448566599,-6.29473448566599,19.15,0.870454545454545,9.1,259.2144,0.706840731070496,0.302051672
62,TXH2.2021,-96.4284433,30.5378851,130,2021-05-10,62,25.45,30.27,21.63,22.27,36.12,16.43,7.27,7.88,1.07,0.03,0.77,2.93,16.88,83.72,0.59,0.58,0,1.04,-2.16,0.759273385,13.559,39.633,2.487,76.0362126,74.6672,5.56980442118505,13.4356588298711,39.6329669557436,0.759273385370815,0.198338335772661,7.54653598877829,-6.77653598877829,17.95,0.815909090909091,8.64,243.38405,0.755376044568245,0.309626719
63,TXH2.2021,-96.4284433,30.5378851,131,2021-05-11,63,23.79,29.97,17.62,20.67,35.65,12.09,3.26,6.05,0.83,0.02,9,2.22,15.31,84.19,0.59,0.59,0,2.06,6.78,0.68841763,13.583,39.716,1.115,73.35924299,72.4312,4.09706655863217,13.4589815023762,39.7159977840469,0.688417629681502,0.177315377540962,5.48384704645365,3.51615295354635,15.795,0.717954545454546,12.35,214.543485,0.859955682177904,0.254308533
64,TXH2.2021,-96.4284433,30.5378851,132,2021-05-12,64,18.3,23.32,15.19,15.22,34.15,9.75,2.42,5,0.73,0.02,4.19,2.91,10.73,83.11,0.6,0.63,0,3.48,1.28,0.565627865,13.606,39.797,0.827,64.2953087,64.9792,3.30301181243733,13.4819184072119,39.7966195504818,0.565627864999035,0.139110393954458,4.28400610942451,-0.0940061094245124,11.255,0.511590909090909,8.13,153.13553,1.20888494002665,0.273224044
65,TXH2.2021,-96.4284433,30.5378851,133,2021-05-13,65,19.63,25.52,14.88,14.8,34.28,18.3,7.84,8.8,1.24,0.03,0.01,4.82,10.4,75.73,0.6,0.59,0,2.32,-4.81,0.796186057,13.629,39.875,2.68,66.08805101,66.158,6.19768167141393,13.5044593554638,39.8748466454565,0.796186057080399,0.146428042066236,8.09956223733282,-8.08956223733282,12.2,0.554545454545455,10.64,166.2738,1.11713114754098,0.448293428
66,TXH2.2021,-96.4284433,30.5378851,134,2021-05-14,66,21.35,27.73,15.6,15.75,33.49,22.96,16.66,10.75,1.46,0.04,0,4.79,11.09,72.91,0.59,0.58,0,1.58,-4.79,0.957144,13.651,39.951,5.693,68.57799215,68.22,7.77384747135473,13.5265941363325,39.9506939793445,0.957143999568154,0.158414961363751,10.2701292516456,-10.2701292516456,13.665,0.621136363636364,12.13,186.540915,0.998975484815221,0.503512881
67,TXH2.2021,-96.4284433,30.5378851,135,2021-05-15,67,22.89,29.57,16.33,18.28,32.99,17.54,6.77,8.46,1.15,0.03,0.79,3.76,13.09,77.23,0.58,0.57,0,2.24,-2.97,0.897612281,13.673,40.024,2.313,71.29817753,70.6708,5.9373463743634,13.5483125286075,40.0241769248732,0.897612281382014,0.169601636354429,7.91353355108066,-7.12353355108066,14.95,0.679545454545455,13.24,204.41135,0.914581939799331,0.369593709
68,TXH2.2021,-96.4284433,30.5378851,136,2021-05-16,68,22.51,25.64,19.94,20.58,34.47,10.92,2.09,5.6,0.8,0.02,4.7,1.05,15.16,89.12,0.58,0.58,0,2.97,3.65,0.38651153,13.695,40.095,0.714,71.64924288,71.1188,3.69569594142421,13.5696043126746,40.095311260185,0.386511529738991,0.168173413061301,4.92166883519581,-0.221668835195806,14.79,0.672272727272727,5.7,202.54905,0.925963488843813,0.248778321
69,TXH2.2021,-96.4284433,30.5378851,137,2021-05-17,69,24.45,29.71,20.32,22.36,35.58,10.84,3.77,5.35,0.73,0.02,14.59,2.62,17,89.1,0.6,0.63,0,2.04,11.97,0.57647558,13.716,40.164,1.287,74.9303005,73.6996,3.66796543508574,13.5904592830374,40.1641131126639,0.576475579632015,0.188972931876834,4.95281928206064,9.63718071793936,17.015,0.773409090909091,9.39,233.37774,0.806112253893623,0.218813906
70,TXH2.2021,-96.4284433,30.5378851,138,2021-05-18,70,22.92,27.18,19.2,21.33,35.07,16.58,6.38,8.07,1.1,0.03,8.33,1.8,15.97,91.1,0.61,0.64,0,3.18,6.53,0.376184393,13.737,40.231,2.178,72.5092188,71.7988,5.60936663492177,13.6108672613319,40.2305989036195,0.376184392914195,0.171763156865792,7.49194711995566,0.83805288004434,15.19,0.690454545454545,7.98,208.66503,0.904344963791969,0.352094241
71,TXH2.2021,-96.4284433,30.5378851,139,2021-05-19,71,22.52,25.48,19.73,21.16,34.98,8.45,0.36,4.46,0.63,0.02,37.04,2.68,15.78,92.28,0.67,0.77,0,1.62,34.36,0.267923512,13.757,40.295,0.123,71.91880144,71.3376,2.85844463961668,13.6308181098094,40.2947852939125,0.267923512469821,0.166534697308418,3.80381971650106,33.2361802834989,14.605,0.663863636363637,5.75,200.920985,0.941937692571037,0.198046181
72,TXH2.2021,-96.4284433,30.5378851,140,2021-05-20,72,22.66,25.98,19.12,20.77,34.04,21.4,7.18,10.09,1.34,0.04,0.29,3.9,15.37,89.38,0.67,0.69,0,1.23,-3.61,0.333585821,13.777,40.357,2.451,71.92423292,71.3372,7.23836527826145,13.6503017452594,40.3566891306033,0.333585821118338,0.166050118973214,9.62984781144074,-9.33984781144074,14.55,0.661363636363636,6.86,200.45535,0.946872852233677,0.445278023
73,TXH2.2021,-96.4284433,30.5378851,141,2021-05-21,73,23.31,26.58,20.36,21.51,34.88,15.23,2.09,7.43,1.01,0.03,3.13,3.36,16,89.85,0.66,0.69,0,2.21,-0.23,0.368662098,13.796,40.416,0.713,73.06714465,72.2536,5.15097676100925,13.6693081533443,40.4163273946985,0.368662098209092,0.174314263454829,6.89413768430163,-3.76413768430163,15.47,0.703181818181818,6.22,213.42412,0.891790562378798,0.318747319
74,TXH2.2021,-96.4284433,30.5378851,142,2021-05-22,74,23.4,25.98,21.44,21.77,35.3,12.61,0.53,6.43,0.9,0.02,9.33,2.87,16.21,90.69,0.66,0.71,0,3.51,6.46,0.349140113,13.815,40.474,0.181,73.2945754,72.4372,4.2645824428671,13.6878274033099,40.4737171500655,0.349140113192381,0.176526294490803,5.71670435400743,3.61329564599257,15.71,0.714090909090909,4.54,217.03365,0.87937619350732,0.274786325
75,TXH2.2021,-96.4284433,30.5378851,143,2021-05-23,75,22.32,24.34,20.8,21.21,35.25,7.05,0.3,3.87,0.57,0.01,13.98,1.35,15.67,93.43,0.68,0.74,0,2.07,12.63,0.231711896,13.834,40.529,0.102,71.66375024,71.1556,2.38413326172145,13.7058496630374,40.5288754935808,0.231711895668826,0.16622619136474,3.17286883407103,10.807131165929,14.57,0.662272727272727,3.54,201.56138,0.949485243651338,0.173387097
76,TXH2.2021,-96.4284433,30.5378851,144,2021-05-24,76,23.42,27.47,19.69,21.85,35.43,12.39,2.7,6.31,0.9,0.03,18.76,3.67,16.37,91.26,0.7,0.77,0,2.52,15.09,0.359444826,13.852,40.582,0.922,73.37938108,72.486,4.18986869178781,13.7233652143962,40.5818195065719,0.359444826496439,0.175325190896638,5.61242567727477,13.1475743227252,15.58,0.708181818181818,7.78,215.81416,0.889088575096277,0.269427839
77,TXH2.2021,-96.4284433,30.5378851,145,2021-05-25,77,24.14,28.26,21.24,22.49,35.2,15.4,7.96,7.58,1.02,0.02,11.2,3.52,17.03,90.85,0.72,0.77,0,2.57,7.68,0.456770716,13.869,40.633,2.717,74.5737281,73.4364,5.20768517890952,13.7403644688578,40.6325662076061,0.456770716041717,0.18638735939268,7.02545351344195,4.17454648655805,16.75,0.761363636363636,7.02,232.30575,0.828,0.314001657
78,TXH2.2021,-96.4284433,30.5378851,146,2021-05-26,78,25.52,29.85,21.62,22.81,35.06,22.23,16.79,10.6,1.39,0.03,1.17,7.83,17.33,85.8,0.71,0.74,0,2.29,-6.66,0.617669122,13.886,40.681,5.731,76.3789984,74.9316,7.51735484057817,13.7568379833235,40.6811325066785,0.617669121975589,0.19615092399583,10.1984438780626,-9.02844387806262,17.735,0.806136363636364,8.23,246.26821,0.782971525232591,0.415360502
79,TXH2.2021,-96.4284433,30.5378851,147,2021-05-27,79,25.75,30.82,21.05,22.52,35.23,23.45,17.2,11.01,1.42,0.04,0.03,10.72,17.07,83.48,0.7,0.72,0,2.59,-10.69,0.741782726,13.903,40.728,5.871,76.500999,75.0572,7.9300553566419,13.7727764761212,40.7275351608401,0.741782725978571,0.198185062302173,10.7700359060723,-10.7400359060723,17.935,0.815227272727273,9.77,249.350305,0.775188179537218,0.427572816
80,TXH2.2021,-96.4284433,30.5378851,148,2021-05-28,80,24.69,27.3,21.65,23.04,35.58,18.71,8.49,9.12,1.24,0.04,23.38,2.83,17.63,90.9,0.71,0.78,0,1.67,20.55,0.292060896,13.919,40.772,2.898,75.5189779,74.1844,6.32733249748293,13.7881708431203,40.7717907313083,0.292060896417736,0.183735799220131,8.52162329678425,14.8583767032157,16.475,0.748863636363636,5.65,229.315525,0.844855842185129,0.369380316
81,TXH2.2021,-96.4284433,30.5378851,149,2021-05-29,81,24.95,29.98,20.18,21.78,34.05,25.27,20.34,11.86,1.56,0.04,2.25,8.27,16.36,83.93,0.72,0.75,0,1.63,-6.02,0.692624037,13.934,40.814,6.944,75.23863965,73.9908,8.54615669685201,13.803012173914,40.8139155420926,0.692624036829883,0.189611722681222,11.5502452204202,-9.30024522042021,17.08,0.776363636363636,9.8,237.99272,0.815807962529274,0.475350701
82,TXH2.2021,-96.4284433,30.5378851,150,2021-05-30,82,24.02,28.48,20.79,20.87,34.4,20,9.17,9.59,1.3,0.03,0.88,8.33,15.41,83.59,0.71,0.74,0,2.04,-7.45,0.70374793,13.949,40.854,3.131,73.68036482,72.7332,6.76424189426245,13.8172917680147,40.853925640166,0.703747930077576,0.185274629293012,9.11780001154943,-8.23780001154943,16.635,0.756136363636364,7.69,232.041615,0.838533213104899,0.399250624
83,TXH2.2021,-96.4284433,30.5378851,151,2021-05-31,83,24.28,29.15,20.18,21.82,35.22,19.36,7.09,9.29,1.24,0.03,18.02,6.11,16.33,87,0.71,0.77,0,2.01,11.91,0.587415538,13.964,40.892,2.421,74.438164,73.3352,6.54820628071454,13.8310011510071,40.8918367572072,0.587415537616741,0.185564365605413,8.82759056771204,9.19240943228796,16.665,0.7575,8.97,232.71006,0.837923792379238,0.38261944
84,TXH2.2021,-96.4284433,30.5378851,152,2021-06-01,84,23.73,27.83,20.17,21.44,35.09,15.58,0.76,7.71,1.06,0.03,13.91,4.86,15.97,87.75,0.74,0.8,0,1.55,9.05,0.497802292,13.977,40.928,0.26,73.58789425,72.6484,5.27006810193732,13.8441320906026,40.927664272934,0.49780229242838,0.179230706631199,7.07575791874859,6.83424208125141,16,0.727272727272727,7.66,223.632,0.8735625,0.324905183
85,TXH2.2021,-96.4284433,30.5378851,153,2021-06-02,85,23.73,28.61,18.3,20.29,34.75,23.94,18.79,11.32,1.51,0.04,10.12,5.88,14.93,82.24,0.74,0.78,0,0.73,4.24,0.629152617,13.99,40.961,6.418,73.08137648,72.2344,8.0985671968966,13.8566766125361,40.9614231800452,0.629152616753904,0.174176791449783,10.8358566137101,-0.715856613710129,15.455,0.7025,10.31,216.21545,0.905208670333226,0.477033291
86,TXH2.2021,-96.4284433,30.5378851,154,2021-06-03,86,22.83,25.71,20.39,21.5,34.84,11.2,7.04,5.66,0.79,0.02,19.53,1.31,16.06,92.52,0.76,0.81,0,1.11,18.22,0.285358491,14.003,40.993,2.405,72.47303284,71.77,3.78913808162017,13.8686270162462,40.9931280507839,0.28535849066247,0.170499463404466,5.05636981691814,14.4736301830819,15.05,0.684090909090909,5.32,210.74515,0.930431893687708,0.247919404
87,TXH2.2021,-96.4284433,30.5378851,155,2021-06-04,87,22.94,26.07,20.99,21.51,34.93,14.3,1.61,7.14,0.98,0.03,11.14,2.27,16.06,91.89,0.78,0.82,0,2.06,8.87,0.364425136,14.015,41.023,0.55,72.60990034,71.8836,4.83837497866549,13.8799758902797,41.0227930051311,0.364425136453733,0.174865067105457,6.47559285177162,4.66440714822838,15.53,0.705909090909091,5.08,217.65295,0.902446877012234,0.311246731
88,TXH2.2021,-96.4284433,30.5378851,156,2021-06-05,88,24.63,28.72,20.93,22.03,34.66,19.6,12.23,9.45,1.28,0.03,6.3,6.15,16.63,86.28,0.78,0.81,0,1.5,0.15,0.560036143,14.027,41.05,4.179,74.95051636,73.7608,6.6322819261526,13.8907161273593,41.0504316806356,0.560036142998847,0.187116082376411,8.94540878359936,-2.64540878359936,16.825,0.764772727272727,7.79,236.004275,0.83369985141159,0.383678441
89,TXH2.2021,-96.4284433,30.5378851,157,2021-06-06,89,25.54,29.99,21.13,22.92,34.32,24.88,22.03,11.69,1.54,0.04,1.01,6.4,17.62,86.35,0.78,0.8,0,1.9,-5.39,0.577891872,14.037,41.076,7.528,76.4726021,74.9912,8.41981792086372,13.9008409390549,41.0760572038839,0.577891872298452,0.194385498961761,11.4030402748846,-10.3930402748846,17.56,0.798181818181818,8.86,246.48972,0.799373576309795,0.457713391
90,TXH2.2021,-96.4284433,30.5378851,158,2021-06-07,90,26.12,29.59,23.11,24.35,36.14,12.1,1.82,6.02,0.81,0.02,4.85,4.01,19.19,90.24,0.77,0.8,0,2.66,0.84,0.439045635,14.048,41.1,0.622,77.88786112,76.086,4.09529105740921,13.910343869999,41.0996821636089,0.439045634602651,0.202462592869932,5.56979148492946,-0.719791484929456,18.35,0.834090909090909,6.48,257.7808,0.765558583106267,0.230474732
91,TXH2.2021,-96.4284433,30.5378851,159,2021-06-08,91,26.22,29.15,23.87,24.09,35.99,17.61,8.66,8.52,1.16,0.03,1.8,3.41,18.82,88.63,0.77,0.79,0,2.17,-1.61,0.500531545,14.057,41.121,2.96,77.87050814,76.0924,5.96083617218594,13.9192188115875,41.1213185854373,0.500531545496829,0.204132379155638,8.11305892284217,-6.31305892284217,18.51,0.841363636363636,5.28,260.19507,0.759427336574825,0.324942792
92,TXH2.2021,-96.4284433,30.5378851,160,2021-06-09,92,26.56,30.53,23.61,24.41,35.45,24.03,19.79,11.23,1.43,0.04,0.06,4.7,19.16,88.52,0.77,0.79,0,2.3,-4.64,0.586112495,14.066,41.141,6.766,78.43104288,76.5476,8.13487868249612,13.9274600151071,41.1409779082693,0.58611249519035,0.210068166997816,11.1033741860212,-11.0433741860212,19.07,0.866818181818182,6.92,268.23862,0.737598321971683,0.422816265
93,TXH2.2021,-96.4284433,30.5378851,161,2021-06-10,93,26.74,31.27,22.09,23.85,34.41,25.85,22.7,11.97,1.52,0.04,0,8.24,18.56,84.99,0.76,0.78,0,2.34,-8.24,0.653112091,14.074,41.159,7.762,78.30489274,76.526,8.75201620879652,13.9350621042344,41.158670962287,0.653112090635009,0.205919206639115,11.920027307529,-11.920027307529,18.68,0.849090909090909,9.18,262.90232,0.753426124197002,0.447643979
94,TXH2.2021,-96.4284433,30.5378851,162,2021-06-11,94,26.83,31.77,21.97,23.61,34.8,25.22,22.91,11.81,1.53,0.04,0,10.21,18.31,83.54,0.74,0.76,0,2.43,-10.21,0.751410861,14.082,41.174,7.835,78.27572418,76.5296,8.53971590871437,13.9420200868517,41.1744079485819,0.751410861055128,0.207931800360598,11.641126968902,-11.641126968902,18.87,0.857727272727273,9.8,265.72734,0.746263910969794,0.440178904
95,TXH2.2021,-96.4284433,30.5378851,163,2021-06-12,95,27.46,32.34,21.9,23.72,35.3,22.34,13.94,10.54,1.38,0.04,0,9.42,18.43,81.03,0.73,0.75,0,1.05,-9.42,0.803215249,14.089,41.188,4.768,78.98363962,77.1992,7.56541169533154,13.9483293661279,41.1881984203955,0.803215248981576,0.210605133029047,10.3251514164835,-10.3251514164835,19.12,0.869090909090909,10.44,269.38168,0.736872384937239,0.383831027
96,TXH2.2021,-96.4284433,30.5378851,164,2021-06-13,96,28.3,32.78,23.57,23.62,35.37,26.34,24.4,12.23,1.57,0.04,0,8.08,18.3,77.32,0.72,0.75,0,0.99,-8.08,1.021520131,14.095,41.2,8.348,79.8289844,78.0032,8.92105648858961,13.9539857508137,41.2000512659619,1.02152013053782,0.222207172397735,12.2383891180333,-12.2383891180333,20.175,0.917045454545455,9.21,284.366625,0.698636926889715,0.432155477
97,TXH2.2021,-96.4284433,30.5378851,165,2021-06-14,97,27.72,32.7,22.36,23.72,36.14,22.85,17.52,10.85,1.43,0.04,2.1,6.48,18.5,79.64,0.71,0.74,0,1.29,-4.38,0.890147299,14.101,41.21,5.995,79.22012592,77.4592,7.73994209521262,13.9589854647074,41.209974692944,0.890147298839235,0.21505194795726,10.5829561327045,-8.48295613270449,19.53,0.887727272727273,10.34,275.39253,0.722017409114183,0.391414141
98,TXH2.2021,-96.4284433,30.5378851,166,2021-06-15,98,28.67,33.36,24.65,23.89,35.46,28.04,29.74,13.15,1.72,0.04,5.4,8.89,18.59,76.84,0.71,0.75,0,0.96,-3.49,1.153164054,14.106,41.218,10.178,80.34430772,78.4704,9.49905049476351,13.9633251552443,41.2179762144531,1.15316405381987,0.231707992643074,13.0798501470063,-7.67985014700628,21.005,0.954772727272727,8.71,296.29653,0.671554391811474,0.458667597
99,TXH2.2021,-96.4284433,30.5378851,167,2021-06-16,99,28.47,33.56,22.18,22.65,34.36,28.99,31.96,13.47,1.75,0.04,0.42,10.82,17.25,72.85,0.71,0.73,0,1.02,-10.4,1.181151201,14.111,41.224,10.94,79.47614105,77.824,9.8220155709531,13.9670019011746,41.2240626366429,1.18115120091864,0.21879916277289,13.449511640793,-13.029511640793,19.87,0.903181818181818,11.38,280.38557,0.71016607951686,0.47312961
100,TXH2.2021,-96.4284433,30.5378851,168,2021-06-17,100,28.39,33.18,23.62,22.84,35.43,25.94,23.58,12.16,1.59,0.04,0.1,10.93,17.47,72.98,0.69,0.72,0,0.92,-10.83,1.216441334,14.114,41.228,8.072,79.37159178,77.8124,8.78965831400137,13.9700132192901,41.2282400478677,1.21644133433727,0.224749763979698,12.0656662215403,-11.9656662215403,20.4,0.927272727272727,9.56,287.9256,0.691862745098039,0.428319831
101,TXH2.2021,-96.4284433,30.5378851,169,2021-06-18,101,27.13,31.52,21.21,19.95,33.98,28.98,32.45,13.53,1.76,0.05,0.01,12.13,14.64,66.99,0.68,0.7,0,1,-12.12,1.242196437,14.117,41.231,11.11,76.68837313,75.512,9.82085524729183,13.9723570701709,41.2305138093967,1.24219643684447,0.202618645507857,13.3409553979825,-13.3309553979825,18.365,0.834772727272727,10.31,259.258705,0.768690443778927,0.498709915
102,TXH2.2021,-96.4284433,30.5378851,170,2021-06-19,102,27.03,32.45,20.69,20.81,33.19,28.69,29.24,13.13,1.7,0.04,0,12.44,15.53,70.28,0.67,0.69,0,1.28,-12.44,1.200367336,14.12,41.231,10.014,76.95097716,75.7216,9.72365593537254,13.9740318629245,41.230888547677,1.20036733584662,0.204761528701557,13.2219157352138,-13.2219157352138,18.57,0.844090909090909,11.76,262.2084,0.760366182014001,0.485756567
103,TXH2.2021,-96.4284433,30.5378851,171,2021-06-20,103,27.24,31.69,22.89,24.28,35.73,21.58,8.27,10.28,1.39,0.04,0.75,8.12,19.11,84.71,0.66,0.68,0,2.48,-7.37,0.69699882,14.121,41.229,2.832,79.09512396,77.1808,7.31472007282169,13.9750364588942,41.2293681481375,0.696998819568035,0.212439458604954,9.98259457611722,-9.23259457611722,19.29,0.876818181818182,8.8,272.39409,0.73203732503888,0.377386197
104,TXH2.2021,-96.4284433,30.5378851,172,2021-06-21,104,28.21,32,25.08,25.18,37.5,20.46,13.63,9.86,1.31,0.03,6.48,7.74,20.16,84.61,0.65,0.69,0,2.2,-1.26,0.76691368,14.122,41.226,4.669,80.68066619,78.4748,6.93582643655074,13.97537017432,41.2259557505287,0.766913680384887,0.22634411926949,9.52309914058287,-3.04309914058287,20.54,0.933636363636364,6.92,290.06588,0.687536514118793,0.349521446
105,TXH2.2021,-96.4284433,30.5378851,173,2021-06-22,105,26.03,29.58,22.13,23.16,36.99,18.21,13.93,8.89,1.21,0.03,9.28,7.51,17.86,85.1,0.66,0.71,0,1.99,1.77,0.566673686,14.123,41.221,4.773,77.1450147,75.5676,6.17373388904781,13.9750327819391,41.2206537457934,0.566673685739515,0.197369286581059,8.35974310017422,0.920256899825784,17.855,0.811590909090909,7.45,252.166165,0.790982917950154,0.341529005
106,TXH2.2021,-96.4284433,30.5378851,174,2021-06-23,106,28.36,33.23,23.1,24.79,36.03,27.24,25.72,12.85,1.67,0.04,0.17,10.63,19.62,82.08,0.65,0.68,0,1.86,-10.46,0.832545324,14.122,41.213,8.813,80.57926912,78.4844,9.23611831747044,13.9740245115179,41.2134637744657,0.832545324461954,0.222094731541422,12.6559409939522,-12.4859409939522,20.165,0.916590909090909,10.13,284.77013,0.700322340689313,0.453102962
107,TXH2.2021,-96.4284433,30.5378851,175,2021-06-24,107,28.34,32.99,23.99,24.95,36.1,26.24,24.23,12.49,1.64,0.04,0.26,9.01,19.8,83.04,0.64,0.66,0,2.35,-8.75,0.846343776,14.121,41.204,8.304,80.67888064,78.522,8.89794484181357,13.9723460493143,41.2043867265962,0.846343775539809,0.225773619835935,12.2104792050658,-11.9504792050658,20.49,0.931363636363636,9,289.33929,0.689165446559297,0.440719831
108,TXH2.2021,-96.4284433,30.5378851,176,2021-06-25,108,27.89,32.15,23.87,24.81,35.62,26.5,22.09,12.46,1.6,0.04,0.41,6.99,19.65,84.32,0.63,0.65,0,2.55,-6.58,0.745842805,14.12,41.193,7.572,80.11481952,78.0216,8.98699201385426,13.9699985364712,41.193422743203,0.745842804919064,0.220358001043097,12.3027995133153,-11.8927995133153,20.01,0.909545454545454,8.28,282.5412,0.705647176411794,0.446755109
109,TXH2.2021,-96.4284433,30.5378851,177,2021-06-26,109,27.84,32.59,24.1,23.84,35.3,26.71,25.15,12.57,1.64,0.04,0.37,8.19,18.55,80.25,0.62,0.63,0,2.76,-7.82,1.003330816,14.117,41.181,8.622,79.492834,77.6224,9.05908101835217,13.9669835663498,41.1805712192495,1.00333081576914,0.22412599621125,12.420531091439,-12.050531091439,20.345,0.924772727272727,8.49,287.210365,0.693880560334234,0.451508621
110,TXH2.2021,-96.4284433,30.5378851,178,2021-06-27,110,27.01,31.61,23.18,23.68,35.82,16.41,8.22,8.07,1.1,0.03,6.54,5.42,18.37,83.27,0.62,0.65,0,1.75,1.12,0.818467599,14.114,41.166,2.818,78.53680473,76.7348,5.56621354892712,13.9633031808152,41.1658308081521,0.818467599179105,0.213579120354805,7.59508723655948,-1.05508723655948,19.395,0.881590909090909,8.43,273.74103,0.727713328177365,0.29877823
111,TXH2.2021,-96.4284433,30.5378851,179,2021-06-28,111,24.57,26.83,23.01,23.3,35.81,13.42,1.14,6.78,0.95,0.03,12.78,1.65,17.92,92.8,0.63,0.69,0,1.74,11.13,0.309705181,14.111,41.149,0.391,75.5042504,74.158,4.55243951279057,13.9589598654924,41.1491994278203,0.30970518138849,0.188042576215716,6.12825451922154,6.65174548077846,16.92,0.769090909090909,3.82,238.75812,0.833983451536643,0.275946276
112,TXH2.2021,-96.4284433,30.5378851,180,2021-06-29,112,25.68,28.93,23.23,23.81,35.66,17.88,10.02,8.79,1.2,0.03,6.63,3.31,18.43,89.88,0.64,0.69,0,1.62,3.32,0.469058012,14.106,41.131,3.436,77.09833216,75.4516,6.06595314678935,13.9539565440139,41.1306742682351,0.469058012207156,0.199670890373713,8.21838487417561,-1.58838487417561,18.08,0.821818181818182,5.7,255.03648,0.780199115044248,0.34228972
113,TXH2.2021,-96.4284433,30.5378851,181,2021-06-30,113,27.36,32.25,22.36,23.27,36.06,25.37,22.43,12.11,1.59,0.04,0.73,9.45,17.84,80.14,0.64,0.66,0,1,-8.72,0.906756973,14.101,41.11,7.694,78.70862096,76.9372,8.60778682967443,13.948296571287,41.1102518005707,0.906756973192836,0.212601953714866,11.7366920950302,-11.0066920950302,19.305,0.8775,9.89,272.219805,0.730432530432531,0.442616959
114,TXH2.2021,-96.4284433,30.5378851,182,2021-07-01,114,28.32,33.23,23.09,23.04,36.01,27.05,26,12.86,1.67,0.04,0.42,10.69,17.65,75.21,0.63,0.64,0,0.65,-10.27,1.143807688,14.096,41.088,8.92,79.57064728,77.8144,9.17862447895432,13.9419837258122,41.0879277878667,1.14380768767674,0.222038529040007,12.5673592193313,-12.1473592193313,20.16,0.916363636363636,10.14,284.17536,0.699206349206349,0.454096045
115,TXH2.2021,-96.4284433,30.5378851,183,2021-07-02,115,27.58,31.78,23.72,23.7,36.48,20.07,12.7,9.65,1.27,0.03,2.45,5.32,18.37,80.64,0.62,0.64,0,1.22,-2.87,0.884422508,14.089,41.064,4.357,79.12638688,77.312,6.81078212590708,13.9350222010873,41.0636972972579,0.884422507842528,0.217470400908393,9.30565436379464,-6.85565436379464,19.75,0.897727272727273,8.06,278.25775,0.713367088607595,0.349891226
116,TXH2.2021,-96.4284433,30.5378851,184,2021-07-03,116,26.59,30.35,24.07,23.94,37.05,8.25,1.79,4.24,0.6,0.01,16.85,3.25,18.65,86.11,0.63,0.69,0,0.66,13.6,0.689524221,14.082,41.038,0.614,78.19185251,76.4084,2.7999033499817,13.9274165961384,41.0375547137699,0.689524220715126,0.211574580414845,3.81476814648439,13.0352318535156,19.21,0.873181818181818,6.28,270.51522,0.733055700156169,0.159458443
117,TXH2.2021,-96.4284433,30.5378851,185,2021-07-04,117,26.68,30.56,23.45,24.31,37.73,16.16,6.7,8.07,1.14,0.03,11.82,5.43,19.11,87.65,0.65,0.71,0,1.28,6.39,0.594134558,14.075,41.009,2.3,78.5280198,76.6316,5.48492062175589,13.9191719052189,41.0094937556871,0.594134558206988,0.20937183265793,7.46442633199608,4.35557366800392,19.005,0.863863636363636,7.11,267.495375,0.740594580373586,0.302473763
118,TXH2.2021,-96.4284433,30.5378851,186,2021-07-05,118,26.01,28.27,24.18,24.19,36.68,17.46,8.31,8.51,1.16,0.03,10.86,3.3,18.94,90.03,0.66,0.71,0,1.62,7.56,0.409905503,14.066,40.98,2.852,77.67644497,75.9184,5.92671165405755,13.9102935067256,40.979507491503,0.409905503410912,0.201166082569389,8.03165713810815,2.82834286189185,18.225,0.828409090909091,4.09,256.35285,0.771796982167353,0.327181853
119,TXH2.2021,-96.4284433,30.5378851,187,2021-07-06,119,26.66,31.37,23.44,23.84,36.2,22.4,16.17,10.74,1.42,0.04,5.59,7.23,18.54,85.63,0.67,0.71,0,1.72,-1.64,0.781181561,14.057,40.948,5.551,78.25017842,76.4424,7.60429721684836,13.9007871513783,40.947588358458,0.78118156071797,0.213687927106414,10.3679823399096,-4.77798233990964,19.405,0.882045454545455,7.93,272.776085,0.72440092759598,0.402850713
120,TXH2.2021,-96.4284433,30.5378851,188,2021-07-07,120,26.22,29.98,22.23,22.69,35.7,21.8,14.84,10.47,1.39,0.04,0.99,8.77,17.27,82.15,0.66,0.68,0,1.71,-7.78,0.702499381,14.048,40.914,5.095,77.1150827,75.5884,7.40133883061976,13.8906589497177,40.9137281826737,0.702499381044088,0.199928012762283,10.0215432560958,-9.03154325609579,18.105,0.822954545454546,7.75,254.33904,0.775918254625794,0.399313501
121,TXH2.2021,-96.4284433,30.5378851,189,2021-07-08,121,25.8,30.52,22.07,23.11,36.22,18.65,10.31,9.11,1.25,0.03,12.19,6.8,17.72,86.1,0.65,0.7,0,2.52,5.39,0.685046046,14.038,40.878,3.541,76.877362,75.3196,6.33252457164615,13.8799153589737,40.8779182008873,0.685046046272761,0.201891264790796,8.58230378037059,3.60769621962941,18.295,0.831590909090909,8.45,256.82521,0.767313473626674,0.353100775
122,TXH2.2021,-96.4284433,30.5378851,190,2021-07-09,122,25.34,28.26,23.39,23.88,37.03,12.41,0.77,6.39,0.92,0.03,14.43,2.71,18.53,91.82,0.67,0.74,0,2.74,11.72,0.394458,14.027,40.84,0.264,76.72965612,75.1368,4.21420765577209,13.8685631693629,40.8401490837928,0.394458000395101,0.19706410032446,5.69616824829439,8.73383175170561,17.825,0.810227272727273,4.87,250.031275,0.786928471248247,0.252170481
123,TXH2.2021,-96.4284433,30.5378851,191,2021-07-10,123,27.41,32.45,22.87,24.01,36.23,24.64,20.25,11.82,1.56,0.04,1.08,9.47,18.68,83.18,0.68,0.7,0,2.18,-8.39,0.846488884,14.016,40.8,6.956,79.17900162,77.2536,8.36822104946008,13.8566094898694,40.8004109609905,0.84648888424298,0.21647828571077,11.419447210685,-10.339447210685,19.66,0.893636363636364,9.58,275.55456,0.712919633774161,0.431229478
124,TXH2.2021,-96.4284433,30.5378851,192,2021-07-11,124,26.83,30.44,22.88,23.87,36.4,18.82,7.49,9.01,1.19,0.03,1.61,6.06,18.54,84.84,0.66,0.69,0,2.13,-4.45,0.609487694,14.004,40.759,2.573,78.43512628,76.6232,6.39238453904643,13.8440617335721,40.7586934475461,0.609487694048103,0.205708311195896,8.67741679759754,-7.06741679759754,18.66,0.848181818181818,7.56,261.31464,0.75048231511254,0.335818114
125,TXH2.2021,-96.4284433,30.5378851,193,2021-07-12,125,25.94,28.61,22.7,23.62,36.45,13.19,2.36,6.46,0.85,0.02,12.17,2.99,18.23,87.53,0.67,0.73,0,1.62,9.18,0.421023817,13.991,40.715,0.811,77.27283918,75.6432,4.48065821628665,13.8309276025741,40.714985672159,0.421023817209209,0.195342204940997,6.04847428453276,6.12152571546724,17.655,0.8025,5.91,247.011105,0.792466723307845,0.249036237
126,TXH2.2021,-96.4284433,30.5378851,194,2021-07-13,126,25.51,29.68,21.94,23.03,36.01,21.21,11.39,10.1,1.32,0.04,9.11,3.69,17.54,87.19,0.68,0.74,0,0.9,5.42,0.585482385,13.978,40.669,3.915,76.51467731,75.0008,7.20600803117356,13.8172150725973,40.6692763069349,0.585482384786434,0.196911656226788,9.73454534379671,-0.624545343796706,17.81,0.809545454545455,7.74,248.94818,0.784839977540707,0.395923167
127,TXH2.2021,-96.4284433,30.5378851,195,2021-07-14,127,25.83,29.58,22.43,23.78,35.79,21.39,14.51,10.24,1.35,0.04,6.28,3.85,18.34,89.09,0.69,0.73,0,1.55,2.43,0.483211511,13.964,40.622,4.988,77.26425753,75.5908,7.26817901813319,13.8029323773006,40.6215535987572,0.483211510888579,0.198901192428116,9.82769824282696,-3.54769824282696,18.005,0.818409090909091,7.15,251.42182,0.775562343793391,0.39643825
128,TXH2.2021,-96.4284433,30.5378851,196,2021-07-15,128,26.46,30.22,23.21,24.08,35.64,23.98,17.43,11.43,1.5,0.04,2.7,4.79,18.73,87.53,0.69,0.72,0,1.87,-2.09,0.572816809,13.95,40.572,5.993,78.14464362,76.3288,8.14946110431167,13.7880879923817,40.5718054022468,0.572816809111463,0.20628871130179,11.0597681818231,-8.35976818182314,18.715,0.850681818181818,7.01,261.07425,0.745391397274913,0.431972789
129,TXH2.2021,-96.4284433,30.5378851,197,2021-07-16,129,26.93,30.57,24.09,24.42,35.81,23.84,15.69,11.31,1.46,0.04,0.96,4.78,19.15,86.89,0.68,0.71,0,2.29,-3.82,0.631931885,13.935,40.52,5.396,78.85351223,76.9212,8.10317839764398,13.7726906195225,40.5200192142978,0.631931884661928,0.212873011106532,11.0302880412362,-10.0702880412362,19.33,0.878636363636364,6.48,269.36355,0.720900155199172,0.41997772
130,TXH2.2021,-96.4284433,30.5378851,198,2021-07-17,130,27.76,32.55,23.07,24.15,35.04,26.54,22.64,12.46,1.59,0.04,0.04,8.35,18.81,82.04,0.68,0.7,0,1.82,-8.31,0.852042582,13.92,40.466,7.788,79.60044096,77.654,9.02245042741582,13.7567491702356,40.4661822101719,0.852042582086028,0.218133931610242,12.3092062939603,-12.2692062939603,19.81,0.900454545454545,9.48,275.7552,0.702675416456335,0.448847262
131,TXH2.2021,-96.4284433,30.5378851,199,2021-07-18,131,27.91,32.11,23.52,24.31,35.88,24.52,15.87,11.61,1.49,0.04,0.11,7.94,18.98,81.99,0.66,0.69,0,1.22,-7.83,0.801798614,13.904,40.41,5.46,79.83710491,77.8616,8.33727153438993,13.7402727496681,40.4102812811308,0.801798613885158,0.218189302544921,11.372616057985,-11.262616057985,19.815,0.900681818181818,8.59,275.50776,0.701690638405249,0.415979936
132,TXH2.2021,-96.4284433,30.5378851,200,2021-07-19,132,27.83,32.29,23.98,23.69,36.67,19.5,9.64,9.35,1.23,0.03,1.61,6.96,18.33,79.8,0.66,0.68,0,1.27,-5.35,0.97791762,13.888,40.352,3.318,79.4171566,77.5584,6.63168535883127,13.7232706404207,40.3523030735832,0.977917620429412,0.221757695720171,9.05854476857174,-7.44854476857174,20.135,0.915227272727273,8.31,279.63488,0.689744226471319,0.335968379
133,TXH2.2021,-96.4284433,30.5378851,201,2021-07-20,133,26.37,30.38,22.9,22.76,35.94,21.4,12.88,9.81,1.21,0.03,1.17,7.84,17.33,81.75,0.65,0.67,0,1.63,-6.67,0.795519956,13.871,40.292,4.434,77.31135025,75.7636,7.2793952976979,13.7057522864322,40.2922340297147,0.795519956387739,0.205497597472903,9.86594520283107,-8.69594520283107,18.64,0.847272727272727,7.48,258.55544,0.744152360515021,0.372013652
134,TXH2.2021,-96.4284433,30.5378851,202,2021-07-21,134,26.91,31.38,22.42,22.61,35.62,20.24,14.26,9.41,1.2,0.03,2.9,7.26,17.16,78.89,0.64,0.67,0,1.18,-4.36,0.907665044,13.854,40.23,4.911,77.83283601,76.2496,6.88638289696747,13.6877272769843,40.2300604295706,0.90766504424763,0.208251085530713,9.34390582296623,-6.44390582296623,18.9,0.859090909090909,8.96,261.8406,0.733015873015873,0.349684132
135,TXH2.2021,-96.4284433,30.5378851,203,2021-07-22,135,26.64,31.36,22.72,22.81,35.71,24.39,20,11.45,1.47,0.04,3.97,6.51,17.3,80.91,0.64,0.67,0,1.55,-2.54,0.89650816,13.836,40.166,6.889,77.64714976,76.0516,8.30039934536018,13.6692053308745,40.1657684345501,0.896508159763602,0.209746540320546,11.26796856475,-7.29796856475001,19.04,0.865454545454545,8.64,263.43744,0.726680672268908,0.429804805
136,TXH2.2021,-96.4284433,30.5378851,204,2021-07-23,136,27.5,32.98,22.58,23.61,35.59,26.23,22.56,12.32,1.58,0.04,1.06,7.51,18.19,80.98,0.64,0.65,0,2.29,-6.45,0.966872296,13.817,40.099,7.774,79.041665,77.1996,8.92894026556729,13.6501962808035,40.0993441322712,0.966872296494273,0.217801953916405,12.1636154460427,-11.1036154460427,19.78,0.899090909090909,10.4,273.30026,0.698533872598585,0.448
137,TXH2.2021,-96.4284433,30.5378851,205,2021-07-24,137,28.1,34.17,23.14,23.39,34.29,27.94,28.41,12.89,1.65,0.04,0.03,8.54,17.97,77.88,0.62,0.63,0,2.27,-8.51,1.225130538,13.799,40.031,9.793,79.5895972,77.7204,9.51373168529608,13.6307100580243,40.0307735827581,1.22513053812247,0.227660863804525,13.0117813967878,-12.9817813967878,20.655,0.938863636363637,11.03,285.018345,0.668070685064149,0.458718861
138,TXH2.2021,-96.4284433,30.5378851,206,2021-07-25,138,27.64,33.72,21.81,22.03,33.68,28.15,30.12,13.07,1.69,0.04,0,7.25,16.61,74.23,0.61,0.61,0,1.55,-7.25,1.276367587,13.779,39.96,10.386,78.38551028,76.7708,9.58814788441418,13.6107566772917,39.9600428658981,1.27636758682348,0.217636124353491,13.0530012711318,-13.0530012711318,19.765,0.898409090909091,11.91,272.341935,0.697141411586137,0.472865412
139,TXH2.2021,-96.4284433,30.5378851,207,2021-07-26,139,28.26,34.54,22.56,21.78,34.26,27.18,28.7,12.64,1.65,0.04,0,6.09,16.4,71.2,0.6,0.59,0,1.16,-6.09,1.499679293,13.76,39.887,9.901,78.9289088,77.3008,9.26076995329171,13.5903462221535,39.8871381301113,1.49967929339828,0.226458364309238,12.6515243254422,-12.6515243254422,20.55,0.934090909090909,11.98,282.768,0.669586374695864,0.447275301
140,TXH2.2021,-96.4284433,30.5378851,208,2021-07-27,140,28.53,34.74,22.72,21.16,35.76,24.66,18.89,11.58,1.49,0.04,0.25,4.77,15.77,67.93,0.6,0.58,0,1.07,-4.52,1.640689246,13.74,39.812,6.519,78.88193471,77.3476,8.40508416901383,13.5694888306186,39.8120456421694,1.64068924599034,0.228523070892763,11.4883497321367,-11.2383497321367,20.73,0.942272727272727,12.02,284.8302,0.662807525325615,0.405888538
141,TXH2.2021,-96.4284433,30.5378851,209,2021-07-28,141,29.04,33.41,24.12,22.42,35.96,25.09,21.71,11.89,1.54,0.04,0.48,3.27,17,69.38,0.59,0.58,0,0.52,-2.79,1.363812579,13.719,39.735,7.496,79.84753248,78.3112,8.55483396340959,13.548194681236,39.7347518380979,1.36381257904779,0.228926371526061,11.6906051804737,-11.2106051804737,20.765,0.943863636363636,9.29,284.875035,0.660679027209246,0.409435262
142,TXH2.2021,-96.4284433,30.5378851,210,2021-07-29,142,29.53,34.95,25.07,22.6,36.31,21.8,13.29,10.32,1.35,0.04,0.52,4.03,17.15,68.18,0.59,0.57,0,1.09,-3.51,1.651851064,13.698,39.655,4.591,80.40177846,78.866,7.43601873695313,13.5264739796145,39.6552433750886,1.65185106375097,0.243666218292841,10.2154992602489,-9.69549926024894,22.01,1,9.88,301.49298,0.622353475692867,0.34947511
143,TXH2.2021,-96.4284433,30.5378851,211,2021-07-30,143,29.11,34.52,24.69,23.15,36.23,24.52,21.32,11.47,1.46,0.04,0.6,3.44,17.73,72.26,0.58,0.56,0,0.98,-2.84,1.457409247,13.677,39.574,7.368,80.37045714,78.644,8.36737417179075,13.5043369454106,39.5735071843455,1.45740924651569,0.238786430082358,11.4693582946768,-10.8693582946768,21.605,0.982045454545455,9.83,295.491585,0.633047905577413,0.394022673
144,TXH2.2021,-96.4284433,30.5378851,212,2021-07-31,144,29.45,35.83,23.99,23.04,36.35,25.29,22.77,11.93,1.52,0.04,0.25,3.54,17.65,71.96,0.57,0.54,0,1.49,-3.29,1.617672239,13.655,39.49,7.873,80.8445178,78.9444,8.63404959912664,13.4817937998101,39.4895305247826,1.61767223851068,0.242453624549188,11.8456751793704,-11.5956751793704,21.91,0.995909090909091,11.84,299.18105,0.623231401186673,0.405093379
145,TXH2.2021,-96.4284433,30.5378851,213,2021-08-01,145,29.69,36.16,24.56,22.65,36.52,25.33,21.98,11.84,1.5,0.04,0.99,3.36,17.25,69.48,0.57,0.54,0,1.9,-2.37,1.788955227,13.633,39.403,7.605,80.83558588,79.044,8.65188402825452,13.4588547535233,39.4033010374876,1.78895522670951,0.247950429866265,11.8878318468014,-10.8978318468014,22.36,1,11.6,304.83388,0.609704830053667,0.398787471
146,TXH2.2021,-96.4284433,30.5378851,214,2021-08-02,146,26.7,29.83,24.36,23.84,37.49,11.26,2.09,5.72,0.8,0.02,14.82,1.11,18.51,84.78,0.58,0.62,0,1.7,13.71,0.67003274,13.611,39.315,0.724,78.2133574,76.4824,3.84801758059047,13.4355299953138,39.3148068008618,0.670032740454584,0.210336505928659,5.20350122463807,9.61649877536193,19.095,0.867954545454546,5.47,259.902045,0.712804399057345,0.21423221
147,TXH2.2021,-96.4284433,30.5378851,215,2021-08-03,147,28.02,33.6,23.01,22.53,36.9,18.85,11.45,8.91,1.16,0.03,0.94,4.02,17.11,74.22,0.59,0.57,0,1.35,-3.08,1.275935857,13.588,39.224,3.967,78.97121956,77.3308,6.44535883554187,13.4118296810773,39.2240363863392,1.27593585686313,0.22367326081124,8.76382588949509,-7.82382588949509,20.305,0.922954545454546,10.59,275.90434,0.669194779610933,0.317987152
148,TXH2.2021,-96.4284433,30.5378851,216,2021-08-04,148,28.26,34.35,22.86,22.41,36.35,17.79,9.01,8.35,1.06,0.03,1.71,3.63,17.02,73.87,0.58,0.56,0,1.44,-1.92,1.393993352,13.565,39.131,3.123,79.29409538,77.5276,6.08643910285439,13.3877639234811,39.1309789145897,1.39399335162577,0.227087578006438,8.28291388038775,-6.57291388038775,20.605,0.936590909090909,11.49,279.506825,0.658335355496239,0.29547063
1,TXH3.2020,-96.4273672,30.5386755,99,2020-04-08,1,25.31,31.52,20.39,21.45,34.95,18.55,12.02,8.81,1.17,0.03,0,6.16,16.05,80.88,0.61,0.62,0,2,-6.16,0.954707252,12.707,35.828,4.263,75.50128072,74.232,6.50976774556093,12.5732950209083,35.8284092081309,0.954707252428898,0.198389449096805,8.52051642930979,-8.52051642930979,17.955,0.816136363636364,11.13,228.154185,0.70771372876636,0.348083761
2,TXH3.2020,-96.4273672,30.5386755,100,2020-04-09,2,24.54,31.45,19.8,21.42,34.61,12.34,1.8,6.07,0.84,0.03,17.15,3.46,16.06,84.43,0.61,0.66,0,1.77,13.69,0.907309182,12.737,35.988,0.637,74.61584078,73.4512,4.32183763532192,12.6039906055363,35.9877573375643,0.907309181653079,0.195039659930026,5.65774617029849,11.4922538297015,17.625,0.801136363636364,11.65,224.489625,0.722666666666667,0.247351263
3,TXH3.2020,-96.4273672,30.5386755,101,2020-04-10,3,19.29,24.52,15.64,15.27,31.71,19.02,7.21,9.1,1.23,0.03,1.26,5.25,10.85,79.4,0.64,0.66,0,2.44,-3.99,0.692372015,12.767,36.145,2.547,65.7337974,65.9872,6.64851909644985,12.6345690406586,36.1448165624803,0.69237201465607,0.145481143868525,8.41062179015857,-7.15062179015857,12.08,0.549090909090909,8.88,154.22536,1.05687086092715,0.471747019
4,TXH3.2020,-96.4273672,30.5386755,102,2020-04-11,4,20.47,27.01,13.58,17.32,33.58,13.01,6.87,6.39,0.87,0.02,1.5,4.86,12.61,83.07,0.63,0.64,0,2.85,-3.36,0.584097437,12.796,36.3,2.422,67.83607471,67.9052,4.53922755714592,12.6650234654743,36.2995582863932,0.584097436907816,0.147181362462938,5.76231431360146,-4.26231431360146,12.295,0.558863636363637,13.43,157.32682,1.04074827165514,0.312164143
5,TXH3.2020,-96.4273672,30.5386755,103,2020-04-12,5,23.11,29.29,14.81,16.92,31.53,24.06,26.66,10.85,1.41,0.03,7.33,7.78,12.76,72.1,0.63,0.65,0,3.71,-0.45,0.950990152,12.826,36.452,9.381,71.2044869,70.4012,8.37952419800176,12.6953469086284,36.4519559111051,0.950990151812011,0.161699197401243,10.7906329178706,-3.46063291787059,14.05,0.638636363636364,14.48,180.2053,0.91288256227758,0.469493726
6,TXH3.2020,-96.4273672,30.5386755,104,2020-04-13,6,11.91,17.67,6.77,4.75,24.69,27.01,32.03,11.91,1.55,0.03,0,3.44,5.38,62.94,0.62,0.62,0,3.8,-3.44,0.646621757,12.856,36.602,11.25,54.36787246,54.82,9.39065541736256,12.7255322846049,36.6019848169144,0.64662175670792,0.0937403716933808,11.0880431232249,-11.0880431232249,4.835,0.191818181818182,10.9,62.15876,2.65894519131334,
7,TXH3.2020,-96.4273672,30.5386755,105,2020-04-14,7,12.05,18.31,6.67,6.66,26.1,23.32,23.78,10.62,1.4,0.04,0,3.15,6.05,71.99,0.61,0.62,0,3.31,-3.15,0.563247211,12.885,36.75,8.338,54.35397705,55.6476,8.09423142889876,12.7555723904031,36.7496223399521,0.563247211491982,0.0952131606466181,9.60316332879536,-9.60316332879536,5.155,0.204090909090909,11.64,66.422175,2.49951503394762,
8,TXH3.2020,-96.4273672,30.5386755,106,2020-04-15,8,12.42,19.43,5.73,6.31,24.83,27.5,34.45,12.26,1.59,0.04,0,3.72,5.91,69.48,0.61,0.61,0,1.89,-3.72,0.632015282,12.915,36.895,12.059,54.96768184,55.8916,9.52978989729886,12.7854599025119,36.8948477467207,0.632015282465479,0.0957084483675575,11.3361567933364,-11.3361567933364,5.715,0.208181818181818,13.7,73.809225,2.25984251968504,
9,TXH3.2020,-96.4273672,30.5386755,107,2020-04-16,9,15.94,24.1,7.04,8.79,27.16,27.66,34.92,12.47,1.64,0.04,0,4.51,7.14,66.6,0.6,0.6,0,2.26,-4.51,0.871340892,12.944,37.038,12.204,60.1974796,60.3044,9.57048185734048,12.8151873742016,37.037642205919,0.871340892112653,0.113457925445896,11.766838791179,-11.766838791179,8.05,0.344090909090909,17.06,104.1992,1.60795031055901,0.782308657
10,TXH3.2020,-96.4273672,30.5386755,108,2020-04-17,10,18.22,24.7,12.66,16.01,32.76,8.73,1.06,4.54,0.65,0.02,0.92,1.2,11.48,87.59,0.6,0.6,0,2.22,-0.28,0.468732654,12.973,37.178,0.37,64.33213902,65.1836,3.01615679310593,12.8447472331462,37.1779887576384,0.468732654226956,0.134811230049018,3.81814147084012,-2.89814147084012,10.68,0.485454545454545,12.04,138.55164,1.21470037453184,0.249176729
11,TXH3.2020,-96.4273672,30.5386755,109,2020-04-18,11,16.85,22.95,10.68,13.67,33.05,11.57,1.63,5.88,0.84,0.02,2.84,1.57,10.09,82.33,0.6,0.6,0,2.01,1.27,0.47829557,13.002,37.316,0.568,61.90918895,62.9712,3.99169831994939,12.8741317793966,37.3158722800243,0.478295570090864,0.121632896554959,4.97972094238706,-2.13972094238706,8.815,0.400681818181818,12.27,114.61263,1.47498581962564,0.348961424
12,TXH3.2020,-96.4273672,30.5386755,110,2020-04-19,12,22.39,29.69,16.69,18.45,33.62,15.22,12.52,7.21,0.93,0.02,3.91,3.54,13.59,80.14,0.6,0.61,0,2.29,0.37,0.910947348,13.031,37.451,4.356,70.73979254,70.232,5.24384570893046,12.9033331837184,37.4512794535005,0.91094734828067,0.171763156865793,6.8774086348447,-2.9674086348447,15.19,0.690454545454546,13,197.94089,0.857867017774852,0.322018758
13,TXH3.2020,-96.4273672,30.5386755,111,2020-04-20,13,21.41,29.12,13.83,16.37,32,20.75,18.7,9.56,1.28,0.03,0.1,5.14,11.69,75.36,0.6,0.58,0,1.04,-5.04,0.945559893,13.059,37.584,6.498,68.83885024,68.5032,7.13986559408077,12.9323434863133,37.5841987226581,0.94555989317298,0.156815053054201,9.26930069749581,-9.16930069749581,13.475,0.6125,15.29,175.970025,0.9691280148423,0.446520318
14,TXH3.2020,-96.4273672,30.5386755,112,2020-04-21,14,22.63,29.72,16.7,17.42,32.57,23.61,18.49,10.93,1.43,0.03,0.04,4,12.44,74.83,0.59,0.57,0,1.91,-3.96,1.048351084,13.088,37.715,6.416,70.69429871,70.1012,8.11390537498899,12.9611545959402,37.7146202559164,1.04835108391181,0.171944327958948,10.669929403731,-10.629929403731,15.21,0.691363636363636,13.02,199.06848,0.860486522024984,0.482987185
15,TXH3.2020,-96.4273672,30.5386755,113,2020-04-22,15,23.21,26.9,19.4,21.32,34.69,5.52,0.71,2.9,0.38,0.01,6.96,1.02,16.03,89.45,0.59,0.6,0,3.25,5.94,0.36233053,13.116,37.843,0.246,72.86248155,72.0852,1.89478490398863,12.9897582894528,37.8425359030673,0.362330529532835,0.171401297840592,2.49366614886407,4.46633385113593,15.15,0.688636363636364,7.5,198.7074,0.865742574257426,0.124946144
16,TXH3.2020,-96.4273672,30.5386755,114,2020-04-23,16,21.72,28.56,15.28,15.24,28.66,28.78,38.61,12.93,1.69,0.04,0.06,5.12,10.97,70.17,0.59,0.57,0,2.28,-5.06,1.088726777,13.144,37.968,13.366,68.94740476,68.4064,9.86785841829632,13.0181462117702,37.9679391508163,1.08872677744257,0.160583864039301,12.8960703789935,-12.8360703789935,13.92,0.632727272727273,13.28,182.96448,0.944252873563219,0.595303867
17,TXH3.2020,-96.4273672,30.5386755,115,2020-04-24,17,23.48,33.35,13.87,14.79,30.31,24,24.83,10.99,1.44,0.03,0.56,5.36,10.65,63.29,0.58,0.56,0,2.56,-4.8,1.674975872,13.172,38.091,8.586,70.98021708,70.0044,8.2201274559628,13.0463098762965,38.0908250764394,1.67497587172527,0.175601755030231,10.8735621243118,-10.3135621243118,15.61,0.709545454545455,19.48,205.61492,0.843818065342729,0.468057922
18,TXH3.2020,-96.4273672,30.5386755,116,2020-04-25,18,19.49,26.07,14.14,11.99,30.56,21.23,19.22,9.89,1.33,0.03,0.28,3.36,8.77,66.11,0.57,0.55,0,2.77,-3.08,1.092605383,13.199,38.211,6.639,65.38916061,65.0064,7.26400112527859,13.0742406658069,38.2111902996758,1.09260538263751,0.145677985940422,9.3896552276768,-9.1096552276768,12.105,0.550227272727273,11.93,159.773895,1.09037587773647,0.507439713
19,TXH3.2020,-96.4273672,30.5386755,117,2020-04-26,19,20.37,29.17,12.25,10.75,28.02,28.12,32.01,12.52,1.63,0.04,0.39,3.56,8.03,59.75,0.57,0.54,0,1.47,-3.17,1.444420382,13.227,38.329,11.046,66.30481425,65.44,9.61219834507772,13.1019298338132,38.3290329329809,1.44442038211674,0.150510742056034,12.4930048500297,-12.1030048500297,12.71,0.577727272727273,16.92,168.11517,1.04067663257278,0.614629357
20,TXH3.2020,-96.4273672,30.5386755,118,2020-04-27,20,22.32,31.54,13.05,15,30.52,27.35,29.65,12.42,1.61,0.04,0,3.18,10.63,67.7,0.56,0.52,0,3.4,-3.18,1.362230339,13.254,38.444,10.222,69.6576336,68.92,9.34046758540382,13.1293685064266,38.4443525302638,1.36223033912499,0.163818961084548,12.2864446302883,-12.2864446302883,14.295,0.649772727272727,18.49,189.46593,0.927177334732424,0.556451613
21,TXH3.2020,-96.4273672,30.5386755,119,2020-04-28,21,24.12,29.4,20.04,21.32,34.14,18.98,10.03,8.87,1.14,0.03,19.93,1.57,15.93,85.18,0.57,0.62,0,3.29,18.36,0.68530889,13.281,38.557,3.455,73.99642184,72.9952,6.476393479145,13.156547684729,38.5571500342383,0.685308890185942,0.186096540525051,8.65712011580529,11.2728798841947,16.72,0.76,9.36,222.05832,0.794318181818182,0.36774461
22,TXH3.2020,-96.4273672,30.5386755,120,2020-04-29,22,21.74,26.63,14.93,14.22,30.31,24.98,24.09,11.44,1.52,0.04,6.15,5.07,10.79,68.1,0.59,0.61,0,2.89,1.08,0.971572843,13.307,38.667,8.29,68.8279906,68.0592,8.51680099824799,13.1834582476699,38.6674277225147,0.971572843291195,0.151078552934972,11.1036488820362,-4.95364888203623,12.78,0.580909090909091,11.7,170.06346,1.04123630672926,0.526218951
23,TXH3.2020,-96.4273672,30.5386755,121,2020-04-30,23,19.91,27.92,11.26,10.86,27.53,29.54,38.98,13.23,1.73,0.04,0,5.03,8.09,60.46,0.59,0.56,0,1.36,-5.03,1.248377906,13.334,38.775,13.404,65.69853014,65.0196,10.0638087228938,13.2100909554983,38.7751891525629,1.24837790600489,0.141668219280921,13.0135793497988,-13.0135793497988,11.59,0.526818181818182,16.66,154.54106,1.1504745470233,0.664490206
24,TXH3.2020,-96.4273672,30.5386755,122,2020-05-01,24,21.73,30.64,12.95,13.6,29.61,27.44,28.71,12.43,1.64,0.04,0,4.27,9.7,64.37,0.58,0.55,0,2.67,-4.27,1.389481667,13.36,38.88,9.865,68.54411499,67.826,9.3416593188031,13.236436453743,38.8804391056775,1.3894816671677,0.159517563154203,12.2850867648078,-12.2850867648078,13.795,0.627045454545455,17.69,184.3012,0.968466835810076,0.572020249
25,TXH3.2020,-96.4273672,30.5386755,123,2020-05-02,25,23.82,32.38,15.65,17.99,31.82,28.06,32.83,12.85,1.69,0.04,0,3.51,12.9,72.93,0.57,0.54,0,3.21,-3.51,1.255200811,13.386,38.983,11.273,72.36341674,71.4964,9.54630441114787,13.2624852777523,38.9831835300738,1.2552008108689,0.17937153487821,12.7447971259411,-12.7447971259411,16.015,0.727954545454546,16.73,214.37679,0.835841398688729,0.539462636
26,TXH3.2020,-96.4273672,30.5386755,124,2020-05-03,26,25.35,33.38,19.37,18.16,33.27,28.45,34,12.98,1.7,0.04,0,3.37,13.04,68.61,0.56,0.52,0,3.25,-3.37,1.608598569,13.412,39.083,11.668,74.24097865,73.0876,9.67289942446015,13.2882278578007,39.0834294832472,1.60859856917228,0.20272273681511,13.0976725635743,-13.0976725635743,18.375,0.835227272727273,14.01,246.4455,0.729904761904762,0.512031558
27,TXH3.2020,-96.4273672,30.5386755,125,2020-05-04,27,26.24,34.52,19.5,19.18,33.73,27.28,30.17,12.4,1.63,0.04,0.04,2.98,13.93,69.65,0.55,0.51,0,3.23,-2.94,1.648803647,13.437,39.181,10.347,75.6878484,74.3448,9.26966590603087,13.3136545247719,39.1811850737233,1.64880364686796,0.209425327833546,12.6011651788543,-12.5611651788543,19.01,0.864090909090909,15.02,255.43737,0.706838506049448,0.472560976
28,TXH3.2020,-96.4273672,30.5386755,126,2020-05-05,28,25.07,31.86,20.29,19.6,35.27,12.45,5.88,6.23,0.88,0.02,0.89,1.81,14.45,73.61,0.55,0.51,0,2.54,-0.92,1.267891086,13.462,39.276,2.015,74.34995673,73.326,4.22816895174704,13.338755516424,39.2764594023287,1.26789108561743,0.199619499307125,5.72237708678737,-4.83237708678738,18.075,0.821590909090909,11.57,243.32565,0.74478561549101,0.248504188
29,TXH3.2020,-96.4273672,30.5386755,127,2020-05-06,29,23.24,31.25,16.52,11.1,29.37,29.48,36.87,13.29,1.74,0.04,0.08,2.28,8.38,52.74,0.54,0.5,0,2.33,-2.2,1.896720773,13.487,39.369,12.631,69.71678824,68.436,10.0067050680548,13.3635209842418,39.3692625031096,1.89672077330098,0.178154117301945,13.3791086789575,-13.2991086789575,15.885,0.722045454545454,14.73,214.240995,0.849039974819012,0.571858864
30,TXH3.2020,-96.4273672,30.5386755,128,2020-05-07,30,23.82,31.89,14.74,14.21,32.75,22.42,21.36,10.47,1.41,0.04,0.01,1.79,10.15,58.43,0.54,0.5,0,3.51,-1.78,1.58058158,13.512,39.46,7.314,71.01755574,70.1356,7.60670653138106,13.3879410008786,39.4596052840231,1.58058158036409,0.172898123630263,10.1389021533557,-10.1289021533557,15.315,0.696136363636364,17.15,206.93628,0.882272282076396,0.439546599
31,TXH3.2020,-96.4273672,30.5386755,129,2020-05-08,31,23.51,29.82,16.27,16.59,34.17,17.07,7.77,8.08,1.06,0.03,0.06,0.86,12.17,66.63,0.53,0.5,0,4.38,-0.8,1.136679589,13.536,39.547,2.659,71.32307587,70.6824,5.78906221964789,13.4120055681891,39.547499467524,1.13667958874196,0.170454476994544,7.70620162146351,-7.64620162146351,15.045,0.683863636363637,13.55,203.64912,0.899700897308076,0.343683539
32,TXH3.2020,-96.4273672,30.5386755,130,2020-05-09,32,19.56,26.83,14.35,9.26,30.54,21.73,9.21,10.23,1.39,0.04,0,1.08,7.36,56.96,0.53,0.49,0,2.25,-1.08,1.414178292,13.559,39.633,3.151,65.02828224,64.0936,7.36654238559318,13.4357046258525,39.6329575311696,1.41417829193466,0.149541550034535,9.6456008755475,-9.6456008755475,12.59,0.572272727272727,12.48,170.70781,1.07696584590945,0.523006135
33,TXH3.2020,-96.4273672,30.5386755,131,2020-05-10,33,19.61,28.36,11.11,8.89,27.97,29.85,37.09,13.33,1.74,0.04,0,1.08,7.09,56.15,0.52,0.49,0,1.86,-1.08,1.451511843,13.583,39.716,12.685,65.05555485,64.0104,10.1156224688986,13.4590280605811,39.7159926483583,1.45151184307173,0.142787617780351,13.1649108856246,-13.1649108856246,11.735,0.533409090909091,17.25,159.396505,1.15747763101832,0.679755227
34,TXH3.2020,-96.4273672,30.5386755,132,2020-05-11,34,22.18,29.82,14.14,12.19,31.24,26.85,25.97,12.3,1.63,0.04,0.02,0.92,8.88,57.15,0.52,0.48,0,2.17,-0.9,1.486038755,13.606,39.797,8.879,68.6424613,67.7684,9.09601850458524,13.4819657159108,39.7966186293188,1.48603875518159,0.16109782311353,12.0361830647543,-12.0161830647543,13.98,0.635454545454546,15.68,190.21188,0.973247496423462,0.554553652
35,TXH3.2020,-96.4273672,30.5386755,133,2020-05-12,35,22.01,25.49,18.97,18.3,34.31,6.75,0.59,3.53,0.5,0.01,27.5,0.3,13.12,80.43,0.53,0.58,0,2.81,27.2,0.624086839,13.629,39.875,0.202,70.15222657,69.798,2.28603807366627,13.5045074025641,39.8748498624591,0.624086838808883,0.1632543010063,3.03098105512554,24.4690189448745,14.23,0.646818181818182,6.52,193.94067,0.957765284609979,0.160381645
36,TXH3.2020,-96.4273672,30.5386755,134,2020-05-13,36,24.56,30.52,19.58,19.63,34.23,24.16,18.51,11.33,1.5,0.04,3.74,3.34,14.3,76.69,0.57,0.57,0,2.56,0.4,1.03943071,13.651,39.951,6.325,73.87364336,72.8268,8.18017412497648,13.5266429093753,39.9507012561848,1.03943070953264,0.189316670504686,11.0409855804761,-7.30098558047609,17.05,0.775,10.94,232.74955,0.800645161290323,0.461319218
37,TXH3.2020,-96.4273672,30.5386755,135,2020-05-14,37,26.3,32.32,21.21,20.8,34.59,23.12,14.1,10.82,1.42,0.04,0.71,3.21,15.4,74.62,0.56,0.53,0,2.54,-2.5,1.22369389,13.673,40.024,4.817,76.3611494,74.988,7.82622069341081,13.5483620147654,40.0241881812894,1.22369389040638,0.206817542470226,10.6659342289807,-9.95593422898073,18.765,0.852954545454546,11.11,256.573845,0.728643751665334,0.411406844
38,TXH3.2020,-96.4273672,30.5386755,136,2020-05-15,38,25.01,29.86,20.28,21.77,34.94,18.56,6.68,8.78,1.15,0.03,13.46,1.23,16.4,83.66,0.56,0.58,0,1.94,12.23,0.687000218,13.695,40.095,2.282,75.30885234,74.0472,6.28135022262211,13.5696544987492,40.0953264140161,0.687000217734334,0.189513328947156,8.48279421613135,4.97720578386866,17.07,0.775909090909091,9.58,233.77365,0.802284710017575,0.351059576
39,TXH3.2020,-96.4273672,30.5386755,137,2020-05-16,39,22.5,25.96,18.8,20.31,34.45,11.27,1.18,5.45,0.71,0.02,16.67,1.85,15.09,87.91,0.6,0.66,0,2.35,14.82,0.378269032,13.716,40.164,0.403,71.5358225,71.0116,3.81347838283604,13.5905101554582,40.1641320798854,0.378269032074296,0.164559850334772,5.06570085062966,11.6042991493703,14.38,0.653636363636364,7.16,197.23608,0.953824756606398,0.242222222
40,TXH3.2020,-96.4273672,30.5386755,138,2020-05-17,40,22.29,29.45,16.79,17.42,32.6,24.4,17.98,11.39,1.52,0.04,3.81,4.76,12.47,76.23,0.6,0.61,0,2.29,-0.95,1.021618772,13.737,40.231,6.139,70.27576033,69.7612,8.25506556139202,13.6109188061551,40.2306215983804,1.02161877156539,0.171130325889191,11.020611442624,-7.21061144262401,15.12,0.687272727272727,12.66,207.70344,0.908531746031746,0.510991476
41,TXH3.2020,-96.4273672,30.5386755,139,2020-05-18,41,25.87,32.99,18.63,18.6,32.26,28.9,35.21,13.34,1.76,0.04,0,7.02,13.44,67.3,0.59,0.57,0,1.13,-7.02,1.444053248,13.757,40.295,12.021,74.8672049,73.766,9.77624999636873,13.6308703127169,40.2948116285733,1.4440532484724,0.196911656226788,13.2639491011657,-13.2639491011657,17.81,0.809545454545455,14.36,245.01217,0.77243121841662,0.515655199
42,TXH3.2020,-96.4273672,30.5386755,140,2020-05-19,42,26.48,34.1,18.56,20.64,33.04,29.21,35.34,13.35,1.73,0.04,0,5.48,15.33,73.01,0.58,0.56,0,2.26,-5.48,1.310789207,13.777,40.357,12.064,76.44808752,75.1104,9.88006129694533,13.6503545915597,40.3567190157753,1.31078920677841,0.202254680008164,13.4443073811638,-13.4443073811638,18.33,0.833181818181818,15.54,252.53241,0.751609383524277,0.504154079
43,TXH3.2020,-96.4273672,30.5386755,141,2020-05-20,43,26.89,33.79,20.91,21.23,34.07,26.57,23.79,12.19,1.59,0.04,0,4.15,15.9,73.4,0.57,0.54,0,1.88,-4.15,1.342931941,13.796,40.416,8.121,77.1245874,75.7328,8.98633453907736,13.6693616279726,40.4163607392834,1.34293194148956,0.213090066149027,12.294656230201,-12.294656230201,19.35,0.879545454545455,12.88,266.9526,0.71297157622739,0.453328375
44,TXH3.2020,-96.4273672,30.5386755,142,2020-05-21,44,25.92,31.44,20.62,20.69,35.15,17.74,7.18,8.45,1.12,0.03,0.1,2.37,15.37,75.12,0.57,0.54,0,2.43,-2.27,1.07787695,13.815,40.474,2.451,75.82943296,74.5684,5.99951806989458,13.6878814908295,40.4737538612968,1.07787694981431,0.19915748044517,8.1518097488978,-8.0518097488978,18.03,0.819545454545455,10.82,249.08445,0.766222961730449,0.326003086
45,TXH3.2020,-96.4273672,30.5386755,143,2020-05-22,45,26.79,31.72,22.26,22.09,35.14,23.67,17.59,11.12,1.46,0.04,0.46,2.12,16.69,77.15,0.56,0.53,0,2.84,-1.66,1.024586639,13.834,40.529,6.004,77.42925015,75.9424,8.00462465106551,13.7059043476415,40.5289154770662,1.02458663941861,0.209211416072992,10.9325014490709,-10.4725014490709,18.99,0.863181818181818,9.46,262.70766,0.728488678251711,0.415080254
46,TXH3.2020,-96.4273672,30.5386755,144,2020-05-23,46,26.94,31.62,23.08,21.84,34.82,24.89,18.59,11.68,1.51,0.04,0.88,1.88,16.47,76.15,0.56,0.53,0,2.66,-1,1.120047804,13.852,40.582,6.345,77.5416119,76.0024,8.41696051641138,13.7234204799108,40.581862666336,1.12004780373909,0.213090066149027,11.5172748803049,-10.6372748803049,19.35,0.879545454545455,8.54,268.0362,0.715865633074935,0.43355605
47,TXH3.2020,-96.4273672,30.5386755,145,2020-05-24,47,25.17,28.47,22.44,23.03,35.3,12.44,4.52,6.2,0.87,0.02,20.98,0.9,17.68,88.57,0.57,0.62,0,2.48,20.08,0.485588055,13.869,40.633,1.543,76.09232831,74.6608,4.20673981381276,13.7404202987444,40.6326124461351,0.485588055286773,0.193332680160711,5.69815453717662,15.2818454628234,17.455,0.793409090909091,6.03,242.083395,0.794557433400172,0.24632499
48,TXH3.2020,-96.4273672,30.5386755,146,2020-05-25,48,22.94,26.78,19.18,19.99,34.76,13.67,1.35,6.78,0.93,0.02,13.13,2.88,14.75,84.34,0.61,0.66,0,1.62,10.25,0.534034162,13.886,40.681,0.461,71.97490004,71.3364,4.62269624274799,13.7568943606835,40.6811817249649,0.534034162233451,0.169870564538194,6.16869813581016,6.96130186418984,14.98,0.680909090909091,7.6,208.01228,0.926969292389853,0.295553618
49,TXH3.2020,-96.4273672,30.5386755,147,2020-05-26,49,22.97,28.21,17.43,17.39,32.34,24.84,21.4,11.62,1.54,0.04,2.8,5.89,12.44,72.68,0.61,0.61,0,1.55,-3.09,0.922609103,13.903,40.728,7.305,71.04011004,70.4304,8.40013377370662,13.7728333837002,40.7275872584292,0.922609103272301,0.168440428919546,11.1976328739859,-8.39763287398591,14.82,0.673636363636364,10.78,206.04246,0.938124156545209,0.505877231
50,TXH3.2020,-96.4273672,30.5386755,148,2020-05-27,50,23.62,30.19,15.8,17.59,32.96,21.13,17.42,9.92,1.32,0.03,17.83,5.83,12.71,71.28,0.61,0.65,0,1.4,12,1.030945721,13.919,40.772,5.947,71.90713264,71.1524,7.14574625874872,13.7882282633138,40.771845606345,1.03094572066889,0.170005163520262,9.53600613996057,8.29399386003943,14.995,0.681590909090909,14.39,208.715405,0.928242747582527,0.419983065
51,TXH3.2020,-96.4273672,30.5386755,149,2020-05-28,51,24.24,29.64,18.68,20.79,33.73,25,16.77,11.59,1.51,0.03,5.83,7.06,15.39,82.5,0.63,0.67,0,1.24,-1.23,0.699941546,13.934,40.814,5.725,73.93492,72.9244,8.45486793081395,13.8030700887731,40.8139730913699,0.699941546071573,0.180737691289097,11.3649576695953,-5.53495766959531,16.16,0.734545454545455,10.96,225.17344,0.862252475247525,0.478135314
52,TXH3.2020,-96.4273672,30.5386755,150,2020-05-29,52,24.13,29.94,19.03,18.58,32.32,26.82,21.37,12.41,1.65,0.04,0.01,8.31,13.33,73.11,0.62,0.62,0,2.5,-8.3,1.074489825,13.949,40.854,7.296,72.85559857,72.0188,9.07087336485771,13.817350159253,40.8539857591738,1.07448982510805,0.183831659480059,12.2161158677526,-12.2061158677526,16.485,0.749318181818182,10.91,229.949265,0.846163178647255,0.514297555
53,TXH3.2020,-96.4273672,30.5386755,151,2020-05-30,53,24.82,31.04,17.46,18.92,32.34,25.82,19.51,11.86,1.58,0.04,0.02,6.57,13.7,71.94,0.6,0.59,0,1.42,-6.55,1.06240294,13.964,40.892,6.662,73.79373292,72.8312,8.73322039236508,13.8310600000084,40.8918993401819,1.0624029403728,0.181590054356507,11.7441065844092,-11.7241065844092,16.25,0.738636363636364,13.58,226.915,0.859323076923077,0.477840451
54,TXH3.2020,-96.4273672,30.5386755,152,2020-05-31,54,25.11,29.37,21.79,20.7,35.2,15.75,6.52,7.79,1.08,0.03,0.43,3.43,15.25,78.55,0.6,0.59,0,1.66,-3,0.909629322,13.977,40.928,2.227,74.93311595,73.762,5.32758641643569,13.844191378429,40.9277292129097,0.909629322122027,0.194586582198851,7.21937365767854,-6.78937365767854,17.58,0.799090909090909,7.58,245.71566,0.795051194539249,0.310234966
55,TXH3.2020,-96.4273672,30.5386755,153,2020-06-01,55,24.77,28.27,21.29,20.64,35.23,20.59,7.9,9.97,1.33,0.04,0.15,2.9,15.17,79.45,0.59,0.58,0,1.37,-2.75,0.753143947,13.991,40.961,2.698,74.48531735,73.4004,6.96532763476021,13.8567363199369,40.9614903689053,0.753143947185793,0.186678561103798,9.39477263472143,-9.24477263472143,16.78,0.762727272727273,6.98,234.76898,0.833790226460071,0.402503028
56,TXH3.2020,-96.4273672,30.5386755,154,2020-06-02,56,26.79,33.14,20.7,20.49,34.9,24.97,21.09,11.7,1.52,0.04,0.01,5.82,15.04,71.42,0.59,0.56,0,1.65,-5.81,1.345465071,14.003,40.993,7.204,76.72892382,75.3664,8.44777035256937,13.8686871236679,40.9931973793133,1.34546507071546,0.208464171298643,11.5287377238664,-11.5187377238664,18.92,0.86,12.44,264.93676,0.740116279069767,0.436730123
57,TXH3.2020,-96.4273672,30.5386755,155,2020-06-03,57,26.79,33.1,20.64,21.14,35.12,25.11,23.47,11.89,1.58,0.04,1.43,4.69,15.71,74.08,0.58,0.55,0,1.32,-3.26,1.236972125,14.015,41.023,8.018,77.05403168,75.6004,8.49593803016429,13.8800363778764,41.0228643630698,1.23697212528925,0.207931800360598,11.5903528227251,-10.1603528227251,18.87,0.857727272727273,12.46,264.46305,0.742713301536831,0.443822322
58,TXH3.2020,-96.4273672,30.5386755,156,2020-06-04,58,28.12,34.56,22.01,21.97,35.13,28.25,31.19,13.27,1.74,0.05,0.49,4.39,16.56,72.56,0.57,0.54,0,1.69,-3.9,1.427312333,14.027,41.051,10.658,78.90095328,77.2292,9.55930870905139,13.8907769750036,41.0505049567328,1.42731233306318,0.223447181336602,13.132845187122,-12.642845187122,20.285,0.922045454545455,12.55,284.537695,0.691496179442938,0.471906117
59,TXH3.2020,-96.4273672,30.5386755,157,2020-06-05,59,28.77,35.17,22.48,21.4,35.22,28.08,31.15,13.16,1.72,0.05,0.03,3.9,15.99,67.94,0.56,0.53,0,1.59,-3.87,1.650179018,14.037,41.076,10.645,79.23915462,77.674,9.50277715999571,13.9009021263501,41.0761322859525,1.65017901751908,0.229619134393139,13.0874830852807,-13.0574830852807,20.825,0.946590909090909,12.69,292.320525,0.674045618247299,0.457420925
60,TXH3.2020,-96.4273672,30.5386755,158,2020-06-06,60,29.27,36.33,22.07,21.23,36.11,26.97,27.65,12.59,1.64,0.04,0.77,3.37,15.84,65.19,0.55,0.52,0,1.84,-2.6,1.829904771,14.048,41.1,9.451,79.57683187,78.1128,9.12812246804704,13.9104053762915,41.0997589385815,1.82990477107956,0.233988900294814,12.5920936215441,-11.8220936215441,21.2,0.963636363636364,14.26,297.8176,0.662641509433962,0.430133242
61,TXH3.2020,-96.4273672,30.5386755,159,2020-06-07,61,29.42,36.2,23.13,21.15,36.54,27.7,29.41,13.09,1.72,0.05,0.01,2.92,15.85,64.79,0.55,0.51,0,2.02,-2.91,1.908977899,14.057,41.121,10.054,79.73583582,78.234,9.37623966497624,13.9192806159798,41.1213969394221,1.90897789859705,0.239504144562132,12.960319682489,-12.950319682489,21.665,0.984772727272727,13.07,304.544905,0.648834525732749,0.444935418
62,TXH3.2020,-96.4273672,30.5386755,160,2020-06-08,62,30.29,36.96,24.04,21.28,36.4,26.52,25.94,12.58,1.65,0.04,0.02,2.46,16,61.55,0.54,0.5,0,1.74,-2.44,2.095952508,14.066,41.141,8.869,80.49031005,79.1508,8.97784127119216,13.9275220964718,41.1410577266071,2.09595250807735,0.249681708102084,12.4538395818344,-12.4338395818344,22.5,1,12.92,316.485,0.625155555555556,0.415318587
63,TXH3.2020,-96.4273672,30.5386755,161,2020-06-09,63,30.68,37.43,24.73,22.8,36.4,27.48,28.24,12.93,1.68,0.05,0.09,1.77,17.6,66.6,0.53,0.49,0,2.54,-1.68,1.994535634,14.074,41.159,9.656,81.8555512,80.088,9.30390742749183,13.9351244412286,41.1587521296087,1.99453563424833,0.256962505376663,12.9363703660321,-12.8463703660321,23.08,1,12.7,324.82792,0.609792027729636,0.421447197
64,TXH3.2020,-96.4273672,30.5386755,162,2020-06-10,64,26.49,34.77,18.74,10.13,30.74,31.49,40.03,14.16,1.87,0.05,0.01,1.76,7.84,39.86,0.53,0.48,0,2.77,-1.75,2.61801302,14.082,41.174,13.691,72.51024486,71.3368,10.6628200902641,13.942082657932,41.1744903488667,2.61801301963418,0.206711685112904,14.5264974310823,-14.5164974310823,18.755,0.8525,16.03,264.10791,0.750839776059717,0.534541336
65,TXH3.2020,-96.4273672,30.5386755,163,2020-06-11,65,26.46,35.27,17.53,12.1,30.31,26.89,29.22,12.38,1.62,0.04,0,1.39,8.81,46.26,0.52,0.48,0,1.97,-1.39,2.443536515,14.089,41.188,9.995,73.23541204,72.016,9.10628575076904,13.9483921495659,41.1882819370292,2.44353651515512,0.202983161948965,12.3811468140681,-12.3811468140681,18.4,0.836363636363636,17.74,259.2376,0.76570652173913,0.467876039
66,TXH3.2020,-96.4273672,30.5386755,164,2020-06-12,66,26.69,35.3,18.27,14.33,31.43,30.69,38.9,13.99,1.83,0.05,0,1.07,10.14,51.52,0.52,0.47,0,2.06,-1.07,2.274700771,14.096,41.2,13.309,74.16472112,73.0488,10.3943772814126,13.9540487247121,41.200135781796,2.27470077125733,0.207029393978965,14.1596840886077,-14.1596840886077,18.785,0.853863636363636,17.03,264.79336,0.750385946233697,0.524166354
67,TXH3.2020,-96.4273672,30.5386755,165,2020-06-13,67,27.37,35.93,19.64,13.99,32.06,29.19,33.9,13.4,1.77,0.05,0,0.89,10.04,49.7,0.51,0.47,0,2.23,-0.89,2.504798071,14.101,41.21,11.6,74.8294611,73.6064,9.88750387515608,13.9590486070162,41.2100600903553,2.50479807144697,0.217857254028383,13.5365902542757,-13.5365902542757,19.785,0.899318181818182,16.29,278.988285,0.712711650240081,0.489587139
68,TXH3.2020,-96.4273672,30.5386755,166,2020-06-14,68,28.08,36.24,19.64,16.13,33.55,28.66,30.97,13.15,1.72,0.04,0,0.7,11.44,52.68,0.51,0.46,0,1.46,-0.7,2.319661366,14.106,41.218,10.599,76.15617856,75.0868,9.7091102719446,13.9633884437783,41.2180623754038,2.31966136627018,0.219577419576357,13.301011074034,-13.301011074034,19.94,0.906363636363636,16.6,281.27364,0.707422266800401,0.468304843
69,TXH3.2020,-96.4273672,30.5386755,167,2020-06-15,69,29.01,37.16,21.67,18.41,35,27.1,26.27,12.61,1.65,0.04,0.06,0.52,13.21,57.36,0.5,0.46,0,1.76,-0.46,2.342582352,14.111,41.224,8.992,78.06935464,76.8376,9.18169265141824,13.9670653136301,41.2241494427401,2.34258235155592,0.23652556101968,12.6652575688833,-12.6052575688833,21.415,0.973409090909091,15.49,302.187065,0.658930656082186,0.434677697
70,TXH3.2020,-96.4273672,30.5386755,168,2020-06-16,70,28.18,35.41,21.99,17.73,33.94,28.44,29.77,13.08,1.69,0.04,0.04,0.35,12.71,57.44,0.5,0.46,0,1.35,-0.31,2.167557928,14.114,41.228,10.191,76.93660608,75.7628,9.63679604626978,13.9700767332627,41.2283273804246,2.16755792837794,0.228177859622382,13.2474581051116,-13.2074581051116,20.7,0.940909090909091,13.42,292.1598,0.681835748792271,0.464158978
71,TXH3.2020,-96.4273672,30.5386755,169,2020-06-17,71,28.45,36.79,20.32,16.72,33.72,29.27,32.54,13.41,1.73,0.04,0,0.31,11.92,54.08,0.49,0.46,0,1.97,-0.31,2.390509803,14.117,41.231,11.141,76.8429624,75.6692,9.91915561358399,13.9724206631738,41.2306015494928,2.39050980262145,0.226515504986381,13.6246854259746,-13.6246854259746,20.555,0.934318181818182,16.47,290.174935,0.686791534906349,0.471353251
72,TXH3.2020,-96.4273672,30.5386755,170,2020-06-18,72,28.88,37.2,20.66,18.56,34.52,27.8,28.89,12.93,1.69,0.04,0,0.2,13.42,59,0.49,0.45,0,2.62,-0.2,2.251647777,14.12,41.231,9.894,78.124608,76.7616,9.42203865888912,13.9740955124061,41.2309765762192,2.25164777655158,0.230835704750063,12.9633604657017,-12.9633604657017,20.93,0.951363636363636,16.54,295.5316,0.674629718107979,0.447714681
73,TXH3.2020,-96.4273672,30.5386755,171,2020-06-19,73,28.72,35.64,22.71,19.81,35.74,27,26.38,12.7,1.67,0.04,1.37,0.13,14.46,62.04,0.49,0.46,0,2.59,1.24,1.981606957,14.121,41.229,9.035,78.33118912,77.0516,9.15189617527571,13.9751001422567,41.2294563459211,1.98160695745273,0.233695427311929,12.604647472454,-11.234647472454,21.175,0.9625,12.93,299.012175,0.666871310507674,0.442200557
74,TXH3.2020,-96.4273672,30.5386755,172,2020-06-20,74,28.43,34.36,22.75,21.89,35.77,24.92,20.52,11.87,1.58,0.04,2.98,0.11,16.42,70.34,0.49,0.48,0,2.16,2.87,1.470719785,14.122,41.226,7.029,79.06736538,77.5104,8.44776209981026,13.975433868938,41.2260439982982,1.47071978531223,0.226515504986381,11.5998346708332,-8.61983467083317,20.555,0.934318181818182,11.61,290.27771,0.687034784723911,0.417516708
75,TXH3.2020,-96.4273672,30.5386755,173,2020-06-21,75,28.69,35.38,23.81,22.36,35.29,22.13,16.59,10.57,1.42,0.04,3.94,0.11,16.99,71.96,0.49,0.49,0,2.81,3.83,1.643397144,14.123,41.221,5.684,79.68749076,77.9396,7.5027491097154,13.9750964651776,41.220741924304,1.64339714373728,0.238666986622056,10.3509564872386,-6.4109564872386,21.595,0.981590909090909,11.57,304.986185,0.653993980087983,0.368421053
76,TXH3.2020,-96.4273672,30.5386755,174,2020-06-22,76,27.35,31.77,24.31,23.95,35.82,10.38,1.51,5.25,0.73,0.02,4.01,0.07,18.68,83.18,0.49,0.5,0,2.51,3.94,0.891604928,14.122,41.214,0.517,79.0809927,77.172,3.51949853624091,13.9740881607516,41.2135517645439,0.891604927596629,0.220693248945829,4.81969293295008,-0.809692932950084,20.04,0.910909090909091,7.46,283.00488,0.704690618762475,0.191956124
77,TXH3.2020,-96.4273672,30.5386755,175,2020-06-23,77,26.62,31.65,23.05,22.61,36.22,15.13,5.23,7.39,1.01,0.03,59.75,0.2,17.25,80.81,0.51,0.63,0,1.99,59.55,0.995864632,14.121,41.204,1.792,77.60287578,75.9596,5.13057285437503,13.9724096419456,41.2044744092009,0.995864632232473,0.213090066149027,7.00105941900416,52.7489405809958,19.35,0.879545454545455,8.6,273.24135,0.729767441860465,0.277610819
78,TXH3.2020,-96.4273672,30.5386755,176,2020-06-24,78,25.05,27.89,22.98,23.18,36.62,15.33,1.63,7.66,1.07,0.03,38.71,3.62,17.88,89.69,0.64,0.77,0,2.91,35.09,0.440729829,14.12,41.194,0.559,76.00750155,74.5948,5.19890272104482,13.9700620499488,41.1935099994862,0.44072982938453,0.193132688658396,7.02112954906183,31.6888704509382,17.435,0.7925,4.91,246.1822,0.809865213650702,0.305788423
79,TXH3.2020,-96.4273672,30.5386755,177,2020-06-25,79,25.04,27.67,23.18,23.92,36.57,15.99,4.3,7.92,1.09,0.03,11.47,1.32,18.64,93.51,0.66,0.73,0,2.1,10.15,0.304408431,14.117,41.181,1.474,76.39122496,74.8512,5.42325189552567,13.9670469781872,41.180657930617,0.304408431193312,0.193032758255075,7.3229955396497,4.1470044603503,17.425,0.792045454545455,4.49,245.988725,0.810157819225251,0.31629393
80,TXH3.2020,-96.4273672,30.5386755,178,2020-06-26,80,25.09,27.94,22.57,23.14,36.65,7.27,0.29,3.78,0.47,0.01,3.08,2.63,17.69,89.34,0.66,0.7,0,1.97,0.45,0.41864009,14.114,41.166,0.099,76.03853194,74.6204,2.4659641270978,13.9633664686086,41.1659168563235,0.418640089952612,0.191340591549539,3.32625650104746,-0.246256501047458,17.255,0.784318181818182,5.37,243.53707,0.81796580701246,0.150657633
81,TXH3.2020,-96.4273672,30.5386755,179,2020-06-27,81,26.78,32.18,22.66,23.16,36.75,21.13,7.23,10.13,1.32,0.04,0.95,8.57,17.76,82.06,0.65,0.68,0,2.4,-7.62,0.940994156,14.111,41.149,2.479,78.01313132,76.3176,7.16790482079146,13.9590230069388,41.1492846948893,0.940994155746466,0.213851224602209,9.78089896403137,-8.83089896403138,19.42,0.882727272727273,9.52,274.03562,0.726622039134912,0.378267364
82,TXH3.2020,-96.4273672,30.5386755,180,2020-06-28,82,26.85,30.85,24,24.01,36.97,13.02,2.33,6.63,0.93,0.03,0.49,4.96,18.76,85.22,0.64,0.66,0,3.2,-4.47,0.733410347,14.106,41.131,0.799,78.5147943,76.6936,4.41716467510458,13.9540195169286,41.1307586367286,0.733410347446922,0.213905680406923,6.02700107600212,-5.53700107600212,19.425,0.882954545454546,6.85,274.00905,0.726177606177606,0.246927374
83,TXH3.2020,-96.4273672,30.5386755,181,2020-06-29,83,27.45,30.7,25.11,24.22,36.81,17.01,1.94,8.37,1.14,0.03,0.16,4.54,19.02,83.35,0.64,0.65,0,3.35,-4.38,0.778938083,14.101,41.11,0.665,79.26622925,77.3692,5.77133686016289,13.948359353621,41.1103351535085,0.778938082644435,0.219188000933642,7.89292123296152,-7.73292123296152,19.905,0.904772727272727,5.59,280.680405,0.708414971112786,0.304918033
84,TXH3.2020,-96.4273672,30.5386755,182,2020-06-30,84,27.51,30.7,25.2,24.16,36.85,15.74,3.42,7.73,1.06,0.03,0.09,4.15,18.94,82.74,0.63,0.64,0,3.05,-4.06,0.798350519,14.096,41.088,1.173,79.28543626,77.4076,5.3409208342464,13.942046295669,41.0880100088197,0.798350518850601,0.219688788760507,7.305241936178,-7.215241936178,19.95,0.906818181818182,5.5,281.2152,0.7065664160401,0.280988731
85,TXH3.2020,-96.4273672,30.5386755,183,2020-07-01,85,28.18,32.35,24.95,24.1,36.18,22.25,15.07,10.61,1.37,0.04,0.01,5.92,18.86,79.83,0.62,0.63,0,2.84,-5.91,1.002084199,14.089,41.064,5.17,79.98124306,78.056,7.55058701371128,13.9350845367394,41.0637782704067,1.0020841989297,0.227603480591984,10.3616774388417,-10.3516774388417,20.65,0.938636363636364,7.4,290.93785,0.68227602905569,0.376508162
86,TXH3.2020,-96.4273672,30.5386755,184,2020-07-02,86,29.1,34.75,23.65,23.3,35.63,26.75,20.03,12.45,1.58,0.04,0,7.64,17.95,73.52,0.61,0.61,0,1.82,-7.64,1.372762127,14.082,41.038,6.873,80.5380168,78.688,9.0784973530168,13.9274786760434,41.0376343239621,1.37276212700646,0.233988900294814,12.4893772479164,-12.4893772479164,21.2,0.963636363636364,11.1,298.5384,0.664245283018868,0.427835052
87,TXH3.2020,-96.4273672,30.5386755,185,2020-07-03,87,28.3,34.81,22.44,22,35.4,27.24,22.35,12.64,1.63,0.04,0,6.82,16.55,71.49,0.6,0.59,0,1.34,-6.82,1.495808421,14.075,41.01,7.671,79.0292833,77.42,9.24564458360644,13.9192337080352,41.0095718884946,1.49580842139822,0.22731674667891,12.6839814391805,-12.6839814391805,20.625,0.9375,12.37,290.296875,0.682424242424242,0.44664311
88,TXH3.2020,-96.4273672,30.5386755,186,2020-07-04,88,28.69,35.81,21.92,21.27,34.87,27.34,24.21,12.66,1.64,0.04,0,6.21,15.89,68.05,0.59,0.57,0,1.43,-6.21,1.726596935,14.066,40.98,8.31,79.13605955,77.5472,9.28045305928056,13.910355011327,40.979584033278,1.72659693485511,0.230081953454917,12.7449788511488,-12.7449788511488,20.865,0.948409090909091,13.89,293.48709,0.674143302180685,0.441268735
89,TXH3.2020,-96.4273672,30.5386755,187,2020-07-05,89,26.55,30.04,24.17,21.64,36.7,19.51,12.94,9.44,1.27,0.03,0.16,2.74,16.27,75.44,0.59,0.56,0,1.84,-2.58,1.047151312,14.057,40.948,4.442,76.8466068,75.5404,6.62322413251226,13.9008483368686,40.9476631963889,1.04715131166224,0.210443922174779,9.01647836635039,-8.85647836635039,19.105,0.868409090909091,5.87,268.558985,0.735775974875687,0.355555556
90,TXH3.2020,-96.4273672,30.5386755,188,2020-07-06,90,27.9,32.75,24.43,22.6,36.62,20.92,7.12,10.01,1.32,0.04,0.46,2.99,17.26,75.08,0.58,0.56,0,2.3,-2.53,1.268698865,14.048,40.914,2.445,78.9004068,77.236,7.10258762479211,13.8907197954446,40.9138012048399,1.26869886486223,0.226915828850846,9.73952723328412,-9.27952723328412,20.59,0.935909090909091,8.32,289.24832,0.682272948033026,0.358781362
1,TXH3.2021,-96.4273672,30.5386755,99,2021-04-09,1,24.05,31.75,18.63,19.57,33.75,15.32,6.19,7.17,0.93,0.02,0.68,0.66,14.39,79.22,0.53,0.5,0,3.54,0.02,1.14079971,12.707,35.828,2.195,73.3139259,72.2952,5.37626101681905,12.5732950209083,35.8284092081309,1.14079970970729,0.190696896916527,7.0067862258194,-6.3267862258194,17.19,0.781363636363636,13.12,218.43333,0.739208842350204,0.298128898
2,TXH3.2021,-96.4273672,30.5386755,100,2021-04-10,2,19.76,27.45,13.32,7.5,27.18,27.66,37.16,12.17,1.57,0.03,0.02,0.85,7.05,52.58,0.52,0.49,0,3.3,-0.83,1.558152884,12.737,35.988,13.152,65.07256992,63.66,9.68736053427912,12.6039906055363,35.9877573375643,1.55815288385835,0.147898055780661,12.2592318245152,-12.2392318245152,12.385,0.562954545454545,14.13,157.747745,1.02842147759386,0.615890688
3,TXH3.2021,-96.4273672,30.5386755,101,2021-04-11,3,20.42,31.71,9.95,5.76,26.82,21.11,22.68,9.59,1.25,0.03,0,0.94,5.87,45.75,0.52,0.48,0,1.57,-0.94,2.030879632,12.767,36.145,8.011,65.5466785,63.6936,7.37908717802609,12.6345690406586,36.1448165624803,2.03087963171251,0.151485240099645,9.38683863664211,-9.38683863664211,12.83,0.583181818181818,21.76,163.80061,0.995089633671084,0.46963761
4,TXH3.2021,-96.4273672,30.5386755,102,2021-04-12,4,22.25,32.45,12.17,16.05,32.11,21.05,19.39,9.63,1.27,0.03,0.02,0.59,11.57,71.9,0.51,0.48,0,1.96,-0.57,1.323550893,12.796,36.3,6.835,69.8785725,69.228,7.34440738492864,12.6650234654743,36.2995582863932,1.32355089319474,0.16394950118931,9.45724457637419,-9.43724457637419,14.31,0.650454545454546,20.28,183.11076,0.894199860237596,0.432808989
5,TXH3.2021,-96.4273672,30.5386755,103,2021-04-13,5,24.12,30.63,18.89,20.14,35.61,14.31,5.08,6.85,0.92,0.03,1.48,0.36,14.79,80.67,0.51,0.49,0,1.95,1.12,0.931936181,12.826,36.452,1.787,73.56441796,72.5704,4.98383172374917,12.6953469086284,36.4519559111051,0.931936180887685,0.186484384071822,6.52857983331212,-5.04857983331212,16.76,0.761818181818182,11.74,214.96376,0.76527446300716,0.283996683
6,TXH3.2021,-96.4273672,30.5386755,104,2021-04-14,6,23.6,28.18,19.03,19.82,35.33,11.4,4.69,5.57,0.78,0.02,0.79,0.34,14.49,81.25,0.51,0.49,0,2.29,0.45,0.69824211,12.856,36.602,1.647,72.7805,71.9352,3.96347544457361,12.7255322846049,36.6019848169144,0.698242109991617,0.175555635472009,5.16478097135176,-4.37478097135176,15.605,0.709318181818182,9.15,200.61788,0.82383851329702,0.236016949
7,TXH3.2021,-96.4273672,30.5386755,105,2021-04-15,7,20.02,26.47,16.1,16.32,32.8,7.49,2.41,3.84,0.54,0.01,11.19,0.26,11.67,80.77,0.52,0.54,0,2.74,10.93,0.7871401,12.885,36.75,0.845,66.97454246,67.0952,2.599733850877,12.7555723904031,36.7496223399521,0.787140100059492,0.155228819925913,3.3414080753817,7.8485919246183,13.285,0.603863636363636,10.37,171.177225,0.969890854347008,0.191808192
8,TXH3.2021,-96.4273672,30.5386755,106,2021-04-16,8,19.9,25.47,16.18,17.59,33.17,6.48,0.72,3.41,0.49,0.01,3.23,0.3,12.68,87.02,0.53,0.53,0,2.66,2.93,0.537029638,12.915,36.895,0.252,67.1189502,67.4324,2.24556503761806,12.7854599025119,36.8948477467207,0.537029638410639,0.151444529776641,2.88131248433584,0.348687515664164,12.825,0.582954545454545,9.29,165.634875,1.00701754385965,0.171356784
9,TXH3.2021,-96.4273672,30.5386755,107,2021-04-17,9,15.3,19.69,11.26,7.79,30.19,17.71,7.93,8.21,1.11,0.03,0.12,0.46,6.66,63.4,0.53,0.5,0,3.92,-0.34,0.757132984,12.944,37.038,2.771,59.229998,59.3044,6.12773802218004,12.8151873742016,37.037642205919,0.757132984009884,0.112853776677026,7.52705970702014,-7.40705970702014,7.475,0.339772727272727,8.43,96.7564,1.73163879598662,0.536601307
10,TXH3.2021,-96.4273672,30.5386755,108,2021-04-18,10,14.7,21.44,8.54,6.21,29.01,18.47,12.85,8.65,1.17,0.03,0.12,0.62,5.9,61.13,0.53,0.49,0,2.62,-0.5,0.885122927,12.973,37.178,4.484,58.3616589,58.1356,6.38126185208092,12.8447472331462,37.1779887576384,0.885122927147791,0.109811843867187,7.81257922849482,-7.69257922849482,6.99,0.317727272727273,12.9,90.68127,1.85593705293276,0.588435374
11,TXH3.2021,-96.4273672,30.5386755,109,2021-04-19,11,17.55,24.87,10.72,5.5,29.57,21.55,14.61,9.85,1.31,0.03,0.02,0.78,5.68,50.11,0.52,0.49,0,0.84,-0.76,1.312633539,13.002,37.316,5.091,62.05613195,60.73,7.43483999956002,12.8741317793966,37.3158722800243,1.31263353909385,0.128414370701259,9.35552849696504,-9.33552849696504,9.795,0.445227272727273,14.15,127.35459,1.32741194486983,0.561253561
12,TXH3.2021,-96.4273672,30.5386755,110,2021-04-20,12,18.52,28.77,10.26,7.02,28.78,26.87,31.7,12.16,1.57,0.04,0.06,0.84,6.26,51.69,0.52,0.48,0,2.99,-0.78,1.597844755,13.031,37.451,11.03,63.38678812,62.2472,9.25769607089102,12.9033331837184,37.4512794535005,1.59784475516975,0.141092140562855,11.8304252216184,-11.7704252216184,11.515,0.523409090909091,18.51,150.051965,1.13165436387321,0.656587473
13,TXH3.2021,-96.4273672,30.5386755,111,2021-04-21,13,12.42,20.79,5.9,-0.18,25.96,25.27,27.99,11.34,1.49,0.04,0,0.39,3.76,46.44,0.52,0.48,0,3.16,-0.39,1.088999865,13.059,37.584,9.725,55.42944952,53.5552,8.69515197891186,12.9323434863133,37.5841987226581,1.0889998646883,0.100007691814696,10.5063862755806,-10.5063862755806,6.395,0.242954545454545,14.89,83.512305,2.04206411258796,
14,TXH3.2021,-96.4273672,30.5386755,112,2021-04-22,14,16.79,25.44,7.18,8.15,30.43,13.2,8.53,6.4,0.89,0.02,0.01,0.43,6.99,59.87,0.51,0.48,0,2.58,-0.42,1.049220332,13.088,37.715,2.96,61.29014127,60.924,4.5363638691171,12.9611545959402,37.7146202559164,1.04922033192595,0.118258662006866,5.65500741922797,-5.64500741922798,8.72,0.377727272727273,18.26,114.12736,1.50091743119266,0.381179273
15,TXH3.2021,-96.4273672,30.5386755,113,2021-04-23,15,21.06,23.7,16.82,19.59,34.42,4.42,1.08,2.44,0.35,0.01,32.6,0.09,14.42,91.42,0.53,0.61,0,3.16,32.51,0.143577168,13.116,37.843,0.374,69.34606148,69.3124,1.51720095573003,12.9897582894528,37.8425359030673,0.143577168024289,0.146903442875822,1.9571683851866,30.6428316148134,12.26,0.557272727272727,6.88,160.80216,1.06982055464927,0.115859449
16,TXH3.2021,-96.4273672,30.5386755,114,2021-04-24,16,21.16,28.3,14.55,15.01,29.38,27.64,32.34,12.43,1.62,0.04,0.77,3.12,10.81,72.16,0.57,0.55,0,3.04,-2.35,1.045033604,13.144,37.968,11.196,68.23708544,67.7636,9.4769842488433,13.0181462117702,37.9679391508163,1.04503360410064,0.156396301255073,12.3428245292404,-11.5728245292404,13.425,0.610227272727273,13.75,176.4582,0.979068901303538,0.587429112
17,TXH3.2021,-96.4273672,30.5386755,115,2021-04-25,17,21.28,29.66,13.46,14.36,29.73,22.24,23.05,10.21,1.34,0.03,0.06,2.81,10.2,68.99,0.56,0.53,0,1.98,-2.75,1.215851748,13.172,38.091,7.971,68.20549128,67.6496,7.61731810919219,13.0463098762965,38.0908250764394,1.21585174836562,0.157529105465853,9.94080830057461,-9.88080830057461,13.56,0.616363636363636,16.2,178.61232,0.971386430678466,0.479793233
18,TXH3.2021,-96.4273672,30.5386755,116,2021-04-26,18,22.53,31.38,15.57,14.78,32.08,20.3,8.04,9.46,1.29,0.04,0.15,2.3,10.54,67.18,0.55,0.52,0,3.16,-2.15,1.498432267,13.199,38.211,2.777,69.92685746,69.0508,6.94579476416182,13.0742406658069,38.2111902996758,1.49843226724146,0.174360107790702,9.18945442559699,-9.03945442559699,15.475,0.703409090909091,15.81,204.254525,0.852924071082391,0.419884598
19,TXH3.2021,-96.4273672,30.5386755,117,2021-04-27,19,24.41,29.29,19.91,20.13,34.92,7.26,0.3,3.79,0.5,0.01,0.04,1.04,14.8,78.64,0.55,0.52,0,3.4,-1,0.842100607,13.227,38.329,0.104,73.83064376,72.8568,2.48166998525122,13.1019298338132,38.3290329329809,0.842100607302496,0.184937085505812,3.30907775905838,-3.26907775905838,16.6,0.754545454545455,9.38,219.5682,0.796807228915663,0.155264236
20,TXH3.2021,-96.4273672,30.5386755,118,2021-04-28,20,26.83,33.23,22.34,21.16,35.69,14.53,6.76,6.94,0.89,0.03,0.54,1.76,15.82,73.92,0.54,0.51,0,4.83,-1.22,1.385715864,13.254,38.444,2.331,77.09614864,75.6476,4.96223012855274,13.1293685064266,38.4443525302638,1.38571586439877,0.217857254028383,6.73815198337189,-6.19815198337189,19.785,0.899318181818182,10.89,262.23039,0.669901440485216,0.258665673
21,TXH3.2021,-96.4273672,30.5386755,119,2021-04-29,21,25.2,29.97,21.1,21.29,35.98,8.6,1.53,4.41,0.59,0.02,7.02,1.06,15.9,80.7,0.54,0.53,0,2.41,5.96,0.837365629,13.281,38.557,0.527,75.304936,74.0644,2.93450916336391,13.156547684729,38.5571500342383,0.837365629380546,0.194134390986745,3.94101246935081,3.07898753064919,17.535,0.797045454545455,8.87,232.882335,0.757399486740804,0.175
22,TXH3.2021,-96.4273672,30.5386755,120,2021-04-30,22,21.63,23.89,17.96,20.66,35.18,7.49,0.66,3.98,0.57,0.02,47.61,0.39,15.27,94.15,0.6,0.73,0,2.06,47.22,0.075998387,13.307,38.667,0.227,70.51784855,70.2676,2.55367652029133,13.1834582476699,38.6674277225147,0.0759983869687355,0.152260496040173,3.33281824571506,44.2771817542849,12.925,0.5875,5.93,171.992975,1.02955512572534,0.184003699
23,TXH3.2021,-96.4273672,30.5386755,121,2021-05-01,23,21.5,26.05,18.23,19.5,34.47,10.11,1.72,5.15,0.71,0.02,23.93,3.92,14.22,88.94,0.65,0.74,0,3.32,20.01,0.465812344,13.334,38.775,0.591,69.927459,69.72,3.444316390943,13.2100909554983,38.7751891525629,0.465812344254005,0.162475177944832,4.53698326983722,19.3930167301628,14.14,0.642727272727273,7.82,188.54276,0.942998585572843,0.239534884
24,TXH3.2021,-96.4273672,30.5386755,122,2021-05-02,24,22.93,28.64,17.25,19.21,32.25,26.76,26.71,12.24,1.61,0.04,1.61,9.22,14.11,81.68,0.65,0.68,0,2.87,-7.61,0.719496954,13.36,38.88,9.178,71.73499176,71.0456,9.11016047271031,13.236436453743,38.8804391056775,0.719496954192973,0.169556849941338,12.0729368913001,-10.4629368913001,14.945,0.679318181818182,11.39,199.6652,0.893944463031114,0.533798517
25,TXH3.2021,-96.4273672,30.5386755,123,2021-05-03,25,25.36,31.16,20.73,22.3,34.19,26.3,26.66,12.06,1.56,0.04,1.01,9.07,17.07,84.64,0.64,0.66,0,2.93,-8.06,0.797176604,13.386,38.983,9.155,75.98813696,74.588,8.94753407032035,13.2624852777523,38.9831835300738,0.7971766035279,0.198287233533443,12.079637708163,-11.069637708163,17.945,0.815681818181818,10.43,240.21177,0.745945945945946,0.47555205
26,TXH3.2021,-96.4273672,30.5386755,124,2021-05-04,26,22.93,27.03,17.09,19.54,33.23,16.15,10.06,7.87,1.07,0.03,6.68,6.18,14.44,82.22,0.64,0.67,0,2.65,0.5,0.487677292,13.412,39.083,3.452,71.78035554,71.1644,5.49094290703098,13.2882278578007,39.0834294832472,0.487677292025846,0.161785262589982,7.24358066494289,-0.563580664942893,14.06,0.639090909090909,9.94,188.57272,0.953911806543385,0.343218491
27,TXH3.2021,-96.4273672,30.5386755,125,2021-05-05,27,19.18,25.93,12.81,14.14,28.06,29.81,38.92,13.42,1.76,0.04,0.05,8.22,10.05,74.83,0.63,0.64,0,2.13,-8.17,0.800193489,13.437,39.181,13.347,65.34398006,65.4704,10.129352663445,13.3136545247719,39.1811850737233,0.800193489248148,0.139984009476762,13.1099618985336,-13.0599618985336,11.37,0.516818181818182,13.12,152.77869,1.18179419525066,0.699687174
28,TXH3.2021,-96.4273672,30.5386755,126,2021-05-06,28,21.08,28.71,13.53,15.93,29.61,29.22,37.47,13.35,1.74,0.04,0.01,8.45,11.23,74.94,0.62,0.62,0,1.61,-8.44,0.934560982,13.462,39.276,12.843,68.29775848,68.0148,9.9234615879557,13.338755516424,39.2764594023287,0.9345609824824,0.153862323745523,13.0202187969091,-13.0102187969091,13.12,0.596363636363637,15.18,176.62144,1.02606707317073,0.633301708
29,TXH3.2021,-96.4273672,30.5386755,127,2021-05-07,29,21.7,28.92,14.93,15.15,30.93,25.71,22.88,11.94,1.6,0.04,0,7.86,10.69,70.1,0.61,0.6,0,1.82,-7.86,1.120514463,13.487,39.369,7.838,68.912283,68.354,8.72701449456207,13.3635209842418,39.3692625031096,1.12051446259242,0.160626640994493,11.5208236278145,-11.5208236278145,13.925,0.632954545454545,13.99,187.806475,0.968545780969479,0.550230415
30,TXH3.2021,-96.4273672,30.5386755,128,2021-05-08,30,23.44,30.01,16.26,19.35,33.45,22.62,19.06,10.68,1.43,0.04,0.01,5.8,14.1,78.94,0.6,0.59,0,4.03,-5.79,0.801240275,13.512,39.46,6.527,72.31648064,71.606,7.67456296787866,13.3879410008786,39.4596052840231,0.801240274999968,0.171265766645939,10.2176298551621,-10.2076298551621,15.135,0.687954545454546,13.75,204.50412,0.892765113974232,0.455631399
31,TXH3.2021,-96.4273672,30.5386755,129,2021-05-09,31,26.32,31.7,22.6,21.84,36.01,16.3,7.42,7.95,1.07,0.03,1.24,4.99,16.46,77.77,0.59,0.58,0,3.56,-3.75,1.09017821,13.536,39.547,2.54,76.76246336,75.3824,5.52792701700414,13.4120055681891,39.547499467524,1.09017821014647,0.210927866277592,7.53473448566599,-6.29473448566599,19.15,0.870454545454545,9.1,259.2144,0.706840731070496,0.302051672
32,TXH3.2021,-96.4273672,30.5386755,130,2021-05-10,32,25.45,30.27,21.63,22.27,36.12,16.43,7.27,7.88,1.07,0.03,0.77,2.93,16.88,83.72,0.59,0.58,0,1.04,-2.16,0.759273385,13.559,39.633,2.487,76.0362126,74.6672,5.56982473057046,13.4357046258525,39.6329575311696,0.759273385370815,0.198338335772661,7.54653598877829,-6.77653598877829,17.95,0.815909090909091,8.64,243.38405,0.755376044568245,0.309626719
33,TXH3.2021,-96.4273672,30.5386755,131,2021-05-11,33,23.79,29.97,17.62,20.67,35.65,12.09,3.26,6.05,0.83,0.02,9,2.22,15.31,84.19,0.59,0.59,0,2.06,6.78,0.68841763,13.583,39.716,1.115,73.35924299,72.4312,4.09708126127251,13.4590280605811,39.7159926483583,0.688417629681502,0.177315377540962,5.48384704645365,3.51615295354635,15.795,0.717954545454546,12.35,214.543485,0.859955682177904,0.254308533
34,TXH3.2021,-96.4273672,30.5386755,132,2021-05-12,34,18.3,23.32,15.19,15.22,34.15,9.75,2.42,5,0.73,0.02,4.19,2.91,10.73,83.11,0.6,0.63,0,3.48,1.28,0.565627865,13.606,39.797,0.827,64.2953087,64.9792,3.30302347931866,13.4819657159108,39.7966186293188,0.565627864999035,0.139110393954458,4.28400610942451,-0.0940061094245124,11.255,0.511590909090909,8.13,153.13553,1.20888494002665,0.273224044
35,TXH3.2021,-96.4273672,30.5386755,133,2021-05-13,35,19.63,25.52,14.88,14.8,34.28,18.3,7.84,8.8,1.24,0.03,0.01,4.82,10.4,75.73,0.6,0.59,0,2.32,-4.81,0.796186057,13.629,39.875,2.68,66.08805101,66.158,6.19770322193967,13.5045074025641,39.8748498624591,0.796186057080399,0.146428042066236,8.09956223733282,-8.08956223733282,12.2,0.554545454545455,10.64,166.2738,1.11713114754098,0.448293428
36,TXH3.2021,-96.4273672,30.5386755,134,2021-05-14,36,21.35,27.73,15.6,15.75,33.49,22.96,16.66,10.75,1.46,0.04,0,4.79,11.09,72.91,0.59,0.58,0,1.58,-4.79,0.957144,13.651,39.951,5.693,68.57799215,68.22,7.77387408565646,13.5266429093753,39.9507012561848,0.957143999568154,0.158414961363751,10.2701292516456,-10.2701292516456,13.665,0.621136363636364,12.13,186.540915,0.998975484815221,0.503512881
37,TXH3.2021,-96.4273672,30.5386755,135,2021-05-15,37,22.89,29.57,16.33,18.28,32.99,17.54,6.77,8.46,1.15,0.03,0.79,3.76,13.09,77.23,0.58,0.57,0,2.24,-2.97,0.897612281,13.673,40.024,2.313,71.29817753,70.6708,5.93736639110837,13.5483620147654,40.0241881812894,0.897612281382014,0.169601636354429,7.91353355108066,-7.12353355108066,14.95,0.679545454545455,13.24,204.41135,0.914581939799331,0.369593709
38,TXH3.2021,-96.4273672,30.5386755,136,2021-05-16,38,22.51,25.64,19.94,20.58,34.47,10.92,2.09,5.6,0.8,0.02,4.7,1.05,15.16,89.12,0.58,0.58,0,2.97,3.65,0.38651153,13.695,40.095,0.714,71.64924288,71.1188,3.69570821287895,13.5696544987492,40.0953264140161,0.386511529738991,0.168173413061301,4.92166883519581,-0.221668835195806,14.79,0.672272727272727,5.7,202.54905,0.925963488843813,0.248778321
39,TXH3.2021,-96.4273672,30.5386755,137,2021-05-17,39,24.45,29.71,20.32,22.36,35.58,10.84,3.77,5.35,0.73,0.02,14.59,2.62,17,89.1,0.6,0.63,0,2.04,11.97,0.57647558,13.716,40.164,1.287,74.9303005,73.6996,3.6679774330029,13.5905101554582,40.1641320798854,0.576475579632015,0.188972931876834,4.95281928206064,9.63718071793936,17.015,0.773409090909091,9.39,233.37774,0.806112253893623,0.218813906
40,TXH3.2021,-96.4273672,30.5386755,138,2021-05-18,40,22.92,27.18,19.2,21.33,35.07,16.58,6.38,8.07,1.1,0.03,8.33,1.8,15.97,91.1,0.61,0.64,0,3.18,6.53,0.376184393,13.737,40.231,2.178,72.5092188,71.7988,5.60938471343769,13.6109188061551,40.2306215983804,0.376184392914195,0.171763156865792,7.49194711995566,0.83805288004434,15.19,0.690454545454545,7.98,208.66503,0.904344963791969,0.352094241
41,TXH3.2021,-96.4273672,30.5386755,139,2021-05-19,41,22.52,25.48,19.73,21.16,34.98,8.45,0.36,4.46,0.63,0.02,37.04,2.68,15.78,92.28,0.67,0.77,0,1.62,34.36,0.267923512,13.757,40.295,0.123,71.91880144,71.3376,2.85845371866144,13.6308703127169,40.2948116285733,0.267923512469821,0.166534697308418,3.80381971650106,33.2361802834989,14.605,0.663863636363637,5.75,200.920985,0.941937692571037,0.198046181
42,TXH3.2021,-96.4273672,30.5386755,140,2021-05-20,42,22.66,25.98,19.12,20.77,34.04,21.4,7.18,10.09,1.34,0.04,0.29,3.9,15.37,89.38,0.67,0.69,0,1.23,-3.61,0.333585821,13.777,40.357,2.451,71.92423292,71.3372,7.23838794093222,13.6503545915597,40.3567190157753,0.333585821118338,0.166050118973214,9.62984781144074,-9.33984781144074,14.55,0.661363636363636,6.86,200.45535,0.946872852233677,0.445278023
43,TXH3.2021,-96.4273672,30.5386755,141,2021-05-21,43,23.31,26.58,20.36,21.51,34.88,15.23,2.09,7.43,1.01,0.03,3.13,3.36,16,89.85,0.66,0.69,0,2.21,-0.23,0.368662098,13.796,40.416,0.713,73.06714465,72.2536,5.15099266203042,13.6693616279726,40.4163607392834,0.368662098209092,0.174314263454829,6.89413768430163,-3.76413768430163,15.47,0.703181818181818,6.22,213.42412,0.891790562378798,0.318747319
44,TXH3.2021,-96.4273672,30.5386755,142,2021-05-22,44,23.4,25.98,21.44,21.77,35.3,12.61,0.53,6.43,0.9,0.02,9.33,2.87,16.21,90.69,0.66,0.71,0,3.51,6.46,0.349140113,13.815,40.474,0.181,73.2945754,72.4372,4.26459542623284,13.6878814908295,40.4737538612968,0.349140113192381,0.176526294490803,5.71670435400743,3.61329564599257,15.71,0.714090909090909,4.54,217.03365,0.87937619350732,0.274786325
45,TXH3.2021,-96.4273672,30.5386755,143,2021-05-23,45,22.32,24.34,20.8,21.21,35.25,7.05,0.3,3.87,0.57,0.01,13.98,1.35,15.67,93.43,0.68,0.74,0,2.07,12.63,0.231711896,13.834,40.529,0.102,71.66375024,71.1556,2.38414042205373,13.7059043476415,40.5289154770662,0.231711895668826,0.16622619136474,3.17286883407103,10.807131165929,14.57,0.662272727272727,3.54,201.56138,0.949485243651338,0.173387097
46,TXH3.2021,-96.4273672,30.5386755,144,2021-05-24,46,23.42,27.47,19.69,21.85,35.43,12.39,2.7,6.31,0.9,0.03,18.76,3.67,16.37,91.26,0.7,0.77,0,2.52,15.09,0.359444826,13.852,40.582,0.922,73.37938108,72.486,4.18988110881226,13.7234204799108,40.581862666336,0.359444826496439,0.175325190896638,5.61242567727477,13.1475743227252,15.58,0.708181818181818,7.78,215.81416,0.889088575096277,0.269427839
47,TXH3.2021,-96.4273672,30.5386755,145,2021-05-25,47,24.14,28.26,21.24,22.49,35.2,15.4,7.96,7.58,1.02,0.02,11.2,3.52,17.03,90.85,0.72,0.77,0,2.57,7.68,0.456770716,13.869,40.633,2.717,74.5737281,73.4364,5.20770041259779,13.7404202987444,40.6326124461351,0.456770716041717,0.18638735939268,7.02545351344195,4.17454648655805,16.75,0.761363636363636,7.02,232.30575,0.828,0.314001657
48,TXH3.2021,-96.4273672,30.5386755,146,2021-05-26,48,25.52,29.85,21.62,22.81,35.06,22.23,16.79,10.6,1.39,0.03,1.17,7.83,17.33,85.8,0.71,0.74,0,2.29,-6.66,0.617669122,13.886,40.681,5.731,76.3789984,74.9316,7.51737655276429,13.7568943606835,40.6811817249649,0.617669121975589,0.19615092399583,10.1984438780626,-9.02844387806262,17.735,0.806136363636364,8.23,246.26821,0.782971525232591,0.415360502
49,TXH3.2021,-96.4273672,30.5386755,147,2021-05-27,49,25.75,30.82,21.05,22.52,35.23,23.45,17.2,11.01,1.42,0.04,0.03,10.72,17.07,83.48,0.7,0.72,0,2.59,-10.69,0.741782726,13.903,40.728,5.871,76.500999,75.0572,7.93007797880114,13.7728333837002,40.7275872584292,0.741782725978571,0.198185062302173,10.7700359060723,-10.7400359060723,17.935,0.815227272727273,9.77,249.350305,0.775188179537218,0.427572816
50,TXH3.2021,-96.4273672,30.5386755,148,2021-05-28,50,24.69,27.3,21.65,23.04,35.58,18.71,8.49,9.12,1.24,0.04,23.38,2.83,17.63,90.9,0.71,0.78,0,1.67,20.55,0.292060896,13.919,40.772,2.898,75.5189779,74.1844,6.32735033133879,13.7882282633138,40.771845606345,0.292060896417736,0.183735799220131,8.52162329678425,14.8583767032157,16.475,0.748863636363636,5.65,229.315525,0.844855842185129,0.369380316
51,TXH3.2021,-96.4273672,30.5386755,149,2021-05-29,51,24.95,29.98,20.18,21.78,34.05,25.27,20.34,11.86,1.56,0.04,2.25,8.27,16.36,83.93,0.72,0.75,0,1.63,-6.02,0.692624037,13.934,40.814,6.944,75.23863965,73.9908,8.54618050446674,13.8030700887731,40.8139730913699,0.692624036829883,0.189611722681222,11.5502452204202,-9.30024522042021,17.08,0.776363636363636,9.8,237.99272,0.815807962529274,0.475350701
52,TXH3.2021,-96.4273672,30.5386755,150,2021-05-30,52,24.02,28.48,20.79,20.87,34.4,20,9.17,9.59,1.3,0.03,0.88,8.33,15.41,83.59,0.71,0.74,0,2.04,-7.45,0.70374793,13.949,40.854,3.131,73.68036482,72.7332,6.76426052562097,13.817350159253,40.8539857591738,0.703747930077576,0.185274629293012,9.11780001154943,-8.23780001154943,16.635,0.756136363636364,7.69,232.041615,0.838533213104899,0.399250624
53,TXH3.2021,-96.4273672,30.5386755,151,2021-05-31,53,24.28,29.15,20.18,21.82,35.22,19.36,7.09,9.29,1.24,0.03,18.02,6.11,16.33,87,0.71,0.77,0,2.01,11.91,0.587415538,13.964,40.892,2.421,74.438164,73.3352,6.54822412068892,13.8310600000084,40.8918993401819,0.587415537616741,0.185564365605413,8.82759056771204,9.19240943228796,16.665,0.7575,8.97,232.71006,0.837923792379238,0.38261944
54,TXH3.2021,-96.4273672,30.5386755,152,2021-06-01,54,23.73,27.83,20.17,21.44,35.09,15.58,0.76,7.71,1.06,0.03,13.91,4.86,15.97,87.75,0.74,0.8,0,1.55,9.05,0.497802292,13.977,40.928,0.26,73.58789425,72.6484,5.27008230908369,13.844191378429,40.9277292129097,0.49780229242838,0.179230706631199,7.07575791874859,6.83424208125141,16,0.727272727272727,7.66,223.632,0.8735625,0.324905183
55,TXH3.2021,-96.4273672,30.5386755,153,2021-06-02,55,23.73,28.61,18.3,20.29,34.75,23.94,18.79,11.32,1.51,0.04,10.12,5.88,14.93,82.24,0.74,0.78,0,0.73,4.24,0.629152617,13.991,40.961,6.418,73.08137648,72.2344,8.09858880894412,13.8567363199369,40.9614903689053,0.629152616753904,0.174176791449783,10.8358566137101,-0.715856613710129,15.455,0.7025,10.31,216.230905,0.90527337431252,0.477033291
56,TXH3.2021,-96.4273672,30.5386755,154,2021-06-03,56,22.83,25.71,20.39,21.5,34.84,11.2,7.04,5.66,0.79,0.02,19.53,1.31,16.06,92.52,0.76,0.81,0,1.11,18.22,0.285358491,14.003,40.993,2.405,72.47303284,71.77,3.78914809566588,13.8686871236679,40.9931973793133,0.28535849066247,0.170499463404466,5.05636981691814,14.4736301830819,15.05,0.684090909090909,5.32,210.74515,0.930431893687708,0.247919404
57,TXH3.2021,-96.4273672,30.5386755,155,2021-06-04,57,22.94,26.07,20.99,21.51,34.93,14.3,1.61,7.14,0.98,0.03,11.14,2.27,16.06,91.89,0.78,0.82,0,2.06,8.87,0.364425136,14.015,41.023,0.55,72.60990034,71.8836,4.83838764760451,13.8800363778764,41.0228643630698,0.364425136453733,0.174865067105457,6.47559285177162,4.66440714822838,15.53,0.705909090909091,5.08,217.65295,0.902446877012234,0.311246731
58,TXH3.2021,-96.4273672,30.5386755,156,2021-06-05,58,24.63,28.72,20.93,22.03,34.66,19.6,12.23,9.45,1.28,0.03,6.3,6.15,16.63,86.28,0.78,0.81,0,1.5,0.15,0.560036143,14.027,41.051,4.179,74.95051636,73.7608,6.63229913973123,13.8907769750036,41.0505049567328,0.560036142998847,0.187116082376411,8.94540878359936,-2.64540878359936,16.825,0.764772727272727,7.79,236.004275,0.83369985141159,0.383678441
59,TXH3.2021,-96.4273672,30.5386755,157,2021-06-06,59,25.54,29.99,21.13,22.92,34.32,24.88,22.03,11.69,1.54,0.04,1.01,6.4,17.62,86.35,0.78,0.8,0,1.9,-5.39,0.577891872,14.037,41.076,7.528,76.4726021,74.9912,8.41983959190503,13.9009021263501,41.0761322859525,0.577891872298452,0.194385498961761,11.4030402748846,-10.3930402748846,17.56,0.798181818181818,8.86,246.48972,0.799373576309795,0.457713391
60,TXH3.2021,-96.4273672,30.5386755,158,2021-06-07,60,26.12,29.59,23.11,24.35,36.14,12.1,1.82,6.02,0.81,0.02,4.85,4.01,19.19,90.24,0.77,0.8,0,2.66,0.84,0.439045635,14.048,41.1,0.622,77.88786112,76.086,4.09530151514161,13.9104053762915,41.0997589385815,0.439045634602651,0.202462592869932,5.56979148492946,-0.719791484929456,18.35,0.834090909090909,6.48,257.7808,0.765558583106267,0.230474732
61,TXH3.2021,-96.4273672,30.5386755,159,2021-06-08,61,26.22,29.15,23.87,24.09,35.99,17.61,8.66,8.52,1.16,0.03,1.8,3.41,18.82,88.63,0.77,0.79,0,2.17,-1.61,0.500531545,14.057,41.121,2.96,77.87050814,76.0924,5.96085128159681,13.9192806159798,41.1213969394221,0.500531545496829,0.204132379155638,8.11305892284217,-6.31305892284217,18.51,0.841363636363636,5.28,260.19507,0.759427336574825,0.324942792
62,TXH3.2021,-96.4273672,30.5386755,160,2021-06-09,62,26.56,30.53,23.61,24.41,35.45,24.03,19.79,11.23,1.43,0.04,0.06,4.7,19.16,88.52,0.77,0.79,0,2.3,-4.64,0.586112495,14.066,41.141,6.766,78.43104288,76.5476,8.13489916088792,13.9275220964718,41.1410577266071,0.58611249519035,0.210068166997816,11.1033741860212,-11.0433741860212,19.07,0.866818181818182,6.92,268.23862,0.737598321971683,0.422816265
63,TXH3.2021,-96.4273672,30.5386755,161,2021-06-10,63,26.74,31.27,22.09,23.85,34.41,25.85,22.7,11.97,1.52,0.04,0,8.24,18.56,84.99,0.76,0.78,0,2.34,-8.24,0.653112091,14.074,41.159,7.762,78.30489274,76.526,8.75203810046083,13.9351244412286,41.1587521296087,0.653112090635009,0.205919206639115,11.920027307529,-11.920027307529,18.68,0.849090909090909,9.18,262.90232,0.753426124197002,0.447643979
64,TXH3.2021,-96.4273672,30.5386755,162,2021-06-11,64,26.83,31.77,21.97,23.61,34.8,25.22,22.91,11.81,1.53,0.04,0,10.21,18.31,83.54,0.74,0.76,0,2.43,-10.21,0.751410861,14.082,41.174,7.835,78.27572418,76.5296,8.53973714437789,13.942082657932,41.1744903488667,0.751410861055128,0.207931800360598,11.641126968902,-11.641126968902,18.87,0.857727272727273,9.8,265.72734,0.746263910969794,0.440178904
65,TXH3.2021,-96.4273672,30.5386755,163,2021-06-12,65,27.46,32.34,21.9,23.72,35.3,22.34,13.94,10.54,1.38,0.04,0,9.42,18.43,81.03,0.73,0.75,0,1.05,-9.42,0.803215249,14.089,41.188,4.768,78.98363962,77.1992,7.56543040803943,13.9483921495659,41.1882819370292,0.803215248981576,0.210605133029047,10.3251514164835,-10.3251514164835,19.12,0.869090909090909,10.44,269.38168,0.736872384937239,0.383831027
66,TXH3.2021,-96.4273672,30.5386755,164,2021-06-13,66,28.3,32.78,23.57,23.62,35.37,26.34,24.4,12.23,1.57,0.04,0,8.08,18.3,77.32,0.72,0.75,0,0.99,-8.08,1.021520131,14.096,41.2,8.348,79.8289844,78.0032,8.9210784487588,13.9540487247121,41.200135781796,1.02152013053782,0.222207172397735,12.2383891180333,-12.2383891180333,20.175,0.917045454545455,9.21,284.3868,0.698686493184634,0.432155477
67,TXH3.2021,-96.4273672,30.5386755,165,2021-06-14,67,27.72,32.7,22.36,23.72,36.14,22.85,17.52,10.85,1.43,0.04,2.1,6.48,18.5,79.64,0.71,0.74,0,1.29,-4.38,0.890147299,14.101,41.21,5.995,79.22012592,77.4592,7.73996106705435,13.9590486070162,41.2100600903553,0.890147298839235,0.21505194795726,10.5829561327045,-8.48295613270449,19.53,0.887727272727273,10.34,275.39253,0.722017409114183,0.391414141
68,TXH3.2021,-96.4273672,30.5386755,166,2021-06-15,68,28.67,33.36,24.65,23.89,35.46,28.04,29.74,13.15,1.72,0.04,5.4,8.89,18.59,76.84,0.71,0.75,0,0.96,-3.49,1.153164054,14.106,41.218,10.178,80.34430772,78.4704,9.49907369243986,13.9633884437783,41.2180623754038,1.15316405381987,0.231707992643074,13.0798501470063,-7.67985014700628,21.005,0.954772727272727,8.71,296.29653,0.671554391811474,0.458667597
69,TXH3.2021,-96.4273672,30.5386755,167,2021-06-16,69,28.47,33.56,22.18,22.65,34.36,28.99,31.96,13.47,1.75,0.04,0.42,10.82,17.25,72.85,0.71,0.73,0,1.02,-10.4,1.181151201,14.111,41.224,10.94,79.47614105,77.824,9.82203948208911,13.9670653136301,41.2241494427401,1.18115120091864,0.21879916277289,13.449511640793,-13.029511640793,19.87,0.903181818181818,11.38,280.38557,0.71016607951686,0.47312961
70,TXH3.2021,-96.4273672,30.5386755,168,2021-06-17,70,28.39,33.18,23.62,22.84,35.43,25.94,23.58,12.16,1.59,0.04,0.1,10.93,17.47,72.98,0.69,0.72,0,0.92,-10.83,1.216441334,14.114,41.228,8.072,79.37159178,77.8124,8.78967965682975,13.9700767332627,41.2283273804246,1.21644133433727,0.224749763979698,12.0656662215403,-11.9656662215403,20.4,0.927272727272727,9.56,287.9256,0.691862745098039,0.428319831
71,TXH3.2021,-96.4273672,30.5386755,169,2021-06-18,71,27.13,31.52,21.21,19.95,33.98,28.98,32.45,13.53,1.76,0.05,0.01,12.13,14.64,66.99,0.68,0.7,0,1,-12.12,1.242196437,14.117,41.231,11.11,76.68837313,75.512,9.82087904617916,13.9724206631738,41.2306015494928,1.24219643684447,0.202618645507857,13.3409553979825,-13.3309553979825,18.365,0.834772727272727,10.31,259.258705,0.768690443778927,0.498709915
72,TXH3.2021,-96.4273672,30.5386755,170,2021-06-19,72,27.03,32.45,20.69,20.81,33.19,28.69,29.24,13.13,1.7,0.04,0,12.44,15.53,70.28,0.67,0.69,0,1.28,-12.44,1.200367336,14.12,41.231,10.014,76.95097716,75.7216,9.72367946487514,13.9740955124061,41.2309765762192,1.20036733584662,0.204761528701557,13.2219157352138,-13.2219157352138,18.57,0.844090909090909,11.76,262.2084,0.760366182014001,0.485756567
73,TXH3.2021,-96.4273672,30.5386755,171,2021-06-20,73,27.24,31.69,22.89,24.28,35.73,21.58,8.27,10.28,1.39,0.04,0.75,8.12,19.11,84.71,0.66,0.68,0,2.48,-7.37,0.69699882,14.121,41.229,2.832,79.09512396,77.1808,7.31473775786851,13.9751001422567,41.2294563459211,0.696998819568035,0.212439458604954,9.98259457611722,-9.23259457611722,19.29,0.876818181818182,8.8,272.39409,0.73203732503888,0.377386197
74,TXH3.2021,-96.4273672,30.5386755,172,2021-06-21,74,28.21,32,25.08,25.18,37.5,20.46,13.63,9.86,1.31,0.03,6.48,7.74,20.16,84.61,0.65,0.69,0,2.2,-1.26,0.76691368,14.122,41.226,4.669,80.68066619,78.4748,6.93584320072704,13.975433868938,41.2260439982982,0.766913680384887,0.22634411926949,9.52309914058287,-3.04309914058287,20.54,0.933636363636364,6.92,290.06588,0.687536514118793,0.349521446
75,TXH3.2021,-96.4273672,30.5386755,173,2021-06-22,75,26.03,29.58,22.13,23.16,36.99,18.21,13.93,8.89,1.21,0.03,9.28,7.51,17.86,85.1,0.66,0.71,0,1.99,1.77,0.566673686,14.123,41.221,4.773,77.1450147,75.5676,6.17374881554078,13.9750964651776,41.220741924304,0.566673685739515,0.197369286581059,8.35974310017422,0.920256899825784,17.855,0.811590909090909,7.45,252.166165,0.790982917950154,0.341529005
76,TXH3.2021,-96.4273672,30.5386755,174,2021-06-23,76,28.36,33.23,23.1,24.79,36.03,27.24,25.72,12.85,1.67,0.04,0.17,10.63,19.62,82.08,0.65,0.68,0,1.86,-10.46,0.832545324,14.122,41.214,8.813,80.57926912,78.4844,9.23614066736054,13.9740881607516,41.2135517645439,0.832545324461954,0.222094731541422,12.6559409939522,-12.4859409939522,20.165,0.916590909090909,10.13,284.77013,0.700322340689313,0.453102962
77,TXH3.2021,-96.4273672,30.5386755,175,2021-06-24,77,28.34,32.99,23.99,24.95,36.1,26.24,24.23,12.49,1.64,0.04,0.26,9.01,19.8,83.04,0.64,0.66,0,2.35,-8.75,0.846343776,14.121,41.204,8.304,80.67888064,78.522,8.89796640441512,13.9724096419456,41.2044744092009,0.846343775539809,0.225773619835935,12.2104792050658,-11.9504792050658,20.49,0.931363636363636,9,289.33929,0.689165446559297,0.440719831
78,TXH3.2021,-96.4273672,30.5386755,176,2021-06-25,78,27.89,32.15,23.87,24.81,35.62,26.5,22.09,12.46,1.6,0.04,0.41,6.99,19.65,84.32,0.63,0.65,0,2.55,-6.58,0.745842805,14.12,41.194,7.572,80.11481952,78.0216,8.98701383611791,13.9700620499488,41.1935099994862,0.745842804919064,0.220358001043097,12.3027995133153,-11.8927995133153,20.01,0.909545454545454,8.28,282.5412,0.705647176411794,0.446755109
79,TXH3.2021,-96.4273672,30.5386755,177,2021-06-26,79,27.84,32.59,24.1,23.84,35.3,26.71,25.15,12.57,1.64,0.04,0.37,8.19,18.55,80.25,0.62,0.63,0,2.76,-7.82,1.003330816,14.117,41.181,8.622,79.492834,77.6224,9.05910307251348,13.9670469781872,41.180657930617,1.00333081576914,0.22412599621125,12.420531091439,-12.050531091439,20.345,0.924772727272727,8.49,287.210365,0.693880560334234,0.451508621
80,TXH3.2021,-96.4273672,30.5386755,178,2021-06-27,80,27.01,31.61,23.18,23.68,35.82,16.41,8.22,8.07,1.1,0.03,6.54,5.42,18.37,83.27,0.62,0.65,0,1.75,1.12,0.818467599,14.114,41.166,2.818,78.53680473,76.7348,5.56622714245873,13.9633664686086,41.1659168563235,0.818467599179105,0.213579120354805,7.59508723655948,-1.05508723655948,19.395,0.881590909090909,8.43,273.74103,0.727713328177365,0.29877823
81,TXH3.2021,-96.4273672,30.5386755,179,2021-06-28,81,24.57,26.83,23.01,23.3,35.81,13.42,1.14,6.78,0.95,0.03,12.78,1.65,17.92,92.8,0.63,0.69,0,1.74,11.13,0.309705181,14.111,41.149,0.391,75.5042504,74.158,4.55245067179467,13.9590230069388,41.1492846948893,0.30970518138849,0.188042576215716,6.12825451922154,6.65174548077846,16.92,0.769090909090909,3.82,238.75812,0.833983451536643,0.275946276
82,TXH3.2021,-96.4273672,30.5386755,180,2021-06-29,82,25.68,28.93,23.23,23.81,35.66,17.88,10.02,8.79,1.2,0.03,6.63,3.31,18.43,89.88,0.64,0.69,0,1.62,3.32,0.469058012,14.106,41.131,3.436,77.09833216,75.4516,6.06596807917588,13.9540195169286,41.1307586367286,0.469058012207156,0.199670890373713,8.21838487417561,-1.58838487417561,18.08,0.821818181818182,5.7,255.03648,0.780199115044248,0.34228972
83,TXH3.2021,-96.4273672,30.5386755,181,2021-06-30,83,27.36,32.25,22.36,23.27,36.06,25.37,22.43,12.11,1.59,0.04,0.73,9.45,17.84,80.14,0.64,0.66,0,1,-8.72,0.906756973,14.101,41.11,7.694,78.70862096,76.9372,8.60780812124236,13.948359353621,41.1103351535085,0.906756973192836,0.212601953714866,11.7366920950302,-11.0066920950302,19.305,0.8775,9.89,272.219805,0.730432530432531,0.442616959
84,TXH3.2021,-96.4273672,30.5386755,182,2021-07-01,84,28.32,33.23,23.09,23.04,36.01,27.05,26,12.86,1.67,0.04,0.42,10.69,17.65,75.21,0.63,0.64,0,0.65,-10.27,1.143807688,14.096,41.088,8.92,79.57064728,77.8144,9.17864730408927,13.942046295669,41.0880100088197,1.14380768767674,0.222038529040007,12.5673592193313,-12.1473592193313,20.16,0.916363636363636,10.14,284.17536,0.699206349206349,0.454096045
85,TXH3.2021,-96.4273672,30.5386755,183,2021-07-02,85,27.58,31.78,23.72,23.7,36.48,20.07,12.7,9.65,1.27,0.03,2.45,5.32,18.37,80.64,0.62,0.64,0,1.22,-2.87,0.884422508,14.089,41.064,4.357,79.12638688,77.312,6.81079916248024,13.9350845367394,41.0637782704067,0.884422507842528,0.217470400908393,9.30565436379464,-6.85565436379464,19.75,0.897727272727273,8.06,278.25775,0.713367088607595,0.349891226
86,TXH3.2021,-96.4273672,30.5386755,184,2021-07-03,86,26.59,30.35,24.07,23.94,37.05,8.25,1.79,4.24,0.6,0.01,16.85,3.25,18.65,86.11,0.63,0.69,0,0.66,13.6,0.689524221,14.082,41.038,0.614,78.19185251,76.4084,2.79991039859397,13.9274786760434,41.0376343239621,0.689524220715126,0.211574580414845,3.81476814648439,13.0352318535156,19.21,0.873181818181818,6.28,270.51522,0.733055700156169,0.159458443
87,TXH3.2021,-96.4273672,30.5386755,185,2021-07-04,87,26.68,30.56,23.45,24.31,37.73,16.16,6.7,8.07,1.14,0.03,11.82,5.43,19.11,87.65,0.65,0.71,0,1.28,6.39,0.594134558,14.075,41.01,2.3,78.5280198,76.6316,5.48493452537005,13.9192337080352,41.0095718884946,0.594134558206988,0.20937183265793,7.46442633199608,4.35557366800392,19.005,0.863863636363636,7.11,267.495375,0.740594580373586,0.302473763
88,TXH3.2021,-96.4273672,30.5386755,186,2021-07-05,88,26.01,28.27,24.18,24.19,36.68,17.46,8.31,8.51,1.16,0.03,10.86,3.3,18.94,90.03,0.66,0.71,0,1.62,7.56,0.409905503,14.066,40.98,2.852,77.67644497,75.9184,5.92672678913821,13.910355011327,40.979584033278,0.409905503410912,0.201166082569389,8.03165713810815,2.82834286189185,18.225,0.828409090909091,4.09,256.35285,0.771796982167353,0.327181853
89,TXH3.2021,-96.4273672,30.5386755,187,2021-07-06,89,26.66,31.37,23.44,23.84,36.2,22.4,16.17,10.74,1.42,0.04,5.59,7.23,18.54,85.63,0.67,0.71,0,1.72,-1.64,0.781181561,14.057,40.948,5.551,78.25017842,76.4424,7.60431678976292,13.9008483368686,40.9476631963889,0.78118156071797,0.213687927106414,10.3679823399096,-4.77798233990964,19.405,0.882045454545455,7.93,272.776085,0.72440092759598,0.402850713
90,TXH3.2021,-96.4273672,30.5386755,188,2021-07-07,90,26.22,29.98,22.23,22.69,35.7,21.8,14.84,10.47,1.39,0.04,0.99,8.77,17.27,82.15,0.66,0.68,0,1.71,-7.78,0.702499381,14.048,40.914,5.095,77.1150827,75.5884,7.40135804113136,13.8907197954446,40.9138012048399,0.702499381044088,0.199928012762283,10.0215432560958,-9.03154325609579,18.105,0.822954545454546,7.75,254.33904,0.775918254625794,0.399313501
91,TXH3.2021,-96.4273672,30.5386755,189,2021-07-08,91,25.8,30.52,22.07,23.11,36.22,18.65,10.31,9.11,1.25,0.03,12.19,6.8,17.72,86.1,0.65,0.7,0,2.52,5.39,0.685046046,14.038,40.878,3.541,76.877362,75.3196,6.33254115373165,13.879975844542,40.8779892963135,0.685046046272761,0.201891264790796,8.58230378037059,3.60769621962941,18.295,0.831590909090909,8.45,256.82521,0.767313473626674,0.353100775
92,TXH3.2021,-96.4273672,30.5386755,190,2021-07-09,92,25.34,28.26,23.39,23.88,37.03,12.41,0.77,6.39,0.92,0.03,14.43,2.71,18.53,91.82,0.67,0.74,0,2.74,11.72,0.394458,14.027,40.84,0.264,76.72965612,75.1368,4.21421879378382,13.8686232746466,40.8402181425023,0.394458000395101,0.19706410032446,5.69616824829439,8.73383175170561,17.825,0.810227272727273,4.87,250.031275,0.786928471248247,0.252170481
93,TXH3.2021,-96.4273672,30.5386755,191,2021-07-10,93,27.41,32.45,22.87,24.01,36.23,24.64,20.25,11.82,1.56,0.04,1.08,9.47,18.68,83.18,0.68,0.7,0,2.18,-8.39,0.846488884,14.016,40.8,6.956,79.17900162,77.2536,8.36824338232788,13.8566691950242,40.8004778740575,0.84648888424298,0.21647828571077,11.419447210685,-10.339447210685,19.66,0.893636363636364,9.58,275.55456,0.712919633774161,0.431229478
94,TXH3.2021,-96.4273672,30.5386755,192,2021-07-11,94,26.83,30.44,22.88,23.87,36.4,18.82,7.49,9.01,1.19,0.03,1.61,6.06,18.54,84.84,0.66,0.69,0,2.13,-4.45,0.609487694,14.004,40.759,2.573,78.43512628,76.6232,6.39240177273105,13.8441210190461,40.7587581071479,0.609487694048103,0.205708311195896,8.67741679759754,-7.06741679759754,18.66,0.848181818181818,7.56,261.31464,0.75048231511254,0.335818114
95,TXH3.2021,-96.4273672,30.5386755,193,2021-07-12,95,25.94,28.61,22.7,23.62,36.45,13.19,2.36,6.46,0.85,0.02,12.17,2.99,18.23,87.53,0.67,0.73,0,1.62,9.18,0.421023817,13.991,40.715,0.811,77.27283918,75.6432,4.48067042413915,13.8309864491185,40.7150479716263,0.421023817209209,0.195342204940997,6.04847428453276,6.12152571546724,17.655,0.8025,5.91,247.011105,0.792466723307845,0.249036237
96,TXH3.2021,-96.4273672,30.5386755,194,2021-07-13,96,25.51,29.68,21.94,23.03,36.01,21.21,11.39,10.1,1.32,0.04,9.11,3.69,17.54,87.19,0.68,0.74,0,0.9,5.42,0.585482385,13.978,40.669,3.915,76.51467731,75.0008,7.20602788053974,13.8172734612759,40.669336140802,0.585482384786434,0.196911656226788,9.73454534379671,-0.624545343796706,17.81,0.809545454545455,7.74,248.94818,0.784839977540707,0.395923167
97,TXH3.2021,-96.4273672,30.5386755,195,2021-07-14,97,25.83,29.58,22.43,23.78,35.79,21.39,14.51,10.24,1.35,0.04,6.28,3.85,18.34,89.09,0.69,0.73,0,1.55,2.43,0.483211511,13.964,40.622,4.988,77.26425753,75.5908,7.26819926687544,13.8029902894988,40.6216108628106,0.483211510888579,0.198901192428116,9.82769824282696,-3.54769824282696,18.005,0.818409090909091,7.15,251.42182,0.775562343793391,0.39643825
98,TXH3.2021,-96.4273672,30.5386755,196,2021-07-15,98,26.46,30.22,23.21,24.08,35.64,23.98,17.43,11.43,1.5,0.04,2.7,4.79,18.73,87.53,0.69,0.72,0,1.87,-2.09,0.572816809,13.95,40.572,5.993,78.14464362,76.3288,8.14948407540931,13.7881454098151,40.5718599935737,0.572816809111463,0.20628871130179,11.0597681818231,-8.35976818182314,18.715,0.850681818181818,7.01,261.07425,0.745391397274913,0.431972789
99,TXH3.2021,-96.4273672,30.5386755,197,2021-07-16,99,26.93,30.57,24.09,24.42,35.81,23.84,15.69,11.31,1.46,0.04,0.96,4.78,19.15,86.89,0.68,0.71,0,2.29,-3.82,0.631931885,13.935,40.52,5.396,78.85351223,76.9212,8.10320151522149,13.7727475242441,40.5200710313328,0.631931884661928,0.212873011106532,11.0302880412362,-10.0702880412362,19.33,0.878636363636364,6.48,269.36355,0.720900155199172,0.41997772
100,TXH3.2021,-96.4273672,30.5386755,198,2021-07-17,100,27.76,32.55,23.07,24.15,35.04,26.54,22.64,12.46,1.59,0.04,0.04,8.35,18.81,82.04,0.68,0.7,0,1.82,-8.31,0.852042582,13.92,40.466,7.788,79.60044096,77.654,9.02247648852429,13.7568055446425,40.4662311527429,0.852042582086028,0.218133931610242,12.3092062939603,-12.2692062939603,19.81,0.900454545454545,9.48,275.7552,0.702675416456335,0.448847262
101,TXH3.2021,-96.4273672,30.5386755,199,2021-07-18,101,27.91,32.11,23.52,24.31,35.88,24.52,15.87,11.61,1.49,0.04,0.11,7.94,18.98,81.99,0.66,0.69,0,1.22,-7.83,0.801798614,13.904,40.41,5.46,79.83710491,77.8616,8.33729592456522,13.7403285765081,40.4103272505046,0.801798613885158,0.218189302544921,11.372616057985,-11.262616057985,19.815,0.900681818181818,8.59,275.50776,0.701690638405249,0.415979936
102,TXH3.2021,-96.4273672,30.5386755,200,2021-07-19,102,27.83,32.29,23.98,23.69,36.67,19.5,9.64,9.35,1.23,0.03,1.61,6.96,18.33,79.8,0.66,0.68,0,1.27,-5.35,0.97791762,13.888,40.352,3.318,79.4171566,77.5584,6.63170501380155,13.723325902797,40.3523459725089,0.977917620429412,0.221757695720171,9.05854476857174,-7.44854476857174,20.135,0.915227272727273,8.31,279.63488,0.689744226471319,0.335968379
103,TXH3.2021,-96.4273672,30.5386755,201,2021-07-20,103,26.37,30.38,22.9,22.76,35.94,21.4,12.88,9.81,1.21,0.03,1.17,7.84,17.33,81.75,0.65,0.67,0,1.63,-6.67,0.795519956,13.871,40.292,4.434,77.31135025,75.7636,7.27941716171696,13.7058069678085,40.2922737624672,0.795519956387739,0.205497597472903,9.86594520283107,-8.69594520283107,18.64,0.847272727272727,7.48,258.55544,0.744152360515021,0.372013652
104,TXH3.2021,-96.4273672,30.5386755,202,2021-07-21,104,26.91,31.38,22.42,22.61,35.62,20.24,14.26,9.41,1.2,0.03,2.9,7.26,17.16,78.89,0.64,0.67,0,1.18,-4.36,0.907665044,13.854,40.23,4.911,77.83283601,76.2496,6.88640386388767,13.6877813611885,40.2300969019923,0.90766504424763,0.208251085530713,9.34390582296623,-6.44390582296623,18.9,0.859090909090909,8.96,261.8406,0.733015873015873,0.349684132
105,TXH3.2021,-96.4273672,30.5386755,203,2021-07-22,105,26.64,31.36,22.72,22.81,35.71,24.39,20,11.45,1.47,0.04,3.97,6.51,17.3,80.91,0.64,0.67,0,1.55,-2.54,0.89650816,13.836,40.166,6.889,77.64714976,76.0516,8.30042497058788,13.6692588021017,40.1658015540919,0.896508159763602,0.209746540320546,11.26796856475,-7.29796856475001,19.04,0.865454545454545,8.64,263.43744,0.726680672268908,0.429804805
106,TXH3.2021,-96.4273672,30.5386755,204,2021-07-23,106,27.5,32.98,22.58,23.61,35.59,26.23,22.56,12.32,1.58,0.04,1.06,7.51,18.19,80.98,0.64,0.65,0,2.29,-6.45,0.966872296,13.818,40.099,7.774,79.041665,77.1996,8.92896822345918,13.6502491236192,40.0993738080324,0.966872296494273,0.217801953916405,12.1636154460427,-11.1036154460427,19.78,0.899090909090909,10.4,273.32004,0.698584428715875,0.448
107,TXH3.2021,-96.4273672,30.5386755,205,2021-07-24,107,28.1,34.17,23.14,23.39,34.29,27.94,28.41,12.89,1.65,0.04,0.03,8.54,17.97,77.88,0.62,0.63,0,2.27,-8.51,1.225130538,13.799,40.031,9.793,79.5895972,77.7204,9.51376190538498,13.6307622573657,40.0307997255253,1.22513053812247,0.227660863804525,13.0117813967878,-12.9817813967878,20.655,0.938863636363637,11.03,285.018345,0.668070685064149,0.458718861
108,TXH3.2021,-96.4273672,30.5386755,206,2021-07-25,108,27.64,33.72,21.81,22.03,33.68,28.15,30.12,13.07,1.69,0.04,0,7.25,16.61,74.23,0.61,0.61,0,1.55,-7.25,1.276367587,13.779,39.96,10.386,78.38551028,76.7708,9.58817878869667,13.6108082184692,39.960065388183,1.27636758682348,0.217636124353491,13.0530012711318,-13.0530012711318,19.765,0.898409090909091,11.91,272.341935,0.697141411586137,0.472865412
109,TXH3.2021,-96.4273672,30.5386755,207,2021-07-26,109,28.26,34.54,22.56,21.78,34.26,27.18,28.7,12.64,1.65,0.04,0,6.09,16.4,71.2,0.6,0.59,0,1.16,-6.09,1.499679293,13.76,39.887,9.901,78.9289088,77.3008,9.26080024775114,13.5903970908513,39.8871569461872,1.49967929339828,0.226458364309238,12.6515243254422,-12.6515243254422,20.55,0.934090909090909,11.98,282.768,0.669586374695864,0.447275301
110,TXH3.2021,-96.4273672,30.5386755,208,2021-07-27,110,28.53,34.74,22.72,21.16,35.76,24.66,18.89,11.58,1.49,0.04,0.25,4.77,15.77,67.93,0.6,0.58,0,1.07,-4.52,1.640689246,13.74,39.812,6.519,78.88193471,77.3476,8.40511208017054,13.5695390128949,39.8120606681068,1.64068924599034,0.228523070892763,11.4883497321367,-11.2383497321367,20.73,0.942272727272727,12.02,284.8302,0.662807525325615,0.405888538
111,TXH3.2021,-96.4273672,30.5386755,209,2021-07-28,111,29.04,33.41,24.12,22.42,35.96,25.09,21.71,11.89,1.54,0.04,0.48,3.27,17,69.38,0.59,0.58,0,0.52,-2.79,1.363812579,13.719,39.735,7.496,79.84753248,78.3112,8.55486280698151,13.5482441635222,39.7347629917996,1.36381257904779,0.228926371526061,11.6906051804737,-11.2106051804737,20.765,0.943863636363636,9.29,284.875035,0.660679027209246,0.409435262
112,TXH3.2021,-96.4273672,30.5386755,210,2021-07-29,112,29.53,34.95,25.07,22.6,36.31,21.8,13.29,10.32,1.35,0.04,0.52,4.03,17.15,68.18,0.59,0.57,0,1.09,-3.51,1.651851064,13.698,39.655,4.591,80.40177846,78.866,7.43604419683174,13.5265227487143,39.6552505763226,1.65185106375097,0.243666218292841,10.2154992602489,-9.69549926024894,22.01,1,9.88,301.49298,0.622353475692867,0.34947511
113,TXH3.2021,-96.4273672,30.5386755,211,2021-07-30,113,29.11,34.52,24.69,23.15,36.23,24.52,21.32,11.47,1.46,0.04,0.6,3.44,17.73,72.26,0.58,0.56,0,0.98,-2.84,1.457409247,13.677,39.574,7.368,80.37045714,78.644,8.36740326924298,13.5043849884987,39.5735103547777,1.45740924651569,0.238786430082358,11.4693582946768,-10.8693582946768,21.605,0.982045454545455,9.83,295.491585,0.633047905577413,0.394022673
114,TXH3.2021,-96.4273672,30.5386755,212,2021-07-31,114,29.45,35.83,23.99,23.04,36.35,25.29,22.77,11.93,1.52,0.04,0.25,3.54,17.65,71.96,0.57,0.54,0,1.49,-3.29,1.617672239,13.655,39.49,7.873,80.8445178,78.9444,8.63408009890713,13.4818411044296,39.4895295880079,1.61767223851068,0.242453624549188,11.8456751793704,-11.5956751793704,21.91,0.995909090909091,11.84,299.18105,0.623231401186673,0.405093379
115,TXH3.2021,-96.4273672,30.5386755,213,2021-08-01,115,29.69,36.16,24.56,22.65,36.52,25.33,21.98,11.84,1.5,0.04,0.99,3.36,17.25,69.48,0.57,0.54,0,1.9,-2.37,1.788955227,13.633,39.403,7.605,80.83558588,79.044,8.65191507891545,13.4589013075834,39.4032959190605,1.78895522670951,0.247950429866265,11.8878318468014,-10.8978318468014,22.36,1,11.6,304.83388,0.609704830053667,0.398787471
116,TXH3.2021,-96.4273672,30.5386755,214,2021-08-02,116,26.7,29.83,24.36,23.84,37.49,11.26,2.09,5.72,0.8,0.02,14.82,1.11,18.51,84.78,0.58,0.62,0,1.7,13.71,0.67003274,13.611,39.315,0.724,78.2133574,76.4824,3.84803161299278,13.4355757870872,39.3147974283252,0.670032740454584,0.210336505928659,5.20350122463807,9.61649877536193,19.095,0.867954545454546,5.47,259.902045,0.712804399057345,0.21423221
117,TXH3.2021,-96.4273672,30.5386755,215,2021-08-03,117,28.02,33.6,23.01,22.53,36.9,18.85,11.45,8.91,1.16,0.03,0.94,4.02,17.11,74.22,0.59,0.57,0,1.35,-3.08,1.275935857,13.588,39.224,3.967,78.97121956,77.3308,6.445382720756,13.4118746991963,39.2240226892527,1.27593585686313,0.22367326081124,8.76382588949509,-7.82382588949509,20.305,0.922954545454546,10.59,275.90434,0.669194779610933,0.317987152
118,TXH3.2021,-96.4273672,30.5386755,216,2021-08-04,118,28.26,34.35,22.86,22.41,36.35,17.79,9.01,8.35,1.06,0.03,1.71,3.63,17.02,73.87,0.58,0.56,0,1.44,-1.92,1.393993352,13.565,39.131,3.123,79.29409538,77.5276,6.0864620263144,13.3878081569341,39.1309608245563,1.39399335162577,0.227087578006438,8.28291388038775,-6.57291388038775,20.605,0.936590909090909,11.49,279.506825,0.658335355496239,0.29547063
1,WIH1.2020,-89.5284654,43.0544856,128,2020-05-07,1,9.4,15.21,4.24,3.64,22.66,27.1,29.99,11.57,1.5,0.03,0,1.76,5.05,70.32,0.87,0.85,0,3.72,-1.76,0.484921455,14.361,38.382,11.221,50.4022192,51.9104,10.0379324515805,14.2169572341229,38.3823604017246,0.484921455367649,0.0810242379617737,10.7840334250123,-10.7840334250123,3.605,0.078409090909091,10.97,51.771405,3.98363384188627,
2,WIH1.2020,-89.5284654,43.0544856,129,2020-05-08,2,2.75,7.19,-1.59,-2.72,20.35,29.94,41.21,12.75,1.65,0.03,0,0.21,3.18,70.05,0.86,0.85,1,3.77,-0.21,0.279353138,14.4,38.543,15.396,40.41746125,42.9708,11.0741489822113,14.2560947714952,38.5426887559658,0.279353137621046,0.0531514546068348,10.6521309860457,-10.6521309860457,0,-0.236363636363636,8.78,0,,
3,WIH1.2020,-89.5284654,43.0544856,130,2020-05-09,3,6.94,14.14,-3.33,0.01,23.5,27.07,33.11,11.69,1.5,0.03,0.81,1.42,4.07,64.38,0.86,0.85,1,3.35,-0.61,0.434181907,14.439,38.7,12.353,47.13835228,48.1436,9.99900643653928,14.2946749908184,38.6995302440651,0.43418190719841,0.0624742653953649,10.0948990383968,-9.28489903839681,3.07,-0.117954545454545,17.47,44.32773,,
4,WIH1.2020,-89.5284654,43.0544856,131,2020-05-10,4,5.07,7.98,1.94,3.17,27.57,10.6,3.98,5.08,0.74,0.01,7.52,0,4.91,87.86,0.86,0.86,0,3.61,7.52,0.12000118,14.477,38.853,1.483,42.25267698,47.4112,3.91030196527525,14.3326804673995,38.8528595243002,0.120001179770857,0.0607890896126413,3.92307134476265,3.59692865523735,0,-0.138181818181818,6.04,0,,
5,WIH1.2020,-89.5284654,43.0544856,132,2020-05-11,5,5.01,9.97,-2.03,-0.01,23.94,22.41,23.71,9.84,1.3,0.02,0,0.68,3.88,72.7,0.86,0.85,1,2.62,-0.68,0.26550379,14.515,39.003,8.824,43.5678473,46.2064,8.25671533953163,14.3700936060218,39.0026523221782,0.265503790484571,0.0571792225387423,8.14986249681378,-8.14986249681378,0.984999999999999,-0.183181818181818,12,14.297275,,
6,WIH1.2020,-89.5284654,43.0544856,133,2020-05-12,6,7.15,14.08,-0.94,0.06,20.93,30.57,43.06,13.01,1.66,0.03,0,2.07,3.89,64.87,0.85,0.85,1,1.93,-2.07,0.475102123,14.552,39.149,16.006,47.40691295,48.3716,11.2498434217526,14.4068966586448,39.148885397212,0.475102122968824,0.0670767480199742,11.6190284507292,-11.6190284507292,3.04,-0.065,15.02,44.23808,,
7,WIH1.2020,-89.5284654,43.0544856,134,2020-05-13,7,10.32,17.37,0.71,4.72,26.15,23,18.4,10.07,1.29,0.03,3.5,2.24,5.62,70.66,0.85,0.84,0,4.2,1.26,0.457940088,14.589,39.292,6.832,51.77401088,53.2192,8.4545090267091,14.4430717434443,39.2915365102548,0.457940087844778,0.0778023806127723,9.0676648474377,-5.5676648474377,4.685,0.0472727272727273,16.66,68.349465,3.11398078975454,
8,WIH1.2020,-89.5284654,43.0544856,135,2020-05-14,8,15.01,20.05,10.02,13.12,31.63,11.69,1.78,5.7,0.81,0.02,15.88,0.94,9.75,88.84,0.86,0.87,0,2.17,14.94,0.277991297,14.625,39.431,0.66,58.95551516,60.9332,4.29247617619804,14.4786008651913,39.4305843915014,0.277991297023386,0.110091120671625,4.94694761785141,10.9330523821486,7.035,0.319772727272727,10.03,102.886875,2.07889125799574,0.379746835
9,WIH1.2020,-89.5284654,43.0544856,136,2020-05-15,9,15.54,20.8,9.12,11.03,26.58,29.03,34.35,12.69,1.63,0.03,1.98,3.63,8.4,76.83,0.86,0.85,0,2.65,-1.65,0.491658222,14.66,39.566,12.727,59.72069818,60.7108,10.6486838044747,14.5134659369616,39.5660087092594,0.49165822165404,0.109625993965994,12.2756396791517,-10.2956396791517,6.96,0.316363636363636,11.68,102.0336,2.10632183908046,0.816602317
10,WIH1.2020,-89.5284654,43.0544856,137,2020-05-16,10,12.99,19.84,6.74,9.41,27.6,23.37,18.58,10.45,1.36,0.03,2.07,2.9,7.52,80.6,0.85,0.85,0,4.24,-0.83,0.469402245,14.695,39.698,6.878,55.6613406,57.5776,8.56416823684459,14.547648803163,39.6977900395826,0.46940224534485,0.0996932081238111,9.71057419974415,-7.64057419974415,5.92,0.240454545454545,13.1,86.9944,2.48226351351351,0.804464973
11,WIH1.2020,-89.5284654,43.0544856,138,2020-05-17,11,11.56,16.1,8.62,10.46,31.17,4.76,0.62,2.58,0.39,0.01,38.25,0.29,8.14,92.98,0.89,0.9,0,5.14,37.96,0.208088171,14.729,39.826,0.229,53.00846312,56.5256,1.74273946534499,14.5811312638572,39.8259098368561,0.208088171097858,0.0945015991159656,1.95723331735321,36.2927666826468,4.36,0.198181818181818,7.48,64.21844,3.37821100917431,0.223183391
12,WIH1.2020,-89.5284654,43.0544856,139,2020-05-18,12,10.25,13.64,8.25,9.18,30.29,7.22,4.04,3.7,0.54,0.01,6.05,0.29,7.45,93.06,0.9,0.88,0,4.64,5.76,0.16430441,14.762,39.95,1.493,50.7381835,54.7548,2.64108628719908,14.6138951003496,39.950350405409,0.16430441039916,0.087044824130883,2.91869888101329,3.13130111898671,2.945,0.133863636363636,5.39,43.47409,,0.36097561
13,WIH1.2020,-89.5284654,43.0544856,140,2020-05-19,13,12.92,17,9.46,11.45,30.96,9.44,6.59,4.67,0.68,0.02,0.45,1.03,8.63,90.9,0.9,0.87,0,4.62,-0.58,0.208471804,14.795,40.071,2.433,55.3933372,58.242,3.45030514099535,14.6459221020078,40.0710948722259,0.208471803959152,0.0993510951505512,3.91986902518603,-3.46986902518603,5.23,0.237727272727273,7.54,77.37785,2.82887189292543,0.361455108
14,WIH1.2020,-89.5284654,43.0544856,141,2020-05-20,14,14.19,19.84,9.03,10.68,27.53,28.79,34.56,12.97,1.66,0.04,0.01,3.39,8.14,81.06,0.89,0.87,0,3.51,-3.38,0.447739861,14.827,40.188,12.751,57.58970986,59.2348,10.5144590660582,14.6771940942667,40.1881271608158,0.447739860826412,0.106416622404078,12.1093511530085,-12.0993511530085,6.435,0.2925,10.81,95.411745,2.3041181041181,
15,WIH1.2020,-89.5284654,43.0544856,142,2020-05-21,15,15.27,21.05,8.5,12.64,31.92,15.27,8.76,7.24,1.03,0.02,0.09,2.93,9.36,84.78,0.88,0.86,0,2.37,-2.84,0.339379773,14.859,40.301,3.23,59.36160694,61.0204,5.57266728898397,14.7076929677646,40.3014319662915,0.339379773009898,0.108485815403709,6.44506006794213,-6.35506006794213,6.775,0.307954545454546,12.55,100.669725,2.19321033210332,0.474132286
16,WIH1.2020,-89.5284654,43.0544856,143,2020-05-22,16,16.36,20.62,11.45,14.16,32.64,10.09,2.84,5.02,0.74,0.02,0.07,2.47,10.29,86.77,0.88,0.86,0,1.77,-2.4,0.275734179,14.889,40.411,1.046,61.19710628,62.6576,3.67970088676439,14.7374007085495,40.4109947316992,0.275734178711721,0.116454858451312,4.31152424128411,-4.24152424128411,8.035,0.365227272727273,9.17,119.633115,1.85301804604854,0.306845966
17,WIH1.2020,-89.5284654,43.0544856,144,2020-05-23,17,17.13,22.42,12.19,15.44,32.78,15.72,3.86,7.52,1.04,0.03,14.12,1.49,11.36,89.97,0.88,0.88,0,3.59,12.63,0.312035801,14.919,40.517,1.421,62.56733239,63.8884,5.72913501843395,14.7662994292841,40.5168016256313,0.312035801136189,0.124984633413096,6.79554253703905,7.32445746296095,9.305,0.422954545454545,10.23,138.821295,1.60333154218162,0.438995914
18,WIH1.2020,-89.5284654,43.0544856,145,2020-05-24,18,20.51,26.94,12.51,18.1,32.91,21.6,15.72,10,1.32,0.03,0.05,4.27,13.5,87.06,0.88,0.86,0,1.65,-4.22,0.424604794,14.948,40.619,5.785,68.14096594,68.226,7.86724648062013,14.7943714013703,40.6188395211446,0.424604794208107,0.14271017831815,9.52563323351924,-9.47563323351924,11.725,0.532954545454546,14.43,175.2653,1.27488272921109,0.48756704
19,WIH1.2020,-89.5284654,43.0544856,146,2020-05-25,19,22.47,26.75,17.96,20.07,32.99,23.64,20.44,11.09,1.47,0.04,0.33,4.41,15.04,86.19,0.87,0.86,0,2.9,-4.08,0.437645284,14.976,40.717,7.518,71.34875407,70.8952,8.60529450932874,14.8215990879037,40.7170959759953,0.437645284459579,0.164341648636242,10.6240632605434,-10.2940632605434,14.355,0.6525,8.79,214.98048,1.04326018808777,0.493546951
20,WIH1.2020,-89.5284654,43.0544856,147,2020-05-26,20,22.98,26.84,17.4,20.34,33.14,23.54,20.76,10.99,1.44,0.03,1.17,3.91,15.32,85.77,0.87,0.86,0,3.02,-2.74,0.371741049,15.003,40.812,7.632,72.16153654,71.5024,8.56426725675052,14.8479651773608,40.8115592141958,0.371741048596411,0.162302466604571,10.5624280877869,-9.39242808778693,14.12,0.641818181818182,9.44,211.84236,1.06253541076487,0.47824195
21,WIH1.2020,-89.5284654,43.0544856,148,2020-05-27,21,22.3,26.08,19.01,19.71,32.98,23.26,12.89,10.73,1.41,0.04,2.39,2.97,14.71,86.01,0.86,0.86,0,2.1,-0.58,0.491417926,15.03,40.902,4.737,71.0519977,70.5956,8.45813561923877,14.8734526179121,40.9022181088854,0.491417926194699,0.166006125484975,10.4664887995229,-8.07648879952287,14.545,0.661136363636364,7.07,218.61135,1.03334479202475,0.481165919
22,WIH1.2020,-89.5284654,43.0544856,149,2020-05-28,22,19.38,22.58,14.46,18.38,32.81,5.69,0.22,3.04,0.45,0.01,25.65,0.65,13.61,93.99,0.88,0.89,0,2.18,25,0.079079233,15.055,40.989,0.081,66.59033938,67.1968,2.06810962707434,14.898044652247,40.9890621664991,0.0790792331113299,0.133635154483273,2.48530679349101,23.164693206509,10.52,0.478181818181818,8.12,158.3786,1.43108365019011,0.156862745
23,WIH1.2020,-89.5284654,43.0544856,150,2020-05-29,23,14.96,18.52,10.83,11.47,28.36,19.51,18.02,8.91,1.22,0.03,0.03,3.42,8.62,81.13,0.89,0.87,0,3.4,-3.39,0.360895341,15.08,41.072,6.616,58.83168752,60.2892,7.08809588311914,14.9217248527855,41.0720815122123,0.360895340539705,0.107873710082987,8.22629690343791,-8.19629690343791,6.675,0.303409090909091,7.69,100.659,2.25917602996255,0.595588235
24,WIH1.2020,-89.5284654,43.0544856,151,2020-05-30,24,14,19.19,8.55,9.78,25.98,29.96,35.9,13.22,1.7,0.04,0,4.12,7.64,77.09,0.88,0.86,0,2.65,-4.12,0.458607521,15.104,41.151,13.177,57.300804,58.7208,10.8802612801812,14.944477157148,41.1512668766257,0.458607521246279,0.10305231039195,12.5271055875547,-12.5271055875547,5.87,0.266818181818182,10.64,88.66048,2.57308347529813,
25,WIH1.2020,-89.5284654,43.0544856,152,2020-05-31,25,13.74,20.01,6.96,8.67,25.6,31.05,41.16,13.75,1.77,0.04,0,4.45,7.11,73.68,0.87,0.85,0,1.89,-4.45,0.546685688,15.127,41.227,15.102,56.91555568,58.0612,11.2719232069838,14.9662859037435,41.2266095836529,0.546685687805098,0.100812007311903,12.9292367044545,-12.9292367044545,6.005,0.249318181818182,13.05,90.837635,2.51906744379684,
26,WIH1.2020,-89.5284654,43.0544856,153,2020-06-01,26,17.65,22.96,11.11,14.71,31.85,16.63,11,7.86,1.05,0.02,0.83,2.25,10.93,82.89,0.86,0.85,0,5.09,-1.42,0.388716698,15.149,41.298,4.035,63.22701415,64.1456,6.03504907447138,14.987135867333,41.2981015395601,0.388716698432403,0.123128201400484,7.17171902757712,-6.34171902757712,9.035,0.410681818181818,11.85,136.871215,1.67670171555064,0.445325779
27,WIH1.2020,-89.5284654,43.0544856,154,2020-06-02,27,24,29.07,18.49,21.38,32.96,28.48,32.73,13.17,1.7,0.04,5.07,5.44,16.46,85.92,0.86,0.85,0,3.58,-0.37,0.529508802,15.17,41.366,12.003,73.868032,72.8968,10.332215971499,15.0070122944161,41.3657352231054,0.529508802162851,0.177175911852538,12.9169146704934,-7.84691467049337,15.78,0.717272727272727,10.58,239.3826,0.961343472750317,0.54875
28,WIH1.2020,-89.5284654,43.0544856,155,2020-06-03,28,22.64,27.36,17.71,17.69,30.96,28.46,28.6,12.87,1.68,0.04,6,5.93,13.04,75.53,0.86,0.86,0,1.67,0.07,0.809868477,15.19,41.43,10.486,70.76660208,70.2084,10.3220435378762,15.0259009382876,41.4295036767159,0.809868477265939,0.165918168027799,12.8055280352153,-6.80552803521525,14.535,0.660681818181818,9.65,220.78665,1.04506363949088,0.568462898
29,WIH1.2020,-89.5284654,43.0544856,156,2020-06-04,29,23.12,28.51,17.23,17.22,30.21,29.12,32.51,13.06,1.69,0.04,0.02,8.18,12.63,71.71,0.85,0.84,0,1.58,-8.16,0.964953595,15.209,41.489,11.917,71.18622848,70.5192,10.5587235298839,15.0437880936037,41.4894004986374,0.964953594961214,0.168886250503326,13.1312831941248,-13.1112831941248,14.87,0.675909090909091,11.28,226.15783,1.02279757901816,0.564878893
30,WIH1.2020,-89.5284654,43.0544856,157,2020-06-05,30,22.06,26.19,17.13,19.06,31.43,24.2,20.41,11.2,1.49,0.03,0.6,5.04,14.22,83.86,0.84,0.84,0,2.86,-4.44,0.470917605,15.227,41.545,7.481,70.49114084,70.1216,8.77275975768243,15.0606606302958,41.5454198359859,0.47091760451794,0.158372682522162,10.8244124569247,-10.2244124569247,13.66,0.620909090909091,9.06,208.00082,1.11471449487555,0.507706256
31,WIH1.2020,-89.5284654,43.0544856,158,2020-06-06,31,18.81,23.68,13.05,13.51,28.77,29.34,33.04,13.26,1.73,0.04,0,7.09,9.84,73,0.83,0.83,0,2.78,-7.09,0.666382317,15.244,41.598,12.108,64.691087,64.8736,10.6339103863738,15.076506026669,41.5975563786287,0.666382316757796,0.132504131482698,12.7988465800116,-12.7988465800116,10.365,0.471136363636364,10.63,158.00406,1.47071876507477,0.704944179
32,WIH1.2020,-89.5284654,43.0544856,159,2020-06-07,32,17.04,23.02,11.73,13.38,31.09,26.21,26.95,12.15,1.58,0.04,0.12,3.84,9.85,79.69,0.83,0.83,0,3.3,-3.72,0.559884384,15.26,41.646,9.875,62.15011424,63.0568,9.49779442811529,15.0913124015206,41.6458053538169,0.559884383655097,0.125469786742019,11.3372019324861,-11.2172019324861,9.375,0.426136363636364,11.29,143.0625,1.62773333333333,0.713028169
33,WIH1.2020,-89.5284654,43.0544856,160,2020-06-08,33,21.78,28.28,14.68,16.9,30.15,30.5,40.17,13.98,1.81,0.05,0,8.65,12.39,75.44,0.82,0.82,0,3.24,-8.65,0.830750795,15.275,41.69,14.718,69.42040368,69.064,11.0506786916095,15.1050685451146,41.6901625214926,0.830750795307793,0.156856980292741,13.625232497647,-13.625232497647,13.48,0.612727272727273,13.6,205.907,1.13316023738872,0.641873278
34,WIH1.2020,-89.5284654,43.0544856,161,2020-06-09,34,22.47,27.15,17.02,20.5,32.96,13.65,4.49,6.54,0.9,0.02,22.55,2.85,15.82,88.76,0.82,0.85,0,5.17,19.7,0.356858363,15.289,41.731,1.645,71.55294828,71.05,4.94498900999476,15.1177639488514,41.7306241701923,0.356858363362116,0.162000594841552,6.12332134245379,16.4266786575462,14.085,0.640227272727273,10.13,215.345565,1.08548100816471,0.29105474
35,WIH1.2020,-89.5284654,43.0544856,162,2020-06-10,35,20.16,27.02,13.6,17.37,31.93,14.25,10.85,6.85,0.94,0.03,14.97,5.15,13.03,84.61,0.84,0.85,0,4.3,9.82,0.579899214,15.302,41.767,3.975,67.41717224,67.6132,5.16179819079798,15.1293888334747,41.7671871134669,0.579899214204254,0.147300606929936,6.31223536335766,8.65776463664234,12.31,0.559545454545455,13.42,188.36762,1.24305442729488,0.339781746
36,WIH1.2020,-89.5284654,43.0544856,163,2020-06-11,36,17.97,24.5,11.08,13.09,27.62,27.53,32.95,12.29,1.59,0.04,0.14,7.15,9.6,75.24,0.84,0.84,0,3.81,-7.01,0.690546041,15.314,41.8,12.072,63.48180172,63.8824,9.97138508752861,15.1399341756607,41.7998486867427,0.69054604108599,0.128378974642102,11.9511209395186,-11.8111209395186,9.79,0.445,13.42,149.92406,1.56424923391216,0.683917641
37,WIH1.2020,-89.5284654,43.0544856,164,2020-06-12,37,18.39,25.28,9.95,13.28,28.67,28.5,31.99,12.88,1.67,0.04,0.19,7.42,9.78,73.33,0.83,0.83,0,2.62,-7.23,0.696977299,15.324,41.829,11.719,64.06024313,64.3708,10.3220665948279,15.149391732845,41.8286067445472,0.69697729901422,0.127145312173545,12.3535648567391,-12.1635648567391,9.615,0.437045454545455,15.33,147.34026,1.59375975039002,0.700380642
38,WIH1.2020,-89.5284654,43.0544856,165,2020-06-13,38,12.87,19.02,7.31,7.15,25.67,30.74,38.59,13.66,1.76,0.04,0,5.51,6.38,70.1,0.82,0.82,0,3.41,-5.51,0.599516986,15.334,41.853,14.139,55.6320513,56.644,11.1328756045597,15.1577540661446,41.8534596580282,0.59951698610639,0.0989816006998608,12.755334019887,-12.755334019887,5.51,0.234772727272727,11.71,84.49034,2.78294010889292,
39,WIH1.2020,-89.5284654,43.0544856,166,2020-06-14,39,13.65,19.91,7.39,7.73,25.26,31.77,43.6,14.09,1.81,0.04,0,6.39,6.62,70.24,0.81,0.81,0,3.15,-6.39,0.62392517,15.342,41.874,15.974,56.8040624,57.6328,11.505655961137,15.1650145612459,41.8744063126994,0.623925170088158,0.101767010042971,13.252675635712,-13.252675635712,5.955,0.256818181818182,12.52,91.36161,2.57632241813602,
40,WIH1.2020,-89.5284654,43.0544856,167,2020-06-15,40,15.56,22.29,7.43,9.82,27.66,27.96,28.55,12.62,1.63,0.04,0,6.61,7.69,71.06,0.8,0.8,0,2.74,-6.61,0.648176784,15.35,41.891,10.461,59.68838664,60.2952,10.1258342990855,15.1711674471367,41.8914461063473,0.648176784181881,0.109008423389435,11.8113053920317,-11.8113053920317,7.145,0.311818181818182,14.86,109.67575,2.14835549335199,0.811053985
41,WIH1.2020,-89.5284654,43.0544856,168,2020-06-16,41,18.56,25.86,9.34,12.43,27.41,30.86,38.67,13.71,1.75,0.04,0,8.52,9.39,68.94,0.79,0.8,0,2.28,-8.52,0.811352116,15.356,41.905,14.171,64.14249136,64.2348,11.176291108612,15.1762078125725,41.9045789470449,0.811352115663896,0.127040038970554,13.3747885785272,-13.3747885785272,9.6,0.436363636363636,16.52,147.4176,1.59958333333333,0.738685345
42,WIH1.2020,-89.5284654,43.0544856,169,2020-06-17,42,21.03,27.18,13.42,16.07,29.08,30.07,34.14,13.4,1.71,0.04,0,9.58,11.64,75.29,0.78,0.79,0,2.19,-9.58,0.744835195,15.361,41.914,12.512,68.24298213,68.0152,10.8906016784423,15.1801316201805,41.9138052512188,0.74483519496815,0.147221101542689,13.3189290034134,-13.3189290034134,12.3,0.559090909090909,13.76,188.9403,1.24886178861789,0.637184974
43,WIH1.2020,-89.5284654,43.0544856,170,2020-06-18,43,22.06,27.95,14.77,17.05,29.51,29.45,31.77,13.07,1.68,0.04,0,10.14,12.45,74.8,0.77,0.78,0,2.05,-10.14,0.78069536,15.365,41.919,11.645,69.8080712,69.398,10.6666693747397,15.1829357181148,41.9191259417276,0.780695359852619,0.15585333692613,13.1450768953992,-13.1450768953992,13.36,0.607272727272727,13.18,205.2764,1.1500748502994,0.592475068
44,WIH1.2020,-89.5284654,43.0544856,171,2020-06-19,44,23.67,28.04,18.31,17.8,32.96,20.76,13.36,9.71,1.3,0.03,0.25,10.27,13.07,70.66,0.76,0.77,0,1.62,-10.02,0.908447751,15.368,41.921,4.898,71.92628978,71.278,7.51976592278118,15.1846178491951,41.9205424459146,0.908447750904741,0.171627384268573,9.3798512309821,-9.1298512309821,15.175,0.689772727272727,9.73,233.2094,1.01271828665568,0.410223912
45,WIH1.2020,-89.5284654,43.0544856,172,2020-06-20,45,22,26.65,17.47,19.86,34.34,12.33,2.02,6.15,0.87,0.02,5.35,3.86,14.91,87.98,0.75,0.78,0,2.4,1.49,0.426385246,15.369,41.918,0.741,70.700904,70.3496,4.46664857474624,15.1851766574719,41.9180566936063,0.426385246098763,0.161785262589982,5.53023836524742,-0.180238365247423,14.06,0.639090909090909,9.18,216.08814,1.09310099573257,0.279545455
46,WIH1.2020,-89.5284654,43.0544856,173,2020-06-21,46,21.6,27.6,14.59,17.33,31.25,27.82,27.79,12.64,1.65,0.04,0.43,8.96,12.78,78.1,0.75,0.77,0,1.71,-8.53,0.698167098,15.37,41.912,10.191,69.328604,69.0388,10.079194793186,15.1846116921788,41.9116711150378,0.698167098200823,0.153656168595993,12.3941736684572,-11.9641736684572,13.095,0.595227272727273,13.01,201.27015,1.17373043146239,0.585185185
47,WIH1.2020,-89.5284654,43.0544856,174,2020-06-22,47,19.64,22.99,15.17,18.42,33.11,8.36,0.04,4.38,0.65,0.01,17.34,0.9,13.72,92.72,0.76,0.81,0,2.9,16.44,0.146785408,15.369,41.901,0.015,66.97754592,67.4712,3.0292370688266,15.1829234090479,41.9013886386937,0.146785408021904,0.137789837508478,3.66815267348207,13.6718473265179,11.08,0.503636363636364,7.82,170.28852,1.38709386281588,0.223014257
48,WIH1.2020,-89.5284654,43.0544856,175,2020-06-23,48,17.37,22.28,12.69,14.03,29.93,21.82,17.43,10,1.35,0.03,1.35,5.98,10.27,82.21,0.77,0.78,0,3.2,-4.63,0.476794248,15.368,41.887,6.395,62.75074823,63.6208,7.9076655638545,15.18011316898,41.8872126890619,0.476794247554021,0.126235396769185,9.44738311079609,-8.09738311079609,9.485,0.431136363636364,9.59,145.76548,1.62024248813917,0.575705239
49,WIH1.2020,-89.5284654,43.0544856,176,2020-06-24,49,17.86,22.76,11.7,13.9,30.21,24.92,21.36,11.35,1.5,0.03,0.69,6.8,10.17,78.91,0.76,0.78,0,2.39,-6.11,0.4837094,15.365,41.869,7.839,63.43486274,64.064,9.03267708148978,15.1761832340777,41.8691471843074,0.483709400393564,0.124466592590236,10.7654485570224,-10.0754485570224,9.23,0.419545454545455,11.06,141.81895,1.6646803900325,0.63549832
50,WIH1.2020,-89.5284654,43.0544856,177,2020-06-25,50,20.28,25.55,12.76,15.38,28.9,31.02,39.78,13.91,1.79,0.04,0,9.36,11.2,75.25,0.75,0.77,0,1.65,-9.36,0.626197179,15.361,41.847,14.602,67.074143,67.0168,11.245882670951,15.171136761066,41.8471965338822,0.626197179182134,0.138354484596747,13.6189188913648,-13.6189188913648,11.155,0.507045454545455,12.79,171.351955,1.37705064993277,0.685897436
51,WIH1.2020,-89.5284654,43.0544856,178,2020-06-26,51,22.27,26.41,17.41,20.47,33.18,9.38,1.21,4.72,0.67,0.01,18.49,3.11,15.69,89.58,0.76,0.8,0,2.91,15.38,0.309020447,15.356,41.821,0.444,71.27873134,70.8392,3.40131149537375,15.1649777921402,41.8213656360941,0.309020446550009,0.160498338996207,4.20280981974036,14.2871901802596,13.91,0.632272727272727,9,213.60196,1.1039539899353,0.21194432
52,WIH1.2020,-89.5284654,43.0544856,179,2020-06-27,52,23.79,27.78,19.42,19.52,31.54,28.52,29.68,12.93,1.67,0.04,0.24,10.28,14.59,78.49,0.76,0.78,0,1.77,-10.04,0.723984449,15.35,41.792,10.901,72.83187329,72.0172,10.3441195191794,15.1577112432961,41.7916598756682,0.723984448859758,0.175509526130567,12.9206104735843,-12.6806104735843,15.6,0.709090909090909,8.36,239.46,0.983974358974359,0.543505675
53,WIH1.2020,-89.5284654,43.0544856,180,2020-06-28,53,23.21,27.91,18.3,20.35,32.98,24.39,17.66,11.17,1.45,0.03,0.24,8,15.44,84.73,0.75,0.77,0,2.68,-7.76,0.542263579,15.342,41.758,6.488,72.45288467,71.736,8.84840557268434,15.1493428902135,41.7580851213418,0.542263578809596,0.170994975522345,11.0150362167603,-10.7750362167603,15.105,0.686590909090909,9.61,231.74091,1.01569016881827,0.481258078
54,WIH1.2020,-89.5284654,43.0544856,181,2020-06-29,54,24.69,28.15,21.4,23.26,35.18,11.33,4.38,5.59,0.77,0.02,17.76,2.74,18.4,91.9,0.76,0.8,0,2.71,15.02,0.326986423,15.334,41.721,1.61,75.6204089,74.2636,4.11150934645856,15.1398793517772,41.7206477235389,0.326986422996203,0.186630000881967,5.16948324433965,12.5905167556604,16.775,0.7625,6.75,257.22785,0.914098360655738,0.226407452
55,WIH1.2020,-89.5284654,43.0544856,182,2020-06-30,55,25.01,29.62,20.56,21.98,33.18,26.41,22.17,12.16,1.57,0.04,0.12,9.63,16.96,84.38,0.77,0.78,0,2.45,-9.51,0.645285724,15.324,41.679,8.151,75.38416362,74.1228,9.58665408906713,15.1293280713325,41.6793545121822,0.645285724126902,0.189710159443726,12.0720035235586,-11.9520035235586,17.09,0.776818181818182,9.06,261.88716,0.896664716208309,0.486205518
56,WIH1.2020,-89.5284654,43.0544856,183,2020-07-01,56,23.82,28.63,18.85,19.67,32.9,26.38,21.63,12.06,1.57,0.04,0.02,11.05,14.7,78.87,0.75,0.77,0,2.43,-11.03,0.757902976,15.314,41.634,7.956,72.91475566,72.1012,9.57877735384006,15.1176972957861,41.6342127947008,0.757902976479999,0.176804455532272,11.9615143351227,-11.9415143351227,15.74,0.715454545454546,9.78,241.04236,0.972935196950445,0.506297229
57,WIH1.2020,-89.5284654,43.0544856,184,2020-07-02,57,24.15,29.22,17.22,18.5,32.14,26.75,25.35,12.07,1.54,0.04,0.02,10.28,13.62,72.3,0.74,0.76,0,1.29,-10.26,0.881092505,15.302,41.585,9.328,72.8084455,72.01,9.71639788854022,15.104996052673,41.5852303543024,0.881092505344471,0.172034973950525,12.0897414582448,-12.0697414582448,15.22,0.691818181818182,12,232.89644,1.0053876478318,0.499792961
58,WIH1.2020,-89.5284654,43.0544856,185,2020-07-03,58,25.22,29.78,19.07,20.11,33.75,26.42,25.4,12.2,1.58,0.04,0.09,10.72,15.19,73.78,0.73,0.75,0,1.38,-10.63,0.84413341,15.289,41.532,9.35,74.59890284,73.6596,9.59998115410775,15.0912341253198,41.5324154485807,0.844133409893199,0.183257129615147,12.0296231032899,-11.93962310329,16.425,0.746590909090909,10.71,251.121825,0.930837138508371,0.483743061
59,WIH1.2020,-89.5284654,43.0544856,186,2020-07-04,59,24.97,29.5,19.86,20.42,33.04,27.97,31.77,12.85,1.66,0.04,0,11.42,15.33,77,0.72,0.74,0,1.68,-11.42,0.820692382,15.275,41.476,11.7,74.549331,73.5212,10.1670795949346,15.0764220262459,41.475776808533,0.820692381544874,0.185709376878921,12.7546230976223,-12.7546230976223,16.68,0.758181818181818,9.64,254.787,0.915767386091127,0.514617541
60,WIH1.2020,-89.5284654,43.0544856,187,2020-07-05,60,25.57,29.96,19.48,20.86,33.74,26.84,27.83,12.45,1.61,0.04,0.25,11.52,15.8,76.32,0.71,0.73,0,1.26,-11.27,0.782977591,15.26,41.415,10.254,75.41781376,74.2796,9.76029375839625,15.0605709689487,41.4153236380668,0.782977590966639,0.186096540525051,12.2422077928458,-11.9922077928458,16.72,0.76,10.48,255.1472,0.912679425837321,0.486898709
61,WIH1.2020,-89.5284654,43.0544856,188,2020-07-06,61,25.96,30.02,21.1,21.75,34.59,23.66,22.17,11.1,1.44,0.04,0.7,10.51,16.69,78.24,0.7,0.72,0,1.72,-9.81,0.77119325,15.245,41.351,8.173,76.24727296,74.99,8.60760822645582,15.0436928382259,41.3510656140747,0.771193249635067,0.194385498961761,10.8438879784474,-10.1438879784474,17.56,0.798181818181818,8.92,267.7022,0.868166287015945,0.427580894
62,WIH1.2020,-89.5284654,43.0544856,189,2020-07-07,62,25.37,29.21,21.62,22.37,34.53,22.4,20.15,10.54,1.41,0.04,20.42,6.13,17.34,83.91,0.71,0.76,0,1.49,14.29,0.61476016,15.228,41.283,7.433,75.92565733,74.6232,8.15293991467927,15.025800159194,41.2830128871602,0.614760159754519,0.192932871396923,10.2580257567097,10.1619742432903,17.415,0.791590909090909,7.59,265.19562,0.874418604651163,0.41545132
63,WIH1.2020,-89.5284654,43.0544856,190,2020-07-08,63,25.57,30.07,20.69,22.92,34.35,26.56,24.48,12.26,1.58,0.04,0.64,8.53,17.98,85.99,0.72,0.74,0,1.79,-7.89,0.554195672,15.21,41.211,9.035,76.48289657,75.0212,9.67173138391195,15.0069060651649,41.2111760830939,0.554195672357896,0.192583610094516,12.1606795965738,-11.5206795965738,17.38,0.79,9.38,264.3498,0.875143843498274,0.479468127
64,WIH1.2020,-89.5284654,43.0544856,191,2020-07-09,64,25.23,29.35,21.5,22.54,35.04,13.79,4.26,6.59,0.89,0.02,10.81,6.36,17.6,85.63,0.71,0.75,0,1.89,4.45,0.593683145,15.191,41.136,1.573,75.87961451,74.5444,5.0241453606169,14.9870242645418,41.1355663050828,0.593683145050177,0.193032758255075,6.31545393944774,4.49454606055226,17.425,0.792045454545455,7.85,264.703175,0.871793400286944,0.261196988
65,WIH1.2020,-89.5284654,43.0544856,192,2020-07-10,65,22.63,26.24,19.17,19.43,32.62,27.35,30.51,12.55,1.65,0.04,59.72,8.98,14.48,83.07,0.78,0.84,0,4.2,50.74,0.558060102,15.171,41.056,11.274,71.36204359,70.8248,9.96986498562732,14.9661690069013,41.0561951369289,0.558060101593115,0.167418807493539,12.319861349423,47.400138650577,14.705,0.668409090909091,7.07,223.089555,1.03168990139408,0.554573575
66,WIH1.2020,-89.5284654,43.0544856,193,2020-07-11,66,22.04,26.86,17.47,19.04,32.6,24.02,18.87,11.16,1.48,0.03,2.19,6.55,14.14,83.76,0.77,0.79,0,2.03,-4.36,0.563280617,15.15,40.973,6.977,70.45081696,70.0944,8.760958540564,14.9443550484244,40.9730746471544,0.563280616579389,0.162691285363454,10.7810815090842,-8.59108150908423,14.165,0.643863636363636,9.39,214.59975,1.06953759265796,0.506352087
67,WIH1.2020,-89.5284654,43.0544856,194,2020-07-12,67,21.49,24.62,18.16,17.43,31.24,26.7,27.16,12.16,1.57,0.03,0.03,9.69,12.74,78.54,0.76,0.77,0,2.33,-9.66,0.59962576,15.128,40.886,10.049,69.18514354,68.9648,9.7442776994679,14.9215976168378,40.8862173941662,0.599625759599813,0.156103737566866,11.9201269739719,-11.8901269739719,13.39,0.608636363636364,6.46,202.56392,1.12979835698282,0.565844579
68,WIH1.2020,-89.5284654,43.0544856,195,2020-07-13,68,21.52,26.08,15.52,17.63,31.73,25.47,26.86,11.63,1.52,0.03,0,10.52,12.89,79.7,0.74,0.76,0,1.42,-10.52,0.553849759,15.105,40.796,9.945,69.3140256,69.0668,9.30123565653821,14.8979123760255,40.7956364325247,0.553849759263123,0.151241116883623,11.3231019109092,-11.3231019109092,12.8,0.581818181818182,10.56,193.344,1.180078125,0.540427509
69,WIH1.2020,-89.5284654,43.0544856,196,2020-07-14,69,22.38,26.23,17.49,19.04,34.27,20.32,9.12,9.47,1.26,0.03,2.45,7.81,14.12,81.94,0.73,0.75,0,3.73,-5.36,0.500170286,15.082,40.701,3.379,70.86517028,70.4344,7.42544911857969,14.8733153904649,40.701345320383,0.50017028560454,0.160071290678179,9.10147612563095,-6.65147612563095,13.86,0.63,8.74,209.03652,1.08816738816739,0.423145666
70,WIH1.2020,-89.5284654,43.0544856,197,2020-07-15,70,21.06,23.73,17.9,19.63,34.56,7.73,0.61,3.99,0.57,0.01,26.64,1.59,14.66,91.75,0.76,0.82,0,2.39,25.05,0.208208691,15.057,40.603,0.226,69.3676745,69.3268,2.82670394208948,14.8478230896391,40.6033581281491,0.208208691012805,0.151363136880067,3.43687160801133,23.2031283919887,12.815,0.5825,5.83,192.955455,1.17495122902848,0.189458689
71,WIH1.2020,-89.5284654,43.0544856,198,2020-07-16,71,21.54,27.05,16.33,17.91,31.16,26.44,28.79,11.9,1.57,0.04,0.06,10.18,13.09,81.36,0.77,0.78,0,1.3,-10.12,0.66403041,15.032,40.502,10.685,69.46261456,69.1876,9.67562593970664,14.8214522325683,40.5016894484232,0.664030409662675,0.158626498635524,11.8288005883382,-11.7688005883382,13.69,0.622272727272727,10.72,205.78808,1.09802775748722,0.552460539
72,WIH1.2020,-89.5284654,43.0544856,199,2020-07-17,72,22.88,28.07,16.07,19.83,32.3,25.96,23.19,11.89,1.54,0.04,0,9.01,14.84,83.79,0.75,0.77,0,2.38,-9.01,0.497094597,15.005,40.396,8.614,71.83027048,71.2188,9.50724275811739,14.7942198725993,40.3963544072508,0.497094596837175,0.161871366464303,11.64434125478,-11.64434125478,14.07,0.639545454545455,12,211.12035,1.06645344705046,0.519667832
73,WIH1.2020,-89.5284654,43.0544856,200,2020-07-18,73,26.34,30.13,22.2,24.15,35.95,15.5,11.84,7.53,1,0.02,2.9,8.74,19.41,88.16,0.74,0.77,0,4.33,-5.84,0.464666367,14.978,40.287,4.402,78.01765056,76.234,5.68106652327147,14.7661433225835,40.2873686767261,0.464666366759877,0.20054624364244,7.12773335358858,-4.22773335358858,18.165,0.825681818181818,7.93,272.07537,0.824552711257914,0.285876993
74,WIH1.2020,-89.5284654,43.0544856,201,2020-07-19,74,24.05,26.49,19.26,19.9,32.34,27.78,33.22,12.69,1.65,0.04,1.41,10.51,15.06,78.56,0.74,0.76,0,4.02,-9.1,0.522804269,14.95,40.175,12.362,73.2511632,72.414,10.1904939283372,14.7372401205667,40.174748488972,0.522804268760829,0.168930887383515,12.5274342936577,-11.1174342936577,14.875,0.676136363636364,7.23,222.38125,1.00504201680672,0.527650728
75,WIH1.2020,-89.5284654,43.0544856,202,2020-07-20,75,21,24.73,15.93,17.37,31.79,21.08,14.25,9.82,1.28,0.03,0.04,7.73,12.64,80.81,0.73,0.75,0,1.84,-7.69,0.480030527,14.922,40.059,5.308,68.554569,68.4532,7.73954610681976,14.707527996106,40.058510651513,0.480030526935645,0.147459726661774,9.33907279173176,-9.29907279173176,12.33,0.560454545454545,8.8,183.98826,1.21021897810219,0.467619048
76,WIH1.2020,-89.5284654,43.0544856,203,2020-07-21,76,21.66,26.2,16.37,19.44,33.37,17.39,8.51,8.31,1.12,0.03,0.29,7.24,14.52,87.84,0.72,0.74,0,2.73,-6.95,0.373092678,14.892,39.939,3.173,70.11936256,69.8584,6.39063457884504,14.6770248373191,39.9386725640486,0.373092677862153,0.155228819925913,7.75795546473802,-7.46795546473802,13.285,0.603863636363636,9.83,197.84022,1.1209634926609,0.38365651
77,WIH1.2020,-89.5284654,43.0544856,204,2020-07-22,77,21.53,25.52,15.73,18.2,32.33,25.61,26.31,11.68,1.55,0.04,0.06,10.67,13.41,82.57,0.71,0.73,0,2.53,-10.61,0.437096049,14.862,39.815,9.821,69.53133779,69.282,9.42045075896617,14.6457486587649,39.8152522366277,0.437096048615836,0.149823684295811,11.3707948715022,-11.3107948715022,12.625,0.573863636363636,9.79,187.63275,1.17718811881188,0.542498839
78,WIH1.2020,-89.5284654,43.0544856,205,2020-07-23,78,20.36,25.61,14.24,17.3,32.47,21.33,18.53,9.81,1.31,0.03,0.02,9.99,12.57,82.75,0.7,0.72,0,1.68,-9.97,0.479303135,14.831,39.688,6.924,67.637771,67.788,7.85397320298217,14.6137175702437,39.6882683092096,0.479303135360709,0.144265738591324,9.42100322661,-9.40100322661,11.925,0.542045454545455,11.37,176.859675,1.24368972746331,0.481827112
79,WIH1.2020,-89.5284654,43.0544856,206,2020-07-24,79,22.08,27.18,15.75,18.49,31.97,27.07,30.76,12.5,1.61,0.04,0,10.48,13.59,81.41,0.69,0.71,0,1.14,-10.48,0.567846723,14.799,39.558,11.508,70.33874472,69.9364,9.97797925048351,14.5809497465968,39.5577400725953,0.567846722555569,0.156731226986378,12.0916811978666,-12.0916811978666,13.465,0.612045454545455,11.43,199.268535,1.09907166728556,0.566123188
80,WIH1.2020,-89.5284654,43.0544856,207,2020-07-25,80,24.99,30.01,18.57,22.05,35.01,23.5,16.14,10.96,1.44,0.04,0,11.2,17.07,84.42,0.68,0.7,0,3.02,-11.2,0.540298756,14.767,39.424,6.046,75.35543242,74.128,8.67157314868682,14.5474633985757,39.4236874906947,0.540298756046131,0.181969968624266,10.6914373817916,-10.6914373817916,16.29,0.740454545454545,11.44,240.55443,0.906507059545734,0.43857543
81,WIH1.2020,-89.5284654,43.0544856,208,2020-07-26,81,26.07,29.07,23.39,24.19,36.9,19.29,12.84,9.24,1.24,0.03,20.31,5.63,19.37,89.69,0.69,0.75,0,3.31,14.68,0.431022143,14.734,39.286,4.816,77.73939117,75.9784,7.12620712920571,14.5132767448444,39.2861312240939,0.431022142563036,0.201217808502424,8.87370307998757,11.4362969200124,18.23,0.828636363636364,5.68,268.60082,0.808228195282501,0.35443038
82,WIH1.2020,-89.5284654,43.0544856,209,2020-07-27,82,22.73,25.85,18.81,18.75,31.61,26.16,29.64,11.96,1.57,0.04,1.63,9.92,13.91,79.56,0.71,0.73,0,2.92,-8.29,0.588241502,14.7,39.145,11.131,71.23736812,70.68,9.67567394031543,14.4784079851667,39.1450926548703,0.588241502177114,0.164123691285682,11.7546139067804,-10.1246139067804,14.33,0.651363636363636,7.04,210.651,1.0258199581298,0.526176859
83,WIH1.2020,-89.5284654,43.0544856,210,2020-07-28,83,22.46,26.78,15.87,18.66,33.38,21.94,20.11,10.24,1.38,0.03,0.18,8.56,13.82,80.12,0.69,0.72,0,2.99,-8.38,0.510181878,14.666,39.001,7.562,70.85044248,70.3776,8.12491943686175,14.4428752748238,39.0005939125999,0.510181878159726,0.155561631936464,9.79055198896777,-9.61055198896777,13.325,0.605681818181818,10.91,195.42445,1.10063789868668,0.455921638
84,WIH1.2020,-89.5284654,43.0544856,211,2020-07-29,84,23.42,27.52,18.18,18.7,32.05,25.31,25.12,11.45,1.49,0.03,0.09,10.52,13.81,76.43,0.68,0.71,0,1.4,-10.43,0.724888691,14.631,38.853,9.46,72.06161694,71.352,9.38503343604206,14.4066967002988,38.8526579014875,0.72488869125911,0.16870780251209,11.4117309211927,-11.3217309211927,14.85,0.675,9.34,217.27035,0.985252525252525,0.488898377
85,WIH1.2020,-89.5284654,43.0544856,212,2020-07-30,85,21.4,25.14,16.82,18.12,31.99,21.67,21.3,9.83,1.3,0.03,0.03,7.86,13.31,82.29,0.67,0.69,0,2.73,-7.83,0.475383721,14.595,38.701,8.033,69.3004894,69.1232,8.04612389869549,14.3698902562575,38.7013083285465,0.475383721449707,0.152710859542852,9.64630395227229,-9.61630395227229,12.98,0.59,8.32,189.4431,1.12442218798151,0.459345794
86,WIH1.2020,-89.5284654,43.0544856,213,2020-07-31,86,20.39,23.94,15.27,15.69,31.24,23.55,19.79,10.8,1.42,0.03,0,6.54,11.37,75.63,0.67,0.68,0,1.94,-6.54,0.571589707,14.559,38.547,7.475,67.26755743,67.2384,8.75641492593984,14.3324738238452,38.5465697327412,0.571589707278968,0.141783673594456,10.3759477687143,-10.3759477687143,11.605,0.5275,8.67,168.957195,1.25454545454545,0.529671408
87,WIH1.2020,-89.5284654,43.0544856,214,2020-08-01,87,20.45,24.03,16.49,15.71,32.02,21.13,11.14,9.73,1.3,0.03,0.02,3.92,11.41,74.87,0.66,0.68,0,1.08,-3.9,0.647738903,14.522,38.388,4.214,67.31589585,67.3056,7.86804132017332,14.2944651503158,38.3884675150028,0.647738903487376,0.146903442875822,9.35632759705721,-9.33632759705721,12.26,0.557272727272727,7.54,178.03972,1.18450244698206,0.475794621
88,WIH1.2020,-89.5284654,43.0544856,215,2020-08-02,88,20.09,24.83,13.95,17.02,33.24,12.01,4.96,5.85,0.83,0.02,4.31,6.78,12.47,83.45,0.66,0.68,0,2.94,-2.47,0.424432918,14.485,38.227,1.879,67.23700395,67.4172,4.47885043318164,14.2558818299986,38.2270279690182,0.424432917918731,0.140136415698668,5.28263648959338,-0.97263648959338,11.39,0.517727272727273,10.88,164.98415,1.27172958735733,0.291189647
89,WIH1.2020,-89.5284654,43.0544856,216,2020-08-03,89,15.53,18.87,12.5,12.51,31.37,13.59,3.23,6.37,0.9,0.02,1.71,3.52,9.2,82.95,0.66,0.68,0,3.25,-1.81,0.36411275,14.447,38.062,1.226,59.77076365,61.2336,5.0760365025386,14.216741286606,38.0622783126857,0.364112750451786,0.114192936549378,5.78774656391099,-4.07774656391099,7.685,0.349318181818182,6.37,111.025195,1.87989590110605,0.410173857
90,WIH1.2020,-89.5284654,43.0544856,217,2020-08-04,90,16.38,20.92,10.68,11.13,28.32,23.58,26.55,10.48,1.35,0.03,0,7.3,8.4,72.86,0.66,0.67,0,2.45,-7.3,0.555811742,14.409,37.894,10.096,60.96394332,61.5868,8.82179015501011,14.1770607568759,37.8942467201262,0.555811742238082,0.114931987351031,10.053406236263,-10.053406236263,7.8,0.354545454545455,10.24,112.3902,1.84730769230769,0.63980464
91,WIH1.2020,-89.5284654,43.0544856,218,2020-08-05,91,18.66,23.8,12.31,12.76,30.15,20.24,13.21,9.11,1.2,0.03,0,6.13,9.37,70.04,0.65,0.66,0,1.58,-6.13,0.715446698,14.37,37.723,5.032,64.33764936,64.4536,7.58503503968862,14.1368572755403,37.7229623541307,0.715446697629722,0.130266401571438,8.80628761720005,-8.80628761720005,10.055,0.457045454545455,11.49,144.49035,1.42913973147688,0.488210075
92,WIH1.2020,-89.5284654,43.0544856,219,2020-08-06,92,20.06,25.1,14.69,14.01,30.72,23.54,26.55,10.72,1.38,0.03,0,8.69,10.18,69.63,0.64,0.65,0,1.06,-8.69,0.829481795,14.331,37.548,10.133,66.41961022,66.3036,8.83720282043114,14.0961476616049,37.5484553989211,0.829481795021106,0.144031494027946,10.3947318922619,-10.3947318922619,11.895,0.540681818181818,10.41,170.467245,1.20479192938209,0.53439681
93,WIH1.2020,-89.5284654,43.0544856,220,2020-08-07,93,20.81,25.91,14.05,16.72,31.73,24.52,27.4,11.24,1.45,0.03,0.02,7.74,12.11,78.56,0.64,0.64,0,2.55,-7.72,0.570067749,14.291,37.371,10.478,68.10687264,68.0292,9.22184521192953,14.05494850592,37.3707570930971,0.570067749026995,0.144696024206209,10.834495357509,-10.814495357509,11.98,0.544545454545455,11.86,171.20618,1.19290484140234,0.54012494
94,WIH1.2020,-89.5284654,43.0544856,221,2020-08-08,94,22.64,28.73,18.45,19.75,34.67,20.2,19.19,9.45,1.23,0.03,0.35,3.6,14.86,83.98,0.63,0.63,0,3.52,-3.25,0.73099548,14.251,37.19,7.354,71.45220128,70.95,7.61142622698938,14.0132761600215,37.1898997626362,0.73099547984937,0.175417338090832,9.15077298450836,-8.80077298450836,15.59,0.708636363636364,10.28,222.17309,0.914111610006414,0.417402827
95,WIH1.2020,-89.5284654,43.0544856,222,2020-08-09,95,23.8,27,20.57,22.05,34.84,10.47,2.58,5.09,0.69,0.02,8.01,2.54,17,90.12,0.63,0.66,0,2.99,5.47,0.341694666,14.211,37.006,0.991,73.9249144,72.938,3.95282480910571,13.9711467262132,37.0059168538123,0.341694665887743,0.177222390133058,4.74874555286227,3.26125444713773,15.785,0.7175,6.43,224.320635,0.900285080772886,0.213865546
96,WIH1.2020,-89.5284654,43.0544856,223,2020-08-10,96,23.18,27.57,17.79,21.83,33.66,9.86,6.53,4.72,0.63,0.01,25.47,1.47,16.95,92.18,0.66,0.73,0,2.63,24,0.24493798,14.17,36.819,2.513,73.04771076,72.2388,3.73004007673451,13.9285760488624,36.8188429658952,0.244937979819816,0.167197409376467,4.44072860608982,21.0292713939102,14.68,0.667272727272727,9.78,208.0156,0.965258855585831,0.203623814
97,WIH1.2020,-89.5284654,43.0544856,224,2020-08-11,97,20.68,26.1,13.55,13.93,26.95,28.11,41.55,12.38,1.58,0.04,0.22,10.07,10.15,68.17,0.67,0.69,0,1.42,-9.85,0.875552506,14.128,36.629,16.026,67.25907044,66.8948,10.6562203303632,13.8855797068766,36.6287138834898,0.875552505833818,0.1434861746437,12.4060909408774,-12.1860909408774,11.825,0.5375,12.55,167.0636,1.19475687103594,0.598646035
98,WIH1.2020,-89.5284654,43.0544856,225,2020-08-12,98,21.33,26.74,16.37,15.52,29.52,25.97,33.83,11.81,1.52,0.03,0,9.69,11.26,70.51,0.66,0.67,0,1.64,-9.69,0.923198231,14.086,36.436,13.079,68.38375517,68.1172,9.86621772248238,13.8421730073254,36.4355666083754,0.923198231150725,0.157487026470006,11.6076343672661,-11.6076343672661,13.555,0.616136363636364,10.37,190.93573,1.03917373662855,0.553680263
99,WIH1.2020,-89.5284654,43.0544856,226,2020-08-13,99,21.15,27.1,15.93,17.31,31.59,23.62,24.62,10.74,1.35,0.03,0.41,5.49,12.63,79.65,0.65,0.66,0,1.72,-5.08,0.722092256,14.044,36.239,9.541,68.71906525,68.5816,8.99344824399571,13.798370980173,36.2394393907006,0.722092256460079,0.157150736274851,10.5543221547157,-10.1443221547157,13.515,0.614318181818182,11.17,189.80466,1.03914169441361,0.507801418
100,WIH1.2020,-89.5284654,43.0544856,227,2020-08-14,100,22.82,28.64,16.33,18.6,31.41,25.16,32.12,11.48,1.44,0.03,0.35,8.77,13.72,78.76,0.64,0.65,0,1.61,-8.42,0.746853615,14.002,36.04,12.479,71.31482168,70.716,9.60188151782046,13.754188374082,36.0403717593939,0.746853615128382,0.165478970672526,11.3169516708904,-10.9669516708904,14.485,0.658409090909091,12.31,202.81897,0.966655160510873,0.503067485
101,WIH1.2020,-89.5284654,43.0544856,228,2020-08-15,101,20.58,24.95,16.32,16.61,32.86,15.91,11.34,7.3,0.98,0.02,2.8,5.9,12.12,79.3,0.64,0.65,0,2.62,-3.1,0.616697141,13.959,35.838,4.417,67.7866406,67.7596,6.08621866994353,13.7096396532504,35.8384045516454,0.616697140984908,0.149904376710518,7.06453037743515,-4.26453037743515,12.635,0.574318181818182,8.63,176.371965,1.10478828650574,0.354713314
102,WIH1.2020,-89.5284654,43.0544856,229,2020-08-16,102,20.37,26.32,13.71,15.69,30.26,25.06,32.75,11.45,1.46,0.03,0.01,7.98,11.37,76.42,0.63,0.63,0,2.24,-7.97,0.714542576,13.916,35.634,12.79,67.28272646,67.2184,9.60999034575362,13.6647389952409,35.6335799413212,0.714542575649168,0.144970407287216,11.0760465809893,-11.0660465809893,12.015,0.546136363636364,12.61,167.20074,1.15821889305035,0.562101129
103,WIH1.2020,-89.5284654,43.0544856,230,2020-08-17,103,20.97,25.51,17.01,16.23,31.43,21.1,22.62,9.72,1.27,0.03,0.04,6.06,11.75,75.45,0.62,0.62,0,2.04,-6.02,0.756929349,13.872,35.426,8.857,68.15999635,68.0128,8.11189326862149,13.6195002897625,35.4259414661683,0.756929348879329,0.155021118158201,9.41137838520889,-9.37137838520889,13.26,0.602727272727273,8.5,183.94272,1.04615384615385,0.463519313
104,WIH1.2020,-89.5284654,43.0544856,231,2020-08-18,104,19.67,24.25,15.34,13.63,28.54,24.53,31.76,11.01,1.41,0.03,0,6.98,9.96,70.74,0.62,0.62,0,2.06,-6.98,0.825361225,13.828,35.216,12.471,65.89229242,65.7768,9.45516480018577,13.5739371383636,35.2155340536759,0.825361224755252,0.143253001740864,10.8235979648665,-10.8235979648665,11.795,0.536136363636364,8.91,163.10126,1.17236116998728,0.559735638
105,WIH1.2020,-89.5284654,43.0544856,232,2020-08-19,105,19.9,26.22,12.69,14.2,30.54,24.93,35.52,11.47,1.47,0.03,0,6.95,10.35,71.4,0.61,0.61,0,1.61,-6.95,0.817037712,13.784,35.002,13.988,66.275314,66.212,9.63518410155588,13.5280628549946,35.0024040454563,0.817037712336468,0.140632706378143,10.9711296095359,-10.9711296095359,11.455,0.520681818181818,13.53,157.89572,1.20331732867743,0.57638191
106,WIH1.2020,-89.5284654,43.0544856,233,2020-08-20,106,21.08,26.85,15.22,15.2,30.57,23.71,24.29,10.74,1.39,0.03,0.01,6.77,11.04,70.93,0.6,0.6,0,2.63,-6.76,0.904409378,13.74,34.787,9.594,68.03433356,67.752,9.18904492388956,13.4818904674003,34.7865992200152,0.904409377759498,0.153162348647105,10.5585744187271,-10.5485744187271,13.035,0.5925,11.63,179.1009,1.05408515535098,0.509487666
107,WIH1.2020,-89.5284654,43.0544856,234,2020-08-21,107,21.44,27.58,14.71,15.56,29.83,24.19,30.47,10.88,1.39,0.03,0,6.25,11.37,70.42,0.6,0.59,0,2.45,-6.25,0.913278598,13.695,34.568,12.071,68.54340752,68.2416,9.40180312213364,13.4354327193004,34.5681688137839,0.913278598057654,0.154068712638655,10.7808114874165,-10.7808114874165,13.145,0.5975,12.87,180.020775,1.0418410041841,0.507462687
108,WIH1.2020,-89.5284654,43.0544856,235,2020-08-22,108,22.43,28.6,16.6,16.64,32.65,16.12,8.59,7.51,1,0.02,0.07,5.41,12.19,71.25,0.59,0.58,0,2.27,-5.34,1.007586364,13.651,34.347,3.414,70.10111125,69.6204,6.28365941102309,13.3887020733189,34.3471635402913,1.00758636382766,0.166490595460599,7.25627860468369,-7.18627860468369,14.6,0.663636363636364,12,199.3046,0.935,0.334819438
109,WIH1.2020,-89.5284654,43.0544856,236,2020-08-23,109,23.98,29.65,17.76,19.27,33.57,22.78,27.52,10.54,1.34,0.03,0.67,5.17,14.4,76.13,0.59,0.58,0,1.49,-4.5,0.861126873,13.605,34.124,10.972,72.91062426,72.1172,8.90655889003763,13.3417107146221,34.1236356073549,0.861126873485672,0.176479970218871,10.3269220402414,-9.6569220402414,15.705,0.713863636363636,11.89,213.666525,0.866284622731614,0.439532944
110,WIH1.2020,-89.5284654,43.0544856,237,2020-08-24,110,25.7,31.8,20.16,21.41,34.87,16.11,10.73,7.22,0.89,0.02,1.52,4.61,16.34,79.37,0.58,0.57,0,1.89,-3.09,0.9810572,13.56,33.898,4.292,75.9611991,74.6076,6.31825485948606,13.2944705552269,33.8976387321809,0.981057200201411,0.198645182058057,7.40077323169039,-5.88077323169039,17.98,0.817272727272727,11.64,243.8088,0.754171301446051,0.280933852
111,WIH1.2020,-89.5284654,43.0544856,238,2020-08-25,111,25.42,30.88,21.05,20.88,35.2,18.53,15.67,8.56,1.08,0.03,8.58,4.79,15.84,77.67,0.59,0.61,0,1.9,3.79,1.009556604,13.515,33.669,6.29,75.32966686,74.1368,7.29053792361747,13.2469932389415,33.6692281542634,1.00955660432664,0.198491709007487,8.51179693640506,0.0682030635949431,17.965,0.816590909090909,9.83,242.796975,0.752296131366546,0.336742722
112,WIH1.2020,-89.5284654,43.0544856,239,2020-08-26,112,25.43,31.45,19.88,19.92,32.54,21.9,23.31,9.72,1.18,0.03,0.03,5.87,14.93,73.13,0.59,0.57,0,3.35,-5.84,1.138208629,13.469,33.438,9.389,74.85169941,73.8012,8.64466989905785,13.1992901469017,33.4384606459815,1.13820862863853,0.195443141041887,10.043136822814,-10.013136822814,17.665,0.802954545454545,11.57,237.929885,0.762468157373337,0.382225718
113,WIH1.2020,-89.5284654,43.0544856,240,2020-08-27,113,25.68,30.67,21.22,21.5,35.27,18.89,15.89,8.83,1.14,0.03,12.15,3.92,16.51,78.54,0.59,0.61,0,2.68,8.23,0.900394379,13.423,33.205,6.423,75.83696128,74.62,7.4815983454025,13.1513724036666,33.2053945208011,0.900394378863028,0.198287233533443,8.67621126643344,3.47378873356656,17.945,0.815681818181818,9.45,240.875735,0.748007801616049,0.343847352
114,WIH1.2020,-89.5284654,43.0544856,241,2020-08-28,114,24.58,29.34,19.92,21.82,35.19,12.43,8.15,5.93,0.79,0.02,9.55,5.15,16.88,85.59,0.61,0.64,0,2.93,4.4,0.590810788,13.377,32.97,3.307,74.79807178,73.6352,4.94003535536408,13.1032508838401,32.9700896389897,0.590810788095848,0.18522637699057,5.66654561687627,3.88345438312373,16.63,0.755909090909091,9.42,222.45951,0.804389657245941,0.241253051
115,WIH1.2020,-89.5284654,43.0544856,242,2020-08-29,115,19.16,23.55,14.34,14.01,28.84,23.83,32.77,10.6,1.35,0.03,0.08,5.42,10.33,74.51,0.6,0.6,0,3.71,-5.34,0.669578083,13.33,32.733,13.345,65.29802484,65.4036,9.50425751908801,13.0549362191829,32.7326074107659,0.669578083104099,0.136778389389875,10.444676153903,-10.364676153903,10.945,0.4975,9.21,145.89685,1.21790772042028,0.553235908
116,WIH1.2020,-89.5284654,43.0544856,243,2020-08-30,116,17.75,23.69,11.15,12.44,28.25,23.21,31.32,10.43,1.33,0.03,0,4.79,9.26,73.82,0.59,0.59,0,1.73,-4.79,0.683550944,13.284,32.493,12.804,63.0932595,63.4284,9.29059626328086,13.006438806185,32.4930107968064,0.683550944488889,0.125782513554759,10.0435044031147,-10.0435044031147,9.42,0.428181818181818,12.54,125.13528,1.41019108280255,0.587605634
117,WIH1.2020,-89.5284654,43.0544856,244,2020-08-31,117,18.62,24.41,13.28,15.5,30.42,8.92,4.64,4.26,0.58,0.01,9.95,2.43,11.36,82.87,0.6,0.62,0,3.27,7.52,0.530743396,13.237,32.251,1.904,64.80788006,65.4,3.58382661659365,12.9577688140659,32.2513643060464,0.530743396031057,0.136033228534172,3.90647678788952,6.04352321211048,10.845,0.492954545454546,11.13,143.555265,1.22056247118488,0.228786251
118,WIH1.2020,-89.5284654,43.0544856,245,2020-09-01,118,16.74,21.57,10.31,13.05,30.67,12.56,6.74,5.78,0.77,0.02,8.46,2.25,9.76,80.47,0.6,0.63,0,1.86,6.21,0.4118746,13.19,32.008,2.777,61.68816122,62.638,5.06553318123989,12.9089361931732,32.0077339907127,0.411874599903699,0.115837179648947,5.36214546191453,3.09785453808547,7.94,0.360909090909091,11.26,104.7286,1.66120906801008,0.345280765
119,WIH1.2020,-89.5284654,43.0544856,246,2020-09-02,119,19.97,25.85,14.81,14.51,28.05,23.77,36.88,10.65,1.35,0.03,1.23,5.74,10.65,73.51,0.61,0.62,0,2.76,-4.51,0.85585826,13.143,31.762,15.261,66.49691753,66.3936,9.62405465128273,12.859950683752,31.7621874385389,0.855858259650963,0.147459726661774,10.5308235417203,-9.30082354172031,12.33,0.560454545454546,11.04,162.05319,1.06593673965937,0.53329995
120,WIH1.2020,-89.5284654,43.0544856,247,2020-09-03,120,17.77,23.01,11.24,11.4,28.13,20.63,27.79,9.26,1.19,0.03,0,4.82,8.71,68.03,0.6,0.6,0,4.48,-4.82,0.724418738,13.096,31.515,11.548,62.93345169,63.074,8.38613307279756,12.8108218250561,31.5147937621198,0.724418737794168,0.123744395544828,8.90387022295132,-8.90387022295132,9.125,0.414772727272727,11.77,119.501,1.43517808219178,0.521102983
121,WIH1.2020,-89.5284654,43.0544856,248,2020-09-04,121,16.5,23.55,8.33,9.32,27.71,22.65,33.87,10.15,1.28,0.03,0,4.61,7.5,65.75,0.59,0.59,0,2.74,-4.61,0.827549138,13.049,31.266,14.136,61.0030125,61.0552,9.24495587823317,12.7615589647771,31.2656235853709,0.827549137566676,0.115837179648947,9.66979257264046,-9.66979257264046,7.94,0.360909090909091,15.22,103.60906,1.64345088161209,0.615151515
122,WIH1.2020,-89.5284654,43.0544856,249,2020-09-05,122,18.05,23.72,11.63,11.39,29.01,21.44,27.6,9.65,1.21,0.02,0.02,3.9,8.53,67.24,0.59,0.58,0,2.22,-3.88,0.804260829,13.002,31.015,11.57,63.3206318,63.3504,8.78772069909267,12.7121712687643,31.0147490270654,0.804260828599328,0.127567144910392,9.29817035472513,-9.27817035472513,9.675,0.439772727272727,12.09,125.79435,1.34387596899225,0.534626039
123,WIH1.2020,-89.5284654,43.0544856,250,2020-09-06,123,19.83,25.58,14.06,17.58,33.13,9.34,3.19,4.52,0.61,0.01,16.74,1.74,13.21,86.98,0.61,0.65,0,4.63,15,0.431736895,12.954,30.762,1.343,66.99981266,67.3588,3.84462582874144,12.6626677310139,30.7622436814316,0.431736895112373,0.143447290205145,4.1219653241884,12.6180346758116,11.82,0.537272727272727,11.52,153.11628,1.09593908629442,0.227937468
124,WIH1.2020,-89.5284654,43.0544856,251,2020-09-07,124,15.65,19.5,11.14,10.02,29.41,12.36,2.43,5.72,0.76,0.02,1.44,3.29,7.9,70.9,0.61,0.61,0,3.25,-1.85,0.56630238,12.907,30.508,1.028,59.8226915,60.4572,5.11001880572521,12.6130571839033,30.5081825958017,0.566302380089363,0.111873926507336,5.24525708740754,-3.80525708740754,7.32,0.332727272727273,8.36,94.47924,1.76325136612022,0.365495208
125,WIH1.2020,-89.5284654,43.0544856,252,2020-09-08,125,11.62,14.36,9.04,10,29.9,4.37,0.09,2.19,0.3,0.01,28.87,0.31,7.78,89.92,0.63,0.71,0,4.66,28.56,0.165783309,12.859,30.253,0.038,53.19785696,56.42,1.81477808330319,12.5633483086499,30.2526422453096,0.165783309115533,0.090958504781319,1.78297052258041,27.0870294774196,3.7,0.168181818181818,5.32,47.5783,3.47540540540541,0.188468158
126,WIH1.2020,-89.5284654,43.0544856,253,2020-09-09,126,10.98,14.08,8.09,9.88,30.07,3.22,0.08,1.73,0.24,0.01,8.4,0.26,7.7,92.99,0.66,0.7,0,3.94,8.14,0.125015443,12.811,29.996,0.034,52.00442898,55.7368,1.3433135143416,12.5135496459738,29.9957005046472,0.125015442826318,0.0877594951040115,1.3039597957879,7.0960402042121,3.085,0.140227272727273,5.99,39.521935,4.15267423014587,0.157559199
127,WIH1.2020,-89.5284654,43.0544856,254,2020-09-10,127,10.61,13.38,8.21,9.44,29.36,5.67,0.05,2.94,0.42,0.01,7.72,0.15,7.44,92.45,0.66,0.7,0,3.18,7.57,0.129169822,12.763,29.737,0.021,51.38460555,55.2084,2.37643235971573,12.4636696069456,29.7374366168937,0.129169822103761,0.0862846177594387,2.28780215078583,5.43219784921417,2.795,0.127045454545455,5.17,35.672585,,0.277097078
128,WIH1.2020,-89.5284654,43.0544856,255,2020-09-11,128,13.82,17.55,10.44,12.15,30.63,6.07,0.61,2.98,0.4,0.01,11.18,1.01,8.98,89.93,0.66,0.71,0,3.42,10.17,0.218970587,12.715,29.478,0.263,56.93825274,59.394,2.5561922459994,12.413716483999,29.4779311594437,0.218970587199378,0.103788726511249,2.54140074306361,8.63859925693639,5.995,0.2725,7.11,76.226425,2.1209341117598,0.215629522
129,WIH1.2020,-89.5284654,43.0544856,256,2020-09-12,129,17.61,22.18,12.93,16.38,32.33,4.84,1.35,2.46,0.34,0.01,16.4,1.78,11.96,92.61,0.7,0.75,0,3.37,14.62,0.219102859,12.667,29.217,0.585,63.46640479,64.7068,2.04811430823329,12.3636984620929,29.2172660070657,0.21910285905942,0.126724662650063,2.09684717597293,14.3031528240271,9.555,0.434318181818182,9.25,121.033185,1.32569335426478,0.139693356
130,WIH1.2020,-89.5284654,43.0544856,257,2020-09-13,130,16.01,20.82,10.42,13.12,29.46,15.09,10.37,6.78,0.87,0.02,0.02,4.37,9.6,83.59,0.69,0.71,0,2.13,-4.35,0.351717056,12.619,28.956,4.519,60.56366141,61.9332,6.41717202914677,12.3136236300042,28.9555242921343,0.351717056440554,0.113777000261165,6.42254255625718,-6.40254255625718,7.62,0.346363636363636,10.4,96.15678,1.65603674540682,0.423485322
131,WIH1.2020,-89.5284654,43.0544856,258,2020-09-14,131,16.79,22.17,10.37,14.8,30.99,12.04,2.59,5.22,0.59,0.01,0.01,3.98,10.64,87.1,0.68,0.71,0,1.73,-3.97,0.281576127,12.571,28.693,1.135,61.9224491,63.318,5.14598050720198,12.263499991737,28.6927903620832,0.281576127375881,0.117994826089279,5.15613092388025,-5.14613092388025,8.27,0.375909090909091,11.8,103.96217,1.52007255139057,0.310899345
132,WIH1.2020,-89.5284654,43.0544856,259,2020-09-15,132,18.25,23.96,13.24,15.48,29.47,15.24,12.88,6.47,0.75,0.01,0.01,4.99,11.18,84.81,0.67,0.7,0,3.9,-4.98,0.490322544,12.523,28.429,5.674,64.27771675,65.0228,6.54719660720868,12.2133354780301,28.4291497341384,0.490322543848078,0.134222101101133,6.66098337449871,-6.65098337449871,10.6,0.481818181818182,10.72,132.7438,1.18141509433962,0.354520548
133,WIH1.2020,-89.5284654,43.0544856,260,2020-09-16,133,17.52,23.65,12.44,14.51,30.25,11.3,4.91,4.78,0.52,0.01,0,4.35,10.57,83.7,0.67,0.69,0,3.47,-4.35,0.530487325,12.474,28.165,2.175,63.0396976,63.9436,4.87999206004224,12.1631379579511,28.1646890473953,0.530487325200321,0.130194753350966,4.91613817709508,-4.91613817709508,10.045,0.456590909090909,11.21,125.30133,1.2418118466899,0.27283105
134,WIH1.2020,-89.5284654,43.0544856,261,2020-09-17,134,14.52,19.27,9.82,10.86,26.52,15.83,14.69,6.72,0.8,0.02,0,4.35,8.24,80.6,0.66,0.68,0,2.29,-4.35,0.423393565,12.426,27.899,6.543,58.1214888,59.6296,6.87279255265881,12.1129152505604,27.8994960123147,0.423393565204988,0.107082363665064,6.66578537111572,-6.66578537111572,6.545,0.2975,9.45,81.32817,1.89854851031322,0.462809917
135,WIH1.2020,-89.5284654,43.0544856,262,2020-09-18,135,10.75,15.71,5.95,5.38,25.3,19.1,28.06,8.39,1.05,0.02,0,3.58,5.68,72.8,0.66,0.68,0,2.16,-3.58,0.462640599,12.378,27.634,12.569,52.34484,53.8868,8.33755284188682,12.062675136631,27.6336593577155,0.462640599063901,0.0864614909279113,7.71009858647294,-7.71009858647294,3.855,0.128636363636364,9.76,47.71719,3.21089494163424,0.780465116
136,WIH1.2020,-89.5284654,43.0544856,263,2020-09-19,136,10.6,17.22,3.93,6.09,24.51,20.1,31.69,8.89,1.1,0.02,0,3.5,5.92,76.11,0.65,0.67,0,1.89,-3.5,0.446120087,12.329,27.367,14.277,51.9892534,53.9924,8.82257385372473,12.0124253704131,27.3672687753549,0.44612008694804,0.085179893199869,8.08763421060135,-8.08763421060135,4.61,0.117045454545455,13.29,56.83669,2.67440347071584,0.838679245
137,WIH1.2020,-89.5284654,43.0544856,264,2020-09-20,137,12.25,18.83,6,6.84,27.08,14.89,12.03,6.33,0.73,0.01,0,3.16,6.25,71.99,0.65,0.66,0,2.71,-3.16,0.563729791,12.281,27.1,5.452,54.65851725,55.9124,6.57247378577403,11.9621736914262,27.1004148621886,0.563729790809161,0.0948020897173666,6.12640863987737,-6.12640863987737,5.415,0.200681818181818,12.83,66.501615,2.2679593721145,0.516734694
138,WIH1.2020,-89.5284654,43.0544856,265,2020-09-21,138,13.78,21.09,6.8,8.96,28.36,14.95,12.42,6.29,0.72,0.01,0.01,3.17,7.34,73.98,0.65,0.66,0,3.01,-3.16,0.599503474,12.232,26.833,5.662,56.97515956,58.2056,6.63668119176121,11.9119278362687,26.8331890604133,0.599503474119219,0.103493624808172,6.25598811249197,-6.24598811249197,6.545,0.270227272727273,14.29,80.05844,1.86890756302521,0.456458636
139,WIH1.2020,-89.5284654,43.0544856,266,2020-09-22,139,16.87,24.56,10.37,13,29.06,16.2,17.45,7.02,0.84,0.02,0.11,3.98,9.6,79.48,0.64,0.65,0,1.86,-3.87,0.674426686,12.184,26.566,8.003,61.87325324,62.75,7.23337185082851,11.8616955504311,26.5656835954,0.674426686438617,0.126095901063749,7.01287338509927,-6.90287338509927,9.465,0.430227272727273,14.19,115.32156,1.28726888536714,0.416123296
140,WIH1.2020,-89.5284654,43.0544856,267,2020-09-23,140,17.41,24.56,11.19,14,28.07,16.81,18.6,7.28,0.88,0.02,0,4.16,10.22,82.51,0.64,0.65,0,1.8,-4.16,0.608916402,12.135,26.298,8.583,62.82451109,63.65,7.55004642825382,11.8114846000976,26.2979914116319,0.608916402409492,0.128981833753517,7.30274297533059,-7.30274297533059,9.875,0.448863636363636,13.37,119.833125,1.22886075949367,0.418150488
141,WIH1.2020,-89.5284654,43.0544856,268,2020-09-24,141,17.23,22.85,11.79,15.35,31.87,6.66,1.69,3.17,0.42,0.01,1.68,2.01,11.2,88.28,0.64,0.65,0,2.45,-0.33,0.339488523,12.087,26.03,0.785,62.69079756,63.956,3.00920692750839,11.7613027839271,26.030206106767,0.339488523095045,0.125088460692903,2.87940782801538,-1.19940782801538,9.32,0.423636363636364,11.06,112.65084,1.29688841201717,0.183981428
142,WIH1.2020,-89.5284654,43.0544856,269,2020-09-25,142,17.98,23.36,12.44,14.09,29.84,17.62,25.49,7.98,0.97,0.02,0.01,3.91,10.31,79.21,0.63,0.64,0,3.77,-3.9,0.549504059,12.038,25.762,11.911,63.63630842,64.2524,8.00975172586704,11.7111579447957,25.7624218639516,0.549504058653811,0.129159601264873,7.65626275286521,-7.64626275286521,9.9,0.45,10.92,119.1762,1.2159595959596,0.443826474
143,WIH1.2020,-89.5284654,43.0544856,270,2020-09-26,143,19.7,24.18,14.99,16.73,33.17,8.52,0.86,4.02,0.52,0.01,0.02,2.14,12.35,83.33,0.63,0.64,0,4.48,-2.12,0.455442051,11.99,25.495,0.404,66.5926599,66.9228,3.89697011189151,11.661057981491,25.4947333825149,0.455442050585867,0.141629752196753,3.75326297895044,-3.73326297895044,11.585,0.526590909090909,9.19,138.90415,1.03495899870522,0.204060914
144,WIH1.2020,-89.5284654,43.0544856,271,2020-09-27,144,15.56,18.95,11.66,13.66,30.58,3.28,0.35,1.68,0.24,0,7.28,0.53,10.13,88.59,0.64,0.66,0,3.26,6.75,0.217307759,11.941,25.227,0.166,59.88198796,61.6776,1.50964282860821,11.6110108603417,25.2272358071821,0.217307759074381,0.111779487024496,1.39174006292945,5.88825993707055,7.305,0.332045454545455,7.29,87.229005,1.63463381245722,0.107969152
145,WIH1.2020,-89.5284654,43.0544856,272,2020-09-28,145,11.56,15.64,7.34,8.89,28.48,8.09,5.83,3.8,0.54,0.01,1.97,1.24,7.31,84.6,0.64,0.66,0,3.01,0.73,0.261627173,11.892,24.96,2.778,53.2477624,55.9604,3.74713929652695,11.5610246267704,24.9600246559448,0.261627172762223,0.0898551701561766,3.2923974954143,-1.3223974954143,3.82,0.158636363636364,8.3,45.42744,3.1130890052356,0.328719723
146,WIH1.2020,-89.5284654,43.0544856,273,2020-09-29,146,10.3,14.39,6.09,7.43,28.06,6.44,3.29,3.12,0.45,0.01,0.07,1.17,6.6,83,0.64,0.65,0,2.58,-1.1,0.258397976,11.844,24.693,1.578,51.23751,54.1748,3.00210359664326,11.5111074167529,24.6931957467349,0.258397975714597,0.0835208774374931,2.5801251652258,-2.5101251652258,3.195,0.101818181818182,8.3,37.84158,3.70704225352113,0.302912621
147,WIH1.2020,-89.5284654,43.0544856,274,2020-09-30,147,11.09,15.63,7.75,7.17,27.04,9.56,9.59,4.42,0.59,0.01,1.07,1.34,6.51,78.38,0.64,0.65,0,4.43,-0.27,0.401571425,11.795,24.427,4.631,52.67997858,54.8712,4.48562704040416,11.4612674681709,24.4268451230492,0.401571424852452,0.0909057045071645,3.90003560043997,-2.83003560043997,3.815,0.167727272727273,7.88,44.997925,3.09174311926605,0.398557259
148,WIH1.2020,-89.5284654,43.0544856,275,2020-10-01,148,9.1,13.3,5.79,6.35,28.09,10.6,10.13,4.81,0.64,0.01,3.1,0.66,6.08,83.84,0.64,0.66,0,3.55,2.44,0.266489008,11.747,24.161,4.925,49.2350256,52.586,5.00648540453128,11.4115131320404,24.1610689786786,0.266489008045381,0.080166783693192,4.20794052158406,-1.10794052158406,2.65,0.0702272727272727,7.51,31.12955,,0.528571429
1,WIH1.2021,-89.5284654,43.0544856,130,2021-05-10,1,7.35,12.18,3.45,1.72,26.65,18.62,11.74,8.38,1.15,0.02,0.1,1.5,4.38,69.7,0.7,0.73,0,2.77,-1.4,0.409165162,14.439,38.7,4.38,47.3581205,49.1692,6.87777982446847,14.2946749908184,38.6995302440651,0.409165161965081,0.0723130301981357,7.21322738867202,-7.11322738867202,2.09,-0.00840909090909093,8.73,30.17751,,
2,WIH1.2021,-89.5284654,43.0544856,131,2021-05-11,2,7.9,14.02,0.24,0.59,22.26,29.21,37.17,12.63,1.63,0.03,0,2.48,4.01,63.43,0.7,0.72,0,2.28,-2.48,0.473570415,14.477,38.853,13.85,48.5893703,49.3124,10.7754641892161,14.3326804673995,38.8528595243002,0.473570415345062,0.0693904069040881,11.1994562445053,-11.1994562445053,3.01,-0.0395454545454546,13.78,43.57577,,
3,WIH1.2021,-89.5284654,43.0544856,132,2021-05-12,3,10.39,17.21,1.11,2.31,23.86,27.1,33.57,11.73,1.53,0.03,0,3.73,4.54,60.96,0.69,0.71,0,1.36,-3.73,0.591334261,14.515,39.003,12.493,52.26902656,52.4216,9.98469369483745,14.3700936060218,39.0026523221782,0.591334260613688,0.0783587546433836,10.7017873331455,-10.7017873331455,4.605,0.0527272727272727,16.1,66.841575,3.15200868621064,
4,WIH1.2021,-89.5284654,43.0544856,133,2021-05-13,4,12.97,19.62,4.98,4.22,25.63,23.66,24.73,10.28,1.34,0.03,0,5.49,5.19,58.45,0.69,0.71,0,1.87,-5.49,0.751501981,14.552,39.149,9.192,55.95250535,55.6892,8.70694456521641,14.4068966586448,39.148885397212,0.75150198081442,0.094174716652242,9.72184666718386,-9.72184666718386,5.81,0.195454545454546,14.64,84.54712,2.50464716006885,0.792598304
5,WIH1.2021,-89.5284654,43.0544856,134,2021-05-14,5,13.6,20.11,5.91,5.35,26.69,24.36,17.75,10.68,1.39,0.03,0,4.88,5.69,60.61,0.68,0.7,0,2.41,-4.88,0.747896489,14.589,39.292,6.591,56.8093004,56.726,8.9544278213319,14.4430717434443,39.2915365102548,0.747896488978715,0.0981052150402088,10.0906174155956,-10.0906174155956,6.055,0.227727272727273,14.2,88.336395,2.4094137076796,0.785294118
6,WIH1.2021,-89.5284654,43.0544856,135,2021-05-15,6,12.81,16.24,9.48,10,31.58,7.61,1.41,3.79,0.54,0.01,1.59,0.92,7.84,83.33,0.68,0.7,0,2.73,0.67,0.288113888,14.625,39.431,0.523,55.32773727,57.61,2.79433222419736,14.4786008651913,39.4305843915014,0.28811388767423,0.0972633970248259,3.14699199672858,-1.55699199672858,4.86,0.220909090909091,6.76,71.0775,3.00925925925926,0.295862607
7,WIH1.2021,-89.5284654,43.0544856,136,2021-05-16,7,15.5,20.13,10.34,12.05,30.48,21.52,7.62,9.73,1.28,0.02,0.19,2.94,8.92,81.23,0.68,0.7,0,1.35,-2.75,0.399485325,14.66,39.566,2.823,59.7038535,61.038,7.8938916800653,14.5134659369616,39.5660087092594,0.399485324873693,0.111339664373734,9.12487826410309,-8.93487826410309,7.235,0.328863636363636,9.79,106.0651,2.02626123013131,0.627741935
8,WIH1.2021,-89.5284654,43.0544856,137,2021-05-17,8,16.48,23.01,10.02,11.05,28.91,24.73,19,10.96,1.4,0.03,0,5.62,8.35,72.51,0.67,0.69,0,2.63,-5.62,0.703266865,14.695,39.698,7.033,61.11002152,61.658,9.0625537226002,14.547648803163,39.6977900395826,0.703266864629069,0.119618693825999,10.614682791681,-10.614682791681,8.515,0.387045454545455,12.99,125.127925,1.72577803875514,0.665048544
9,WIH1.2021,-89.5284654,43.0544856,138,2021-05-18,9,16.56,21.46,10.34,13.83,31.15,13.97,6.45,6.58,0.88,0.02,9.09,2.2,10.09,84.89,0.67,0.71,0,3.95,6.89,0.326121047,14.729,39.826,2.385,61.49153616,62.7388,5.1147206577457,14.5811312638572,39.8259098368561,0.326121047121408,0.115577937779768,5.96183888466289,3.12816111533711,7.9,0.359090909090909,11.12,116.3591,1.86443037974684,0.397342995
10,WIH1.2021,-89.5284654,43.0544856,139,2021-05-19,10,20.41,25.43,16.25,17.68,33.23,8.96,1.62,4.52,0.65,0.01,1.66,4.47,12.87,85.21,0.68,0.71,0,4.15,-2.81,0.525833985,14.762,39.95,0.599,67.86451739,67.9748,3.27758076638556,14.6138951003496,39.950350405409,0.525833985215567,0.151566688503475,3.9844707525805,-2.3244707525805,12.84,0.583636363636364,9.18,189.54408,1.14968847352025,0.221460069
11,WIH1.2021,-89.5284654,43.0544856,140,2021-05-20,11,21.52,26.19,17.82,17.96,33.56,14.07,1.14,6.75,0.92,0.02,0.25,4.38,13.06,80.94,0.67,0.69,0,4.58,-4.13,0.661236657,14.795,40.071,0.421,69.40088512,69.1856,5.14256285315726,14.6459221020078,40.0710948722259,0.661236656975102,0.161312382414761,6.30830293111134,-6.05830293111134,14.005,0.636590909090909,8.37,207.203975,1.0564084255623,0.31366171
12,WIH1.2021,-89.5284654,43.0544856,141,2021-05-21,12,21.05,24.93,18.11,18.91,33.57,10.31,0.43,5.2,0.74,0.02,3,2.76,13.83,88.01,0.67,0.69,0,3.73,0.24,0.431350907,14.827,40.188,0.159,69.10591395,69.0576,3.76533772042583,14.6771940942667,40.1881271608158,0.431350906853282,0.157192739337396,4.6070645517366,-1.6070645517366,13.52,0.614545454545455,6.82,200.46104,1.09667159763314,0.247030879
13,WIH1.2021,-89.5284654,43.0544856,142,2021-05-22,13,22.56,27.67,17.46,19.18,33.8,22.81,19.72,10.69,1.42,0.03,1.02,6.87,14.07,82.68,0.66,0.68,0,2.95,-5.85,0.629212664,14.859,40.301,7.271,71.21644192,70.6648,8.3243314251293,14.7076929677646,40.3014319662915,0.629212663825801,0.166182158497568,10.2653545792956,-9.24535457929559,14.565,0.662045454545455,10.21,216.421335,1.02018537590113,0.473847518
14,WIH1.2021,-89.5284654,43.0544856,143,2021-05-23,14,21.7,26.15,17.78,19.28,35,11.08,1.79,5.62,0.79,0.02,7.28,4.12,14.2,87,0.66,0.7,0,2.51,3.16,0.477397699,14.889,40.411,0.66,70.12621,69.8408,4.04074190538646,14.7374007085495,40.4109947316992,0.477397698808004,0.160969203271293,4.96637875271623,2.31362124728377,13.965,0.634772727272727,8.37,207.924885,1.06616541353383,0.258986175
15,WIH1.2021,-89.5284654,43.0544856,144,2021-05-24,15,22.11,26.55,16.26,18.75,34.2,21.01,10.35,9.88,1.32,0.03,0.35,4.91,13.84,82.32,0.66,0.68,0,3.07,-4.56,0.49712619,14.919,40.517,3.811,70.45628248,70.06,7.65706913087133,14.7662994292841,40.5168016256313,0.497126189998614,0.156229065322506,9.38083528230156,-9.03083528230156,13.405,0.609318181818182,10.29,199.989195,1.11294293174189,0.446856626
16,WIH1.2021,-89.5284654,43.0544856,145,2021-05-25,16,22.26,25.26,20.01,19.84,34.29,17.26,8.86,8.21,1.12,0.03,1.82,3.59,14.83,86.63,0.66,0.68,0,5.02,-1.77,0.463212256,14.948,40.619,3.261,71.03350962,70.6024,6.28651269701405,14.7943714013703,40.6188395211446,0.463212255604738,0.166799515546081,7.77122983251617,-5.95122983251617,14.635,0.665227272727273,5.25,218.76398,1.02138708575333,0.368823001
17,WIH1.2021,-89.5284654,43.0544856,146,2021-05-26,17,18.96,22.83,11.69,13.03,27.3,30.51,39.53,13.6,1.76,0.04,0.08,6.89,9.72,71.14,0.65,0.66,0,3.66,-6.81,0.576683059,14.976,40.717,14.539,64.83784256,64.8508,11.1060717207961,14.8215990879037,40.7170959759953,0.576683058819941,0.124673589969277,13.1838253917477,-13.1038253917477,9.26,0.420909090909091,11.14,138.67776,1.61727861771058,0.717299578
18,WIH1.2021,-89.5284654,43.0544856,147,2021-05-27,18,7.82,11.82,2.93,3.65,28.88,6.02,0.42,3.19,0.48,0.01,14.35,0.42,5.06,76.48,0.66,0.7,0,5.92,13.93,0.276554361,15.003,40.812,0.154,47.61848864,50.334,2.19018219565158,14.8479651773608,40.8115592141958,0.276554361254069,0.0704238972786291,2.31678046439881,12.0332195356012,1.91,-0.0284090909090909,8.89,28.65573,,0.407928389
19,WIH1.2021,-89.5284654,43.0544856,148,2021-05-28,19,7.53,12.06,3.17,2.63,27.24,11.65,5.24,5.56,0.79,0.02,1.25,0.75,4.7,72.96,0.67,0.7,0,5.33,0.5,0.349431736,15.03,40.902,1.926,47.40496912,49.6768,4.23634049716817,14.8734526179121,40.9022181088854,0.349431736124659,0.0714490312518944,4.49970017137245,-3.24970017137245,2.03,-0.0175,8.89,30.5109,,0.738379814
20,WIH1.2021,-89.5284654,43.0544856,149,2021-05-29,20,10.12,18,1.17,1.9,22.86,31.73,42.01,13.68,1.75,0.04,0,4.96,4.44,61.49,0.66,0.68,0,2.39,-4.96,0.663770371,15.055,40.989,15.43,51.86469012,52.004,11.5327097481668,14.898044652247,40.9890621664991,0.663770370891322,0.0803566566117921,12.6028167432639,-12.6028167432639,5,0.0720454545454546,16.83,75.275,3.011,
21,WIH1.2021,-89.5284654,43.0544856,150,2021-05-30,21,12.32,18.73,4.02,3.65,26.89,20.78,10.23,9.26,1.25,0.03,0,4.26,5.14,57.92,0.65,0.67,0,1.67,-4.26,0.694062933,15.08,41.072,3.756,55.06102656,54.834,7.54949423122581,14.9217248527855,41.0720815122123,0.694062932920182,0.0892558113067192,8.44504743461372,-8.44504743461372,5.365,0.153409090909091,14.71,80.9042,2.81081081081081,0.751623377
22,WIH1.2021,-89.5284654,43.0544856,151,2021-05-31,22,15.06,20.66,8.3,8.92,28.36,25.04,16.7,11.09,1.43,0.03,0,3.65,7.28,68.83,0.65,0.66,0,2.53,-3.65,0.623320814,15.104,41.151,6.13,58.91805002,59.4712,9.093516103329,14.944477157148,41.1512668766257,0.623320814141414,0.106688544559157,10.536948032444,-10.536948032444,6.48,0.294545454545455,12.36,97.87392,2.33086419753086,0.736387782
23,WIH1.2021,-89.5284654,43.0544856,152,2021-06-01,23,17.13,23.36,9.41,11.92,27.97,27.71,28.83,12.3,1.58,0.03,0.01,6.17,8.83,73.04,0.64,0.65,0,2.3,-6.16,0.630519631,15.127,41.227,10.578,62.11721448,62.6212,10.0594200343163,14.9662859037435,41.2266095836529,0.630519631187703,0.118754704086099,11.8795007258864,-11.8695007258864,8.385,0.381136363636364,13.95,126.839895,1.80405485986881,0.718038529
24,WIH1.2021,-89.5284654,43.0544856,153,2021-06-02,24,19.29,25.42,11.61,10.92,27.74,28.26,30.83,12.38,1.59,0.03,0,7.53,8.32,61.1,0.63,0.64,0,1.03,-7.53,1.001615867,15.149,41.298,11.309,64.8559281,64.4212,10.2555915120001,14.987135867333,41.2981015395601,1.00161586686404,0.133598542631833,12.3430362288592,-12.3430362288592,10.515,0.477954545454545,13.81,159.291735,1.44070375653828,0.641783307
25,WIH1.2021,-89.5284654,43.0544856,154,2021-06-03,25,21.08,28.14,13.26,14.3,30.61,26.44,23.97,11.85,1.54,0.03,0.06,6.6,10.54,67.54,0.62,0.63,0,2.75,-6.54,1.03711596,15.17,41.366,8.79,67.81163768,67.428,9.59212746792255,15.0070122944161,41.3657352231054,1.03711596013615,0.150429773712647,11.7457648763148,-11.6857648763148,12.7,0.577272727272727,14.88,192.659,1.19448818897638,0.562144213
26,WIH1.2021,-89.5284654,43.0544856,155,2021-06-04,26,23.39,29.53,17.9,15.8,31.1,28.4,33.22,12.95,1.69,0.04,0.09,8.54,11.48,64.81,0.62,0.61,0,4.68,-8.45,1.295298823,15.19,41.43,12.18,70.98553841,70.278,10.3002823779229,15.0259009382876,41.4295036767159,1.29529882323724,0.176572629017341,12.8754509883848,-12.7854509883848,15.715,0.714318181818182,11.63,238.71085,0.966592427616926,0.553655408
27,WIH1.2021,-89.5284654,43.0544856,156,2021-06-05,27,24.46,31.11,17.09,18.97,31.52,29.33,34.5,13.34,1.72,0.04,0,7.57,14.12,73.56,0.61,0.6,0,4.32,-7.57,1.041487945,15.209,41.489,12.647,73.40636824,72.4892,10.6348681707244,15.0437880936037,41.4894004986374,1.04148794465517,0.180171325109538,13.3285205211794,-13.3285205211794,16.1,0.731818181818182,14.02,244.8649,0.944658385093168,0.545380213
28,WIH1.2021,-89.5284654,43.0544856,157,2021-06-06,28,24.56,29.36,18.82,19.41,32.33,27.17,25.17,12.28,1.58,0.04,0.01,6.38,14.46,74.99,0.6,0.59,0,4.05,-6.37,0.877043154,15.227,41.545,9.225,73.70339856,72.7476,9.84941663703437,15.0606606302958,41.5454198359859,0.877043154014089,0.180077076374679,12.3461954593491,-12.3361954593491,16.09,0.731363636363636,10.54,245.00243,0.946364201367309,0.5
29,WIH1.2021,-89.5284654,43.0544856,158,2021-06-07,29,23.21,26.01,20.53,20.79,33.92,21.94,10.7,10.16,1.34,0.03,0.81,1.61,15.73,86.77,0.59,0.59,0,2.51,-0.8,0.434647122,15.244,41.598,3.921,72.62991383,71.8944,7.95187436527066,15.076506026669,41.5975563786287,0.434647122299299,0.172488808928671,9.91900171208022,-9.10900171208022,15.27,0.694090909090909,5.48,232.77588,0.998297314996725,0.437742352
30,WIH1.2021,-89.5284654,43.0544856,159,2021-06-08,30,25.08,30.11,19.87,20.07,34.01,25.93,23.99,11.92,1.54,0.04,0.45,4.44,15.01,76.01,0.59,0.59,0,1.32,-3.99,0.946256262,15.26,41.646,8.79,74.61804492,73.5052,9.39633000843302,15.0913124015206,41.6458053538169,0.946256262130875,0.188727726309469,11.8457608855814,-11.3957608855814,16.99,0.772272727272727,10.24,259.2674,0.898175397292525,0.475279107
31,WIH1.2021,-89.5284654,43.0544856,160,2021-06-09,31,25.96,31.99,20.3,19.57,33.8,28.42,31.2,13.17,1.7,0.04,0.24,6.51,14.52,70.27,0.59,0.57,0,1.87,-6.27,1.290271999,15.275,41.69,11.432,75.33866108,74.2052,10.2970586365752,15.1050685451146,41.6901625214926,1.29027199898445,0.20033998817377,13.0676248933648,-12.8276248933648,18.145,0.824772727272727,11.69,277.164875,0.841829705152935,0.507318952
32,WIH1.2021,-89.5284654,43.0544856,161,2021-06-10,32,26.2,31.85,18.98,19.96,33.97,28.61,31.56,13.16,1.69,0.04,0.14,4.97,14.95,71.4,0.58,0.57,0,0.91,-4.83,1.122102266,15.289,41.731,11.563,75.831532,74.5856,10.3645520568462,15.1177639488514,41.7306241701923,1.12210226560354,0.192932871396923,13.1018802187261,-12.9618802187261,17.415,0.791590909090909,12.87,266.257935,0.877921332184898,0.502290076
33,WIH1.2021,-89.5284654,43.0544856,162,2021-06-11,33,26.73,31.9,20.94,21.41,35.19,20.65,17.99,9.66,1.28,0.03,1.25,3.31,16.42,74.45,0.58,0.57,0,1.4,-2.06,1.052547222,15.302,41.767,6.591,77.00643015,75.6376,7.48007948350725,15.1293888334747,41.7671871134669,1.05254722218501,0.203191704673452,9.50903926787756,-8.25903926787756,18.42,0.837272727272728,10.96,281.86284,0.830727470141151,0.361391695
34,WIH1.2021,-89.5284654,43.0544856,163,2021-06-12,34,24.67,29.87,18.24,16.98,31.72,28.69,33.12,13.13,1.69,0.04,0.61,5.34,12.59,65.62,0.57,0.55,0,3.16,-4.73,1.218120871,15.314,41.8,12.134,72.92560946,71.9828,10.3915378917979,15.1399341756607,41.7998486867427,1.21812087101824,0.179747533065073,13.0341178151344,-12.4241178151344,16.055,0.729772727272727,11.63,245.86627,0.953846153846154,0.532225375
35,WIH1.2021,-89.5284654,43.0544856,164,2021-06-13,35,23.74,30.32,15.47,13,29.59,31.46,42.95,14.11,1.82,0.04,0,4.89,9.61,55.52,0.57,0.54,0,2.55,-4.89,1.541781863,15.324,41.829,15.735,70.63868352,69.62,11.394112809589,15.149391732845,41.8286067445472,1.54178186315289,0.169109534486791,14.1887766617134,-14.1887766617134,14.895,0.677045454545455,14.85,228.25098,1.02880161127895,0.594355518
36,WIH1.2021,-89.5284654,43.0544856,165,2021-06-14,36,21.92,28.2,15.98,12.84,30.7,26.1,27.46,11.69,1.55,0.04,0,3.58,9.46,59.69,0.56,0.53,0,3.56,-3.58,1.337858008,15.334,41.853,10.061,68.47273752,67.7424,9.45244155104126,15.1577540661446,41.8534596580282,1.33785800760151,0.162043690325101,11.7087253827152,-11.7087253827152,14.09,0.640454545454546,12.22,216.05606,1.08828956706884,0.53330292
37,WIH1.2021,-89.5284654,43.0544856,166,2021-06-15,37,21.32,27.24,14.82,12.58,30.76,27.11,26.12,12.21,1.59,0.03,0,2.95,9.26,60.58,0.55,0.52,0,2.36,-2.95,1.193613269,15.342,41.874,9.57,67.69275944,67.0488,9.81801489160921,15.1650145612459,41.8744063126994,1.19361326920293,0.15312125761164,12.0722344500688,-12.0722344500688,13.03,0.592272727272727,12.42,199.90626,1.17743668457406,0.572701689
38,WIH1.2021,-89.5284654,43.0544856,167,2021-06-16,38,20.71,28.11,11.84,9.02,29.03,31.31,41.76,14.07,1.82,0.04,0,3.06,7.38,51.01,0.55,0.52,0,1.3,-3.06,1.446361366,15.35,41.891,15.302,66.23919929,65.1572,11.3390512126025,15.1711674471367,41.8914461063473,1.4463613663588,0.144656862515728,13.8342230528255,-13.8342230528255,11.975,0.544318181818182,16.27,183.81625,1.28183716075157,0.679381941
39,WIH1.2021,-89.5284654,43.0544856,168,2021-06-17,39,23.52,31.88,14.06,13.52,33.83,22.38,17.21,10.37,1.37,0.04,2.83,2.49,10.37,56.52,0.54,0.52,0,3.83,0.34,1.614196102,15.356,41.905,6.307,70.42940896,69.5872,8.1051651008016,15.1762078125725,41.9045789470449,1.61419610162255,0.169780881854618,10.0985042643004,-7.26850426430044,14.97,0.680454545454546,17.82,229.87932,1.02578490313961,0.440901361
40,WIH1.2021,-89.5284654,43.0544856,169,2021-06-18,40,25.05,29.53,21.32,18.16,32.7,28.4,32.06,12.89,1.69,0.04,23.64,5.49,13.6,68.7,0.58,0.62,0,2.44,18.15,1.248275662,15.361,41.914,11.75,73.8036565,72.7876,10.285769460185,15.1801316201805,41.9138052512188,1.2482756616221,0.193032758255075,13.006446111698,10.633553888302,17.425,0.792045454545455,8.21,267.665425,0.88154949784792,0.514570858
41,WIH1.2021,-89.5284654,43.0544856,170,2021-06-19,41,22.85,28.83,17.93,15.96,31.14,29.99,34.52,13.51,1.75,0.04,2.16,5.54,11.66,67.86,0.58,0.57,0,2.17,-3.38,1.19702212,15.365,41.919,12.653,70.4554699,69.7956,10.8622551629352,15.1829357181148,41.9191259417276,1.19702211963811,0.173490802450386,13.5678282511665,-11.4078282511665,15.38,0.699090909090909,10.9,236.3137,0.999024707412224,0.591247265
42,WIH1.2021,-89.5284654,43.0544856,171,2021-06-20,42,20.63,25.08,16.04,17.35,32.96,8.06,0.51,4.13,0.59,0.01,8.37,1.08,12.9,82.23,0.57,0.59,0,2.92,7.29,0.521775442,15.368,41.921,0.187,68.04581851,68.076,2.91952376385435,15.1846178491951,41.9205424459146,0.521775442166228,0.149300078387393,3.57691567348653,4.79308432651347,12.56,0.570909090909091,9.04,193.02208,1.22356687898089,0.200193892
43,WIH1.2021,-89.5284654,43.0544856,172,2021-06-21,43,16.57,20.16,10.95,9.22,29.02,25.57,24.21,11.44,1.52,0.04,0.28,3.63,7.69,65.24,0.58,0.57,0,5.02,-3.35,0.669692281,15.369,41.918,8.876,61.09454532,61.0892,9.26295247820449,15.1851766574719,41.9180566936063,0.669692281144077,0.113362351323322,10.8761504411657,-10.5961504411657,7.555,0.343409090909091,9.21,116.112795,2.03428193249504,0.690404345
44,WIH1.2021,-89.5284654,43.0544856,173,2021-06-22,44,16.85,22.52,9.57,8.4,28.24,25.48,24.03,11.17,1.46,0.03,0,3.26,7.11,60.45,0.57,0.55,0,2.48,-3.26,0.858586649,15.37,41.912,8.812,61.38811675,61.074,9.23141205357226,15.1846116921788,41.9116711150378,0.85858664861671,0.116520039625365,10.8888019543667,-10.8888019543667,8.045,0.365681818181818,12.95,123.65165,1.91050341827222,0.662908012
45,WIH1.2021,-89.5284654,43.0544856,174,2021-06-23,45,20.52,26.12,15.62,14.76,34.01,14.87,3.59,7.08,0.99,0.02,0.27,2.26,10.72,71.03,0.57,0.55,0,4.83,-1.99,0.900785656,15.369,41.901,1.317,67.19351244,67.0336,5.38812861404923,15.1829234090479,41.9013886386937,0.900785655693949,0.151811255898415,6.61405866553776,-6.34405866553776,12.87,0.585,10.5,197.79903,1.19417249417249,0.34502924
46,WIH1.2021,-89.5284654,43.0544856,175,2021-06-24,46,22.35,25.42,18.6,19.63,34.76,9.63,0.36,4.72,0.65,0.01,10.46,0.86,14.87,84.95,0.57,0.59,0,4.23,9.6,0.410253125,15.368,41.887,0.132,71.05211175,70.6168,3.48995505865806,15.18011316898,41.8872126890619,0.410253125303769,0.161355323225187,4.31777003144509,6.14222996855491,14.01,0.636818181818182,6.82,215.30568,1.09693076374019,0.211185682
47,WIH1.2021,-89.5284654,43.0544856,176,2021-06-25,47,24.11,28.96,19.9,19.31,35.32,14.48,3.77,6.83,0.93,0.02,1.08,3.03,14.49,77.15,0.58,0.57,0,1.45,-1.95,0.919854512,15.365,41.869,1.384,73.21150635,72.2616,5.24852183547239,15.1761832340777,41.8691471843074,0.919854512396867,0.183304949228849,6.59326784555809,-5.51326784555809,16.43,0.746818181818182,9.06,252.44695,0.935179549604382,0.283284944
48,WIH1.2021,-89.5284654,43.0544856,177,2021-06-26,48,22.06,25.98,17.68,19.91,34.9,9.52,1.36,4.82,0.7,0.02,21.24,2.39,15.04,88,0.61,0.66,0,1.96,18.85,0.364848449,15.361,41.847,0.499,70.803272,70.4276,3.45134761532733,15.171136761066,41.8471965338822,0.364848449242566,0.15981552270896,4.26319916185168,16.9768008381483,13.83,0.628636363636364,8.3,212.44263,1.11070137382502,0.218495014
49,WIH1.2021,-89.5284654,43.0544856,178,2021-06-27,49,22.8,26.59,18.79,19.03,33.31,19.06,14.85,8.95,1.21,0.03,1,6.37,14.1,80.45,0.6,0.61,0,2.53,-5.37,0.623091924,15.356,41.821,5.453,71.422824,70.8508,6.91140694049292,15.1649777921402,41.8213656360941,0.623091923941349,0.167285938947749,8.5847705918206,-7.5847705918206,14.69,0.667727272727273,7.8,225.57964,1.04533696392103,0.39254386
50,WIH1.2021,-89.5284654,43.0544856,179,2021-06-28,50,22.12,24.79,17.96,20.28,34.01,16.81,3.92,8.06,1.1,0.03,4.34,1.4,15.19,89.47,0.6,0.61,0,1.56,2.94,0.214460401,15.35,41.792,1.44,71.01584636,70.6208,6.09693720608012,15.1577112432961,41.7916598756682,0.214460401060445,0.155978494783392,7.50397637907179,-3.16397637907179,13.375,0.607954545454545,6.83,205.30625,1.14766355140187,0.36437613
51,WIH1.2021,-89.5284654,43.0544856,180,2021-06-29,51,23.02,25.72,19.9,20.66,34.65,11.54,0.83,5.79,0.82,0.02,14.91,2.26,15.5,87.02,0.61,0.66,0,1.99,12.65,0.37947363,15.342,41.758,0.305,72.33402396,71.6576,4.18657647842465,15.1493428902135,41.7580851213418,0.379473629760506,0.168351383904028,5.20178218371105,9.70821781628895,14.81,0.673181818181818,5.82,227.21502,1.03592167454423,0.251520417
52,WIH1.2021,-89.5284654,43.0544856,181,2021-06-30,52,23.72,28.27,19.3,19.37,31.95,26.64,27.04,12.12,1.56,0.04,1.04,7.44,14.32,78.46,0.61,0.62,0,1.68,-6.4,0.790653383,15.334,41.721,9.938,72.71802488,71.8932,9.66730882521236,15.1398793517772,41.7206477235389,0.790653382789547,0.177222390133058,12.0827680542742,-11.0427680542742,15.785,0.7175,8.97,242.04719,0.971428571428571,0.510961214
53,WIH1.2021,-89.5284654,43.0544856,182,2021-07-01,53,21.55,26.77,15.07,15.69,30.34,28.85,33.06,13.06,1.69,0.04,0.01,8.04,11.37,71.58,0.6,0.6,0,2.87,-8.03,0.83265861,15.324,41.679,12.155,68.7907951,68.3984,10.4723578367886,15.1293280713325,41.6793545121822,0.832658610147752,0.152219609641057,12.8368937913893,-12.8268937913893,12.92,0.587272727272727,11.7,197.98608,1.18606811145511,0.606032483
54,WIH1.2021,-89.5284654,43.0544856,183,2021-07-02,54,18.88,24.24,12.26,10.73,29.15,28.53,30.92,12.77,1.64,0.04,0,6.27,8.18,61.88,0.59,0.58,0,1.82,-6.27,0.937612145,15.314,41.634,11.373,64.31007456,63.9428,10.3594586014047,15.1176972957861,41.6342127947008,0.937612145157924,0.131670235770401,12.4335787305561,-12.4335787305561,10.25,0.465909090909091,11.98,156.9685,1.4940487804878,0.676377119
55,WIH1.2021,-89.5284654,43.0544856,184,2021-07-03,55,22.5,29.26,14.43,15.13,31.8,26.37,22.82,11.69,1.43,0.03,0,6.09,11.09,64.89,0.58,0.57,0,2.67,-6.09,1.135302021,15.302,41.585,8.397,69.6999775,69.1468,9.5783705540488,15.104996052673,41.5852303543024,1.13530202117819,0.159943363506387,11.8100993266509,-11.8100993266509,13.845,0.629318181818182,14.83,211.85619,1.10523654749007,0.519555556
56,WIH1.2021,-89.5284654,43.0544856,185,2021-07-04,56,25.07,31.32,18.32,18.37,33.52,24.25,15.36,10.87,1.36,0.03,0,5.34,13.54,68.6,0.58,0.55,0,3.05,-5.34,1.227948492,15.289,41.532,5.654,73.8229398,72.8832,8.81148913652964,15.0912341253198,41.5324154485807,1.22794849193013,0.18706742627713,11.0673383878421,-11.0673383878421,16.82,0.764545454545455,13,257.16098,0.9089774078478,0.433585959
57,WIH1.2021,-89.5284654,43.0544856,186,2021-07-05,57,27.06,32.88,20.93,20.68,34.46,25.84,23.73,11.9,1.54,0.04,0.01,5.23,15.61,70.59,0.57,0.54,0,4.25,-5.22,1.297778763,15.275,41.476,8.739,77.03486746,75.7048,9.3928257680769,15.0764220262459,41.475776808533,1.29777876305121,0.208304339791793,11.9294872242597,-11.9194872242597,18.905,0.859318181818182,11.95,288.773875,0.807987304945782,0.439763489
58,WIH1.2021,-89.5284654,43.0544856,187,2021-07-06,58,26.71,32.36,21.69,21.44,34.79,22.91,16.25,10.68,1.39,0.03,1.05,3.42,16.34,74.68,0.56,0.54,0,2.86,-2.37,1.168314607,15.26,41.415,5.988,77.00341772,75.6284,8.33115983624658,15.0605709689487,41.4153236380668,1.16831460662302,0.209585882329625,10.5833993829859,-9.53339938298587,19.025,0.864772727272727,10.67,290.3215,0.802102496714849,0.399850243
59,WIH1.2021,-89.5284654,43.0544856,188,2021-07-07,59,20.87,24.02,15.31,18.85,34.65,6.39,0.9,3.41,0.5,0.01,9.01,0.57,14.04,88.28,0.56,0.57,0,2.53,8.44,0.186670948,15.245,41.351,0.332,68.82045564,68.856,2.32470906876808,15.0436928382259,41.3510656140747,0.186670947803083,0.14224628754466,2.81669404213045,6.19330595786955,11.665,0.530227272727273,8.71,177.832925,1.30690098585512,0.163392429
60,WIH1.2021,-89.5284654,43.0544856,189,2021-07-08,60,18.15,23.16,13.63,13.13,32.36,12.65,4.93,6.02,0.84,0.02,0.13,3.1,9.62,74.26,0.57,0.55,0,2.49,-2.97,0.688104187,15.228,41.283,1.819,63.7257281,64.0768,4.60422722860235,15.025800159194,41.2830128871602,0.688104186635667,0.132722403914115,5.5196231750096,-5.3896231750096,10.395,0.4725,9.53,158.29506,1.46493506493507,0.331680441
61,WIH1.2021,-89.5284654,43.0544856,190,2021-07-09,61,19.77,25.52,14.07,13.74,30.9,23.06,14.71,10.4,1.34,0.03,0.07,3.11,10,70.5,0.57,0.55,0,1.12,-3.04,0.864696746,15.21,41.211,5.429,66.0306715,65.9164,8.39721858859222,15.0069060651649,41.2111760830939,0.864696745666032,0.143253001740864,10.1749763175631,-10.1049763175631,11.795,0.536136363636364,11.45,179.40195,1.28952946163629,0.52604957
62,WIH1.2021,-89.5284654,43.0544856,191,2021-07-10,62,20.38,26.12,14.11,12.88,31.04,20.04,5.15,9.24,1.23,0.03,0.13,2.96,9.51,64.83,0.56,0.54,0,3.01,-2.83,1.011617797,15.191,41.136,1.902,66.61734046,66.2168,7.30122356974349,14.9870242645418,41.1355663050828,1.011617797126,0.145756785834369,8.86400845620903,-8.73400845620903,12.115,0.550681818181818,12.01,184.038965,1.25390012381345,0.453385672
63,WIH1.2021,-89.5284654,43.0544856,192,2021-07-11,63,20.21,24.46,15.88,13.13,30.34,24.97,17.53,11.06,1.41,0.03,0.32,2.08,9.66,66.49,0.56,0.53,0,3.49,-1.76,0.925264254,15.171,41.056,6.478,66.46528271,66.1368,9.10228624099137,14.9661690069013,41.0561951369289,0.925264254279994,0.146190830123826,11.0492048498731,-10.7292048498731,12.17,0.553181818181818,8.58,184.63107,1.24658997534922,0.547253835
64,WIH1.2021,-89.5284654,43.0544856,193,2021-07-12,64,19.99,23.94,15.39,16.09,33.65,14.47,3.55,6.87,0.93,0.02,2.02,1.16,11.65,79.56,0.55,0.53,0,2.33,0.86,0.532130652,15.15,40.973,1.313,66.85982356,66.9824,5.27772981190512,14.9443550484244,40.9730746471544,0.532130652260696,0.14224628754466,6.37833533484,-4.35833533484001,11.665,0.530227272727273,8.55,176.72475,1.29875696528075,0.343671836
65,WIH1.2021,-89.5284654,43.0544856,194,2021-07-13,65,22.62,29.3,16,16.36,34,19.62,8.93,8.84,1.12,0.03,0.1,3.02,11.85,71.25,0.55,0.52,0,2.03,-2.92,1.086411575,15.128,40.886,3.304,70.3890325,69.7096,7.16040181511461,14.9215976168378,40.8862173941662,1.08641157462464,0.166932057912261,8.83467921807406,-8.73467921807406,14.65,0.665909090909091,13.3,221.6252,1.03262798634812,0.390804598
66,WIH1.2021,-89.5284654,43.0544856,195,2021-07-14,66,23.56,29.42,18.16,19.81,33.92,9.32,3.36,4.52,0.59,0.01,25.96,1.4,14.84,81.58,0.57,0.6,0,3.81,24.56,0.783443458,15.105,40.796,1.244,72.74570552,71.8916,3.40351457867829,14.8979123760255,40.7956364325247,0.783443458042345,0.177268878695264,4.22728510512593,21.7327148948741,15.79,0.717727272727273,11.26,238.50795,0.956618112729576,0.191850594
67,WIH1.2021,-89.5284654,43.0544856,196,2021-07-15,67,20.32,23.87,16.41,16.98,32.86,19.03,6.74,8.6,1.1,0.03,2.77,2.14,12.42,82.24,0.6,0.6,0,2.72,0.63,0.478293351,15.082,40.701,2.498,67.54293632,67.6328,6.95405003575647,14.8733153904649,40.701345320383,0.478293351424167,0.145953943347531,8.41885705858455,-5.64885705858455,12.14,0.551818181818182,7.46,183.09548,1.24233937397035,0.423228346
68,WIH1.2021,-89.5284654,43.0544856,197,2021-07-16,68,19.94,25.57,14.91,14.18,30.84,24.83,20.05,11.05,1.4,0.03,0,4.4,10.33,72.98,0.59,0.58,0,2.14,-4.4,0.868810697,15.057,40.603,7.435,66.42194988,66.2448,9.07982650479712,14.8478230896391,40.6033581281491,0.868810697237052,0.146744831086348,10.9930336761312,-10.9930336761312,12.24,0.556363636363637,10.66,184.29768,1.23014705882353,0.554162487
69,WIH1.2021,-89.5284654,43.0544856,198,2021-07-17,69,21.02,27.24,15.3,15.74,30.38,25.52,20.69,11.3,1.42,0.03,0.01,4.84,11.36,73.68,0.58,0.56,0,2.28,-4.83,0.888868517,15.032,40.502,7.679,68.12262064,67.8864,9.33895514301487,14.8214522325683,40.5016894484232,0.888868516879428,0.15510417066191,11.3836682385251,-11.3736682385251,13.27,0.603181818181818,11.94,199.47464,1.13278070836473,0.537583254
70,WIH1.2021,-89.5284654,43.0544856,199,2021-07-18,70,21.81,29.16,14.69,14.21,30.89,25.6,21.82,11.23,1.38,0.03,0,4.68,10.26,64.84,0.57,0.54,0,1.88,-4.68,1.23667449,15.005,40.396,8.105,68.69416796,68.1256,9.37540117903718,14.7942198725993,40.3963544072508,1.23667449039494,0.160626640994493,11.4715318892279,-11.4715318892279,13.925,0.632954545454545,14.47,208.944625,1.07755834829443,0.514901421
71,WIH1.2021,-89.5284654,43.0544856,200,2021-07-19,71,22.71,28.79,16.48,14.73,33.35,21.71,10.88,9.5,1.12,0.02,0,3.67,10.68,62.31,0.56,0.54,0,1.31,-3.67,1.240086931,14.978,40.287,4.045,69.79386499,69.2128,7.95715833678862,14.7661433225835,40.2873686767261,1.24008693101151,0.166799515546081,9.77482037450325,-9.77482037450325,14.635,0.665227272727273,12.31,219.20303,1.02343696617697,0.418317922
72,WIH1.2021,-89.5284654,43.0544856,201,2021-07-20,72,24.05,31.17,16.56,17.4,33.93,20.05,7.73,8.62,0.99,0.02,0,3.33,12.72,69.03,0.55,0.53,0,2.58,-3.33,1.222867595,14.95,40.175,2.877,72.34490785,71.514,7.35491012466383,14.7372401205667,40.174748488972,1.22286759492163,0.177967442159832,9.09830934803166,-9.09830934803166,15.865,0.721136363636364,14.61,237.18175,0.942325874566656,0.358419958
73,WIH1.2021,-89.5284654,43.0544856,202,2021-07-21,73,20.14,24.79,16.52,15.11,35.14,13.64,2.32,6.06,0.72,0.02,0.42,1.25,10.9,73.8,0.55,0.53,0,2.01,-0.83,0.786480441,14.922,40.059,0.864,66.7746868,66.7796,5.00794159853044,14.707527996106,40.058510651513,0.786480441318497,0.15006587179444,6.05746867316916,-5.63746867316916,12.655,0.575227272727273,8.27,188.83791,1.17913868036349,0.300893744
74,WIH1.2021,-89.5284654,43.0544856,203,2021-07-22,74,23.51,30.69,15.78,18.22,35.82,16.39,4.81,7.46,0.92,0.02,0.17,2.28,13.44,74.06,0.55,0.52,0,2.03,-2.11,1.010654607,14.892,39.939,1.793,71.98991094,71.2692,6.0231455288827,14.6770248373191,39.9386725640486,1.01065460653517,0.172171018534228,7.40821631081084,-7.23821631081084,15.235,0.6925,14.91,226.87962,0.977486051854283,0.317311782
75,WIH1.2021,-89.5284654,43.0544856,204,2021-07-23,75,26.71,32.4,20.95,20.4,35.06,21.79,13.85,9.75,1.19,0.03,0.02,2.46,15.3,71.25,0.54,0.51,0,2.74,-2.44,1.274492202,14.862,39.815,5.17,76.58691625,75.254,8.01529176250968,14.6457486587649,39.8152522366277,1.27449220206522,0.205866465735263,10.0476031137487,-10.0276031137487,18.675,0.848863636363636,11.45,277.54785,0.795823293172691,0.365031823
76,WIH1.2021,-89.5284654,43.0544856,205,2021-07-24,76,26.83,32.92,20.54,20.53,34.58,21.19,15.89,9.89,1.27,0.03,0.07,2.13,15.52,70.62,0.54,0.51,0,3.76,-2.06,1.296459308,14.831,39.688,5.938,76.69151254,75.4208,7.80242344918857,14.6137175702437,39.6882683092096,1.29645930770514,0.206447241086489,9.7737697180741,-9.7037697180741,18.73,0.851363636363636,12.38,277.78463,0.791831286705819,0.36861722
77,WIH1.2021,-89.5284654,43.0544856,206,2021-07-25,77,24.72,32.28,16.79,13.26,30.67,26.87,28.6,11.94,1.51,0.04,0,2.32,9.79,53.81,0.53,0.5,0,2.49,-2.32,1.847813438,14.799,39.558,10.7,71.79718368,70.6936,9.90425941856268,14.5809497465968,39.5577400725953,1.84781343823519,0.184311593282937,12.2425236502675,-12.2425236502675,16.535,0.751590909090909,15.49,244.701465,0.895010583610523,0.483009709
78,WIH1.2021,-89.5284654,43.0544856,207,2021-07-26,78,25.99,33.76,17.35,14.36,33.48,23.35,15.57,10.48,1.31,0.03,0,1.94,10.48,52.9,0.53,0.49,0,1.73,-1.94,1.978458175,14.767,39.424,5.832,73.3984229,72.3596,8.61622268178031,14.5474633985757,39.4236874906947,1.97845817540192,0.194335255500036,10.7015082056167,-10.7015082056167,17.555,0.797954545454545,16.41,259.234685,0.84118484762176,0.403232012
79,WIH1.2021,-89.5284654,43.0544856,208,2021-07-27,79,26.98,33.57,20.37,17.76,35.49,20.24,16.16,9.29,1.18,0.03,1.02,1.58,13.06,60.42,0.52,0.49,0,2.47,-0.56,1.759693916,14.734,39.286,6.061,75.65204284,74.5736,7.47716082400847,14.5132767448444,39.2861312240939,1.75969391646761,0.2089976880847,9.34731099362935,-8.32731099362935,18.97,0.862272727272727,13.2,279.50398,0.776700052714813,0.344329133
80,WIH1.2021,-89.5284654,43.0544856,209,2021-07-28,80,26.96,31.24,22.41,22.3,36.45,10.33,1.02,4.71,0.54,0.01,10.18,1,17.27,77.27,0.53,0.54,0,1.57,9.18,0.939840249,14.7,39.145,0.383,77.71166208,76.188,3.82070763774688,14.4784079851667,39.1450926548703,0.939840248898403,0.207453644607666,4.76703189344716,5.41296810655284,18.825,0.855681818181818,8.83,276.7275,0.780876494023904,0.174703264
81,WIH1.2021,-89.5284654,43.0544856,210,2021-07-29,81,26,30.92,20.24,20.75,34.75,21.14,14.78,9.63,1.22,0.03,6.84,2.83,15.84,75.27,0.55,0.55,0,3.9,4.01,0.973607219,14.666,39.001,5.558,75.970888,74.67,7.82865984025785,14.4428752748238,39.0005939125999,0.973607219242583,0.194586582198851,9.69000375386186,-2.85000375386186,17.58,0.799090909090909,10.68,257.82828,0.834243458475541,0.370384615
82,WIH1.2021,-89.5284654,43.0544856,211,2021-07-30,82,20.08,25.18,15.47,11.84,30.81,17.31,6.78,7.87,1.02,0.02,0.02,1.56,8.92,62.25,0.54,0.51,0,1.84,-1.54,1.091898969,14.631,38.853,2.553,66.037852,65.5424,6.41860643136657,14.4066967002988,38.8526579014875,1.09189896897823,0.147419933105006,7.66856353091514,-7.64856353091514,12.325,0.560227272727273,9.71,180.327075,1.18709939148073,0.391932271
83,WIH1.2021,-89.5284654,43.0544856,212,2021-07-31,83,21.14,27.8,13.44,13.79,33.22,21.03,12.02,9.53,1.23,0.03,0.09,1.85,10.09,65.58,0.54,0.51,0,2.19,-1.76,1.061797581,14.595,38.701,4.533,67.77043588,67.3044,7.80849033638976,14.3698902562575,38.7013083285465,1.06179758069359,0.149783351864426,9.33694019821465,-9.24694019821465,12.62,0.573636363636364,14.36,184.1889,1.15649762282092,0.450804163
84,WIH1.2021,-89.5284654,43.0544856,213,2021-08-01,84,19.93,24.99,15.22,13.31,30.27,22.48,17.86,9.93,1.26,0.03,0.53,1.42,9.78,69.36,0.53,0.5,0,2.91,-0.89,0.919326231,14.559,38.547,6.746,66.21003352,65.9216,8.3585650758016,14.3324738238452,38.5465697327412,0.919326231191329,0.145677985940422,9.94250822035678,-9.41250822035678,12.105,0.550227272727273,9.77,176.236695,1.20272614622057,0.498243853
85,WIH1.2021,-89.5284654,43.0544856,214,2021-08-02,85,21.13,25.86,16.18,12,29.64,25.47,27.6,11.49,1.47,0.03,0.01,1.35,8.9,58.16,0.53,0.5,0,0.94,-1.34,1.183906583,14.522,38.388,10.441,67.26473592,66.65,9.48409902625719,14.2944651503158,38.3884675150028,1.18390658319003,0.153039103497064,11.3411188108885,-11.3311188108885,13.02,0.591818181818182,9.68,189.07644,1.11536098310292,0.543776621
86,WIH1.2021,-89.5284654,43.0544856,215,2021-08-03,86,22.43,28.78,14.53,12.74,31.62,22.25,16.91,9.97,1.26,0.03,0.06,1.39,9.37,56.94,0.53,0.49,0,1.27,-1.33,1.332197202,14.485,38.227,6.408,68.96980558,68.2164,8.29762049444558,14.2558818299986,38.2270279690182,1.33219720172053,0.158330413214161,9.95185222253512,-9.89185222253512,13.655,0.620681818181818,14.25,197.792675,1.06078359575247,0.444493981
87,WIH1.2021,-89.5284654,43.0544856,216,2021-08-04,87,23.14,29.55,16.49,13.84,32.68,20.72,10.95,9.05,1.08,0.02,0,1.17,10.07,58.7,0.52,0.49,0,1.15,-1.17,1.423246799,14.447,38.062,4.156,70.0966482,69.3224,7.7391814814275,14.216741286606,38.0622783126857,1.42324679851121,0.170229695159711,9.35247884392604,-9.35247884392604,15.02,0.682727272727273,13.06,216.99394,0.96185086551265,0.391097666
88,WIH1.2021,-89.5284654,43.0544856,217,2021-08-05,88,23.28,29.66,16.9,15.17,33.41,16,6.72,7.29,0.93,0.02,0.57,0.95,11,63.59,0.52,0.49,0,2.99,-0.38,1.319106349,14.409,37.894,2.555,70.71914448,69.9412,5.98594751824265,14.1770607568759,37.8942467201262,1.31910634915168,0.172579697028203,7.23400662944133,-6.66400662944133,15.28,0.694545454545455,12.76,220.16952,0.942997382198953,0.31314433
89,WIH1.2021,-89.5284654,43.0544856,218,2021-08-06,89,22.05,24.42,18.76,19.84,34.44,14.3,3.51,6.6,0.84,0.02,5.14,0.13,14.83,87.38,0.52,0.52,0,2.04,5.01,0.297107903,14.37,37.723,1.337,70.7397771,70.3924,5.35899214760609,14.1368572755403,37.7229623541307,0.297107903177605,0.157781778987199,6.39313304189897,-1.25313304189897,13.59,0.617727272727273,5.66,195.2883,1.05739514348786,0.299319728
90,WIH1.2021,-89.5284654,43.0544856,219,2021-08-07,90,23.73,27.85,19.74,21.16,34.17,2.42,0.35,1.3,0.17,0,12.91,0.4,16.1,86.28,0.53,0.55,0,2.91,12.51,0.512407133,14.331,37.548,0.134,73.45276156,72.5476,0.908497486212547,14.0961476616049,37.5484553989211,0.512407132560789,0.177315377540962,1.09767658001802,11.812323419982,15.795,0.717954545454546,8.11,226.358145,0.907312440645774,0.054782975
91,WIH1.2021,-89.5284654,43.0544856,220,2021-08-08,91,25.35,30.82,21.22,21.37,35.33,13.45,4.1,6.43,0.86,0.02,9.7,2.04,16.37,80.71,0.56,0.57,0,4,7.66,0.939662525,14.291,37.371,1.568,75.54735515,74.2432,5.05847545271012,14.05494850592,37.3707570930971,0.939662524860266,0.199054931905459,6.1801491635075,3.5198508364925,18.02,0.819090909090909,9.6,257.52382,0.793063263041066,0.253648915
92,WIH1.2021,-89.5284654,43.0544856,221,2021-08-09,92,23.94,27.74,20.65,22.01,34.99,11.97,5.29,5.7,0.71,0.02,25.86,2.12,17.03,89.5,0.58,0.65,0,2.92,23.74,0.433003064,14.251,37.19,2.027,74.104937,73.0636,4.51033524440906,14.0132761600215,37.1898997626362,0.433003064305173,0.181068764143749,5.44269318596603,20.417306814034,16.195,0.736136363636364,7.09,230.794945,0.879962951528249,0.238095238
93,WIH1.2021,-89.5284654,43.0544856,222,2021-08-10,93,25.26,30.71,18.62,23.03,34.69,17.11,9.98,7.87,0.98,0.02,10.17,3.01,18.26,87.91,0.59,0.62,0,2.25,7.16,0.467838447,14.211,37.006,3.833,76.17347534,74.7508,6.45967836521477,13.9711467262132,37.0059168538123,0.467838447464989,0.185564365605413,7.80165674656782,2.36834325343218,16.665,0.7575,12.09,236.826315,0.852745274527453,0.311559778
94,WIH1.2021,-89.5284654,43.0544856,223,2021-08-11,94,25.79,29.12,20.97,23.94,34.75,11.87,7.85,5.63,0.73,0.02,1.53,2.66,19.24,89.8,0.6,0.6,0,4,-1.13,0.284785389,14.17,36.819,3.021,77.2763258,75.6084,4.49042350008506,13.9285760488624,36.8188429658952,0.284785389067929,0.189267532763543,5.42436757769936,-3.89436757769936,17.045,0.774772727272727,8.15,241.52765,0.831328835435612,0.218301667
95,WIH1.2021,-89.5284654,43.0544856,224,2021-08-12,95,23.47,30.6,17.54,16.78,31.29,20.94,18.97,9.59,1.26,0.03,0.03,6.49,12.25,68.64,0.59,0.57,0,2.25,-6.46,1.287246802,14.128,36.629,7.317,71.44388992,70.7108,7.93814492059074,13.8855797068766,36.6287138834898,1.28724680158685,0.17988870359819,9.51409316168786,-9.48409316168786,16.07,0.730454545454546,13.06,227.03696,0.879153702551338,0.408606732
96,WIH1.2021,-89.5284654,43.0544856,225,2021-08-13,96,20.89,26.96,15.51,12.81,28.53,25.87,34.59,11.74,1.5,0.03,0.13,5.2,9.39,62.56,0.58,0.55,0,2.27,-5.07,1.180271632,14.086,36.436,13.372,67.21291616,66.7016,9.82822689567267,13.8421730073254,36.4355666083754,1.18027163224168,0.154813651319641,11.5369279870857,-11.4069279870857,13.235,0.601590909090909,11.45,186.42821,1.06429920664904,0.561991383
97,WIH1.2021,-89.5284654,43.0544856,226,2021-08-14,97,20.91,27.1,14.39,10.08,27.22,26.87,37.71,11.92,1.51,0.03,0,4.51,7.8,53.08,0.57,0.54,0,0.9,-4.51,1.378306841,14.044,36.239,14.614,66.63469772,65.7388,10.2309040777377,13.798370980173,36.2394393907006,1.37830684144016,0.150794421518502,11.9407116773544,-11.9407116773544,12.745,0.579318181818182,12.71,178.99078,1.1019223224794,0.570062171
98,WIH1.2021,-89.5284654,43.0544856,227,2021-08-15,98,20.57,27.32,13.66,11.76,28.52,26.17,36.76,11.81,1.49,0.03,0,3.7,8.74,59.95,0.56,0.53,0,1.55,-3.7,1.217687197,14.002,36.04,14.282,66.59724785,66.0036,9.98733065665189,13.754188374082,36.0403717593939,1.21768719655996,0.148737926565656,11.6078823812843,-11.6078823812843,12.49,0.567727272727273,13.66,174.88498,1.12105684547638,0.574137093
99,WIH1.2021,-89.5284654,43.0544856,228,2021-08-16,99,20.67,27.67,13.31,12.5,28.88,25.06,33.42,11.26,1.43,0.03,0,3.15,9.23,62.9,0.55,0.53,0,1.43,-3.15,1.168640687,13.959,35.838,13.017,66.9194157,66.37,9.58646385096071,13.7096396532504,35.8384045516454,1.16864068742696,0.148737926565656,11.1155342940384,-11.1155342940384,12.49,0.567727272727273,14.36,174.34791,1.11761409127302,0.544750847
100,WIH1.2021,-89.5284654,43.0544856,229,2021-08-17,100,22.28,29.56,14.02,14.88,31.13,23.37,26.79,10.57,1.35,0.03,0,2.83,10.85,65.89,0.55,0.52,0,1.69,-2.83,1.176660521,13.916,35.634,10.462,69.45801908,68.8368,8.96191039027383,13.6647389952409,35.6335799413212,1.17666052117094,0.159475035837057,10.4625580595752,-10.4625580595752,13.79,0.626818181818182,15.54,191.90164,1.00913705583756,0.474416517
101,WIH1.2021,-89.5284654,43.0544856,230,2021-08-18,101,24.28,30.37,17.69,18.11,32.61,21.97,20.87,9.86,1.25,0.03,0.25,2.34,13.23,71.17,0.54,0.51,0,1.49,-2.09,1.100680162,13.872,35.426,8.172,72.89676524,71.9996,8.4463646972329,13.6195002897625,35.4259414661683,1.10068016246456,0.179512456410538,9.97964359896807,-9.72964359896807,16.03,0.728636363636364,12.68,222.36816,0.865377417342483,0.406095552
102,WIH1.2021,-89.5284654,43.0544856,231,2021-08-19,102,25.14,31.51,18.53,18.65,33.53,22.01,22.14,10,1.26,0.03,0.24,2.35,13.7,70.74,0.54,0.51,0,1.12,-2.11,1.229328228,13.828,35.216,8.694,74.15377564,73.054,8.48382296176473,13.5739371383636,35.2155340536759,1.22932822772388,0.189022005181533,10.0567066656975,-9.81670666569747,17.02,0.773636363636364,12.98,235.35256,0.812455934195065,0.397772474
103,WIH1.2021,-89.5284654,43.0544856,232,2021-08-20,103,25.4,31.67,19.1,19.05,32.82,22.27,22.7,10.06,1.28,0.03,1.38,2.06,14.11,71.13,0.54,0.51,0,2.12,-0.68,1.234683972,13.784,35.002,8.939,74.5887598,73.458,8.60712193909545,13.5280628549946,35.0024040454563,1.23468397206513,0.192633471943117,10.1967620993875,-8.81676209938753,17.385,0.790227272727273,12.57,239.63484,0.792867414437734,0.396062992
104,WIH1.2021,-89.5284654,43.0544856,233,2021-08-21,104,23.84,28.53,18.05,19.27,34.07,15.14,10.89,7.12,0.94,0.02,5.81,0.99,14.5,76.51,0.54,0.53,0,3.04,4.82,0.749616099,13.74,34.787,4.301,72.72705416,71.9772,5.86765669117199,13.4818904674003,34.7865992200152,0.749616099193599,0.172670625529004,6.84561321998083,-1.03561321998083,15.29,0.695,10.48,210.0846,0.898626553302812,0.298657718
105,WIH1.2021,-89.5284654,43.0544856,234,2021-08-22,105,20.33,26.68,13.69,13.02,29.69,24.6,32.55,11.12,1.4,0.03,0,1.85,9.57,65.71,0.54,0.51,0,1.92,-1.85,1.033074046,13.695,34.568,12.896,66.59602457,66.2172,9.56115571742403,13.4354327193004,34.5681688137839,1.03307404597066,0.14630939542699,10.8867085712848,-10.8867085712848,12.185,0.553863636363636,12.99,166.873575,1.12392285597046,0.546974914
106,WIH1.2021,-89.5284654,43.0544856,235,2021-08-23,106,23.12,29.86,17.28,19.73,34.62,18.51,19.65,8.7,1.13,0.03,5.76,1.19,14.88,82.35,0.55,0.54,0,1.86,4.57,0.791236239,13.651,34.347,7.81,72.1000768,71.4228,7.21529377779389,13.3887020733189,34.3471635402913,0.791236238691543,0.175233084533601,8.38414122486239,-2.62414122486239,15.57,0.707727272727273,12.58,212.54607,0.876750160565189,0.376297578
107,WIH1.2021,-89.5284654,43.0544856,236,2021-08-24,107,25.56,29.95,22.64,23.26,36.18,9.8,2.59,4.82,0.68,0.02,6.94,0.81,18.29,87.91,0.55,0.55,0,2,6.13,0.63593321,13.605,34.124,1.033,76.67756804,75.1336,3.83161883768081,13.3417107146221,34.1236356073549,0.635933210337218,0.201891264790796,4.50973603472557,2.43026396527444,18.295,0.831590909090909,7.31,248.903475,0.743645804864717,0.1885759
108,WIH1.2021,-89.5284654,43.0544856,237,2021-08-25,108,26.5,31.62,22.38,22.48,35.29,17.72,12.39,8.3,1.09,0.03,3.89,2.29,17.39,80.13,0.56,0.56,0,1.58,1.6,0.957395713,13.56,33.898,4.956,77.3285155,75.7928,6.94968815084376,13.2944705552269,33.8976387321809,0.957395712509901,0.209318348973933,8.18478989899129,-4.29478989899129,19,0.863636363636364,9.24,257.64,0.713684210526316,0.313207547
109,WIH1.2021,-89.5284654,43.0544856,238,2021-08-26,109,25.84,31.78,20.31,20.55,34.23,16.37,7.85,7.56,0.98,0.02,0.34,2.83,15.4,74.8,0.55,0.53,0,2.03,-2.49,1.120633155,13.515,33.669,3.151,75.6690368,74.438,6.4406964819006,13.2469932389415,33.6692281542634,1.1206331550525,0.199311386625098,7.52288971992438,-7.18288971992438,18.045,0.820227272727273,11.47,243.878175,0.748960931005819,0.292569659
110,WIH1.2021,-89.5284654,43.0544856,239,2021-08-27,110,25.96,31.78,21.72,21.79,35.68,11.99,7.47,5.79,0.79,0.02,6.23,1.72,16.69,79.78,0.55,0.54,0,2.73,4.51,1.037251108,13.469,33.438,3.009,76.42283912,75.0044,4.73285808628784,13.1992901469017,33.4384606459815,1.03725110789145,0.206658773526713,5.5309027100712,0.699097289928804,18.75,0.852272727272727,10.06,252.54375,0.718346666666667,0.223035439
111,WIH1.2021,-89.5284654,43.0544856,240,2021-08-28,111,26.24,31.03,23.04,22.8,35.37,18.01,12.1,8.56,1.13,0.03,4.34,1.24,17.74,82.36,0.56,0.56,0,2.57,3.1,0.882596288,13.423,33.205,4.891,77.17207136,75.648,7.13306438330858,13.1513724036666,33.2053945208011,0.88259628809248,0.209692976154225,8.32024852529254,-3.98024852529254,19.035,0.865227272727273,7.99,255.506805,0.705174678224324,0.326219512
112,WIH1.2021,-89.5284654,43.0544856,241,2021-08-29,112,24.45,29.48,18.99,18.95,32.83,20.78,20.64,9.63,1.23,0.03,0.64,2.71,14.15,73.41,0.56,0.53,0,3.63,-2.07,0.966501765,13.377,32.97,8.374,73.37612755,72.472,8.25856272602297,13.1032508838401,32.9700896389897,0.96650176465428,0.181447758992609,9.45083209604299,-8.81083209604299,16.235,0.737954545454545,10.49,217.175595,0.823960578995996,0.393865031
113,WIH1.2021,-89.5284654,43.0544856,242,2021-08-30,113,22.4,28.61,15.35,14.09,28.69,23.54,31.98,10.43,1.31,0.03,0,2.71,10.31,63.71,0.55,0.52,0,1.59,-2.71,1.222211331,13.33,32.733,13.023,69.4617996,68.6724,9.38859513215828,13.0549362191829,32.7326074107659,1.22221133056067,0.16109782311353,10.5523928992297,-10.5523928992297,13.98,0.635454545454546,13.26,186.3534,0.953505007153076,0.465625
114,WIH1.2021,-89.5284654,43.0544856,243,2021-08-31,114,20.59,26.35,15.59,14.71,31.08,12.31,1.31,5.78,0.77,0.02,0.3,1.12,10.7,70.76,0.55,0.52,0,2.43,-0.82,0.927618314,13.284,32.493,0.536,67.28300916,67.0856,4.92749849207184,13.006438806185,32.4930107968064,0.927618314246232,0.152628891612903,5.47934706847933,-5.17934706847933,12.97,0.589545454545455,10.76,172.29348,1.02420971472629,0.280718796
115,WIH1.2021,-89.5284654,43.0544856,244,2021-09-01,115,19.12,26.08,13.82,12.33,27.59,23.05,30.83,10.16,1.27,0.03,0.03,1.74,9.13,69.03,0.54,0.51,0,2.78,-1.71,1.04528696,13.237,32.251,12.654,64.98246064,64.7588,9.26089725476274,12.9577688140659,32.2513643060464,1.04528696022222,0.144461188553548,10.1826305777295,-10.1526305777295,11.95,0.543181818181818,12.26,158.18215,1.10769874476987,0.531380753
116,WIH1.2021,-89.5284654,43.0544856,245,2021-09-02,116,18.96,25.26,12.07,11.99,29.03,16.27,8.02,7.17,0.9,0.02,0,1.05,8.94,68.01,0.54,0.51,0,1.72,-1.05,0.911441095,13.19,32.008,3.305,64.69791904,64.4764,6.561801342259,12.9089361931732,32.0077339907127,0.911441094631791,0.13470060184045,7.11495401130443,-7.11495401130443,10.665,0.484772727272727,13.19,140.67135,1.23675574308486,0.378164557
117,WIH1.2021,-89.5284654,43.0544856,246,2021-09-03,117,17.84,22.47,14.33,12.86,32.98,4.75,0.71,2.49,0.36,0.01,3.06,0.36,9.48,73.74,0.54,0.52,0,2.9,2.7,0.692762474,13.143,31.762,0.294,63.22924384,63.6696,1.92319140065599,12.859950683752,31.7621874385389,0.692762473711578,0.132758812253368,2.07267174110183,0.987328258898175,10.4,0.472727272727273,8.14,136.6872,1.26375,0.139573991
118,WIH1.2021,-89.5284654,43.0544856,247,2021-09-04,118,19.12,23.75,15.07,15.45,31.99,7.72,4.32,3.72,0.5,0.01,0.46,0.75,11.25,80.71,0.54,0.52,0,3,-0.29,0.570837409,13.096,31.515,1.795,65.52310448,65.882,3.13819424730961,12.8108218250561,31.5147937621198,0.570837408781372,0.140288962361773,3.39619963499927,-2.93619963499927,11.41,0.518636363636364,8.68,149.42536,1.14776511831727,0.194560669
119,WIH1.2021,-89.5284654,43.0544856,248,2021-09-05,119,20.08,27.31,11.75,13.15,29.03,20.96,28.06,9.5,1.21,0.03,0.04,1.44,9.71,68.96,0.54,0.51,0,3.42,-1.4,0.992590868,13.049,31.266,11.711,66.41221632,66.014,8.55515563831202,12.7615589647771,31.2656235853709,0.992590867636085,0.141207197406024,9.22942759784305,-9.18942759784305,11.53,0.524090909090909,15.56,150.45497,1.13174327840416,0.47310757
120,WIH1.2021,-89.5284654,43.0544856,249,2021-09-06,120,19.55,26.53,12.24,9.65,27.89,22.62,33.36,10.09,1.26,0.03,0,1.32,7.69,57.29,0.53,0.5,0,1.45,-1.32,1.247060728,13.002,31.015,13.985,65.03122305,64.224,9.27137323756886,12.7121712687643,31.0147490270654,1.24706072779453,0.140098300980871,9.94908773384842,-9.94908773384842,11.385,0.5175,14.29,148.02777,1.14202898550725,0.516112532
121,WIH1.2021,-89.5284654,43.0544856,250,2021-09-07,121,20.82,26.48,16.01,15.04,31.26,12.9,10.72,5.87,0.72,0.01,2.64,0.64,11.2,70.92,0.53,0.52,0,3.83,2,0.928954346,12.954,30.762,4.514,67.64052856,67.4344,5.31002924954654,12.6626677310139,30.7622436814316,0.928954346406037,0.154896609877139,5.7532637824324,-3.1132637824324,13.245,0.602045454545455,10.47,171.57573,0.978029445073613,0.281940442
122,WIH1.2021,-89.5284654,43.0544856,251,2021-09-08,122,17.86,23.82,12.35,10.53,29.1,17.51,19.45,8,1.04,0.02,0.01,0.91,8.16,65.34,0.53,0.5,0,3.65,-0.9,0.921255569,12.907,30.508,8.229,62.97600676,62.8508,7.23919330811071,12.6130571839033,30.5081825958017,0.921255568709504,0.130481546762724,7.62041357829773,-7.61041357829773,10.085,0.458409090909091,11.47,130.167095,1.27982151710461,0.447928331
123,WIH1.2021,-89.5284654,43.0544856,252,2021-09-09,123,18.04,24.62,10.94,11.52,29.41,18.55,21.09,8.39,1.08,0.02,0.02,0.86,8.65,69.2,0.53,0.5,0,1.81,-0.84,0.843322348,12.859,30.253,8.964,63.3756432,63.3872,7.70346303095518,12.5633483086499,30.2526422453096,0.843322348080319,0.12830820733489,8.05209861814493,-8.03209861814493,9.78,0.444545454545455,13.68,125.76102,1.31482617586912,0.465077605
124,WIH1.2021,-89.5284654,43.0544856,253,2021-09-10,124,20,26.92,14.7,11.1,28.75,19.73,22.82,8.72,1.06,0.02,0,0.9,8.4,59.12,0.53,0.5,0,1.61,-0.9,1.289155912,12.811,29.996,9.746,65.7516,65.196,8.23092411116764,12.5135496459738,29.9957005046472,1.28915591235088,0.151322454303141,8.77192930507811,-8.77192930507811,12.81,0.582272727272727,12.22,164.10891,1.00007806401249,0.436
125,WIH1.2021,-89.5284654,43.0544856,254,2021-09-11,125,22.55,31.1,14.47,15.79,33.55,13.48,7.1,5.81,0.64,0.01,0,0.72,11.6,68.87,0.52,0.49,0,2.19,-0.72,1.289043838,12.763,29.737,3.047,70.09197315,69.4344,5.64978980757813,12.4636696069456,29.7374366168937,1.28904383834245,0.16812894517123,6.07526856147924,-6.07526856147924,14.785,0.672045454545455,16.63,188.700955,0.8632397700372,0.257649667
126,WIH1.2021,-89.5284654,43.0544856,255,2021-09-12,126,20.69,26.24,16.55,18.01,33.83,6.28,0.73,3.16,0.43,0.01,6.38,0.25,13.24,85.29,0.52,0.52,0,1.85,6.13,0.580984179,12.715,29.478,0.315,68.33246599,68.3736,2.64462723309328,12.413716483999,29.4779311594437,0.580984179458636,0.156145504041791,2.80378396293523,3.57621603706477,13.395,0.608863636363636,9.69,170.317425,0.949234789100411,0.152730788
127,WIH1.2021,-89.5284654,43.0544856,256,2021-09-13,127,20.21,26.9,16.19,17.37,33.39,6.75,1.5,3.34,0.44,0.01,7.81,0.47,12.69,84.5,0.54,0.55,0,2.01,7.34,0.70881681,12.667,29.217,0.65,67.4932755,67.6632,2.85635776458156,12.3636984620929,29.2172660070657,0.708816810221651,0.157402896969534,3.01679110226829,4.79320889773171,13.545,0.615681818181818,10.71,171.574515,0.935179032853451,0.16526472
128,WIH1.2021,-89.5284654,43.0544856,257,2021-09-14,128,20.72,23.78,14.73,14.85,32.01,9.48,5.37,4.44,0.61,0.01,0.08,1,10.92,70.6,0.54,0.51,0,4.07,-0.92,0.621367067,12.619,28.956,2.34,67.4694368,67.266,4.03146393878803,12.3136236300042,28.9555242921343,0.621367067436413,0.139110393954458,4.1653720940866,-4.0853720940866,11.255,0.511590909090909,9.05,142.026845,1.12119058196357,0.214285714
129,WIH1.2021,-89.5284654,43.0544856,258,2021-09-15,129,17.63,24.82,10.42,8.6,26.64,20.73,31.87,9.13,1.14,0.02,0,1.22,7.17,60.91,0.54,0.51,0,1.71,-1.22,1.081023699,12.571,28.693,13.963,62.50121867,61.926,8.86014750118746,12.263499991737,28.6927903620832,1.08102369948564,0.127180419672666,8.98598197872841,-8.98598197872841,9.62,0.437272727272727,14.4,120.93302,1.30675675675676,0.517867272
130,WIH1.2021,-89.5284654,43.0544856,259,2021-09-16,130,19.83,28.38,11.53,10.08,26.97,20.45,31.43,9.08,1.11,0.02,0,1.11,7.88,57.27,0.53,0.5,0,3.43,-1.11,1.377422588,12.523,28.429,13.845,65.41576459,64.6588,8.78544426623474,12.2133354780301,28.4291497341384,1.37742258838884,0.144500305419425,9.03439155642575,-9.03439155642575,11.955,0.543409090909091,16.85,149.712465,1.04751150146382,0.457892083
131,WIH1.2021,-89.5284654,43.0544856,260,2021-09-17,131,19.96,28.86,14.12,12.65,29.32,15.73,17.01,7.3,0.93,0.02,0.06,0.75,9.38,64.43,0.53,0.5,0,3.35,-0.69,1.328373965,12.474,28.165,7.534,65.98573572,65.714,6.79312169066057,12.1631379579511,28.1646890473953,1.32837396450077,0.15694086318761,7.02753823843148,-6.96753823843148,13.49,0.613181818181818,14.74,168.27426,0.92468495181616,0.365731463
132,WIH1.2021,-89.5284654,43.0544856,261,2021-09-18,132,18.29,27.33,9.91,10.41,26.54,20.27,30.23,8.9,1.09,0.02,0,0.77,7.99,64.25,0.52,0.49,0,2.39,-0.77,1.165615074,12.426,27.899,13.464,63.56096175,63.2376,8.80047410248857,12.1129152505604,27.8994960123147,1.16561507390636,0.134369178491227,8.86091041842285,-8.86091041842285,10.62,0.482727272727273,17.42,131.96412,1.17005649717514,0.486604702
133,WIH1.2021,-89.5284654,43.0544856,262,2021-09-19,133,22.78,31.4,14,15.96,31.65,18.4,24.94,8.41,1.03,0.02,0,0.75,11.68,68.14,0.52,0.49,0,2.4,-0.75,1.283572782,12.378,27.634,11.171,70.37484908,69.7256,8.03198807804803,12.062675136631,27.6336593577155,1.28357278172535,0.167374508084082,8.28804472235676,-8.28804472235676,14.7,0.668181818181818,17.4,181.9566,0.842040816326531,0.369183494
134,WIH1.2021,-89.5284654,43.0544856,263,2021-09-20,134,23.64,28.41,18.99,19.07,34.18,9.42,4.78,4.49,0.61,0.01,14.68,0.43,14.17,77.08,0.52,0.52,0,4.46,14.25,0.826531571,12.329,27.367,2.153,72.46545488,71.7052,4.13475849264114,12.0124253704131,27.3672687753549,0.826531570732391,0.176433656199744,4.27026287123725,10.4097371287628,15.7,0.713636363636364,9.42,193.5653,0.785286624203822,0.189932318
135,WIH1.2021,-89.5284654,43.0544856,264,2021-09-21,135,16.24,19.84,12.57,9.89,28.82,15.25,13.07,6.81,0.9,0.02,5.38,0.94,7.8,68.45,0.55,0.56,0,4.34,4.44,0.666727858,12.281,27.1,5.923,60.6711672,61.0004,6.73137845755903,11.9621736914262,27.1004148621886,0.666727858169085,0.117567158334904,6.52684968419756,-1.14684968419756,8.205,0.372954545454545,7.27,100.765605,1.49677026203534,0.419334975
136,WIH1.2021,-89.5284654,43.0544856,265,2021-09-22,136,13.56,18.47,9.29,6.87,25.76,18.05,23.24,7.96,1.01,0.02,0.02,0.71,6.29,66.48,0.55,0.52,0,4.1,-0.69,0.655291212,12.232,26.833,10.594,56.70150112,57.2332,8.01284919807959,11.9119278362687,26.8331890604133,0.655291211883231,0.103111059675448,7.54800750363541,-7.52800750363541,5.88,0.267272727272727,9.18,71.92416,2.08027210884354,0.587020649
137,WIH1.2021,-89.5284654,43.0544856,266,2021-09-23,137,13.44,20.58,6.87,5.77,25.33,19.83,34.36,8.79,1.08,0.02,0,0.79,5.88,63.82,0.54,0.51,0,3.57,-0.79,0.78790778,12.184,26.566,15.759,56.55177392,56.7172,8.85418295073638,11.8616955504311,26.5656835954,0.787907780060004,0.102203639768892,8.27864120502431,-8.27864120502431,6.29,0.260227272727273,13.71,76.63736,1.93704292527822,0.654017857
138,WIH1.2021,-89.5284654,43.0544856,267,2021-09-24,138,15.28,25.97,8.5,8.08,27.61,15.64,16.62,7.15,0.91,0.02,1.79,0.81,6.93,66.64,0.54,0.52,0,4.23,0.98,1.154002314,12.135,26.298,7.669,59.22804608,59.3888,7.02455241748303,11.8114846000976,26.2979914116319,1.15400231425628,0.12450107189808,6.75678413586907,-4.96678413586907,9.235,0.419772727272727,17.47,112.066725,1.31402273957769,0.467931937
139,WIH1.2021,-89.5284654,43.0544856,268,2021-09-25,139,12.68,20.5,6.71,3.54,25.51,15.76,16.71,7.04,0.91,0.02,0,0.61,5.11,61.05,0.54,0.51,0,2.97,-0.61,0.909528661,12.087,26.03,7.759,55.5043786,55.1544,7.12088606269252,11.7613027839271,26.030206106767,0.909528660794774,0.101505794674033,6.571006229889,-6.571006229889,6.25,0.254772727272727,13.79,75.54375,1.93392,0.555205047
140,WIH1.2021,-89.5284654,43.0544856,269,2021-09-26,140,17.52,26.04,9.18,8.19,29.31,15.04,14.76,6.94,0.89,0.02,0,0.6,7.07,57.04,0.54,0.51,0,3.82,-0.6,1.178977216,12.038,25.762,6.897,62.22795392,61.6684,6.8369276933621,11.7111579447957,25.7624218639516,1.17897721635129,0.127110212891181,6.5189322744298,-6.5189322744298,9.61,0.436818181818182,16.86,115.68518,1.25265348595213,0.396118721
141,WIH1.2021,-89.5284654,43.0544856,270,2021-09-27,141,18.91,27.34,12.37,13.8,29.44,17.44,27.14,8.02,0.98,0.02,0,0.79,10.12,74.66,0.53,0.5,0,2.43,-0.79,0.959109142,11.99,25.495,12.764,64.91774394,65.078,7.97689656706431,11.661057981491,25.4947333825149,0.95910914229776,0.143719668632292,7.69875397806931,-7.69875397806931,11.855,0.538863636363637,14.97,142.14145,1.01138760016871,0.424114225
142,WIH1.2021,-89.5284654,43.0544856,271,2021-09-28,142,16.62,25.66,9.76,8,25.85,18.6,32.38,8.24,1,0.02,0,0.71,6.89,63.45,0.53,0.5,0,2.25,-0.71,1.178603167,11.941,25.227,15.327,61.1287861,60.7,8.56077945491244,11.6110108603417,25.2272358071821,1.17860316729387,0.127813761482266,8.0689445601697,-8.0689445601697,9.71,0.441363636363636,15.9,115.94711,1.229763130793,0.495788207
143,WIH1.2021,-89.5284654,43.0544856,272,2021-09-29,143,18.76,29.1,10.11,11.43,26.75,17.53,28.9,7.68,0.94,0.02,0,0.71,8.62,67.83,0.53,0.5,0,1.85,-0.71,1.282212128,11.892,24.96,13.769,64.39356892,64.0748,8.11957377850648,11.5610246267704,24.9600246559448,1.28221212754401,0.141783673594456,7.7235823518285,-7.7235823518285,11.605,0.5275,18.99,138.00666,1.02473071951745,0.409381663
144,WIH1.2021,-89.5284654,43.0544856,273,2021-09-30,144,20.28,29.51,13.44,14.09,28.66,15.65,17.75,6.92,0.84,0.02,0,0.59,10.2,71.36,0.52,0.49,0,1.78,-0.59,1.225338463,11.844,24.693,8.514,66.84940992,66.5524,7.29548467196692,11.5111074167529,24.6931957467349,1.2253384628885,0.156815053054201,6.99106293570166,-6.99106293570166,13.475,0.6125,16.07,159.5979,0.878961038961039,0.34122288
145,WIH1.2021,-89.5284654,43.0544856,274,2021-10-01,145,21.48,29.72,14.29,14.24,30.96,14.71,17.06,6.63,0.81,0.02,0.69,0.53,10.39,65.03,0.52,0.5,0,2.14,0.16,1.278451744,11.795,24.427,8.238,68.22826956,67.8064,6.90204746488967,11.4612674681709,24.4268451230492,1.27845174423996,0.161312382414761,6.59524776948456,-5.90524776948456,14.005,0.636590909090909,15.43,165.188975,0.842199214566226,0.308659218
146,WIH1.2021,-89.5284654,43.0544856,275,2021-10-02,146,20.59,25.46,17.17,17.83,33.41,11.63,9.59,5.36,0.69,0.01,6.16,0.18,13.1,84.66,0.52,0.52,0,2.27,5.98,0.565112641,11.747,24.161,4.663,68.12869906,68.2088,5.4929646466697,11.4115131320404,24.1610689786786,0.565112640927688,0.155478372452364,5.18942907814089,0.97057092185911,13.315,0.605227272727273,8.29,156.411305,0.882238077356365,0.260320544
147,WIH1.2021,-89.5284654,43.0544856,276,2021-10-03,147,18.8,22.83,15.33,16.65,33.46,7.07,1.2,3.5,0.49,0.01,5.07,0.2,12.14,88.15,0.53,0.53,0,1.91,4.87,0.366120719,11.698,23.896,0.587,65.329028,65.994,3.36158446226414,11.3618528836005,23.8959635816949,0.36612071934317,0.137789837508478,3.10213389970314,1.96786610029686,11.08,0.503636363636364,7.5,129.61384,1.0557761732852,0.186170213
1,WIH2.2020,-89.3862128,43.2952051,134,2020-05-13,1,9.55,16.84,-0.35,3.88,26.15,23,18.4,10.07,1.29,0.03,1.71,2,5.29,70.65,0.67,0.7,1,3.99,-0.29,0.450359776,14.611,39.264,6.847,50.61215425,52.1468,8.47287397886936,14.4644729744571,39.2644667254815,0.450359776378196,0.0742009172786339,8.96622060286265,-7.25622060286265,4.42,0.0111363636363636,17.19,64.58062,3.30565610859729,
2,WIH2.2020,-89.3862128,43.2952051,135,2020-05-14,2,14.82,20.43,9.33,12.77,31.63,11.69,1.78,5.7,0.81,0.02,7.59,1.74,9.53,88.2,0.67,0.73,0,2.04,5.85,0.312183926,14.647,39.405,0.662,58.6321276,60.6172,4.30172929377421,14.5003364437802,39.404834998129,0.312183926416197,0.109131700414191,4.93926932435606,2.65073067564394,6.88,0.312727272727273,11.1,100.77136,2.12892441860465,0.384615385
3,WIH2.2020,-89.3862128,43.2952051,136,2020-05-15,3,15,20.47,8.41,10.58,26.58,29.03,34.35,12.69,1.63,0.03,0.67,3.51,8.16,77.47,0.67,0.71,0,2.95,-2.84,0.47861186,14.683,39.542,12.755,58.876085,60.0088,10.6714681792594,14.5355306468501,39.5415558187368,0.478611860276023,0.1064468068512,12.2109270311971,-11.5409270311971,6.44,0.292727272727273,12.06,94.55852,2.27996894409938,0.846
4,WIH2.2020,-89.3862128,43.2952051,137,2020-05-16,4,12.61,19.67,6.16,8.6,27.6,23.37,18.58,10.45,1.36,0.03,0.5,3.06,7.11,78.51,0.66,0.69,0,3.94,-2.56,0.500808938,14.718,39.675,6.893,55.08827989,56.906,8.58235982211151,14.5700372156737,39.6746089406585,0.500808937543422,0.0975713468131531,9.67025362473334,-9.17025362473334,5.835,0.223409090909091,13.51,85.87953,2.52236503856041,0.828707375
5,WIH2.2020,-89.3862128,43.2952051,138,2020-05-17,5,10.27,12.68,8.39,9.26,31.17,4.76,0.62,2.58,0.39,0.01,45.2,0.09,7.47,93.36,0.71,0.82,0,6.19,45.11,0.115766466,14.752,39.804,0.23,50.76041128,54.8036,1.74641521620529,14.6038377345653,39.8039750063422,0.115766465535057,0.0849803358816757,1.91430370279269,43.2856962972073,2.535,0.115227272727273,4.29,37.39632,,0.251217137
6,WIH2.2020,-89.3862128,43.2952051,139,2020-05-18,6,9.68,12.1,8.23,8.57,30.29,7.22,4.04,3.7,0.54,0.01,11.81,0.15,7.12,92.78,0.73,0.78,0,5.59,11.66,0.135626352,14.786,39.93,1.496,49.76455296,53.9652,2.64661863339458,14.6369137660625,39.9296355196542,0.135626351929917,0.0831532569077356,2.88980561893402,8.92019438106598,2.165,0.0984090909090909,3.87,32.01169,,0.382231405
7,WIH2.2020,-89.3862128,43.2952051,140,2020-05-19,7,12.58,17.41,8.7,11.08,30.96,9.44,6.59,4.67,0.68,0.02,0.57,0.93,8.43,90.81,0.72,0.74,0,4.38,-0.36,0.237107365,14.819,40.052,2.438,54.81362902,57.7688,3.45748445770136,14.6692468780996,40.0515728193103,0.237107364712887,0.0983589665080221,3.91228177174304,-3.34228177174304,5.055,0.229772727272727,8.71,74.910045,2.93155291790307,0.371224165
8,WIH2.2020,-89.3862128,43.2952051,141,2020-05-20,8,14.2,20.34,8.37,10.33,27.53,28.79,34.56,12.97,1.66,0.04,0.01,3.7,7.95,79.53,0.71,0.73,0,3.18,-3.69,0.488628628,14.852,40.17,12.778,57.6095374,59.1188,10.5361959756023,14.7008186723963,40.1697700534746,0.48862862768163,0.105934659920303,12.0993423949113,-12.0893423949113,6.355,0.288863636363636,11.97,94.38446,2.33705743509048,
9,WIH2.2020,-89.3862128,43.2952051,142,2020-05-21,9,15.26,21.61,8.2,12.34,31.92,15.27,8.76,7.24,1.03,0.02,0.03,3.33,9.2,83.68,0.7,0.72,0,2.36,-3.3,0.400267065,14.883,40.284,3.236,59.33623232,60.9024,5.58411572864446,14.7316108140067,40.2842111555753,0.400267065094451,0.109285963281235,6.45351657096153,-6.42351657096153,6.905,0.313863636363636,13.41,102.767115,2.15539464156408,0.474442988
10,WIH2.2020,-89.3862128,43.2952051,143,2020-05-22,10,16.65,21.06,11.45,14.42,32.64,10.09,2.84,5.02,0.74,0.02,0.08,2.63,10.47,86.65,0.7,0.72,0,1.71,-2.55,0.281633776,14.914,40.395,1.049,61.67850275,63.0412,3.68721461845255,14.7616050619663,40.3948808213798,0.281633775949722,0.117896016512196,4.32043871930789,-4.24043871930789,8.255,0.375227272727273,9.61,123.11507,1.80666262870987,0.301501502
11,WIH2.2020,-89.3862128,43.2952051,144,2020-05-23,11,16.12,20.17,11.58,14.51,32.78,15.72,3.86,7.52,1.04,0.03,6.79,1.33,10.63,90.04,0.7,0.74,0,3.32,5.46,0.211301971,14.944,40.502,1.424,60.85078352,62.5436,5.74076503663825,14.7907833009661,40.501764487359,0.211301970819295,0.115416161896925,6.70707225146423,0.0829277485357691,7.875,0.357954545454545,8.59,117.684,1.89765079365079,0.466501241
12,WIH2.2020,-89.3862128,43.2952051,145,2020-05-24,12,20.12,26.69,12.35,17.84,32.91,21.6,15.72,10,1.32,0.03,0.18,4.22,13.25,87.12,0.7,0.72,0,1.55,-4.04,0.424806187,14.973,40.605,5.797,67.49229856,67.7424,7.88312649640213,14.8191275739726,40.6048483103625,0.424806186720988,0.141130484023684,9.51050060805923,-9.33050060805923,11.52,0.523636363636364,14.34,172.48896,1.29973958333333,0.497017893
13,WIH2.2020,-89.3862128,43.2952051,146,2020-05-25,13,22.26,25.99,17.53,20,32.99,23.64,20.44,11.09,1.47,0.04,0.31,4.32,14.98,86.72,0.69,0.71,0,2.86,-4.01,0.343322873,15.002,40.704,7.533,71.04047328,70.66,8.62256957959936,14.8466201157037,40.7041191486149,0.343322872556004,0.159220073016704,10.5812467097476,-10.2712467097476,13.76,0.625454545454545,8.46,206.42752,1.09026162790698,0.498203055
14,WIH2.2020,-89.3862128,43.2952051,147,2020-05-26,14,22.89,27.03,17.38,20.51,33.14,23.54,20.76,10.99,1.44,0.03,0.66,3.9,15.48,86.83,0.68,0.71,0,2.74,-3.24,0.365113087,15.029,40.8,7.647,72.10084313,71.4736,8.58136975821961,14.873243386862,40.7995645440373,0.36511308696989,0.163037562129148,10.5684881165705,-9.90848811657045,14.205,0.645681818181818,9.65,213.486945,1.0580077437522,0.480122324
15,WIH2.2020,-89.3862128,43.2952051,148,2020-05-27,15,22.45,26.1,19.13,19.67,32.98,23.26,12.89,10.73,1.41,0.04,4.05,3.19,14.67,85.02,0.68,0.72,0,2.13,0.86,0.507363884,15.056,40.891,4.746,71.2227601,70.7312,8.47494103014238,14.8989801090164,40.8911727058826,0.507363884043127,0.166622930589998,10.4713222295454,-6.42132222954541,14.615,0.664318181818182,6.97,220.04344,1.03017447827574,0.477951002
16,WIH2.2020,-89.3862128,43.2952051,149,2020-05-28,16,19.27,22.5,13.96,18.14,32.81,5.69,0.22,3.04,0.45,0.01,34.24,0.46,13.43,93.16,0.7,0.8,0,1.43,33.78,0.077793186,15.082,40.979,0.081,66.35923268,67.0004,2.07219887160468,14.9238133000162,40.9789324956702,0.0777931858421428,0.13152566534215,2.47932789328409,31.7606721067159,10.23,0.465,8.54,154.28886,1.47429130009775,0.157758173
17,WIH2.2020,-89.3862128,43.2952051,150,2020-05-29,17,14.69,18.33,10.48,11.23,28.36,19.51,18.02,8.91,1.22,0.03,0.05,3.34,8.48,81.17,0.72,0.74,0,3.41,-3.29,0.354684215,15.107,41.063,6.63,58.39622427,59.9328,7.10204620729592,14.947726309811,41.0628334133931,0.354684215257134,0.106235668482571,8.20355317842079,-8.15355317842079,6.405,0.291136363636364,7.85,96.760335,2.35862607338017,0.606535058
18,WIH2.2020,-89.3862128,43.2952051,151,2020-05-30,18,13.51,18.76,8.27,9.25,25.98,29.96,35.9,13.22,1.7,0.04,0,4.02,7.37,77.05,0.71,0.72,0,2.64,-4.02,0.4610719,15.131,41.143,13.203,56.53031045,58.04,10.9015804126686,14.9707028565443,41.1428655849609,0.46107190000429,0.100985074783729,12.4794238527213,-12.4794238527213,5.515,0.250681818181818,10.49,83.447465,2.74360834088849,
19,WIH2.2020,-89.3862128,43.2952051,152,2020-05-31,19,13.37,19.53,6.16,8.4,25.6,31.05,41.16,13.75,1.77,0.04,0,4.13,6.99,74.14,0.7,0.72,0,1.89,-4.13,0.505950392,15.154,41.219,15.132,56.34107282,57.594,11.2939166946063,14.9927270627797,41.2190197508394,0.505950392478871,0.097179554455487,12.8380572599283,-12.8380572599283,5.765,0.220227272727273,13.37,87.36281,2.62862098872506,
20,WIH2.2020,-89.3862128,43.2952051,153,2020-06-01,20,17.69,22.84,11.15,14.97,31.85,16.63,11,7.86,1.05,0.02,0.42,2.17,11.14,84.06,0.69,0.72,0,4.89,-1.75,0.352045357,15.176,41.291,4.043,63.32983186,64.2792,6.04677732423777,15.0137834917114,41.2912872558332,0.352045356583791,0.122855173937166,7.16915201684004,-6.74915201684004,8.995,0.408863636363636,11.69,136.50812,1.68715953307393,0.444318824
21,WIH2.2020,-89.3862128,43.2952051,154,2020-06-02,21,24.02,29.29,18.88,21.64,32.96,28.48,32.73,13.17,1.7,0.04,7.52,5.06,16.74,87.25,0.69,0.73,0,3.21,2.46,0.540660944,15.198,41.36,12.027,74.0273255,73.0104,10.35221885683,15.0338571832062,41.3596600399562,0.540660943507294,0.180029967596634,12.9410734845661,-5.42107348456614,16.085,0.731136363636364,10.41,244.45983,0.944855455393223,0.548293089
22,WIH2.2020,-89.3862128,43.2952051,155,2020-06-03,22,22.18,27.06,17.14,17.4,30.96,28.46,28.6,12.87,1.68,0.04,7.27,6.63,12.76,76.12,0.69,0.74,0,2.08,0.64,0.779026072,15.218,41.424,10.507,70.09522184,69.644,10.3419549495645,15.0529336895191,41.4241306303267,0.779026071516904,0.162129910339293,12.768310125658,-5.49831012565796,14.1,0.640909090909091,9.92,214.5738,1.07929078014184,0.58025248
23,WIH2.2020,-89.3862128,43.2952051,156,2020-06-04,23,22.16,28.13,15.05,16.78,30.21,29.12,32.51,13.06,1.69,0.04,0,8.33,12.29,74,0.68,0.71,0,1.52,-8.33,0.848833977,15.237,41.485,11.941,69.902016,69.4008,10.5790225628404,15.0709991105174,41.4846921340182,0.848833977125671,0.157781778987199,13.0187436489579,-13.0187436489579,13.59,0.617727272727273,13.08,207.07083,1.12119205298013,0.589350181
24,WIH2.2020,-89.3862128,43.2952051,157,2020-06-05,24,21.42,25.95,15.9,18.3,31.43,24.2,20.41,11.2,1.49,0.03,3.14,5.38,13.54,83.27,0.68,0.71,0,3.02,-2.24,0.475850525,15.255,41.541,7.495,69.40065966,69.208,8.78957170484704,15.08804012825,41.5413382317932,0.47585052463094,0.152260496040173,10.7682512077843,-7.6282512077843,12.925,0.5875,10.05,197.170875,1.18027079303675,0.522875817
25,WIH2.2020,-89.3862128,43.2952051,158,2020-06-06,25,18.02,23.13,12.63,13.15,28.77,29.34,33.04,13.26,1.73,0.04,0.01,6.97,9.6,74.72,0.67,0.69,0,2.64,-6.96,0.634202232,15.272,41.594,12.131,63.54113856,63.954,10.6542284728123,15.1040440406932,41.5940631726441,0.63420223220401,0.129017370655043,12.7466759894465,-12.7366759894465,9.88,0.449090909090909,10.5,150.88736,1.54574898785425,0.735849057
26,WIH2.2020,-89.3862128,43.2952051,159,2020-06-07,26,16.56,22.74,11.13,12.94,31.09,26.21,26.95,12.15,1.58,0.04,0.1,4.06,9.58,79.95,0.66,0.69,0,3.31,-3.96,0.552909209,15.289,41.643,9.895,61.3880728,62.4184,9.51589159749727,15.1189987945043,41.642861769062,0.552909209338706,0.12244659574275,11.2929837582617,-11.1929837582617,8.935,0.406136363636364,11.61,136.607215,1.71113598209289,0.733695652
27,WIH2.2020,-89.3862128,43.2952051,160,2020-06-08,27,21.5,28.25,13.85,17.03,30.15,30.5,40.17,13.98,1.81,0.05,0,8.93,12.53,77.38,0.65,0.68,0,3.24,-8.93,0.76776488,15.304,41.688,14.747,69.119993,68.8308,11.0716808933426,15.1328930166158,41.6877293929517,0.767764880298362,0.153285677686452,13.5837696482559,-13.5837696482559,13.05,0.593181818181818,14.4,199.7172,1.17272030651341,0.650232558
28,WIH2.2020,-89.3862128,43.2952051,161,2020-06-09,28,22.13,27.08,16.57,19.93,32.96,13.65,4.49,6.54,0.9,0.02,19.57,3.47,15.25,87.73,0.65,0.73,0,4.35,16.1,0.40564858,15.318,41.729,1.648,70.90041251,70.5048,4.95436503920604,15.1457160445045,41.7286619721135,0.405648579635499,0.159772928296087,6.11246522057191,13.4575347794281,13.825,0.628409090909091,10.51,211.77135,1.10799276672694,0.295526435
29,WIH2.2020,-89.3862128,43.2952051,162,2020-06-10,29,19.5,25.93,13.49,16.99,31.93,14.25,10.85,6.85,0.94,0.03,21.69,4.32,12.69,85.94,0.68,0.76,0,3.93,17.37,0.510488912,15.331,41.766,3.983,66.396297,66.8164,5.17156430931004,15.1574579549734,41.7656559872089,0.510488911597384,0.142594085768651,6.283544704192,15.406455295808,11.71,0.532272727272727,12.44,179.52601,1.30922288642186,0.351282051
30,WIH2.2020,-89.3862128,43.2952051,163,2020-06-11,30,17.42,23.92,10.71,12.73,27.62,27.53,32.95,12.29,1.59,0.04,0.56,6.88,9.38,75.97,0.69,0.71,0,3.93,-6.32,0.657077529,15.343,41.799,12.095,62.64812426,63.2028,9.99021434732982,15.1681095912885,41.7987084691313,0.657077529418911,0.125053843475588,11.9018932055627,-11.3418932055627,9.315,0.423409090909091,13.21,142.920045,1.647128287708,0.705510907
31,WIH2.2020,-89.3862128,43.2952051,164,2020-06-12,31,17.17,23.9,9.39,12.78,28.67,28.5,31.99,12.88,1.67,0.04,0.14,6.65,9.41,76.39,0.67,0.7,0,2.25,-6.51,0.595985918,15.353,41.828,11.742,62.26893137,62.9708,10.3415242494459,15.1776625885196,41.8278169967048,0.59598591835891,0.120488012009806,12.2474392436901,-12.1074392436901,8.645,0.392954545454545,14.51,132.726685,1.77593984962406,0.750145603
32,WIH2.2020,-89.3862128,43.2952051,165,2020-06-13,32,12.43,18.73,6.6,6.92,25.67,30.74,38.59,13.66,1.76,0.04,0,5.43,6.27,71.14,0.66,0.69,0,3.15,-5.43,0.571274344,15.363,41.853,14.165,54.94955498,56.1212,11.1538295783947,15.1861093969413,41.8529796946352,0.571274344010315,0.0961782327253506,12.6840375764563,-12.6840375764563,5.365,0.212045454545455,12.13,82.422495,2.86356011183597,
33,WIH2.2020,-89.3862128,43.2952051,166,2020-06-14,33,13.14,19.48,6.64,7.02,25.26,31.77,43.6,14.09,1.81,0.04,0,6.36,6.31,69.16,0.65,0.68,0,3.04,-6.36,0.617457023,15.372,41.874,16.006,56.05026776,56.8672,11.5272828785725,15.1934433033598,41.8741952316449,0.617457023353496,0.0983871955668482,13.1673839594552,-13.1673839594552,5.74,0.23,12.84,88.23528,2.6780487804878,
34,WIH2.2020,-89.3862128,43.2952051,167,2020-06-15,34,15.46,22.34,7,9.96,27.66,27.96,28.55,12.62,1.63,0.04,0,6.58,7.78,72.03,0.64,0.67,0,2.73,-6.58,0.625844291,15.379,41.891,10.481,59.54678962,60.2456,10.144846268743,15.199658450241,41.8914628187261,0.625844290514744,0.107843182032196,11.7885984017534,-11.7885984017534,7.17,0.303181818181818,15.34,110.26743,2.14490934449093,0.816300129
35,WIH2.2020,-89.3862128,43.2952051,168,2020-06-16,35,18.37,25.76,9.62,12.04,27.41,30.86,38.67,13.71,1.75,0.04,0,8.81,9.1,68.27,0.63,0.66,0,2.36,-8.81,0.849247459,15.385,41.905,14.197,63.83287701,63.9044,11.1972561538697,15.2047498525265,41.9047822074525,0.849247458615033,0.127672788284278,13.3851993304871,-13.3851993304871,9.69,0.440454545454546,16.14,149.08065,1.58771929824561,0.746325531
36,WIH2.2020,-89.3862128,43.2952051,169,2020-06-17,36,20.84,27.15,13.17,16.1,29.08,30.07,34.14,13.4,1.71,0.04,0,9.92,11.67,76.26,0.62,0.66,0,2.34,-9.92,0.725715044,15.391,41.914,12.536,68.00887816,67.836,10.9110162572043,15.2087134120378,41.9141536882979,0.725715044008335,0.146111831753091,13.3049490938733,-13.3049490938733,12.16,0.552727272727273,13.98,187.15456,1.26570723684211,0.642994242
37,WIH2.2020,-89.3862128,43.2952051,170,2020-06-18,37,21.83,27.78,14.38,16.93,29.51,29.45,31.77,13.07,1.68,0.04,0,10.54,12.35,75.38,0.61,0.65,0,2.28,-10.54,0.755942521,15.395,41.92,11.667,69.49385946,69.1248,10.6866540180837,15.2115459293817,41.9195780889164,0.755942520517059,0.153532587615313,13.1189515496644,-13.1189515496644,13.08,0.594545454545455,13.4,201.3666,1.1769877675841,0.598717361
38,WIH2.2020,-89.3862128,43.2952051,171,2020-06-19,38,23.29,27.98,17.28,17.48,32.96,20.76,13.36,9.71,1.3,0.03,0.24,10.5,12.79,70.9,0.6,0.64,0,1.62,-10.26,0.876463806,15.397,41.921,4.907,71.3736839,70.7828,7.53385035751625,15.213245113285,41.9210567723459,0.876463805574178,0.166755354503556,9.34678020081016,-9.10678020081016,14.63,0.665,10.7,225.25811,1.05242652084757,0.416917132
39,WIH2.2020,-89.3862128,43.2952051,172,2020-06-20,39,21.41,26.19,16.93,19.61,34.34,12.33,2.02,6.15,0.87,0.02,12.62,2.35,14.69,89.62,0.61,0.7,0,2.59,10.27,0.381829772,15.399,41.919,0.742,69.82220558,69.6696,4.47501370857875,15.2138095873005,41.9185916351063,0.381829771594711,0.157529105465853,5.5112484867844,7.1087515132156,13.56,0.616363636363636,9.26,208.81044,1.13561946902655,0.287248949
40,WIH2.2020,-89.3862128,43.2952051,173,2020-06-21,40,21.32,27.27,14.37,17.3,31.25,27.82,27.79,12.64,1.65,0.04,0.17,9.33,12.74,79.4,0.61,0.66,0,1.91,-9.16,0.654902805,15.4,41.912,10.211,68.9737992,68.748,10.09807302971,15.213238893845,41.9121851051735,0.654902804859403,0.151403828704008,12.3696300965959,-12.1996300965959,12.82,0.582727272727273,12.9,197.428,1.201248049922,0.592870544
41,WIH2.2020,-89.3862128,43.2952051,174,2020-06-22,41,19.17,22.33,14.49,18.15,33.11,8.36,0.04,4.38,0.65,0.01,22.82,0.59,13.5,93.81,0.63,0.74,0,2.61,22.23,0.090327287,15.399,41.902,0.015,66.21641323,66.904,3.03491253840906,15.2115334955425,41.9018401398146,0.0903272870818985,0.132831654318064,3.64820475151001,19.17179524849,10.41,0.473181818181818,7.84,160.30359,1.4792507204611,0.228482003
42,WIH2.2020,-89.3862128,43.2952051,175,2020-06-23,42,16.98,21.83,12.42,14,29.93,21.82,17.43,10,1.35,0.03,1.75,5,10.26,83.76,0.63,0.68,0,2.93,-3.25,0.430652063,15.397,41.888,6.407,62.15634352,63.22,7.92248863855489,15.2086947738662,41.8875602232851,0.430652062954324,0.123744395544828,9.41747204385836,-7.66747204385836,9.125,0.414772727272727,9.41,140.497625,1.68734246575342,0.588928151
43,WIH2.2020,-89.3862128,43.2952051,176,2020-06-24,43,17.54,22.28,11.58,13.81,30.21,24.92,21.36,11.35,1.5,0.03,0.77,6.74,10.11,79.92,0.62,0.67,0,2.33,-5.97,0.447775327,15.395,41.869,7.854,62.95662832,63.7116,9.04962110415219,15.2047250250858,41.8693493643938,0.447775326561747,0.122412599653413,10.7366846520655,-9.96668465206549,8.93,0.405909090909091,10.7,137.47735,1.72396416573348,0.64709236
44,WIH2.2020,-89.3862128,43.2952051,177,2020-06-25,44,19.94,24.99,12.08,14.85,28.9,31.02,39.78,13.91,1.79,0.04,0,9.15,10.81,74.15,0.61,0.66,0,1.48,-9.15,0.598968843,15.391,41.847,14.631,66.4856049,66.486,11.2669977285579,15.1996274535471,41.8472120939511,0.598968842512569,0.133745041040365,13.5507454636241,-13.5507454636241,10.535,0.478863636363636,12.91,162.144185,1.4609397247271,0.697592778
45,WIH2.2020,-89.3862128,43.2952051,178,2020-06-26,45,21.96,26.5,16.9,20.06,33.18,9.38,1.21,4.72,0.67,0.01,12.17,3.79,15.3,89.06,0.61,0.7,0,2.73,8.38,0.346791464,15.385,41.821,0.445,70.71402024,70.3816,3.407704905405,15.1934061623225,41.821153462127,0.346791464268259,0.158711180339359,4.19674095247087,7.97325904752913,13.7,0.622727272727273,9.6,210.7745,1.12299270072993,0.214936248
46,WIH2.2020,-89.3862128,43.2952051,179,2020-06-27,46,23.15,27.06,18.56,18.83,31.54,28.52,29.68,12.93,1.67,0.04,0.08,10.44,13.97,78.17,0.61,0.66,0,1.68,-10.36,0.683633188,15.379,41.791,10.922,71.78858145,71.1288,10.3635890717313,15.1860661412927,41.7911790357503,0.683633187591369,0.168351383904028,12.8557043223084,-12.7757043223084,14.81,0.673181818181818,8.5,227.76299,1.03841998649561,0.558531317
47,WIH2.2020,-89.3862128,43.2952051,180,2020-06-28,47,22.48,27.71,17.06,18.89,32.98,24.39,17.66,11.17,1.45,0.03,0.21,8.71,14.11,80.92,0.6,0.65,0,2.98,-8.5,0.648460506,15.372,41.757,6.501,70.94614784,70.4804,8.86508544577925,15.177613252728,41.7572948955933,0.648460506462865,0.164603520015423,10.9633152226277,-10.7533152226277,14.385,0.653863636363636,10.65,221.12622,1.06861313868613,0.496886121
48,WIH2.2020,-89.3862128,43.2952051,181,2020-06-29,48,24.37,27.58,20.31,22.94,35.18,11.33,4.38,5.59,0.77,0.02,8.37,2.67,18.09,91.82,0.6,0.69,0,2.85,5.7,0.236734938,15.363,41.72,1.613,75.06220866,73.8284,4.11927330875429,15.16805421446,41.7195076336905,0.236734938370273,0.178715133707374,5.14386313373705,3.22613686626295,15.945,0.724772727272727,7.27,244.963035,0.963499529633114,0.229380386
49,WIH2.2020,-89.3862128,43.2952051,182,2020-06-30,49,25.05,29.81,20.7,21.9,33.18,26.41,22.17,12.16,1.57,0.04,0.18,10.14,16.88,83.68,0.6,0.66,0,2.46,-9.96,0.691411833,15.354,41.678,8.167,75.3764816,74.134,9.60479223503878,15.1573965807408,41.677824350747,0.691411833405564,0.191340591549539,12.0834159824846,-11.9034159824846,17.255,0.784318181818182,9.11,264.93327,0.889829035062301,0.485429142
50,WIH2.2020,-89.3862128,43.2952051,183,2020-07-01,50,23.59,28.52,18.74,18.96,32.9,26.38,21.63,12.06,1.57,0.04,0,11.95,14.07,76.4,0.59,0.64,0,2.18,-11.95,0.837006123,15.343,41.632,7.971,72.3252324,71.6156,9.59693957905342,15.1456487209047,41.6322526537021,0.837006122759198,0.175786335466915,11.9533467230805,-11.9533467230805,15.63,0.710454545454545,9.78,239.81109,0.981637875879719,0.511233574
51,WIH2.2020,-89.3862128,43.2952051,184,2020-07-02,51,24.14,28.88,17.64,16.98,32.14,26.75,25.35,12.07,1.54,0.04,0,10.62,12.37,65.5,0.58,0.63,0,0.96,-10.62,1.06254694,15.331,41.583,9.346,72.140483,71.4528,9.73486449156728,15.1328197959561,41.5828006535152,1.06254693966864,0.172397961216131,12.0928185242442,-12.0928185242442,15.26,0.693636363636364,11.24,233.95106,1.00465268676278,0.5
52,WIH2.2020,-89.3862128,43.2952051,185,2020-07-03,52,24.96,29.73,19.03,20.49,33.75,26.42,25.4,12.2,1.58,0.04,0.42,10.08,15.57,76.56,0.57,0.63,0,1.53,-9.66,0.779472162,15.318,41.529,9.369,74.48780224,73.5364,9.61827329790653,15.1189197332185,41.5294769632481,0.779472162061106,0.18282722603671,12.0263909096964,-11.6063909096964,16.38,0.744545454545455,10.7,250.90884,0.935164835164835,0.488782051
53,WIH2.2020,-89.3862128,43.2952051,186,2020-07-04,53,25.17,29.55,19.71,19.55,33.04,27.97,31.77,12.85,1.66,0.04,0,12.37,14.51,72.39,0.56,0.62,0,1.5,-12.37,0.941736592,15.304,41.472,11.724,74.37428737,73.408,10.1865060189868,15.1039591991882,41.4722906965223,0.94173659239487,0.18522637699057,12.7508673293668,-12.7508673293668,16.63,0.755909090909091,9.84,254.50552,0.920264582080577,0.510528407
54,WIH2.2020,-89.3862128,43.2952051,187,2020-07-05,54,24.93,29.54,19.2,21.32,33.74,26.84,27.83,12.45,1.61,0.04,0.3,10.22,16.27,81.3,0.55,0.61,0,1.72,-9.92,0.642342908,15.289,41.411,10.275,74.9328091,73.8052,9.77899851220464,15.0879495707437,41.4112514664309,0.642342908156917,0.182731807436213,12.2168443632999,-11.9168443632999,16.37,0.744090909090909,10.34,250.28093,0.933964569334148,0.499398315
55,WIH2.2020,-89.3862128,43.2952051,188,2020-07-06,55,25.65,29.98,21.37,22.14,34.59,23.66,22.17,11.1,1.44,0.04,5.58,8.22,17.1,81.51,0.55,0.63,0,1.7,-2.64,0.724545671,15.273,41.346,8.189,76.11881185,74.8204,8.62415655916482,15.0709029048693,41.3463693849895,0.724545670544349,0.195544121049931,10.8508613242632,-5.27086132426318,17.675,0.803409090909091,8.61,269.950275,0.864101838755304,0.432748538
56,WIH2.2020,-89.3862128,43.2952051,189,2020-07-07,56,25.2,28.98,21.6,22.48,34.53,22.4,20.15,10.54,1.41,0.04,17.29,5.68,17.46,85.37,0.57,0.69,0,1.39,11.61,0.568303303,15.256,41.278,7.447,75.8021976,74.4928,8.16866738679036,15.0528319070539,41.2776550632077,0.568303303234592,0.191687953665214,10.2507565867598,7.03924341324022,17.29,0.785909090909091,7.38,263.77624,0.88235974551764,0.418253968
57,WIH2.2020,-89.3862128,43.2952051,190,2020-07-08,57,25.62,30,20.73,23.05,34.35,26.56,24.48,12.26,1.58,0.04,0.48,8.39,18.13,86.44,0.57,0.64,0,1.85,-7.91,0.526598663,15.238,41.205,9.053,76.61574872,75.118,9.69045596921334,15.033749898531,41.2051196118688,0.526598663008241,0.192434089757491,12.1596463042983,-11.6796463042983,17.365,0.789318181818182,9.27,264.60787,0.877512237258854,0.478532397
58,WIH2.2020,-89.3862128,43.2952051,191,2020-07-09,58,24.85,28.76,21.7,22.19,35.04,13.79,4.26,6.59,0.89,0.02,12.85,5.48,17.21,85.71,0.57,0.65,0,1.98,7.37,0.59848764,15.219,41.129,1.576,75.25791565,74.0384,5.03390927368217,15.0136707825287,41.1287746430972,0.598487640390804,0.1910928004652,6.30846430559441,6.54153569440559,17.23,0.783181818181818,7.06,262.22337,0.883284968078932,0.265191147
59,WIH2.2020,-89.3862128,43.2952051,192,2020-07-10,59,22.39,25.9,18.97,19.22,32.62,27.35,30.51,12.55,1.65,0.04,27.47,8.75,14.28,83.12,0.61,0.73,0,4.03,18.72,0.539699987,15.198,41.049,11.296,70.97420232,70.5092,9.98931836973581,14.9926090096963,41.0486322727983,0.539699987388996,0.165040755251292,12.2979292626259,15.1720707373741,14.435,0.656136363636364,6.93,219.38313,1.05285763768618,0.560518088
60,WIH2.2020,-89.3862128,43.2952051,193,2020-07-11,60,22.05,27.01,17.22,18.87,32.6,24.02,18.87,11.16,1.48,0.03,0.3,7.61,13.98,82.95,0.6,0.65,0,2.27,-7.31,0.586517248,15.177,40.965,6.991,70.40622025,70.0432,8.77812545045773,14.9705795428762,40.9647051240462,0.586517248139605,0.162259313004306,10.7774401751087,-10.4774401751087,14.115,0.641590909090909,9.79,214.223355,1.07523910733262,0.506122449
61,WIH2.2020,-89.3862128,43.2952051,194,2020-07-12,61,21.39,24.59,17.7,17.14,31.24,26.7,27.16,12.16,1.57,0.03,0.04,10.28,12.51,77.65,0.59,0.63,0,2.18,-10.24,0.603297258,15.155,40.877,10.069,68.96519165,68.7604,9.76345622266138,14.947597821387,40.877006331498,0.603297257579963,0.154068712638655,11.899448810005,-11.859448810005,13.145,0.5975,6.89,199.212475,1.15290985165462,0.568489949
62,WIH2.2020,-89.3862128,43.2952051,195,2020-07-13,62,21.69,26.08,15.67,17.34,31.73,25.47,26.86,11.63,1.52,0.03,0,10.79,12.66,77.33,0.57,0.63,0,1.46,-10.79,0.598944617,15.132,40.786,9.965,69.41585823,69.1324,9.3196273390442,14.9236797249798,40.7855495469006,0.598944616873205,0.151852049550289,11.3292652286835,-11.3292652286835,12.875,0.585227272727273,10.41,194.8245,1.17530097087379,0.536191793
63,WIH2.2020,-89.3862128,43.2952051,196,2020-07-14,63,22.66,26.56,17.85,19.28,34.27,20.32,9.12,9.47,1.26,0.03,2.94,8.32,14.34,81.8,0.56,0.62,0,3.84,-5.38,0.5233787,15.108,40.69,3.386,71.3077212,70.8008,7.44020309209319,14.8988415376272,40.6903489457587,0.523378700459158,0.163037562129148,9.1228410589937,-6.1828410589937,14.205,0.645681818181818,8.71,214.60914,1.0635691657867,0.417917034
64,WIH2.2020,-89.3862128,43.2952051,197,2020-07-15,64,20.01,22.45,17.11,18.12,34.56,7.73,0.61,3.99,0.57,0.01,24.46,1.72,13.3,89.18,0.59,0.73,0,2.22,22.74,0.254678996,15.084,40.591,0.227,67.42182882,67.7332,2.83234891709751,14.8730999112973,40.5914192352206,0.254678996455315,0.143136535586251,3.41038595378666,21.0496140462133,11.78,0.535454545454546,5.34,177.68952,1.2804753820034,0.1994003
65,WIH2.2020,-89.3862128,43.2952051,198,2020-07-16,65,21.13,26.89,15.7,16.79,31.16,26.44,28.79,11.9,1.57,0.04,0.08,10.94,12.18,78.28,0.6,0.66,0,1.14,-10.86,0.750949794,15.058,40.489,10.707,68.59641836,68.3744,9.69505026396711,14.8464718298616,40.4887756632338,0.750949793736835,0.155311966460677,11.7961392284476,-11.7161392284476,13.295,0.604318181818182,11.19,200.19611,1.13260624294848,0.563180312
66,WIH2.2020,-89.3862128,43.2952051,199,2020-07-17,66,23,28.32,16.3,19.8,32.3,25.96,23.19,11.89,1.54,0.04,0.01,8.96,14.84,82.94,0.58,0.63,0,2.5,-8.95,0.542671699,15.032,40.382,8.632,71.955018,71.328,9.52643368762377,14.8189745732765,40.3824340290157,0.542671698655693,0.16394950118931,11.6631861854002,-11.6531861854002,14.31,0.650454545454546,12.02,215.10792,1.05045422781272,0.516956522
67,WIH2.2020,-89.3862128,43.2952051,200,2020-07-18,67,26.31,30.29,22.06,24.04,35.95,15.5,11.84,7.53,1,0.02,3.38,9.17,19.31,87.7,0.57,0.64,0,4.23,-5.79,0.49278053,15.004,40.272,4.411,77.9131313,76.1644,5.69259932837475,14.7906256821723,40.2724106948739,0.492780530076789,0.200649438371057,7.12812005282633,-3.74812005282633,18.175,0.826136363636364,8.23,272.6977,0.825529573590096,0.286202965
68,WIH2.2020,-89.3862128,43.2952051,201,2020-07-19,68,23.65,26.04,18.75,19.31,32.34,27.78,33.22,12.69,1.65,0.04,1.6,11.35,14.54,77.62,0.57,0.63,0,4.05,-9.75,0.526106019,14.976,40.159,12.388,72.5303987,71.8016,10.2113029961338,14.7614429229742,40.1587225994063,0.526106018996126,0.164690888731631,12.4879538712116,-10.8879538712116,14.395,0.654318181818182,7.29,215.57952,1.04036123654047,0.536575053
69,WIH2.2020,-89.3862128,43.2952051,202,2020-07-20,69,20.35,24.35,15.54,16.27,31.79,21.08,14.25,9.82,1.28,0.03,0.09,8.4,11.78,78.48,0.56,0.61,0,1.82,-8.31,0.55646198,14.947,40.041,5.319,67.3718332,67.4072,7.75544670211367,14.7314442536735,40.0413872720966,0.556461980320437,0.144422080647669,9.31200330958838,-9.22200330958838,11.945,0.542954545454546,8.81,178.541915,1.25131854332357,0.482555283
70,WIH2.2020,-89.3862128,43.2952051,203,2020-07-21,70,21.28,26.04,15.29,18.77,33.37,17.39,8.51,8.31,1.12,0.03,0.49,7.57,13.95,86.24,0.55,0.61,0,2.83,-7.08,0.387349042,14.917,39.92,3.18,69.37283328,69.2372,6.40384662354989,14.7006477903557,39.9204228493174,0.387349042221721,0.150146674490379,7.72339429335334,-7.23339429335334,12.665,0.575681818181818,10.75,188.923805,1.17781287011449,0.390507519
71,WIH2.2020,-89.3862128,43.2952051,204,2020-07-22,71,21.08,24.36,16.91,17.49,32.33,25.61,26.31,11.68,1.55,0.04,0.2,10.31,12.81,81.04,0.54,0.6,0,2.63,-10.11,0.489114105,14.887,39.796,9.842,68.69847968,68.5764,9.44005332619403,14.6690717745856,39.7958480917394,0.489114105166271,0.149904376710518,11.3716293504786,-11.1716293504786,12.635,0.574318181818182,7.45,188.097245,1.17823506133755,0.554079696
72,WIH2.2020,-89.3862128,43.2952051,205,2020-07-23,72,20.61,25.29,15.92,17.21,32.47,21.33,18.53,9.81,1.31,0.03,0.07,9.75,12.47,81.86,0.54,0.59,0,1.6,-9.68,0.552278163,14.855,39.668,6.939,67.99075254,68.0056,7.87042571840799,14.6367345417387,39.6676824031367,0.552278163483259,0.149662409654118,9.46909138517805,-9.39909138517805,12.605,0.572954545454546,9.37,187.247275,1.17850059500198,0.475982533
73,WIH2.2020,-89.3862128,43.2952051,206,2020-07-24,73,22.03,26.86,15.38,18.44,31.97,27.07,30.76,12.5,1.61,0.04,0,9.61,13.56,81.35,0.53,0.59,0,1.39,-9.61,0.520035055,14.823,39.536,11.533,70.25344095,69.8684,9.99902540711171,14.60365449036,39.5359458505704,0.520035055244818,0.153862323745523,12.0621944843371,-12.0621944843371,13.12,0.596363636363637,11.48,194.47776,1.12980182926829,0.56740808
74,WIH2.2020,-89.3862128,43.2952051,207,2020-07-25,74,25.36,30.24,19.22,22.19,35.01,23.5,16.14,10.96,1.44,0.04,0.02,11.53,17.21,83.33,0.52,0.58,0,3.26,-11.51,0.590055205,14.791,39.401,6.059,75.84657312,74.5484,8.68999360190791,14.5698500526209,39.4006591859192,0.590055205060034,0.186193437634089,10.719402558487,-10.699402558487,16.73,0.760454545454545,11.02,247.45343,0.884100418410042,0.432176656
75,WIH2.2020,-89.3862128,43.2952051,208,2020-07-26,75,25.77,28.1,23.4,24.11,36.9,19.29,12.84,9.24,1.24,0.03,18.28,3.93,19.29,90.73,0.53,0.66,0,3.36,14.35,0.336376289,14.757,39.262,4.826,77.34661979,75.6496,7.14145527890824,14.5353396659375,39.261843868719,0.336376289370399,0.196302872178333,8.85039889770823,9.42960110229177,17.75,0.806818181818182,4.7,261.93675,0.831380281690141,0.358556461
76,WIH2.2020,-89.3862128,43.2952051,209,2020-07-27,76,22.46,25.74,18.88,18.11,31.61,26.16,29.64,11.96,1.57,0.04,0.47,10.71,13.35,77.8,0.54,0.61,0,3.03,-10.24,0.667228825,14.723,39.12,11.155,70.6663412,70.1796,9.6965322632257,14.5001417458034,39.1195220902643,0.667228825213425,0.16394950118931,11.7530412407577,-11.2830412407577,14.31,0.650454545454545,6.86,210.68613,1.02886093640811,0.532502226
77,WIH2.2020,-89.3862128,43.2952051,210,2020-07-28,77,21.96,26.18,15.78,18.42,33.38,21.94,20.11,10.24,1.38,0.03,2.67,6.69,13.64,81.28,0.53,0.59,0,2.44,-4.02,0.475987967,14.689,38.974,7.579,70.13515712,69.7912,8.14256920055093,14.4642746598817,38.9737167989107,0.47598796742499,0.152710859542852,9.76649324932414,-7.09649324932414,12.98,0.59,10.4,190.66322,1.13166409861325,0.466302368
78,WIH2.2020,-89.3862128,43.2952051,211,2020-07-29,78,22.77,27.45,17.05,18.12,32.05,25.31,25.12,11.45,1.49,0.03,0.04,10.15,13.31,76.51,0.53,0.59,0,1.41,-10.11,0.722578976,14.653,38.824,9.481,71.04988373,70.4932,9.4055809141916,14.4277567033923,38.8244517265147,0.722578976338958,0.163427867244507,11.366583787525,-11.326583787525,14.25,0.647727272727273,10.4,208.80525,1.02828070175439,0.502854633
79,WIH2.2020,-89.3862128,43.2952051,212,2020-07-30,79,21.28,25.07,16.63,17.67,31.99,21.67,21.3,9.83,1.3,0.03,0.05,8.2,12.92,80.74,0.52,0.57,0,2.43,-8.15,0.515317229,14.617,38.672,8.051,69.00063728,68.8412,8.06388183222101,14.3906060758241,38.6717514159329,0.51531722885169,0.151648173928926,9.63724816318452,-9.58724816318452,12.85,0.584090909090909,8.44,187.82845,1.13750972762646,0.46193609
80,WIH2.2020,-89.3862128,43.2952051,213,2020-07-31,80,20.38,24.27,15.02,15.57,31.24,23.55,19.79,10.8,1.42,0.03,0,8.6,11.27,75.14,0.51,0.56,0,1.74,-8.6,0.601117543,14.581,38.516,7.492,67.22317668,67.1852,8.77589964138651,14.3528408589913,38.5156412494984,0.601117543028603,0.14209194116429,10.379166650656,-10.379166650656,11.645,0.529318181818182,9.25,169.795745,1.25212537569772,0.529931305
81,WIH2.2020,-89.3862128,43.2952051,214,2020-08-01,81,21.29,25.65,16.31,15.52,32.02,21.13,11.14,9.73,1.3,0.03,0,7.84,11.27,70.74,0.5,0.55,0,1.01,-7.84,0.810250828,14.544,38.356,4.224,68.33902054,68.0772,7.88569658528498,14.3144789964485,38.3561474783811,0.810250827731181,0.152710859542852,9.4059253581686,-9.4059253581686,12.98,0.59,9.34,188.78112,1.12049306625578,0.457022076
82,WIH2.2020,-89.3862128,43.2952051,215,2020-08-02,82,19.46,24.48,13.52,16.66,33.24,12.01,4.96,5.85,0.83,0.02,8.64,5.86,12.2,84.61,0.5,0.59,0,3.13,2.78,0.413845937,14.506,38.193,1.884,66.26382494,66.6576,4.48898699526983,14.2755382742709,38.193297252733,0.413845936933622,0.13718969922629,5.266303976476,3.373696023524,11,0.5,10.96,159.566,1.31872727272727,0.30061665
83,WIH2.2020,-89.3862128,43.2952051,216,2020-08-03,83,15.66,19.23,11.68,11.92,31.37,13.59,3.23,6.37,0.9,0.02,2.78,4.34,8.84,79.37,0.51,0.59,0,3.1,-1.56,0.405986447,14.468,38.027,1.229,59.93973858,61.1512,5.08762536358248,14.2360363032,38.0271186525135,0.405986447026798,0.112726936254733,5.77486192365062,-2.99486192365062,7.455,0.338863636363636,7.55,107.85894,1.94071093226023,0.406768838
84,WIH2.2020,-89.3862128,43.2952051,217,2020-08-04,84,16.32,20.52,10.68,10.9,28.32,23.58,26.55,10.48,1.35,0.03,0,7.56,8.27,71.84,0.5,0.55,0,2.35,-7.56,0.545802447,14.429,37.858,10.119,60.85312512,61.444,8.84211085752495,14.1959905021493,37.8576407188794,0.545802447450826,0.11364927900741,10.034080286236,-10.034080286236,7.6,0.345454545454545,9.84,109.6604,1.89855263157895,0.642156863
85,WIH2.2020,-89.3862128,43.2952051,218,2020-08-05,85,18.81,24.08,11.84,12.4,30.15,20.24,13.21,9.11,1.2,0.03,0,7.53,9.15,68.05,0.49,0.54,0,1.37,-7.53,0.753041577,14.39,37.685,5.044,64.47715295,64.474,7.6026660950332,14.1554180830595,37.6848934860229,0.753041576694848,0.129587090775958,8.79920043726835,-8.79920043726835,9.96,0.452727272727273,12.24,143.3244,1.44477911646586,0.484316853
86,WIH2.2020,-89.3862128,43.2952051,219,2020-08-06,86,19.8,25.24,13.77,13.76,30.72,23.54,26.55,10.72,1.38,0.03,0,9.63,10.01,69.88,0.49,0.53,0,1.16,-9.63,0.820219833,14.351,37.509,10.158,66.0430376,65.9536,8.85793503225701,14.1143360370867,37.5089080133345,0.820219833147982,0.141015480093767,10.3634714794318,-10.3634714794318,11.505,0.522954545454545,11.47,165.108255,1.24737070838766,0.541414141
87,WIH2.2020,-89.3862128,43.2952051,220,2020-08-07,87,20.9,26.37,14.01,16.76,31.73,24.52,27.4,11.24,1.45,0.03,0.21,8.71,12.14,78.39,0.48,0.52,0,2.69,-8.5,0.609180869,14.311,37.33,10.504,68.2389049,68.1336,9.24368400907144,14.0727611221049,37.3297164177593,0.609180868560901,0.146348935267195,10.8517125904961,-10.6417125904961,12.19,0.554090909090909,12.36,174.45109,1.17399507793273,0.537799043
88,WIH2.2020,-89.3862128,43.2952051,221,2020-08-08,88,23.13,27.98,18.63,20.13,34.67,20.2,19.19,9.45,1.23,0.03,2.44,4.87,15.22,83.53,0.48,0.53,0,3.49,-2.43,0.604170953,14.27,37.147,7.372,72.21779411,71.5768,7.62962430581206,14.0307098514966,37.1473519062175,0.604170952815289,0.172807094063817,9.13438195855367,-6.69438195855367,15.305,0.695681818181818,9.35,218.40235,0.932375040836328,0.408560311
89,WIH2.2020,-89.3862128,43.2952051,222,2020-08-09,89,23.91,27.18,21.08,22.27,34.84,10.47,2.58,5.09,0.69,0.02,7.75,2.49,17.23,90.67,0.48,0.58,0,3.05,5.26,0.363440353,14.229,36.962,0.993,74.16369503,73.1272,3.96236776170467,13.9881984842054,36.9618488079519,0.363440352613987,0.180454320875361,4.75877963181864,2.99122036818136,16.13,0.733181818181818,6.1,229.51377,0.882145071295722,0.212881639
90,WIH2.2020,-89.3862128,43.2952051,223,2020-08-10,90,22.9,27.76,16.89,21.13,33.66,9.86,6.53,4.72,0.63,0.01,6.74,1.89,16.28,89.92,0.49,0.61,0,2.75,4.85,0.318901465,14.188,36.773,2.519,72.3762032,71.7068,3.73913439205499,13.9452430160198,36.7732426066631,0.318901464872237,0.164080129118145,4.43029884915648,2.30970115084352,14.325,0.651136363636364,10.87,203.2431,0.99043630017452,0.206113537
91,WIH2.2020,-89.3862128,43.2952051,224,2020-08-11,91,20.47,26.46,13.06,13.44,26.95,28.11,41.55,12.38,1.58,0.04,0.07,10.1,9.82,67.15,0.49,0.55,0,1.55,-10.03,0.937338524,14.146,36.582,16.067,66.88639895,66.5084,10.6824628254721,13.9018591720536,36.5815699722929,0.937338523871551,0.142981372033223,12.3998965617521,-12.3298965617521,11.76,0.534545454545455,13.4,166.35696,1.20289115646259,0.604787494
92,WIH2.2020,-89.3862128,43.2952051,225,2020-08-12,92,21.57,27.47,15.45,15.06,29.52,25.97,33.83,11.81,1.52,0.03,0,10.12,10.92,67.92,0.48,0.52,0,1.71,-10.12,0.998133653,14.104,36.387,13.113,68.56298056,68.1916,9.89076258779667,13.8580624003882,36.3868687923137,0.998133653285835,0.156689328153684,11.5999243574278,-11.5999243574278,13.46,0.611818181818182,12.02,189.83984,1.04784546805349,0.547519703
93,WIH2.2020,-89.3862128,43.2952051,226,2020-08-13,93,20.85,26.76,16.1,16.82,31.59,23.62,24.62,10.74,1.35,0.03,1.28,5.1,12.24,78.64,0.47,0.52,0,1.83,-3.82,0.756929202,14.061,36.189,9.566,68.1754556,68.1052,9.01605328504812,13.8138678668401,36.1891782023802,0.756929201813109,0.156438133867138,10.5480374643411,-9.26803746434112,13.43,0.610454545454545,10.66,188.83923,1.0469843633656,0.515107914
94,WIH2.2020,-89.3862128,43.2952051,227,2020-08-14,94,23.02,28.91,16.63,18.21,31.41,25.16,32.12,11.48,1.44,0.03,0.04,9.02,13.38,75.97,0.47,0.51,0,1.65,-8.98,0.847396488,14.018,35.989,12.511,71.39590106,70.7756,9.62626883622523,13.7692904508119,35.9885386162014,0.847396487637741,0.167995601042271,11.3381897281852,-11.2981897281852,14.77,0.671363636363636,12.28,207.04586,0.949085985104943,0.498696785
95,WIH2.2020,-89.3862128,43.2952051,228,2020-08-15,95,20.65,24.31,16.29,16.03,32.86,15.91,11.34,7.3,0.98,0.02,1.9,6.9,11.69,76.47,0.46,0.51,0,2.82,-5,0.624272479,13.975,35.785,4.429,67.72443445,67.6208,6.10184085960722,13.7243447421902,35.7849917544887,0.624272479008246,0.147221101542689,7.04702894726659,-5.14702894726659,12.3,0.559090909090909,8.02,171.8925,1.13617886178862,0.353510896
96,WIH2.2020,-89.3862128,43.2952051,229,2020-08-16,96,20.32,26.53,13.79,15.19,30.26,25.06,32.75,11.45,1.46,0.03,0.01,8.29,11,74.72,0.46,0.49,0,2.16,-8.28,0.796231507,13.931,35.579,12.823,67.10551296,66.9884,9.63492253487176,13.6790450392459,35.5785806728404,0.796231507410381,0.146111831753091,11.0881950213657,-11.0781950213657,12.16,0.552727272727273,12.74,169.40096,1.14564144736842,0.563484252
97,WIH2.2020,-89.3862128,43.2952051,230,2020-08-17,97,20.7,26.03,16.73,15.48,31.43,21.1,22.62,9.72,1.27,0.03,0.03,6.56,11.19,73.77,0.45,0.48,0,2.22,-6.53,0.877319165,13.888,35.369,8.882,67.6355761,67.4728,8.13316768764506,13.633405347498,35.3693497884217,0.877319165288086,0.156020232939368,9.41936218069634,-9.38936218069634,13.38,0.608181818181818,9.3,185.82144,1.03796711509716,0.469565217
98,WIH2.2020,-89.3862128,43.2952051,231,2020-08-18,98,19.26,24.04,13.52,12.62,28.54,24.53,31.76,11.01,1.41,0.03,0.01,7.23,9.3,68.13,0.44,0.47,0,1.94,-7.22,0.809316207,13.843,35.157,12.505,65.14862962,65.0032,9.48023489478014,13.587439379497,35.1573449053017,0.809316207316376,0.135550720029965,10.7371508449635,-10.7271508449635,10.78,0.49,10.52,149.22754,1.28413729128015,0.57165109
99,WIH2.2020,-89.3862128,43.2952051,232,2020-08-19,99,20.46,27.12,12.57,14.06,30.54,24.93,35.52,11.47,1.47,0.03,0,7.62,10.26,68.8,0.44,0.47,0,1.87,-7.62,0.918467927,13.799,34.943,14.027,66.9699152,66.7216,9.66101562999756,13.5411605554881,34.9426132383147,0.918467927287857,0.143641801604759,11.0043140368849,-11.0043140368849,11.845,0.538409090909091,14.55,163.449155,1.16496411988181,0.560606061
100,WIH2.2020,-89.3862128,43.2952051,233,2020-08-20,100,21.47,27.73,15.45,15.01,30.57,23.71,24.29,10.74,1.39,0.03,0.29,7.24,10.91,68.78,0.43,0.45,0,3.06,-6.95,1.031669612,13.754,34.725,9.621,68.47455534,68.0736,9.21395723231516,13.4945820049095,34.7252034353116,1.03166961185997,0.157781778987199,10.6000828268129,-10.3100828268129,13.59,0.617727272727273,12.28,186.91686,1.01206769683591,0.500232883
101,WIH2.2020,-89.3862128,43.2952051,234,2020-08-21,101,22.15,28.69,15.2,15.59,29.83,24.19,30.47,10.88,1.39,0.03,0,6.56,11.36,68.54,0.43,0.44,0,2.57,-6.56,1.059704542,13.709,34.505,12.106,69.4700739,68.9624,9.42758158559493,13.4477165686874,34.5051655976754,1.05970454174573,0.160797845079821,10.8411827387634,-10.8411827387634,13.945,0.633863636363636,13.49,191.172005,0.983076371459304,0.491196388
102,WIH2.2020,-89.3862128,43.2952051,235,2020-08-22,102,22.38,28.07,17.45,17,32.65,16.12,8.59,7.51,1,0.02,0.24,4,12.47,72.88,0.42,0.44,0,2.35,-3.76,0.956763003,13.664,34.283,3.424,70.15339856,69.7,6.30108582552526,13.4005768022847,34.2825512989774,0.956763003465086,0.167906754556387,7.2638984539314,-7.0238984539314,14.76,0.670909090909091,10.62,201.68064,0.925745257452575,0.335567471
103,WIH2.2020,-89.3862128,43.2952051,236,2020-08-23,103,24.57,30.57,18.28,19.16,33.57,22.78,27.52,10.54,1.34,0.03,0.27,5.92,14.22,74.05,0.42,0.43,0,1.39,-5.65,1.022734508,13.618,34.057,11.004,73.62469415,72.6676,8.93154511349673,13.3531749794639,34.0574136016536,1.02273450803477,0.183257129615147,10.3722488377345,-10.1022488377345,16.425,0.746590909090909,12.29,223.67565,0.82910197869102,0.428978429
104,WIH2.2020,-89.3862128,43.2952051,237,2020-08-24,104,25.97,32.67,20.13,20.65,34.87,16.11,10.73,7.22,0.89,0.02,4.4,4.82,15.6,75.38,0.42,0.45,0,1.78,-0.42,1.213396224,13.573,33.83,4.305,75.93678414,74.604,6.33618680220754,13.3055230967252,33.8298070715911,1.2133962235118,0.202983161948964,7.41763760411443,-3.01763760411443,18.4,0.836363636363636,12.54,249.7432,0.737663043478261,0.278013092
105,WIH2.2020,-89.3862128,43.2952051,238,2020-08-25,105,24.62,29.71,20.54,21.48,35.2,18.53,15.67,8.56,1.08,0.03,24.68,3.44,16.42,83.61,0.45,0.63,0,1.99,21.24,0.733988462,13.527,33.6,6.309,74.66490418,73.5528,7.31147288096144,13.2576328783806,33.5997877905126,0.733988462341919,0.190055027176848,8.47176164145037,16.2082383585496,17.125,0.778409090909091,9.17,231.649875,0.789897810218978,0.347684809
106,WIH2.2020,-89.3862128,43.2952051,239,2020-08-26,106,25.1,31.01,19.67,20.14,32.54,21.9,23.31,9.72,1.18,0.03,0.29,7.78,15.16,75.28,0.45,0.51,0,3.38,-7.49,1.034388465,13.481,33.367,9.418,74.5722872,73.5504,8.66978786929304,13.209515782227,33.367413366062,1.03438846521606,0.192185106445736,10.0247930045609,-9.73479300456086,17.34,0.788181818181818,11.34,233.76054,0.777450980392157,0.387250996
107,WIH2.2020,-89.3862128,43.2952051,240,2020-08-27,107,24.92,30.02,20.62,21.64,35.27,18.89,15.89,8.83,1.14,0.03,21.78,4.43,16.7,82.71,0.46,0.59,0,2.57,17.35,0.752245423,13.434,33.133,6.443,75.06288868,73.9104,7.50359689305688,13.161183005782,33.1327429394917,0.752245422745817,0.191986115186172,8.64597426694851,13.1340257330515,17.32,0.787272727272727,9.4,232.67688,0.775635103926097,0.354333868
108,WIH2.2020,-89.3862128,43.2952051,241,2020-08-28,108,23.98,28.51,19.68,22.01,35.19,12.43,8.15,5.93,0.79,0.02,22.73,4.52,17.12,89.25,0.49,0.68,0,3.02,18.21,0.447441735,13.388,32.896,3.317,74.1491785,73.1036,4.95473583885064,13.1126454930472,32.8958371908654,0.447441735384209,0.180124195545041,5.64843098007324,17.0815690199268,16.095,0.731590909090909,8.83,215.47986,0.831811121466294,0.247289408
109,WIH2.2020,-89.3862128,43.2952051,242,2020-08-29,109,18.5,22.62,13.43,14.06,28.84,23.83,32.77,10.6,1.35,0.03,0.5,6.8,10.35,77.27,0.49,0.56,0,3.65,-6.3,0.538109225,13.341,32.657,13.387,64.3873905,64.7616,9.53288339200494,13.0639139417649,32.6567583416945,0.538109224968395,0.130051557100029,10.3656413817629,-9.86564138176295,10.025,0.455681818181818,9.19,133.743525,1.33077306733167,0.572972973
110,WIH2.2020,-89.3862128,43.2952051,243,2020-08-30,110,17.18,22.89,10.94,12.31,28.25,23.21,31.32,10.43,1.33,0.03,0.01,6.88,9.15,75.25,0.48,0.53,0,1.6,-6.87,0.617630921,13.294,32.416,12.845,62.2537205,62.8116,9.3189205361084,13.0149988111361,32.4155701549332,0.617630920697953,0.122310659423248,9.9985885909128,-9.9885885909128,8.915,0.405227272727273,11.95,118.51601,1.49119461581604,0.607101281
111,WIH2.2020,-89.3862128,43.2952051,244,2020-08-31,111,18,23.96,12.59,14.92,30.42,8.92,4.64,4.26,0.58,0.01,5.67,3.74,10.94,82.97,0.47,0.55,0,3.25,1.93,0.520816188,13.247,32.172,1.911,63.800544,64.5712,3.59488702334303,12.9659103299677,32.1723379322666,0.520816187699109,0.131851138140797,3.88821226140484,1.78178773859516,10.275,0.467045454545455,11.37,136.112925,1.28924574209246,0.236666667
112,WIH2.2020,-89.3862128,43.2952051,245,2020-09-01,112,15.9,21.55,9.97,11.73,30.67,12.56,6.74,5.78,0.77,0.02,7.6,2.94,8.91,78.71,0.47,0.55,0,1.6,4.66,0.521081421,13.2,31.927,2.787,60.3132111,61.3228,5.08135990938521,12.9166585052193,31.9271285086326,0.521081421414225,0.114674466900492,5.35294365990108,2.24705634009892,7.76,0.352727272727273,11.58,102.432,1.70103092783505,0.363522013
113,WIH2.2020,-89.3862128,43.2952051,246,2020-09-02,113,18.81,24.63,13.95,13.8,28.05,23.77,36.88,10.65,1.35,0.03,1.78,6.26,10.15,75.11,0.48,0.58,0,2.79,-4.48,0.768027746,13.152,31.68,15.311,64.78227909,64.978,9.65449835928123,12.8672531309212,31.6800102439262,0.768027746455042,0.139375786932808,10.4470775914004,-8.66707759140035,11.29,0.513181818181818,10.68,148.48608,1.16492471213463,0.566188198
114,WIH2.2020,-89.3862128,43.2952051,247,2020-09-03,114,17.12,20.82,10.92,10.83,28.13,20.63,27.79,9.26,1.19,0.03,0,6.03,8.37,67.56,0.47,0.52,0,4.71,-6.03,0.584722338,13.105,31.431,11.587,61.95672928,62.2188,8.41299301176534,12.8177037974348,31.4310530118452,0.58472233811171,0.115383829803006,8.80154627715021,-8.80154627715021,7.87,0.357727272727273,9.9,103.13635,1.66518424396442,0.54088785
115,WIH2.2020,-89.3862128,43.2952051,248,2020-09-04,115,15.86,22.66,8.14,9.26,27.71,22.65,33.87,10.15,1.28,0.03,0,6.08,7.46,67.41,0.46,0.5,0,2.86,-6.08,0.74920312,13.057,31.18,14.183,60.09128374,60.3936,9.27493928334167,12.7680199010305,31.1803281858408,0.749203120240296,0.112378749283606,9.61960150534607,-9.61960150534607,7.4,0.336363636363636,14.52,96.6218,1.76445945945946,0.639974779
116,WIH2.2020,-89.3862128,43.2952051,249,2020-09-05,116,17.81,22.94,11.26,11.53,29.01,21.44,27.6,9.65,1.21,0.02,0.07,5.7,8.6,68.9,0.46,0.49,0,1.75,-5.63,0.707709777,13.01,30.928,11.61,63.0217791,63.1608,8.81658180473576,12.7182106537578,30.9279086221487,0.707709776674549,0.123572968721133,9.25140557727906,-9.18140557727906,9.1,0.413636363636364,11.68,118.391,1.42967032967033,0.541830432
117,WIH2.2020,-89.3862128,43.2952051,250,2020-09-06,117,19.48,25.55,13.4,17.09,33.13,9.34,3.19,4.52,0.61,0.01,5.7,1.9,12.86,86.17,0.46,0.55,0,4.38,3.8,0.456408829,12.962,30.674,1.348,66.37454684,66.8324,3.85741310178988,12.668285093583,30.6738686398828,0.456408829115629,0.140785710190304,4.11096606381329,1.58903393618672,11.475,0.521590909090909,12.15,148.73895,1.12958605664488,0.232032854
118,WIH2.2020,-89.3862128,43.2952051,251,2020-09-07,118,14.31,17.86,10.18,9.25,29.41,12.36,2.43,5.72,0.76,0.02,0.08,2.79,7.49,72.75,0.46,0.52,0,3.24,-2.71,0.476761408,12.914,30.418,1.032,57.79426975,58.84,5.12723189449868,12.6182520947731,30.4182839981817,0.476761408262197,0.103936545513714,5.17627767780941,-5.09627767780941,6.02,0.273636363636364,7.68,77.74228,2.14518272425249,0.399720475
119,WIH2.2020,-89.3862128,43.2952051,252,2020-09-08,119,10.43,13.25,7.15,8.47,29.9,4.37,0.09,2.19,0.3,0.01,17.4,0.41,7,88.05,0.47,0.6,0,4.19,16.99,0.159731084,12.866,30.161,0.038,51.24892885,54.6792,1.82096959069971,12.568120378503,30.1612318704092,0.159731084451508,0.0833246409838519,1.74988982892854,15.6501101710715,2.625,0.1,6.1,33.77325,,0.209971237
120,WIH2.2020,-89.3862128,43.2952051,253,2020-09-09,120,9.18,12.2,6.6,8.26,30.07,3.22,0.08,1.73,0.24,0.01,9.82,0.1,6.89,93.98,0.49,0.63,0,3.93,9.72,0.106002284,12.817,29.903,0.034,48.83775036,53.3536,1.34795556357996,12.5178985236669,29.9027908154157,0.106002284056705,0.0794817013637735,1.275756301889,8.544243698111,2.1,0.0636363636363636,5.6,26.9157,,0.188453159
121,WIH2.2020,-89.3862128,43.2952051,254,2020-09-10,121,10.02,13.25,7.58,8.53,29.36,5.67,0.05,2.94,0.42,0.01,6.34,0.17,6.98,90.52,0.5,0.62,0,2.63,6.17,0.170334448,12.769,29.643,0.022,50.45124296,54.2908,2.3847507457336,12.4675949778733,29.643040745877,0.170334448433502,0.0843840547405529,2.27677110183619,4.06322889816381,2.625,0.109772727272727,5.67,33.518625,,0.293413174
122,WIH2.2020,-89.3862128,43.2952051,255,2020-09-11,122,13.21,17.34,9.56,10.74,30.63,6.07,0.61,2.98,0.4,0.01,7.09,1.4,8.17,85.67,0.5,0.59,0,3.25,5.69,0.295841417,12.721,29.382,0.264,55.95312693,58.2764,2.56525601857945,12.4172180686061,29.3820628937372,0.295841416968921,0.100610414266851,2.52658934365926,4.56341065634074,5.45,0.247727272727273,7.78,69.32945,2.33412844036697,0.225586677
123,WIH2.2020,-89.3862128,43.2952051,256,2020-09-12,123,17.11,22.04,12.49,16.06,32.33,4.84,1.35,2.46,0.34,0.01,15.4,1,11.74,93.67,0.53,0.68,0,3.33,14.4,0.224182648,12.672,29.12,0.587,62.63095763,64.0916,2.05547114373752,12.366776014533,29.1199397727876,0.224182648405711,0.124708117900606,2.09152841207374,13.3084715879263,9.265,0.421136363636364,9.55,117.40608,1.36772800863465,0.14377557
124,WIH2.2020,-89.3862128,43.2952051,257,2020-09-13,124,15.67,20.53,10.28,12.69,29.46,15.09,10.37,6.78,0.87,0.02,0.04,3.95,9.33,83.34,0.52,0.59,0,2.29,-3.91,0.365970223,12.624,28.857,4.537,60.00386422,61.4384,6.44052382490586,12.3162769369449,28.8567551384247,0.365970223200484,0.112410364848837,6.40913398618338,-6.36913398618338,7.405,0.336590909090909,10.25,93.48072,1.70479405806887,0.432673899
125,WIH2.2020,-89.3862128,43.2952051,258,2020-09-14,125,16.42,22.04,9.89,14.25,30.99,12.04,2.59,5.22,0.59,0.01,0.05,4.12,10.26,85.89,0.51,0.57,0,1.9,-4.07,0.309926944,12.575,28.593,1.139,61.28003662,62.75,5.16495201157817,12.2657288713112,28.5925939446363,0.309926943602751,0.115999456389931,5.14136522895808,-5.09136522895808,7.965,0.362045454545455,12.15,100.159875,1.57878217200251,0.317904994
126,WIH2.2020,-89.3862128,43.2952051,259,2020-09-15,126,18.45,24.06,13.53,15.39,29.47,15.24,12.88,6.47,0.75,0.01,0.01,4.74,11.12,83.76,0.51,0.56,0,4.32,-4.73,0.523931137,12.526,28.328,5.695,64.5660028,65.1904,6.57165130214196,12.2151397789332,28.3275422982752,0.523931137377603,0.135661939290856,6.67159026081833,-6.66159026081833,10.795,0.490681818181818,10.53,135.21817,1.16035201482168,0.350677507
127,WIH2.2020,-89.3862128,43.2952051,260,2020-09-16,127,17.36,22.75,11.65,13.71,30.25,11.3,4.91,4.78,0.52,0.01,0,4.3,10.03,80.65,0.5,0.55,0,3.63,-4.3,0.500094103,12.478,28.062,2.183,62.6894816,63.4956,4.89845982536227,12.1645175586829,28.0616874106855,0.500094102573701,0.124259886759668,4.88030767487317,-4.88030767487317,9.2,0.418181818181818,11.1,114.7976,1.35630434782609,0.275345622
128,WIH2.2020,-89.3862128,43.2952051,261,2020-09-17,128,13.53,18.8,8.79,9.66,26.52,15.83,14.69,6.72,0.8,0.02,0.01,4.05,7.6,78.81,0.49,0.55,0,1.94,-4.04,0.450720996,12.429,27.795,6.569,56.54583307,58.2076,6.89914560384302,12.1138700588123,27.7951175467555,0.45072099621909,0.102612597562464,6.61367157210093,-6.60367157210093,5.795,0.263409090909091,10.01,72.026055,2.14477998274374,0.496674058
129,WIH2.2020,-89.3862128,43.2952051,262,2020-09-18,129,10.3,15.28,5.58,3.43,25.3,19.1,28.06,8.39,1.05,0.02,0,3.35,4.99,66.43,0.49,0.54,0,1.94,-3.35,0.541075109,12.38,27.528,12.619,51.9173771,52.7348,8.36994588386079,12.0632050888177,27.5279219714787,0.541075108878133,0.0844583941461008,7.6710244082458,-7.6710244082458,3.64,0.110454545454545,9.7,45.0632,3.4010989010989,0.814563107
130,WIH2.2020,-89.3862128,43.2952051,263,2020-09-19,130,10.59,17.29,3.57,5.86,24.51,20.1,31.69,8.89,1.1,0.02,0,3.17,5.83,74.82,0.49,0.54,0,2.02,-3.17,0.455201739,12.331,27.26,14.335,52.02284362,53.8996,8.85730634125047,12.0125304313486,27.2601908941108,0.455201738787462,0.0844583941461008,8.07264872281364,-8.07264872281364,4.645,0.110454545454545,13.72,57.277495,2.65468245425188,0.839471199
131,WIH2.2020,-89.3862128,43.2952051,264,2020-09-20,131,12.46,19.02,6.24,6.97,27.08,14.89,12.03,6.33,0.73,0.01,0,3.02,6.29,72.02,0.48,0.53,0,2.88,-3.02,0.575633502,12.282,26.992,5.474,54.97769508,56.1692,6.59869228668584,11.9618538541438,26.9920154100196,0.5756335016847,0.0959845548900456,6.14151393897569,-6.14151393897569,5.51,0.210454545454545,12.78,67.67382,2.22903811252269,0.508025682
132,WIH2.2020,-89.3862128,43.2952051,265,2020-09-21,132,14.2,21.23,7.05,9.07,28.36,14.95,12.42,6.29,0.72,0.01,0.23,3.27,7.39,72.86,0.48,0.53,0,3.39,-3.04,0.610310105,12.234,26.723,5.686,57.6256788,58.6652,6.66350857354663,11.9111831219861,26.7234874403281,0.610310105358525,0.104648571490615,6.26885672223034,-6.03885672223034,6.615,0.279090909090909,14.18,80.92791,1.84943310657596,0.442957746
133,WIH2.2020,-89.3862128,43.2952051,266,2020-09-22,133,17.34,25.24,10.77,13.59,29.06,16.2,17.45,7.02,0.84,0.02,0.61,3.74,9.99,80.2,0.48,0.53,0,1.99,-3.13,0.696475331,12.185,26.455,8.037,62.6444132,63.4324,7.26300142284583,11.8605260086578,26.4546996694613,0.696475331389161,0.129908494352561,7.04552841196802,-6.43552841196802,10.005,0.454772727272727,14.47,121.910925,1.21789105447276,0.404844291
134,WIH2.2020,-89.3862128,43.2952051,267,2020-09-23,134,18.2,25.65,12.01,14.33,28.07,16.81,18.6,7.28,0.88,0.02,0,4.78,10.44,80.47,0.47,0.52,0,1.89,-4.78,0.714816773,12.136,26.186,8.62,64.0338746,64.5588,7.58138645465153,11.8098903088886,26.1857454807113,0.714816773176861,0.135921751506608,7.36097528380659,-7.36097528380659,10.83,0.492272727272727,13.64,131.43288,1.12059095106187,0.4
135,WIH2.2020,-89.3862128,43.2952051,268,2020-09-24,135,17.04,22.42,12.43,15.48,31.87,6.66,1.69,3.17,0.42,0.01,3.27,1.43,11.29,90.08,0.47,0.54,0,2.16,1.84,0.318827598,12.087,25.917,0.788,62.41709568,63.8128,3.02186518190985,11.759283850279,25.9167188899411,0.318827598456141,0.125817301741651,2.88206231780449,0.387937682195512,9.425,0.428409090909091,9.99,113.919975,1.28244031830239,0.186032864
136,WIH2.2020,-89.3862128,43.2952051,269,2020-09-25,136,18.37,23.85,13.2,14.52,29.84,17.62,25.49,7.98,0.97,0.02,0.03,4.11,10.59,79.82,0.47,0.54,0,4.01,-4.08,0.583944093,12.038,25.648,11.964,64.28174466,64.7972,8.043896065748,11.7087145051886,25.6477144775539,0.58394409295806,0.133671774834121,7.69646917033636,-7.66646917033636,10.525,0.478409090909091,10.65,126.69995,1.14375296912114,0.434403919
137,WIH2.2020,-89.3862128,43.2952051,270,2020-09-26,137,19.89,24.1,15.58,16.9,33.17,8.52,0.86,4.02,0.52,0.01,0.16,2.61,12.48,83.21,0.47,0.52,0,4.11,-2.45,0.460477323,11.989,25.379,0.406,66.89683431,67.174,3.91380497128477,11.6581902025744,25.3788273188605,0.460477323277419,0.143602881480198,3.76065638361114,-3.60065638361114,11.84,0.538181818181818,8.52,141.94976,1.01258445945946,0.202111614
138,WIH2.2020,-89.3862128,43.2952051,271,2020-09-27,138,15.64,18.9,11.73,13.54,30.58,3.28,0.35,1.68,0.24,0,5.07,0.6,10.06,87.5,0.48,0.56,0,3.25,4.47,0.229242406,11.94,25.11,0.166,60.00405,61.7144,1.51625194216764,11.6077189397657,25.1101529129795,0.229242405663157,0.111842439151529,1.39187686740327,3.67812313259673,7.315,0.3325,7.17,87.3411,1.63226247436774,0.10741688
139,WIH2.2020,-89.3862128,43.2952051,272,2020-09-28,139,11.35,15.1,7.24,8.7,28.48,8.09,5.83,3.8,0.54,0.01,3.16,1.03,7.22,84.5,0.48,0.56,0,2.94,2.13,0.242415405,11.891,24.842,2.791,52.9048425,55.682,3.76376416596757,11.5573087941624,24.8417871104146,0.242415404940118,0.0881958383446084,3.27954189010633,-0.119541890106333,3.55,0.144090909090909,7.86,42.21305,3.34957746478873,0.334801762
140,WIH2.2020,-89.3862128,43.2952051,273,2020-09-29,140,10.4,14.85,6.09,7.38,28.06,6.44,3.29,3.12,0.45,0.01,0.12,1.36,6.58,82.37,0.48,0.54,0,2.63,-1.24,0.286637687,11.842,24.574,1.585,51.4259052,54.2568,3.01560177814401,11.5069679348399,24.5738260394508,0.28663768727829,0.0846569057309748,2.58778798903935,-2.46778798903935,3.425,0.112272727272727,8.76,40.55885,3.45751824817518,0.3
141,WIH2.2020,-89.3862128,43.2952051,274,2020-09-30,141,10.61,14.73,7.69,7.44,27.04,9.56,9.59,4.42,0.59,0.01,2.7,0.81,6.64,81.65,0.48,0.55,0,4.11,1.89,0.330583641,11.793,24.306,4.653,51.79458435,54.4884,4.50606627742969,11.4567046340484,24.3063660315218,0.330583641138793,0.0884018154379375,3.87736392898184,-1.17736392898184,3.365,0.145909090909091,7.04,39.683445,3.50460624071322,0.416588124
142,WIH2.2020,-89.3862128,43.2952051,275,2020-10-01,142,8.94,12.98,4.61,6.18,28.09,10.6,10.13,4.81,0.64,0.01,4.7,0.61,6.02,83.57,0.48,0.57,0,3.54,4.09,0.225495445,11.744,24.04,4.949,48.98733642,52.3648,5.02960424799015,11.4065272785876,24.0395035457004,0.2254954445333,0.0766769186946704,4.16476109534891,0.535238904651088,2.49,0.0361363636363636,8.37,29.24256,,0.53803132
143,WIH2.2020,-89.3862128,43.2952051,276,2020-10-02,143,6.21,11.39,0.13,0.71,26.04,11.06,7.04,4.95,0.66,0.01,0.01,0.97,4.07,70.98,0.48,0.54,0,1.63,-0.96,0.338766354,11.695,23.773,3.463,45.54373942,47.6656,5.28332580876043,11.3564443810434,23.7733350924668,0.338766353618696,0.0638471644097067,4.14897428237691,-4.13897428237691,1.695,-0.101818181818182,11.26,19.823025,,0.797101449
144,WIH2.2020,-89.3862128,43.2952051,277,2020-10-03,144,6.18,9.66,2.79,3.59,27.22,7.07,0.46,3.38,0.47,0.01,1.85,0.13,5,83.82,0.48,0.54,0,1.39,1.72,0.183310325,11.646,23.508,0.228,44.44781524,48.6724,3.40041051308084,11.3064645908667,23.5079571569149,0.183310324777888,0.065684492176829,2.67239664819217,-0.822396648192174,0.83,-0.0806818181818182,6.87,9.66618,,0.546925566
145,WIH2.2020,-89.3862128,43.2952051,278,2020-10-04,145,5.43,11.31,1.19,0.46,22.25,16.77,27.38,7.21,0.88,0.01,0.02,0.8,3.98,73.39,0.48,0.54,0,2.48,-0.78,0.371324096,11.598,23.243,13.662,44.14875623,46.7956,8.12155664565214,11.2565967052784,23.2434661215566,0.371324095646492,0.0657845420831579,6.34146286895068,-6.32146286895068,1.655,-0.0795454545454545,10.12,19.19469,,
146,WIH2.2020,-89.3862128,43.2952051,279,2020-10-05,146,8.87,15.9,1.43,2.42,24.63,15.98,26.86,7.09,0.86,0.01,0,1.88,4.66,66.7,0.48,0.52,0,4.84,-1.88,0.514885631,11.549,22.98,13.499,49.8037271,50.9412,7.79311504459951,11.2068496799797,22.9799581888861,0.514885630667498,0.0760854029219791,6.26708898856164,-6.26708898856164,3.95,0.0302272727272728,14.47,45.61855,2.92379746835443,0.799323563
147,WIH2.2020,-89.3862128,43.2952051,280,2020-10-06,147,14.02,20.87,7.24,8.54,27.22,15.72,23.4,7.04,0.87,0.02,0.02,2.86,7.14,72.59,0.47,0.51,0,3.63,-2.84,0.629963921,11.5,22.718,11.845,57.35117682,58.2944,7.72054455170906,11.1572326396497,22.7175293038711,0.629963920768248,0.104143792876522,6.58585037206917,-6.56585037206917,6.435,0.275227272727273,13.63,74.0025,1.78710178710179,0.5021398
148,WIH2.2020,-89.3862128,43.2952051,281,2020-10-07,148,13.66,19.46,8.01,7.97,25.58,16.98,31.89,7.48,0.91,0.02,0.01,2.78,6.86,71.24,0.47,0.51,0,2.96,-2.77,0.596777057,11.452,22.456,16.263,56.81135016,57.7292,8.39897433385356,11.1077548882067,22.4562750765322,0.596777057437409,0.10226197728754,7.0895813371549,-7.0795813371549,5.735,0.260681818181818,11.45,65.67722,1.99686137750654,0.547584187
149,WIH2.2020,-89.3862128,43.2952051,282,2020-10-08,149,10.97,17.75,4.91,4.81,24.21,16.71,31.4,7.38,0.89,0.02,0,2.16,5.45,69.47,0.46,0.51,0,1.86,-2.16,0.588478355,11.403,22.196,16.131,52.79614041,53.9016,8.32509807882391,11.0584259188144,22.1962907047809,0.588478354939889,0.0890222089369946,6.78725807903884,-6.78725807903884,4.875,0.151363636363636,12.84,55.589625,2.33907692307692,0.672743847
150,WIH2.2020,-89.3862128,43.2952051,283,2020-10-09,150,16.41,23.88,8.46,12.87,28.71,12,10.88,5.25,0.63,0.01,0,2.26,9.75,80.81,0.46,0.51,0,4.96,-2.26,0.549569351,11.355,21.938,5.631,61.16458179,62.2432,6.02210989942686,11.0092554236067,21.9376708976788,0.549569350534139,0.117337421194282,5.13419831380484,-5.13419831380484,8.17,0.371363636363636,15.42,92.77035,1.38984088127295,0.319926874
151,WIH2.2020,-89.3862128,43.2952051,284,2020-10-10,151,13.77,18.62,7.56,9.18,26.14,14.48,22.35,6.24,0.72,0.01,0,2.31,7.54,76.58,0.46,0.5,0,2.99,-2.31,0.43132934,11.306,21.681,11.655,56.94237534,58.2748,7.32014465057604,10.9602533031087,21.6805097992872,0.431329339703535,0.0985567147675455,6.00337712546177,-6.00337712546177,5.31,0.231363636363636,11.06,60.03486,2.12919020715631,0.453159041
152,WIH2.2020,-89.3862128,43.2952051,285,2020-10-11,152,12.99,20.38,7.19,10.74,29.5,4.74,1.18,2.27,0.31,0.01,0.38,1.49,8.35,87.25,0.46,0.5,0,3.92,-1.11,0.414217121,11.258,21.425,0.62,55.56558725,58.0564,2.41402174369062,10.9114296753272,21.4249009132701,0.414217120756213,0.102554089941731,1.9801297435088,-1.6001297435088,6.19,0.262954545454545,13.19,69.68702,1.81873990306947,0.174749808
153,WIH2.2020,-89.3862128,43.2952051,286,2020-10-12,153,12.19,16.17,6.84,8.85,27.65,5.93,10.24,2.79,0.36,0.01,9.72,0.41,7.6,81.08,0.47,0.57,0,4.99,9.31,0.27802698,11.21,21.171,5.422,54.36427548,56.576,3.04267938535404,10.8627948844848,21.1709370284176,0.278026979652762,0.0899335996877738,2.4137781536549,7.3062218463451,4.085,0.159318181818182,9.33,45.79285,2.74418604651163,0.228876128
154,WIH2.2020,-89.3862128,43.2952051,287,2020-10-13,154,9.89,17.02,5.74,3.27,25.28,12.15,18.71,5.41,0.68,0.01,0.12,1.34,4.92,64.8,0.47,0.53,0,3.82,-1.22,0.65686663,11.162,20.919,9.983,51.3891328,52.2672,6.28119358825014,10.8143595093679,20.9187101452521,0.656866629837496,0.089281799347284,4.93809347967336,-4.81809347967336,4.51,0.153636363636364,11.28,50.34062,2.47494456762749,0.547017189
155,WIH2.2020,-89.3862128,43.2952051,288,2020-10-14,155,10.92,16.59,5.38,5.09,28.03,5.82,0.34,2.82,0.4,0.01,0.92,0.59,5.77,67.86,0.47,0.52,0,4.58,0.33,0.514013559,11.114,20.668,0.183,52.77742888,53.9524,3.03164108650816,10.7661343712615,20.6683114038781,0.514013558580496,0.0872485076417139,2.35392020069537,-1.43392020069537,4.295,0.135681818181818,11.21,47.73463,2.58766006984866,0.258241758
156,WIH2.2020,-89.3862128,43.2952051,289,2020-10-15,156,5.25,9.51,1.33,-2.85,22.72,15.43,29.03,6.6,0.8,0.01,0,0.34,3.18,57.97,0.46,0.51,0,4.6,-0.34,0.435216289,11.066,20.42,15.732,45.27578075,45.424,8.09902658583069,10.7181305414374,20.4198310132373,0.435216289137205,0.0625317592287542,5.75558284546782,-5.75558284546782,0.754999999999999,-0.117272727272727,8.18,8.35482999999999,,
157,WIH2.2020,-89.3862128,43.2952051,290,2020-10-16,157,3.93,10.29,-0.62,-1.5,22.51,12.06,18.77,5.24,0.65,0.01,0.43,0.25,3.46,70.1,0.46,0.51,1,3.01,0.18,0.37064261,11.018,20.173,10.252,42.1863807,44.59,6.37893466117073,10.6703593481659,20.173358181923,0.37064260979257,0.0603227927126871,4.45377667132925,-4.02377667132925,1.145,-0.143863636363636,10.91,12.61561,,
158,WIH2.2020,-89.3862128,43.2952051,291,2020-10-17,158,6.74,14.02,-0.46,2.22,26.94,8.65,4.84,3.95,0.52,0.01,0.99,0.56,4.66,74.62,0.46,0.51,1,4.68,0.43,0.37882512,10.971,19.929,2.664,46.06783412,48.7392,4.61074752798515,10.6228323832168,19.9289810507104,0.378825119973829,0.067936511519483,3.29856835663697,-2.30856835663697,3.01,-0.0554545454545455,14.48,33.02271,3.64485049833887,0.586053412
159,WIH2.2020,-89.3862128,43.2952051,292,2020-10-18,159,3.13,6.86,-0.19,-2.45,23.95,9.84,11.67,4.37,0.56,0.01,0.92,0.06,3.27,68.59,0.46,0.52,1,3.2,0.86,0.287227925,10.924,19.687,6.475,41.15232833,43.448,5.28595789698042,10.5755615078154,19.6867866269516,0.287227924670935,0.0549619128275466,3.53677454351802,-2.61677454351802,0,-0.212045454545455,7.05,0,,
160,WIH2.2020,-89.3862128,43.2952051,293,2020-10-19,160,-0.69,2.79,-4.26,-4.89,24.02,5.46,1.49,2.61,0.37,0.01,0.06,0.04,2.65,75.19,0.46,0.51,1,1.6,0.02,0.171281792,10.876,19.447,0.833,34.47530711,38.7496,2.95605199160741,10.5285588580169,19.4468607209825,0.171281791771182,0.0424262021034493,1.8022791745631,-1.7422791745631,0,-0.397045454545455,7.05,0,,
161,WIH2.2020,-89.3862128,43.2952051,294,2020-10-20,161,2.31,7.26,-3.72,0.4,25.53,5.82,0.52,2.79,0.39,0.01,3.18,0.03,4.05,88.44,0.46,0.53,1,2.29,3.15,0.113091405,10.829,19.209,0.293,37.54671436,43.654,3.17577053507134,10.4818368494643,19.2092878846839,0.11309140479132,0.0498096915335954,2.02874333801878,1.15125666198122,0,-0.283181818181818,10.98,0,,
162,WIH2.2020,-89.3862128,43.2952051,295,2020-10-21,162,5.39,9.99,2.16,2.17,27.76,6.26,4.87,2.87,0.39,0.01,2.5,0.16,4.52,81.49,0.47,0.54,0,2.41,2.34,0.256170144,10.782,18.974,2.767,43.36121789,47.3712,3.44287625849917,10.4354081814898,18.9741513523356,0.256170143611078,0.0650869238480594,2.36048686994465,0.139513130055354,0.995000000000001,-0.0875,7.83,10.72809,,0.532467532
1,WIH2.2021,-89.3317344,43.3200975,144,2021-05-24,1,21.53,26.41,14.17,18.36,34.2,21.01,10.35,9.88,1.32,0.03,0.46,4.61,13.61,83.08,0.51,0.59,0,3.21,-4.15,0.418862868,14.947,40.5,3.82,69.56711276,69.3396,7.674232571366,14.7933279018504,40.5001824387704,0.41886286792486,0.147141632456895,9.30528044641816,-8.84528044641816,12.29,0.558636363636364,12.24,183.69863,1.21619202603743,0.458894566
2,WIH2.2021,-89.3317344,43.3200975,145,2021-05-25,2,22.36,25.48,19.74,19.79,34.29,17.26,8.86,8.21,1.12,0.03,3.89,4.09,14.8,85.95,0.51,0.59,0,4.8,-0.2,0.472126153,14.976,40.603,3.268,71.1469858,70.6844,6.30052436554394,14.8217005138494,40.6033745807053,0.472126152523026,0.166578809017632,7.76995150704229,-3.87995150704229,14.61,0.664090909090909,5.74,218.79936,1.02505133470226,0.367173524
3,WIH2.2021,-89.3317344,43.3200975,146,2021-05-26,3,17.77,21.35,10.49,11.79,27.3,30.51,39.53,13.6,1.76,0.04,0.17,6.92,8.94,70.2,0.51,0.57,0,3.67,-6.75,0.521646605,15.004,40.703,14.572,63.0048946,63.2144,11.1306905766571,14.8492206209171,40.7027504739285,0.52164660536993,0.11570749707029,13.0229281202249,-12.8529281202249,7.92,0.36,10.86,118.83168,1.89444444444444,0.765334834
4,WIH2.2021,-89.3317344,43.3200975,147,2021-05-27,4,7.08,11.55,2.39,3.09,28.88,6.02,0.42,3.19,0.48,0.01,17.6,0.58,4.85,77.48,0.51,0.62,0,5.53,17.02,0.280903163,15.032,40.798,0.155,46.38588816,49.3924,2.19501172019648,14.8758706599579,40.7982975894681,0.280903162925827,0.0687225003352133,2.30245070482287,15.2975492951771,1.775,-0.0468181818181818,9.16,26.6818,,0.450564972
5,WIH2.2021,-89.3317344,43.3200975,148,2021-05-28,5,7.89,13.21,3.18,1.88,27.24,11.65,5.24,5.56,0.79,0.02,0.64,1.94,4.45,68.66,0.53,0.6,0,5.15,-1.3,0.44336682,15.059,40.89,1.93,48.23562126,49.7668,4.24563489879717,14.9016333288616,40.8900040675711,0.443366819840283,0.0739792539473986,4.5382992346096,-3.8982992346096,2.605,0.00886363636363638,10.03,39.228695,,0.70468948
6,WIH2.2021,-89.3317344,43.3200975,149,2021-05-29,6,10.29,18.24,1.15,2.26,22.86,31.73,42.01,13.68,1.75,0.04,0,5.3,4.55,61.69,0.52,0.56,0,2,-5.3,0.660695747,15.085,40.978,15.465,52.09765199,52.3036,11.5578898985753,14.9264916219788,40.9778587027178,0.660695746627876,0.0808807877236441,12.6214141249963,-12.6214141249963,5.12,0.0770454545454545,17.09,77.2352,2.9462890625,
7,WIH2.2021,-89.3317344,43.3200975,150,2021-05-30,7,11.74,17.47,3.16,3.02,26.89,20.78,10.23,9.26,1.25,0.03,0,3.51,4.87,57.36,0.51,0.55,0,1.87,-3.51,0.622445545,15.11,41.062,3.764,54.27364336,54.0272,7.5659013122882,14.9504288660044,41.0618509299076,0.622445545196776,0.0838898836455897,8.33339942146442,-8.33339942146442,4.735,0.105227272727273,14.31,71.54585,3.19112988384372,0.788756388
8,WIH2.2021,-89.3317344,43.3200975,151,2021-05-31,8,15.14,21.51,8.05,9.09,28.36,25.04,16.7,11.09,1.43,0.03,0.16,4.3,7.37,68.83,0.5,0.55,0,2.5,-4.14,0.666127165,15.134,41.142,6.143,59.03736338,59.6124,9.11319143570651,14.9734287561371,41.1419708121829,0.666127164775474,0.108516497994769,10.5692515523504,-10.4092515523504,6.78,0.308181818181818,13.46,102.60852,2.23215339233038,0.732496697
9,WIH2.2021,-89.3317344,43.3200975,152,2021-06-01,9,17.33,23.65,10.36,11.9,27.97,27.71,28.83,12.3,1.58,0.03,0.25,6.89,8.83,72.83,0.5,0.54,0,2.7,-6.64,0.696487707,15.157,41.218,10.602,62.41783461,62.814,10.0810935969292,14.995475392372,41.2182090293457,0.696487706864172,0.122923382610484,11.9467827799275,-11.6967827799275,9.005,0.409318181818182,13.29,136.488785,1.68317601332593,0.709751875
10,WIH2.2021,-89.3317344,43.3200975,153,2021-06-02,10,19.37,25.28,11.85,11.02,27.74,28.26,30.83,12.38,1.59,0.03,0,8.76,8.38,60.63,0.49,0.53,0,1.23,-8.76,0.990381208,15.179,41.291,11.333,64.94620069,64.5372,10.2775992598605,15.0165533157793,41.2905568678189,0.990381207551751,0.133965043809323,12.3481167266484,-12.3481167266484,10.565,0.480227272727273,13.43,160.366135,1.43672503549456,0.639132679
11,WIH2.2021,-89.3317344,43.3200975,154,2021-06-03,11,20.86,27.26,13.84,14.07,30.61,26.44,23.97,11.85,1.54,0.03,0.69,6.74,10.39,66.6,0.48,0.52,0,2.76,-6.05,0.995170532,15.2,41.359,8.809,67.4266324,67.1252,9.61263331729152,15.0366475446151,41.3590062115929,0.995170531844661,0.149219661150037,11.7328389281575,-11.0428389281575,12.55,0.570454545454545,13.42,190.76,1.21115537848606,0.568072867
12,WIH2.2021,-89.3317344,43.3200975,155,2021-06-04,12,23.34,29.59,17.81,15.88,31.1,28.4,33.22,12.95,1.69,0.04,0.38,9.81,11.56,64.44,0.47,0.51,0,4.84,-9.43,1.287439701,15.221,41.424,12.206,70.88037304,70.2568,10.3222230671959,15.0557436101059,41.4235495341957,1.28743970086918,0.176433656199744,12.8742532423713,-12.4942532423713,15.7,0.713636363636364,11.78,238.9697,0.969490445859873,0.554841474
13,WIH2.2021,-89.3317344,43.3200975,156,2021-06-05,13,24.78,31.41,17.49,18.96,31.52,29.33,34.5,13.34,1.72,0.04,0,10.14,14.13,71.84,0.46,0.49,0,4.42,-10.14,1.10667376,15.24,41.484,12.674,73.72261248,72.8056,10.6574449445757,15.0738275917418,41.4841798916173,1.10667376021223,0.183496332868159,13.3566019367806,-13.3566019367806,16.45,0.747727272727273,13.92,250.698,0.926443768996961,0.538337369
14,WIH2.2021,-89.3317344,43.3200975,157,2021-06-06,14,24.84,29.36,19.37,19.28,32.33,27.17,25.17,12.28,1.58,0.04,0.01,9.15,14.34,72.97,0.46,0.48,0,4.2,-9.14,0.933097556,15.258,41.541,9.245,73.93018052,72.9808,9.87025958532061,15.0908861519153,41.5408909161147,0.933097555907082,0.182684113878788,12.3666815118768,-12.3566815118768,16.365,0.743863636363637,9.99,249.69717,0.932355637030247,0.494363929
15,WIH2.2021,-89.3317344,43.3200975,158,2021-06-07,15,23.84,28,20.44,20.61,33.92,21.94,10.7,10.16,1.34,0.03,0.95,4.04,15.56,83.1,0.45,0.49,0,2.79,-3.09,0.663262206,15.275,41.594,3.929,73.3400296,72.4596,7.96865186137454,15.1069065697341,41.5936768108219,0.663262206438877,0.181305557635511,9.97750269315343,-9.02750269315343,16.22,0.737272727272727,7.56,247.7605,0.94173859432799,0.426174497
16,WIH2.2021,-89.3317344,43.3200975,159,2021-06-08,16,25.75,30.55,20.89,20.1,34.01,25.93,23.99,11.92,1.54,0.04,0.33,5.7,15.04,73.17,0.45,0.5,0,1.24,-5.37,1.071680336,15.292,41.643,8.81,75.34705225,74.186,9.41610038256972,15.1218767738422,41.6425323450851,1.0716803357036,0.195999074842854,11.8948991682044,-11.5648991682044,17.72,0.805454545454546,9.66,270.97424,0.862979683972912,0.462912621
17,WIH2.2021,-89.3317344,43.3200975,160,2021-06-09,17,25.76,31.14,20.04,19.75,33.8,28.42,31.2,13.17,1.7,0.04,0.03,8.89,14.68,71.43,0.44,0.48,0,1.85,-8.86,1.133924931,15.307,41.687,11.456,75.16747432,74.07,10.3186688300328,15.1357853740787,41.6874528504417,1.13392493088542,0.194687189477919,13.0276882119648,-12.9976882119648,17.59,0.799545454545455,11.1,269.25013,0.870210346787948,0.511257764
18,WIH2.2021,-89.3317344,43.3200975,161,2021-06-10,18,25.97,31.36,18.79,19.81,33.97,28.61,31.56,13.16,1.69,0.04,0.2,7.08,14.79,71.24,0.44,0.47,0,0.95,-6.88,1.066175567,15.321,41.728,11.588,75.46439772,74.3016,10.3862527970063,15.1486216918104,41.7284342171625,1.06617556705524,0.189562520436566,13.0764940569456,-12.8764940569456,17.075,0.776136363636364,12.57,261.606075,0.897276720351391,0.506738544
19,WIH2.2021,-89.3317344,43.3200975,162,2021-06-11,19,26.61,31.37,21.07,21.33,35.19,20.65,17.99,9.66,1.28,0.03,1.2,4.63,16.34,74.26,0.43,0.47,0,1.44,-3.43,1.005009104,15.334,41.765,6.605,76.79790014,75.4888,7.49570729997855,15.1603757887739,41.7654728912743,1.00500910435363,0.20111436782632,9.49881064424734,-8.29881064424734,18.22,0.828181818181818,10.3,279.38548,0.841602634467618,0.363021421
20,WIH2.2021,-89.3317344,43.3200975,163,2021-06-12,20,23.95,28.47,17.75,16.53,31.72,28.69,33.12,13.13,1.69,0.04,0.33,7.59,12.24,66.34,0.43,0.45,0,3.16,-7.26,1.077393151,15.346,41.799,12.16,71.9424257,71.1008,10.4132064179822,15.1710384942699,41.7985658719846,1.07739315088839,0.171040082270933,12.9574216920193,-12.6274216920193,15.11,0.686818181818182,10.72,231.87806,1.01561879549967,0.54822547
21,WIH2.2021,-89.3317344,43.3200975,164,2021-06-13,21,23.33,29.55,14.74,12.95,29.59,31.46,42.95,14.11,1.82,0.04,0.01,7.32,9.55,56.08,0.42,0.42,0,2.42,-7.31,1.412963425,15.357,41.828,15.769,70.13048936,69.192,11.4178307372126,15.180601430558,41.827710709429,1.4129634249707,0.16251838002337,14.1185276715381,-14.1085276715381,14.145,0.642954545454546,14.81,217.224765,1.08568398727466,0.604800686
22,WIH2.2021,-89.3317344,43.3200975,165,2021-06-14,22,21.39,27.37,15.1,13.1,30.7,26.1,27.46,11.69,1.55,0.04,0.03,5.92,9.61,62.13,0.42,0.41,0,3.43,-5.89,1.172277333,15.366,41.853,10.082,67.89802093,67.306,9.47208763373379,15.1890570363086,41.8529055026684,1.17227733272884,0.154813651319641,11.6394982784282,-11.6094982784282,13.235,0.601590909090909,12.27,203.36901,1.16101246694371,0.546517064
23,WIH2.2021,-89.3317344,43.3200975,166,2021-06-15,23,20.79,26.39,14.38,12.68,30.76,27.11,26.12,12.21,1.59,0.03,0,5.15,9.32,62.92,0.41,0.4,0,2.43,-5.15,1.072346174,15.375,41.874,9.591,67.09259732,66.5548,9.83839377189161,15.1963985879752,41.8741488978641,1.07234617402398,0.147898055780661,12.0154654650255,-12.0154654650255,12.385,0.562954545454546,12.01,190.419375,1.24142107387969,0.587301587
24,WIH2.2021,-89.3317344,43.3200975,167,2021-06-16,24,20.59,27.56,11.7,8.82,29.03,31.31,41.76,14.07,1.82,0.04,0,5.37,7.26,50.05,0.41,0.39,0,1.13,-5.37,1.395391077,15.382,41.891,15.334,66.02299205,64.9652,11.362560897218,15.2026202189645,41.8914400865673,1.39539107735186,0.141976274418002,13.7976193799615,-13.7976193799615,11.63,0.528636363636364,15.86,178.89266,1.32261392949269,0.683341428
25,WIH2.2021,-89.3317344,43.3200975,168,2021-06-17,25,23.62,32.08,14.6,14.37,33.83,22.38,17.21,10.37,1.37,0.04,3.22,4.66,10.93,58.76,0.4,0.39,0,3.8,-1.44,1.581670338,15.388,41.905,6.32,70.76984088,69.9932,8.1219544584646,15.2077169364892,41.9047788040626,1.58167033811633,0.173125874551897,10.1224153372184,-6.90241533721838,15.34,0.697272727272727,17.48,236.05192,1.00312907431552,0.439034716
26,WIH2.2021,-89.3317344,43.3200975,169,2021-06-18,26,24.65,29.1,21.69,17.79,32.7,28.4,32.06,12.89,1.69,0.04,22.59,7.01,13.29,68.47,0.44,0.57,0,2.36,15.58,1.274699559,15.394,41.914,11.775,73.18436645,72.2544,10.3070606389214,15.2116846360038,41.9141653277122,1.27469955943607,0.192733228255976,13.0042403858179,9.58575961418206,17.395,0.790681818181818,7.41,267.77863,0.884966944524289,0.522920892
27,WIH2.2021,-89.3317344,43.3200975,170,2021-06-19,27,22.58,27.22,18.02,16.44,31.14,29.99,34.52,13.51,1.75,0.04,4.47,6.94,12.02,69.89,0.44,0.51,0,1.58,-2.47,0.969047702,15.398,41.92,12.68,70.21888038,69.6984,10.8847282183012,15.2145201131361,41.9196004752579,0.969047701988566,0.16666706202727,13.5015171503864,-9.03151715038635,14.62,0.664545454545455,9.2,225.11876,1.05321477428181,0.598317095
28,WIH2.2021,-89.3317344,43.3200975,171,2021-06-20,28,19.88,23.48,15.85,16.9,32.96,8.06,0.51,4.13,0.59,0.01,8.97,1.6,12.52,83.47,0.43,0.51,0,3.02,7.37,0.420993605,15.401,41.921,0.187,66.89448764,67.164,2.92556216244153,15.2162210730429,41.9210856030397,0.42099360495708,0.14224628754466,3.55282534891572,5.41717465108428,11.665,0.530227272727273,7.63,179.652665,1.32027432490356,0.207746479
29,WIH2.2021,-89.3317344,43.3200975,172,2021-06-21,29,15.92,19.21,10.55,8.83,29.02,25.57,24.21,11.44,1.52,0.04,0.13,4.63,7.49,65.53,0.44,0.5,0,4.9,-4.5,0.615191593,15.402,41.919,8.895,60.15246224,60.2988,9.28210893762321,15.2167861371304,41.9186226041057,0.61519159293084,0.109131700414191,10.8038594203408,-10.6738594203408,6.88,0.312727272727273,8.66,105.96576,2.23866279069767,0.718592965
30,WIH2.2021,-89.3317344,43.3200975,173,2021-06-22,30,16.03,21.61,9.06,7.6,28.24,25.48,24.03,11.17,1.46,0.03,0,4.97,6.68,59.76,0.43,0.45,0,2.41,-4.97,0.823308062,15.403,41.912,8.831,60.22235272,59.966,9.2505052386863,15.2162148471016,41.9122139061896,0.823308061666175,0.111968433761314,10.8146309209083,-10.8146309209083,7.335,0.333409090909091,12.55,112.981005,2.09993183367416,0.696818465
31,WIH2.2021,-89.3317344,43.3200975,174,2021-06-23,31,20.64,25.79,13.87,14.95,34.01,14.87,3.59,7.08,0.99,0.02,0.29,4.63,10.88,71.68,0.43,0.44,0,4.41,-4.34,0.752663355,15.402,41.902,1.32,67.41496448,67.222,5.39927620549899,15.2145076663022,41.9018624695466,0.752663355030977,0.143525068001304,6.56298989720823,-6.27298989720823,11.83,0.537727272727273,11.92,182.20566,1.30194420963652,0.343023256
32,WIH2.2021,-89.3317344,43.3200975,175,2021-06-24,32,22.59,26.23,18.53,19.66,34.76,9.63,0.36,4.72,0.65,0.01,16.43,1.8,14.92,83.94,0.43,0.53,0,3.75,14.63,0.481064399,15.401,41.888,0.132,71.36690554,70.8676,3.49717916628689,15.2116659783598,41.8875717846444,0.481064398736299,0.164559850334772,4.32854473749455,12.1014552625054,14.38,0.653636363636364,7.7,221.46638,1.07100139082058,0.20894201
33,WIH2.2021,-89.3317344,43.3200975,176,2021-06-25,33,24.16,28.13,20.23,19.81,35.32,14.48,3.77,6.83,0.93,0.02,0.23,4.02,14.9,78.31,0.45,0.53,0,1.1,-3.79,0.779262638,15.398,41.869,1.386,73.40176904,72.4916,5.25939387849095,15.2076920831219,41.8693458697161,0.779262638019646,0.180926813230407,6.58337971583453,-6.35337971583452,16.18,0.735454545454545,7.9,249.13964,0.951668726823238,0.282698675
34,WIH2.2021,-89.3317344,43.3200975,177,2021-06-26,34,20.43,23.45,17.74,18.76,34.9,9.52,1.36,4.82,0.7,0.02,28.3,1.4,13.97,90.24,0.47,0.66,0,2.33,26.9,0.293936996,15.394,41.847,0.5,68.19565168,68.3836,3.45850346508342,15.2025891899208,41.8471892681927,0.293936996346305,0.14958182740043,4.22593173820024,24.0740682617998,12.595,0.5725,5.71,193.88743,1.22223104406511,0.235927558
35,WIH2.2021,-89.3317344,43.3200975,178,2021-06-27,35,21.86,25.48,18.39,18.42,33.31,19.06,14.85,8.95,1.21,0.03,2.94,7.35,13.57,81.66,0.48,0.57,0,1.93,-4.41,0.568169077,15.389,41.821,5.464,70.00158724,69.6912,6.92575278128137,15.1963614082037,41.8211070460379,0.56816907660769,0.160712223780793,8.54149770277632,-5.60149770277632,13.935,0.633409090909091,7.09,214.445715,1.1043415859347,0.409423605
36,WIH2.2021,-89.3317344,43.3200975,179,2021-06-28,36,21.35,24.06,17.27,19.43,34.01,16.81,3.92,8.06,1.1,0.03,5.72,2.35,14.4,89.08,0.47,0.56,0,1.73,3.37,0.225862237,15.382,41.791,1.443,69.6834542,69.5448,6.10960926216775,15.1890137355874,41.7911047890207,0.225862236626337,0.150146674490379,7.46579977408106,-1.74579977408106,12.665,0.575681818181818,6.79,194.81303,1.21452822739834,0.377517564
37,WIH2.2021,-89.3317344,43.3200975,180,2021-06-29,37,22.18,25.42,18.83,20.26,34.65,11.54,0.83,5.79,0.82,0.02,9.76,2.19,15.14,89.2,0.48,0.61,0,2.2,7.57,0.334854497,15.375,41.757,0.306,71.0969144,70.6736,4.19529131281297,15.1805520434086,41.7571885999673,0.334854497068581,0.162345629897022,5.17818783836047,4.58181216163953,14.125,0.642045454545455,6.59,217.171875,1.08849557522124,0.261045987
38,WIH2.2021,-89.3317344,43.3200975,181,2021-06-30,38,23.24,28.08,18.1,18.81,31.95,26.64,27.04,12.12,1.56,0.04,0.43,10.18,13.82,77.78,0.48,0.54,0,1.75,-9.75,0.765781667,15.366,41.719,9.959,71.89717128,71.2116,9.68746738557082,15.1709830598586,41.7193650960425,0.765781666689623,0.170859715497416,12.0300263964533,-11.6000263964533,15.09,0.685909090909091,9.98,231.87294,1.0182902584493,0.52151463
39,WIH2.2021,-89.3317344,43.3200975,182,2021-07-01,39,21.04,26,15.03,15.45,30.34,28.85,33.06,13.06,1.69,0.04,0.02,9.78,11.19,72.25,0.46,0.51,0,2.68,-9.76,0.779631331,15.357,41.678,12.182,68.060036,67.802,10.494237539949,15.1603143508005,41.6776414061161,0.779631330724512,0.148938489221627,12.7989790923706,-12.7789790923706,12.515,0.568863636363636,10.97,192.192855,1.22708749500599,0.620722433
40,WIH2.2021,-89.3317344,43.3200975,183,2021-07-02,40,18.67,23.87,11.75,10.88,29.15,28.53,30.92,12.77,1.64,0.04,0,8.51,8.26,62.99,0.45,0.49,0,1.68,-8.51,0.867853281,15.346,41.632,11.397,64.05776067,63.7868,10.3811489444963,15.1485542983853,41.6320251682798,0.867853281435684,0.128520608519532,12.3873570918745,-12.3873570918745,9.81,0.445909090909091,12.12,150.54426,1.56432212028542,0.683985003
41,WIH2.2021,-89.3317344,43.3200975,184,2021-07-03,41,22.47,28.73,15.13,15.37,31.8,26.37,22.82,11.69,1.43,0.03,0,9.03,11.27,65.42,0.44,0.47,0,2.89,-9.03,1.085204023,15.334,41.583,8.415,69.69851526,69.2032,9.59847272431151,15.1357120775886,41.5825245275823,1.08520402325241,0.160669427574415,11.8169779075372,-11.8169779075372,13.93,0.633181818181818,13.6,213.60262,1.10078966259871,0.520249221
42,WIH2.2021,-89.3317344,43.3200975,185,2021-07-04,42,25.04,30.84,18.23,18.44,33.52,24.25,15.36,10.87,1.36,0.03,0,8.45,13.63,68.43,0.43,0.45,0,3.08,-8.45,1.151104472,15.321,41.529,5.667,73.76043328,72.8784,8.83002924508192,15.1217976308065,41.5291481340565,1.15110447206845,0.184311593282937,11.0487978607736,-11.0487978607736,16.535,0.751590909090909,12.61,253.332735,0.926579981856668,0.434105431
43,WIH2.2021,-89.3317344,43.3200975,186,2021-07-05,43,26.79,32.46,21.16,20.54,34.46,25.84,23.73,11.9,1.54,0.04,0.12,8.95,15.49,70.57,0.43,0.43,0,3.85,-8.83,1.278026299,15.307,41.472,8.759,76.62503597,75.3844,9.41264380949263,15.1068216406508,41.4719051411186,1.27802629934082,0.207294465013957,11.9235649240261,-11.8035649240261,18.81,0.855,11.3,287.92467,0.813769271664009,0.444195595
44,WIH2.2021,-89.3317344,43.3200975,187,2021-07-06,44,26.46,32.19,21.16,21.2,34.79,22.91,16.25,10.68,1.39,0.03,8.79,5.72,16.15,74.64,0.42,0.47,0,1.75,3.07,1.141048824,15.292,41.411,6.001,76.61132656,75.292,8.34879020640934,15.0907955010984,41.4108052044174,1.14104882397121,0.205866465735263,10.5640471471309,-1.77404714713094,18.675,0.848863636363636,11.03,285.5781,0.818848728246319,0.403628118
45,WIH2.2021,-89.3317344,43.3200975,188,2021-07-07,45,17.89,21.82,14.43,16.6,34.65,6.39,0.9,3.41,0.5,0.01,13.11,0.48,12.16,92.26,0.45,0.6,0,2.63,12.63,0.240252704,15.276,41.346,0.333,63.93798086,65.066,2.32964428513809,15.0737312871521,41.3458584812197,0.240252704024722,0.130768875387318,2.78188831694646,10.3281116830535,10.125,0.460227272727273,7.39,154.6695,1.50874074074074,0.190609279
46,WIH2.2021,-89.3317344,43.3200975,189,2021-07-08,46,17.4,21.66,12.47,12.79,32.36,12.65,4.93,6.02,0.84,0.02,0.11,5.28,9.41,75.55,0.45,0.52,0,2.27,-5.17,0.540792773,15.259,41.277,1.822,62.604593,63.2044,4.61403490652839,15.0556417231734,41.2770756304143,0.540792772994798,0.123333309600674,5.4567986175423,-5.3467986175423,9.065,0.412045454545455,9.19,138.322835,1.68328736900165,0.345977011
47,WIH2.2021,-89.3317344,43.3200975,190,2021-07-09,47,20,25.63,13.27,14.03,30.9,23.06,14.71,10.4,1.34,0.03,0.01,7.63,10.21,70.48,0.44,0.48,0,0.97,-7.62,0.804776513,15.241,41.204,5.441,66.3764,66.2508,8.41517035075184,15.036540150057,41.2044678132196,0.80477651268201,0.140594477425684,10.1477876671554,-10.1377876671554,11.45,0.520454545454545,12.36,174.50945,1.33109170305677,0.52
48,WIH2.2021,-89.3317344,43.3200975,191,2021-07-10,48,20.04,25.18,13.8,12.85,31.04,20.04,5.15,9.24,1.23,0.03,0.01,6.21,9.46,66.1,0.43,0.46,0,2.44,-6.2,0.906770296,15.221,41.128,1.906,66.1940756,65.866,7.31689179605072,15.0164404914115,41.1280466946788,0.906770296035822,0.140900555497234,8.82156513014095,-8.81156513014095,11.49,0.522272727272727,11.38,174.88929,1.32471714534378,0.461077844
49,WIH2.2021,-89.3317344,43.3200975,192,2021-07-11,49,20.19,25.54,14.58,13,30.34,24.97,17.53,11.06,1.41,0.03,0.01,6.3,9.54,66.2,0.43,0.43,0,3.24,-6.29,0.96764105,15.201,41.048,6.492,66.4194222,66.07,9.12189804964575,14.9953572189181,41.0478244460236,0.967641049706493,0.145323832269962,11.0400338335423,-11.0300338335423,12.06,0.548181818181818,10.96,183.32406,1.26044776119403,0.547795939
50,WIH2.2021,-89.3317344,43.3200975,193,2021-07-12,50,20.06,25.96,14.32,15.52,33.65,14.47,3.55,6.87,0.93,0.02,0.44,4.39,11.23,77.13,0.42,0.43,0,2.43,-3.95,0.729496068,15.18,40.964,1.316,66.83656522,66.8472,5.28914932751151,14.973305317033,40.9638137479861,0.729496068460151,0.145953943347531,6.40151663887117,-5.96151663887117,12.14,0.551818181818182,11.64,184.2852,1.2504118616145,0.342472582
51,WIH2.2021,-89.3317344,43.3200975,194,2021-07-13,51,22.34,28.57,15.42,16.13,34,19.62,8.93,8.84,1.12,0.03,0.04,5.95,11.68,70.6,0.42,0.42,0,1.82,-5.91,0.996136112,15.158,40.876,3.312,69.9139196,69.3468,7.17596368023356,14.9503002472015,40.8760277951331,0.996136112070551,0.161226529749275,8.79605383569986,-8.75605383569986,13.995,0.636136363636364,13.15,212.13621,1.08310110753841,0.395702775
52,WIH2.2021,-89.3317344,43.3200975,195,2021-07-14,52,23.19,29.25,17.68,19.38,33.92,9.32,3.36,4.52,0.59,0.01,34.45,3.04,14.47,80.96,0.43,0.54,0,3.59,31.41,0.793312995,15.135,40.784,1.247,72.09349776,71.3668,3.41094589681583,14.9263579117453,40.7844803012944,0.793312994612728,0.174268429287247,4.21873568678131,30.2312643132187,15.465,0.702954545454546,11.57,234.062775,0.978661493695441,0.1949116
53,WIH2.2021,-89.3317344,43.3200975,196,2021-07-15,53,20.22,24.2,15.77,16.27,32.86,19.03,6.74,8.6,1.1,0.03,5.9,4.27,11.86,79.31,0.47,0.58,0,2.55,1.63,0.555935121,15.111,40.689,2.503,67.21298718,67.2772,6.96930742272434,14.9014946175838,40.6891855061501,0.555935120848717,0.144735194866535,8.40898391383068,-2.50898391383068,11.985,0.544772727272727,8.43,181.105335,1.26082603254068,0.425321464
54,WIH2.2021,-89.3317344,43.3200975,197,2021-07-16,54,20.06,25.46,14.39,14.76,30.84,24.83,20.05,11.05,1.4,0.03,0.01,8.29,10.69,74.06,0.46,0.51,0,2.02,-8.28,0.768367888,15.086,40.59,7.452,66.66589164,66.5736,9.09984880413998,14.8757270399411,40.5901581830344,0.768367887927863,0.144265738591324,10.9668781114265,-10.9568781114265,11.925,0.542045454545455,11.07,179.90055,1.26507337526205,0.550847458
55,WIH2.2021,-89.3317344,43.3200975,198,2021-07-17,55,20.43,26.39,14.95,15.36,30.38,25.52,20.69,11.3,1.42,0.03,0.01,8.19,11.09,74.2,0.45,0.48,0,2.13,-8.18,0.824489416,15.061,40.487,7.697,67.2451694,67.1596,9.35965743542021,14.8490721861888,40.4874136480108,0.824489416471757,0.15018708963269,11.3345738814746,-11.3245738814746,12.67,0.575909090909091,11.44,190.82287,1.1887134964483,0.553108174
56,WIH2.2021,-89.3317344,43.3200975,199,2021-07-18,56,21.32,27.99,13.77,14.17,30.89,25.6,21.82,11.23,1.38,0.03,0,7.62,10.25,65.81,0.44,0.46,0,1.65,-7.62,1.059954217,15.034,40.381,8.124,68.04875508,67.6212,9.39629814158405,14.8215473599633,40.38096777026,1.05995421705769,0.151892852469324,11.3875024966582,-11.3875024966582,12.88,0.585454545454545,14.22,193.63792,1.16723602484472,0.52673546
57,WIH2.2021,-89.3317344,43.3200975,200,2021-07-19,57,22.18,27.82,15.48,15.27,33.35,21.71,10.88,9.5,1.12,0.02,0,6.1,11.07,65.95,0.43,0.44,0,1.37,-6.1,1.014380048,15.007,40.271,4.054,69.3163829,68.8772,7.974994995953,14.7931701256931,40.2708369838193,1.01438004802105,0.158288153438034,9.70998723954061,-9.70998723954061,13.65,0.620454545454545,12.34,204.84555,1.09941391941392,0.428313796
58,WIH2.2021,-89.3317344,43.3200975,201,2021-07-20,58,23.34,29.62,16.59,17.66,33.93,20.05,7.73,8.62,0.99,0.02,0,6.11,12.94,71.92,0.42,0.43,0,2.57,-6.11,0.999394704,14.979,40.157,2.883,71.53910672,70.8976,7.37149391273061,14.763958273661,40.1570383007003,0.999394703894655,0.170994975522345,9.05500107199854,-9.05500107199854,15.105,0.686590909090909,13.03,226.257795,0.991658391261172,0.369323051
59,WIH2.2021,-89.3317344,43.3200975,202,2021-07-21,59,19.17,23.02,15.83,14.09,35.14,13.64,2.32,6.06,0.72,0.02,0.07,2.39,10.19,73.31,0.42,0.43,0,1.95,-2.32,0.697748991,14.95,40.04,0.866,65.25736173,65.4424,5.0193022871408,14.733929785717,40.0395893254044,0.697748990982216,0.140403464585906,6.00124524937993,-5.93124524937993,11.425,0.519318181818182,7.19,170.80375,1.30853391684902,0.316118936
60,WIH2.2021,-89.3317344,43.3200975,203,2021-07-22,60,23,30.04,15.16,17.81,35.82,16.39,4.81,7.46,0.92,0.02,0.2,4.24,13.14,73.86,0.42,0.43,0,1.9,-4.04,0.948409746,14.92,39.919,1.798,71.185942,70.6116,6.03689529893439,14.7031028017532,39.9185082708444,0.948409746068992,0.166490595460599,7.37781676989861,-7.17781676989861,14.6,0.663636363636364,14.88,217.832,1.02191780821918,0.324347826
61,WIH2.2021,-89.3317344,43.3200975,204,2021-07-23,61,26.55,32.28,20.53,20.3,35.06,21.79,13.85,9.75,1.19,0.03,0.04,5.38,15.2,71.14,0.41,0.42,0,2.72,-5.34,1.241216512,14.889,39.794,5.182,76.3312733,75.058,8.03370817979222,14.6714955870357,39.7938139756748,1.24121651235043,0.203035280739531,10.033187642765,-9.99318764276503,18.405,0.836590909090909,11.75,274.032045,0.808964955175224,0.367231638
62,WIH2.2021,-89.3317344,43.3200975,205,2021-07-24,62,26.05,31.48,19.52,20.44,34.58,21.19,15.89,9.89,1.27,0.03,0.95,5.35,15.49,72.73,0.41,0.41,0,3.77,-4.4,1.040496449,14.858,39.666,5.952,75.75681335,74.6084,7.82047088313876,14.6391265004883,39.6655259230179,1.04049644942213,0.193783298732595,9.70856139154245,-8.75856139154245,17.5,0.795454545454545,11.96,260.015,0.849028571428572,0.379654511
63,WIH2.2021,-89.3317344,43.3200975,206,2021-07-25,63,23.98,30.92,16.1,13.78,30.67,26.87,28.6,11.94,1.51,0.04,0,5.52,10.09,56.51,0.4,0.39,0,2.55,-5.52,1.575076197,14.826,39.534,10.726,71.05845702,70.1408,9.92732655961344,14.606013964004,39.533664260569,1.57507619714276,0.174681303004593,12.1662501181069,-12.1662501181069,15.51,0.705,14.82,229.95126,0.955899419729207,0.497914929
64,WIH2.2021,-89.3317344,43.3200975,207,2021-07-26,64,25.45,33.1,16.9,14.33,33.48,23.35,15.57,10.48,1.31,0.03,0.1,4.48,10.44,53.53,0.4,0.37,0,1.97,-4.38,1.8587343,14.793,39.398,5.846,72.74686115,71.8088,8.63643236042518,14.5721764328597,39.3982498220508,1.85873429995582,0.188825776352635,10.6677404849889,-10.5677404849889,17,0.772727272727273,16.2,251.481,0.870176470588235,0.411787819
65,WIH2.2021,-89.3317344,43.3200975,208,2021-07-27,65,26.4,33.05,19.57,18.5,35.49,20.24,16.16,9.29,1.18,0.03,2.02,4.19,13.69,65.05,0.39,0.37,0,2.46,-2.17,1.530688798,14.76,39.259,6.076,75.383318,74.26,7.49482665281042,14.5376323672945,39.2593041499774,1.53068879810674,0.20204694683041,9.31473799757171,-7.29473799757171,18.31,0.832272727272727,13.48,270.2556,0.806116876024031,0.351893939
66,WIH2.2021,-89.3317344,43.3200975,209,2021-07-28,66,26.22,31.44,20.3,21.28,36.45,10.33,1.02,4.71,0.54,0.01,10.72,2.44,16.25,76.38,0.4,0.45,0,1.7,8.28,0.964077496,14.726,39.117,0.384,76.44242764,75.0808,3.82980214307464,14.502400205305,39.1168495196804,0.964077495947186,0.19752202884251,4.74262998394386,5.97737001605614,17.87,0.812272727272727,11.14,263.15362,0.824062674874091,0.179633867
67,WIH2.2021,-89.3317344,43.3200975,210,2021-07-29,67,24.89,28.99,18.43,20.62,34.75,21.14,14.78,9.63,1.22,0.03,6.66,4.24,15.67,78.85,0.42,0.52,0,3.71,2.42,0.632345737,14.691,38.971,5.572,74.61485735,73.5132,7.84743756211044,14.4664983367033,38.9709089645388,0.632345736747686,0.176526294490803,9.58375337380786,-2.92375337380786,15.71,0.714090909090909,10.56,230.79561,0.935136855506047,0.38690237
68,WIH2.2021,-89.3317344,43.3200975,211,2021-07-30,68,18.92,23.69,14.97,11.87,30.81,17.31,6.78,7.87,1.02,0.02,0,2.84,8.88,66.18,0.41,0.43,0,1.55,-2.84,0.924833671,14.656,38.822,2.56,64.55750344,64.3932,6.434123069905,14.4299450784743,38.8215063023466,0.924833670580371,0.139679617942777,7.61026472719019,-7.61026472719019,11.33,0.515,8.72,166.05248,1.29355692850838,0.415961945
69,WIH2.2021,-89.3317344,43.3200975,212,2021-07-31,69,20.41,26.89,12.6,14.51,33.22,21.03,12.02,9.53,1.23,0.03,0.89,3.82,10.6,72.01,0.41,0.41,0,2.4,-2.93,0.848397659,14.62,38.669,4.545,67.08493859,66.8336,7.82751887966143,14.3927586514589,38.6686661627411,0.848397658957733,0.142865092801138,9.27569214208597,-8.38569214208597,11.745,0.533863636363637,14.29,171.7119,1.24478501489996,0.466927976
70,WIH2.2021,-89.3317344,43.3200975,213,2021-08-01,70,19.19,23.8,14.52,13.24,30.27,22.48,17.86,9.93,1.26,0.03,0.69,3.38,9.69,71.21,0.4,0.41,0,2.69,-2.69,0.779346622,14.583,38.512,6.763,65.18941701,65.1564,8.37910178234258,14.3549571583859,38.5124140156101,0.779346622363846,0.138392197290487,9.86993796662139,-9.17993796662139,11.16,0.507272727272727,9.28,162.74628,1.30672043010753,0.517457009
71,WIH2.2021,-89.3317344,43.3200975,214,2021-08-02,71,20.65,25.09,15.4,12.22,29.64,25.47,27.6,11.49,1.47,0.03,0.02,3.39,9.02,60.48,0.4,0.39,0,1.09,-3.37,1.044205957,14.546,38.353,10.468,66.7420888,66.2492,9.50759717370082,14.3165585632647,38.352776200384,1.04420595696479,0.146784470446315,11.2768047607549,-11.2568047607549,12.245,0.556590909090909,9.69,178.11577,1.18791343405472,0.556416465
72,WIH2.2021,-89.3317344,43.3200975,215,2021-08-03,72,21.92,28.25,14.23,12.82,31.62,22.25,16.91,9.97,1.26,0.03,0.2,3.49,9.4,58.94,0.39,0.38,0,1.45,-3.29,1.248695007,14.508,38.19,6.424,68.41723152,67.7352,8.31835559985713,14.2775806721463,38.1897799561143,1.24869500668839,0.154855125903199,9.92291296397,-9.72291296397,13.24,0.601818181818182,14.02,192.08592,1.09577039274924,0.454835766
73,WIH2.2021,-89.3317344,43.3200975,216,2021-08-04,73,22.87,29.36,15.67,13.49,32.68,20.72,10.95,9.05,1.08,0.02,0,3.25,9.82,58.18,0.39,0.37,0,1.33,-3.25,1.388536727,14.47,38.023,4.167,69.67766834,68.9264,7.75869062705298,14.2380411152521,38.0234534522328,1.38853672725857,0.165742371141599,9.32169492116586,-9.32169492116586,14.515,0.659772727272727,13.69,210.03205,0.996899758870134,0.39571491
74,WIH2.2021,-89.3317344,43.3200975,217,2021-08-05,74,23.03,29.35,16.71,15,33.41,16,6.72,7.29,0.93,0.02,0.63,3.25,10.87,63.71,0.39,0.36,0,3.2,-2.62,1.289520159,14.432,37.854,2.562,70.36945887,69.63,6.00117193882585,14.1979573304657,37.8538258198778,1.28952015912651,0.170319577857785,7.22245629822184,-6.59245629822184,15.03,0.683181818181818,12.64,216.91296,0.960212907518297,0.316543639
75,WIH2.2021,-89.3317344,43.3200975,218,2021-08-06,75,21.64,24.04,18.85,19.93,34.44,14.3,3.51,6.6,0.84,0.02,8.07,0.36,14.92,90,0.39,0.45,0,1.97,7.71,0.255824952,14.392,37.681,1.341,70.23964,70.0148,5.37274612835601,14.1573465481761,37.6809271836682,0.255824951828467,0.156563688440007,6.38665630192598,1.68334369807403,13.445,0.611136363636364,5.19,193.50044,1.07043510598736,0.304990758
76,WIH2.2021,-89.3317344,43.3200975,219,2021-08-07,76,23.04,26.81,19.27,21.51,34.17,2.42,0.35,1.3,0.17,0,30.12,0.61,16.48,91.33,0.42,0.59,0,2.75,29.51,0.314236268,14.353,37.505,0.134,72.73421768,71.9836,0.910850789224397,14.1162257774571,37.5047886938046,0.314236268456429,0.170409500601306,1.09246679933608,29.0275332006639,15.04,0.683636363636364,7.54,215.86912,0.954321808510638,0.056423611
77,WIH2.2021,-89.3317344,43.3200975,220,2021-08-08,77,24.63,29.46,21.27,21.74,35.33,13.45,4.1,6.43,0.86,0.02,16.27,4.75,16.74,85.02,0.47,0.63,0,3.53,11.52,0.718631803,14.313,37.325,1.572,74.82346174,73.6564,5.07170218618053,14.0746117935621,37.3254425583638,0.718631803293911,0.192434089757491,6.15765221358478,10.1123477864152,17.365,0.789318181818182,8.19,248.545245,0.824244169306075,0.261063743
78,WIH2.2021,-89.3317344,43.3200975,221,2021-08-09,78,23.47,26.82,19.74,21.98,34.99,11.97,5.29,5.7,0.71,0.02,18.85,2.34,17,91.59,0.48,0.64,0,2.3,16.51,0.27366794,14.272,37.143,2.033,73.49454127,72.5828,4.52224188351598,14.0325211267102,37.1429220756602,0.273667939928753,0.172579697028203,5.41194120965079,13.4380587903492,15.28,0.694545454545455,7.08,218.07616,0.934031413612565,0.24286323
79,WIH2.2021,-89.3317344,43.3200975,222,2021-08-10,79,24.75,30.11,18.29,22.94,34.69,17.11,9.98,7.87,0.98,0.02,7.53,4.11,18.25,90.15,0.48,0.59,0,2.1,3.42,0.386647025,14.231,36.957,3.843,75.54505375,74.2084,6.47689728075313,13.9899700521359,36.9572616665324,0.386647025240483,0.181116101973615,7.78005782539429,-0.250057825394292,16.2,0.736363636363636,11.82,230.5422,0.878456790123457,0.317979798
80,WIH2.2021,-89.3317344,43.3200975,223,2021-08-11,80,25.38,29.96,19.25,23.54,34.75,11.87,7.85,5.63,0.73,0.02,2.08,5.12,18.85,90,0.48,0.57,0,3.53,-3.04,0.330092567,14.19,36.768,3.03,76.60138,75.0544,4.50251172089569,13.9469745813715,36.7684969064214,0.33009256660953,0.184985274294646,5.41045635127045,-3.33045635127045,16.605,0.754772727272727,10.71,235.62495,0.854561878952123,0.221828211
81,WIH2.2021,-89.3317344,43.3200975,224,2021-08-12,81,21.83,28.11,16.33,16.11,31.29,20.94,18.97,9.59,1.26,0.03,0,8.18,11.75,71.17,0.47,0.52,0,2.38,-8.18,0.999454064,14.148,36.577,7.338,69.18603689,68.8296,7.95972924397031,13.903550454728,36.5766645570954,0.999454064079638,0.163167576276456,9.40214448262643,-9.40214448262643,14.22,0.646363636363636,11.78,201.18456,0.99493670886076,0.43930371
82,WIH2.2021,-89.3317344,43.3200975,225,2021-08-13,82,19.76,25.42,14.81,12.36,28.53,25.87,34.59,11.74,1.5,0.03,0.01,9.13,9.11,63.87,0.45,0.49,0,2.21,-9.12,1.030006148,14.105,36.382,13.41,65.66669488,65.4096,9.85522302904753,13.8597131349406,36.3818025978826,1.03000614811021,0.145756785834369,11.4427095190682,-11.4327095190682,12.115,0.550681818181818,10.61,170.882075,1.1642591828312,0.594129555
83,WIH2.2021,-89.3317344,43.3200975,226,2021-08-14,83,20.1,26.1,13.22,10.41,27.22,26.87,37.71,11.92,1.51,0.03,0,8.23,7.97,55.59,0.44,0.47,0,1.3,-8.23,1.188262687,14.063,36.184,14.656,65.6934841,65.0476,10.2592968956949,13.8154778019388,36.1839502562665,1.1882626869642,0.1422076876534,11.8437622142051,-11.8437622142051,11.66,0.53,12.88,163.97458,1.20608919382504,0.593034826
84,WIH2.2021,-89.3317344,43.3200975,227,2021-08-15,84,20.48,26.7,13.51,11.93,28.52,26.17,36.76,11.81,1.49,0.03,0,7.39,8.85,59.73,0.43,0.45,0,1.52,-7.39,1.129632052,14.02,35.983,14.323,66.45778696,65.9748,10.0153379792666,13.7708593487033,35.9831480377016,1.12963205160325,0.145677985940422,11.5745302547481,-11.5745302547481,12.105,0.550227272727273,13.19,169.7121,1.15819909128459,0.576660156
85,WIH2.2021,-89.3317344,43.3200975,228,2021-08-16,85,20.33,26.77,12.96,12.42,28.88,25.06,33.42,11.26,1.43,0.03,0,6.59,9.17,63.22,0.43,0.44,0,1.46,-6.59,1.063766945,13.977,35.779,13.055,66.45093974,66.0012,9.61363239291319,13.7258723781703,35.7794377545068,1.063766945471,0.143797571375281,11.0633912981374,-11.0633912981374,11.865,0.539318181818182,13.81,165.837105,1.17800252844501,0.553861289
86,WIH2.2021,-89.3317344,43.3200975,229,2021-08-17,86,21.83,28.85,13.74,15.04,31.13,23.37,26.79,10.57,1.35,0.03,0,6.19,10.93,67.76,0.42,0.43,0,1.73,-6.19,1.06168074,13.933,35.573,10.493,68.93670792,68.4444,8.9875818592904,13.6805312011391,35.5728625536952,1.06168073975197,0.155311966460677,10.4264664814228,-10.4264664814228,13.295,0.604318181818182,15.11,185.239235,1.04798796540053,0.48419606
87,WIH2.2021,-89.3317344,43.3200975,230,2021-08-18,87,23.77,30,16.79,17.91,32.61,21.97,20.87,9.86,1.25,0.03,0.03,5.74,13.06,72.31,0.42,0.42,0,1.36,-5.71,1.025206558,13.889,35.363,8.197,72.22957613,71.4176,8.47082248343752,13.6348498351449,35.3634669435986,1.02520655791722,0.17362781760801,9.94042704191455,-9.91042704191455,15.395,0.699772727272727,13.21,213.821155,0.902176031178954,0.414808582
88,WIH2.2021,-89.3317344,43.3200975,231,2021-08-19,88,24.73,30.95,18.15,18.51,33.53,22.01,22.14,10,1.26,0.03,0.02,5.56,13.56,71.45,0.41,0.41,0,1.01,-5.54,1.150528703,13.845,35.151,8.72,73.60683915,72.5936,8.50865941169583,13.588842004252,35.1512968191515,1.15052870251534,0.184455779166664,10.0290993630106,-10.0090993630106,16.55,0.752272727272727,12.8,229.13475,0.836555891238671,0.404367165
89,WIH2.2021,-89.3317344,43.3200975,232,2021-08-20,89,25.13,31.09,18.57,18.95,32.82,22.27,22.7,10.06,1.28,0.03,0.16,5.19,14.01,71.29,0.41,0.4,0,2.19,-5.03,1.136812122,13.8,34.936,8.967,74.19685523,73.152,8.6325995300455,13.5425211397268,34.9363994856976,1.13681212153418,0.187164749138004,10.1642890770686,-10.0042890770686,16.83,0.765,12.52,232.254,0.819964349376114,0.400318345
90,WIH2.2021,-89.3317344,43.3200975,233,2021-08-21,90,23.63,28.25,17.13,18.45,34.07,15.14,10.89,7.12,0.94,0.02,3.37,2.89,13.81,73.79,0.41,0.42,0,3.25,0.48,0.771384493,13.756,34.719,4.315,72.15054123,71.472,5.88522046866902,13.4959003815481,34.718823681188,0.771384492992411,0.167285938947749,6.81917244282077,-3.44917244282077,14.69,0.667727272727273,11.12,202.07564,0.93641933287951,0.301311892
91,WIH2.2021,-89.3317344,43.3200975,234,2021-08-22,91,19.53,25.68,13.01,12.88,29.69,24.6,32.55,11.12,1.4,0.03,0,3.63,9.47,67.6,0.4,0.41,0,2.04,-3.63,0.912478827,13.711,34.499,12.936,65.5227572,65.3668,9.59010016498618,13.448992580714,34.4986195966432,0.912478827271371,0.139793699037213,10.8165589758379,-10.8165589758379,11.345,0.515681818181818,12.67,155.551295,1.20855002203614,0.56938044
92,WIH2.2021,-89.3317344,43.3200975,235,2021-08-23,92,22.64,29.66,17.02,19.12,34.62,18.51,19.65,8.7,1.13,0.03,3.67,2.2,14.32,81.4,0.41,0.44,0,2.01,1.47,0.836676344,13.665,34.276,7.834,71.2428704,70.7232,7.23738693770032,13.4018103023028,34.2758388947556,0.83667634367073,0.173125874551897,8.37202448131869,-4.70202448131869,15.34,0.697272727272727,12.64,209.6211,0.890808344198175,0.384275618
93,WIH2.2021,-89.3317344,43.3200975,236,2021-08-24,93,25.14,29.94,22.01,22.7,36.18,9.8,2.59,4.82,0.68,0.02,8.74,1.65,17.68,87.03,0.41,0.48,0,2.13,7.09,0.678130002,13.62,34.051,1.036,75.87865858,74.512,3.84348692840773,13.3543658292495,34.0505347265128,0.678130001641379,0.198594013280722,4.50189880276546,4.23810119723454,17.975,0.817045454545455,7.93,244.8195,0.757719054242003,0.191726333
94,WIH2.2021,-89.3317344,43.3200975,237,2021-08-25,94,25.45,30.76,20.79,21.91,35.29,17.72,12.39,8.3,1.09,0.03,4.02,3.88,16.82,82.12,0.42,0.52,0,1.98,0.14,0.813849457,13.574,33.823,4.972,75.8618846,74.5376,6.97146539505791,13.3066711667974,33.8227617457307,0.813849457119789,0.19655633935371,8.13119831243701,-4.11119831243701,17.775,0.807954545454545,9.97,241.27785,0.763656821378341,0.326129666
95,WIH2.2021,-89.3317344,43.3200975,238,2021-08-26,95,24.14,30.14,18.22,18.98,34.23,16.37,7.85,7.56,0.98,0.02,1.18,4.81,14.09,74.02,0.42,0.45,0,2.4,-3.63,0.990299472,13.528,33.593,3.161,72.95828372,72.1728,6.46111632090069,13.2587380475859,33.5925761213854,0.990299471929071,0.180926813230407,7.44267444393723,-6.26267444393723,16.18,0.735454545454545,11.92,218.88304,0.836093943139679,0.313173157
96,WIH2.2021,-89.3317344,43.3200975,239,2021-08-27,96,24.73,30.23,21.05,21.98,35.68,11.99,7.47,5.79,0.79,0.02,13.03,1.73,16.89,85.79,0.43,0.52,0,2.58,11.3,0.7562737,13.482,33.36,3.019,75.06703833,73.8428,4.74804138750001,13.2105779373385,33.3600355476447,0.756273700184739,0.195190883082492,5.49773584719502,7.53226415280498,17.64,0.801818181818182,9.18,237.82248,0.764285714285714,0.234128589
97,WIH2.2021,-89.3317344,43.3200975,240,2021-08-28,97,25.56,29.33,23.19,23.28,35.37,18.01,12.1,8.56,1.13,0.03,9.83,1.42,18.28,87.47,0.45,0.58,0,2.46,8.41,0.604905248,13.435,33.125,4.908,76.62914868,75.1408,7.15622136973816,13.1622020411129,33.1251992515034,0.604905247933242,0.201528399197206,8.28622600828769,1.54377399171231,18.26,0.83,6.14,245.3231,0.735761226725082,0.334898279
98,WIH2.2021,-89.3317344,43.3200975,241,2021-08-29,98,23.65,27.54,18.6,18.9,32.83,20.78,20.64,9.63,1.23,0.03,0.64,5.78,14.12,76.24,0.44,0.5,0,3.66,-5.14,0.727761675,13.389,32.888,8.403,72.4046324,71.654,8.28569661491767,13.1136213100791,32.888127997932,0.727761674862275,0.170679509246477,9.38257743440225,-8.74257743440225,15.07,0.685,8.94,201.77223,0.888453881884539,0.407188161
99,WIH2.2021,-89.3317344,43.3200975,242,2021-08-30,99,21.72,27.43,14.96,14.77,28.69,23.54,31.98,10.43,1.31,0.03,0,6,10.74,67.82,0.43,0.45,0,1.79,-6,0.99832801,13.342,32.649,13.069,68.77813896,68.2372,9.41981614237089,13.0648464487919,32.648884092461,0.998328010204669,0.154482192501443,10.4948624285402,-10.4948624285402,13.195,0.599772727272727,12.47,176.04769,1.01114058355438,0.480202578
100,WIH2.2021,-89.3317344,43.3200975,243,2021-08-31,100,19.88,23.93,14.99,15.37,31.08,12.31,1.31,5.78,0.77,0.02,0.02,2.73,11.18,76.72,0.43,0.44,0,2.55,-2.71,0.591410816,13.295,32.408,0.537,66.53125664,66.6132,4.9440847081773,13.0158879229231,32.4075313811225,0.591410815609031,0.140670944129214,5.41756479415181,-5.39756479415181,11.46,0.520909090909091,8.94,152.3607,1.16012216404887,0.290744467
101,WIH2.2021,-89.3317344,43.3200975,244,2021-09-01,101,18.07,24.47,12.6,12.28,27.59,23.05,30.83,10.16,1.27,0.03,0,4.08,9.09,72.19,0.42,0.43,0,2.43,-4.08,0.835385359,13.248,32.164,12.699,63.52781567,63.6908,9.2924533101091,12.9667559674252,32.1641352476853,0.835385358997619,0.133745041040365,10.0691387149109,-10.0691387149109,10.535,0.478863636363636,11.87,139.56768,1.25752254390128,0.562257886
102,WIH2.2021,-89.3317344,43.3200975,245,2021-09-02,102,18.2,24.13,11.54,11.86,29.03,16.27,8.02,7.17,0.9,0.02,0,2.62,8.83,70.13,0.42,0.42,0,1.85,-2.62,0.794237323,13.201,31.919,3.317,63.6494334,63.6696,6.58443707428269,12.9174605950928,31.9187626081241,0.794237322581056,0.128697837112385,7.06573577963187,-7.06573577963187,9.835,0.447045454545455,12.59,129.831835,1.34224707676665,0.393956044
103,WIH2.2021,-89.3317344,43.3200975,246,2021-09-03,103,16.25,18.13,14.21,12.74,32.98,4.75,0.71,2.49,0.36,0.01,3.6,0.92,9.37,80.14,0.42,0.45,0,3.07,2.68,0.378221549,13.153,31.671,0.295,60.8950025,62.0364,1.92990827883321,12.8680116054967,31.6714819022711,0.37822154877409,0.117337421194282,2.03228683254775,1.56771316745225,8.17,0.371363636363636,3.92,107.46001,1.60991432068543,0.153230769
104,WIH2.2021,-89.3317344,43.3200975,247,2021-09-04,104,18.4,22.23,14.97,15.25,31.99,7.72,4.32,3.72,0.5,0.01,0.99,1.82,11.11,82.96,0.42,0.45,0,2.89,-0.83,0.458635994,13.106,31.422,1.802,64.4527136,65.09,3.14929183675728,12.8184185942594,31.4223630826086,0.458635993685721,0.134222101101133,3.37419892723951,-2.38419892723951,10.6,0.481818181818182,7.26,138.9236,1.23641509433962,0.202173913
105,WIH2.2021,-89.3317344,43.3200975,248,2021-09-05,105,19.21,26.06,11.83,12.89,29.03,20.96,28.06,9.5,1.21,0.03,0.02,3.76,9.52,69.93,0.41,0.43,0,3.35,-3.74,0.893092802,13.058,31.171,11.755,65.15932747,65.0504,8.58579006135058,12.7686909626494,31.1714776001676,0.893092802244915,0.136778389389875,9.18675670104102,-9.16675670104102,10.945,0.4975,14.23,142.91981,1.19305619004111,0.494534097
106,WIH2.2021,-89.3317344,43.3200975,249,2021-09-06,106,18.39,24.98,11.41,9.88,27.89,22.62,33.36,10.09,1.26,0.03,0,3.23,7.77,60.98,0.41,0.41,0,1.52,-3.23,1.038306531,13.01,30.919,14.037,63.57783978,63.1468,9.30499238082603,12.7188379274659,30.9188983875061,1.03830653097328,0.131272990743978,9.85341837851965,-9.85341837851965,10.195,0.463409090909091,13.57,132.63695,1.27611574301128,0.548667754
107,WIH2.2021,-89.3317344,43.3200975,250,2021-09-07,107,19.89,24.96,15.35,14.3,31.26,12.9,10.72,5.87,0.72,0.01,4.19,1.65,10.7,71.16,0.41,0.45,0,3.62,2.54,0.822175606,12.962,30.665,4.531,66.24720676,66.238,5.3295289016938,12.6688685311927,30.6646998387506,0.82217560599683,0.146072346112187,5.70759495965639,-1.51759495965638,12.155,0.5525,9.61,157.55311,1.06639243109831,0.295123177
108,WIH2.2021,-89.3317344,43.3200975,251,2021-09-08,108,17.11,22.42,12.06,10.82,29.1,17.51,19.45,8,1.04,0.02,0.06,2.7,8.3,68.51,0.41,0.43,0,3.63,-2.64,0.763134552,12.914,30.409,8.26,61.96701039,62.2052,7.26611689172012,12.6187916523976,30.4089577866914,0.763134551565853,0.124535559306019,7.56499491017075,-7.50499491017075,9.24,0.42,10.36,119.32536,1.39761904761905,0.467562829
109,WIH2.2021,-89.3317344,43.3200975,252,2021-09-09,109,17.52,23.58,10.47,11.59,29.41,18.55,21.09,8.39,1.08,0.02,0.06,2.6,8.68,70.86,0.41,0.41,0,1.71,-2.54,0.723230882,12.866,30.152,8.999,62.64874528,62.8924,7.73248090568555,12.5686160163549,30.1517494769311,0.723230882156675,0.123059896329998,7.99900731603951,-7.93900731603951,9.025,0.410227272727273,13.11,116.11565,1.42559556786704,0.478881279
110,WIH2.2021,-89.3317344,43.3200975,253,2021-09-10,110,19.5,26.25,13.09,11.45,28.75,19.73,22.82,8.72,1.06,0.02,0,2.86,8.61,62.39,0.4,0.4,0,1.56,-2.86,1.10648798,12.818,29.893,9.785,65.2176195,64.822,8.26232833678295,12.5183502058726,29.8931535390947,1.10648798016637,0.142284896302746,8.69726497210198,-8.69726497210198,11.67,0.530454545454546,13.16,149.58606,1.09837189374464,0.447179487
111,WIH2.2021,-89.3317344,43.3200975,254,2021-09-11,111,21.94,30.33,14.54,16,33.55,13.48,7.1,5.81,0.64,0.01,0.01,2.42,11.81,71.65,0.4,0.39,0,2.63,-2.41,1.17144256,12.77,29.633,3.06,69.3882599,68.9,5.67162482269713,12.4680026723024,29.6332499551181,1.17144255970586,0.165040755251292,6.0612828687458,-6.0512828687458,14.435,0.656136363636364,15.79,184.33495,0.884655351576031,0.264813127
112,WIH2.2021,-89.3317344,43.3200975,255,2021-09-12,112,19.37,24.66,16.08,14.52,33.83,6.28,0.73,3.16,0.43,0.01,6.61,1.57,10.56,75.1,0.4,0.45,0,2.35,5.04,0.812511249,12.721,29.372,0.316,65.6518013,65.7972,2.65498075399254,12.4175817467166,29.3721200246408,0.812511249183325,0.147778402325933,2.78305797287975,3.82694202712026,12.37,0.562272727272727,8.58,157.35877,1.02837510105093,0.163138875
113,WIH2.2021,-89.3317344,43.3200975,256,2021-09-13,113,17.87,21.22,15.33,16.3,33.39,6.75,1.5,3.34,0.44,0.01,10.18,0.48,11.84,90.61,0.42,0.53,0,2.35,9.7,0.277932755,12.673,29.11,0.653,63.84755693,64.938,2.86768589248274,12.3670956512314,29.1098463275348,0.277932755224378,0.131851138140797,2.94231309018864,7.23768690981136,10.275,0.467045454545455,5.89,130.215075,1.23338199513382,0.186905428
114,WIH2.2021,-89.3317344,43.3200975,257,2021-09-14,114,19.55,21.67,14.2,14.86,32.01,9.48,5.37,4.44,0.61,0.01,0.2,2.24,10.92,75.22,0.42,0.47,0,4.01,-2.04,0.41529401,12.624,28.847,2.35,65.9374949,66.0996,4.04766146534956,12.3165525104622,28.846512683614,0.415294009833947,0.129408824635825,4.12048864363149,-3.92048864363149,9.935,0.451590909090909,7.47,125.41944,1.27065928535481,0.227109974
115,WIH2.2021,-89.3317344,43.3200975,258,2021-09-15,115,17.03,24.03,9.65,8.56,26.64,20.73,31.87,9.13,1.14,0.02,0,3.44,7.11,61.9,0.42,0.43,0,1.61,-3.44,0.979966206,12.576,28.582,14.023,61.6787543,61.3116,8.89621238978446,12.2659603630932,28.5822041095719,0.97996620603428,0.121802037829807,8.92419659825727,-8.92419659825727,8.84,0.401818181818182,14.38,111.17184,1.42262443438914,0.536112742
116,WIH2.2021,-89.3317344,43.3200975,259,2021-09-16,116,19.51,27.66,11.46,10.42,26.97,20.45,31.43,9.08,1.11,0.02,0,3.57,8.05,59.14,0.41,0.41,0,3.75,-3.57,1.26657405,12.527,28.317,13.904,65.06891186,64.4612,8.82167535219093,12.2153271735468,28.3170067732078,1.26657405014821,0.141437549355352,9.00696089210267,-9.00696089210267,11.56,0.525454545454546,16.2,144.81212,1.08365051903114,0.465402358
117,WIH2.2021,-89.3317344,43.3200975,260,2021-09-17,117,18.72,26.55,12.09,12.09,29.32,15.73,17.01,7.3,0.93,0.02,0.07,2.58,9.06,66.74,0.4,0.4,0,3.21,-2.51,1.030656417,12.478,28.051,7.567,64.28817072,64.2724,6.82150585986512,12.1646608437372,28.0510079450066,1.03065641725753,0.139603607673445,6.91507958477909,-6.84507958477909,11.32,0.514545454545455,14.46,141.25096,1.10229681978799,0.389957265
118,WIH2.2021,-89.3317344,43.3200975,261,2021-09-18,118,17.07,25.82,8.56,9.72,26.54,20.27,30.23,8.9,1.09,0.02,0,2.51,7.62,65.59,0.4,0.4,0,2.3,-2.51,1.014963031,12.429,27.784,13.523,61.83158087,61.7692,8.83773181280981,12.1139692248944,27.7842959471455,1.01496303054497,0.124191049547703,8.75354605862818,-8.75354605862818,9.19,0.417727272727273,17.26,114.22251,1.35244831338411,0.521382542
119,WIH2.2021,-89.3317344,43.3200975,262,2021-09-19,119,22.27,30.86,12.94,15.64,31.65,18.4,24.94,8.41,1.03,0.02,0,2.86,11.5,68.34,0.4,0.39,0,2.68,-2.86,1.197471187,12.38,27.517,11.221,69.63320482,69.1004,8.06644286196772,12.0632601294447,27.5169601000107,1.19747118712993,0.160412852431335,8.24375358239069,-8.24375358239069,13.9,0.631818181818182,17.92,172.082,0.890647482014389,0.377638078
120,WIH2.2021,-89.3317344,43.3200975,263,2021-09-20,120,23.46,28.3,16.63,18.81,34.18,9.42,4.78,4.49,0.61,0.01,14.62,2.31,13.96,76.62,0.4,0.42,0,4.44,12.31,0.698105649,12.332,27.249,2.163,72.14124148,71.4316,4.15273085021987,12.0125413429329,27.2490906663111,0.698105649312591,0.165303566769922,4.23654777972387,10.3834522202761,14.465,0.6575,11.67,178.38238,0.852540615278258,0.191389599
121,WIH2.2021,-89.3317344,43.3200975,264,2021-09-21,121,15.71,19.59,12.05,10,28.82,15.25,13.07,6.81,0.9,0.02,6.49,1.98,7.82,70.79,0.43,0.54,0,4.21,4.51,0.615409499,12.283,26.981,5.95,59.91202791,60.51,6.7610266589759,11.9618206359754,26.9807787928847,0.615409499392808,0.115060931614115,6.50312851541217,-0.0131285154121681,7.82,0.355454545454545,7.54,96.05306,1.57071611253197,0.433481859
122,WIH2.2021,-89.3317344,43.3200975,265,2021-09-22,122,12.95,18.02,8.49,6.93,25.76,18.05,23.24,7.96,1.01,0.02,0.19,1.8,6.3,69.15,0.42,0.45,0,3.5,-1.61,0.590770844,12.234,26.712,10.644,55.76642575,56.6448,8.04861193462226,11.911105776228,26.7121164503014,0.590770843759911,0.0994935206090652,7.49715197843795,-7.30715197843795,5.255,0.238863636363636,9.53,64.28967,2.32806850618459,0.614671815
123,WIH2.2021,-89.3317344,43.3200975,266,2021-09-23,123,13.11,20.12,6.45,6.13,25.33,19.83,34.36,8.79,1.08,0.02,0,2.1,6.02,65.99,0.42,0.43,0,3.29,-2.1,0.716593822,12.185,26.443,15.833,56.04730611,56.5168,8.89422816898332,11.8604045403579,26.4431963703694,0.716593821574698,0.099664660472881,8.23920032964173,-8.23920032964173,6.06,0.240227272727273,13.67,73.8411,2.01072607260726,0.670480549
124,WIH2.2021,-89.3317344,43.3200975,267,2021-09-24,124,14.69,25.25,7.96,8.25,27.61,15.64,16.62,7.15,0.91,0.02,2.61,2.32,7.01,69.71,0.41,0.44,0,3.94,0.29,1.051347027,12.136,26.174,7.706,58.36836501,58.86,7.05674732514845,11.8097247260057,26.174111981662,1.05134702693049,0.120219960382553,6.71859304772099,-4.10859304772099,8.625,0.391136363636364,17.29,104.673,1.40707246376812,0.486725664
125,WIH2.2021,-89.3317344,43.3200975,268,2021-09-25,125,12.34,19.79,6.09,3.88,25.51,15.76,16.71,7.04,0.91,0.02,0,1.48,5.19,62.42,0.41,0.44,0,3.02,-1.48,0.818059841,12.087,25.905,7.797,54.99494172,54.9368,7.15395923510588,11.7590741637242,25.9049573431839,0.818059841310137,0.0977115981165234,6.52314442580802,-6.52314442580802,5.895,0.224545454545455,13.7,71.252865,2.05038167938931,0.570502431
126,WIH2.2021,-89.3317344,43.3200975,269,2021-09-26,126,17.06,26.06,8.5,8.39,29.31,15.04,14.76,6.94,0.89,0.02,0,2.14,7.18,58.84,0.41,0.41,0,3.39,-2.14,1.139980473,12.038,25.636,6.931,61.64220296,61.2804,6.86910739560815,11.7084607288818,25.6358270763055,1.13998047271376,0.12481175035628,6.5001552227792,-6.5001552227792,9.28,0.421818181818182,17.56,111.71264,1.29719827586207,0.406799531
127,WIH2.2021,-89.3317344,43.3200975,270,2021-09-27,127,17.82,25.41,11.95,13.2,29.44,17.44,27.14,8.02,0.98,0.02,0,2.3,9.72,76.34,0.41,0.41,0,2.38,-2.3,0.804452699,11.989,25.367,12.827,63.28533012,63.772,8.01494520558388,11.6578923535153,25.3668162950961,0.804452699337039,0.134811230049018,7.62753576763479,-7.62753576763479,10.68,0.485454545454545,13.46,128.04252,1.12256554307116,0.450056117
128,WIH2.2021,-89.3317344,43.3200975,271,2021-09-28,128,15.77,24.54,8.76,7.85,25.85,18.6,32.38,8.24,1,0.02,0,1.93,6.78,64.93,0.4,0.4,0,2.09,-1.93,1.043901997,11.94,25.098,15.404,59.92577639,59.796,8.60216097944152,11.607377038121,25.0980205351921,1.04390199730149,0.120521554093341,7.99343060812793,-7.99343060812793,8.65,0.393181818181818,15.78,103.281,1.38034682080925,0.522511097
129,WIH2.2021,-89.3317344,43.3200975,272,2021-09-29,129,17.75,27.77,9.13,10.98,26.75,17.53,28.9,7.68,0.94,0.02,0,1.98,8.35,69.34,0.4,0.39,0,1.76,-1.98,1.132885873,11.891,24.83,13.84,62.9466515,62.9028,8.15934942943972,11.5569228633669,24.8295356813434,1.13288587274563,0.133123361290533,7.65241805890713,-7.65241805890713,10.45,0.475,18.64,124.26095,1.13789473684211,0.432676056
130,WIH2.2021,-89.3317344,43.3200975,273,2021-09-30,130,19.3,28.36,12.42,13.64,28.66,15.65,17.75,6.92,0.84,0.02,0,1.67,9.9,73.27,0.4,0.39,0,1.78,-1.67,1.089211446,11.842,24.561,8.558,65.4550889,65.4104,7.33170321182005,11.5065380017138,24.5614578937816,1.08921144634631,0.147937958470433,6.9365188771299,-6.9365188771299,12.39,0.563181818181818,15.94,146.72238,0.955770782889427,0.358549223
131,WIH2.2021,-89.3317344,43.3200975,274,2021-10-01,131,21.16,29.22,13.59,14.21,30.96,14.71,17.06,6.63,0.81,0.02,0.65,1.98,10.4,66.05,0.4,0.4,0,2.11,-1.33,1.186166003,11.793,24.294,8.281,67.8308682,67.4756,6.9367729449161,11.4562307289291,24.2938835335607,1.18616600312664,0.156229065322506,6.56792417908882,-5.91792417908882,13.405,0.609318181818182,15.63,158.085165,0.879746363297277,0.313327032
132,WIH2.2021,-89.3317344,43.3200975,275,2021-10-02,132,21,26.13,17.17,17.64,33.41,11.63,9.59,5.36,0.69,0.01,4.82,1,12.94,81.9,0.4,0.43,0,2.2,3.82,0.655279643,11.744,24.027,4.687,68.62531,68.5504,5.52097189256231,11.4060094354773,24.0269090870224,0.65527964322834,0.158288153438034,5.20161914306114,-0.381619143061136,13.65,0.620454545454545,8.96,160.3056,0.860366300366301,0.255238095
133,WIH2.2021,-89.3317344,43.3200975,276,2021-10-03,133,18.85,23.12,15.51,16.65,33.46,7.07,1.2,3.5,0.49,0.01,7.14,0.71,12.14,87.85,0.4,0.49,0,1.99,6.43,0.400844543,11.695,23.761,0.591,65.40007775,66.044,3.37895445396573,11.3558826377717,23.7606310895423,0.400844543098801,0.139565615672023,3.10792656576986,4.03207343423014,11.315,0.514318181818182,7.61,132.328925,1.03358373840035,0.185676393
134,WIH2.2021,-89.3317344,43.3200975,277,2021-10-04,134,17.38,22.7,13.58,14.97,33.45,5.79,1.97,2.89,0.42,0.01,2.77,1.12,10.84,86.56,0.42,0.49,0,2.79,1.65,0.455136379,11.646,23.495,0.976,62.89340672,63.9692,2.7861466965193,11.305858989269,23.4951460487157,0.455136378550937,0.130876761769423,2.5209964079767,0.249003592023296,10.14,0.460909090909091,9.12,118.09044,1.14852071005917,0.166283084
135,WIH2.2021,-89.3317344,43.3200975,278,2021-10-05,135,17.07,22.96,12.89,13.9,32.64,6.75,2.35,3.35,0.49,0.01,0.04,1.71,10.02,82.7,0.41,0.44,0,2.77,-1.67,0.556559132,11.597,23.231,1.173,62.2763211,63.274,3.27059165693893,11.2559472913894,23.2305503671432,0.556559131959686,0.12933757640213,2.9336425372998,-2.8936425372998,9.925,0.451136363636364,10.07,115.100225,1.16846347607053,0.196250732
136,WIH2.2021,-89.3317344,43.3200975,279,2021-10-06,136,18.05,24.22,13.85,14.81,31.23,13.89,17.82,6.41,0.81,0.02,0.48,1.8,10.64,81.89,0.41,0.43,0,2.82,-1.32,0.61871111,11.548,22.967,8.96,63.84356355,64.5816,6.77728561349845,11.2061565042424,22.96694026498,0.618711109548165,0.137451986797033,6.09238063416893,-5.61238063416893,11.035,0.501590909090909,10.37,127.43218,1.0464884458541,0.355124654
137,WIH2.2021,-89.3317344,43.3200975,280,2021-10-07,137,18.05,21.52,15.29,16.65,32.46,3.87,1.24,2.06,0.31,0.01,7.6,0.39,12.06,91.73,0.41,0.5,0,2.65,7.21,0.257329819,11.5,22.704,0.628,64.19480235,65.244,1.90164092979094,11.1564957571401,22.7044117024125,0.257329819472428,0.132795229054159,1.68875205070912,5.91124794929088,10.405,0.472954545454546,6.23,119.6575,1.10523786641038,0.114127424
138,WIH2.2021,-89.3317344,43.3200975,281,2021-10-08,138,18.33,23.74,14.58,15.28,31.8,8.09,5.42,3.88,0.52,0.01,1.53,1.35,11.07,84.21,0.42,0.48,0,1.22,0.18,0.562371666,11.451,22.443,2.765,64.38660607,65.0308,4.00370632851589,11.106974358874,22.4430603022273,0.562371666002992,0.138392197290487,3.55194831627967,-2.02194831627967,11.16,0.507272727272727,9.16,127.79316,1.0260752688172,0.21167485
139,WIH2.2021,-89.3317344,43.3200975,282,2021-10-09,139,19.58,25.71,14.75,15.98,31.79,11.93,13.62,5.56,0.71,0.01,0.28,1.79,11.62,81,0.42,0.44,0,2.21,-1.51,0.675180065,11.403,22.183,7.001,66.278002,66.5328,5.94677459918368,11.057601807737,22.18298127264,0.675180064595966,0.146665579531298,5.2813957776465,-5.0013957776465,12.23,0.555909090909091,10.96,139.45869,0.932379394930499,0.283963228
140,WIH2.2021,-89.3317344,43.3200975,283,2021-10-10,140,19.91,24.43,18.06,17.68,33.35,5.8,0.93,2.95,0.42,0.01,3.8,0.85,13.05,87.58,0.41,0.46,0,3.83,2.95,0.543953623,11.354,21.924,0.482,67.16596622,67.4748,2.91223612904456,11.0083878012633,21.9242693305486,0.543953622940362,0.154896609877139,2.58673875489209,1.21326124510791,13.245,0.602045454545455,6.37,150.38373,0.857229143072858,0.14816675
141,WIH2.2021,-89.3317344,43.3200975,284,2021-10-11,141,17.1,21.06,14.25,15.18,32.06,4.05,0.31,2.13,0.31,0.01,10.07,0.32,11.22,88.78,0.42,0.52,0,1.41,9.75,0.335235213,11.306,21.667,0.162,62.4850262,63.7648,2.04852069693408,10.9593422456655,21.6670186253792,0.335235213087058,0.127426402365343,1.75611410356113,8.31388589643887,9.655,0.438863636363636,6.81,109.15943,1.17099948213361,0.124561404
142,WIH2.2021,-89.3317344,43.3200975,285,2021-10-12,142,15.36,18.71,12.68,13.53,32.55,4.43,2.29,2.25,0.33,0.01,0.79,0.72,9.93,89.26,0.43,0.52,0,2.39,0.07,0.261825173,11.257,21.411,1.204,59.55065264,61.4308,2.25737597732136,10.9104752649405,21.4113226636883,0.261825173441711,0.114257041214149,1.88684220091657,-1.09684220091657,7.695,0.349772727272727,6.03,86.622615,1.462897985705,0.146484375
143,WIH2.2021,-89.3317344,43.3200975,286,2021-10-13,143,16.22,19.91,11.96,14,31.26,4.18,0.88,2.12,0.3,0.01,2.27,0.73,10.3,87.35,0.43,0.49,0,3.57,1.54,0.263463804,11.209,21.157,0.466,60.9736383,62.46,2.145943368346,10.8617972096188,21.157274234688,0.263463803955868,0.115804747440862,1.78445094278965,0.485549057210351,7.935,0.360681818181818,7.95,88.943415,1.41260239445495,0.130702836
144,WIH2.2021,-89.3317344,43.3200975,287,2021-10-14,144,13.86,19.4,8.33,7.58,25.46,14.11,23.54,6.26,0.77,0.01,0.02,1.4,6.73,67.56,0.43,0.46,0,2.85,-1.38,0.632488924,11.161,20.905,12.568,57.13569784,57.7888,7.29854959845189,10.8133186651285,20.9049653368563,0.63248892399064,0.103022946428136,5.89946785640239,-5.87946785640239,5.865,0.266590909090909,11.07,65.459265,1.90298380221654,0.451659452
145,WIH2.2021,-89.3317344,43.3200975,288,2021-10-15,145,9.65,15.92,4.8,3.47,25.74,9.59,10.81,4.37,0.57,0.01,0.18,0.66,4.99,66.89,0.43,0.45,0,2.42,-0.48,0.551175747,11.113,20.654,5.816,50.94156615,52.0992,4.99827632514721,10.765050459745,20.6544871057953,0.551175747344144,0.0841119542566353,3.84811006079029,-3.66811006079029,3.96,0.107272727272727,11.12,44.00748,2.80631313131313,0.452849741
146,WIH2.2021,-89.3317344,43.3200975,289,2021-10-16,146,8.54,14.58,3.23,1.2,22.82,14.92,28.93,6.48,0.78,0.01,0,0.79,4.24,63.38,0.42,0.44,0,3.83,-0.79,0.548734583,11.065,20.406,15.687,49.51258548,50.172,7.83584461955829,10.7170036720947,20.4059297434953,0.548734582926698,0.0771804958258344,5.87112738696833,-5.87112738696833,3.29,0.0411363636363636,11.35,36.40385,3.36322188449848,0.758782201
147,WIH2.2021,-89.3317344,43.3200975,290,2021-10-17,147,9.68,18.23,3.12,1.58,23.08,14.39,28.7,6.3,0.75,0.01,0,0.98,4.33,60.95,0.42,0.43,0,2.27,-0.98,0.744400458,11.017,20.159,15.685,51.2659104,51.4488,7.61579077536668,10.6691896381813,20.1593824491636,0.744400457996333,0.0856805359335819,5.79746345263918,-5.79746345263918,5.115,0.121590909090909,15.11,56.351955,2.15386119257087,0.650826446
1,WIH3.2020,-89.5448839,44.1156288,142,2020-05-21,1,15.19,21.6,7.85,12.06,29.59,26.14,27.57,12.03,1.58,0.04,0.01,3.65,9.07,82.61,0.6,0.64,0,2.29,-3.64,0.412869479,14.969,40.222,10.26,59.21364441,60.7316,9.62804747263419,14.8147943827642,40.2219376531081,0.412869478865614,0.108179394790425,11.0274070890701,-11.0174070890701,6.8,0.305681818181818,13.75,101.7892,2.20132352941176,0.7919684
2,WIH3.2020,-89.5448839,44.1156288,143,2020-05-22,2,16.82,20.85,12.21,14.54,32.93,8.82,3.54,4.47,0.67,0.02,0.1,2.5,10.55,86.68,0.6,0.63,0,1.7,-2.4,0.287640965,15.001,40.336,1.317,61.96274024,63.2544,3.24619612632492,14.8457904433851,40.3364019348072,0.287640965413488,0.11971872733092,3.78626836569166,-3.68626836569166,8.53,0.387727272727273,8.64,127.95853,1.75861664712778,0.265755054
3,WIH3.2020,-89.5448839,44.1156288,144,2020-05-23,3,15.64,20.04,11.28,14.05,32.06,17.01,5,8.07,1.11,0.03,6.99,1.21,10.27,90.16,0.6,0.66,0,3.11,5.78,0.236905297,15.032,40.447,1.858,60.03553376,61.898,6.25608789934423,14.8759462435093,40.4469773560273,0.2369052972337,0.114032808500087,7.24252074253796,-0.252520742537955,7.66,0.348181818181818,8.76,115.14512,1.96240208877285,0.515984655
4,WIH3.2020,-89.5448839,44.1156288,145,2020-05-24,4,19.74,25.86,12.12,17.32,32.54,20.58,13.44,9.54,1.26,0.03,0.25,4.49,12.84,86.76,0.6,0.64,0,1.48,-4.24,0.396322424,15.062,40.554,4.992,66.83787976,67.1752,7.56405205279875,14.9052430152894,40.5536475837916,0.396322423553406,0.137114837813222,9.02346678789087,-8.77346678789087,10.99,0.499545454545454,13.74,165.53138,1.3705186533212,0.483282675
5,WIH3.2020,-89.5448839,44.1156288,146,2020-05-25,5,22.19,26.45,17.74,20.08,32.67,23.37,23.35,10.92,1.44,0.03,0.98,4.24,15.06,87.65,0.59,0.63,0,2.77,-3.26,0.391295687,15.091,40.656,8.667,70.99498965,70.6188,8.58412723648376,14.9336621822751,40.6563970436587,0.391295686795865,0.162086795490437,10.48437471126,-9.50437471126003,14.095,0.640681818181818,8.71,212.707645,1.07066335579993,0.492113565
6,WIH3.2020,-89.5448839,44.1156288,147,2020-05-26,6,22.87,27.12,17.82,20.64,33.13,21.48,16.25,10.12,1.34,0.03,1.12,4.04,15.6,87.47,0.59,0.63,0,2.61,-2.92,0.38307938,15.12,40.755,6.029,72.12083511,71.5004,7.88528031540762,14.9611853956009,40.7552109047494,0.383079379604823,0.165347403022688,9.660728864971,-8.54072886497101,14.47,0.657727272727273,9.3,218.7864,1.0449205252246,0.442501093
7,WIH3.2020,-89.5448839,44.1156288,148,2020-05-27,7,22.42,26.23,19.31,19.94,33.21,19.81,5.39,9.32,1.25,0.03,7.08,3.04,14.92,86.49,0.59,0.65,0,2.23,4.04,0.494206308,15.147,40.85,1.999,71.28927742,70.7984,7.26824148962469,14.9877945709083,40.8500750660977,0.494206308091833,0.167995601042271,8.92724715879765,-1.84724715879765,14.77,0.671363636363636,6.92,223.72119,1.02552471225457,0.415700268
8,WIH3.2020,-89.5448839,44.1156288,149,2020-05-28,8,18.74,21.14,13.77,17.59,31.82,7.23,0.25,3.78,0.56,0.01,44.18,0.43,12.98,93.03,0.63,0.77,0,1.99,43.75,0.030308097,15.174,40.941,0.093,65.43559378,66.2724,2.65131445917439,15.0134719258778,40.9409761443001,0.0303080972135881,0.126026202240565,3.1295460804922,41.0504539195078,9.455,0.429772727272727,7.37,143.47017,1.60486515071391,0.201707577
9,WIH3.2020,-89.5448839,44.1156288,150,2020-05-29,9,14.35,18.31,10.04,10.78,28.44,16.96,19.21,7.79,1.07,0.02,0.06,3.51,8.23,80.47,0.64,0.66,0,3.42,-3.45,0.374258898,15.2,41.028,7.117,57.84826055,59.4308,6.21644937269922,15.0382000182371,41.0279014624321,0.374258897712192,0.104857025378872,7.11429992307142,-7.05429992307142,6.175,0.280681818181818,8.27,93.86,2.46153846153846,0.542857143
10,WIH3.2020,-89.5448839,44.1156288,151,2020-05-30,10,13,18.34,7.4,8.48,25.81,29.44,36.13,12.95,1.67,0.03,0,3.57,7,76.12,0.62,0.65,0,2.86,-3.57,0.460756453,15.225,41.111,13.38,55.741484,57.2528,10.7860643391531,15.0619617841045,41.1108390401883,0.460756453239959,0.0973193262737501,12.17580280352,-12.17580280352,5.17,0.221363636363636,10.94,78.71325,2.94487427466151,
11,WIH3.2020,-89.5448839,44.1156288,152,2020-05-31,11,13.03,19.2,5.28,8.1,25.09,30.99,39.51,13.69,1.77,0.04,0,4.11,6.86,74.09,0.61,0.64,0,1.86,-4.11,0.477121879,15.249,41.19,14.627,55.81681773,57.146,11.3493234941436,15.0847405765158,41.1897775851967,0.477121879112559,0.0938487976535311,12.7248593387597,-12.7248593387597,5.6,0.192727272727273,13.92,85.3944,2.72303571428571,
12,WIH3.2020,-89.5448839,44.1156288,153,2020-06-01,12,17.76,22.54,11.14,15.24,32.02,12.07,4.19,5.91,0.83,0.02,0.9,1.94,11.35,85.19,0.6,0.65,0,4.74,-1.04,0.296712238,15.272,41.265,1.551,63.48187656,64.4464,4.41868401332987,15.1065202039767,41.2647064854481,0.296712237505295,0.121802037829807,5.19609517322553,-4.29609517322553,8.84,0.401818181818182,11.4,135.00448,1.72760180995475,0.33277027
13,WIH3.2020,-89.5448839,44.1156288,154,2020-06-02,13,23.96,29.43,18.92,21.57,32.32,26.96,27.39,12.43,1.62,0.04,10.23,5.76,16.7,87.17,0.6,0.67,0,3.13,4.47,0.570931844,15.294,41.336,10.134,73.91936268,72.9252,9.86634878519242,15.1272849688755,41.3356158027744,0.570931843632345,0.180879517111962,12.2570823530767,-2.0270823530767,16.175,0.735227272727273,10.51,247.38045,0.945533230293663,0.518781302
14,WIH3.2020,-89.5448839,44.1156288,155,2020-06-03,14,21.43,26.75,16.38,17.26,30.03,28.56,34.73,12.82,1.68,0.04,2.44,7.18,12.66,78.67,0.61,0.65,0,2.58,-4.74,0.718224856,15.315,41.402,12.847,69.09888119,68.8436,10.4486183634563,15.1470197055842,41.4024962673043,0.71822485645513,0.157571193961053,12.7661593450964,-10.3261593450964,13.565,0.616590909090909,10.37,207.747975,1.12900847769996,0.598226785
15,WIH3.2020,-89.5448839,44.1156288,156,2020-06-04,15,21.54,27.57,13.54,15.95,28.82,29.14,34.08,13.08,1.68,0.04,0.01,8.63,11.68,73,0.6,0.63,0,1.47,-8.62,0.806396642,15.335,41.465,12.604,68.875358,68.482,10.6577877294337,15.165709818073,41.4653392728184,0.806396641790232,0.149259865188679,12.9314495094107,-12.9214495094107,12.555,0.570681818181818,14.03,192.530925,1.22142572680207,0.60724234
16,WIH3.2020,-89.5448839,44.1156288,157,2020-06-05,16,20.62,25.68,14.82,17.23,30.32,26.64,26.28,12.21,1.61,0.04,7.45,5.81,12.66,81.99,0.6,0.66,0,3,1.64,0.52585857,15.354,41.524,9.717,68.01490462,68.0228,9.74094209155891,15.1833413168575,41.5241368729205,0.525858569906899,0.146824118863448,11.7952624908471,-4.3452624908471,12.25,0.556818181818182,10.86,188.0865,1.25338775510204,0.59214355
17,WIH3.2020,-89.5448839,44.1156288,158,2020-06-06,17,17.46,22.66,12.03,12.78,27.49,29.98,35.81,13.47,1.76,0.04,0,6.89,9.38,75.43,0.59,0.62,0,2.68,-6.89,0.602387839,15.371,41.579,13.238,62.69448722,63.2608,10.9597230168315,15.1999008550966,41.5788817779394,0.602387838922469,0.125261668701411,12.9645089645911,-12.9645089645911,9.345,0.424772727272727,10.63,143.641995,1.64483681112895,0.771477663
18,WIH3.2020,-89.5448839,44.1156288,159,2020-06-07,18,16.06,21.99,11.17,12.52,30.88,22.43,18.25,10.4,1.38,0.03,0.06,3.74,9.3,80.32,0.58,0.61,0,3.45,-3.68,0.533567399,15.388,41.63,6.746,60.59323808,61.7672,8.19804048140262,15.215375763658,41.6295673524729,0.533567399230712,0.120052685216412,9.63321835892247,-9.57321835892247,8.58,0.39,10.82,132.02904,1.79347319347319,0.647571606
19,WIH3.2020,-89.5448839,44.1156288,160,2020-06-08,19,21.17,28.22,12.88,17.18,30.3,30.22,38.31,13.84,1.79,0.05,0,8.8,12.72,79.59,0.58,0.6,0,3.19,-8.8,0.697371102,15.404,41.676,14.16,68.74704097,68.5548,11.0433126157362,15.2297540849683,41.6761876134809,0.697371102315085,0.149219661150037,13.4102266417897,-13.4102266417897,12.55,0.570454545454545,15.34,193.3202,1.22741035856574,0.653755314
20,WIH3.2020,-89.5448839,44.1156288,161,2020-06-09,20,21.59,26.44,16.25,19.1,31.86,14.91,10.81,6.98,0.93,0.02,25.71,3.77,14.43,86.4,0.58,0.68,0,3.61,21.94,0.437543012,15.418,41.719,3.995,69.8999224,69.666,5.44775589972528,15.243024605466,41.7187372288392,0.437543011821079,0.155728263949147,6.65440952311959,19.0555904768804,13.345,0.606590909090909,10.19,205.75321,1.15533907830648,0.323297823
21,WIH3.2020,-89.5448839,44.1156288,162,2020-06-10,21,19.01,24.55,13.7,16.61,31.86,12.78,11.33,6.18,0.87,0.02,16.35,3.96,12.37,86.34,0.62,0.7,0,4.6,12.39,0.435432585,15.432,41.757,4.187,65.60058166,66.1896,4.66892193060614,15.2551768864816,41.7572115162618,0.435432585131406,0.138128391116102,5.60954887697821,10.7404511230218,11.125,0.505681818181818,10.85,171.681,1.38714606741573,0.325092057
22,WIH3.2020,-89.5448839,44.1156288,163,2020-06-11,22,17.07,23.29,10.68,12.43,28,25.02,25.58,11.28,1.47,0.03,0.72,6.6,9.21,75.85,0.61,0.63,0,4.27,-5.88,0.629221694,15.444,41.792,9.453,62.09826905,62.7448,9.13964283439617,15.26620129337,41.7916064425018,0.629221694467022,0.122786997371951,10.7850937059523,-10.0650937059523,8.985,0.408409090909091,12.61,138.76434,1.71886477462437,0.660808436
23,WIH3.2020,-89.5448839,44.1156288,164,2020-06-12,23,15.94,21.53,9.42,12.52,29.76,24.61,20.62,11.24,1.49,0.03,0.25,5.36,9.2,81.01,0.6,0.63,0,1.98,-5.11,0.423687521,15.455,41.822,7.62,60.41083406,61.6472,8.98917513183956,15.2760890227307,41.8219186227457,0.423687521068974,0.112853776677026,10.4596803720929,-10.2096803720929,7.475,0.339772727272727,12.11,115.526125,2.06755852842809,0.705144291
24,WIH3.2020,-89.5448839,44.1156288,165,2020-06-13,24,12.24,18.37,6.51,6.84,24.48,31.37,42.09,13.84,1.78,0.04,0,5.31,6.23,71.73,0.59,0.61,0,3.2,-5.31,0.549648977,15.465,41.848,15.554,54.64896448,55.9024,11.4577403651624,15.2848321275579,41.8481453201174,0.549648977446656,0.0949389451030939,12.9107296916072,-12.9107296916072,5.185,0.201818181818182,11.86,80.186025,2.98264223722276,
25,WIH3.2020,-89.5448839,44.1156288,166,2020-06-14,25,12.98,19.09,6.43,6.87,24.74,28.69,34.71,12.9,1.68,0.04,0,6.3,6.24,69.6,0.58,0.6,0,3.15,-6.3,0.593568685,15.474,41.87,12.828,55.8047392,56.6532,10.4785443228021,15.2924235401711,41.8702844452143,0.593568685342794,0.0967056077695122,11.8509146873045,-11.8509146873045,5.545,0.216363636363636,12.66,85.80333,2.79062218214608,
26,WIH3.2020,-89.5448839,44.1156288,167,2020-06-15,26,15.47,22.33,6.9,10.3,28.01,23.98,16.2,10.91,1.42,0.03,0,6.34,7.98,73.45,0.57,0.6,0,2.79,-6.34,0.593403091,15.482,41.888,5.988,59.57643785,60.378,8.75820433009019,15.2988570927916,41.8883345556022,0.593403090715582,0.10750785782394,10.1048677024296,-10.1048677024296,7.165,0.300681818181818,15.43,110.92853,2.16078157711096,0.705235941
27,WIH3.2020,-89.5448839,44.1156288,168,2020-06-16,27,18.26,25.56,10.02,12.19,27.98,29.86,34.34,13.4,1.71,0.04,0,8.79,9.15,69.37,0.56,0.59,0,2.51,-8.79,0.83204118,15.488,41.902,12.693,63.71098238,63.8484,10.9058763915739,15.3041275356373,41.9022948552033,0.832041179868213,0.128378974642102,12.9626033873602,-12.9626033873602,9.79,0.445,15.54,151.62752,1.58202247191011,0.733844469
28,WIH3.2020,-89.5448839,44.1156288,169,2020-06-17,28,20.63,26.96,12.72,16.41,28.34,31.07,40.01,13.87,1.78,0.04,0,9.76,11.89,78.27,0.55,0.59,0,2.43,-9.76,0.64729446,15.494,41.912,14.791,67.80331999,67.7376,11.348178293053,15.3082305524285,41.9121651935199,0.647294460222611,0.143602881480198,13.7140368355397,-13.7140368355397,11.84,0.538181818181818,14.24,183.44896,1.30861486486486,0.672321861
29,WIH3.2020,-89.5448839,44.1156288,170,2020-06-18,29,21.64,27.52,14.34,17.06,28.93,30.12,33.71,13.35,1.72,0.04,0,10.41,12.45,76.91,0.55,0.58,0,2.48,-10.41,0.709759031,15.498,41.918,12.463,69.30716076,68.9816,11.0017848207019,15.3111627732063,41.9179460646416,0.709759030836485,0.152301391723261,13.4029518592294,-13.4029518592294,12.93,0.587727272727273,13.18,200.38914,1.19860788863109,0.616913124
30,WIH3.2020,-89.5448839,44.1156288,171,2020-06-19,30,22.99,27.79,17.19,17.94,32.83,18.83,8.8,9,1.22,0.03,0.48,9.55,13.18,74.25,0.54,0.58,0,1.75,-9.07,0.791329197,15.501,41.92,3.254,71.20352425,70.6484,6.87845427080408,15.3129217843852,41.9196386059956,0.791329197160664,0.165522846192149,8.47000251467815,-7.99000251467815,14.49,0.658636363636364,10.6,224.60949,1.06977225672878,0.391474554
31,WIH3.2020,-89.5448839,44.1156288,172,2020-06-20,31,21.09,24.61,17.39,19.68,33.68,7.31,1.21,3.86,0.56,0.01,24.91,1.31,14.74,91.69,0.56,0.7,0,2.85,23.6,0.248166135,15.503,41.917,0.448,69.41527679,69.3748,2.67054122785823,15.3135061359769,41.9172445968072,0.248166134814166,0.152874907046113,3.25448222784847,21.6555177721515,13,0.590909090909091,7.22,201.539,1.19253846153846,0.18302513
32,WIH3.2020,-89.5448839,44.1156288,173,2020-06-21,32,21.15,26.71,14.87,17.46,30.52,29.12,32.46,13.25,1.71,0.04,0.42,8.9,12.85,80.92,0.57,0.61,0,2.1,-8.48,0.603164775,15.503,41.911,12.007,68.8033742,68.6356,10.6395595351199,15.3129153459395,41.910766456248,0.603164775082341,0.151159816432038,12.9448272143748,-12.5248272143748,12.79,0.581363636363636,11.84,198.28337,1.21211884284597,0.626477541
33,WIH3.2020,-89.5448839,44.1156288,174,2020-06-22,33,18.38,21.02,14.46,17.38,32.35,7.39,0.6,3.91,0.58,0.01,29.34,0.29,12.86,93.93,0.59,0.72,0,1.97,29.05,0.083618246,15.503,41.9,0.222,64.84750066,65.8368,2.70044959733731,15.3111499016251,41.9002072412596,0.0836182455749681,0.128025468693455,3.2067150538087,26.1332849461913,9.74,0.442727272727273,6.56,150.99922,1.59168377823409,0.21273123
34,WIH3.2020,-89.5448839,44.1156288,175,2020-06-23,34,16.83,21.66,12.89,13.84,30.15,21.71,17.63,10.01,1.35,0.03,2.01,4.36,10.15,83.47,0.6,0.64,0,2.89,-2.35,0.456233501,15.501,41.886,6.524,61.90361099,63.0124,7.93450492157162,15.3082112583162,41.8855706440493,0.456233501352804,0.124777198092579,9.38245647979167,-7.37245647979167,9.275,0.421590909090909,8.77,143.771775,1.67126684636119,0.594771242
35,WIH3.2020,-89.5448839,44.1156288,176,2020-06-24,35,17.21,21.76,11.63,13.73,30.33,21.29,18.82,9.77,1.31,0.03,0.86,5.76,10.05,80.94,0.58,0.62,0,2.34,-4.9,0.416281979,15.498,41.867,6.967,62.45615626,63.3528,7.78239209640578,15.3041018348609,41.8668609892667,0.41628197948424,0.12082378955229,9.1532255118348,-8.29322551183481,8.695,0.395227272727273,10.13,134.75511,1.78240368027602,0.567693202
36,WIH3.2020,-89.5448839,44.1156288,177,2020-06-25,36,19.56,24.27,11.65,14.19,28.57,30.2,37.65,13.52,1.75,0.04,0,8.65,10.35,72.81,0.57,0.61,0,1.54,-8.65,0.583127778,15.494,41.844,13.941,65.83098964,65.8684,11.0415733723934,15.2988250064332,41.8440832308786,0.58312777773617,0.129587090775958,13.1292417591652,-13.1292417591652,9.96,0.452727272727273,12.62,154.32024,1.55562248995984,0.691206544
37,WIH3.2020,-89.5448839,44.1156288,178,2020-06-26,37,21.56,26.59,16.67,19.76,32.66,14.08,4.85,6.8,0.93,0.02,7.74,3.47,15.02,89.64,0.57,0.64,0,2.53,4.27,0.385245099,15.488,41.817,1.796,70.07820016,69.8736,5.14899517392513,15.2923850944652,41.8172429487696,0.38524509859523,0.158119209618005,6.29652858964063,1.44347141035937,13.63,0.619545454545455,9.92,211.10144,1.13631694790902,0.315398887
38,WIH3.2020,-89.5448839,44.1156288,179,2020-06-27,38,22.64,26.66,17.61,18.29,29.83,30.35,37.91,13.73,1.78,0.04,0.05,10.03,13.51,78.09,0.57,0.61,0,1.73,-9.98,0.652429514,15.482,41.786,14.046,70.97431024,70.4244,11.101551984397,15.2847873538132,41.7863463451079,0.652429514448064,0.162431985565418,13.6194648997724,-13.5694648997724,14.135,0.6425,9.05,218.83807,1.09529536611249,0.606448763
39,WIH3.2020,-89.5448839,44.1156288,180,2020-06-28,39,21.98,27.49,16.44,18.27,32.34,26.06,20.46,11.99,1.57,0.04,0.15,8.57,13.55,80.23,0.56,0.59,0,2.97,-8.42,0.670261284,15.474,41.751,7.583,70.08911846,69.7572,9.53485504371877,15.2760379572388,41.7514002405199,0.670261283577234,0.160969203271293,11.6808511097279,-11.5308511097279,13.965,0.634772727272727,11.05,216.09441,1.10805585392052,0.545495905
40,WIH3.2020,-89.5448839,44.1156288,181,2020-06-29,40,23.59,26.94,18.67,22.2,34.9,11.6,1.29,5.73,0.77,0.02,7.97,2.45,17.36,91.96,0.56,0.64,0,2.86,5.52,0.176344968,15.465,41.712,0.478,73.73405036,72.782,4.24543346567731,15.2661439772983,41.712412070132,0.176344967823366,0.168306876297453,5.22865754061566,2.74134245938434,14.805,0.672954545454545,8.27,228.959325,1.04457953394124,0.242899534
41,WIH3.2020,-89.5448839,44.1156288,182,2020-06-30,41,24.88,29.7,20.37,21.98,33.24,27.17,27.19,12.58,1.64,0.04,0.32,9.27,16.97,84.82,0.56,0.61,0,2.51,-8.95,0.640756109,15.455,41.669,10.085,75.21572384,73.9928,9.94690422263808,15.2551133657549,41.6693898795411,0.640756108580922,0.189169289511586,12.41546472206,-12.09546472206,17.035,0.774318181818182,9.33,263.275925,0.907249779864984,0.50562701
42,WIH3.2020,-89.5448839,44.1156288,183,2020-07-01,42,23.49,28.48,18.38,18.99,33.21,25.44,20.47,11.78,1.55,0.04,0,11.3,14.08,77,0.55,0.58,0,2.08,-11.3,0.804296008,15.444,41.622,7.595,72.222327,71.5264,9.31664946789126,15.2429549306339,41.6223423207848,0.804296008381564,0.173947874675736,11.5129837883423,-11.5129837883423,15.43,0.701363636363636,10.1,238.30092,1.00090732339598,0.501489996
43,WIH3.2020,-89.5448839,44.1156288,184,2020-07-02,43,24.29,28.51,18.26,16.45,33.32,26.86,25.03,12.39,1.59,0.04,0.09,10.16,11.95,62.67,0.54,0.58,0,0.8,-10.07,1.12455594,15.432,41.571,9.292,72.08340757,71.412,9.84018708914514,15.229678311062,41.5712786483883,1.12455593971743,0.173536464031156,12.1521630574628,-12.0621630574628,15.385,0.699318181818182,10.25,237.42132,1.00305492362691,0.510086455
44,WIH3.2020,-89.5448839,44.1156288,185,2020-07-03,44,25.18,29.84,20.31,21.29,33.34,27.22,26.2,12.58,1.65,0.04,1.38,9.85,16.23,79.68,0.54,0.58,0,1.57,-8.47,0.762227701,15.419,41.516,9.731,75.16434976,74.0444,9.97587000675808,15.2152939500356,41.5162087155706,0.762227701295271,0.189562520436566,12.4411802946543,-11.0611802946543,17.075,0.776136363636364,9.53,263.279425,0.903016105417277,0.499602859
45,WIH3.2020,-89.5448839,44.1156288,186,2020-07-04,45,25.31,29.63,19.32,19.55,32.91,26.85,30.09,12.35,1.6,0.04,0.08,11.74,14.52,72.06,0.53,0.57,0,1.27,-11.66,0.923781596,15.404,41.457,11.18,74.55252214,73.548,9.84426208750552,15.1998130652782,41.4571429706962,0.923781596018596,0.183735799220131,12.2290532078384,-12.1490532078384,16.475,0.748863636363636,10.31,253.7809,0.934992412746586,0.487949427
46,WIH3.2020,-89.5448839,44.1156288,187,2020-07-05,46,25.09,29.4,20.29,21.53,33.7,25.15,22.07,11.66,1.5,0.04,0.37,8.83,16.51,81.08,0.52,0.57,0,1.81,-8.46,0.670745619,15.389,41.394,8.205,75.16800228,74.0408,9.22495590464547,15.1832476183521,41.3940924540636,0.670745618599035,0.187310813415187,11.4797590400316,-11.1097590400316,16.845,0.765681818181818,9.11,259.227705,0.913564856040368,0.464726983
47,WIH3.2020,-89.5448839,44.1156288,188,2020-07-06,47,25.59,29.73,21.61,22.56,34.34,22.84,17.67,10.65,1.39,0.03,12.39,6.76,17.53,83.92,0.53,0.63,0,1.62,5.63,0.644209021,15.372,41.327,6.573,76.28771672,74.9116,8.38149302488746,15.1656102821961,41.327068795122,0.644209020617291,0.19549362555657,10.4745040714199,1.91549592858013,17.67,0.803181818181818,8.12,271.62324,0.869949066213922,0.416178195
48,WIH3.2020,-89.5448839,44.1156288,189,2020-07-07,48,24.86,28.26,21.4,22.37,33.65,21.85,19.2,10.32,1.39,0.04,11.82,5.22,17.34,86.59,0.54,0.65,0,1.4,6.6,0.488987441,15.354,41.256,7.146,75.36524126,74.1132,8.02209143535023,15.1469144072692,41.2560842102124,0.488987441010234,0.187164749138004,9.97259615329815,1.84740384670185,16.83,0.765,6.86,258.40782,0.912299465240642,0.415124698
49,WIH3.2020,-89.5448839,44.1156288,190,2020-07-08,49,25.64,29.65,20.79,23.24,34.06,25.46,21.31,11.85,1.53,0.04,0.74,7.06,18.34,87.21,0.55,0.6,0,1.85,-6.32,0.456370699,15.335,41.181,7.935,76.73440756,75.2064,9.35228461708,15.1271739864785,41.181151500925,0.456370698633955,0.190993759736578,11.6464343522808,-10.9064343522808,17.22,0.782727272727273,8.86,264.0687,0.890534262485482,0.462168487
50,WIH3.2020,-89.5448839,44.1156288,191,2020-07-09,50,24.37,27.75,21.48,22.36,35.13,9.99,1.64,5,0.71,0.02,9.16,3.39,17.37,88.89,0.54,0.61,0,2,5.77,0.440750044,15.316,41.102,0.611,74.77429807,73.6196,3.67164442636211,15.1064036190759,41.1022840531686,0.44075004415073,0.185081683617134,4.55380374796129,4.60619625203871,16.615,0.755227272727273,6.27,254.47534,0.921817634667469,0.205170291
51,WIH3.2020,-89.5448839,44.1156288,192,2020-07-10,51,22.3,25.68,19.05,19.18,31.88,28.17,33.41,12.92,1.68,0.04,11.41,8.52,14.24,83.44,0.57,0.65,0,3.71,2.89,0.529108048,15.295,41.019,12.458,70.8521288,70.4048,10.3593107066081,15.0846184737075,41.0194958370422,0.529108048262724,0.164428899981688,12.660737768855,-1.25073776885502,14.365,0.652954545454546,6.63,219.712675,1.06474068917508,0.579372197
52,WIH3.2020,-89.5448839,44.1156288,193,2020-07-11,52,22.08,26.68,17.1,18.67,31.25,26.07,26.11,11.96,1.56,0.04,0.05,8.76,13.8,81.97,0.55,0.58,0,2.46,-8.71,0.571918846,15.273,40.933,9.742,70.38107624,70.0012,9.59284499021217,15.0618342507951,40.9328014075983,0.571918846416594,0.160327404330887,11.6793445912282,-11.6293445912282,13.89,0.631363636363636,9.58,212.14197,1.09956803455724,0.541666667
53,WIH3.2020,-89.5448839,44.1156288,194,2020-07-12,53,21.15,24.48,16.59,16.83,30.62,26.88,28.05,12.29,1.58,0.03,0.02,9.8,12.26,77.2,0.54,0.57,0,2.06,-9.78,0.562492423,15.25,40.842,10.474,68.556422,68.4088,9.89719181170157,15.0380671444337,40.8422159065827,0.56249242256526,0.149099103977884,11.9267711491157,-11.9067711491157,12.535,0.569772727272727,7.89,191.15875,1.21659353809334,0.58108747
54,WIH3.2020,-89.5448839,44.1156288,195,2020-07-13,54,21.73,25.81,16.48,17.19,30.97,26.94,30.46,12.3,1.6,0.04,0.11,10.65,12.55,76.16,0.53,0.57,0,1.55,-10.54,0.638123926,15.226,40.748,11.382,69.39449232,69.1184,9.92592627573396,15.0133338039768,40.7477550652298,0.638123925960348,0.154068712638655,12.006410147623,-11.896410147623,13.145,0.5975,9.33,200.14577,1.15831114492202,0.566037736
55,WIH3.2020,-89.5448839,44.1156288,196,2020-07-14,55,22.48,26.43,18.43,19.62,34.9,11.86,5.16,5.79,0.8,0.02,5.02,5.51,14.65,84.22,0.52,0.57,0,3.78,-0.49,0.500290567,15.202,40.649,1.93,71.20866944,70.7432,4.37284167551325,14.9876512954844,40.649435208189,0.500290567488972,0.164996987648198,5.33267247662456,-0.31267247662456,14.43,0.655909090909091,8,219.36486,1.05349965349965,0.257562278
56,WIH3.2020,-89.5448839,44.1156288,197,2020-07-15,56,19.55,22.57,16.03,17.08,32.31,7.72,1.01,4.01,0.59,0.01,17.43,2.22,12.44,86.29,0.54,0.68,0,1.91,15.21,0.331897739,15.176,40.547,0.378,66.49702805,66.8988,2.84850735562685,14.961037063196,40.5472732586489,0.331897739311063,0.139451692181368,3.39326073366769,14.0367392663323,11.3,0.513636363636364,6.54,171.4888,1.34300884955752,0.20511509
57,WIH3.2020,-89.5448839,44.1156288,198,2020-07-16,57,20.49,26.57,13.71,15.55,28.65,28.74,36.7,12.82,1.67,0.04,0.09,10.94,11.25,75.97,0.55,0.6,0,1.3,-10.85,0.755871613,15.15,40.441,13.749,67.44378047,67.288,10.612645642113,14.9335088911895,40.4412867447192,0.755871613274447,0.145953943347531,12.7145534347725,-12.6245534347725,12.14,0.551818181818182,12.86,183.921,1.24794069192751,0.625671059
58,WIH3.2020,-89.5448839,44.1156288,199,2020-07-17,58,23.26,28.27,17.16,20.17,32.46,26.06,28.86,12.1,1.58,0.04,0.1,8.36,15.19,83.3,0.53,0.58,0,2.66,-8.26,0.535594414,15.122,40.331,10.821,72.4105242,71.7212,9.63084862289561,14.9050848653745,40.3314938071236,0.53559441360876,0.167507436003833,11.7395471008728,-11.6395471008728,14.715,0.668863636363636,11.11,222.52023,1.02765885151206,0.520206363
59,WIH3.2020,-89.5448839,44.1156288,200,2020-07-18,59,26.24,30.34,22.21,24.09,35.6,19.28,12.57,9.31,1.26,0.03,3.66,8.38,19.39,88.35,0.53,0.58,0,4.13,-4.72,0.502148728,15.094,40.218,4.718,77.8715596,76.1124,7.13127757853349,14.8757833359631,40.2179132082458,0.502148728493838,0.201683845764376,8.87125875309431,-5.21125875309431,18.275,0.830681818181818,8.13,275.84285,0.82593707250342,0.354801829
60,WIH3.2020,-89.5448839,44.1156288,201,2020-07-19,60,23.12,25.65,18.36,19.05,31.57,28.06,34.95,12.8,1.67,0.04,1.92,10.51,14.31,78.87,0.53,0.58,0,4.29,-8.59,0.497571777,15.065,40.101,13.13,71.80118656,71.178,10.3880876705302,14.8456228805526,40.1005643425652,0.497571777478334,0.161312382414761,12.580737757426,-10.660737757426,14.005,0.636590909090909,7.29,210.985325,1.07568725455195,0.553633218
61,WIH3.2020,-89.5448839,44.1156288,202,2020-07-20,61,20.05,23.87,15.45,15.33,30.39,24.26,19.21,11.15,1.47,0.04,0.01,9.01,11.1,75.37,0.51,0.55,0,1.92,-9,0.616112114,15.035,39.979,7.224,66.72315815,66.7688,8.98968297867171,14.8146222679408,39.9794672485044,0.616112113931604,0.1422076876534,10.6933260631416,-10.6833260631416,11.66,0.53,8.42,175.3081,1.28945111492281,0.556109726
62,WIH3.2020,-89.5448839,44.1156288,203,2020-07-21,62,20.9,25.39,14.66,18.21,33.69,12.58,4.06,6.11,0.84,0.02,1.55,7.32,13.48,85.15,0.51,0.56,0,3.12,-5.77,0.363832694,15.004,39.855,1.528,68.6709365,68.6556,4.66614720608314,14.7828004227914,39.854642621706,0.363832694089183,0.145048883260669,5.56054427310462,-4.01054427310462,12.025,0.546590909090909,10.73,180.4231,1.24773388773389,0.292344498
63,WIH3.2020,-89.5448839,44.1156288,204,2020-07-22,63,20.12,23.56,16.73,17.02,33.5,17.85,8.34,8.37,1.15,0.03,0.29,9.15,12.41,83.38,0.51,0.55,0,2.58,-8.86,0.46521631,14.972,39.726,3.143,67.28215544,67.4472,6.62764706780848,14.7501763912506,39.7261118297423,0.465216309720743,0.145993401911056,7.89712359609224,-7.60712359609224,12.145,0.552045454545455,6.83,181.83494,1.23277068752573,0.416003976
64,WIH3.2020,-89.5448839,44.1156288,205,2020-07-23,64,19.97,24.44,16.18,16.95,32.18,17.13,11.39,7.97,1.09,0.03,0.2,8.49,12.26,83.69,0.5,0.55,0,1.71,-8.29,0.519851623,14.94,39.594,4.298,67.05379407,67.272,6.36709891668875,14.7167693076104,39.593896928253,0.519851623448524,0.147300606929936,7.58797135258364,-7.38797135258364,12.31,0.559545454545455,8.26,183.9114,1.21364744110479,0.399098648
65,WIH3.2020,-89.5448839,44.1156288,206,2020-07-24,65,21.85,26.44,14.99,18.66,31.68,26.91,30.17,12.42,1.59,0.04,0,9.48,13.77,83.15,0.49,0.54,0,1.81,-9.48,0.425830993,14.907,39.458,11.398,70.09464225,69.7676,10.0133943652038,14.6825983621008,39.4580206784947,0.425830992950842,0.150551240044641,11.9558691554528,-11.9558691554528,12.715,0.577954545454546,11.45,189.542505,1.17239480928038,0.568421053
66,WIH3.2020,-89.5448839,44.1156288,207,2020-07-25,66,25.36,30.02,19.34,22.6,35.01,23.47,18.35,11.01,1.45,0.04,0.46,11.25,17.63,85.42,0.49,0.54,0,3.35,-10.79,0.503989494,14.873,39.319,6.941,76.07242688,74.696,8.74349370390594,14.6476827698861,39.3185065662769,0.503989493856489,0.185709376878921,10.7025743332569,-10.2425743332569,16.68,0.758181818181818,10.68,248.08164,0.891666666666667,0.434148265
67,WIH3.2020,-89.5448839,44.1156288,208,2020-07-26,67,25.25,27.43,23.05,23.95,35.7,16.79,8.02,8.18,1.1,0.03,10.55,2.7,19.11,92.52,0.5,0.6,0,3.52,7.85,0.262128354,14.839,39.175,3.038,76.649827,75.072,6.26250946927811,14.6120417413269,39.1753788222469,0.262128354115506,0.191191884446401,7.68130246879305,2.86869753120695,17.24,0.783636363636364,4.38,255.82436,0.860730858468678,0.323960396
68,WIH3.2020,-89.5448839,44.1156288,209,2020-07-27,68,22.04,25.43,18.32,17.61,30.46,27.11,34.48,12.38,1.6,0.04,0.14,11.04,12.92,77.28,0.5,0.55,0,3.33,-10.9,0.663917552,14.804,39.029,13.079,69.96354688,69.5796,10.1245354541256,14.5756944535632,39.0286624434784,0.663917552020887,0.16019930427084,12.1440157476135,-12.0040157476135,13.875,0.630681818181818,7.11,205.4055,1.06695495495496,0.561705989
69,WIH3.2020,-89.5448839,44.1156288,210,2020-07-28,69,21.12,25.59,15.63,17.96,32.54,19.43,19.33,9.13,1.22,0.03,4.53,5.49,13.26,82.84,0.49,0.56,0,2.36,-0.96,0.469472003,14.768,38.878,7.343,68.88192992,68.7856,7.26589278891081,14.5386600234625,38.878383216307,0.469472002584683,0.149702714545249,8.62593553398861,-4.09593553398861,12.61,0.573181818181818,9.96,186.22448,1.17113402061856,0.432291667
70,WIH3.2020,-89.5448839,44.1156288,211,2020-07-29,70,22.03,26.64,15.97,17.66,30.46,25.71,30.59,11.66,1.51,0.03,0,10.15,12.93,77.52,0.49,0.55,0,1.53,-10.15,0.632470324,14.731,38.725,11.636,69.96581944,69.5876,9.6274700691615,14.5009574819681,38.7245677403462,0.632470324463972,0.155395150631632,11.4712630215322,-11.4712630215322,13.305,0.604772727272727,10.67,195.995955,1.10717775272454,0.529278257
71,WIH3.2020,-89.5448839,44.1156288,212,2020-07-30,71,20.9,24.39,16.74,17.42,30.34,24.61,28.12,11.19,1.47,0.03,0.06,8.64,12.7,81.35,0.49,0.53,0,2.45,-8.58,0.49033219,14.694,38.567,10.714,68.4280785,68.3712,9.22867946039608,14.4626057498749,38.5672434536095,0.490332190458478,0.149340300747846,10.9219772620184,-10.8619772620184,12.565,0.571136363636364,7.65,184.63011,1.16943891762833,0.535406699
72,WIH3.2020,-89.5448839,44.1156288,213,2020-07-31,72,20.11,24.49,14.95,15.74,30.75,22.51,23.59,10.32,1.37,0.03,0,10.35,11.41,77.04,0.48,0.52,0,1.77,-10.35,0.598009069,14.657,38.406,9.003,66.91019656,66.9764,8.45368065652794,14.4236236150507,38.406438658654,0.598009069424514,0.142671471917441,9.92656180608469,-9.92656180608469,11.72,0.532727272727273,9.54,171.78004,1.25059726962457,0.513177524
73,WIH3.2020,-89.5448839,44.1156288,214,2020-08-01,73,21.58,25.81,17.11,15.87,31.47,22.68,21.9,10.4,1.37,0.03,0.04,10.72,11.52,71.05,0.47,0.52,0,0.92,-10.68,0.834303455,14.618,38.242,8.371,68.7989141,68.4932,8.53062696995648,14.3840297111146,38.2421825496543,0.834303455008453,0.156689328153684,10.1303921612038,-10.0903921612038,13.46,0.611818181818182,8.7,196.75828,1.08603268945022,0.481927711
74,WIH3.2020,-89.5448839,44.1156288,215,2020-08-02,74,18.8,23.68,13.39,16.38,33.07,7.34,1.55,3.8,0.56,0.01,7.12,5.11,12,86.24,0.47,0.56,0,3.26,2.01,0.368843151,14.579,38.075,0.593,65.2466688,65.8968,2.76520478119721,14.3438424975761,38.0745052403047,0.368843151181055,0.133745041040365,3.20639818513865,3.91360181486135,10.535,0.478863636363636,10.29,153.589765,1.38386331276697,0.20212766
75,WIH3.2020,-89.5448839,44.1156288,216,2020-08-03,75,15.55,19.51,10.97,11.55,29.63,16.8,9.22,7.71,1.05,0.02,0.9,5.9,8.63,78.28,0.48,0.54,0,3.03,-5,0.42769568,14.54,37.903,3.537,59.7522746,60.908,6.33957662024887,14.3030802414311,37.903437792445,0.427695679838407,0.111371031444496,7.12386241278098,-6.22386241278098,7.24,0.329090909090909,8.54,105.2696,2.00828729281768,0.495819936
76,WIH3.2020,-89.5448839,44.1156288,217,2020-08-04,76,15.9,20.14,9.72,10.93,27.75,24.77,26.63,11.09,1.42,0.03,0,7.84,8.28,73.7,0.47,0.51,0,2.26,-7.84,0.475233082,14.5,37.729,10.234,60.241017,61.0348,9.36318760953494,14.2617610002067,37.7290122452931,0.475233081567436,0.109440411411057,10.4711033286157,-10.4711033286157,6.93,0.315,10.42,100.485,2.09235209235209,0.697484277
77,WIH3.2020,-89.5448839,44.1156288,218,2020-08-05,77,18.65,23.83,11.95,12.59,28.71,22.88,18.98,10.33,1.35,0.03,0,9.26,9.27,69.54,0.47,0.51,0,1.13,-9.26,0.717681406,14.46,37.551,7.309,64.3017979,64.3824,8.66419282285916,14.2199026064401,37.5512616451656,0.717681406345156,0.129088469356104,9.94099628477183,-9.94099628477183,9.89,0.449545454545455,11.88,143.0094,1.46208291203236,0.553887399
78,WIH3.2020,-89.5448839,44.1156288,219,2020-08-06,78,19.54,24.61,13.37,14.16,30.14,23.81,26.02,10.87,1.4,0.03,0,10.45,10.26,72.5,0.46,0.51,0,1.37,-10.45,0.699367444,14.419,37.37,10.04,65.784735,65.8376,9.03304325473523,14.1775226535709,37.3702200755615,0.699367444472916,0.137114837813222,10.4396863080506,-10.4396863080506,10.99,0.499545454545454,11.24,158.46481,1.31201091901729,0.55629478
79,WIH3.2020,-89.5448839,44.1156288,220,2020-08-07,79,20.67,25.91,13.98,17.04,31.84,23.35,24.67,10.71,1.39,0.03,0.45,9.73,12.38,80.61,0.45,0.5,0,2.77,-9.28,0.527400423,14.377,37.186,9.538,68.01093613,68.0044,8.87550408139804,14.1346384832227,37.1859226874764,0.527400422769879,0.144422080647669,10.3147664743306,-9.86476647433058,11.945,0.542954545454546,11.93,171.733265,1.20359983256593,0.518142235
80,WIH3.2020,-89.5448839,44.1156288,221,2020-08-08,80,23.06,27.28,18.61,20.58,35.76,12.57,5.78,6.18,0.84,0.02,4.99,5.14,15.66,86.18,0.45,0.53,0,3.46,-0.15,0.460832535,14.336,36.998,2.24,72.32923692,71.6688,4.78742867108243,14.0912671738469,36.9984057298146,0.460832534970635,0.169556849941338,5.67103201508381,-0.681032015083813,14.945,0.679318181818182,8.67,214.25152,0.959250585480094,0.267996531
81,WIH3.2020,-89.5448839,44.1156288,222,2020-08-09,81,24.13,26.9,21.55,22.71,34.06,16.74,7.37,7.97,1.05,0.03,3.98,2.68,17.69,91.82,0.46,0.55,0,3.04,1.3,0.297831843,14.293,36.808,2.862,74.64964434,73.5056,6.38871381117601,14.0474255306944,36.8077065797597,0.297831843089261,0.181352947645722,7.61296404975537,-3.63296404975537,16.225,0.7375,5.35,231.903925,0.880924499229584,0.33029424
82,WIH3.2020,-89.5448839,44.1156288,223,2020-08-10,82,22.82,27.35,16.34,20.55,32.38,12.37,6.56,6.06,0.84,0.02,3.02,3.56,15.74,87.33,0.47,0.55,0,3.05,-0.54,0.329582102,14.251,36.614,2.553,72.02542894,71.418,4.73095983880888,14.0031300770824,36.6138637729635,0.329582101549263,0.159943363506387,5.54004280131481,-2.52004280131481,13.845,0.629318181818182,11.01,197.305095,1.02932466594438,0.265556529
83,WIH3.2020,-89.5448839,44.1156288,224,2020-08-11,83,20.26,26.09,12.99,13.74,26.97,26.41,35.71,11.82,1.53,0.04,0.01,11.23,10.02,68.58,0.46,0.51,0,1.84,-11.22,0.866218587,14.208,36.417,13.932,66.65902492,66.4064,10.1228026982862,13.9583970469167,36.4169170334102,0.866218587493667,0.141283946080092,11.6301611907135,-11.6201611907135,11.54,0.524545454545455,13.1,163.96032,1.23119584055459,0.583415597
84,WIH3.2020,-89.5448839,44.1156288,225,2020-08-12,84,21.8,27.16,15.98,15.82,31.13,22.85,23.3,10.5,1.38,0.03,0.03,11.59,11.48,69.78,0.45,0.49,0,1.61,-11.56,0.909938453,14.164,36.217,9.112,69.0393796,68.6952,8.77815396243074,13.9132423784312,36.2169073028104,0.909938452536817,0.157613291957316,10.2141774818367,-10.1841774818367,13.57,0.616818181818182,11.18,192.20548,1.04377302873987,0.481651376
85,WIH3.2020,-89.5448839,44.1156288,226,2020-08-13,85,20.9,26.65,16.29,17.01,32.68,19.42,16.34,9.07,1.19,0.03,0.83,6.48,12.39,79.31,0.44,0.49,0,1.94,-5.65,0.733530541,14.12,36.014,6.406,68.2977021,68.2236,7.47796135682137,13.8676817091018,36.0138767693809,0.733530541216013,0.156773135285982,8.67486807495939,-7.84486807495939,13.47,0.612272727272727,10.36,190.1964,1.04825538233111,0.433971292
86,WIH3.2020,-89.5448839,44.1156288,227,2020-08-14,86,22.78,27.99,16.85,18.52,31.71,24.95,31.75,11.45,1.44,0.03,0.05,10.18,13.66,77.99,0.44,0.49,0,1.77,-10.13,0.716088094,14.076,35.808,12.481,71.18769078,70.6472,9.63062542975201,13.8217303716928,35.8078688958642,0.716088093535264,0.164909481840576,11.2176499535325,-11.1676499535325,14.42,0.655454545454546,11.14,202.97592,0.976144244105409,0.502633889
87,WIH3.2020,-89.5448839,44.1156288,228,2020-08-15,87,20.29,23.69,15.82,16.11,31.64,18.74,15.73,8.59,1.16,0.03,2.04,8.58,11.76,78.23,0.44,0.49,0,2.94,-6.54,0.532046724,14.031,35.599,6.2,67.26214833,67.2896,7.25165253054117,13.77540339139,35.5989284466424,0.532046723998702,0.142942603393564,8.26627952243384,-6.22627952243384,11.755,0.534318181818182,7.87,164.934405,1.19361973628243,0.423361262
88,WIH3.2020,-89.5448839,44.1156288,229,2020-08-16,88,19.95,25.58,14.33,15.43,30.21,22.84,26.54,10.44,1.35,0.03,0.2,10.01,11.19,76.86,0.43,0.47,0,2.13,-9.81,0.702864803,13.986,35.387,10.489,66.6487543,66.7048,8.86096482165227,13.7287154839776,35.3871015138033,0.702864803017641,0.144500305419425,10.0902446527513,-9.89024465275131,11.955,0.543409090909091,11.25,167.20263,1.16988707653701,0.523308271
89,WIH3.2020,-89.5448839,44.1156288,230,2020-08-17,89,20.16,25.03,15.52,15.28,30.23,22.22,27.2,10.15,1.32,0.03,0.02,9.39,11.05,75,0.43,0.47,0,2.52,-9.37,0.732006935,13.941,35.172,10.781,66.8734,66.8608,8.64332959482538,13.6816810550125,35.172435542014,0.732006934845168,0.147022496864461,9.84008257697665,-9.82008257697665,12.275,0.557954545454545,9.51,171.125775,1.13572301425662,0.503472222
90,WIH3.2020,-89.5448839,44.1156288,231,2020-08-18,90,18.6,23.33,11.98,12.47,28.36,24.26,32.55,11,1.4,0.03,0,9.38,9.19,69.62,0.42,0.46,0,1.73,-9.38,0.686709577,13.896,34.955,12.94,64.2301668,64.2892,9.46269940998441,13.6343141999509,34.9549793520655,0.686709577354337,0.127426402365343,10.5193402845415,-10.5193402845415,9.655,0.438863636363636,11.35,134.16588,1.43925427239772,0.591397849
91,WIH3.2020,-89.5448839,44.1156288,232,2020-08-19,91,20.39,26.45,12.8,14.8,31.02,24.38,32.06,11.24,1.43,0.03,0,10.17,10.78,71.69,0.42,0.45,0,2.08,-10.17,0.781557617,13.85,34.735,12.783,67.03564509,66.918,9.53632001323869,13.586628705182,34.734783162949,0.781557616885474,0.141937736548938,10.7433062957533,-10.7433062957533,11.625,0.528409090909091,13.65,161.00625,1.19139784946237,0.551250613
92,WIH3.2020,-89.5448839,44.1156288,233,2020-08-20,92,21.09,27.18,15.5,15.87,31.84,19.4,18.02,8.92,1.18,0.03,0.37,10.29,11.54,73.49,0.41,0.45,0,3.29,-9.92,0.87882145,13.804,34.512,7.208,68.21788059,68.0032,7.61040651859955,13.5386380499245,34.5118986123316,0.878821449892001,0.155686591811167,8.65801403943914,-8.28801403943914,13.34,0.606363636363636,11.68,184.14536,1.03478260869565,0.422949265
93,WIH3.2020,-89.5448839,44.1156288,234,2020-08-21,93,22.06,27.89,15.51,16.82,31.99,22.86,27.67,10.43,1.33,0.03,0.22,9.79,12.29,73.73,0.41,0.44,0,2.49,-9.57,0.843206723,13.757,34.286,11.102,69.72739962,69.3152,8.99452014659863,13.4903554089402,34.2863787753027,0.843206723417627,0.158711180339359,10.2278782700942,-10.0078782700942,13.7,0.622727272727273,12.38,188.4709,1.00416058394161,0.472801451
94,WIH3.2020,-89.5448839,44.1156288,235,2020-08-22,94,21.66,26.28,17.81,18,33.21,11.84,2.48,5.73,0.78,0.02,1.13,4.43,13.27,80.22,0.41,0.45,0,2.39,-3.3,0.664459543,13.711,34.058,0.998,69.57503548,69.34,4.67289732147561,13.4417936560226,34.0582781812656,0.664459543296295,0.161656179309638,5.30992336018421,-4.17992336018421,14.045,0.638409090909091,8.47,192.570995,0.976219295122819,0.264542936
95,WIH3.2020,-89.5448839,44.1156288,236,2020-08-23,95,24.02,29.36,18.04,19.84,32.97,21.39,24.78,9.9,1.26,0.03,0.16,9.87,14.83,78.89,0.4,0.45,0,1.24,-9.71,0.764231245,13.664,33.828,10.009,73.23481422,72.3624,8.46867888456635,13.3929653682169,33.8276528288542,0.764231244859975,0.176433656199744,9.69648862163108,-9.53648862163108,15.7,0.713636363636364,11.32,214.5248,0.87031847133758,0.412156536
96,WIH3.2020,-89.5448839,44.1156288,237,2020-08-24,96,25.25,30.97,20.1,21.18,34.46,13.4,6.26,6.26,0.81,0.02,4.24,8.7,16.1,79.84,0.4,0.47,0,1.64,-4.46,0.904194476,13.617,33.595,2.537,75.293384,74.0748,5.32252926884181,13.3438828307295,33.5945601987613,0.904194475904755,0.194134390986745,6.14064733596522,-1.90064733596522,17.535,0.797045454545455,10.87,238.774095,0.776561163387511,0.247920792
97,WIH3.2020,-89.5448839,44.1156288,238,2020-08-25,97,23.76,28.28,20.29,21.62,35.09,14.46,7.46,6.87,0.9,0.02,15.78,3.53,16.54,88.24,0.42,0.6,0,2.27,12.25,0.527964827,13.569,33.359,3.034,73.68344576,72.7432,5.76273172965922,13.2945580424873,33.3590592643698,0.527964826544493,0.181922442731419,6.57844849488339,9.2015515051166,16.285,0.740227272727273,7.99,220.971165,0.833220755296285,0.289141414
98,WIH3.2020,-89.5448839,44.1156288,239,2020-08-26,98,24.74,30.37,19.36,20.71,32.99,20.81,20.02,9.24,1.13,0.03,0.51,9.62,15.72,79.34,0.43,0.49,0,3.52,-9.11,0.847515202,13.522,33.121,8.173,74.42620884,73.3956,8.32181259348891,13.2450027223065,33.1212105000843,0.847515201952313,0.187505715169581,9.49986581192823,-8.98986581192823,16.865,0.766590909090909,11.01,228.04853,0.801778831900385,0.373484236
99,WIH3.2020,-89.5448839,44.1156288,240,2020-08-27,99,24.72,29.24,20.31,21.85,35.44,17.21,14.11,8.11,1.05,0.03,20.98,5.05,16.92,84.61,0.44,0.59,0,2.19,15.93,0.602676197,13.474,32.881,5.782,74.93040608,73.786,6.90640051106064,13.1952283156329,32.8810758872666,0.602676197403874,0.186630000881967,7.852321856583,13.127678143417,16.775,0.7625,8.93,226.02635,0.803219076005961,0.328074434
100,WIH3.2020,-89.5448839,44.1156288,241,2020-08-28,100,23.63,27.63,19.28,22,33.96,10.74,7.89,5.22,0.7,0.02,26.09,3.49,17.13,90.81,0.48,0.68,0,3.32,22.6,0.323722965,13.426,32.639,3.246,73.69828897,72.75,4.32553564420097,13.1452460018174,32.6387189176887,0.323722964851167,0.174176791449783,4.86119883171457,21.2288011682854,15.455,0.7025,8.35,207.49883,0.868715626011,0.220905628
101,WIH3.2020,-89.5448839,44.1156288,242,2020-08-29,101,18.09,22.25,12.95,13.86,27.61,24.15,35.86,10.79,1.37,0.03,0.45,7.31,10.2,78.04,0.47,0.53,0,3.74,-6.86,0.504528195,13.378,32.394,14.809,63.76944164,64.2796,9.76242092714177,13.0950667018912,32.3942045944194,0.504528194968427,0.127040038970554,10.4666605369875,-10.0166605369875,9.6,0.436363636363636,9.3,128.4288,1.39354166666667,0.596462134
102,WIH3.2020,-89.5448839,44.1156288,243,2020-08-30,102,16.65,22.05,11.02,12.39,27.92,23.53,34.03,10.61,1.34,0.03,0.02,7.54,9.19,77.64,0.46,0.5,0,1.61,-7.52,0.54416936,13.33,32.148,14.11,61.4817694,62.3104,9.54789228477886,13.0447010868057,32.1475994300713,0.544169360055034,0.119752087604155,10.1014726420746,-10.0814726420746,8.535,0.387954545454545,11.03,113.77155,1.5618043350908,0.637237237
103,WIH3.2020,-89.5448839,44.1156288,244,2020-08-31,103,17.51,23.07,12.22,14.51,29.66,9.37,11.54,4.48,0.6,0.01,5.06,4.3,10.65,83.26,0.45,0.53,0,3.36,0.76,0.469895365,13.281,31.899,4.805,63.00995774,63.9336,3.81690285976428,12.9941595861065,31.898971442343,0.469895365111441,0.127356080473636,4.0625597595993,0.997440240400699,9.645,0.438409090909091,10.85,128.095245,1.37698289269051,0.255853798
104,WIH3.2020,-89.5448839,44.1156288,245,2020-09-01,104,15.87,20.68,10.89,10.77,30.28,11.86,8.46,5.47,0.74,0.02,3.15,3.86,8.33,74.03,0.45,0.51,0,1.52,-0.71,0.578044836,13.233,31.648,3.537,60.19948539,60.9472,4.85046300037644,12.9434523970081,31.6483901467967,0.578044836423731,0.114835359695959,5.05582186396987,-1.90582186396987,7.785,0.353863636363636,9.79,103.018905,1.69980732177264,0.344675488
105,WIH3.2020,-89.5448839,44.1156288,246,2020-09-02,105,18.11,23.69,13.52,13.43,26.9,23.78,38.22,10.61,1.34,0.03,1.61,6.74,9.91,76.2,0.45,0.52,0,3.02,-5.13,0.698718139,13.184,31.396,16.05,63.7343218,64.1448,9.76514509633356,12.8925894938416,31.3959265468226,0.698718139005836,0.134258857657613,10.3940079328124,-8.78400793281245,10.605,0.482045454545455,10.17,139.81632,1.24318717586044,0.585864163
106,WIH3.2020,-89.5448839,44.1156288,247,2020-09-03,106,16.72,20.1,11.07,10.4,28.56,19.08,25.84,8.62,1.12,0.02,0.01,6.55,8.14,66.98,0.44,0.47,0,5.23,-6.54,0.57452852,13.135,31.142,10.899,61.35212544,61.664,7.86783404272363,12.8415806378459,31.1416531207465,0.574528520463419,0.11355356799412,8.11800091057254,-8.10800091057254,7.585,0.344772727272727,9.03,99.628975,1.73170731707317,0.515550239
107,WIH3.2020,-89.5448839,44.1156288,248,2020-09-04,107,15.16,21.41,8.13,9.23,27.08,21.36,30.46,9.6,1.22,0.02,0.01,6.72,7.43,69.63,0.43,0.46,0,3.18,-6.71,0.65027548,13.086,30.886,12.906,59.07285892,59.6828,8.84565339119446,12.7904353872757,30.8856438060498,0.650275480467333,0.108455140185972,9.01503042988684,-9.00503042988684,6.77,0.307727272727273,13.28,88.59222,1.93293943870015,0.633245383
108,WIH3.2020,-89.5448839,44.1156288,249,2020-09-05,108,17.71,22.15,12.14,11.37,29.03,20.96,28.76,9.45,1.19,0.02,0.1,6.92,8.51,67.77,0.42,0.46,0,1.73,-6.82,0.69650891,13.037,30.628,12.242,62.83603633,63.0032,8.71794062865484,12.7391631078011,30.6279739806751,0.696508910117892,0.12388168219249,9.04790639952742,-8.94790639952742,9.145,0.415681818181818,10.01,119.223365,1.42558775287042,0.533596838
109,WIH3.2020,-89.5448839,44.1156288,250,2020-09-06,109,19.03,25.08,12.9,16.44,32.26,8.91,3.28,4.28,0.56,0.01,2.87,2.29,12.35,84.97,0.42,0.5,0,4.49,0.58,0.465415634,12.987,30.369,1.403,65.57168309,66.1484,3.72251631405457,12.6877729831741,30.3687204414018,0.465415633811173,0.137114837813222,3.90666127697316,-1.03666127697316,10.99,0.499545454545454,12.18,142.72713,1.18171064604186,0.22490804
110,WIH3.2020,-89.5448839,44.1156288,251,2020-09-07,110,13.41,16.34,9.29,8.77,28.51,13.09,10.46,6.07,0.81,0.02,0.35,2.35,7.23,74.3,0.42,0.47,0,3.31,-2,0.38409339,12.938,30.108,4.495,56.4011937,57.7672,5.49385675497661,12.6362740261393,30.1079613792856,0.384093389535887,0.0970120538775348,5.41041544275864,-5.06041544275864,4.815,0.218863636363636,7.05,62.29647,2.68701973001038,0.452647278
111,WIH3.2020,-89.5448839,44.1156288,252,2020-09-08,111,9.32,12.2,5.95,6.98,28.67,5.12,0.51,2.57,0.36,0.01,12.66,0.47,6.32,86.1,0.43,0.54,0,3.94,12.19,0.17603365,12.888,29.846,0.22,49.4811748,53.0328,2.15888290853314,12.5846750895668,29.8457763521605,0.176033649727991,0.0779643067666997,2.01951877069951,10.6404812293005,2.1,0.0488636363636363,6.25,27.0648,,0.275751073
112,WIH3.2020,-89.5448839,44.1156288,253,2020-09-09,112,8.09,10.36,5.88,7.16,29.03,2.97,0.1,1.58,0.22,0,12.48,0.02,6.37,93.87,0.46,0.61,0,3.7,12.46,0.079713948,12.839,29.582,0.043,46.94763217,51.8676,1.258287310813,12.5329848777866,29.5822462542167,0.0797139479952682,0.0736478201267718,1.15571429150647,11.3242857084935,1.18,0.00545454545454542,4.48,15.15002,,0.195302843
113,WIH3.2020,-89.5448839,44.1156288,254,2020-09-10,113,9.43,13.13,6.92,7.39,26.21,12.57,3.5,5.78,0.76,0.02,2.16,0.28,6.45,87.45,0.47,0.55,0,2.29,1.88,0.22444781,12.789,29.317,1.527,49.59701965,53.2904,5.35138003975688,12.4812119581053,29.3174532826697,0.224447810257425,0.0824707248199193,5.02194076559554,-2.86194076559554,2.565,0.0920454545454546,6.21,32.803785,,0.612937434
114,WIH3.2020,-89.5448839,44.1156288,255,2020-09-11,114,12.31,16.68,7.56,9.32,27.76,11.96,8.77,5.47,0.71,0.01,3.01,1.53,7.44,83.13,0.46,0.52,0,3,1.48,0.29678548,12.739,29.051,3.846,54.51447997,56.8652,5.11695783022867,12.4293647724853,29.05148090155,0.296785479723736,0.0931998408642965,4.90404423486629,-1.89404423486629,4.34,0.187272727272727,9.12,55.28726,2.9352534562212,0.444354184
115,WIH3.2020,-89.5448839,44.1156288,256,2020-09-12,115,16.66,21.12,12.59,15.83,32.27,4.77,1.41,2.45,0.34,0.01,21.48,0.57,11.58,94.86,0.48,0.66,0,3.36,20.91,0.183091001,12.689,28.784,0.622,61.87525924,63.5588,2.05112547270527,12.3774516493713,28.7844138026482,0.183091001374523,0.121903618343667,2.05374750713902,19.426252492861,8.855,0.4025,8.53,112.361095,1.43297571993224,0.147058824
116,WIH3.2020,-89.5448839,44.1156288,257,2020-09-13,116,15.25,20.26,10.68,12.61,29.8,15.2,8.5,6.88,0.88,0.02,0.11,3.53,9.28,85.19,0.48,0.54,0,2.57,-3.42,0.370618054,12.64,28.516,3.768,59.33189025,60.9896,6.56982356197039,12.3254808156437,28.5163378636603,0.370618054111122,0.112822055212358,6.45995114483267,-6.34995114483267,7.47,0.339545454545455,9.58,94.4208,1.69210174029451,0.451147541
117,WIH3.2020,-89.5448839,44.1156288,258,2020-09-14,117,15.73,21.34,9.35,13.47,30.75,10.98,3.28,4.83,0.56,0.01,0.19,4.05,9.77,85.82,0.47,0.52,0,2.12,-3.86,0.313000081,12.59,28.247,1.462,60.13353114,61.7792,4.77080655357998,12.2734604086869,28.2473401035841,0.313000080507427,0.112031476267261,4.66076532886393,-4.47076532886393,7.345,0.333863636363636,11.99,92.47355,1.714091218516,0.30705658
118,WIH3.2020,-89.5448839,44.1156288,259,2020-09-15,118,18.44,23.87,13.67,15.47,29.54,14.96,10.93,6.28,0.71,0.01,0.02,4.6,11.18,84.19,0.46,0.51,0,4.58,-4.58,0.505047547,12.539,27.978,4.899,64.56661964,65.2092,6.53496791909601,12.2213984885536,27.9775086354292,0.50504754741945,0.135476616768059,6.5476855405162,-6.5276855405162,10.77,0.489545454545455,10.2,135.04503,1.16425255338904,0.340563991
119,WIH3.2020,-89.5448839,44.1156288,260,2020-09-16,119,16.77,21.38,10.78,13.15,28.66,13.31,8.89,5.55,0.62,0.01,0,4.34,9.68,80.58,0.45,0.5,0,3.7,-4.34,0.407101632,12.489,27.707,4.007,61.73889334,62.704,5.84595291876529,12.1693030502132,27.7069326163077,0.407101632048621,0.116748417698166,5.68986661809517,-5.68986661809517,8.08,0.367272727272727,10.6,100.91112,1.54566831683168,0.330948122
120,WIH3.2020,-89.5448839,44.1156288,261,2020-09-17,120,12.33,17.75,7.78,8.59,25.16,19.74,29.24,8.63,1.05,0.02,0.01,4.04,7.07,79.27,0.45,0.49,0,1.82,-4.03,0.427623436,12.439,27.436,13.257,54.62794109,56.6224,8.71831789425762,12.1171820358681,27.4357021949821,0.427623436168898,0.0967334324097232,8.15441891301901,-8.14441891301901,4.875,0.216590909090909,9.97,60.640125,2.55158974358974,0.699918897
121,WIH3.2020,-89.5448839,44.1156288,262,2020-09-18,121,10.19,14.82,5.55,2.32,22.9,21.08,36.19,9.15,1.13,0.02,0.01,3.52,4.61,61.91,0.44,0.48,0,1.86,-3.51,0.574044193,12.389,27.164,16.506,51.94631271,52.2252,9.36283208893341,12.0650433473256,27.1639084569545,0.574044193135456,0.0832511537992364,8.4394692594843,-8.4294692594843,3.41,0.0993181818181819,9.27,42.24649,3.63313782991202,
122,WIH3.2020,-89.5448839,44.1156288,263,2020-09-19,122,10.51,16.87,3.49,5.91,24.32,19.35,30.78,8.56,1.05,0.02,0,2.81,5.86,74.96,0.44,0.48,0,2.29,-2.81,0.423862044,12.339,26.892,14.123,51.89333304,53.8376,8.64393121447865,12.0128948584114,26.8916433671876,0.423862044426618,0.0832266703622926,7.74635214884596,-7.74635214884596,4.435,0.0990909090909091,13.38,54.723465,2.78218714768884,0.814462417
123,WIH3.2020,-89.5448839,44.1156288,264,2020-09-20,123,12.38,18.71,6.46,7.29,27.76,13.57,9.29,5.71,0.64,0.01,0,3.07,6.43,73.9,0.44,0.48,0,2.99,-3.07,0.53962871,12.288,26.619,4.288,54.8174318,56.2044,6.09742303034823,11.9607444274117,26.618999710556,0.539628709992779,0.0957360285526591,5.59419741018873,-5.59419741018873,5.355,0.208409090909091,12.25,65.80224,2.29467787114846,0.461227787
124,WIH3.2020,-89.5448839,44.1156288,265,2020-09-21,124,14.06,20.84,7.57,9.56,29.06,13.27,8.69,5.65,0.65,0.01,0.15,3.41,7.61,76.25,0.43,0.48,0,3.42,-3.26,0.559969841,12.238,26.346,4.037,57.3983925,58.7016,5.99812854898712,11.9085999095313,26.3460710301326,0.559969841119409,0.10503598105581,5.5681821542923,-5.4181821542923,6.42,0.282045454545455,13.27,78.56796,1.90623052959502,0.401849218
125,WIH3.2020,-89.5448839,44.1156288,266,2020-09-22,125,17.06,24.47,11.56,14.29,29.63,16.41,19.62,7.34,0.89,0.02,0.76,3.44,10.43,85.04,0.43,0.49,0,2.02,-2.68,0.586803601,12.188,26.073,9.172,62.32062576,63.4044,7.46231812673158,11.8564691693551,26.0729515634218,0.586803600984328,0.1299800090446,7.13746411549949,-6.37746411549949,10.015,0.455227272727273,12.91,122.06282,1.21697453819271,0.43024619
126,WIH3.2020,-89.5448839,44.1156288,267,2020-09-23,126,18.57,25.76,12.27,15.02,28.38,17.14,23.4,7.57,0.92,0.02,0.01,5.64,10.91,81.42,0.43,0.48,0,2,-5.63,0.663322304,12.137,25.8,11.008,64.66713706,65.1772,7.84220158740292,11.8043600932991,25.7997361766557,0.66332230412406,0.137302056240598,7.51667877510982,-7.50667877510982,11.015,0.500681818181818,13.49,133.689055,1.10186109850204,0.407646742
127,WIH3.2020,-89.5448839,44.1156288,268,2020-09-24,127,16.56,20.81,12.96,15.56,32.16,4.95,0.33,2.49,0.33,0.01,7.93,0.82,11.35,93.22,0.43,0.53,0,1.54,7.11,0.208175403,12.087,25.527,0.156,61.66599968,63.3616,2.27895491835993,11.7522806020404,25.5265202972796,0.208175402923235,0.12210699499696,2.13182430912207,5.79817569087793,8.885,0.403863636363636,7.85,107.392995,1.360382667417,0.150362319
128,WIH3.2020,-89.5448839,44.1156288,269,2020-09-25,128,18.57,23.69,14.1,15.17,30.97,15.82,19.42,7.15,0.88,0.02,0.15,4.33,11.04,81.94,0.44,0.51,0,3.95,-4.18,0.5448082,12.037,25.253,9.257,64.68837542,65.2312,7.32961806272244,11.7002386629108,25.2533998447523,0.544808200379545,0.136405378035486,6.93110351353857,-6.78110351353857,10.895,0.495227272727273,9.59,131.143115,1.10481872418541,0.385029618
129,WIH3.2020,-89.5448839,44.1156288,270,2020-09-26,129,19.69,23.66,15.49,17.34,33.02,7.17,0.71,3.46,0.45,0.01,0.7,2.59,12.83,86.7,0.44,0.49,0,3.61,-1.89,0.361839714,11.986,24.98,0.341,66.7513177,67.1324,3.34332754465754,11.6482423022427,24.9804711597992,0.361839714099473,0.141552844549179,3.15831029267559,-2.45831029267559,11.575,0.526136363636364,8.17,138.73795,1.03550755939525,0.175723718
130,WIH3.2020,-89.5448839,44.1156288,271,2020-09-27,130,15.49,19.18,11.48,13.3,30.37,5.01,0.45,2.48,0.36,0.01,2.2,0.69,9.91,87.02,0.44,0.51,0,3.35,1.51,0.261264151,11.936,24.708,0.217,59.74764402,61.478,2.35137844530887,11.5962996176522,24.707830932254,0.261264150601165,0.111936923810779,2.12632030842216,0.0736796915778379,7.33,0.333181818181818,7.7,87.49088,1.62837653478854,0.160103292
131,WIH3.2020,-89.5448839,44.1156288,272,2020-09-28,131,11.2,14.16,7.14,8.7,28.66,9.14,6.71,4.22,0.58,0.01,3.17,0.87,7.22,85.22,0.44,0.52,0,2.92,2.3,0.188399082,11.885,24.436,3.264,52.6347336,55.532,4.31812972985442,11.5444187902477,24.4355761276356,0.188399081753511,0.0855551405862315,3.6811690132213,-0.511169013221295,3.08,0.120454545454545,7.02,36.6058,3.85876623376623,0.376785714
132,WIH3.2020,-89.5448839,44.1156288,273,2020-09-29,132,10.33,14.91,6.09,7.59,28.28,6.09,4.16,2.97,0.42,0.01,0.26,1.35,6.69,84.05,0.44,0.49,0,2.71,-1.09,0.275033658,11.835,24.164,2.037,51.24369135,54.2624,2.89648035393436,11.4926080967465,24.1638039126063,0.275033658364628,0.0848060504729676,2.4480874113622,-2.1880874113622,3.455,0.113636363636364,8.82,40.889925,3.42547033285094,0.287512101
133,WIH3.2020,-89.5448839,44.1156288,274,2020-09-30,133,10.23,13.73,8.16,7.83,26.72,9.51,9.8,4.41,0.59,0.01,2.82,0.37,6.83,85.61,0.44,0.52,0,3.95,2.45,0.267242444,11.785,23.893,4.834,51.01439397,54.2488,4.55382324579651,11.4408759214879,23.8926115794639,0.267242444100332,0.087044824130883,3.84443578371695,-1.02443578371695,2.945,0.133863636363636,5.57,34.706825,4.00169779286927,0.431085044
134,WIH3.2020,-89.5448839,44.1156288,275,2020-10-01,134,8.81,12.87,3.23,5.68,26.87,10.38,9.63,4.71,0.63,0.01,2.94,0.72,5.83,81.62,0.44,0.52,0,3.66,2.22,0.213052483,11.734,23.622,4.784,48.88325478,52.0548,5.00464535509067,11.3892307683237,23.6220964698223,0.213052483476556,0.0733396276899692,4.03504173436475,-1.09504173436475,2.435,0.00227272727272722,9.64,28.57229,,0.53461975
135,WIH3.2020,-89.5448839,44.1156288,276,2020-10-02,135,5.36,10.7,-0.12,0.13,26.9,8.59,5.28,3.92,0.55,0.01,0.01,0.81,3.9,71.76,0.44,0.49,1,1.54,-0.8,0.329511775,11.684,23.352,2.642,44.18779264,46.6068,4.17048637647429,11.3376812723731,23.3523558976395,0.329511775000446,0.0620349817464674,3.19715173689036,-3.18715173689037,1.35,-0.123181818181818,10.82,15.7734,,0.731343284
136,WIH3.2020,-89.5448839,44.1156288,277,2020-10-03,136,5.43,8.64,2.05,2.61,25.96,8.24,1.31,3.83,0.52,0.01,2.49,0.02,4.67,82.35,0.44,0.51,0,1.12,2.47,0.17725095,11.634,23.083,0.66,43.34913895,47.5696,4.02879279437641,11.2862362116216,23.0834870717536,0.177250949728755,0.0622447426471662,3.06973878050583,-0.579738780505827,0.32,-0.120681818181818,6.59,3.72288,,0.7053407
137,WIH3.2020,-89.5448839,44.1156288,278,2020-10-04,137,5.21,10.97,0.88,0.42,22.34,15.8,22.87,6.8,0.84,0.01,0.02,0.76,3.96,73.87,0.44,0.5,0,2.51,-0.74,0.35083551,11.584,22.816,11.611,43.76683073,46.5612,7.78027281301869,11.2349045183481,22.815587018089,0.350835509642181,0.064494015887665,5.94321718411583,-5.92321718411583,1.485,-0.0943181818181818,10.09,17.20224,,
138,WIH3.2020,-89.5448839,44.1156288,279,2020-10-05,138,8.92,16.07,1.53,2.78,24.62,16.06,27.31,7.12,0.85,0.01,0,1.94,4.8,67.73,0.44,0.48,0,4.87,-1.94,0.50831162,11.533,22.549,13.968,49.82091084,51.1208,7.96541388928912,11.1836952903599,22.5487525016994,0.50831162020313,0.0766997475233746,6.31044869561464,-6.31044869561464,4.035,0.0363636363636364,14.54,46.535655,2.85824039653036,0.798206278
139,WIH3.2020,-89.5448839,44.1156288,280,2020-10-06,139,13.78,20.05,7.47,8.86,27.98,14.48,21.16,6.49,0.81,0.02,0.42,2.92,7.3,75.01,0.43,0.47,0,3.6,-2.5,0.552826054,11.483,22.283,10.904,56.96838422,58.1696,7.23420219033835,11.1326178020159,22.2830799488133,0.552826054273569,0.102407945019809,6.04738677964344,-5.62738677964344,6.025,0.261818181818182,12.58,69.185075,1.90589211618257,0.470972424
140,WIH3.2020,-89.5448839,44.1156288,281,2020-10-07,140,13.28,18.57,7.81,7.88,25.24,16.31,29.33,7.17,0.87,0.02,0.11,2.86,6.81,71.62,0.43,0.47,0,3.27,-2.75,0.534998857,11.433,22.019,15.229,56.23116464,57.3168,8.20859132379536,11.0816815150167,22.0186653690483,0.534998856578537,0.0991235753092964,6.76958284026972,-6.65958284026972,5.285,0.235909090909091,10.76,60.423405,2.16329233680227,0.539909639
141,WIH3.2020,-89.5448839,44.1156288,282,2020-10-08,141,10.55,16.85,4.95,4.49,23.79,16.35,31.71,7.2,0.86,0.02,0,2.36,5.32,69.21,0.43,0.47,0,1.87,-2.36,0.552571031,11.383,21.756,16.591,52.17710845,53.3664,8.29005477162644,11.0308960889394,21.7556042779649,0.552571031364815,0.0868161649352132,6.60580190220983,-6.60580190220983,4.425,0.131818181818182,11.9,50.369775,2.57242937853107,0.682464455
142,WIH3.2020,-89.5448839,44.1156288,283,2020-10-09,142,15.7,22.92,7.87,12.78,29.62,9.31,3.96,4.09,0.49,0.01,0,2.21,9.73,83.85,0.43,0.47,0,4.62,-2.21,0.453222853,11.334,21.494,2.088,60.0592555,61.5008,4.75604198891914,10.9802713914923,21.4939916201256,0.453222853080405,0.112347141271719,3.95382383067926,-3.95382383067926,7.46,0.336136363636364,15.05,84.55164,1.51930294906166,0.260509554
143,WIH3.2020,-89.5448839,44.1156288,284,2020-10-10,143,12.83,17.41,7.24,8.74,24.62,15.99,31.33,7.05,0.84,0.01,0,2.4,7.27,78.23,0.42,0.46,0,2.89,-2.4,0.375508308,11.284,21.234,16.649,55.44194991,57.1764,8.23059369289293,10.9298175084667,21.2339216928293,0.375508307808573,0.0943108004590323,6.57216239589231,-6.57216239589231,4.705,0.196590909090909,10.17,53.09122,2.39829968119022,0.549493375
144,WIH3.2020,-89.5448839,44.1156288,285,2020-10-11,144,12.31,19.1,6.82,10.03,29.79,5.25,2.81,2.5,0.35,0.01,0.34,1.69,7.94,86.95,0.42,0.47,0,4.05,-1.35,0.369895681,11.234,20.975,1.505,54.43375955,57.1208,2.72306464396158,10.8795447533575,20.9754880706875,0.369895681359665,0.0978239226788742,2.17348810374708,-1.83348810374708,5.55,0.225454545454546,12.28,62.3487,2.02414414414414,0.203086921
145,WIH3.2020,-89.5448839,44.1156288,286,2020-10-12,145,11.9,15.56,6.96,8.94,27.48,5.69,8.77,2.69,0.34,0.01,11.65,0.32,7.62,82.83,0.43,0.56,0,5.21,11.33,0.240036849,11.184,20.719,4.734,53.8525123,56.3184,2.97409585978736,10.8294636766262,20.7187835312102,0.240036848699394,0.0886598633451795,2.30918006170949,9.34081993829051,3.78,0.148181818181818,8.6,42.27552,2.95873015873016,0.22605042
146,WIH3.2020,-89.5448839,44.1156288,287,2020-10-13,146,9.77,16.22,5.33,3.45,24.93,13.23,21.1,5.83,0.72,0.01,0.05,1.43,4.99,66.01,0.44,0.49,0,4.14,-1.38,0.585972596,11.135,20.464,11.481,51.15895523,52.212,6.96904845435725,10.7795850745766,20.4638999815652,0.585972595764565,0.0861836859787678,5.33686050774999,-5.28686050774999,4.11,0.126136363636364,10.89,45.76485,2.70924574209246,0.596724667
147,WIH3.2020,-89.5448839,44.1156288,288,2020-10-14,147,9.86,14.54,5.15,5.08,27.59,3.75,0.07,1.89,0.28,0,1.82,0.25,5.75,72.39,0.44,0.49,0,4.64,1.57,0.391282963,11.086,20.211,0.038,51.00110746,52.8888,1.99086351809193,10.7299199978136,20.2109283866756,0.391282962728137,0.0816002125647249,1.4946390682023,0.325360931797705,3.27,0.0838636363636363,9.39,36.25122,3.39021406727829,0.19168357
148,WIH3.2020,-89.5448839,44.1156288,289,2020-10-15,148,4.91,8.96,1.27,-2.58,23.58,13.91,24.98,5.95,0.73,0.01,0,0.2,3.25,60.44,0.43,0.47,0,4.77,-0.2,0.40208261,11.036,19.96,13.812,44.57210796,45.1812,7.4431753939457,10.6804797592525,19.9599586988164,0.402082609715256,0.0613715845618837,5.1618272272759,-5.1618272272759,0.48,-0.131136363636364,7.69,5.29728,,
149,WIH3.2020,-89.5448839,44.1156288,290,2020-10-16,149,3.18,9.31,-1.29,-1.52,22.51,9.72,13.37,4.27,0.54,0.01,0.72,0.14,3.46,73.41,0.43,0.48,1,3.02,0.58,0.317597167,10.987,19.711,7.452,40.68926362,43.8328,5.24253380634943,10.6312759416454,19.7110797888684,0.31759716716325,0.0573214273673121,3.53744774110844,-2.81744774110844,0.655000000000001,-0.181363636363636,10.6,7.19648500000001,,
150,WIH3.2020,-89.5448839,44.1156288,291,2020-10-17,150,6.13,14.13,-1.7,2.17,25.96,7.84,3.01,3.61,0.48,0.01,1.45,0.44,4.66,77.48,0.43,0.49,1,4.6,1.01,0.361404728,10.938,19.464,1.692,44.88768876,48.1112,4.26242164493884,10.5823204045913,19.4643793793859,0.361404727593924,0.0656445087013969,2.96297199719328,-1.51297199719328,3.065,-0.0811363636363636,15.83,33.52497,3.56867862969005,0.588907015
151,WIH3.2020,-89.5448839,44.1156288,292,2020-10-18,151,2.52,6.43,-1.7,-3.05,21.73,12.49,17.27,5.39,0.67,0.01,0.23,0.03,3.12,68.48,0.43,0.48,1,3.28,0.2,0.263465761,10.89,19.22,9.785,40.25699904,42.622,6.8452322246063,10.5336252909916,19.2199439796291,0.263465761439839,0.0517173688641205,4.40610312165637,-4.17610312165637,0,-0.256136363636364,8.13,0,,
152,WIH3.2020,-89.5448839,44.1156288,293,2020-10-19,152,-1.07,2.78,-4.74,-5.17,22.18,8.27,4.66,3.74,0.5,0.01,0.06,0.02,2.59,76.1,0.43,0.48,1,1.44,0.04,0.172015405,10.841,18.978,2.662,33.7448727,38.2688,4.56914712519863,10.4852030329162,18.9778588227114,0.172015405032059,0.0417575158392807,2.7142693688159,-2.6542693688159,0,-0.408181818181818,7.52,0,,
153,WIH3.2020,-89.5448839,44.1156288,294,2020-10-20,153,0.97,4.99,-3.77,-0.63,24.31,4.95,0.33,2.39,0.34,0.01,5.29,0.02,3.73,90.01,0.43,0.51,1,2.39,5.27,0.083585949,10.793,18.738,0.19,35.07863603,41.9432,2.75711951772449,10.4370663568391,18.7382078050039,0.0835859485003353,0.0462638103291323,1.68392767784639,3.60607232215361,0,-0.335909090909091,8.76,0,,
154,WIH3.2020,-89.5448839,44.1156288,295,2020-10-21,154,3.45,7.4,1.23,0.94,26.72,4.82,3.41,2.27,0.32,0.01,0.59,0.03,4.13,84.67,0.44,0.52,0,2.66,0.56,0.194823093,10.744,18.501,1.98,39.87859385,44.9884,2.70665810522795,10.3892282882046,18.501073427938,0.194823093402548,0.0584157475250907,1.76381693815592,-1.17381693815592,0,-0.1675,6.17,0,,0.657971014
155,WIH3.2020,-89.5448839,44.1156288,296,2020-10-22,155,3.22,6.13,-0.48,2.57,25.9,1.6,0.31,0.82,0.12,0,61.32,0.01,4.73,95.62,0.46,0.68,1,4.06,61.31,0.031723038,10.696,18.267,0.182,38.28271436,45.3452,0.905848967533027,10.3417021552825,18.2665367423391,0.0317230382694783,0.0532349003866342,0.56952705097032,60.7504729490297,0,-0.235227272727273,6.61,0,,0.254658385
156,WIH3.2020,-89.5448839,44.1156288,297,2020-10-23,156,1.65,4.8,-3.24,0.33,25.11,5.13,1.71,2.43,0.34,0.01,14.52,0.01,3.98,91.29,0.55,0.68,1,4.4,14.51,0.044937942,10.649,18.035,1.01,36.07325215,42.9688,2.92829155206211,10.2945015922709,18.0346772954217,0.0449379420536007,0.0467694761078693,1.75156728351454,12.7684327164855,0,-0.328181818181818,8.04,0,,
157,WIH3.2020,-89.5448839,44.1156288,298,2020-10-24,157,-0.71,3.69,-4.12,-4.1,23.01,8.08,4.48,3.61,0.48,0.01,0.01,0,2.81,79.79,0.53,0.58,1,2.08,0.01,0.17207236,10.601,17.806,2.667,33.75408609,39.014,4.65028197640587,10.2476405416021,17.8055730805685,0.172072359722293,0.0438760645802156,2.6990300471965,-2.6890300471965,0,-0.373409090909091,7.81,0,,
158,WIH3.2020,-89.5448839,44.1156288,299,2020-10-25,158,-1.57,1.01,-4.25,-3.64,23.83,4.37,0.91,2.09,0.3,0,1.68,0.01,2.92,87.36,0.51,0.56,1,1.94,1.67,0.08475684,10.554,17.579,0.546,31.17798352,38.3196,2.53587748565247,10.2011332554084,17.5793004900095,0.0847568404971154,0.0400533981770043,1.41253397335894,0.267466026641056,0,-0.437272727272727,5.26,0,,
159,WIH3.2020,-89.5448839,44.1156288,300,2020-10-26,159,-2.24,1.97,-5.12,-5.39,21.17,10.6,15.23,4.64,0.57,0.01,0.35,0.01,2.54,81.24,0.5,0.55,1,2.63,0.34,0.151871177,10.506,17.356,9.219,31.06670176,37.0196,6.20208269177277,10.1549942961029,17.3559342705124,0.151871176688978,0.0401712285120437,3.43001877563002,-3.08001877563002,0,-0.435227272727273,7.09,0,,
160,WIH3.2020,-89.5448839,44.1156288,301,2020-10-27,160,-1.77,2.47,-5.18,-5.88,20.02,13.2,30.31,5.56,0.64,0.01,0,0.01,2.44,75.2,0.49,0.54,1,2.44,-0.01,0.178738071,10.46,17.136,18.502,32.7949704,37.3132,7.78743421033566,10.1092385360307,17.1355474821859,0.178738070622025,0.0407515968362488,4.29400469551231,-4.29400469551231,0,-0.425227272727273,7.65,0,,
1,WIH3.2021,-89.5448839,44.1156288,119,2021-04-29,1,11.9,18.68,7.35,6.44,26.16,22.9,24.83,10.07,1.29,0.02,0.19,2.43,6.17,71.2,0.49,0.53,0,2.79,-2.24,0.626048959,14.061,36.567,9.548,54.145472,55.4184,8.71340518240498,13.9134909122432,36.5665242486094,0.62604895937701,0.0981333821030216,9.48637200444462,-9.29637200444462,5.34,0.227954545454546,11.33,75.08574,2.63314606741573,0.846218487
2,WIH3.2021,-89.5448839,44.1156288,120,2021-04-30,2,9.03,12.84,4.68,1.08,22.59,28.38,39.28,12.21,1.55,0.03,0.02,1.5,4.23,60.32,0.49,0.52,0,3.27,-1.48,0.507064785,14.106,36.764,15.071,50.38096704,50.6188,10.7754283640955,13.958643313352,36.7638560479803,0.507064784590947,0.0765172793445656,11.1450775198145,-11.1250775198145,2.42,0.0345454545454545,8.16,34.13652,,
3,WIH3.2021,-89.5448839,44.1156288,121,2021-05-01,3,15.98,26.48,4.42,9.66,29.07,23.56,22.79,10.72,1.4,0.03,0.08,3.79,8.29,67.24,0.48,0.51,0,5.12,-3.71,0.947517448,14.15,36.958,8.726,60.26598248,60.6576,8.92689159618696,14.0033739896267,36.9579363253977,0.947517448339871,0.112695245076134,10.0109722295886,-9.93097222958864,9.24,0.338636363636364,22.06,130.746,1.53138528138528,0.670838548
4,WIH3.2021,-89.5448839,44.1156288,122,2021-05-02,4,17.99,23.48,14.1,15.45,31.13,16.92,10.68,7.86,1.06,0.02,15.39,1.47,11.48,85.63,0.49,0.61,0,3.4,13.92,0.495125245,14.194,37.149,4.081,63.87759863,64.752,6.39824188695962,14.0476670011986,37.1487245808437,0.49512524513205,0.135624857619366,7.4067405432032,7.9832594567968,10.79,0.490454545454545,9.38,153.15326,1.31547729379055,0.436909394
5,WIH3.2021,-89.5448839,44.1156288,123,2021-05-03,5,15.53,20.84,10.66,13.87,30.58,5.38,0.61,2.89,0.43,0.01,14.99,0.99,10.33,90.42,0.52,0.65,0,2.24,14,0.287825772,14.238,37.336,0.233,59.85104374,61.7232,2.03053176451339,14.0915061125579,37.3361816891989,0.287825772344423,0.11461016340177,2.29268110617821,12.6973188938218,7.75,0.352272727272727,10.18,110.3445,1.83716129032258,0.186091436
6,WIH3.2021,-89.5448839,44.1156288,124,2021-05-04,6,10.3,14.92,5.11,5.45,27.41,18,11.45,8.09,1.11,0.03,0.04,1.9,5.77,73.7,0.52,0.56,0,4.17,-1.86,0.387700035,14.281,37.52,4.358,51.619089,53.462,6.78107453005334,14.1348747988213,37.5202698703832,0.387700035190184,0.0824221559979171,7.19037906719892,-7.15037906719892,3.46,0.0915909090909091,9.81,49.41226,4.12745664739884,0.785436893
7,WIH3.2021,-89.5448839,44.1156288,125,2021-05-05,7,8.69,14.67,2.05,3.05,24.91,25.28,23.99,11.09,1.44,0.03,0.64,1.91,4.82,70.26,0.51,0.54,0,2.35,-1.27,0.428337052,14.324,37.701,9.115,49.33625806,50.988,9.50675388296574,14.1777562532158,37.7009526588779,0.428337052132749,0.0747128979208307,9.87139461527543,-9.23139461527543,3.335,0.0163636363636363,12.62,47.77054,,
8,WIH3.2021,-89.5448839,44.1156288,126,2021-05-06,8,9.13,14.38,4.3,2.8,26.05,20.2,18.73,8.82,1.16,0.02,2.18,1.73,4.74,67.55,0.5,0.56,0,2.53,0.45,0.487431123,14.367,37.878,7.104,50.14129185,51.338,7.58343145866207,14.2201333958197,37.8781948727782,0.48743112253461,0.0791996845994575,7.99666222966023,-5.81666222966023,3.19,0.0609090909090909,10.08,45.83073,,
9,WIH3.2021,-89.5448839,44.1156288,127,2021-05-07,9,6.78,10.71,1.82,1.44,25.22,19.1,18.32,8.42,1.14,0.02,0.43,0.94,4.32,71.5,0.5,0.54,0,3.61,-0.51,0.314245431,14.409,38.052,6.937,46.366523,48.4984,7.15873687424038,14.2619888835973,38.0519625825209,0.314245431052056,0.0658446346206066,7.22428013522119,-6.79428013522119,1.355,-0.0788636363636363,8.89,19.524195,,
10,WIH3.2021,-89.5448839,44.1156288,128,2021-05-08,10,7.36,12.39,1.58,1.2,23.93,23.33,20.87,10.23,1.35,0.02,0,1.48,4.23,68.53,0.49,0.53,0,1.1,-1.48,0.395615445,14.45,38.222,7.89,47.45517992,48.992,8.73042124727359,14.303305121763,38.222223079435,0.395615444673627,0.0687848820408221,8.92502489825581,-8.92502489825581,2.195,-0.0461363636363636,10.81,31.71775,,
11,WIH3.2021,-89.5448839,44.1156288,129,2021-05-09,11,8.9,14.6,3.39,2.51,26.39,20.6,18.08,9.09,1.21,0.02,0.26,2.21,4.67,67.54,0.49,0.52,0,2.37,-1.95,0.488629148,14.491,38.389,6.825,49.8017294,51.0036,7.69720880047276,14.3440642765073,38.3889448442533,0.488629147895485,0.0775946119368933,8.11640778601148,-7.85640778601148,3.3,0.0452272727272727,11.21,47.8203,,
12,WIH3.2021,-89.5448839,44.1156288,130,2021-05-10,12,6.52,10.79,2.15,-0.03,25.32,19.93,11.27,8.86,1.2,0.02,0.02,1.32,3.86,65.8,0.49,0.52,0,2.56,-1.3,0.394396514,14.531,38.552,4.248,46.4190584,47.7092,7.43612116785746,14.3842482891115,38.5520975157257,0.394396513853224,0.0666706206183507,7.56297451007824,-7.54297451007824,1.395,-0.0695454545454546,8.64,20.270745,,
13,WIH3.2021,-89.5448839,44.1156288,131,2021-05-11,13,7.36,13.66,-0.99,0.39,23,26.79,33.14,11.61,1.5,0.03,0,2.14,3.95,64.43,0.48,0.51,1,2.1,-2.14,0.437550946,14.571,38.712,12.474,47.74273752,48.7004,9.98186916191187,14.4238388914776,38.7116518594672,0.437550945706186,0.0661256881506263,10.1442973650619,-10.1442973650619,2.83,-0.0756818181818182,14.65,41.23593,,
14,WIH3.2021,-89.5448839,44.1156288,132,2021-05-12,14,11.21,17.92,2.51,1.85,23.61,28.09,37.07,12.17,1.57,0.03,0,4.57,4.39,55.61,0.48,0.51,0,1.03,-4.57,0.694597546,14.611,38.868,13.935,53.59941219,53.076,10.4524271842969,14.4628176230905,38.8675797371691,0.694597546221682,0.0833981835054184,11.2503408581973,-11.2503408581973,4.96,0.100681818181818,15.41,72.47056,2.94576612903226,
15,WIH3.2021,-89.5448839,44.1156288,133,2021-05-13,15,12.99,19.74,5.34,4.74,25.99,22.01,22.27,9.55,1.25,0.02,0,4.55,5.4,59.79,0.47,0.5,0,2.18,-4.55,0.74044187,14.649,39.02,8.361,55.96098379,55.8964,8.17969897380654,14.5011658494306,39.0198540762971,0.740441869840532,0.0954880503340987,9.06890033270451,-9.06890033270451,5.87,0.206363636363636,14.4,85.98963,2.49557069846678,0.735180908
16,WIH3.2021,-89.5448839,44.1156288,134,2021-05-14,16,13.69,19.71,6.61,5.34,26.91,22.7,13.03,9.92,1.28,0.02,0,4.35,5.66,59.81,0.47,0.49,0,2.65,-4.35,0.742731784,14.687,39.168,4.886,56.94217911,56.8124,8.4259714213513,14.5388647818423,39.1684488403939,0.742731783828157,0.0989532265549863,9.41867508686868,-9.41867508686868,5.855,0.234545454545455,13.1,85.992385,2.50845431255337,0.724616508
17,WIH3.2021,-89.5448839,44.1156288,135,2021-05-15,17,12.89,17.47,8.88,9.14,30.71,7.65,1.02,3.87,0.57,0.01,0.87,2.3,7.36,78.59,0.46,0.5,0,2.78,-1.43,0.408517447,14.725,39.313,0.382,55.53147849,57.3804,2.83632994302615,14.5758954988636,39.3133390000949,0.408517447492695,0.0990383697625286,3.17466143937517,-2.30466143937517,5.175,0.235227272727273,8.59,76.201875,2.84541062801932,0.300232739
18,WIH3.2021,-89.5448839,44.1156288,136,2021-05-16,18,15.71,21.14,9.29,11.4,29.68,22.14,17.21,9.92,1.3,0.02,0.16,4.69,8.54,76.88,0.46,0.5,0,1.27,-4.53,0.491565834,14.762,39.455,6.439,59.98832952,61.014,8.19969754105151,14.6122389690134,39.4545005049625,0.491565833924941,0.111214271131373,9.38591578533579,-9.22591578533579,7.215,0.327954545454545,11.85,106.50783,2.04601524601525,0.63144494
19,WIH3.2021,-89.5448839,44.1156288,137,2021-05-17,19,17.37,23.52,11.72,11.71,27.63,26.55,28.3,11.73,1.49,0.03,0,6.51,8.71,71.86,0.46,0.49,0,2.11,-6.51,0.761957034,14.798,39.592,10.577,62.45098118,62.7856,9.82274174888167,14.6478760750226,39.5919102562302,0.761957033679323,0.127180419672666,11.5088191768085,-11.5088191768085,9.62,0.437272727272727,11.8,142.35676,1.53825363825364,0.675302245
20,WIH3.2021,-89.5448839,44.1156288,138,2021-05-18,20,16.84,22.71,9.16,12.81,29.95,19.14,15.67,8.85,1.17,0.02,6.63,4.31,9.46,78.72,0.45,0.51,0,3.77,2.32,0.481259039,14.834,39.726,5.851,61.80732352,62.6516,7.07425279567233,14.6827876394941,39.7255460805467,0.481259039021817,0.115804747440862,8.17090694856313,-1.54090694856313,7.935,0.360681818181818,13.55,117.70779,1.86943919344675,0.525534442
21,WIH3.2021,-89.5448839,44.1156288,139,2021-05-19,21,20.33,24.69,16.26,17.68,33.19,8.19,1.56,4.2,0.61,0.01,2.56,3.44,12.88,85.47,0.47,0.55,0,3.95,-0.88,0.456388622,14.868,39.855,0.582,67.74738049,67.8948,3.02423002075839,14.7169544519625,39.855386704794,0.456388622283218,0.14861769864651,3.63232737408223,-1.07232737408223,12.475,0.567045454545455,8.43,185.4783,1.19182364729459,0.206591244
22,WIH3.2021,-89.5448839,44.1156288,140,2021-05-20,22,21.52,25.63,17.63,18.11,33.56,11,0.49,5.42,0.75,0.02,0.72,4.56,13.2,81.6,0.46,0.51,0,4.27,-3.84,0.574209897,14.903,39.981,0.183,69.4471168,69.2396,4.05823414535489,14.7503572973179,39.9814117320496,0.574209896805744,0.158119209618005,4.91916296065674,-4.19916296065674,13.63,0.619545454545455,8,203.12789,1.093396918562,0.251858736
23,WIH3.2021,-89.5448839,44.1156288,141,2021-05-21,23,20.92,24.28,18.68,19.02,33.55,9.47,0.34,4.88,0.71,0.02,3.33,2.23,13.94,89.23,0.46,0.53,0,3.59,1.1,0.394021119,14.936,40.104,0.127,68.96555684,68.9672,3.4908284144662,14.782976985551,40.1036016187509,0.394021119240655,0.156856980292741,4.23052300828582,-0.900523008285821,13.48,0.612727272727273,5.6,201.33728,1.1080118694362,0.233269598
24,WIH3.2021,-89.5448839,44.1156288,142,2021-05-22,24,22.7,27.8,17.59,19.23,33.93,20.54,12.27,9.66,1.3,0.03,0.36,7.78,14.12,82.09,0.46,0.51,0,3.4,-7.42,0.644612806,14.969,40.222,4.566,71.3962157,70.8228,7.56542062310277,14.8147943827642,40.2219376531081,0.644612806126625,0.167330218569405,9.25167720301386,-8.89167720301387,14.695,0.667954545454546,10.21,219.969455,1.01864579789044,0.425550661
25,WIH3.2021,-89.5448839,44.1156288,143,2021-05-23,25,18.35,23.33,12.59,17.04,33.98,8.11,0.99,4.28,0.63,0.02,10.36,1.04,12.55,92.21,0.47,0.58,0,2.75,9.32,0.219383759,15.001,40.336,0.368,64.72879965,65.6844,2.98488101865024,14.8457904433851,40.3364019348072,0.21938375915743,0.129587090775958,3.52576657837185,6.83423342162815,9.96,0.452727272727273,10.74,149.40996,1.50612449799197,0.233242507
26,WIH3.2021,-89.5448839,44.1156288,144,2021-05-24,26,20.79,26.2,12.64,18.01,33.75,15.87,5.43,7.67,1.06,0.03,1.22,4.53,13.42,84.91,0.47,0.53,0,3.33,-3.31,0.366825199,15.032,40.447,2.018,68.47403111,68.4736,5.83680863977619,14.8759462435093,40.4469773560273,0.366825199085327,0.140365288391121,6.9821135086039,-5.7621135086039,11.42,0.519090909090909,13.56,171.66544,1.31628721541156,0.368927369
27,WIH3.2021,-89.5448839,44.1156288,145,2021-05-25,27,22.17,25.17,19.67,19.99,33.81,15.84,10.19,7.62,1.05,0.03,9.4,3.11,15,87.88,0.47,0.57,0,4.63,6.29,0.408620635,15.062,40.554,3.785,70.97902604,70.5664,5.82189429136697,14.9052430152894,40.5536475837916,0.408620634692407,0.164909481840576,7.1217465035653,2.2782534964347,14.42,0.655454545454546,5.5,217.19404,1.04452149791956,0.343707713
28,WIH3.2021,-89.5448839,44.1156288,146,2021-05-26,28,16.61,20.34,10.17,10.92,27,27.33,33.22,12.16,1.59,0.04,0.22,6.34,8.42,70.86,0.47,0.52,0,3.87,-6.12,0.509219436,15.091,40.656,12.331,61.27326754,61.7412,10.0386905166068,14.9336621822751,40.6563970436587,0.509219435679328,0.111465177704331,11.5907122774593,-11.3707122774593,7.255,0.329772727272727,10.17,109.485205,2.08008270158511,0.732089103
29,WIH3.2021,-89.5448839,44.1156288,147,2021-05-27,29,6.76,10.07,3.47,3.13,27.99,5.38,1.39,2.82,0.42,0.01,17.03,0.28,4.85,78.78,0.48,0.59,0,5.35,16.75,0.243782091,15.12,40.755,0.516,45.78233272,49.0868,1.97499106596336,14.9611853956009,40.7552109047494,0.243782090543302,0.0678953576449193,2.05127406562751,14.9787259343725,1.035,-0.0559090909090909,6.6,15.6492,,0.417159763
30,WIH3.2021,-89.5448839,44.1156288,148,2021-05-28,30,7.77,13.45,3.1,1.67,25.69,19.17,11.88,8.77,1.19,0.03,0.46,2.41,4.36,68.44,0.49,0.54,0,5.01,-1.95,0.463632764,15.147,40.85,4.405,48.07139012,49.5712,7.03342702453838,14.9877945709083,40.8500750660977,0.463632763881845,0.0743341875229567,7.47638948724208,-7.01638948724208,2.725,0.0125,10.35,41.275575,,
31,WIH3.2021,-89.5448839,44.1156288,149,2021-05-29,31,10.2,18.05,0.91,2.33,22.76,31.94,44.21,13.84,1.78,0.04,0,5.46,4.59,61.83,0.48,0.51,0,1.88,-5.46,0.638969382,15.174,40.941,16.386,51.9639034,52.2388,11.7127225208894,15.0134719258778,40.9409761443001,0.638969381819783,0.0798590570396612,12.6682782262636,-12.6682782262636,5.025,0.0672727272727273,17.14,76.24935,3.01970149253731,
32,WIH3.2021,-89.5448839,44.1156288,150,2021-05-30,32,11.69,16.89,3.63,3.96,27.51,13.88,1.03,6.57,0.91,0.02,0.01,3.36,5.19,61.35,0.47,0.5,0,2.12,-3.35,0.547301014,15.2,41.028,0.382,54.09594685,54.3156,5.08751870831752,15.0382000182371,41.0279014624321,0.547301014253465,0.0836191434298458,5.56233329141227,-5.55233329141227,4.445,0.102727272727273,13.26,67.564,3.41957255343082,0.56201882
33,WIH3.2021,-89.5448839,44.1156288,151,2021-05-31,33,15.25,21.4,7.75,10.06,27.75,26.37,21.42,11.83,1.55,0.03,2.55,4.79,7.87,73.07,0.46,0.51,0,2.46,-2.24,0.568777762,15.225,41.111,7.933,59.23523325,60.0716,9.66129472226448,15.0619617841045,41.1108390401883,0.568777762368023,0.107264542688836,11.1074403849735,-8.55744038497346,6.7,0.298863636363636,13.65,102.0075,2.27238805970149,0.775737705
34,WIH3.2021,-89.5448839,44.1156288,152,2021-06-01,34,17.25,23.35,10.13,12.41,29.08,25.81,28.32,11.62,1.52,0.03,1.02,6.86,9.15,75.16,0.46,0.51,0,2.73,-5.84,0.613126819,15.249,41.19,10.484,62.360069,62.9176,9.45227619825257,15.0847405765158,41.1897775851967,0.613126818948501,0.121126667855939,11.1010561962521,-10.0810561962521,8.74,0.397272727272727,13.22,133.27626,1.74473684210526,0.673623188
35,WIH3.2021,-89.5448839,44.1156288,153,2021-06-02,35,19.23,24.85,12.41,12.02,29.35,26.15,25.34,11.69,1.52,0.03,0.04,8.74,8.97,64.64,0.45,0.48,0,1.86,-8.7,0.885816354,15.272,41.265,9.378,64.93874928,64.7572,9.57320521529214,15.1065202039767,41.2647064854481,0.885816354154212,0.134442768366291,11.4322540915348,-11.3922540915348,10.63,0.483181818181818,12.44,162.34136,1.43668861712135,0.607904316
36,WIH3.2021,-89.5448839,44.1156288,154,2021-06-03,36,20.29,25.86,13.82,14.66,31.94,19.07,11.04,8.77,1.18,0.03,1.56,5.54,10.84,70.72,0.45,0.49,0,2.68,-3.98,0.7884747,15.294,41.336,4.085,66.82753712,66.7676,6.9789047230571,15.1272849688755,41.3356158027744,0.78847470048122,0.143602881480198,8.417337703693,-6.857337703693,11.84,0.538181818181818,12.04,181.08096,1.29172297297297,0.432232627
37,WIH3.2021,-89.5448839,44.1156288,155,2021-06-04,37,23.36,29.54,17.9,16.56,31.04,28.99,35.31,13.28,1.72,0.04,0.12,11.58,12.12,66.66,0.44,0.47,0,4.71,-11.46,1.207325299,15.315,41.402,13.062,71.10527824,70.5216,10.6059329956792,15.1470197055842,41.4024962673043,1.20732529914325,0.17661897380029,13.1433412951364,-13.0233412951364,15.72,0.714545454545455,11.64,240.7518,0.974236641221374,0.568493151
38,WIH3.2021,-89.5448839,44.1156288,156,2021-06-05,38,24.81,31.27,17.99,19.08,32,28.58,31.28,13.13,1.7,0.04,0,12.57,14.28,71.65,0.43,0.46,0,4.41,-12.57,1.103981638,15.335,41.465,11.568,73.74875135,72.8788,10.4529709439675,15.165709818073,41.4653392728184,1.10398163781983,0.18522637699057,13.0289520297927,-13.0289520297927,16.63,0.755909090909091,13.28,255.02105,0.922128683102826,0.529222088
39,WIH3.2021,-89.5448839,44.1156288,157,2021-06-06,39,25,28.86,20.37,19.41,32.02,28.28,30.49,12.87,1.68,0.04,0,12.13,14.46,72.13,0.42,0.45,0,4.39,-12.13,0.928617215,15.354,41.524,11.274,74.087585,73.1876,10.340609697796,15.1833413168575,41.5241368729205,0.928617214795098,0.185081683617134,12.8910480472818,-12.8910480472818,16.615,0.755227272727273,8.49,255.10671,0.924104724646404,0.5148
40,WIH3.2021,-89.5448839,44.1156288,158,2021-06-07,40,24.49,28.99,20.47,20.84,33.35,25.21,19.05,11.54,1.5,0.03,0.46,8.08,15.79,81.24,0.41,0.45,0,2.97,-7.62,0.742581116,15.371,41.579,7.042,74.21629924,73.1924,9.2159645515117,15.1999008550966,41.5788817779394,0.742581116233726,0.186193437634089,11.4994101489131,-11.0394101489131,16.73,0.760454545454545,8.52,257.15683,0.918768679019725,0.47121274
41,WIH3.2021,-89.5448839,44.1156288,159,2021-06-08,41,25.7,29.88,20.97,20.96,33.89,27.01,28.62,12.46,1.62,0.04,0.78,6.35,15.88,76.57,0.41,0.47,0,1.24,-5.57,0.867257057,15.388,41.63,10.579,75.6491951,74.4456,9.87200505584863,15.215375763658,41.6295673524729,0.867257056924243,0.193032758255075,12.3698630097523,-11.5898630097523,17.425,0.792045454545454,8.91,268.1359,0.883098995695839,0.484824903
42,WIH3.2021,-89.5448839,44.1156288,160,2021-06-09,42,25.46,30.33,20.39,20.13,33.37,28.23,30.72,13.07,1.68,0.04,0.06,11.37,15.04,73.72,0.41,0.45,0,1.8,-11.31,1.002489429,15.404,41.676,11.355,74.96206088,73.9068,10.3161057293922,15.2297540849683,41.6761876134809,1.00248942903133,0.19238427137515,12.9238361130017,-12.8638361130017,17.36,0.789090909090909,9.94,267.41344,0.887327188940092,0.513354281
43,WIH3.2021,-89.5448839,44.1156288,161,2021-06-10,43,25.49,30.63,18.83,20.15,33.92,28.72,32.49,13.29,1.71,0.04,0.09,10.29,15.12,74.12,0.4,0.45,0,1.16,-10.2,0.926396174,15.418,41.719,12.007,75.05199612,73.944,10.4935982186526,15.243024605466,41.7187372288392,0.926396174282941,0.186193437634089,13.1004783608403,-13.0104783608403,16.73,0.760454545454545,11.8,257.94314,0.921578003586372,0.521380934
44,WIH3.2021,-89.5448839,44.1156288,162,2021-06-11,44,25.2,30.18,21.02,21.37,34.74,18.2,10.48,8.65,1.16,0.03,2.89,4.57,16.39,79.84,0.41,0.48,0,1.58,-1.68,0.844445974,15.432,41.757,3.873,75.2133632,74.0932,6.64901245203692,15.2551768864816,41.7572115162618,0.844445973952708,0.194787840550798,8.343321474925,-5.453321474925,17.6,0.8,9.16,271.6032,0.876818181818182,0.343253968
45,WIH3.2021,-89.5448839,44.1156288,163,2021-06-12,45,22.9,26.76,17.21,16.74,30.53,30.34,39.17,13.82,1.8,0.04,0.13,11.38,12.34,70.49,0.4,0.44,0,3.07,-11.25,0.833498394,15.444,41.792,14.475,70.7497179,70.1264,11.0830041405108,15.26620129337,41.7916064425018,0.833498393652569,0.161140715679418,13.6011261512216,-13.4711261512216,13.985,0.635681818181818,9.55,215.98434,1.10432606363961,0.60349345
46,WIH3.2021,-89.5448839,44.1156288,164,2021-06-13,46,22.34,27.84,14.4,13.87,29.53,29.52,36.02,13.28,1.72,0.04,0.2,12.17,10.14,61.29,0.4,0.42,0,2.24,-11.97,1.107512744,15.455,41.822,13.311,69.18619414,68.5332,10.7826269765097,15.2760890227307,41.8219186227457,1.10751274352875,0.153862323745523,13.1538966079657,-12.9538966079657,13.12,0.596363636363637,13.44,202.7696,1.17797256097561,0.594449418
47,WIH3.2021,-89.5448839,44.1156288,165,2021-06-14,47,20.53,25.81,14.36,14.04,29.81,25.17,27.85,11.35,1.49,0.03,0.14,10.36,10.21,68.68,0.39,0.41,0,3.33,-10.22,0.877315061,15.465,41.848,10.292,67.06706396,66.7844,9.19322043325271,15.2848321275579,41.8481453201174,0.877315061260201,0.145520494270867,11.1305654580917,-10.9905654580917,12.085,0.549318181818182,11.45,186.894525,1.27968556061233,0.552849489
48,WIH3.2021,-89.5448839,44.1156288,166,2021-06-15,48,19.62,24.55,13.87,13.25,29.96,26.04,28.28,11.84,1.55,0.03,0,9.4,9.67,68.77,0.38,0.41,0,2.43,-9.4,0.812043133,15.474,41.87,10.452,65.71583726,65.59,9.5106759904415,15.2924235401711,41.8702844452143,0.812043132716463,0.138769803181188,11.4375129342535,-11.4375129342535,11.21,0.509545454545455,10.68,173.46354,1.38037466547725,0.603465851
49,WIH3.2021,-89.5448839,44.1156288,167,2021-06-16,49,19.19,25.23,11.3,9.59,28.49,31.27,42.95,14.12,1.82,0.04,0,11.12,7.65,55.92,0.38,0.4,0,1.04,-11.12,1.080613908,15.482,41.888,15.875,64.47107752,63.8424,11.4207276648007,15.2988570927916,41.8883345556022,1.08061390765715,0.131778751936975,13.6293992510656,-13.6293992510656,10.265,0.466590909090909,13.93,158.92273,1.50823185582075,0.735799896
50,WIH3.2021,-89.5448839,44.1156288,168,2021-06-17,50,22.47,30.29,14.64,15.99,34.29,22.54,14.58,10.52,1.39,0.03,11.19,9.14,12.15,68.65,0.38,0.45,0,3.18,2.05,1.173024137,15.488,41.902,5.389,69.95514845,69.4264,8.2323661710005,15.3041275356373,41.9022948552033,1.17302413690951,0.165303566769922,10.1371323731397,1.05286762686029,14.465,0.6575,15.65,224.03392,1.07072243346008,0.468179795
51,WIH3.2021,-89.5448839,44.1156288,169,2021-06-18,51,23.49,27.63,20.38,17.11,30.44,31.48,42.47,14.14,1.84,0.04,14.83,10.57,12.73,69.84,0.42,0.56,0,2.52,4.26,1.095241058,15.494,41.912,15.7,71.58114184,70.8496,11.4979289560769,15.3082305524285,41.9121651935199,1.09524105764809,0.179277639018196,14.2972821916193,0.532717808380701,16.005,0.7275,7.25,247.98147,0.968072477350828,0.60195828
52,WIH3.2021,-89.5448839,44.1156288,170,2021-06-19,52,21.65,25.16,18.34,16.25,30.09,28.12,32.23,12.72,1.66,0.03,2.79,9.31,11.89,72.09,0.41,0.48,0,1.64,-6.52,0.805758986,15.498,41.918,11.916,68.97904015,68.7,10.2712546201241,15.3111627732063,41.9179460646416,0.805758985565124,0.159135161971533,12.5856229970505,-9.79562299705051,13.75,0.625,6.82,213.0975,1.12712727272727,0.587528868
53,WIH3.2021,-89.5448839,44.1156288,171,2021-06-20,53,19.45,22.38,15.32,16.42,32.33,8.88,0.76,4.55,0.66,0.01,12.25,3,12.12,83.46,0.41,0.51,0,2.71,9.25,0.355640757,15.501,41.92,0.281,66.1903603,66.5612,3.24379574746363,15.3129217843852,41.9196386059956,0.355640756813987,0.136070404746391,3.88911631728433,8.36088368271567,10.85,0.493181818181818,7.06,168.18585,1.42866359447005,0.233933162
54,WIH3.2021,-89.5448839,44.1156288,172,2021-06-21,54,15.17,18.35,10.25,8.75,29.12,23.02,19.53,10.37,1.41,0.03,0.06,6.47,7.41,67.75,0.42,0.49,0,4.82,-6.41,0.550436123,15.503,41.917,7.223,59.07434825,59.52,8.40983024149063,15.3135061359769,41.9172445968072,0.5504361230926,0.105604388296138,9.66891225406147,-9.60891225406147,6.3,0.286363636363636,8.1,97.6689,2.46079365079365,0.683586025
55,WIH3.2021,-89.5448839,44.1156288,173,2021-06-22,55,15.33,20.67,9.18,7.38,27.7,25.34,29.01,11.12,1.46,0.03,0.01,7.94,6.56,60.94,0.41,0.44,0,2.42,-7.93,0.771239156,15.503,41.911,10.731,59.25156098,59.1868,9.25846286469572,15.3129153459395,41.910766456248,0.771239155704205,0.109409506955472,10.7115236727189,-10.7015236727189,6.925,0.314772727272727,11.49,107.358275,2.23870036101083,0.725375082
56,WIH3.2021,-89.5448839,44.1156288,174,2021-06-23,56,20.02,24.9,12.32,15.25,32.73,16.7,9.87,7.88,1.1,0.02,1.01,7.23,11.17,74.82,0.4,0.44,0,3.87,-6.22,0.557689318,15.503,41.9,3.652,66.64611436,66.71,6.10250450277849,15.3111499016251,41.9002072412596,0.557689318105874,0.1342956227404,7.29970771276376,-6.28970771276376,10.61,0.482272727272727,12.58,164.48683,1.46116870876532,0.393606394
57,WIH3.2021,-89.5448839,44.1156288,175,2021-06-24,57,22.42,25.89,18.56,19.74,34.56,11.03,1.71,5.44,0.75,0.02,17.71,3.06,14.98,85.03,0.41,0.54,0,3.92,14.65,0.437793506,15.501,41.886,0.633,71.17399874,70.7264,4.03121092975288,15.3082112583162,41.8855706440493,0.437793506336638,0.163210933777055,4.95268105087809,12.7573189491219,14.225,0.646590909090909,7.33,220.501725,1.08970123022847,0.2426405
58,WIH3.2021,-89.5448839,44.1156288,176,2021-06-25,58,23.66,27.45,20.4,20.64,33.89,14.14,7.43,6.67,0.93,0.02,0.81,5.44,15.64,84.03,0.43,0.51,0,1.29,-4.63,0.59612409,15.498,41.867,2.75,73.13099302,72.2904,5.16876581696467,15.3041018348609,41.8668609892667,0.596124089951248,0.178527962959737,6.41882740323928,-5.60882740323928,15.925,0.723863636363636,7.05,246.80565,0.973186813186813,0.281910397
59,WIH3.2021,-89.5448839,44.1156288,177,2021-06-26,59,19.56,21.9,17.5,18.18,34.09,6.03,0.33,3.24,0.49,0.01,44.93,1.09,13.43,91.71,0.46,0.7,0,2.81,43.84,0.226450487,15.494,41.844,0.122,66.78816124,67.3048,2.20465852435538,15.2988250064332,41.8440832308786,0.226450487215686,0.142516735145826,2.65872627474919,42.2712737252508,11.7,0.531818181818182,4.4,181.2798,1.3242735042735,0.165644172
60,WIH3.2021,-89.5448839,44.1156288,178,2021-06-27,60,21.13,24.36,17.44,17.99,32.67,20.88,16.63,9.79,1.31,0.03,4.32,7.27,13.21,82.91,0.49,0.58,0,1.84,-2.95,0.458008005,15.488,41.817,6.159,68.90286417,68.8064,7.63572579769579,15.2923850944652,41.8172429487696,0.458008005493469,0.152056156850678,9.28927572731915,-4.96927572731915,12.9,0.586363636363636,6.92,199.7952,1.20062015503876,0.463322291
61,WIH3.2021,-89.5448839,44.1156288,179,2021-06-28,61,21.09,24.6,16.71,19.01,32.9,22.22,8.01,10.41,1.38,0.03,2.91,3.62,14.02,88.28,0.47,0.53,0,1.45,-0.71,0.298967952,15.482,41.786,2.968,69.19092948,69.1336,8.1277260327282,15.2847873538132,41.7863463451079,0.298967952109208,0.15006587179444,9.86781187080783,-6.95781187080783,12.655,0.575227272727273,7.89,195.92471,1.22338996444093,0.493598862
62,WIH3.2021,-89.5448839,44.1156288,180,2021-06-29,62,21.63,24.92,18.55,20.14,33.34,14.71,5.67,7.18,0.99,0.02,9.52,2.02,15.04,91.44,0.47,0.58,0,2.14,7.5,0.285952853,15.474,41.751,2.101,70.32506728,70.0804,5.38210735583665,15.2760379572388,41.7514002405199,0.285952853159778,0.159007867133038,6.58304910339939,2.93695089660061,13.735,0.624318181818182,6.37,212.53539,1.12661084819803,0.331946371
63,WIH3.2021,-89.5448839,44.1156288,181,2021-06-30,63,22.53,27.59,16.97,18.36,31.44,26.21,25.95,11.97,1.54,0.04,0.46,11.55,13.44,78.71,0.46,0.51,0,1.91,-11.09,0.701140009,15.465,41.712,9.621,70.84979937,70.3396,9.59248371856916,15.2661439772983,41.712412070132,0.701140008739336,0.163688508756832,11.7731386602993,-11.3131386602993,14.28,0.649090909090909,10.62,220.8402,1.08298319327731,0.531291611
64,WIH3.2021,-89.5448839,44.1156288,182,2021-07-01,64,20.33,24.76,14.72,15.57,29.61,29.24,35.39,13.3,1.73,0.04,0.05,10.82,11.27,75.47,0.44,0.48,0,2.58,-10.77,0.629845958,15.455,41.669,13.126,67.16471049,67.1352,10.7047287254302,15.2551133657549,41.6693898795411,0.629845957795895,0.142826350845106,12.8963761388233,-12.8463761388233,11.74,0.533636363636364,10.04,181.4417,1.3164395229983,0.654205607
65,WIH3.2021,-89.5448839,44.1156288,183,2021-07-02,65,18.42,23.37,11.46,11.57,28.25,29.07,31.67,12.96,1.65,0.04,0,10.44,8.66,66.45,0.43,0.46,0,1.62,-10.44,0.749850306,15.444,41.622,11.751,63.8355391,63.7852,10.6460298754559,15.2429549306339,41.6223423207848,0.749850306021094,0.125747733524609,12.5787114939512,-12.5787114939512,9.415,0.427954545454545,11.91,145.40526,1.64036112586299,0.703583062
66,WIH3.2021,-89.5448839,44.1156288,184,2021-07-03,66,22.29,27.85,15.79,16.06,31.86,26.13,22.75,11.58,1.4,0.03,0,11.94,11.79,68.45,0.42,0.45,0,3.12,-11.94,0.945243407,15.432,41.571,8.445,69.67147995,69.2716,9.57275088009541,15.229678311062,41.5712786483883,0.945243407355851,0.15973034347348,11.7006026622296,-11.7006026622296,13.82,0.628181818181818,12.06,213.27024,1.11664254703329,0.519515478
67,WIH3.2021,-89.5448839,44.1156288,185,2021-07-04,67,24.63,29.55,18.12,18.83,33.5,24.98,17.66,11.35,1.44,0.03,0,12.37,14.01,70.91,0.41,0.44,0,3.16,-12.37,0.932964595,15.419,41.516,6.559,73.40065167,72.6088,9.15493140223427,15.2152939500356,41.5162087155706,0.932964595494783,0.177687738729169,11.3333571899431,-11.3333571899431,15.835,0.719772727272727,11.43,244.159865,0.973729081149353,0.460820138
68,WIH3.2021,-89.5448839,44.1156288,186,2021-07-05,68,25.99,30.68,21.18,21.04,34.19,25.69,24.75,11.84,1.54,0.04,0.92,13.43,16,75.25,0.4,0.44,0,3.68,-12.51,0.969859548,15.404,41.457,9.196,75.95305025,74.7644,9.41896063419057,15.1998130652782,41.4571429706962,0.969859548320624,0.198133993306314,11.798491263738,-10.878491263738,17.93,0.815,9.5,276.19372,0.859118795315114,0.455559831
69,WIH3.2021,-89.5448839,44.1156288,187,2021-07-06,69,25.18,30.44,16.54,21.05,34.54,14.73,6.11,6.99,0.93,0.02,10.46,8.43,16.07,79.27,0.4,0.49,0,1.66,2.03,0.621970639,15.389,41.394,2.272,75.12077414,73.958,5.40292646025558,15.1832476183521,41.3940924540636,0.621970639058926,0.174497701825995,6.66864100071823,3.79135899928177,15.49,0.704090909090909,13.9,238.37561,0.993479664299548,0.277601271
70,WIH3.2021,-89.5448839,44.1156288,188,2021-07-07,70,15.86,18.94,13.48,14.46,33.11,7.3,1.58,3.85,0.58,0.01,25.98,0.8,10.53,91.42,0.45,0.66,0,3.5,25.18,0.220354674,15.372,41.327,0.588,60.42775988,62.2656,2.67884847117681,15.1656102821961,41.327068795122,0.220354673802713,0.117600009073873,3.12447420806596,22.8555257919341,8.21,0.373181818181818,5.46,126.20412,1.87235079171742,0.242749054
71,WIH3.2021,-89.5448839,44.1156288,189,2021-07-08,71,16.69,20.67,10.99,12.4,31.37,17.72,9.48,8.18,1.1,0.03,0.09,6.45,9.18,76.72,0.45,0.51,0,2.1,-6.36,0.434436693,15.354,41.256,3.528,61.52446232,62.354,6.50578765374856,15.1469144072692,41.2560842102124,0.434436693294568,0.115125449796239,7.55714416650835,-7.46714416650835,7.83,0.355909090909091,9.68,120.22182,1.96091954022988,0.490113841
72,WIH3.2021,-89.5448839,44.1156288,190,2021-07-09,72,19.62,24.69,12.7,14.4,29.59,26.42,28.24,11.94,1.56,0.03,0,11.04,10.47,73.19,0.44,0.48,0,0.96,-11.04,0.648593897,15.335,41.181,10.516,65.94230922,66.004,9.70492378567374,15.1271739864785,41.181151500925,0.64859389713396,0.134921935208391,11.5564320374073,-11.5564320374073,10.695,0.486136363636364,11.99,164.007825,1.43384759233287,0.608562691
73,WIH3.2021,-89.5448839,44.1156288,191,2021-07-10,73,19.31,23.49,14.47,12.99,29.34,25.89,20.08,11.76,1.54,0.03,0,9.47,9.54,68.66,0.42,0.46,0,2.14,-9.47,0.774086517,15.316,41.102,7.482,65.24838354,65.1864,9.51540282267418,15.1064036190759,41.1022840531686,0.774086516625575,0.137040010995727,11.3507673634619,-11.3507673634619,10.98,0.499090909090909,9.02,168.16968,1.39489981785064,0.609010875
74,WIH3.2021,-89.5448839,44.1156288,192,2021-07-11,74,19.26,24.86,13.72,13.29,27.9,28.56,32.02,12.55,1.57,0.03,0,11.51,9.72,70.01,0.41,0.45,0,3.05,-11.51,0.82917418,15.295,41.019,11.939,65.23825674,65.2444,10.5027303436538,15.0846184737075,41.0194958370422,0.829174179781697,0.139375786932808,12.5523153559274,-12.5523153559274,11.29,0.513181818181818,11.14,172.68055,1.3547387068202,0.651609553
75,WIH3.2021,-89.5448839,44.1156288,193,2021-07-12,75,19.69,25.59,12.99,15.47,30.6,23.57,18.61,10.66,1.38,0.03,0.09,9.56,11.21,77.99,0.4,0.44,0,2.46,-9.47,0.63114973,15.273,40.933,6.944,66.29899869,66.4592,8.67293273568473,15.0618342507951,40.9328014075983,0.631149730137944,0.139375786932808,10.3591762233616,-10.2691762233616,11.29,0.513181818181818,12.6,172.43217,1.35279007971656,0.541391569
76,WIH3.2021,-89.5448839,44.1156288,194,2021-07-13,76,21.7,26.93,15.2,16.68,31.95,25.14,19.78,11.2,1.4,0.03,0.11,11.1,12.11,74.51,0.4,0.44,0,1.7,-10.99,0.740271148,15.25,40.842,7.386,69.2290533,68.9048,9.25652537746196,15.0380671444337,40.8422159065827,0.740271147936999,0.153409090660663,11.1977931685906,-11.0877931685906,13.065,0.593863636363636,11.73,199.24125,1.16724071947953,0.516129032
77,WIH3.2021,-89.5448839,44.1156288,195,2021-07-14,77,22.5,27.67,17.22,19.31,33.34,9.65,3.46,4.65,0.61,0.01,27.86,5.69,14.43,83.06,0.4,0.55,0,3.47,22.17,0.596136384,15.226,40.748,1.293,71.149035,70.6516,3.55550068896929,15.0133338039768,40.7477550652298,0.596136384251953,0.165128319864784,4.33941152167691,23.5205884783231,14.445,0.656590909090909,10.45,219.93957,1.05406715126341,0.206666667
78,WIH3.2021,-89.5448839,44.1156288,196,2021-07-15,78,20.45,24.35,15.27,15.68,30.87,25.94,22.01,11.56,1.46,0.03,27.6,8.11,11.39,75.64,0.48,0.63,0,2.64,19.49,0.60972553,15.202,40.649,8.231,67.3616762,67.2948,9.56420852131651,14.9876512954844,40.649435208189,0.609725530124559,0.143369548078638,11.4470637579645,16.1529362420355,11.81,0.536818181818182,9.08,179.53562,1.28721422523285,0.565281174
79,WIH3.2021,-89.5448839,44.1156288,197,2021-07-16,79,20.19,25.01,15.01,15.34,30.31,26.03,26.85,11.71,1.5,0.03,0.02,11.4,11.09,75.71,0.46,0.5,0,1.97,-11.38,0.694996525,15.176,40.547,10.049,66.96036051,66.9124,9.60448788432213,14.961037063196,40.5472732586489,0.69499652466881,0.144931182773327,11.5043315846549,-11.4843315846549,12.01,0.545909090909091,10,182.26376,1.26361365528726,0.579990094
80,WIH3.2021,-89.5448839,44.1156288,198,2021-07-17,80,19.78,25.26,13.95,15.15,29.67,27.41,29.34,12.28,1.55,0.03,0,11.17,10.94,75.88,0.44,0.48,0,2.11,-11.17,0.683390189,15.15,40.441,10.991,66.32993336,66.434,10.1215246016116,14.9335088911895,40.4412867447192,0.683390189186176,0.141783673594456,12.0766338998071,-12.0766338998071,11.605,0.5275,11.31,175.81575,1.30547177940543,0.62082912
81,WIH3.2021,-89.5448839,44.1156288,199,2021-07-18,81,21.2,26.66,13.48,15.21,30.11,23.96,19.17,10.26,1.2,0.03,0,10.96,10.99,69.65,0.43,0.47,0,1.33,-10.96,0.791579315,15.122,40.331,7.188,68.130192,67.8756,8.85476335397463,14.9050848653745,40.3314938071236,0.791579315493297,0.145402470070375,10.5942825017935,-10.5942825017935,12.07,0.548636363636364,13.18,182.52254,1.25285832642916,0.483962264
82,WIH3.2021,-89.5448839,44.1156288,200,2021-07-19,82,21.91,26.67,15.91,16.76,31.36,21.33,12.46,9.06,1.02,0.02,0,9.6,12.14,73.43,0.42,0.46,0,1.45,-9.6,0.743899244,15.094,40.218,4.676,69.47423787,69.1436,7.88953064056636,14.8757833359631,40.2179132082458,0.743899243543351,0.15527038848962,9.51598890802756,-9.51598890802756,13.29,0.604090909090909,10.76,200.59926,1.13574115876599,0.413509813
83,WIH3.2021,-89.5448839,44.1156288,201,2021-07-20,83,22.46,27.8,17.5,18.04,33.08,17.39,6.32,7.37,0.81,0.02,0,9.98,13.29,76.53,0.41,0.45,0,2.53,-9.98,0.798848821,15.065,40.101,2.374,70.56556162,70.1544,6.4379488449936,14.8456228805526,40.1005643425652,0.798848820982559,0.166932057912261,7.8305337208108,-7.8305337208108,14.65,0.665909090909091,10.3,220.70225,1.02832764505119,0.328138914
84,WIH3.2021,-89.5448839,44.1156288,202,2021-07-21,84,18.18,21.78,14.45,13.77,32.47,19.06,9.93,8.6,1.07,0.03,0.01,4.22,9.99,76.04,0.41,0.45,0,1.92,-4.21,0.552369097,15.035,39.979,3.734,63.83791128,64.3372,7.06279297499929,14.8146222679408,39.9794672485044,0.552369097440265,0.130696993011213,8.29707755993276,-8.28707755993276,10.115,0.459772727272727,7.33,152.079025,1.48640632723678,0.473047305
85,WIH3.2021,-89.5448839,44.1156288,203,2021-07-22,85,21.8,27.79,14.94,17.86,35.24,13.11,3.34,6.18,0.79,0.02,0.41,6.37,13.27,78.71,0.4,0.46,0,1.7,-5.96,0.67045105,15.004,39.855,1.257,69.6896622,69.4296,4.86273369409777,14.7828004227914,39.854642621706,0.670451049935845,0.155895046778474,5.8518856627899,-5.4418856627899,13.365,0.6075,12.85,200.52846,1.12263374485597,0.283486239
86,WIH3.2021,-89.5448839,44.1156288,204,2021-07-23,86,25.51,30.31,20.05,20.87,34.86,21.88,15.09,9.84,1.2,0.03,0.11,10.49,15.76,76.71,0.4,0.45,0,2.58,-10.38,0.865068675,14.972,39.726,5.687,75.36660379,74.2232,8.12397298843975,14.7501763912506,39.7261118297423,0.865068675165638,0.190598029048579,10.0065084345603,-9.89650843456031,17.18,0.780909090909091,10.26,257.21896,0.871478463329453,0.385731086
87,WIH3.2021,-89.5448839,44.1156288,205,2021-07-24,87,24.65,28.84,18.68,20.79,33.58,22.66,21.33,10.51,1.35,0.03,6.12,9.11,15.89,79.64,0.4,0.48,0,3.73,-2.99,0.60622214,14.94,39.594,8.048,74.3129274,73.3344,8.42256050508856,14.7167693076104,39.593896928253,0.60622214029096,0.176990101511175,10.276021980899,-4.15602198089896,15.76,0.716363636363636,10.16,235.4544,0.947969543147208,0.426369168
88,WIH3.2021,-89.5448839,44.1156288,206,2021-07-25,88,22.56,28.38,15.49,15.44,29.62,28.07,34.18,12.65,1.61,0.04,0,13.17,11.24,65.64,0.39,0.43,0,2.6,-13.17,1.057840777,14.907,39.458,12.913,69.84738016,69.3184,10.4450382694637,14.6825983621008,39.4580206784947,1.05784077747636,0.160712223780793,12.5792151372996,-12.5792151372996,13.935,0.633409090909091,12.89,207.729045,1.0697524219591,0.56072695
89,WIH3.2021,-89.5448839,44.1156288,207,2021-07-26,89,23.65,29.75,16.38,16.42,32.57,21.59,14.51,9.8,1.24,0.03,1.15,11.21,11.97,65.23,0.39,0.43,0,2.12,-10.06,1.15506544,14.873,39.319,5.489,71.40123605,70.7612,8.04312011364845,14.6476827698861,39.3185065662769,1.15506544019058,0.170634482752076,9.74799528650942,-8.59799528650942,15.065,0.684772727272727,13.37,224.061745,0.987255227348158,0.414376321
90,WIH3.2021,-89.5448839,44.1156288,208,2021-07-27,90,24.24,29.52,18.77,20.12,34.22,21.55,15.77,9.89,1.24,0.03,9.7,8.21,15.17,78.87,0.39,0.5,0,2.24,1.49,0.791114458,14.839,39.175,5.973,73.58289712,72.6832,8.03794395848381,14.6120417413269,39.1753788222469,0.791114457845037,0.180595959226638,9.79570400628816,-0.0957040062881607,16.145,0.733863636363636,10.75,239.575655,0.919108082997832,0.4080033
91,WIH3.2021,-89.5448839,44.1156288,209,2021-07-28,91,24.61,28.92,19.13,21.64,35.18,10.1,1.38,4.59,0.51,0.01,8.65,6.21,16.62,84.29,0.4,0.51,0,1.77,2.44,0.514750712,14.804,39.029,0.523,74.71696131,73.6004,3.77195898512241,14.5756944535632,39.0286624434784,0.514750711623255,0.179465472198365,4.58767996339343,4.06232003660657,16.025,0.728409090909091,9.79,237.2341,0.923806552262091,0.186509549
92,WIH3.2021,-89.5448839,44.1156288,210,2021-07-29,92,23.7,27.33,16.86,20.3,33.09,25.14,24.1,11.53,1.49,0.04,5.31,7.87,15.36,82.16,0.41,0.54,0,3.49,-2.56,0.395705164,14.768,38.878,9.155,73.0253208,72.208,9.40116030433442,14.5386600234625,38.878383216307,0.395705163788594,0.162086795490437,11.2784416021,-5.96844160210001,14.095,0.640681818181818,10.47,208.15496,1.04774742816602,0.48649789
93,WIH3.2021,-89.5448839,44.1156288,211,2021-07-30,93,17.89,21.62,14.55,12.5,29.19,22.98,18.79,10.54,1.39,0.03,0,6.08,9.2,72.29,0.4,0.45,0,1.38,-6.08,0.670433228,14.731,38.725,7.148,63.25678419,63.59,8.60518328235439,14.5009574819681,38.7245677403462,0.670433228221666,0.130481546762724,10.0009768149219,-10.0009768149219,10.085,0.458409090909091,7.07,148.562135,1.46068418443233,0.589155953
94,WIH3.2021,-89.5448839,44.1156288,212,2021-07-31,94,19.64,25.04,13.31,15.68,31.09,21.44,20.71,9.87,1.27,0.03,3.52,7.55,11.43,79.63,0.4,0.46,0,2.59,-4.03,0.570402229,14.694,38.567,7.89,66.30424868,66.4848,8.03993854656205,14.4626057498749,38.5672434536095,0.570402229283835,0.138505387598649,9.41444445796306,-5.89444445796306,11.175,0.507954545454545,11.73,164.20545,1.31489932885906,0.502545825
95,WIH3.2021,-89.5448839,44.1156288,213,2021-08-01,95,18.21,22.35,14.04,13.72,29.42,23.75,23.39,10.74,1.39,0.03,0.79,7.72,9.96,76.7,0.4,0.46,0,2.57,-6.93,0.582003677,14.657,38.406,8.926,63.9093993,64.3492,8.91936541948194,14.4236236150507,38.406438658654,0.582003677272314,0.131272990743978,10.3456536909744,-9.55565369097444,10.195,0.463409090909091,8.31,149.428115,1.43766552231486,0.589785832
96,WIH3.2021,-89.5448839,44.1156288,214,2021-08-02,96,19.88,23.86,15.43,13.55,29.03,25.97,29.73,11.81,1.51,0.03,0.03,9.42,9.84,68.31,0.39,0.43,0,1.05,-9.39,0.803492395,14.618,38.242,11.364,66.07869772,65.958,9.76809446251189,14.3840297111146,38.2421825496543,0.803492395079273,0.14209194116429,11.4457306971352,-11.4157306971352,11.645,0.529318181818182,8.43,170.22661,1.25530270502362,0.594064386
97,WIH3.2021,-89.5448839,44.1156288,215,2021-08-03,97,20.78,26.33,14.55,14.2,30.53,18.58,11.11,7.88,0.91,0.02,0.14,9.06,10.31,67.51,0.38,0.42,0,1.67,-8.92,0.922566657,14.579,38.075,4.254,67.36616222,67.092,6.99966005921582,14.3438424975761,38.0745052403047,0.922566657309169,0.148337486427886,8.23823514320513,-8.09823514320513,12.44,0.565454545454545,11.78,181.36276,1.17194533762058,0.37921078
98,WIH3.2021,-89.5448839,44.1156288,216,2021-08-04,98,21.73,27.28,15.25,14.67,30.63,21.66,15.4,9.28,1.09,0.02,0,9.28,10.63,65.35,0.38,0.41,0,1.57,-9.28,1.009174471,14.54,37.903,5.908,68.61479945,68.2112,8.17352557110658,14.3030802414311,37.903437792445,1.00917447107935,0.155062639710624,9.66150146799694,-9.66150146799694,13.265,0.602954545454546,12.03,192.8731,1.09611760271391,0.427059365
99,WIH3.2021,-89.5448839,44.1156288,217,2021-08-05,99,22.05,27.41,16.32,15.72,33.09,14.63,5.44,6.72,0.85,0.02,0.32,9.04,11.38,69.16,0.37,0.4,0,3.13,-8.72,0.967841659,14.5,37.729,2.091,69.3679022,68.9092,5.53021537050852,14.2617610002067,37.7290122452931,0.967841658959453,0.160113952271117,6.5531083994823,-6.2331083994823,13.865,0.630227272727273,11.09,201.0425,1.04579877389109,0.304761905
100,WIH3.2021,-89.5448839,44.1156288,218,2021-08-06,100,21.37,23.84,18.74,19.86,33.77,14.37,1.94,6.7,0.84,0.02,4.04,1.07,14.87,91.03,0.37,0.45,0,2.09,2.97,0.24059037,14.46,37.551,0.747,69.85098989,69.7196,5.44162809722405,14.2199026064401,37.5512616451656,0.240590370259529,0.15527038848962,6.41091235857272,-2.37091235857272,13.29,0.604090909090909,5.1,192.1734,1.08803611738149,0.313523631
101,WIH3.2021,-89.5448839,44.1156288,219,2021-08-07,101,22.1,25.11,18.4,21.21,34.05,2.77,0.45,1.48,0.19,0,37.79,0.89,16.2,94.49,0.4,0.6,0,2.7,36.9,0.133262515,14.419,37.37,0.174,71.3623971,70.9356,1.0508832345912,14.1775226535709,37.3702200755615,0.133262515323097,0.159177612711022,1.2398072058868,36.5501927941132,13.755,0.625227272727273,6.71,198.333345,1.04827335514358,0.066968326
102,WIH3.2021,-89.5448839,44.1156288,220,2021-08-08,102,24.1,28.48,21.38,22.16,35.09,11.59,1.89,5.66,0.75,0.02,26.45,3.96,17.2,89.32,0.47,0.67,0,3.17,22.49,0.546415582,14.377,37.186,0.731,74.3590988,73.2776,4.40544292519929,14.1346384832227,37.1859226874764,0.546415581586565,0.18814032631089,5.29289065451861,21.1571093454814,16.93,0.769545454545455,7.1,243.40261,0.849202598936799,0.234854772
103,WIH3.2021,-89.5448839,44.1156288,221,2021-08-09,103,22.9,26.12,19.62,21.48,34.14,13.27,5.01,6.17,0.75,0.02,12.94,3.06,16.48,91.94,0.48,0.63,0,2.39,9.88,0.273307182,14.336,36.998,1.941,72.5452974,71.8328,5.05403169970277,14.0912671738469,36.9984057298146,0.273307182449694,0.168886250503326,5.98393296655343,6.95606703344657,14.87,0.675909090909091,6.5,213.17632,0.96408876933423,0.269432314
104,WIH3.2021,-89.5448839,44.1156288,222,2021-08-10,104,24.44,30.22,18.32,22.64,34.2,13.34,4.73,6.22,0.77,0.02,3.9,5.47,17.89,90.08,0.47,0.55,0,2.12,-1.57,0.452536262,14.293,36.808,1.837,75.01035648,73.7904,5.0911255819049,14.0474255306944,36.8077065797597,0.452536262421535,0.18177992782644,6.06836714422174,-2.16836714422174,16.27,0.739545454545455,11.9,232.54711,0.878488014751076,0.254500818
105,WIH3.2021,-89.5448839,44.1156288,223,2021-08-11,105,24.57,29.91,17.77,22.36,33.56,10.39,4.61,5.05,0.67,0.01,3.83,6.54,17.67,87.9,0.46,0.54,0,3.55,-2.71,0.425251021,14.251,36.614,1.794,75.0130597,73.8196,3.9737003011499,14.0031300770824,36.6138637729635,0.425251020730042,0.177734330207646,4.71405952810845,-0.884059528108453,15.84,0.72,12.14,225.73584,0.899684343434343,0.205535206
106,WIH3.2021,-89.5448839,44.1156288,224,2021-08-12,106,20.54,25.39,15.91,15.25,30.67,15.9,16.72,7.48,1,0.02,0.02,7.4,11.15,72.08,0.45,0.49,0,2.68,-7.38,0.791973859,14.208,36.417,6.523,67.28713968,67.23,6.09437951165282,13.9583970469167,36.4169170334102,0.791973858847132,0.150025484237471,7.06086673907035,-7.04086673907035,12.65,0.575,9.48,179.7312,1.12316205533597,0.364167478
107,WIH3.2021,-89.5448839,44.1156288,225,2021-08-13,107,18.72,24.31,12.95,11.85,27.03,25.58,34.02,11.48,1.46,0.03,0,10.5,8.83,65.43,0.43,0.47,0,2.19,-10.5,0.877605289,14.164,36.217,13.305,64.23272104,64.186,9.82692246647608,13.9132423784312,36.2169073028104,0.8776052893003,0.134442768366291,11.1830615549316,-11.1830615549316,10.63,0.483181818181818,11.36,150.56332,1.33245531514581,0.613247863
108,WIH3.2021,-89.5448839,44.1156288,226,2021-08-14,108,19.21,25.14,11.47,11.06,26.91,26.64,38.32,11.91,1.51,0.03,0,10.8,8.36,60.65,0.42,0.46,0,1.45,-10.8,0.956301604,14.12,36.014,15.024,64.72150635,64.3916,10.2581303061648,13.8676817091018,36.0138767693809,0.956301604053243,0.132068498935746,11.6152362620112,-11.6152362620112,10.305,0.468409090909091,13.67,145.5066,1.37020863658418,0.619989589
109,WIH3.2021,-89.5448839,44.1156288,227,2021-08-15,109,20.23,25.67,13.83,12.91,28.63,26,37.32,11.81,1.5,0.03,0,10.79,9.47,63.62,0.41,0.45,0,1.62,-10.79,0.949730648,14.076,35.808,14.67,66.33026274,66.0776,10.0359222915251,13.8217303716928,35.8078688958642,0.949730648113592,0.14290384365008,11.4682493495827,-11.4682493495827,11.75,0.534090909090909,11.84,165.393,1.19795744680851,0.583786456
110,WIH3.2021,-89.5448839,44.1156288,228,2021-08-16,110,19.76,25.25,13.15,13.19,28.46,25.42,35.21,11.48,1.45,0.03,0,10.47,9.64,67.62,0.4,0.44,0,1.51,-10.47,0.84737834,14.031,35.599,13.878,65.86403488,65.7084,9.83655321912255,13.77540339139,35.5989284466424,0.847378340184607,0.138694212298519,11.1643052421243,-11.1643052421243,11.2,0.509090909090909,12.1,157.1472,1.25276785714286,0.58097166
111,WIH3.2021,-89.5448839,44.1156288,229,2021-08-17,111,21.03,27.24,13.45,15.75,30.16,23.7,29.94,10.74,1.36,0.03,0,10.4,11.45,73.38,0.39,0.43,0,1.8,-10.4,0.78966156,13.986,35.387,11.833,68.11845586,67.9,9.19460885609277,13.7287154839776,35.3871015138033,0.789661559820801,0.147579161850508,10.5009859879608,-10.5009859879608,12.345,0.561136363636364,13.79,172.65717,1.13292831105711,0.510699001
112,WIH3.2021,-89.5448839,44.1156288,230,2021-08-18,112,22.82,28.54,15.98,18.1,31.27,23.61,28.84,10.71,1.35,0.03,0,10.7,13.24,76.42,0.39,0.43,0,1.25,-10.7,0.78116326,13.941,35.172,11.431,71.12079356,70.536,9.18402393041527,13.6816810550125,35.172435542014,0.78116325999611,0.163514708780695,10.6038349034747,-10.6038349034747,14.26,0.648181818181818,12.56,198.79866,0.977629733520337,0.469325153
113,WIH3.2021,-89.5448839,44.1156288,231,2021-08-19,113,23.68,29.1,17.74,18.96,32.26,23.26,26.45,10.57,1.33,0.03,0.01,10.63,13.95,76.66,0.38,0.42,0,1.02,-10.62,0.837742906,13.896,34.955,10.515,72.48997712,71.7056,9.07264584815488,13.6343141999509,34.9549793520655,0.837742906201574,0.173856379056335,10.5257522479582,-10.5157522479582,15.42,0.700909090909091,11.36,214.27632,0.901167315175097,0.446368243
114,WIH3.2021,-89.5448839,44.1156288,232,2021-08-20,114,24.13,29.37,17.84,19.31,32.43,21.78,23.94,9.86,1.25,0.03,0.02,10.64,14.34,75.92,0.38,0.42,0,2.3,-10.62,0.827443034,13.85,34.735,9.546,73.12504104,72.2816,8.51932116030922,13.586628705182,34.734783162949,0.827443033775697,0.175555635472009,9.86744996105626,-9.84744996105626,15.605,0.709318181818182,11.53,216.12925,0.887536046139058,0.408619975
115,WIH3.2021,-89.5448839,44.1156288,233,2021-08-21,115,22.89,27.03,16.51,18.1,33.01,17.82,16.16,8.28,1.08,0.03,1.65,7.16,13.5,75.26,0.37,0.42,0,3.41,-5.51,0.647971419,13.804,34.512,6.464,71.13346386,70.606,6.99058990522907,13.5386380499245,34.5118986123316,0.647971419232146,0.159305022333516,7.97676904226199,-6.32676904226199,13.77,0.625909090909091,10.52,190.08108,1.00246913580247,0.361730013
116,WIH3.2021,-89.5448839,44.1156288,234,2021-08-22,116,18.54,23.93,12.76,13.11,28.68,24.6,34.27,11.08,1.4,0.03,0,7.71,9.62,71.85,0.37,0.41,0,2.22,-7.71,0.714305267,13.757,34.286,13.751,64.2306301,64.4596,9.67914241497491,13.4903554089402,34.2863787753027,0.714305267496763,0.132358785559722,10.7293549155524,-10.7293549155524,10.345,0.470227272727273,11.17,142.316165,1.32982116964717,0.597626753
117,WIH3.2021,-89.5448839,44.1156288,235,2021-08-23,117,22.35,28.52,16.34,19.08,33.65,19.37,18.82,9.03,1.16,0.03,1.62,5.94,14.32,82.32,0.37,0.42,0,2.12,-4.32,0.668617965,13.711,34.058,7.577,70.8462748,70.4188,7.64476529704245,13.4417936560226,34.0582781812656,0.668617965308941,0.164996987648198,8.70943219833202,-7.08943219833202,14.43,0.655909090909091,12.18,197.84973,0.95017325017325,0.404026846
118,WIH3.2021,-89.5448839,44.1156288,236,2021-08-24,118,24.21,27.97,21.57,22.66,34.52,5.86,0.43,3.04,0.43,0.01,11.47,2.14,17.68,91.27,0.38,0.51,0,1.87,9.33,0.422185926,13.664,33.828,0.174,74.73399233,73.5676,2.32007752517807,13.3929653682169,33.8276528288542,0.42218592639773,0.186581451303927,2.67363507091764,8.79636492908237,16.77,0.762272727272727,6.4,229.14528,0.814788312462731,0.125567947
119,WIH3.2021,-89.5448839,44.1156288,237,2021-08-25,119,24.4,28.93,18.98,21.4,34.06,18.32,17.04,8.27,1.01,0.02,6.16,6.3,16.39,84.19,0.4,0.54,0,2.07,-0.14,0.54328919,13.617,33.595,6.907,74.3617664,73.304,7.27677135859566,13.3438828307295,33.5945601987613,0.543289189832374,0.178808781111647,8.3178588297442,-2.1578588297442,15.955,0.725227272727273,9.95,217.259235,0.85346286430586,0.338934426
120,WIH3.2021,-89.5448839,44.1156288,238,2021-08-26,120,22.33,27.77,16.93,17.34,32.06,14.9,8.53,6.84,0.87,0.02,2.75,8.95,12.71,74.3,0.39,0.45,0,2.66,-6.2,0.849472542,13.569,33.359,3.47,70.1876781,69.7724,5.93808456237361,13.2945580424873,33.3590592643698,0.849472542113913,0.164298037625269,6.69599225762811,-3.94599225762811,14.35,0.652272727272727,10.84,194.71515,0.945574912891986,0.306314375
121,WIH3.2021,-89.5448839,44.1156288,239,2021-08-27,121,23.08,27.09,19.64,21.7,34.9,6.37,0.97,3.36,0.49,0.01,32.09,1,16.65,92,0.43,0.66,0,2.72,31.09,0.339462023,13.522,33.121,0.396,72.860064,72.092,2.54733042866527,13.2450027223065,33.1212105000843,0.339462022902777,0.17335387851724,2.88158979052355,29.2084102094765,15.365,0.698409090909091,7.45,207.76553,0.88005206638464,0.145580589
122,WIH3.2021,-89.5448839,44.1156288,240,2021-08-28,122,24.92,27.67,22.99,23.66,35.12,16.08,8.66,7.69,1.01,0.02,21.88,1.09,18.74,92.65,0.47,0.66,0,2.6,20.79,0.334248623,13.474,32.881,3.549,76.0937462,74.6376,6.45292970469815,13.1952283156329,32.8810758872666,0.334248622546073,0.192085589114727,7.36025211932756,14.5197478806724,17.33,0.787727272727273,4.68,233.50442,0.777495672244663,0.30858748
123,WIH3.2021,-89.5448839,44.1156288,241,2021-08-29,123,22.77,25.56,18,19.38,31.9,18.64,13.83,8.52,1.1,0.03,2.32,7.06,14.52,82.01,0.47,0.54,0,3.87,-4.74,0.419447177,13.426,32.639,5.689,71.50321023,70.9468,7.50726111805457,13.1452460018174,32.6387189176887,0.419447177069149,0.159390009935717,8.34440086742595,-6.02440086742595,13.78,0.626363636363637,7.56,185.01028,0.974310595065312,0.374176548
124,WIH3.2021,-89.5448839,44.1156288,242,2021-08-30,124,20.63,25.91,14.7,15.53,28.39,22.05,28.24,9.96,1.28,0.03,0,9.37,11.28,74.13,0.45,0.48,0,2.13,-9.37,0.743704051,13.378,32.394,11.662,67.54979881,67.4208,8.91351475956423,13.0950667018912,32.3942045944194,0.74370405149112,0.147260849697803,9.76698889101495,-9.76698889101495,12.305,0.559318181818182,11.21,164.61629,1.08720032507111,0.48279205
125,WIH3.2021,-89.5448839,44.1156288,243,2021-08-31,125,18.95,23.02,14.68,15.37,29.71,16.54,7.56,7.57,1,0.02,0.01,4.97,11.16,80.69,0.43,0.47,0,2.54,-4.96,0.495271305,13.33,32.148,3.135,65.24867745,65.6832,6.71152309350796,13.0447010868057,32.1475994300713,0.495271304663761,0.136070404746391,7.2439171044913,-7.2339171044913,10.85,0.493181818181818,8.34,144.6305,1.22857142857143,0.399472296
126,WIH3.2021,-89.5448839,44.1156288,244,2021-09-01,126,16.96,22.67,11.27,12.22,26.86,23.61,35.91,10.5,1.31,0.03,0,7.32,9.05,75.7,0.42,0.46,0,2.23,-7.32,0.622093379,13.281,31.899,14.951,61.9228328,62.5592,9.61761755806132,12.9941595861065,31.898971442343,0.622093379313567,0.122684792700275,10.175931628534,-10.175931628534,8.97,0.407727272727273,11.4,119.13057,1.48060200668896,0.619103774
127,WIH3.2021,-89.5448839,44.1156288,245,2021-09-02,127,17.16,21.99,11.36,12.78,29.2,15.9,8.05,7.14,0.9,0.02,0,4.64,9.36,76.88,0.41,0.46,0,2.05,-4.64,0.517020692,13.233,31.648,3.366,62.26644192,62.9608,6.50272864300045,12.9434523970081,31.6483901467967,0.517020691948387,0.120689383383314,6.83465290016417,-6.83465290016417,8.675,0.394318181818182,10.63,114.796275,1.52541786743516,0.416083916
128,WIH3.2021,-89.5448839,44.1156288,246,2021-09-03,128,15.93,18.78,13.21,12.72,32.8,4.56,1.22,2.4,0.35,0.01,2.5,2.45,9.35,82.02,0.41,0.47,0,3.15,0.05,0.372372477,13.184,31.396,0.512,60.40956814,61.7092,1.87254254160139,12.8925894938416,31.3959265468226,0.372372476791455,0.116194443215062,1.94778154230497,0.552218457695029,7.995,0.363409090909091,5.57,105.40608,1.6490306441526,0.150659134
129,WIH3.2021,-89.5448839,44.1156288,247,2021-09-04,129,17.62,21.22,14.81,15.11,31.41,11.09,7.08,5.24,0.69,0.02,2.47,2.79,11,85.86,0.41,0.5,0,2.84,-0.32,0.385231425,13.135,31.142,2.986,63.27146668,64.2596,4.57307544726442,12.8415806378459,31.1416531207465,0.385231424581408,0.1299800090446,4.82355131266846,-2.35355131266846,10.015,0.455227272727273,6.41,131.547025,1.31153270094858,0.29738933
130,WIH3.2021,-89.5448839,44.1156288,248,2021-09-05,130,17.8,23.63,11.77,12.94,28.4,20.49,27.68,9.32,1.19,0.03,0.02,6.99,9.56,74.71,0.41,0.45,0,3.07,-6.97,0.657937035,13.086,30.886,11.728,63.1998662,63.6584,8.4853669468902,12.7904353872757,30.8856438060498,0.657937034604664,0.127743258397241,8.88808753216161,-8.86808753216161,9.7,0.440909090909091,11.86,126.9342,1.34907216494845,0.523595506
131,WIH3.2021,-89.5448839,44.1156288,249,2021-09-06,131,16.86,22.51,10.35,10.71,27.22,22.04,32.25,9.89,1.24,0.03,0,6.29,8.22,68.92,0.4,0.44,0,1.65,-6.29,0.704506615,13.037,30.628,13.727,61.60475288,61.9156,9.16714749310843,12.7391631078011,30.6279739806751,0.704506614914523,0.119053176101953,9.4526614580613,-9.4526614580613,8.43,0.383181818181818,12.16,109.90191,1.54650059311981,0.586595492
132,WIH3.2021,-89.5448839,44.1156288,250,2021-09-07,132,18.94,23.88,14.68,13.96,30.02,18.08,20.45,8.18,1.04,0.02,3.57,3.67,10.43,73.34,0.4,0.47,0,3.64,-0.1,0.72202712,12.987,30.369,8.745,64.90547004,65.1656,7.55365824445641,12.6877729831741,30.3687204414018,0.722027120077056,0.13929991666536,7.94565589811026,-4.37565589811026,11.28,0.512727272727273,9.2,146.49336,1.15132978723404,0.43189018
133,WIH3.2021,-89.5448839,44.1156288,251,2021-09-08,133,16.33,21.28,11.57,11.11,28.67,16.97,19,7.74,1,0.02,0.04,5.74,8.47,72.39,0.4,0.44,0,3.73,-5.7,0.624330692,12.938,30.108,8.165,60.87860413,61.5296,7.12228793979779,12.6362740261393,30.1079613792856,0.624330692071267,0.119019981137075,7.2778698322265,-7.2378698322265,8.425,0.382954545454546,9.71,109.00265,1.53566765578635,0.47397428
134,WIH3.2021,-89.5448839,44.1156288,252,2021-09-09,134,16.71,21.92,10.19,12.05,29.33,17.84,17.68,8.11,1.05,0.02,0.03,5.83,8.95,75.37,0.4,0.43,0,1.7,-5.8,0.53016348,12.888,29.846,7.635,61.52557373,62.248,7.52235763442016,12.5846750895668,29.8457763521605,0.530163479599367,0.116585251769064,7.62459029614327,-7.59459029614327,8.055,0.366136363636364,11.73,103.81284,1.6,0.485338121
135,WIH3.2021,-89.5448839,44.1156288,253,2021-09-10,135,18.49,24.33,12.59,12.57,28.44,18.63,21.07,8.3,1.03,0.02,0,6.69,9.28,70.11,0.39,0.43,0,1.58,-6.69,0.79461819,12.839,29.582,9.145,64.08487561,64.2152,7.89289313146337,12.5329848777866,29.5822462542167,0.794618189771743,0.133196372775138,8.13327653058805,-8.13327653058805,10.46,0.475454545454546,11.74,134.29594,1.2274378585086,0.448891293
136,WIH3.2021,-89.5448839,44.1156288,254,2021-09-11,136,20.44,27.82,14.16,16.13,32.28,13.33,7.84,5.71,0.62,0.01,0.04,5.22,11.97,77.12,0.39,0.43,0,2.73,-5.18,0.844419196,12.789,29.317,3.42,67.43393472,67.4468,5.67493205488935,12.4812119581053,29.3174532826697,0.844419196294774,0.152792864682763,5.93421718788393,-5.89421718788393,12.99,0.590454545454546,13.66,166.12911,0.984526558891455,0.279354207
137,WIH3.2021,-89.5448839,44.1156288,255,2021-09-12,137,17.97,22.58,14.28,12.5,31.27,7.28,2.58,3.58,0.49,0.01,1.57,4.33,9.23,71.71,0.39,0.44,0,1.99,-2.76,0.733864627,12.739,29.051,1.131,63.35859413,63.67,3.11466998361745,12.4293647724853,29.05148090155,0.73386462693447,0.13297744003634,3.17743202433143,-1.60743202433143,10.43,0.474090909090909,8.3,132.86777,1.22138063279003,0.199220924
138,WIH3.2021,-89.5448839,44.1156288,256,2021-09-13,138,16.89,21.48,12.58,14.8,30.42,16.75,18.01,7.68,0.98,0.02,3.28,2.32,10.79,87.96,0.39,0.47,0,2.56,0.96,0.325676596,12.689,28.784,7.939,62.11049956,63.418,7.20258944817888,12.3774516493713,28.7844138026482,0.325676596122684,0.123094044846415,7.22314632355925,-3.94314632355925,9.03,0.410454545454546,8.9,114.58167,1.40520487264673,0.454706927
139,WIH3.2021,-89.5448839,44.1156288,257,2021-09-14,139,18.35,21.02,13.65,14.86,31.84,8.38,2.99,4.05,0.58,0.01,0.77,3.18,10.91,80.95,0.39,0.46,0,4.05,-2.41,0.336311886,12.64,28.516,1.325,64.29343175,64.8996,3.62204746377052,12.3254808156437,28.5163378636603,0.336311885554933,0.125192361107498,3.62351681837184,-2.85351681837184,9.335,0.424318181818182,7.37,117.9944,1.35404392072844,0.220708447
140,WIH3.2021,-89.5448839,44.1156288,258,2021-09-15,140,16.39,22.92,9.35,8.87,26.1,20.55,33.77,9.09,1.13,0.02,0,6.43,7.24,63.9,0.39,0.43,0,1.59,-6.43,0.847636397,12.59,28.247,15.052,60.8066779,60.7832,8.92896854973301,12.2734604086869,28.2473401035841,0.847636397200263,0.117108065246333,8.7894271777719,-8.7894271777719,8.135,0.369772727272727,13.57,102.41965,1.54763368162262,0.554606467
141,WIH3.2021,-89.5448839,44.1156288,259,2021-09-16,141,18.73,26.1,11.18,11.14,27.6,19.25,28.06,8.64,1.07,0.02,0,7.15,8.47,63.56,0.38,0.41,0,3.9,-7.15,1.029918538,12.539,27.978,12.576,64.16796012,63.9404,8.40896607236618,12.2213984885536,27.9775086354292,1.02991853797524,0.134516392378269,8.41640193476539,-8.41640193476539,10.64,0.483636363636364,14.92,133.41496,1.17847744360902,0.461292045
142,WIH3.2021,-89.5448839,44.1156288,260,2021-09-17,142,17.75,24.42,11.08,11.9,28.59,13.79,11.25,6.43,0.83,0.02,0.01,5.36,8.95,69.56,0.38,0.4,0,3.23,-5.35,0.796473451,12.489,27.707,5.071,62.953851,63.234,6.05677616452091,12.1693030502132,27.7069326163077,0.796473451360666,0.128096103790487,5.98435762293254,-5.97435762293254,9.75,0.443181818181818,13.34,121.76775,1.28092307692308,0.362253521
143,WIH3.2021,-89.5448839,44.1156288,261,2021-09-18,143,15.98,23.82,7.86,9.92,25.86,20.46,33.25,9.05,1.12,0.02,0,5.4,7.76,69.54,0.37,0.4,0,2.27,-5.4,0.785785842,12.439,27.436,15.075,60.30094708,60.7512,9.03631125210288,12.1171820358681,27.4357021949821,0.785785841536002,0.115189998694427,8.72652009374381,-8.72652009374381,7.91,0.356363636363636,15.96,98.39249,1.57256637168142,0.566332916
144,WIH3.2021,-89.5448839,44.1156288,262,2021-09-19,144,21.24,29.25,12.57,15.71,31.02,18.49,27.21,8.49,1.04,0.02,0,6.5,11.65,71.84,0.37,0.4,0,2.9,-6.5,0.975126012,12.389,27.164,12.41,68.33750784,68.0956,8.21246514821531,12.0650433473256,27.1639084569545,0.975126012319405,0.152137864688014,8.22658642950177,-8.22658642950177,12.91,0.586818181818182,16.68,159.94199,0.959643687064291,0.399717514
145,WIH3.2021,-89.5448839,44.1156288,263,2021-09-20,145,22.89,27.44,15.08,18.74,33.83,7.96,3.12,3.86,0.53,0.01,12.94,5.17,13.92,78.59,0.37,0.43,0,4.34,7.77,0.524263086,12.339,26.892,1.432,71.41188849,70.8364,3.55584973990956,12.0128948584114,26.8916433671876,0.524263085601513,0.155021118158201,3.55045364674231,9.38954635325769,13.26,0.602727272727273,12.36,163.61514,0.930542986425339,0.168632591
146,WIH3.2021,-89.5448839,44.1156288,264,2021-09-21,146,15.16,19.45,11.69,10.04,28.59,14.4,12.91,6.46,0.85,0.02,2.35,3.35,7.82,73.15,0.39,0.52,0,4.12,-1,0.585720772,12.288,26.619,5.96,59.0977946,59.9744,6.47036784355302,11.9607444274117,26.618999710556,0.585720771676255,0.113457925445896,6.12590305831446,-3.77590305831446,7.57,0.344090909090909,7.76,93.02016,1.62324966974901,0.426121372
147,WIH3.2021,-89.5448839,44.1156288,265,2021-09-22,147,12.65,17.64,8.09,7.13,25.28,18,25.5,7.96,1,0.02,0.15,3.15,6.38,71.16,0.39,0.43,0,3.19,-3,0.537691684,12.238,26.346,11.845,55.2823426,56.4168,8.13612011166301,11.9085999095313,26.3460710301326,0.537691683514511,0.0972913582281165,7.44402630831535,-7.29402630831535,4.865,0.221136363636364,9.55,59.53787,2.51551901336074,0.629249012
148,WIH3.2021,-89.5448839,44.1156288,266,2021-09-23,148,12.74,19.41,6.41,6.68,25.25,19.34,33.35,8.58,1.06,0.02,0,3.75,6.27,69.26,0.38,0.41,0,3.1,-3.75,0.62803287,12.188,26.073,15.59,55.45070676,56.3448,8.79471252717786,11.8564691693551,26.0729515634218,0.628032870463673,0.097543317125536,8.00223454192718,-8.00223454192718,5.705,0.223181818181818,13,69.53254,2.13637160385627,0.673469388
149,WIH3.2021,-89.5448839,44.1156288,267,2021-09-24,149,14,24.52,7.96,8.78,27.61,14.28,17.86,6.53,0.83,0.02,3.77,4.45,7.27,74.53,0.38,0.44,0,3.76,-0.68,0.942949045,12.137,25.8,8.402,57.312068,58.3608,6.53364286278376,11.8043600932991,25.7997361766557,0.942949045258726,0.117797277177361,6.11369930184152,-2.34369930184152,8.26,0.374545454545454,16.56,100.25162,1.46937046004843,0.466428571
