Pedigree.Env,Pedigree
B14A/H95.DEH1.2020,B14A/H95
B14A/MO17.DEH1.2020,B14A/MO17
B14A/OH43.DEH1.2020,B14A/OH43
B37/H95.DEH1.2020,B37/H95
B37/MO17.DEH1.2020,B37/MO17
B37/OH43.DEH1.2020,B37/OH43
B73/MO17.DEH1.2020,B73/MO17
B73/PHM49.DEH1.2020,B73/PHM49
B73/PHN82.DEH1.2020,B73/PHN82
B73/TX779.DEH1.2020,B73/TX779
CG119/CG108.DEH1.2020,CG119/CG108
CG44/CGR01.DEH1.2020,CG44/CGR01
F42/H95.DEH1.2020,F42/H95
F42/MO17.DEH1.2020,F42/MO17
F42/OH43.DEH1.2020,F42/OH43
LH74/PHN82.DEH1.2020,LH74/PHN82
LH82/TX779.DEH1.2020,LH82/TX779
PB80/TX779.DEH1.2020,PB80/TX779
PHB47/PHN82.DEH1.2020,PHB47/PHN82
PHG39/PHN82.DEH1.2020,PHG39/PHN82
PHW52/PHM49.DEH1.2020,PHW52/PHM49
PHW52/PHN82.DEH1.2020,PHW52/PHN82
TX714/TX779.DEH1.2020,TX714/TX779
TX773/TX779.DEH1.2020,TX773/TX779
TX777/LH195.DEH1.2020,TX777/LH195
TX779/LH195.DEH1.2020,TX779/LH195
W10004_0006/PHK76.DEH1.2020,W10004_0006/PHK76
W10004_0006/PHZ51.DEH1.2020,W10004_0006/PHZ51
W10004_0007/PHK76.DEH1.2020,W10004_0007/PHK76
W10004_0007/PHP02.DEH1.2020,W10004_0007/PHP02
W10004_0007/PHZ51.DEH1.2020,W10004_0007/PHZ51
W10004_0008/PHK76.DEH1.2020,W10004_0008/PHK76
W10004_0008/PHP02.DEH1.2020,W10004_0008/PHP02
W10004_0008/PHZ51.DEH1.2020,W10004_0008/PHZ51
W10004_0010/PHK76.DEH1.2020,W10004_0010/PHK76
W10004_0010/PHP02.DEH1.2020,W10004_0010/PHP02
W10004_0010/PHZ51.DEH1.2020,W10004_0010/PHZ51
W10004_0011/PHK76.DEH1.2020,W10004_0011/PHK76
W10004_0011/PHP02.DEH1.2020,W10004_0011/PHP02
W10004_0011/PHZ51.DEH1.2020,W10004_0011/PHZ51
W10004_0013/PHK76.DEH1.2020,W10004_0013/PHK76
W10004_0013/PHP02.DEH1.2020,W10004_0013/PHP02
W10004_0013/PHZ51.DEH1.2020,W10004_0013/PHZ51
W10004_0014/PHK76.DEH1.2020,W10004_0014/PHK76
W10004_0014/PHP02.DEH1.2020,W10004_0014/PHP02
W10004_0014/PHZ51.DEH1.2020,W10004_0014/PHZ51
W10004_0018/PHK76.DEH1.2020,W10004_0018/PHK76
W10004_0018/PHP02.DEH1.2020,W10004_0018/PHP02
W10004_0018/PHZ51.DEH1.2020,W10004_0018/PHZ51
W10004_0019/PHZ51.DEH1.2020,W10004_0019/PHZ51
W10004_0026/PHK76.DEH1.2020,W10004_0026/PHK76
W10004_0026/PHP02.DEH1.2020,W10004_0026/PHP02
W10004_0026/PHZ51.DEH1.2020,W10004_0026/PHZ51
W10004_0027/PHK76.DEH1.2020,W10004_0027/PHK76
W10004_0027/PHP02.DEH1.2020,W10004_0027/PHP02
W10004_0027/PHZ51.DEH1.2020,W10004_0027/PHZ51
W10004_0031/PHK76.DEH1.2020,W10004_0031/PHK76
W10004_0031/PHP02.DEH1.2020,W10004_0031/PHP02
W10004_0031/PHZ51.DEH1.2020,W10004_0031/PHZ51
W10004_0032/PHK76.DEH1.2020,W10004_0032/PHK76
W10004_0032/PHP02.DEH1.2020,W10004_0032/PHP02
W10004_0032/PHZ51.DEH1.2020,W10004_0032/PHZ51
W10004_0034/PHK76.DEH1.2020,W10004_0034/PHK76
W10004_0034/PHP02.DEH1.2020,W10004_0034/PHP02
W10004_0034/PHZ51.DEH1.2020,W10004_0034/PHZ51
W10004_0035/PHK76.DEH1.2020,W10004_0035/PHK76
W10004_0035/PHP02.DEH1.2020,W10004_0035/PHP02
W10004_0035/PHZ51.DEH1.2020,W10004_0035/PHZ51
W10004_0037/PHK76.DEH1.2020,W10004_0037/PHK76
W10004_0037/PHP02.DEH1.2020,W10004_0037/PHP02
W10004_0037/PHZ51.DEH1.2020,W10004_0037/PHZ51
W10004_0038/PHK76.DEH1.2020,W10004_0038/PHK76
W10004_0038/PHP02.DEH1.2020,W10004_0038/PHP02
W10004_0038/PHZ51.DEH1.2020,W10004_0038/PHZ51
W10004_0039/PHK76.DEH1.2020,W10004_0039/PHK76
W10004_0039/PHP02.DEH1.2020,W10004_0039/PHP02
W10004_0039/PHZ51.DEH1.2020,W10004_0039/PHZ51
W10004_0041/PHK76.DEH1.2020,W10004_0041/PHK76
W10004_0041/PHP02.DEH1.2020,W10004_0041/PHP02
W10004_0041/PHZ51.DEH1.2020,W10004_0041/PHZ51
W10004_0042/PHK76.DEH1.2020,W10004_0042/PHK76
W10004_0042/PHP02.DEH1.2020,W10004_0042/PHP02
W10004_0042/PHZ51.DEH1.2020,W10004_0042/PHZ51
W10004_0045/PHK76.DEH1.2020,W10004_0045/PHK76
W10004_0045/PHP02.DEH1.2020,W10004_0045/PHP02
W10004_0045/PHZ51.DEH1.2020,W10004_0045/PHZ51
W10004_0046/PHK76.DEH1.2020,W10004_0046/PHK76
W10004_0046/PHP02.DEH1.2020,W10004_0046/PHP02
W10004_0046/PHZ51.DEH1.2020,W10004_0046/PHZ51
W10004_0047/PHK76.DEH1.2020,W10004_0047/PHK76
W10004_0047/PHP02.DEH1.2020,W10004_0047/PHP02
W10004_0047/PHZ51.DEH1.2020,W10004_0047/PHZ51
W10004_0053/PHK76.DEH1.2020,W10004_0053/PHK76
W10004_0053/PHP02.DEH1.2020,W10004_0053/PHP02
W10004_0053/PHZ51.DEH1.2020,W10004_0053/PHZ51
W10004_0055/PHK76.DEH1.2020,W10004_0055/PHK76
W10004_0055/PHP02.DEH1.2020,W10004_0055/PHP02
W10004_0055/PHZ51.DEH1.2020,W10004_0055/PHZ51
W10004_0059/PHK76.DEH1.2020,W10004_0059/PHK76
W10004_0059/PHP02.DEH1.2020,W10004_0059/PHP02
W10004_0059/PHZ51.DEH1.2020,W10004_0059/PHZ51
W10004_0061/PHK76.DEH1.2020,W10004_0061/PHK76
W10004_0061/PHP02.DEH1.2020,W10004_0061/PHP02
W10004_0061/PHZ51.DEH1.2020,W10004_0061/PHZ51
W10004_0062/PHK76.DEH1.2020,W10004_0062/PHK76
W10004_0062/PHP02.DEH1.2020,W10004_0062/PHP02
W10004_0062/PHZ51.DEH1.2020,W10004_0062/PHZ51
W10004_0063/PHK76.DEH1.2020,W10004_0063/PHK76
W10004_0063/PHP02.DEH1.2020,W10004_0063/PHP02
W10004_0063/PHZ51.DEH1.2020,W10004_0063/PHZ51
W10004_0064/PHK76.DEH1.2020,W10004_0064/PHK76
W10004_0064/PHP02.DEH1.2020,W10004_0064/PHP02
W10004_0064/PHZ51.DEH1.2020,W10004_0064/PHZ51
W10004_0065/PHK76.DEH1.2020,W10004_0065/PHK76
W10004_0065/PHP02.DEH1.2020,W10004_0065/PHP02
W10004_0065/PHZ51.DEH1.2020,W10004_0065/PHZ51
W10004_0068/PHK76.DEH1.2020,W10004_0068/PHK76
W10004_0068/PHP02.DEH1.2020,W10004_0068/PHP02
W10004_0068/PHZ51.DEH1.2020,W10004_0068/PHZ51
W10004_0069/PHK76.DEH1.2020,W10004_0069/PHK76
W10004_0069/PHP02.DEH1.2020,W10004_0069/PHP02
W10004_0069/PHZ51.DEH1.2020,W10004_0069/PHZ51
W10004_0070/PHK76.DEH1.2020,W10004_0070/PHK76
W10004_0070/PHP02.DEH1.2020,W10004_0070/PHP02
W10004_0070/PHZ51.DEH1.2020,W10004_0070/PHZ51
W10004_0071/PHK76.DEH1.2020,W10004_0071/PHK76
W10004_0071/PHP02.DEH1.2020,W10004_0071/PHP02
W10004_0071/PHZ51.DEH1.2020,W10004_0071/PHZ51
W10004_0072/PHK76.DEH1.2020,W10004_0072/PHK76
W10004_0072/PHP02.DEH1.2020,W10004_0072/PHP02
W10004_0072/PHZ51.DEH1.2020,W10004_0072/PHZ51
W10004_0073/PHK76.DEH1.2020,W10004_0073/PHK76
W10004_0073/PHP02.DEH1.2020,W10004_0073/PHP02
W10004_0073/PHZ51.DEH1.2020,W10004_0073/PHZ51
W10004_0076/PHK76.DEH1.2020,W10004_0076/PHK76
W10004_0076/PHP02.DEH1.2020,W10004_0076/PHP02
W10004_0076/PHZ51.DEH1.2020,W10004_0076/PHZ51
W10004_0078/PHK76.DEH1.2020,W10004_0078/PHK76
W10004_0078/PHP02.DEH1.2020,W10004_0078/PHP02
W10004_0078/PHZ51.DEH1.2020,W10004_0078/PHZ51
W10004_0079/PHK76.DEH1.2020,W10004_0079/PHK76
W10004_0079/PHP02.DEH1.2020,W10004_0079/PHP02
W10004_0079/PHZ51.DEH1.2020,W10004_0079/PHZ51
W10004_0080/PHK76.DEH1.2020,W10004_0080/PHK76
W10004_0080/PHP02.DEH1.2020,W10004_0080/PHP02
W10004_0080/PHZ51.DEH1.2020,W10004_0080/PHZ51
W10004_0086/PHK76.DEH1.2020,W10004_0086/PHK76
W10004_0086/PHP02.DEH1.2020,W10004_0086/PHP02
W10004_0086/PHZ51.DEH1.2020,W10004_0086/PHZ51
W10004_0087/PHK76.DEH1.2020,W10004_0087/PHK76
W10004_0087/PHP02.DEH1.2020,W10004_0087/PHP02
W10004_0087/PHZ51.DEH1.2020,W10004_0087/PHZ51
W10004_0092/PHK76.DEH1.2020,W10004_0092/PHK76
W10004_0092/PHP02.DEH1.2020,W10004_0092/PHP02
W10004_0092/PHZ51.DEH1.2020,W10004_0092/PHZ51
W10004_0093/PHK76.DEH1.2020,W10004_0093/PHK76
W10004_0093/PHP02.DEH1.2020,W10004_0093/PHP02
W10004_0093/PHZ51.DEH1.2020,W10004_0093/PHZ51
W10004_0095/PHK76.DEH1.2020,W10004_0095/PHK76
W10004_0095/PHP02.DEH1.2020,W10004_0095/PHP02
W10004_0095/PHZ51.DEH1.2020,W10004_0095/PHZ51
W10004_0097/PHK76.DEH1.2020,W10004_0097/PHK76
W10004_0097/PHP02.DEH1.2020,W10004_0097/PHP02
W10004_0097/PHZ51.DEH1.2020,W10004_0097/PHZ51
W10004_0098/PHK76.DEH1.2020,W10004_0098/PHK76
W10004_0098/PHP02.DEH1.2020,W10004_0098/PHP02
W10004_0098/PHZ51.DEH1.2020,W10004_0098/PHZ51
W10004_0099/PHK76.DEH1.2020,W10004_0099/PHK76
W10004_0099/PHP02.DEH1.2020,W10004_0099/PHP02
W10004_0099/PHZ51.DEH1.2020,W10004_0099/PHZ51
W10004_0101/PHK76.DEH1.2020,W10004_0101/PHK76
W10004_0101/PHP02.DEH1.2020,W10004_0101/PHP02
W10004_0101/PHZ51.DEH1.2020,W10004_0101/PHZ51
W10004_0103/PHK76.DEH1.2020,W10004_0103/PHK76
W10004_0103/PHP02.DEH1.2020,W10004_0103/PHP02
W10004_0103/PHZ51.DEH1.2020,W10004_0103/PHZ51
W10004_0106/PHK76.DEH1.2020,W10004_0106/PHK76
W10004_0106/PHP02.DEH1.2020,W10004_0106/PHP02
W10004_0106/PHZ51.DEH1.2020,W10004_0106/PHZ51
W10004_0110/PHK76.DEH1.2020,W10004_0110/PHK76
W10004_0110/PHP02.DEH1.2020,W10004_0110/PHP02
W10004_0110/PHZ51.DEH1.2020,W10004_0110/PHZ51
W10004_0112/PHK76.DEH1.2020,W10004_0112/PHK76
W10004_0112/PHP02.DEH1.2020,W10004_0112/PHP02
W10004_0112/PHZ51.DEH1.2020,W10004_0112/PHZ51
W10004_0115/PHK76.DEH1.2020,W10004_0115/PHK76
W10004_0115/PHP02.DEH1.2020,W10004_0115/PHP02
W10004_0115/PHZ51.DEH1.2020,W10004_0115/PHZ51
W10004_0116/PHK76.DEH1.2020,W10004_0116/PHK76
W10004_0116/PHP02.DEH1.2020,W10004_0116/PHP02
W10004_0116/PHZ51.DEH1.2020,W10004_0116/PHZ51
W10004_0118/PHK76.DEH1.2020,W10004_0118/PHK76
W10004_0118/PHP02.DEH1.2020,W10004_0118/PHP02
W10004_0118/PHZ51.DEH1.2020,W10004_0118/PHZ51
W10004_0119/PHK76.DEH1.2020,W10004_0119/PHK76
W10004_0119/PHP02.DEH1.2020,W10004_0119/PHP02
W10004_0119/PHZ51.DEH1.2020,W10004_0119/PHZ51
W10004_0121/PHK76.DEH1.2020,W10004_0121/PHK76
W10004_0121/PHP02.DEH1.2020,W10004_0121/PHP02
W10004_0121/PHZ51.DEH1.2020,W10004_0121/PHZ51
W10004_0122/PHK76.DEH1.2020,W10004_0122/PHK76
W10004_0122/PHP02.DEH1.2020,W10004_0122/PHP02
W10004_0122/PHZ51.DEH1.2020,W10004_0122/PHZ51
W10004_0127/PHK76.DEH1.2020,W10004_0127/PHK76
W10004_0127/PHP02.DEH1.2020,W10004_0127/PHP02
W10004_0127/PHZ51.DEH1.2020,W10004_0127/PHZ51
W10004_0129/PHK76.DEH1.2020,W10004_0129/PHK76
W10004_0129/PHP02.DEH1.2020,W10004_0129/PHP02
W10004_0129/PHZ51.DEH1.2020,W10004_0129/PHZ51
W10004_0132/PHK76.DEH1.2020,W10004_0132/PHK76
W10004_0132/PHP02.DEH1.2020,W10004_0132/PHP02
W10004_0132/PHZ51.DEH1.2020,W10004_0132/PHZ51
W10004_0133/PHK76.DEH1.2020,W10004_0133/PHK76
W10004_0133/PHP02.DEH1.2020,W10004_0133/PHP02
W10004_0133/PHZ51.DEH1.2020,W10004_0133/PHZ51
W10004_0134/PHK76.DEH1.2020,W10004_0134/PHK76
W10004_0134/PHZ51.DEH1.2020,W10004_0134/PHZ51
W10004_0138/PHK76.DEH1.2020,W10004_0138/PHK76
W10004_0138/PHP02.DEH1.2020,W10004_0138/PHP02
W10004_0138/PHZ51.DEH1.2020,W10004_0138/PHZ51
W10004_0140/PHK76.DEH1.2020,W10004_0140/PHK76
W10004_0140/PHP02.DEH1.2020,W10004_0140/PHP02
W10004_0140/PHZ51.DEH1.2020,W10004_0140/PHZ51
W10004_0144/PHK76.DEH1.2020,W10004_0144/PHK76
W10004_0144/PHP02.DEH1.2020,W10004_0144/PHP02
W10004_0144/PHZ51.DEH1.2020,W10004_0144/PHZ51
W10004_0146/PHK76.DEH1.2020,W10004_0146/PHK76
W10004_0146/PHP02.DEH1.2020,W10004_0146/PHP02
W10004_0146/PHZ51.DEH1.2020,W10004_0146/PHZ51
W10004_0147/PHK76.DEH1.2020,W10004_0147/PHK76
W10004_0147/PHP02.DEH1.2020,W10004_0147/PHP02
W10004_0147/PHZ51.DEH1.2020,W10004_0147/PHZ51
W10004_0148/PHK76.DEH1.2020,W10004_0148/PHK76
W10004_0148/PHP02.DEH1.2020,W10004_0148/PHP02
W10004_0148/PHZ51.DEH1.2020,W10004_0148/PHZ51
W10004_0149/PHK76.DEH1.2020,W10004_0149/PHK76
W10004_0149/PHP02.DEH1.2020,W10004_0149/PHP02
W10004_0149/PHZ51.DEH1.2020,W10004_0149/PHZ51
W10004_0150/PHK76.DEH1.2020,W10004_0150/PHK76
W10004_0150/PHP02.DEH1.2020,W10004_0150/PHP02
W10004_0150/PHZ51.DEH1.2020,W10004_0150/PHZ51
W10004_0152/PHK76.DEH1.2020,W10004_0152/PHK76
W10004_0152/PHP02.DEH1.2020,W10004_0152/PHP02
W10004_0152/PHZ51.DEH1.2020,W10004_0152/PHZ51
W10004_0153/PHK76.DEH1.2020,W10004_0153/PHK76
W10004_0153/PHP02.DEH1.2020,W10004_0153/PHP02
W10004_0153/PHZ51.DEH1.2020,W10004_0153/PHZ51
W10004_0154/PHK76.DEH1.2020,W10004_0154/PHK76
W10004_0154/PHP02.DEH1.2020,W10004_0154/PHP02
W10004_0154/PHZ51.DEH1.2020,W10004_0154/PHZ51
W10004_0160/PHK76.DEH1.2020,W10004_0160/PHK76
W10004_0160/PHP02.DEH1.2020,W10004_0160/PHP02
W10004_0160/PHZ51.DEH1.2020,W10004_0160/PHZ51
W10004_0161/PHK76.DEH1.2020,W10004_0161/PHK76
W10004_0161/PHP02.DEH1.2020,W10004_0161/PHP02
W10004_0161/PHZ51.DEH1.2020,W10004_0161/PHZ51
W10004_0166/PHK76.DEH1.2020,W10004_0166/PHK76
W10004_0166/PHP02.DEH1.2020,W10004_0166/PHP02
W10004_0166/PHZ51.DEH1.2020,W10004_0166/PHZ51
W10004_0167/PHK76.DEH1.2020,W10004_0167/PHK76
W10004_0167/PHP02.DEH1.2020,W10004_0167/PHP02
W10004_0167/PHZ51.DEH1.2020,W10004_0167/PHZ51
W10004_0168/PHK76.DEH1.2020,W10004_0168/PHK76
W10004_0168/PHP02.DEH1.2020,W10004_0168/PHP02
W10004_0168/PHZ51.DEH1.2020,W10004_0168/PHZ51
W10004_0169/PHK76.DEH1.2020,W10004_0169/PHK76
W10004_0169/PHP02.DEH1.2020,W10004_0169/PHP02
W10004_0169/PHZ51.DEH1.2020,W10004_0169/PHZ51
W10004_0171/PHK76.DEH1.2020,W10004_0171/PHK76
W10004_0171/PHP02.DEH1.2020,W10004_0171/PHP02
W10004_0171/PHZ51.DEH1.2020,W10004_0171/PHZ51
W10004_0178/PHK76.DEH1.2020,W10004_0178/PHK76
W10004_0178/PHP02.DEH1.2020,W10004_0178/PHP02
W10004_0178/PHZ51.DEH1.2020,W10004_0178/PHZ51
W10004_0179/PHK76.DEH1.2020,W10004_0179/PHK76
W10004_0179/PHP02.DEH1.2020,W10004_0179/PHP02
W10004_0179/PHZ51.DEH1.2020,W10004_0179/PHZ51
W10004_0185/PHK76.DEH1.2020,W10004_0185/PHK76
W10004_0185/PHP02.DEH1.2020,W10004_0185/PHP02
W10004_0185/PHZ51.DEH1.2020,W10004_0185/PHZ51
W10004_0189/PHK76.DEH1.2020,W10004_0189/PHK76
W10004_0189/PHP02.DEH1.2020,W10004_0189/PHP02
W10004_0189/PHZ51.DEH1.2020,W10004_0189/PHZ51
W10004_0190/PHK76.DEH1.2020,W10004_0190/PHK76
W10004_0190/PHP02.DEH1.2020,W10004_0190/PHP02
W10004_0190/PHZ51.DEH1.2020,W10004_0190/PHZ51
W10004_0192/PHK76.DEH1.2020,W10004_0192/PHK76
W10004_0192/PHP02.DEH1.2020,W10004_0192/PHP02
W10004_0192/PHZ51.DEH1.2020,W10004_0192/PHZ51
W10004_0194/PHK76.DEH1.2020,W10004_0194/PHK76
W10004_0194/PHP02.DEH1.2020,W10004_0194/PHP02
W10004_0194/PHZ51.DEH1.2020,W10004_0194/PHZ51
W10004_0196/PHK76.DEH1.2020,W10004_0196/PHK76
W10004_0196/PHP02.DEH1.2020,W10004_0196/PHP02
W10004_0196/PHZ51.DEH1.2020,W10004_0196/PHZ51
W10004_0197/PHK76.DEH1.2020,W10004_0197/PHK76
W10004_0197/PHP02.DEH1.2020,W10004_0197/PHP02
W10004_0197/PHZ51.DEH1.2020,W10004_0197/PHZ51
W10004_0199/PHK76.DEH1.2020,W10004_0199/PHK76
W10004_0199/PHP02.DEH1.2020,W10004_0199/PHP02
W10004_0199/PHZ51.DEH1.2020,W10004_0199/PHZ51
W10004_0200/PHK76.DEH1.2020,W10004_0200/PHK76
W10004_0200/PHP02.DEH1.2020,W10004_0200/PHP02
W10004_0200/PHZ51.DEH1.2020,W10004_0200/PHZ51
W10004_0203/PHK76.DEH1.2020,W10004_0203/PHK76
W10004_0203/PHP02.DEH1.2020,W10004_0203/PHP02
W10004_0203/PHZ51.DEH1.2020,W10004_0203/PHZ51
W10004_0204/PHK76.DEH1.2020,W10004_0204/PHK76
W10004_0204/PHP02.DEH1.2020,W10004_0204/PHP02
W10004_0204/PHZ51.DEH1.2020,W10004_0204/PHZ51
W10004_0206/PHK76.DEH1.2020,W10004_0206/PHK76
W10004_0206/PHP02.DEH1.2020,W10004_0206/PHP02
W10004_0206/PHZ51.DEH1.2020,W10004_0206/PHZ51
W10004_0212/PHK76.DEH1.2020,W10004_0212/PHK76
W10004_0212/PHP02.DEH1.2020,W10004_0212/PHP02
W10004_0212/PHZ51.DEH1.2020,W10004_0212/PHZ51
W10004_0213/PHK76.DEH1.2020,W10004_0213/PHK76
W10004_0213/PHP02.DEH1.2020,W10004_0213/PHP02
W10004_0213/PHZ51.DEH1.2020,W10004_0213/PHZ51
W10004_0217/PHK76.DEH1.2020,W10004_0217/PHK76
W10004_0217/PHP02.DEH1.2020,W10004_0217/PHP02
W10004_0217/PHZ51.DEH1.2020,W10004_0217/PHZ51
W10004_0220/PHK76.DEH1.2020,W10004_0220/PHK76
W10004_0220/PHP02.DEH1.2020,W10004_0220/PHP02
W10004_0220/PHZ51.DEH1.2020,W10004_0220/PHZ51
W10004_0221/PHK76.DEH1.2020,W10004_0221/PHK76
W10004_0221/PHP02.DEH1.2020,W10004_0221/PHP02
W10004_0221/PHZ51.DEH1.2020,W10004_0221/PHZ51
W10004_0223/PHK76.DEH1.2020,W10004_0223/PHK76
W10004_0223/PHP02.DEH1.2020,W10004_0223/PHP02
W10004_0223/PHZ51.DEH1.2020,W10004_0223/PHZ51
W10004_0224/PHK76.DEH1.2020,W10004_0224/PHK76
W10004_0224/PHP02.DEH1.2020,W10004_0224/PHP02
W10004_0224/PHZ51.DEH1.2020,W10004_0224/PHZ51
W10004_0225/PHK76.DEH1.2020,W10004_0225/PHK76
W10004_0225/PHP02.DEH1.2020,W10004_0225/PHP02
W10004_0225/PHZ51.DEH1.2020,W10004_0225/PHZ51
W10004_0227/PHK76.DEH1.2020,W10004_0227/PHK76
W10004_0227/PHP02.DEH1.2020,W10004_0227/PHP02
W10004_0227/PHZ51.DEH1.2020,W10004_0227/PHZ51
W10004_0231/PHK76.DEH1.2020,W10004_0231/PHK76
W10004_0231/PHP02.DEH1.2020,W10004_0231/PHP02
W10004_0231/PHZ51.DEH1.2020,W10004_0231/PHZ51
W10004_0236/PHK76.DEH1.2020,W10004_0236/PHK76
W10004_0236/PHP02.DEH1.2020,W10004_0236/PHP02
W10004_0236/PHZ51.DEH1.2020,W10004_0236/PHZ51
W10004_0238/PHK76.DEH1.2020,W10004_0238/PHK76
W10004_0238/PHP02.DEH1.2020,W10004_0238/PHP02
W10004_0238/PHZ51.DEH1.2020,W10004_0238/PHZ51
W10004_0241/PHK76.DEH1.2020,W10004_0241/PHK76
W10004_0241/PHP02.DEH1.2020,W10004_0241/PHP02
W10004_0241/PHZ51.DEH1.2020,W10004_0241/PHZ51
W10004_0242/PHK76.DEH1.2020,W10004_0242/PHK76
W10004_0242/PHP02.DEH1.2020,W10004_0242/PHP02
W10004_0242/PHZ51.DEH1.2020,W10004_0242/PHZ51
W10004_0253/PHK76.DEH1.2020,W10004_0253/PHK76
W10004_0253/PHP02.DEH1.2020,W10004_0253/PHP02
W10004_0253/PHZ51.DEH1.2020,W10004_0253/PHZ51
W10004_0254/PHK76.DEH1.2020,W10004_0254/PHK76
W10004_0254/PHP02.DEH1.2020,W10004_0254/PHP02
W10004_0254/PHZ51.DEH1.2020,W10004_0254/PHZ51
W10004_0256/PHK76.DEH1.2020,W10004_0256/PHK76
W10004_0256/PHP02.DEH1.2020,W10004_0256/PHP02
W10004_0256/PHZ51.DEH1.2020,W10004_0256/PHZ51
W10004_0258/PHK76.DEH1.2020,W10004_0258/PHK76
W10004_0258/PHP02.DEH1.2020,W10004_0258/PHP02
W10004_0258/PHZ51.DEH1.2020,W10004_0258/PHZ51
W10004_0261/PHK76.DEH1.2020,W10004_0261/PHK76
W10004_0261/PHP02.DEH1.2020,W10004_0261/PHP02
W10004_0261/PHZ51.DEH1.2020,W10004_0261/PHZ51
W10004_0262/PHK76.DEH1.2020,W10004_0262/PHK76
W10004_0262/PHP02.DEH1.2020,W10004_0262/PHP02
W10004_0262/PHZ51.DEH1.2020,W10004_0262/PHZ51
W10004_0264/PHK76.DEH1.2020,W10004_0264/PHK76
W10004_0264/PHP02.DEH1.2020,W10004_0264/PHP02
W10004_0264/PHZ51.DEH1.2020,W10004_0264/PHZ51
W10004_0268/PHK76.DEH1.2020,W10004_0268/PHK76
W10004_0268/PHP02.DEH1.2020,W10004_0268/PHP02
W10004_0268/PHZ51.DEH1.2020,W10004_0268/PHZ51
W10004_0270/PHK76.DEH1.2020,W10004_0270/PHK76
W10004_0270/PHP02.DEH1.2020,W10004_0270/PHP02
W10004_0270/PHZ51.DEH1.2020,W10004_0270/PHZ51
W10004_0271/PHK76.DEH1.2020,W10004_0271/PHK76
W10004_0271/PHP02.DEH1.2020,W10004_0271/PHP02
W10004_0271/PHZ51.DEH1.2020,W10004_0271/PHZ51
W10004_0276/PHK76.DEH1.2020,W10004_0276/PHK76
W10004_0276/PHP02.DEH1.2020,W10004_0276/PHP02
W10004_0276/PHZ51.DEH1.2020,W10004_0276/PHZ51
W10004_0290/PHK76.DEH1.2020,W10004_0290/PHK76
W10004_0290/PHP02.DEH1.2020,W10004_0290/PHP02
W10004_0290/PHZ51.DEH1.2020,W10004_0290/PHZ51
W10004_0291/PHK76.DEH1.2020,W10004_0291/PHK76
W10004_0291/PHP02.DEH1.2020,W10004_0291/PHP02
W10004_0291/PHZ51.DEH1.2020,W10004_0291/PHZ51
W10004_0292/PHK76.DEH1.2020,W10004_0292/PHK76
W10004_0292/PHP02.DEH1.2020,W10004_0292/PHP02
W10004_0292/PHZ51.DEH1.2020,W10004_0292/PHZ51
W10004_0299/PHK76.DEH1.2020,W10004_0299/PHK76
W10004_0299/PHP02.DEH1.2020,W10004_0299/PHP02
W10004_0299/PHZ51.DEH1.2020,W10004_0299/PHZ51
W10004_0306/PHK76.DEH1.2020,W10004_0306/PHK76
W10004_0306/PHP02.DEH1.2020,W10004_0306/PHP02
W10004_0306/PHZ51.DEH1.2020,W10004_0306/PHZ51
W10004_0308/PHK76.DEH1.2020,W10004_0308/PHK76
W10004_0308/PHP02.DEH1.2020,W10004_0308/PHP02
W10004_0308/PHZ51.DEH1.2020,W10004_0308/PHZ51
W10004_0309/PHK76.DEH1.2020,W10004_0309/PHK76
W10004_0309/PHP02.DEH1.2020,W10004_0309/PHP02
W10004_0309/PHZ51.DEH1.2020,W10004_0309/PHZ51
W10004_0310/PHK76.DEH1.2020,W10004_0310/PHK76
W10004_0310/PHP02.DEH1.2020,W10004_0310/PHP02
W10004_0310/PHZ51.DEH1.2020,W10004_0310/PHZ51
W10004_0311/PHK76.DEH1.2020,W10004_0311/PHK76
W10004_0311/PHP02.DEH1.2020,W10004_0311/PHP02
W10004_0311/PHZ51.DEH1.2020,W10004_0311/PHZ51
W10004_0327/PHK76.DEH1.2020,W10004_0327/PHK76
W10004_0327/PHP02.DEH1.2020,W10004_0327/PHP02
W10004_0327/PHZ51.DEH1.2020,W10004_0327/PHZ51
W10004_0329/PHK76.DEH1.2020,W10004_0329/PHK76
W10004_0329/PHP02.DEH1.2020,W10004_0329/PHP02
W10004_0329/PHZ51.DEH1.2020,W10004_0329/PHZ51
W10004_0336/PHK76.DEH1.2020,W10004_0336/PHK76
W10004_0336/PHP02.DEH1.2020,W10004_0336/PHP02
W10004_0336/PHZ51.DEH1.2020,W10004_0336/PHZ51
W10004_0344/PHK76.DEH1.2020,W10004_0344/PHK76
W10004_0344/PHP02.DEH1.2020,W10004_0344/PHP02
W10004_0344/PHZ51.DEH1.2020,W10004_0344/PHZ51
W10004_0346/PHK76.DEH1.2020,W10004_0346/PHK76
W10004_0346/PHP02.DEH1.2020,W10004_0346/PHP02
W10004_0346/PHZ51.DEH1.2020,W10004_0346/PHZ51
W10004_0361/PHK76.DEH1.2020,W10004_0361/PHK76
W10004_0361/PHP02.DEH1.2020,W10004_0361/PHP02
W10004_0361/PHZ51.DEH1.2020,W10004_0361/PHZ51
W10004_0362/PHK76.DEH1.2020,W10004_0362/PHK76
W10004_0362/PHP02.DEH1.2020,W10004_0362/PHP02
W10004_0362/PHZ51.DEH1.2020,W10004_0362/PHZ51
W10004_0380/PHK76.DEH1.2020,W10004_0380/PHK76
W10004_0380/PHP02.DEH1.2020,W10004_0380/PHP02
W10004_0380/PHZ51.DEH1.2020,W10004_0380/PHZ51
W10004_0381/PHK76.DEH1.2020,W10004_0381/PHK76
W10004_0381/PHP02.DEH1.2020,W10004_0381/PHP02
W10004_0381/PHZ51.DEH1.2020,W10004_0381/PHZ51
W10004_0383/PHK76.DEH1.2020,W10004_0383/PHK76
W10004_0383/PHP02.DEH1.2020,W10004_0383/PHP02
W10004_0383/PHZ51.DEH1.2020,W10004_0383/PHZ51
W10004_0389/PHK76.DEH1.2020,W10004_0389/PHK76
W10004_0389/PHP02.DEH1.2020,W10004_0389/PHP02
W10004_0389/PHZ51.DEH1.2020,W10004_0389/PHZ51
W10004_0393/PHK76.DEH1.2020,W10004_0393/PHK76
W10004_0393/PHP02.DEH1.2020,W10004_0393/PHP02
W10004_0393/PHZ51.DEH1.2020,W10004_0393/PHZ51
W10004_0394/PHK76.DEH1.2020,W10004_0394/PHK76
W10004_0394/PHP02.DEH1.2020,W10004_0394/PHP02
W10004_0394/PHZ51.DEH1.2020,W10004_0394/PHZ51
W10004_0395/PHK76.DEH1.2020,W10004_0395/PHK76
W10004_0395/PHP02.DEH1.2020,W10004_0395/PHP02
W10004_0395/PHZ51.DEH1.2020,W10004_0395/PHZ51
W10004_0396/PHK76.DEH1.2020,W10004_0396/PHK76
W10004_0396/PHP02.DEH1.2020,W10004_0396/PHP02
W10004_0396/PHZ51.DEH1.2020,W10004_0396/PHZ51
W10004_0403/PHK76.DEH1.2020,W10004_0403/PHK76
W10004_0403/PHP02.DEH1.2020,W10004_0403/PHP02
W10004_0403/PHZ51.DEH1.2020,W10004_0403/PHZ51
W10004_0409/PHK76.DEH1.2020,W10004_0409/PHK76
W10004_0409/PHP02.DEH1.2020,W10004_0409/PHP02
W10004_0409/PHZ51.DEH1.2020,W10004_0409/PHZ51
W10004_0410/PHK76.DEH1.2020,W10004_0410/PHK76
W10004_0410/PHP02.DEH1.2020,W10004_0410/PHP02
W10004_0410/PHZ51.DEH1.2020,W10004_0410/PHZ51
W10004_0412/PHK76.DEH1.2020,W10004_0412/PHK76
W10004_0412/PHP02.DEH1.2020,W10004_0412/PHP02
W10004_0412/PHZ51.DEH1.2020,W10004_0412/PHZ51
W10004_0417/PHK76.DEH1.2020,W10004_0417/PHK76
W10004_0417/PHP02.DEH1.2020,W10004_0417/PHP02
W10004_0417/PHZ51.DEH1.2020,W10004_0417/PHZ51
W10004_0419/PHK76.DEH1.2020,W10004_0419/PHK76
W10004_0419/PHP02.DEH1.2020,W10004_0419/PHP02
W10004_0419/PHZ51.DEH1.2020,W10004_0419/PHZ51
W10004_0424/PHK76.DEH1.2020,W10004_0424/PHK76
W10004_0424/PHP02.DEH1.2020,W10004_0424/PHP02
W10004_0424/PHZ51.DEH1.2020,W10004_0424/PHZ51
W10004_0427/PHK76.DEH1.2020,W10004_0427/PHK76
W10004_0427/PHP02.DEH1.2020,W10004_0427/PHP02
W10004_0427/PHZ51.DEH1.2020,W10004_0427/PHZ51
W10004_0430/PHK76.DEH1.2020,W10004_0430/PHK76
W10004_0430/PHP02.DEH1.2020,W10004_0430/PHP02
W10004_0430/PHZ51.DEH1.2020,W10004_0430/PHZ51
W10004_0465/PHK76.DEH1.2020,W10004_0465/PHK76
W10004_0465/PHP02.DEH1.2020,W10004_0465/PHP02
W10004_0465/PHZ51.DEH1.2020,W10004_0465/PHZ51
W10004_0467/PHK76.DEH1.2020,W10004_0467/PHK76
W10004_0467/PHP02.DEH1.2020,W10004_0467/PHP02
W10004_0467/PHZ51.DEH1.2020,W10004_0467/PHZ51
W10004_0474/PHK76.DEH1.2020,W10004_0474/PHK76
W10004_0474/PHP02.DEH1.2020,W10004_0474/PHP02
W10004_0474/PHZ51.DEH1.2020,W10004_0474/PHZ51
W10004_0476/PHK76.DEH1.2020,W10004_0476/PHK76
W10004_0476/PHP02.DEH1.2020,W10004_0476/PHP02
W10004_0476/PHZ51.DEH1.2020,W10004_0476/PHZ51
W10004_0487/PHK76.DEH1.2020,W10004_0487/PHK76
W10004_0487/PHP02.DEH1.2020,W10004_0487/PHP02
W10004_0487/PHZ51.DEH1.2020,W10004_0487/PHZ51
W10004_0498/PHK76.DEH1.2020,W10004_0498/PHK76
W10004_0498/PHP02.DEH1.2020,W10004_0498/PHP02
W10004_0498/PHZ51.DEH1.2020,W10004_0498/PHZ51
W10004_0501/PHK76.DEH1.2020,W10004_0501/PHK76
W10004_0501/PHP02.DEH1.2020,W10004_0501/PHP02
W10004_0501/PHZ51.DEH1.2020,W10004_0501/PHZ51
W10004_0505/PHK76.DEH1.2020,W10004_0505/PHK76
W10004_0505/PHP02.DEH1.2020,W10004_0505/PHP02
W10004_0505/PHZ51.DEH1.2020,W10004_0505/PHZ51
W10004_0601/PHK76.DEH1.2020,W10004_0601/PHK76
W10004_0601/PHP02.DEH1.2020,W10004_0601/PHP02
W10004_0601/PHZ51.DEH1.2020,W10004_0601/PHZ51
W10004_0602/PHK76.DEH1.2020,W10004_0602/PHK76
W10004_0602/PHP02.DEH1.2020,W10004_0602/PHP02
W10004_0602/PHZ51.DEH1.2020,W10004_0602/PHZ51
W10004_0608/PHK76.DEH1.2020,W10004_0608/PHK76
W10004_0608/PHP02.DEH1.2020,W10004_0608/PHP02
W10004_0608/PHZ51.DEH1.2020,W10004_0608/PHZ51
W10004_0612/PHK76.DEH1.2020,W10004_0612/PHK76
W10004_0612/PHP02.DEH1.2020,W10004_0612/PHP02
W10004_0612/PHZ51.DEH1.2020,W10004_0612/PHZ51
W10004_0614/PHK76.DEH1.2020,W10004_0614/PHK76
W10004_0614/PHP02.DEH1.2020,W10004_0614/PHP02
W10004_0614/PHZ51.DEH1.2020,W10004_0614/PHZ51
W10004_0616/PHK76.DEH1.2020,W10004_0616/PHK76
W10004_0616/PHP02.DEH1.2020,W10004_0616/PHP02
W10004_0616/PHZ51.DEH1.2020,W10004_0616/PHZ51
W10004_0618/PHK76.DEH1.2020,W10004_0618/PHK76
W10004_0618/PHP02.DEH1.2020,W10004_0618/PHP02
W10004_0618/PHZ51.DEH1.2020,W10004_0618/PHZ51
W10004_0619/PHK76.DEH1.2020,W10004_0619/PHK76
W10004_0619/PHP02.DEH1.2020,W10004_0619/PHP02
W10004_0619/PHZ51.DEH1.2020,W10004_0619/PHZ51
W10004_0620/PHK76.DEH1.2020,W10004_0620/PHK76
W10004_0620/PHP02.DEH1.2020,W10004_0620/PHP02
W10004_0620/PHZ51.DEH1.2020,W10004_0620/PHZ51
W10004_0622/PHK76.DEH1.2020,W10004_0622/PHK76
W10004_0622/PHP02.DEH1.2020,W10004_0622/PHP02
W10004_0622/PHZ51.DEH1.2020,W10004_0622/PHZ51
W10004_0624/PHK76.DEH1.2020,W10004_0624/PHK76
W10004_0624/PHP02.DEH1.2020,W10004_0624/PHP02
W10004_0624/PHZ51.DEH1.2020,W10004_0624/PHZ51
W10004_0625/PHK76.DEH1.2020,W10004_0625/PHK76
W10004_0625/PHP02.DEH1.2020,W10004_0625/PHP02
W10004_0625/PHZ51.DEH1.2020,W10004_0625/PHZ51
W10004_0626/PHK76.DEH1.2020,W10004_0626/PHK76
W10004_0626/PHP02.DEH1.2020,W10004_0626/PHP02
W10004_0626/PHZ51.DEH1.2020,W10004_0626/PHZ51
W10004_0628/PHK76.DEH1.2020,W10004_0628/PHK76
W10004_0628/PHP02.DEH1.2020,W10004_0628/PHP02
W10004_0628/PHZ51.DEH1.2020,W10004_0628/PHZ51
W10004_0631/PHK76.DEH1.2020,W10004_0631/PHK76
W10004_0631/PHP02.DEH1.2020,W10004_0631/PHP02
W10004_0631/PHZ51.DEH1.2020,W10004_0631/PHZ51
W10004_0632/PHK76.DEH1.2020,W10004_0632/PHK76
W10004_0632/PHP02.DEH1.2020,W10004_0632/PHP02
W10004_0632/PHZ51.DEH1.2020,W10004_0632/PHZ51
W10004_0636/PHK76.DEH1.2020,W10004_0636/PHK76
W10004_0636/PHP02.DEH1.2020,W10004_0636/PHP02
W10004_0636/PHZ51.DEH1.2020,W10004_0636/PHZ51
W10004_0637/PHK76.DEH1.2020,W10004_0637/PHK76
W10004_0637/PHP02.DEH1.2020,W10004_0637/PHP02
W10004_0637/PHZ51.DEH1.2020,W10004_0637/PHZ51
W10004_0639/PHK76.DEH1.2020,W10004_0639/PHK76
W10004_0639/PHP02.DEH1.2020,W10004_0639/PHP02
W10004_0639/PHZ51.DEH1.2020,W10004_0639/PHZ51
W10004_0644/PHK76.DEH1.2020,W10004_0644/PHK76
W10004_0644/PHP02.DEH1.2020,W10004_0644/PHP02
W10004_0644/PHZ51.DEH1.2020,W10004_0644/PHZ51
W10004_0645/PHK76.DEH1.2020,W10004_0645/PHK76
W10004_0645/PHP02.DEH1.2020,W10004_0645/PHP02
W10004_0645/PHZ51.DEH1.2020,W10004_0645/PHZ51
W10004_0646/PHK76.DEH1.2020,W10004_0646/PHK76
W10004_0646/PHP02.DEH1.2020,W10004_0646/PHP02
W10004_0649/PHK76.DEH1.2020,W10004_0649/PHK76
W10004_0649/PHP02.DEH1.2020,W10004_0649/PHP02
W10004_0649/PHZ51.DEH1.2020,W10004_0649/PHZ51
W10004_0650/PHK76.DEH1.2020,W10004_0650/PHK76
W10004_0650/PHP02.DEH1.2020,W10004_0650/PHP02
W10004_0650/PHZ51.DEH1.2020,W10004_0650/PHZ51
W10004_0651/PHK76.DEH1.2020,W10004_0651/PHK76
W10004_0651/PHP02.DEH1.2020,W10004_0651/PHP02
W10004_0651/PHZ51.DEH1.2020,W10004_0651/PHZ51
W10004_0654/PHK76.DEH1.2020,W10004_0654/PHK76
W10004_0654/PHP02.DEH1.2020,W10004_0654/PHP02
W10004_0654/PHZ51.DEH1.2020,W10004_0654/PHZ51
W10004_0658/PHK76.DEH1.2020,W10004_0658/PHK76
W10004_0658/PHP02.DEH1.2020,W10004_0658/PHP02
W10004_0658/PHZ51.DEH1.2020,W10004_0658/PHZ51
W10004_0659/PHK76.DEH1.2020,W10004_0659/PHK76
W10004_0659/PHP02.DEH1.2020,W10004_0659/PHP02
W10004_0659/PHZ51.DEH1.2020,W10004_0659/PHZ51
W10004_0661/PHK76.DEH1.2020,W10004_0661/PHK76
W10004_0661/PHP02.DEH1.2020,W10004_0661/PHP02
W10004_0661/PHZ51.DEH1.2020,W10004_0661/PHZ51
W10004_0664/PHK76.DEH1.2020,W10004_0664/PHK76
W10004_0664/PHP02.DEH1.2020,W10004_0664/PHP02
W10004_0664/PHZ51.DEH1.2020,W10004_0664/PHZ51
W10004_0667/PHK76.DEH1.2020,W10004_0667/PHK76
W10004_0667/PHP02.DEH1.2020,W10004_0667/PHP02
W10004_0667/PHZ51.DEH1.2020,W10004_0667/PHZ51
W10004_0669/PHK76.DEH1.2020,W10004_0669/PHK76
W10004_0669/PHP02.DEH1.2020,W10004_0669/PHP02
W10004_0669/PHZ51.DEH1.2020,W10004_0669/PHZ51
W10004_0672/PHK76.DEH1.2020,W10004_0672/PHK76
W10004_0672/PHP02.DEH1.2020,W10004_0672/PHP02
W10004_0672/PHZ51.DEH1.2020,W10004_0672/PHZ51
W10004_0673/PHK76.DEH1.2020,W10004_0673/PHK76
W10004_0673/PHP02.DEH1.2020,W10004_0673/PHP02
W10004_0673/PHZ51.DEH1.2020,W10004_0673/PHZ51
W10004_0674/PHK76.DEH1.2020,W10004_0674/PHK76
W10004_0674/PHP02.DEH1.2020,W10004_0674/PHP02
W10004_0674/PHZ51.DEH1.2020,W10004_0674/PHZ51
W10004_0675/PHK76.DEH1.2020,W10004_0675/PHK76
W10004_0675/PHP02.DEH1.2020,W10004_0675/PHP02
W10004_0675/PHZ51.DEH1.2020,W10004_0675/PHZ51
W10004_0678/PHK76.DEH1.2020,W10004_0678/PHK76
W10004_0678/PHP02.DEH1.2020,W10004_0678/PHP02
W10004_0678/PHZ51.DEH1.2020,W10004_0678/PHZ51
W10004_0680/PHK76.DEH1.2020,W10004_0680/PHK76
W10004_0680/PHP02.DEH1.2020,W10004_0680/PHP02
W10004_0680/PHZ51.DEH1.2020,W10004_0680/PHZ51
W10004_0682/PHK76.DEH1.2020,W10004_0682/PHK76
W10004_0682/PHP02.DEH1.2020,W10004_0682/PHP02
W10004_0682/PHZ51.DEH1.2020,W10004_0682/PHZ51
W10004_0684/PHK76.DEH1.2020,W10004_0684/PHK76
W10004_0684/PHP02.DEH1.2020,W10004_0684/PHP02
W10004_0684/PHZ51.DEH1.2020,W10004_0684/PHZ51
W10004_0685/PHK76.DEH1.2020,W10004_0685/PHK76
W10004_0685/PHP02.DEH1.2020,W10004_0685/PHP02
W10004_0685/PHZ51.DEH1.2020,W10004_0685/PHZ51
W10004_0687/PHK76.DEH1.2020,W10004_0687/PHK76
W10004_0687/PHP02.DEH1.2020,W10004_0687/PHP02
W10004_0687/PHZ51.DEH1.2020,W10004_0687/PHZ51
W10004_0688/PHK76.DEH1.2020,W10004_0688/PHK76
W10004_0688/PHP02.DEH1.2020,W10004_0688/PHP02
W10004_0688/PHZ51.DEH1.2020,W10004_0688/PHZ51
W10004_0689/PHK76.DEH1.2020,W10004_0689/PHK76
W10004_0689/PHP02.DEH1.2020,W10004_0689/PHP02
W10004_0689/PHZ51.DEH1.2020,W10004_0689/PHZ51
W10004_0691/PHK76.DEH1.2020,W10004_0691/PHK76
W10004_0691/PHP02.DEH1.2020,W10004_0691/PHP02
W10004_0691/PHZ51.DEH1.2020,W10004_0691/PHZ51
W10004_0695/PHK76.DEH1.2020,W10004_0695/PHK76
W10004_0695/PHP02.DEH1.2020,W10004_0695/PHP02
W10004_0695/PHZ51.DEH1.2020,W10004_0695/PHZ51
W10004_0696/PHK76.DEH1.2020,W10004_0696/PHK76
W10004_0696/PHP02.DEH1.2020,W10004_0696/PHP02
W10004_0696/PHZ51.DEH1.2020,W10004_0696/PHZ51
W10004_0697/PHK76.DEH1.2020,W10004_0697/PHK76
W10004_0697/PHP02.DEH1.2020,W10004_0697/PHP02
W10004_0697/PHZ51.DEH1.2020,W10004_0697/PHZ51
W10004_0701/PHK76.DEH1.2020,W10004_0701/PHK76
W10004_0701/PHP02.DEH1.2020,W10004_0701/PHP02
W10004_0701/PHZ51.DEH1.2020,W10004_0701/PHZ51
W10004_0702/PHK76.DEH1.2020,W10004_0702/PHK76
W10004_0702/PHP02.DEH1.2020,W10004_0702/PHP02
W10004_0702/PHZ51.DEH1.2020,W10004_0702/PHZ51
W10004_0703/PHK76.DEH1.2020,W10004_0703/PHK76
W10004_0703/PHP02.DEH1.2020,W10004_0703/PHP02
W10004_0703/PHZ51.DEH1.2020,W10004_0703/PHZ51
W10004_0704/PHK76.DEH1.2020,W10004_0704/PHK76
W10004_0704/PHP02.DEH1.2020,W10004_0704/PHP02
W10004_0704/PHZ51.DEH1.2020,W10004_0704/PHZ51
W10004_0705/PHK76.DEH1.2020,W10004_0705/PHK76
W10004_0705/PHP02.DEH1.2020,W10004_0705/PHP02
W10004_0705/PHZ51.DEH1.2020,W10004_0705/PHZ51
W10004_0707/PHK76.DEH1.2020,W10004_0707/PHK76
W10004_0707/PHP02.DEH1.2020,W10004_0707/PHP02
W10004_0711/PHK76.DEH1.2020,W10004_0711/PHK76
W10004_0711/PHP02.DEH1.2020,W10004_0711/PHP02
W10004_0711/PHZ51.DEH1.2020,W10004_0711/PHZ51
W10004_0712/PHK76.DEH1.2020,W10004_0712/PHK76
W10004_0712/PHP02.DEH1.2020,W10004_0712/PHP02
W10004_0712/PHZ51.DEH1.2020,W10004_0712/PHZ51
W10004_0713/PHK76.DEH1.2020,W10004_0713/PHK76
W10004_0713/PHP02.DEH1.2020,W10004_0713/PHP02
W10004_0713/PHZ51.DEH1.2020,W10004_0713/PHZ51
W10004_0714/PHK76.DEH1.2020,W10004_0714/PHK76
W10004_0714/PHP02.DEH1.2020,W10004_0714/PHP02
W10004_0714/PHZ51.DEH1.2020,W10004_0714/PHZ51
W10004_0715/PHK76.DEH1.2020,W10004_0715/PHK76
W10004_0715/PHP02.DEH1.2020,W10004_0715/PHP02
W10004_0715/PHZ51.DEH1.2020,W10004_0715/PHZ51
W10004_0717/PHK76.DEH1.2020,W10004_0717/PHK76
W10004_0717/PHP02.DEH1.2020,W10004_0717/PHP02
W10004_0717/PHZ51.DEH1.2020,W10004_0717/PHZ51
W10004_0723/PHP02.DEH1.2020,W10004_0723/PHP02
W10004_0723/PHZ51.DEH1.2020,W10004_0723/PHZ51
W10004_0727/PHK76.DEH1.2020,W10004_0727/PHK76
W10004_0727/PHP02.DEH1.2020,W10004_0727/PHP02
W10004_0727/PHZ51.DEH1.2020,W10004_0727/PHZ51
W10004_0729/PHK76.DEH1.2020,W10004_0729/PHK76
W10004_0729/PHP02.DEH1.2020,W10004_0729/PHP02
W10004_0729/PHZ51.DEH1.2020,W10004_0729/PHZ51
W10004_0732/PHK76.DEH1.2020,W10004_0732/PHK76
W10004_0732/PHP02.DEH1.2020,W10004_0732/PHP02
W10004_0733/PHK76.DEH1.2020,W10004_0733/PHK76
W10004_0733/PHP02.DEH1.2020,W10004_0733/PHP02
W10004_0733/PHZ51.DEH1.2020,W10004_0733/PHZ51
W10004_0734/PHK76.DEH1.2020,W10004_0734/PHK76
W10004_0734/PHP02.DEH1.2020,W10004_0734/PHP02
W10004_0734/PHZ51.DEH1.2020,W10004_0734/PHZ51
W10004_0736/PHK76.DEH1.2020,W10004_0736/PHK76
W10004_0736/PHP02.DEH1.2020,W10004_0736/PHP02
W10004_0736/PHZ51.DEH1.2020,W10004_0736/PHZ51
W10004_0741/PHK76.DEH1.2020,W10004_0741/PHK76
W10004_0741/PHP02.DEH1.2020,W10004_0741/PHP02
W10004_0741/PHZ51.DEH1.2020,W10004_0741/PHZ51
W10004_0745/PHK76.DEH1.2020,W10004_0745/PHK76
W10004_0745/PHP02.DEH1.2020,W10004_0745/PHP02
W10004_0745/PHZ51.DEH1.2020,W10004_0745/PHZ51
W10004_0746/PHK76.DEH1.2020,W10004_0746/PHK76
W10004_0746/PHP02.DEH1.2020,W10004_0746/PHP02
W10004_0746/PHZ51.DEH1.2020,W10004_0746/PHZ51
W10004_0747/PHK76.DEH1.2020,W10004_0747/PHK76
W10004_0747/PHP02.DEH1.2020,W10004_0747/PHP02
W10004_0747/PHZ51.DEH1.2020,W10004_0747/PHZ51
W10004_0751/PHK76.DEH1.2020,W10004_0751/PHK76
W10004_0751/PHP02.DEH1.2020,W10004_0751/PHP02
W10004_0751/PHZ51.DEH1.2020,W10004_0751/PHZ51
W10004_0754/PHK76.DEH1.2020,W10004_0754/PHK76
W10004_0754/PHP02.DEH1.2020,W10004_0754/PHP02
W10004_0754/PHZ51.DEH1.2020,W10004_0754/PHZ51
W10004_0756/PHK76.DEH1.2020,W10004_0756/PHK76
W10004_0756/PHP02.DEH1.2020,W10004_0756/PHP02
W10004_0756/PHZ51.DEH1.2020,W10004_0756/PHZ51
W10004_0757/PHK76.DEH1.2020,W10004_0757/PHK76
W10004_0757/PHP02.DEH1.2020,W10004_0757/PHP02
W10004_0757/PHZ51.DEH1.2020,W10004_0757/PHZ51
W10004_0760/PHK76.DEH1.2020,W10004_0760/PHK76
W10004_0760/PHP02.DEH1.2020,W10004_0760/PHP02
W10004_0760/PHZ51.DEH1.2020,W10004_0760/PHZ51
W10004_0768/PHK76.DEH1.2020,W10004_0768/PHK76
W10004_0768/PHP02.DEH1.2020,W10004_0768/PHP02
W10004_0768/PHZ51.DEH1.2020,W10004_0768/PHZ51
W10004_0771/PHK76.DEH1.2020,W10004_0771/PHK76
W10004_0771/PHP02.DEH1.2020,W10004_0771/PHP02
W10004_0771/PHZ51.DEH1.2020,W10004_0771/PHZ51
W10004_0773/PHK76.DEH1.2020,W10004_0773/PHK76
W10004_0773/PHP02.DEH1.2020,W10004_0773/PHP02
W10004_0773/PHZ51.DEH1.2020,W10004_0773/PHZ51
W10004_0774/PHK76.DEH1.2020,W10004_0774/PHK76
W10004_0774/PHP02.DEH1.2020,W10004_0774/PHP02
W10004_0774/PHZ51.DEH1.2020,W10004_0774/PHZ51
W10004_0775/PHK76.DEH1.2020,W10004_0775/PHK76
W10004_0775/PHP02.DEH1.2020,W10004_0775/PHP02
W10004_0775/PHZ51.DEH1.2020,W10004_0775/PHZ51
W10004_0776/PHK76.DEH1.2020,W10004_0776/PHK76
W10004_0776/PHP02.DEH1.2020,W10004_0776/PHP02
W10004_0776/PHZ51.DEH1.2020,W10004_0776/PHZ51
W10004_0779/PHK76.DEH1.2020,W10004_0779/PHK76
W10004_0779/PHP02.DEH1.2020,W10004_0779/PHP02
W10004_0779/PHZ51.DEH1.2020,W10004_0779/PHZ51
W10004_0781/PHK76.DEH1.2020,W10004_0781/PHK76
W10004_0781/PHP02.DEH1.2020,W10004_0781/PHP02
W10004_0781/PHZ51.DEH1.2020,W10004_0781/PHZ51
W10004_0782/PHK76.DEH1.2020,W10004_0782/PHK76
W10004_0782/PHP02.DEH1.2020,W10004_0782/PHP02
W10004_0782/PHZ51.DEH1.2020,W10004_0782/PHZ51
W10004_0783/PHK76.DEH1.2020,W10004_0783/PHK76
W10004_0783/PHP02.DEH1.2020,W10004_0783/PHP02
W10004_0783/PHZ51.DEH1.2020,W10004_0783/PHZ51
W10004_0784/PHK76.DEH1.2020,W10004_0784/PHK76
W10004_0784/PHP02.DEH1.2020,W10004_0784/PHP02
W10004_0784/PHZ51.DEH1.2020,W10004_0784/PHZ51
W10004_0787/PHK76.DEH1.2020,W10004_0787/PHK76
W10004_0787/PHP02.DEH1.2020,W10004_0787/PHP02
W10004_0787/PHZ51.DEH1.2020,W10004_0787/PHZ51
W10004_0789/PHK76.DEH1.2020,W10004_0789/PHK76
W10004_0789/PHP02.DEH1.2020,W10004_0789/PHP02
W10004_0789/PHZ51.DEH1.2020,W10004_0789/PHZ51
W10004_0792/PHK76.DEH1.2020,W10004_0792/PHK76
W10004_0792/PHP02.DEH1.2020,W10004_0792/PHP02
W10004_0794/PHK76.DEH1.2020,W10004_0794/PHK76
W10004_0794/PHP02.DEH1.2020,W10004_0794/PHP02
W10004_0794/PHZ51.DEH1.2020,W10004_0794/PHZ51
W10004_0795/PHK76.DEH1.2020,W10004_0795/PHK76
W10004_0795/PHP02.DEH1.2020,W10004_0795/PHP02
W10004_0795/PHZ51.DEH1.2020,W10004_0795/PHZ51
W10004_0798/PHK76.DEH1.2020,W10004_0798/PHK76
W10004_0798/PHP02.DEH1.2020,W10004_0798/PHP02
W10004_0798/PHZ51.DEH1.2020,W10004_0798/PHZ51
W10004_0799/PHK76.DEH1.2020,W10004_0799/PHK76
W10004_0799/PHP02.DEH1.2020,W10004_0799/PHP02
W10004_0799/PHZ51.DEH1.2020,W10004_0799/PHZ51
W10004_0800/PHK76.DEH1.2020,W10004_0800/PHK76
W10004_0800/PHP02.DEH1.2020,W10004_0800/PHP02
W10004_0800/PHZ51.DEH1.2020,W10004_0800/PHZ51
W10004_0801/PHK76.DEH1.2020,W10004_0801/PHK76
W10004_0801/PHP02.DEH1.2020,W10004_0801/PHP02
W10004_0801/PHZ51.DEH1.2020,W10004_0801/PHZ51
W10004_0802/PHK76.DEH1.2020,W10004_0802/PHK76
W10004_0802/PHP02.DEH1.2020,W10004_0802/PHP02
W10004_0802/PHZ51.DEH1.2020,W10004_0802/PHZ51
W10004_0803/PHK76.DEH1.2020,W10004_0803/PHK76
W10004_0803/PHP02.DEH1.2020,W10004_0803/PHP02
W10004_0803/PHZ51.DEH1.2020,W10004_0803/PHZ51
W10004_0806/PHK76.DEH1.2020,W10004_0806/PHK76
W10004_0806/PHP02.DEH1.2020,W10004_0806/PHP02
W10004_0806/PHZ51.DEH1.2020,W10004_0806/PHZ51
W10004_0807/PHK76.DEH1.2020,W10004_0807/PHK76
W10004_0807/PHP02.DEH1.2020,W10004_0807/PHP02
W10004_0807/PHZ51.DEH1.2020,W10004_0807/PHZ51
W10004_0812/PHK76.DEH1.2020,W10004_0812/PHK76
W10004_0812/PHP02.DEH1.2020,W10004_0812/PHP02
W10004_0812/PHZ51.DEH1.2020,W10004_0812/PHZ51
W10004_0814/PHK76.DEH1.2020,W10004_0814/PHK76
W10004_0814/PHP02.DEH1.2020,W10004_0814/PHP02
W10004_0814/PHZ51.DEH1.2020,W10004_0814/PHZ51
W10004_0815/PHK76.DEH1.2020,W10004_0815/PHK76
W10004_0815/PHP02.DEH1.2020,W10004_0815/PHP02
W10004_0815/PHZ51.DEH1.2020,W10004_0815/PHZ51
W10004_0818/PHK76.DEH1.2020,W10004_0818/PHK76
W10004_0818/PHP02.DEH1.2020,W10004_0818/PHP02
W10004_0818/PHZ51.DEH1.2020,W10004_0818/PHZ51
W10004_0819/PHK76.DEH1.2020,W10004_0819/PHK76
W10004_0819/PHP02.DEH1.2020,W10004_0819/PHP02
W10004_0819/PHZ51.DEH1.2020,W10004_0819/PHZ51
W10004_0820/PHK76.DEH1.2020,W10004_0820/PHK76
W10004_0820/PHP02.DEH1.2020,W10004_0820/PHP02
W10004_0820/PHZ51.DEH1.2020,W10004_0820/PHZ51
W10004_0822/PHK76.DEH1.2020,W10004_0822/PHK76
W10004_0822/PHP02.DEH1.2020,W10004_0822/PHP02
W10004_0822/PHZ51.DEH1.2020,W10004_0822/PHZ51
W10004_0823/PHK76.DEH1.2020,W10004_0823/PHK76
W10004_0823/PHP02.DEH1.2020,W10004_0823/PHP02
W10004_0823/PHZ51.DEH1.2020,W10004_0823/PHZ51
W10004_0826/PHK76.DEH1.2020,W10004_0826/PHK76
W10004_0826/PHP02.DEH1.2020,W10004_0826/PHP02
W10004_0826/PHZ51.DEH1.2020,W10004_0826/PHZ51
W10004_0827/PHK76.DEH1.2020,W10004_0827/PHK76
W10004_0827/PHP02.DEH1.2020,W10004_0827/PHP02
W10004_0827/PHZ51.DEH1.2020,W10004_0827/PHZ51
W10004_0828/PHK76.DEH1.2020,W10004_0828/PHK76
W10004_0828/PHP02.DEH1.2020,W10004_0828/PHP02
W10004_0828/PHZ51.DEH1.2020,W10004_0828/PHZ51
W10004_0830/PHK76.DEH1.2020,W10004_0830/PHK76
W10004_0830/PHP02.DEH1.2020,W10004_0830/PHP02
W10004_0830/PHZ51.DEH1.2020,W10004_0830/PHZ51
W10004_0832/PHK76.DEH1.2020,W10004_0832/PHK76
W10004_0832/PHP02.DEH1.2020,W10004_0832/PHP02
W10004_0832/PHZ51.DEH1.2020,W10004_0832/PHZ51
W10004_0833/PHK76.DEH1.2020,W10004_0833/PHK76
W10004_0833/PHP02.DEH1.2020,W10004_0833/PHP02
W10004_0833/PHZ51.DEH1.2020,W10004_0833/PHZ51
W10004_0834/PHK76.DEH1.2020,W10004_0834/PHK76
W10004_0834/PHP02.DEH1.2020,W10004_0834/PHP02
W10004_0834/PHZ51.DEH1.2020,W10004_0834/PHZ51
W10004_0836/PHK76.DEH1.2020,W10004_0836/PHK76
W10004_0836/PHP02.DEH1.2020,W10004_0836/PHP02
W10004_0836/PHZ51.DEH1.2020,W10004_0836/PHZ51
W10004_0837/PHK76.DEH1.2020,W10004_0837/PHK76
W10004_0837/PHP02.DEH1.2020,W10004_0837/PHP02
W10004_0837/PHZ51.DEH1.2020,W10004_0837/PHZ51
W10004_0840/PHK76.DEH1.2020,W10004_0840/PHK76
W10004_0840/PHP02.DEH1.2020,W10004_0840/PHP02
W10004_0840/PHZ51.DEH1.2020,W10004_0840/PHZ51
W10004_0842/PHK76.DEH1.2020,W10004_0842/PHK76
W10004_0842/PHP02.DEH1.2020,W10004_0842/PHP02
W10004_0842/PHZ51.DEH1.2020,W10004_0842/PHZ51
W10004_0843/PHK76.DEH1.2020,W10004_0843/PHK76
W10004_0843/PHP02.DEH1.2020,W10004_0843/PHP02
W10004_0843/PHZ51.DEH1.2020,W10004_0843/PHZ51
W10004_0844/PHK76.DEH1.2020,W10004_0844/PHK76
W10004_0844/PHP02.DEH1.2020,W10004_0844/PHP02
W10004_0844/PHZ51.DEH1.2020,W10004_0844/PHZ51
W10004_0847/PHK76.DEH1.2020,W10004_0847/PHK76
W10004_0847/PHP02.DEH1.2020,W10004_0847/PHP02
W10004_0847/PHZ51.DEH1.2020,W10004_0847/PHZ51
W10004_0848/PHK76.DEH1.2020,W10004_0848/PHK76
W10004_0848/PHP02.DEH1.2020,W10004_0848/PHP02
W10004_0848/PHZ51.DEH1.2020,W10004_0848/PHZ51
W10004_0851/PHK76.DEH1.2020,W10004_0851/PHK76
W10004_0851/PHP02.DEH1.2020,W10004_0851/PHP02
W10004_0851/PHZ51.DEH1.2020,W10004_0851/PHZ51
W10004_0852/PHK76.DEH1.2020,W10004_0852/PHK76
W10004_0852/PHP02.DEH1.2020,W10004_0852/PHP02
W10004_0852/PHZ51.DEH1.2020,W10004_0852/PHZ51
W10004_0856/PHK76.DEH1.2020,W10004_0856/PHK76
W10004_0856/PHP02.DEH1.2020,W10004_0856/PHP02
W10004_0856/PHZ51.DEH1.2020,W10004_0856/PHZ51
W10004_0858/PHK76.DEH1.2020,W10004_0858/PHK76
W10004_0858/PHP02.DEH1.2020,W10004_0858/PHP02
W10004_0858/PHZ51.DEH1.2020,W10004_0858/PHZ51
W10004_0859/PHK76.DEH1.2020,W10004_0859/PHK76
W10004_0859/PHP02.DEH1.2020,W10004_0859/PHP02
W10004_0859/PHZ51.DEH1.2020,W10004_0859/PHZ51
W10004_0866/PHK76.DEH1.2020,W10004_0866/PHK76
W10004_0866/PHP02.DEH1.2020,W10004_0866/PHP02
W10004_0866/PHZ51.DEH1.2020,W10004_0866/PHZ51
W10004_0868/PHK76.DEH1.2020,W10004_0868/PHK76
W10004_0868/PHP02.DEH1.2020,W10004_0868/PHP02
W10004_0868/PHZ51.DEH1.2020,W10004_0868/PHZ51
W10004_0869/PHK76.DEH1.2020,W10004_0869/PHK76
W10004_0869/PHP02.DEH1.2020,W10004_0869/PHP02
W10004_0869/PHZ51.DEH1.2020,W10004_0869/PHZ51
W10004_0876/PHK76.DEH1.2020,W10004_0876/PHK76
W10004_0876/PHP02.DEH1.2020,W10004_0876/PHP02
W10004_0876/PHZ51.DEH1.2020,W10004_0876/PHZ51
W10004_0877/PHK76.DEH1.2020,W10004_0877/PHK76
W10004_0877/PHP02.DEH1.2020,W10004_0877/PHP02
W10004_0877/PHZ51.DEH1.2020,W10004_0877/PHZ51
W10004_0879/PHK76.DEH1.2020,W10004_0879/PHK76
W10004_0879/PHP02.DEH1.2020,W10004_0879/PHP02
W10004_0879/PHZ51.DEH1.2020,W10004_0879/PHZ51
W10004_0884/PHK76.DEH1.2020,W10004_0884/PHK76
W10004_0884/PHP02.DEH1.2020,W10004_0884/PHP02
W10004_0884/PHZ51.DEH1.2020,W10004_0884/PHZ51
W10004_0885/PHP02.DEH1.2020,W10004_0885/PHP02
W10004_0886/PHP02.DEH1.2020,W10004_0886/PHP02
W10004_0886/PHZ51.DEH1.2020,W10004_0886/PHZ51
W10004_0888/PHK76.DEH1.2020,W10004_0888/PHK76
W10004_0888/PHP02.DEH1.2020,W10004_0888/PHP02
W10004_0888/PHZ51.DEH1.2020,W10004_0888/PHZ51
W10004_0889/PHK76.DEH1.2020,W10004_0889/PHK76
W10004_0889/PHP02.DEH1.2020,W10004_0889/PHP02
W10004_0889/PHZ51.DEH1.2020,W10004_0889/PHZ51
W10004_0891/PHK76.DEH1.2020,W10004_0891/PHK76
W10004_0891/PHP02.DEH1.2020,W10004_0891/PHP02
W10004_0891/PHZ51.DEH1.2020,W10004_0891/PHZ51
W10004_0892/PHK76.DEH1.2020,W10004_0892/PHK76
W10004_0892/PHP02.DEH1.2020,W10004_0892/PHP02
W10004_0892/PHZ51.DEH1.2020,W10004_0892/PHZ51
W10004_0894/PHK76.DEH1.2020,W10004_0894/PHK76
W10004_0894/PHP02.DEH1.2020,W10004_0894/PHP02
W10004_0894/PHZ51.DEH1.2020,W10004_0894/PHZ51
W10004_0896/PHK76.DEH1.2020,W10004_0896/PHK76
W10004_0896/PHP02.DEH1.2020,W10004_0896/PHP02
W10004_0896/PHZ51.DEH1.2020,W10004_0896/PHZ51
W10004_0897/PHK76.DEH1.2020,W10004_0897/PHK76
W10004_0900/PHK76.DEH1.2020,W10004_0900/PHK76
W10004_0900/PHP02.DEH1.2020,W10004_0900/PHP02
W10004_0900/PHZ51.DEH1.2020,W10004_0900/PHZ51
W10004_0901/PHK76.DEH1.2020,W10004_0901/PHK76
W10004_0901/PHP02.DEH1.2020,W10004_0901/PHP02
W10004_0901/PHZ51.DEH1.2020,W10004_0901/PHZ51
W10004_0907/PHK76.DEH1.2020,W10004_0907/PHK76
W10004_0907/PHP02.DEH1.2020,W10004_0907/PHP02
W10004_0907/PHZ51.DEH1.2020,W10004_0907/PHZ51
W10004_0913/PHK76.DEH1.2020,W10004_0913/PHK76
W10004_0913/PHP02.DEH1.2020,W10004_0913/PHP02
W10004_0913/PHZ51.DEH1.2020,W10004_0913/PHZ51
W10004_0914/PHK76.DEH1.2020,W10004_0914/PHK76
W10004_0914/PHP02.DEH1.2020,W10004_0914/PHP02
W10004_0914/PHZ51.DEH1.2020,W10004_0914/PHZ51
W10004_0916/PHK76.DEH1.2020,W10004_0916/PHK76
W10004_0916/PHP02.DEH1.2020,W10004_0916/PHP02
W10004_0916/PHZ51.DEH1.2020,W10004_0916/PHZ51
W10004_0918/PHK76.DEH1.2020,W10004_0918/PHK76
W10004_0918/PHP02.DEH1.2020,W10004_0918/PHP02
W10004_0918/PHZ51.DEH1.2020,W10004_0918/PHZ51
W10004_0920/PHK76.DEH1.2020,W10004_0920/PHK76
W10004_0920/PHP02.DEH1.2020,W10004_0920/PHP02
W10004_0920/PHZ51.DEH1.2020,W10004_0920/PHZ51
W10004_0922/PHK76.DEH1.2020,W10004_0922/PHK76
W10004_0922/PHP02.DEH1.2020,W10004_0922/PHP02
W10004_0922/PHZ51.DEH1.2020,W10004_0922/PHZ51
W10004_0928/PHK76.DEH1.2020,W10004_0928/PHK76
W10004_0928/PHP02.DEH1.2020,W10004_0928/PHP02
W10004_0928/PHZ51.DEH1.2020,W10004_0928/PHZ51
W10004_0930/PHK76.DEH1.2020,W10004_0930/PHK76
W10004_0930/PHP02.DEH1.2020,W10004_0930/PHP02
W10004_0930/PHZ51.DEH1.2020,W10004_0930/PHZ51
W10004_0932/PHK76.DEH1.2020,W10004_0932/PHK76
W10004_0932/PHP02.DEH1.2020,W10004_0932/PHP02
W10004_0932/PHZ51.DEH1.2020,W10004_0932/PHZ51
W10004_0935/PHK76.DEH1.2020,W10004_0935/PHK76
W10004_0935/PHP02.DEH1.2020,W10004_0935/PHP02
W10004_0935/PHZ51.DEH1.2020,W10004_0935/PHZ51
W10004_0938/PHK76.DEH1.2020,W10004_0938/PHK76
W10004_0938/PHP02.DEH1.2020,W10004_0938/PHP02
W10004_0938/PHZ51.DEH1.2020,W10004_0938/PHZ51
W10004_0940/PHK76.DEH1.2020,W10004_0940/PHK76
W10004_0940/PHP02.DEH1.2020,W10004_0940/PHP02
W10004_0940/PHZ51.DEH1.2020,W10004_0940/PHZ51
W10004_0943/PHK76.DEH1.2020,W10004_0943/PHK76
W10004_0943/PHP02.DEH1.2020,W10004_0943/PHP02
W10004_0943/PHZ51.DEH1.2020,W10004_0943/PHZ51
W10004_0949/PHK76.DEH1.2020,W10004_0949/PHK76
W10004_0949/PHP02.DEH1.2020,W10004_0949/PHP02
W10004_0949/PHZ51.DEH1.2020,W10004_0949/PHZ51
W10004_0950/PHK76.DEH1.2020,W10004_0950/PHK76
W10004_0950/PHP02.DEH1.2020,W10004_0950/PHP02
W10004_0950/PHZ51.DEH1.2020,W10004_0950/PHZ51
W10004_0951/PHK76.DEH1.2020,W10004_0951/PHK76
W10004_0951/PHP02.DEH1.2020,W10004_0951/PHP02
W10004_0951/PHZ51.DEH1.2020,W10004_0951/PHZ51
W10004_0953/PHK76.DEH1.2020,W10004_0953/PHK76
W10004_0953/PHP02.DEH1.2020,W10004_0953/PHP02
W10004_0953/PHZ51.DEH1.2020,W10004_0953/PHZ51
W10004_0955/PHK76.DEH1.2020,W10004_0955/PHK76
W10004_0955/PHP02.DEH1.2020,W10004_0955/PHP02
W10004_0955/PHZ51.DEH1.2020,W10004_0955/PHZ51
W10004_0956/PHK76.DEH1.2020,W10004_0956/PHK76
W10004_0956/PHP02.DEH1.2020,W10004_0956/PHP02
W10004_0956/PHZ51.DEH1.2020,W10004_0956/PHZ51
W10004_0963/PHK76.DEH1.2020,W10004_0963/PHK76
W10004_0963/PHP02.DEH1.2020,W10004_0963/PHP02
W10004_0963/PHZ51.DEH1.2020,W10004_0963/PHZ51
W10004_0964/PHK76.DEH1.2020,W10004_0964/PHK76
W10004_0964/PHP02.DEH1.2020,W10004_0964/PHP02
W10004_0964/PHZ51.DEH1.2020,W10004_0964/PHZ51
W10004_0965/PHK76.DEH1.2020,W10004_0965/PHK76
W10004_0965/PHP02.DEH1.2020,W10004_0965/PHP02
W10004_0965/PHZ51.DEH1.2020,W10004_0965/PHZ51
W10004_0966/PHK76.DEH1.2020,W10004_0966/PHK76
W10004_0966/PHP02.DEH1.2020,W10004_0966/PHP02
W10004_0966/PHZ51.DEH1.2020,W10004_0966/PHZ51
W10004_0969/PHK76.DEH1.2020,W10004_0969/PHK76
W10004_0969/PHP02.DEH1.2020,W10004_0969/PHP02
W10004_0969/PHZ51.DEH1.2020,W10004_0969/PHZ51
W10004_0970/PHK76.DEH1.2020,W10004_0970/PHK76
W10004_0970/PHP02.DEH1.2020,W10004_0970/PHP02
W10004_0970/PHZ51.DEH1.2020,W10004_0970/PHZ51
W10004_0971/PHK76.DEH1.2020,W10004_0971/PHK76
W10004_0971/PHP02.DEH1.2020,W10004_0971/PHP02
W10004_0971/PHZ51.DEH1.2020,W10004_0971/PHZ51
W10004_0974/PHK76.DEH1.2020,W10004_0974/PHK76
W10004_0974/PHP02.DEH1.2020,W10004_0974/PHP02
W10004_0974/PHZ51.DEH1.2020,W10004_0974/PHZ51
W10004_0975/PHK76.DEH1.2020,W10004_0975/PHK76
W10004_0975/PHP02.DEH1.2020,W10004_0975/PHP02
W10004_0975/PHZ51.DEH1.2020,W10004_0975/PHZ51
W10004_0981/PHK76.DEH1.2020,W10004_0981/PHK76
W10004_0981/PHP02.DEH1.2020,W10004_0981/PHP02
W10004_0981/PHZ51.DEH1.2020,W10004_0981/PHZ51
W10004_0982/PHK76.DEH1.2020,W10004_0982/PHK76
W10004_0982/PHP02.DEH1.2020,W10004_0982/PHP02
W10004_0982/PHZ51.DEH1.2020,W10004_0982/PHZ51
W10004_0984/PHK76.DEH1.2020,W10004_0984/PHK76
W10004_0984/PHP02.DEH1.2020,W10004_0984/PHP02
W10004_0984/PHZ51.DEH1.2020,W10004_0984/PHZ51
W10004_0988/PHK76.DEH1.2020,W10004_0988/PHK76
W10004_0988/PHZ51.DEH1.2020,W10004_0988/PHZ51
W10004_0991/PHK76.DEH1.2020,W10004_0991/PHK76
W10004_0991/PHP02.DEH1.2020,W10004_0991/PHP02
W10004_0991/PHZ51.DEH1.2020,W10004_0991/PHZ51
W10004_0996/PHK76.DEH1.2020,W10004_0996/PHK76
W10004_0996/PHP02.DEH1.2020,W10004_0996/PHP02
W10004_0996/PHZ51.DEH1.2020,W10004_0996/PHZ51
W10004_0997/PHK76.DEH1.2020,W10004_0997/PHK76
W10004_0997/PHP02.DEH1.2020,W10004_0997/PHP02
W10004_0997/PHZ51.DEH1.2020,W10004_0997/PHZ51
W10004_1000/PHK76.DEH1.2020,W10004_1000/PHK76
W10004_1000/PHP02.DEH1.2020,W10004_1000/PHP02
W10004_1000/PHZ51.DEH1.2020,W10004_1000/PHZ51
W10004_1001/PHK76.DEH1.2020,W10004_1001/PHK76
W10004_1001/PHP02.DEH1.2020,W10004_1001/PHP02
W10004_1001/PHZ51.DEH1.2020,W10004_1001/PHZ51
W10004_1002/PHK76.DEH1.2020,W10004_1002/PHK76
W10004_1002/PHP02.DEH1.2020,W10004_1002/PHP02
W10004_1002/PHZ51.DEH1.2020,W10004_1002/PHZ51
W10004_1004/PHK76.DEH1.2020,W10004_1004/PHK76
W10004_1004/PHP02.DEH1.2020,W10004_1004/PHP02
W10004_1004/PHZ51.DEH1.2020,W10004_1004/PHZ51
W10004_1007/PHK76.DEH1.2020,W10004_1007/PHK76
W10004_1007/PHP02.DEH1.2020,W10004_1007/PHP02
W10004_1007/PHZ51.DEH1.2020,W10004_1007/PHZ51
W10004_1011/PHK76.DEH1.2020,W10004_1011/PHK76
W10004_1011/PHP02.DEH1.2020,W10004_1011/PHP02
W10004_1011/PHZ51.DEH1.2020,W10004_1011/PHZ51
W10004_1014/PHK76.DEH1.2020,W10004_1014/PHK76
W10004_1014/PHP02.DEH1.2020,W10004_1014/PHP02
W10004_1014/PHZ51.DEH1.2020,W10004_1014/PHZ51
W10004_1015/PHK76.DEH1.2020,W10004_1015/PHK76
W10004_1015/PHP02.DEH1.2020,W10004_1015/PHP02
W10004_1015/PHZ51.DEH1.2020,W10004_1015/PHZ51
W10004_1018/PHK76.DEH1.2020,W10004_1018/PHK76
W10004_1018/PHP02.DEH1.2020,W10004_1018/PHP02
W10004_1018/PHZ51.DEH1.2020,W10004_1018/PHZ51
W10004_1020/PHK76.DEH1.2020,W10004_1020/PHK76
W10004_1020/PHP02.DEH1.2020,W10004_1020/PHP02
W10004_1020/PHZ51.DEH1.2020,W10004_1020/PHZ51
W10004_1032/PHK76.DEH1.2020,W10004_1032/PHK76
W10004_1032/PHP02.DEH1.2020,W10004_1032/PHP02
W10004_1032/PHZ51.DEH1.2020,W10004_1032/PHZ51
W10004_1037/PHK76.DEH1.2020,W10004_1037/PHK76
W10004_1037/PHP02.DEH1.2020,W10004_1037/PHP02
W10004_1037/PHZ51.DEH1.2020,W10004_1037/PHZ51
W10004_1045/PHK76.DEH1.2020,W10004_1045/PHK76
W10004_1045/PHP02.DEH1.2020,W10004_1045/PHP02
W10004_1045/PHZ51.DEH1.2020,W10004_1045/PHZ51
W10004_1052/PHK76.DEH1.2020,W10004_1052/PHK76
W10004_1052/PHP02.DEH1.2020,W10004_1052/PHP02
W10004_1052/PHZ51.DEH1.2020,W10004_1052/PHZ51
W10004_1057/PHK76.DEH1.2020,W10004_1057/PHK76
W10004_1057/PHP02.DEH1.2020,W10004_1057/PHP02
W10004_1057/PHZ51.DEH1.2020,W10004_1057/PHZ51
W10004_1063/PHK76.DEH1.2020,W10004_1063/PHK76
W10004_1063/PHP02.DEH1.2020,W10004_1063/PHP02
W10004_1063/PHZ51.DEH1.2020,W10004_1063/PHZ51
W10004_1064/PHK76.DEH1.2020,W10004_1064/PHK76
W10004_1064/PHP02.DEH1.2020,W10004_1064/PHP02
W10004_1064/PHZ51.DEH1.2020,W10004_1064/PHZ51
W10004_1072/PHK76.DEH1.2020,W10004_1072/PHK76
W10004_1072/PHP02.DEH1.2020,W10004_1072/PHP02
W10004_1072/PHZ51.DEH1.2020,W10004_1072/PHZ51
W10004_1080/PHK76.DEH1.2020,W10004_1080/PHK76
W10004_1080/PHP02.DEH1.2020,W10004_1080/PHP02
W10004_1080/PHZ51.DEH1.2020,W10004_1080/PHZ51
W10004_1081/PHK76.DEH1.2020,W10004_1081/PHK76
W10004_1081/PHP02.DEH1.2020,W10004_1081/PHP02
W10004_1081/PHZ51.DEH1.2020,W10004_1081/PHZ51
W10004_1084/PHK76.DEH1.2020,W10004_1084/PHK76
W10004_1084/PHP02.DEH1.2020,W10004_1084/PHP02
W10004_1084/PHZ51.DEH1.2020,W10004_1084/PHZ51
W10004_1099/PHK76.DEH1.2020,W10004_1099/PHK76
W10004_1099/PHP02.DEH1.2020,W10004_1099/PHP02
W10004_1099/PHZ51.DEH1.2020,W10004_1099/PHZ51
W10004_1104/PHK76.DEH1.2020,W10004_1104/PHK76
W10004_1104/PHP02.DEH1.2020,W10004_1104/PHP02
W10004_1104/PHZ51.DEH1.2020,W10004_1104/PHZ51
W10004_1105/PHK76.DEH1.2020,W10004_1105/PHK76
W10004_1105/PHP02.DEH1.2020,W10004_1105/PHP02
W10004_1105/PHZ51.DEH1.2020,W10004_1105/PHZ51
W10004_1112/PHK76.DEH1.2020,W10004_1112/PHK76
W10004_1112/PHP02.DEH1.2020,W10004_1112/PHP02
W10004_1112/PHZ51.DEH1.2020,W10004_1112/PHZ51
W10004_1117/PHK76.DEH1.2020,W10004_1117/PHK76
W10004_1117/PHP02.DEH1.2020,W10004_1117/PHP02
W10004_1117/PHZ51.DEH1.2020,W10004_1117/PHZ51
W10004_1118/PHK76.DEH1.2020,W10004_1118/PHK76
W10004_1118/PHP02.DEH1.2020,W10004_1118/PHP02
W10004_1118/PHZ51.DEH1.2020,W10004_1118/PHZ51
W10004_1123/PHK76.DEH1.2020,W10004_1123/PHK76
W10004_1123/PHP02.DEH1.2020,W10004_1123/PHP02
W10004_1123/PHZ51.DEH1.2020,W10004_1123/PHZ51
W10004_1140/PHK76.DEH1.2020,W10004_1140/PHK76
W10004_1140/PHP02.DEH1.2020,W10004_1140/PHP02
W10004_1140/PHZ51.DEH1.2020,W10004_1140/PHZ51
W10004_1143/PHK76.DEH1.2020,W10004_1143/PHK76
W10004_1143/PHP02.DEH1.2020,W10004_1143/PHP02
W10004_1143/PHZ51.DEH1.2020,W10004_1143/PHZ51
W10004_1146/PHK76.DEH1.2020,W10004_1146/PHK76
W10004_1146/PHP02.DEH1.2020,W10004_1146/PHP02
W10004_1146/PHZ51.DEH1.2020,W10004_1146/PHZ51
W10004_1156/PHK76.DEH1.2020,W10004_1156/PHK76
W10004_1156/PHP02.DEH1.2020,W10004_1156/PHP02
W10004_1156/PHZ51.DEH1.2020,W10004_1156/PHZ51
B14A/H95.IAH4.2021,B14A/H95
B14A/MO17.IAH4.2021,B14A/MO17
B14A/OH43.IAH4.2021,B14A/OH43
B37/H95.IAH4.2021,B37/H95
B37/MO17.IAH4.2021,B37/MO17
B37/OH43.IAH4.2021,B37/OH43
B73/MO17.IAH4.2021,B73/MO17
B73/PHM49.IAH4.2021,B73/PHM49
B73/PHN82.IAH4.2021,B73/PHN82
B73/TX779.IAH4.2021,B73/TX779
CG119/CG108.IAH4.2021,CG119/CG108
CG44/CGR01.IAH4.2021,CG44/CGR01
F42/H95.IAH4.2021,F42/H95
F42/MO17.IAH4.2021,F42/MO17
F42/OH43.IAH4.2021,F42/OH43
LH74/PHN82.IAH4.2021,LH74/PHN82
PHB47/PHN82.IAH4.2021,PHB47/PHN82
PHG39/PHN82.IAH4.2021,PHG39/PHN82
PHW52/PHM49.IAH4.2021,PHW52/PHM49
PHW52/PHN82.IAH4.2021,PHW52/PHN82
TX714/TX779.IAH4.2021,TX714/TX779
TX777/LH195.IAH4.2021,TX777/LH195
TX779/LH195.IAH4.2021,TX779/LH195
W10004_0006/PHK76.IAH4.2021,W10004_0006/PHK76
W10004_0006/PHP02.IAH4.2021,W10004_0006/PHP02
W10004_0006/PHZ51.IAH4.2021,W10004_0006/PHZ51
W10004_0007/PHK76.IAH4.2021,W10004_0007/PHK76
W10004_0007/PHP02.IAH4.2021,W10004_0007/PHP02
W10004_0007/PHZ51.IAH4.2021,W10004_0007/PHZ51
W10004_0008/PHK76.IAH4.2021,W10004_0008/PHK76
W10004_0008/PHP02.IAH4.2021,W10004_0008/PHP02
W10004_0008/PHZ51.IAH4.2021,W10004_0008/PHZ51
W10004_0010/PHK76.IAH4.2021,W10004_0010/PHK76
W10004_0010/PHP02.IAH4.2021,W10004_0010/PHP02
W10004_0010/PHZ51.IAH4.2021,W10004_0010/PHZ51
W10004_0011/PHK76.IAH4.2021,W10004_0011/PHK76
W10004_0011/PHP02.IAH4.2021,W10004_0011/PHP02
W10004_0011/PHZ51.IAH4.2021,W10004_0011/PHZ51
W10004_0013/PHK76.IAH4.2021,W10004_0013/PHK76
W10004_0013/PHP02.IAH4.2021,W10004_0013/PHP02
W10004_0013/PHZ51.IAH4.2021,W10004_0013/PHZ51
W10004_0014/PHK76.IAH4.2021,W10004_0014/PHK76
W10004_0014/PHP02.IAH4.2021,W10004_0014/PHP02
W10004_0014/PHZ51.IAH4.2021,W10004_0014/PHZ51
W10004_0018/PHK76.IAH4.2021,W10004_0018/PHK76
W10004_0018/PHP02.IAH4.2021,W10004_0018/PHP02
W10004_0018/PHZ51.IAH4.2021,W10004_0018/PHZ51
W10004_0026/PHK76.IAH4.2021,W10004_0026/PHK76
W10004_0026/PHP02.IAH4.2021,W10004_0026/PHP02
W10004_0026/PHZ51.IAH4.2021,W10004_0026/PHZ51
W10004_0027/PHK76.IAH4.2021,W10004_0027/PHK76
W10004_0027/PHP02.IAH4.2021,W10004_0027/PHP02
W10004_0027/PHZ51.IAH4.2021,W10004_0027/PHZ51
W10004_0031/PHK76.IAH4.2021,W10004_0031/PHK76
W10004_0031/PHP02.IAH4.2021,W10004_0031/PHP02
W10004_0031/PHZ51.IAH4.2021,W10004_0031/PHZ51
W10004_0032/PHK76.IAH4.2021,W10004_0032/PHK76
W10004_0032/PHP02.IAH4.2021,W10004_0032/PHP02
W10004_0032/PHZ51.IAH4.2021,W10004_0032/PHZ51
W10004_0034/PHK76.IAH4.2021,W10004_0034/PHK76
W10004_0034/PHP02.IAH4.2021,W10004_0034/PHP02
W10004_0034/PHZ51.IAH4.2021,W10004_0034/PHZ51
W10004_0035/PHK76.IAH4.2021,W10004_0035/PHK76
W10004_0035/PHP02.IAH4.2021,W10004_0035/PHP02
W10004_0035/PHZ51.IAH4.2021,W10004_0035/PHZ51
W10004_0037/PHP02.IAH4.2021,W10004_0037/PHP02
W10004_0037/PHZ51.IAH4.2021,W10004_0037/PHZ51
W10004_0038/PHK76.IAH4.2021,W10004_0038/PHK76
W10004_0038/PHP02.IAH4.2021,W10004_0038/PHP02
W10004_0038/PHZ51.IAH4.2021,W10004_0038/PHZ51
W10004_0039/PHK76.IAH4.2021,W10004_0039/PHK76
W10004_0039/PHP02.IAH4.2021,W10004_0039/PHP02
W10004_0039/PHZ51.IAH4.2021,W10004_0039/PHZ51
W10004_0041/PHK76.IAH4.2021,W10004_0041/PHK76
W10004_0041/PHP02.IAH4.2021,W10004_0041/PHP02
W10004_0041/PHZ51.IAH4.2021,W10004_0041/PHZ51
W10004_0042/PHK76.IAH4.2021,W10004_0042/PHK76
W10004_0042/PHP02.IAH4.2021,W10004_0042/PHP02
W10004_0042/PHZ51.IAH4.2021,W10004_0042/PHZ51
W10004_0045/PHK76.IAH4.2021,W10004_0045/PHK76
W10004_0045/PHP02.IAH4.2021,W10004_0045/PHP02
W10004_0045/PHZ51.IAH4.2021,W10004_0045/PHZ51
W10004_0046/PHK76.IAH4.2021,W10004_0046/PHK76
W10004_0046/PHP02.IAH4.2021,W10004_0046/PHP02
W10004_0046/PHZ51.IAH4.2021,W10004_0046/PHZ51
W10004_0047/PHK76.IAH4.2021,W10004_0047/PHK76
W10004_0047/PHP02.IAH4.2021,W10004_0047/PHP02
W10004_0047/PHZ51.IAH4.2021,W10004_0047/PHZ51
W10004_0053/PHK76.IAH4.2021,W10004_0053/PHK76
W10004_0053/PHP02.IAH4.2021,W10004_0053/PHP02
W10004_0053/PHZ51.IAH4.2021,W10004_0053/PHZ51
W10004_0055/PHK76.IAH4.2021,W10004_0055/PHK76
W10004_0055/PHP02.IAH4.2021,W10004_0055/PHP02
W10004_0055/PHZ51.IAH4.2021,W10004_0055/PHZ51
W10004_0059/PHK76.IAH4.2021,W10004_0059/PHK76
W10004_0059/PHP02.IAH4.2021,W10004_0059/PHP02
W10004_0059/PHZ51.IAH4.2021,W10004_0059/PHZ51
W10004_0061/PHK76.IAH4.2021,W10004_0061/PHK76
W10004_0061/PHP02.IAH4.2021,W10004_0061/PHP02
W10004_0061/PHZ51.IAH4.2021,W10004_0061/PHZ51
W10004_0062/PHK76.IAH4.2021,W10004_0062/PHK76
W10004_0062/PHP02.IAH4.2021,W10004_0062/PHP02
W10004_0062/PHZ51.IAH4.2021,W10004_0062/PHZ51
W10004_0063/PHK76.IAH4.2021,W10004_0063/PHK76
W10004_0063/PHP02.IAH4.2021,W10004_0063/PHP02
W10004_0063/PHZ51.IAH4.2021,W10004_0063/PHZ51
W10004_0064/PHK76.IAH4.2021,W10004_0064/PHK76
W10004_0064/PHP02.IAH4.2021,W10004_0064/PHP02
W10004_0064/PHZ51.IAH4.2021,W10004_0064/PHZ51
W10004_0065/PHK76.IAH4.2021,W10004_0065/PHK76
W10004_0065/PHP02.IAH4.2021,W10004_0065/PHP02
W10004_0068/PHK76.IAH4.2021,W10004_0068/PHK76
W10004_0068/PHP02.IAH4.2021,W10004_0068/PHP02
W10004_0068/PHZ51.IAH4.2021,W10004_0068/PHZ51
W10004_0069/PHK76.IAH4.2021,W10004_0069/PHK76
W10004_0069/PHP02.IAH4.2021,W10004_0069/PHP02
W10004_0069/PHZ51.IAH4.2021,W10004_0069/PHZ51
W10004_0070/PHK76.IAH4.2021,W10004_0070/PHK76
W10004_0070/PHP02.IAH4.2021,W10004_0070/PHP02
W10004_0070/PHZ51.IAH4.2021,W10004_0070/PHZ51
W10004_0071/PHP02.IAH4.2021,W10004_0071/PHP02
W10004_0071/PHZ51.IAH4.2021,W10004_0071/PHZ51
W10004_0072/PHK76.IAH4.2021,W10004_0072/PHK76
W10004_0072/PHP02.IAH4.2021,W10004_0072/PHP02
W10004_0072/PHZ51.IAH4.2021,W10004_0072/PHZ51
W10004_0073/PHK76.IAH4.2021,W10004_0073/PHK76
W10004_0073/PHP02.IAH4.2021,W10004_0073/PHP02
W10004_0073/PHZ51.IAH4.2021,W10004_0073/PHZ51
W10004_0076/PHK76.IAH4.2021,W10004_0076/PHK76
W10004_0076/PHP02.IAH4.2021,W10004_0076/PHP02
W10004_0076/PHZ51.IAH4.2021,W10004_0076/PHZ51
W10004_0078/PHK76.IAH4.2021,W10004_0078/PHK76
W10004_0078/PHP02.IAH4.2021,W10004_0078/PHP02
W10004_0078/PHZ51.IAH4.2021,W10004_0078/PHZ51
W10004_0079/PHK76.IAH4.2021,W10004_0079/PHK76
W10004_0079/PHP02.IAH4.2021,W10004_0079/PHP02
W10004_0079/PHZ51.IAH4.2021,W10004_0079/PHZ51
W10004_0080/PHK76.IAH4.2021,W10004_0080/PHK76
W10004_0080/PHP02.IAH4.2021,W10004_0080/PHP02
W10004_0080/PHZ51.IAH4.2021,W10004_0080/PHZ51
W10004_0086/PHK76.IAH4.2021,W10004_0086/PHK76
W10004_0086/PHP02.IAH4.2021,W10004_0086/PHP02
W10004_0086/PHZ51.IAH4.2021,W10004_0086/PHZ51
W10004_0087/PHK76.IAH4.2021,W10004_0087/PHK76
W10004_0087/PHP02.IAH4.2021,W10004_0087/PHP02
W10004_0087/PHZ51.IAH4.2021,W10004_0087/PHZ51
W10004_0092/PHK76.IAH4.2021,W10004_0092/PHK76
W10004_0092/PHP02.IAH4.2021,W10004_0092/PHP02
W10004_0092/PHZ51.IAH4.2021,W10004_0092/PHZ51
W10004_0093/PHK76.IAH4.2021,W10004_0093/PHK76
W10004_0093/PHP02.IAH4.2021,W10004_0093/PHP02
W10004_0093/PHZ51.IAH4.2021,W10004_0093/PHZ51
W10004_0095/PHK76.IAH4.2021,W10004_0095/PHK76
W10004_0095/PHP02.IAH4.2021,W10004_0095/PHP02
W10004_0095/PHZ51.IAH4.2021,W10004_0095/PHZ51
W10004_0097/PHK76.IAH4.2021,W10004_0097/PHK76
W10004_0097/PHP02.IAH4.2021,W10004_0097/PHP02
W10004_0097/PHZ51.IAH4.2021,W10004_0097/PHZ51
W10004_0098/PHK76.IAH4.2021,W10004_0098/PHK76
W10004_0098/PHP02.IAH4.2021,W10004_0098/PHP02
W10004_0098/PHZ51.IAH4.2021,W10004_0098/PHZ51
W10004_0099/PHK76.IAH4.2021,W10004_0099/PHK76
W10004_0099/PHP02.IAH4.2021,W10004_0099/PHP02
W10004_0101/PHK76.IAH4.2021,W10004_0101/PHK76
W10004_0101/PHP02.IAH4.2021,W10004_0101/PHP02
W10004_0101/PHZ51.IAH4.2021,W10004_0101/PHZ51
W10004_0103/PHK76.IAH4.2021,W10004_0103/PHK76
W10004_0103/PHP02.IAH4.2021,W10004_0103/PHP02
W10004_0103/PHZ51.IAH4.2021,W10004_0103/PHZ51
W10004_0106/PHK76.IAH4.2021,W10004_0106/PHK76
W10004_0106/PHP02.IAH4.2021,W10004_0106/PHP02
W10004_0106/PHZ51.IAH4.2021,W10004_0106/PHZ51
W10004_0110/PHK76.IAH4.2021,W10004_0110/PHK76
W10004_0110/PHP02.IAH4.2021,W10004_0110/PHP02
W10004_0110/PHZ51.IAH4.2021,W10004_0110/PHZ51
W10004_0112/PHK76.IAH4.2021,W10004_0112/PHK76
W10004_0112/PHP02.IAH4.2021,W10004_0112/PHP02
W10004_0112/PHZ51.IAH4.2021,W10004_0112/PHZ51
W10004_0115/PHK76.IAH4.2021,W10004_0115/PHK76
W10004_0115/PHP02.IAH4.2021,W10004_0115/PHP02
W10004_0115/PHZ51.IAH4.2021,W10004_0115/PHZ51
W10004_0116/PHK76.IAH4.2021,W10004_0116/PHK76
W10004_0116/PHP02.IAH4.2021,W10004_0116/PHP02
W10004_0116/PHZ51.IAH4.2021,W10004_0116/PHZ51
W10004_0118/PHK76.IAH4.2021,W10004_0118/PHK76
W10004_0118/PHP02.IAH4.2021,W10004_0118/PHP02
W10004_0118/PHZ51.IAH4.2021,W10004_0118/PHZ51
W10004_0119/PHK76.IAH4.2021,W10004_0119/PHK76
W10004_0119/PHP02.IAH4.2021,W10004_0119/PHP02
W10004_0119/PHZ51.IAH4.2021,W10004_0119/PHZ51
W10004_0121/PHK76.IAH4.2021,W10004_0121/PHK76
W10004_0121/PHP02.IAH4.2021,W10004_0121/PHP02
W10004_0121/PHZ51.IAH4.2021,W10004_0121/PHZ51
W10004_0122/PHK76.IAH4.2021,W10004_0122/PHK76
W10004_0122/PHP02.IAH4.2021,W10004_0122/PHP02
W10004_0122/PHZ51.IAH4.2021,W10004_0122/PHZ51
W10004_0127/PHK76.IAH4.2021,W10004_0127/PHK76
W10004_0127/PHP02.IAH4.2021,W10004_0127/PHP02
W10004_0127/PHZ51.IAH4.2021,W10004_0127/PHZ51
W10004_0129/PHK76.IAH4.2021,W10004_0129/PHK76
W10004_0129/PHP02.IAH4.2021,W10004_0129/PHP02
W10004_0129/PHZ51.IAH4.2021,W10004_0129/PHZ51
W10004_0132/PHK76.IAH4.2021,W10004_0132/PHK76
W10004_0132/PHP02.IAH4.2021,W10004_0132/PHP02
W10004_0132/PHZ51.IAH4.2021,W10004_0132/PHZ51
W10004_0133/PHK76.IAH4.2021,W10004_0133/PHK76
W10004_0133/PHP02.IAH4.2021,W10004_0133/PHP02
W10004_0133/PHZ51.IAH4.2021,W10004_0133/PHZ51
W10004_0134/PHK76.IAH4.2021,W10004_0134/PHK76
W10004_0134/PHP02.IAH4.2021,W10004_0134/PHP02
W10004_0134/PHZ51.IAH4.2021,W10004_0134/PHZ51
W10004_0138/PHK76.IAH4.2021,W10004_0138/PHK76
W10004_0138/PHP02.IAH4.2021,W10004_0138/PHP02
W10004_0138/PHZ51.IAH4.2021,W10004_0138/PHZ51
W10004_0140/PHK76.IAH4.2021,W10004_0140/PHK76
W10004_0140/PHP02.IAH4.2021,W10004_0140/PHP02
W10004_0140/PHZ51.IAH4.2021,W10004_0140/PHZ51
W10004_0144/PHK76.IAH4.2021,W10004_0144/PHK76
W10004_0144/PHP02.IAH4.2021,W10004_0144/PHP02
W10004_0144/PHZ51.IAH4.2021,W10004_0144/PHZ51
W10004_0146/PHK76.IAH4.2021,W10004_0146/PHK76
W10004_0146/PHP02.IAH4.2021,W10004_0146/PHP02
W10004_0146/PHZ51.IAH4.2021,W10004_0146/PHZ51
W10004_0147/PHK76.IAH4.2021,W10004_0147/PHK76
W10004_0147/PHP02.IAH4.2021,W10004_0147/PHP02
W10004_0147/PHZ51.IAH4.2021,W10004_0147/PHZ51
W10004_0148/PHK76.IAH4.2021,W10004_0148/PHK76
W10004_0148/PHP02.IAH4.2021,W10004_0148/PHP02
W10004_0148/PHZ51.IAH4.2021,W10004_0148/PHZ51
W10004_0149/PHK76.IAH4.2021,W10004_0149/PHK76
W10004_0149/PHP02.IAH4.2021,W10004_0149/PHP02
W10004_0149/PHZ51.IAH4.2021,W10004_0149/PHZ51
W10004_0150/PHK76.IAH4.2021,W10004_0150/PHK76
W10004_0150/PHP02.IAH4.2021,W10004_0150/PHP02
W10004_0150/PHZ51.IAH4.2021,W10004_0150/PHZ51
W10004_0152/PHK76.IAH4.2021,W10004_0152/PHK76
W10004_0152/PHP02.IAH4.2021,W10004_0152/PHP02
W10004_0152/PHZ51.IAH4.2021,W10004_0152/PHZ51
W10004_0153/PHK76.IAH4.2021,W10004_0153/PHK76
W10004_0153/PHP02.IAH4.2021,W10004_0153/PHP02
W10004_0153/PHZ51.IAH4.2021,W10004_0153/PHZ51
W10004_0154/PHK76.IAH4.2021,W10004_0154/PHK76
W10004_0154/PHP02.IAH4.2021,W10004_0154/PHP02
W10004_0154/PHZ51.IAH4.2021,W10004_0154/PHZ51
W10004_0160/PHK76.IAH4.2021,W10004_0160/PHK76
W10004_0160/PHP02.IAH4.2021,W10004_0160/PHP02
W10004_0160/PHZ51.IAH4.2021,W10004_0160/PHZ51
W10004_0161/PHP02.IAH4.2021,W10004_0161/PHP02
W10004_0161/PHZ51.IAH4.2021,W10004_0161/PHZ51
W10004_0166/PHK76.IAH4.2021,W10004_0166/PHK76
W10004_0166/PHP02.IAH4.2021,W10004_0166/PHP02
W10004_0166/PHZ51.IAH4.2021,W10004_0166/PHZ51
W10004_0167/PHK76.IAH4.2021,W10004_0167/PHK76
W10004_0167/PHP02.IAH4.2021,W10004_0167/PHP02
W10004_0167/PHZ51.IAH4.2021,W10004_0167/PHZ51
W10004_0168/PHK76.IAH4.2021,W10004_0168/PHK76
W10004_0168/PHP02.IAH4.2021,W10004_0168/PHP02
W10004_0168/PHZ51.IAH4.2021,W10004_0168/PHZ51
W10004_0169/PHK76.IAH4.2021,W10004_0169/PHK76
W10004_0169/PHP02.IAH4.2021,W10004_0169/PHP02
W10004_0169/PHZ51.IAH4.2021,W10004_0169/PHZ51
W10004_0171/PHK76.IAH4.2021,W10004_0171/PHK76
W10004_0171/PHP02.IAH4.2021,W10004_0171/PHP02
W10004_0171/PHZ51.IAH4.2021,W10004_0171/PHZ51
W10004_0178/PHK76.IAH4.2021,W10004_0178/PHK76
W10004_0178/PHP02.IAH4.2021,W10004_0178/PHP02
W10004_0178/PHZ51.IAH4.2021,W10004_0178/PHZ51
W10004_0179/PHK76.IAH4.2021,W10004_0179/PHK76
W10004_0179/PHP02.IAH4.2021,W10004_0179/PHP02
W10004_0179/PHZ51.IAH4.2021,W10004_0179/PHZ51
W10004_0185/PHK76.IAH4.2021,W10004_0185/PHK76
W10004_0185/PHP02.IAH4.2021,W10004_0185/PHP02
W10004_0185/PHZ51.IAH4.2021,W10004_0185/PHZ51
W10004_0189/PHK76.IAH4.2021,W10004_0189/PHK76
W10004_0189/PHP02.IAH4.2021,W10004_0189/PHP02
W10004_0189/PHZ51.IAH4.2021,W10004_0189/PHZ51
W10004_0190/PHK76.IAH4.2021,W10004_0190/PHK76
W10004_0190/PHP02.IAH4.2021,W10004_0190/PHP02
W10004_0190/PHZ51.IAH4.2021,W10004_0190/PHZ51
W10004_0192/PHK76.IAH4.2021,W10004_0192/PHK76
W10004_0192/PHP02.IAH4.2021,W10004_0192/PHP02
W10004_0192/PHZ51.IAH4.2021,W10004_0192/PHZ51
W10004_0194/PHK76.IAH4.2021,W10004_0194/PHK76
W10004_0194/PHP02.IAH4.2021,W10004_0194/PHP02
W10004_0194/PHZ51.IAH4.2021,W10004_0194/PHZ51
W10004_0196/PHK76.IAH4.2021,W10004_0196/PHK76
W10004_0196/PHP02.IAH4.2021,W10004_0196/PHP02
W10004_0196/PHZ51.IAH4.2021,W10004_0196/PHZ51
W10004_0197/PHK76.IAH4.2021,W10004_0197/PHK76
W10004_0197/PHP02.IAH4.2021,W10004_0197/PHP02
W10004_0197/PHZ51.IAH4.2021,W10004_0197/PHZ51
W10004_0199/PHK76.IAH4.2021,W10004_0199/PHK76
W10004_0199/PHP02.IAH4.2021,W10004_0199/PHP02
W10004_0199/PHZ51.IAH4.2021,W10004_0199/PHZ51
W10004_0200/PHK76.IAH4.2021,W10004_0200/PHK76
W10004_0200/PHP02.IAH4.2021,W10004_0200/PHP02
W10004_0200/PHZ51.IAH4.2021,W10004_0200/PHZ51
W10004_0203/PHK76.IAH4.2021,W10004_0203/PHK76
W10004_0203/PHP02.IAH4.2021,W10004_0203/PHP02
W10004_0203/PHZ51.IAH4.2021,W10004_0203/PHZ51
W10004_0204/PHK76.IAH4.2021,W10004_0204/PHK76
W10004_0204/PHP02.IAH4.2021,W10004_0204/PHP02
W10004_0204/PHZ51.IAH4.2021,W10004_0204/PHZ51
W10004_0206/PHK76.IAH4.2021,W10004_0206/PHK76
W10004_0206/PHP02.IAH4.2021,W10004_0206/PHP02
W10004_0206/PHZ51.IAH4.2021,W10004_0206/PHZ51
W10004_0212/PHK76.IAH4.2021,W10004_0212/PHK76
W10004_0212/PHP02.IAH4.2021,W10004_0212/PHP02
W10004_0212/PHZ51.IAH4.2021,W10004_0212/PHZ51
W10004_0213/PHK76.IAH4.2021,W10004_0213/PHK76
W10004_0213/PHP02.IAH4.2021,W10004_0213/PHP02
W10004_0213/PHZ51.IAH4.2021,W10004_0213/PHZ51
W10004_0217/PHK76.IAH4.2021,W10004_0217/PHK76
W10004_0217/PHP02.IAH4.2021,W10004_0217/PHP02
W10004_0217/PHZ51.IAH4.2021,W10004_0217/PHZ51
W10004_0220/PHK76.IAH4.2021,W10004_0220/PHK76
W10004_0220/PHP02.IAH4.2021,W10004_0220/PHP02
W10004_0220/PHZ51.IAH4.2021,W10004_0220/PHZ51
W10004_0221/PHK76.IAH4.2021,W10004_0221/PHK76
W10004_0221/PHP02.IAH4.2021,W10004_0221/PHP02
W10004_0221/PHZ51.IAH4.2021,W10004_0221/PHZ51
W10004_0223/PHK76.IAH4.2021,W10004_0223/PHK76
W10004_0223/PHP02.IAH4.2021,W10004_0223/PHP02
W10004_0223/PHZ51.IAH4.2021,W10004_0223/PHZ51
W10004_0224/PHK76.IAH4.2021,W10004_0224/PHK76
W10004_0224/PHP02.IAH4.2021,W10004_0224/PHP02
W10004_0224/PHZ51.IAH4.2021,W10004_0224/PHZ51
W10004_0225/PHK76.IAH4.2021,W10004_0225/PHK76
W10004_0225/PHP02.IAH4.2021,W10004_0225/PHP02
W10004_0225/PHZ51.IAH4.2021,W10004_0225/PHZ51
W10004_0227/PHK76.IAH4.2021,W10004_0227/PHK76
W10004_0227/PHP02.IAH4.2021,W10004_0227/PHP02
W10004_0227/PHZ51.IAH4.2021,W10004_0227/PHZ51
W10004_0231/PHK76.IAH4.2021,W10004_0231/PHK76
W10004_0231/PHP02.IAH4.2021,W10004_0231/PHP02
W10004_0231/PHZ51.IAH4.2021,W10004_0231/PHZ51
W10004_0236/PHK76.IAH4.2021,W10004_0236/PHK76
W10004_0236/PHP02.IAH4.2021,W10004_0236/PHP02
W10004_0236/PHZ51.IAH4.2021,W10004_0236/PHZ51
W10004_0238/PHK76.IAH4.2021,W10004_0238/PHK76
W10004_0238/PHP02.IAH4.2021,W10004_0238/PHP02
W10004_0238/PHZ51.IAH4.2021,W10004_0238/PHZ51
W10004_0241/PHK76.IAH4.2021,W10004_0241/PHK76
W10004_0241/PHP02.IAH4.2021,W10004_0241/PHP02
W10004_0241/PHZ51.IAH4.2021,W10004_0241/PHZ51
W10004_0242/PHK76.IAH4.2021,W10004_0242/PHK76
W10004_0242/PHP02.IAH4.2021,W10004_0242/PHP02
W10004_0242/PHZ51.IAH4.2021,W10004_0242/PHZ51
W10004_0253/PHK76.IAH4.2021,W10004_0253/PHK76
W10004_0253/PHP02.IAH4.2021,W10004_0253/PHP02
W10004_0253/PHZ51.IAH4.2021,W10004_0253/PHZ51
W10004_0254/PHK76.IAH4.2021,W10004_0254/PHK76
W10004_0254/PHP02.IAH4.2021,W10004_0254/PHP02
W10004_0254/PHZ51.IAH4.2021,W10004_0254/PHZ51
W10004_0256/PHK76.IAH4.2021,W10004_0256/PHK76
W10004_0256/PHP02.IAH4.2021,W10004_0256/PHP02
W10004_0256/PHZ51.IAH4.2021,W10004_0256/PHZ51
W10004_0258/PHK76.IAH4.2021,W10004_0258/PHK76
W10004_0258/PHP02.IAH4.2021,W10004_0258/PHP02
W10004_0258/PHZ51.IAH4.2021,W10004_0258/PHZ51
W10004_0261/PHK76.IAH4.2021,W10004_0261/PHK76
W10004_0261/PHP02.IAH4.2021,W10004_0261/PHP02
W10004_0261/PHZ51.IAH4.2021,W10004_0261/PHZ51
W10004_0262/PHK76.IAH4.2021,W10004_0262/PHK76
W10004_0262/PHP02.IAH4.2021,W10004_0262/PHP02
W10004_0262/PHZ51.IAH4.2021,W10004_0262/PHZ51
W10004_0264/PHK76.IAH4.2021,W10004_0264/PHK76
W10004_0264/PHP02.IAH4.2021,W10004_0264/PHP02
W10004_0264/PHZ51.IAH4.2021,W10004_0264/PHZ51
W10004_0268/PHK76.IAH4.2021,W10004_0268/PHK76
W10004_0268/PHP02.IAH4.2021,W10004_0268/PHP02
W10004_0268/PHZ51.IAH4.2021,W10004_0268/PHZ51
W10004_0270/PHK76.IAH4.2021,W10004_0270/PHK76
W10004_0270/PHP02.IAH4.2021,W10004_0270/PHP02
W10004_0270/PHZ51.IAH4.2021,W10004_0270/PHZ51
W10004_0271/PHK76.IAH4.2021,W10004_0271/PHK76
W10004_0271/PHP02.IAH4.2021,W10004_0271/PHP02
W10004_0271/PHZ51.IAH4.2021,W10004_0271/PHZ51
W10004_0276/PHK76.IAH4.2021,W10004_0276/PHK76
W10004_0276/PHP02.IAH4.2021,W10004_0276/PHP02
W10004_0276/PHZ51.IAH4.2021,W10004_0276/PHZ51
W10004_0290/PHK76.IAH4.2021,W10004_0290/PHK76
W10004_0290/PHP02.IAH4.2021,W10004_0290/PHP02
W10004_0290/PHZ51.IAH4.2021,W10004_0290/PHZ51
W10004_0291/PHK76.IAH4.2021,W10004_0291/PHK76
W10004_0291/PHP02.IAH4.2021,W10004_0291/PHP02
W10004_0291/PHZ51.IAH4.2021,W10004_0291/PHZ51
W10004_0292/PHK76.IAH4.2021,W10004_0292/PHK76
W10004_0292/PHP02.IAH4.2021,W10004_0292/PHP02
W10004_0292/PHZ51.IAH4.2021,W10004_0292/PHZ51
W10004_0299/PHK76.IAH4.2021,W10004_0299/PHK76
W10004_0299/PHP02.IAH4.2021,W10004_0299/PHP02
W10004_0299/PHZ51.IAH4.2021,W10004_0299/PHZ51
W10004_0306/PHK76.IAH4.2021,W10004_0306/PHK76
W10004_0306/PHP02.IAH4.2021,W10004_0306/PHP02
W10004_0306/PHZ51.IAH4.2021,W10004_0306/PHZ51
W10004_0308/PHK76.IAH4.2021,W10004_0308/PHK76
W10004_0308/PHP02.IAH4.2021,W10004_0308/PHP02
W10004_0308/PHZ51.IAH4.2021,W10004_0308/PHZ51
W10004_0309/PHK76.IAH4.2021,W10004_0309/PHK76
W10004_0309/PHP02.IAH4.2021,W10004_0309/PHP02
W10004_0309/PHZ51.IAH4.2021,W10004_0309/PHZ51
W10004_0310/PHK76.IAH4.2021,W10004_0310/PHK76
W10004_0310/PHP02.IAH4.2021,W10004_0310/PHP02
W10004_0310/PHZ51.IAH4.2021,W10004_0310/PHZ51
W10004_0311/PHK76.IAH4.2021,W10004_0311/PHK76
W10004_0311/PHP02.IAH4.2021,W10004_0311/PHP02
W10004_0311/PHZ51.IAH4.2021,W10004_0311/PHZ51
W10004_0327/PHK76.IAH4.2021,W10004_0327/PHK76
W10004_0327/PHP02.IAH4.2021,W10004_0327/PHP02
W10004_0327/PHZ51.IAH4.2021,W10004_0327/PHZ51
W10004_0329/PHK76.IAH4.2021,W10004_0329/PHK76
W10004_0329/PHP02.IAH4.2021,W10004_0329/PHP02
W10004_0329/PHZ51.IAH4.2021,W10004_0329/PHZ51
W10004_0336/PHK76.IAH4.2021,W10004_0336/PHK76
W10004_0336/PHP02.IAH4.2021,W10004_0336/PHP02
W10004_0344/PHK76.IAH4.2021,W10004_0344/PHK76
W10004_0344/PHP02.IAH4.2021,W10004_0344/PHP02
W10004_0344/PHZ51.IAH4.2021,W10004_0344/PHZ51
W10004_0346/PHK76.IAH4.2021,W10004_0346/PHK76
W10004_0346/PHP02.IAH4.2021,W10004_0346/PHP02
W10004_0346/PHZ51.IAH4.2021,W10004_0346/PHZ51
W10004_0361/PHK76.IAH4.2021,W10004_0361/PHK76
W10004_0361/PHP02.IAH4.2021,W10004_0361/PHP02
W10004_0361/PHZ51.IAH4.2021,W10004_0361/PHZ51
W10004_0362/PHK76.IAH4.2021,W10004_0362/PHK76
W10004_0362/PHP02.IAH4.2021,W10004_0362/PHP02
W10004_0362/PHZ51.IAH4.2021,W10004_0362/PHZ51
W10004_0380/PHK76.IAH4.2021,W10004_0380/PHK76
W10004_0380/PHP02.IAH4.2021,W10004_0380/PHP02
W10004_0380/PHZ51.IAH4.2021,W10004_0380/PHZ51
W10004_0381/PHK76.IAH4.2021,W10004_0381/PHK76
W10004_0381/PHP02.IAH4.2021,W10004_0381/PHP02
W10004_0381/PHZ51.IAH4.2021,W10004_0381/PHZ51
W10004_0383/PHK76.IAH4.2021,W10004_0383/PHK76
W10004_0383/PHP02.IAH4.2021,W10004_0383/PHP02
W10004_0383/PHZ51.IAH4.2021,W10004_0383/PHZ51
W10004_0389/PHK76.IAH4.2021,W10004_0389/PHK76
W10004_0389/PHP02.IAH4.2021,W10004_0389/PHP02
W10004_0389/PHZ51.IAH4.2021,W10004_0389/PHZ51
W10004_0393/PHK76.IAH4.2021,W10004_0393/PHK76
W10004_0393/PHP02.IAH4.2021,W10004_0393/PHP02
W10004_0393/PHZ51.IAH4.2021,W10004_0393/PHZ51
W10004_0394/PHK76.IAH4.2021,W10004_0394/PHK76
W10004_0394/PHP02.IAH4.2021,W10004_0394/PHP02
W10004_0394/PHZ51.IAH4.2021,W10004_0394/PHZ51
W10004_0395/PHK76.IAH4.2021,W10004_0395/PHK76
W10004_0395/PHP02.IAH4.2021,W10004_0395/PHP02
W10004_0395/PHZ51.IAH4.2021,W10004_0395/PHZ51
W10004_0396/PHK76.IAH4.2021,W10004_0396/PHK76
W10004_0396/PHP02.IAH4.2021,W10004_0396/PHP02
W10004_0396/PHZ51.IAH4.2021,W10004_0396/PHZ51
W10004_0403/PHK76.IAH4.2021,W10004_0403/PHK76
W10004_0403/PHP02.IAH4.2021,W10004_0403/PHP02
W10004_0403/PHZ51.IAH4.2021,W10004_0403/PHZ51
W10004_0409/PHK76.IAH4.2021,W10004_0409/PHK76
W10004_0409/PHP02.IAH4.2021,W10004_0409/PHP02
W10004_0409/PHZ51.IAH4.2021,W10004_0409/PHZ51
W10004_0410/PHP02.IAH4.2021,W10004_0410/PHP02
W10004_0412/PHK76.IAH4.2021,W10004_0412/PHK76
W10004_0412/PHP02.IAH4.2021,W10004_0412/PHP02
W10004_0412/PHZ51.IAH4.2021,W10004_0412/PHZ51
W10004_0417/PHK76.IAH4.2021,W10004_0417/PHK76
W10004_0417/PHP02.IAH4.2021,W10004_0417/PHP02
W10004_0417/PHZ51.IAH4.2021,W10004_0417/PHZ51
W10004_0419/PHK76.IAH4.2021,W10004_0419/PHK76
W10004_0419/PHP02.IAH4.2021,W10004_0419/PHP02
W10004_0419/PHZ51.IAH4.2021,W10004_0419/PHZ51
W10004_0424/PHK76.IAH4.2021,W10004_0424/PHK76
W10004_0424/PHP02.IAH4.2021,W10004_0424/PHP02
W10004_0427/PHK76.IAH4.2021,W10004_0427/PHK76
W10004_0427/PHP02.IAH4.2021,W10004_0427/PHP02
W10004_0427/PHZ51.IAH4.2021,W10004_0427/PHZ51
W10004_0430/PHK76.IAH4.2021,W10004_0430/PHK76
W10004_0430/PHP02.IAH4.2021,W10004_0430/PHP02
W10004_0430/PHZ51.IAH4.2021,W10004_0430/PHZ51
W10004_0465/PHK76.IAH4.2021,W10004_0465/PHK76
W10004_0465/PHP02.IAH4.2021,W10004_0465/PHP02
W10004_0465/PHZ51.IAH4.2021,W10004_0465/PHZ51
W10004_0467/PHK76.IAH4.2021,W10004_0467/PHK76
W10004_0467/PHP02.IAH4.2021,W10004_0467/PHP02
W10004_0467/PHZ51.IAH4.2021,W10004_0467/PHZ51
W10004_0474/PHK76.IAH4.2021,W10004_0474/PHK76
W10004_0474/PHP02.IAH4.2021,W10004_0474/PHP02
W10004_0474/PHZ51.IAH4.2021,W10004_0474/PHZ51
W10004_0476/PHK76.IAH4.2021,W10004_0476/PHK76
W10004_0476/PHP02.IAH4.2021,W10004_0476/PHP02
W10004_0476/PHZ51.IAH4.2021,W10004_0476/PHZ51
W10004_0487/PHK76.IAH4.2021,W10004_0487/PHK76
W10004_0487/PHP02.IAH4.2021,W10004_0487/PHP02
W10004_0487/PHZ51.IAH4.2021,W10004_0487/PHZ51
W10004_0498/PHK76.IAH4.2021,W10004_0498/PHK76
W10004_0498/PHP02.IAH4.2021,W10004_0498/PHP02
W10004_0498/PHZ51.IAH4.2021,W10004_0498/PHZ51
W10004_0501/PHK76.IAH4.2021,W10004_0501/PHK76
W10004_0501/PHP02.IAH4.2021,W10004_0501/PHP02
W10004_0505/PHK76.IAH4.2021,W10004_0505/PHK76
W10004_0505/PHP02.IAH4.2021,W10004_0505/PHP02
W10004_0505/PHZ51.IAH4.2021,W10004_0505/PHZ51
W10004_0601/PHK76.IAH4.2021,W10004_0601/PHK76
W10004_0601/PHP02.IAH4.2021,W10004_0601/PHP02
W10004_0601/PHZ51.IAH4.2021,W10004_0601/PHZ51
W10004_0602/PHK76.IAH4.2021,W10004_0602/PHK76
W10004_0602/PHP02.IAH4.2021,W10004_0602/PHP02
W10004_0602/PHZ51.IAH4.2021,W10004_0602/PHZ51
W10004_0608/PHK76.IAH4.2021,W10004_0608/PHK76
W10004_0608/PHP02.IAH4.2021,W10004_0608/PHP02
W10004_0608/PHZ51.IAH4.2021,W10004_0608/PHZ51
W10004_0612/PHK76.IAH4.2021,W10004_0612/PHK76
W10004_0612/PHP02.IAH4.2021,W10004_0612/PHP02
W10004_0612/PHZ51.IAH4.2021,W10004_0612/PHZ51
W10004_0614/PHK76.IAH4.2021,W10004_0614/PHK76
W10004_0614/PHP02.IAH4.2021,W10004_0614/PHP02
W10004_0614/PHZ51.IAH4.2021,W10004_0614/PHZ51
W10004_0616/PHK76.IAH4.2021,W10004_0616/PHK76
W10004_0616/PHP02.IAH4.2021,W10004_0616/PHP02
W10004_0616/PHZ51.IAH4.2021,W10004_0616/PHZ51
W10004_0618/PHK76.IAH4.2021,W10004_0618/PHK76
W10004_0618/PHP02.IAH4.2021,W10004_0618/PHP02
W10004_0618/PHZ51.IAH4.2021,W10004_0618/PHZ51
W10004_0619/PHK76.IAH4.2021,W10004_0619/PHK76
W10004_0619/PHP02.IAH4.2021,W10004_0619/PHP02
W10004_0619/PHZ51.IAH4.2021,W10004_0619/PHZ51
W10004_0620/PHK76.IAH4.2021,W10004_0620/PHK76
W10004_0620/PHP02.IAH4.2021,W10004_0620/PHP02
W10004_0620/PHZ51.IAH4.2021,W10004_0620/PHZ51
W10004_0622/PHK76.IAH4.2021,W10004_0622/PHK76
W10004_0622/PHP02.IAH4.2021,W10004_0622/PHP02
W10004_0622/PHZ51.IAH4.2021,W10004_0622/PHZ51
W10004_0624/PHK76.IAH4.2021,W10004_0624/PHK76
W10004_0624/PHP02.IAH4.2021,W10004_0624/PHP02
W10004_0624/PHZ51.IAH4.2021,W10004_0624/PHZ51
W10004_0625/PHK76.IAH4.2021,W10004_0625/PHK76
W10004_0625/PHP02.IAH4.2021,W10004_0625/PHP02
W10004_0625/PHZ51.IAH4.2021,W10004_0625/PHZ51
W10004_0626/PHK76.IAH4.2021,W10004_0626/PHK76
W10004_0626/PHP02.IAH4.2021,W10004_0626/PHP02
W10004_0626/PHZ51.IAH4.2021,W10004_0626/PHZ51
W10004_0628/PHK76.IAH4.2021,W10004_0628/PHK76
W10004_0628/PHP02.IAH4.2021,W10004_0628/PHP02
W10004_0628/PHZ51.IAH4.2021,W10004_0628/PHZ51
W10004_0631/PHK76.IAH4.2021,W10004_0631/PHK76
W10004_0631/PHP02.IAH4.2021,W10004_0631/PHP02
W10004_0631/PHZ51.IAH4.2021,W10004_0631/PHZ51
W10004_0632/PHK76.IAH4.2021,W10004_0632/PHK76
W10004_0632/PHP02.IAH4.2021,W10004_0632/PHP02
W10004_0632/PHZ51.IAH4.2021,W10004_0632/PHZ51
W10004_0636/PHK76.IAH4.2021,W10004_0636/PHK76
W10004_0636/PHP02.IAH4.2021,W10004_0636/PHP02
W10004_0636/PHZ51.IAH4.2021,W10004_0636/PHZ51
W10004_0637/PHK76.IAH4.2021,W10004_0637/PHK76
W10004_0637/PHP02.IAH4.2021,W10004_0637/PHP02
W10004_0637/PHZ51.IAH4.2021,W10004_0637/PHZ51
W10004_0639/PHK76.IAH4.2021,W10004_0639/PHK76
W10004_0639/PHP02.IAH4.2021,W10004_0639/PHP02
W10004_0639/PHZ51.IAH4.2021,W10004_0639/PHZ51
W10004_0644/PHK76.IAH4.2021,W10004_0644/PHK76
W10004_0644/PHP02.IAH4.2021,W10004_0644/PHP02
W10004_0644/PHZ51.IAH4.2021,W10004_0644/PHZ51
W10004_0645/PHK76.IAH4.2021,W10004_0645/PHK76
W10004_0645/PHP02.IAH4.2021,W10004_0645/PHP02
W10004_0645/PHZ51.IAH4.2021,W10004_0645/PHZ51
W10004_0646/PHK76.IAH4.2021,W10004_0646/PHK76
W10004_0646/PHP02.IAH4.2021,W10004_0646/PHP02
W10004_0646/PHZ51.IAH4.2021,W10004_0646/PHZ51
W10004_0649/PHK76.IAH4.2021,W10004_0649/PHK76
W10004_0649/PHP02.IAH4.2021,W10004_0649/PHP02
W10004_0649/PHZ51.IAH4.2021,W10004_0649/PHZ51
W10004_0650/PHK76.IAH4.2021,W10004_0650/PHK76
W10004_0650/PHP02.IAH4.2021,W10004_0650/PHP02
W10004_0650/PHZ51.IAH4.2021,W10004_0650/PHZ51
W10004_0651/PHK76.IAH4.2021,W10004_0651/PHK76
W10004_0651/PHP02.IAH4.2021,W10004_0651/PHP02
W10004_0651/PHZ51.IAH4.2021,W10004_0651/PHZ51
W10004_0654/PHK76.IAH4.2021,W10004_0654/PHK76
W10004_0654/PHP02.IAH4.2021,W10004_0654/PHP02
W10004_0654/PHZ51.IAH4.2021,W10004_0654/PHZ51
W10004_0658/PHK76.IAH4.2021,W10004_0658/PHK76
W10004_0658/PHP02.IAH4.2021,W10004_0658/PHP02
W10004_0658/PHZ51.IAH4.2021,W10004_0658/PHZ51
W10004_0659/PHK76.IAH4.2021,W10004_0659/PHK76
W10004_0659/PHP02.IAH4.2021,W10004_0659/PHP02
W10004_0661/PHK76.IAH4.2021,W10004_0661/PHK76
W10004_0661/PHP02.IAH4.2021,W10004_0661/PHP02
W10004_0661/PHZ51.IAH4.2021,W10004_0661/PHZ51
W10004_0664/PHK76.IAH4.2021,W10004_0664/PHK76
W10004_0664/PHP02.IAH4.2021,W10004_0664/PHP02
W10004_0664/PHZ51.IAH4.2021,W10004_0664/PHZ51
W10004_0667/PHK76.IAH4.2021,W10004_0667/PHK76
W10004_0667/PHP02.IAH4.2021,W10004_0667/PHP02
W10004_0667/PHZ51.IAH4.2021,W10004_0667/PHZ51
W10004_0669/PHK76.IAH4.2021,W10004_0669/PHK76
W10004_0669/PHP02.IAH4.2021,W10004_0669/PHP02
W10004_0669/PHZ51.IAH4.2021,W10004_0669/PHZ51
W10004_0672/PHK76.IAH4.2021,W10004_0672/PHK76
W10004_0672/PHP02.IAH4.2021,W10004_0672/PHP02
W10004_0672/PHZ51.IAH4.2021,W10004_0672/PHZ51
W10004_0673/PHK76.IAH4.2021,W10004_0673/PHK76
W10004_0673/PHP02.IAH4.2021,W10004_0673/PHP02
W10004_0673/PHZ51.IAH4.2021,W10004_0673/PHZ51
W10004_0674/PHK76.IAH4.2021,W10004_0674/PHK76
W10004_0674/PHP02.IAH4.2021,W10004_0674/PHP02
W10004_0674/PHZ51.IAH4.2021,W10004_0674/PHZ51
W10004_0675/PHK76.IAH4.2021,W10004_0675/PHK76
W10004_0675/PHP02.IAH4.2021,W10004_0675/PHP02
W10004_0675/PHZ51.IAH4.2021,W10004_0675/PHZ51
W10004_0678/PHK76.IAH4.2021,W10004_0678/PHK76
W10004_0678/PHP02.IAH4.2021,W10004_0678/PHP02
W10004_0678/PHZ51.IAH4.2021,W10004_0678/PHZ51
W10004_0680/PHK76.IAH4.2021,W10004_0680/PHK76
W10004_0680/PHP02.IAH4.2021,W10004_0680/PHP02
W10004_0680/PHZ51.IAH4.2021,W10004_0680/PHZ51
W10004_0682/PHK76.IAH4.2021,W10004_0682/PHK76
W10004_0682/PHP02.IAH4.2021,W10004_0682/PHP02
W10004_0682/PHZ51.IAH4.2021,W10004_0682/PHZ51
W10004_0684/PHK76.IAH4.2021,W10004_0684/PHK76
W10004_0684/PHP02.IAH4.2021,W10004_0684/PHP02
W10004_0684/PHZ51.IAH4.2021,W10004_0684/PHZ51
W10004_0685/PHK76.IAH4.2021,W10004_0685/PHK76
W10004_0685/PHP02.IAH4.2021,W10004_0685/PHP02
W10004_0685/PHZ51.IAH4.2021,W10004_0685/PHZ51
W10004_0687/PHK76.IAH4.2021,W10004_0687/PHK76
W10004_0687/PHP02.IAH4.2021,W10004_0687/PHP02
W10004_0687/PHZ51.IAH4.2021,W10004_0687/PHZ51
W10004_0688/PHK76.IAH4.2021,W10004_0688/PHK76
W10004_0688/PHP02.IAH4.2021,W10004_0688/PHP02
W10004_0688/PHZ51.IAH4.2021,W10004_0688/PHZ51
W10004_0689/PHK76.IAH4.2021,W10004_0689/PHK76
W10004_0689/PHP02.IAH4.2021,W10004_0689/PHP02
W10004_0691/PHK76.IAH4.2021,W10004_0691/PHK76
W10004_0691/PHP02.IAH4.2021,W10004_0691/PHP02
W10004_0691/PHZ51.IAH4.2021,W10004_0691/PHZ51
W10004_0695/PHK76.IAH4.2021,W10004_0695/PHK76
W10004_0695/PHP02.IAH4.2021,W10004_0695/PHP02
W10004_0695/PHZ51.IAH4.2021,W10004_0695/PHZ51
W10004_0696/PHK76.IAH4.2021,W10004_0696/PHK76
W10004_0696/PHP02.IAH4.2021,W10004_0696/PHP02
W10004_0696/PHZ51.IAH4.2021,W10004_0696/PHZ51
W10004_0697/PHK76.IAH4.2021,W10004_0697/PHK76
W10004_0697/PHP02.IAH4.2021,W10004_0697/PHP02
W10004_0697/PHZ51.IAH4.2021,W10004_0697/PHZ51
W10004_0701/PHK76.IAH4.2021,W10004_0701/PHK76
W10004_0701/PHP02.IAH4.2021,W10004_0701/PHP02
W10004_0701/PHZ51.IAH4.2021,W10004_0701/PHZ51
W10004_0702/PHK76.IAH4.2021,W10004_0702/PHK76
W10004_0702/PHP02.IAH4.2021,W10004_0702/PHP02
W10004_0702/PHZ51.IAH4.2021,W10004_0702/PHZ51
W10004_0703/PHK76.IAH4.2021,W10004_0703/PHK76
W10004_0703/PHP02.IAH4.2021,W10004_0703/PHP02
W10004_0703/PHZ51.IAH4.2021,W10004_0703/PHZ51
W10004_0704/PHK76.IAH4.2021,W10004_0704/PHK76
W10004_0704/PHP02.IAH4.2021,W10004_0704/PHP02
W10004_0704/PHZ51.IAH4.2021,W10004_0704/PHZ51
W10004_0705/PHK76.IAH4.2021,W10004_0705/PHK76
W10004_0705/PHP02.IAH4.2021,W10004_0705/PHP02
W10004_0705/PHZ51.IAH4.2021,W10004_0705/PHZ51
W10004_0707/PHK76.IAH4.2021,W10004_0707/PHK76
W10004_0707/PHP02.IAH4.2021,W10004_0707/PHP02
W10004_0707/PHZ51.IAH4.2021,W10004_0707/PHZ51
W10004_0711/PHK76.IAH4.2021,W10004_0711/PHK76
W10004_0711/PHP02.IAH4.2021,W10004_0711/PHP02
W10004_0711/PHZ51.IAH4.2021,W10004_0711/PHZ51
W10004_0712/PHK76.IAH4.2021,W10004_0712/PHK76
W10004_0712/PHP02.IAH4.2021,W10004_0712/PHP02
W10004_0712/PHZ51.IAH4.2021,W10004_0712/PHZ51
W10004_0713/PHK76.IAH4.2021,W10004_0713/PHK76
W10004_0713/PHP02.IAH4.2021,W10004_0713/PHP02
W10004_0713/PHZ51.IAH4.2021,W10004_0713/PHZ51
W10004_0714/PHK76.IAH4.2021,W10004_0714/PHK76
W10004_0714/PHP02.IAH4.2021,W10004_0714/PHP02
W10004_0714/PHZ51.IAH4.2021,W10004_0714/PHZ51
W10004_0715/PHK76.IAH4.2021,W10004_0715/PHK76
W10004_0715/PHP02.IAH4.2021,W10004_0715/PHP02
W10004_0715/PHZ51.IAH4.2021,W10004_0715/PHZ51
W10004_0717/PHK76.IAH4.2021,W10004_0717/PHK76
W10004_0717/PHP02.IAH4.2021,W10004_0717/PHP02
W10004_0717/PHZ51.IAH4.2021,W10004_0717/PHZ51
W10004_0723/PHK76.IAH4.2021,W10004_0723/PHK76
W10004_0723/PHP02.IAH4.2021,W10004_0723/PHP02
W10004_0723/PHZ51.IAH4.2021,W10004_0723/PHZ51
W10004_0727/PHK76.IAH4.2021,W10004_0727/PHK76
W10004_0727/PHP02.IAH4.2021,W10004_0727/PHP02
W10004_0727/PHZ51.IAH4.2021,W10004_0727/PHZ51
W10004_0729/PHK76.IAH4.2021,W10004_0729/PHK76
W10004_0729/PHP02.IAH4.2021,W10004_0729/PHP02
W10004_0729/PHZ51.IAH4.2021,W10004_0729/PHZ51
W10004_0732/PHK76.IAH4.2021,W10004_0732/PHK76
W10004_0732/PHP02.IAH4.2021,W10004_0732/PHP02
W10004_0732/PHZ51.IAH4.2021,W10004_0732/PHZ51
W10004_0733/PHK76.IAH4.2021,W10004_0733/PHK76
W10004_0733/PHP02.IAH4.2021,W10004_0733/PHP02
W10004_0733/PHZ51.IAH4.2021,W10004_0733/PHZ51
W10004_0734/PHK76.IAH4.2021,W10004_0734/PHK76
W10004_0734/PHP02.IAH4.2021,W10004_0734/PHP02
W10004_0734/PHZ51.IAH4.2021,W10004_0734/PHZ51
W10004_0736/PHK76.IAH4.2021,W10004_0736/PHK76
W10004_0736/PHP02.IAH4.2021,W10004_0736/PHP02
W10004_0736/PHZ51.IAH4.2021,W10004_0736/PHZ51
W10004_0741/PHK76.IAH4.2021,W10004_0741/PHK76
W10004_0741/PHP02.IAH4.2021,W10004_0741/PHP02
W10004_0741/PHZ51.IAH4.2021,W10004_0741/PHZ51
W10004_0745/PHK76.IAH4.2021,W10004_0745/PHK76
W10004_0745/PHP02.IAH4.2021,W10004_0745/PHP02
W10004_0745/PHZ51.IAH4.2021,W10004_0745/PHZ51
W10004_0746/PHK76.IAH4.2021,W10004_0746/PHK76
W10004_0746/PHP02.IAH4.2021,W10004_0746/PHP02
W10004_0746/PHZ51.IAH4.2021,W10004_0746/PHZ51
W10004_0747/PHK76.IAH4.2021,W10004_0747/PHK76
W10004_0747/PHP02.IAH4.2021,W10004_0747/PHP02
W10004_0747/PHZ51.IAH4.2021,W10004_0747/PHZ51
W10004_0751/PHK76.IAH4.2021,W10004_0751/PHK76
W10004_0751/PHP02.IAH4.2021,W10004_0751/PHP02
W10004_0751/PHZ51.IAH4.2021,W10004_0751/PHZ51
W10004_0754/PHK76.IAH4.2021,W10004_0754/PHK76
W10004_0754/PHP02.IAH4.2021,W10004_0754/PHP02
W10004_0754/PHZ51.IAH4.2021,W10004_0754/PHZ51
W10004_0756/PHK76.IAH4.2021,W10004_0756/PHK76
W10004_0756/PHP02.IAH4.2021,W10004_0756/PHP02
W10004_0756/PHZ51.IAH4.2021,W10004_0756/PHZ51
W10004_0757/PHK76.IAH4.2021,W10004_0757/PHK76
W10004_0757/PHP02.IAH4.2021,W10004_0757/PHP02
W10004_0757/PHZ51.IAH4.2021,W10004_0757/PHZ51
W10004_0760/PHK76.IAH4.2021,W10004_0760/PHK76
W10004_0760/PHP02.IAH4.2021,W10004_0760/PHP02
W10004_0760/PHZ51.IAH4.2021,W10004_0760/PHZ51
W10004_0768/PHK76.IAH4.2021,W10004_0768/PHK76
W10004_0768/PHP02.IAH4.2021,W10004_0768/PHP02
W10004_0768/PHZ51.IAH4.2021,W10004_0768/PHZ51
W10004_0771/PHK76.IAH4.2021,W10004_0771/PHK76
W10004_0771/PHP02.IAH4.2021,W10004_0771/PHP02
W10004_0771/PHZ51.IAH4.2021,W10004_0771/PHZ51
W10004_0773/PHK76.IAH4.2021,W10004_0773/PHK76
W10004_0773/PHP02.IAH4.2021,W10004_0773/PHP02
W10004_0773/PHZ51.IAH4.2021,W10004_0773/PHZ51
W10004_0774/PHK76.IAH4.2021,W10004_0774/PHK76
W10004_0774/PHP02.IAH4.2021,W10004_0774/PHP02
W10004_0774/PHZ51.IAH4.2021,W10004_0774/PHZ51
W10004_0775/PHK76.IAH4.2021,W10004_0775/PHK76
W10004_0775/PHP02.IAH4.2021,W10004_0775/PHP02
W10004_0775/PHZ51.IAH4.2021,W10004_0775/PHZ51
W10004_0776/PHK76.IAH4.2021,W10004_0776/PHK76
W10004_0776/PHP02.IAH4.2021,W10004_0776/PHP02
W10004_0776/PHZ51.IAH4.2021,W10004_0776/PHZ51
W10004_0779/PHK76.IAH4.2021,W10004_0779/PHK76
W10004_0779/PHP02.IAH4.2021,W10004_0779/PHP02
W10004_0779/PHZ51.IAH4.2021,W10004_0779/PHZ51
W10004_0781/PHK76.IAH4.2021,W10004_0781/PHK76
W10004_0781/PHP02.IAH4.2021,W10004_0781/PHP02
W10004_0781/PHZ51.IAH4.2021,W10004_0781/PHZ51
W10004_0782/PHK76.IAH4.2021,W10004_0782/PHK76
W10004_0782/PHP02.IAH4.2021,W10004_0782/PHP02
W10004_0782/PHZ51.IAH4.2021,W10004_0782/PHZ51
W10004_0783/PHK76.IAH4.2021,W10004_0783/PHK76
W10004_0783/PHP02.IAH4.2021,W10004_0783/PHP02
W10004_0783/PHZ51.IAH4.2021,W10004_0783/PHZ51
W10004_0784/PHK76.IAH4.2021,W10004_0784/PHK76
W10004_0784/PHP02.IAH4.2021,W10004_0784/PHP02
W10004_0784/PHZ51.IAH4.2021,W10004_0784/PHZ51
W10004_0787/PHK76.IAH4.2021,W10004_0787/PHK76
W10004_0787/PHP02.IAH4.2021,W10004_0787/PHP02
W10004_0787/PHZ51.IAH4.2021,W10004_0787/PHZ51
W10004_0789/PHK76.IAH4.2021,W10004_0789/PHK76
W10004_0789/PHP02.IAH4.2021,W10004_0789/PHP02
W10004_0789/PHZ51.IAH4.2021,W10004_0789/PHZ51
W10004_0792/PHK76.IAH4.2021,W10004_0792/PHK76
W10004_0792/PHP02.IAH4.2021,W10004_0792/PHP02
W10004_0792/PHZ51.IAH4.2021,W10004_0792/PHZ51
W10004_0794/PHK76.IAH4.2021,W10004_0794/PHK76
W10004_0794/PHP02.IAH4.2021,W10004_0794/PHP02
W10004_0794/PHZ51.IAH4.2021,W10004_0794/PHZ51
W10004_0795/PHK76.IAH4.2021,W10004_0795/PHK76
W10004_0795/PHP02.IAH4.2021,W10004_0795/PHP02
W10004_0795/PHZ51.IAH4.2021,W10004_0795/PHZ51
W10004_0798/PHK76.IAH4.2021,W10004_0798/PHK76
W10004_0798/PHP02.IAH4.2021,W10004_0798/PHP02
W10004_0798/PHZ51.IAH4.2021,W10004_0798/PHZ51
W10004_0799/PHK76.IAH4.2021,W10004_0799/PHK76
W10004_0799/PHP02.IAH4.2021,W10004_0799/PHP02
W10004_0799/PHZ51.IAH4.2021,W10004_0799/PHZ51
W10004_0800/PHK76.IAH4.2021,W10004_0800/PHK76
W10004_0800/PHP02.IAH4.2021,W10004_0800/PHP02
W10004_0800/PHZ51.IAH4.2021,W10004_0800/PHZ51
W10004_0801/PHK76.IAH4.2021,W10004_0801/PHK76
W10004_0801/PHP02.IAH4.2021,W10004_0801/PHP02
W10004_0801/PHZ51.IAH4.2021,W10004_0801/PHZ51
W10004_0802/PHK76.IAH4.2021,W10004_0802/PHK76
W10004_0802/PHP02.IAH4.2021,W10004_0802/PHP02
W10004_0802/PHZ51.IAH4.2021,W10004_0802/PHZ51
W10004_0803/PHK76.IAH4.2021,W10004_0803/PHK76
W10004_0803/PHP02.IAH4.2021,W10004_0803/PHP02
W10004_0803/PHZ51.IAH4.2021,W10004_0803/PHZ51
W10004_0806/PHK76.IAH4.2021,W10004_0806/PHK76
W10004_0806/PHP02.IAH4.2021,W10004_0806/PHP02
W10004_0807/PHK76.IAH4.2021,W10004_0807/PHK76
W10004_0807/PHP02.IAH4.2021,W10004_0807/PHP02
W10004_0807/PHZ51.IAH4.2021,W10004_0807/PHZ51
W10004_0812/PHK76.IAH4.2021,W10004_0812/PHK76
W10004_0812/PHP02.IAH4.2021,W10004_0812/PHP02
W10004_0812/PHZ51.IAH4.2021,W10004_0812/PHZ51
W10004_0814/PHK76.IAH4.2021,W10004_0814/PHK76
W10004_0814/PHP02.IAH4.2021,W10004_0814/PHP02
W10004_0814/PHZ51.IAH4.2021,W10004_0814/PHZ51
W10004_0815/PHK76.IAH4.2021,W10004_0815/PHK76
W10004_0815/PHP02.IAH4.2021,W10004_0815/PHP02
W10004_0815/PHZ51.IAH4.2021,W10004_0815/PHZ51
W10004_0818/PHK76.IAH4.2021,W10004_0818/PHK76
W10004_0818/PHP02.IAH4.2021,W10004_0818/PHP02
W10004_0818/PHZ51.IAH4.2021,W10004_0818/PHZ51
W10004_0819/PHK76.IAH4.2021,W10004_0819/PHK76
W10004_0819/PHP02.IAH4.2021,W10004_0819/PHP02
W10004_0819/PHZ51.IAH4.2021,W10004_0819/PHZ51
W10004_0820/PHK76.IAH4.2021,W10004_0820/PHK76
W10004_0820/PHP02.IAH4.2021,W10004_0820/PHP02
W10004_0820/PHZ51.IAH4.2021,W10004_0820/PHZ51
W10004_0822/PHK76.IAH4.2021,W10004_0822/PHK76
W10004_0822/PHP02.IAH4.2021,W10004_0822/PHP02
W10004_0822/PHZ51.IAH4.2021,W10004_0822/PHZ51
W10004_0823/PHK76.IAH4.2021,W10004_0823/PHK76
W10004_0823/PHP02.IAH4.2021,W10004_0823/PHP02
W10004_0823/PHZ51.IAH4.2021,W10004_0823/PHZ51
W10004_0826/PHK76.IAH4.2021,W10004_0826/PHK76
W10004_0826/PHP02.IAH4.2021,W10004_0826/PHP02
W10004_0826/PHZ51.IAH4.2021,W10004_0826/PHZ51
W10004_0827/PHK76.IAH4.2021,W10004_0827/PHK76
W10004_0827/PHP02.IAH4.2021,W10004_0827/PHP02
W10004_0827/PHZ51.IAH4.2021,W10004_0827/PHZ51
W10004_0828/PHK76.IAH4.2021,W10004_0828/PHK76
W10004_0828/PHP02.IAH4.2021,W10004_0828/PHP02
W10004_0828/PHZ51.IAH4.2021,W10004_0828/PHZ51
W10004_0830/PHK76.IAH4.2021,W10004_0830/PHK76
W10004_0830/PHP02.IAH4.2021,W10004_0830/PHP02
W10004_0830/PHZ51.IAH4.2021,W10004_0830/PHZ51
W10004_0832/PHK76.IAH4.2021,W10004_0832/PHK76
W10004_0832/PHP02.IAH4.2021,W10004_0832/PHP02
W10004_0833/PHK76.IAH4.2021,W10004_0833/PHK76
W10004_0833/PHP02.IAH4.2021,W10004_0833/PHP02
W10004_0833/PHZ51.IAH4.2021,W10004_0833/PHZ51
W10004_0834/PHK76.IAH4.2021,W10004_0834/PHK76
W10004_0834/PHP02.IAH4.2021,W10004_0834/PHP02
W10004_0834/PHZ51.IAH4.2021,W10004_0834/PHZ51
W10004_0836/PHK76.IAH4.2021,W10004_0836/PHK76
W10004_0836/PHP02.IAH4.2021,W10004_0836/PHP02
W10004_0836/PHZ51.IAH4.2021,W10004_0836/PHZ51
W10004_0837/PHK76.IAH4.2021,W10004_0837/PHK76
W10004_0837/PHP02.IAH4.2021,W10004_0837/PHP02
W10004_0837/PHZ51.IAH4.2021,W10004_0837/PHZ51
W10004_0840/PHK76.IAH4.2021,W10004_0840/PHK76
W10004_0840/PHP02.IAH4.2021,W10004_0840/PHP02
W10004_0840/PHZ51.IAH4.2021,W10004_0840/PHZ51
W10004_0842/PHK76.IAH4.2021,W10004_0842/PHK76
W10004_0842/PHP02.IAH4.2021,W10004_0842/PHP02
W10004_0842/PHZ51.IAH4.2021,W10004_0842/PHZ51
W10004_0843/PHK76.IAH4.2021,W10004_0843/PHK76
W10004_0843/PHP02.IAH4.2021,W10004_0843/PHP02
W10004_0843/PHZ51.IAH4.2021,W10004_0843/PHZ51
W10004_0844/PHK76.IAH4.2021,W10004_0844/PHK76
W10004_0844/PHP02.IAH4.2021,W10004_0844/PHP02
W10004_0844/PHZ51.IAH4.2021,W10004_0844/PHZ51
W10004_0847/PHK76.IAH4.2021,W10004_0847/PHK76
W10004_0847/PHP02.IAH4.2021,W10004_0847/PHP02
W10004_0847/PHZ51.IAH4.2021,W10004_0847/PHZ51
W10004_0848/PHK76.IAH4.2021,W10004_0848/PHK76
W10004_0848/PHP02.IAH4.2021,W10004_0848/PHP02
W10004_0851/PHK76.IAH4.2021,W10004_0851/PHK76
W10004_0851/PHP02.IAH4.2021,W10004_0851/PHP02
W10004_0851/PHZ51.IAH4.2021,W10004_0851/PHZ51
W10004_0852/PHK76.IAH4.2021,W10004_0852/PHK76
W10004_0852/PHP02.IAH4.2021,W10004_0852/PHP02
W10004_0852/PHZ51.IAH4.2021,W10004_0852/PHZ51
W10004_0856/PHK76.IAH4.2021,W10004_0856/PHK76
W10004_0856/PHP02.IAH4.2021,W10004_0856/PHP02
W10004_0856/PHZ51.IAH4.2021,W10004_0856/PHZ51
W10004_0858/PHK76.IAH4.2021,W10004_0858/PHK76
W10004_0858/PHP02.IAH4.2021,W10004_0858/PHP02
W10004_0858/PHZ51.IAH4.2021,W10004_0858/PHZ51
W10004_0859/PHK76.IAH4.2021,W10004_0859/PHK76
W10004_0859/PHP02.IAH4.2021,W10004_0859/PHP02
W10004_0859/PHZ51.IAH4.2021,W10004_0859/PHZ51
W10004_0866/PHK76.IAH4.2021,W10004_0866/PHK76
W10004_0866/PHP02.IAH4.2021,W10004_0866/PHP02
W10004_0866/PHZ51.IAH4.2021,W10004_0866/PHZ51
W10004_0868/PHK76.IAH4.2021,W10004_0868/PHK76
W10004_0868/PHP02.IAH4.2021,W10004_0868/PHP02
W10004_0868/PHZ51.IAH4.2021,W10004_0868/PHZ51
W10004_0869/PHK76.IAH4.2021,W10004_0869/PHK76
W10004_0869/PHP02.IAH4.2021,W10004_0869/PHP02
W10004_0869/PHZ51.IAH4.2021,W10004_0869/PHZ51
W10004_0876/PHK76.IAH4.2021,W10004_0876/PHK76
W10004_0876/PHP02.IAH4.2021,W10004_0876/PHP02
W10004_0876/PHZ51.IAH4.2021,W10004_0876/PHZ51
W10004_0877/PHK76.IAH4.2021,W10004_0877/PHK76
W10004_0877/PHP02.IAH4.2021,W10004_0877/PHP02
W10004_0877/PHZ51.IAH4.2021,W10004_0877/PHZ51
W10004_0879/PHK76.IAH4.2021,W10004_0879/PHK76
W10004_0879/PHP02.IAH4.2021,W10004_0879/PHP02
W10004_0879/PHZ51.IAH4.2021,W10004_0879/PHZ51
W10004_0884/PHK76.IAH4.2021,W10004_0884/PHK76
W10004_0884/PHP02.IAH4.2021,W10004_0884/PHP02
W10004_0885/PHK76.IAH4.2021,W10004_0885/PHK76
W10004_0885/PHP02.IAH4.2021,W10004_0885/PHP02
W10004_0885/PHZ51.IAH4.2021,W10004_0885/PHZ51
W10004_0886/PHK76.IAH4.2021,W10004_0886/PHK76
W10004_0886/PHP02.IAH4.2021,W10004_0886/PHP02
W10004_0886/PHZ51.IAH4.2021,W10004_0886/PHZ51
W10004_0888/PHK76.IAH4.2021,W10004_0888/PHK76
W10004_0888/PHP02.IAH4.2021,W10004_0888/PHP02
W10004_0888/PHZ51.IAH4.2021,W10004_0888/PHZ51
W10004_0889/PHK76.IAH4.2021,W10004_0889/PHK76
W10004_0889/PHP02.IAH4.2021,W10004_0889/PHP02
W10004_0889/PHZ51.IAH4.2021,W10004_0889/PHZ51
W10004_0891/PHK76.IAH4.2021,W10004_0891/PHK76
W10004_0891/PHP02.IAH4.2021,W10004_0891/PHP02
W10004_0891/PHZ51.IAH4.2021,W10004_0891/PHZ51
W10004_0892/PHP02.IAH4.2021,W10004_0892/PHP02
W10004_0892/PHZ51.IAH4.2021,W10004_0892/PHZ51
W10004_0894/PHK76.IAH4.2021,W10004_0894/PHK76
W10004_0894/PHP02.IAH4.2021,W10004_0894/PHP02
W10004_0894/PHZ51.IAH4.2021,W10004_0894/PHZ51
W10004_0896/PHK76.IAH4.2021,W10004_0896/PHK76
W10004_0896/PHP02.IAH4.2021,W10004_0896/PHP02
W10004_0896/PHZ51.IAH4.2021,W10004_0896/PHZ51
W10004_0900/PHK76.IAH4.2021,W10004_0900/PHK76
W10004_0900/PHP02.IAH4.2021,W10004_0900/PHP02
W10004_0900/PHZ51.IAH4.2021,W10004_0900/PHZ51
W10004_0901/PHK76.IAH4.2021,W10004_0901/PHK76
W10004_0901/PHP02.IAH4.2021,W10004_0901/PHP02
W10004_0901/PHZ51.IAH4.2021,W10004_0901/PHZ51
W10004_0907/PHK76.IAH4.2021,W10004_0907/PHK76
W10004_0907/PHP02.IAH4.2021,W10004_0907/PHP02
W10004_0907/PHZ51.IAH4.2021,W10004_0907/PHZ51
W10004_0913/PHK76.IAH4.2021,W10004_0913/PHK76
W10004_0913/PHP02.IAH4.2021,W10004_0913/PHP02
W10004_0913/PHZ51.IAH4.2021,W10004_0913/PHZ51
W10004_0914/PHK76.IAH4.2021,W10004_0914/PHK76
W10004_0914/PHP02.IAH4.2021,W10004_0914/PHP02
W10004_0914/PHZ51.IAH4.2021,W10004_0914/PHZ51
W10004_0916/PHK76.IAH4.2021,W10004_0916/PHK76
W10004_0916/PHP02.IAH4.2021,W10004_0916/PHP02
W10004_0916/PHZ51.IAH4.2021,W10004_0916/PHZ51
W10004_0918/PHK76.IAH4.2021,W10004_0918/PHK76
W10004_0918/PHP02.IAH4.2021,W10004_0918/PHP02
W10004_0918/PHZ51.IAH4.2021,W10004_0918/PHZ51
W10004_0920/PHK76.IAH4.2021,W10004_0920/PHK76
W10004_0920/PHP02.IAH4.2021,W10004_0920/PHP02
W10004_0920/PHZ51.IAH4.2021,W10004_0920/PHZ51
W10004_0922/PHK76.IAH4.2021,W10004_0922/PHK76
W10004_0922/PHP02.IAH4.2021,W10004_0922/PHP02
W10004_0922/PHZ51.IAH4.2021,W10004_0922/PHZ51
W10004_0928/PHK76.IAH4.2021,W10004_0928/PHK76
W10004_0928/PHP02.IAH4.2021,W10004_0928/PHP02
W10004_0928/PHZ51.IAH4.2021,W10004_0928/PHZ51
W10004_0930/PHK76.IAH4.2021,W10004_0930/PHK76
W10004_0930/PHP02.IAH4.2021,W10004_0930/PHP02
W10004_0930/PHZ51.IAH4.2021,W10004_0930/PHZ51
W10004_0932/PHK76.IAH4.2021,W10004_0932/PHK76
W10004_0932/PHP02.IAH4.2021,W10004_0932/PHP02
W10004_0932/PHZ51.IAH4.2021,W10004_0932/PHZ51
W10004_0935/PHK76.IAH4.2021,W10004_0935/PHK76
W10004_0935/PHP02.IAH4.2021,W10004_0935/PHP02
W10004_0935/PHZ51.IAH4.2021,W10004_0935/PHZ51
W10004_0938/PHK76.IAH4.2021,W10004_0938/PHK76
W10004_0938/PHP02.IAH4.2021,W10004_0938/PHP02
W10004_0938/PHZ51.IAH4.2021,W10004_0938/PHZ51
W10004_0940/PHK76.IAH4.2021,W10004_0940/PHK76
W10004_0940/PHP02.IAH4.2021,W10004_0940/PHP02
W10004_0940/PHZ51.IAH4.2021,W10004_0940/PHZ51
W10004_0943/PHK76.IAH4.2021,W10004_0943/PHK76
W10004_0943/PHP02.IAH4.2021,W10004_0943/PHP02
W10004_0943/PHZ51.IAH4.2021,W10004_0943/PHZ51
W10004_0949/PHK76.IAH4.2021,W10004_0949/PHK76
W10004_0949/PHP02.IAH4.2021,W10004_0949/PHP02
W10004_0949/PHZ51.IAH4.2021,W10004_0949/PHZ51
W10004_0950/PHK76.IAH4.2021,W10004_0950/PHK76
W10004_0950/PHP02.IAH4.2021,W10004_0950/PHP02
W10004_0950/PHZ51.IAH4.2021,W10004_0950/PHZ51
W10004_0951/PHK76.IAH4.2021,W10004_0951/PHK76
W10004_0951/PHP02.IAH4.2021,W10004_0951/PHP02
W10004_0951/PHZ51.IAH4.2021,W10004_0951/PHZ51
W10004_0953/PHK76.IAH4.2021,W10004_0953/PHK76
W10004_0953/PHP02.IAH4.2021,W10004_0953/PHP02
W10004_0953/PHZ51.IAH4.2021,W10004_0953/PHZ51
W10004_0955/PHK76.IAH4.2021,W10004_0955/PHK76
W10004_0955/PHP02.IAH4.2021,W10004_0955/PHP02
W10004_0955/PHZ51.IAH4.2021,W10004_0955/PHZ51
W10004_0956/PHK76.IAH4.2021,W10004_0956/PHK76
W10004_0956/PHP02.IAH4.2021,W10004_0956/PHP02
W10004_0956/PHZ51.IAH4.2021,W10004_0956/PHZ51
W10004_0963/PHK76.IAH4.2021,W10004_0963/PHK76
W10004_0963/PHP02.IAH4.2021,W10004_0963/PHP02
W10004_0963/PHZ51.IAH4.2021,W10004_0963/PHZ51
W10004_0964/PHK76.IAH4.2021,W10004_0964/PHK76
W10004_0964/PHP02.IAH4.2021,W10004_0964/PHP02
W10004_0964/PHZ51.IAH4.2021,W10004_0964/PHZ51
W10004_0965/PHK76.IAH4.2021,W10004_0965/PHK76
W10004_0965/PHP02.IAH4.2021,W10004_0965/PHP02
W10004_0965/PHZ51.IAH4.2021,W10004_0965/PHZ51
W10004_0966/PHK76.IAH4.2021,W10004_0966/PHK76
W10004_0966/PHP02.IAH4.2021,W10004_0966/PHP02
W10004_0966/PHZ51.IAH4.2021,W10004_0966/PHZ51
W10004_0969/PHK76.IAH4.2021,W10004_0969/PHK76
W10004_0969/PHP02.IAH4.2021,W10004_0969/PHP02
W10004_0969/PHZ51.IAH4.2021,W10004_0969/PHZ51
W10004_0970/PHK76.IAH4.2021,W10004_0970/PHK76
W10004_0970/PHP02.IAH4.2021,W10004_0970/PHP02
W10004_0970/PHZ51.IAH4.2021,W10004_0970/PHZ51
W10004_0971/PHK76.IAH4.2021,W10004_0971/PHK76
W10004_0971/PHP02.IAH4.2021,W10004_0971/PHP02
W10004_0971/PHZ51.IAH4.2021,W10004_0971/PHZ51
W10004_0974/PHK76.IAH4.2021,W10004_0974/PHK76
W10004_0974/PHP02.IAH4.2021,W10004_0974/PHP02
W10004_0974/PHZ51.IAH4.2021,W10004_0974/PHZ51
W10004_0975/PHP02.IAH4.2021,W10004_0975/PHP02
W10004_0975/PHZ51.IAH4.2021,W10004_0975/PHZ51
W10004_0981/PHK76.IAH4.2021,W10004_0981/PHK76
W10004_0981/PHP02.IAH4.2021,W10004_0981/PHP02
W10004_0981/PHZ51.IAH4.2021,W10004_0981/PHZ51
W10004_0982/PHK76.IAH4.2021,W10004_0982/PHK76
W10004_0982/PHP02.IAH4.2021,W10004_0982/PHP02
W10004_0982/PHZ51.IAH4.2021,W10004_0982/PHZ51
W10004_0984/PHK76.IAH4.2021,W10004_0984/PHK76
W10004_0984/PHP02.IAH4.2021,W10004_0984/PHP02
W10004_0984/PHZ51.IAH4.2021,W10004_0984/PHZ51
W10004_0988/PHK76.IAH4.2021,W10004_0988/PHK76
W10004_0988/PHP02.IAH4.2021,W10004_0988/PHP02
W10004_0988/PHZ51.IAH4.2021,W10004_0988/PHZ51
W10004_0991/PHK76.IAH4.2021,W10004_0991/PHK76
W10004_0991/PHP02.IAH4.2021,W10004_0991/PHP02
W10004_0991/PHZ51.IAH4.2021,W10004_0991/PHZ51
W10004_0996/PHK76.IAH4.2021,W10004_0996/PHK76
W10004_0996/PHP02.IAH4.2021,W10004_0996/PHP02
W10004_0996/PHZ51.IAH4.2021,W10004_0996/PHZ51
W10004_0997/PHK76.IAH4.2021,W10004_0997/PHK76
W10004_0997/PHP02.IAH4.2021,W10004_0997/PHP02
W10004_0997/PHZ51.IAH4.2021,W10004_0997/PHZ51
W10004_1000/PHK76.IAH4.2021,W10004_1000/PHK76
W10004_1000/PHP02.IAH4.2021,W10004_1000/PHP02
W10004_1000/PHZ51.IAH4.2021,W10004_1000/PHZ51
W10004_1001/PHK76.IAH4.2021,W10004_1001/PHK76
W10004_1001/PHP02.IAH4.2021,W10004_1001/PHP02
W10004_1001/PHZ51.IAH4.2021,W10004_1001/PHZ51
W10004_1002/PHK76.IAH4.2021,W10004_1002/PHK76
W10004_1002/PHP02.IAH4.2021,W10004_1002/PHP02
W10004_1002/PHZ51.IAH4.2021,W10004_1002/PHZ51
W10004_1004/PHK76.IAH4.2021,W10004_1004/PHK76
W10004_1004/PHP02.IAH4.2021,W10004_1004/PHP02
W10004_1004/PHZ51.IAH4.2021,W10004_1004/PHZ51
W10004_1007/PHK76.IAH4.2021,W10004_1007/PHK76
W10004_1007/PHP02.IAH4.2021,W10004_1007/PHP02
W10004_1007/PHZ51.IAH4.2021,W10004_1007/PHZ51
W10004_1011/PHK76.IAH4.2021,W10004_1011/PHK76
W10004_1011/PHP02.IAH4.2021,W10004_1011/PHP02
W10004_1011/PHZ51.IAH4.2021,W10004_1011/PHZ51
W10004_1014/PHK76.IAH4.2021,W10004_1014/PHK76
W10004_1014/PHP02.IAH4.2021,W10004_1014/PHP02
W10004_1014/PHZ51.IAH4.2021,W10004_1014/PHZ51
W10004_1015/PHK76.IAH4.2021,W10004_1015/PHK76
W10004_1015/PHP02.IAH4.2021,W10004_1015/PHP02
W10004_1015/PHZ51.IAH4.2021,W10004_1015/PHZ51
W10004_1018/PHK76.IAH4.2021,W10004_1018/PHK76
W10004_1018/PHZ51.IAH4.2021,W10004_1018/PHZ51
W10004_1020/PHK76.IAH4.2021,W10004_1020/PHK76
W10004_1020/PHP02.IAH4.2021,W10004_1020/PHP02
W10004_1020/PHZ51.IAH4.2021,W10004_1020/PHZ51
W10004_1032/PHK76.IAH4.2021,W10004_1032/PHK76
W10004_1032/PHP02.IAH4.2021,W10004_1032/PHP02
W10004_1037/PHK76.IAH4.2021,W10004_1037/PHK76
W10004_1037/PHP02.IAH4.2021,W10004_1037/PHP02
W10004_1037/PHZ51.IAH4.2021,W10004_1037/PHZ51
W10004_1045/PHK76.IAH4.2021,W10004_1045/PHK76
W10004_1045/PHP02.IAH4.2021,W10004_1045/PHP02
W10004_1045/PHZ51.IAH4.2021,W10004_1045/PHZ51
W10004_1052/PHK76.IAH4.2021,W10004_1052/PHK76
W10004_1052/PHP02.IAH4.2021,W10004_1052/PHP02
W10004_1052/PHZ51.IAH4.2021,W10004_1052/PHZ51
W10004_1057/PHK76.IAH4.2021,W10004_1057/PHK76
W10004_1057/PHP02.IAH4.2021,W10004_1057/PHP02
W10004_1057/PHZ51.IAH4.2021,W10004_1057/PHZ51
W10004_1063/PHK76.IAH4.2021,W10004_1063/PHK76
W10004_1063/PHP02.IAH4.2021,W10004_1063/PHP02
W10004_1063/PHZ51.IAH4.2021,W10004_1063/PHZ51
W10004_1064/PHK76.IAH4.2021,W10004_1064/PHK76
W10004_1064/PHP02.IAH4.2021,W10004_1064/PHP02
W10004_1064/PHZ51.IAH4.2021,W10004_1064/PHZ51
W10004_1072/PHK76.IAH4.2021,W10004_1072/PHK76
W10004_1072/PHP02.IAH4.2021,W10004_1072/PHP02
W10004_1072/PHZ51.IAH4.2021,W10004_1072/PHZ51
W10004_1080/PHK76.IAH4.2021,W10004_1080/PHK76
W10004_1080/PHP02.IAH4.2021,W10004_1080/PHP02
W10004_1080/PHZ51.IAH4.2021,W10004_1080/PHZ51
W10004_1081/PHK76.IAH4.2021,W10004_1081/PHK76
W10004_1081/PHP02.IAH4.2021,W10004_1081/PHP02
W10004_1081/PHZ51.IAH4.2021,W10004_1081/PHZ51
W10004_1084/PHK76.IAH4.2021,W10004_1084/PHK76
W10004_1084/PHP02.IAH4.2021,W10004_1084/PHP02
W10004_1084/PHZ51.IAH4.2021,W10004_1084/PHZ51
W10004_1099/PHK76.IAH4.2021,W10004_1099/PHK76
W10004_1099/PHP02.IAH4.2021,W10004_1099/PHP02
W10004_1099/PHZ51.IAH4.2021,W10004_1099/PHZ51
W10004_1104/PHK76.IAH4.2021,W10004_1104/PHK76
W10004_1104/PHP02.IAH4.2021,W10004_1104/PHP02
W10004_1104/PHZ51.IAH4.2021,W10004_1104/PHZ51
W10004_1105/PHK76.IAH4.2021,W10004_1105/PHK76
W10004_1105/PHP02.IAH4.2021,W10004_1105/PHP02
W10004_1105/PHZ51.IAH4.2021,W10004_1105/PHZ51
W10004_1112/PHK76.IAH4.2021,W10004_1112/PHK76
W10004_1112/PHP02.IAH4.2021,W10004_1112/PHP02
W10004_1112/PHZ51.IAH4.2021,W10004_1112/PHZ51
W10004_1117/PHK76.IAH4.2021,W10004_1117/PHK76
W10004_1117/PHP02.IAH4.2021,W10004_1117/PHP02
W10004_1117/PHZ51.IAH4.2021,W10004_1117/PHZ51
W10004_1118/PHK76.IAH4.2021,W10004_1118/PHK76
W10004_1118/PHP02.IAH4.2021,W10004_1118/PHP02
W10004_1118/PHZ51.IAH4.2021,W10004_1118/PHZ51
W10004_1123/PHK76.IAH4.2021,W10004_1123/PHK76
W10004_1123/PHP02.IAH4.2021,W10004_1123/PHP02
W10004_1123/PHZ51.IAH4.2021,W10004_1123/PHZ51
W10004_1140/PHK76.IAH4.2021,W10004_1140/PHK76
W10004_1140/PHP02.IAH4.2021,W10004_1140/PHP02
W10004_1140/PHZ51.IAH4.2021,W10004_1140/PHZ51
W10004_1143/PHK76.IAH4.2021,W10004_1143/PHK76
W10004_1143/PHP02.IAH4.2021,W10004_1143/PHP02
W10004_1143/PHZ51.IAH4.2021,W10004_1143/PHZ51
W10004_1146/PHK76.IAH4.2021,W10004_1146/PHK76
W10004_1146/PHP02.IAH4.2021,W10004_1146/PHP02
W10004_1146/PHZ51.IAH4.2021,W10004_1146/PHZ51
W10004_1156/PHK76.IAH4.2021,W10004_1156/PHK76
W10004_1156/PHP02.IAH4.2021,W10004_1156/PHP02
W10004_1156/PHZ51.IAH4.2021,W10004_1156/PHZ51
B14A/H95.MIH1.2020,B14A/H95
B14A/MO17.MIH1.2020,B14A/MO17
B14A/OH43.MIH1.2020,B14A/OH43
B37/H95.MIH1.2020,B37/H95
B37/MO17.MIH1.2020,B37/MO17
B37/OH43.MIH1.2020,B37/OH43
B73/MO17.MIH1.2020,B73/MO17
B73/PHK76.MIH1.2020,B73/PHK76
B73/PHN82.MIH1.2020,B73/PHN82
B73/PHZ51.MIH1.2020,B73/PHZ51
B73/TX779.MIH1.2020,B73/TX779
CG119/CG108.MIH1.2020,CG119/CG108
CG44/CGR01.MIH1.2020,CG44/CGR01
F42/H95.MIH1.2020,F42/H95
F42/MO17.MIH1.2020,F42/MO17
LH145/LH82.MIH1.2020,LH145/LH82
LH195/MO17.MIH1.2020,LH195/MO17
LH195/PHK76.MIH1.2020,LH195/PHK76
LH195/PHN82.MIH1.2020,LH195/PHN82
LH195/PHZ51.MIH1.2020,LH195/PHZ51
LH244/MO17.MIH1.2020,LH244/MO17
LH244/PHK76.MIH1.2020,LH244/PHK76
LH244/PHN82.MIH1.2020,LH244/PHN82
LH244/PHZ51.MIH1.2020,LH244/PHZ51
LH74/PHN82.MIH1.2020,LH74/PHN82
PHB47/MO17.MIH1.2020,PHB47/MO17
PHB47/PHK76.MIH1.2020,PHB47/PHK76
PHB47/PHN82.MIH1.2020,PHB47/PHN82
PHB47/PHZ51.MIH1.2020,PHB47/PHZ51
PHG29/PHG47.MIH1.2020,PHG29/PHG47
PHG39/PHN82.MIH1.2020,PHG39/PHN82
PHJ40/PHAJ0.MIH1.2020,PHJ40/PHAJ0
PHJ89/PH207.MIH1.2020,PHJ89/PH207
PHRE1/PHTD5.MIH1.2020,PHRE1/PHTD5
PHW52/PHM49.MIH1.2020,PHW52/PHM49
PHW52/PHN82.MIH1.2020,PHW52/PHN82
TX714/PHZ51.MIH1.2020,TX714/PHZ51
TX714/TX779.MIH1.2020,TX714/TX779
TX777/LH195.MIH1.2020,TX777/LH195
TX779/LH195.MIH1.2020,TX779/LH195
W10004_0006/PHP02.MIH1.2020,W10004_0006/PHP02
W10004_0007/PHP02.MIH1.2020,W10004_0007/PHP02
W10004_0008/PHP02.MIH1.2020,W10004_0008/PHP02
W10004_0010/PHP02.MIH1.2020,W10004_0010/PHP02
W10004_0011/PHP02.MIH1.2020,W10004_0011/PHP02
W10004_0013/PHP02.MIH1.2020,W10004_0013/PHP02
W10004_0014/PHP02.MIH1.2020,W10004_0014/PHP02
W10004_0018/PHP02.MIH1.2020,W10004_0018/PHP02
W10004_0026/PHP02.MIH1.2020,W10004_0026/PHP02
W10004_0027/PHP02.MIH1.2020,W10004_0027/PHP02
W10004_0031/PHP02.MIH1.2020,W10004_0031/PHP02
W10004_0032/PHP02.MIH1.2020,W10004_0032/PHP02
W10004_0034/PHP02.MIH1.2020,W10004_0034/PHP02
W10004_0035/PHP02.MIH1.2020,W10004_0035/PHP02
W10004_0037/PHP02.MIH1.2020,W10004_0037/PHP02
W10004_0038/PHP02.MIH1.2020,W10004_0038/PHP02
W10004_0039/PHP02.MIH1.2020,W10004_0039/PHP02
W10004_0041/PHP02.MIH1.2020,W10004_0041/PHP02
W10004_0042/PHP02.MIH1.2020,W10004_0042/PHP02
W10004_0045/PHP02.MIH1.2020,W10004_0045/PHP02
W10004_0046/PHP02.MIH1.2020,W10004_0046/PHP02
W10004_0047/PHP02.MIH1.2020,W10004_0047/PHP02
W10004_0053/PHP02.MIH1.2020,W10004_0053/PHP02
W10004_0055/PHP02.MIH1.2020,W10004_0055/PHP02
W10004_0059/PHP02.MIH1.2020,W10004_0059/PHP02
W10004_0061/PHP02.MIH1.2020,W10004_0061/PHP02
W10004_0062/PHP02.MIH1.2020,W10004_0062/PHP02
W10004_0063/PHP02.MIH1.2020,W10004_0063/PHP02
W10004_0064/PHP02.MIH1.2020,W10004_0064/PHP02
W10004_0065/PHP02.MIH1.2020,W10004_0065/PHP02
W10004_0068/PHP02.MIH1.2020,W10004_0068/PHP02
W10004_0069/PHP02.MIH1.2020,W10004_0069/PHP02
W10004_0070/PHP02.MIH1.2020,W10004_0070/PHP02
W10004_0071/PHP02.MIH1.2020,W10004_0071/PHP02
W10004_0072/PHP02.MIH1.2020,W10004_0072/PHP02
W10004_0073/PHP02.MIH1.2020,W10004_0073/PHP02
W10004_0076/PHP02.MIH1.2020,W10004_0076/PHP02
W10004_0078/PHP02.MIH1.2020,W10004_0078/PHP02
W10004_0079/PHP02.MIH1.2020,W10004_0079/PHP02
W10004_0080/PHP02.MIH1.2020,W10004_0080/PHP02
W10004_0086/PHP02.MIH1.2020,W10004_0086/PHP02
W10004_0087/PHP02.MIH1.2020,W10004_0087/PHP02
W10004_0092/PHP02.MIH1.2020,W10004_0092/PHP02
W10004_0093/PHP02.MIH1.2020,W10004_0093/PHP02
W10004_0095/PHP02.MIH1.2020,W10004_0095/PHP02
W10004_0097/PHP02.MIH1.2020,W10004_0097/PHP02
W10004_0098/PHP02.MIH1.2020,W10004_0098/PHP02
W10004_0099/PHP02.MIH1.2020,W10004_0099/PHP02
W10004_0101/PHP02.MIH1.2020,W10004_0101/PHP02
W10004_0103/PHP02.MIH1.2020,W10004_0103/PHP02
W10004_0106/PHP02.MIH1.2020,W10004_0106/PHP02
W10004_0110/PHP02.MIH1.2020,W10004_0110/PHP02
W10004_0112/PHP02.MIH1.2020,W10004_0112/PHP02
W10004_0115/PHP02.MIH1.2020,W10004_0115/PHP02
W10004_0116/PHP02.MIH1.2020,W10004_0116/PHP02
W10004_0118/PHP02.MIH1.2020,W10004_0118/PHP02
W10004_0119/PHP02.MIH1.2020,W10004_0119/PHP02
W10004_0121/PHP02.MIH1.2020,W10004_0121/PHP02
W10004_0122/PHP02.MIH1.2020,W10004_0122/PHP02
W10004_0127/PHP02.MIH1.2020,W10004_0127/PHP02
W10004_0129/PHP02.MIH1.2020,W10004_0129/PHP02
W10004_0132/PHP02.MIH1.2020,W10004_0132/PHP02
W10004_0133/PHP02.MIH1.2020,W10004_0133/PHP02
W10004_0134/PHP02.MIH1.2020,W10004_0134/PHP02
W10004_0138/PHP02.MIH1.2020,W10004_0138/PHP02
W10004_0140/PHP02.MIH1.2020,W10004_0140/PHP02
W10004_0144/PHP02.MIH1.2020,W10004_0144/PHP02
W10004_0146/PHP02.MIH1.2020,W10004_0146/PHP02
W10004_0147/PHP02.MIH1.2020,W10004_0147/PHP02
W10004_0148/PHP02.MIH1.2020,W10004_0148/PHP02
W10004_0149/PHP02.MIH1.2020,W10004_0149/PHP02
W10004_0150/PHP02.MIH1.2020,W10004_0150/PHP02
W10004_0152/PHP02.MIH1.2020,W10004_0152/PHP02
W10004_0153/PHP02.MIH1.2020,W10004_0153/PHP02
W10004_0154/PHP02.MIH1.2020,W10004_0154/PHP02
W10004_0160/PHP02.MIH1.2020,W10004_0160/PHP02
W10004_0161/PHP02.MIH1.2020,W10004_0161/PHP02
W10004_0166/PHP02.MIH1.2020,W10004_0166/PHP02
W10004_0167/PHP02.MIH1.2020,W10004_0167/PHP02
W10004_0168/PHP02.MIH1.2020,W10004_0168/PHP02
W10004_0169/PHP02.MIH1.2020,W10004_0169/PHP02
W10004_0171/PHP02.MIH1.2020,W10004_0171/PHP02
W10004_0178/PHP02.MIH1.2020,W10004_0178/PHP02
W10004_0179/PHP02.MIH1.2020,W10004_0179/PHP02
W10004_0185/PHP02.MIH1.2020,W10004_0185/PHP02
W10004_0189/PHP02.MIH1.2020,W10004_0189/PHP02
W10004_0190/PHP02.MIH1.2020,W10004_0190/PHP02
W10004_0192/PHP02.MIH1.2020,W10004_0192/PHP02
W10004_0194/PHP02.MIH1.2020,W10004_0194/PHP02
W10004_0196/PHP02.MIH1.2020,W10004_0196/PHP02
W10004_0197/PHP02.MIH1.2020,W10004_0197/PHP02
W10004_0199/PHP02.MIH1.2020,W10004_0199/PHP02
W10004_0200/PHP02.MIH1.2020,W10004_0200/PHP02
W10004_0203/PHP02.MIH1.2020,W10004_0203/PHP02
W10004_0204/PHP02.MIH1.2020,W10004_0204/PHP02
W10004_0206/PHP02.MIH1.2020,W10004_0206/PHP02
W10004_0212/PHP02.MIH1.2020,W10004_0212/PHP02
W10004_0213/PHP02.MIH1.2020,W10004_0213/PHP02
W10004_0217/PHP02.MIH1.2020,W10004_0217/PHP02
W10004_0220/PHP02.MIH1.2020,W10004_0220/PHP02
W10004_0221/PHP02.MIH1.2020,W10004_0221/PHP02
W10004_0223/PHP02.MIH1.2020,W10004_0223/PHP02
W10004_0224/PHP02.MIH1.2020,W10004_0224/PHP02
W10004_0225/PHP02.MIH1.2020,W10004_0225/PHP02
W10004_0227/PHP02.MIH1.2020,W10004_0227/PHP02
W10004_0231/PHP02.MIH1.2020,W10004_0231/PHP02
W10004_0236/PHP02.MIH1.2020,W10004_0236/PHP02
W10004_0238/PHP02.MIH1.2020,W10004_0238/PHP02
W10004_0241/PHP02.MIH1.2020,W10004_0241/PHP02
W10004_0242/PHP02.MIH1.2020,W10004_0242/PHP02
W10004_0253/PHP02.MIH1.2020,W10004_0253/PHP02
W10004_0254/PHP02.MIH1.2020,W10004_0254/PHP02
W10004_0256/PHP02.MIH1.2020,W10004_0256/PHP02
W10004_0258/PHP02.MIH1.2020,W10004_0258/PHP02
W10004_0261/PHP02.MIH1.2020,W10004_0261/PHP02
W10004_0262/PHP02.MIH1.2020,W10004_0262/PHP02
W10004_0264/PHP02.MIH1.2020,W10004_0264/PHP02
W10004_0268/PHP02.MIH1.2020,W10004_0268/PHP02
W10004_0270/PHP02.MIH1.2020,W10004_0270/PHP02
W10004_0271/PHP02.MIH1.2020,W10004_0271/PHP02
W10004_0276/PHP02.MIH1.2020,W10004_0276/PHP02
W10004_0290/PHP02.MIH1.2020,W10004_0290/PHP02
W10004_0291/PHP02.MIH1.2020,W10004_0291/PHP02
W10004_0292/PHP02.MIH1.2020,W10004_0292/PHP02
W10004_0299/PHP02.MIH1.2020,W10004_0299/PHP02
W10004_0306/PHP02.MIH1.2020,W10004_0306/PHP02
W10004_0308/PHP02.MIH1.2020,W10004_0308/PHP02
W10004_0309/PHP02.MIH1.2020,W10004_0309/PHP02
W10004_0310/PHP02.MIH1.2020,W10004_0310/PHP02
W10004_0311/PHP02.MIH1.2020,W10004_0311/PHP02
W10004_0327/PHP02.MIH1.2020,W10004_0327/PHP02
W10004_0329/PHP02.MIH1.2020,W10004_0329/PHP02
W10004_0336/PHP02.MIH1.2020,W10004_0336/PHP02
W10004_0344/PHP02.MIH1.2020,W10004_0344/PHP02
W10004_0346/PHP02.MIH1.2020,W10004_0346/PHP02
W10004_0361/PHP02.MIH1.2020,W10004_0361/PHP02
W10004_0362/PHP02.MIH1.2020,W10004_0362/PHP02
W10004_0380/PHP02.MIH1.2020,W10004_0380/PHP02
W10004_0381/PHP02.MIH1.2020,W10004_0381/PHP02
W10004_0383/PHP02.MIH1.2020,W10004_0383/PHP02
W10004_0389/PHP02.MIH1.2020,W10004_0389/PHP02
W10004_0393/PHP02.MIH1.2020,W10004_0393/PHP02
W10004_0394/PHP02.MIH1.2020,W10004_0394/PHP02
W10004_0395/PHP02.MIH1.2020,W10004_0395/PHP02
W10004_0396/PHP02.MIH1.2020,W10004_0396/PHP02
W10004_0403/PHP02.MIH1.2020,W10004_0403/PHP02
W10004_0409/PHP02.MIH1.2020,W10004_0409/PHP02
W10004_0410/PHP02.MIH1.2020,W10004_0410/PHP02
W10004_0412/PHP02.MIH1.2020,W10004_0412/PHP02
W10004_0417/PHP02.MIH1.2020,W10004_0417/PHP02
W10004_0419/PHP02.MIH1.2020,W10004_0419/PHP02
W10004_0424/PHP02.MIH1.2020,W10004_0424/PHP02
W10004_0427/PHP02.MIH1.2020,W10004_0427/PHP02
W10004_0430/PHP02.MIH1.2020,W10004_0430/PHP02
W10004_0465/PHP02.MIH1.2020,W10004_0465/PHP02
W10004_0467/PHP02.MIH1.2020,W10004_0467/PHP02
W10004_0474/PHP02.MIH1.2020,W10004_0474/PHP02
W10004_0476/PHP02.MIH1.2020,W10004_0476/PHP02
W10004_0487/PHP02.MIH1.2020,W10004_0487/PHP02
W10004_0498/PHP02.MIH1.2020,W10004_0498/PHP02
W10004_0501/PHP02.MIH1.2020,W10004_0501/PHP02
W10004_0505/PHP02.MIH1.2020,W10004_0505/PHP02
W10004_0601/PHP02.MIH1.2020,W10004_0601/PHP02
W10004_0602/PHP02.MIH1.2020,W10004_0602/PHP02
W10004_0608/PHP02.MIH1.2020,W10004_0608/PHP02
W10004_0612/PHP02.MIH1.2020,W10004_0612/PHP02
W10004_0614/PHP02.MIH1.2020,W10004_0614/PHP02
W10004_0616/PHP02.MIH1.2020,W10004_0616/PHP02
W10004_0618/PHP02.MIH1.2020,W10004_0618/PHP02
W10004_0619/PHP02.MIH1.2020,W10004_0619/PHP02
W10004_0620/PHP02.MIH1.2020,W10004_0620/PHP02
W10004_0622/PHP02.MIH1.2020,W10004_0622/PHP02
W10004_0624/PHP02.MIH1.2020,W10004_0624/PHP02
W10004_0625/PHP02.MIH1.2020,W10004_0625/PHP02
W10004_0626/PHP02.MIH1.2020,W10004_0626/PHP02
W10004_0628/PHP02.MIH1.2020,W10004_0628/PHP02
W10004_0631/PHP02.MIH1.2020,W10004_0631/PHP02
W10004_0632/PHP02.MIH1.2020,W10004_0632/PHP02
W10004_0636/PHP02.MIH1.2020,W10004_0636/PHP02
W10004_0637/PHP02.MIH1.2020,W10004_0637/PHP02
W10004_0639/PHP02.MIH1.2020,W10004_0639/PHP02
W10004_0644/PHP02.MIH1.2020,W10004_0644/PHP02
W10004_0645/PHP02.MIH1.2020,W10004_0645/PHP02
W10004_0646/PHP02.MIH1.2020,W10004_0646/PHP02
W10004_0649/PHP02.MIH1.2020,W10004_0649/PHP02
W10004_0650/PHP02.MIH1.2020,W10004_0650/PHP02
W10004_0651/PHP02.MIH1.2020,W10004_0651/PHP02
W10004_0654/PHP02.MIH1.2020,W10004_0654/PHP02
W10004_0658/PHP02.MIH1.2020,W10004_0658/PHP02
W10004_0659/PHP02.MIH1.2020,W10004_0659/PHP02
W10004_0661/PHP02.MIH1.2020,W10004_0661/PHP02
W10004_0664/PHP02.MIH1.2020,W10004_0664/PHP02
W10004_0667/PHP02.MIH1.2020,W10004_0667/PHP02
W10004_0669/PHP02.MIH1.2020,W10004_0669/PHP02
W10004_0672/PHP02.MIH1.2020,W10004_0672/PHP02
W10004_0673/PHP02.MIH1.2020,W10004_0673/PHP02
W10004_0674/PHP02.MIH1.2020,W10004_0674/PHP02
W10004_0675/PHP02.MIH1.2020,W10004_0675/PHP02
W10004_0678/PHP02.MIH1.2020,W10004_0678/PHP02
W10004_0680/PHP02.MIH1.2020,W10004_0680/PHP02
W10004_0682/PHP02.MIH1.2020,W10004_0682/PHP02
W10004_0684/PHP02.MIH1.2020,W10004_0684/PHP02
W10004_0685/PHP02.MIH1.2020,W10004_0685/PHP02
W10004_0687/PHP02.MIH1.2020,W10004_0687/PHP02
W10004_0688/PHP02.MIH1.2020,W10004_0688/PHP02
W10004_0689/PHP02.MIH1.2020,W10004_0689/PHP02
W10004_0691/PHP02.MIH1.2020,W10004_0691/PHP02
W10004_0695/PHP02.MIH1.2020,W10004_0695/PHP02
W10004_0696/PHP02.MIH1.2020,W10004_0696/PHP02
W10004_0697/PHP02.MIH1.2020,W10004_0697/PHP02
W10004_0701/PHP02.MIH1.2020,W10004_0701/PHP02
W10004_0702/PHP02.MIH1.2020,W10004_0702/PHP02
W10004_0703/PHP02.MIH1.2020,W10004_0703/PHP02
W10004_0704/PHP02.MIH1.2020,W10004_0704/PHP02
W10004_0705/PHP02.MIH1.2020,W10004_0705/PHP02
W10004_0707/PHP02.MIH1.2020,W10004_0707/PHP02
W10004_0711/PHP02.MIH1.2020,W10004_0711/PHP02
W10004_0712/PHP02.MIH1.2020,W10004_0712/PHP02
W10004_0713/PHP02.MIH1.2020,W10004_0713/PHP02
W10004_0714/PHP02.MIH1.2020,W10004_0714/PHP02
W10004_0715/PHP02.MIH1.2020,W10004_0715/PHP02
W10004_0717/PHP02.MIH1.2020,W10004_0717/PHP02
W10004_0723/PHP02.MIH1.2020,W10004_0723/PHP02
W10004_0727/PHP02.MIH1.2020,W10004_0727/PHP02
W10004_0729/PHP02.MIH1.2020,W10004_0729/PHP02
W10004_0732/PHP02.MIH1.2020,W10004_0732/PHP02
W10004_0733/PHP02.MIH1.2020,W10004_0733/PHP02
W10004_0734/PHP02.MIH1.2020,W10004_0734/PHP02
W10004_0736/PHP02.MIH1.2020,W10004_0736/PHP02
W10004_0741/PHP02.MIH1.2020,W10004_0741/PHP02
W10004_0745/PHP02.MIH1.2020,W10004_0745/PHP02
W10004_0746/PHP02.MIH1.2020,W10004_0746/PHP02
W10004_0747/PHP02.MIH1.2020,W10004_0747/PHP02
W10004_0751/PHP02.MIH1.2020,W10004_0751/PHP02
W10004_0754/PHP02.MIH1.2020,W10004_0754/PHP02
W10004_0756/PHP02.MIH1.2020,W10004_0756/PHP02
W10004_0757/PHP02.MIH1.2020,W10004_0757/PHP02
W10004_0760/PHP02.MIH1.2020,W10004_0760/PHP02
W10004_0768/PHP02.MIH1.2020,W10004_0768/PHP02
W10004_0771/PHP02.MIH1.2020,W10004_0771/PHP02
W10004_0773/PHP02.MIH1.2020,W10004_0773/PHP02
W10004_0774/PHP02.MIH1.2020,W10004_0774/PHP02
W10004_0775/PHP02.MIH1.2020,W10004_0775/PHP02
W10004_0776/PHP02.MIH1.2020,W10004_0776/PHP02
W10004_0779/PHP02.MIH1.2020,W10004_0779/PHP02
W10004_0781/PHP02.MIH1.2020,W10004_0781/PHP02
W10004_0782/PHP02.MIH1.2020,W10004_0782/PHP02
W10004_0783/PHP02.MIH1.2020,W10004_0783/PHP02
W10004_0784/PHP02.MIH1.2020,W10004_0784/PHP02
W10004_0787/PHP02.MIH1.2020,W10004_0787/PHP02
W10004_0789/PHP02.MIH1.2020,W10004_0789/PHP02
W10004_0792/PHP02.MIH1.2020,W10004_0792/PHP02
W10004_0794/PHP02.MIH1.2020,W10004_0794/PHP02
W10004_0795/PHP02.MIH1.2020,W10004_0795/PHP02
W10004_0798/PHP02.MIH1.2020,W10004_0798/PHP02
W10004_0799/PHP02.MIH1.2020,W10004_0799/PHP02
W10004_0800/PHP02.MIH1.2020,W10004_0800/PHP02
W10004_0801/PHP02.MIH1.2020,W10004_0801/PHP02
W10004_0802/PHP02.MIH1.2020,W10004_0802/PHP02
W10004_0803/PHP02.MIH1.2020,W10004_0803/PHP02
W10004_0806/PHP02.MIH1.2020,W10004_0806/PHP02
W10004_0807/PHP02.MIH1.2020,W10004_0807/PHP02
W10004_0812/PHP02.MIH1.2020,W10004_0812/PHP02
W10004_0814/PHP02.MIH1.2020,W10004_0814/PHP02
W10004_0815/PHP02.MIH1.2020,W10004_0815/PHP02
W10004_0818/PHP02.MIH1.2020,W10004_0818/PHP02
W10004_0819/PHP02.MIH1.2020,W10004_0819/PHP02
W10004_0820/PHP02.MIH1.2020,W10004_0820/PHP02
W10004_0822/PHP02.MIH1.2020,W10004_0822/PHP02
W10004_0823/PHP02.MIH1.2020,W10004_0823/PHP02
W10004_0826/PHP02.MIH1.2020,W10004_0826/PHP02
W10004_0827/PHP02.MIH1.2020,W10004_0827/PHP02
W10004_0828/PHP02.MIH1.2020,W10004_0828/PHP02
W10004_0830/PHP02.MIH1.2020,W10004_0830/PHP02
W10004_0832/PHP02.MIH1.2020,W10004_0832/PHP02
W10004_0833/PHP02.MIH1.2020,W10004_0833/PHP02
W10004_0834/PHP02.MIH1.2020,W10004_0834/PHP02
W10004_0836/PHP02.MIH1.2020,W10004_0836/PHP02
W10004_0837/PHP02.MIH1.2020,W10004_0837/PHP02
W10004_0840/PHP02.MIH1.2020,W10004_0840/PHP02
W10004_0842/PHP02.MIH1.2020,W10004_0842/PHP02
W10004_0843/PHP02.MIH1.2020,W10004_0843/PHP02
W10004_0844/PHP02.MIH1.2020,W10004_0844/PHP02
W10004_0847/PHP02.MIH1.2020,W10004_0847/PHP02
W10004_0848/PHP02.MIH1.2020,W10004_0848/PHP02
W10004_0851/PHP02.MIH1.2020,W10004_0851/PHP02
W10004_0852/PHP02.MIH1.2020,W10004_0852/PHP02
W10004_0856/PHP02.MIH1.2020,W10004_0856/PHP02
W10004_0858/PHP02.MIH1.2020,W10004_0858/PHP02
W10004_0859/PHP02.MIH1.2020,W10004_0859/PHP02
W10004_0866/PHP02.MIH1.2020,W10004_0866/PHP02
W10004_0868/PHP02.MIH1.2020,W10004_0868/PHP02
W10004_0869/PHP02.MIH1.2020,W10004_0869/PHP02
W10004_0876/PHP02.MIH1.2020,W10004_0876/PHP02
W10004_0877/PHP02.MIH1.2020,W10004_0877/PHP02
W10004_0879/PHP02.MIH1.2020,W10004_0879/PHP02
W10004_0884/PHP02.MIH1.2020,W10004_0884/PHP02
W10004_0885/PHP02.MIH1.2020,W10004_0885/PHP02
W10004_0886/PHP02.MIH1.2020,W10004_0886/PHP02
W10004_0888/PHP02.MIH1.2020,W10004_0888/PHP02
W10004_0889/PHP02.MIH1.2020,W10004_0889/PHP02
W10004_0891/PHP02.MIH1.2020,W10004_0891/PHP02
W10004_0892/PHP02.MIH1.2020,W10004_0892/PHP02
W10004_0894/PHP02.MIH1.2020,W10004_0894/PHP02
W10004_0896/PHP02.MIH1.2020,W10004_0896/PHP02
W10004_0900/PHP02.MIH1.2020,W10004_0900/PHP02
W10004_0901/PHP02.MIH1.2020,W10004_0901/PHP02
W10004_0907/PHP02.MIH1.2020,W10004_0907/PHP02
W10004_0913/PHP02.MIH1.2020,W10004_0913/PHP02
W10004_0914/PHP02.MIH1.2020,W10004_0914/PHP02
W10004_0916/PHP02.MIH1.2020,W10004_0916/PHP02
W10004_0918/PHP02.MIH1.2020,W10004_0918/PHP02
W10004_0920/PHP02.MIH1.2020,W10004_0920/PHP02
W10004_0922/PHP02.MIH1.2020,W10004_0922/PHP02
W10004_0928/PHP02.MIH1.2020,W10004_0928/PHP02
W10004_0930/PHP02.MIH1.2020,W10004_0930/PHP02
W10004_0932/PHP02.MIH1.2020,W10004_0932/PHP02
W10004_0935/PHP02.MIH1.2020,W10004_0935/PHP02
W10004_0938/PHP02.MIH1.2020,W10004_0938/PHP02
W10004_0940/PHP02.MIH1.2020,W10004_0940/PHP02
W10004_0943/PHP02.MIH1.2020,W10004_0943/PHP02
W10004_0949/PHP02.MIH1.2020,W10004_0949/PHP02
W10004_0950/PHP02.MIH1.2020,W10004_0950/PHP02
W10004_0951/PHP02.MIH1.2020,W10004_0951/PHP02
W10004_0953/PHP02.MIH1.2020,W10004_0953/PHP02
W10004_0955/PHP02.MIH1.2020,W10004_0955/PHP02
W10004_0956/PHP02.MIH1.2020,W10004_0956/PHP02
W10004_0963/PHP02.MIH1.2020,W10004_0963/PHP02
W10004_0964/PHP02.MIH1.2020,W10004_0964/PHP02
W10004_0965/PHP02.MIH1.2020,W10004_0965/PHP02
W10004_0966/PHP02.MIH1.2020,W10004_0966/PHP02
W10004_0969/PHP02.MIH1.2020,W10004_0969/PHP02
W10004_0970/PHP02.MIH1.2020,W10004_0970/PHP02
W10004_0971/PHP02.MIH1.2020,W10004_0971/PHP02
W10004_0974/PHP02.MIH1.2020,W10004_0974/PHP02
W10004_0975/PHP02.MIH1.2020,W10004_0975/PHP02
W10004_0981/PHP02.MIH1.2020,W10004_0981/PHP02
W10004_0982/PHP02.MIH1.2020,W10004_0982/PHP02
W10004_0984/PHP02.MIH1.2020,W10004_0984/PHP02
W10004_0988/PHP02.MIH1.2020,W10004_0988/PHP02
W10004_0991/PHP02.MIH1.2020,W10004_0991/PHP02
W10004_0996/PHP02.MIH1.2020,W10004_0996/PHP02
W10004_0997/PHP02.MIH1.2020,W10004_0997/PHP02
W10004_1000/PHP02.MIH1.2020,W10004_1000/PHP02
W10004_1001/PHP02.MIH1.2020,W10004_1001/PHP02
W10004_1002/PHP02.MIH1.2020,W10004_1002/PHP02
W10004_1004/PHP02.MIH1.2020,W10004_1004/PHP02
W10004_1011/PHP02.MIH1.2020,W10004_1011/PHP02
W10004_1014/PHP02.MIH1.2020,W10004_1014/PHP02
W10004_1015/PHP02.MIH1.2020,W10004_1015/PHP02
W10004_1018/PHP02.MIH1.2020,W10004_1018/PHP02
W10004_1020/PHP02.MIH1.2020,W10004_1020/PHP02
W10004_1032/PHP02.MIH1.2020,W10004_1032/PHP02
W10004_1037/PHP02.MIH1.2020,W10004_1037/PHP02
W10004_1045/PHP02.MIH1.2020,W10004_1045/PHP02
W10004_1052/PHP02.MIH1.2020,W10004_1052/PHP02
W10004_1057/PHP02.MIH1.2020,W10004_1057/PHP02
W10004_1063/PHP02.MIH1.2020,W10004_1063/PHP02
W10004_1064/PHP02.MIH1.2020,W10004_1064/PHP02
W10004_1072/PHP02.MIH1.2020,W10004_1072/PHP02
W10004_1080/PHP02.MIH1.2020,W10004_1080/PHP02
W10004_1081/PHP02.MIH1.2020,W10004_1081/PHP02
W10004_1084/PHP02.MIH1.2020,W10004_1084/PHP02
W10004_1099/PHP02.MIH1.2020,W10004_1099/PHP02
W10004_1104/PHP02.MIH1.2020,W10004_1104/PHP02
W10004_1105/PHP02.MIH1.2020,W10004_1105/PHP02
W10004_1112/PHP02.MIH1.2020,W10004_1112/PHP02
W10004_1117/PHP02.MIH1.2020,W10004_1117/PHP02
W10004_1118/PHP02.MIH1.2020,W10004_1118/PHP02
W10004_1123/PHP02.MIH1.2020,W10004_1123/PHP02
W10004_1140/PHP02.MIH1.2020,W10004_1140/PHP02
W10004_1143/PHP02.MIH1.2020,W10004_1143/PHP02
W10004_1146/PHP02.MIH1.2020,W10004_1146/PHP02
W10004_1156/PHP02.MIH1.2020,W10004_1156/PHP02
B14A/H95.MNH1.2020,B14A/H95
B14A/MO17.MNH1.2020,B14A/MO17
B14A/OH43.MNH1.2020,B14A/OH43
B37/H95.MNH1.2020,B37/H95
B37/MO17.MNH1.2020,B37/MO17
B37/OH43.MNH1.2020,B37/OH43
B73/MO17.MNH1.2020,B73/MO17
B73/PHN82.MNH1.2020,B73/PHN82
B73/TX779.MNH1.2020,B73/TX779
CG119/CG108.MNH1.2020,CG119/CG108
CG44/CGR01.MNH1.2020,CG44/CGR01
F42/H95.MNH1.2020,F42/H95
F42/MO17.MNH1.2020,F42/MO17
LH74/PHN82.MNH1.2020,LH74/PHN82
PHB47/PHN82.MNH1.2020,PHB47/PHN82
PHG39/PHN82.MNH1.2020,PHG39/PHN82
PHW52/PHM49.MNH1.2020,PHW52/PHM49
PHW52/PHN82.MNH1.2020,PHW52/PHN82
TX714/TX779.MNH1.2020,TX714/TX779
TX777/LH195.MNH1.2020,TX777/LH195
TX779/LH195.MNH1.2020,TX779/LH195
W10004_0006/PHP02.MNH1.2020,W10004_0006/PHP02
W10004_0007/PHP02.MNH1.2020,W10004_0007/PHP02
W10004_0008/PHP02.MNH1.2020,W10004_0008/PHP02
W10004_0010/PHP02.MNH1.2020,W10004_0010/PHP02
W10004_0011/PHP02.MNH1.2020,W10004_0011/PHP02
W10004_0013/PHP02.MNH1.2020,W10004_0013/PHP02
W10004_0014/PHP02.MNH1.2020,W10004_0014/PHP02
W10004_0018/PHP02.MNH1.2020,W10004_0018/PHP02
W10004_0026/PHP02.MNH1.2020,W10004_0026/PHP02
W10004_0027/PHP02.MNH1.2020,W10004_0027/PHP02
W10004_0031/PHP02.MNH1.2020,W10004_0031/PHP02
W10004_0032/PHP02.MNH1.2020,W10004_0032/PHP02
W10004_0034/PHP02.MNH1.2020,W10004_0034/PHP02
W10004_0035/PHP02.MNH1.2020,W10004_0035/PHP02
W10004_0037/PHP02.MNH1.2020,W10004_0037/PHP02
W10004_0038/PHP02.MNH1.2020,W10004_0038/PHP02
W10004_0039/PHP02.MNH1.2020,W10004_0039/PHP02
W10004_0041/PHP02.MNH1.2020,W10004_0041/PHP02
W10004_0042/PHP02.MNH1.2020,W10004_0042/PHP02
W10004_0045/PHP02.MNH1.2020,W10004_0045/PHP02
W10004_0046/PHP02.MNH1.2020,W10004_0046/PHP02
W10004_0047/PHP02.MNH1.2020,W10004_0047/PHP02
W10004_0053/PHP02.MNH1.2020,W10004_0053/PHP02
W10004_0055/PHP02.MNH1.2020,W10004_0055/PHP02
W10004_0059/PHP02.MNH1.2020,W10004_0059/PHP02
W10004_0061/PHP02.MNH1.2020,W10004_0061/PHP02
W10004_0062/PHP02.MNH1.2020,W10004_0062/PHP02
W10004_0063/PHP02.MNH1.2020,W10004_0063/PHP02
W10004_0064/PHP02.MNH1.2020,W10004_0064/PHP02
W10004_0065/PHP02.MNH1.2020,W10004_0065/PHP02
W10004_0068/PHP02.MNH1.2020,W10004_0068/PHP02
W10004_0069/PHP02.MNH1.2020,W10004_0069/PHP02
W10004_0070/PHP02.MNH1.2020,W10004_0070/PHP02
W10004_0071/PHP02.MNH1.2020,W10004_0071/PHP02
W10004_0072/PHP02.MNH1.2020,W10004_0072/PHP02
W10004_0073/PHP02.MNH1.2020,W10004_0073/PHP02
W10004_0076/PHP02.MNH1.2020,W10004_0076/PHP02
W10004_0078/PHP02.MNH1.2020,W10004_0078/PHP02
W10004_0079/PHP02.MNH1.2020,W10004_0079/PHP02
W10004_0080/PHP02.MNH1.2020,W10004_0080/PHP02
W10004_0086/PHP02.MNH1.2020,W10004_0086/PHP02
W10004_0087/PHP02.MNH1.2020,W10004_0087/PHP02
W10004_0092/PHP02.MNH1.2020,W10004_0092/PHP02
W10004_0093/PHP02.MNH1.2020,W10004_0093/PHP02
W10004_0095/PHP02.MNH1.2020,W10004_0095/PHP02
W10004_0097/PHP02.MNH1.2020,W10004_0097/PHP02
W10004_0098/PHP02.MNH1.2020,W10004_0098/PHP02
W10004_0099/PHP02.MNH1.2020,W10004_0099/PHP02
W10004_0101/PHP02.MNH1.2020,W10004_0101/PHP02
W10004_0103/PHP02.MNH1.2020,W10004_0103/PHP02
W10004_0106/PHP02.MNH1.2020,W10004_0106/PHP02
W10004_0110/PHP02.MNH1.2020,W10004_0110/PHP02
W10004_0112/PHP02.MNH1.2020,W10004_0112/PHP02
W10004_0115/PHP02.MNH1.2020,W10004_0115/PHP02
W10004_0116/PHP02.MNH1.2020,W10004_0116/PHP02
W10004_0118/PHP02.MNH1.2020,W10004_0118/PHP02
W10004_0119/PHP02.MNH1.2020,W10004_0119/PHP02
W10004_0121/PHP02.MNH1.2020,W10004_0121/PHP02
W10004_0122/PHP02.MNH1.2020,W10004_0122/PHP02
W10004_0127/PHP02.MNH1.2020,W10004_0127/PHP02
W10004_0129/PHP02.MNH1.2020,W10004_0129/PHP02
W10004_0132/PHP02.MNH1.2020,W10004_0132/PHP02
W10004_0133/PHP02.MNH1.2020,W10004_0133/PHP02
W10004_0134/PHP02.MNH1.2020,W10004_0134/PHP02
W10004_0138/PHP02.MNH1.2020,W10004_0138/PHP02
W10004_0140/PHP02.MNH1.2020,W10004_0140/PHP02
W10004_0144/PHP02.MNH1.2020,W10004_0144/PHP02
W10004_0146/PHP02.MNH1.2020,W10004_0146/PHP02
W10004_0147/PHP02.MNH1.2020,W10004_0147/PHP02
W10004_0148/PHP02.MNH1.2020,W10004_0148/PHP02
W10004_0149/PHP02.MNH1.2020,W10004_0149/PHP02
W10004_0150/PHP02.MNH1.2020,W10004_0150/PHP02
W10004_0152/PHP02.MNH1.2020,W10004_0152/PHP02
W10004_0153/PHP02.MNH1.2020,W10004_0153/PHP02
W10004_0154/PHP02.MNH1.2020,W10004_0154/PHP02
W10004_0160/PHP02.MNH1.2020,W10004_0160/PHP02
W10004_0161/PHP02.MNH1.2020,W10004_0161/PHP02
W10004_0166/PHP02.MNH1.2020,W10004_0166/PHP02
W10004_0167/PHP02.MNH1.2020,W10004_0167/PHP02
W10004_0168/PHP02.MNH1.2020,W10004_0168/PHP02
W10004_0169/PHP02.MNH1.2020,W10004_0169/PHP02
W10004_0171/PHP02.MNH1.2020,W10004_0171/PHP02
W10004_0178/PHP02.MNH1.2020,W10004_0178/PHP02
W10004_0179/PHP02.MNH1.2020,W10004_0179/PHP02
W10004_0185/PHP02.MNH1.2020,W10004_0185/PHP02
W10004_0189/PHP02.MNH1.2020,W10004_0189/PHP02
W10004_0190/PHP02.MNH1.2020,W10004_0190/PHP02
W10004_0192/PHP02.MNH1.2020,W10004_0192/PHP02
W10004_0194/PHP02.MNH1.2020,W10004_0194/PHP02
W10004_0196/PHP02.MNH1.2020,W10004_0196/PHP02
W10004_0197/PHP02.MNH1.2020,W10004_0197/PHP02
W10004_0199/PHP02.MNH1.2020,W10004_0199/PHP02
W10004_0200/PHP02.MNH1.2020,W10004_0200/PHP02
W10004_0203/PHP02.MNH1.2020,W10004_0203/PHP02
W10004_0204/PHP02.MNH1.2020,W10004_0204/PHP02
W10004_0206/PHP02.MNH1.2020,W10004_0206/PHP02
W10004_0212/PHP02.MNH1.2020,W10004_0212/PHP02
W10004_0213/PHP02.MNH1.2020,W10004_0213/PHP02
W10004_0217/PHP02.MNH1.2020,W10004_0217/PHP02
W10004_0220/PHP02.MNH1.2020,W10004_0220/PHP02
W10004_0221/PHP02.MNH1.2020,W10004_0221/PHP02
W10004_0223/PHP02.MNH1.2020,W10004_0223/PHP02
W10004_0224/PHP02.MNH1.2020,W10004_0224/PHP02
W10004_0225/PHP02.MNH1.2020,W10004_0225/PHP02
W10004_0227/PHP02.MNH1.2020,W10004_0227/PHP02
W10004_0231/PHP02.MNH1.2020,W10004_0231/PHP02
W10004_0236/PHP02.MNH1.2020,W10004_0236/PHP02
W10004_0238/PHP02.MNH1.2020,W10004_0238/PHP02
W10004_0241/PHP02.MNH1.2020,W10004_0241/PHP02
W10004_0242/PHP02.MNH1.2020,W10004_0242/PHP02
W10004_0253/PHP02.MNH1.2020,W10004_0253/PHP02
W10004_0254/PHP02.MNH1.2020,W10004_0254/PHP02
W10004_0256/PHP02.MNH1.2020,W10004_0256/PHP02
W10004_0258/PHP02.MNH1.2020,W10004_0258/PHP02
W10004_0261/PHP02.MNH1.2020,W10004_0261/PHP02
W10004_0262/PHP02.MNH1.2020,W10004_0262/PHP02
W10004_0264/PHP02.MNH1.2020,W10004_0264/PHP02
W10004_0268/PHP02.MNH1.2020,W10004_0268/PHP02
W10004_0270/PHP02.MNH1.2020,W10004_0270/PHP02
W10004_0271/PHP02.MNH1.2020,W10004_0271/PHP02
W10004_0276/PHP02.MNH1.2020,W10004_0276/PHP02
W10004_0290/PHP02.MNH1.2020,W10004_0290/PHP02
W10004_0291/PHP02.MNH1.2020,W10004_0291/PHP02
W10004_0292/PHP02.MNH1.2020,W10004_0292/PHP02
W10004_0299/PHP02.MNH1.2020,W10004_0299/PHP02
W10004_0306/PHP02.MNH1.2020,W10004_0306/PHP02
W10004_0308/PHP02.MNH1.2020,W10004_0308/PHP02
W10004_0309/PHP02.MNH1.2020,W10004_0309/PHP02
W10004_0310/PHP02.MNH1.2020,W10004_0310/PHP02
W10004_0311/PHP02.MNH1.2020,W10004_0311/PHP02
W10004_0327/PHP02.MNH1.2020,W10004_0327/PHP02
W10004_0329/PHP02.MNH1.2020,W10004_0329/PHP02
W10004_0336/PHP02.MNH1.2020,W10004_0336/PHP02
W10004_0344/PHP02.MNH1.2020,W10004_0344/PHP02
W10004_0346/PHP02.MNH1.2020,W10004_0346/PHP02
W10004_0361/PHP02.MNH1.2020,W10004_0361/PHP02
W10004_0362/PHP02.MNH1.2020,W10004_0362/PHP02
W10004_0380/PHP02.MNH1.2020,W10004_0380/PHP02
W10004_0381/PHP02.MNH1.2020,W10004_0381/PHP02
W10004_0383/PHP02.MNH1.2020,W10004_0383/PHP02
W10004_0389/PHP02.MNH1.2020,W10004_0389/PHP02
W10004_0393/PHP02.MNH1.2020,W10004_0393/PHP02
W10004_0394/PHP02.MNH1.2020,W10004_0394/PHP02
W10004_0395/PHP02.MNH1.2020,W10004_0395/PHP02
W10004_0396/PHP02.MNH1.2020,W10004_0396/PHP02
W10004_0403/PHP02.MNH1.2020,W10004_0403/PHP02
W10004_0409/PHP02.MNH1.2020,W10004_0409/PHP02
W10004_0410/PHP02.MNH1.2020,W10004_0410/PHP02
W10004_0412/PHP02.MNH1.2020,W10004_0412/PHP02
W10004_0417/PHP02.MNH1.2020,W10004_0417/PHP02
W10004_0419/PHP02.MNH1.2020,W10004_0419/PHP02
W10004_0424/PHP02.MNH1.2020,W10004_0424/PHP02
W10004_0427/PHP02.MNH1.2020,W10004_0427/PHP02
W10004_0430/PHP02.MNH1.2020,W10004_0430/PHP02
W10004_0465/PHP02.MNH1.2020,W10004_0465/PHP02
W10004_0467/PHP02.MNH1.2020,W10004_0467/PHP02
W10004_0474/PHP02.MNH1.2020,W10004_0474/PHP02
W10004_0476/PHP02.MNH1.2020,W10004_0476/PHP02
W10004_0487/PHP02.MNH1.2020,W10004_0487/PHP02
W10004_0498/PHP02.MNH1.2020,W10004_0498/PHP02
W10004_0501/PHP02.MNH1.2020,W10004_0501/PHP02
W10004_0505/PHP02.MNH1.2020,W10004_0505/PHP02
W10004_0601/PHP02.MNH1.2020,W10004_0601/PHP02
W10004_0602/PHP02.MNH1.2020,W10004_0602/PHP02
W10004_0608/PHP02.MNH1.2020,W10004_0608/PHP02
W10004_0612/PHP02.MNH1.2020,W10004_0612/PHP02
W10004_0614/PHP02.MNH1.2020,W10004_0614/PHP02
W10004_0616/PHP02.MNH1.2020,W10004_0616/PHP02
W10004_0618/PHP02.MNH1.2020,W10004_0618/PHP02
W10004_0619/PHP02.MNH1.2020,W10004_0619/PHP02
W10004_0620/PHP02.MNH1.2020,W10004_0620/PHP02
W10004_0622/PHP02.MNH1.2020,W10004_0622/PHP02
W10004_0624/PHP02.MNH1.2020,W10004_0624/PHP02
W10004_0625/PHP02.MNH1.2020,W10004_0625/PHP02
W10004_0626/PHP02.MNH1.2020,W10004_0626/PHP02
W10004_0628/PHP02.MNH1.2020,W10004_0628/PHP02
W10004_0631/PHP02.MNH1.2020,W10004_0631/PHP02
W10004_0632/PHP02.MNH1.2020,W10004_0632/PHP02
W10004_0636/PHP02.MNH1.2020,W10004_0636/PHP02
W10004_0637/PHP02.MNH1.2020,W10004_0637/PHP02
W10004_0639/PHP02.MNH1.2020,W10004_0639/PHP02
W10004_0644/PHP02.MNH1.2020,W10004_0644/PHP02
W10004_0645/PHP02.MNH1.2020,W10004_0645/PHP02
W10004_0646/PHP02.MNH1.2020,W10004_0646/PHP02
W10004_0649/PHP02.MNH1.2020,W10004_0649/PHP02
W10004_0650/PHP02.MNH1.2020,W10004_0650/PHP02
W10004_0651/PHP02.MNH1.2020,W10004_0651/PHP02
W10004_0654/PHP02.MNH1.2020,W10004_0654/PHP02
W10004_0658/PHP02.MNH1.2020,W10004_0658/PHP02
W10004_0659/PHP02.MNH1.2020,W10004_0659/PHP02
W10004_0661/PHP02.MNH1.2020,W10004_0661/PHP02
W10004_0664/PHP02.MNH1.2020,W10004_0664/PHP02
W10004_0667/PHP02.MNH1.2020,W10004_0667/PHP02
W10004_0669/PHP02.MNH1.2020,W10004_0669/PHP02
W10004_0672/PHP02.MNH1.2020,W10004_0672/PHP02
W10004_0673/PHP02.MNH1.2020,W10004_0673/PHP02
W10004_0674/PHP02.MNH1.2020,W10004_0674/PHP02
W10004_0675/PHP02.MNH1.2020,W10004_0675/PHP02
W10004_0678/PHP02.MNH1.2020,W10004_0678/PHP02
W10004_0680/PHP02.MNH1.2020,W10004_0680/PHP02
W10004_0682/PHP02.MNH1.2020,W10004_0682/PHP02
W10004_0684/PHP02.MNH1.2020,W10004_0684/PHP02
W10004_0685/PHP02.MNH1.2020,W10004_0685/PHP02
W10004_0687/PHP02.MNH1.2020,W10004_0687/PHP02
W10004_0688/PHP02.MNH1.2020,W10004_0688/PHP02
W10004_0689/PHP02.MNH1.2020,W10004_0689/PHP02
W10004_0691/PHP02.MNH1.2020,W10004_0691/PHP02
W10004_0695/PHP02.MNH1.2020,W10004_0695/PHP02
W10004_0696/PHP02.MNH1.2020,W10004_0696/PHP02
W10004_0697/PHP02.MNH1.2020,W10004_0697/PHP02
W10004_0701/PHP02.MNH1.2020,W10004_0701/PHP02
W10004_0702/PHP02.MNH1.2020,W10004_0702/PHP02
W10004_0703/PHP02.MNH1.2020,W10004_0703/PHP02
W10004_0704/PHP02.MNH1.2020,W10004_0704/PHP02
W10004_0705/PHP02.MNH1.2020,W10004_0705/PHP02
W10004_0707/PHP02.MNH1.2020,W10004_0707/PHP02
W10004_0711/PHP02.MNH1.2020,W10004_0711/PHP02
W10004_0712/PHP02.MNH1.2020,W10004_0712/PHP02
W10004_0713/PHP02.MNH1.2020,W10004_0713/PHP02
W10004_0714/PHP02.MNH1.2020,W10004_0714/PHP02
W10004_0715/PHP02.MNH1.2020,W10004_0715/PHP02
W10004_0717/PHP02.MNH1.2020,W10004_0717/PHP02
W10004_0723/PHP02.MNH1.2020,W10004_0723/PHP02
W10004_0727/PHP02.MNH1.2020,W10004_0727/PHP02
W10004_0729/PHP02.MNH1.2020,W10004_0729/PHP02
W10004_0732/PHP02.MNH1.2020,W10004_0732/PHP02
W10004_0733/PHP02.MNH1.2020,W10004_0733/PHP02
W10004_0734/PHP02.MNH1.2020,W10004_0734/PHP02
W10004_0736/PHP02.MNH1.2020,W10004_0736/PHP02
W10004_0741/PHP02.MNH1.2020,W10004_0741/PHP02
W10004_0745/PHP02.MNH1.2020,W10004_0745/PHP02
W10004_0746/PHP02.MNH1.2020,W10004_0746/PHP02
W10004_0747/PHP02.MNH1.2020,W10004_0747/PHP02
W10004_0751/PHP02.MNH1.2020,W10004_0751/PHP02
W10004_0754/PHP02.MNH1.2020,W10004_0754/PHP02
W10004_0756/PHP02.MNH1.2020,W10004_0756/PHP02
W10004_0757/PHP02.MNH1.2020,W10004_0757/PHP02
W10004_0760/PHP02.MNH1.2020,W10004_0760/PHP02
W10004_0768/PHP02.MNH1.2020,W10004_0768/PHP02
W10004_0771/PHP02.MNH1.2020,W10004_0771/PHP02
W10004_0773/PHP02.MNH1.2020,W10004_0773/PHP02
W10004_0774/PHP02.MNH1.2020,W10004_0774/PHP02
W10004_0775/PHP02.MNH1.2020,W10004_0775/PHP02
W10004_0776/PHP02.MNH1.2020,W10004_0776/PHP02
W10004_0779/PHP02.MNH1.2020,W10004_0779/PHP02
W10004_0781/PHP02.MNH1.2020,W10004_0781/PHP02
W10004_0782/PHP02.MNH1.2020,W10004_0782/PHP02
W10004_0783/PHP02.MNH1.2020,W10004_0783/PHP02
W10004_0784/PHP02.MNH1.2020,W10004_0784/PHP02
W10004_0787/PHP02.MNH1.2020,W10004_0787/PHP02
W10004_0789/PHP02.MNH1.2020,W10004_0789/PHP02
W10004_0792/PHP02.MNH1.2020,W10004_0792/PHP02
W10004_0794/PHP02.MNH1.2020,W10004_0794/PHP02
W10004_0795/PHP02.MNH1.2020,W10004_0795/PHP02
W10004_0798/PHP02.MNH1.2020,W10004_0798/PHP02
W10004_0799/PHP02.MNH1.2020,W10004_0799/PHP02
W10004_0800/PHP02.MNH1.2020,W10004_0800/PHP02
W10004_0801/PHP02.MNH1.2020,W10004_0801/PHP02
W10004_0802/PHP02.MNH1.2020,W10004_0802/PHP02
W10004_0803/PHP02.MNH1.2020,W10004_0803/PHP02
W10004_0806/PHP02.MNH1.2020,W10004_0806/PHP02
W10004_0807/PHP02.MNH1.2020,W10004_0807/PHP02
W10004_0812/PHP02.MNH1.2020,W10004_0812/PHP02
W10004_0814/PHP02.MNH1.2020,W10004_0814/PHP02
W10004_0815/PHP02.MNH1.2020,W10004_0815/PHP02
W10004_0818/PHP02.MNH1.2020,W10004_0818/PHP02
W10004_0819/PHP02.MNH1.2020,W10004_0819/PHP02
W10004_0820/PHP02.MNH1.2020,W10004_0820/PHP02
W10004_0822/PHP02.MNH1.2020,W10004_0822/PHP02
W10004_0823/PHP02.MNH1.2020,W10004_0823/PHP02
W10004_0826/PHP02.MNH1.2020,W10004_0826/PHP02
W10004_0827/PHP02.MNH1.2020,W10004_0827/PHP02
W10004_0828/PHP02.MNH1.2020,W10004_0828/PHP02
W10004_0830/PHP02.MNH1.2020,W10004_0830/PHP02
W10004_0832/PHP02.MNH1.2020,W10004_0832/PHP02
W10004_0833/PHP02.MNH1.2020,W10004_0833/PHP02
W10004_0834/PHP02.MNH1.2020,W10004_0834/PHP02
W10004_0836/PHP02.MNH1.2020,W10004_0836/PHP02
W10004_0837/PHP02.MNH1.2020,W10004_0837/PHP02
W10004_0840/PHP02.MNH1.2020,W10004_0840/PHP02
W10004_0842/PHP02.MNH1.2020,W10004_0842/PHP02
W10004_0843/PHP02.MNH1.2020,W10004_0843/PHP02
W10004_0844/PHP02.MNH1.2020,W10004_0844/PHP02
W10004_0847/PHP02.MNH1.2020,W10004_0847/PHP02
W10004_0848/PHP02.MNH1.2020,W10004_0848/PHP02
W10004_0851/PHP02.MNH1.2020,W10004_0851/PHP02
W10004_0852/PHP02.MNH1.2020,W10004_0852/PHP02
W10004_0856/PHP02.MNH1.2020,W10004_0856/PHP02
W10004_0858/PHP02.MNH1.2020,W10004_0858/PHP02
W10004_0859/PHP02.MNH1.2020,W10004_0859/PHP02
W10004_0866/PHP02.MNH1.2020,W10004_0866/PHP02
W10004_0868/PHP02.MNH1.2020,W10004_0868/PHP02
W10004_0869/PHP02.MNH1.2020,W10004_0869/PHP02
W10004_0876/PHP02.MNH1.2020,W10004_0876/PHP02
W10004_0877/PHP02.MNH1.2020,W10004_0877/PHP02
W10004_0879/PHP02.MNH1.2020,W10004_0879/PHP02
W10004_0884/PHP02.MNH1.2020,W10004_0884/PHP02
W10004_0885/PHP02.MNH1.2020,W10004_0885/PHP02
W10004_0886/PHP02.MNH1.2020,W10004_0886/PHP02
W10004_0888/PHP02.MNH1.2020,W10004_0888/PHP02
W10004_0889/PHP02.MNH1.2020,W10004_0889/PHP02
W10004_0891/PHP02.MNH1.2020,W10004_0891/PHP02
W10004_0892/PHP02.MNH1.2020,W10004_0892/PHP02
W10004_0894/PHP02.MNH1.2020,W10004_0894/PHP02
W10004_0896/PHP02.MNH1.2020,W10004_0896/PHP02
W10004_0900/PHP02.MNH1.2020,W10004_0900/PHP02
W10004_0901/PHP02.MNH1.2020,W10004_0901/PHP02
W10004_0907/PHP02.MNH1.2020,W10004_0907/PHP02
W10004_0913/PHP02.MNH1.2020,W10004_0913/PHP02
W10004_0914/PHP02.MNH1.2020,W10004_0914/PHP02
W10004_0916/PHP02.MNH1.2020,W10004_0916/PHP02
W10004_0918/PHP02.MNH1.2020,W10004_0918/PHP02
W10004_0920/PHP02.MNH1.2020,W10004_0920/PHP02
W10004_0922/PHP02.MNH1.2020,W10004_0922/PHP02
W10004_0928/PHP02.MNH1.2020,W10004_0928/PHP02
W10004_0930/PHP02.MNH1.2020,W10004_0930/PHP02
W10004_0932/PHP02.MNH1.2020,W10004_0932/PHP02
W10004_0935/PHP02.MNH1.2020,W10004_0935/PHP02
W10004_0938/PHP02.MNH1.2020,W10004_0938/PHP02
W10004_0940/PHP02.MNH1.2020,W10004_0940/PHP02
W10004_0943/PHP02.MNH1.2020,W10004_0943/PHP02
W10004_0949/PHP02.MNH1.2020,W10004_0949/PHP02
W10004_0951/PHP02.MNH1.2020,W10004_0951/PHP02
W10004_0953/PHP02.MNH1.2020,W10004_0953/PHP02
W10004_0955/PHP02.MNH1.2020,W10004_0955/PHP02
W10004_0956/PHP02.MNH1.2020,W10004_0956/PHP02
W10004_0963/PHP02.MNH1.2020,W10004_0963/PHP02
W10004_0964/PHP02.MNH1.2020,W10004_0964/PHP02
W10004_0965/PHP02.MNH1.2020,W10004_0965/PHP02
W10004_0966/PHP02.MNH1.2020,W10004_0966/PHP02
W10004_0969/PHP02.MNH1.2020,W10004_0969/PHP02
W10004_0970/PHP02.MNH1.2020,W10004_0970/PHP02
W10004_0971/PHP02.MNH1.2020,W10004_0971/PHP02
W10004_0974/PHP02.MNH1.2020,W10004_0974/PHP02
W10004_0975/PHP02.MNH1.2020,W10004_0975/PHP02
W10004_0981/PHP02.MNH1.2020,W10004_0981/PHP02
W10004_0982/PHP02.MNH1.2020,W10004_0982/PHP02
W10004_0984/PHP02.MNH1.2020,W10004_0984/PHP02
W10004_0988/PHP02.MNH1.2020,W10004_0988/PHP02
W10004_0991/PHP02.MNH1.2020,W10004_0991/PHP02
W10004_0996/PHP02.MNH1.2020,W10004_0996/PHP02
W10004_0997/PHP02.MNH1.2020,W10004_0997/PHP02
W10004_1000/PHP02.MNH1.2020,W10004_1000/PHP02
W10004_1001/PHP02.MNH1.2020,W10004_1001/PHP02
W10004_1002/PHP02.MNH1.2020,W10004_1002/PHP02
W10004_1004/PHP02.MNH1.2020,W10004_1004/PHP02
W10004_1007/PHP02.MNH1.2020,W10004_1007/PHP02
W10004_1011/PHP02.MNH1.2020,W10004_1011/PHP02
W10004_1014/PHP02.MNH1.2020,W10004_1014/PHP02
W10004_1015/PHP02.MNH1.2020,W10004_1015/PHP02
W10004_1018/PHP02.MNH1.2020,W10004_1018/PHP02
W10004_1020/PHP02.MNH1.2020,W10004_1020/PHP02
W10004_1032/PHP02.MNH1.2020,W10004_1032/PHP02
W10004_1037/PHP02.MNH1.2020,W10004_1037/PHP02
W10004_1045/PHP02.MNH1.2020,W10004_1045/PHP02
W10004_1052/PHP02.MNH1.2020,W10004_1052/PHP02
W10004_1057/PHP02.MNH1.2020,W10004_1057/PHP02
W10004_1063/PHP02.MNH1.2020,W10004_1063/PHP02
W10004_1064/PHP02.MNH1.2020,W10004_1064/PHP02
W10004_1072/PHP02.MNH1.2020,W10004_1072/PHP02
W10004_1080/PHP02.MNH1.2020,W10004_1080/PHP02
W10004_1081/PHP02.MNH1.2020,W10004_1081/PHP02
W10004_1084/PHP02.MNH1.2020,W10004_1084/PHP02
W10004_1099/PHP02.MNH1.2020,W10004_1099/PHP02
W10004_1104/PHP02.MNH1.2020,W10004_1104/PHP02
W10004_1105/PHP02.MNH1.2020,W10004_1105/PHP02
W10004_1112/PHP02.MNH1.2020,W10004_1112/PHP02
W10004_1117/PHP02.MNH1.2020,W10004_1117/PHP02
W10004_1118/PHP02.MNH1.2020,W10004_1118/PHP02
W10004_1123/PHP02.MNH1.2020,W10004_1123/PHP02
W10004_1140/PHP02.MNH1.2020,W10004_1140/PHP02
W10004_1143/PHP02.MNH1.2020,W10004_1143/PHP02
W10004_1146/PHP02.MNH1.2020,W10004_1146/PHP02
W10004_1156/PHP02.MNH1.2020,W10004_1156/PHP02
B14A/H95.MNH1.2021,B14A/H95
B14A/MO17.MNH1.2021,B14A/MO17
B14A/OH43.MNH1.2021,B14A/OH43
B37/H95.MNH1.2021,B37/H95
B37/MO17.MNH1.2021,B37/MO17
B37/OH43.MNH1.2021,B37/OH43
B73/MO17.MNH1.2021,B73/MO17
B73/PHK76.MNH1.2021,B73/PHK76
B73/PHM49.MNH1.2021,B73/PHM49
B73/PHN82.MNH1.2021,B73/PHN82
B73/PHZ51.MNH1.2021,B73/PHZ51
B73/TX779.MNH1.2021,B73/TX779
CG119/CG108.MNH1.2021,CG119/CG108
CG44/CGR01.MNH1.2021,CG44/CGR01
F42/H95.MNH1.2021,F42/H95
F42/MO17.MNH1.2021,F42/MO17
F42/OH43.MNH1.2021,F42/OH43
LH145/LH82.MNH1.2021,LH145/LH82
LH195/MO17.MNH1.2021,LH195/MO17
LH195/PHK76.MNH1.2021,LH195/PHK76
LH195/PHN82.MNH1.2021,LH195/PHN82
LH195/PHZ51.MNH1.2021,LH195/PHZ51
LH244/MO17.MNH1.2021,LH244/MO17
LH244/PHK76.MNH1.2021,LH244/PHK76
LH244/PHN82.MNH1.2021,LH244/PHN82
LH244/PHZ51.MNH1.2021,LH244/PHZ51
LH74/PHN82.MNH1.2021,LH74/PHN82
PHB47/MO17.MNH1.2021,PHB47/MO17
PHB47/PHK76.MNH1.2021,PHB47/PHK76
PHB47/PHN82.MNH1.2021,PHB47/PHN82
PHB47/PHZ51.MNH1.2021,PHB47/PHZ51
PHG29/PHG47.MNH1.2021,PHG29/PHG47
PHG39/PHN82.MNH1.2021,PHG39/PHN82
PHJ40/PHAJ0.MNH1.2021,PHJ40/PHAJ0
PHJ89/PH207.MNH1.2021,PHJ89/PH207
PHRE1/PHTD5.MNH1.2021,PHRE1/PHTD5
PHW52/PHM49.MNH1.2021,PHW52/PHM49
PHW52/PHN82.MNH1.2021,PHW52/PHN82
TX714/PHZ51.MNH1.2021,TX714/PHZ51
TX714/TX779.MNH1.2021,TX714/TX779
TX777/LH195.MNH1.2021,TX777/LH195
TX779/LH195.MNH1.2021,TX779/LH195
W10004_0006/PHP02.MNH1.2021,W10004_0006/PHP02
W10004_0007/PHP02.MNH1.2021,W10004_0007/PHP02
W10004_0008/PHP02.MNH1.2021,W10004_0008/PHP02
W10004_0010/PHP02.MNH1.2021,W10004_0010/PHP02
W10004_0011/PHP02.MNH1.2021,W10004_0011/PHP02
W10004_0013/PHP02.MNH1.2021,W10004_0013/PHP02
W10004_0014/PHP02.MNH1.2021,W10004_0014/PHP02
W10004_0018/PHP02.MNH1.2021,W10004_0018/PHP02
W10004_0026/PHP02.MNH1.2021,W10004_0026/PHP02
W10004_0027/PHP02.MNH1.2021,W10004_0027/PHP02
W10004_0031/PHP02.MNH1.2021,W10004_0031/PHP02
W10004_0032/PHP02.MNH1.2021,W10004_0032/PHP02
W10004_0034/PHP02.MNH1.2021,W10004_0034/PHP02
W10004_0035/PHP02.MNH1.2021,W10004_0035/PHP02
W10004_0037/PHP02.MNH1.2021,W10004_0037/PHP02
W10004_0038/PHP02.MNH1.2021,W10004_0038/PHP02
W10004_0039/PHP02.MNH1.2021,W10004_0039/PHP02
W10004_0041/PHP02.MNH1.2021,W10004_0041/PHP02
W10004_0042/PHP02.MNH1.2021,W10004_0042/PHP02
W10004_0045/PHP02.MNH1.2021,W10004_0045/PHP02
W10004_0046/PHP02.MNH1.2021,W10004_0046/PHP02
W10004_0047/PHP02.MNH1.2021,W10004_0047/PHP02
W10004_0053/PHP02.MNH1.2021,W10004_0053/PHP02
W10004_0055/PHP02.MNH1.2021,W10004_0055/PHP02
W10004_0059/PHP02.MNH1.2021,W10004_0059/PHP02
W10004_0061/PHP02.MNH1.2021,W10004_0061/PHP02
W10004_0062/PHP02.MNH1.2021,W10004_0062/PHP02
W10004_0063/PHP02.MNH1.2021,W10004_0063/PHP02
W10004_0064/PHP02.MNH1.2021,W10004_0064/PHP02
W10004_0065/PHP02.MNH1.2021,W10004_0065/PHP02
W10004_0068/PHP02.MNH1.2021,W10004_0068/PHP02
W10004_0069/PHP02.MNH1.2021,W10004_0069/PHP02
W10004_0070/PHP02.MNH1.2021,W10004_0070/PHP02
W10004_0071/PHP02.MNH1.2021,W10004_0071/PHP02
W10004_0072/PHP02.MNH1.2021,W10004_0072/PHP02
W10004_0073/PHP02.MNH1.2021,W10004_0073/PHP02
W10004_0076/PHP02.MNH1.2021,W10004_0076/PHP02
W10004_0078/PHP02.MNH1.2021,W10004_0078/PHP02
W10004_0079/PHP02.MNH1.2021,W10004_0079/PHP02
W10004_0080/PHP02.MNH1.2021,W10004_0080/PHP02
W10004_0086/PHP02.MNH1.2021,W10004_0086/PHP02
W10004_0087/PHP02.MNH1.2021,W10004_0087/PHP02
W10004_0092/PHP02.MNH1.2021,W10004_0092/PHP02
W10004_0093/PHP02.MNH1.2021,W10004_0093/PHP02
W10004_0095/PHP02.MNH1.2021,W10004_0095/PHP02
W10004_0097/PHP02.MNH1.2021,W10004_0097/PHP02
W10004_0098/PHP02.MNH1.2021,W10004_0098/PHP02
W10004_0099/PHP02.MNH1.2021,W10004_0099/PHP02
W10004_0101/PHP02.MNH1.2021,W10004_0101/PHP02
W10004_0103/PHP02.MNH1.2021,W10004_0103/PHP02
W10004_0106/PHP02.MNH1.2021,W10004_0106/PHP02
W10004_0110/PHP02.MNH1.2021,W10004_0110/PHP02
W10004_0112/PHP02.MNH1.2021,W10004_0112/PHP02
W10004_0115/PHP02.MNH1.2021,W10004_0115/PHP02
W10004_0116/PHP02.MNH1.2021,W10004_0116/PHP02
W10004_0118/PHP02.MNH1.2021,W10004_0118/PHP02
W10004_0119/PHP02.MNH1.2021,W10004_0119/PHP02
W10004_0121/PHP02.MNH1.2021,W10004_0121/PHP02
W10004_0122/PHP02.MNH1.2021,W10004_0122/PHP02
W10004_0127/PHP02.MNH1.2021,W10004_0127/PHP02
W10004_0129/PHP02.MNH1.2021,W10004_0129/PHP02
W10004_0132/PHP02.MNH1.2021,W10004_0132/PHP02
W10004_0133/PHP02.MNH1.2021,W10004_0133/PHP02
W10004_0134/PHP02.MNH1.2021,W10004_0134/PHP02
W10004_0138/PHP02.MNH1.2021,W10004_0138/PHP02
W10004_0140/PHP02.MNH1.2021,W10004_0140/PHP02
W10004_0144/PHP02.MNH1.2021,W10004_0144/PHP02
W10004_0146/PHP02.MNH1.2021,W10004_0146/PHP02
W10004_0147/PHP02.MNH1.2021,W10004_0147/PHP02
W10004_0148/PHP02.MNH1.2021,W10004_0148/PHP02
W10004_0149/PHP02.MNH1.2021,W10004_0149/PHP02
W10004_0152/PHP02.MNH1.2021,W10004_0152/PHP02
W10004_0153/PHP02.MNH1.2021,W10004_0153/PHP02
W10004_0154/PHP02.MNH1.2021,W10004_0154/PHP02
W10004_0160/PHP02.MNH1.2021,W10004_0160/PHP02
W10004_0161/PHP02.MNH1.2021,W10004_0161/PHP02
W10004_0166/PHP02.MNH1.2021,W10004_0166/PHP02
W10004_0167/PHP02.MNH1.2021,W10004_0167/PHP02
W10004_0168/PHP02.MNH1.2021,W10004_0168/PHP02
W10004_0169/PHP02.MNH1.2021,W10004_0169/PHP02
W10004_0171/PHP02.MNH1.2021,W10004_0171/PHP02
W10004_0178/PHP02.MNH1.2021,W10004_0178/PHP02
W10004_0179/PHP02.MNH1.2021,W10004_0179/PHP02
W10004_0185/PHP02.MNH1.2021,W10004_0185/PHP02
W10004_0189/PHP02.MNH1.2021,W10004_0189/PHP02
W10004_0190/PHP02.MNH1.2021,W10004_0190/PHP02
W10004_0192/PHP02.MNH1.2021,W10004_0192/PHP02
W10004_0194/PHP02.MNH1.2021,W10004_0194/PHP02
W10004_0196/PHP02.MNH1.2021,W10004_0196/PHP02
W10004_0197/PHP02.MNH1.2021,W10004_0197/PHP02
W10004_0199/PHP02.MNH1.2021,W10004_0199/PHP02
W10004_0200/PHP02.MNH1.2021,W10004_0200/PHP02
W10004_0203/PHP02.MNH1.2021,W10004_0203/PHP02
W10004_0204/PHP02.MNH1.2021,W10004_0204/PHP02
W10004_0206/PHP02.MNH1.2021,W10004_0206/PHP02
W10004_0212/PHP02.MNH1.2021,W10004_0212/PHP02
W10004_0213/PHP02.MNH1.2021,W10004_0213/PHP02
W10004_0217/PHP02.MNH1.2021,W10004_0217/PHP02
W10004_0220/PHP02.MNH1.2021,W10004_0220/PHP02
W10004_0221/PHP02.MNH1.2021,W10004_0221/PHP02
W10004_0223/PHP02.MNH1.2021,W10004_0223/PHP02
W10004_0224/PHP02.MNH1.2021,W10004_0224/PHP02
W10004_0225/PHP02.MNH1.2021,W10004_0225/PHP02
W10004_0227/PHP02.MNH1.2021,W10004_0227/PHP02
W10004_0231/PHP02.MNH1.2021,W10004_0231/PHP02
W10004_0236/PHP02.MNH1.2021,W10004_0236/PHP02
W10004_0238/PHP02.MNH1.2021,W10004_0238/PHP02
W10004_0241/PHP02.MNH1.2021,W10004_0241/PHP02
W10004_0242/PHP02.MNH1.2021,W10004_0242/PHP02
W10004_0253/PHP02.MNH1.2021,W10004_0253/PHP02
W10004_0254/PHP02.MNH1.2021,W10004_0254/PHP02
W10004_0256/PHP02.MNH1.2021,W10004_0256/PHP02
W10004_0258/PHP02.MNH1.2021,W10004_0258/PHP02
W10004_0261/PHP02.MNH1.2021,W10004_0261/PHP02
W10004_0262/PHP02.MNH1.2021,W10004_0262/PHP02
W10004_0264/PHP02.MNH1.2021,W10004_0264/PHP02
W10004_0268/PHP02.MNH1.2021,W10004_0268/PHP02
W10004_0270/PHP02.MNH1.2021,W10004_0270/PHP02
W10004_0271/PHP02.MNH1.2021,W10004_0271/PHP02
W10004_0276/PHP02.MNH1.2021,W10004_0276/PHP02
W10004_0290/PHP02.MNH1.2021,W10004_0290/PHP02
W10004_0291/PHP02.MNH1.2021,W10004_0291/PHP02
W10004_0292/PHP02.MNH1.2021,W10004_0292/PHP02
W10004_0299/PHP02.MNH1.2021,W10004_0299/PHP02
W10004_0306/PHP02.MNH1.2021,W10004_0306/PHP02
W10004_0308/PHP02.MNH1.2021,W10004_0308/PHP02
W10004_0309/PHP02.MNH1.2021,W10004_0309/PHP02
W10004_0310/PHP02.MNH1.2021,W10004_0310/PHP02
W10004_0311/PHP02.MNH1.2021,W10004_0311/PHP02
W10004_0327/PHP02.MNH1.2021,W10004_0327/PHP02
W10004_0329/PHP02.MNH1.2021,W10004_0329/PHP02
W10004_0336/PHP02.MNH1.2021,W10004_0336/PHP02
W10004_0344/PHP02.MNH1.2021,W10004_0344/PHP02
W10004_0346/PHP02.MNH1.2021,W10004_0346/PHP02
W10004_0361/PHP02.MNH1.2021,W10004_0361/PHP02
W10004_0362/PHP02.MNH1.2021,W10004_0362/PHP02
W10004_0380/PHP02.MNH1.2021,W10004_0380/PHP02
W10004_0381/PHP02.MNH1.2021,W10004_0381/PHP02
W10004_0383/PHP02.MNH1.2021,W10004_0383/PHP02
W10004_0389/PHP02.MNH1.2021,W10004_0389/PHP02
W10004_0393/PHP02.MNH1.2021,W10004_0393/PHP02
W10004_0394/PHP02.MNH1.2021,W10004_0394/PHP02
W10004_0395/PHP02.MNH1.2021,W10004_0395/PHP02
W10004_0396/PHP02.MNH1.2021,W10004_0396/PHP02
W10004_0403/PHP02.MNH1.2021,W10004_0403/PHP02
W10004_0409/PHP02.MNH1.2021,W10004_0409/PHP02
W10004_0410/PHP02.MNH1.2021,W10004_0410/PHP02
W10004_0412/PHP02.MNH1.2021,W10004_0412/PHP02
W10004_0417/PHP02.MNH1.2021,W10004_0417/PHP02
W10004_0419/PHP02.MNH1.2021,W10004_0419/PHP02
W10004_0424/PHP02.MNH1.2021,W10004_0424/PHP02
W10004_0427/PHP02.MNH1.2021,W10004_0427/PHP02
W10004_0430/PHP02.MNH1.2021,W10004_0430/PHP02
W10004_0465/PHP02.MNH1.2021,W10004_0465/PHP02
W10004_0467/PHP02.MNH1.2021,W10004_0467/PHP02
W10004_0474/PHP02.MNH1.2021,W10004_0474/PHP02
W10004_0476/PHP02.MNH1.2021,W10004_0476/PHP02
W10004_0487/PHP02.MNH1.2021,W10004_0487/PHP02
W10004_0498/PHP02.MNH1.2021,W10004_0498/PHP02
W10004_0501/PHP02.MNH1.2021,W10004_0501/PHP02
W10004_0505/PHP02.MNH1.2021,W10004_0505/PHP02
W10004_0601/PHP02.MNH1.2021,W10004_0601/PHP02
W10004_0602/PHP02.MNH1.2021,W10004_0602/PHP02
W10004_0608/PHP02.MNH1.2021,W10004_0608/PHP02
W10004_0612/PHP02.MNH1.2021,W10004_0612/PHP02
W10004_0614/PHP02.MNH1.2021,W10004_0614/PHP02
W10004_0616/PHP02.MNH1.2021,W10004_0616/PHP02
W10004_0618/PHP02.MNH1.2021,W10004_0618/PHP02
W10004_0619/PHP02.MNH1.2021,W10004_0619/PHP02
W10004_0620/PHP02.MNH1.2021,W10004_0620/PHP02
W10004_0622/PHP02.MNH1.2021,W10004_0622/PHP02
W10004_0624/PHP02.MNH1.2021,W10004_0624/PHP02
W10004_0625/PHP02.MNH1.2021,W10004_0625/PHP02
W10004_0626/PHP02.MNH1.2021,W10004_0626/PHP02
W10004_0628/PHP02.MNH1.2021,W10004_0628/PHP02
W10004_0631/PHP02.MNH1.2021,W10004_0631/PHP02
W10004_0632/PHP02.MNH1.2021,W10004_0632/PHP02
W10004_0636/PHP02.MNH1.2021,W10004_0636/PHP02
W10004_0637/PHP02.MNH1.2021,W10004_0637/PHP02
W10004_0639/PHP02.MNH1.2021,W10004_0639/PHP02
W10004_0644/PHP02.MNH1.2021,W10004_0644/PHP02
W10004_0645/PHP02.MNH1.2021,W10004_0645/PHP02
W10004_0646/PHP02.MNH1.2021,W10004_0646/PHP02
W10004_0649/PHP02.MNH1.2021,W10004_0649/PHP02
W10004_0650/PHP02.MNH1.2021,W10004_0650/PHP02
W10004_0651/PHP02.MNH1.2021,W10004_0651/PHP02
W10004_0654/PHP02.MNH1.2021,W10004_0654/PHP02
W10004_0658/PHP02.MNH1.2021,W10004_0658/PHP02
W10004_0659/PHP02.MNH1.2021,W10004_0659/PHP02
W10004_0661/PHP02.MNH1.2021,W10004_0661/PHP02
W10004_0664/PHP02.MNH1.2021,W10004_0664/PHP02
W10004_0667/PHP02.MNH1.2021,W10004_0667/PHP02
W10004_0669/PHP02.MNH1.2021,W10004_0669/PHP02
W10004_0672/PHP02.MNH1.2021,W10004_0672/PHP02
W10004_0673/PHP02.MNH1.2021,W10004_0673/PHP02
W10004_0674/PHP02.MNH1.2021,W10004_0674/PHP02
W10004_0675/PHP02.MNH1.2021,W10004_0675/PHP02
W10004_0678/PHP02.MNH1.2021,W10004_0678/PHP02
W10004_0680/PHP02.MNH1.2021,W10004_0680/PHP02
W10004_0682/PHP02.MNH1.2021,W10004_0682/PHP02
W10004_0684/PHP02.MNH1.2021,W10004_0684/PHP02
W10004_0685/PHP02.MNH1.2021,W10004_0685/PHP02
W10004_0687/PHP02.MNH1.2021,W10004_0687/PHP02
W10004_0688/PHP02.MNH1.2021,W10004_0688/PHP02
W10004_0689/PHP02.MNH1.2021,W10004_0689/PHP02
W10004_0691/PHP02.MNH1.2021,W10004_0691/PHP02
W10004_0695/PHP02.MNH1.2021,W10004_0695/PHP02
W10004_0696/PHP02.MNH1.2021,W10004_0696/PHP02
W10004_0697/PHP02.MNH1.2021,W10004_0697/PHP02
W10004_0701/PHP02.MNH1.2021,W10004_0701/PHP02
W10004_0702/PHP02.MNH1.2021,W10004_0702/PHP02
W10004_0703/PHP02.MNH1.2021,W10004_0703/PHP02
W10004_0704/PHP02.MNH1.2021,W10004_0704/PHP02
W10004_0705/PHP02.MNH1.2021,W10004_0705/PHP02
W10004_0707/PHP02.MNH1.2021,W10004_0707/PHP02
W10004_0711/PHP02.MNH1.2021,W10004_0711/PHP02
W10004_0712/PHP02.MNH1.2021,W10004_0712/PHP02
W10004_0713/PHP02.MNH1.2021,W10004_0713/PHP02
W10004_0714/PHP02.MNH1.2021,W10004_0714/PHP02
W10004_0715/PHP02.MNH1.2021,W10004_0715/PHP02
W10004_0717/PHP02.MNH1.2021,W10004_0717/PHP02
W10004_0723/PHP02.MNH1.2021,W10004_0723/PHP02
W10004_0727/PHP02.MNH1.2021,W10004_0727/PHP02
W10004_0729/PHP02.MNH1.2021,W10004_0729/PHP02
W10004_0732/PHP02.MNH1.2021,W10004_0732/PHP02
W10004_0733/PHP02.MNH1.2021,W10004_0733/PHP02
W10004_0734/PHP02.MNH1.2021,W10004_0734/PHP02
W10004_0736/PHP02.MNH1.2021,W10004_0736/PHP02
W10004_0741/PHP02.MNH1.2021,W10004_0741/PHP02
W10004_0745/PHP02.MNH1.2021,W10004_0745/PHP02
W10004_0746/PHP02.MNH1.2021,W10004_0746/PHP02
W10004_0747/PHP02.MNH1.2021,W10004_0747/PHP02
W10004_0751/PHP02.MNH1.2021,W10004_0751/PHP02
W10004_0754/PHP02.MNH1.2021,W10004_0754/PHP02
W10004_0756/PHP02.MNH1.2021,W10004_0756/PHP02
W10004_0757/PHP02.MNH1.2021,W10004_0757/PHP02
W10004_0760/PHP02.MNH1.2021,W10004_0760/PHP02
W10004_0768/PHP02.MNH1.2021,W10004_0768/PHP02
W10004_0771/PHP02.MNH1.2021,W10004_0771/PHP02
W10004_0773/PHP02.MNH1.2021,W10004_0773/PHP02
W10004_0774/PHP02.MNH1.2021,W10004_0774/PHP02
W10004_0775/PHP02.MNH1.2021,W10004_0775/PHP02
W10004_0776/PHP02.MNH1.2021,W10004_0776/PHP02
W10004_0779/PHP02.MNH1.2021,W10004_0779/PHP02
W10004_0781/PHP02.MNH1.2021,W10004_0781/PHP02
W10004_0782/PHP02.MNH1.2021,W10004_0782/PHP02
W10004_0783/PHP02.MNH1.2021,W10004_0783/PHP02
W10004_0784/PHP02.MNH1.2021,W10004_0784/PHP02
W10004_0787/PHP02.MNH1.2021,W10004_0787/PHP02
W10004_0789/PHP02.MNH1.2021,W10004_0789/PHP02
W10004_0792/PHP02.MNH1.2021,W10004_0792/PHP02
W10004_0794/PHP02.MNH1.2021,W10004_0794/PHP02
W10004_0795/PHP02.MNH1.2021,W10004_0795/PHP02
W10004_0798/PHP02.MNH1.2021,W10004_0798/PHP02
W10004_0799/PHP02.MNH1.2021,W10004_0799/PHP02
W10004_0800/PHP02.MNH1.2021,W10004_0800/PHP02
W10004_0801/PHP02.MNH1.2021,W10004_0801/PHP02
W10004_0802/PHP02.MNH1.2021,W10004_0802/PHP02
W10004_0803/PHP02.MNH1.2021,W10004_0803/PHP02
W10004_0806/PHP02.MNH1.2021,W10004_0806/PHP02
W10004_0807/PHP02.MNH1.2021,W10004_0807/PHP02
W10004_0812/PHP02.MNH1.2021,W10004_0812/PHP02
W10004_0814/PHP02.MNH1.2021,W10004_0814/PHP02
W10004_0815/PHP02.MNH1.2021,W10004_0815/PHP02
W10004_0818/PHP02.MNH1.2021,W10004_0818/PHP02
W10004_0819/PHP02.MNH1.2021,W10004_0819/PHP02
W10004_0822/PHP02.MNH1.2021,W10004_0822/PHP02
W10004_0823/PHP02.MNH1.2021,W10004_0823/PHP02
W10004_0826/PHP02.MNH1.2021,W10004_0826/PHP02
W10004_0827/PHP02.MNH1.2021,W10004_0827/PHP02
W10004_0828/PHP02.MNH1.2021,W10004_0828/PHP02
W10004_0830/PHP02.MNH1.2021,W10004_0830/PHP02
W10004_0832/PHP02.MNH1.2021,W10004_0832/PHP02
W10004_0833/PHP02.MNH1.2021,W10004_0833/PHP02
W10004_0834/PHP02.MNH1.2021,W10004_0834/PHP02
W10004_0836/PHP02.MNH1.2021,W10004_0836/PHP02
W10004_0837/PHP02.MNH1.2021,W10004_0837/PHP02
W10004_0840/PHP02.MNH1.2021,W10004_0840/PHP02
W10004_0842/PHP02.MNH1.2021,W10004_0842/PHP02
W10004_0843/PHP02.MNH1.2021,W10004_0843/PHP02
W10004_0844/PHP02.MNH1.2021,W10004_0844/PHP02
W10004_0847/PHP02.MNH1.2021,W10004_0847/PHP02
W10004_0848/PHP02.MNH1.2021,W10004_0848/PHP02
W10004_0851/PHP02.MNH1.2021,W10004_0851/PHP02
W10004_0852/PHP02.MNH1.2021,W10004_0852/PHP02
W10004_0856/PHP02.MNH1.2021,W10004_0856/PHP02
W10004_0858/PHP02.MNH1.2021,W10004_0858/PHP02
W10004_0859/PHP02.MNH1.2021,W10004_0859/PHP02
W10004_0866/PHP02.MNH1.2021,W10004_0866/PHP02
W10004_0868/PHP02.MNH1.2021,W10004_0868/PHP02
W10004_0869/PHP02.MNH1.2021,W10004_0869/PHP02
W10004_0876/PHP02.MNH1.2021,W10004_0876/PHP02
W10004_0877/PHP02.MNH1.2021,W10004_0877/PHP02
W10004_0879/PHP02.MNH1.2021,W10004_0879/PHP02
W10004_0884/PHP02.MNH1.2021,W10004_0884/PHP02
W10004_0885/PHP02.MNH1.2021,W10004_0885/PHP02
W10004_0886/PHP02.MNH1.2021,W10004_0886/PHP02
W10004_0888/PHP02.MNH1.2021,W10004_0888/PHP02
W10004_0889/PHP02.MNH1.2021,W10004_0889/PHP02
W10004_0891/PHP02.MNH1.2021,W10004_0891/PHP02
W10004_0892/PHP02.MNH1.2021,W10004_0892/PHP02
W10004_0894/PHP02.MNH1.2021,W10004_0894/PHP02
W10004_0896/PHP02.MNH1.2021,W10004_0896/PHP02
W10004_0900/PHP02.MNH1.2021,W10004_0900/PHP02
W10004_0901/PHP02.MNH1.2021,W10004_0901/PHP02
W10004_0907/PHP02.MNH1.2021,W10004_0907/PHP02
W10004_0913/PHP02.MNH1.2021,W10004_0913/PHP02
W10004_0914/PHP02.MNH1.2021,W10004_0914/PHP02
W10004_0916/PHP02.MNH1.2021,W10004_0916/PHP02
W10004_0918/PHP02.MNH1.2021,W10004_0918/PHP02
W10004_0920/PHP02.MNH1.2021,W10004_0920/PHP02
W10004_0922/PHP02.MNH1.2021,W10004_0922/PHP02
W10004_0928/PHP02.MNH1.2021,W10004_0928/PHP02
W10004_0930/PHP02.MNH1.2021,W10004_0930/PHP02
W10004_0932/PHP02.MNH1.2021,W10004_0932/PHP02
W10004_0935/PHP02.MNH1.2021,W10004_0935/PHP02
W10004_0938/PHP02.MNH1.2021,W10004_0938/PHP02
W10004_0940/PHP02.MNH1.2021,W10004_0940/PHP02
W10004_0943/PHP02.MNH1.2021,W10004_0943/PHP02
W10004_0949/PHP02.MNH1.2021,W10004_0949/PHP02
W10004_0950/PHP02.MNH1.2021,W10004_0950/PHP02
W10004_0951/PHP02.MNH1.2021,W10004_0951/PHP02
W10004_0953/PHP02.MNH1.2021,W10004_0953/PHP02
W10004_0955/PHP02.MNH1.2021,W10004_0955/PHP02
W10004_0956/PHP02.MNH1.2021,W10004_0956/PHP02
W10004_0963/PHP02.MNH1.2021,W10004_0963/PHP02
W10004_0964/PHP02.MNH1.2021,W10004_0964/PHP02
W10004_0965/PHP02.MNH1.2021,W10004_0965/PHP02
W10004_0966/PHP02.MNH1.2021,W10004_0966/PHP02
W10004_0969/PHP02.MNH1.2021,W10004_0969/PHP02
W10004_0970/PHP02.MNH1.2021,W10004_0970/PHP02
W10004_0971/PHP02.MNH1.2021,W10004_0971/PHP02
W10004_0974/PHP02.MNH1.2021,W10004_0974/PHP02
W10004_0975/PHP02.MNH1.2021,W10004_0975/PHP02
W10004_0981/PHP02.MNH1.2021,W10004_0981/PHP02
W10004_0982/PHP02.MNH1.2021,W10004_0982/PHP02
W10004_0984/PHP02.MNH1.2021,W10004_0984/PHP02
W10004_0988/PHP02.MNH1.2021,W10004_0988/PHP02
W10004_0991/PHP02.MNH1.2021,W10004_0991/PHP02
W10004_0996/PHP02.MNH1.2021,W10004_0996/PHP02
W10004_0997/PHP02.MNH1.2021,W10004_0997/PHP02
W10004_1000/PHP02.MNH1.2021,W10004_1000/PHP02
W10004_1001/PHP02.MNH1.2021,W10004_1001/PHP02
W10004_1002/PHP02.MNH1.2021,W10004_1002/PHP02
W10004_1004/PHP02.MNH1.2021,W10004_1004/PHP02
W10004_1007/PHP02.MNH1.2021,W10004_1007/PHP02
W10004_1011/PHP02.MNH1.2021,W10004_1011/PHP02
W10004_1014/PHP02.MNH1.2021,W10004_1014/PHP02
W10004_1015/PHP02.MNH1.2021,W10004_1015/PHP02
W10004_1018/PHP02.MNH1.2021,W10004_1018/PHP02
W10004_1020/PHP02.MNH1.2021,W10004_1020/PHP02
W10004_1032/PHP02.MNH1.2021,W10004_1032/PHP02
W10004_1037/PHP02.MNH1.2021,W10004_1037/PHP02
W10004_1045/PHP02.MNH1.2021,W10004_1045/PHP02
W10004_1052/PHP02.MNH1.2021,W10004_1052/PHP02
W10004_1057/PHP02.MNH1.2021,W10004_1057/PHP02
W10004_1063/PHP02.MNH1.2021,W10004_1063/PHP02
W10004_1064/PHP02.MNH1.2021,W10004_1064/PHP02
W10004_1072/PHP02.MNH1.2021,W10004_1072/PHP02
W10004_1080/PHP02.MNH1.2021,W10004_1080/PHP02
W10004_1081/PHP02.MNH1.2021,W10004_1081/PHP02
W10004_1084/PHP02.MNH1.2021,W10004_1084/PHP02
W10004_1099/PHP02.MNH1.2021,W10004_1099/PHP02
W10004_1104/PHP02.MNH1.2021,W10004_1104/PHP02
W10004_1105/PHP02.MNH1.2021,W10004_1105/PHP02
W10004_1112/PHP02.MNH1.2021,W10004_1112/PHP02
W10004_1117/PHP02.MNH1.2021,W10004_1117/PHP02
W10004_1118/PHP02.MNH1.2021,W10004_1118/PHP02
W10004_1123/PHP02.MNH1.2021,W10004_1123/PHP02
W10004_1140/PHP02.MNH1.2021,W10004_1140/PHP02
W10004_1143/PHP02.MNH1.2021,W10004_1143/PHP02
W10004_1146/PHP02.MNH1.2021,W10004_1146/PHP02
W10004_1156/PHP02.MNH1.2021,W10004_1156/PHP02
B14A/H95.MOH1.2020,B14A/H95
B14A/MO17.MOH1.2020,B14A/MO17
B14A/OH43.MOH1.2020,B14A/OH43
B37/H95.MOH1.2020,B37/H95
B37/MO17.MOH1.2020,B37/MO17
B37/OH43.MOH1.2020,B37/OH43
B73/MO17.MOH1.2020,B73/MO17
B73/PHM49.MOH1.2020,B73/PHM49
B73/PHN82.MOH1.2020,B73/PHN82
B73/TX779.MOH1.2020,B73/TX779
CG119/CG108.MOH1.2020,CG119/CG108
CG44/CGR01.MOH1.2020,CG44/CGR01
F42/H95.MOH1.2020,F42/H95
F42/MO17.MOH1.2020,F42/MO17
F42/OH43.MOH1.2020,F42/OH43
LH74/PHN82.MOH1.2020,LH74/PHN82
LH82/TX779.MOH1.2020,LH82/TX779
PB80/TX779.MOH1.2020,PB80/TX779
PHB47/PHN82.MOH1.2020,PHB47/PHN82
PHG39/PHN82.MOH1.2020,PHG39/PHN82
PHW52/PHM49.MOH1.2020,PHW52/PHM49
PHW52/PHN82.MOH1.2020,PHW52/PHN82
TX714/TX779.MOH1.2020,TX714/TX779
TX773/TX779.MOH1.2020,TX773/TX779
TX777/LH195.MOH1.2020,TX777/LH195
TX779/LH195.MOH1.2020,TX779/LH195
W10004_0006/PHK76.MOH1.2020,W10004_0006/PHK76
W10004_0006/PHP02.MOH1.2020,W10004_0006/PHP02
W10004_0006/PHZ51.MOH1.2020,W10004_0006/PHZ51
W10004_0007/PHK76.MOH1.2020,W10004_0007/PHK76
W10004_0007/PHP02.MOH1.2020,W10004_0007/PHP02
W10004_0007/PHZ51.MOH1.2020,W10004_0007/PHZ51
W10004_0008/PHP02.MOH1.2020,W10004_0008/PHP02
W10004_0008/PHZ51.MOH1.2020,W10004_0008/PHZ51
W10004_0010/PHK76.MOH1.2020,W10004_0010/PHK76
W10004_0010/PHP02.MOH1.2020,W10004_0010/PHP02
W10004_0010/PHZ51.MOH1.2020,W10004_0010/PHZ51
W10004_0011/PHK76.MOH1.2020,W10004_0011/PHK76
W10004_0011/PHP02.MOH1.2020,W10004_0011/PHP02
W10004_0011/PHZ51.MOH1.2020,W10004_0011/PHZ51
W10004_0013/PHK76.MOH1.2020,W10004_0013/PHK76
W10004_0013/PHP02.MOH1.2020,W10004_0013/PHP02
W10004_0013/PHZ51.MOH1.2020,W10004_0013/PHZ51
W10004_0014/PHK76.MOH1.2020,W10004_0014/PHK76
W10004_0014/PHP02.MOH1.2020,W10004_0014/PHP02
W10004_0014/PHZ51.MOH1.2020,W10004_0014/PHZ51
W10004_0018/PHK76.MOH1.2020,W10004_0018/PHK76
W10004_0018/PHP02.MOH1.2020,W10004_0018/PHP02
W10004_0018/PHZ51.MOH1.2020,W10004_0018/PHZ51
W10004_0019/PHZ51.MOH1.2020,W10004_0019/PHZ51
W10004_0026/PHK76.MOH1.2020,W10004_0026/PHK76
W10004_0026/PHP02.MOH1.2020,W10004_0026/PHP02
W10004_0026/PHZ51.MOH1.2020,W10004_0026/PHZ51
W10004_0027/PHK76.MOH1.2020,W10004_0027/PHK76
W10004_0027/PHP02.MOH1.2020,W10004_0027/PHP02
W10004_0027/PHZ51.MOH1.2020,W10004_0027/PHZ51
W10004_0031/PHK76.MOH1.2020,W10004_0031/PHK76
W10004_0031/PHP02.MOH1.2020,W10004_0031/PHP02
W10004_0031/PHZ51.MOH1.2020,W10004_0031/PHZ51
W10004_0032/PHK76.MOH1.2020,W10004_0032/PHK76
W10004_0032/PHP02.MOH1.2020,W10004_0032/PHP02
W10004_0032/PHZ51.MOH1.2020,W10004_0032/PHZ51
W10004_0034/PHK76.MOH1.2020,W10004_0034/PHK76
W10004_0034/PHP02.MOH1.2020,W10004_0034/PHP02
W10004_0034/PHZ51.MOH1.2020,W10004_0034/PHZ51
W10004_0035/PHK76.MOH1.2020,W10004_0035/PHK76
W10004_0035/PHP02.MOH1.2020,W10004_0035/PHP02
W10004_0035/PHZ51.MOH1.2020,W10004_0035/PHZ51
W10004_0037/PHK76.MOH1.2020,W10004_0037/PHK76
W10004_0037/PHP02.MOH1.2020,W10004_0037/PHP02
W10004_0037/PHZ51.MOH1.2020,W10004_0037/PHZ51
W10004_0038/PHK76.MOH1.2020,W10004_0038/PHK76
W10004_0038/PHZ51.MOH1.2020,W10004_0038/PHZ51
W10004_0039/PHK76.MOH1.2020,W10004_0039/PHK76
W10004_0039/PHP02.MOH1.2020,W10004_0039/PHP02
W10004_0039/PHZ51.MOH1.2020,W10004_0039/PHZ51
W10004_0041/PHK76.MOH1.2020,W10004_0041/PHK76
W10004_0041/PHP02.MOH1.2020,W10004_0041/PHP02
W10004_0041/PHZ51.MOH1.2020,W10004_0041/PHZ51
W10004_0042/PHK76.MOH1.2020,W10004_0042/PHK76
W10004_0042/PHP02.MOH1.2020,W10004_0042/PHP02
W10004_0042/PHZ51.MOH1.2020,W10004_0042/PHZ51
W10004_0045/PHK76.MOH1.2020,W10004_0045/PHK76
W10004_0045/PHP02.MOH1.2020,W10004_0045/PHP02
W10004_0045/PHZ51.MOH1.2020,W10004_0045/PHZ51
W10004_0046/PHK76.MOH1.2020,W10004_0046/PHK76
W10004_0046/PHP02.MOH1.2020,W10004_0046/PHP02
W10004_0046/PHZ51.MOH1.2020,W10004_0046/PHZ51
W10004_0047/PHK76.MOH1.2020,W10004_0047/PHK76
W10004_0047/PHP02.MOH1.2020,W10004_0047/PHP02
W10004_0047/PHZ51.MOH1.2020,W10004_0047/PHZ51
W10004_0053/PHK76.MOH1.2020,W10004_0053/PHK76
W10004_0053/PHP02.MOH1.2020,W10004_0053/PHP02
W10004_0053/PHZ51.MOH1.2020,W10004_0053/PHZ51
W10004_0055/PHK76.MOH1.2020,W10004_0055/PHK76
W10004_0055/PHP02.MOH1.2020,W10004_0055/PHP02
W10004_0055/PHZ51.MOH1.2020,W10004_0055/PHZ51
W10004_0059/PHK76.MOH1.2020,W10004_0059/PHK76
W10004_0059/PHP02.MOH1.2020,W10004_0059/PHP02
W10004_0059/PHZ51.MOH1.2020,W10004_0059/PHZ51
W10004_0061/PHK76.MOH1.2020,W10004_0061/PHK76
W10004_0061/PHP02.MOH1.2020,W10004_0061/PHP02
W10004_0061/PHZ51.MOH1.2020,W10004_0061/PHZ51
W10004_0062/PHK76.MOH1.2020,W10004_0062/PHK76
W10004_0062/PHP02.MOH1.2020,W10004_0062/PHP02
W10004_0062/PHZ51.MOH1.2020,W10004_0062/PHZ51
W10004_0063/PHK76.MOH1.2020,W10004_0063/PHK76
W10004_0063/PHP02.MOH1.2020,W10004_0063/PHP02
W10004_0063/PHZ51.MOH1.2020,W10004_0063/PHZ51
W10004_0064/PHP02.MOH1.2020,W10004_0064/PHP02
W10004_0064/PHZ51.MOH1.2020,W10004_0064/PHZ51
W10004_0065/PHK76.MOH1.2020,W10004_0065/PHK76
W10004_0065/PHP02.MOH1.2020,W10004_0065/PHP02
W10004_0065/PHZ51.MOH1.2020,W10004_0065/PHZ51
W10004_0068/PHK76.MOH1.2020,W10004_0068/PHK76
W10004_0068/PHP02.MOH1.2020,W10004_0068/PHP02
W10004_0068/PHZ51.MOH1.2020,W10004_0068/PHZ51
W10004_0069/PHK76.MOH1.2020,W10004_0069/PHK76
W10004_0069/PHP02.MOH1.2020,W10004_0069/PHP02
W10004_0069/PHZ51.MOH1.2020,W10004_0069/PHZ51
W10004_0070/PHP02.MOH1.2020,W10004_0070/PHP02
W10004_0070/PHZ51.MOH1.2020,W10004_0070/PHZ51
W10004_0071/PHP02.MOH1.2020,W10004_0071/PHP02
W10004_0071/PHZ51.MOH1.2020,W10004_0071/PHZ51
W10004_0072/PHK76.MOH1.2020,W10004_0072/PHK76
W10004_0072/PHP02.MOH1.2020,W10004_0072/PHP02
W10004_0072/PHZ51.MOH1.2020,W10004_0072/PHZ51
W10004_0073/PHP02.MOH1.2020,W10004_0073/PHP02
W10004_0076/PHP02.MOH1.2020,W10004_0076/PHP02
W10004_0076/PHZ51.MOH1.2020,W10004_0076/PHZ51
W10004_0078/PHK76.MOH1.2020,W10004_0078/PHK76
W10004_0078/PHP02.MOH1.2020,W10004_0078/PHP02
W10004_0078/PHZ51.MOH1.2020,W10004_0078/PHZ51
W10004_0079/PHP02.MOH1.2020,W10004_0079/PHP02
W10004_0079/PHZ51.MOH1.2020,W10004_0079/PHZ51
W10004_0080/PHK76.MOH1.2020,W10004_0080/PHK76
W10004_0080/PHP02.MOH1.2020,W10004_0080/PHP02
W10004_0080/PHZ51.MOH1.2020,W10004_0080/PHZ51
W10004_0086/PHK76.MOH1.2020,W10004_0086/PHK76
W10004_0086/PHP02.MOH1.2020,W10004_0086/PHP02
W10004_0086/PHZ51.MOH1.2020,W10004_0086/PHZ51
W10004_0087/PHK76.MOH1.2020,W10004_0087/PHK76
W10004_0087/PHP02.MOH1.2020,W10004_0087/PHP02
W10004_0087/PHZ51.MOH1.2020,W10004_0087/PHZ51
W10004_0092/PHK76.MOH1.2020,W10004_0092/PHK76
W10004_0092/PHP02.MOH1.2020,W10004_0092/PHP02
W10004_0092/PHZ51.MOH1.2020,W10004_0092/PHZ51
W10004_0093/PHK76.MOH1.2020,W10004_0093/PHK76
W10004_0093/PHP02.MOH1.2020,W10004_0093/PHP02
W10004_0093/PHZ51.MOH1.2020,W10004_0093/PHZ51
W10004_0095/PHK76.MOH1.2020,W10004_0095/PHK76
W10004_0095/PHP02.MOH1.2020,W10004_0095/PHP02
W10004_0095/PHZ51.MOH1.2020,W10004_0095/PHZ51
W10004_0097/PHP02.MOH1.2020,W10004_0097/PHP02
W10004_0097/PHZ51.MOH1.2020,W10004_0097/PHZ51
W10004_0098/PHP02.MOH1.2020,W10004_0098/PHP02
W10004_0098/PHZ51.MOH1.2020,W10004_0098/PHZ51
W10004_0099/PHK76.MOH1.2020,W10004_0099/PHK76
W10004_0099/PHP02.MOH1.2020,W10004_0099/PHP02
W10004_0099/PHZ51.MOH1.2020,W10004_0099/PHZ51
W10004_0101/PHK76.MOH1.2020,W10004_0101/PHK76
W10004_0101/PHP02.MOH1.2020,W10004_0101/PHP02
W10004_0101/PHZ51.MOH1.2020,W10004_0101/PHZ51
W10004_0103/PHK76.MOH1.2020,W10004_0103/PHK76
W10004_0103/PHP02.MOH1.2020,W10004_0103/PHP02
W10004_0103/PHZ51.MOH1.2020,W10004_0103/PHZ51
W10004_0106/PHK76.MOH1.2020,W10004_0106/PHK76
W10004_0106/PHP02.MOH1.2020,W10004_0106/PHP02
W10004_0106/PHZ51.MOH1.2020,W10004_0106/PHZ51
W10004_0110/PHK76.MOH1.2020,W10004_0110/PHK76
W10004_0110/PHP02.MOH1.2020,W10004_0110/PHP02
W10004_0110/PHZ51.MOH1.2020,W10004_0110/PHZ51
W10004_0112/PHK76.MOH1.2020,W10004_0112/PHK76
W10004_0112/PHP02.MOH1.2020,W10004_0112/PHP02
W10004_0112/PHZ51.MOH1.2020,W10004_0112/PHZ51
W10004_0115/PHK76.MOH1.2020,W10004_0115/PHK76
W10004_0115/PHP02.MOH1.2020,W10004_0115/PHP02
W10004_0115/PHZ51.MOH1.2020,W10004_0115/PHZ51
W10004_0116/PHK76.MOH1.2020,W10004_0116/PHK76
W10004_0116/PHP02.MOH1.2020,W10004_0116/PHP02
W10004_0116/PHZ51.MOH1.2020,W10004_0116/PHZ51
W10004_0118/PHK76.MOH1.2020,W10004_0118/PHK76
W10004_0118/PHP02.MOH1.2020,W10004_0118/PHP02
W10004_0118/PHZ51.MOH1.2020,W10004_0118/PHZ51
W10004_0119/PHK76.MOH1.2020,W10004_0119/PHK76
W10004_0119/PHP02.MOH1.2020,W10004_0119/PHP02
W10004_0119/PHZ51.MOH1.2020,W10004_0119/PHZ51
W10004_0121/PHK76.MOH1.2020,W10004_0121/PHK76
W10004_0121/PHP02.MOH1.2020,W10004_0121/PHP02
W10004_0121/PHZ51.MOH1.2020,W10004_0121/PHZ51
W10004_0122/PHK76.MOH1.2020,W10004_0122/PHK76
W10004_0122/PHP02.MOH1.2020,W10004_0122/PHP02
W10004_0122/PHZ51.MOH1.2020,W10004_0122/PHZ51
W10004_0127/PHK76.MOH1.2020,W10004_0127/PHK76
W10004_0127/PHP02.MOH1.2020,W10004_0127/PHP02
W10004_0129/PHP02.MOH1.2020,W10004_0129/PHP02
W10004_0129/PHZ51.MOH1.2020,W10004_0129/PHZ51
W10004_0132/PHK76.MOH1.2020,W10004_0132/PHK76
W10004_0132/PHZ51.MOH1.2020,W10004_0132/PHZ51
W10004_0133/PHK76.MOH1.2020,W10004_0133/PHK76
W10004_0133/PHP02.MOH1.2020,W10004_0133/PHP02
W10004_0133/PHZ51.MOH1.2020,W10004_0133/PHZ51
W10004_0134/PHK76.MOH1.2020,W10004_0134/PHK76
W10004_0134/PHP02.MOH1.2020,W10004_0134/PHP02
W10004_0134/PHZ51.MOH1.2020,W10004_0134/PHZ51
W10004_0138/PHP02.MOH1.2020,W10004_0138/PHP02
W10004_0138/PHZ51.MOH1.2020,W10004_0138/PHZ51
W10004_0140/PHK76.MOH1.2020,W10004_0140/PHK76
W10004_0140/PHP02.MOH1.2020,W10004_0140/PHP02
W10004_0140/PHZ51.MOH1.2020,W10004_0140/PHZ51
W10004_0144/PHK76.MOH1.2020,W10004_0144/PHK76
W10004_0144/PHP02.MOH1.2020,W10004_0144/PHP02
W10004_0144/PHZ51.MOH1.2020,W10004_0144/PHZ51
W10004_0146/PHK76.MOH1.2020,W10004_0146/PHK76
W10004_0146/PHP02.MOH1.2020,W10004_0146/PHP02
W10004_0146/PHZ51.MOH1.2020,W10004_0146/PHZ51
W10004_0147/PHK76.MOH1.2020,W10004_0147/PHK76
W10004_0147/PHP02.MOH1.2020,W10004_0147/PHP02
W10004_0147/PHZ51.MOH1.2020,W10004_0147/PHZ51
W10004_0148/PHK76.MOH1.2020,W10004_0148/PHK76
W10004_0148/PHP02.MOH1.2020,W10004_0148/PHP02
W10004_0148/PHZ51.MOH1.2020,W10004_0148/PHZ51
W10004_0149/PHK76.MOH1.2020,W10004_0149/PHK76
W10004_0149/PHP02.MOH1.2020,W10004_0149/PHP02
W10004_0149/PHZ51.MOH1.2020,W10004_0149/PHZ51
W10004_0150/PHK76.MOH1.2020,W10004_0150/PHK76
W10004_0150/PHP02.MOH1.2020,W10004_0150/PHP02
W10004_0150/PHZ51.MOH1.2020,W10004_0150/PHZ51
W10004_0152/PHP02.MOH1.2020,W10004_0152/PHP02
W10004_0152/PHZ51.MOH1.2020,W10004_0152/PHZ51
W10004_0153/PHK76.MOH1.2020,W10004_0153/PHK76
W10004_0153/PHP02.MOH1.2020,W10004_0153/PHP02
W10004_0153/PHZ51.MOH1.2020,W10004_0153/PHZ51
W10004_0154/PHP02.MOH1.2020,W10004_0154/PHP02
W10004_0154/PHZ51.MOH1.2020,W10004_0154/PHZ51
W10004_0160/PHP02.MOH1.2020,W10004_0160/PHP02
W10004_0160/PHZ51.MOH1.2020,W10004_0160/PHZ51
W10004_0161/PHK76.MOH1.2020,W10004_0161/PHK76
W10004_0161/PHP02.MOH1.2020,W10004_0161/PHP02
W10004_0161/PHZ51.MOH1.2020,W10004_0161/PHZ51
W10004_0166/PHK76.MOH1.2020,W10004_0166/PHK76
W10004_0166/PHP02.MOH1.2020,W10004_0166/PHP02
W10004_0166/PHZ51.MOH1.2020,W10004_0166/PHZ51
W10004_0167/PHK76.MOH1.2020,W10004_0167/PHK76
W10004_0167/PHP02.MOH1.2020,W10004_0167/PHP02
W10004_0167/PHZ51.MOH1.2020,W10004_0167/PHZ51
W10004_0168/PHP02.MOH1.2020,W10004_0168/PHP02
W10004_0168/PHZ51.MOH1.2020,W10004_0168/PHZ51
W10004_0169/PHK76.MOH1.2020,W10004_0169/PHK76
W10004_0169/PHP02.MOH1.2020,W10004_0169/PHP02
W10004_0169/PHZ51.MOH1.2020,W10004_0169/PHZ51
W10004_0171/PHK76.MOH1.2020,W10004_0171/PHK76
W10004_0171/PHP02.MOH1.2020,W10004_0171/PHP02
W10004_0178/PHK76.MOH1.2020,W10004_0178/PHK76
W10004_0178/PHP02.MOH1.2020,W10004_0178/PHP02
W10004_0178/PHZ51.MOH1.2020,W10004_0178/PHZ51
W10004_0179/PHK76.MOH1.2020,W10004_0179/PHK76
W10004_0179/PHP02.MOH1.2020,W10004_0179/PHP02
W10004_0179/PHZ51.MOH1.2020,W10004_0179/PHZ51
W10004_0185/PHK76.MOH1.2020,W10004_0185/PHK76
W10004_0185/PHP02.MOH1.2020,W10004_0185/PHP02
W10004_0185/PHZ51.MOH1.2020,W10004_0185/PHZ51
W10004_0189/PHK76.MOH1.2020,W10004_0189/PHK76
W10004_0189/PHP02.MOH1.2020,W10004_0189/PHP02
W10004_0189/PHZ51.MOH1.2020,W10004_0189/PHZ51
W10004_0190/PHP02.MOH1.2020,W10004_0190/PHP02
W10004_0190/PHZ51.MOH1.2020,W10004_0190/PHZ51
W10004_0192/PHK76.MOH1.2020,W10004_0192/PHK76
W10004_0192/PHP02.MOH1.2020,W10004_0192/PHP02
W10004_0192/PHZ51.MOH1.2020,W10004_0192/PHZ51
W10004_0194/PHK76.MOH1.2020,W10004_0194/PHK76
W10004_0194/PHP02.MOH1.2020,W10004_0194/PHP02
W10004_0194/PHZ51.MOH1.2020,W10004_0194/PHZ51
W10004_0196/PHP02.MOH1.2020,W10004_0196/PHP02
W10004_0196/PHZ51.MOH1.2020,W10004_0196/PHZ51
W10004_0197/PHP02.MOH1.2020,W10004_0197/PHP02
W10004_0197/PHZ51.MOH1.2020,W10004_0197/PHZ51
W10004_0199/PHP02.MOH1.2020,W10004_0199/PHP02
W10004_0199/PHZ51.MOH1.2020,W10004_0199/PHZ51
W10004_0200/PHK76.MOH1.2020,W10004_0200/PHK76
W10004_0200/PHZ51.MOH1.2020,W10004_0200/PHZ51
W10004_0203/PHK76.MOH1.2020,W10004_0203/PHK76
W10004_0203/PHP02.MOH1.2020,W10004_0203/PHP02
W10004_0203/PHZ51.MOH1.2020,W10004_0203/PHZ51
W10004_0204/PHK76.MOH1.2020,W10004_0204/PHK76
W10004_0204/PHP02.MOH1.2020,W10004_0204/PHP02
W10004_0204/PHZ51.MOH1.2020,W10004_0204/PHZ51
W10004_0206/PHK76.MOH1.2020,W10004_0206/PHK76
W10004_0206/PHP02.MOH1.2020,W10004_0206/PHP02
W10004_0206/PHZ51.MOH1.2020,W10004_0206/PHZ51
W10004_0212/PHK76.MOH1.2020,W10004_0212/PHK76
W10004_0212/PHP02.MOH1.2020,W10004_0212/PHP02
W10004_0212/PHZ51.MOH1.2020,W10004_0212/PHZ51
W10004_0213/PHK76.MOH1.2020,W10004_0213/PHK76
W10004_0213/PHP02.MOH1.2020,W10004_0213/PHP02
W10004_0213/PHZ51.MOH1.2020,W10004_0213/PHZ51
W10004_0217/PHK76.MOH1.2020,W10004_0217/PHK76
W10004_0217/PHP02.MOH1.2020,W10004_0217/PHP02
W10004_0217/PHZ51.MOH1.2020,W10004_0217/PHZ51
W10004_0220/PHP02.MOH1.2020,W10004_0220/PHP02
W10004_0220/PHZ51.MOH1.2020,W10004_0220/PHZ51
W10004_0221/PHK76.MOH1.2020,W10004_0221/PHK76
W10004_0221/PHP02.MOH1.2020,W10004_0221/PHP02
W10004_0221/PHZ51.MOH1.2020,W10004_0221/PHZ51
W10004_0223/PHK76.MOH1.2020,W10004_0223/PHK76
W10004_0223/PHP02.MOH1.2020,W10004_0223/PHP02
W10004_0223/PHZ51.MOH1.2020,W10004_0223/PHZ51
W10004_0224/PHK76.MOH1.2020,W10004_0224/PHK76
W10004_0224/PHP02.MOH1.2020,W10004_0224/PHP02
W10004_0224/PHZ51.MOH1.2020,W10004_0224/PHZ51
W10004_0225/PHK76.MOH1.2020,W10004_0225/PHK76
W10004_0225/PHP02.MOH1.2020,W10004_0225/PHP02
W10004_0225/PHZ51.MOH1.2020,W10004_0225/PHZ51
W10004_0227/PHK76.MOH1.2020,W10004_0227/PHK76
W10004_0227/PHP02.MOH1.2020,W10004_0227/PHP02
W10004_0227/PHZ51.MOH1.2020,W10004_0227/PHZ51
W10004_0231/PHK76.MOH1.2020,W10004_0231/PHK76
W10004_0231/PHP02.MOH1.2020,W10004_0231/PHP02
W10004_0231/PHZ51.MOH1.2020,W10004_0231/PHZ51
W10004_0236/PHK76.MOH1.2020,W10004_0236/PHK76
W10004_0236/PHP02.MOH1.2020,W10004_0236/PHP02
W10004_0236/PHZ51.MOH1.2020,W10004_0236/PHZ51
W10004_0238/PHK76.MOH1.2020,W10004_0238/PHK76
W10004_0238/PHP02.MOH1.2020,W10004_0238/PHP02
W10004_0238/PHZ51.MOH1.2020,W10004_0238/PHZ51
W10004_0241/PHK76.MOH1.2020,W10004_0241/PHK76
W10004_0241/PHP02.MOH1.2020,W10004_0241/PHP02
W10004_0241/PHZ51.MOH1.2020,W10004_0241/PHZ51
W10004_0242/PHK76.MOH1.2020,W10004_0242/PHK76
W10004_0242/PHP02.MOH1.2020,W10004_0242/PHP02
W10004_0242/PHZ51.MOH1.2020,W10004_0242/PHZ51
W10004_0253/PHK76.MOH1.2020,W10004_0253/PHK76
W10004_0253/PHP02.MOH1.2020,W10004_0253/PHP02
W10004_0253/PHZ51.MOH1.2020,W10004_0253/PHZ51
W10004_0254/PHK76.MOH1.2020,W10004_0254/PHK76
W10004_0254/PHP02.MOH1.2020,W10004_0254/PHP02
W10004_0254/PHZ51.MOH1.2020,W10004_0254/PHZ51
W10004_0256/PHK76.MOH1.2020,W10004_0256/PHK76
W10004_0256/PHP02.MOH1.2020,W10004_0256/PHP02
W10004_0256/PHZ51.MOH1.2020,W10004_0256/PHZ51
W10004_0258/PHK76.MOH1.2020,W10004_0258/PHK76
W10004_0258/PHP02.MOH1.2020,W10004_0258/PHP02
W10004_0258/PHZ51.MOH1.2020,W10004_0258/PHZ51
W10004_0261/PHK76.MOH1.2020,W10004_0261/PHK76
W10004_0261/PHP02.MOH1.2020,W10004_0261/PHP02
W10004_0261/PHZ51.MOH1.2020,W10004_0261/PHZ51
W10004_0262/PHP02.MOH1.2020,W10004_0262/PHP02
W10004_0262/PHZ51.MOH1.2020,W10004_0262/PHZ51
W10004_0264/PHK76.MOH1.2020,W10004_0264/PHK76
W10004_0264/PHP02.MOH1.2020,W10004_0264/PHP02
W10004_0264/PHZ51.MOH1.2020,W10004_0264/PHZ51
W10004_0268/PHP02.MOH1.2020,W10004_0268/PHP02
W10004_0268/PHZ51.MOH1.2020,W10004_0268/PHZ51
W10004_0270/PHK76.MOH1.2020,W10004_0270/PHK76
W10004_0270/PHP02.MOH1.2020,W10004_0270/PHP02
W10004_0270/PHZ51.MOH1.2020,W10004_0270/PHZ51
W10004_0271/PHP02.MOH1.2020,W10004_0271/PHP02
W10004_0276/PHP02.MOH1.2020,W10004_0276/PHP02
W10004_0276/PHZ51.MOH1.2020,W10004_0276/PHZ51
W10004_0290/PHP02.MOH1.2020,W10004_0290/PHP02
W10004_0290/PHZ51.MOH1.2020,W10004_0290/PHZ51
W10004_0291/PHK76.MOH1.2020,W10004_0291/PHK76
W10004_0291/PHP02.MOH1.2020,W10004_0291/PHP02
W10004_0291/PHZ51.MOH1.2020,W10004_0291/PHZ51
W10004_0292/PHK76.MOH1.2020,W10004_0292/PHK76
W10004_0292/PHP02.MOH1.2020,W10004_0292/PHP02
W10004_0292/PHZ51.MOH1.2020,W10004_0292/PHZ51
W10004_0299/PHK76.MOH1.2020,W10004_0299/PHK76
W10004_0299/PHP02.MOH1.2020,W10004_0299/PHP02
W10004_0299/PHZ51.MOH1.2020,W10004_0299/PHZ51
W10004_0306/PHP02.MOH1.2020,W10004_0306/PHP02
W10004_0306/PHZ51.MOH1.2020,W10004_0306/PHZ51
W10004_0308/PHK76.MOH1.2020,W10004_0308/PHK76
W10004_0308/PHP02.MOH1.2020,W10004_0308/PHP02
W10004_0308/PHZ51.MOH1.2020,W10004_0308/PHZ51
W10004_0309/PHK76.MOH1.2020,W10004_0309/PHK76
W10004_0309/PHP02.MOH1.2020,W10004_0309/PHP02
W10004_0309/PHZ51.MOH1.2020,W10004_0309/PHZ51
W10004_0310/PHK76.MOH1.2020,W10004_0310/PHK76
W10004_0310/PHP02.MOH1.2020,W10004_0310/PHP02
W10004_0310/PHZ51.MOH1.2020,W10004_0310/PHZ51
W10004_0311/PHK76.MOH1.2020,W10004_0311/PHK76
W10004_0311/PHZ51.MOH1.2020,W10004_0311/PHZ51
W10004_0327/PHP02.MOH1.2020,W10004_0327/PHP02
W10004_0327/PHZ51.MOH1.2020,W10004_0327/PHZ51
W10004_0329/PHK76.MOH1.2020,W10004_0329/PHK76
W10004_0329/PHP02.MOH1.2020,W10004_0329/PHP02
W10004_0336/PHK76.MOH1.2020,W10004_0336/PHK76
W10004_0336/PHP02.MOH1.2020,W10004_0336/PHP02
W10004_0336/PHZ51.MOH1.2020,W10004_0336/PHZ51
W10004_0344/PHP02.MOH1.2020,W10004_0344/PHP02
W10004_0344/PHZ51.MOH1.2020,W10004_0344/PHZ51
W10004_0346/PHK76.MOH1.2020,W10004_0346/PHK76
W10004_0346/PHP02.MOH1.2020,W10004_0346/PHP02
W10004_0346/PHZ51.MOH1.2020,W10004_0346/PHZ51
W10004_0361/PHK76.MOH1.2020,W10004_0361/PHK76
W10004_0361/PHP02.MOH1.2020,W10004_0361/PHP02
W10004_0361/PHZ51.MOH1.2020,W10004_0361/PHZ51
W10004_0362/PHK76.MOH1.2020,W10004_0362/PHK76
W10004_0362/PHZ51.MOH1.2020,W10004_0362/PHZ51
W10004_0380/PHZ51.MOH1.2020,W10004_0380/PHZ51
W10004_0381/PHK76.MOH1.2020,W10004_0381/PHK76
W10004_0381/PHP02.MOH1.2020,W10004_0381/PHP02
W10004_0381/PHZ51.MOH1.2020,W10004_0381/PHZ51
W10004_0383/PHK76.MOH1.2020,W10004_0383/PHK76
W10004_0383/PHP02.MOH1.2020,W10004_0383/PHP02
W10004_0389/PHZ51.MOH1.2020,W10004_0389/PHZ51
W10004_0393/PHK76.MOH1.2020,W10004_0393/PHK76
W10004_0393/PHP02.MOH1.2020,W10004_0393/PHP02
W10004_0393/PHZ51.MOH1.2020,W10004_0393/PHZ51
W10004_0394/PHK76.MOH1.2020,W10004_0394/PHK76
W10004_0394/PHP02.MOH1.2020,W10004_0394/PHP02
W10004_0394/PHZ51.MOH1.2020,W10004_0394/PHZ51
W10004_0395/PHK76.MOH1.2020,W10004_0395/PHK76
W10004_0395/PHP02.MOH1.2020,W10004_0395/PHP02
W10004_0395/PHZ51.MOH1.2020,W10004_0395/PHZ51
W10004_0396/PHK76.MOH1.2020,W10004_0396/PHK76
W10004_0396/PHP02.MOH1.2020,W10004_0396/PHP02
W10004_0396/PHZ51.MOH1.2020,W10004_0396/PHZ51
W10004_0403/PHK76.MOH1.2020,W10004_0403/PHK76
W10004_0403/PHP02.MOH1.2020,W10004_0403/PHP02
W10004_0403/PHZ51.MOH1.2020,W10004_0403/PHZ51
W10004_0409/PHP02.MOH1.2020,W10004_0409/PHP02
W10004_0410/PHK76.MOH1.2020,W10004_0410/PHK76
W10004_0410/PHP02.MOH1.2020,W10004_0410/PHP02
W10004_0410/PHZ51.MOH1.2020,W10004_0410/PHZ51
W10004_0412/PHP02.MOH1.2020,W10004_0412/PHP02
W10004_0412/PHZ51.MOH1.2020,W10004_0412/PHZ51
W10004_0417/PHP02.MOH1.2020,W10004_0417/PHP02
W10004_0417/PHZ51.MOH1.2020,W10004_0417/PHZ51
W10004_0419/PHK76.MOH1.2020,W10004_0419/PHK76
W10004_0419/PHP02.MOH1.2020,W10004_0419/PHP02
W10004_0419/PHZ51.MOH1.2020,W10004_0419/PHZ51
W10004_0424/PHK76.MOH1.2020,W10004_0424/PHK76
W10004_0424/PHP02.MOH1.2020,W10004_0424/PHP02
W10004_0424/PHZ51.MOH1.2020,W10004_0424/PHZ51
W10004_0427/PHK76.MOH1.2020,W10004_0427/PHK76
W10004_0427/PHP02.MOH1.2020,W10004_0427/PHP02
W10004_0427/PHZ51.MOH1.2020,W10004_0427/PHZ51
W10004_0430/PHK76.MOH1.2020,W10004_0430/PHK76
W10004_0430/PHP02.MOH1.2020,W10004_0430/PHP02
W10004_0430/PHZ51.MOH1.2020,W10004_0430/PHZ51
W10004_0465/PHP02.MOH1.2020,W10004_0465/PHP02
W10004_0465/PHZ51.MOH1.2020,W10004_0465/PHZ51
W10004_0467/PHP02.MOH1.2020,W10004_0467/PHP02
W10004_0467/PHZ51.MOH1.2020,W10004_0467/PHZ51
W10004_0474/PHK76.MOH1.2020,W10004_0474/PHK76
W10004_0474/PHP02.MOH1.2020,W10004_0474/PHP02
W10004_0474/PHZ51.MOH1.2020,W10004_0474/PHZ51
W10004_0476/PHK76.MOH1.2020,W10004_0476/PHK76
W10004_0476/PHP02.MOH1.2020,W10004_0476/PHP02
W10004_0476/PHZ51.MOH1.2020,W10004_0476/PHZ51
W10004_0487/PHK76.MOH1.2020,W10004_0487/PHK76
W10004_0487/PHP02.MOH1.2020,W10004_0487/PHP02
W10004_0487/PHZ51.MOH1.2020,W10004_0487/PHZ51
W10004_0498/PHK76.MOH1.2020,W10004_0498/PHK76
W10004_0498/PHP02.MOH1.2020,W10004_0498/PHP02
W10004_0498/PHZ51.MOH1.2020,W10004_0498/PHZ51
W10004_0501/PHK76.MOH1.2020,W10004_0501/PHK76
W10004_0501/PHP02.MOH1.2020,W10004_0501/PHP02
W10004_0501/PHZ51.MOH1.2020,W10004_0501/PHZ51
W10004_0505/PHK76.MOH1.2020,W10004_0505/PHK76
W10004_0505/PHP02.MOH1.2020,W10004_0505/PHP02
W10004_0505/PHZ51.MOH1.2020,W10004_0505/PHZ51
W10004_0601/PHP02.MOH1.2020,W10004_0601/PHP02
W10004_0601/PHZ51.MOH1.2020,W10004_0601/PHZ51
W10004_0602/PHZ51.MOH1.2020,W10004_0602/PHZ51
W10004_0608/PHP02.MOH1.2020,W10004_0608/PHP02
W10004_0608/PHZ51.MOH1.2020,W10004_0608/PHZ51
W10004_0612/PHK76.MOH1.2020,W10004_0612/PHK76
W10004_0612/PHP02.MOH1.2020,W10004_0612/PHP02
W10004_0612/PHZ51.MOH1.2020,W10004_0612/PHZ51
W10004_0614/PHK76.MOH1.2020,W10004_0614/PHK76
W10004_0614/PHP02.MOH1.2020,W10004_0614/PHP02
W10004_0614/PHZ51.MOH1.2020,W10004_0614/PHZ51
W10004_0616/PHP02.MOH1.2020,W10004_0616/PHP02
W10004_0618/PHK76.MOH1.2020,W10004_0618/PHK76
W10004_0618/PHP02.MOH1.2020,W10004_0618/PHP02
W10004_0618/PHZ51.MOH1.2020,W10004_0618/PHZ51
W10004_0619/PHP02.MOH1.2020,W10004_0619/PHP02
W10004_0619/PHZ51.MOH1.2020,W10004_0619/PHZ51
W10004_0620/PHK76.MOH1.2020,W10004_0620/PHK76
W10004_0620/PHP02.MOH1.2020,W10004_0620/PHP02
W10004_0620/PHZ51.MOH1.2020,W10004_0620/PHZ51
W10004_0622/PHP02.MOH1.2020,W10004_0622/PHP02
W10004_0622/PHZ51.MOH1.2020,W10004_0622/PHZ51
W10004_0624/PHK76.MOH1.2020,W10004_0624/PHK76
W10004_0624/PHP02.MOH1.2020,W10004_0624/PHP02
W10004_0624/PHZ51.MOH1.2020,W10004_0624/PHZ51
W10004_0625/PHK76.MOH1.2020,W10004_0625/PHK76
W10004_0625/PHP02.MOH1.2020,W10004_0625/PHP02
W10004_0625/PHZ51.MOH1.2020,W10004_0625/PHZ51
W10004_0626/PHK76.MOH1.2020,W10004_0626/PHK76
W10004_0626/PHP02.MOH1.2020,W10004_0626/PHP02
W10004_0626/PHZ51.MOH1.2020,W10004_0626/PHZ51
W10004_0628/PHP02.MOH1.2020,W10004_0628/PHP02
W10004_0628/PHZ51.MOH1.2020,W10004_0628/PHZ51
W10004_0631/PHK76.MOH1.2020,W10004_0631/PHK76
W10004_0631/PHZ51.MOH1.2020,W10004_0631/PHZ51
W10004_0632/PHK76.MOH1.2020,W10004_0632/PHK76
W10004_0632/PHP02.MOH1.2020,W10004_0632/PHP02
W10004_0632/PHZ51.MOH1.2020,W10004_0632/PHZ51
W10004_0636/PHK76.MOH1.2020,W10004_0636/PHK76
W10004_0636/PHP02.MOH1.2020,W10004_0636/PHP02
W10004_0636/PHZ51.MOH1.2020,W10004_0636/PHZ51
W10004_0637/PHP02.MOH1.2020,W10004_0637/PHP02
W10004_0637/PHZ51.MOH1.2020,W10004_0637/PHZ51
W10004_0639/PHK76.MOH1.2020,W10004_0639/PHK76
W10004_0639/PHP02.MOH1.2020,W10004_0639/PHP02
W10004_0639/PHZ51.MOH1.2020,W10004_0639/PHZ51
W10004_0644/PHK76.MOH1.2020,W10004_0644/PHK76
W10004_0644/PHP02.MOH1.2020,W10004_0644/PHP02
W10004_0644/PHZ51.MOH1.2020,W10004_0644/PHZ51
W10004_0645/PHK76.MOH1.2020,W10004_0645/PHK76
W10004_0645/PHP02.MOH1.2020,W10004_0645/PHP02
W10004_0645/PHZ51.MOH1.2020,W10004_0645/PHZ51
W10004_0646/PHP02.MOH1.2020,W10004_0646/PHP02
W10004_0646/PHZ51.MOH1.2020,W10004_0646/PHZ51
W10004_0649/PHK76.MOH1.2020,W10004_0649/PHK76
W10004_0649/PHP02.MOH1.2020,W10004_0649/PHP02
W10004_0649/PHZ51.MOH1.2020,W10004_0649/PHZ51
W10004_0650/PHK76.MOH1.2020,W10004_0650/PHK76
W10004_0650/PHP02.MOH1.2020,W10004_0650/PHP02
W10004_0650/PHZ51.MOH1.2020,W10004_0650/PHZ51
W10004_0651/PHK76.MOH1.2020,W10004_0651/PHK76
W10004_0651/PHP02.MOH1.2020,W10004_0651/PHP02
W10004_0651/PHZ51.MOH1.2020,W10004_0651/PHZ51
W10004_0654/PHP02.MOH1.2020,W10004_0654/PHP02
W10004_0654/PHZ51.MOH1.2020,W10004_0654/PHZ51
W10004_0658/PHK76.MOH1.2020,W10004_0658/PHK76
W10004_0658/PHP02.MOH1.2020,W10004_0658/PHP02
W10004_0658/PHZ51.MOH1.2020,W10004_0658/PHZ51
W10004_0659/PHK76.MOH1.2020,W10004_0659/PHK76
W10004_0659/PHZ51.MOH1.2020,W10004_0659/PHZ51
W10004_0661/PHK76.MOH1.2020,W10004_0661/PHK76
W10004_0661/PHP02.MOH1.2020,W10004_0661/PHP02
W10004_0661/PHZ51.MOH1.2020,W10004_0661/PHZ51
W10004_0664/PHP02.MOH1.2020,W10004_0664/PHP02
W10004_0664/PHZ51.MOH1.2020,W10004_0664/PHZ51
W10004_0667/PHP02.MOH1.2020,W10004_0667/PHP02
W10004_0667/PHZ51.MOH1.2020,W10004_0667/PHZ51
W10004_0669/PHK76.MOH1.2020,W10004_0669/PHK76
W10004_0669/PHP02.MOH1.2020,W10004_0669/PHP02
W10004_0669/PHZ51.MOH1.2020,W10004_0669/PHZ51
W10004_0672/PHK76.MOH1.2020,W10004_0672/PHK76
W10004_0672/PHP02.MOH1.2020,W10004_0672/PHP02
W10004_0672/PHZ51.MOH1.2020,W10004_0672/PHZ51
W10004_0673/PHK76.MOH1.2020,W10004_0673/PHK76
W10004_0673/PHP02.MOH1.2020,W10004_0673/PHP02
W10004_0673/PHZ51.MOH1.2020,W10004_0673/PHZ51
W10004_0674/PHK76.MOH1.2020,W10004_0674/PHK76
W10004_0674/PHP02.MOH1.2020,W10004_0674/PHP02
W10004_0674/PHZ51.MOH1.2020,W10004_0674/PHZ51
W10004_0675/PHP02.MOH1.2020,W10004_0675/PHP02
W10004_0675/PHZ51.MOH1.2020,W10004_0675/PHZ51
W10004_0678/PHP02.MOH1.2020,W10004_0678/PHP02
W10004_0678/PHZ51.MOH1.2020,W10004_0678/PHZ51
W10004_0680/PHP02.MOH1.2020,W10004_0680/PHP02
W10004_0680/PHZ51.MOH1.2020,W10004_0680/PHZ51
W10004_0682/PHK76.MOH1.2020,W10004_0682/PHK76
W10004_0682/PHP02.MOH1.2020,W10004_0682/PHP02
W10004_0682/PHZ51.MOH1.2020,W10004_0682/PHZ51
W10004_0684/PHK76.MOH1.2020,W10004_0684/PHK76
W10004_0684/PHP02.MOH1.2020,W10004_0684/PHP02
W10004_0684/PHZ51.MOH1.2020,W10004_0684/PHZ51
W10004_0685/PHP02.MOH1.2020,W10004_0685/PHP02
W10004_0685/PHZ51.MOH1.2020,W10004_0685/PHZ51
W10004_0687/PHK76.MOH1.2020,W10004_0687/PHK76
W10004_0687/PHP02.MOH1.2020,W10004_0687/PHP02
W10004_0688/PHP02.MOH1.2020,W10004_0688/PHP02
W10004_0688/PHZ51.MOH1.2020,W10004_0688/PHZ51
W10004_0689/PHK76.MOH1.2020,W10004_0689/PHK76
W10004_0689/PHP02.MOH1.2020,W10004_0689/PHP02
W10004_0689/PHZ51.MOH1.2020,W10004_0689/PHZ51
W10004_0691/PHP02.MOH1.2020,W10004_0691/PHP02
W10004_0691/PHZ51.MOH1.2020,W10004_0691/PHZ51
W10004_0695/PHK76.MOH1.2020,W10004_0695/PHK76
W10004_0695/PHP02.MOH1.2020,W10004_0695/PHP02
W10004_0695/PHZ51.MOH1.2020,W10004_0695/PHZ51
W10004_0696/PHK76.MOH1.2020,W10004_0696/PHK76
W10004_0696/PHP02.MOH1.2020,W10004_0696/PHP02
W10004_0696/PHZ51.MOH1.2020,W10004_0696/PHZ51
W10004_0697/PHK76.MOH1.2020,W10004_0697/PHK76
W10004_0697/PHP02.MOH1.2020,W10004_0697/PHP02
W10004_0697/PHZ51.MOH1.2020,W10004_0697/PHZ51
W10004_0701/PHK76.MOH1.2020,W10004_0701/PHK76
W10004_0701/PHZ51.MOH1.2020,W10004_0701/PHZ51
W10004_0702/PHK76.MOH1.2020,W10004_0702/PHK76
W10004_0702/PHP02.MOH1.2020,W10004_0702/PHP02
W10004_0702/PHZ51.MOH1.2020,W10004_0702/PHZ51
W10004_0703/PHK76.MOH1.2020,W10004_0703/PHK76
W10004_0703/PHP02.MOH1.2020,W10004_0703/PHP02
W10004_0703/PHZ51.MOH1.2020,W10004_0703/PHZ51
W10004_0704/PHK76.MOH1.2020,W10004_0704/PHK76
W10004_0704/PHP02.MOH1.2020,W10004_0704/PHP02
W10004_0704/PHZ51.MOH1.2020,W10004_0704/PHZ51
W10004_0705/PHK76.MOH1.2020,W10004_0705/PHK76
W10004_0705/PHP02.MOH1.2020,W10004_0705/PHP02
W10004_0705/PHZ51.MOH1.2020,W10004_0705/PHZ51
W10004_0707/PHP02.MOH1.2020,W10004_0707/PHP02
W10004_0707/PHZ51.MOH1.2020,W10004_0707/PHZ51
W10004_0711/PHK76.MOH1.2020,W10004_0711/PHK76
W10004_0711/PHP02.MOH1.2020,W10004_0711/PHP02
W10004_0711/PHZ51.MOH1.2020,W10004_0711/PHZ51
W10004_0712/PHP02.MOH1.2020,W10004_0712/PHP02
W10004_0712/PHZ51.MOH1.2020,W10004_0712/PHZ51
W10004_0713/PHK76.MOH1.2020,W10004_0713/PHK76
W10004_0713/PHP02.MOH1.2020,W10004_0713/PHP02
W10004_0713/PHZ51.MOH1.2020,W10004_0713/PHZ51
W10004_0714/PHZ51.MOH1.2020,W10004_0714/PHZ51
W10004_0715/PHK76.MOH1.2020,W10004_0715/PHK76
W10004_0715/PHP02.MOH1.2020,W10004_0715/PHP02
W10004_0715/PHZ51.MOH1.2020,W10004_0715/PHZ51
W10004_0717/PHP02.MOH1.2020,W10004_0717/PHP02
W10004_0717/PHZ51.MOH1.2020,W10004_0717/PHZ51
W10004_0723/PHP02.MOH1.2020,W10004_0723/PHP02
W10004_0727/PHK76.MOH1.2020,W10004_0727/PHK76
W10004_0727/PHP02.MOH1.2020,W10004_0727/PHP02
W10004_0727/PHZ51.MOH1.2020,W10004_0727/PHZ51
W10004_0729/PHK76.MOH1.2020,W10004_0729/PHK76
W10004_0729/PHP02.MOH1.2020,W10004_0729/PHP02
W10004_0729/PHZ51.MOH1.2020,W10004_0729/PHZ51
W10004_0732/PHK76.MOH1.2020,W10004_0732/PHK76
W10004_0732/PHP02.MOH1.2020,W10004_0732/PHP02
W10004_0732/PHZ51.MOH1.2020,W10004_0732/PHZ51
W10004_0733/PHZ51.MOH1.2020,W10004_0733/PHZ51
W10004_0734/PHK76.MOH1.2020,W10004_0734/PHK76
W10004_0734/PHP02.MOH1.2020,W10004_0734/PHP02
W10004_0734/PHZ51.MOH1.2020,W10004_0734/PHZ51
W10004_0736/PHP02.MOH1.2020,W10004_0736/PHP02
W10004_0736/PHZ51.MOH1.2020,W10004_0736/PHZ51
W10004_0741/PHP02.MOH1.2020,W10004_0741/PHP02
W10004_0741/PHZ51.MOH1.2020,W10004_0741/PHZ51
W10004_0745/PHK76.MOH1.2020,W10004_0745/PHK76
W10004_0745/PHP02.MOH1.2020,W10004_0745/PHP02
W10004_0745/PHZ51.MOH1.2020,W10004_0745/PHZ51
W10004_0746/PHK76.MOH1.2020,W10004_0746/PHK76
W10004_0746/PHP02.MOH1.2020,W10004_0746/PHP02
W10004_0746/PHZ51.MOH1.2020,W10004_0746/PHZ51
W10004_0747/PHK76.MOH1.2020,W10004_0747/PHK76
W10004_0747/PHP02.MOH1.2020,W10004_0747/PHP02
W10004_0747/PHZ51.MOH1.2020,W10004_0747/PHZ51
W10004_0751/PHK76.MOH1.2020,W10004_0751/PHK76
W10004_0751/PHP02.MOH1.2020,W10004_0751/PHP02
W10004_0754/PHK76.MOH1.2020,W10004_0754/PHK76
W10004_0754/PHZ51.MOH1.2020,W10004_0754/PHZ51
W10004_0756/PHP02.MOH1.2020,W10004_0756/PHP02
W10004_0756/PHZ51.MOH1.2020,W10004_0756/PHZ51
W10004_0757/PHK76.MOH1.2020,W10004_0757/PHK76
W10004_0757/PHP02.MOH1.2020,W10004_0757/PHP02
W10004_0757/PHZ51.MOH1.2020,W10004_0757/PHZ51
W10004_0760/PHK76.MOH1.2020,W10004_0760/PHK76
W10004_0760/PHP02.MOH1.2020,W10004_0760/PHP02
W10004_0760/PHZ51.MOH1.2020,W10004_0760/PHZ51
W10004_0768/PHK76.MOH1.2020,W10004_0768/PHK76
W10004_0768/PHP02.MOH1.2020,W10004_0768/PHP02
W10004_0768/PHZ51.MOH1.2020,W10004_0768/PHZ51
W10004_0771/PHP02.MOH1.2020,W10004_0771/PHP02
W10004_0773/PHK76.MOH1.2020,W10004_0773/PHK76
W10004_0773/PHP02.MOH1.2020,W10004_0773/PHP02
W10004_0773/PHZ51.MOH1.2020,W10004_0773/PHZ51
W10004_0774/PHP02.MOH1.2020,W10004_0774/PHP02
W10004_0774/PHZ51.MOH1.2020,W10004_0774/PHZ51
W10004_0775/PHK76.MOH1.2020,W10004_0775/PHK76
W10004_0775/PHZ51.MOH1.2020,W10004_0775/PHZ51
W10004_0776/PHP02.MOH1.2020,W10004_0776/PHP02
W10004_0776/PHZ51.MOH1.2020,W10004_0776/PHZ51
W10004_0779/PHK76.MOH1.2020,W10004_0779/PHK76
W10004_0779/PHP02.MOH1.2020,W10004_0779/PHP02
W10004_0779/PHZ51.MOH1.2020,W10004_0779/PHZ51
W10004_0781/PHK76.MOH1.2020,W10004_0781/PHK76
W10004_0781/PHP02.MOH1.2020,W10004_0781/PHP02
W10004_0781/PHZ51.MOH1.2020,W10004_0781/PHZ51
W10004_0782/PHP02.MOH1.2020,W10004_0782/PHP02
W10004_0782/PHZ51.MOH1.2020,W10004_0782/PHZ51
W10004_0783/PHP02.MOH1.2020,W10004_0783/PHP02
W10004_0783/PHZ51.MOH1.2020,W10004_0783/PHZ51
W10004_0784/PHK76.MOH1.2020,W10004_0784/PHK76
W10004_0784/PHP02.MOH1.2020,W10004_0784/PHP02
W10004_0784/PHZ51.MOH1.2020,W10004_0784/PHZ51
W10004_0787/PHP02.MOH1.2020,W10004_0787/PHP02
W10004_0787/PHZ51.MOH1.2020,W10004_0787/PHZ51
W10004_0789/PHP02.MOH1.2020,W10004_0789/PHP02
W10004_0789/PHZ51.MOH1.2020,W10004_0789/PHZ51
W10004_0792/PHK76.MOH1.2020,W10004_0792/PHK76
W10004_0794/PHK76.MOH1.2020,W10004_0794/PHK76
W10004_0794/PHP02.MOH1.2020,W10004_0794/PHP02
W10004_0794/PHZ51.MOH1.2020,W10004_0794/PHZ51
W10004_0795/PHK76.MOH1.2020,W10004_0795/PHK76
W10004_0795/PHP02.MOH1.2020,W10004_0795/PHP02
W10004_0795/PHZ51.MOH1.2020,W10004_0795/PHZ51
W10004_0798/PHP02.MOH1.2020,W10004_0798/PHP02
W10004_0798/PHZ51.MOH1.2020,W10004_0798/PHZ51
W10004_0799/PHK76.MOH1.2020,W10004_0799/PHK76
W10004_0799/PHP02.MOH1.2020,W10004_0799/PHP02
W10004_0799/PHZ51.MOH1.2020,W10004_0799/PHZ51
W10004_0800/PHK76.MOH1.2020,W10004_0800/PHK76
W10004_0800/PHP02.MOH1.2020,W10004_0800/PHP02
W10004_0800/PHZ51.MOH1.2020,W10004_0800/PHZ51
W10004_0801/PHK76.MOH1.2020,W10004_0801/PHK76
W10004_0801/PHP02.MOH1.2020,W10004_0801/PHP02
W10004_0801/PHZ51.MOH1.2020,W10004_0801/PHZ51
W10004_0802/PHK76.MOH1.2020,W10004_0802/PHK76
W10004_0802/PHP02.MOH1.2020,W10004_0802/PHP02
W10004_0802/PHZ51.MOH1.2020,W10004_0802/PHZ51
W10004_0803/PHK76.MOH1.2020,W10004_0803/PHK76
W10004_0803/PHP02.MOH1.2020,W10004_0803/PHP02
W10004_0803/PHZ51.MOH1.2020,W10004_0803/PHZ51
W10004_0806/PHK76.MOH1.2020,W10004_0806/PHK76
W10004_0806/PHP02.MOH1.2020,W10004_0806/PHP02
W10004_0806/PHZ51.MOH1.2020,W10004_0806/PHZ51
W10004_0807/PHK76.MOH1.2020,W10004_0807/PHK76
W10004_0807/PHP02.MOH1.2020,W10004_0807/PHP02
W10004_0807/PHZ51.MOH1.2020,W10004_0807/PHZ51
W10004_0812/PHK76.MOH1.2020,W10004_0812/PHK76
W10004_0812/PHP02.MOH1.2020,W10004_0812/PHP02
W10004_0812/PHZ51.MOH1.2020,W10004_0812/PHZ51
W10004_0814/PHK76.MOH1.2020,W10004_0814/PHK76
W10004_0814/PHP02.MOH1.2020,W10004_0814/PHP02
W10004_0814/PHZ51.MOH1.2020,W10004_0814/PHZ51
W10004_0815/PHK76.MOH1.2020,W10004_0815/PHK76
W10004_0815/PHP02.MOH1.2020,W10004_0815/PHP02
W10004_0815/PHZ51.MOH1.2020,W10004_0815/PHZ51
W10004_0818/PHP02.MOH1.2020,W10004_0818/PHP02
W10004_0818/PHZ51.MOH1.2020,W10004_0818/PHZ51
W10004_0819/PHK76.MOH1.2020,W10004_0819/PHK76
W10004_0819/PHP02.MOH1.2020,W10004_0819/PHP02
W10004_0819/PHZ51.MOH1.2020,W10004_0819/PHZ51
W10004_0820/PHK76.MOH1.2020,W10004_0820/PHK76
W10004_0820/PHP02.MOH1.2020,W10004_0820/PHP02
W10004_0820/PHZ51.MOH1.2020,W10004_0820/PHZ51
W10004_0822/PHK76.MOH1.2020,W10004_0822/PHK76
W10004_0822/PHZ51.MOH1.2020,W10004_0822/PHZ51
W10004_0823/PHK76.MOH1.2020,W10004_0823/PHK76
W10004_0823/PHP02.MOH1.2020,W10004_0823/PHP02
W10004_0823/PHZ51.MOH1.2020,W10004_0823/PHZ51
W10004_0826/PHZ51.MOH1.2020,W10004_0826/PHZ51
W10004_0827/PHK76.MOH1.2020,W10004_0827/PHK76
W10004_0827/PHP02.MOH1.2020,W10004_0827/PHP02
W10004_0827/PHZ51.MOH1.2020,W10004_0827/PHZ51
W10004_0828/PHK76.MOH1.2020,W10004_0828/PHK76
W10004_0828/PHZ51.MOH1.2020,W10004_0828/PHZ51
W10004_0830/PHK76.MOH1.2020,W10004_0830/PHK76
W10004_0830/PHP02.MOH1.2020,W10004_0830/PHP02
W10004_0830/PHZ51.MOH1.2020,W10004_0830/PHZ51
W10004_0832/PHK76.MOH1.2020,W10004_0832/PHK76
W10004_0832/PHP02.MOH1.2020,W10004_0832/PHP02
W10004_0832/PHZ51.MOH1.2020,W10004_0832/PHZ51
W10004_0833/PHK76.MOH1.2020,W10004_0833/PHK76
W10004_0833/PHP02.MOH1.2020,W10004_0833/PHP02
W10004_0833/PHZ51.MOH1.2020,W10004_0833/PHZ51
W10004_0834/PHP02.MOH1.2020,W10004_0834/PHP02
W10004_0834/PHZ51.MOH1.2020,W10004_0834/PHZ51
W10004_0836/PHK76.MOH1.2020,W10004_0836/PHK76
W10004_0836/PHP02.MOH1.2020,W10004_0836/PHP02
W10004_0836/PHZ51.MOH1.2020,W10004_0836/PHZ51
W10004_0837/PHK76.MOH1.2020,W10004_0837/PHK76
W10004_0837/PHP02.MOH1.2020,W10004_0837/PHP02
W10004_0837/PHZ51.MOH1.2020,W10004_0837/PHZ51
W10004_0840/PHK76.MOH1.2020,W10004_0840/PHK76
W10004_0840/PHP02.MOH1.2020,W10004_0840/PHP02
W10004_0840/PHZ51.MOH1.2020,W10004_0840/PHZ51
W10004_0842/PHK76.MOH1.2020,W10004_0842/PHK76
W10004_0842/PHP02.MOH1.2020,W10004_0842/PHP02
W10004_0842/PHZ51.MOH1.2020,W10004_0842/PHZ51
W10004_0843/PHK76.MOH1.2020,W10004_0843/PHK76
W10004_0843/PHP02.MOH1.2020,W10004_0843/PHP02
W10004_0843/PHZ51.MOH1.2020,W10004_0843/PHZ51
W10004_0844/PHK76.MOH1.2020,W10004_0844/PHK76
W10004_0844/PHZ51.MOH1.2020,W10004_0844/PHZ51
W10004_0847/PHK76.MOH1.2020,W10004_0847/PHK76
W10004_0847/PHP02.MOH1.2020,W10004_0847/PHP02
W10004_0847/PHZ51.MOH1.2020,W10004_0847/PHZ51
W10004_0848/PHK76.MOH1.2020,W10004_0848/PHK76
W10004_0848/PHP02.MOH1.2020,W10004_0848/PHP02
W10004_0848/PHZ51.MOH1.2020,W10004_0848/PHZ51
W10004_0851/PHK76.MOH1.2020,W10004_0851/PHK76
W10004_0851/PHZ51.MOH1.2020,W10004_0851/PHZ51
W10004_0852/PHK76.MOH1.2020,W10004_0852/PHK76
W10004_0852/PHP02.MOH1.2020,W10004_0852/PHP02
W10004_0852/PHZ51.MOH1.2020,W10004_0852/PHZ51
W10004_0856/PHK76.MOH1.2020,W10004_0856/PHK76
W10004_0856/PHP02.MOH1.2020,W10004_0856/PHP02
W10004_0856/PHZ51.MOH1.2020,W10004_0856/PHZ51
W10004_0858/PHK76.MOH1.2020,W10004_0858/PHK76
W10004_0858/PHP02.MOH1.2020,W10004_0858/PHP02
W10004_0858/PHZ51.MOH1.2020,W10004_0858/PHZ51
W10004_0859/PHK76.MOH1.2020,W10004_0859/PHK76
W10004_0859/PHZ51.MOH1.2020,W10004_0859/PHZ51
W10004_0866/PHZ51.MOH1.2020,W10004_0866/PHZ51
W10004_0868/PHK76.MOH1.2020,W10004_0868/PHK76
W10004_0868/PHP02.MOH1.2020,W10004_0868/PHP02
W10004_0868/PHZ51.MOH1.2020,W10004_0868/PHZ51
W10004_0869/PHP02.MOH1.2020,W10004_0869/PHP02
W10004_0869/PHZ51.MOH1.2020,W10004_0869/PHZ51
W10004_0876/PHK76.MOH1.2020,W10004_0876/PHK76
W10004_0876/PHP02.MOH1.2020,W10004_0876/PHP02
W10004_0876/PHZ51.MOH1.2020,W10004_0876/PHZ51
W10004_0877/PHP02.MOH1.2020,W10004_0877/PHP02
W10004_0877/PHZ51.MOH1.2020,W10004_0877/PHZ51
W10004_0879/PHK76.MOH1.2020,W10004_0879/PHK76
W10004_0879/PHP02.MOH1.2020,W10004_0879/PHP02
W10004_0879/PHZ51.MOH1.2020,W10004_0879/PHZ51
W10004_0884/PHK76.MOH1.2020,W10004_0884/PHK76
W10004_0884/PHP02.MOH1.2020,W10004_0884/PHP02
W10004_0884/PHZ51.MOH1.2020,W10004_0884/PHZ51
W10004_0885/PHP02.MOH1.2020,W10004_0885/PHP02
W10004_0885/PHZ51.MOH1.2020,W10004_0885/PHZ51
W10004_0886/PHP02.MOH1.2020,W10004_0886/PHP02
W10004_0886/PHZ51.MOH1.2020,W10004_0886/PHZ51
W10004_0888/PHK76.MOH1.2020,W10004_0888/PHK76
W10004_0888/PHP02.MOH1.2020,W10004_0888/PHP02
W10004_0888/PHZ51.MOH1.2020,W10004_0888/PHZ51
W10004_0889/PHZ51.MOH1.2020,W10004_0889/PHZ51
W10004_0891/PHK76.MOH1.2020,W10004_0891/PHK76
W10004_0891/PHP02.MOH1.2020,W10004_0891/PHP02
W10004_0891/PHZ51.MOH1.2020,W10004_0891/PHZ51
W10004_0892/PHK76.MOH1.2020,W10004_0892/PHK76
W10004_0892/PHP02.MOH1.2020,W10004_0892/PHP02
W10004_0892/PHZ51.MOH1.2020,W10004_0892/PHZ51
W10004_0894/PHK76.MOH1.2020,W10004_0894/PHK76
W10004_0894/PHP02.MOH1.2020,W10004_0894/PHP02
W10004_0894/PHZ51.MOH1.2020,W10004_0894/PHZ51
W10004_0896/PHK76.MOH1.2020,W10004_0896/PHK76
W10004_0896/PHP02.MOH1.2020,W10004_0896/PHP02
W10004_0896/PHZ51.MOH1.2020,W10004_0896/PHZ51
W10004_0900/PHP02.MOH1.2020,W10004_0900/PHP02
W10004_0900/PHZ51.MOH1.2020,W10004_0900/PHZ51
W10004_0901/PHK76.MOH1.2020,W10004_0901/PHK76
W10004_0901/PHP02.MOH1.2020,W10004_0901/PHP02
W10004_0901/PHZ51.MOH1.2020,W10004_0901/PHZ51
W10004_0907/PHK76.MOH1.2020,W10004_0907/PHK76
W10004_0907/PHP02.MOH1.2020,W10004_0907/PHP02
W10004_0907/PHZ51.MOH1.2020,W10004_0907/PHZ51
W10004_0913/PHK76.MOH1.2020,W10004_0913/PHK76
W10004_0913/PHP02.MOH1.2020,W10004_0913/PHP02
W10004_0913/PHZ51.MOH1.2020,W10004_0913/PHZ51
W10004_0914/PHK76.MOH1.2020,W10004_0914/PHK76
W10004_0914/PHP02.MOH1.2020,W10004_0914/PHP02
W10004_0914/PHZ51.MOH1.2020,W10004_0914/PHZ51
W10004_0916/PHK76.MOH1.2020,W10004_0916/PHK76
W10004_0916/PHP02.MOH1.2020,W10004_0916/PHP02
W10004_0916/PHZ51.MOH1.2020,W10004_0916/PHZ51
W10004_0918/PHK76.MOH1.2020,W10004_0918/PHK76
W10004_0918/PHP02.MOH1.2020,W10004_0918/PHP02
W10004_0918/PHZ51.MOH1.2020,W10004_0918/PHZ51
W10004_0920/PHK76.MOH1.2020,W10004_0920/PHK76
W10004_0920/PHP02.MOH1.2020,W10004_0920/PHP02
W10004_0920/PHZ51.MOH1.2020,W10004_0920/PHZ51
W10004_0922/PHK76.MOH1.2020,W10004_0922/PHK76
W10004_0922/PHZ51.MOH1.2020,W10004_0922/PHZ51
W10004_0928/PHK76.MOH1.2020,W10004_0928/PHK76
W10004_0928/PHP02.MOH1.2020,W10004_0928/PHP02
W10004_0928/PHZ51.MOH1.2020,W10004_0928/PHZ51
W10004_0930/PHK76.MOH1.2020,W10004_0930/PHK76
W10004_0930/PHP02.MOH1.2020,W10004_0930/PHP02
W10004_0930/PHZ51.MOH1.2020,W10004_0930/PHZ51
W10004_0932/PHK76.MOH1.2020,W10004_0932/PHK76
W10004_0932/PHP02.MOH1.2020,W10004_0932/PHP02
W10004_0932/PHZ51.MOH1.2020,W10004_0932/PHZ51
W10004_0935/PHK76.MOH1.2020,W10004_0935/PHK76
W10004_0935/PHP02.MOH1.2020,W10004_0935/PHP02
W10004_0935/PHZ51.MOH1.2020,W10004_0935/PHZ51
W10004_0938/PHP02.MOH1.2020,W10004_0938/PHP02
W10004_0938/PHZ51.MOH1.2020,W10004_0938/PHZ51
W10004_0940/PHP02.MOH1.2020,W10004_0940/PHP02
W10004_0940/PHZ51.MOH1.2020,W10004_0940/PHZ51
W10004_0943/PHK76.MOH1.2020,W10004_0943/PHK76
W10004_0943/PHP02.MOH1.2020,W10004_0943/PHP02
W10004_0943/PHZ51.MOH1.2020,W10004_0943/PHZ51
W10004_0949/PHK76.MOH1.2020,W10004_0949/PHK76
W10004_0949/PHP02.MOH1.2020,W10004_0949/PHP02
W10004_0949/PHZ51.MOH1.2020,W10004_0949/PHZ51
W10004_0950/PHK76.MOH1.2020,W10004_0950/PHK76
W10004_0950/PHP02.MOH1.2020,W10004_0950/PHP02
W10004_0950/PHZ51.MOH1.2020,W10004_0950/PHZ51
W10004_0951/PHK76.MOH1.2020,W10004_0951/PHK76
W10004_0951/PHP02.MOH1.2020,W10004_0951/PHP02
W10004_0951/PHZ51.MOH1.2020,W10004_0951/PHZ51
W10004_0953/PHP02.MOH1.2020,W10004_0953/PHP02
W10004_0953/PHZ51.MOH1.2020,W10004_0953/PHZ51
W10004_0955/PHK76.MOH1.2020,W10004_0955/PHK76
W10004_0955/PHP02.MOH1.2020,W10004_0955/PHP02
W10004_0955/PHZ51.MOH1.2020,W10004_0955/PHZ51
W10004_0956/PHZ51.MOH1.2020,W10004_0956/PHZ51
W10004_0963/PHK76.MOH1.2020,W10004_0963/PHK76
W10004_0963/PHZ51.MOH1.2020,W10004_0963/PHZ51
W10004_0964/PHK76.MOH1.2020,W10004_0964/PHK76
W10004_0964/PHP02.MOH1.2020,W10004_0964/PHP02
W10004_0964/PHZ51.MOH1.2020,W10004_0964/PHZ51
W10004_0965/PHK76.MOH1.2020,W10004_0965/PHK76
W10004_0965/PHZ51.MOH1.2020,W10004_0965/PHZ51
W10004_0966/PHK76.MOH1.2020,W10004_0966/PHK76
W10004_0966/PHP02.MOH1.2020,W10004_0966/PHP02
W10004_0966/PHZ51.MOH1.2020,W10004_0966/PHZ51
W10004_0969/PHK76.MOH1.2020,W10004_0969/PHK76
W10004_0969/PHP02.MOH1.2020,W10004_0969/PHP02
W10004_0969/PHZ51.MOH1.2020,W10004_0969/PHZ51
W10004_0970/PHP02.MOH1.2020,W10004_0970/PHP02
W10004_0970/PHZ51.MOH1.2020,W10004_0970/PHZ51
W10004_0971/PHK76.MOH1.2020,W10004_0971/PHK76
W10004_0971/PHP02.MOH1.2020,W10004_0971/PHP02
W10004_0971/PHZ51.MOH1.2020,W10004_0971/PHZ51
W10004_0974/PHK76.MOH1.2020,W10004_0974/PHK76
W10004_0974/PHP02.MOH1.2020,W10004_0974/PHP02
W10004_0974/PHZ51.MOH1.2020,W10004_0974/PHZ51
W10004_0975/PHK76.MOH1.2020,W10004_0975/PHK76
W10004_0975/PHZ51.MOH1.2020,W10004_0975/PHZ51
W10004_0981/PHK76.MOH1.2020,W10004_0981/PHK76
W10004_0981/PHZ51.MOH1.2020,W10004_0981/PHZ51
W10004_0982/PHP02.MOH1.2020,W10004_0982/PHP02
W10004_0982/PHZ51.MOH1.2020,W10004_0982/PHZ51
W10004_0984/PHK76.MOH1.2020,W10004_0984/PHK76
W10004_0984/PHP02.MOH1.2020,W10004_0984/PHP02
W10004_0984/PHZ51.MOH1.2020,W10004_0984/PHZ51
W10004_0988/PHK76.MOH1.2020,W10004_0988/PHK76
W10004_0988/PHP02.MOH1.2020,W10004_0988/PHP02
W10004_0988/PHZ51.MOH1.2020,W10004_0988/PHZ51
W10004_0991/PHZ51.MOH1.2020,W10004_0991/PHZ51
W10004_0996/PHP02.MOH1.2020,W10004_0996/PHP02
W10004_0996/PHZ51.MOH1.2020,W10004_0996/PHZ51
W10004_0997/PHK76.MOH1.2020,W10004_0997/PHK76
W10004_0997/PHP02.MOH1.2020,W10004_0997/PHP02
W10004_0997/PHZ51.MOH1.2020,W10004_0997/PHZ51
W10004_1000/PHP02.MOH1.2020,W10004_1000/PHP02
W10004_1000/PHZ51.MOH1.2020,W10004_1000/PHZ51
W10004_1001/PHK76.MOH1.2020,W10004_1001/PHK76
W10004_1001/PHP02.MOH1.2020,W10004_1001/PHP02
W10004_1001/PHZ51.MOH1.2020,W10004_1001/PHZ51
W10004_1002/PHK76.MOH1.2020,W10004_1002/PHK76
W10004_1002/PHP02.MOH1.2020,W10004_1002/PHP02
W10004_1002/PHZ51.MOH1.2020,W10004_1002/PHZ51
W10004_1004/PHK76.MOH1.2020,W10004_1004/PHK76
W10004_1004/PHP02.MOH1.2020,W10004_1004/PHP02
W10004_1004/PHZ51.MOH1.2020,W10004_1004/PHZ51
W10004_1007/PHK76.MOH1.2020,W10004_1007/PHK76
W10004_1007/PHP02.MOH1.2020,W10004_1007/PHP02
W10004_1007/PHZ51.MOH1.2020,W10004_1007/PHZ51
W10004_1011/PHK76.MOH1.2020,W10004_1011/PHK76
W10004_1011/PHP02.MOH1.2020,W10004_1011/PHP02
W10004_1011/PHZ51.MOH1.2020,W10004_1011/PHZ51
W10004_1014/PHK76.MOH1.2020,W10004_1014/PHK76
W10004_1014/PHP02.MOH1.2020,W10004_1014/PHP02
W10004_1014/PHZ51.MOH1.2020,W10004_1014/PHZ51
W10004_1015/PHK76.MOH1.2020,W10004_1015/PHK76
W10004_1015/PHP02.MOH1.2020,W10004_1015/PHP02
W10004_1015/PHZ51.MOH1.2020,W10004_1015/PHZ51
W10004_1018/PHK76.MOH1.2020,W10004_1018/PHK76
W10004_1018/PHP02.MOH1.2020,W10004_1018/PHP02
W10004_1018/PHZ51.MOH1.2020,W10004_1018/PHZ51
W10004_1020/PHK76.MOH1.2020,W10004_1020/PHK76
W10004_1020/PHP02.MOH1.2020,W10004_1020/PHP02
W10004_1020/PHZ51.MOH1.2020,W10004_1020/PHZ51
W10004_1032/PHP02.MOH1.2020,W10004_1032/PHP02
W10004_1032/PHZ51.MOH1.2020,W10004_1032/PHZ51
W10004_1037/PHP02.MOH1.2020,W10004_1037/PHP02
W10004_1037/PHZ51.MOH1.2020,W10004_1037/PHZ51
W10004_1045/PHK76.MOH1.2020,W10004_1045/PHK76
W10004_1045/PHP02.MOH1.2020,W10004_1045/PHP02
W10004_1045/PHZ51.MOH1.2020,W10004_1045/PHZ51
W10004_1052/PHK76.MOH1.2020,W10004_1052/PHK76
W10004_1052/PHP02.MOH1.2020,W10004_1052/PHP02
W10004_1052/PHZ51.MOH1.2020,W10004_1052/PHZ51
W10004_1057/PHK76.MOH1.2020,W10004_1057/PHK76
W10004_1057/PHP02.MOH1.2020,W10004_1057/PHP02
W10004_1057/PHZ51.MOH1.2020,W10004_1057/PHZ51
W10004_1063/PHK76.MOH1.2020,W10004_1063/PHK76
W10004_1063/PHP02.MOH1.2020,W10004_1063/PHP02
W10004_1063/PHZ51.MOH1.2020,W10004_1063/PHZ51
W10004_1064/PHP02.MOH1.2020,W10004_1064/PHP02
W10004_1064/PHZ51.MOH1.2020,W10004_1064/PHZ51
W10004_1072/PHZ51.MOH1.2020,W10004_1072/PHZ51
W10004_1080/PHK76.MOH1.2020,W10004_1080/PHK76
W10004_1080/PHP02.MOH1.2020,W10004_1080/PHP02
W10004_1080/PHZ51.MOH1.2020,W10004_1080/PHZ51
W10004_1081/PHP02.MOH1.2020,W10004_1081/PHP02
W10004_1081/PHZ51.MOH1.2020,W10004_1081/PHZ51
W10004_1084/PHK76.MOH1.2020,W10004_1084/PHK76
W10004_1084/PHP02.MOH1.2020,W10004_1084/PHP02
W10004_1084/PHZ51.MOH1.2020,W10004_1084/PHZ51
W10004_1099/PHP02.MOH1.2020,W10004_1099/PHP02
W10004_1099/PHZ51.MOH1.2020,W10004_1099/PHZ51
W10004_1104/PHP02.MOH1.2020,W10004_1104/PHP02
W10004_1104/PHZ51.MOH1.2020,W10004_1104/PHZ51
W10004_1105/PHK76.MOH1.2020,W10004_1105/PHK76
W10004_1105/PHP02.MOH1.2020,W10004_1105/PHP02
W10004_1105/PHZ51.MOH1.2020,W10004_1105/PHZ51
W10004_1112/PHK76.MOH1.2020,W10004_1112/PHK76
W10004_1112/PHP02.MOH1.2020,W10004_1112/PHP02
W10004_1112/PHZ51.MOH1.2020,W10004_1112/PHZ51
W10004_1117/PHP02.MOH1.2020,W10004_1117/PHP02
W10004_1117/PHZ51.MOH1.2020,W10004_1117/PHZ51
W10004_1118/PHP02.MOH1.2020,W10004_1118/PHP02
W10004_1118/PHZ51.MOH1.2020,W10004_1118/PHZ51
W10004_1123/PHZ51.MOH1.2020,W10004_1123/PHZ51
W10004_1140/PHK76.MOH1.2020,W10004_1140/PHK76
W10004_1140/PHP02.MOH1.2020,W10004_1140/PHP02
W10004_1140/PHZ51.MOH1.2020,W10004_1140/PHZ51
W10004_1143/PHK76.MOH1.2020,W10004_1143/PHK76
W10004_1143/PHP02.MOH1.2020,W10004_1143/PHP02
W10004_1143/PHZ51.MOH1.2020,W10004_1143/PHZ51
W10004_1146/PHK76.MOH1.2020,W10004_1146/PHK76
W10004_1146/PHP02.MOH1.2020,W10004_1146/PHP02
W10004_1146/PHZ51.MOH1.2020,W10004_1146/PHZ51
W10004_1156/PHP02.MOH1.2020,W10004_1156/PHP02
W10004_1156/PHZ51.MOH1.2020,W10004_1156/PHZ51
B14A/H95.NEH1.2021,B14A/H95
B14A/MO17.NEH1.2021,B14A/MO17
B14A/OH43.NEH1.2021,B14A/OH43
B37/H95.NEH1.2021,B37/H95
B37/MO17.NEH1.2021,B37/MO17
B37/OH43.NEH1.2021,B37/OH43
B73/MO17.NEH1.2021,B73/MO17
B73/PHM49.NEH1.2021,B73/PHM49
B73/PHN82.NEH1.2021,B73/PHN82
B73/TX779.NEH1.2021,B73/TX779
CG119/CG108.NEH1.2021,CG119/CG108
CG44/CGR01.NEH1.2021,CG44/CGR01
F42/H95.NEH1.2021,F42/H95
F42/MO17.NEH1.2021,F42/MO17
F42/OH43.NEH1.2021,F42/OH43
LH74/PHN82.NEH1.2021,LH74/PHN82
LH82/TX779.NEH1.2021,LH82/TX779
PB80/TX779.NEH1.2021,PB80/TX779
PHB47/PHN82.NEH1.2021,PHB47/PHN82
PHG39/PHN82.NEH1.2021,PHG39/PHN82
PHW52/PHM49.NEH1.2021,PHW52/PHM49
PHW52/PHN82.NEH1.2021,PHW52/PHN82
TX714/TX779.NEH1.2021,TX714/TX779
TX773/TX779.NEH1.2021,TX773/TX779
TX777/LH195.NEH1.2021,TX777/LH195
TX779/LH195.NEH1.2021,TX779/LH195
W10004_0007/PHZ51.NEH1.2021,W10004_0007/PHZ51
W10004_0011/PHZ51.NEH1.2021,W10004_0011/PHZ51
W10004_0014/PHZ51.NEH1.2021,W10004_0014/PHZ51
W10004_0018/PHZ51.NEH1.2021,W10004_0018/PHZ51
W10004_0026/PHZ51.NEH1.2021,W10004_0026/PHZ51
W10004_0032/PHZ51.NEH1.2021,W10004_0032/PHZ51
W10004_0034/PHZ51.NEH1.2021,W10004_0034/PHZ51
W10004_0037/PHZ51.NEH1.2021,W10004_0037/PHZ51
W10004_0038/PHZ51.NEH1.2021,W10004_0038/PHZ51
W10004_0041/PHZ51.NEH1.2021,W10004_0041/PHZ51
W10004_0045/PHZ51.NEH1.2021,W10004_0045/PHZ51
W10004_0046/PHZ51.NEH1.2021,W10004_0046/PHZ51
W10004_0047/PHZ51.NEH1.2021,W10004_0047/PHZ51
W10004_0053/PHZ51.NEH1.2021,W10004_0053/PHZ51
W10004_0055/PHZ51.NEH1.2021,W10004_0055/PHZ51
W10004_0061/PHZ51.NEH1.2021,W10004_0061/PHZ51
W10004_0062/PHZ51.NEH1.2021,W10004_0062/PHZ51
W10004_0064/PHZ51.NEH1.2021,W10004_0064/PHZ51
W10004_0065/PHZ51.NEH1.2021,W10004_0065/PHZ51
W10004_0068/PHZ51.NEH1.2021,W10004_0068/PHZ51
W10004_0069/PHZ51.NEH1.2021,W10004_0069/PHZ51
W10004_0071/PHZ51.NEH1.2021,W10004_0071/PHZ51
W10004_0072/PHZ51.NEH1.2021,W10004_0072/PHZ51
W10004_0073/PHZ51.NEH1.2021,W10004_0073/PHZ51
W10004_0076/PHZ51.NEH1.2021,W10004_0076/PHZ51
W10004_0080/PHZ51.NEH1.2021,W10004_0080/PHZ51
W10004_0092/PHZ51.NEH1.2021,W10004_0092/PHZ51
W10004_0093/PHZ51.NEH1.2021,W10004_0093/PHZ51
W10004_0095/PHZ51.NEH1.2021,W10004_0095/PHZ51
W10004_0097/PHZ51.NEH1.2021,W10004_0097/PHZ51
W10004_0099/PHZ51.NEH1.2021,W10004_0099/PHZ51
W10004_0103/PHZ51.NEH1.2021,W10004_0103/PHZ51
W10004_0112/PHZ51.NEH1.2021,W10004_0112/PHZ51
W10004_0118/PHZ51.NEH1.2021,W10004_0118/PHZ51
W10004_0119/PHZ51.NEH1.2021,W10004_0119/PHZ51
W10004_0127/PHZ51.NEH1.2021,W10004_0127/PHZ51
W10004_0129/PHZ51.NEH1.2021,W10004_0129/PHZ51
W10004_0132/PHZ51.NEH1.2021,W10004_0132/PHZ51
W10004_0134/PHZ51.NEH1.2021,W10004_0134/PHZ51
W10004_0138/PHZ51.NEH1.2021,W10004_0138/PHZ51
W10004_0140/PHZ51.NEH1.2021,W10004_0140/PHZ51
W10004_0146/PHZ51.NEH1.2021,W10004_0146/PHZ51
W10004_0147/PHZ51.NEH1.2021,W10004_0147/PHZ51
W10004_0148/PHZ51.NEH1.2021,W10004_0148/PHZ51
W10004_0150/PHZ51.NEH1.2021,W10004_0150/PHZ51
W10004_0152/PHZ51.NEH1.2021,W10004_0152/PHZ51
W10004_0153/PHZ51.NEH1.2021,W10004_0153/PHZ51
W10004_0160/PHZ51.NEH1.2021,W10004_0160/PHZ51
W10004_0166/PHZ51.NEH1.2021,W10004_0166/PHZ51
W10004_0168/PHZ51.NEH1.2021,W10004_0168/PHZ51
W10004_0185/PHZ51.NEH1.2021,W10004_0185/PHZ51
W10004_0190/PHZ51.NEH1.2021,W10004_0190/PHZ51
W10004_0192/PHZ51.NEH1.2021,W10004_0192/PHZ51
W10004_0197/PHZ51.NEH1.2021,W10004_0197/PHZ51
W10004_0199/PHZ51.NEH1.2021,W10004_0199/PHZ51
W10004_0200/PHZ51.NEH1.2021,W10004_0200/PHZ51
W10004_0203/PHZ51.NEH1.2021,W10004_0203/PHZ51
W10004_0204/PHZ51.NEH1.2021,W10004_0204/PHZ51
W10004_0206/PHZ51.NEH1.2021,W10004_0206/PHZ51
W10004_0212/PHZ51.NEH1.2021,W10004_0212/PHZ51
W10004_0213/PHZ51.NEH1.2021,W10004_0213/PHZ51
W10004_0217/PHZ51.NEH1.2021,W10004_0217/PHZ51
W10004_0220/PHZ51.NEH1.2021,W10004_0220/PHZ51
W10004_0221/PHZ51.NEH1.2021,W10004_0221/PHZ51
W10004_0223/PHZ51.NEH1.2021,W10004_0223/PHZ51
W10004_0224/PHZ51.NEH1.2021,W10004_0224/PHZ51
W10004_0225/PHZ51.NEH1.2021,W10004_0225/PHZ51
W10004_0227/PHZ51.NEH1.2021,W10004_0227/PHZ51
W10004_0231/PHZ51.NEH1.2021,W10004_0231/PHZ51
W10004_0241/PHZ51.NEH1.2021,W10004_0241/PHZ51
W10004_0254/PHZ51.NEH1.2021,W10004_0254/PHZ51
W10004_0258/PHZ51.NEH1.2021,W10004_0258/PHZ51
W10004_0261/PHZ51.NEH1.2021,W10004_0261/PHZ51
W10004_0262/PHZ51.NEH1.2021,W10004_0262/PHZ51
W10004_0264/PHZ51.NEH1.2021,W10004_0264/PHZ51
W10004_0268/PHZ51.NEH1.2021,W10004_0268/PHZ51
W10004_0276/PHZ51.NEH1.2021,W10004_0276/PHZ51
W10004_0292/PHZ51.NEH1.2021,W10004_0292/PHZ51
W10004_0299/PHZ51.NEH1.2021,W10004_0299/PHZ51
W10004_0306/PHZ51.NEH1.2021,W10004_0306/PHZ51
W10004_0308/PHZ51.NEH1.2021,W10004_0308/PHZ51
W10004_0344/PHZ51.NEH1.2021,W10004_0344/PHZ51
W10004_0380/PHZ51.NEH1.2021,W10004_0380/PHZ51
W10004_0381/PHZ51.NEH1.2021,W10004_0381/PHZ51
W10004_0383/PHZ51.NEH1.2021,W10004_0383/PHZ51
W10004_0389/PHZ51.NEH1.2021,W10004_0389/PHZ51
W10004_0403/PHZ51.NEH1.2021,W10004_0403/PHZ51
W10004_0409/PHZ51.NEH1.2021,W10004_0409/PHZ51
W10004_0410/PHZ51.NEH1.2021,W10004_0410/PHZ51
W10004_0419/PHZ51.NEH1.2021,W10004_0419/PHZ51
W10004_0427/PHZ51.NEH1.2021,W10004_0427/PHZ51
W10004_0430/PHZ51.NEH1.2021,W10004_0430/PHZ51
W10004_0465/PHZ51.NEH1.2021,W10004_0465/PHZ51
W10004_0474/PHZ51.NEH1.2021,W10004_0474/PHZ51
W10004_0487/PHZ51.NEH1.2021,W10004_0487/PHZ51
W10004_0498/PHZ51.NEH1.2021,W10004_0498/PHZ51
W10004_0501/PHZ51.NEH1.2021,W10004_0501/PHZ51
W10004_0505/PHZ51.NEH1.2021,W10004_0505/PHZ51
W10004_0601/PHZ51.NEH1.2021,W10004_0601/PHZ51
W10004_0608/PHZ51.NEH1.2021,W10004_0608/PHZ51
W10004_0612/PHZ51.NEH1.2021,W10004_0612/PHZ51
W10004_0614/PHZ51.NEH1.2021,W10004_0614/PHZ51
W10004_0616/PHZ51.NEH1.2021,W10004_0616/PHZ51
W10004_0618/PHZ51.NEH1.2021,W10004_0618/PHZ51
W10004_0619/PHZ51.NEH1.2021,W10004_0619/PHZ51
W10004_0624/PHZ51.NEH1.2021,W10004_0624/PHZ51
W10004_0625/PHZ51.NEH1.2021,W10004_0625/PHZ51
W10004_0626/PHZ51.NEH1.2021,W10004_0626/PHZ51
W10004_0628/PHZ51.NEH1.2021,W10004_0628/PHZ51
W10004_0637/PHZ51.NEH1.2021,W10004_0637/PHZ51
W10004_0639/PHZ51.NEH1.2021,W10004_0639/PHZ51
W10004_0644/PHZ51.NEH1.2021,W10004_0644/PHZ51
W10004_0645/PHZ51.NEH1.2021,W10004_0645/PHZ51
W10004_0646/PHZ51.NEH1.2021,W10004_0646/PHZ51
W10004_0649/PHZ51.NEH1.2021,W10004_0649/PHZ51
W10004_0651/PHZ51.NEH1.2021,W10004_0651/PHZ51
W10004_0654/PHZ51.NEH1.2021,W10004_0654/PHZ51
W10004_0658/PHZ51.NEH1.2021,W10004_0658/PHZ51
W10004_0661/PHZ51.NEH1.2021,W10004_0661/PHZ51
W10004_0667/PHZ51.NEH1.2021,W10004_0667/PHZ51
W10004_0672/PHZ51.NEH1.2021,W10004_0672/PHZ51
W10004_0678/PHZ51.NEH1.2021,W10004_0678/PHZ51
W10004_0682/PHZ51.NEH1.2021,W10004_0682/PHZ51
W10004_0684/PHZ51.NEH1.2021,W10004_0684/PHZ51
W10004_0685/PHZ51.NEH1.2021,W10004_0685/PHZ51
W10004_0687/PHZ51.NEH1.2021,W10004_0687/PHZ51
W10004_0688/PHZ51.NEH1.2021,W10004_0688/PHZ51
W10004_0689/PHZ51.NEH1.2021,W10004_0689/PHZ51
W10004_0696/PHZ51.NEH1.2021,W10004_0696/PHZ51
W10004_0697/PHZ51.NEH1.2021,W10004_0697/PHZ51
W10004_0701/PHZ51.NEH1.2021,W10004_0701/PHZ51
W10004_0702/PHZ51.NEH1.2021,W10004_0702/PHZ51
W10004_0705/PHZ51.NEH1.2021,W10004_0705/PHZ51
W10004_0712/PHZ51.NEH1.2021,W10004_0712/PHZ51
W10004_0713/PHZ51.NEH1.2021,W10004_0713/PHZ51
W10004_0714/PHZ51.NEH1.2021,W10004_0714/PHZ51
W10004_0729/PHZ51.NEH1.2021,W10004_0729/PHZ51
W10004_0736/PHZ51.NEH1.2021,W10004_0736/PHZ51
W10004_0741/PHZ51.NEH1.2021,W10004_0741/PHZ51
W10004_0745/PHZ51.NEH1.2021,W10004_0745/PHZ51
W10004_0746/PHZ51.NEH1.2021,W10004_0746/PHZ51
W10004_0756/PHZ51.NEH1.2021,W10004_0756/PHZ51
W10004_0757/PHZ51.NEH1.2021,W10004_0757/PHZ51
W10004_0768/PHZ51.NEH1.2021,W10004_0768/PHZ51
W10004_0774/PHZ51.NEH1.2021,W10004_0774/PHZ51
W10004_0775/PHZ51.NEH1.2021,W10004_0775/PHZ51
W10004_0779/PHZ51.NEH1.2021,W10004_0779/PHZ51
W10004_0781/PHZ51.NEH1.2021,W10004_0781/PHZ51
W10004_0782/PHZ51.NEH1.2021,W10004_0782/PHZ51
W10004_0789/PHZ51.NEH1.2021,W10004_0789/PHZ51
W10004_0794/PHZ51.NEH1.2021,W10004_0794/PHZ51
W10004_0798/PHZ51.NEH1.2021,W10004_0798/PHZ51
W10004_0799/PHZ51.NEH1.2021,W10004_0799/PHZ51
W10004_0801/PHZ51.NEH1.2021,W10004_0801/PHZ51
W10004_0802/PHZ51.NEH1.2021,W10004_0802/PHZ51
W10004_0803/PHZ51.NEH1.2021,W10004_0803/PHZ51
W10004_0806/PHZ51.NEH1.2021,W10004_0806/PHZ51
W10004_0807/PHZ51.NEH1.2021,W10004_0807/PHZ51
W10004_0812/PHZ51.NEH1.2021,W10004_0812/PHZ51
W10004_0814/PHZ51.NEH1.2021,W10004_0814/PHZ51
W10004_0815/PHZ51.NEH1.2021,W10004_0815/PHZ51
W10004_0818/PHZ51.NEH1.2021,W10004_0818/PHZ51
W10004_0820/PHZ51.NEH1.2021,W10004_0820/PHZ51
W10004_0823/PHZ51.NEH1.2021,W10004_0823/PHZ51
W10004_0827/PHZ51.NEH1.2021,W10004_0827/PHZ51
W10004_0828/PHZ51.NEH1.2021,W10004_0828/PHZ51
W10004_0832/PHZ51.NEH1.2021,W10004_0832/PHZ51
W10004_0833/PHZ51.NEH1.2021,W10004_0833/PHZ51
W10004_0834/PHZ51.NEH1.2021,W10004_0834/PHZ51
W10004_0836/PHZ51.NEH1.2021,W10004_0836/PHZ51
W10004_0842/PHZ51.NEH1.2021,W10004_0842/PHZ51
W10004_0848/PHZ51.NEH1.2021,W10004_0848/PHZ51
W10004_0859/PHZ51.NEH1.2021,W10004_0859/PHZ51
W10004_0866/PHZ51.NEH1.2021,W10004_0866/PHZ51
W10004_0868/PHZ51.NEH1.2021,W10004_0868/PHZ51
W10004_0869/PHZ51.NEH1.2021,W10004_0869/PHZ51
W10004_0877/PHZ51.NEH1.2021,W10004_0877/PHZ51
W10004_0884/PHZ51.NEH1.2021,W10004_0884/PHZ51
W10004_0885/PHZ51.NEH1.2021,W10004_0885/PHZ51
W10004_0891/PHZ51.NEH1.2021,W10004_0891/PHZ51
W10004_0896/PHZ51.NEH1.2021,W10004_0896/PHZ51
W10004_0900/PHZ51.NEH1.2021,W10004_0900/PHZ51
W10004_0907/PHZ51.NEH1.2021,W10004_0907/PHZ51
W10004_0913/PHZ51.NEH1.2021,W10004_0913/PHZ51
W10004_0916/PHZ51.NEH1.2021,W10004_0916/PHZ51
W10004_0928/PHZ51.NEH1.2021,W10004_0928/PHZ51
W10004_0932/PHZ51.NEH1.2021,W10004_0932/PHZ51
W10004_0940/PHZ51.NEH1.2021,W10004_0940/PHZ51
W10004_0949/PHZ51.NEH1.2021,W10004_0949/PHZ51
W10004_0950/PHZ51.NEH1.2021,W10004_0950/PHZ51
W10004_0955/PHZ51.NEH1.2021,W10004_0955/PHZ51
W10004_0956/PHZ51.NEH1.2021,W10004_0956/PHZ51
W10004_0965/PHZ51.NEH1.2021,W10004_0965/PHZ51
W10004_0966/PHZ51.NEH1.2021,W10004_0966/PHZ51
W10004_0974/PHZ51.NEH1.2021,W10004_0974/PHZ51
W10004_0975/PHZ51.NEH1.2021,W10004_0975/PHZ51
W10004_0981/PHZ51.NEH1.2021,W10004_0981/PHZ51
W10004_0982/PHZ51.NEH1.2021,W10004_0982/PHZ51
W10004_0984/PHZ51.NEH1.2021,W10004_0984/PHZ51
W10004_1000/PHZ51.NEH1.2021,W10004_1000/PHZ51
W10004_1002/PHZ51.NEH1.2021,W10004_1002/PHZ51
W10004_1004/PHZ51.NEH1.2021,W10004_1004/PHZ51
W10004_1011/PHZ51.NEH1.2021,W10004_1011/PHZ51
W10004_1015/PHZ51.NEH1.2021,W10004_1015/PHZ51
W10004_1018/PHZ51.NEH1.2021,W10004_1018/PHZ51
W10004_1032/PHZ51.NEH1.2021,W10004_1032/PHZ51
W10004_1037/PHZ51.NEH1.2021,W10004_1037/PHZ51
W10004_1045/PHZ51.NEH1.2021,W10004_1045/PHZ51
W10004_1052/PHZ51.NEH1.2021,W10004_1052/PHZ51
W10004_1057/PHZ51.NEH1.2021,W10004_1057/PHZ51
W10004_1072/PHZ51.NEH1.2021,W10004_1072/PHZ51
W10004_1081/PHZ51.NEH1.2021,W10004_1081/PHZ51
W10004_1084/PHZ51.NEH1.2021,W10004_1084/PHZ51
W10004_1099/PHZ51.NEH1.2021,W10004_1099/PHZ51
W10004_1104/PHZ51.NEH1.2021,W10004_1104/PHZ51
W10004_1105/PHZ51.NEH1.2021,W10004_1105/PHZ51
W10004_1112/PHZ51.NEH1.2021,W10004_1112/PHZ51
W10004_1117/PHZ51.NEH1.2021,W10004_1117/PHZ51
W10004_1118/PHZ51.NEH1.2021,W10004_1118/PHZ51
W10004_1140/PHZ51.NEH1.2021,W10004_1140/PHZ51
B14A/H95.TXH1.2020,B14A/H95
B14A/MO17.TXH1.2020,B14A/MO17
B14A/OH43.TXH1.2020,B14A/OH43
B37/H95.TXH1.2020,B37/H95
B37/MO17.TXH1.2020,B37/MO17
B37/OH43.TXH1.2020,B37/OH43
B73/MO17.TXH1.2020,B73/MO17
B73/PHM49.TXH1.2020,B73/PHM49
B73/PHN82.TXH1.2020,B73/PHN82
B73/TX779.TXH1.2020,B73/TX779
CG119/CG108.TXH1.2020,CG119/CG108
CG44/CGR01.TXH1.2020,CG44/CGR01
F42/H95.TXH1.2020,F42/H95
F42/MO17.TXH1.2020,F42/MO17
F42/OH43.TXH1.2020,F42/OH43
LH132/TX779.TXH1.2020,LH132/TX779
LH74/PHN82.TXH1.2020,LH74/PHN82
LH82/TX779.TXH1.2020,LH82/TX779
PB80/TX779.TXH1.2020,PB80/TX779
PHG39/PHN82.TXH1.2020,PHG39/PHN82
PHW52/PHM49.TXH1.2020,PHW52/PHM49
PHW52/PHN82.TXH1.2020,PHW52/PHN82
TX714/TX779.TXH1.2020,TX714/TX779
TX773/TX779.TXH1.2020,TX773/TX779
TX777/LH195.TXH1.2020,TX777/LH195
TX779/LH195.TXH1.2020,TX779/LH195
W10004_0007/PHZ51.TXH1.2020,W10004_0007/PHZ51
W10004_0011/PHZ51.TXH1.2020,W10004_0011/PHZ51
W10004_0014/PHZ51.TXH1.2020,W10004_0014/PHZ51
W10004_0018/PHZ51.TXH1.2020,W10004_0018/PHZ51
W10004_0026/PHZ51.TXH1.2020,W10004_0026/PHZ51
W10004_0032/PHZ51.TXH1.2020,W10004_0032/PHZ51
W10004_0034/PHZ51.TXH1.2020,W10004_0034/PHZ51
W10004_0037/PHZ51.TXH1.2020,W10004_0037/PHZ51
W10004_0038/PHZ51.TXH1.2020,W10004_0038/PHZ51
W10004_0041/PHZ51.TXH1.2020,W10004_0041/PHZ51
W10004_0045/PHZ51.TXH1.2020,W10004_0045/PHZ51
W10004_0046/PHZ51.TXH1.2020,W10004_0046/PHZ51
W10004_0047/PHZ51.TXH1.2020,W10004_0047/PHZ51
W10004_0053/PHZ51.TXH1.2020,W10004_0053/PHZ51
W10004_0055/PHZ51.TXH1.2020,W10004_0055/PHZ51
W10004_0061/PHZ51.TXH1.2020,W10004_0061/PHZ51
W10004_0062/PHZ51.TXH1.2020,W10004_0062/PHZ51
W10004_0064/PHZ51.TXH1.2020,W10004_0064/PHZ51
W10004_0065/PHZ51.TXH1.2020,W10004_0065/PHZ51
W10004_0068/PHZ51.TXH1.2020,W10004_0068/PHZ51
W10004_0069/PHZ51.TXH1.2020,W10004_0069/PHZ51
W10004_0071/PHZ51.TXH1.2020,W10004_0071/PHZ51
W10004_0072/PHZ51.TXH1.2020,W10004_0072/PHZ51
W10004_0073/PHZ51.TXH1.2020,W10004_0073/PHZ51
W10004_0076/PHZ51.TXH1.2020,W10004_0076/PHZ51
W10004_0080/PHZ51.TXH1.2020,W10004_0080/PHZ51
W10004_0092/PHZ51.TXH1.2020,W10004_0092/PHZ51
W10004_0093/PHZ51.TXH1.2020,W10004_0093/PHZ51
W10004_0095/PHZ51.TXH1.2020,W10004_0095/PHZ51
W10004_0097/PHZ51.TXH1.2020,W10004_0097/PHZ51
W10004_0099/PHZ51.TXH1.2020,W10004_0099/PHZ51
W10004_0103/PHZ51.TXH1.2020,W10004_0103/PHZ51
W10004_0112/PHZ51.TXH1.2020,W10004_0112/PHZ51
W10004_0118/PHZ51.TXH1.2020,W10004_0118/PHZ51
W10004_0119/PHZ51.TXH1.2020,W10004_0119/PHZ51
W10004_0127/PHZ51.TXH1.2020,W10004_0127/PHZ51
W10004_0129/PHZ51.TXH1.2020,W10004_0129/PHZ51
W10004_0132/PHZ51.TXH1.2020,W10004_0132/PHZ51
W10004_0134/PHZ51.TXH1.2020,W10004_0134/PHZ51
W10004_0138/PHZ51.TXH1.2020,W10004_0138/PHZ51
W10004_0140/PHZ51.TXH1.2020,W10004_0140/PHZ51
W10004_0146/PHZ51.TXH1.2020,W10004_0146/PHZ51
W10004_0147/PHZ51.TXH1.2020,W10004_0147/PHZ51
W10004_0148/PHZ51.TXH1.2020,W10004_0148/PHZ51
W10004_0150/PHZ51.TXH1.2020,W10004_0150/PHZ51
W10004_0152/PHZ51.TXH1.2020,W10004_0152/PHZ51
W10004_0153/PHZ51.TXH1.2020,W10004_0153/PHZ51
W10004_0160/PHZ51.TXH1.2020,W10004_0160/PHZ51
W10004_0166/PHZ51.TXH1.2020,W10004_0166/PHZ51
W10004_0168/PHZ51.TXH1.2020,W10004_0168/PHZ51
W10004_0185/PHZ51.TXH1.2020,W10004_0185/PHZ51
W10004_0190/PHZ51.TXH1.2020,W10004_0190/PHZ51
W10004_0192/PHZ51.TXH1.2020,W10004_0192/PHZ51
W10004_0197/PHZ51.TXH1.2020,W10004_0197/PHZ51
W10004_0199/PHZ51.TXH1.2020,W10004_0199/PHZ51
W10004_0200/PHZ51.TXH1.2020,W10004_0200/PHZ51
W10004_0203/PHZ51.TXH1.2020,W10004_0203/PHZ51
W10004_0204/PHZ51.TXH1.2020,W10004_0204/PHZ51
W10004_0206/PHZ51.TXH1.2020,W10004_0206/PHZ51
W10004_0212/PHZ51.TXH1.2020,W10004_0212/PHZ51
W10004_0213/PHZ51.TXH1.2020,W10004_0213/PHZ51
W10004_0217/PHZ51.TXH1.2020,W10004_0217/PHZ51
W10004_0220/PHZ51.TXH1.2020,W10004_0220/PHZ51
W10004_0221/PHZ51.TXH1.2020,W10004_0221/PHZ51
W10004_0223/PHZ51.TXH1.2020,W10004_0223/PHZ51
W10004_0224/PHZ51.TXH1.2020,W10004_0224/PHZ51
W10004_0225/PHZ51.TXH1.2020,W10004_0225/PHZ51
W10004_0227/PHZ51.TXH1.2020,W10004_0227/PHZ51
W10004_0231/PHZ51.TXH1.2020,W10004_0231/PHZ51
W10004_0241/PHZ51.TXH1.2020,W10004_0241/PHZ51
W10004_0254/PHZ51.TXH1.2020,W10004_0254/PHZ51
W10004_0258/PHZ51.TXH1.2020,W10004_0258/PHZ51
W10004_0261/PHZ51.TXH1.2020,W10004_0261/PHZ51
W10004_0262/PHZ51.TXH1.2020,W10004_0262/PHZ51
W10004_0264/PHZ51.TXH1.2020,W10004_0264/PHZ51
W10004_0268/PHZ51.TXH1.2020,W10004_0268/PHZ51
W10004_0276/PHZ51.TXH1.2020,W10004_0276/PHZ51
W10004_0292/PHZ51.TXH1.2020,W10004_0292/PHZ51
W10004_0299/PHZ51.TXH1.2020,W10004_0299/PHZ51
W10004_0306/PHZ51.TXH1.2020,W10004_0306/PHZ51
W10004_0308/PHZ51.TXH1.2020,W10004_0308/PHZ51
W10004_0344/PHZ51.TXH1.2020,W10004_0344/PHZ51
W10004_0380/PHZ51.TXH1.2020,W10004_0380/PHZ51
W10004_0381/PHZ51.TXH1.2020,W10004_0381/PHZ51
W10004_0383/PHZ51.TXH1.2020,W10004_0383/PHZ51
W10004_0389/PHZ51.TXH1.2020,W10004_0389/PHZ51
W10004_0403/PHZ51.TXH1.2020,W10004_0403/PHZ51
W10004_0409/PHZ51.TXH1.2020,W10004_0409/PHZ51
W10004_0410/PHZ51.TXH1.2020,W10004_0410/PHZ51
W10004_0419/PHZ51.TXH1.2020,W10004_0419/PHZ51
W10004_0427/PHZ51.TXH1.2020,W10004_0427/PHZ51
W10004_0430/PHZ51.TXH1.2020,W10004_0430/PHZ51
W10004_0465/PHZ51.TXH1.2020,W10004_0465/PHZ51
W10004_0474/PHZ51.TXH1.2020,W10004_0474/PHZ51
W10004_0487/PHZ51.TXH1.2020,W10004_0487/PHZ51
W10004_0498/PHZ51.TXH1.2020,W10004_0498/PHZ51
W10004_0501/PHZ51.TXH1.2020,W10004_0501/PHZ51
W10004_0505/PHZ51.TXH1.2020,W10004_0505/PHZ51
W10004_0601/PHZ51.TXH1.2020,W10004_0601/PHZ51
W10004_0608/PHZ51.TXH1.2020,W10004_0608/PHZ51
W10004_0612/PHZ51.TXH1.2020,W10004_0612/PHZ51
W10004_0614/PHZ51.TXH1.2020,W10004_0614/PHZ51
W10004_0616/PHZ51.TXH1.2020,W10004_0616/PHZ51
W10004_0618/PHZ51.TXH1.2020,W10004_0618/PHZ51
W10004_0619/PHZ51.TXH1.2020,W10004_0619/PHZ51
W10004_0624/PHZ51.TXH1.2020,W10004_0624/PHZ51
W10004_0625/PHZ51.TXH1.2020,W10004_0625/PHZ51
W10004_0626/PHZ51.TXH1.2020,W10004_0626/PHZ51
W10004_0628/PHZ51.TXH1.2020,W10004_0628/PHZ51
W10004_0637/PHZ51.TXH1.2020,W10004_0637/PHZ51
W10004_0639/PHZ51.TXH1.2020,W10004_0639/PHZ51
W10004_0644/PHZ51.TXH1.2020,W10004_0644/PHZ51
W10004_0645/PHZ51.TXH1.2020,W10004_0645/PHZ51
W10004_0646/PHZ51.TXH1.2020,W10004_0646/PHZ51
W10004_0649/PHZ51.TXH1.2020,W10004_0649/PHZ51
W10004_0651/PHZ51.TXH1.2020,W10004_0651/PHZ51
W10004_0654/PHZ51.TXH1.2020,W10004_0654/PHZ51
W10004_0658/PHZ51.TXH1.2020,W10004_0658/PHZ51
W10004_0661/PHZ51.TXH1.2020,W10004_0661/PHZ51
W10004_0667/PHZ51.TXH1.2020,W10004_0667/PHZ51
W10004_0672/PHZ51.TXH1.2020,W10004_0672/PHZ51
W10004_0678/PHZ51.TXH1.2020,W10004_0678/PHZ51
W10004_0682/PHZ51.TXH1.2020,W10004_0682/PHZ51
W10004_0684/PHZ51.TXH1.2020,W10004_0684/PHZ51
W10004_0685/PHZ51.TXH1.2020,W10004_0685/PHZ51
W10004_0687/PHZ51.TXH1.2020,W10004_0687/PHZ51
W10004_0688/PHZ51.TXH1.2020,W10004_0688/PHZ51
W10004_0689/PHZ51.TXH1.2020,W10004_0689/PHZ51
W10004_0696/PHZ51.TXH1.2020,W10004_0696/PHZ51
W10004_0697/PHZ51.TXH1.2020,W10004_0697/PHZ51
W10004_0701/PHZ51.TXH1.2020,W10004_0701/PHZ51
W10004_0702/PHZ51.TXH1.2020,W10004_0702/PHZ51
W10004_0705/PHZ51.TXH1.2020,W10004_0705/PHZ51
W10004_0712/PHZ51.TXH1.2020,W10004_0712/PHZ51
W10004_0713/PHZ51.TXH1.2020,W10004_0713/PHZ51
W10004_0714/PHZ51.TXH1.2020,W10004_0714/PHZ51
W10004_0729/PHZ51.TXH1.2020,W10004_0729/PHZ51
W10004_0736/PHZ51.TXH1.2020,W10004_0736/PHZ51
W10004_0741/PHZ51.TXH1.2020,W10004_0741/PHZ51
W10004_0745/PHZ51.TXH1.2020,W10004_0745/PHZ51
W10004_0746/PHZ51.TXH1.2020,W10004_0746/PHZ51
W10004_0756/PHZ51.TXH1.2020,W10004_0756/PHZ51
W10004_0757/PHZ51.TXH1.2020,W10004_0757/PHZ51
W10004_0768/PHZ51.TXH1.2020,W10004_0768/PHZ51
W10004_0774/PHZ51.TXH1.2020,W10004_0774/PHZ51
W10004_0775/PHZ51.TXH1.2020,W10004_0775/PHZ51
W10004_0779/PHZ51.TXH1.2020,W10004_0779/PHZ51
W10004_0781/PHZ51.TXH1.2020,W10004_0781/PHZ51
W10004_0782/PHZ51.TXH1.2020,W10004_0782/PHZ51
W10004_0789/PHZ51.TXH1.2020,W10004_0789/PHZ51
W10004_0794/PHZ51.TXH1.2020,W10004_0794/PHZ51
W10004_0798/PHZ51.TXH1.2020,W10004_0798/PHZ51
W10004_0799/PHZ51.TXH1.2020,W10004_0799/PHZ51
W10004_0801/PHZ51.TXH1.2020,W10004_0801/PHZ51
W10004_0802/PHZ51.TXH1.2020,W10004_0802/PHZ51
W10004_0803/PHZ51.TXH1.2020,W10004_0803/PHZ51
W10004_0806/PHZ51.TXH1.2020,W10004_0806/PHZ51
W10004_0807/PHZ51.TXH1.2020,W10004_0807/PHZ51
W10004_0812/PHZ51.TXH1.2020,W10004_0812/PHZ51
W10004_0814/PHZ51.TXH1.2020,W10004_0814/PHZ51
W10004_0815/PHZ51.TXH1.2020,W10004_0815/PHZ51
W10004_0818/PHZ51.TXH1.2020,W10004_0818/PHZ51
W10004_0820/PHZ51.TXH1.2020,W10004_0820/PHZ51
W10004_0823/PHZ51.TXH1.2020,W10004_0823/PHZ51
W10004_0827/PHZ51.TXH1.2020,W10004_0827/PHZ51
W10004_0828/PHZ51.TXH1.2020,W10004_0828/PHZ51
W10004_0832/PHZ51.TXH1.2020,W10004_0832/PHZ51
W10004_0833/PHZ51.TXH1.2020,W10004_0833/PHZ51
W10004_0834/PHZ51.TXH1.2020,W10004_0834/PHZ51
W10004_0836/PHZ51.TXH1.2020,W10004_0836/PHZ51
W10004_0842/PHZ51.TXH1.2020,W10004_0842/PHZ51
W10004_0848/PHZ51.TXH1.2020,W10004_0848/PHZ51
W10004_0859/PHZ51.TXH1.2020,W10004_0859/PHZ51
W10004_0866/PHZ51.TXH1.2020,W10004_0866/PHZ51
W10004_0868/PHZ51.TXH1.2020,W10004_0868/PHZ51
W10004_0869/PHZ51.TXH1.2020,W10004_0869/PHZ51
W10004_0877/PHZ51.TXH1.2020,W10004_0877/PHZ51
W10004_0884/PHZ51.TXH1.2020,W10004_0884/PHZ51
W10004_0885/PHZ51.TXH1.2020,W10004_0885/PHZ51
W10004_0891/PHZ51.TXH1.2020,W10004_0891/PHZ51
W10004_0896/PHZ51.TXH1.2020,W10004_0896/PHZ51
W10004_0900/PHZ51.TXH1.2020,W10004_0900/PHZ51
W10004_0907/PHZ51.TXH1.2020,W10004_0907/PHZ51
W10004_0913/PHZ51.TXH1.2020,W10004_0913/PHZ51
W10004_0916/PHZ51.TXH1.2020,W10004_0916/PHZ51
W10004_0928/PHZ51.TXH1.2020,W10004_0928/PHZ51
W10004_0932/PHZ51.TXH1.2020,W10004_0932/PHZ51
W10004_0940/PHZ51.TXH1.2020,W10004_0940/PHZ51
W10004_0949/PHZ51.TXH1.2020,W10004_0949/PHZ51
W10004_0950/PHZ51.TXH1.2020,W10004_0950/PHZ51
W10004_0955/PHZ51.TXH1.2020,W10004_0955/PHZ51
W10004_0956/PHZ51.TXH1.2020,W10004_0956/PHZ51
W10004_0965/PHZ51.TXH1.2020,W10004_0965/PHZ51
W10004_0966/PHZ51.TXH1.2020,W10004_0966/PHZ51
W10004_0974/PHZ51.TXH1.2020,W10004_0974/PHZ51
W10004_0975/PHZ51.TXH1.2020,W10004_0975/PHZ51
W10004_0981/PHZ51.TXH1.2020,W10004_0981/PHZ51
W10004_0982/PHZ51.TXH1.2020,W10004_0982/PHZ51
W10004_0984/PHZ51.TXH1.2020,W10004_0984/PHZ51
W10004_1000/PHZ51.TXH1.2020,W10004_1000/PHZ51
W10004_1002/PHZ51.TXH1.2020,W10004_1002/PHZ51
W10004_1004/PHZ51.TXH1.2020,W10004_1004/PHZ51
W10004_1011/PHZ51.TXH1.2020,W10004_1011/PHZ51
W10004_1015/PHZ51.TXH1.2020,W10004_1015/PHZ51
W10004_1018/PHZ51.TXH1.2020,W10004_1018/PHZ51
W10004_1032/PHZ51.TXH1.2020,W10004_1032/PHZ51
W10004_1037/PHZ51.TXH1.2020,W10004_1037/PHZ51
W10004_1045/PHZ51.TXH1.2020,W10004_1045/PHZ51
W10004_1052/PHZ51.TXH1.2020,W10004_1052/PHZ51
W10004_1057/PHZ51.TXH1.2020,W10004_1057/PHZ51
W10004_1072/PHZ51.TXH1.2020,W10004_1072/PHZ51
W10004_1081/PHZ51.TXH1.2020,W10004_1081/PHZ51
W10004_1084/PHZ51.TXH1.2020,W10004_1084/PHZ51
W10004_1099/PHZ51.TXH1.2020,W10004_1099/PHZ51
W10004_1104/PHZ51.TXH1.2020,W10004_1104/PHZ51
W10004_1105/PHZ51.TXH1.2020,W10004_1105/PHZ51
W10004_1112/PHZ51.TXH1.2020,W10004_1112/PHZ51
W10004_1117/PHZ51.TXH1.2020,W10004_1117/PHZ51
W10004_1118/PHZ51.TXH1.2020,W10004_1118/PHZ51
W10004_1140/PHZ51.TXH1.2020,W10004_1140/PHZ51
B14A/H95.TXH1.2021,B14A/H95
B14A/MO17.TXH1.2021,B14A/MO17
B14A/OH43.TXH1.2021,B14A/OH43
B37/H95.TXH1.2021,B37/H95
B37/MO17.TXH1.2021,B37/MO17
B37/OH43.TXH1.2021,B37/OH43
B73/MO17.TXH1.2021,B73/MO17
B73/PHM49.TXH1.2021,B73/PHM49
B73/PHN82.TXH1.2021,B73/PHN82
B73/TX779.TXH1.2021,B73/TX779
CG119/CG108.TXH1.2021,CG119/CG108
CG44/CGR01.TXH1.2021,CG44/CGR01
F42/H95.TXH1.2021,F42/H95
F42/MO17.TXH1.2021,F42/MO17
F42/OH43.TXH1.2021,F42/OH43
LH74/PHN82.TXH1.2021,LH74/PHN82
LH82/TX779.TXH1.2021,LH82/TX779
PB80/TX779.TXH1.2021,PB80/TX779
PHB47/PHN82.TXH1.2021,PHB47/PHN82
PHG39/PHN82.TXH1.2021,PHG39/PHN82
PHW52/PHM49.TXH1.2021,PHW52/PHM49
PHW52/PHN82.TXH1.2021,PHW52/PHN82
TX714/TX779.TXH1.2021,TX714/TX779
TX773/TX779.TXH1.2021,TX773/TX779
TX777/LH195.TXH1.2021,TX777/LH195
TX779/LH195.TXH1.2021,TX779/LH195
W10004_0007/PHZ51.TXH1.2021,W10004_0007/PHZ51
W10004_0011/PHZ51.TXH1.2021,W10004_0011/PHZ51
W10004_0014/PHZ51.TXH1.2021,W10004_0014/PHZ51
W10004_0018/PHZ51.TXH1.2021,W10004_0018/PHZ51
W10004_0026/PHZ51.TXH1.2021,W10004_0026/PHZ51
W10004_0032/PHZ51.TXH1.2021,W10004_0032/PHZ51
W10004_0034/PHZ51.TXH1.2021,W10004_0034/PHZ51
W10004_0037/PHZ51.TXH1.2021,W10004_0037/PHZ51
W10004_0038/PHZ51.TXH1.2021,W10004_0038/PHZ51
W10004_0041/PHZ51.TXH1.2021,W10004_0041/PHZ51
W10004_0045/PHZ51.TXH1.2021,W10004_0045/PHZ51
W10004_0046/PHZ51.TXH1.2021,W10004_0046/PHZ51
W10004_0047/PHZ51.TXH1.2021,W10004_0047/PHZ51
W10004_0053/PHZ51.TXH1.2021,W10004_0053/PHZ51
W10004_0055/PHZ51.TXH1.2021,W10004_0055/PHZ51
W10004_0061/PHZ51.TXH1.2021,W10004_0061/PHZ51
W10004_0062/PHZ51.TXH1.2021,W10004_0062/PHZ51
W10004_0064/PHZ51.TXH1.2021,W10004_0064/PHZ51
W10004_0065/PHZ51.TXH1.2021,W10004_0065/PHZ51
W10004_0068/PHZ51.TXH1.2021,W10004_0068/PHZ51
W10004_0069/PHZ51.TXH1.2021,W10004_0069/PHZ51
W10004_0071/PHZ51.TXH1.2021,W10004_0071/PHZ51
W10004_0072/PHZ51.TXH1.2021,W10004_0072/PHZ51
W10004_0073/PHZ51.TXH1.2021,W10004_0073/PHZ51
W10004_0076/PHZ51.TXH1.2021,W10004_0076/PHZ51
W10004_0080/PHZ51.TXH1.2021,W10004_0080/PHZ51
W10004_0092/PHZ51.TXH1.2021,W10004_0092/PHZ51
W10004_0093/PHZ51.TXH1.2021,W10004_0093/PHZ51
W10004_0095/PHZ51.TXH1.2021,W10004_0095/PHZ51
W10004_0097/PHZ51.TXH1.2021,W10004_0097/PHZ51
W10004_0099/PHZ51.TXH1.2021,W10004_0099/PHZ51
W10004_0103/PHZ51.TXH1.2021,W10004_0103/PHZ51
W10004_0112/PHZ51.TXH1.2021,W10004_0112/PHZ51
W10004_0118/PHZ51.TXH1.2021,W10004_0118/PHZ51
W10004_0119/PHZ51.TXH1.2021,W10004_0119/PHZ51
W10004_0127/PHZ51.TXH1.2021,W10004_0127/PHZ51
W10004_0129/PHZ51.TXH1.2021,W10004_0129/PHZ51
W10004_0132/PHZ51.TXH1.2021,W10004_0132/PHZ51
W10004_0134/PHZ51.TXH1.2021,W10004_0134/PHZ51
W10004_0138/PHZ51.TXH1.2021,W10004_0138/PHZ51
W10004_0140/PHZ51.TXH1.2021,W10004_0140/PHZ51
W10004_0146/PHZ51.TXH1.2021,W10004_0146/PHZ51
W10004_0147/PHZ51.TXH1.2021,W10004_0147/PHZ51
W10004_0148/PHZ51.TXH1.2021,W10004_0148/PHZ51
W10004_0150/PHZ51.TXH1.2021,W10004_0150/PHZ51
W10004_0152/PHZ51.TXH1.2021,W10004_0152/PHZ51
W10004_0153/PHZ51.TXH1.2021,W10004_0153/PHZ51
W10004_0160/PHZ51.TXH1.2021,W10004_0160/PHZ51
W10004_0166/PHZ51.TXH1.2021,W10004_0166/PHZ51
W10004_0168/PHZ51.TXH1.2021,W10004_0168/PHZ51
W10004_0185/PHZ51.TXH1.2021,W10004_0185/PHZ51
W10004_0190/PHZ51.TXH1.2021,W10004_0190/PHZ51
W10004_0192/PHZ51.TXH1.2021,W10004_0192/PHZ51
W10004_0197/PHZ51.TXH1.2021,W10004_0197/PHZ51
W10004_0199/PHZ51.TXH1.2021,W10004_0199/PHZ51
W10004_0200/PHZ51.TXH1.2021,W10004_0200/PHZ51
W10004_0203/PHZ51.TXH1.2021,W10004_0203/PHZ51
W10004_0204/PHZ51.TXH1.2021,W10004_0204/PHZ51
W10004_0206/PHZ51.TXH1.2021,W10004_0206/PHZ51
W10004_0212/PHZ51.TXH1.2021,W10004_0212/PHZ51
W10004_0213/PHZ51.TXH1.2021,W10004_0213/PHZ51
W10004_0217/PHZ51.TXH1.2021,W10004_0217/PHZ51
W10004_0220/PHZ51.TXH1.2021,W10004_0220/PHZ51
W10004_0221/PHZ51.TXH1.2021,W10004_0221/PHZ51
W10004_0223/PHZ51.TXH1.2021,W10004_0223/PHZ51
W10004_0224/PHZ51.TXH1.2021,W10004_0224/PHZ51
W10004_0225/PHZ51.TXH1.2021,W10004_0225/PHZ51
W10004_0227/PHZ51.TXH1.2021,W10004_0227/PHZ51
W10004_0231/PHZ51.TXH1.2021,W10004_0231/PHZ51
W10004_0241/PHZ51.TXH1.2021,W10004_0241/PHZ51
W10004_0254/PHZ51.TXH1.2021,W10004_0254/PHZ51
W10004_0258/PHZ51.TXH1.2021,W10004_0258/PHZ51
W10004_0261/PHZ51.TXH1.2021,W10004_0261/PHZ51
W10004_0262/PHZ51.TXH1.2021,W10004_0262/PHZ51
W10004_0264/PHZ51.TXH1.2021,W10004_0264/PHZ51
W10004_0268/PHZ51.TXH1.2021,W10004_0268/PHZ51
W10004_0276/PHZ51.TXH1.2021,W10004_0276/PHZ51
W10004_0292/PHZ51.TXH1.2021,W10004_0292/PHZ51
W10004_0299/PHZ51.TXH1.2021,W10004_0299/PHZ51
W10004_0306/PHZ51.TXH1.2021,W10004_0306/PHZ51
W10004_0308/PHZ51.TXH1.2021,W10004_0308/PHZ51
W10004_0344/PHZ51.TXH1.2021,W10004_0344/PHZ51
W10004_0380/PHZ51.TXH1.2021,W10004_0380/PHZ51
W10004_0381/PHZ51.TXH1.2021,W10004_0381/PHZ51
W10004_0383/PHZ51.TXH1.2021,W10004_0383/PHZ51
W10004_0389/PHZ51.TXH1.2021,W10004_0389/PHZ51
W10004_0403/PHZ51.TXH1.2021,W10004_0403/PHZ51
W10004_0409/PHZ51.TXH1.2021,W10004_0409/PHZ51
W10004_0410/PHZ51.TXH1.2021,W10004_0410/PHZ51
W10004_0419/PHZ51.TXH1.2021,W10004_0419/PHZ51
W10004_0427/PHZ51.TXH1.2021,W10004_0427/PHZ51
W10004_0430/PHZ51.TXH1.2021,W10004_0430/PHZ51
W10004_0465/PHZ51.TXH1.2021,W10004_0465/PHZ51
W10004_0474/PHZ51.TXH1.2021,W10004_0474/PHZ51
W10004_0487/PHZ51.TXH1.2021,W10004_0487/PHZ51
W10004_0498/PHZ51.TXH1.2021,W10004_0498/PHZ51
W10004_0501/PHZ51.TXH1.2021,W10004_0501/PHZ51
W10004_0505/PHZ51.TXH1.2021,W10004_0505/PHZ51
W10004_0601/PHZ51.TXH1.2021,W10004_0601/PHZ51
W10004_0608/PHZ51.TXH1.2021,W10004_0608/PHZ51
W10004_0612/PHZ51.TXH1.2021,W10004_0612/PHZ51
W10004_0614/PHZ51.TXH1.2021,W10004_0614/PHZ51
W10004_0616/PHZ51.TXH1.2021,W10004_0616/PHZ51
W10004_0618/PHZ51.TXH1.2021,W10004_0618/PHZ51
W10004_0619/PHZ51.TXH1.2021,W10004_0619/PHZ51
W10004_0624/PHZ51.TXH1.2021,W10004_0624/PHZ51
W10004_0625/PHZ51.TXH1.2021,W10004_0625/PHZ51
W10004_0626/PHZ51.TXH1.2021,W10004_0626/PHZ51
W10004_0628/PHZ51.TXH1.2021,W10004_0628/PHZ51
W10004_0637/PHZ51.TXH1.2021,W10004_0637/PHZ51
W10004_0639/PHZ51.TXH1.2021,W10004_0639/PHZ51
W10004_0644/PHZ51.TXH1.2021,W10004_0644/PHZ51
W10004_0645/PHZ51.TXH1.2021,W10004_0645/PHZ51
W10004_0646/PHZ51.TXH1.2021,W10004_0646/PHZ51
W10004_0649/PHZ51.TXH1.2021,W10004_0649/PHZ51
W10004_0651/PHZ51.TXH1.2021,W10004_0651/PHZ51
W10004_0654/PHZ51.TXH1.2021,W10004_0654/PHZ51
W10004_0658/PHZ51.TXH1.2021,W10004_0658/PHZ51
W10004_0661/PHZ51.TXH1.2021,W10004_0661/PHZ51
W10004_0667/PHZ51.TXH1.2021,W10004_0667/PHZ51
W10004_0672/PHZ51.TXH1.2021,W10004_0672/PHZ51
W10004_0678/PHZ51.TXH1.2021,W10004_0678/PHZ51
W10004_0682/PHZ51.TXH1.2021,W10004_0682/PHZ51
W10004_0684/PHZ51.TXH1.2021,W10004_0684/PHZ51
W10004_0685/PHZ51.TXH1.2021,W10004_0685/PHZ51
W10004_0687/PHZ51.TXH1.2021,W10004_0687/PHZ51
W10004_0688/PHZ51.TXH1.2021,W10004_0688/PHZ51
W10004_0689/PHZ51.TXH1.2021,W10004_0689/PHZ51
W10004_0696/PHZ51.TXH1.2021,W10004_0696/PHZ51
W10004_0697/PHZ51.TXH1.2021,W10004_0697/PHZ51
W10004_0701/PHZ51.TXH1.2021,W10004_0701/PHZ51
W10004_0702/PHZ51.TXH1.2021,W10004_0702/PHZ51
W10004_0705/PHZ51.TXH1.2021,W10004_0705/PHZ51
W10004_0712/PHZ51.TXH1.2021,W10004_0712/PHZ51
W10004_0713/PHZ51.TXH1.2021,W10004_0713/PHZ51
W10004_0714/PHZ51.TXH1.2021,W10004_0714/PHZ51
W10004_0729/PHZ51.TXH1.2021,W10004_0729/PHZ51
W10004_0736/PHZ51.TXH1.2021,W10004_0736/PHZ51
W10004_0741/PHZ51.TXH1.2021,W10004_0741/PHZ51
W10004_0745/PHZ51.TXH1.2021,W10004_0745/PHZ51
W10004_0746/PHZ51.TXH1.2021,W10004_0746/PHZ51
W10004_0756/PHZ51.TXH1.2021,W10004_0756/PHZ51
W10004_0757/PHZ51.TXH1.2021,W10004_0757/PHZ51
W10004_0768/PHZ51.TXH1.2021,W10004_0768/PHZ51
W10004_0774/PHZ51.TXH1.2021,W10004_0774/PHZ51
W10004_0775/PHZ51.TXH1.2021,W10004_0775/PHZ51
W10004_0779/PHZ51.TXH1.2021,W10004_0779/PHZ51
W10004_0781/PHZ51.TXH1.2021,W10004_0781/PHZ51
W10004_0782/PHZ51.TXH1.2021,W10004_0782/PHZ51
W10004_0789/PHZ51.TXH1.2021,W10004_0789/PHZ51
W10004_0794/PHZ51.TXH1.2021,W10004_0794/PHZ51
W10004_0798/PHZ51.TXH1.2021,W10004_0798/PHZ51
W10004_0799/PHZ51.TXH1.2021,W10004_0799/PHZ51
W10004_0801/PHZ51.TXH1.2021,W10004_0801/PHZ51
W10004_0802/PHZ51.TXH1.2021,W10004_0802/PHZ51
W10004_0803/PHZ51.TXH1.2021,W10004_0803/PHZ51
W10004_0806/PHZ51.TXH1.2021,W10004_0806/PHZ51
W10004_0807/PHZ51.TXH1.2021,W10004_0807/PHZ51
W10004_0812/PHZ51.TXH1.2021,W10004_0812/PHZ51
W10004_0814/PHZ51.TXH1.2021,W10004_0814/PHZ51
W10004_0815/PHZ51.TXH1.2021,W10004_0815/PHZ51
W10004_0818/PHZ51.TXH1.2021,W10004_0818/PHZ51
W10004_0820/PHZ51.TXH1.2021,W10004_0820/PHZ51
W10004_0823/PHZ51.TXH1.2021,W10004_0823/PHZ51
W10004_0827/PHZ51.TXH1.2021,W10004_0827/PHZ51
W10004_0828/PHZ51.TXH1.2021,W10004_0828/PHZ51
W10004_0832/PHZ51.TXH1.2021,W10004_0832/PHZ51
W10004_0833/PHZ51.TXH1.2021,W10004_0833/PHZ51
W10004_0834/PHZ51.TXH1.2021,W10004_0834/PHZ51
W10004_0836/PHZ51.TXH1.2021,W10004_0836/PHZ51
W10004_0842/PHZ51.TXH1.2021,W10004_0842/PHZ51
W10004_0848/PHZ51.TXH1.2021,W10004_0848/PHZ51
W10004_0859/PHZ51.TXH1.2021,W10004_0859/PHZ51
W10004_0866/PHZ51.TXH1.2021,W10004_0866/PHZ51
W10004_0868/PHZ51.TXH1.2021,W10004_0868/PHZ51
W10004_0869/PHZ51.TXH1.2021,W10004_0869/PHZ51
W10004_0877/PHZ51.TXH1.2021,W10004_0877/PHZ51
W10004_0884/PHZ51.TXH1.2021,W10004_0884/PHZ51
W10004_0885/PHZ51.TXH1.2021,W10004_0885/PHZ51
W10004_0891/PHZ51.TXH1.2021,W10004_0891/PHZ51
W10004_0896/PHZ51.TXH1.2021,W10004_0896/PHZ51
W10004_0900/PHZ51.TXH1.2021,W10004_0900/PHZ51
W10004_0907/PHZ51.TXH1.2021,W10004_0907/PHZ51
W10004_0913/PHZ51.TXH1.2021,W10004_0913/PHZ51
W10004_0916/PHZ51.TXH1.2021,W10004_0916/PHZ51
W10004_0928/PHZ51.TXH1.2021,W10004_0928/PHZ51
W10004_0932/PHZ51.TXH1.2021,W10004_0932/PHZ51
W10004_0940/PHZ51.TXH1.2021,W10004_0940/PHZ51
W10004_0949/PHZ51.TXH1.2021,W10004_0949/PHZ51
W10004_0950/PHZ51.TXH1.2021,W10004_0950/PHZ51
W10004_0955/PHZ51.TXH1.2021,W10004_0955/PHZ51
W10004_0956/PHZ51.TXH1.2021,W10004_0956/PHZ51
W10004_0965/PHZ51.TXH1.2021,W10004_0965/PHZ51
W10004_0966/PHZ51.TXH1.2021,W10004_0966/PHZ51
W10004_0974/PHZ51.TXH1.2021,W10004_0974/PHZ51
W10004_0975/PHZ51.TXH1.2021,W10004_0975/PHZ51
W10004_0981/PHZ51.TXH1.2021,W10004_0981/PHZ51
W10004_0982/PHZ51.TXH1.2021,W10004_0982/PHZ51
W10004_0984/PHZ51.TXH1.2021,W10004_0984/PHZ51
W10004_1000/PHZ51.TXH1.2021,W10004_1000/PHZ51
W10004_1002/PHZ51.TXH1.2021,W10004_1002/PHZ51
W10004_1004/PHZ51.TXH1.2021,W10004_1004/PHZ51
W10004_1011/PHZ51.TXH1.2021,W10004_1011/PHZ51
W10004_1015/PHZ51.TXH1.2021,W10004_1015/PHZ51
W10004_1018/PHZ51.TXH1.2021,W10004_1018/PHZ51
W10004_1032/PHZ51.TXH1.2021,W10004_1032/PHZ51
W10004_1037/PHZ51.TXH1.2021,W10004_1037/PHZ51
W10004_1045/PHZ51.TXH1.2021,W10004_1045/PHZ51
W10004_1052/PHZ51.TXH1.2021,W10004_1052/PHZ51
W10004_1057/PHZ51.TXH1.2021,W10004_1057/PHZ51
W10004_1072/PHZ51.TXH1.2021,W10004_1072/PHZ51
W10004_1081/PHZ51.TXH1.2021,W10004_1081/PHZ51
W10004_1084/PHZ51.TXH1.2021,W10004_1084/PHZ51
W10004_1099/PHZ51.TXH1.2021,W10004_1099/PHZ51
W10004_1104/PHZ51.TXH1.2021,W10004_1104/PHZ51
W10004_1105/PHZ51.TXH1.2021,W10004_1105/PHZ51
W10004_1112/PHZ51.TXH1.2021,W10004_1112/PHZ51
W10004_1117/PHZ51.TXH1.2021,W10004_1117/PHZ51
W10004_1118/PHZ51.TXH1.2021,W10004_1118/PHZ51
W10004_1140/PHZ51.TXH1.2021,W10004_1140/PHZ51
B14A/H95.TXH2.2020,B14A/H95
B14A/MO17.TXH2.2020,B14A/MO17
B14A/OH43.TXH2.2020,B14A/OH43
B37/H95.TXH2.2020,B37/H95
B37/MO17.TXH2.2020,B37/MO17
B37/OH43.TXH2.2020,B37/OH43
B73/MO17.TXH2.2020,B73/MO17
B73/PHM49.TXH2.2020,B73/PHM49
B73/PHN82.TXH2.2020,B73/PHN82
B73/TX779.TXH2.2020,B73/TX779
CG119/CG108.TXH2.2020,CG119/CG108
CG44/CGR01.TXH2.2020,CG44/CGR01
F42/H95.TXH2.2020,F42/H95
F42/MO17.TXH2.2020,F42/MO17
F42/OH43.TXH2.2020,F42/OH43
LH132/TX779.TXH2.2020,LH132/TX779
LH74/PHN82.TXH2.2020,LH74/PHN82
LH82/TX779.TXH2.2020,LH82/TX779
PB80/TX779.TXH2.2020,PB80/TX779
PHG39/PHN82.TXH2.2020,PHG39/PHN82
PHW52/PHM49.TXH2.2020,PHW52/PHM49
PHW52/PHN82.TXH2.2020,PHW52/PHN82
TX714/TX779.TXH2.2020,TX714/TX779
TX773/TX779.TXH2.2020,TX773/TX779
TX777/LH195.TXH2.2020,TX777/LH195
TX779/LH195.TXH2.2020,TX779/LH195
W10004_0007/PHZ51.TXH2.2020,W10004_0007/PHZ51
W10004_0011/PHZ51.TXH2.2020,W10004_0011/PHZ51
W10004_0014/PHZ51.TXH2.2020,W10004_0014/PHZ51
W10004_0018/PHZ51.TXH2.2020,W10004_0018/PHZ51
W10004_0026/PHZ51.TXH2.2020,W10004_0026/PHZ51
W10004_0032/PHZ51.TXH2.2020,W10004_0032/PHZ51
W10004_0034/PHZ51.TXH2.2020,W10004_0034/PHZ51
W10004_0037/PHZ51.TXH2.2020,W10004_0037/PHZ51
W10004_0038/PHZ51.TXH2.2020,W10004_0038/PHZ51
W10004_0041/PHZ51.TXH2.2020,W10004_0041/PHZ51
W10004_0045/PHZ51.TXH2.2020,W10004_0045/PHZ51
W10004_0046/PHZ51.TXH2.2020,W10004_0046/PHZ51
W10004_0047/PHZ51.TXH2.2020,W10004_0047/PHZ51
W10004_0053/PHZ51.TXH2.2020,W10004_0053/PHZ51
W10004_0055/PHZ51.TXH2.2020,W10004_0055/PHZ51
W10004_0061/PHZ51.TXH2.2020,W10004_0061/PHZ51
W10004_0062/PHZ51.TXH2.2020,W10004_0062/PHZ51
W10004_0064/PHZ51.TXH2.2020,W10004_0064/PHZ51
W10004_0065/PHZ51.TXH2.2020,W10004_0065/PHZ51
W10004_0068/PHZ51.TXH2.2020,W10004_0068/PHZ51
W10004_0069/PHZ51.TXH2.2020,W10004_0069/PHZ51
W10004_0071/PHZ51.TXH2.2020,W10004_0071/PHZ51
W10004_0072/PHZ51.TXH2.2020,W10004_0072/PHZ51
W10004_0073/PHZ51.TXH2.2020,W10004_0073/PHZ51
W10004_0076/PHZ51.TXH2.2020,W10004_0076/PHZ51
W10004_0080/PHZ51.TXH2.2020,W10004_0080/PHZ51
W10004_0092/PHZ51.TXH2.2020,W10004_0092/PHZ51
W10004_0093/PHZ51.TXH2.2020,W10004_0093/PHZ51
W10004_0095/PHZ51.TXH2.2020,W10004_0095/PHZ51
W10004_0097/PHZ51.TXH2.2020,W10004_0097/PHZ51
W10004_0099/PHZ51.TXH2.2020,W10004_0099/PHZ51
W10004_0103/PHZ51.TXH2.2020,W10004_0103/PHZ51
W10004_0112/PHZ51.TXH2.2020,W10004_0112/PHZ51
W10004_0118/PHZ51.TXH2.2020,W10004_0118/PHZ51
W10004_0119/PHZ51.TXH2.2020,W10004_0119/PHZ51
W10004_0127/PHZ51.TXH2.2020,W10004_0127/PHZ51
W10004_0129/PHZ51.TXH2.2020,W10004_0129/PHZ51
W10004_0132/PHZ51.TXH2.2020,W10004_0132/PHZ51
W10004_0134/PHZ51.TXH2.2020,W10004_0134/PHZ51
W10004_0138/PHZ51.TXH2.2020,W10004_0138/PHZ51
W10004_0140/PHZ51.TXH2.2020,W10004_0140/PHZ51
W10004_0146/PHZ51.TXH2.2020,W10004_0146/PHZ51
W10004_0147/PHZ51.TXH2.2020,W10004_0147/PHZ51
W10004_0148/PHZ51.TXH2.2020,W10004_0148/PHZ51
W10004_0150/PHZ51.TXH2.2020,W10004_0150/PHZ51
W10004_0152/PHZ51.TXH2.2020,W10004_0152/PHZ51
W10004_0153/PHZ51.TXH2.2020,W10004_0153/PHZ51
W10004_0160/PHZ51.TXH2.2020,W10004_0160/PHZ51
W10004_0166/PHZ51.TXH2.2020,W10004_0166/PHZ51
W10004_0168/PHZ51.TXH2.2020,W10004_0168/PHZ51
W10004_0185/PHZ51.TXH2.2020,W10004_0185/PHZ51
W10004_0190/PHZ51.TXH2.2020,W10004_0190/PHZ51
W10004_0192/PHZ51.TXH2.2020,W10004_0192/PHZ51
W10004_0197/PHZ51.TXH2.2020,W10004_0197/PHZ51
W10004_0199/PHZ51.TXH2.2020,W10004_0199/PHZ51
W10004_0200/PHZ51.TXH2.2020,W10004_0200/PHZ51
W10004_0203/PHZ51.TXH2.2020,W10004_0203/PHZ51
W10004_0204/PHZ51.TXH2.2020,W10004_0204/PHZ51
W10004_0206/PHZ51.TXH2.2020,W10004_0206/PHZ51
W10004_0212/PHZ51.TXH2.2020,W10004_0212/PHZ51
W10004_0213/PHZ51.TXH2.2020,W10004_0213/PHZ51
W10004_0217/PHZ51.TXH2.2020,W10004_0217/PHZ51
W10004_0220/PHZ51.TXH2.2020,W10004_0220/PHZ51
W10004_0221/PHZ51.TXH2.2020,W10004_0221/PHZ51
W10004_0223/PHZ51.TXH2.2020,W10004_0223/PHZ51
W10004_0224/PHZ51.TXH2.2020,W10004_0224/PHZ51
W10004_0225/PHZ51.TXH2.2020,W10004_0225/PHZ51
W10004_0227/PHZ51.TXH2.2020,W10004_0227/PHZ51
W10004_0231/PHZ51.TXH2.2020,W10004_0231/PHZ51
W10004_0241/PHZ51.TXH2.2020,W10004_0241/PHZ51
W10004_0254/PHZ51.TXH2.2020,W10004_0254/PHZ51
W10004_0258/PHZ51.TXH2.2020,W10004_0258/PHZ51
W10004_0261/PHZ51.TXH2.2020,W10004_0261/PHZ51
W10004_0262/PHZ51.TXH2.2020,W10004_0262/PHZ51
W10004_0264/PHZ51.TXH2.2020,W10004_0264/PHZ51
W10004_0268/PHZ51.TXH2.2020,W10004_0268/PHZ51
W10004_0276/PHZ51.TXH2.2020,W10004_0276/PHZ51
W10004_0292/PHZ51.TXH2.2020,W10004_0292/PHZ51
W10004_0299/PHZ51.TXH2.2020,W10004_0299/PHZ51
W10004_0306/PHZ51.TXH2.2020,W10004_0306/PHZ51
W10004_0308/PHZ51.TXH2.2020,W10004_0308/PHZ51
W10004_0344/PHZ51.TXH2.2020,W10004_0344/PHZ51
W10004_0380/PHZ51.TXH2.2020,W10004_0380/PHZ51
W10004_0381/PHZ51.TXH2.2020,W10004_0381/PHZ51
W10004_0383/PHZ51.TXH2.2020,W10004_0383/PHZ51
W10004_0389/PHZ51.TXH2.2020,W10004_0389/PHZ51
W10004_0403/PHZ51.TXH2.2020,W10004_0403/PHZ51
W10004_0409/PHZ51.TXH2.2020,W10004_0409/PHZ51
W10004_0410/PHZ51.TXH2.2020,W10004_0410/PHZ51
W10004_0419/PHZ51.TXH2.2020,W10004_0419/PHZ51
W10004_0427/PHZ51.TXH2.2020,W10004_0427/PHZ51
W10004_0430/PHZ51.TXH2.2020,W10004_0430/PHZ51
W10004_0465/PHZ51.TXH2.2020,W10004_0465/PHZ51
W10004_0474/PHZ51.TXH2.2020,W10004_0474/PHZ51
W10004_0487/PHZ51.TXH2.2020,W10004_0487/PHZ51
W10004_0498/PHZ51.TXH2.2020,W10004_0498/PHZ51
W10004_0501/PHZ51.TXH2.2020,W10004_0501/PHZ51
W10004_0505/PHZ51.TXH2.2020,W10004_0505/PHZ51
W10004_0601/PHZ51.TXH2.2020,W10004_0601/PHZ51
W10004_0608/PHZ51.TXH2.2020,W10004_0608/PHZ51
W10004_0612/PHZ51.TXH2.2020,W10004_0612/PHZ51
W10004_0614/PHZ51.TXH2.2020,W10004_0614/PHZ51
W10004_0616/PHZ51.TXH2.2020,W10004_0616/PHZ51
W10004_0618/PHZ51.TXH2.2020,W10004_0618/PHZ51
W10004_0619/PHZ51.TXH2.2020,W10004_0619/PHZ51
W10004_0624/PHZ51.TXH2.2020,W10004_0624/PHZ51
W10004_0625/PHZ51.TXH2.2020,W10004_0625/PHZ51
W10004_0626/PHZ51.TXH2.2020,W10004_0626/PHZ51
W10004_0628/PHZ51.TXH2.2020,W10004_0628/PHZ51
W10004_0637/PHZ51.TXH2.2020,W10004_0637/PHZ51
W10004_0639/PHZ51.TXH2.2020,W10004_0639/PHZ51
W10004_0644/PHZ51.TXH2.2020,W10004_0644/PHZ51
W10004_0645/PHZ51.TXH2.2020,W10004_0645/PHZ51
W10004_0646/PHZ51.TXH2.2020,W10004_0646/PHZ51
W10004_0649/PHZ51.TXH2.2020,W10004_0649/PHZ51
W10004_0651/PHZ51.TXH2.2020,W10004_0651/PHZ51
W10004_0654/PHZ51.TXH2.2020,W10004_0654/PHZ51
W10004_0658/PHZ51.TXH2.2020,W10004_0658/PHZ51
W10004_0661/PHZ51.TXH2.2020,W10004_0661/PHZ51
W10004_0667/PHZ51.TXH2.2020,W10004_0667/PHZ51
W10004_0672/PHZ51.TXH2.2020,W10004_0672/PHZ51
W10004_0678/PHZ51.TXH2.2020,W10004_0678/PHZ51
W10004_0682/PHZ51.TXH2.2020,W10004_0682/PHZ51
W10004_0684/PHZ51.TXH2.2020,W10004_0684/PHZ51
W10004_0685/PHZ51.TXH2.2020,W10004_0685/PHZ51
W10004_0687/PHZ51.TXH2.2020,W10004_0687/PHZ51
W10004_0688/PHZ51.TXH2.2020,W10004_0688/PHZ51
W10004_0689/PHZ51.TXH2.2020,W10004_0689/PHZ51
W10004_0696/PHZ51.TXH2.2020,W10004_0696/PHZ51
W10004_0697/PHZ51.TXH2.2020,W10004_0697/PHZ51
W10004_0701/PHZ51.TXH2.2020,W10004_0701/PHZ51
W10004_0702/PHZ51.TXH2.2020,W10004_0702/PHZ51
W10004_0705/PHZ51.TXH2.2020,W10004_0705/PHZ51
W10004_0712/PHZ51.TXH2.2020,W10004_0712/PHZ51
W10004_0713/PHZ51.TXH2.2020,W10004_0713/PHZ51
W10004_0714/PHZ51.TXH2.2020,W10004_0714/PHZ51
W10004_0729/PHZ51.TXH2.2020,W10004_0729/PHZ51
W10004_0736/PHZ51.TXH2.2020,W10004_0736/PHZ51
W10004_0741/PHZ51.TXH2.2020,W10004_0741/PHZ51
W10004_0745/PHZ51.TXH2.2020,W10004_0745/PHZ51
W10004_0746/PHZ51.TXH2.2020,W10004_0746/PHZ51
W10004_0756/PHZ51.TXH2.2020,W10004_0756/PHZ51
W10004_0757/PHZ51.TXH2.2020,W10004_0757/PHZ51
W10004_0768/PHZ51.TXH2.2020,W10004_0768/PHZ51
W10004_0774/PHZ51.TXH2.2020,W10004_0774/PHZ51
W10004_0775/PHZ51.TXH2.2020,W10004_0775/PHZ51
W10004_0779/PHZ51.TXH2.2020,W10004_0779/PHZ51
W10004_0781/PHZ51.TXH2.2020,W10004_0781/PHZ51
W10004_0782/PHZ51.TXH2.2020,W10004_0782/PHZ51
W10004_0789/PHZ51.TXH2.2020,W10004_0789/PHZ51
W10004_0794/PHZ51.TXH2.2020,W10004_0794/PHZ51
W10004_0798/PHZ51.TXH2.2020,W10004_0798/PHZ51
W10004_0799/PHZ51.TXH2.2020,W10004_0799/PHZ51
W10004_0801/PHZ51.TXH2.2020,W10004_0801/PHZ51
W10004_0802/PHZ51.TXH2.2020,W10004_0802/PHZ51
W10004_0803/PHZ51.TXH2.2020,W10004_0803/PHZ51
W10004_0806/PHZ51.TXH2.2020,W10004_0806/PHZ51
W10004_0807/PHZ51.TXH2.2020,W10004_0807/PHZ51
W10004_0812/PHZ51.TXH2.2020,W10004_0812/PHZ51
W10004_0814/PHZ51.TXH2.2020,W10004_0814/PHZ51
W10004_0815/PHZ51.TXH2.2020,W10004_0815/PHZ51
W10004_0818/PHZ51.TXH2.2020,W10004_0818/PHZ51
W10004_0820/PHZ51.TXH2.2020,W10004_0820/PHZ51
W10004_0823/PHZ51.TXH2.2020,W10004_0823/PHZ51
W10004_0827/PHZ51.TXH2.2020,W10004_0827/PHZ51
W10004_0828/PHZ51.TXH2.2020,W10004_0828/PHZ51
W10004_0832/PHZ51.TXH2.2020,W10004_0832/PHZ51
W10004_0833/PHZ51.TXH2.2020,W10004_0833/PHZ51
W10004_0834/PHZ51.TXH2.2020,W10004_0834/PHZ51
W10004_0836/PHZ51.TXH2.2020,W10004_0836/PHZ51
W10004_0842/PHZ51.TXH2.2020,W10004_0842/PHZ51
W10004_0848/PHZ51.TXH2.2020,W10004_0848/PHZ51
W10004_0859/PHZ51.TXH2.2020,W10004_0859/PHZ51
W10004_0866/PHZ51.TXH2.2020,W10004_0866/PHZ51
W10004_0868/PHZ51.TXH2.2020,W10004_0868/PHZ51
W10004_0869/PHZ51.TXH2.2020,W10004_0869/PHZ51
W10004_0877/PHZ51.TXH2.2020,W10004_0877/PHZ51
W10004_0884/PHZ51.TXH2.2020,W10004_0884/PHZ51
W10004_0885/PHZ51.TXH2.2020,W10004_0885/PHZ51
W10004_0891/PHZ51.TXH2.2020,W10004_0891/PHZ51
W10004_0896/PHZ51.TXH2.2020,W10004_0896/PHZ51
W10004_0900/PHZ51.TXH2.2020,W10004_0900/PHZ51
W10004_0907/PHZ51.TXH2.2020,W10004_0907/PHZ51
W10004_0913/PHZ51.TXH2.2020,W10004_0913/PHZ51
W10004_0916/PHZ51.TXH2.2020,W10004_0916/PHZ51
W10004_0928/PHZ51.TXH2.2020,W10004_0928/PHZ51
W10004_0932/PHZ51.TXH2.2020,W10004_0932/PHZ51
W10004_0940/PHZ51.TXH2.2020,W10004_0940/PHZ51
W10004_0949/PHZ51.TXH2.2020,W10004_0949/PHZ51
W10004_0950/PHZ51.TXH2.2020,W10004_0950/PHZ51
W10004_0955/PHZ51.TXH2.2020,W10004_0955/PHZ51
W10004_0956/PHZ51.TXH2.2020,W10004_0956/PHZ51
W10004_0965/PHZ51.TXH2.2020,W10004_0965/PHZ51
W10004_0966/PHZ51.TXH2.2020,W10004_0966/PHZ51
W10004_0974/PHZ51.TXH2.2020,W10004_0974/PHZ51
W10004_0975/PHZ51.TXH2.2020,W10004_0975/PHZ51
W10004_0981/PHZ51.TXH2.2020,W10004_0981/PHZ51
W10004_0982/PHZ51.TXH2.2020,W10004_0982/PHZ51
W10004_0984/PHZ51.TXH2.2020,W10004_0984/PHZ51
W10004_1000/PHZ51.TXH2.2020,W10004_1000/PHZ51
W10004_1002/PHZ51.TXH2.2020,W10004_1002/PHZ51
W10004_1004/PHZ51.TXH2.2020,W10004_1004/PHZ51
W10004_1011/PHZ51.TXH2.2020,W10004_1011/PHZ51
W10004_1015/PHZ51.TXH2.2020,W10004_1015/PHZ51
W10004_1018/PHZ51.TXH2.2020,W10004_1018/PHZ51
W10004_1032/PHZ51.TXH2.2020,W10004_1032/PHZ51
W10004_1037/PHZ51.TXH2.2020,W10004_1037/PHZ51
W10004_1045/PHZ51.TXH2.2020,W10004_1045/PHZ51
W10004_1052/PHZ51.TXH2.2020,W10004_1052/PHZ51
W10004_1057/PHZ51.TXH2.2020,W10004_1057/PHZ51
W10004_1072/PHZ51.TXH2.2020,W10004_1072/PHZ51
W10004_1081/PHZ51.TXH2.2020,W10004_1081/PHZ51
W10004_1084/PHZ51.TXH2.2020,W10004_1084/PHZ51
W10004_1099/PHZ51.TXH2.2020,W10004_1099/PHZ51
W10004_1104/PHZ51.TXH2.2020,W10004_1104/PHZ51
W10004_1105/PHZ51.TXH2.2020,W10004_1105/PHZ51
W10004_1112/PHZ51.TXH2.2020,W10004_1112/PHZ51
W10004_1117/PHZ51.TXH2.2020,W10004_1117/PHZ51
W10004_1118/PHZ51.TXH2.2020,W10004_1118/PHZ51
W10004_1140/PHZ51.TXH2.2020,W10004_1140/PHZ51
B14A/H95.TXH2.2021,B14A/H95
B14A/MO17.TXH2.2021,B14A/MO17
B14A/OH43.TXH2.2021,B14A/OH43
B37/H95.TXH2.2021,B37/H95
B37/MO17.TXH2.2021,B37/MO17
B37/OH43.TXH2.2021,B37/OH43
B73/MO17.TXH2.2021,B73/MO17
B73/PHM49.TXH2.2021,B73/PHM49
B73/PHN82.TXH2.2021,B73/PHN82
B73/TX779.TXH2.2021,B73/TX779
CG119/CG108.TXH2.2021,CG119/CG108
CG44/CGR01.TXH2.2021,CG44/CGR01
F42/H95.TXH2.2021,F42/H95
F42/MO17.TXH2.2021,F42/MO17
F42/OH43.TXH2.2021,F42/OH43
LH74/PHN82.TXH2.2021,LH74/PHN82
LH82/TX779.TXH2.2021,LH82/TX779
PB80/TX779.TXH2.2021,PB80/TX779
PHB47/PHN82.TXH2.2021,PHB47/PHN82
PHG39/PHN82.TXH2.2021,PHG39/PHN82
PHW52/PHM49.TXH2.2021,PHW52/PHM49
PHW52/PHN82.TXH2.2021,PHW52/PHN82
TX714/TX779.TXH2.2021,TX714/TX779
TX773/TX779.TXH2.2021,TX773/TX779
TX777/LH195.TXH2.2021,TX777/LH195
TX779/LH195.TXH2.2021,TX779/LH195
W10004_0007/PHZ51.TXH2.2021,W10004_0007/PHZ51
W10004_0011/PHZ51.TXH2.2021,W10004_0011/PHZ51
W10004_0014/PHZ51.TXH2.2021,W10004_0014/PHZ51
W10004_0018/PHZ51.TXH2.2021,W10004_0018/PHZ51
W10004_0026/PHZ51.TXH2.2021,W10004_0026/PHZ51
W10004_0032/PHZ51.TXH2.2021,W10004_0032/PHZ51
W10004_0034/PHZ51.TXH2.2021,W10004_0034/PHZ51
W10004_0037/PHZ51.TXH2.2021,W10004_0037/PHZ51
W10004_0038/PHZ51.TXH2.2021,W10004_0038/PHZ51
W10004_0041/PHZ51.TXH2.2021,W10004_0041/PHZ51
W10004_0045/PHZ51.TXH2.2021,W10004_0045/PHZ51
W10004_0046/PHZ51.TXH2.2021,W10004_0046/PHZ51
W10004_0047/PHZ51.TXH2.2021,W10004_0047/PHZ51
W10004_0053/PHZ51.TXH2.2021,W10004_0053/PHZ51
W10004_0055/PHZ51.TXH2.2021,W10004_0055/PHZ51
W10004_0061/PHZ51.TXH2.2021,W10004_0061/PHZ51
W10004_0062/PHZ51.TXH2.2021,W10004_0062/PHZ51
W10004_0064/PHZ51.TXH2.2021,W10004_0064/PHZ51
W10004_0065/PHZ51.TXH2.2021,W10004_0065/PHZ51
W10004_0068/PHZ51.TXH2.2021,W10004_0068/PHZ51
W10004_0069/PHZ51.TXH2.2021,W10004_0069/PHZ51
W10004_0071/PHZ51.TXH2.2021,W10004_0071/PHZ51
W10004_0072/PHZ51.TXH2.2021,W10004_0072/PHZ51
W10004_0073/PHZ51.TXH2.2021,W10004_0073/PHZ51
W10004_0076/PHZ51.TXH2.2021,W10004_0076/PHZ51
W10004_0080/PHZ51.TXH2.2021,W10004_0080/PHZ51
W10004_0092/PHZ51.TXH2.2021,W10004_0092/PHZ51
W10004_0093/PHZ51.TXH2.2021,W10004_0093/PHZ51
W10004_0095/PHZ51.TXH2.2021,W10004_0095/PHZ51
W10004_0097/PHZ51.TXH2.2021,W10004_0097/PHZ51
W10004_0099/PHZ51.TXH2.2021,W10004_0099/PHZ51
W10004_0103/PHZ51.TXH2.2021,W10004_0103/PHZ51
W10004_0112/PHZ51.TXH2.2021,W10004_0112/PHZ51
W10004_0118/PHZ51.TXH2.2021,W10004_0118/PHZ51
W10004_0119/PHZ51.TXH2.2021,W10004_0119/PHZ51
W10004_0127/PHZ51.TXH2.2021,W10004_0127/PHZ51
W10004_0129/PHZ51.TXH2.2021,W10004_0129/PHZ51
W10004_0132/PHZ51.TXH2.2021,W10004_0132/PHZ51
W10004_0134/PHZ51.TXH2.2021,W10004_0134/PHZ51
W10004_0138/PHZ51.TXH2.2021,W10004_0138/PHZ51
W10004_0140/PHZ51.TXH2.2021,W10004_0140/PHZ51
W10004_0146/PHZ51.TXH2.2021,W10004_0146/PHZ51
W10004_0147/PHZ51.TXH2.2021,W10004_0147/PHZ51
W10004_0148/PHZ51.TXH2.2021,W10004_0148/PHZ51
W10004_0150/PHZ51.TXH2.2021,W10004_0150/PHZ51
W10004_0152/PHZ51.TXH2.2021,W10004_0152/PHZ51
W10004_0153/PHZ51.TXH2.2021,W10004_0153/PHZ51
W10004_0160/PHZ51.TXH2.2021,W10004_0160/PHZ51
W10004_0166/PHZ51.TXH2.2021,W10004_0166/PHZ51
W10004_0168/PHZ51.TXH2.2021,W10004_0168/PHZ51
W10004_0185/PHZ51.TXH2.2021,W10004_0185/PHZ51
W10004_0190/PHZ51.TXH2.2021,W10004_0190/PHZ51
W10004_0192/PHZ51.TXH2.2021,W10004_0192/PHZ51
W10004_0197/PHZ51.TXH2.2021,W10004_0197/PHZ51
W10004_0199/PHZ51.TXH2.2021,W10004_0199/PHZ51
W10004_0200/PHZ51.TXH2.2021,W10004_0200/PHZ51
W10004_0203/PHZ51.TXH2.2021,W10004_0203/PHZ51
W10004_0204/PHZ51.TXH2.2021,W10004_0204/PHZ51
W10004_0206/PHZ51.TXH2.2021,W10004_0206/PHZ51
W10004_0212/PHZ51.TXH2.2021,W10004_0212/PHZ51
W10004_0213/PHZ51.TXH2.2021,W10004_0213/PHZ51
W10004_0217/PHZ51.TXH2.2021,W10004_0217/PHZ51
W10004_0220/PHZ51.TXH2.2021,W10004_0220/PHZ51
W10004_0221/PHZ51.TXH2.2021,W10004_0221/PHZ51
W10004_0223/PHZ51.TXH2.2021,W10004_0223/PHZ51
W10004_0224/PHZ51.TXH2.2021,W10004_0224/PHZ51
W10004_0225/PHZ51.TXH2.2021,W10004_0225/PHZ51
W10004_0227/PHZ51.TXH2.2021,W10004_0227/PHZ51
W10004_0231/PHZ51.TXH2.2021,W10004_0231/PHZ51
W10004_0241/PHZ51.TXH2.2021,W10004_0241/PHZ51
W10004_0254/PHZ51.TXH2.2021,W10004_0254/PHZ51
W10004_0258/PHZ51.TXH2.2021,W10004_0258/PHZ51
W10004_0261/PHZ51.TXH2.2021,W10004_0261/PHZ51
W10004_0262/PHZ51.TXH2.2021,W10004_0262/PHZ51
W10004_0264/PHZ51.TXH2.2021,W10004_0264/PHZ51
W10004_0268/PHZ51.TXH2.2021,W10004_0268/PHZ51
W10004_0276/PHZ51.TXH2.2021,W10004_0276/PHZ51
W10004_0292/PHZ51.TXH2.2021,W10004_0292/PHZ51
W10004_0299/PHZ51.TXH2.2021,W10004_0299/PHZ51
W10004_0306/PHZ51.TXH2.2021,W10004_0306/PHZ51
W10004_0308/PHZ51.TXH2.2021,W10004_0308/PHZ51
W10004_0344/PHZ51.TXH2.2021,W10004_0344/PHZ51
W10004_0380/PHZ51.TXH2.2021,W10004_0380/PHZ51
W10004_0381/PHZ51.TXH2.2021,W10004_0381/PHZ51
W10004_0383/PHZ51.TXH2.2021,W10004_0383/PHZ51
W10004_0389/PHZ51.TXH2.2021,W10004_0389/PHZ51
W10004_0403/PHZ51.TXH2.2021,W10004_0403/PHZ51
W10004_0409/PHZ51.TXH2.2021,W10004_0409/PHZ51
W10004_0410/PHZ51.TXH2.2021,W10004_0410/PHZ51
W10004_0419/PHZ51.TXH2.2021,W10004_0419/PHZ51
W10004_0427/PHZ51.TXH2.2021,W10004_0427/PHZ51
W10004_0430/PHZ51.TXH2.2021,W10004_0430/PHZ51
W10004_0465/PHZ51.TXH2.2021,W10004_0465/PHZ51
W10004_0474/PHZ51.TXH2.2021,W10004_0474/PHZ51
W10004_0487/PHZ51.TXH2.2021,W10004_0487/PHZ51
W10004_0498/PHZ51.TXH2.2021,W10004_0498/PHZ51
W10004_0501/PHZ51.TXH2.2021,W10004_0501/PHZ51
W10004_0505/PHZ51.TXH2.2021,W10004_0505/PHZ51
W10004_0601/PHZ51.TXH2.2021,W10004_0601/PHZ51
W10004_0608/PHZ51.TXH2.2021,W10004_0608/PHZ51
W10004_0612/PHZ51.TXH2.2021,W10004_0612/PHZ51
W10004_0614/PHZ51.TXH2.2021,W10004_0614/PHZ51
W10004_0616/PHZ51.TXH2.2021,W10004_0616/PHZ51
W10004_0618/PHZ51.TXH2.2021,W10004_0618/PHZ51
W10004_0619/PHZ51.TXH2.2021,W10004_0619/PHZ51
W10004_0624/PHZ51.TXH2.2021,W10004_0624/PHZ51
W10004_0625/PHZ51.TXH2.2021,W10004_0625/PHZ51
W10004_0626/PHZ51.TXH2.2021,W10004_0626/PHZ51
W10004_0628/PHZ51.TXH2.2021,W10004_0628/PHZ51
W10004_0637/PHZ51.TXH2.2021,W10004_0637/PHZ51
W10004_0639/PHZ51.TXH2.2021,W10004_0639/PHZ51
W10004_0644/PHZ51.TXH2.2021,W10004_0644/PHZ51
W10004_0645/PHZ51.TXH2.2021,W10004_0645/PHZ51
W10004_0646/PHZ51.TXH2.2021,W10004_0646/PHZ51
W10004_0649/PHZ51.TXH2.2021,W10004_0649/PHZ51
W10004_0651/PHZ51.TXH2.2021,W10004_0651/PHZ51
W10004_0654/PHZ51.TXH2.2021,W10004_0654/PHZ51
W10004_0658/PHZ51.TXH2.2021,W10004_0658/PHZ51
W10004_0661/PHZ51.TXH2.2021,W10004_0661/PHZ51
W10004_0667/PHZ51.TXH2.2021,W10004_0667/PHZ51
W10004_0672/PHZ51.TXH2.2021,W10004_0672/PHZ51
W10004_0678/PHZ51.TXH2.2021,W10004_0678/PHZ51
W10004_0682/PHZ51.TXH2.2021,W10004_0682/PHZ51
W10004_0684/PHZ51.TXH2.2021,W10004_0684/PHZ51
W10004_0685/PHZ51.TXH2.2021,W10004_0685/PHZ51
W10004_0687/PHZ51.TXH2.2021,W10004_0687/PHZ51
W10004_0688/PHZ51.TXH2.2021,W10004_0688/PHZ51
W10004_0689/PHZ51.TXH2.2021,W10004_0689/PHZ51
W10004_0696/PHZ51.TXH2.2021,W10004_0696/PHZ51
W10004_0697/PHZ51.TXH2.2021,W10004_0697/PHZ51
W10004_0701/PHZ51.TXH2.2021,W10004_0701/PHZ51
W10004_0702/PHZ51.TXH2.2021,W10004_0702/PHZ51
W10004_0705/PHZ51.TXH2.2021,W10004_0705/PHZ51
W10004_0712/PHZ51.TXH2.2021,W10004_0712/PHZ51
W10004_0713/PHZ51.TXH2.2021,W10004_0713/PHZ51
W10004_0714/PHZ51.TXH2.2021,W10004_0714/PHZ51
W10004_0729/PHZ51.TXH2.2021,W10004_0729/PHZ51
W10004_0736/PHZ51.TXH2.2021,W10004_0736/PHZ51
W10004_0741/PHZ51.TXH2.2021,W10004_0741/PHZ51
W10004_0745/PHZ51.TXH2.2021,W10004_0745/PHZ51
W10004_0746/PHZ51.TXH2.2021,W10004_0746/PHZ51
W10004_0756/PHZ51.TXH2.2021,W10004_0756/PHZ51
W10004_0757/PHZ51.TXH2.2021,W10004_0757/PHZ51
W10004_0768/PHZ51.TXH2.2021,W10004_0768/PHZ51
W10004_0774/PHZ51.TXH2.2021,W10004_0774/PHZ51
W10004_0775/PHZ51.TXH2.2021,W10004_0775/PHZ51
W10004_0779/PHZ51.TXH2.2021,W10004_0779/PHZ51
W10004_0781/PHZ51.TXH2.2021,W10004_0781/PHZ51
W10004_0782/PHZ51.TXH2.2021,W10004_0782/PHZ51
W10004_0789/PHZ51.TXH2.2021,W10004_0789/PHZ51
W10004_0794/PHZ51.TXH2.2021,W10004_0794/PHZ51
W10004_0798/PHZ51.TXH2.2021,W10004_0798/PHZ51
W10004_0799/PHZ51.TXH2.2021,W10004_0799/PHZ51
W10004_0801/PHZ51.TXH2.2021,W10004_0801/PHZ51
W10004_0802/PHZ51.TXH2.2021,W10004_0802/PHZ51
W10004_0803/PHZ51.TXH2.2021,W10004_0803/PHZ51
W10004_0806/PHZ51.TXH2.2021,W10004_0806/PHZ51
W10004_0807/PHZ51.TXH2.2021,W10004_0807/PHZ51
W10004_0812/PHZ51.TXH2.2021,W10004_0812/PHZ51
W10004_0814/PHZ51.TXH2.2021,W10004_0814/PHZ51
W10004_0815/PHZ51.TXH2.2021,W10004_0815/PHZ51
W10004_0818/PHZ51.TXH2.2021,W10004_0818/PHZ51
W10004_0820/PHZ51.TXH2.2021,W10004_0820/PHZ51
W10004_0823/PHZ51.TXH2.2021,W10004_0823/PHZ51
W10004_0827/PHZ51.TXH2.2021,W10004_0827/PHZ51
W10004_0828/PHZ51.TXH2.2021,W10004_0828/PHZ51
W10004_0832/PHZ51.TXH2.2021,W10004_0832/PHZ51
W10004_0833/PHZ51.TXH2.2021,W10004_0833/PHZ51
W10004_0834/PHZ51.TXH2.2021,W10004_0834/PHZ51
W10004_0836/PHZ51.TXH2.2021,W10004_0836/PHZ51
W10004_0842/PHZ51.TXH2.2021,W10004_0842/PHZ51
W10004_0848/PHZ51.TXH2.2021,W10004_0848/PHZ51
W10004_0859/PHZ51.TXH2.2021,W10004_0859/PHZ51
W10004_0866/PHZ51.TXH2.2021,W10004_0866/PHZ51
W10004_0868/PHZ51.TXH2.2021,W10004_0868/PHZ51
W10004_0869/PHZ51.TXH2.2021,W10004_0869/PHZ51
W10004_0877/PHZ51.TXH2.2021,W10004_0877/PHZ51
W10004_0884/PHZ51.TXH2.2021,W10004_0884/PHZ51
W10004_0885/PHZ51.TXH2.2021,W10004_0885/PHZ51
W10004_0891/PHZ51.TXH2.2021,W10004_0891/PHZ51
W10004_0896/PHZ51.TXH2.2021,W10004_0896/PHZ51
W10004_0900/PHZ51.TXH2.2021,W10004_0900/PHZ51
W10004_0907/PHZ51.TXH2.2021,W10004_0907/PHZ51
W10004_0913/PHZ51.TXH2.2021,W10004_0913/PHZ51
W10004_0916/PHZ51.TXH2.2021,W10004_0916/PHZ51
W10004_0928/PHZ51.TXH2.2021,W10004_0928/PHZ51
W10004_0932/PHZ51.TXH2.2021,W10004_0932/PHZ51
W10004_0940/PHZ51.TXH2.2021,W10004_0940/PHZ51
W10004_0949/PHZ51.TXH2.2021,W10004_0949/PHZ51
W10004_0950/PHZ51.TXH2.2021,W10004_0950/PHZ51
W10004_0955/PHZ51.TXH2.2021,W10004_0955/PHZ51
W10004_0956/PHZ51.TXH2.2021,W10004_0956/PHZ51
W10004_0965/PHZ51.TXH2.2021,W10004_0965/PHZ51
W10004_0966/PHZ51.TXH2.2021,W10004_0966/PHZ51
W10004_0974/PHZ51.TXH2.2021,W10004_0974/PHZ51
W10004_0975/PHZ51.TXH2.2021,W10004_0975/PHZ51
W10004_0981/PHZ51.TXH2.2021,W10004_0981/PHZ51
W10004_0982/PHZ51.TXH2.2021,W10004_0982/PHZ51
W10004_0984/PHZ51.TXH2.2021,W10004_0984/PHZ51
W10004_1000/PHZ51.TXH2.2021,W10004_1000/PHZ51
W10004_1002/PHZ51.TXH2.2021,W10004_1002/PHZ51
W10004_1004/PHZ51.TXH2.2021,W10004_1004/PHZ51
W10004_1011/PHZ51.TXH2.2021,W10004_1011/PHZ51
W10004_1015/PHZ51.TXH2.2021,W10004_1015/PHZ51
W10004_1018/PHZ51.TXH2.2021,W10004_1018/PHZ51
W10004_1032/PHZ51.TXH2.2021,W10004_1032/PHZ51
W10004_1037/PHZ51.TXH2.2021,W10004_1037/PHZ51
W10004_1045/PHZ51.TXH2.2021,W10004_1045/PHZ51
W10004_1052/PHZ51.TXH2.2021,W10004_1052/PHZ51
W10004_1057/PHZ51.TXH2.2021,W10004_1057/PHZ51
W10004_1072/PHZ51.TXH2.2021,W10004_1072/PHZ51
W10004_1081/PHZ51.TXH2.2021,W10004_1081/PHZ51
W10004_1084/PHZ51.TXH2.2021,W10004_1084/PHZ51
W10004_1099/PHZ51.TXH2.2021,W10004_1099/PHZ51
W10004_1104/PHZ51.TXH2.2021,W10004_1104/PHZ51
W10004_1105/PHZ51.TXH2.2021,W10004_1105/PHZ51
W10004_1112/PHZ51.TXH2.2021,W10004_1112/PHZ51
W10004_1117/PHZ51.TXH2.2021,W10004_1117/PHZ51
W10004_1118/PHZ51.TXH2.2021,W10004_1118/PHZ51
W10004_1140/PHZ51.TXH2.2021,W10004_1140/PHZ51
B14A/H95.TXH3.2020,B14A/H95
B14A/MO17.TXH3.2020,B14A/MO17
B14A/OH43.TXH3.2020,B14A/OH43
B37/H95.TXH3.2020,B37/H95
B37/MO17.TXH3.2020,B37/MO17
B37/OH43.TXH3.2020,B37/OH43
B73/MO17.TXH3.2020,B73/MO17
B73/PHK76.TXH3.2020,B73/PHK76
B73/PHM49.TXH3.2020,B73/PHM49
B73/PHN82.TXH3.2020,B73/PHN82
B73/PHZ51.TXH3.2020,B73/PHZ51
B73/TX779.TXH3.2020,B73/TX779
CG119/CG108.TXH3.2020,CG119/CG108
CG44/CGR01.TXH3.2020,CG44/CGR01
F42/H95.TXH3.2020,F42/H95
F42/MO17.TXH3.2020,F42/MO17
F42/OH43.TXH3.2020,F42/OH43
LH132/TX779.TXH3.2020,LH132/TX779
LH145/LH82.TXH3.2020,LH145/LH82
LH195/MO17.TXH3.2020,LH195/MO17
LH195/PHK76.TXH3.2020,LH195/PHK76
LH195/PHN82.TXH3.2020,LH195/PHN82
LH195/PHZ51.TXH3.2020,LH195/PHZ51
LH244/MO17.TXH3.2020,LH244/MO17
LH244/PHK76.TXH3.2020,LH244/PHK76
LH244/PHN82.TXH3.2020,LH244/PHN82
LH244/PHZ51.TXH3.2020,LH244/PHZ51
LH74/PHN82.TXH3.2020,LH74/PHN82
LH82/TX779.TXH3.2020,LH82/TX779
PB80/TX779.TXH3.2020,PB80/TX779
PHB47/MO17.TXH3.2020,PHB47/MO17
PHB47/PHK76.TXH3.2020,PHB47/PHK76
PHB47/PHN82.TXH3.2020,PHB47/PHN82
PHB47/PHZ51.TXH3.2020,PHB47/PHZ51
PHG29/PHG47.TXH3.2020,PHG29/PHG47
PHG39/PHN82.TXH3.2020,PHG39/PHN82
PHJ40/PHAJ0.TXH3.2020,PHJ40/PHAJ0
PHJ89/PH207.TXH3.2020,PHJ89/PH207
PHRE1/PHTD5.TXH3.2020,PHRE1/PHTD5
PHW52/PHM49.TXH3.2020,PHW52/PHM49
PHW52/PHN82.TXH3.2020,PHW52/PHN82
TX714/PHZ51.TXH3.2020,TX714/PHZ51
TX714/TX779.TXH3.2020,TX714/TX779
TX773/TX779.TXH3.2020,TX773/TX779
TX777/LH195.TXH3.2020,TX777/LH195
TX779/LH195.TXH3.2020,TX779/LH195
W10004_0007/PHZ51.TXH3.2020,W10004_0007/PHZ51
W10004_0011/PHZ51.TXH3.2020,W10004_0011/PHZ51
W10004_0014/PHZ51.TXH3.2020,W10004_0014/PHZ51
W10004_0018/PHZ51.TXH3.2020,W10004_0018/PHZ51
W10004_0026/PHZ51.TXH3.2020,W10004_0026/PHZ51
W10004_0032/PHZ51.TXH3.2020,W10004_0032/PHZ51
W10004_0034/PHZ51.TXH3.2020,W10004_0034/PHZ51
W10004_0037/PHZ51.TXH3.2020,W10004_0037/PHZ51
W10004_0038/PHZ51.TXH3.2020,W10004_0038/PHZ51
W10004_0041/PHZ51.TXH3.2020,W10004_0041/PHZ51
W10004_0045/PHZ51.TXH3.2020,W10004_0045/PHZ51
W10004_0046/PHZ51.TXH3.2020,W10004_0046/PHZ51
W10004_0047/PHZ51.TXH3.2020,W10004_0047/PHZ51
W10004_0053/PHZ51.TXH3.2020,W10004_0053/PHZ51
W10004_0055/PHZ51.TXH3.2020,W10004_0055/PHZ51
W10004_0061/PHZ51.TXH3.2020,W10004_0061/PHZ51
W10004_0062/PHZ51.TXH3.2020,W10004_0062/PHZ51
W10004_0064/PHZ51.TXH3.2020,W10004_0064/PHZ51
W10004_0065/PHZ51.TXH3.2020,W10004_0065/PHZ51
W10004_0068/PHZ51.TXH3.2020,W10004_0068/PHZ51
W10004_0069/PHZ51.TXH3.2020,W10004_0069/PHZ51
W10004_0071/PHZ51.TXH3.2020,W10004_0071/PHZ51
W10004_0072/PHZ51.TXH3.2020,W10004_0072/PHZ51
W10004_0073/PHZ51.TXH3.2020,W10004_0073/PHZ51
W10004_0076/PHZ51.TXH3.2020,W10004_0076/PHZ51
W10004_0080/PHZ51.TXH3.2020,W10004_0080/PHZ51
W10004_0092/PHZ51.TXH3.2020,W10004_0092/PHZ51
W10004_0093/PHZ51.TXH3.2020,W10004_0093/PHZ51
W10004_0095/PHZ51.TXH3.2020,W10004_0095/PHZ51
W10004_0097/PHZ51.TXH3.2020,W10004_0097/PHZ51
W10004_0099/PHZ51.TXH3.2020,W10004_0099/PHZ51
W10004_0103/PHZ51.TXH3.2020,W10004_0103/PHZ51
W10004_0112/PHZ51.TXH3.2020,W10004_0112/PHZ51
W10004_0118/PHZ51.TXH3.2020,W10004_0118/PHZ51
W10004_0119/PHZ51.TXH3.2020,W10004_0119/PHZ51
W10004_0127/PHZ51.TXH3.2020,W10004_0127/PHZ51
W10004_0129/PHZ51.TXH3.2020,W10004_0129/PHZ51
W10004_0132/PHZ51.TXH3.2020,W10004_0132/PHZ51
W10004_0134/PHZ51.TXH3.2020,W10004_0134/PHZ51
W10004_0138/PHZ51.TXH3.2020,W10004_0138/PHZ51
W10004_0140/PHZ51.TXH3.2020,W10004_0140/PHZ51
W10004_0146/PHZ51.TXH3.2020,W10004_0146/PHZ51
W10004_0147/PHZ51.TXH3.2020,W10004_0147/PHZ51
W10004_0148/PHZ51.TXH3.2020,W10004_0148/PHZ51
W10004_0150/PHZ51.TXH3.2020,W10004_0150/PHZ51
W10004_0152/PHZ51.TXH3.2020,W10004_0152/PHZ51
W10004_0153/PHZ51.TXH3.2020,W10004_0153/PHZ51
W10004_0160/PHZ51.TXH3.2020,W10004_0160/PHZ51
W10004_0166/PHZ51.TXH3.2020,W10004_0166/PHZ51
W10004_0168/PHZ51.TXH3.2020,W10004_0168/PHZ51
W10004_0185/PHZ51.TXH3.2020,W10004_0185/PHZ51
W10004_0190/PHZ51.TXH3.2020,W10004_0190/PHZ51
W10004_0192/PHZ51.TXH3.2020,W10004_0192/PHZ51
W10004_0197/PHZ51.TXH3.2020,W10004_0197/PHZ51
W10004_0199/PHZ51.TXH3.2020,W10004_0199/PHZ51
W10004_0200/PHZ51.TXH3.2020,W10004_0200/PHZ51
W10004_0203/PHZ51.TXH3.2020,W10004_0203/PHZ51
W10004_0204/PHZ51.TXH3.2020,W10004_0204/PHZ51
W10004_0206/PHZ51.TXH3.2020,W10004_0206/PHZ51
W10004_0212/PHZ51.TXH3.2020,W10004_0212/PHZ51
W10004_0213/PHZ51.TXH3.2020,W10004_0213/PHZ51
W10004_0217/PHZ51.TXH3.2020,W10004_0217/PHZ51
W10004_0220/PHZ51.TXH3.2020,W10004_0220/PHZ51
W10004_0221/PHZ51.TXH3.2020,W10004_0221/PHZ51
W10004_0223/PHZ51.TXH3.2020,W10004_0223/PHZ51
W10004_0224/PHZ51.TXH3.2020,W10004_0224/PHZ51
W10004_0225/PHZ51.TXH3.2020,W10004_0225/PHZ51
W10004_0227/PHZ51.TXH3.2020,W10004_0227/PHZ51
W10004_0231/PHZ51.TXH3.2020,W10004_0231/PHZ51
W10004_0241/PHZ51.TXH3.2020,W10004_0241/PHZ51
W10004_0254/PHZ51.TXH3.2020,W10004_0254/PHZ51
W10004_0258/PHZ51.TXH3.2020,W10004_0258/PHZ51
W10004_0261/PHZ51.TXH3.2020,W10004_0261/PHZ51
W10004_0262/PHZ51.TXH3.2020,W10004_0262/PHZ51
W10004_0264/PHZ51.TXH3.2020,W10004_0264/PHZ51
W10004_0268/PHZ51.TXH3.2020,W10004_0268/PHZ51
W10004_0276/PHZ51.TXH3.2020,W10004_0276/PHZ51
W10004_0292/PHZ51.TXH3.2020,W10004_0292/PHZ51
W10004_0299/PHZ51.TXH3.2020,W10004_0299/PHZ51
W10004_0306/PHZ51.TXH3.2020,W10004_0306/PHZ51
W10004_0308/PHZ51.TXH3.2020,W10004_0308/PHZ51
W10004_0344/PHZ51.TXH3.2020,W10004_0344/PHZ51
W10004_0380/PHZ51.TXH3.2020,W10004_0380/PHZ51
W10004_0381/PHZ51.TXH3.2020,W10004_0381/PHZ51
W10004_0383/PHZ51.TXH3.2020,W10004_0383/PHZ51
W10004_0389/PHZ51.TXH3.2020,W10004_0389/PHZ51
W10004_0403/PHZ51.TXH3.2020,W10004_0403/PHZ51
W10004_0409/PHZ51.TXH3.2020,W10004_0409/PHZ51
W10004_0410/PHZ51.TXH3.2020,W10004_0410/PHZ51
W10004_0419/PHZ51.TXH3.2020,W10004_0419/PHZ51
W10004_0427/PHZ51.TXH3.2020,W10004_0427/PHZ51
W10004_0430/PHZ51.TXH3.2020,W10004_0430/PHZ51
W10004_0465/PHZ51.TXH3.2020,W10004_0465/PHZ51
W10004_0474/PHZ51.TXH3.2020,W10004_0474/PHZ51
W10004_0487/PHZ51.TXH3.2020,W10004_0487/PHZ51
W10004_0498/PHZ51.TXH3.2020,W10004_0498/PHZ51
W10004_0501/PHZ51.TXH3.2020,W10004_0501/PHZ51
W10004_0505/PHZ51.TXH3.2020,W10004_0505/PHZ51
W10004_0601/PHZ51.TXH3.2020,W10004_0601/PHZ51
W10004_0608/PHZ51.TXH3.2020,W10004_0608/PHZ51
W10004_0612/PHZ51.TXH3.2020,W10004_0612/PHZ51
W10004_0614/PHZ51.TXH3.2020,W10004_0614/PHZ51
W10004_0616/PHZ51.TXH3.2020,W10004_0616/PHZ51
W10004_0618/PHZ51.TXH3.2020,W10004_0618/PHZ51
W10004_0619/PHZ51.TXH3.2020,W10004_0619/PHZ51
W10004_0624/PHZ51.TXH3.2020,W10004_0624/PHZ51
W10004_0625/PHZ51.TXH3.2020,W10004_0625/PHZ51
W10004_0626/PHZ51.TXH3.2020,W10004_0626/PHZ51
W10004_0628/PHZ51.TXH3.2020,W10004_0628/PHZ51
W10004_0637/PHZ51.TXH3.2020,W10004_0637/PHZ51
W10004_0639/PHZ51.TXH3.2020,W10004_0639/PHZ51
W10004_0644/PHZ51.TXH3.2020,W10004_0644/PHZ51
W10004_0645/PHZ51.TXH3.2020,W10004_0645/PHZ51
W10004_0646/PHZ51.TXH3.2020,W10004_0646/PHZ51
W10004_0649/PHZ51.TXH3.2020,W10004_0649/PHZ51
W10004_0651/PHZ51.TXH3.2020,W10004_0651/PHZ51
W10004_0654/PHZ51.TXH3.2020,W10004_0654/PHZ51
W10004_0658/PHZ51.TXH3.2020,W10004_0658/PHZ51
W10004_0661/PHZ51.TXH3.2020,W10004_0661/PHZ51
W10004_0667/PHZ51.TXH3.2020,W10004_0667/PHZ51
W10004_0672/PHZ51.TXH3.2020,W10004_0672/PHZ51
W10004_0678/PHZ51.TXH3.2020,W10004_0678/PHZ51
W10004_0682/PHZ51.TXH3.2020,W10004_0682/PHZ51
W10004_0684/PHZ51.TXH3.2020,W10004_0684/PHZ51
W10004_0685/PHZ51.TXH3.2020,W10004_0685/PHZ51
W10004_0687/PHZ51.TXH3.2020,W10004_0687/PHZ51
W10004_0688/PHZ51.TXH3.2020,W10004_0688/PHZ51
W10004_0689/PHZ51.TXH3.2020,W10004_0689/PHZ51
W10004_0696/PHZ51.TXH3.2020,W10004_0696/PHZ51
W10004_0697/PHZ51.TXH3.2020,W10004_0697/PHZ51
W10004_0701/PHZ51.TXH3.2020,W10004_0701/PHZ51
W10004_0702/PHZ51.TXH3.2020,W10004_0702/PHZ51
W10004_0705/PHZ51.TXH3.2020,W10004_0705/PHZ51
W10004_0712/PHZ51.TXH3.2020,W10004_0712/PHZ51
W10004_0713/PHZ51.TXH3.2020,W10004_0713/PHZ51
W10004_0714/PHZ51.TXH3.2020,W10004_0714/PHZ51
W10004_0729/PHZ51.TXH3.2020,W10004_0729/PHZ51
W10004_0736/PHZ51.TXH3.2020,W10004_0736/PHZ51
W10004_0741/PHZ51.TXH3.2020,W10004_0741/PHZ51
W10004_0745/PHZ51.TXH3.2020,W10004_0745/PHZ51
W10004_0746/PHZ51.TXH3.2020,W10004_0746/PHZ51
W10004_0756/PHZ51.TXH3.2020,W10004_0756/PHZ51
W10004_0757/PHZ51.TXH3.2020,W10004_0757/PHZ51
W10004_0768/PHZ51.TXH3.2020,W10004_0768/PHZ51
W10004_0774/PHZ51.TXH3.2020,W10004_0774/PHZ51
W10004_0775/PHZ51.TXH3.2020,W10004_0775/PHZ51
W10004_0779/PHZ51.TXH3.2020,W10004_0779/PHZ51
W10004_0781/PHZ51.TXH3.2020,W10004_0781/PHZ51
W10004_0782/PHZ51.TXH3.2020,W10004_0782/PHZ51
W10004_0789/PHZ51.TXH3.2020,W10004_0789/PHZ51
W10004_0794/PHZ51.TXH3.2020,W10004_0794/PHZ51
W10004_0798/PHZ51.TXH3.2020,W10004_0798/PHZ51
W10004_0799/PHZ51.TXH3.2020,W10004_0799/PHZ51
W10004_0801/PHZ51.TXH3.2020,W10004_0801/PHZ51
W10004_0802/PHZ51.TXH3.2020,W10004_0802/PHZ51
W10004_0803/PHZ51.TXH3.2020,W10004_0803/PHZ51
W10004_0806/PHZ51.TXH3.2020,W10004_0806/PHZ51
W10004_0807/PHZ51.TXH3.2020,W10004_0807/PHZ51
W10004_0812/PHZ51.TXH3.2020,W10004_0812/PHZ51
W10004_0814/PHZ51.TXH3.2020,W10004_0814/PHZ51
W10004_0815/PHZ51.TXH3.2020,W10004_0815/PHZ51
W10004_0818/PHZ51.TXH3.2020,W10004_0818/PHZ51
W10004_0820/PHZ51.TXH3.2020,W10004_0820/PHZ51
W10004_0823/PHZ51.TXH3.2020,W10004_0823/PHZ51
W10004_0827/PHZ51.TXH3.2020,W10004_0827/PHZ51
W10004_0828/PHZ51.TXH3.2020,W10004_0828/PHZ51
W10004_0832/PHZ51.TXH3.2020,W10004_0832/PHZ51
W10004_0833/PHZ51.TXH3.2020,W10004_0833/PHZ51
W10004_0834/PHZ51.TXH3.2020,W10004_0834/PHZ51
W10004_0836/PHZ51.TXH3.2020,W10004_0836/PHZ51
W10004_0842/PHZ51.TXH3.2020,W10004_0842/PHZ51
W10004_0848/PHZ51.TXH3.2020,W10004_0848/PHZ51
W10004_0859/PHZ51.TXH3.2020,W10004_0859/PHZ51
W10004_0866/PHZ51.TXH3.2020,W10004_0866/PHZ51
W10004_0868/PHZ51.TXH3.2020,W10004_0868/PHZ51
W10004_0869/PHZ51.TXH3.2020,W10004_0869/PHZ51
W10004_0877/PHZ51.TXH3.2020,W10004_0877/PHZ51
W10004_0884/PHZ51.TXH3.2020,W10004_0884/PHZ51
W10004_0885/PHZ51.TXH3.2020,W10004_0885/PHZ51
W10004_0891/PHZ51.TXH3.2020,W10004_0891/PHZ51
W10004_0896/PHZ51.TXH3.2020,W10004_0896/PHZ51
W10004_0900/PHZ51.TXH3.2020,W10004_0900/PHZ51
W10004_0907/PHZ51.TXH3.2020,W10004_0907/PHZ51
W10004_0913/PHZ51.TXH3.2020,W10004_0913/PHZ51
W10004_0916/PHZ51.TXH3.2020,W10004_0916/PHZ51
W10004_0928/PHZ51.TXH3.2020,W10004_0928/PHZ51
W10004_0932/PHZ51.TXH3.2020,W10004_0932/PHZ51
W10004_0940/PHZ51.TXH3.2020,W10004_0940/PHZ51
W10004_0949/PHZ51.TXH3.2020,W10004_0949/PHZ51
W10004_0950/PHZ51.TXH3.2020,W10004_0950/PHZ51
W10004_0955/PHZ51.TXH3.2020,W10004_0955/PHZ51
W10004_0956/PHZ51.TXH3.2020,W10004_0956/PHZ51
W10004_0965/PHZ51.TXH3.2020,W10004_0965/PHZ51
W10004_0966/PHZ51.TXH3.2020,W10004_0966/PHZ51
W10004_0974/PHZ51.TXH3.2020,W10004_0974/PHZ51
W10004_0975/PHZ51.TXH3.2020,W10004_0975/PHZ51
W10004_0981/PHZ51.TXH3.2020,W10004_0981/PHZ51
W10004_0982/PHZ51.TXH3.2020,W10004_0982/PHZ51
W10004_0984/PHZ51.TXH3.2020,W10004_0984/PHZ51
W10004_1000/PHZ51.TXH3.2020,W10004_1000/PHZ51
W10004_1002/PHZ51.TXH3.2020,W10004_1002/PHZ51
W10004_1004/PHZ51.TXH3.2020,W10004_1004/PHZ51
W10004_1011/PHZ51.TXH3.2020,W10004_1011/PHZ51
W10004_1015/PHZ51.TXH3.2020,W10004_1015/PHZ51
W10004_1018/PHZ51.TXH3.2020,W10004_1018/PHZ51
W10004_1032/PHZ51.TXH3.2020,W10004_1032/PHZ51
W10004_1037/PHZ51.TXH3.2020,W10004_1037/PHZ51
W10004_1045/PHZ51.TXH3.2020,W10004_1045/PHZ51
W10004_1052/PHZ51.TXH3.2020,W10004_1052/PHZ51
W10004_1057/PHZ51.TXH3.2020,W10004_1057/PHZ51
W10004_1072/PHZ51.TXH3.2020,W10004_1072/PHZ51
W10004_1081/PHZ51.TXH3.2020,W10004_1081/PHZ51
W10004_1084/PHZ51.TXH3.2020,W10004_1084/PHZ51
W10004_1099/PHZ51.TXH3.2020,W10004_1099/PHZ51
W10004_1104/PHZ51.TXH3.2020,W10004_1104/PHZ51
W10004_1105/PHZ51.TXH3.2020,W10004_1105/PHZ51
W10004_1112/PHZ51.TXH3.2020,W10004_1112/PHZ51
W10004_1117/PHZ51.TXH3.2020,W10004_1117/PHZ51
W10004_1118/PHZ51.TXH3.2020,W10004_1118/PHZ51
W10004_1140/PHZ51.TXH3.2020,W10004_1140/PHZ51
B14A/H95.TXH3.2021,B14A/H95
B14A/MO17.TXH3.2021,B14A/MO17
B14A/OH43.TXH3.2021,B14A/OH43
B37/H95.TXH3.2021,B37/H95
B37/MO17.TXH3.2021,B37/MO17
B37/OH43.TXH3.2021,B37/OH43
B73/MO17.TXH3.2021,B73/MO17
B73/PHM49.TXH3.2021,B73/PHM49
B73/PHN82.TXH3.2021,B73/PHN82
B73/TX779.TXH3.2021,B73/TX779
CG119/CG108.TXH3.2021,CG119/CG108
CG44/CGR01.TXH3.2021,CG44/CGR01
F42/H95.TXH3.2021,F42/H95
F42/MO17.TXH3.2021,F42/MO17
F42/OH43.TXH3.2021,F42/OH43
LH74/PHN82.TXH3.2021,LH74/PHN82
LH82/TX779.TXH3.2021,LH82/TX779
PB80/TX779.TXH3.2021,PB80/TX779
PHB47/PHN82.TXH3.2021,PHB47/PHN82
PHG39/PHN82.TXH3.2021,PHG39/PHN82
PHW52/PHM49.TXH3.2021,PHW52/PHM49
PHW52/PHN82.TXH3.2021,PHW52/PHN82
TX714/TX779.TXH3.2021,TX714/TX779
TX773/TX779.TXH3.2021,TX773/TX779
TX777/LH195.TXH3.2021,TX777/LH195
TX779/LH195.TXH3.2021,TX779/LH195
W10004_0007/PHZ51.TXH3.2021,W10004_0007/PHZ51
W10004_0011/PHZ51.TXH3.2021,W10004_0011/PHZ51
W10004_0014/PHZ51.TXH3.2021,W10004_0014/PHZ51
W10004_0018/PHZ51.TXH3.2021,W10004_0018/PHZ51
W10004_0026/PHZ51.TXH3.2021,W10004_0026/PHZ51
W10004_0032/PHZ51.TXH3.2021,W10004_0032/PHZ51
W10004_0034/PHZ51.TXH3.2021,W10004_0034/PHZ51
W10004_0037/PHZ51.TXH3.2021,W10004_0037/PHZ51
W10004_0038/PHZ51.TXH3.2021,W10004_0038/PHZ51
W10004_0041/PHZ51.TXH3.2021,W10004_0041/PHZ51
W10004_0045/PHZ51.TXH3.2021,W10004_0045/PHZ51
W10004_0046/PHZ51.TXH3.2021,W10004_0046/PHZ51
W10004_0047/PHZ51.TXH3.2021,W10004_0047/PHZ51
W10004_0053/PHZ51.TXH3.2021,W10004_0053/PHZ51
W10004_0055/PHZ51.TXH3.2021,W10004_0055/PHZ51
W10004_0061/PHZ51.TXH3.2021,W10004_0061/PHZ51
W10004_0062/PHZ51.TXH3.2021,W10004_0062/PHZ51
W10004_0064/PHZ51.TXH3.2021,W10004_0064/PHZ51
W10004_0065/PHZ51.TXH3.2021,W10004_0065/PHZ51
W10004_0068/PHZ51.TXH3.2021,W10004_0068/PHZ51
W10004_0069/PHZ51.TXH3.2021,W10004_0069/PHZ51
W10004_0071/PHZ51.TXH3.2021,W10004_0071/PHZ51
W10004_0072/PHZ51.TXH3.2021,W10004_0072/PHZ51
W10004_0073/PHZ51.TXH3.2021,W10004_0073/PHZ51
W10004_0076/PHZ51.TXH3.2021,W10004_0076/PHZ51
W10004_0080/PHZ51.TXH3.2021,W10004_0080/PHZ51
W10004_0092/PHZ51.TXH3.2021,W10004_0092/PHZ51
W10004_0093/PHZ51.TXH3.2021,W10004_0093/PHZ51
W10004_0095/PHZ51.TXH3.2021,W10004_0095/PHZ51
W10004_0097/PHZ51.TXH3.2021,W10004_0097/PHZ51
W10004_0099/PHZ51.TXH3.2021,W10004_0099/PHZ51
W10004_0103/PHZ51.TXH3.2021,W10004_0103/PHZ51
W10004_0112/PHZ51.TXH3.2021,W10004_0112/PHZ51
W10004_0118/PHZ51.TXH3.2021,W10004_0118/PHZ51
W10004_0119/PHZ51.TXH3.2021,W10004_0119/PHZ51
W10004_0127/PHZ51.TXH3.2021,W10004_0127/PHZ51
W10004_0129/PHZ51.TXH3.2021,W10004_0129/PHZ51
W10004_0132/PHZ51.TXH3.2021,W10004_0132/PHZ51
W10004_0134/PHZ51.TXH3.2021,W10004_0134/PHZ51
W10004_0138/PHZ51.TXH3.2021,W10004_0138/PHZ51
W10004_0140/PHZ51.TXH3.2021,W10004_0140/PHZ51
W10004_0146/PHZ51.TXH3.2021,W10004_0146/PHZ51
W10004_0147/PHZ51.TXH3.2021,W10004_0147/PHZ51
W10004_0148/PHZ51.TXH3.2021,W10004_0148/PHZ51
W10004_0150/PHZ51.TXH3.2021,W10004_0150/PHZ51
W10004_0152/PHZ51.TXH3.2021,W10004_0152/PHZ51
W10004_0153/PHZ51.TXH3.2021,W10004_0153/PHZ51
W10004_0160/PHZ51.TXH3.2021,W10004_0160/PHZ51
W10004_0166/PHZ51.TXH3.2021,W10004_0166/PHZ51
W10004_0168/PHZ51.TXH3.2021,W10004_0168/PHZ51
W10004_0185/PHZ51.TXH3.2021,W10004_0185/PHZ51
W10004_0190/PHZ51.TXH3.2021,W10004_0190/PHZ51
W10004_0192/PHZ51.TXH3.2021,W10004_0192/PHZ51
W10004_0197/PHZ51.TXH3.2021,W10004_0197/PHZ51
W10004_0199/PHZ51.TXH3.2021,W10004_0199/PHZ51
W10004_0200/PHZ51.TXH3.2021,W10004_0200/PHZ51
W10004_0203/PHZ51.TXH3.2021,W10004_0203/PHZ51
W10004_0204/PHZ51.TXH3.2021,W10004_0204/PHZ51
W10004_0206/PHZ51.TXH3.2021,W10004_0206/PHZ51
W10004_0212/PHZ51.TXH3.2021,W10004_0212/PHZ51
W10004_0213/PHZ51.TXH3.2021,W10004_0213/PHZ51
W10004_0217/PHZ51.TXH3.2021,W10004_0217/PHZ51
W10004_0220/PHZ51.TXH3.2021,W10004_0220/PHZ51
W10004_0221/PHZ51.TXH3.2021,W10004_0221/PHZ51
W10004_0223/PHZ51.TXH3.2021,W10004_0223/PHZ51
W10004_0224/PHZ51.TXH3.2021,W10004_0224/PHZ51
W10004_0225/PHZ51.TXH3.2021,W10004_0225/PHZ51
W10004_0227/PHZ51.TXH3.2021,W10004_0227/PHZ51
W10004_0231/PHZ51.TXH3.2021,W10004_0231/PHZ51
W10004_0241/PHZ51.TXH3.2021,W10004_0241/PHZ51
W10004_0254/PHZ51.TXH3.2021,W10004_0254/PHZ51
W10004_0258/PHZ51.TXH3.2021,W10004_0258/PHZ51
W10004_0261/PHZ51.TXH3.2021,W10004_0261/PHZ51
W10004_0262/PHZ51.TXH3.2021,W10004_0262/PHZ51
W10004_0264/PHZ51.TXH3.2021,W10004_0264/PHZ51
W10004_0268/PHZ51.TXH3.2021,W10004_0268/PHZ51
W10004_0276/PHZ51.TXH3.2021,W10004_0276/PHZ51
W10004_0292/PHZ51.TXH3.2021,W10004_0292/PHZ51
W10004_0299/PHZ51.TXH3.2021,W10004_0299/PHZ51
W10004_0306/PHZ51.TXH3.2021,W10004_0306/PHZ51
W10004_0308/PHZ51.TXH3.2021,W10004_0308/PHZ51
W10004_0344/PHZ51.TXH3.2021,W10004_0344/PHZ51
W10004_0380/PHZ51.TXH3.2021,W10004_0380/PHZ51
W10004_0381/PHZ51.TXH3.2021,W10004_0381/PHZ51
W10004_0383/PHZ51.TXH3.2021,W10004_0383/PHZ51
W10004_0389/PHZ51.TXH3.2021,W10004_0389/PHZ51
W10004_0403/PHZ51.TXH3.2021,W10004_0403/PHZ51
W10004_0409/PHZ51.TXH3.2021,W10004_0409/PHZ51
W10004_0410/PHZ51.TXH3.2021,W10004_0410/PHZ51
W10004_0419/PHZ51.TXH3.2021,W10004_0419/PHZ51
W10004_0427/PHZ51.TXH3.2021,W10004_0427/PHZ51
W10004_0430/PHZ51.TXH3.2021,W10004_0430/PHZ51
W10004_0465/PHZ51.TXH3.2021,W10004_0465/PHZ51
W10004_0474/PHZ51.TXH3.2021,W10004_0474/PHZ51
W10004_0487/PHZ51.TXH3.2021,W10004_0487/PHZ51
W10004_0498/PHZ51.TXH3.2021,W10004_0498/PHZ51
W10004_0501/PHZ51.TXH3.2021,W10004_0501/PHZ51
W10004_0505/PHZ51.TXH3.2021,W10004_0505/PHZ51
W10004_0601/PHZ51.TXH3.2021,W10004_0601/PHZ51
W10004_0608/PHZ51.TXH3.2021,W10004_0608/PHZ51
W10004_0612/PHZ51.TXH3.2021,W10004_0612/PHZ51
W10004_0614/PHZ51.TXH3.2021,W10004_0614/PHZ51
W10004_0616/PHZ51.TXH3.2021,W10004_0616/PHZ51
W10004_0618/PHZ51.TXH3.2021,W10004_0618/PHZ51
W10004_0619/PHZ51.TXH3.2021,W10004_0619/PHZ51
W10004_0624/PHZ51.TXH3.2021,W10004_0624/PHZ51
W10004_0625/PHZ51.TXH3.2021,W10004_0625/PHZ51
W10004_0626/PHZ51.TXH3.2021,W10004_0626/PHZ51
W10004_0628/PHZ51.TXH3.2021,W10004_0628/PHZ51
W10004_0637/PHZ51.TXH3.2021,W10004_0637/PHZ51
W10004_0639/PHZ51.TXH3.2021,W10004_0639/PHZ51
W10004_0644/PHZ51.TXH3.2021,W10004_0644/PHZ51
W10004_0645/PHZ51.TXH3.2021,W10004_0645/PHZ51
W10004_0646/PHZ51.TXH3.2021,W10004_0646/PHZ51
W10004_0649/PHZ51.TXH3.2021,W10004_0649/PHZ51
W10004_0651/PHZ51.TXH3.2021,W10004_0651/PHZ51
W10004_0654/PHZ51.TXH3.2021,W10004_0654/PHZ51
W10004_0658/PHZ51.TXH3.2021,W10004_0658/PHZ51
W10004_0661/PHZ51.TXH3.2021,W10004_0661/PHZ51
W10004_0667/PHZ51.TXH3.2021,W10004_0667/PHZ51
W10004_0672/PHZ51.TXH3.2021,W10004_0672/PHZ51
W10004_0678/PHZ51.TXH3.2021,W10004_0678/PHZ51
W10004_0682/PHZ51.TXH3.2021,W10004_0682/PHZ51
W10004_0684/PHZ51.TXH3.2021,W10004_0684/PHZ51
W10004_0685/PHZ51.TXH3.2021,W10004_0685/PHZ51
W10004_0687/PHZ51.TXH3.2021,W10004_0687/PHZ51
W10004_0688/PHZ51.TXH3.2021,W10004_0688/PHZ51
W10004_0689/PHZ51.TXH3.2021,W10004_0689/PHZ51
W10004_0696/PHZ51.TXH3.2021,W10004_0696/PHZ51
W10004_0697/PHZ51.TXH3.2021,W10004_0697/PHZ51
W10004_0701/PHZ51.TXH3.2021,W10004_0701/PHZ51
W10004_0702/PHZ51.TXH3.2021,W10004_0702/PHZ51
W10004_0705/PHZ51.TXH3.2021,W10004_0705/PHZ51
W10004_0712/PHZ51.TXH3.2021,W10004_0712/PHZ51
W10004_0713/PHZ51.TXH3.2021,W10004_0713/PHZ51
W10004_0714/PHZ51.TXH3.2021,W10004_0714/PHZ51
W10004_0729/PHZ51.TXH3.2021,W10004_0729/PHZ51
W10004_0736/PHZ51.TXH3.2021,W10004_0736/PHZ51
W10004_0741/PHZ51.TXH3.2021,W10004_0741/PHZ51
W10004_0745/PHZ51.TXH3.2021,W10004_0745/PHZ51
W10004_0746/PHZ51.TXH3.2021,W10004_0746/PHZ51
W10004_0756/PHZ51.TXH3.2021,W10004_0756/PHZ51
W10004_0757/PHZ51.TXH3.2021,W10004_0757/PHZ51
W10004_0768/PHZ51.TXH3.2021,W10004_0768/PHZ51
W10004_0774/PHZ51.TXH3.2021,W10004_0774/PHZ51
W10004_0775/PHZ51.TXH3.2021,W10004_0775/PHZ51
W10004_0779/PHZ51.TXH3.2021,W10004_0779/PHZ51
W10004_0781/PHZ51.TXH3.2021,W10004_0781/PHZ51
W10004_0782/PHZ51.TXH3.2021,W10004_0782/PHZ51
W10004_0789/PHZ51.TXH3.2021,W10004_0789/PHZ51
W10004_0794/PHZ51.TXH3.2021,W10004_0794/PHZ51
W10004_0798/PHZ51.TXH3.2021,W10004_0798/PHZ51
W10004_0799/PHZ51.TXH3.2021,W10004_0799/PHZ51
W10004_0801/PHZ51.TXH3.2021,W10004_0801/PHZ51
W10004_0802/PHZ51.TXH3.2021,W10004_0802/PHZ51
W10004_0803/PHZ51.TXH3.2021,W10004_0803/PHZ51
W10004_0806/PHZ51.TXH3.2021,W10004_0806/PHZ51
W10004_0807/PHZ51.TXH3.2021,W10004_0807/PHZ51
W10004_0812/PHZ51.TXH3.2021,W10004_0812/PHZ51
W10004_0814/PHZ51.TXH3.2021,W10004_0814/PHZ51
W10004_0815/PHZ51.TXH3.2021,W10004_0815/PHZ51
W10004_0818/PHZ51.TXH3.2021,W10004_0818/PHZ51
W10004_0820/PHZ51.TXH3.2021,W10004_0820/PHZ51
W10004_0823/PHZ51.TXH3.2021,W10004_0823/PHZ51
W10004_0827/PHZ51.TXH3.2021,W10004_0827/PHZ51
W10004_0828/PHZ51.TXH3.2021,W10004_0828/PHZ51
W10004_0832/PHZ51.TXH3.2021,W10004_0832/PHZ51
W10004_0833/PHZ51.TXH3.2021,W10004_0833/PHZ51
W10004_0834/PHZ51.TXH3.2021,W10004_0834/PHZ51
W10004_0836/PHZ51.TXH3.2021,W10004_0836/PHZ51
W10004_0842/PHZ51.TXH3.2021,W10004_0842/PHZ51
W10004_0848/PHZ51.TXH3.2021,W10004_0848/PHZ51
W10004_0859/PHZ51.TXH3.2021,W10004_0859/PHZ51
W10004_0866/PHZ51.TXH3.2021,W10004_0866/PHZ51
W10004_0868/PHZ51.TXH3.2021,W10004_0868/PHZ51
W10004_0869/PHZ51.TXH3.2021,W10004_0869/PHZ51
W10004_0877/PHZ51.TXH3.2021,W10004_0877/PHZ51
W10004_0884/PHZ51.TXH3.2021,W10004_0884/PHZ51
W10004_0885/PHZ51.TXH3.2021,W10004_0885/PHZ51
W10004_0891/PHZ51.TXH3.2021,W10004_0891/PHZ51
W10004_0896/PHZ51.TXH3.2021,W10004_0896/PHZ51
W10004_0900/PHZ51.TXH3.2021,W10004_0900/PHZ51
W10004_0907/PHZ51.TXH3.2021,W10004_0907/PHZ51
W10004_0913/PHZ51.TXH3.2021,W10004_0913/PHZ51
W10004_0916/PHZ51.TXH3.2021,W10004_0916/PHZ51
W10004_0928/PHZ51.TXH3.2021,W10004_0928/PHZ51
W10004_0932/PHZ51.TXH3.2021,W10004_0932/PHZ51
W10004_0940/PHZ51.TXH3.2021,W10004_0940/PHZ51
W10004_0949/PHZ51.TXH3.2021,W10004_0949/PHZ51
W10004_0950/PHZ51.TXH3.2021,W10004_0950/PHZ51
W10004_0955/PHZ51.TXH3.2021,W10004_0955/PHZ51
W10004_0956/PHZ51.TXH3.2021,W10004_0956/PHZ51
W10004_0965/PHZ51.TXH3.2021,W10004_0965/PHZ51
W10004_0966/PHZ51.TXH3.2021,W10004_0966/PHZ51
W10004_0974/PHZ51.TXH3.2021,W10004_0974/PHZ51
W10004_0975/PHZ51.TXH3.2021,W10004_0975/PHZ51
W10004_0981/PHZ51.TXH3.2021,W10004_0981/PHZ51
W10004_0982/PHZ51.TXH3.2021,W10004_0982/PHZ51
W10004_0984/PHZ51.TXH3.2021,W10004_0984/PHZ51
W10004_1000/PHZ51.TXH3.2021,W10004_1000/PHZ51
W10004_1002/PHZ51.TXH3.2021,W10004_1002/PHZ51
W10004_1004/PHZ51.TXH3.2021,W10004_1004/PHZ51
W10004_1011/PHZ51.TXH3.2021,W10004_1011/PHZ51
W10004_1015/PHZ51.TXH3.2021,W10004_1015/PHZ51
W10004_1018/PHZ51.TXH3.2021,W10004_1018/PHZ51
W10004_1032/PHZ51.TXH3.2021,W10004_1032/PHZ51
W10004_1045/PHZ51.TXH3.2021,W10004_1045/PHZ51
W10004_1052/PHZ51.TXH3.2021,W10004_1052/PHZ51
W10004_1057/PHZ51.TXH3.2021,W10004_1057/PHZ51
W10004_1072/PHZ51.TXH3.2021,W10004_1072/PHZ51
W10004_1081/PHZ51.TXH3.2021,W10004_1081/PHZ51
W10004_1084/PHZ51.TXH3.2021,W10004_1084/PHZ51
W10004_1099/PHZ51.TXH3.2021,W10004_1099/PHZ51
W10004_1104/PHZ51.TXH3.2021,W10004_1104/PHZ51
W10004_1105/PHZ51.TXH3.2021,W10004_1105/PHZ51
W10004_1112/PHZ51.TXH3.2021,W10004_1112/PHZ51
W10004_1117/PHZ51.TXH3.2021,W10004_1117/PHZ51
W10004_1118/PHZ51.TXH3.2021,W10004_1118/PHZ51
W10004_1140/PHZ51.TXH3.2021,W10004_1140/PHZ51
B14A/H95.WIH1.2020,B14A/H95
B14A/MO17.WIH1.2020,B14A/MO17
B14A/OH43.WIH1.2020,B14A/OH43
B37/H95.WIH1.2020,B37/H95
B37/MO17.WIH1.2020,B37/MO17
B37/OH43.WIH1.2020,B37/OH43
B73/MO17.WIH1.2020,B73/MO17
B73/PHN82.WIH1.2020,B73/PHN82
B73/TX779.WIH1.2020,B73/TX779
CG119/CG108.WIH1.2020,CG119/CG108
CG44/CGR01.WIH1.2020,CG44/CGR01
F42/H95.WIH1.2020,F42/H95
F42/MO17.WIH1.2020,F42/MO17
LH74/PHN82.WIH1.2020,LH74/PHN82
PHB47/PHN82.WIH1.2020,PHB47/PHN82
PHG39/PHN82.WIH1.2020,PHG39/PHN82
PHW52/PHM49.WIH1.2020,PHW52/PHM49
PHW52/PHN82.WIH1.2020,PHW52/PHN82
TX714/TX779.WIH1.2020,TX714/TX779
TX777/LH195.WIH1.2020,TX777/LH195
W10004_0006/PHP02.WIH1.2020,W10004_0006/PHP02
W10004_0007/PHP02.WIH1.2020,W10004_0007/PHP02
W10004_0008/PHP02.WIH1.2020,W10004_0008/PHP02
W10004_0010/PHP02.WIH1.2020,W10004_0010/PHP02
W10004_0011/PHP02.WIH1.2020,W10004_0011/PHP02
W10004_0013/PHP02.WIH1.2020,W10004_0013/PHP02
W10004_0014/PHP02.WIH1.2020,W10004_0014/PHP02
W10004_0018/PHP02.WIH1.2020,W10004_0018/PHP02
W10004_0026/PHP02.WIH1.2020,W10004_0026/PHP02
W10004_0027/PHP02.WIH1.2020,W10004_0027/PHP02
W10004_0031/PHP02.WIH1.2020,W10004_0031/PHP02
W10004_0032/PHP02.WIH1.2020,W10004_0032/PHP02
W10004_0034/PHP02.WIH1.2020,W10004_0034/PHP02
W10004_0035/PHP02.WIH1.2020,W10004_0035/PHP02
W10004_0037/PHP02.WIH1.2020,W10004_0037/PHP02
W10004_0038/PHP02.WIH1.2020,W10004_0038/PHP02
W10004_0039/PHP02.WIH1.2020,W10004_0039/PHP02
W10004_0041/PHP02.WIH1.2020,W10004_0041/PHP02
W10004_0042/PHP02.WIH1.2020,W10004_0042/PHP02
W10004_0045/PHP02.WIH1.2020,W10004_0045/PHP02
W10004_0046/PHP02.WIH1.2020,W10004_0046/PHP02
W10004_0047/PHP02.WIH1.2020,W10004_0047/PHP02
W10004_0053/PHP02.WIH1.2020,W10004_0053/PHP02
W10004_0055/PHP02.WIH1.2020,W10004_0055/PHP02
W10004_0059/PHP02.WIH1.2020,W10004_0059/PHP02
W10004_0061/PHP02.WIH1.2020,W10004_0061/PHP02
W10004_0062/PHP02.WIH1.2020,W10004_0062/PHP02
W10004_0063/PHP02.WIH1.2020,W10004_0063/PHP02
W10004_0064/PHP02.WIH1.2020,W10004_0064/PHP02
W10004_0065/PHP02.WIH1.2020,W10004_0065/PHP02
W10004_0068/PHP02.WIH1.2020,W10004_0068/PHP02
W10004_0069/PHP02.WIH1.2020,W10004_0069/PHP02
W10004_0070/PHP02.WIH1.2020,W10004_0070/PHP02
W10004_0071/PHP02.WIH1.2020,W10004_0071/PHP02
W10004_0072/PHP02.WIH1.2020,W10004_0072/PHP02
W10004_0073/PHP02.WIH1.2020,W10004_0073/PHP02
W10004_0076/PHP02.WIH1.2020,W10004_0076/PHP02
W10004_0078/PHP02.WIH1.2020,W10004_0078/PHP02
W10004_0079/PHP02.WIH1.2020,W10004_0079/PHP02
W10004_0080/PHP02.WIH1.2020,W10004_0080/PHP02
W10004_0086/PHP02.WIH1.2020,W10004_0086/PHP02
W10004_0087/PHP02.WIH1.2020,W10004_0087/PHP02
W10004_0092/PHP02.WIH1.2020,W10004_0092/PHP02
W10004_0093/PHP02.WIH1.2020,W10004_0093/PHP02
W10004_0095/PHP02.WIH1.2020,W10004_0095/PHP02
W10004_0097/PHP02.WIH1.2020,W10004_0097/PHP02
W10004_0098/PHP02.WIH1.2020,W10004_0098/PHP02
W10004_0099/PHP02.WIH1.2020,W10004_0099/PHP02
W10004_0101/PHP02.WIH1.2020,W10004_0101/PHP02
W10004_0103/PHP02.WIH1.2020,W10004_0103/PHP02
W10004_0106/PHP02.WIH1.2020,W10004_0106/PHP02
W10004_0110/PHP02.WIH1.2020,W10004_0110/PHP02
W10004_0112/PHP02.WIH1.2020,W10004_0112/PHP02
W10004_0115/PHP02.WIH1.2020,W10004_0115/PHP02
W10004_0116/PHP02.WIH1.2020,W10004_0116/PHP02
W10004_0118/PHP02.WIH1.2020,W10004_0118/PHP02
W10004_0119/PHP02.WIH1.2020,W10004_0119/PHP02
W10004_0121/PHP02.WIH1.2020,W10004_0121/PHP02
W10004_0122/PHP02.WIH1.2020,W10004_0122/PHP02
W10004_0127/PHP02.WIH1.2020,W10004_0127/PHP02
W10004_0129/PHP02.WIH1.2020,W10004_0129/PHP02
W10004_0132/PHP02.WIH1.2020,W10004_0132/PHP02
W10004_0133/PHP02.WIH1.2020,W10004_0133/PHP02
W10004_0134/PHP02.WIH1.2020,W10004_0134/PHP02
W10004_0138/PHP02.WIH1.2020,W10004_0138/PHP02
W10004_0140/PHP02.WIH1.2020,W10004_0140/PHP02
W10004_0144/PHP02.WIH1.2020,W10004_0144/PHP02
W10004_0146/PHP02.WIH1.2020,W10004_0146/PHP02
W10004_0147/PHP02.WIH1.2020,W10004_0147/PHP02
W10004_0148/PHP02.WIH1.2020,W10004_0148/PHP02
W10004_0149/PHP02.WIH1.2020,W10004_0149/PHP02
W10004_0150/PHP02.WIH1.2020,W10004_0150/PHP02
W10004_0152/PHP02.WIH1.2020,W10004_0152/PHP02
W10004_0153/PHP02.WIH1.2020,W10004_0153/PHP02
W10004_0154/PHP02.WIH1.2020,W10004_0154/PHP02
W10004_0160/PHP02.WIH1.2020,W10004_0160/PHP02
W10004_0161/PHP02.WIH1.2020,W10004_0161/PHP02
W10004_0166/PHP02.WIH1.2020,W10004_0166/PHP02
W10004_0167/PHP02.WIH1.2020,W10004_0167/PHP02
W10004_0168/PHP02.WIH1.2020,W10004_0168/PHP02
W10004_0169/PHP02.WIH1.2020,W10004_0169/PHP02
W10004_0171/PHP02.WIH1.2020,W10004_0171/PHP02
W10004_0178/PHP02.WIH1.2020,W10004_0178/PHP02
W10004_0179/PHP02.WIH1.2020,W10004_0179/PHP02
W10004_0185/PHP02.WIH1.2020,W10004_0185/PHP02
W10004_0189/PHP02.WIH1.2020,W10004_0189/PHP02
W10004_0190/PHP02.WIH1.2020,W10004_0190/PHP02
W10004_0192/PHP02.WIH1.2020,W10004_0192/PHP02
W10004_0194/PHP02.WIH1.2020,W10004_0194/PHP02
W10004_0196/PHP02.WIH1.2020,W10004_0196/PHP02
W10004_0197/PHP02.WIH1.2020,W10004_0197/PHP02
W10004_0199/PHP02.WIH1.2020,W10004_0199/PHP02
W10004_0200/PHP02.WIH1.2020,W10004_0200/PHP02
W10004_0203/PHP02.WIH1.2020,W10004_0203/PHP02
W10004_0204/PHP02.WIH1.2020,W10004_0204/PHP02
W10004_0206/PHP02.WIH1.2020,W10004_0206/PHP02
W10004_0212/PHP02.WIH1.2020,W10004_0212/PHP02
W10004_0213/PHP02.WIH1.2020,W10004_0213/PHP02
W10004_0217/PHP02.WIH1.2020,W10004_0217/PHP02
W10004_0220/PHP02.WIH1.2020,W10004_0220/PHP02
W10004_0221/PHP02.WIH1.2020,W10004_0221/PHP02
W10004_0223/PHP02.WIH1.2020,W10004_0223/PHP02
W10004_0224/PHP02.WIH1.2020,W10004_0224/PHP02
W10004_0225/PHP02.WIH1.2020,W10004_0225/PHP02
W10004_0227/PHP02.WIH1.2020,W10004_0227/PHP02
W10004_0231/PHP02.WIH1.2020,W10004_0231/PHP02
W10004_0236/PHP02.WIH1.2020,W10004_0236/PHP02
W10004_0238/PHP02.WIH1.2020,W10004_0238/PHP02
W10004_0241/PHP02.WIH1.2020,W10004_0241/PHP02
W10004_0242/PHP02.WIH1.2020,W10004_0242/PHP02
W10004_0253/PHP02.WIH1.2020,W10004_0253/PHP02
W10004_0254/PHP02.WIH1.2020,W10004_0254/PHP02
W10004_0256/PHP02.WIH1.2020,W10004_0256/PHP02
W10004_0258/PHP02.WIH1.2020,W10004_0258/PHP02
W10004_0261/PHP02.WIH1.2020,W10004_0261/PHP02
W10004_0262/PHP02.WIH1.2020,W10004_0262/PHP02
W10004_0264/PHP02.WIH1.2020,W10004_0264/PHP02
W10004_0268/PHP02.WIH1.2020,W10004_0268/PHP02
W10004_0270/PHP02.WIH1.2020,W10004_0270/PHP02
W10004_0271/PHP02.WIH1.2020,W10004_0271/PHP02
W10004_0276/PHP02.WIH1.2020,W10004_0276/PHP02
W10004_0290/PHP02.WIH1.2020,W10004_0290/PHP02
W10004_0291/PHP02.WIH1.2020,W10004_0291/PHP02
W10004_0292/PHP02.WIH1.2020,W10004_0292/PHP02
W10004_0299/PHP02.WIH1.2020,W10004_0299/PHP02
W10004_0306/PHP02.WIH1.2020,W10004_0306/PHP02
W10004_0308/PHP02.WIH1.2020,W10004_0308/PHP02
W10004_0309/PHP02.WIH1.2020,W10004_0309/PHP02
W10004_0310/PHP02.WIH1.2020,W10004_0310/PHP02
W10004_0311/PHP02.WIH1.2020,W10004_0311/PHP02
W10004_0327/PHP02.WIH1.2020,W10004_0327/PHP02
W10004_0329/PHP02.WIH1.2020,W10004_0329/PHP02
W10004_0336/PHP02.WIH1.2020,W10004_0336/PHP02
W10004_0344/PHP02.WIH1.2020,W10004_0344/PHP02
W10004_0346/PHP02.WIH1.2020,W10004_0346/PHP02
W10004_0361/PHP02.WIH1.2020,W10004_0361/PHP02
W10004_0362/PHP02.WIH1.2020,W10004_0362/PHP02
W10004_0380/PHP02.WIH1.2020,W10004_0380/PHP02
W10004_0381/PHP02.WIH1.2020,W10004_0381/PHP02
W10004_0383/PHP02.WIH1.2020,W10004_0383/PHP02
W10004_0389/PHP02.WIH1.2020,W10004_0389/PHP02
W10004_0393/PHP02.WIH1.2020,W10004_0393/PHP02
W10004_0394/PHP02.WIH1.2020,W10004_0394/PHP02
W10004_0395/PHP02.WIH1.2020,W10004_0395/PHP02
W10004_0396/PHP02.WIH1.2020,W10004_0396/PHP02
W10004_0403/PHP02.WIH1.2020,W10004_0403/PHP02
W10004_0409/PHP02.WIH1.2020,W10004_0409/PHP02
W10004_0410/PHP02.WIH1.2020,W10004_0410/PHP02
W10004_0412/PHP02.WIH1.2020,W10004_0412/PHP02
W10004_0417/PHP02.WIH1.2020,W10004_0417/PHP02
W10004_0419/PHP02.WIH1.2020,W10004_0419/PHP02
W10004_0424/PHP02.WIH1.2020,W10004_0424/PHP02
W10004_0427/PHP02.WIH1.2020,W10004_0427/PHP02
W10004_0430/PHP02.WIH1.2020,W10004_0430/PHP02
W10004_0465/PHP02.WIH1.2020,W10004_0465/PHP02
W10004_0467/PHP02.WIH1.2020,W10004_0467/PHP02
W10004_0474/PHP02.WIH1.2020,W10004_0474/PHP02
W10004_0476/PHP02.WIH1.2020,W10004_0476/PHP02
W10004_0487/PHP02.WIH1.2020,W10004_0487/PHP02
W10004_0498/PHP02.WIH1.2020,W10004_0498/PHP02
W10004_0501/PHP02.WIH1.2020,W10004_0501/PHP02
W10004_0505/PHP02.WIH1.2020,W10004_0505/PHP02
W10004_0601/PHP02.WIH1.2020,W10004_0601/PHP02
W10004_0602/PHP02.WIH1.2020,W10004_0602/PHP02
W10004_0608/PHP02.WIH1.2020,W10004_0608/PHP02
W10004_0612/PHP02.WIH1.2020,W10004_0612/PHP02
W10004_0614/PHP02.WIH1.2020,W10004_0614/PHP02
W10004_0616/PHP02.WIH1.2020,W10004_0616/PHP02
W10004_0618/PHP02.WIH1.2020,W10004_0618/PHP02
W10004_0619/PHP02.WIH1.2020,W10004_0619/PHP02
W10004_0620/PHP02.WIH1.2020,W10004_0620/PHP02
W10004_0622/PHP02.WIH1.2020,W10004_0622/PHP02
W10004_0624/PHP02.WIH1.2020,W10004_0624/PHP02
W10004_0625/PHP02.WIH1.2020,W10004_0625/PHP02
W10004_0626/PHP02.WIH1.2020,W10004_0626/PHP02
W10004_0628/PHP02.WIH1.2020,W10004_0628/PHP02
W10004_0631/PHP02.WIH1.2020,W10004_0631/PHP02
W10004_0632/PHP02.WIH1.2020,W10004_0632/PHP02
W10004_0636/PHP02.WIH1.2020,W10004_0636/PHP02
W10004_0637/PHP02.WIH1.2020,W10004_0637/PHP02
W10004_0639/PHP02.WIH1.2020,W10004_0639/PHP02
W10004_0644/PHP02.WIH1.2020,W10004_0644/PHP02
W10004_0645/PHP02.WIH1.2020,W10004_0645/PHP02
W10004_0646/PHP02.WIH1.2020,W10004_0646/PHP02
W10004_0649/PHP02.WIH1.2020,W10004_0649/PHP02
W10004_0650/PHP02.WIH1.2020,W10004_0650/PHP02
W10004_0651/PHP02.WIH1.2020,W10004_0651/PHP02
W10004_0654/PHP02.WIH1.2020,W10004_0654/PHP02
W10004_0658/PHP02.WIH1.2020,W10004_0658/PHP02
W10004_0659/PHP02.WIH1.2020,W10004_0659/PHP02
W10004_0661/PHP02.WIH1.2020,W10004_0661/PHP02
W10004_0664/PHP02.WIH1.2020,W10004_0664/PHP02
W10004_0667/PHP02.WIH1.2020,W10004_0667/PHP02
W10004_0669/PHP02.WIH1.2020,W10004_0669/PHP02
W10004_0672/PHP02.WIH1.2020,W10004_0672/PHP02
W10004_0673/PHP02.WIH1.2020,W10004_0673/PHP02
W10004_0674/PHP02.WIH1.2020,W10004_0674/PHP02
W10004_0675/PHP02.WIH1.2020,W10004_0675/PHP02
W10004_0678/PHP02.WIH1.2020,W10004_0678/PHP02
W10004_0680/PHP02.WIH1.2020,W10004_0680/PHP02
W10004_0682/PHP02.WIH1.2020,W10004_0682/PHP02
W10004_0684/PHP02.WIH1.2020,W10004_0684/PHP02
W10004_0685/PHP02.WIH1.2020,W10004_0685/PHP02
W10004_0687/PHP02.WIH1.2020,W10004_0687/PHP02
W10004_0688/PHP02.WIH1.2020,W10004_0688/PHP02
W10004_0689/PHP02.WIH1.2020,W10004_0689/PHP02
W10004_0691/PHP02.WIH1.2020,W10004_0691/PHP02
W10004_0695/PHP02.WIH1.2020,W10004_0695/PHP02
W10004_0696/PHP02.WIH1.2020,W10004_0696/PHP02
W10004_0697/PHP02.WIH1.2020,W10004_0697/PHP02
W10004_0701/PHP02.WIH1.2020,W10004_0701/PHP02
W10004_0702/PHP02.WIH1.2020,W10004_0702/PHP02
W10004_0703/PHP02.WIH1.2020,W10004_0703/PHP02
W10004_0704/PHP02.WIH1.2020,W10004_0704/PHP02
W10004_0705/PHP02.WIH1.2020,W10004_0705/PHP02
W10004_0707/PHP02.WIH1.2020,W10004_0707/PHP02
W10004_0711/PHP02.WIH1.2020,W10004_0711/PHP02
W10004_0712/PHP02.WIH1.2020,W10004_0712/PHP02
W10004_0713/PHP02.WIH1.2020,W10004_0713/PHP02
W10004_0714/PHP02.WIH1.2020,W10004_0714/PHP02
W10004_0715/PHP02.WIH1.2020,W10004_0715/PHP02
W10004_0717/PHP02.WIH1.2020,W10004_0717/PHP02
W10004_0723/PHP02.WIH1.2020,W10004_0723/PHP02
W10004_0727/PHP02.WIH1.2020,W10004_0727/PHP02
W10004_0729/PHP02.WIH1.2020,W10004_0729/PHP02
W10004_0732/PHP02.WIH1.2020,W10004_0732/PHP02
W10004_0733/PHP02.WIH1.2020,W10004_0733/PHP02
W10004_0734/PHP02.WIH1.2020,W10004_0734/PHP02
W10004_0736/PHP02.WIH1.2020,W10004_0736/PHP02
W10004_0741/PHP02.WIH1.2020,W10004_0741/PHP02
W10004_0745/PHP02.WIH1.2020,W10004_0745/PHP02
W10004_0746/PHP02.WIH1.2020,W10004_0746/PHP02
W10004_0747/PHP02.WIH1.2020,W10004_0747/PHP02
W10004_0751/PHP02.WIH1.2020,W10004_0751/PHP02
W10004_0754/PHP02.WIH1.2020,W10004_0754/PHP02
W10004_0756/PHP02.WIH1.2020,W10004_0756/PHP02
W10004_0757/PHP02.WIH1.2020,W10004_0757/PHP02
W10004_0760/PHP02.WIH1.2020,W10004_0760/PHP02
W10004_0768/PHP02.WIH1.2020,W10004_0768/PHP02
W10004_0771/PHP02.WIH1.2020,W10004_0771/PHP02
W10004_0773/PHP02.WIH1.2020,W10004_0773/PHP02
W10004_0774/PHP02.WIH1.2020,W10004_0774/PHP02
W10004_0775/PHP02.WIH1.2020,W10004_0775/PHP02
W10004_0776/PHP02.WIH1.2020,W10004_0776/PHP02
W10004_0779/PHP02.WIH1.2020,W10004_0779/PHP02
W10004_0781/PHP02.WIH1.2020,W10004_0781/PHP02
W10004_0782/PHP02.WIH1.2020,W10004_0782/PHP02
W10004_0783/PHP02.WIH1.2020,W10004_0783/PHP02
W10004_0784/PHP02.WIH1.2020,W10004_0784/PHP02
W10004_0787/PHP02.WIH1.2020,W10004_0787/PHP02
W10004_0789/PHP02.WIH1.2020,W10004_0789/PHP02
W10004_0792/PHP02.WIH1.2020,W10004_0792/PHP02
W10004_0794/PHP02.WIH1.2020,W10004_0794/PHP02
W10004_0795/PHP02.WIH1.2020,W10004_0795/PHP02
W10004_0798/PHP02.WIH1.2020,W10004_0798/PHP02
W10004_0799/PHP02.WIH1.2020,W10004_0799/PHP02
W10004_0800/PHP02.WIH1.2020,W10004_0800/PHP02
W10004_0801/PHP02.WIH1.2020,W10004_0801/PHP02
W10004_0802/PHP02.WIH1.2020,W10004_0802/PHP02
W10004_0803/PHP02.WIH1.2020,W10004_0803/PHP02
W10004_0806/PHP02.WIH1.2020,W10004_0806/PHP02
W10004_0807/PHP02.WIH1.2020,W10004_0807/PHP02
W10004_0812/PHP02.WIH1.2020,W10004_0812/PHP02
W10004_0814/PHP02.WIH1.2020,W10004_0814/PHP02
W10004_0815/PHP02.WIH1.2020,W10004_0815/PHP02
W10004_0818/PHP02.WIH1.2020,W10004_0818/PHP02
W10004_0819/PHP02.WIH1.2020,W10004_0819/PHP02
W10004_0820/PHP02.WIH1.2020,W10004_0820/PHP02
W10004_0822/PHP02.WIH1.2020,W10004_0822/PHP02
W10004_0823/PHP02.WIH1.2020,W10004_0823/PHP02
W10004_0826/PHP02.WIH1.2020,W10004_0826/PHP02
W10004_0827/PHP02.WIH1.2020,W10004_0827/PHP02
W10004_0828/PHP02.WIH1.2020,W10004_0828/PHP02
W10004_0830/PHP02.WIH1.2020,W10004_0830/PHP02
W10004_0832/PHP02.WIH1.2020,W10004_0832/PHP02
W10004_0833/PHP02.WIH1.2020,W10004_0833/PHP02
W10004_0834/PHP02.WIH1.2020,W10004_0834/PHP02
W10004_0836/PHP02.WIH1.2020,W10004_0836/PHP02
W10004_0837/PHP02.WIH1.2020,W10004_0837/PHP02
W10004_0840/PHP02.WIH1.2020,W10004_0840/PHP02
W10004_0842/PHP02.WIH1.2020,W10004_0842/PHP02
W10004_0843/PHP02.WIH1.2020,W10004_0843/PHP02
W10004_0844/PHP02.WIH1.2020,W10004_0844/PHP02
W10004_0847/PHP02.WIH1.2020,W10004_0847/PHP02
W10004_0848/PHP02.WIH1.2020,W10004_0848/PHP02
W10004_0851/PHP02.WIH1.2020,W10004_0851/PHP02
W10004_0852/PHP02.WIH1.2020,W10004_0852/PHP02
W10004_0856/PHP02.WIH1.2020,W10004_0856/PHP02
W10004_0858/PHP02.WIH1.2020,W10004_0858/PHP02
W10004_0859/PHP02.WIH1.2020,W10004_0859/PHP02
W10004_0866/PHP02.WIH1.2020,W10004_0866/PHP02
W10004_0868/PHP02.WIH1.2020,W10004_0868/PHP02
W10004_0869/PHP02.WIH1.2020,W10004_0869/PHP02
W10004_0876/PHP02.WIH1.2020,W10004_0876/PHP02
W10004_0877/PHP02.WIH1.2020,W10004_0877/PHP02
W10004_0879/PHP02.WIH1.2020,W10004_0879/PHP02
W10004_0884/PHP02.WIH1.2020,W10004_0884/PHP02
W10004_0885/PHP02.WIH1.2020,W10004_0885/PHP02
W10004_0886/PHP02.WIH1.2020,W10004_0886/PHP02
W10004_0888/PHP02.WIH1.2020,W10004_0888/PHP02
W10004_0889/PHP02.WIH1.2020,W10004_0889/PHP02
W10004_0891/PHP02.WIH1.2020,W10004_0891/PHP02
W10004_0892/PHP02.WIH1.2020,W10004_0892/PHP02
W10004_0894/PHP02.WIH1.2020,W10004_0894/PHP02
W10004_0900/PHP02.WIH1.2020,W10004_0900/PHP02
W10004_0901/PHP02.WIH1.2020,W10004_0901/PHP02
W10004_0907/PHP02.WIH1.2020,W10004_0907/PHP02
W10004_0913/PHP02.WIH1.2020,W10004_0913/PHP02
W10004_0914/PHP02.WIH1.2020,W10004_0914/PHP02
W10004_0916/PHP02.WIH1.2020,W10004_0916/PHP02
W10004_0918/PHP02.WIH1.2020,W10004_0918/PHP02
W10004_0920/PHP02.WIH1.2020,W10004_0920/PHP02
W10004_0922/PHP02.WIH1.2020,W10004_0922/PHP02
W10004_0928/PHP02.WIH1.2020,W10004_0928/PHP02
W10004_0930/PHP02.WIH1.2020,W10004_0930/PHP02
W10004_0932/PHP02.WIH1.2020,W10004_0932/PHP02
W10004_0935/PHP02.WIH1.2020,W10004_0935/PHP02
W10004_0938/PHP02.WIH1.2020,W10004_0938/PHP02
W10004_0940/PHP02.WIH1.2020,W10004_0940/PHP02
W10004_0943/PHP02.WIH1.2020,W10004_0943/PHP02
W10004_0949/PHP02.WIH1.2020,W10004_0949/PHP02
W10004_0950/PHP02.WIH1.2020,W10004_0950/PHP02
W10004_0951/PHP02.WIH1.2020,W10004_0951/PHP02
W10004_0953/PHP02.WIH1.2020,W10004_0953/PHP02
W10004_0955/PHP02.WIH1.2020,W10004_0955/PHP02
W10004_0956/PHP02.WIH1.2020,W10004_0956/PHP02
W10004_0963/PHP02.WIH1.2020,W10004_0963/PHP02
W10004_0964/PHP02.WIH1.2020,W10004_0964/PHP02
W10004_0965/PHP02.WIH1.2020,W10004_0965/PHP02
W10004_0966/PHP02.WIH1.2020,W10004_0966/PHP02
W10004_0969/PHP02.WIH1.2020,W10004_0969/PHP02
W10004_0970/PHP02.WIH1.2020,W10004_0970/PHP02
W10004_0971/PHP02.WIH1.2020,W10004_0971/PHP02
W10004_0974/PHP02.WIH1.2020,W10004_0974/PHP02
W10004_0975/PHP02.WIH1.2020,W10004_0975/PHP02
W10004_0981/PHP02.WIH1.2020,W10004_0981/PHP02
W10004_0982/PHP02.WIH1.2020,W10004_0982/PHP02
W10004_0984/PHP02.WIH1.2020,W10004_0984/PHP02
W10004_0988/PHP02.WIH1.2020,W10004_0988/PHP02
W10004_0991/PHP02.WIH1.2020,W10004_0991/PHP02
W10004_0996/PHP02.WIH1.2020,W10004_0996/PHP02
W10004_0997/PHP02.WIH1.2020,W10004_0997/PHP02
W10004_1000/PHP02.WIH1.2020,W10004_1000/PHP02
W10004_1001/PHP02.WIH1.2020,W10004_1001/PHP02
W10004_1002/PHP02.WIH1.2020,W10004_1002/PHP02
W10004_1004/PHP02.WIH1.2020,W10004_1004/PHP02
W10004_1007/PHP02.WIH1.2020,W10004_1007/PHP02
W10004_1011/PHP02.WIH1.2020,W10004_1011/PHP02
W10004_1014/PHP02.WIH1.2020,W10004_1014/PHP02
W10004_1015/PHP02.WIH1.2020,W10004_1015/PHP02
W10004_1018/PHP02.WIH1.2020,W10004_1018/PHP02
W10004_1020/PHP02.WIH1.2020,W10004_1020/PHP02
W10004_1032/PHP02.WIH1.2020,W10004_1032/PHP02
W10004_1037/PHP02.WIH1.2020,W10004_1037/PHP02
W10004_1045/PHP02.WIH1.2020,W10004_1045/PHP02
W10004_1052/PHP02.WIH1.2020,W10004_1052/PHP02
W10004_1057/PHP02.WIH1.2020,W10004_1057/PHP02
W10004_1063/PHP02.WIH1.2020,W10004_1063/PHP02
W10004_1064/PHP02.WIH1.2020,W10004_1064/PHP02
W10004_1072/PHP02.WIH1.2020,W10004_1072/PHP02
W10004_1080/PHP02.WIH1.2020,W10004_1080/PHP02
W10004_1081/PHP02.WIH1.2020,W10004_1081/PHP02
W10004_1084/PHP02.WIH1.2020,W10004_1084/PHP02
W10004_1099/PHP02.WIH1.2020,W10004_1099/PHP02
W10004_1104/PHP02.WIH1.2020,W10004_1104/PHP02
W10004_1105/PHP02.WIH1.2020,W10004_1105/PHP02
W10004_1112/PHP02.WIH1.2020,W10004_1112/PHP02
W10004_1117/PHP02.WIH1.2020,W10004_1117/PHP02
W10004_1118/PHP02.WIH1.2020,W10004_1118/PHP02
W10004_1123/PHP02.WIH1.2020,W10004_1123/PHP02
W10004_1140/PHP02.WIH1.2020,W10004_1140/PHP02
W10004_1143/PHP02.WIH1.2020,W10004_1143/PHP02
W10004_1146/PHP02.WIH1.2020,W10004_1146/PHP02
W10004_1156/PHP02.WIH1.2020,W10004_1156/PHP02
B14A/H95.WIH1.2021,B14A/H95
B14A/MO17.WIH1.2021,B14A/MO17
B14A/OH43.WIH1.2021,B14A/OH43
B37/H95.WIH1.2021,B37/H95
B37/MO17.WIH1.2021,B37/MO17
B37/OH43.WIH1.2021,B37/OH43
B73/MO17.WIH1.2021,B73/MO17
B73/PHM49.WIH1.2021,B73/PHM49
B73/PHN82.WIH1.2021,B73/PHN82
B73/TX779.WIH1.2021,B73/TX779
CG119/CG108.WIH1.2021,CG119/CG108
CG44/CGR01.WIH1.2021,CG44/CGR01
F42/H95.WIH1.2021,F42/H95
F42/MO17.WIH1.2021,F42/MO17
F42/OH43.WIH1.2021,F42/OH43
LH74/PHN82.WIH1.2021,LH74/PHN82
PHB47/PHN82.WIH1.2021,PHB47/PHN82
PHG39/PHN82.WIH1.2021,PHG39/PHN82
PHW52/PHM49.WIH1.2021,PHW52/PHM49
PHW52/PHN82.WIH1.2021,PHW52/PHN82
TX714/TX779.WIH1.2021,TX714/TX779
TX777/LH195.WIH1.2021,TX777/LH195
TX779/LH195.WIH1.2021,TX779/LH195
W10004_0006/PHP02.WIH1.2021,W10004_0006/PHP02
W10004_0007/PHP02.WIH1.2021,W10004_0007/PHP02
W10004_0008/PHP02.WIH1.2021,W10004_0008/PHP02
W10004_0010/PHP02.WIH1.2021,W10004_0010/PHP02
W10004_0011/PHP02.WIH1.2021,W10004_0011/PHP02
W10004_0013/PHP02.WIH1.2021,W10004_0013/PHP02
W10004_0014/PHP02.WIH1.2021,W10004_0014/PHP02
W10004_0018/PHP02.WIH1.2021,W10004_0018/PHP02
W10004_0026/PHP02.WIH1.2021,W10004_0026/PHP02
W10004_0027/PHP02.WIH1.2021,W10004_0027/PHP02
W10004_0031/PHP02.WIH1.2021,W10004_0031/PHP02
W10004_0032/PHP02.WIH1.2021,W10004_0032/PHP02
W10004_0034/PHP02.WIH1.2021,W10004_0034/PHP02
W10004_0035/PHP02.WIH1.2021,W10004_0035/PHP02
W10004_0037/PHP02.WIH1.2021,W10004_0037/PHP02
W10004_0038/PHP02.WIH1.2021,W10004_0038/PHP02
W10004_0039/PHP02.WIH1.2021,W10004_0039/PHP02
W10004_0041/PHP02.WIH1.2021,W10004_0041/PHP02
W10004_0042/PHP02.WIH1.2021,W10004_0042/PHP02
W10004_0045/PHP02.WIH1.2021,W10004_0045/PHP02
W10004_0046/PHP02.WIH1.2021,W10004_0046/PHP02
W10004_0047/PHP02.WIH1.2021,W10004_0047/PHP02
W10004_0053/PHP02.WIH1.2021,W10004_0053/PHP02
W10004_0055/PHP02.WIH1.2021,W10004_0055/PHP02
W10004_0059/PHP02.WIH1.2021,W10004_0059/PHP02
W10004_0061/PHP02.WIH1.2021,W10004_0061/PHP02
W10004_0062/PHP02.WIH1.2021,W10004_0062/PHP02
W10004_0063/PHP02.WIH1.2021,W10004_0063/PHP02
W10004_0064/PHP02.WIH1.2021,W10004_0064/PHP02
W10004_0065/PHP02.WIH1.2021,W10004_0065/PHP02
W10004_0068/PHP02.WIH1.2021,W10004_0068/PHP02
W10004_0069/PHP02.WIH1.2021,W10004_0069/PHP02
W10004_0070/PHP02.WIH1.2021,W10004_0070/PHP02
W10004_0071/PHP02.WIH1.2021,W10004_0071/PHP02
W10004_0072/PHP02.WIH1.2021,W10004_0072/PHP02
W10004_0073/PHP02.WIH1.2021,W10004_0073/PHP02
W10004_0076/PHP02.WIH1.2021,W10004_0076/PHP02
W10004_0078/PHP02.WIH1.2021,W10004_0078/PHP02
W10004_0079/PHP02.WIH1.2021,W10004_0079/PHP02
W10004_0080/PHP02.WIH1.2021,W10004_0080/PHP02
W10004_0086/PHP02.WIH1.2021,W10004_0086/PHP02
W10004_0087/PHP02.WIH1.2021,W10004_0087/PHP02
W10004_0092/PHP02.WIH1.2021,W10004_0092/PHP02
W10004_0093/PHP02.WIH1.2021,W10004_0093/PHP02
W10004_0095/PHP02.WIH1.2021,W10004_0095/PHP02
W10004_0097/PHP02.WIH1.2021,W10004_0097/PHP02
W10004_0098/PHP02.WIH1.2021,W10004_0098/PHP02
W10004_0099/PHP02.WIH1.2021,W10004_0099/PHP02
W10004_0101/PHP02.WIH1.2021,W10004_0101/PHP02
W10004_0103/PHP02.WIH1.2021,W10004_0103/PHP02
W10004_0106/PHP02.WIH1.2021,W10004_0106/PHP02
W10004_0110/PHP02.WIH1.2021,W10004_0110/PHP02
W10004_0112/PHP02.WIH1.2021,W10004_0112/PHP02
W10004_0115/PHP02.WIH1.2021,W10004_0115/PHP02
W10004_0116/PHP02.WIH1.2021,W10004_0116/PHP02
W10004_0118/PHP02.WIH1.2021,W10004_0118/PHP02
W10004_0119/PHP02.WIH1.2021,W10004_0119/PHP02
W10004_0121/PHP02.WIH1.2021,W10004_0121/PHP02
W10004_0122/PHP02.WIH1.2021,W10004_0122/PHP02
W10004_0127/PHP02.WIH1.2021,W10004_0127/PHP02
W10004_0129/PHP02.WIH1.2021,W10004_0129/PHP02
W10004_0132/PHP02.WIH1.2021,W10004_0132/PHP02
W10004_0133/PHP02.WIH1.2021,W10004_0133/PHP02
W10004_0134/PHP02.WIH1.2021,W10004_0134/PHP02
W10004_0138/PHP02.WIH1.2021,W10004_0138/PHP02
W10004_0140/PHP02.WIH1.2021,W10004_0140/PHP02
W10004_0144/PHP02.WIH1.2021,W10004_0144/PHP02
W10004_0146/PHP02.WIH1.2021,W10004_0146/PHP02
W10004_0147/PHP02.WIH1.2021,W10004_0147/PHP02
W10004_0148/PHP02.WIH1.2021,W10004_0148/PHP02
W10004_0149/PHP02.WIH1.2021,W10004_0149/PHP02
W10004_0150/PHP02.WIH1.2021,W10004_0150/PHP02
W10004_0152/PHP02.WIH1.2021,W10004_0152/PHP02
W10004_0153/PHP02.WIH1.2021,W10004_0153/PHP02
W10004_0154/PHP02.WIH1.2021,W10004_0154/PHP02
W10004_0160/PHP02.WIH1.2021,W10004_0160/PHP02
W10004_0161/PHP02.WIH1.2021,W10004_0161/PHP02
W10004_0166/PHP02.WIH1.2021,W10004_0166/PHP02
W10004_0167/PHP02.WIH1.2021,W10004_0167/PHP02
W10004_0168/PHP02.WIH1.2021,W10004_0168/PHP02
W10004_0169/PHP02.WIH1.2021,W10004_0169/PHP02
W10004_0171/PHP02.WIH1.2021,W10004_0171/PHP02
W10004_0178/PHP02.WIH1.2021,W10004_0178/PHP02
W10004_0179/PHP02.WIH1.2021,W10004_0179/PHP02
W10004_0185/PHP02.WIH1.2021,W10004_0185/PHP02
W10004_0189/PHP02.WIH1.2021,W10004_0189/PHP02
W10004_0190/PHP02.WIH1.2021,W10004_0190/PHP02
W10004_0192/PHP02.WIH1.2021,W10004_0192/PHP02
W10004_0194/PHP02.WIH1.2021,W10004_0194/PHP02
W10004_0196/PHP02.WIH1.2021,W10004_0196/PHP02
W10004_0197/PHP02.WIH1.2021,W10004_0197/PHP02
W10004_0199/PHP02.WIH1.2021,W10004_0199/PHP02
W10004_0200/PHP02.WIH1.2021,W10004_0200/PHP02
W10004_0203/PHP02.WIH1.2021,W10004_0203/PHP02
W10004_0204/PHP02.WIH1.2021,W10004_0204/PHP02
W10004_0206/PHP02.WIH1.2021,W10004_0206/PHP02
W10004_0212/PHP02.WIH1.2021,W10004_0212/PHP02
W10004_0213/PHP02.WIH1.2021,W10004_0213/PHP02
W10004_0217/PHP02.WIH1.2021,W10004_0217/PHP02
W10004_0220/PHP02.WIH1.2021,W10004_0220/PHP02
W10004_0221/PHP02.WIH1.2021,W10004_0221/PHP02
W10004_0223/PHP02.WIH1.2021,W10004_0223/PHP02
W10004_0224/PHP02.WIH1.2021,W10004_0224/PHP02
W10004_0225/PHP02.WIH1.2021,W10004_0225/PHP02
W10004_0227/PHP02.WIH1.2021,W10004_0227/PHP02
W10004_0231/PHP02.WIH1.2021,W10004_0231/PHP02
W10004_0236/PHP02.WIH1.2021,W10004_0236/PHP02
W10004_0238/PHP02.WIH1.2021,W10004_0238/PHP02
W10004_0241/PHP02.WIH1.2021,W10004_0241/PHP02
W10004_0242/PHP02.WIH1.2021,W10004_0242/PHP02
W10004_0253/PHP02.WIH1.2021,W10004_0253/PHP02
W10004_0254/PHP02.WIH1.2021,W10004_0254/PHP02
W10004_0256/PHP02.WIH1.2021,W10004_0256/PHP02
W10004_0258/PHP02.WIH1.2021,W10004_0258/PHP02
W10004_0261/PHP02.WIH1.2021,W10004_0261/PHP02
W10004_0262/PHP02.WIH1.2021,W10004_0262/PHP02
W10004_0264/PHP02.WIH1.2021,W10004_0264/PHP02
W10004_0268/PHP02.WIH1.2021,W10004_0268/PHP02
W10004_0270/PHP02.WIH1.2021,W10004_0270/PHP02
W10004_0271/PHP02.WIH1.2021,W10004_0271/PHP02
W10004_0276/PHP02.WIH1.2021,W10004_0276/PHP02
W10004_0290/PHP02.WIH1.2021,W10004_0290/PHP02
W10004_0291/PHP02.WIH1.2021,W10004_0291/PHP02
W10004_0292/PHP02.WIH1.2021,W10004_0292/PHP02
W10004_0299/PHP02.WIH1.2021,W10004_0299/PHP02
W10004_0306/PHP02.WIH1.2021,W10004_0306/PHP02
W10004_0308/PHP02.WIH1.2021,W10004_0308/PHP02
W10004_0309/PHP02.WIH1.2021,W10004_0309/PHP02
W10004_0310/PHP02.WIH1.2021,W10004_0310/PHP02
W10004_0311/PHP02.WIH1.2021,W10004_0311/PHP02
W10004_0327/PHP02.WIH1.2021,W10004_0327/PHP02
W10004_0329/PHP02.WIH1.2021,W10004_0329/PHP02
W10004_0336/PHP02.WIH1.2021,W10004_0336/PHP02
W10004_0344/PHP02.WIH1.2021,W10004_0344/PHP02
W10004_0346/PHP02.WIH1.2021,W10004_0346/PHP02
W10004_0361/PHP02.WIH1.2021,W10004_0361/PHP02
W10004_0362/PHP02.WIH1.2021,W10004_0362/PHP02
W10004_0380/PHP02.WIH1.2021,W10004_0380/PHP02
W10004_0381/PHP02.WIH1.2021,W10004_0381/PHP02
W10004_0383/PHP02.WIH1.2021,W10004_0383/PHP02
W10004_0389/PHP02.WIH1.2021,W10004_0389/PHP02
W10004_0393/PHP02.WIH1.2021,W10004_0393/PHP02
W10004_0394/PHP02.WIH1.2021,W10004_0394/PHP02
W10004_0395/PHP02.WIH1.2021,W10004_0395/PHP02
W10004_0396/PHP02.WIH1.2021,W10004_0396/PHP02
W10004_0403/PHP02.WIH1.2021,W10004_0403/PHP02
W10004_0409/PHP02.WIH1.2021,W10004_0409/PHP02
W10004_0410/PHP02.WIH1.2021,W10004_0410/PHP02
W10004_0412/PHP02.WIH1.2021,W10004_0412/PHP02
W10004_0417/PHP02.WIH1.2021,W10004_0417/PHP02
W10004_0419/PHP02.WIH1.2021,W10004_0419/PHP02
W10004_0424/PHP02.WIH1.2021,W10004_0424/PHP02
W10004_0427/PHP02.WIH1.2021,W10004_0427/PHP02
W10004_0430/PHP02.WIH1.2021,W10004_0430/PHP02
W10004_0465/PHP02.WIH1.2021,W10004_0465/PHP02
W10004_0467/PHP02.WIH1.2021,W10004_0467/PHP02
W10004_0474/PHP02.WIH1.2021,W10004_0474/PHP02
W10004_0476/PHP02.WIH1.2021,W10004_0476/PHP02
W10004_0487/PHP02.WIH1.2021,W10004_0487/PHP02
W10004_0498/PHP02.WIH1.2021,W10004_0498/PHP02
W10004_0501/PHP02.WIH1.2021,W10004_0501/PHP02
W10004_0505/PHP02.WIH1.2021,W10004_0505/PHP02
W10004_0601/PHP02.WIH1.2021,W10004_0601/PHP02
W10004_0602/PHP02.WIH1.2021,W10004_0602/PHP02
W10004_0608/PHP02.WIH1.2021,W10004_0608/PHP02
W10004_0612/PHP02.WIH1.2021,W10004_0612/PHP02
W10004_0614/PHP02.WIH1.2021,W10004_0614/PHP02
W10004_0616/PHP02.WIH1.2021,W10004_0616/PHP02
W10004_0618/PHP02.WIH1.2021,W10004_0618/PHP02
W10004_0619/PHP02.WIH1.2021,W10004_0619/PHP02
W10004_0620/PHP02.WIH1.2021,W10004_0620/PHP02
W10004_0622/PHP02.WIH1.2021,W10004_0622/PHP02
W10004_0624/PHP02.WIH1.2021,W10004_0624/PHP02
W10004_0625/PHP02.WIH1.2021,W10004_0625/PHP02
W10004_0626/PHP02.WIH1.2021,W10004_0626/PHP02
W10004_0628/PHP02.WIH1.2021,W10004_0628/PHP02
W10004_0631/PHP02.WIH1.2021,W10004_0631/PHP02
W10004_0632/PHP02.WIH1.2021,W10004_0632/PHP02
W10004_0636/PHP02.WIH1.2021,W10004_0636/PHP02
W10004_0637/PHP02.WIH1.2021,W10004_0637/PHP02
W10004_0639/PHP02.WIH1.2021,W10004_0639/PHP02
W10004_0644/PHP02.WIH1.2021,W10004_0644/PHP02
W10004_0645/PHP02.WIH1.2021,W10004_0645/PHP02
W10004_0646/PHP02.WIH1.2021,W10004_0646/PHP02
W10004_0649/PHP02.WIH1.2021,W10004_0649/PHP02
W10004_0650/PHP02.WIH1.2021,W10004_0650/PHP02
W10004_0651/PHP02.WIH1.2021,W10004_0651/PHP02
W10004_0654/PHP02.WIH1.2021,W10004_0654/PHP02
W10004_0658/PHP02.WIH1.2021,W10004_0658/PHP02
W10004_0659/PHP02.WIH1.2021,W10004_0659/PHP02
W10004_0661/PHP02.WIH1.2021,W10004_0661/PHP02
W10004_0664/PHP02.WIH1.2021,W10004_0664/PHP02
W10004_0667/PHP02.WIH1.2021,W10004_0667/PHP02
W10004_0669/PHP02.WIH1.2021,W10004_0669/PHP02
W10004_0672/PHP02.WIH1.2021,W10004_0672/PHP02
W10004_0673/PHP02.WIH1.2021,W10004_0673/PHP02
W10004_0674/PHP02.WIH1.2021,W10004_0674/PHP02
W10004_0675/PHP02.WIH1.2021,W10004_0675/PHP02
W10004_0678/PHP02.WIH1.2021,W10004_0678/PHP02
W10004_0680/PHP02.WIH1.2021,W10004_0680/PHP02
W10004_0682/PHP02.WIH1.2021,W10004_0682/PHP02
W10004_0684/PHP02.WIH1.2021,W10004_0684/PHP02
W10004_0685/PHP02.WIH1.2021,W10004_0685/PHP02
W10004_0687/PHP02.WIH1.2021,W10004_0687/PHP02
W10004_0688/PHP02.WIH1.2021,W10004_0688/PHP02
W10004_0689/PHP02.WIH1.2021,W10004_0689/PHP02
W10004_0691/PHP02.WIH1.2021,W10004_0691/PHP02
W10004_0695/PHP02.WIH1.2021,W10004_0695/PHP02
W10004_0696/PHP02.WIH1.2021,W10004_0696/PHP02
W10004_0697/PHP02.WIH1.2021,W10004_0697/PHP02
W10004_0701/PHP02.WIH1.2021,W10004_0701/PHP02
W10004_0702/PHP02.WIH1.2021,W10004_0702/PHP02
W10004_0703/PHP02.WIH1.2021,W10004_0703/PHP02
W10004_0704/PHP02.WIH1.2021,W10004_0704/PHP02
W10004_0705/PHP02.WIH1.2021,W10004_0705/PHP02
W10004_0707/PHP02.WIH1.2021,W10004_0707/PHP02
W10004_0711/PHP02.WIH1.2021,W10004_0711/PHP02
W10004_0712/PHP02.WIH1.2021,W10004_0712/PHP02
W10004_0713/PHP02.WIH1.2021,W10004_0713/PHP02
W10004_0714/PHP02.WIH1.2021,W10004_0714/PHP02
W10004_0715/PHP02.WIH1.2021,W10004_0715/PHP02
W10004_0717/PHP02.WIH1.2021,W10004_0717/PHP02
W10004_0723/PHP02.WIH1.2021,W10004_0723/PHP02
W10004_0727/PHP02.WIH1.2021,W10004_0727/PHP02
W10004_0729/PHP02.WIH1.2021,W10004_0729/PHP02
W10004_0732/PHP02.WIH1.2021,W10004_0732/PHP02
W10004_0733/PHP02.WIH1.2021,W10004_0733/PHP02
W10004_0734/PHP02.WIH1.2021,W10004_0734/PHP02
W10004_0736/PHP02.WIH1.2021,W10004_0736/PHP02
W10004_0741/PHP02.WIH1.2021,W10004_0741/PHP02
W10004_0745/PHP02.WIH1.2021,W10004_0745/PHP02
W10004_0746/PHP02.WIH1.2021,W10004_0746/PHP02
W10004_0747/PHP02.WIH1.2021,W10004_0747/PHP02
W10004_0751/PHP02.WIH1.2021,W10004_0751/PHP02
W10004_0754/PHP02.WIH1.2021,W10004_0754/PHP02
W10004_0756/PHP02.WIH1.2021,W10004_0756/PHP02
W10004_0757/PHP02.WIH1.2021,W10004_0757/PHP02
W10004_0760/PHP02.WIH1.2021,W10004_0760/PHP02
W10004_0768/PHP02.WIH1.2021,W10004_0768/PHP02
W10004_0771/PHP02.WIH1.2021,W10004_0771/PHP02
W10004_0773/PHP02.WIH1.2021,W10004_0773/PHP02
W10004_0774/PHP02.WIH1.2021,W10004_0774/PHP02
W10004_0775/PHP02.WIH1.2021,W10004_0775/PHP02
W10004_0776/PHP02.WIH1.2021,W10004_0776/PHP02
W10004_0779/PHP02.WIH1.2021,W10004_0779/PHP02
W10004_0781/PHP02.WIH1.2021,W10004_0781/PHP02
W10004_0782/PHP02.WIH1.2021,W10004_0782/PHP02
W10004_0783/PHP02.WIH1.2021,W10004_0783/PHP02
W10004_0784/PHP02.WIH1.2021,W10004_0784/PHP02
W10004_0787/PHP02.WIH1.2021,W10004_0787/PHP02
W10004_0789/PHP02.WIH1.2021,W10004_0789/PHP02
W10004_0792/PHP02.WIH1.2021,W10004_0792/PHP02
W10004_0794/PHP02.WIH1.2021,W10004_0794/PHP02
W10004_0795/PHP02.WIH1.2021,W10004_0795/PHP02
W10004_0798/PHP02.WIH1.2021,W10004_0798/PHP02
W10004_0799/PHP02.WIH1.2021,W10004_0799/PHP02
W10004_0800/PHP02.WIH1.2021,W10004_0800/PHP02
W10004_0801/PHP02.WIH1.2021,W10004_0801/PHP02
W10004_0802/PHP02.WIH1.2021,W10004_0802/PHP02
W10004_0803/PHP02.WIH1.2021,W10004_0803/PHP02
W10004_0806/PHP02.WIH1.2021,W10004_0806/PHP02
W10004_0807/PHP02.WIH1.2021,W10004_0807/PHP02
W10004_0812/PHP02.WIH1.2021,W10004_0812/PHP02
W10004_0814/PHP02.WIH1.2021,W10004_0814/PHP02
W10004_0815/PHP02.WIH1.2021,W10004_0815/PHP02
W10004_0818/PHP02.WIH1.2021,W10004_0818/PHP02
W10004_0819/PHP02.WIH1.2021,W10004_0819/PHP02
W10004_0820/PHP02.WIH1.2021,W10004_0820/PHP02
W10004_0822/PHP02.WIH1.2021,W10004_0822/PHP02
W10004_0823/PHP02.WIH1.2021,W10004_0823/PHP02
W10004_0826/PHP02.WIH1.2021,W10004_0826/PHP02
W10004_0827/PHP02.WIH1.2021,W10004_0827/PHP02
W10004_0828/PHP02.WIH1.2021,W10004_0828/PHP02
W10004_0830/PHP02.WIH1.2021,W10004_0830/PHP02
W10004_0832/PHP02.WIH1.2021,W10004_0832/PHP02
W10004_0833/PHP02.WIH1.2021,W10004_0833/PHP02
W10004_0834/PHP02.WIH1.2021,W10004_0834/PHP02
W10004_0836/PHP02.WIH1.2021,W10004_0836/PHP02
W10004_0837/PHP02.WIH1.2021,W10004_0837/PHP02
W10004_0840/PHP02.WIH1.2021,W10004_0840/PHP02
W10004_0842/PHP02.WIH1.2021,W10004_0842/PHP02
W10004_0843/PHP02.WIH1.2021,W10004_0843/PHP02
W10004_0844/PHP02.WIH1.2021,W10004_0844/PHP02
W10004_0847/PHP02.WIH1.2021,W10004_0847/PHP02
W10004_0848/PHP02.WIH1.2021,W10004_0848/PHP02
W10004_0851/PHP02.WIH1.2021,W10004_0851/PHP02
W10004_0852/PHP02.WIH1.2021,W10004_0852/PHP02
W10004_0856/PHP02.WIH1.2021,W10004_0856/PHP02
W10004_0858/PHP02.WIH1.2021,W10004_0858/PHP02
W10004_0859/PHP02.WIH1.2021,W10004_0859/PHP02
W10004_0866/PHP02.WIH1.2021,W10004_0866/PHP02
W10004_0868/PHP02.WIH1.2021,W10004_0868/PHP02
W10004_0869/PHP02.WIH1.2021,W10004_0869/PHP02
W10004_0876/PHP02.WIH1.2021,W10004_0876/PHP02
W10004_0877/PHP02.WIH1.2021,W10004_0877/PHP02
W10004_0879/PHP02.WIH1.2021,W10004_0879/PHP02
W10004_0884/PHP02.WIH1.2021,W10004_0884/PHP02
W10004_0885/PHP02.WIH1.2021,W10004_0885/PHP02
W10004_0886/PHP02.WIH1.2021,W10004_0886/PHP02
W10004_0888/PHP02.WIH1.2021,W10004_0888/PHP02
W10004_0889/PHP02.WIH1.2021,W10004_0889/PHP02
W10004_0891/PHP02.WIH1.2021,W10004_0891/PHP02
W10004_0892/PHP02.WIH1.2021,W10004_0892/PHP02
W10004_0894/PHP02.WIH1.2021,W10004_0894/PHP02
W10004_0896/PHP02.WIH1.2021,W10004_0896/PHP02
W10004_0900/PHP02.WIH1.2021,W10004_0900/PHP02
W10004_0901/PHP02.WIH1.2021,W10004_0901/PHP02
W10004_0907/PHP02.WIH1.2021,W10004_0907/PHP02
W10004_0913/PHP02.WIH1.2021,W10004_0913/PHP02
W10004_0914/PHP02.WIH1.2021,W10004_0914/PHP02
W10004_0916/PHP02.WIH1.2021,W10004_0916/PHP02
W10004_0918/PHP02.WIH1.2021,W10004_0918/PHP02
W10004_0920/PHP02.WIH1.2021,W10004_0920/PHP02
W10004_0922/PHP02.WIH1.2021,W10004_0922/PHP02
W10004_0928/PHP02.WIH1.2021,W10004_0928/PHP02
W10004_0930/PHP02.WIH1.2021,W10004_0930/PHP02
W10004_0932/PHP02.WIH1.2021,W10004_0932/PHP02
W10004_0935/PHP02.WIH1.2021,W10004_0935/PHP02
W10004_0938/PHP02.WIH1.2021,W10004_0938/PHP02
W10004_0940/PHP02.WIH1.2021,W10004_0940/PHP02
W10004_0943/PHP02.WIH1.2021,W10004_0943/PHP02
W10004_0949/PHP02.WIH1.2021,W10004_0949/PHP02
W10004_0950/PHP02.WIH1.2021,W10004_0950/PHP02
W10004_0951/PHP02.WIH1.2021,W10004_0951/PHP02
W10004_0953/PHP02.WIH1.2021,W10004_0953/PHP02
W10004_0955/PHP02.WIH1.2021,W10004_0955/PHP02
W10004_0956/PHP02.WIH1.2021,W10004_0956/PHP02
W10004_0963/PHP02.WIH1.2021,W10004_0963/PHP02
W10004_0964/PHP02.WIH1.2021,W10004_0964/PHP02
W10004_0965/PHP02.WIH1.2021,W10004_0965/PHP02
W10004_0966/PHP02.WIH1.2021,W10004_0966/PHP02
W10004_0969/PHP02.WIH1.2021,W10004_0969/PHP02
W10004_0970/PHP02.WIH1.2021,W10004_0970/PHP02
W10004_0971/PHP02.WIH1.2021,W10004_0971/PHP02
W10004_0974/PHP02.WIH1.2021,W10004_0974/PHP02
W10004_0975/PHP02.WIH1.2021,W10004_0975/PHP02
W10004_0981/PHP02.WIH1.2021,W10004_0981/PHP02
W10004_0982/PHP02.WIH1.2021,W10004_0982/PHP02
W10004_0984/PHP02.WIH1.2021,W10004_0984/PHP02
W10004_0988/PHP02.WIH1.2021,W10004_0988/PHP02
W10004_0991/PHP02.WIH1.2021,W10004_0991/PHP02
W10004_0996/PHP02.WIH1.2021,W10004_0996/PHP02
W10004_0997/PHP02.WIH1.2021,W10004_0997/PHP02
W10004_1000/PHP02.WIH1.2021,W10004_1000/PHP02
W10004_1001/PHP02.WIH1.2021,W10004_1001/PHP02
W10004_1002/PHP02.WIH1.2021,W10004_1002/PHP02
W10004_1004/PHP02.WIH1.2021,W10004_1004/PHP02
W10004_1007/PHP02.WIH1.2021,W10004_1007/PHP02
W10004_1011/PHP02.WIH1.2021,W10004_1011/PHP02
W10004_1014/PHP02.WIH1.2021,W10004_1014/PHP02
W10004_1015/PHP02.WIH1.2021,W10004_1015/PHP02
W10004_1018/PHP02.WIH1.2021,W10004_1018/PHP02
W10004_1020/PHP02.WIH1.2021,W10004_1020/PHP02
W10004_1032/PHP02.WIH1.2021,W10004_1032/PHP02
W10004_1037/PHP02.WIH1.2021,W10004_1037/PHP02
W10004_1045/PHP02.WIH1.2021,W10004_1045/PHP02
W10004_1052/PHP02.WIH1.2021,W10004_1052/PHP02
W10004_1057/PHP02.WIH1.2021,W10004_1057/PHP02
W10004_1063/PHP02.WIH1.2021,W10004_1063/PHP02
W10004_1064/PHP02.WIH1.2021,W10004_1064/PHP02
W10004_1072/PHP02.WIH1.2021,W10004_1072/PHP02
W10004_1080/PHP02.WIH1.2021,W10004_1080/PHP02
W10004_1081/PHP02.WIH1.2021,W10004_1081/PHP02
W10004_1084/PHP02.WIH1.2021,W10004_1084/PHP02
W10004_1099/PHP02.WIH1.2021,W10004_1099/PHP02
W10004_1104/PHP02.WIH1.2021,W10004_1104/PHP02
W10004_1105/PHP02.WIH1.2021,W10004_1105/PHP02
W10004_1112/PHP02.WIH1.2021,W10004_1112/PHP02
W10004_1117/PHP02.WIH1.2021,W10004_1117/PHP02
W10004_1118/PHP02.WIH1.2021,W10004_1118/PHP02
W10004_1123/PHP02.WIH1.2021,W10004_1123/PHP02
W10004_1140/PHP02.WIH1.2021,W10004_1140/PHP02
W10004_1143/PHP02.WIH1.2021,W10004_1143/PHP02
W10004_1146/PHP02.WIH1.2021,W10004_1146/PHP02
W10004_1156/PHP02.WIH1.2021,W10004_1156/PHP02
B14A/H95.WIH2.2020,B14A/H95
B14A/MO17.WIH2.2020,B14A/MO17
B14A/OH43.WIH2.2020,B14A/OH43
B37/H95.WIH2.2020,B37/H95
B37/MO17.WIH2.2020,B37/MO17
B37/OH43.WIH2.2020,B37/OH43
B73/MO17.WIH2.2020,B73/MO17
B73/PHM49.WIH2.2020,B73/PHM49
B73/PHN82.WIH2.2020,B73/PHN82
B73/TX779.WIH2.2020,B73/TX779
CG119/CG108.WIH2.2020,CG119/CG108
CG44/CGR01.WIH2.2020,CG44/CGR01
F42/H95.WIH2.2020,F42/H95
F42/MO17.WIH2.2020,F42/MO17
F42/OH43.WIH2.2020,F42/OH43
LH74/PHN82.WIH2.2020,LH74/PHN82
LH82/TX779.WIH2.2020,LH82/TX779
PB80/TX779.WIH2.2020,PB80/TX779
PHB47/PHN82.WIH2.2020,PHB47/PHN82
PHG39/PHN82.WIH2.2020,PHG39/PHN82
PHW52/PHM49.WIH2.2020,PHW52/PHM49
PHW52/PHN82.WIH2.2020,PHW52/PHN82
TX714/TX779.WIH2.2020,TX714/TX779
TX779/LH195.WIH2.2020,TX779/LH195
W10004_0006/PHK76.WIH2.2020,W10004_0006/PHK76
W10004_0006/PHP02.WIH2.2020,W10004_0006/PHP02
W10004_0006/PHZ51.WIH2.2020,W10004_0006/PHZ51
W10004_0007/PHK76.WIH2.2020,W10004_0007/PHK76
W10004_0007/PHP02.WIH2.2020,W10004_0007/PHP02
W10004_0007/PHZ51.WIH2.2020,W10004_0007/PHZ51
W10004_0008/PHK76.WIH2.2020,W10004_0008/PHK76
W10004_0008/PHP02.WIH2.2020,W10004_0008/PHP02
W10004_0008/PHZ51.WIH2.2020,W10004_0008/PHZ51
W10004_0010/PHK76.WIH2.2020,W10004_0010/PHK76
W10004_0010/PHP02.WIH2.2020,W10004_0010/PHP02
W10004_0010/PHZ51.WIH2.2020,W10004_0010/PHZ51
W10004_0011/PHK76.WIH2.2020,W10004_0011/PHK76
W10004_0011/PHP02.WIH2.2020,W10004_0011/PHP02
W10004_0011/PHZ51.WIH2.2020,W10004_0011/PHZ51
W10004_0013/PHK76.WIH2.2020,W10004_0013/PHK76
W10004_0013/PHP02.WIH2.2020,W10004_0013/PHP02
W10004_0013/PHZ51.WIH2.2020,W10004_0013/PHZ51
W10004_0014/PHK76.WIH2.2020,W10004_0014/PHK76
W10004_0014/PHP02.WIH2.2020,W10004_0014/PHP02
W10004_0014/PHZ51.WIH2.2020,W10004_0014/PHZ51
W10004_0018/PHK76.WIH2.2020,W10004_0018/PHK76
W10004_0018/PHP02.WIH2.2020,W10004_0018/PHP02
W10004_0018/PHZ51.WIH2.2020,W10004_0018/PHZ51
W10004_0019/PHZ51.WIH2.2020,W10004_0019/PHZ51
W10004_0026/PHK76.WIH2.2020,W10004_0026/PHK76
W10004_0026/PHP02.WIH2.2020,W10004_0026/PHP02
W10004_0026/PHZ51.WIH2.2020,W10004_0026/PHZ51
W10004_0027/PHK76.WIH2.2020,W10004_0027/PHK76
W10004_0027/PHP02.WIH2.2020,W10004_0027/PHP02
W10004_0027/PHZ51.WIH2.2020,W10004_0027/PHZ51
W10004_0031/PHK76.WIH2.2020,W10004_0031/PHK76
W10004_0031/PHP02.WIH2.2020,W10004_0031/PHP02
W10004_0031/PHZ51.WIH2.2020,W10004_0031/PHZ51
W10004_0032/PHK76.WIH2.2020,W10004_0032/PHK76
W10004_0032/PHP02.WIH2.2020,W10004_0032/PHP02
W10004_0032/PHZ51.WIH2.2020,W10004_0032/PHZ51
W10004_0034/PHK76.WIH2.2020,W10004_0034/PHK76
W10004_0034/PHP02.WIH2.2020,W10004_0034/PHP02
W10004_0034/PHZ51.WIH2.2020,W10004_0034/PHZ51
W10004_0035/PHK76.WIH2.2020,W10004_0035/PHK76
W10004_0035/PHP02.WIH2.2020,W10004_0035/PHP02
W10004_0035/PHZ51.WIH2.2020,W10004_0035/PHZ51
W10004_0037/PHK76.WIH2.2020,W10004_0037/PHK76
W10004_0037/PHP02.WIH2.2020,W10004_0037/PHP02
W10004_0037/PHZ51.WIH2.2020,W10004_0037/PHZ51
W10004_0038/PHK76.WIH2.2020,W10004_0038/PHK76
W10004_0038/PHP02.WIH2.2020,W10004_0038/PHP02
W10004_0038/PHZ51.WIH2.2020,W10004_0038/PHZ51
W10004_0039/PHK76.WIH2.2020,W10004_0039/PHK76
W10004_0039/PHP02.WIH2.2020,W10004_0039/PHP02
W10004_0039/PHZ51.WIH2.2020,W10004_0039/PHZ51
W10004_0041/PHK76.WIH2.2020,W10004_0041/PHK76
W10004_0041/PHP02.WIH2.2020,W10004_0041/PHP02
W10004_0041/PHZ51.WIH2.2020,W10004_0041/PHZ51
W10004_0042/PHK76.WIH2.2020,W10004_0042/PHK76
W10004_0042/PHP02.WIH2.2020,W10004_0042/PHP02
W10004_0042/PHZ51.WIH2.2020,W10004_0042/PHZ51
W10004_0045/PHK76.WIH2.2020,W10004_0045/PHK76
W10004_0045/PHP02.WIH2.2020,W10004_0045/PHP02
W10004_0045/PHZ51.WIH2.2020,W10004_0045/PHZ51
W10004_0046/PHK76.WIH2.2020,W10004_0046/PHK76
W10004_0046/PHP02.WIH2.2020,W10004_0046/PHP02
W10004_0046/PHZ51.WIH2.2020,W10004_0046/PHZ51
W10004_0047/PHK76.WIH2.2020,W10004_0047/PHK76
W10004_0047/PHP02.WIH2.2020,W10004_0047/PHP02
W10004_0047/PHZ51.WIH2.2020,W10004_0047/PHZ51
W10004_0053/PHK76.WIH2.2020,W10004_0053/PHK76
W10004_0053/PHP02.WIH2.2020,W10004_0053/PHP02
W10004_0053/PHZ51.WIH2.2020,W10004_0053/PHZ51
W10004_0055/PHK76.WIH2.2020,W10004_0055/PHK76
W10004_0055/PHP02.WIH2.2020,W10004_0055/PHP02
W10004_0055/PHZ51.WIH2.2020,W10004_0055/PHZ51
W10004_0059/PHK76.WIH2.2020,W10004_0059/PHK76
W10004_0059/PHP02.WIH2.2020,W10004_0059/PHP02
W10004_0059/PHZ51.WIH2.2020,W10004_0059/PHZ51
W10004_0061/PHK76.WIH2.2020,W10004_0061/PHK76
W10004_0061/PHP02.WIH2.2020,W10004_0061/PHP02
W10004_0061/PHZ51.WIH2.2020,W10004_0061/PHZ51
W10004_0062/PHK76.WIH2.2020,W10004_0062/PHK76
W10004_0062/PHP02.WIH2.2020,W10004_0062/PHP02
W10004_0062/PHZ51.WIH2.2020,W10004_0062/PHZ51
W10004_0063/PHK76.WIH2.2020,W10004_0063/PHK76
W10004_0063/PHP02.WIH2.2020,W10004_0063/PHP02
W10004_0063/PHZ51.WIH2.2020,W10004_0063/PHZ51
W10004_0064/PHK76.WIH2.2020,W10004_0064/PHK76
W10004_0064/PHP02.WIH2.2020,W10004_0064/PHP02
W10004_0064/PHZ51.WIH2.2020,W10004_0064/PHZ51
W10004_0065/PHK76.WIH2.2020,W10004_0065/PHK76
W10004_0065/PHP02.WIH2.2020,W10004_0065/PHP02
W10004_0065/PHZ51.WIH2.2020,W10004_0065/PHZ51
W10004_0068/PHK76.WIH2.2020,W10004_0068/PHK76
W10004_0068/PHP02.WIH2.2020,W10004_0068/PHP02
W10004_0068/PHZ51.WIH2.2020,W10004_0068/PHZ51
W10004_0069/PHK76.WIH2.2020,W10004_0069/PHK76
W10004_0069/PHP02.WIH2.2020,W10004_0069/PHP02
W10004_0069/PHZ51.WIH2.2020,W10004_0069/PHZ51
W10004_0070/PHK76.WIH2.2020,W10004_0070/PHK76
W10004_0070/PHP02.WIH2.2020,W10004_0070/PHP02
W10004_0070/PHZ51.WIH2.2020,W10004_0070/PHZ51
W10004_0071/PHK76.WIH2.2020,W10004_0071/PHK76
W10004_0071/PHP02.WIH2.2020,W10004_0071/PHP02
W10004_0071/PHZ51.WIH2.2020,W10004_0071/PHZ51
W10004_0072/PHK76.WIH2.2020,W10004_0072/PHK76
W10004_0072/PHP02.WIH2.2020,W10004_0072/PHP02
W10004_0072/PHZ51.WIH2.2020,W10004_0072/PHZ51
W10004_0073/PHK76.WIH2.2020,W10004_0073/PHK76
W10004_0073/PHP02.WIH2.2020,W10004_0073/PHP02
W10004_0073/PHZ51.WIH2.2020,W10004_0073/PHZ51
W10004_0076/PHK76.WIH2.2020,W10004_0076/PHK76
W10004_0076/PHP02.WIH2.2020,W10004_0076/PHP02
W10004_0076/PHZ51.WIH2.2020,W10004_0076/PHZ51
W10004_0078/PHK76.WIH2.2020,W10004_0078/PHK76
W10004_0078/PHP02.WIH2.2020,W10004_0078/PHP02
W10004_0078/PHZ51.WIH2.2020,W10004_0078/PHZ51
W10004_0079/PHK76.WIH2.2020,W10004_0079/PHK76
W10004_0079/PHP02.WIH2.2020,W10004_0079/PHP02
W10004_0079/PHZ51.WIH2.2020,W10004_0079/PHZ51
W10004_0080/PHK76.WIH2.2020,W10004_0080/PHK76
W10004_0080/PHP02.WIH2.2020,W10004_0080/PHP02
W10004_0080/PHZ51.WIH2.2020,W10004_0080/PHZ51
W10004_0086/PHK76.WIH2.2020,W10004_0086/PHK76
W10004_0086/PHP02.WIH2.2020,W10004_0086/PHP02
W10004_0086/PHZ51.WIH2.2020,W10004_0086/PHZ51
W10004_0087/PHK76.WIH2.2020,W10004_0087/PHK76
W10004_0087/PHP02.WIH2.2020,W10004_0087/PHP02
W10004_0087/PHZ51.WIH2.2020,W10004_0087/PHZ51
W10004_0092/PHK76.WIH2.2020,W10004_0092/PHK76
W10004_0092/PHP02.WIH2.2020,W10004_0092/PHP02
W10004_0092/PHZ51.WIH2.2020,W10004_0092/PHZ51
W10004_0093/PHK76.WIH2.2020,W10004_0093/PHK76
W10004_0093/PHP02.WIH2.2020,W10004_0093/PHP02
W10004_0093/PHZ51.WIH2.2020,W10004_0093/PHZ51
W10004_0095/PHK76.WIH2.2020,W10004_0095/PHK76
W10004_0095/PHP02.WIH2.2020,W10004_0095/PHP02
W10004_0095/PHZ51.WIH2.2020,W10004_0095/PHZ51
W10004_0097/PHK76.WIH2.2020,W10004_0097/PHK76
W10004_0097/PHP02.WIH2.2020,W10004_0097/PHP02
W10004_0097/PHZ51.WIH2.2020,W10004_0097/PHZ51
W10004_0098/PHK76.WIH2.2020,W10004_0098/PHK76
W10004_0098/PHP02.WIH2.2020,W10004_0098/PHP02
W10004_0098/PHZ51.WIH2.2020,W10004_0098/PHZ51
W10004_0099/PHK76.WIH2.2020,W10004_0099/PHK76
W10004_0099/PHP02.WIH2.2020,W10004_0099/PHP02
W10004_0099/PHZ51.WIH2.2020,W10004_0099/PHZ51
W10004_0101/PHK76.WIH2.2020,W10004_0101/PHK76
W10004_0101/PHZ51.WIH2.2020,W10004_0101/PHZ51
W10004_0103/PHK76.WIH2.2020,W10004_0103/PHK76
W10004_0103/PHP02.WIH2.2020,W10004_0103/PHP02
W10004_0103/PHZ51.WIH2.2020,W10004_0103/PHZ51
W10004_0106/PHK76.WIH2.2020,W10004_0106/PHK76
W10004_0106/PHP02.WIH2.2020,W10004_0106/PHP02
W10004_0106/PHZ51.WIH2.2020,W10004_0106/PHZ51
W10004_0110/PHK76.WIH2.2020,W10004_0110/PHK76
W10004_0110/PHP02.WIH2.2020,W10004_0110/PHP02
W10004_0110/PHZ51.WIH2.2020,W10004_0110/PHZ51
W10004_0112/PHK76.WIH2.2020,W10004_0112/PHK76
W10004_0112/PHP02.WIH2.2020,W10004_0112/PHP02
W10004_0112/PHZ51.WIH2.2020,W10004_0112/PHZ51
W10004_0115/PHK76.WIH2.2020,W10004_0115/PHK76
W10004_0115/PHP02.WIH2.2020,W10004_0115/PHP02
W10004_0115/PHZ51.WIH2.2020,W10004_0115/PHZ51
W10004_0116/PHK76.WIH2.2020,W10004_0116/PHK76
W10004_0116/PHP02.WIH2.2020,W10004_0116/PHP02
W10004_0116/PHZ51.WIH2.2020,W10004_0116/PHZ51
W10004_0118/PHK76.WIH2.2020,W10004_0118/PHK76
W10004_0118/PHP02.WIH2.2020,W10004_0118/PHP02
W10004_0118/PHZ51.WIH2.2020,W10004_0118/PHZ51
W10004_0119/PHK76.WIH2.2020,W10004_0119/PHK76
W10004_0119/PHP02.WIH2.2020,W10004_0119/PHP02
W10004_0119/PHZ51.WIH2.2020,W10004_0119/PHZ51
W10004_0121/PHK76.WIH2.2020,W10004_0121/PHK76
W10004_0121/PHP02.WIH2.2020,W10004_0121/PHP02
W10004_0121/PHZ51.WIH2.2020,W10004_0121/PHZ51
W10004_0122/PHK76.WIH2.2020,W10004_0122/PHK76
W10004_0122/PHP02.WIH2.2020,W10004_0122/PHP02
W10004_0122/PHZ51.WIH2.2020,W10004_0122/PHZ51
W10004_0127/PHK76.WIH2.2020,W10004_0127/PHK76
W10004_0127/PHP02.WIH2.2020,W10004_0127/PHP02
W10004_0127/PHZ51.WIH2.2020,W10004_0127/PHZ51
W10004_0129/PHK76.WIH2.2020,W10004_0129/PHK76
W10004_0129/PHP02.WIH2.2020,W10004_0129/PHP02
W10004_0129/PHZ51.WIH2.2020,W10004_0129/PHZ51
W10004_0132/PHK76.WIH2.2020,W10004_0132/PHK76
W10004_0132/PHP02.WIH2.2020,W10004_0132/PHP02
W10004_0132/PHZ51.WIH2.2020,W10004_0132/PHZ51
W10004_0133/PHK76.WIH2.2020,W10004_0133/PHK76
W10004_0133/PHP02.WIH2.2020,W10004_0133/PHP02
W10004_0133/PHZ51.WIH2.2020,W10004_0133/PHZ51
W10004_0134/PHK76.WIH2.2020,W10004_0134/PHK76
W10004_0134/PHP02.WIH2.2020,W10004_0134/PHP02
W10004_0134/PHZ51.WIH2.2020,W10004_0134/PHZ51
W10004_0138/PHK76.WIH2.2020,W10004_0138/PHK76
W10004_0138/PHP02.WIH2.2020,W10004_0138/PHP02
W10004_0138/PHZ51.WIH2.2020,W10004_0138/PHZ51
W10004_0140/PHK76.WIH2.2020,W10004_0140/PHK76
W10004_0140/PHP02.WIH2.2020,W10004_0140/PHP02
W10004_0140/PHZ51.WIH2.2020,W10004_0140/PHZ51
W10004_0144/PHK76.WIH2.2020,W10004_0144/PHK76
W10004_0144/PHP02.WIH2.2020,W10004_0144/PHP02
W10004_0144/PHZ51.WIH2.2020,W10004_0144/PHZ51
W10004_0146/PHK76.WIH2.2020,W10004_0146/PHK76
W10004_0146/PHP02.WIH2.2020,W10004_0146/PHP02
W10004_0146/PHZ51.WIH2.2020,W10004_0146/PHZ51
W10004_0147/PHK76.WIH2.2020,W10004_0147/PHK76
W10004_0147/PHP02.WIH2.2020,W10004_0147/PHP02
W10004_0147/PHZ51.WIH2.2020,W10004_0147/PHZ51
W10004_0148/PHK76.WIH2.2020,W10004_0148/PHK76
W10004_0148/PHP02.WIH2.2020,W10004_0148/PHP02
W10004_0148/PHZ51.WIH2.2020,W10004_0148/PHZ51
W10004_0149/PHK76.WIH2.2020,W10004_0149/PHK76
W10004_0149/PHP02.WIH2.2020,W10004_0149/PHP02
W10004_0149/PHZ51.WIH2.2020,W10004_0149/PHZ51
W10004_0150/PHK76.WIH2.2020,W10004_0150/PHK76
W10004_0150/PHP02.WIH2.2020,W10004_0150/PHP02
W10004_0150/PHZ51.WIH2.2020,W10004_0150/PHZ51
W10004_0152/PHK76.WIH2.2020,W10004_0152/PHK76
W10004_0152/PHP02.WIH2.2020,W10004_0152/PHP02
W10004_0152/PHZ51.WIH2.2020,W10004_0152/PHZ51
W10004_0153/PHK76.WIH2.2020,W10004_0153/PHK76
W10004_0153/PHP02.WIH2.2020,W10004_0153/PHP02
W10004_0153/PHZ51.WIH2.2020,W10004_0153/PHZ51
W10004_0154/PHK76.WIH2.2020,W10004_0154/PHK76
W10004_0154/PHP02.WIH2.2020,W10004_0154/PHP02
W10004_0154/PHZ51.WIH2.2020,W10004_0154/PHZ51
W10004_0160/PHK76.WIH2.2020,W10004_0160/PHK76
W10004_0160/PHP02.WIH2.2020,W10004_0160/PHP02
W10004_0160/PHZ51.WIH2.2020,W10004_0160/PHZ51
W10004_0161/PHK76.WIH2.2020,W10004_0161/PHK76
W10004_0161/PHP02.WIH2.2020,W10004_0161/PHP02
W10004_0161/PHZ51.WIH2.2020,W10004_0161/PHZ51
W10004_0166/PHK76.WIH2.2020,W10004_0166/PHK76
W10004_0166/PHP02.WIH2.2020,W10004_0166/PHP02
W10004_0166/PHZ51.WIH2.2020,W10004_0166/PHZ51
W10004_0167/PHK76.WIH2.2020,W10004_0167/PHK76
W10004_0167/PHP02.WIH2.2020,W10004_0167/PHP02
W10004_0167/PHZ51.WIH2.2020,W10004_0167/PHZ51
W10004_0168/PHK76.WIH2.2020,W10004_0168/PHK76
W10004_0168/PHP02.WIH2.2020,W10004_0168/PHP02
W10004_0168/PHZ51.WIH2.2020,W10004_0168/PHZ51
W10004_0169/PHK76.WIH2.2020,W10004_0169/PHK76
W10004_0169/PHZ51.WIH2.2020,W10004_0169/PHZ51
W10004_0171/PHK76.WIH2.2020,W10004_0171/PHK76
W10004_0171/PHP02.WIH2.2020,W10004_0171/PHP02
W10004_0171/PHZ51.WIH2.2020,W10004_0171/PHZ51
W10004_0178/PHK76.WIH2.2020,W10004_0178/PHK76
W10004_0178/PHP02.WIH2.2020,W10004_0178/PHP02
W10004_0178/PHZ51.WIH2.2020,W10004_0178/PHZ51
W10004_0179/PHK76.WIH2.2020,W10004_0179/PHK76
W10004_0179/PHP02.WIH2.2020,W10004_0179/PHP02
W10004_0179/PHZ51.WIH2.2020,W10004_0179/PHZ51
W10004_0185/PHK76.WIH2.2020,W10004_0185/PHK76
W10004_0185/PHP02.WIH2.2020,W10004_0185/PHP02
W10004_0185/PHZ51.WIH2.2020,W10004_0185/PHZ51
W10004_0189/PHK76.WIH2.2020,W10004_0189/PHK76
W10004_0189/PHP02.WIH2.2020,W10004_0189/PHP02
W10004_0189/PHZ51.WIH2.2020,W10004_0189/PHZ51
W10004_0190/PHK76.WIH2.2020,W10004_0190/PHK76
W10004_0190/PHP02.WIH2.2020,W10004_0190/PHP02
W10004_0190/PHZ51.WIH2.2020,W10004_0190/PHZ51
W10004_0192/PHK76.WIH2.2020,W10004_0192/PHK76
W10004_0192/PHP02.WIH2.2020,W10004_0192/PHP02
W10004_0192/PHZ51.WIH2.2020,W10004_0192/PHZ51
W10004_0194/PHK76.WIH2.2020,W10004_0194/PHK76
W10004_0194/PHP02.WIH2.2020,W10004_0194/PHP02
W10004_0194/PHZ51.WIH2.2020,W10004_0194/PHZ51
W10004_0196/PHK76.WIH2.2020,W10004_0196/PHK76
W10004_0196/PHP02.WIH2.2020,W10004_0196/PHP02
W10004_0196/PHZ51.WIH2.2020,W10004_0196/PHZ51
W10004_0197/PHK76.WIH2.2020,W10004_0197/PHK76
W10004_0197/PHP02.WIH2.2020,W10004_0197/PHP02
W10004_0197/PHZ51.WIH2.2020,W10004_0197/PHZ51
W10004_0199/PHK76.WIH2.2020,W10004_0199/PHK76
W10004_0199/PHP02.WIH2.2020,W10004_0199/PHP02
W10004_0199/PHZ51.WIH2.2020,W10004_0199/PHZ51
W10004_0200/PHK76.WIH2.2020,W10004_0200/PHK76
W10004_0200/PHP02.WIH2.2020,W10004_0200/PHP02
W10004_0200/PHZ51.WIH2.2020,W10004_0200/PHZ51
W10004_0203/PHK76.WIH2.2020,W10004_0203/PHK76
W10004_0203/PHP02.WIH2.2020,W10004_0203/PHP02
W10004_0203/PHZ51.WIH2.2020,W10004_0203/PHZ51
W10004_0204/PHK76.WIH2.2020,W10004_0204/PHK76
W10004_0204/PHP02.WIH2.2020,W10004_0204/PHP02
W10004_0204/PHZ51.WIH2.2020,W10004_0204/PHZ51
W10004_0206/PHK76.WIH2.2020,W10004_0206/PHK76
W10004_0206/PHP02.WIH2.2020,W10004_0206/PHP02
W10004_0206/PHZ51.WIH2.2020,W10004_0206/PHZ51
W10004_0212/PHK76.WIH2.2020,W10004_0212/PHK76
W10004_0212/PHP02.WIH2.2020,W10004_0212/PHP02
W10004_0212/PHZ51.WIH2.2020,W10004_0212/PHZ51
W10004_0213/PHK76.WIH2.2020,W10004_0213/PHK76
W10004_0213/PHP02.WIH2.2020,W10004_0213/PHP02
W10004_0213/PHZ51.WIH2.2020,W10004_0213/PHZ51
W10004_0217/PHK76.WIH2.2020,W10004_0217/PHK76
W10004_0217/PHP02.WIH2.2020,W10004_0217/PHP02
W10004_0217/PHZ51.WIH2.2020,W10004_0217/PHZ51
W10004_0220/PHK76.WIH2.2020,W10004_0220/PHK76
W10004_0220/PHP02.WIH2.2020,W10004_0220/PHP02
W10004_0220/PHZ51.WIH2.2020,W10004_0220/PHZ51
W10004_0221/PHK76.WIH2.2020,W10004_0221/PHK76
W10004_0221/PHP02.WIH2.2020,W10004_0221/PHP02
W10004_0221/PHZ51.WIH2.2020,W10004_0221/PHZ51
W10004_0223/PHK76.WIH2.2020,W10004_0223/PHK76
W10004_0223/PHP02.WIH2.2020,W10004_0223/PHP02
W10004_0223/PHZ51.WIH2.2020,W10004_0223/PHZ51
W10004_0224/PHK76.WIH2.2020,W10004_0224/PHK76
W10004_0224/PHP02.WIH2.2020,W10004_0224/PHP02
W10004_0224/PHZ51.WIH2.2020,W10004_0224/PHZ51
W10004_0225/PHK76.WIH2.2020,W10004_0225/PHK76
W10004_0225/PHP02.WIH2.2020,W10004_0225/PHP02
W10004_0225/PHZ51.WIH2.2020,W10004_0225/PHZ51
W10004_0227/PHK76.WIH2.2020,W10004_0227/PHK76
W10004_0227/PHP02.WIH2.2020,W10004_0227/PHP02
W10004_0227/PHZ51.WIH2.2020,W10004_0227/PHZ51
W10004_0231/PHK76.WIH2.2020,W10004_0231/PHK76
W10004_0231/PHP02.WIH2.2020,W10004_0231/PHP02
W10004_0231/PHZ51.WIH2.2020,W10004_0231/PHZ51
W10004_0236/PHK76.WIH2.2020,W10004_0236/PHK76
W10004_0236/PHP02.WIH2.2020,W10004_0236/PHP02
W10004_0236/PHZ51.WIH2.2020,W10004_0236/PHZ51
W10004_0238/PHK76.WIH2.2020,W10004_0238/PHK76
W10004_0238/PHP02.WIH2.2020,W10004_0238/PHP02
W10004_0238/PHZ51.WIH2.2020,W10004_0238/PHZ51
W10004_0241/PHK76.WIH2.2020,W10004_0241/PHK76
W10004_0241/PHP02.WIH2.2020,W10004_0241/PHP02
W10004_0241/PHZ51.WIH2.2020,W10004_0241/PHZ51
W10004_0242/PHK76.WIH2.2020,W10004_0242/PHK76
W10004_0242/PHP02.WIH2.2020,W10004_0242/PHP02
W10004_0242/PHZ51.WIH2.2020,W10004_0242/PHZ51
W10004_0253/PHK76.WIH2.2020,W10004_0253/PHK76
W10004_0253/PHP02.WIH2.2020,W10004_0253/PHP02
W10004_0253/PHZ51.WIH2.2020,W10004_0253/PHZ51
W10004_0254/PHK76.WIH2.2020,W10004_0254/PHK76
W10004_0254/PHP02.WIH2.2020,W10004_0254/PHP02
W10004_0254/PHZ51.WIH2.2020,W10004_0254/PHZ51
W10004_0256/PHK76.WIH2.2020,W10004_0256/PHK76
W10004_0256/PHP02.WIH2.2020,W10004_0256/PHP02
W10004_0256/PHZ51.WIH2.2020,W10004_0256/PHZ51
W10004_0258/PHK76.WIH2.2020,W10004_0258/PHK76
W10004_0258/PHP02.WIH2.2020,W10004_0258/PHP02
W10004_0258/PHZ51.WIH2.2020,W10004_0258/PHZ51
W10004_0261/PHK76.WIH2.2020,W10004_0261/PHK76
W10004_0261/PHP02.WIH2.2020,W10004_0261/PHP02
W10004_0261/PHZ51.WIH2.2020,W10004_0261/PHZ51
W10004_0262/PHK76.WIH2.2020,W10004_0262/PHK76
W10004_0262/PHP02.WIH2.2020,W10004_0262/PHP02
W10004_0262/PHZ51.WIH2.2020,W10004_0262/PHZ51
W10004_0264/PHK76.WIH2.2020,W10004_0264/PHK76
W10004_0264/PHP02.WIH2.2020,W10004_0264/PHP02
W10004_0264/PHZ51.WIH2.2020,W10004_0264/PHZ51
W10004_0268/PHK76.WIH2.2020,W10004_0268/PHK76
W10004_0268/PHP02.WIH2.2020,W10004_0268/PHP02
W10004_0268/PHZ51.WIH2.2020,W10004_0268/PHZ51
W10004_0270/PHK76.WIH2.2020,W10004_0270/PHK76
W10004_0270/PHP02.WIH2.2020,W10004_0270/PHP02
W10004_0270/PHZ51.WIH2.2020,W10004_0270/PHZ51
W10004_0271/PHK76.WIH2.2020,W10004_0271/PHK76
W10004_0271/PHP02.WIH2.2020,W10004_0271/PHP02
W10004_0271/PHZ51.WIH2.2020,W10004_0271/PHZ51
W10004_0276/PHK76.WIH2.2020,W10004_0276/PHK76
W10004_0276/PHP02.WIH2.2020,W10004_0276/PHP02
W10004_0276/PHZ51.WIH2.2020,W10004_0276/PHZ51
W10004_0290/PHK76.WIH2.2020,W10004_0290/PHK76
W10004_0290/PHP02.WIH2.2020,W10004_0290/PHP02
W10004_0290/PHZ51.WIH2.2020,W10004_0290/PHZ51
W10004_0291/PHK76.WIH2.2020,W10004_0291/PHK76
W10004_0291/PHP02.WIH2.2020,W10004_0291/PHP02
W10004_0291/PHZ51.WIH2.2020,W10004_0291/PHZ51
W10004_0292/PHK76.WIH2.2020,W10004_0292/PHK76
W10004_0292/PHP02.WIH2.2020,W10004_0292/PHP02
W10004_0292/PHZ51.WIH2.2020,W10004_0292/PHZ51
W10004_0299/PHK76.WIH2.2020,W10004_0299/PHK76
W10004_0299/PHP02.WIH2.2020,W10004_0299/PHP02
W10004_0299/PHZ51.WIH2.2020,W10004_0299/PHZ51
W10004_0306/PHK76.WIH2.2020,W10004_0306/PHK76
W10004_0306/PHP02.WIH2.2020,W10004_0306/PHP02
W10004_0306/PHZ51.WIH2.2020,W10004_0306/PHZ51
W10004_0308/PHK76.WIH2.2020,W10004_0308/PHK76
W10004_0308/PHP02.WIH2.2020,W10004_0308/PHP02
W10004_0308/PHZ51.WIH2.2020,W10004_0308/PHZ51
W10004_0309/PHK76.WIH2.2020,W10004_0309/PHK76
W10004_0309/PHP02.WIH2.2020,W10004_0309/PHP02
W10004_0309/PHZ51.WIH2.2020,W10004_0309/PHZ51
W10004_0310/PHK76.WIH2.2020,W10004_0310/PHK76
W10004_0310/PHP02.WIH2.2020,W10004_0310/PHP02
W10004_0310/PHZ51.WIH2.2020,W10004_0310/PHZ51
W10004_0311/PHK76.WIH2.2020,W10004_0311/PHK76
W10004_0311/PHP02.WIH2.2020,W10004_0311/PHP02
W10004_0311/PHZ51.WIH2.2020,W10004_0311/PHZ51
W10004_0327/PHK76.WIH2.2020,W10004_0327/PHK76
W10004_0327/PHP02.WIH2.2020,W10004_0327/PHP02
W10004_0327/PHZ51.WIH2.2020,W10004_0327/PHZ51
W10004_0329/PHK76.WIH2.2020,W10004_0329/PHK76
W10004_0329/PHP02.WIH2.2020,W10004_0329/PHP02
W10004_0329/PHZ51.WIH2.2020,W10004_0329/PHZ51
W10004_0336/PHK76.WIH2.2020,W10004_0336/PHK76
W10004_0336/PHP02.WIH2.2020,W10004_0336/PHP02
W10004_0336/PHZ51.WIH2.2020,W10004_0336/PHZ51
W10004_0344/PHK76.WIH2.2020,W10004_0344/PHK76
W10004_0344/PHP02.WIH2.2020,W10004_0344/PHP02
W10004_0344/PHZ51.WIH2.2020,W10004_0344/PHZ51
W10004_0346/PHK76.WIH2.2020,W10004_0346/PHK76
W10004_0346/PHP02.WIH2.2020,W10004_0346/PHP02
W10004_0346/PHZ51.WIH2.2020,W10004_0346/PHZ51
W10004_0361/PHK76.WIH2.2020,W10004_0361/PHK76
W10004_0361/PHP02.WIH2.2020,W10004_0361/PHP02
W10004_0361/PHZ51.WIH2.2020,W10004_0361/PHZ51
W10004_0362/PHP02.WIH2.2020,W10004_0362/PHP02
W10004_0362/PHZ51.WIH2.2020,W10004_0362/PHZ51
W10004_0380/PHK76.WIH2.2020,W10004_0380/PHK76
W10004_0380/PHP02.WIH2.2020,W10004_0380/PHP02
W10004_0380/PHZ51.WIH2.2020,W10004_0380/PHZ51
W10004_0381/PHK76.WIH2.2020,W10004_0381/PHK76
W10004_0381/PHP02.WIH2.2020,W10004_0381/PHP02
W10004_0381/PHZ51.WIH2.2020,W10004_0381/PHZ51
W10004_0383/PHK76.WIH2.2020,W10004_0383/PHK76
W10004_0383/PHP02.WIH2.2020,W10004_0383/PHP02
W10004_0383/PHZ51.WIH2.2020,W10004_0383/PHZ51
W10004_0389/PHK76.WIH2.2020,W10004_0389/PHK76
W10004_0389/PHP02.WIH2.2020,W10004_0389/PHP02
W10004_0389/PHZ51.WIH2.2020,W10004_0389/PHZ51
W10004_0393/PHK76.WIH2.2020,W10004_0393/PHK76
W10004_0393/PHP02.WIH2.2020,W10004_0393/PHP02
W10004_0393/PHZ51.WIH2.2020,W10004_0393/PHZ51
W10004_0394/PHK76.WIH2.2020,W10004_0394/PHK76
W10004_0394/PHP02.WIH2.2020,W10004_0394/PHP02
W10004_0394/PHZ51.WIH2.2020,W10004_0394/PHZ51
W10004_0395/PHK76.WIH2.2020,W10004_0395/PHK76
W10004_0395/PHZ51.WIH2.2020,W10004_0395/PHZ51
W10004_0396/PHK76.WIH2.2020,W10004_0396/PHK76
W10004_0396/PHP02.WIH2.2020,W10004_0396/PHP02
W10004_0396/PHZ51.WIH2.2020,W10004_0396/PHZ51
W10004_0403/PHK76.WIH2.2020,W10004_0403/PHK76
W10004_0403/PHP02.WIH2.2020,W10004_0403/PHP02
W10004_0403/PHZ51.WIH2.2020,W10004_0403/PHZ51
W10004_0409/PHK76.WIH2.2020,W10004_0409/PHK76
W10004_0409/PHP02.WIH2.2020,W10004_0409/PHP02
W10004_0409/PHZ51.WIH2.2020,W10004_0409/PHZ51
W10004_0410/PHK76.WIH2.2020,W10004_0410/PHK76
W10004_0410/PHP02.WIH2.2020,W10004_0410/PHP02
W10004_0410/PHZ51.WIH2.2020,W10004_0410/PHZ51
W10004_0412/PHK76.WIH2.2020,W10004_0412/PHK76
W10004_0412/PHP02.WIH2.2020,W10004_0412/PHP02
W10004_0412/PHZ51.WIH2.2020,W10004_0412/PHZ51
W10004_0417/PHK76.WIH2.2020,W10004_0417/PHK76
W10004_0417/PHP02.WIH2.2020,W10004_0417/PHP02
W10004_0417/PHZ51.WIH2.2020,W10004_0417/PHZ51
W10004_0419/PHP02.WIH2.2020,W10004_0419/PHP02
W10004_0419/PHZ51.WIH2.2020,W10004_0419/PHZ51
W10004_0424/PHK76.WIH2.2020,W10004_0424/PHK76
W10004_0424/PHP02.WIH2.2020,W10004_0424/PHP02
W10004_0424/PHZ51.WIH2.2020,W10004_0424/PHZ51
W10004_0427/PHK76.WIH2.2020,W10004_0427/PHK76
W10004_0427/PHP02.WIH2.2020,W10004_0427/PHP02
W10004_0427/PHZ51.WIH2.2020,W10004_0427/PHZ51
W10004_0430/PHK76.WIH2.2020,W10004_0430/PHK76
W10004_0430/PHP02.WIH2.2020,W10004_0430/PHP02
W10004_0430/PHZ51.WIH2.2020,W10004_0430/PHZ51
W10004_0465/PHK76.WIH2.2020,W10004_0465/PHK76
W10004_0465/PHP02.WIH2.2020,W10004_0465/PHP02
W10004_0465/PHZ51.WIH2.2020,W10004_0465/PHZ51
W10004_0467/PHK76.WIH2.2020,W10004_0467/PHK76
W10004_0467/PHP02.WIH2.2020,W10004_0467/PHP02
W10004_0467/PHZ51.WIH2.2020,W10004_0467/PHZ51
W10004_0474/PHK76.WIH2.2020,W10004_0474/PHK76
W10004_0474/PHP02.WIH2.2020,W10004_0474/PHP02
W10004_0474/PHZ51.WIH2.2020,W10004_0474/PHZ51
W10004_0476/PHK76.WIH2.2020,W10004_0476/PHK76
W10004_0476/PHP02.WIH2.2020,W10004_0476/PHP02
W10004_0476/PHZ51.WIH2.2020,W10004_0476/PHZ51
W10004_0487/PHK76.WIH2.2020,W10004_0487/PHK76
W10004_0487/PHP02.WIH2.2020,W10004_0487/PHP02
W10004_0487/PHZ51.WIH2.2020,W10004_0487/PHZ51
W10004_0498/PHK76.WIH2.2020,W10004_0498/PHK76
W10004_0498/PHP02.WIH2.2020,W10004_0498/PHP02
W10004_0498/PHZ51.WIH2.2020,W10004_0498/PHZ51
W10004_0501/PHK76.WIH2.2020,W10004_0501/PHK76
W10004_0501/PHP02.WIH2.2020,W10004_0501/PHP02
W10004_0501/PHZ51.WIH2.2020,W10004_0501/PHZ51
W10004_0505/PHK76.WIH2.2020,W10004_0505/PHK76
W10004_0505/PHP02.WIH2.2020,W10004_0505/PHP02
W10004_0505/PHZ51.WIH2.2020,W10004_0505/PHZ51
W10004_0601/PHK76.WIH2.2020,W10004_0601/PHK76
W10004_0601/PHP02.WIH2.2020,W10004_0601/PHP02
W10004_0601/PHZ51.WIH2.2020,W10004_0601/PHZ51
W10004_0602/PHK76.WIH2.2020,W10004_0602/PHK76
W10004_0602/PHP02.WIH2.2020,W10004_0602/PHP02
W10004_0602/PHZ51.WIH2.2020,W10004_0602/PHZ51
W10004_0608/PHK76.WIH2.2020,W10004_0608/PHK76
W10004_0608/PHP02.WIH2.2020,W10004_0608/PHP02
W10004_0608/PHZ51.WIH2.2020,W10004_0608/PHZ51
W10004_0612/PHK76.WIH2.2020,W10004_0612/PHK76
W10004_0612/PHP02.WIH2.2020,W10004_0612/PHP02
W10004_0612/PHZ51.WIH2.2020,W10004_0612/PHZ51
W10004_0614/PHK76.WIH2.2020,W10004_0614/PHK76
W10004_0614/PHP02.WIH2.2020,W10004_0614/PHP02
W10004_0614/PHZ51.WIH2.2020,W10004_0614/PHZ51
W10004_0616/PHK76.WIH2.2020,W10004_0616/PHK76
W10004_0616/PHP02.WIH2.2020,W10004_0616/PHP02
W10004_0616/PHZ51.WIH2.2020,W10004_0616/PHZ51
W10004_0618/PHP02.WIH2.2020,W10004_0618/PHP02
W10004_0618/PHZ51.WIH2.2020,W10004_0618/PHZ51
W10004_0619/PHK76.WIH2.2020,W10004_0619/PHK76
W10004_0619/PHP02.WIH2.2020,W10004_0619/PHP02
W10004_0619/PHZ51.WIH2.2020,W10004_0619/PHZ51
W10004_0620/PHK76.WIH2.2020,W10004_0620/PHK76
W10004_0620/PHP02.WIH2.2020,W10004_0620/PHP02
W10004_0620/PHZ51.WIH2.2020,W10004_0620/PHZ51
W10004_0622/PHP02.WIH2.2020,W10004_0622/PHP02
W10004_0622/PHZ51.WIH2.2020,W10004_0622/PHZ51
W10004_0624/PHK76.WIH2.2020,W10004_0624/PHK76
W10004_0624/PHP02.WIH2.2020,W10004_0624/PHP02
W10004_0624/PHZ51.WIH2.2020,W10004_0624/PHZ51
W10004_0625/PHK76.WIH2.2020,W10004_0625/PHK76
W10004_0625/PHP02.WIH2.2020,W10004_0625/PHP02
W10004_0625/PHZ51.WIH2.2020,W10004_0625/PHZ51
W10004_0626/PHK76.WIH2.2020,W10004_0626/PHK76
W10004_0626/PHP02.WIH2.2020,W10004_0626/PHP02
W10004_0626/PHZ51.WIH2.2020,W10004_0626/PHZ51
W10004_0628/PHK76.WIH2.2020,W10004_0628/PHK76
W10004_0628/PHP02.WIH2.2020,W10004_0628/PHP02
W10004_0628/PHZ51.WIH2.2020,W10004_0628/PHZ51
W10004_0631/PHK76.WIH2.2020,W10004_0631/PHK76
W10004_0631/PHP02.WIH2.2020,W10004_0631/PHP02
W10004_0631/PHZ51.WIH2.2020,W10004_0631/PHZ51
W10004_0632/PHK76.WIH2.2020,W10004_0632/PHK76
W10004_0632/PHP02.WIH2.2020,W10004_0632/PHP02
W10004_0632/PHZ51.WIH2.2020,W10004_0632/PHZ51
W10004_0636/PHK76.WIH2.2020,W10004_0636/PHK76
W10004_0636/PHP02.WIH2.2020,W10004_0636/PHP02
W10004_0636/PHZ51.WIH2.2020,W10004_0636/PHZ51
W10004_0637/PHK76.WIH2.2020,W10004_0637/PHK76
W10004_0637/PHP02.WIH2.2020,W10004_0637/PHP02
W10004_0637/PHZ51.WIH2.2020,W10004_0637/PHZ51
W10004_0639/PHK76.WIH2.2020,W10004_0639/PHK76
W10004_0639/PHP02.WIH2.2020,W10004_0639/PHP02
W10004_0639/PHZ51.WIH2.2020,W10004_0639/PHZ51
W10004_0644/PHK76.WIH2.2020,W10004_0644/PHK76
W10004_0644/PHP02.WIH2.2020,W10004_0644/PHP02
W10004_0644/PHZ51.WIH2.2020,W10004_0644/PHZ51
W10004_0645/PHK76.WIH2.2020,W10004_0645/PHK76
W10004_0645/PHP02.WIH2.2020,W10004_0645/PHP02
W10004_0645/PHZ51.WIH2.2020,W10004_0645/PHZ51
W10004_0646/PHK76.WIH2.2020,W10004_0646/PHK76
W10004_0646/PHP02.WIH2.2020,W10004_0646/PHP02
W10004_0646/PHZ51.WIH2.2020,W10004_0646/PHZ51
W10004_0649/PHK76.WIH2.2020,W10004_0649/PHK76
W10004_0649/PHP02.WIH2.2020,W10004_0649/PHP02
W10004_0649/PHZ51.WIH2.2020,W10004_0649/PHZ51
W10004_0650/PHK76.WIH2.2020,W10004_0650/PHK76
W10004_0650/PHP02.WIH2.2020,W10004_0650/PHP02
W10004_0650/PHZ51.WIH2.2020,W10004_0650/PHZ51
W10004_0651/PHK76.WIH2.2020,W10004_0651/PHK76
W10004_0651/PHP02.WIH2.2020,W10004_0651/PHP02
W10004_0651/PHZ51.WIH2.2020,W10004_0651/PHZ51
W10004_0654/PHP02.WIH2.2020,W10004_0654/PHP02
W10004_0654/PHZ51.WIH2.2020,W10004_0654/PHZ51
W10004_0658/PHK76.WIH2.2020,W10004_0658/PHK76
W10004_0658/PHP02.WIH2.2020,W10004_0658/PHP02
W10004_0658/PHZ51.WIH2.2020,W10004_0658/PHZ51
W10004_0659/PHK76.WIH2.2020,W10004_0659/PHK76
W10004_0659/PHP02.WIH2.2020,W10004_0659/PHP02
W10004_0659/PHZ51.WIH2.2020,W10004_0659/PHZ51
W10004_0661/PHK76.WIH2.2020,W10004_0661/PHK76
W10004_0661/PHP02.WIH2.2020,W10004_0661/PHP02
W10004_0664/PHP02.WIH2.2020,W10004_0664/PHP02
W10004_0664/PHZ51.WIH2.2020,W10004_0664/PHZ51
W10004_0667/PHK76.WIH2.2020,W10004_0667/PHK76
W10004_0667/PHP02.WIH2.2020,W10004_0667/PHP02
W10004_0667/PHZ51.WIH2.2020,W10004_0667/PHZ51
W10004_0669/PHK76.WIH2.2020,W10004_0669/PHK76
W10004_0669/PHZ51.WIH2.2020,W10004_0669/PHZ51
W10004_0672/PHK76.WIH2.2020,W10004_0672/PHK76
W10004_0672/PHP02.WIH2.2020,W10004_0672/PHP02
W10004_0672/PHZ51.WIH2.2020,W10004_0672/PHZ51
W10004_0673/PHK76.WIH2.2020,W10004_0673/PHK76
W10004_0673/PHP02.WIH2.2020,W10004_0673/PHP02
W10004_0673/PHZ51.WIH2.2020,W10004_0673/PHZ51
W10004_0674/PHK76.WIH2.2020,W10004_0674/PHK76
W10004_0674/PHP02.WIH2.2020,W10004_0674/PHP02
W10004_0674/PHZ51.WIH2.2020,W10004_0674/PHZ51
W10004_0675/PHK76.WIH2.2020,W10004_0675/PHK76
W10004_0675/PHP02.WIH2.2020,W10004_0675/PHP02
W10004_0675/PHZ51.WIH2.2020,W10004_0675/PHZ51
W10004_0678/PHK76.WIH2.2020,W10004_0678/PHK76
W10004_0678/PHP02.WIH2.2020,W10004_0678/PHP02
W10004_0678/PHZ51.WIH2.2020,W10004_0678/PHZ51
W10004_0680/PHK76.WIH2.2020,W10004_0680/PHK76
W10004_0680/PHZ51.WIH2.2020,W10004_0680/PHZ51
W10004_0682/PHK76.WIH2.2020,W10004_0682/PHK76
W10004_0682/PHP02.WIH2.2020,W10004_0682/PHP02
W10004_0682/PHZ51.WIH2.2020,W10004_0682/PHZ51
W10004_0684/PHK76.WIH2.2020,W10004_0684/PHK76
W10004_0684/PHP02.WIH2.2020,W10004_0684/PHP02
W10004_0684/PHZ51.WIH2.2020,W10004_0684/PHZ51
W10004_0685/PHK76.WIH2.2020,W10004_0685/PHK76
W10004_0685/PHP02.WIH2.2020,W10004_0685/PHP02
W10004_0685/PHZ51.WIH2.2020,W10004_0685/PHZ51
W10004_0687/PHK76.WIH2.2020,W10004_0687/PHK76
W10004_0687/PHP02.WIH2.2020,W10004_0687/PHP02
W10004_0687/PHZ51.WIH2.2020,W10004_0687/PHZ51
W10004_0688/PHK76.WIH2.2020,W10004_0688/PHK76
W10004_0688/PHP02.WIH2.2020,W10004_0688/PHP02
W10004_0688/PHZ51.WIH2.2020,W10004_0688/PHZ51
W10004_0689/PHK76.WIH2.2020,W10004_0689/PHK76
W10004_0689/PHP02.WIH2.2020,W10004_0689/PHP02
W10004_0689/PHZ51.WIH2.2020,W10004_0689/PHZ51
W10004_0691/PHK76.WIH2.2020,W10004_0691/PHK76
W10004_0691/PHP02.WIH2.2020,W10004_0691/PHP02
W10004_0691/PHZ51.WIH2.2020,W10004_0691/PHZ51
W10004_0695/PHK76.WIH2.2020,W10004_0695/PHK76
W10004_0695/PHP02.WIH2.2020,W10004_0695/PHP02
W10004_0695/PHZ51.WIH2.2020,W10004_0695/PHZ51
W10004_0696/PHK76.WIH2.2020,W10004_0696/PHK76
W10004_0696/PHP02.WIH2.2020,W10004_0696/PHP02
W10004_0696/PHZ51.WIH2.2020,W10004_0696/PHZ51
W10004_0697/PHK76.WIH2.2020,W10004_0697/PHK76
W10004_0697/PHP02.WIH2.2020,W10004_0697/PHP02
W10004_0697/PHZ51.WIH2.2020,W10004_0697/PHZ51
W10004_0701/PHK76.WIH2.2020,W10004_0701/PHK76
W10004_0701/PHP02.WIH2.2020,W10004_0701/PHP02
W10004_0701/PHZ51.WIH2.2020,W10004_0701/PHZ51
W10004_0702/PHK76.WIH2.2020,W10004_0702/PHK76
W10004_0702/PHP02.WIH2.2020,W10004_0702/PHP02
W10004_0702/PHZ51.WIH2.2020,W10004_0702/PHZ51
W10004_0703/PHK76.WIH2.2020,W10004_0703/PHK76
W10004_0703/PHP02.WIH2.2020,W10004_0703/PHP02
W10004_0703/PHZ51.WIH2.2020,W10004_0703/PHZ51
W10004_0704/PHK76.WIH2.2020,W10004_0704/PHK76
W10004_0704/PHP02.WIH2.2020,W10004_0704/PHP02
W10004_0704/PHZ51.WIH2.2020,W10004_0704/PHZ51
W10004_0705/PHK76.WIH2.2020,W10004_0705/PHK76
W10004_0705/PHP02.WIH2.2020,W10004_0705/PHP02
W10004_0705/PHZ51.WIH2.2020,W10004_0705/PHZ51
W10004_0707/PHK76.WIH2.2020,W10004_0707/PHK76
W10004_0707/PHP02.WIH2.2020,W10004_0707/PHP02
W10004_0707/PHZ51.WIH2.2020,W10004_0707/PHZ51
W10004_0711/PHK76.WIH2.2020,W10004_0711/PHK76
W10004_0711/PHP02.WIH2.2020,W10004_0711/PHP02
W10004_0711/PHZ51.WIH2.2020,W10004_0711/PHZ51
W10004_0712/PHK76.WIH2.2020,W10004_0712/PHK76
W10004_0712/PHP02.WIH2.2020,W10004_0712/PHP02
W10004_0712/PHZ51.WIH2.2020,W10004_0712/PHZ51
W10004_0713/PHK76.WIH2.2020,W10004_0713/PHK76
W10004_0713/PHP02.WIH2.2020,W10004_0713/PHP02
W10004_0713/PHZ51.WIH2.2020,W10004_0713/PHZ51
W10004_0714/PHK76.WIH2.2020,W10004_0714/PHK76
W10004_0714/PHP02.WIH2.2020,W10004_0714/PHP02
W10004_0714/PHZ51.WIH2.2020,W10004_0714/PHZ51
W10004_0715/PHK76.WIH2.2020,W10004_0715/PHK76
W10004_0715/PHP02.WIH2.2020,W10004_0715/PHP02
W10004_0715/PHZ51.WIH2.2020,W10004_0715/PHZ51
W10004_0717/PHK76.WIH2.2020,W10004_0717/PHK76
W10004_0717/PHP02.WIH2.2020,W10004_0717/PHP02
W10004_0717/PHZ51.WIH2.2020,W10004_0717/PHZ51
W10004_0723/PHP02.WIH2.2020,W10004_0723/PHP02
W10004_0723/PHZ51.WIH2.2020,W10004_0723/PHZ51
W10004_0727/PHK76.WIH2.2020,W10004_0727/PHK76
W10004_0727/PHP02.WIH2.2020,W10004_0727/PHP02
W10004_0727/PHZ51.WIH2.2020,W10004_0727/PHZ51
W10004_0729/PHK76.WIH2.2020,W10004_0729/PHK76
W10004_0729/PHP02.WIH2.2020,W10004_0729/PHP02
W10004_0729/PHZ51.WIH2.2020,W10004_0729/PHZ51
W10004_0732/PHK76.WIH2.2020,W10004_0732/PHK76
W10004_0732/PHP02.WIH2.2020,W10004_0732/PHP02
W10004_0732/PHZ51.WIH2.2020,W10004_0732/PHZ51
W10004_0733/PHK76.WIH2.2020,W10004_0733/PHK76
W10004_0733/PHP02.WIH2.2020,W10004_0733/PHP02
W10004_0733/PHZ51.WIH2.2020,W10004_0733/PHZ51
W10004_0734/PHK76.WIH2.2020,W10004_0734/PHK76
W10004_0734/PHP02.WIH2.2020,W10004_0734/PHP02
W10004_0734/PHZ51.WIH2.2020,W10004_0734/PHZ51
W10004_0736/PHK76.WIH2.2020,W10004_0736/PHK76
W10004_0736/PHP02.WIH2.2020,W10004_0736/PHP02
W10004_0736/PHZ51.WIH2.2020,W10004_0736/PHZ51
W10004_0741/PHK76.WIH2.2020,W10004_0741/PHK76
W10004_0741/PHP02.WIH2.2020,W10004_0741/PHP02
W10004_0745/PHK76.WIH2.2020,W10004_0745/PHK76
W10004_0745/PHP02.WIH2.2020,W10004_0745/PHP02
W10004_0745/PHZ51.WIH2.2020,W10004_0745/PHZ51
W10004_0746/PHK76.WIH2.2020,W10004_0746/PHK76
W10004_0746/PHP02.WIH2.2020,W10004_0746/PHP02
W10004_0746/PHZ51.WIH2.2020,W10004_0746/PHZ51
W10004_0747/PHK76.WIH2.2020,W10004_0747/PHK76
W10004_0747/PHP02.WIH2.2020,W10004_0747/PHP02
W10004_0747/PHZ51.WIH2.2020,W10004_0747/PHZ51
W10004_0751/PHK76.WIH2.2020,W10004_0751/PHK76
W10004_0751/PHP02.WIH2.2020,W10004_0751/PHP02
W10004_0751/PHZ51.WIH2.2020,W10004_0751/PHZ51
W10004_0754/PHK76.WIH2.2020,W10004_0754/PHK76
W10004_0754/PHP02.WIH2.2020,W10004_0754/PHP02
W10004_0754/PHZ51.WIH2.2020,W10004_0754/PHZ51
W10004_0756/PHK76.WIH2.2020,W10004_0756/PHK76
W10004_0756/PHP02.WIH2.2020,W10004_0756/PHP02
W10004_0756/PHZ51.WIH2.2020,W10004_0756/PHZ51
W10004_0757/PHK76.WIH2.2020,W10004_0757/PHK76
W10004_0757/PHP02.WIH2.2020,W10004_0757/PHP02
W10004_0757/PHZ51.WIH2.2020,W10004_0757/PHZ51
W10004_0760/PHK76.WIH2.2020,W10004_0760/PHK76
W10004_0760/PHP02.WIH2.2020,W10004_0760/PHP02
W10004_0760/PHZ51.WIH2.2020,W10004_0760/PHZ51
W10004_0768/PHK76.WIH2.2020,W10004_0768/PHK76
W10004_0768/PHP02.WIH2.2020,W10004_0768/PHP02
W10004_0768/PHZ51.WIH2.2020,W10004_0768/PHZ51
W10004_0771/PHK76.WIH2.2020,W10004_0771/PHK76
W10004_0771/PHP02.WIH2.2020,W10004_0771/PHP02
W10004_0771/PHZ51.WIH2.2020,W10004_0771/PHZ51
W10004_0773/PHK76.WIH2.2020,W10004_0773/PHK76
W10004_0773/PHP02.WIH2.2020,W10004_0773/PHP02
W10004_0773/PHZ51.WIH2.2020,W10004_0773/PHZ51
W10004_0774/PHK76.WIH2.2020,W10004_0774/PHK76
W10004_0774/PHP02.WIH2.2020,W10004_0774/PHP02
W10004_0774/PHZ51.WIH2.2020,W10004_0774/PHZ51
W10004_0775/PHK76.WIH2.2020,W10004_0775/PHK76
W10004_0775/PHP02.WIH2.2020,W10004_0775/PHP02
W10004_0775/PHZ51.WIH2.2020,W10004_0775/PHZ51
W10004_0776/PHK76.WIH2.2020,W10004_0776/PHK76
W10004_0776/PHP02.WIH2.2020,W10004_0776/PHP02
W10004_0776/PHZ51.WIH2.2020,W10004_0776/PHZ51
W10004_0779/PHK76.WIH2.2020,W10004_0779/PHK76
W10004_0779/PHP02.WIH2.2020,W10004_0779/PHP02
W10004_0779/PHZ51.WIH2.2020,W10004_0779/PHZ51
W10004_0781/PHK76.WIH2.2020,W10004_0781/PHK76
W10004_0781/PHP02.WIH2.2020,W10004_0781/PHP02
W10004_0781/PHZ51.WIH2.2020,W10004_0781/PHZ51
W10004_0782/PHK76.WIH2.2020,W10004_0782/PHK76
W10004_0782/PHP02.WIH2.2020,W10004_0782/PHP02
W10004_0782/PHZ51.WIH2.2020,W10004_0782/PHZ51
W10004_0783/PHK76.WIH2.2020,W10004_0783/PHK76
W10004_0783/PHP02.WIH2.2020,W10004_0783/PHP02
W10004_0783/PHZ51.WIH2.2020,W10004_0783/PHZ51
W10004_0784/PHK76.WIH2.2020,W10004_0784/PHK76
W10004_0784/PHP02.WIH2.2020,W10004_0784/PHP02
W10004_0784/PHZ51.WIH2.2020,W10004_0784/PHZ51
W10004_0787/PHK76.WIH2.2020,W10004_0787/PHK76
W10004_0787/PHP02.WIH2.2020,W10004_0787/PHP02
W10004_0787/PHZ51.WIH2.2020,W10004_0787/PHZ51
W10004_0789/PHK76.WIH2.2020,W10004_0789/PHK76
W10004_0789/PHP02.WIH2.2020,W10004_0789/PHP02
W10004_0789/PHZ51.WIH2.2020,W10004_0789/PHZ51
W10004_0792/PHK76.WIH2.2020,W10004_0792/PHK76
W10004_0792/PHP02.WIH2.2020,W10004_0792/PHP02
W10004_0794/PHK76.WIH2.2020,W10004_0794/PHK76
W10004_0794/PHP02.WIH2.2020,W10004_0794/PHP02
W10004_0794/PHZ51.WIH2.2020,W10004_0794/PHZ51
W10004_0795/PHK76.WIH2.2020,W10004_0795/PHK76
W10004_0795/PHP02.WIH2.2020,W10004_0795/PHP02
W10004_0795/PHZ51.WIH2.2020,W10004_0795/PHZ51
W10004_0798/PHK76.WIH2.2020,W10004_0798/PHK76
W10004_0798/PHP02.WIH2.2020,W10004_0798/PHP02
W10004_0798/PHZ51.WIH2.2020,W10004_0798/PHZ51
W10004_0799/PHK76.WIH2.2020,W10004_0799/PHK76
W10004_0799/PHP02.WIH2.2020,W10004_0799/PHP02
W10004_0799/PHZ51.WIH2.2020,W10004_0799/PHZ51
W10004_0800/PHK76.WIH2.2020,W10004_0800/PHK76
W10004_0800/PHP02.WIH2.2020,W10004_0800/PHP02
W10004_0800/PHZ51.WIH2.2020,W10004_0800/PHZ51
W10004_0801/PHK76.WIH2.2020,W10004_0801/PHK76
W10004_0801/PHP02.WIH2.2020,W10004_0801/PHP02
W10004_0801/PHZ51.WIH2.2020,W10004_0801/PHZ51
W10004_0802/PHK76.WIH2.2020,W10004_0802/PHK76
W10004_0802/PHP02.WIH2.2020,W10004_0802/PHP02
W10004_0802/PHZ51.WIH2.2020,W10004_0802/PHZ51
W10004_0803/PHK76.WIH2.2020,W10004_0803/PHK76
W10004_0803/PHP02.WIH2.2020,W10004_0803/PHP02
W10004_0803/PHZ51.WIH2.2020,W10004_0803/PHZ51
W10004_0806/PHK76.WIH2.2020,W10004_0806/PHK76
W10004_0806/PHP02.WIH2.2020,W10004_0806/PHP02
W10004_0806/PHZ51.WIH2.2020,W10004_0806/PHZ51
W10004_0807/PHK76.WIH2.2020,W10004_0807/PHK76
W10004_0807/PHP02.WIH2.2020,W10004_0807/PHP02
W10004_0807/PHZ51.WIH2.2020,W10004_0807/PHZ51
W10004_0812/PHK76.WIH2.2020,W10004_0812/PHK76
W10004_0812/PHP02.WIH2.2020,W10004_0812/PHP02
W10004_0812/PHZ51.WIH2.2020,W10004_0812/PHZ51
W10004_0814/PHK76.WIH2.2020,W10004_0814/PHK76
W10004_0814/PHP02.WIH2.2020,W10004_0814/PHP02
W10004_0814/PHZ51.WIH2.2020,W10004_0814/PHZ51
W10004_0815/PHK76.WIH2.2020,W10004_0815/PHK76
W10004_0815/PHP02.WIH2.2020,W10004_0815/PHP02
W10004_0815/PHZ51.WIH2.2020,W10004_0815/PHZ51
W10004_0818/PHK76.WIH2.2020,W10004_0818/PHK76
W10004_0818/PHP02.WIH2.2020,W10004_0818/PHP02
W10004_0818/PHZ51.WIH2.2020,W10004_0818/PHZ51
W10004_0819/PHK76.WIH2.2020,W10004_0819/PHK76
W10004_0819/PHP02.WIH2.2020,W10004_0819/PHP02
W10004_0819/PHZ51.WIH2.2020,W10004_0819/PHZ51
W10004_0820/PHK76.WIH2.2020,W10004_0820/PHK76
W10004_0820/PHP02.WIH2.2020,W10004_0820/PHP02
W10004_0820/PHZ51.WIH2.2020,W10004_0820/PHZ51
W10004_0822/PHK76.WIH2.2020,W10004_0822/PHK76
W10004_0822/PHP02.WIH2.2020,W10004_0822/PHP02
W10004_0822/PHZ51.WIH2.2020,W10004_0822/PHZ51
W10004_0823/PHP02.WIH2.2020,W10004_0823/PHP02
W10004_0823/PHZ51.WIH2.2020,W10004_0823/PHZ51
W10004_0826/PHK76.WIH2.2020,W10004_0826/PHK76
W10004_0826/PHP02.WIH2.2020,W10004_0826/PHP02
W10004_0826/PHZ51.WIH2.2020,W10004_0826/PHZ51
W10004_0827/PHK76.WIH2.2020,W10004_0827/PHK76
W10004_0827/PHP02.WIH2.2020,W10004_0827/PHP02
W10004_0827/PHZ51.WIH2.2020,W10004_0827/PHZ51
W10004_0828/PHK76.WIH2.2020,W10004_0828/PHK76
W10004_0828/PHP02.WIH2.2020,W10004_0828/PHP02
W10004_0828/PHZ51.WIH2.2020,W10004_0828/PHZ51
W10004_0830/PHK76.WIH2.2020,W10004_0830/PHK76
W10004_0830/PHP02.WIH2.2020,W10004_0830/PHP02
W10004_0830/PHZ51.WIH2.2020,W10004_0830/PHZ51
W10004_0832/PHK76.WIH2.2020,W10004_0832/PHK76
W10004_0832/PHP02.WIH2.2020,W10004_0832/PHP02
W10004_0832/PHZ51.WIH2.2020,W10004_0832/PHZ51
W10004_0833/PHK76.WIH2.2020,W10004_0833/PHK76
W10004_0833/PHP02.WIH2.2020,W10004_0833/PHP02
W10004_0833/PHZ51.WIH2.2020,W10004_0833/PHZ51
W10004_0834/PHK76.WIH2.2020,W10004_0834/PHK76
W10004_0834/PHP02.WIH2.2020,W10004_0834/PHP02
W10004_0834/PHZ51.WIH2.2020,W10004_0834/PHZ51
W10004_0836/PHK76.WIH2.2020,W10004_0836/PHK76
W10004_0836/PHP02.WIH2.2020,W10004_0836/PHP02
W10004_0836/PHZ51.WIH2.2020,W10004_0836/PHZ51
W10004_0837/PHK76.WIH2.2020,W10004_0837/PHK76
W10004_0837/PHP02.WIH2.2020,W10004_0837/PHP02
W10004_0837/PHZ51.WIH2.2020,W10004_0837/PHZ51
W10004_0840/PHK76.WIH2.2020,W10004_0840/PHK76
W10004_0840/PHP02.WIH2.2020,W10004_0840/PHP02
W10004_0840/PHZ51.WIH2.2020,W10004_0840/PHZ51
W10004_0842/PHK76.WIH2.2020,W10004_0842/PHK76
W10004_0842/PHP02.WIH2.2020,W10004_0842/PHP02
W10004_0842/PHZ51.WIH2.2020,W10004_0842/PHZ51
W10004_0843/PHK76.WIH2.2020,W10004_0843/PHK76
W10004_0843/PHP02.WIH2.2020,W10004_0843/PHP02
W10004_0843/PHZ51.WIH2.2020,W10004_0843/PHZ51
W10004_0844/PHK76.WIH2.2020,W10004_0844/PHK76
W10004_0844/PHP02.WIH2.2020,W10004_0844/PHP02
W10004_0844/PHZ51.WIH2.2020,W10004_0844/PHZ51
W10004_0847/PHK76.WIH2.2020,W10004_0847/PHK76
W10004_0847/PHP02.WIH2.2020,W10004_0847/PHP02
W10004_0847/PHZ51.WIH2.2020,W10004_0847/PHZ51
W10004_0848/PHK76.WIH2.2020,W10004_0848/PHK76
W10004_0848/PHP02.WIH2.2020,W10004_0848/PHP02
W10004_0848/PHZ51.WIH2.2020,W10004_0848/PHZ51
W10004_0851/PHK76.WIH2.2020,W10004_0851/PHK76
W10004_0851/PHZ51.WIH2.2020,W10004_0851/PHZ51
W10004_0852/PHK76.WIH2.2020,W10004_0852/PHK76
W10004_0852/PHP02.WIH2.2020,W10004_0852/PHP02
W10004_0852/PHZ51.WIH2.2020,W10004_0852/PHZ51
W10004_0856/PHK76.WIH2.2020,W10004_0856/PHK76
W10004_0856/PHP02.WIH2.2020,W10004_0856/PHP02
W10004_0856/PHZ51.WIH2.2020,W10004_0856/PHZ51
W10004_0858/PHK76.WIH2.2020,W10004_0858/PHK76
W10004_0858/PHP02.WIH2.2020,W10004_0858/PHP02
W10004_0858/PHZ51.WIH2.2020,W10004_0858/PHZ51
W10004_0859/PHK76.WIH2.2020,W10004_0859/PHK76
W10004_0859/PHP02.WIH2.2020,W10004_0859/PHP02
W10004_0859/PHZ51.WIH2.2020,W10004_0859/PHZ51
W10004_0866/PHK76.WIH2.2020,W10004_0866/PHK76
W10004_0866/PHP02.WIH2.2020,W10004_0866/PHP02
W10004_0866/PHZ51.WIH2.2020,W10004_0866/PHZ51
W10004_0868/PHK76.WIH2.2020,W10004_0868/PHK76
W10004_0868/PHP02.WIH2.2020,W10004_0868/PHP02
W10004_0868/PHZ51.WIH2.2020,W10004_0868/PHZ51
W10004_0869/PHK76.WIH2.2020,W10004_0869/PHK76
W10004_0869/PHP02.WIH2.2020,W10004_0869/PHP02
W10004_0869/PHZ51.WIH2.2020,W10004_0869/PHZ51
W10004_0876/PHK76.WIH2.2020,W10004_0876/PHK76
W10004_0876/PHP02.WIH2.2020,W10004_0876/PHP02
W10004_0876/PHZ51.WIH2.2020,W10004_0876/PHZ51
W10004_0877/PHK76.WIH2.2020,W10004_0877/PHK76
W10004_0877/PHP02.WIH2.2020,W10004_0877/PHP02
W10004_0877/PHZ51.WIH2.2020,W10004_0877/PHZ51
W10004_0879/PHK76.WIH2.2020,W10004_0879/PHK76
W10004_0879/PHP02.WIH2.2020,W10004_0879/PHP02
W10004_0879/PHZ51.WIH2.2020,W10004_0879/PHZ51
W10004_0884/PHK76.WIH2.2020,W10004_0884/PHK76
W10004_0884/PHP02.WIH2.2020,W10004_0884/PHP02
W10004_0884/PHZ51.WIH2.2020,W10004_0884/PHZ51
W10004_0885/PHK76.WIH2.2020,W10004_0885/PHK76
W10004_0885/PHP02.WIH2.2020,W10004_0885/PHP02
W10004_0885/PHZ51.WIH2.2020,W10004_0885/PHZ51
W10004_0886/PHP02.WIH2.2020,W10004_0886/PHP02
W10004_0886/PHZ51.WIH2.2020,W10004_0886/PHZ51
W10004_0888/PHK76.WIH2.2020,W10004_0888/PHK76
W10004_0888/PHP02.WIH2.2020,W10004_0888/PHP02
W10004_0888/PHZ51.WIH2.2020,W10004_0888/PHZ51
W10004_0889/PHK76.WIH2.2020,W10004_0889/PHK76
W10004_0889/PHP02.WIH2.2020,W10004_0889/PHP02
W10004_0889/PHZ51.WIH2.2020,W10004_0889/PHZ51
W10004_0891/PHK76.WIH2.2020,W10004_0891/PHK76
W10004_0891/PHP02.WIH2.2020,W10004_0891/PHP02
W10004_0891/PHZ51.WIH2.2020,W10004_0891/PHZ51
W10004_0892/PHK76.WIH2.2020,W10004_0892/PHK76
W10004_0892/PHP02.WIH2.2020,W10004_0892/PHP02
W10004_0892/PHZ51.WIH2.2020,W10004_0892/PHZ51
W10004_0894/PHK76.WIH2.2020,W10004_0894/PHK76
W10004_0894/PHP02.WIH2.2020,W10004_0894/PHP02
W10004_0894/PHZ51.WIH2.2020,W10004_0894/PHZ51
W10004_0896/PHK76.WIH2.2020,W10004_0896/PHK76
W10004_0896/PHP02.WIH2.2020,W10004_0896/PHP02
W10004_0896/PHZ51.WIH2.2020,W10004_0896/PHZ51
W10004_0900/PHK76.WIH2.2020,W10004_0900/PHK76
W10004_0900/PHP02.WIH2.2020,W10004_0900/PHP02
W10004_0900/PHZ51.WIH2.2020,W10004_0900/PHZ51
W10004_0901/PHK76.WIH2.2020,W10004_0901/PHK76
W10004_0901/PHP02.WIH2.2020,W10004_0901/PHP02
W10004_0901/PHZ51.WIH2.2020,W10004_0901/PHZ51
W10004_0907/PHK76.WIH2.2020,W10004_0907/PHK76
W10004_0907/PHP02.WIH2.2020,W10004_0907/PHP02
W10004_0907/PHZ51.WIH2.2020,W10004_0907/PHZ51
W10004_0913/PHK76.WIH2.2020,W10004_0913/PHK76
W10004_0913/PHP02.WIH2.2020,W10004_0913/PHP02
W10004_0913/PHZ51.WIH2.2020,W10004_0913/PHZ51
W10004_0914/PHK76.WIH2.2020,W10004_0914/PHK76
W10004_0914/PHP02.WIH2.2020,W10004_0914/PHP02
W10004_0914/PHZ51.WIH2.2020,W10004_0914/PHZ51
W10004_0916/PHK76.WIH2.2020,W10004_0916/PHK76
W10004_0916/PHP02.WIH2.2020,W10004_0916/PHP02
W10004_0916/PHZ51.WIH2.2020,W10004_0916/PHZ51
W10004_0918/PHK76.WIH2.2020,W10004_0918/PHK76
W10004_0918/PHP02.WIH2.2020,W10004_0918/PHP02
W10004_0918/PHZ51.WIH2.2020,W10004_0918/PHZ51
W10004_0920/PHK76.WIH2.2020,W10004_0920/PHK76
W10004_0920/PHP02.WIH2.2020,W10004_0920/PHP02
W10004_0920/PHZ51.WIH2.2020,W10004_0920/PHZ51
W10004_0922/PHK76.WIH2.2020,W10004_0922/PHK76
W10004_0922/PHP02.WIH2.2020,W10004_0922/PHP02
W10004_0922/PHZ51.WIH2.2020,W10004_0922/PHZ51
W10004_0928/PHK76.WIH2.2020,W10004_0928/PHK76
W10004_0928/PHP02.WIH2.2020,W10004_0928/PHP02
W10004_0928/PHZ51.WIH2.2020,W10004_0928/PHZ51
W10004_0930/PHK76.WIH2.2020,W10004_0930/PHK76
W10004_0930/PHP02.WIH2.2020,W10004_0930/PHP02
W10004_0930/PHZ51.WIH2.2020,W10004_0930/PHZ51
W10004_0932/PHK76.WIH2.2020,W10004_0932/PHK76
W10004_0932/PHP02.WIH2.2020,W10004_0932/PHP02
W10004_0932/PHZ51.WIH2.2020,W10004_0932/PHZ51
W10004_0935/PHK76.WIH2.2020,W10004_0935/PHK76
W10004_0935/PHP02.WIH2.2020,W10004_0935/PHP02
W10004_0935/PHZ51.WIH2.2020,W10004_0935/PHZ51
W10004_0938/PHP02.WIH2.2020,W10004_0938/PHP02
W10004_0940/PHK76.WIH2.2020,W10004_0940/PHK76
W10004_0940/PHP02.WIH2.2020,W10004_0940/PHP02
W10004_0940/PHZ51.WIH2.2020,W10004_0940/PHZ51
W10004_0943/PHK76.WIH2.2020,W10004_0943/PHK76
W10004_0943/PHP02.WIH2.2020,W10004_0943/PHP02
W10004_0943/PHZ51.WIH2.2020,W10004_0943/PHZ51
W10004_0949/PHK76.WIH2.2020,W10004_0949/PHK76
W10004_0949/PHP02.WIH2.2020,W10004_0949/PHP02
W10004_0949/PHZ51.WIH2.2020,W10004_0949/PHZ51
W10004_0950/PHK76.WIH2.2020,W10004_0950/PHK76
W10004_0950/PHP02.WIH2.2020,W10004_0950/PHP02
W10004_0950/PHZ51.WIH2.2020,W10004_0950/PHZ51
W10004_0951/PHK76.WIH2.2020,W10004_0951/PHK76
W10004_0951/PHP02.WIH2.2020,W10004_0951/PHP02
W10004_0951/PHZ51.WIH2.2020,W10004_0951/PHZ51
W10004_0953/PHK76.WIH2.2020,W10004_0953/PHK76
W10004_0953/PHP02.WIH2.2020,W10004_0953/PHP02
W10004_0953/PHZ51.WIH2.2020,W10004_0953/PHZ51
W10004_0955/PHK76.WIH2.2020,W10004_0955/PHK76
W10004_0955/PHP02.WIH2.2020,W10004_0955/PHP02
W10004_0955/PHZ51.WIH2.2020,W10004_0955/PHZ51
W10004_0956/PHK76.WIH2.2020,W10004_0956/PHK76
W10004_0956/PHP02.WIH2.2020,W10004_0956/PHP02
W10004_0956/PHZ51.WIH2.2020,W10004_0956/PHZ51
W10004_0963/PHK76.WIH2.2020,W10004_0963/PHK76
W10004_0963/PHP02.WIH2.2020,W10004_0963/PHP02
W10004_0963/PHZ51.WIH2.2020,W10004_0963/PHZ51
W10004_0964/PHK76.WIH2.2020,W10004_0964/PHK76
W10004_0964/PHP02.WIH2.2020,W10004_0964/PHP02
W10004_0964/PHZ51.WIH2.2020,W10004_0964/PHZ51
W10004_0965/PHK76.WIH2.2020,W10004_0965/PHK76
W10004_0965/PHP02.WIH2.2020,W10004_0965/PHP02
W10004_0965/PHZ51.WIH2.2020,W10004_0965/PHZ51
W10004_0966/PHK76.WIH2.2020,W10004_0966/PHK76
W10004_0966/PHP02.WIH2.2020,W10004_0966/PHP02
W10004_0966/PHZ51.WIH2.2020,W10004_0966/PHZ51
W10004_0969/PHK76.WIH2.2020,W10004_0969/PHK76
W10004_0969/PHP02.WIH2.2020,W10004_0969/PHP02
W10004_0969/PHZ51.WIH2.2020,W10004_0969/PHZ51
W10004_0970/PHK76.WIH2.2020,W10004_0970/PHK76
W10004_0970/PHP02.WIH2.2020,W10004_0970/PHP02
W10004_0970/PHZ51.WIH2.2020,W10004_0970/PHZ51
W10004_0971/PHK76.WIH2.2020,W10004_0971/PHK76
W10004_0971/PHP02.WIH2.2020,W10004_0971/PHP02
W10004_0971/PHZ51.WIH2.2020,W10004_0971/PHZ51
W10004_0974/PHK76.WIH2.2020,W10004_0974/PHK76
W10004_0974/PHP02.WIH2.2020,W10004_0974/PHP02
W10004_0974/PHZ51.WIH2.2020,W10004_0974/PHZ51
W10004_0975/PHK76.WIH2.2020,W10004_0975/PHK76
W10004_0975/PHP02.WIH2.2020,W10004_0975/PHP02
W10004_0975/PHZ51.WIH2.2020,W10004_0975/PHZ51
W10004_0981/PHK76.WIH2.2020,W10004_0981/PHK76
W10004_0981/PHP02.WIH2.2020,W10004_0981/PHP02
W10004_0981/PHZ51.WIH2.2020,W10004_0981/PHZ51
W10004_0982/PHK76.WIH2.2020,W10004_0982/PHK76
W10004_0982/PHP02.WIH2.2020,W10004_0982/PHP02
W10004_0982/PHZ51.WIH2.2020,W10004_0982/PHZ51
W10004_0984/PHK76.WIH2.2020,W10004_0984/PHK76
W10004_0984/PHP02.WIH2.2020,W10004_0984/PHP02
W10004_0984/PHZ51.WIH2.2020,W10004_0984/PHZ51
W10004_0988/PHK76.WIH2.2020,W10004_0988/PHK76
W10004_0988/PHP02.WIH2.2020,W10004_0988/PHP02
W10004_0988/PHZ51.WIH2.2020,W10004_0988/PHZ51
W10004_0991/PHK76.WIH2.2020,W10004_0991/PHK76
W10004_0991/PHP02.WIH2.2020,W10004_0991/PHP02
W10004_0991/PHZ51.WIH2.2020,W10004_0991/PHZ51
W10004_0996/PHK76.WIH2.2020,W10004_0996/PHK76
W10004_0996/PHP02.WIH2.2020,W10004_0996/PHP02
W10004_0996/PHZ51.WIH2.2020,W10004_0996/PHZ51
W10004_0997/PHK76.WIH2.2020,W10004_0997/PHK76
W10004_0997/PHP02.WIH2.2020,W10004_0997/PHP02
W10004_0997/PHZ51.WIH2.2020,W10004_0997/PHZ51
W10004_1000/PHK76.WIH2.2020,W10004_1000/PHK76
W10004_1000/PHP02.WIH2.2020,W10004_1000/PHP02
W10004_1000/PHZ51.WIH2.2020,W10004_1000/PHZ51
W10004_1001/PHK76.WIH2.2020,W10004_1001/PHK76
W10004_1001/PHP02.WIH2.2020,W10004_1001/PHP02
W10004_1001/PHZ51.WIH2.2020,W10004_1001/PHZ51
W10004_1002/PHK76.WIH2.2020,W10004_1002/PHK76
W10004_1002/PHP02.WIH2.2020,W10004_1002/PHP02
W10004_1002/PHZ51.WIH2.2020,W10004_1002/PHZ51
W10004_1004/PHK76.WIH2.2020,W10004_1004/PHK76
W10004_1004/PHP02.WIH2.2020,W10004_1004/PHP02
W10004_1004/PHZ51.WIH2.2020,W10004_1004/PHZ51
W10004_1007/PHK76.WIH2.2020,W10004_1007/PHK76
W10004_1007/PHZ51.WIH2.2020,W10004_1007/PHZ51
W10004_1011/PHK76.WIH2.2020,W10004_1011/PHK76
W10004_1011/PHP02.WIH2.2020,W10004_1011/PHP02
W10004_1011/PHZ51.WIH2.2020,W10004_1011/PHZ51
W10004_1014/PHK76.WIH2.2020,W10004_1014/PHK76
W10004_1014/PHP02.WIH2.2020,W10004_1014/PHP02
W10004_1014/PHZ51.WIH2.2020,W10004_1014/PHZ51
W10004_1015/PHK76.WIH2.2020,W10004_1015/PHK76
W10004_1015/PHP02.WIH2.2020,W10004_1015/PHP02
W10004_1015/PHZ51.WIH2.2020,W10004_1015/PHZ51
W10004_1018/PHK76.WIH2.2020,W10004_1018/PHK76
W10004_1018/PHP02.WIH2.2020,W10004_1018/PHP02
W10004_1018/PHZ51.WIH2.2020,W10004_1018/PHZ51
W10004_1020/PHK76.WIH2.2020,W10004_1020/PHK76
W10004_1020/PHP02.WIH2.2020,W10004_1020/PHP02
W10004_1020/PHZ51.WIH2.2020,W10004_1020/PHZ51
W10004_1032/PHK76.WIH2.2020,W10004_1032/PHK76
W10004_1032/PHP02.WIH2.2020,W10004_1032/PHP02
W10004_1032/PHZ51.WIH2.2020,W10004_1032/PHZ51
W10004_1037/PHK76.WIH2.2020,W10004_1037/PHK76
W10004_1037/PHP02.WIH2.2020,W10004_1037/PHP02
W10004_1037/PHZ51.WIH2.2020,W10004_1037/PHZ51
W10004_1045/PHK76.WIH2.2020,W10004_1045/PHK76
W10004_1045/PHP02.WIH2.2020,W10004_1045/PHP02
W10004_1045/PHZ51.WIH2.2020,W10004_1045/PHZ51
W10004_1052/PHK76.WIH2.2020,W10004_1052/PHK76
W10004_1052/PHP02.WIH2.2020,W10004_1052/PHP02
W10004_1052/PHZ51.WIH2.2020,W10004_1052/PHZ51
W10004_1057/PHK76.WIH2.2020,W10004_1057/PHK76
W10004_1057/PHP02.WIH2.2020,W10004_1057/PHP02
W10004_1057/PHZ51.WIH2.2020,W10004_1057/PHZ51
W10004_1063/PHK76.WIH2.2020,W10004_1063/PHK76
W10004_1063/PHP02.WIH2.2020,W10004_1063/PHP02
W10004_1063/PHZ51.WIH2.2020,W10004_1063/PHZ51
W10004_1064/PHP02.WIH2.2020,W10004_1064/PHP02
W10004_1064/PHZ51.WIH2.2020,W10004_1064/PHZ51
W10004_1072/PHK76.WIH2.2020,W10004_1072/PHK76
W10004_1072/PHP02.WIH2.2020,W10004_1072/PHP02
W10004_1072/PHZ51.WIH2.2020,W10004_1072/PHZ51
W10004_1080/PHK76.WIH2.2020,W10004_1080/PHK76
W10004_1080/PHP02.WIH2.2020,W10004_1080/PHP02
W10004_1080/PHZ51.WIH2.2020,W10004_1080/PHZ51
W10004_1081/PHK76.WIH2.2020,W10004_1081/PHK76
W10004_1081/PHP02.WIH2.2020,W10004_1081/PHP02
W10004_1081/PHZ51.WIH2.2020,W10004_1081/PHZ51
W10004_1084/PHK76.WIH2.2020,W10004_1084/PHK76
W10004_1084/PHP02.WIH2.2020,W10004_1084/PHP02
W10004_1084/PHZ51.WIH2.2020,W10004_1084/PHZ51
W10004_1099/PHK76.WIH2.2020,W10004_1099/PHK76
W10004_1099/PHP02.WIH2.2020,W10004_1099/PHP02
W10004_1099/PHZ51.WIH2.2020,W10004_1099/PHZ51
W10004_1104/PHK76.WIH2.2020,W10004_1104/PHK76
W10004_1104/PHP02.WIH2.2020,W10004_1104/PHP02
W10004_1104/PHZ51.WIH2.2020,W10004_1104/PHZ51
W10004_1105/PHK76.WIH2.2020,W10004_1105/PHK76
W10004_1105/PHP02.WIH2.2020,W10004_1105/PHP02
W10004_1105/PHZ51.WIH2.2020,W10004_1105/PHZ51
W10004_1112/PHK76.WIH2.2020,W10004_1112/PHK76
W10004_1112/PHP02.WIH2.2020,W10004_1112/PHP02
W10004_1112/PHZ51.WIH2.2020,W10004_1112/PHZ51
W10004_1117/PHK76.WIH2.2020,W10004_1117/PHK76
W10004_1117/PHP02.WIH2.2020,W10004_1117/PHP02
W10004_1117/PHZ51.WIH2.2020,W10004_1117/PHZ51
W10004_1118/PHK76.WIH2.2020,W10004_1118/PHK76
W10004_1118/PHP02.WIH2.2020,W10004_1118/PHP02
W10004_1118/PHZ51.WIH2.2020,W10004_1118/PHZ51
W10004_1123/PHK76.WIH2.2020,W10004_1123/PHK76
W10004_1123/PHP02.WIH2.2020,W10004_1123/PHP02
W10004_1123/PHZ51.WIH2.2020,W10004_1123/PHZ51
W10004_1140/PHK76.WIH2.2020,W10004_1140/PHK76
W10004_1140/PHP02.WIH2.2020,W10004_1140/PHP02
W10004_1140/PHZ51.WIH2.2020,W10004_1140/PHZ51
W10004_1143/PHK76.WIH2.2020,W10004_1143/PHK76
W10004_1143/PHP02.WIH2.2020,W10004_1143/PHP02
W10004_1146/PHK76.WIH2.2020,W10004_1146/PHK76
W10004_1146/PHP02.WIH2.2020,W10004_1146/PHP02
W10004_1146/PHZ51.WIH2.2020,W10004_1146/PHZ51
W10004_1156/PHK76.WIH2.2020,W10004_1156/PHK76
W10004_1156/PHP02.WIH2.2020,W10004_1156/PHP02
W10004_1156/PHZ51.WIH2.2020,W10004_1156/PHZ51
B14A/H95.WIH2.2021,B14A/H95
B14A/MO17.WIH2.2021,B14A/MO17
B14A/OH43.WIH2.2021,B14A/OH43
B37/H95.WIH2.2021,B37/H95
B37/MO17.WIH2.2021,B37/MO17
B37/OH43.WIH2.2021,B37/OH43
B73/MO17.WIH2.2021,B73/MO17
B73/PHK76.WIH2.2021,B73/PHK76
B73/PHM49.WIH2.2021,B73/PHM49
B73/PHN82.WIH2.2021,B73/PHN82
B73/PHZ51.WIH2.2021,B73/PHZ51
B73/TX779.WIH2.2021,B73/TX779
CG119/CG108.WIH2.2021,CG119/CG108
CG44/CGR01.WIH2.2021,CG44/CGR01
F42/H95.WIH2.2021,F42/H95
F42/MO17.WIH2.2021,F42/MO17
F42/OH43.WIH2.2021,F42/OH43
LH145/LH82.WIH2.2021,LH145/LH82
LH195/MO17.WIH2.2021,LH195/MO17
LH195/PHK76.WIH2.2021,LH195/PHK76
LH195/PHN82.WIH2.2021,LH195/PHN82
LH195/PHZ51.WIH2.2021,LH195/PHZ51
LH244/MO17.WIH2.2021,LH244/MO17
LH244/PHK76.WIH2.2021,LH244/PHK76
LH244/PHN82.WIH2.2021,LH244/PHN82
LH244/PHZ51.WIH2.2021,LH244/PHZ51
LH74/PHN82.WIH2.2021,LH74/PHN82
LH82/TX779.WIH2.2021,LH82/TX779
PB80/TX779.WIH2.2021,PB80/TX779
PHB47/MO17.WIH2.2021,PHB47/MO17
PHB47/PHK76.WIH2.2021,PHB47/PHK76
PHB47/PHN82.WIH2.2021,PHB47/PHN82
PHB47/PHZ51.WIH2.2021,PHB47/PHZ51
PHG29/PHG47.WIH2.2021,PHG29/PHG47
PHG39/PHN82.WIH2.2021,PHG39/PHN82
PHJ40/PHAJ0.WIH2.2021,PHJ40/PHAJ0
PHJ89/PH207.WIH2.2021,PHJ89/PH207
PHRE1/PHTD5.WIH2.2021,PHRE1/PHTD5
PHW52/PHM49.WIH2.2021,PHW52/PHM49
PHW52/PHN82.WIH2.2021,PHW52/PHN82
TX714/PHZ51.WIH2.2021,TX714/PHZ51
TX714/TX779.WIH2.2021,TX714/TX779
TX773/TX779.WIH2.2021,TX773/TX779
TX777/LH195.WIH2.2021,TX777/LH195
TX779/LH195.WIH2.2021,TX779/LH195
W10004_0006/PHK76.WIH2.2021,W10004_0006/PHK76
W10004_0006/PHP02.WIH2.2021,W10004_0006/PHP02
W10004_0006/PHZ51.WIH2.2021,W10004_0006/PHZ51
W10004_0007/PHK76.WIH2.2021,W10004_0007/PHK76
W10004_0007/PHP02.WIH2.2021,W10004_0007/PHP02
W10004_0007/PHZ51.WIH2.2021,W10004_0007/PHZ51
W10004_0008/PHK76.WIH2.2021,W10004_0008/PHK76
W10004_0008/PHP02.WIH2.2021,W10004_0008/PHP02
W10004_0008/PHZ51.WIH2.2021,W10004_0008/PHZ51
W10004_0010/PHK76.WIH2.2021,W10004_0010/PHK76
W10004_0010/PHP02.WIH2.2021,W10004_0010/PHP02
W10004_0010/PHZ51.WIH2.2021,W10004_0010/PHZ51
W10004_0011/PHK76.WIH2.2021,W10004_0011/PHK76
W10004_0011/PHP02.WIH2.2021,W10004_0011/PHP02
W10004_0011/PHZ51.WIH2.2021,W10004_0011/PHZ51
W10004_0013/PHK76.WIH2.2021,W10004_0013/PHK76
W10004_0013/PHP02.WIH2.2021,W10004_0013/PHP02
W10004_0013/PHZ51.WIH2.2021,W10004_0013/PHZ51
W10004_0014/PHK76.WIH2.2021,W10004_0014/PHK76
W10004_0014/PHP02.WIH2.2021,W10004_0014/PHP02
W10004_0014/PHZ51.WIH2.2021,W10004_0014/PHZ51
W10004_0018/PHK76.WIH2.2021,W10004_0018/PHK76
W10004_0018/PHP02.WIH2.2021,W10004_0018/PHP02
W10004_0018/PHZ51.WIH2.2021,W10004_0018/PHZ51
W10004_0026/PHK76.WIH2.2021,W10004_0026/PHK76
W10004_0026/PHP02.WIH2.2021,W10004_0026/PHP02
W10004_0026/PHZ51.WIH2.2021,W10004_0026/PHZ51
W10004_0027/PHK76.WIH2.2021,W10004_0027/PHK76
W10004_0027/PHP02.WIH2.2021,W10004_0027/PHP02
W10004_0031/PHK76.WIH2.2021,W10004_0031/PHK76
W10004_0031/PHP02.WIH2.2021,W10004_0031/PHP02
W10004_0031/PHZ51.WIH2.2021,W10004_0031/PHZ51
W10004_0032/PHK76.WIH2.2021,W10004_0032/PHK76
W10004_0032/PHP02.WIH2.2021,W10004_0032/PHP02
W10004_0032/PHZ51.WIH2.2021,W10004_0032/PHZ51
W10004_0034/PHK76.WIH2.2021,W10004_0034/PHK76
W10004_0034/PHP02.WIH2.2021,W10004_0034/PHP02
W10004_0034/PHZ51.WIH2.2021,W10004_0034/PHZ51
W10004_0035/PHK76.WIH2.2021,W10004_0035/PHK76
W10004_0035/PHP02.WIH2.2021,W10004_0035/PHP02
W10004_0035/PHZ51.WIH2.2021,W10004_0035/PHZ51
W10004_0037/PHP02.WIH2.2021,W10004_0037/PHP02
W10004_0037/PHZ51.WIH2.2021,W10004_0037/PHZ51
W10004_0038/PHK76.WIH2.2021,W10004_0038/PHK76
W10004_0038/PHP02.WIH2.2021,W10004_0038/PHP02
W10004_0038/PHZ51.WIH2.2021,W10004_0038/PHZ51
W10004_0039/PHK76.WIH2.2021,W10004_0039/PHK76
W10004_0039/PHP02.WIH2.2021,W10004_0039/PHP02
W10004_0039/PHZ51.WIH2.2021,W10004_0039/PHZ51
W10004_0041/PHK76.WIH2.2021,W10004_0041/PHK76
W10004_0041/PHP02.WIH2.2021,W10004_0041/PHP02
W10004_0041/PHZ51.WIH2.2021,W10004_0041/PHZ51
W10004_0042/PHK76.WIH2.2021,W10004_0042/PHK76
W10004_0042/PHP02.WIH2.2021,W10004_0042/PHP02
W10004_0042/PHZ51.WIH2.2021,W10004_0042/PHZ51
W10004_0045/PHK76.WIH2.2021,W10004_0045/PHK76
W10004_0045/PHP02.WIH2.2021,W10004_0045/PHP02
W10004_0045/PHZ51.WIH2.2021,W10004_0045/PHZ51
W10004_0046/PHK76.WIH2.2021,W10004_0046/PHK76
W10004_0046/PHP02.WIH2.2021,W10004_0046/PHP02
W10004_0046/PHZ51.WIH2.2021,W10004_0046/PHZ51
W10004_0047/PHK76.WIH2.2021,W10004_0047/PHK76
W10004_0047/PHP02.WIH2.2021,W10004_0047/PHP02
W10004_0047/PHZ51.WIH2.2021,W10004_0047/PHZ51
W10004_0053/PHK76.WIH2.2021,W10004_0053/PHK76
W10004_0053/PHP02.WIH2.2021,W10004_0053/PHP02
W10004_0053/PHZ51.WIH2.2021,W10004_0053/PHZ51
W10004_0055/PHK76.WIH2.2021,W10004_0055/PHK76
W10004_0055/PHP02.WIH2.2021,W10004_0055/PHP02
W10004_0055/PHZ51.WIH2.2021,W10004_0055/PHZ51
W10004_0059/PHK76.WIH2.2021,W10004_0059/PHK76
W10004_0059/PHP02.WIH2.2021,W10004_0059/PHP02
W10004_0061/PHK76.WIH2.2021,W10004_0061/PHK76
W10004_0061/PHP02.WIH2.2021,W10004_0061/PHP02
W10004_0061/PHZ51.WIH2.2021,W10004_0061/PHZ51
W10004_0062/PHK76.WIH2.2021,W10004_0062/PHK76
W10004_0062/PHP02.WIH2.2021,W10004_0062/PHP02
W10004_0062/PHZ51.WIH2.2021,W10004_0062/PHZ51
W10004_0063/PHK76.WIH2.2021,W10004_0063/PHK76
W10004_0063/PHP02.WIH2.2021,W10004_0063/PHP02
W10004_0063/PHZ51.WIH2.2021,W10004_0063/PHZ51
W10004_0064/PHK76.WIH2.2021,W10004_0064/PHK76
W10004_0064/PHP02.WIH2.2021,W10004_0064/PHP02
W10004_0064/PHZ51.WIH2.2021,W10004_0064/PHZ51
W10004_0065/PHK76.WIH2.2021,W10004_0065/PHK76
W10004_0065/PHP02.WIH2.2021,W10004_0065/PHP02
W10004_0065/PHZ51.WIH2.2021,W10004_0065/PHZ51
W10004_0068/PHK76.WIH2.2021,W10004_0068/PHK76
W10004_0068/PHP02.WIH2.2021,W10004_0068/PHP02
W10004_0068/PHZ51.WIH2.2021,W10004_0068/PHZ51
W10004_0069/PHK76.WIH2.2021,W10004_0069/PHK76
W10004_0069/PHP02.WIH2.2021,W10004_0069/PHP02
W10004_0069/PHZ51.WIH2.2021,W10004_0069/PHZ51
W10004_0070/PHK76.WIH2.2021,W10004_0070/PHK76
W10004_0070/PHP02.WIH2.2021,W10004_0070/PHP02
W10004_0070/PHZ51.WIH2.2021,W10004_0070/PHZ51
W10004_0071/PHK76.WIH2.2021,W10004_0071/PHK76
W10004_0071/PHP02.WIH2.2021,W10004_0071/PHP02
W10004_0071/PHZ51.WIH2.2021,W10004_0071/PHZ51
W10004_0072/PHK76.WIH2.2021,W10004_0072/PHK76
W10004_0072/PHP02.WIH2.2021,W10004_0072/PHP02
W10004_0072/PHZ51.WIH2.2021,W10004_0072/PHZ51
W10004_0073/PHK76.WIH2.2021,W10004_0073/PHK76
W10004_0073/PHP02.WIH2.2021,W10004_0073/PHP02
W10004_0073/PHZ51.WIH2.2021,W10004_0073/PHZ51
W10004_0076/PHK76.WIH2.2021,W10004_0076/PHK76
W10004_0076/PHP02.WIH2.2021,W10004_0076/PHP02
W10004_0076/PHZ51.WIH2.2021,W10004_0076/PHZ51
W10004_0078/PHK76.WIH2.2021,W10004_0078/PHK76
W10004_0078/PHP02.WIH2.2021,W10004_0078/PHP02
W10004_0078/PHZ51.WIH2.2021,W10004_0078/PHZ51
W10004_0079/PHK76.WIH2.2021,W10004_0079/PHK76
W10004_0079/PHP02.WIH2.2021,W10004_0079/PHP02
W10004_0079/PHZ51.WIH2.2021,W10004_0079/PHZ51
W10004_0080/PHK76.WIH2.2021,W10004_0080/PHK76
W10004_0080/PHP02.WIH2.2021,W10004_0080/PHP02
W10004_0080/PHZ51.WIH2.2021,W10004_0080/PHZ51
W10004_0086/PHK76.WIH2.2021,W10004_0086/PHK76
W10004_0086/PHP02.WIH2.2021,W10004_0086/PHP02
W10004_0086/PHZ51.WIH2.2021,W10004_0086/PHZ51
W10004_0087/PHP02.WIH2.2021,W10004_0087/PHP02
W10004_0087/PHZ51.WIH2.2021,W10004_0087/PHZ51
W10004_0092/PHK76.WIH2.2021,W10004_0092/PHK76
W10004_0092/PHP02.WIH2.2021,W10004_0092/PHP02
W10004_0092/PHZ51.WIH2.2021,W10004_0092/PHZ51
W10004_0093/PHK76.WIH2.2021,W10004_0093/PHK76
W10004_0093/PHP02.WIH2.2021,W10004_0093/PHP02
W10004_0093/PHZ51.WIH2.2021,W10004_0093/PHZ51
W10004_0095/PHK76.WIH2.2021,W10004_0095/PHK76
W10004_0095/PHP02.WIH2.2021,W10004_0095/PHP02
W10004_0095/PHZ51.WIH2.2021,W10004_0095/PHZ51
W10004_0097/PHK76.WIH2.2021,W10004_0097/PHK76
W10004_0097/PHP02.WIH2.2021,W10004_0097/PHP02
W10004_0097/PHZ51.WIH2.2021,W10004_0097/PHZ51
W10004_0098/PHK76.WIH2.2021,W10004_0098/PHK76
W10004_0098/PHP02.WIH2.2021,W10004_0098/PHP02
W10004_0098/PHZ51.WIH2.2021,W10004_0098/PHZ51
W10004_0099/PHK76.WIH2.2021,W10004_0099/PHK76
W10004_0099/PHP02.WIH2.2021,W10004_0099/PHP02
W10004_0099/PHZ51.WIH2.2021,W10004_0099/PHZ51
W10004_0101/PHK76.WIH2.2021,W10004_0101/PHK76
W10004_0101/PHP02.WIH2.2021,W10004_0101/PHP02
W10004_0101/PHZ51.WIH2.2021,W10004_0101/PHZ51
W10004_0103/PHK76.WIH2.2021,W10004_0103/PHK76
W10004_0103/PHP02.WIH2.2021,W10004_0103/PHP02
W10004_0103/PHZ51.WIH2.2021,W10004_0103/PHZ51
W10004_0106/PHK76.WIH2.2021,W10004_0106/PHK76
W10004_0106/PHP02.WIH2.2021,W10004_0106/PHP02
W10004_0106/PHZ51.WIH2.2021,W10004_0106/PHZ51
W10004_0110/PHK76.WIH2.2021,W10004_0110/PHK76
W10004_0110/PHP02.WIH2.2021,W10004_0110/PHP02
W10004_0110/PHZ51.WIH2.2021,W10004_0110/PHZ51
W10004_0112/PHK76.WIH2.2021,W10004_0112/PHK76
W10004_0112/PHP02.WIH2.2021,W10004_0112/PHP02
W10004_0112/PHZ51.WIH2.2021,W10004_0112/PHZ51
W10004_0115/PHK76.WIH2.2021,W10004_0115/PHK76
W10004_0115/PHP02.WIH2.2021,W10004_0115/PHP02
W10004_0115/PHZ51.WIH2.2021,W10004_0115/PHZ51
W10004_0116/PHK76.WIH2.2021,W10004_0116/PHK76
W10004_0116/PHP02.WIH2.2021,W10004_0116/PHP02
W10004_0116/PHZ51.WIH2.2021,W10004_0116/PHZ51
W10004_0118/PHK76.WIH2.2021,W10004_0118/PHK76
W10004_0118/PHP02.WIH2.2021,W10004_0118/PHP02
W10004_0118/PHZ51.WIH2.2021,W10004_0118/PHZ51
W10004_0119/PHK76.WIH2.2021,W10004_0119/PHK76
W10004_0119/PHP02.WIH2.2021,W10004_0119/PHP02
W10004_0119/PHZ51.WIH2.2021,W10004_0119/PHZ51
W10004_0121/PHK76.WIH2.2021,W10004_0121/PHK76
W10004_0121/PHP02.WIH2.2021,W10004_0121/PHP02
W10004_0121/PHZ51.WIH2.2021,W10004_0121/PHZ51
W10004_0122/PHK76.WIH2.2021,W10004_0122/PHK76
W10004_0122/PHP02.WIH2.2021,W10004_0122/PHP02
W10004_0122/PHZ51.WIH2.2021,W10004_0122/PHZ51
W10004_0127/PHK76.WIH2.2021,W10004_0127/PHK76
W10004_0127/PHP02.WIH2.2021,W10004_0127/PHP02
W10004_0127/PHZ51.WIH2.2021,W10004_0127/PHZ51
W10004_0129/PHK76.WIH2.2021,W10004_0129/PHK76
W10004_0129/PHP02.WIH2.2021,W10004_0129/PHP02
W10004_0129/PHZ51.WIH2.2021,W10004_0129/PHZ51
W10004_0132/PHK76.WIH2.2021,W10004_0132/PHK76
W10004_0132/PHP02.WIH2.2021,W10004_0132/PHP02
W10004_0132/PHZ51.WIH2.2021,W10004_0132/PHZ51
W10004_0133/PHK76.WIH2.2021,W10004_0133/PHK76
W10004_0133/PHP02.WIH2.2021,W10004_0133/PHP02
W10004_0133/PHZ51.WIH2.2021,W10004_0133/PHZ51
W10004_0134/PHK76.WIH2.2021,W10004_0134/PHK76
W10004_0134/PHP02.WIH2.2021,W10004_0134/PHP02
W10004_0134/PHZ51.WIH2.2021,W10004_0134/PHZ51
W10004_0138/PHK76.WIH2.2021,W10004_0138/PHK76
W10004_0138/PHP02.WIH2.2021,W10004_0138/PHP02
W10004_0138/PHZ51.WIH2.2021,W10004_0138/PHZ51
W10004_0140/PHK76.WIH2.2021,W10004_0140/PHK76
W10004_0140/PHP02.WIH2.2021,W10004_0140/PHP02
W10004_0140/PHZ51.WIH2.2021,W10004_0140/PHZ51
W10004_0144/PHK76.WIH2.2021,W10004_0144/PHK76
W10004_0144/PHP02.WIH2.2021,W10004_0144/PHP02
W10004_0144/PHZ51.WIH2.2021,W10004_0144/PHZ51
W10004_0146/PHK76.WIH2.2021,W10004_0146/PHK76
W10004_0146/PHP02.WIH2.2021,W10004_0146/PHP02
W10004_0146/PHZ51.WIH2.2021,W10004_0146/PHZ51
W10004_0147/PHK76.WIH2.2021,W10004_0147/PHK76
W10004_0147/PHP02.WIH2.2021,W10004_0147/PHP02
W10004_0147/PHZ51.WIH2.2021,W10004_0147/PHZ51
W10004_0148/PHK76.WIH2.2021,W10004_0148/PHK76
W10004_0148/PHP02.WIH2.2021,W10004_0148/PHP02
W10004_0148/PHZ51.WIH2.2021,W10004_0148/PHZ51
W10004_0149/PHK76.WIH2.2021,W10004_0149/PHK76
W10004_0149/PHP02.WIH2.2021,W10004_0149/PHP02
W10004_0149/PHZ51.WIH2.2021,W10004_0149/PHZ51
W10004_0150/PHK76.WIH2.2021,W10004_0150/PHK76
W10004_0150/PHP02.WIH2.2021,W10004_0150/PHP02
W10004_0150/PHZ51.WIH2.2021,W10004_0150/PHZ51
W10004_0152/PHK76.WIH2.2021,W10004_0152/PHK76
W10004_0152/PHP02.WIH2.2021,W10004_0152/PHP02
W10004_0152/PHZ51.WIH2.2021,W10004_0152/PHZ51
W10004_0153/PHK76.WIH2.2021,W10004_0153/PHK76
W10004_0153/PHP02.WIH2.2021,W10004_0153/PHP02
W10004_0153/PHZ51.WIH2.2021,W10004_0153/PHZ51
W10004_0154/PHK76.WIH2.2021,W10004_0154/PHK76
W10004_0154/PHP02.WIH2.2021,W10004_0154/PHP02
W10004_0154/PHZ51.WIH2.2021,W10004_0154/PHZ51
W10004_0160/PHK76.WIH2.2021,W10004_0160/PHK76
W10004_0160/PHP02.WIH2.2021,W10004_0160/PHP02
W10004_0160/PHZ51.WIH2.2021,W10004_0160/PHZ51
W10004_0161/PHP02.WIH2.2021,W10004_0161/PHP02
W10004_0161/PHZ51.WIH2.2021,W10004_0161/PHZ51
W10004_0166/PHK76.WIH2.2021,W10004_0166/PHK76
W10004_0166/PHP02.WIH2.2021,W10004_0166/PHP02
W10004_0166/PHZ51.WIH2.2021,W10004_0166/PHZ51
W10004_0167/PHK76.WIH2.2021,W10004_0167/PHK76
W10004_0167/PHP02.WIH2.2021,W10004_0167/PHP02
W10004_0167/PHZ51.WIH2.2021,W10004_0167/PHZ51
W10004_0168/PHK76.WIH2.2021,W10004_0168/PHK76
W10004_0168/PHP02.WIH2.2021,W10004_0168/PHP02
W10004_0168/PHZ51.WIH2.2021,W10004_0168/PHZ51
W10004_0169/PHK76.WIH2.2021,W10004_0169/PHK76
W10004_0169/PHP02.WIH2.2021,W10004_0169/PHP02
W10004_0169/PHZ51.WIH2.2021,W10004_0169/PHZ51
W10004_0171/PHK76.WIH2.2021,W10004_0171/PHK76
W10004_0171/PHP02.WIH2.2021,W10004_0171/PHP02
W10004_0178/PHK76.WIH2.2021,W10004_0178/PHK76
W10004_0178/PHP02.WIH2.2021,W10004_0178/PHP02
W10004_0178/PHZ51.WIH2.2021,W10004_0178/PHZ51
W10004_0179/PHK76.WIH2.2021,W10004_0179/PHK76
W10004_0179/PHP02.WIH2.2021,W10004_0179/PHP02
W10004_0179/PHZ51.WIH2.2021,W10004_0179/PHZ51
W10004_0185/PHK76.WIH2.2021,W10004_0185/PHK76
W10004_0185/PHP02.WIH2.2021,W10004_0185/PHP02
W10004_0185/PHZ51.WIH2.2021,W10004_0185/PHZ51
W10004_0189/PHZ51.WIH2.2021,W10004_0189/PHZ51
W10004_0190/PHK76.WIH2.2021,W10004_0190/PHK76
W10004_0190/PHP02.WIH2.2021,W10004_0190/PHP02
W10004_0190/PHZ51.WIH2.2021,W10004_0190/PHZ51
W10004_0192/PHK76.WIH2.2021,W10004_0192/PHK76
W10004_0192/PHZ51.WIH2.2021,W10004_0192/PHZ51
W10004_0194/PHK76.WIH2.2021,W10004_0194/PHK76
W10004_0194/PHP02.WIH2.2021,W10004_0194/PHP02
W10004_0194/PHZ51.WIH2.2021,W10004_0194/PHZ51
W10004_0196/PHK76.WIH2.2021,W10004_0196/PHK76
W10004_0196/PHP02.WIH2.2021,W10004_0196/PHP02
W10004_0196/PHZ51.WIH2.2021,W10004_0196/PHZ51
W10004_0197/PHK76.WIH2.2021,W10004_0197/PHK76
W10004_0197/PHP02.WIH2.2021,W10004_0197/PHP02
W10004_0197/PHZ51.WIH2.2021,W10004_0197/PHZ51
W10004_0199/PHK76.WIH2.2021,W10004_0199/PHK76
W10004_0199/PHP02.WIH2.2021,W10004_0199/PHP02
W10004_0199/PHZ51.WIH2.2021,W10004_0199/PHZ51
W10004_0200/PHK76.WIH2.2021,W10004_0200/PHK76
W10004_0200/PHP02.WIH2.2021,W10004_0200/PHP02
W10004_0200/PHZ51.WIH2.2021,W10004_0200/PHZ51
W10004_0203/PHK76.WIH2.2021,W10004_0203/PHK76
W10004_0203/PHP02.WIH2.2021,W10004_0203/PHP02
W10004_0203/PHZ51.WIH2.2021,W10004_0203/PHZ51
W10004_0204/PHK76.WIH2.2021,W10004_0204/PHK76
W10004_0204/PHP02.WIH2.2021,W10004_0204/PHP02
W10004_0204/PHZ51.WIH2.2021,W10004_0204/PHZ51
W10004_0206/PHK76.WIH2.2021,W10004_0206/PHK76
W10004_0206/PHP02.WIH2.2021,W10004_0206/PHP02
W10004_0206/PHZ51.WIH2.2021,W10004_0206/PHZ51
W10004_0208/PHZ51.WIH2.2021,W10004_0208/PHZ51
W10004_0212/PHK76.WIH2.2021,W10004_0212/PHK76
W10004_0212/PHP02.WIH2.2021,W10004_0212/PHP02
W10004_0212/PHZ51.WIH2.2021,W10004_0212/PHZ51
W10004_0213/PHK76.WIH2.2021,W10004_0213/PHK76
W10004_0213/PHP02.WIH2.2021,W10004_0213/PHP02
W10004_0213/PHZ51.WIH2.2021,W10004_0213/PHZ51
W10004_0217/PHK76.WIH2.2021,W10004_0217/PHK76
W10004_0217/PHP02.WIH2.2021,W10004_0217/PHP02
W10004_0217/PHZ51.WIH2.2021,W10004_0217/PHZ51
W10004_0220/PHK76.WIH2.2021,W10004_0220/PHK76
W10004_0220/PHP02.WIH2.2021,W10004_0220/PHP02
W10004_0220/PHZ51.WIH2.2021,W10004_0220/PHZ51
W10004_0221/PHK76.WIH2.2021,W10004_0221/PHK76
W10004_0221/PHP02.WIH2.2021,W10004_0221/PHP02
W10004_0221/PHZ51.WIH2.2021,W10004_0221/PHZ51
W10004_0223/PHK76.WIH2.2021,W10004_0223/PHK76
W10004_0223/PHP02.WIH2.2021,W10004_0223/PHP02
W10004_0223/PHZ51.WIH2.2021,W10004_0223/PHZ51
W10004_0224/PHK76.WIH2.2021,W10004_0224/PHK76
W10004_0224/PHP02.WIH2.2021,W10004_0224/PHP02
W10004_0224/PHZ51.WIH2.2021,W10004_0224/PHZ51
W10004_0225/PHK76.WIH2.2021,W10004_0225/PHK76
W10004_0225/PHP02.WIH2.2021,W10004_0225/PHP02
W10004_0225/PHZ51.WIH2.2021,W10004_0225/PHZ51
W10004_0227/PHK76.WIH2.2021,W10004_0227/PHK76
W10004_0227/PHP02.WIH2.2021,W10004_0227/PHP02
W10004_0227/PHZ51.WIH2.2021,W10004_0227/PHZ51
W10004_0231/PHK76.WIH2.2021,W10004_0231/PHK76
W10004_0231/PHP02.WIH2.2021,W10004_0231/PHP02
W10004_0231/PHZ51.WIH2.2021,W10004_0231/PHZ51
W10004_0236/PHK76.WIH2.2021,W10004_0236/PHK76
W10004_0236/PHP02.WIH2.2021,W10004_0236/PHP02
W10004_0236/PHZ51.WIH2.2021,W10004_0236/PHZ51
W10004_0238/PHK76.WIH2.2021,W10004_0238/PHK76
W10004_0238/PHP02.WIH2.2021,W10004_0238/PHP02
W10004_0238/PHZ51.WIH2.2021,W10004_0238/PHZ51
W10004_0241/PHK76.WIH2.2021,W10004_0241/PHK76
W10004_0241/PHP02.WIH2.2021,W10004_0241/PHP02
W10004_0241/PHZ51.WIH2.2021,W10004_0241/PHZ51
W10004_0242/PHP02.WIH2.2021,W10004_0242/PHP02
W10004_0242/PHZ51.WIH2.2021,W10004_0242/PHZ51
W10004_0251/PHZ51.WIH2.2021,W10004_0251/PHZ51
W10004_0253/PHK76.WIH2.2021,W10004_0253/PHK76
W10004_0253/PHP02.WIH2.2021,W10004_0253/PHP02
W10004_0253/PHZ51.WIH2.2021,W10004_0253/PHZ51
W10004_0254/PHK76.WIH2.2021,W10004_0254/PHK76
W10004_0254/PHP02.WIH2.2021,W10004_0254/PHP02
W10004_0254/PHZ51.WIH2.2021,W10004_0254/PHZ51
W10004_0256/PHK76.WIH2.2021,W10004_0256/PHK76
W10004_0256/PHP02.WIH2.2021,W10004_0256/PHP02
W10004_0256/PHZ51.WIH2.2021,W10004_0256/PHZ51
W10004_0258/PHK76.WIH2.2021,W10004_0258/PHK76
W10004_0258/PHP02.WIH2.2021,W10004_0258/PHP02
W10004_0258/PHZ51.WIH2.2021,W10004_0258/PHZ51
W10004_0261/PHK76.WIH2.2021,W10004_0261/PHK76
W10004_0261/PHP02.WIH2.2021,W10004_0261/PHP02
W10004_0261/PHZ51.WIH2.2021,W10004_0261/PHZ51
W10004_0262/PHK76.WIH2.2021,W10004_0262/PHK76
W10004_0262/PHP02.WIH2.2021,W10004_0262/PHP02
W10004_0262/PHZ51.WIH2.2021,W10004_0262/PHZ51
W10004_0264/PHK76.WIH2.2021,W10004_0264/PHK76
W10004_0264/PHP02.WIH2.2021,W10004_0264/PHP02
W10004_0264/PHZ51.WIH2.2021,W10004_0264/PHZ51
W10004_0268/PHK76.WIH2.2021,W10004_0268/PHK76
W10004_0268/PHP02.WIH2.2021,W10004_0268/PHP02
W10004_0268/PHZ51.WIH2.2021,W10004_0268/PHZ51
W10004_0270/PHK76.WIH2.2021,W10004_0270/PHK76
W10004_0270/PHP02.WIH2.2021,W10004_0270/PHP02
W10004_0270/PHZ51.WIH2.2021,W10004_0270/PHZ51
W10004_0271/PHK76.WIH2.2021,W10004_0271/PHK76
W10004_0271/PHP02.WIH2.2021,W10004_0271/PHP02
W10004_0271/PHZ51.WIH2.2021,W10004_0271/PHZ51
W10004_0275/PHZ51.WIH2.2021,W10004_0275/PHZ51
W10004_0276/PHK76.WIH2.2021,W10004_0276/PHK76
W10004_0276/PHP02.WIH2.2021,W10004_0276/PHP02
W10004_0276/PHZ51.WIH2.2021,W10004_0276/PHZ51
W10004_0290/PHK76.WIH2.2021,W10004_0290/PHK76
W10004_0290/PHP02.WIH2.2021,W10004_0290/PHP02
W10004_0290/PHZ51.WIH2.2021,W10004_0290/PHZ51
W10004_0291/PHK76.WIH2.2021,W10004_0291/PHK76
W10004_0291/PHP02.WIH2.2021,W10004_0291/PHP02
W10004_0292/PHK76.WIH2.2021,W10004_0292/PHK76
W10004_0292/PHP02.WIH2.2021,W10004_0292/PHP02
W10004_0292/PHZ51.WIH2.2021,W10004_0292/PHZ51
W10004_0299/PHK76.WIH2.2021,W10004_0299/PHK76
W10004_0299/PHP02.WIH2.2021,W10004_0299/PHP02
W10004_0299/PHZ51.WIH2.2021,W10004_0299/PHZ51
W10004_0306/PHK76.WIH2.2021,W10004_0306/PHK76
W10004_0306/PHP02.WIH2.2021,W10004_0306/PHP02
W10004_0306/PHZ51.WIH2.2021,W10004_0306/PHZ51
W10004_0308/PHK76.WIH2.2021,W10004_0308/PHK76
W10004_0308/PHP02.WIH2.2021,W10004_0308/PHP02
W10004_0308/PHZ51.WIH2.2021,W10004_0308/PHZ51
W10004_0309/PHK76.WIH2.2021,W10004_0309/PHK76
W10004_0309/PHP02.WIH2.2021,W10004_0309/PHP02
W10004_0309/PHZ51.WIH2.2021,W10004_0309/PHZ51
W10004_0310/PHK76.WIH2.2021,W10004_0310/PHK76
W10004_0310/PHP02.WIH2.2021,W10004_0310/PHP02
W10004_0310/PHZ51.WIH2.2021,W10004_0310/PHZ51
W10004_0311/PHK76.WIH2.2021,W10004_0311/PHK76
W10004_0311/PHP02.WIH2.2021,W10004_0311/PHP02
W10004_0311/PHZ51.WIH2.2021,W10004_0311/PHZ51
W10004_0327/PHK76.WIH2.2021,W10004_0327/PHK76
W10004_0327/PHP02.WIH2.2021,W10004_0327/PHP02
W10004_0327/PHZ51.WIH2.2021,W10004_0327/PHZ51
W10004_0329/PHK76.WIH2.2021,W10004_0329/PHK76
W10004_0329/PHP02.WIH2.2021,W10004_0329/PHP02
W10004_0329/PHZ51.WIH2.2021,W10004_0329/PHZ51
W10004_0336/PHK76.WIH2.2021,W10004_0336/PHK76
W10004_0336/PHP02.WIH2.2021,W10004_0336/PHP02
W10004_0336/PHZ51.WIH2.2021,W10004_0336/PHZ51
W10004_0344/PHK76.WIH2.2021,W10004_0344/PHK76
W10004_0344/PHP02.WIH2.2021,W10004_0344/PHP02
W10004_0344/PHZ51.WIH2.2021,W10004_0344/PHZ51
W10004_0346/PHK76.WIH2.2021,W10004_0346/PHK76
W10004_0346/PHP02.WIH2.2021,W10004_0346/PHP02
W10004_0346/PHZ51.WIH2.2021,W10004_0346/PHZ51
W10004_0361/PHK76.WIH2.2021,W10004_0361/PHK76
W10004_0361/PHZ51.WIH2.2021,W10004_0361/PHZ51
W10004_0362/PHK76.WIH2.2021,W10004_0362/PHK76
W10004_0362/PHP02.WIH2.2021,W10004_0362/PHP02
W10004_0362/PHZ51.WIH2.2021,W10004_0362/PHZ51
W10004_0380/PHK76.WIH2.2021,W10004_0380/PHK76
W10004_0380/PHP02.WIH2.2021,W10004_0380/PHP02
W10004_0380/PHZ51.WIH2.2021,W10004_0380/PHZ51
W10004_0381/PHK76.WIH2.2021,W10004_0381/PHK76
W10004_0381/PHP02.WIH2.2021,W10004_0381/PHP02
W10004_0381/PHZ51.WIH2.2021,W10004_0381/PHZ51
W10004_0383/PHK76.WIH2.2021,W10004_0383/PHK76
W10004_0383/PHP02.WIH2.2021,W10004_0383/PHP02
W10004_0383/PHZ51.WIH2.2021,W10004_0383/PHZ51
W10004_0389/PHK76.WIH2.2021,W10004_0389/PHK76
W10004_0389/PHP02.WIH2.2021,W10004_0389/PHP02
W10004_0389/PHZ51.WIH2.2021,W10004_0389/PHZ51
W10004_0393/PHK76.WIH2.2021,W10004_0393/PHK76
W10004_0393/PHZ51.WIH2.2021,W10004_0393/PHZ51
W10004_0394/PHK76.WIH2.2021,W10004_0394/PHK76
W10004_0394/PHP02.WIH2.2021,W10004_0394/PHP02
W10004_0394/PHZ51.WIH2.2021,W10004_0394/PHZ51
W10004_0395/PHK76.WIH2.2021,W10004_0395/PHK76
W10004_0395/PHP02.WIH2.2021,W10004_0395/PHP02
W10004_0395/PHZ51.WIH2.2021,W10004_0395/PHZ51
W10004_0396/PHK76.WIH2.2021,W10004_0396/PHK76
W10004_0396/PHP02.WIH2.2021,W10004_0396/PHP02
W10004_0396/PHZ51.WIH2.2021,W10004_0396/PHZ51
W10004_0403/PHK76.WIH2.2021,W10004_0403/PHK76
W10004_0403/PHP02.WIH2.2021,W10004_0403/PHP02
W10004_0403/PHZ51.WIH2.2021,W10004_0403/PHZ51
W10004_0409/PHK76.WIH2.2021,W10004_0409/PHK76
W10004_0409/PHZ51.WIH2.2021,W10004_0409/PHZ51
W10004_0410/PHK76.WIH2.2021,W10004_0410/PHK76
W10004_0410/PHP02.WIH2.2021,W10004_0410/PHP02
W10004_0410/PHZ51.WIH2.2021,W10004_0410/PHZ51
W10004_0412/PHK76.WIH2.2021,W10004_0412/PHK76
W10004_0412/PHP02.WIH2.2021,W10004_0412/PHP02
W10004_0412/PHZ51.WIH2.2021,W10004_0412/PHZ51
W10004_0417/PHK76.WIH2.2021,W10004_0417/PHK76
W10004_0417/PHP02.WIH2.2021,W10004_0417/PHP02
W10004_0417/PHZ51.WIH2.2021,W10004_0417/PHZ51
W10004_0419/PHK76.WIH2.2021,W10004_0419/PHK76
W10004_0419/PHZ51.WIH2.2021,W10004_0419/PHZ51
W10004_0424/PHK76.WIH2.2021,W10004_0424/PHK76
W10004_0424/PHP02.WIH2.2021,W10004_0424/PHP02
W10004_0424/PHZ51.WIH2.2021,W10004_0424/PHZ51
W10004_0427/PHK76.WIH2.2021,W10004_0427/PHK76
W10004_0427/PHP02.WIH2.2021,W10004_0427/PHP02
W10004_0427/PHZ51.WIH2.2021,W10004_0427/PHZ51
W10004_0430/PHK76.WIH2.2021,W10004_0430/PHK76
W10004_0430/PHP02.WIH2.2021,W10004_0430/PHP02
W10004_0430/PHZ51.WIH2.2021,W10004_0430/PHZ51
W10004_0465/PHK76.WIH2.2021,W10004_0465/PHK76
W10004_0465/PHP02.WIH2.2021,W10004_0465/PHP02
W10004_0465/PHZ51.WIH2.2021,W10004_0465/PHZ51
W10004_0467/PHK76.WIH2.2021,W10004_0467/PHK76
W10004_0467/PHP02.WIH2.2021,W10004_0467/PHP02
W10004_0467/PHZ51.WIH2.2021,W10004_0467/PHZ51
W10004_0474/PHK76.WIH2.2021,W10004_0474/PHK76
W10004_0474/PHP02.WIH2.2021,W10004_0474/PHP02
W10004_0474/PHZ51.WIH2.2021,W10004_0474/PHZ51
W10004_0476/PHK76.WIH2.2021,W10004_0476/PHK76
W10004_0476/PHP02.WIH2.2021,W10004_0476/PHP02
W10004_0476/PHZ51.WIH2.2021,W10004_0476/PHZ51
W10004_0487/PHK76.WIH2.2021,W10004_0487/PHK76
W10004_0487/PHP02.WIH2.2021,W10004_0487/PHP02
W10004_0487/PHZ51.WIH2.2021,W10004_0487/PHZ51
W10004_0498/PHK76.WIH2.2021,W10004_0498/PHK76
W10004_0498/PHP02.WIH2.2021,W10004_0498/PHP02
W10004_0498/PHZ51.WIH2.2021,W10004_0498/PHZ51
W10004_0501/PHK76.WIH2.2021,W10004_0501/PHK76
W10004_0501/PHP02.WIH2.2021,W10004_0501/PHP02
W10004_0501/PHZ51.WIH2.2021,W10004_0501/PHZ51
W10004_0505/PHK76.WIH2.2021,W10004_0505/PHK76
W10004_0505/PHP02.WIH2.2021,W10004_0505/PHP02
W10004_0505/PHZ51.WIH2.2021,W10004_0505/PHZ51
W10004_0601/PHK76.WIH2.2021,W10004_0601/PHK76
W10004_0601/PHP02.WIH2.2021,W10004_0601/PHP02
W10004_0601/PHZ51.WIH2.2021,W10004_0601/PHZ51
W10004_0602/PHK76.WIH2.2021,W10004_0602/PHK76
W10004_0602/PHP02.WIH2.2021,W10004_0602/PHP02
W10004_0602/PHZ51.WIH2.2021,W10004_0602/PHZ51
W10004_0608/PHK76.WIH2.2021,W10004_0608/PHK76
W10004_0608/PHP02.WIH2.2021,W10004_0608/PHP02
W10004_0608/PHZ51.WIH2.2021,W10004_0608/PHZ51
W10004_0609/PHZ51.WIH2.2021,W10004_0609/PHZ51
W10004_0612/PHK76.WIH2.2021,W10004_0612/PHK76
W10004_0612/PHP02.WIH2.2021,W10004_0612/PHP02
W10004_0612/PHZ51.WIH2.2021,W10004_0612/PHZ51
W10004_0614/PHK76.WIH2.2021,W10004_0614/PHK76
W10004_0614/PHP02.WIH2.2021,W10004_0614/PHP02
W10004_0614/PHZ51.WIH2.2021,W10004_0614/PHZ51
W10004_0616/PHK76.WIH2.2021,W10004_0616/PHK76
W10004_0616/PHP02.WIH2.2021,W10004_0616/PHP02
W10004_0616/PHZ51.WIH2.2021,W10004_0616/PHZ51
W10004_0618/PHK76.WIH2.2021,W10004_0618/PHK76
W10004_0618/PHP02.WIH2.2021,W10004_0618/PHP02
W10004_0618/PHZ51.WIH2.2021,W10004_0618/PHZ51
W10004_0619/PHK76.WIH2.2021,W10004_0619/PHK76
W10004_0619/PHP02.WIH2.2021,W10004_0619/PHP02
W10004_0619/PHZ51.WIH2.2021,W10004_0619/PHZ51
W10004_0620/PHK76.WIH2.2021,W10004_0620/PHK76
W10004_0620/PHP02.WIH2.2021,W10004_0620/PHP02
W10004_0620/PHZ51.WIH2.2021,W10004_0620/PHZ51
W10004_0622/PHK76.WIH2.2021,W10004_0622/PHK76
W10004_0622/PHP02.WIH2.2021,W10004_0622/PHP02
W10004_0622/PHZ51.WIH2.2021,W10004_0622/PHZ51
W10004_0624/PHK76.WIH2.2021,W10004_0624/PHK76
W10004_0624/PHP02.WIH2.2021,W10004_0624/PHP02
W10004_0624/PHZ51.WIH2.2021,W10004_0624/PHZ51
W10004_0625/PHK76.WIH2.2021,W10004_0625/PHK76
W10004_0625/PHP02.WIH2.2021,W10004_0625/PHP02
W10004_0625/PHZ51.WIH2.2021,W10004_0625/PHZ51
W10004_0626/PHK76.WIH2.2021,W10004_0626/PHK76
W10004_0626/PHP02.WIH2.2021,W10004_0626/PHP02
W10004_0626/PHZ51.WIH2.2021,W10004_0626/PHZ51
W10004_0628/PHK76.WIH2.2021,W10004_0628/PHK76
W10004_0628/PHP02.WIH2.2021,W10004_0628/PHP02
W10004_0628/PHZ51.WIH2.2021,W10004_0628/PHZ51
W10004_0631/PHK76.WIH2.2021,W10004_0631/PHK76
W10004_0631/PHP02.WIH2.2021,W10004_0631/PHP02
W10004_0631/PHZ51.WIH2.2021,W10004_0631/PHZ51
W10004_0632/PHK76.WIH2.2021,W10004_0632/PHK76
W10004_0632/PHP02.WIH2.2021,W10004_0632/PHP02
W10004_0632/PHZ51.WIH2.2021,W10004_0632/PHZ51
W10004_0636/PHP02.WIH2.2021,W10004_0636/PHP02
W10004_0636/PHZ51.WIH2.2021,W10004_0636/PHZ51
W10004_0637/PHK76.WIH2.2021,W10004_0637/PHK76
W10004_0637/PHP02.WIH2.2021,W10004_0637/PHP02
W10004_0637/PHZ51.WIH2.2021,W10004_0637/PHZ51
W10004_0639/PHK76.WIH2.2021,W10004_0639/PHK76
W10004_0639/PHP02.WIH2.2021,W10004_0639/PHP02
W10004_0639/PHZ51.WIH2.2021,W10004_0639/PHZ51
W10004_0644/PHK76.WIH2.2021,W10004_0644/PHK76
W10004_0644/PHP02.WIH2.2021,W10004_0644/PHP02
W10004_0644/PHZ51.WIH2.2021,W10004_0644/PHZ51
W10004_0645/PHK76.WIH2.2021,W10004_0645/PHK76
W10004_0645/PHP02.WIH2.2021,W10004_0645/PHP02
W10004_0645/PHZ51.WIH2.2021,W10004_0645/PHZ51
W10004_0646/PHK76.WIH2.2021,W10004_0646/PHK76
W10004_0646/PHP02.WIH2.2021,W10004_0646/PHP02
W10004_0646/PHZ51.WIH2.2021,W10004_0646/PHZ51
W10004_0649/PHK76.WIH2.2021,W10004_0649/PHK76
W10004_0649/PHP02.WIH2.2021,W10004_0649/PHP02
W10004_0649/PHZ51.WIH2.2021,W10004_0649/PHZ51
W10004_0650/PHP02.WIH2.2021,W10004_0650/PHP02
W10004_0650/PHZ51.WIH2.2021,W10004_0650/PHZ51
W10004_0651/PHK76.WIH2.2021,W10004_0651/PHK76
W10004_0651/PHP02.WIH2.2021,W10004_0651/PHP02
W10004_0651/PHZ51.WIH2.2021,W10004_0651/PHZ51
W10004_0654/PHK76.WIH2.2021,W10004_0654/PHK76
W10004_0654/PHP02.WIH2.2021,W10004_0654/PHP02
W10004_0654/PHZ51.WIH2.2021,W10004_0654/PHZ51
W10004_0658/PHK76.WIH2.2021,W10004_0658/PHK76
W10004_0658/PHP02.WIH2.2021,W10004_0658/PHP02
W10004_0658/PHZ51.WIH2.2021,W10004_0658/PHZ51
W10004_0659/PHK76.WIH2.2021,W10004_0659/PHK76
W10004_0659/PHP02.WIH2.2021,W10004_0659/PHP02
W10004_0659/PHZ51.WIH2.2021,W10004_0659/PHZ51
W10004_0661/PHK76.WIH2.2021,W10004_0661/PHK76
W10004_0661/PHP02.WIH2.2021,W10004_0661/PHP02
W10004_0661/PHZ51.WIH2.2021,W10004_0661/PHZ51
W10004_0664/PHK76.WIH2.2021,W10004_0664/PHK76
W10004_0664/PHP02.WIH2.2021,W10004_0664/PHP02
W10004_0664/PHZ51.WIH2.2021,W10004_0664/PHZ51
W10004_0665/PHZ51.WIH2.2021,W10004_0665/PHZ51
W10004_0667/PHK76.WIH2.2021,W10004_0667/PHK76
W10004_0667/PHP02.WIH2.2021,W10004_0667/PHP02
W10004_0667/PHZ51.WIH2.2021,W10004_0667/PHZ51
W10004_0669/PHK76.WIH2.2021,W10004_0669/PHK76
W10004_0669/PHP02.WIH2.2021,W10004_0669/PHP02
W10004_0669/PHZ51.WIH2.2021,W10004_0669/PHZ51
W10004_0672/PHK76.WIH2.2021,W10004_0672/PHK76
W10004_0672/PHP02.WIH2.2021,W10004_0672/PHP02
W10004_0672/PHZ51.WIH2.2021,W10004_0672/PHZ51
W10004_0673/PHK76.WIH2.2021,W10004_0673/PHK76
W10004_0673/PHP02.WIH2.2021,W10004_0673/PHP02
W10004_0673/PHZ51.WIH2.2021,W10004_0673/PHZ51
W10004_0674/PHP02.WIH2.2021,W10004_0674/PHP02
W10004_0674/PHZ51.WIH2.2021,W10004_0674/PHZ51
W10004_0675/PHK76.WIH2.2021,W10004_0675/PHK76
W10004_0675/PHP02.WIH2.2021,W10004_0675/PHP02
W10004_0675/PHZ51.WIH2.2021,W10004_0675/PHZ51
W10004_0678/PHK76.WIH2.2021,W10004_0678/PHK76
W10004_0678/PHP02.WIH2.2021,W10004_0678/PHP02
W10004_0678/PHZ51.WIH2.2021,W10004_0678/PHZ51
W10004_0680/PHK76.WIH2.2021,W10004_0680/PHK76
W10004_0680/PHP02.WIH2.2021,W10004_0680/PHP02
W10004_0680/PHZ51.WIH2.2021,W10004_0680/PHZ51
W10004_0682/PHK76.WIH2.2021,W10004_0682/PHK76
W10004_0682/PHP02.WIH2.2021,W10004_0682/PHP02
W10004_0682/PHZ51.WIH2.2021,W10004_0682/PHZ51
W10004_0684/PHK76.WIH2.2021,W10004_0684/PHK76
W10004_0684/PHP02.WIH2.2021,W10004_0684/PHP02
W10004_0684/PHZ51.WIH2.2021,W10004_0684/PHZ51
W10004_0685/PHK76.WIH2.2021,W10004_0685/PHK76
W10004_0685/PHP02.WIH2.2021,W10004_0685/PHP02
W10004_0685/PHZ51.WIH2.2021,W10004_0685/PHZ51
W10004_0687/PHK76.WIH2.2021,W10004_0687/PHK76
W10004_0687/PHP02.WIH2.2021,W10004_0687/PHP02
W10004_0687/PHZ51.WIH2.2021,W10004_0687/PHZ51
W10004_0688/PHK76.WIH2.2021,W10004_0688/PHK76
W10004_0688/PHP02.WIH2.2021,W10004_0688/PHP02
W10004_0688/PHZ51.WIH2.2021,W10004_0688/PHZ51
W10004_0689/PHK76.WIH2.2021,W10004_0689/PHK76
W10004_0689/PHP02.WIH2.2021,W10004_0689/PHP02
W10004_0689/PHZ51.WIH2.2021,W10004_0689/PHZ51
W10004_0691/PHK76.WIH2.2021,W10004_0691/PHK76
W10004_0691/PHZ51.WIH2.2021,W10004_0691/PHZ51
W10004_0695/PHK76.WIH2.2021,W10004_0695/PHK76
W10004_0695/PHP02.WIH2.2021,W10004_0695/PHP02
W10004_0695/PHZ51.WIH2.2021,W10004_0695/PHZ51
W10004_0696/PHK76.WIH2.2021,W10004_0696/PHK76
W10004_0696/PHP02.WIH2.2021,W10004_0696/PHP02
W10004_0696/PHZ51.WIH2.2021,W10004_0696/PHZ51
W10004_0697/PHK76.WIH2.2021,W10004_0697/PHK76
W10004_0697/PHP02.WIH2.2021,W10004_0697/PHP02
W10004_0697/PHZ51.WIH2.2021,W10004_0697/PHZ51
W10004_0701/PHK76.WIH2.2021,W10004_0701/PHK76
W10004_0701/PHP02.WIH2.2021,W10004_0701/PHP02
W10004_0701/PHZ51.WIH2.2021,W10004_0701/PHZ51
W10004_0702/PHK76.WIH2.2021,W10004_0702/PHK76
W10004_0702/PHP02.WIH2.2021,W10004_0702/PHP02
W10004_0702/PHZ51.WIH2.2021,W10004_0702/PHZ51
W10004_0703/PHK76.WIH2.2021,W10004_0703/PHK76
W10004_0703/PHP02.WIH2.2021,W10004_0703/PHP02
W10004_0703/PHZ51.WIH2.2021,W10004_0703/PHZ51
W10004_0704/PHK76.WIH2.2021,W10004_0704/PHK76
W10004_0704/PHP02.WIH2.2021,W10004_0704/PHP02
W10004_0704/PHZ51.WIH2.2021,W10004_0704/PHZ51
W10004_0705/PHK76.WIH2.2021,W10004_0705/PHK76
W10004_0705/PHP02.WIH2.2021,W10004_0705/PHP02
W10004_0705/PHZ51.WIH2.2021,W10004_0705/PHZ51
W10004_0707/PHK76.WIH2.2021,W10004_0707/PHK76
W10004_0707/PHP02.WIH2.2021,W10004_0707/PHP02
W10004_0707/PHZ51.WIH2.2021,W10004_0707/PHZ51
W10004_0711/PHK76.WIH2.2021,W10004_0711/PHK76
W10004_0711/PHP02.WIH2.2021,W10004_0711/PHP02
W10004_0711/PHZ51.WIH2.2021,W10004_0711/PHZ51
W10004_0712/PHK76.WIH2.2021,W10004_0712/PHK76
W10004_0712/PHP02.WIH2.2021,W10004_0712/PHP02
W10004_0712/PHZ51.WIH2.2021,W10004_0712/PHZ51
W10004_0713/PHK76.WIH2.2021,W10004_0713/PHK76
W10004_0713/PHP02.WIH2.2021,W10004_0713/PHP02
W10004_0713/PHZ51.WIH2.2021,W10004_0713/PHZ51
W10004_0714/PHK76.WIH2.2021,W10004_0714/PHK76
W10004_0714/PHP02.WIH2.2021,W10004_0714/PHP02
W10004_0714/PHZ51.WIH2.2021,W10004_0714/PHZ51
W10004_0715/PHK76.WIH2.2021,W10004_0715/PHK76
W10004_0715/PHP02.WIH2.2021,W10004_0715/PHP02
W10004_0715/PHZ51.WIH2.2021,W10004_0715/PHZ51
W10004_0717/PHK76.WIH2.2021,W10004_0717/PHK76
W10004_0717/PHP02.WIH2.2021,W10004_0717/PHP02
W10004_0717/PHZ51.WIH2.2021,W10004_0717/PHZ51
W10004_0723/PHK76.WIH2.2021,W10004_0723/PHK76
W10004_0723/PHP02.WIH2.2021,W10004_0723/PHP02
W10004_0727/PHK76.WIH2.2021,W10004_0727/PHK76
W10004_0727/PHP02.WIH2.2021,W10004_0727/PHP02
W10004_0727/PHZ51.WIH2.2021,W10004_0727/PHZ51
W10004_0729/PHK76.WIH2.2021,W10004_0729/PHK76
W10004_0729/PHP02.WIH2.2021,W10004_0729/PHP02
W10004_0729/PHZ51.WIH2.2021,W10004_0729/PHZ51
W10004_0732/PHK76.WIH2.2021,W10004_0732/PHK76
W10004_0732/PHP02.WIH2.2021,W10004_0732/PHP02
W10004_0732/PHZ51.WIH2.2021,W10004_0732/PHZ51
W10004_0733/PHK76.WIH2.2021,W10004_0733/PHK76
W10004_0733/PHP02.WIH2.2021,W10004_0733/PHP02
W10004_0733/PHZ51.WIH2.2021,W10004_0733/PHZ51
W10004_0734/PHK76.WIH2.2021,W10004_0734/PHK76
W10004_0734/PHP02.WIH2.2021,W10004_0734/PHP02
W10004_0734/PHZ51.WIH2.2021,W10004_0734/PHZ51
W10004_0736/PHK76.WIH2.2021,W10004_0736/PHK76
W10004_0736/PHZ51.WIH2.2021,W10004_0736/PHZ51
W10004_0737/PHZ51.WIH2.2021,W10004_0737/PHZ51
W10004_0741/PHK76.WIH2.2021,W10004_0741/PHK76
W10004_0741/PHP02.WIH2.2021,W10004_0741/PHP02
W10004_0741/PHZ51.WIH2.2021,W10004_0741/PHZ51
W10004_0745/PHK76.WIH2.2021,W10004_0745/PHK76
W10004_0745/PHP02.WIH2.2021,W10004_0745/PHP02
W10004_0745/PHZ51.WIH2.2021,W10004_0745/PHZ51
W10004_0746/PHK76.WIH2.2021,W10004_0746/PHK76
W10004_0746/PHP02.WIH2.2021,W10004_0746/PHP02
W10004_0746/PHZ51.WIH2.2021,W10004_0746/PHZ51
W10004_0747/PHK76.WIH2.2021,W10004_0747/PHK76
W10004_0747/PHP02.WIH2.2021,W10004_0747/PHP02
W10004_0747/PHZ51.WIH2.2021,W10004_0747/PHZ51
W10004_0751/PHK76.WIH2.2021,W10004_0751/PHK76
W10004_0751/PHP02.WIH2.2021,W10004_0751/PHP02
W10004_0751/PHZ51.WIH2.2021,W10004_0751/PHZ51
W10004_0754/PHK76.WIH2.2021,W10004_0754/PHK76
W10004_0754/PHP02.WIH2.2021,W10004_0754/PHP02
W10004_0754/PHZ51.WIH2.2021,W10004_0754/PHZ51
W10004_0756/PHK76.WIH2.2021,W10004_0756/PHK76
W10004_0756/PHP02.WIH2.2021,W10004_0756/PHP02
W10004_0756/PHZ51.WIH2.2021,W10004_0756/PHZ51
W10004_0757/PHK76.WIH2.2021,W10004_0757/PHK76
W10004_0757/PHP02.WIH2.2021,W10004_0757/PHP02
W10004_0757/PHZ51.WIH2.2021,W10004_0757/PHZ51
W10004_0760/PHK76.WIH2.2021,W10004_0760/PHK76
W10004_0760/PHP02.WIH2.2021,W10004_0760/PHP02
W10004_0760/PHZ51.WIH2.2021,W10004_0760/PHZ51
W10004_0768/PHK76.WIH2.2021,W10004_0768/PHK76
W10004_0768/PHP02.WIH2.2021,W10004_0768/PHP02
W10004_0768/PHZ51.WIH2.2021,W10004_0768/PHZ51
W10004_0771/PHK76.WIH2.2021,W10004_0771/PHK76
W10004_0771/PHP02.WIH2.2021,W10004_0771/PHP02
W10004_0771/PHZ51.WIH2.2021,W10004_0771/PHZ51
W10004_0773/PHK76.WIH2.2021,W10004_0773/PHK76
W10004_0773/PHP02.WIH2.2021,W10004_0773/PHP02
W10004_0773/PHZ51.WIH2.2021,W10004_0773/PHZ51
W10004_0774/PHK76.WIH2.2021,W10004_0774/PHK76
W10004_0774/PHP02.WIH2.2021,W10004_0774/PHP02
W10004_0774/PHZ51.WIH2.2021,W10004_0774/PHZ51
W10004_0775/PHK76.WIH2.2021,W10004_0775/PHK76
W10004_0775/PHP02.WIH2.2021,W10004_0775/PHP02
W10004_0775/PHZ51.WIH2.2021,W10004_0775/PHZ51
W10004_0776/PHP02.WIH2.2021,W10004_0776/PHP02
W10004_0776/PHZ51.WIH2.2021,W10004_0776/PHZ51
W10004_0779/PHK76.WIH2.2021,W10004_0779/PHK76
W10004_0779/PHP02.WIH2.2021,W10004_0779/PHP02
W10004_0779/PHZ51.WIH2.2021,W10004_0779/PHZ51
W10004_0781/PHK76.WIH2.2021,W10004_0781/PHK76
W10004_0781/PHP02.WIH2.2021,W10004_0781/PHP02
W10004_0781/PHZ51.WIH2.2021,W10004_0781/PHZ51
W10004_0782/PHK76.WIH2.2021,W10004_0782/PHK76
W10004_0782/PHP02.WIH2.2021,W10004_0782/PHP02
W10004_0782/PHZ51.WIH2.2021,W10004_0782/PHZ51
W10004_0783/PHK76.WIH2.2021,W10004_0783/PHK76
W10004_0783/PHP02.WIH2.2021,W10004_0783/PHP02
W10004_0783/PHZ51.WIH2.2021,W10004_0783/PHZ51
W10004_0784/PHP02.WIH2.2021,W10004_0784/PHP02
W10004_0784/PHZ51.WIH2.2021,W10004_0784/PHZ51
W10004_0787/PHK76.WIH2.2021,W10004_0787/PHK76
W10004_0787/PHP02.WIH2.2021,W10004_0787/PHP02
W10004_0787/PHZ51.WIH2.2021,W10004_0787/PHZ51
W10004_0789/PHK76.WIH2.2021,W10004_0789/PHK76
W10004_0789/PHP02.WIH2.2021,W10004_0789/PHP02
W10004_0789/PHZ51.WIH2.2021,W10004_0789/PHZ51
W10004_0792/PHK76.WIH2.2021,W10004_0792/PHK76
W10004_0792/PHP02.WIH2.2021,W10004_0792/PHP02
W10004_0794/PHK76.WIH2.2021,W10004_0794/PHK76
W10004_0794/PHP02.WIH2.2021,W10004_0794/PHP02
W10004_0794/PHZ51.WIH2.2021,W10004_0794/PHZ51
W10004_0795/PHK76.WIH2.2021,W10004_0795/PHK76
W10004_0795/PHP02.WIH2.2021,W10004_0795/PHP02
W10004_0795/PHZ51.WIH2.2021,W10004_0795/PHZ51
W10004_0798/PHK76.WIH2.2021,W10004_0798/PHK76
W10004_0798/PHP02.WIH2.2021,W10004_0798/PHP02
W10004_0798/PHZ51.WIH2.2021,W10004_0798/PHZ51
W10004_0799/PHK76.WIH2.2021,W10004_0799/PHK76
W10004_0799/PHP02.WIH2.2021,W10004_0799/PHP02
W10004_0799/PHZ51.WIH2.2021,W10004_0799/PHZ51
W10004_0800/PHK76.WIH2.2021,W10004_0800/PHK76
W10004_0800/PHP02.WIH2.2021,W10004_0800/PHP02
W10004_0800/PHZ51.WIH2.2021,W10004_0800/PHZ51
W10004_0801/PHK76.WIH2.2021,W10004_0801/PHK76
W10004_0801/PHP02.WIH2.2021,W10004_0801/PHP02
W10004_0801/PHZ51.WIH2.2021,W10004_0801/PHZ51
W10004_0802/PHK76.WIH2.2021,W10004_0802/PHK76
W10004_0802/PHP02.WIH2.2021,W10004_0802/PHP02
W10004_0802/PHZ51.WIH2.2021,W10004_0802/PHZ51
W10004_0803/PHK76.WIH2.2021,W10004_0803/PHK76
W10004_0803/PHP02.WIH2.2021,W10004_0803/PHP02
W10004_0803/PHZ51.WIH2.2021,W10004_0803/PHZ51
W10004_0806/PHK76.WIH2.2021,W10004_0806/PHK76
W10004_0806/PHP02.WIH2.2021,W10004_0806/PHP02
W10004_0806/PHZ51.WIH2.2021,W10004_0806/PHZ51
W10004_0807/PHK76.WIH2.2021,W10004_0807/PHK76
W10004_0807/PHP02.WIH2.2021,W10004_0807/PHP02
W10004_0807/PHZ51.WIH2.2021,W10004_0807/PHZ51
W10004_0812/PHK76.WIH2.2021,W10004_0812/PHK76
W10004_0812/PHP02.WIH2.2021,W10004_0812/PHP02
W10004_0812/PHZ51.WIH2.2021,W10004_0812/PHZ51
W10004_0814/PHK76.WIH2.2021,W10004_0814/PHK76
W10004_0814/PHP02.WIH2.2021,W10004_0814/PHP02
W10004_0814/PHZ51.WIH2.2021,W10004_0814/PHZ51
W10004_0815/PHK76.WIH2.2021,W10004_0815/PHK76
W10004_0815/PHP02.WIH2.2021,W10004_0815/PHP02
W10004_0815/PHZ51.WIH2.2021,W10004_0815/PHZ51
W10004_0818/PHK76.WIH2.2021,W10004_0818/PHK76
W10004_0818/PHP02.WIH2.2021,W10004_0818/PHP02
W10004_0818/PHZ51.WIH2.2021,W10004_0818/PHZ51
W10004_0819/PHK76.WIH2.2021,W10004_0819/PHK76
W10004_0819/PHP02.WIH2.2021,W10004_0819/PHP02
W10004_0820/PHK76.WIH2.2021,W10004_0820/PHK76
W10004_0820/PHP02.WIH2.2021,W10004_0820/PHP02
W10004_0820/PHZ51.WIH2.2021,W10004_0820/PHZ51
W10004_0822/PHK76.WIH2.2021,W10004_0822/PHK76
W10004_0822/PHP02.WIH2.2021,W10004_0822/PHP02
W10004_0822/PHZ51.WIH2.2021,W10004_0822/PHZ51
W10004_0823/PHK76.WIH2.2021,W10004_0823/PHK76
W10004_0823/PHP02.WIH2.2021,W10004_0823/PHP02
W10004_0823/PHZ51.WIH2.2021,W10004_0823/PHZ51
W10004_0826/PHK76.WIH2.2021,W10004_0826/PHK76
W10004_0826/PHP02.WIH2.2021,W10004_0826/PHP02
W10004_0826/PHZ51.WIH2.2021,W10004_0826/PHZ51
W10004_0827/PHK76.WIH2.2021,W10004_0827/PHK76
W10004_0827/PHP02.WIH2.2021,W10004_0827/PHP02
W10004_0827/PHZ51.WIH2.2021,W10004_0827/PHZ51
W10004_0828/PHK76.WIH2.2021,W10004_0828/PHK76
W10004_0828/PHP02.WIH2.2021,W10004_0828/PHP02
W10004_0828/PHZ51.WIH2.2021,W10004_0828/PHZ51
W10004_0830/PHK76.WIH2.2021,W10004_0830/PHK76
W10004_0830/PHP02.WIH2.2021,W10004_0830/PHP02
W10004_0830/PHZ51.WIH2.2021,W10004_0830/PHZ51
W10004_0832/PHK76.WIH2.2021,W10004_0832/PHK76
W10004_0832/PHP02.WIH2.2021,W10004_0832/PHP02
W10004_0832/PHZ51.WIH2.2021,W10004_0832/PHZ51
W10004_0833/PHK76.WIH2.2021,W10004_0833/PHK76
W10004_0833/PHP02.WIH2.2021,W10004_0833/PHP02
W10004_0833/PHZ51.WIH2.2021,W10004_0833/PHZ51
W10004_0834/PHK76.WIH2.2021,W10004_0834/PHK76
W10004_0834/PHP02.WIH2.2021,W10004_0834/PHP02
W10004_0834/PHZ51.WIH2.2021,W10004_0834/PHZ51
W10004_0836/PHK76.WIH2.2021,W10004_0836/PHK76
W10004_0836/PHP02.WIH2.2021,W10004_0836/PHP02
W10004_0836/PHZ51.WIH2.2021,W10004_0836/PHZ51
W10004_0837/PHK76.WIH2.2021,W10004_0837/PHK76
W10004_0837/PHP02.WIH2.2021,W10004_0837/PHP02
W10004_0837/PHZ51.WIH2.2021,W10004_0837/PHZ51
W10004_0840/PHK76.WIH2.2021,W10004_0840/PHK76
W10004_0840/PHP02.WIH2.2021,W10004_0840/PHP02
W10004_0840/PHZ51.WIH2.2021,W10004_0840/PHZ51
W10004_0842/PHK76.WIH2.2021,W10004_0842/PHK76
W10004_0842/PHP02.WIH2.2021,W10004_0842/PHP02
W10004_0842/PHZ51.WIH2.2021,W10004_0842/PHZ51
W10004_0843/PHK76.WIH2.2021,W10004_0843/PHK76
W10004_0843/PHP02.WIH2.2021,W10004_0843/PHP02
W10004_0843/PHZ51.WIH2.2021,W10004_0843/PHZ51
W10004_0844/PHK76.WIH2.2021,W10004_0844/PHK76
W10004_0844/PHZ51.WIH2.2021,W10004_0844/PHZ51
W10004_0847/PHK76.WIH2.2021,W10004_0847/PHK76
W10004_0847/PHP02.WIH2.2021,W10004_0847/PHP02
W10004_0847/PHZ51.WIH2.2021,W10004_0847/PHZ51
W10004_0848/PHK76.WIH2.2021,W10004_0848/PHK76
W10004_0848/PHP02.WIH2.2021,W10004_0848/PHP02
W10004_0848/PHZ51.WIH2.2021,W10004_0848/PHZ51
W10004_0851/PHP02.WIH2.2021,W10004_0851/PHP02
W10004_0851/PHZ51.WIH2.2021,W10004_0851/PHZ51
W10004_0852/PHP02.WIH2.2021,W10004_0852/PHP02
W10004_0856/PHK76.WIH2.2021,W10004_0856/PHK76
W10004_0856/PHP02.WIH2.2021,W10004_0856/PHP02
W10004_0856/PHZ51.WIH2.2021,W10004_0856/PHZ51
W10004_0858/PHP02.WIH2.2021,W10004_0858/PHP02
W10004_0858/PHZ51.WIH2.2021,W10004_0858/PHZ51
W10004_0859/PHK76.WIH2.2021,W10004_0859/PHK76
W10004_0859/PHP02.WIH2.2021,W10004_0859/PHP02
W10004_0859/PHZ51.WIH2.2021,W10004_0859/PHZ51
W10004_0866/PHK76.WIH2.2021,W10004_0866/PHK76
W10004_0866/PHP02.WIH2.2021,W10004_0866/PHP02
W10004_0866/PHZ51.WIH2.2021,W10004_0866/PHZ51
W10004_0868/PHK76.WIH2.2021,W10004_0868/PHK76
W10004_0868/PHP02.WIH2.2021,W10004_0868/PHP02
W10004_0868/PHZ51.WIH2.2021,W10004_0868/PHZ51
W10004_0869/PHK76.WIH2.2021,W10004_0869/PHK76
W10004_0869/PHP02.WIH2.2021,W10004_0869/PHP02
W10004_0869/PHZ51.WIH2.2021,W10004_0869/PHZ51
W10004_0876/PHK76.WIH2.2021,W10004_0876/PHK76
W10004_0876/PHP02.WIH2.2021,W10004_0876/PHP02
W10004_0876/PHZ51.WIH2.2021,W10004_0876/PHZ51
W10004_0877/PHK76.WIH2.2021,W10004_0877/PHK76
W10004_0877/PHP02.WIH2.2021,W10004_0877/PHP02
W10004_0877/PHZ51.WIH2.2021,W10004_0877/PHZ51
W10004_0879/PHK76.WIH2.2021,W10004_0879/PHK76
W10004_0879/PHP02.WIH2.2021,W10004_0879/PHP02
W10004_0879/PHZ51.WIH2.2021,W10004_0879/PHZ51
W10004_0884/PHK76.WIH2.2021,W10004_0884/PHK76
W10004_0884/PHP02.WIH2.2021,W10004_0884/PHP02
W10004_0884/PHZ51.WIH2.2021,W10004_0884/PHZ51
W10004_0885/PHK76.WIH2.2021,W10004_0885/PHK76
W10004_0885/PHP02.WIH2.2021,W10004_0885/PHP02
W10004_0885/PHZ51.WIH2.2021,W10004_0885/PHZ51
W10004_0886/PHK76.WIH2.2021,W10004_0886/PHK76
W10004_0886/PHP02.WIH2.2021,W10004_0886/PHP02
W10004_0886/PHZ51.WIH2.2021,W10004_0886/PHZ51
W10004_0888/PHK76.WIH2.2021,W10004_0888/PHK76
W10004_0888/PHP02.WIH2.2021,W10004_0888/PHP02
W10004_0888/PHZ51.WIH2.2021,W10004_0888/PHZ51
W10004_0889/PHK76.WIH2.2021,W10004_0889/PHK76
W10004_0889/PHP02.WIH2.2021,W10004_0889/PHP02
W10004_0889/PHZ51.WIH2.2021,W10004_0889/PHZ51
W10004_0891/PHK76.WIH2.2021,W10004_0891/PHK76
W10004_0891/PHP02.WIH2.2021,W10004_0891/PHP02
W10004_0891/PHZ51.WIH2.2021,W10004_0891/PHZ51
W10004_0892/PHK76.WIH2.2021,W10004_0892/PHK76
W10004_0892/PHP02.WIH2.2021,W10004_0892/PHP02
W10004_0892/PHZ51.WIH2.2021,W10004_0892/PHZ51
W10004_0894/PHK76.WIH2.2021,W10004_0894/PHK76
W10004_0894/PHP02.WIH2.2021,W10004_0894/PHP02
W10004_0894/PHZ51.WIH2.2021,W10004_0894/PHZ51
W10004_0896/PHK76.WIH2.2021,W10004_0896/PHK76
W10004_0896/PHP02.WIH2.2021,W10004_0896/PHP02
W10004_0896/PHZ51.WIH2.2021,W10004_0896/PHZ51
W10004_0897/PHZ51.WIH2.2021,W10004_0897/PHZ51
W10004_0900/PHK76.WIH2.2021,W10004_0900/PHK76
W10004_0900/PHP02.WIH2.2021,W10004_0900/PHP02
W10004_0900/PHZ51.WIH2.2021,W10004_0900/PHZ51
W10004_0901/PHK76.WIH2.2021,W10004_0901/PHK76
W10004_0901/PHP02.WIH2.2021,W10004_0901/PHP02
W10004_0901/PHZ51.WIH2.2021,W10004_0901/PHZ51
W10004_0907/PHK76.WIH2.2021,W10004_0907/PHK76
W10004_0907/PHP02.WIH2.2021,W10004_0907/PHP02
W10004_0907/PHZ51.WIH2.2021,W10004_0907/PHZ51
W10004_0913/PHK76.WIH2.2021,W10004_0913/PHK76
W10004_0913/PHP02.WIH2.2021,W10004_0913/PHP02
W10004_0913/PHZ51.WIH2.2021,W10004_0913/PHZ51
W10004_0914/PHK76.WIH2.2021,W10004_0914/PHK76
W10004_0914/PHZ51.WIH2.2021,W10004_0914/PHZ51
W10004_0916/PHK76.WIH2.2021,W10004_0916/PHK76
W10004_0916/PHP02.WIH2.2021,W10004_0916/PHP02
W10004_0916/PHZ51.WIH2.2021,W10004_0916/PHZ51
W10004_0918/PHK76.WIH2.2021,W10004_0918/PHK76
W10004_0918/PHP02.WIH2.2021,W10004_0918/PHP02
W10004_0918/PHZ51.WIH2.2021,W10004_0918/PHZ51
W10004_0920/PHK76.WIH2.2021,W10004_0920/PHK76
W10004_0920/PHP02.WIH2.2021,W10004_0920/PHP02
W10004_0920/PHZ51.WIH2.2021,W10004_0920/PHZ51
W10004_0922/PHP02.WIH2.2021,W10004_0922/PHP02
W10004_0922/PHZ51.WIH2.2021,W10004_0922/PHZ51
W10004_0928/PHK76.WIH2.2021,W10004_0928/PHK76
W10004_0928/PHP02.WIH2.2021,W10004_0928/PHP02
W10004_0928/PHZ51.WIH2.2021,W10004_0928/PHZ51
W10004_0930/PHK76.WIH2.2021,W10004_0930/PHK76
W10004_0930/PHP02.WIH2.2021,W10004_0930/PHP02
W10004_0930/PHZ51.WIH2.2021,W10004_0930/PHZ51
W10004_0932/PHK76.WIH2.2021,W10004_0932/PHK76
W10004_0932/PHP02.WIH2.2021,W10004_0932/PHP02
W10004_0932/PHZ51.WIH2.2021,W10004_0932/PHZ51
W10004_0935/PHK76.WIH2.2021,W10004_0935/PHK76
W10004_0935/PHP02.WIH2.2021,W10004_0935/PHP02
W10004_0935/PHZ51.WIH2.2021,W10004_0935/PHZ51
W10004_0938/PHP02.WIH2.2021,W10004_0938/PHP02
W10004_0938/PHZ51.WIH2.2021,W10004_0938/PHZ51
W10004_0940/PHK76.WIH2.2021,W10004_0940/PHK76
W10004_0940/PHP02.WIH2.2021,W10004_0940/PHP02
W10004_0940/PHZ51.WIH2.2021,W10004_0940/PHZ51
W10004_0943/PHK76.WIH2.2021,W10004_0943/PHK76
W10004_0943/PHP02.WIH2.2021,W10004_0943/PHP02
W10004_0949/PHK76.WIH2.2021,W10004_0949/PHK76
W10004_0949/PHP02.WIH2.2021,W10004_0949/PHP02
W10004_0949/PHZ51.WIH2.2021,W10004_0949/PHZ51
W10004_0950/PHK76.WIH2.2021,W10004_0950/PHK76
W10004_0950/PHP02.WIH2.2021,W10004_0950/PHP02
W10004_0950/PHZ51.WIH2.2021,W10004_0950/PHZ51
W10004_0951/PHK76.WIH2.2021,W10004_0951/PHK76
W10004_0951/PHP02.WIH2.2021,W10004_0951/PHP02
W10004_0951/PHZ51.WIH2.2021,W10004_0951/PHZ51
W10004_0953/PHP02.WIH2.2021,W10004_0953/PHP02
W10004_0953/PHZ51.WIH2.2021,W10004_0953/PHZ51
W10004_0955/PHK76.WIH2.2021,W10004_0955/PHK76
W10004_0955/PHP02.WIH2.2021,W10004_0955/PHP02
W10004_0955/PHZ51.WIH2.2021,W10004_0955/PHZ51
W10004_0956/PHK76.WIH2.2021,W10004_0956/PHK76
W10004_0956/PHP02.WIH2.2021,W10004_0956/PHP02
W10004_0956/PHZ51.WIH2.2021,W10004_0956/PHZ51
W10004_0963/PHK76.WIH2.2021,W10004_0963/PHK76
W10004_0963/PHP02.WIH2.2021,W10004_0963/PHP02
W10004_0963/PHZ51.WIH2.2021,W10004_0963/PHZ51
W10004_0964/PHP02.WIH2.2021,W10004_0964/PHP02
W10004_0964/PHZ51.WIH2.2021,W10004_0964/PHZ51
W10004_0965/PHK76.WIH2.2021,W10004_0965/PHK76
W10004_0965/PHP02.WIH2.2021,W10004_0965/PHP02
W10004_0965/PHZ51.WIH2.2021,W10004_0965/PHZ51
W10004_0966/PHK76.WIH2.2021,W10004_0966/PHK76
W10004_0966/PHP02.WIH2.2021,W10004_0966/PHP02
W10004_0966/PHZ51.WIH2.2021,W10004_0966/PHZ51
W10004_0969/PHK76.WIH2.2021,W10004_0969/PHK76
W10004_0969/PHP02.WIH2.2021,W10004_0969/PHP02
W10004_0969/PHZ51.WIH2.2021,W10004_0969/PHZ51
W10004_0970/PHK76.WIH2.2021,W10004_0970/PHK76
W10004_0970/PHP02.WIH2.2021,W10004_0970/PHP02
W10004_0970/PHZ51.WIH2.2021,W10004_0970/PHZ51
W10004_0971/PHK76.WIH2.2021,W10004_0971/PHK76
W10004_0971/PHP02.WIH2.2021,W10004_0971/PHP02
W10004_0971/PHZ51.WIH2.2021,W10004_0971/PHZ51
W10004_0974/PHK76.WIH2.2021,W10004_0974/PHK76
W10004_0974/PHP02.WIH2.2021,W10004_0974/PHP02
W10004_0974/PHZ51.WIH2.2021,W10004_0974/PHZ51
W10004_0975/PHK76.WIH2.2021,W10004_0975/PHK76
W10004_0975/PHP02.WIH2.2021,W10004_0975/PHP02
W10004_0975/PHZ51.WIH2.2021,W10004_0975/PHZ51
W10004_0981/PHK76.WIH2.2021,W10004_0981/PHK76
W10004_0981/PHP02.WIH2.2021,W10004_0981/PHP02
W10004_0981/PHZ51.WIH2.2021,W10004_0981/PHZ51
W10004_0982/PHK76.WIH2.2021,W10004_0982/PHK76
W10004_0982/PHZ51.WIH2.2021,W10004_0982/PHZ51
W10004_0984/PHK76.WIH2.2021,W10004_0984/PHK76
W10004_0984/PHP02.WIH2.2021,W10004_0984/PHP02
W10004_0984/PHZ51.WIH2.2021,W10004_0984/PHZ51
W10004_0988/PHK76.WIH2.2021,W10004_0988/PHK76
W10004_0988/PHP02.WIH2.2021,W10004_0988/PHP02
W10004_0988/PHZ51.WIH2.2021,W10004_0988/PHZ51
W10004_0991/PHK76.WIH2.2021,W10004_0991/PHK76
W10004_0991/PHP02.WIH2.2021,W10004_0991/PHP02
W10004_0991/PHZ51.WIH2.2021,W10004_0991/PHZ51
W10004_0996/PHK76.WIH2.2021,W10004_0996/PHK76
W10004_0996/PHP02.WIH2.2021,W10004_0996/PHP02
W10004_0996/PHZ51.WIH2.2021,W10004_0996/PHZ51
W10004_0997/PHK76.WIH2.2021,W10004_0997/PHK76
W10004_0997/PHP02.WIH2.2021,W10004_0997/PHP02
W10004_0997/PHZ51.WIH2.2021,W10004_0997/PHZ51
W10004_1000/PHK76.WIH2.2021,W10004_1000/PHK76
W10004_1000/PHP02.WIH2.2021,W10004_1000/PHP02
W10004_1000/PHZ51.WIH2.2021,W10004_1000/PHZ51
W10004_1001/PHP02.WIH2.2021,W10004_1001/PHP02
W10004_1001/PHZ51.WIH2.2021,W10004_1001/PHZ51
W10004_1002/PHK76.WIH2.2021,W10004_1002/PHK76
W10004_1002/PHP02.WIH2.2021,W10004_1002/PHP02
W10004_1002/PHZ51.WIH2.2021,W10004_1002/PHZ51
W10004_1004/PHK76.WIH2.2021,W10004_1004/PHK76
W10004_1004/PHP02.WIH2.2021,W10004_1004/PHP02
W10004_1004/PHZ51.WIH2.2021,W10004_1004/PHZ51
W10004_1007/PHK76.WIH2.2021,W10004_1007/PHK76
W10004_1007/PHP02.WIH2.2021,W10004_1007/PHP02
W10004_1007/PHZ51.WIH2.2021,W10004_1007/PHZ51
W10004_1011/PHK76.WIH2.2021,W10004_1011/PHK76
W10004_1011/PHP02.WIH2.2021,W10004_1011/PHP02
W10004_1011/PHZ51.WIH2.2021,W10004_1011/PHZ51
W10004_1014/PHK76.WIH2.2021,W10004_1014/PHK76
W10004_1014/PHP02.WIH2.2021,W10004_1014/PHP02
W10004_1014/PHZ51.WIH2.2021,W10004_1014/PHZ51
W10004_1015/PHK76.WIH2.2021,W10004_1015/PHK76
W10004_1015/PHP02.WIH2.2021,W10004_1015/PHP02
W10004_1015/PHZ51.WIH2.2021,W10004_1015/PHZ51
W10004_1018/PHK76.WIH2.2021,W10004_1018/PHK76
W10004_1018/PHP02.WIH2.2021,W10004_1018/PHP02
W10004_1018/PHZ51.WIH2.2021,W10004_1018/PHZ51
W10004_1020/PHK76.WIH2.2021,W10004_1020/PHK76
W10004_1020/PHP02.WIH2.2021,W10004_1020/PHP02
W10004_1020/PHZ51.WIH2.2021,W10004_1020/PHZ51
W10004_1032/PHK76.WIH2.2021,W10004_1032/PHK76
W10004_1032/PHZ51.WIH2.2021,W10004_1032/PHZ51
W10004_1037/PHK76.WIH2.2021,W10004_1037/PHK76
W10004_1037/PHP02.WIH2.2021,W10004_1037/PHP02
W10004_1037/PHZ51.WIH2.2021,W10004_1037/PHZ51
W10004_1045/PHK76.WIH2.2021,W10004_1045/PHK76
W10004_1045/PHP02.WIH2.2021,W10004_1045/PHP02
W10004_1045/PHZ51.WIH2.2021,W10004_1045/PHZ51
W10004_1052/PHK76.WIH2.2021,W10004_1052/PHK76
W10004_1052/PHP02.WIH2.2021,W10004_1052/PHP02
W10004_1052/PHZ51.WIH2.2021,W10004_1052/PHZ51
W10004_1057/PHK76.WIH2.2021,W10004_1057/PHK76
W10004_1057/PHP02.WIH2.2021,W10004_1057/PHP02
W10004_1057/PHZ51.WIH2.2021,W10004_1057/PHZ51
W10004_1063/PHK76.WIH2.2021,W10004_1063/PHK76
W10004_1063/PHP02.WIH2.2021,W10004_1063/PHP02
W10004_1063/PHZ51.WIH2.2021,W10004_1063/PHZ51
W10004_1064/PHK76.WIH2.2021,W10004_1064/PHK76
W10004_1064/PHP02.WIH2.2021,W10004_1064/PHP02
W10004_1064/PHZ51.WIH2.2021,W10004_1064/PHZ51
W10004_1072/PHK76.WIH2.2021,W10004_1072/PHK76
W10004_1072/PHP02.WIH2.2021,W10004_1072/PHP02
W10004_1072/PHZ51.WIH2.2021,W10004_1072/PHZ51
W10004_1080/PHK76.WIH2.2021,W10004_1080/PHK76
W10004_1080/PHP02.WIH2.2021,W10004_1080/PHP02
W10004_1080/PHZ51.WIH2.2021,W10004_1080/PHZ51
W10004_1081/PHK76.WIH2.2021,W10004_1081/PHK76
W10004_1081/PHP02.WIH2.2021,W10004_1081/PHP02
W10004_1081/PHZ51.WIH2.2021,W10004_1081/PHZ51
W10004_1084/PHK76.WIH2.2021,W10004_1084/PHK76
W10004_1084/PHP02.WIH2.2021,W10004_1084/PHP02
W10004_1084/PHZ51.WIH2.2021,W10004_1084/PHZ51
W10004_1099/PHK76.WIH2.2021,W10004_1099/PHK76
W10004_1099/PHP02.WIH2.2021,W10004_1099/PHP02
W10004_1099/PHZ51.WIH2.2021,W10004_1099/PHZ51
W10004_1104/PHK76.WIH2.2021,W10004_1104/PHK76
W10004_1104/PHP02.WIH2.2021,W10004_1104/PHP02
W10004_1104/PHZ51.WIH2.2021,W10004_1104/PHZ51
W10004_1105/PHK76.WIH2.2021,W10004_1105/PHK76
W10004_1105/PHP02.WIH2.2021,W10004_1105/PHP02
W10004_1105/PHZ51.WIH2.2021,W10004_1105/PHZ51
W10004_1112/PHK76.WIH2.2021,W10004_1112/PHK76
W10004_1112/PHP02.WIH2.2021,W10004_1112/PHP02
W10004_1112/PHZ51.WIH2.2021,W10004_1112/PHZ51
W10004_1117/PHK76.WIH2.2021,W10004_1117/PHK76
W10004_1117/PHP02.WIH2.2021,W10004_1117/PHP02
W10004_1117/PHZ51.WIH2.2021,W10004_1117/PHZ51
W10004_1118/PHK76.WIH2.2021,W10004_1118/PHK76
W10004_1118/PHP02.WIH2.2021,W10004_1118/PHP02
W10004_1118/PHZ51.WIH2.2021,W10004_1118/PHZ51
W10004_1123/PHK76.WIH2.2021,W10004_1123/PHK76
W10004_1123/PHP02.WIH2.2021,W10004_1123/PHP02
W10004_1123/PHZ51.WIH2.2021,W10004_1123/PHZ51
W10004_1140/PHK76.WIH2.2021,W10004_1140/PHK76
W10004_1140/PHP02.WIH2.2021,W10004_1140/PHP02
W10004_1140/PHZ51.WIH2.2021,W10004_1140/PHZ51
W10004_1143/PHP02.WIH2.2021,W10004_1143/PHP02
W10004_1143/PHZ51.WIH2.2021,W10004_1143/PHZ51
W10004_1146/PHK76.WIH2.2021,W10004_1146/PHK76
W10004_1146/PHP02.WIH2.2021,W10004_1146/PHP02
W10004_1146/PHZ51.WIH2.2021,W10004_1146/PHZ51
W10004_1156/PHK76.WIH2.2021,W10004_1156/PHK76
W10004_1156/PHP02.WIH2.2021,W10004_1156/PHP02
W10004_1156/PHZ51.WIH2.2021,W10004_1156/PHZ51
B14A/H95.WIH3.2020,B14A/H95
B14A/MO17.WIH3.2020,B14A/MO17
B14A/OH43.WIH3.2020,B14A/OH43
B37/H95.WIH3.2020,B37/H95
B37/MO17.WIH3.2020,B37/MO17
B37/OH43.WIH3.2020,B37/OH43
B73/MO17.WIH3.2020,B73/MO17
B73/PHK76.WIH3.2020,B73/PHK76
B73/PHN82.WIH3.2020,B73/PHN82
B73/PHZ51.WIH3.2020,B73/PHZ51
B73/TX779.WIH3.2020,B73/TX779
CG119/CG108.WIH3.2020,CG119/CG108
CG44/CGR01.WIH3.2020,CG44/CGR01
F42/H95.WIH3.2020,F42/H95
F42/MO17.WIH3.2020,F42/MO17
LH145/LH82.WIH3.2020,LH145/LH82
LH195/MO17.WIH3.2020,LH195/MO17
LH195/PHK76.WIH3.2020,LH195/PHK76
LH195/PHN82.WIH3.2020,LH195/PHN82
LH195/PHZ51.WIH3.2020,LH195/PHZ51
LH244/MO17.WIH3.2020,LH244/MO17
LH244/PHK76.WIH3.2020,LH244/PHK76
LH244/PHN82.WIH3.2020,LH244/PHN82
LH244/PHZ51.WIH3.2020,LH244/PHZ51
LH74/PHN82.WIH3.2020,LH74/PHN82
LH82/TX779.WIH3.2020,LH82/TX779
PB80/TX779.WIH3.2020,PB80/TX779
PHB47/MO17.WIH3.2020,PHB47/MO17
PHB47/PHK76.WIH3.2020,PHB47/PHK76
PHB47/PHN82.WIH3.2020,PHB47/PHN82
PHB47/PHZ51.WIH3.2020,PHB47/PHZ51
PHG29/PHG47.WIH3.2020,PHG29/PHG47
PHG39/PHN82.WIH3.2020,PHG39/PHN82
PHJ40/PHAJ0.WIH3.2020,PHJ40/PHAJ0
PHJ89/PH207.WIH3.2020,PHJ89/PH207
PHRE1/PHTD5.WIH3.2020,PHRE1/PHTD5
PHW52/PHM49.WIH3.2020,PHW52/PHM49
PHW52/PHN82.WIH3.2020,PHW52/PHN82
TX714/PHZ51.WIH3.2020,TX714/PHZ51
TX714/TX779.WIH3.2020,TX714/TX779
TX777/LH195.WIH3.2020,TX777/LH195
TX779/LH195.WIH3.2020,TX779/LH195
W10004_0006/PHP02.WIH3.2020,W10004_0006/PHP02
W10004_0007/PHP02.WIH3.2020,W10004_0007/PHP02
W10004_0008/PHP02.WIH3.2020,W10004_0008/PHP02
W10004_0010/PHP02.WIH3.2020,W10004_0010/PHP02
W10004_0011/PHP02.WIH3.2020,W10004_0011/PHP02
W10004_0013/PHP02.WIH3.2020,W10004_0013/PHP02
W10004_0014/PHP02.WIH3.2020,W10004_0014/PHP02
W10004_0018/PHP02.WIH3.2020,W10004_0018/PHP02
W10004_0026/PHP02.WIH3.2020,W10004_0026/PHP02
W10004_0027/PHP02.WIH3.2020,W10004_0027/PHP02
W10004_0031/PHP02.WIH3.2020,W10004_0031/PHP02
W10004_0032/PHP02.WIH3.2020,W10004_0032/PHP02
W10004_0034/PHP02.WIH3.2020,W10004_0034/PHP02
W10004_0037/PHP02.WIH3.2020,W10004_0037/PHP02
W10004_0038/PHP02.WIH3.2020,W10004_0038/PHP02
W10004_0039/PHP02.WIH3.2020,W10004_0039/PHP02
W10004_0041/PHP02.WIH3.2020,W10004_0041/PHP02
W10004_0042/PHP02.WIH3.2020,W10004_0042/PHP02
W10004_0045/PHP02.WIH3.2020,W10004_0045/PHP02
W10004_0046/PHP02.WIH3.2020,W10004_0046/PHP02
W10004_0047/PHP02.WIH3.2020,W10004_0047/PHP02
W10004_0053/PHP02.WIH3.2020,W10004_0053/PHP02
W10004_0055/PHP02.WIH3.2020,W10004_0055/PHP02
W10004_0059/PHP02.WIH3.2020,W10004_0059/PHP02
W10004_0061/PHP02.WIH3.2020,W10004_0061/PHP02
W10004_0062/PHP02.WIH3.2020,W10004_0062/PHP02
W10004_0063/PHP02.WIH3.2020,W10004_0063/PHP02
W10004_0064/PHP02.WIH3.2020,W10004_0064/PHP02
W10004_0065/PHP02.WIH3.2020,W10004_0065/PHP02
W10004_0068/PHP02.WIH3.2020,W10004_0068/PHP02
W10004_0069/PHP02.WIH3.2020,W10004_0069/PHP02
W10004_0070/PHP02.WIH3.2020,W10004_0070/PHP02
W10004_0071/PHP02.WIH3.2020,W10004_0071/PHP02
W10004_0072/PHP02.WIH3.2020,W10004_0072/PHP02
W10004_0073/PHP02.WIH3.2020,W10004_0073/PHP02
W10004_0076/PHP02.WIH3.2020,W10004_0076/PHP02
W10004_0078/PHP02.WIH3.2020,W10004_0078/PHP02
W10004_0079/PHP02.WIH3.2020,W10004_0079/PHP02
W10004_0080/PHP02.WIH3.2020,W10004_0080/PHP02
W10004_0086/PHP02.WIH3.2020,W10004_0086/PHP02
W10004_0087/PHP02.WIH3.2020,W10004_0087/PHP02
W10004_0092/PHP02.WIH3.2020,W10004_0092/PHP02
W10004_0093/PHP02.WIH3.2020,W10004_0093/PHP02
W10004_0095/PHP02.WIH3.2020,W10004_0095/PHP02
W10004_0097/PHP02.WIH3.2020,W10004_0097/PHP02
W10004_0098/PHP02.WIH3.2020,W10004_0098/PHP02
W10004_0099/PHP02.WIH3.2020,W10004_0099/PHP02
W10004_0101/PHP02.WIH3.2020,W10004_0101/PHP02
W10004_0103/PHP02.WIH3.2020,W10004_0103/PHP02
W10004_0106/PHP02.WIH3.2020,W10004_0106/PHP02
W10004_0110/PHP02.WIH3.2020,W10004_0110/PHP02
W10004_0112/PHP02.WIH3.2020,W10004_0112/PHP02
W10004_0115/PHP02.WIH3.2020,W10004_0115/PHP02
W10004_0116/PHP02.WIH3.2020,W10004_0116/PHP02
W10004_0118/PHP02.WIH3.2020,W10004_0118/PHP02
W10004_0119/PHP02.WIH3.2020,W10004_0119/PHP02
W10004_0121/PHP02.WIH3.2020,W10004_0121/PHP02
W10004_0122/PHP02.WIH3.2020,W10004_0122/PHP02
W10004_0127/PHP02.WIH3.2020,W10004_0127/PHP02
W10004_0129/PHP02.WIH3.2020,W10004_0129/PHP02
W10004_0132/PHP02.WIH3.2020,W10004_0132/PHP02
W10004_0133/PHP02.WIH3.2020,W10004_0133/PHP02
W10004_0134/PHP02.WIH3.2020,W10004_0134/PHP02
W10004_0138/PHP02.WIH3.2020,W10004_0138/PHP02
W10004_0140/PHP02.WIH3.2020,W10004_0140/PHP02
W10004_0144/PHP02.WIH3.2020,W10004_0144/PHP02
W10004_0146/PHP02.WIH3.2020,W10004_0146/PHP02
W10004_0147/PHP02.WIH3.2020,W10004_0147/PHP02
W10004_0148/PHP02.WIH3.2020,W10004_0148/PHP02
W10004_0149/PHP02.WIH3.2020,W10004_0149/PHP02
W10004_0150/PHP02.WIH3.2020,W10004_0150/PHP02
W10004_0152/PHP02.WIH3.2020,W10004_0152/PHP02
W10004_0153/PHP02.WIH3.2020,W10004_0153/PHP02
W10004_0154/PHP02.WIH3.2020,W10004_0154/PHP02
W10004_0160/PHP02.WIH3.2020,W10004_0160/PHP02
W10004_0161/PHP02.WIH3.2020,W10004_0161/PHP02
W10004_0166/PHP02.WIH3.2020,W10004_0166/PHP02
W10004_0167/PHP02.WIH3.2020,W10004_0167/PHP02
W10004_0168/PHP02.WIH3.2020,W10004_0168/PHP02
W10004_0169/PHP02.WIH3.2020,W10004_0169/PHP02
W10004_0171/PHP02.WIH3.2020,W10004_0171/PHP02
W10004_0178/PHP02.WIH3.2020,W10004_0178/PHP02
W10004_0179/PHP02.WIH3.2020,W10004_0179/PHP02
W10004_0185/PHP02.WIH3.2020,W10004_0185/PHP02
W10004_0189/PHP02.WIH3.2020,W10004_0189/PHP02
W10004_0190/PHP02.WIH3.2020,W10004_0190/PHP02
W10004_0192/PHP02.WIH3.2020,W10004_0192/PHP02
W10004_0194/PHP02.WIH3.2020,W10004_0194/PHP02
W10004_0196/PHP02.WIH3.2020,W10004_0196/PHP02
W10004_0197/PHP02.WIH3.2020,W10004_0197/PHP02
W10004_0199/PHP02.WIH3.2020,W10004_0199/PHP02
W10004_0200/PHP02.WIH3.2020,W10004_0200/PHP02
W10004_0203/PHP02.WIH3.2020,W10004_0203/PHP02
W10004_0204/PHP02.WIH3.2020,W10004_0204/PHP02
W10004_0206/PHP02.WIH3.2020,W10004_0206/PHP02
W10004_0212/PHP02.WIH3.2020,W10004_0212/PHP02
W10004_0213/PHP02.WIH3.2020,W10004_0213/PHP02
W10004_0217/PHP02.WIH3.2020,W10004_0217/PHP02
W10004_0220/PHP02.WIH3.2020,W10004_0220/PHP02
W10004_0221/PHP02.WIH3.2020,W10004_0221/PHP02
W10004_0223/PHP02.WIH3.2020,W10004_0223/PHP02
W10004_0224/PHP02.WIH3.2020,W10004_0224/PHP02
W10004_0225/PHP02.WIH3.2020,W10004_0225/PHP02
W10004_0227/PHP02.WIH3.2020,W10004_0227/PHP02
W10004_0231/PHP02.WIH3.2020,W10004_0231/PHP02
W10004_0236/PHP02.WIH3.2020,W10004_0236/PHP02
W10004_0238/PHP02.WIH3.2020,W10004_0238/PHP02
W10004_0241/PHP02.WIH3.2020,W10004_0241/PHP02
W10004_0242/PHP02.WIH3.2020,W10004_0242/PHP02
W10004_0253/PHP02.WIH3.2020,W10004_0253/PHP02
W10004_0254/PHP02.WIH3.2020,W10004_0254/PHP02
W10004_0256/PHP02.WIH3.2020,W10004_0256/PHP02
W10004_0258/PHP02.WIH3.2020,W10004_0258/PHP02
W10004_0261/PHP02.WIH3.2020,W10004_0261/PHP02
W10004_0262/PHP02.WIH3.2020,W10004_0262/PHP02
W10004_0264/PHP02.WIH3.2020,W10004_0264/PHP02
W10004_0268/PHP02.WIH3.2020,W10004_0268/PHP02
W10004_0270/PHP02.WIH3.2020,W10004_0270/PHP02
W10004_0271/PHP02.WIH3.2020,W10004_0271/PHP02
W10004_0276/PHP02.WIH3.2020,W10004_0276/PHP02
W10004_0290/PHP02.WIH3.2020,W10004_0290/PHP02
W10004_0291/PHP02.WIH3.2020,W10004_0291/PHP02
W10004_0292/PHP02.WIH3.2020,W10004_0292/PHP02
W10004_0299/PHP02.WIH3.2020,W10004_0299/PHP02
W10004_0306/PHP02.WIH3.2020,W10004_0306/PHP02
W10004_0308/PHP02.WIH3.2020,W10004_0308/PHP02
W10004_0309/PHP02.WIH3.2020,W10004_0309/PHP02
W10004_0310/PHP02.WIH3.2020,W10004_0310/PHP02
W10004_0311/PHP02.WIH3.2020,W10004_0311/PHP02
W10004_0327/PHP02.WIH3.2020,W10004_0327/PHP02
W10004_0329/PHP02.WIH3.2020,W10004_0329/PHP02
W10004_0336/PHP02.WIH3.2020,W10004_0336/PHP02
W10004_0344/PHP02.WIH3.2020,W10004_0344/PHP02
W10004_0346/PHP02.WIH3.2020,W10004_0346/PHP02
W10004_0361/PHP02.WIH3.2020,W10004_0361/PHP02
W10004_0362/PHP02.WIH3.2020,W10004_0362/PHP02
W10004_0380/PHP02.WIH3.2020,W10004_0380/PHP02
W10004_0381/PHP02.WIH3.2020,W10004_0381/PHP02
W10004_0383/PHP02.WIH3.2020,W10004_0383/PHP02
W10004_0389/PHP02.WIH3.2020,W10004_0389/PHP02
W10004_0393/PHP02.WIH3.2020,W10004_0393/PHP02
W10004_0394/PHP02.WIH3.2020,W10004_0394/PHP02
W10004_0395/PHP02.WIH3.2020,W10004_0395/PHP02
W10004_0396/PHP02.WIH3.2020,W10004_0396/PHP02
W10004_0403/PHP02.WIH3.2020,W10004_0403/PHP02
W10004_0409/PHP02.WIH3.2020,W10004_0409/PHP02
W10004_0410/PHP02.WIH3.2020,W10004_0410/PHP02
W10004_0412/PHP02.WIH3.2020,W10004_0412/PHP02
W10004_0417/PHP02.WIH3.2020,W10004_0417/PHP02
W10004_0419/PHP02.WIH3.2020,W10004_0419/PHP02
W10004_0424/PHP02.WIH3.2020,W10004_0424/PHP02
W10004_0427/PHP02.WIH3.2020,W10004_0427/PHP02
W10004_0430/PHP02.WIH3.2020,W10004_0430/PHP02
W10004_0465/PHP02.WIH3.2020,W10004_0465/PHP02
W10004_0467/PHP02.WIH3.2020,W10004_0467/PHP02
W10004_0474/PHP02.WIH3.2020,W10004_0474/PHP02
W10004_0476/PHP02.WIH3.2020,W10004_0476/PHP02
W10004_0487/PHP02.WIH3.2020,W10004_0487/PHP02
W10004_0498/PHP02.WIH3.2020,W10004_0498/PHP02
W10004_0501/PHP02.WIH3.2020,W10004_0501/PHP02
W10004_0505/PHP02.WIH3.2020,W10004_0505/PHP02
W10004_0601/PHP02.WIH3.2020,W10004_0601/PHP02
W10004_0602/PHP02.WIH3.2020,W10004_0602/PHP02
W10004_0608/PHP02.WIH3.2020,W10004_0608/PHP02
W10004_0612/PHP02.WIH3.2020,W10004_0612/PHP02
W10004_0614/PHP02.WIH3.2020,W10004_0614/PHP02
W10004_0616/PHP02.WIH3.2020,W10004_0616/PHP02
W10004_0618/PHP02.WIH3.2020,W10004_0618/PHP02
W10004_0619/PHP02.WIH3.2020,W10004_0619/PHP02
W10004_0620/PHP02.WIH3.2020,W10004_0620/PHP02
W10004_0622/PHP02.WIH3.2020,W10004_0622/PHP02
W10004_0624/PHP02.WIH3.2020,W10004_0624/PHP02
W10004_0625/PHP02.WIH3.2020,W10004_0625/PHP02
W10004_0626/PHP02.WIH3.2020,W10004_0626/PHP02
W10004_0628/PHP02.WIH3.2020,W10004_0628/PHP02
W10004_0631/PHP02.WIH3.2020,W10004_0631/PHP02
W10004_0632/PHP02.WIH3.2020,W10004_0632/PHP02
W10004_0636/PHP02.WIH3.2020,W10004_0636/PHP02
W10004_0637/PHP02.WIH3.2020,W10004_0637/PHP02
W10004_0639/PHP02.WIH3.2020,W10004_0639/PHP02
W10004_0644/PHP02.WIH3.2020,W10004_0644/PHP02
W10004_0645/PHP02.WIH3.2020,W10004_0645/PHP02
W10004_0646/PHP02.WIH3.2020,W10004_0646/PHP02
W10004_0649/PHP02.WIH3.2020,W10004_0649/PHP02
W10004_0650/PHP02.WIH3.2020,W10004_0650/PHP02
W10004_0651/PHP02.WIH3.2020,W10004_0651/PHP02
W10004_0654/PHP02.WIH3.2020,W10004_0654/PHP02
W10004_0658/PHP02.WIH3.2020,W10004_0658/PHP02
W10004_0659/PHP02.WIH3.2020,W10004_0659/PHP02
W10004_0661/PHP02.WIH3.2020,W10004_0661/PHP02
W10004_0664/PHP02.WIH3.2020,W10004_0664/PHP02
W10004_0667/PHP02.WIH3.2020,W10004_0667/PHP02
W10004_0669/PHP02.WIH3.2020,W10004_0669/PHP02
W10004_0672/PHP02.WIH3.2020,W10004_0672/PHP02
W10004_0673/PHP02.WIH3.2020,W10004_0673/PHP02
W10004_0674/PHP02.WIH3.2020,W10004_0674/PHP02
W10004_0675/PHP02.WIH3.2020,W10004_0675/PHP02
W10004_0678/PHP02.WIH3.2020,W10004_0678/PHP02
W10004_0680/PHP02.WIH3.2020,W10004_0680/PHP02
W10004_0682/PHP02.WIH3.2020,W10004_0682/PHP02
W10004_0684/PHP02.WIH3.2020,W10004_0684/PHP02
W10004_0685/PHP02.WIH3.2020,W10004_0685/PHP02
W10004_0687/PHP02.WIH3.2020,W10004_0687/PHP02
W10004_0688/PHP02.WIH3.2020,W10004_0688/PHP02
W10004_0689/PHP02.WIH3.2020,W10004_0689/PHP02
W10004_0691/PHP02.WIH3.2020,W10004_0691/PHP02
W10004_0695/PHP02.WIH3.2020,W10004_0695/PHP02
W10004_0696/PHP02.WIH3.2020,W10004_0696/PHP02
W10004_0697/PHP02.WIH3.2020,W10004_0697/PHP02
W10004_0701/PHP02.WIH3.2020,W10004_0701/PHP02
W10004_0702/PHP02.WIH3.2020,W10004_0702/PHP02
W10004_0703/PHP02.WIH3.2020,W10004_0703/PHP02
W10004_0704/PHP02.WIH3.2020,W10004_0704/PHP02
W10004_0705/PHP02.WIH3.2020,W10004_0705/PHP02
W10004_0707/PHP02.WIH3.2020,W10004_0707/PHP02
W10004_0711/PHP02.WIH3.2020,W10004_0711/PHP02
W10004_0712/PHP02.WIH3.2020,W10004_0712/PHP02
W10004_0713/PHP02.WIH3.2020,W10004_0713/PHP02
W10004_0714/PHP02.WIH3.2020,W10004_0714/PHP02
W10004_0715/PHP02.WIH3.2020,W10004_0715/PHP02
W10004_0717/PHP02.WIH3.2020,W10004_0717/PHP02
W10004_0723/PHP02.WIH3.2020,W10004_0723/PHP02
W10004_0727/PHP02.WIH3.2020,W10004_0727/PHP02
W10004_0729/PHP02.WIH3.2020,W10004_0729/PHP02
W10004_0732/PHP02.WIH3.2020,W10004_0732/PHP02
W10004_0733/PHP02.WIH3.2020,W10004_0733/PHP02
W10004_0734/PHP02.WIH3.2020,W10004_0734/PHP02
W10004_0736/PHP02.WIH3.2020,W10004_0736/PHP02
W10004_0741/PHP02.WIH3.2020,W10004_0741/PHP02
W10004_0745/PHP02.WIH3.2020,W10004_0745/PHP02
W10004_0746/PHP02.WIH3.2020,W10004_0746/PHP02
W10004_0747/PHP02.WIH3.2020,W10004_0747/PHP02
W10004_0751/PHP02.WIH3.2020,W10004_0751/PHP02
W10004_0754/PHP02.WIH3.2020,W10004_0754/PHP02
W10004_0756/PHP02.WIH3.2020,W10004_0756/PHP02
W10004_0757/PHP02.WIH3.2020,W10004_0757/PHP02
W10004_0760/PHP02.WIH3.2020,W10004_0760/PHP02
W10004_0768/PHP02.WIH3.2020,W10004_0768/PHP02
W10004_0771/PHP02.WIH3.2020,W10004_0771/PHP02
W10004_0773/PHP02.WIH3.2020,W10004_0773/PHP02
W10004_0774/PHP02.WIH3.2020,W10004_0774/PHP02
W10004_0775/PHP02.WIH3.2020,W10004_0775/PHP02
W10004_0776/PHP02.WIH3.2020,W10004_0776/PHP02
W10004_0779/PHP02.WIH3.2020,W10004_0779/PHP02
W10004_0781/PHP02.WIH3.2020,W10004_0781/PHP02
W10004_0782/PHP02.WIH3.2020,W10004_0782/PHP02
W10004_0783/PHP02.WIH3.2020,W10004_0783/PHP02
W10004_0784/PHP02.WIH3.2020,W10004_0784/PHP02
W10004_0787/PHP02.WIH3.2020,W10004_0787/PHP02
W10004_0789/PHP02.WIH3.2020,W10004_0789/PHP02
W10004_0792/PHP02.WIH3.2020,W10004_0792/PHP02
W10004_0794/PHP02.WIH3.2020,W10004_0794/PHP02
W10004_0795/PHP02.WIH3.2020,W10004_0795/PHP02
W10004_0798/PHP02.WIH3.2020,W10004_0798/PHP02
W10004_0799/PHP02.WIH3.2020,W10004_0799/PHP02
W10004_0800/PHP02.WIH3.2020,W10004_0800/PHP02
W10004_0801/PHP02.WIH3.2020,W10004_0801/PHP02
W10004_0802/PHP02.WIH3.2020,W10004_0802/PHP02
W10004_0803/PHP02.WIH3.2020,W10004_0803/PHP02
W10004_0806/PHP02.WIH3.2020,W10004_0806/PHP02
W10004_0807/PHP02.WIH3.2020,W10004_0807/PHP02
W10004_0812/PHP02.WIH3.2020,W10004_0812/PHP02
W10004_0814/PHP02.WIH3.2020,W10004_0814/PHP02
W10004_0815/PHP02.WIH3.2020,W10004_0815/PHP02
W10004_0818/PHP02.WIH3.2020,W10004_0818/PHP02
W10004_0819/PHP02.WIH3.2020,W10004_0819/PHP02
W10004_0820/PHP02.WIH3.2020,W10004_0820/PHP02
W10004_0822/PHP02.WIH3.2020,W10004_0822/PHP02
W10004_0823/PHP02.WIH3.2020,W10004_0823/PHP02
W10004_0826/PHP02.WIH3.2020,W10004_0826/PHP02
W10004_0827/PHP02.WIH3.2020,W10004_0827/PHP02
W10004_0828/PHP02.WIH3.2020,W10004_0828/PHP02
W10004_0830/PHP02.WIH3.2020,W10004_0830/PHP02
W10004_0832/PHP02.WIH3.2020,W10004_0832/PHP02
W10004_0833/PHP02.WIH3.2020,W10004_0833/PHP02
W10004_0834/PHP02.WIH3.2020,W10004_0834/PHP02
W10004_0836/PHP02.WIH3.2020,W10004_0836/PHP02
W10004_0837/PHP02.WIH3.2020,W10004_0837/PHP02
W10004_0840/PHP02.WIH3.2020,W10004_0840/PHP02
W10004_0842/PHP02.WIH3.2020,W10004_0842/PHP02
W10004_0843/PHP02.WIH3.2020,W10004_0843/PHP02
W10004_0844/PHP02.WIH3.2020,W10004_0844/PHP02
W10004_0847/PHP02.WIH3.2020,W10004_0847/PHP02
W10004_0848/PHP02.WIH3.2020,W10004_0848/PHP02
W10004_0851/PHP02.WIH3.2020,W10004_0851/PHP02
W10004_0852/PHP02.WIH3.2020,W10004_0852/PHP02
W10004_0856/PHP02.WIH3.2020,W10004_0856/PHP02
W10004_0858/PHP02.WIH3.2020,W10004_0858/PHP02
W10004_0859/PHP02.WIH3.2020,W10004_0859/PHP02
W10004_0866/PHP02.WIH3.2020,W10004_0866/PHP02
W10004_0868/PHP02.WIH3.2020,W10004_0868/PHP02
W10004_0869/PHP02.WIH3.2020,W10004_0869/PHP02
W10004_0876/PHP02.WIH3.2020,W10004_0876/PHP02
W10004_0877/PHP02.WIH3.2020,W10004_0877/PHP02
W10004_0879/PHP02.WIH3.2020,W10004_0879/PHP02
W10004_0884/PHP02.WIH3.2020,W10004_0884/PHP02
W10004_0885/PHP02.WIH3.2020,W10004_0885/PHP02
W10004_0886/PHP02.WIH3.2020,W10004_0886/PHP02
W10004_0888/PHP02.WIH3.2020,W10004_0888/PHP02
W10004_0889/PHP02.WIH3.2020,W10004_0889/PHP02
W10004_0891/PHP02.WIH3.2020,W10004_0891/PHP02
W10004_0892/PHP02.WIH3.2020,W10004_0892/PHP02
W10004_0894/PHP02.WIH3.2020,W10004_0894/PHP02
W10004_0896/PHP02.WIH3.2020,W10004_0896/PHP02
W10004_0900/PHP02.WIH3.2020,W10004_0900/PHP02
W10004_0901/PHP02.WIH3.2020,W10004_0901/PHP02
W10004_0907/PHP02.WIH3.2020,W10004_0907/PHP02
W10004_0913/PHP02.WIH3.2020,W10004_0913/PHP02
W10004_0914/PHP02.WIH3.2020,W10004_0914/PHP02
W10004_0916/PHP02.WIH3.2020,W10004_0916/PHP02
W10004_0918/PHP02.WIH3.2020,W10004_0918/PHP02
W10004_0920/PHP02.WIH3.2020,W10004_0920/PHP02
W10004_0922/PHP02.WIH3.2020,W10004_0922/PHP02
W10004_0928/PHP02.WIH3.2020,W10004_0928/PHP02
W10004_0930/PHP02.WIH3.2020,W10004_0930/PHP02
W10004_0932/PHP02.WIH3.2020,W10004_0932/PHP02
W10004_0935/PHP02.WIH3.2020,W10004_0935/PHP02
W10004_0938/PHP02.WIH3.2020,W10004_0938/PHP02
W10004_0940/PHP02.WIH3.2020,W10004_0940/PHP02
W10004_0943/PHP02.WIH3.2020,W10004_0943/PHP02
W10004_0949/PHP02.WIH3.2020,W10004_0949/PHP02
W10004_0950/PHP02.WIH3.2020,W10004_0950/PHP02
W10004_0951/PHP02.WIH3.2020,W10004_0951/PHP02
W10004_0953/PHP02.WIH3.2020,W10004_0953/PHP02
W10004_0955/PHP02.WIH3.2020,W10004_0955/PHP02
W10004_0956/PHP02.WIH3.2020,W10004_0956/PHP02
W10004_0963/PHP02.WIH3.2020,W10004_0963/PHP02
W10004_0964/PHP02.WIH3.2020,W10004_0964/PHP02
W10004_0965/PHP02.WIH3.2020,W10004_0965/PHP02
W10004_0966/PHP02.WIH3.2020,W10004_0966/PHP02
W10004_0969/PHP02.WIH3.2020,W10004_0969/PHP02
W10004_0970/PHP02.WIH3.2020,W10004_0970/PHP02
W10004_0971/PHP02.WIH3.2020,W10004_0971/PHP02
W10004_0974/PHP02.WIH3.2020,W10004_0974/PHP02
W10004_0975/PHP02.WIH3.2020,W10004_0975/PHP02
W10004_0981/PHP02.WIH3.2020,W10004_0981/PHP02
W10004_0982/PHP02.WIH3.2020,W10004_0982/PHP02
W10004_0984/PHP02.WIH3.2020,W10004_0984/PHP02
W10004_0988/PHP02.WIH3.2020,W10004_0988/PHP02
W10004_0991/PHP02.WIH3.2020,W10004_0991/PHP02
W10004_0996/PHP02.WIH3.2020,W10004_0996/PHP02
W10004_0997/PHP02.WIH3.2020,W10004_0997/PHP02
W10004_1000/PHP02.WIH3.2020,W10004_1000/PHP02
W10004_1001/PHP02.WIH3.2020,W10004_1001/PHP02
W10004_1002/PHP02.WIH3.2020,W10004_1002/PHP02
W10004_1004/PHP02.WIH3.2020,W10004_1004/PHP02
W10004_1011/PHP02.WIH3.2020,W10004_1011/PHP02
W10004_1014/PHP02.WIH3.2020,W10004_1014/PHP02
W10004_1015/PHP02.WIH3.2020,W10004_1015/PHP02
W10004_1018/PHP02.WIH3.2020,W10004_1018/PHP02
W10004_1020/PHP02.WIH3.2020,W10004_1020/PHP02
W10004_1032/PHP02.WIH3.2020,W10004_1032/PHP02
W10004_1037/PHP02.WIH3.2020,W10004_1037/PHP02
W10004_1045/PHP02.WIH3.2020,W10004_1045/PHP02
W10004_1052/PHP02.WIH3.2020,W10004_1052/PHP02
W10004_1057/PHP02.WIH3.2020,W10004_1057/PHP02
W10004_1063/PHP02.WIH3.2020,W10004_1063/PHP02
W10004_1064/PHP02.WIH3.2020,W10004_1064/PHP02
W10004_1072/PHP02.WIH3.2020,W10004_1072/PHP02
W10004_1080/PHP02.WIH3.2020,W10004_1080/PHP02
W10004_1081/PHP02.WIH3.2020,W10004_1081/PHP02
W10004_1084/PHP02.WIH3.2020,W10004_1084/PHP02
W10004_1099/PHP02.WIH3.2020,W10004_1099/PHP02
W10004_1104/PHP02.WIH3.2020,W10004_1104/PHP02
W10004_1105/PHP02.WIH3.2020,W10004_1105/PHP02
W10004_1112/PHP02.WIH3.2020,W10004_1112/PHP02
W10004_1117/PHP02.WIH3.2020,W10004_1117/PHP02
W10004_1118/PHP02.WIH3.2020,W10004_1118/PHP02
W10004_1123/PHP02.WIH3.2020,W10004_1123/PHP02
W10004_1140/PHP02.WIH3.2020,W10004_1140/PHP02
W10004_1143/PHP02.WIH3.2020,W10004_1143/PHP02
W10004_1146/PHP02.WIH3.2020,W10004_1146/PHP02
W10004_1156/PHP02.WIH3.2020,W10004_1156/PHP02
B14A/H95.WIH3.2021,B14A/H95
B14A/MO17.WIH3.2021,B14A/MO17
B14A/OH43.WIH3.2021,B14A/OH43
B37/H95.WIH3.2021,B37/H95
B37/MO17.WIH3.2021,B37/MO17
B37/OH43.WIH3.2021,B37/OH43
B73/MO17.WIH3.2021,B73/MO17
B73/PHM49.WIH3.2021,B73/PHM49
B73/PHN82.WIH3.2021,B73/PHN82
B73/TX779.WIH3.2021,B73/TX779
CG119/CG108.WIH3.2021,CG119/CG108
CG44/CGR01.WIH3.2021,CG44/CGR01
F42/H95.WIH3.2021,F42/H95
F42/MO17.WIH3.2021,F42/MO17
F42/OH43.WIH3.2021,F42/OH43
LH74/PHN82.WIH3.2021,LH74/PHN82
LH82/TX779.WIH3.2021,LH82/TX779
PHB47/PHN82.WIH3.2021,PHB47/PHN82
PHG39/PHN82.WIH3.2021,PHG39/PHN82
PHW52/PHM49.WIH3.2021,PHW52/PHM49
PHW52/PHN82.WIH3.2021,PHW52/PHN82
TX714/TX779.WIH3.2021,TX714/TX779
TX777/LH195.WIH3.2021,TX777/LH195
TX779/LH195.WIH3.2021,TX779/LH195
W10004_0006/PHP02.WIH3.2021,W10004_0006/PHP02
W10004_0007/PHP02.WIH3.2021,W10004_0007/PHP02
W10004_0008/PHP02.WIH3.2021,W10004_0008/PHP02
W10004_0010/PHP02.WIH3.2021,W10004_0010/PHP02
W10004_0011/PHP02.WIH3.2021,W10004_0011/PHP02
W10004_0013/PHP02.WIH3.2021,W10004_0013/PHP02
W10004_0014/PHP02.WIH3.2021,W10004_0014/PHP02
W10004_0018/PHP02.WIH3.2021,W10004_0018/PHP02
W10004_0026/PHP02.WIH3.2021,W10004_0026/PHP02
W10004_0027/PHP02.WIH3.2021,W10004_0027/PHP02
W10004_0031/PHP02.WIH3.2021,W10004_0031/PHP02
W10004_0032/PHP02.WIH3.2021,W10004_0032/PHP02
W10004_0035/PHP02.WIH3.2021,W10004_0035/PHP02
W10004_0037/PHP02.WIH3.2021,W10004_0037/PHP02
W10004_0038/PHP02.WIH3.2021,W10004_0038/PHP02
W10004_0039/PHP02.WIH3.2021,W10004_0039/PHP02
W10004_0041/PHP02.WIH3.2021,W10004_0041/PHP02
W10004_0042/PHP02.WIH3.2021,W10004_0042/PHP02
W10004_0045/PHP02.WIH3.2021,W10004_0045/PHP02
W10004_0046/PHP02.WIH3.2021,W10004_0046/PHP02
W10004_0047/PHP02.WIH3.2021,W10004_0047/PHP02
W10004_0053/PHP02.WIH3.2021,W10004_0053/PHP02
W10004_0055/PHP02.WIH3.2021,W10004_0055/PHP02
W10004_0059/PHP02.WIH3.2021,W10004_0059/PHP02
W10004_0061/PHP02.WIH3.2021,W10004_0061/PHP02
W10004_0062/PHP02.WIH3.2021,W10004_0062/PHP02
W10004_0063/PHP02.WIH3.2021,W10004_0063/PHP02
W10004_0064/PHP02.WIH3.2021,W10004_0064/PHP02
W10004_0065/PHP02.WIH3.2021,W10004_0065/PHP02
W10004_0068/PHP02.WIH3.2021,W10004_0068/PHP02
W10004_0069/PHP02.WIH3.2021,W10004_0069/PHP02
W10004_0070/PHP02.WIH3.2021,W10004_0070/PHP02
W10004_0071/PHP02.WIH3.2021,W10004_0071/PHP02
W10004_0072/PHP02.WIH3.2021,W10004_0072/PHP02
W10004_0073/PHP02.WIH3.2021,W10004_0073/PHP02
W10004_0076/PHP02.WIH3.2021,W10004_0076/PHP02
W10004_0078/PHP02.WIH3.2021,W10004_0078/PHP02
W10004_0079/PHP02.WIH3.2021,W10004_0079/PHP02
W10004_0080/PHP02.WIH3.2021,W10004_0080/PHP02
W10004_0086/PHP02.WIH3.2021,W10004_0086/PHP02
W10004_0087/PHP02.WIH3.2021,W10004_0087/PHP02
W10004_0092/PHP02.WIH3.2021,W10004_0092/PHP02
W10004_0093/PHP02.WIH3.2021,W10004_0093/PHP02
W10004_0095/PHP02.WIH3.2021,W10004_0095/PHP02
W10004_0097/PHP02.WIH3.2021,W10004_0097/PHP02
W10004_0098/PHP02.WIH3.2021,W10004_0098/PHP02
W10004_0099/PHP02.WIH3.2021,W10004_0099/PHP02
W10004_0101/PHP02.WIH3.2021,W10004_0101/PHP02
W10004_0103/PHP02.WIH3.2021,W10004_0103/PHP02
W10004_0106/PHP02.WIH3.2021,W10004_0106/PHP02
W10004_0110/PHP02.WIH3.2021,W10004_0110/PHP02
W10004_0112/PHP02.WIH3.2021,W10004_0112/PHP02
W10004_0115/PHP02.WIH3.2021,W10004_0115/PHP02
W10004_0116/PHP02.WIH3.2021,W10004_0116/PHP02
W10004_0118/PHP02.WIH3.2021,W10004_0118/PHP02
W10004_0119/PHP02.WIH3.2021,W10004_0119/PHP02
W10004_0121/PHP02.WIH3.2021,W10004_0121/PHP02
W10004_0122/PHP02.WIH3.2021,W10004_0122/PHP02
W10004_0127/PHP02.WIH3.2021,W10004_0127/PHP02
W10004_0129/PHP02.WIH3.2021,W10004_0129/PHP02
W10004_0132/PHP02.WIH3.2021,W10004_0132/PHP02
W10004_0133/PHP02.WIH3.2021,W10004_0133/PHP02
W10004_0134/PHP02.WIH3.2021,W10004_0134/PHP02
W10004_0138/PHP02.WIH3.2021,W10004_0138/PHP02
W10004_0140/PHP02.WIH3.2021,W10004_0140/PHP02
W10004_0144/PHP02.WIH3.2021,W10004_0144/PHP02
W10004_0146/PHP02.WIH3.2021,W10004_0146/PHP02
W10004_0147/PHP02.WIH3.2021,W10004_0147/PHP02
W10004_0148/PHP02.WIH3.2021,W10004_0148/PHP02
W10004_0149/PHP02.WIH3.2021,W10004_0149/PHP02
W10004_0150/PHP02.WIH3.2021,W10004_0150/PHP02
W10004_0152/PHP02.WIH3.2021,W10004_0152/PHP02
W10004_0153/PHP02.WIH3.2021,W10004_0153/PHP02
W10004_0154/PHP02.WIH3.2021,W10004_0154/PHP02
W10004_0160/PHP02.WIH3.2021,W10004_0160/PHP02
W10004_0161/PHP02.WIH3.2021,W10004_0161/PHP02
W10004_0166/PHP02.WIH3.2021,W10004_0166/PHP02
W10004_0167/PHP02.WIH3.2021,W10004_0167/PHP02
W10004_0168/PHP02.WIH3.2021,W10004_0168/PHP02
W10004_0169/PHP02.WIH3.2021,W10004_0169/PHP02
W10004_0171/PHP02.WIH3.2021,W10004_0171/PHP02
W10004_0178/PHP02.WIH3.2021,W10004_0178/PHP02
W10004_0179/PHP02.WIH3.2021,W10004_0179/PHP02
W10004_0185/PHP02.WIH3.2021,W10004_0185/PHP02
W10004_0189/PHP02.WIH3.2021,W10004_0189/PHP02
W10004_0190/PHP02.WIH3.2021,W10004_0190/PHP02
W10004_0192/PHP02.WIH3.2021,W10004_0192/PHP02
W10004_0194/PHP02.WIH3.2021,W10004_0194/PHP02
W10004_0196/PHP02.WIH3.2021,W10004_0196/PHP02
W10004_0197/PHP02.WIH3.2021,W10004_0197/PHP02
W10004_0199/PHP02.WIH3.2021,W10004_0199/PHP02
W10004_0200/PHP02.WIH3.2021,W10004_0200/PHP02
W10004_0203/PHP02.WIH3.2021,W10004_0203/PHP02
W10004_0204/PHP02.WIH3.2021,W10004_0204/PHP02
W10004_0206/PHP02.WIH3.2021,W10004_0206/PHP02
W10004_0212/PHP02.WIH3.2021,W10004_0212/PHP02
W10004_0213/PHP02.WIH3.2021,W10004_0213/PHP02
W10004_0217/PHP02.WIH3.2021,W10004_0217/PHP02
W10004_0220/PHP02.WIH3.2021,W10004_0220/PHP02
W10004_0221/PHP02.WIH3.2021,W10004_0221/PHP02
W10004_0223/PHP02.WIH3.2021,W10004_0223/PHP02
W10004_0224/PHP02.WIH3.2021,W10004_0224/PHP02
W10004_0225/PHP02.WIH3.2021,W10004_0225/PHP02
W10004_0227/PHP02.WIH3.2021,W10004_0227/PHP02
W10004_0231/PHP02.WIH3.2021,W10004_0231/PHP02
W10004_0236/PHP02.WIH3.2021,W10004_0236/PHP02
W10004_0238/PHP02.WIH3.2021,W10004_0238/PHP02
W10004_0241/PHP02.WIH3.2021,W10004_0241/PHP02
W10004_0242/PHP02.WIH3.2021,W10004_0242/PHP02
W10004_0253/PHP02.WIH3.2021,W10004_0253/PHP02
W10004_0254/PHP02.WIH3.2021,W10004_0254/PHP02
W10004_0256/PHP02.WIH3.2021,W10004_0256/PHP02
W10004_0258/PHP02.WIH3.2021,W10004_0258/PHP02
W10004_0261/PHP02.WIH3.2021,W10004_0261/PHP02
W10004_0262/PHP02.WIH3.2021,W10004_0262/PHP02
W10004_0264/PHP02.WIH3.2021,W10004_0264/PHP02
W10004_0268/PHP02.WIH3.2021,W10004_0268/PHP02
W10004_0270/PHP02.WIH3.2021,W10004_0270/PHP02
W10004_0271/PHP02.WIH3.2021,W10004_0271/PHP02
W10004_0276/PHP02.WIH3.2021,W10004_0276/PHP02
W10004_0290/PHP02.WIH3.2021,W10004_0290/PHP02
W10004_0291/PHP02.WIH3.2021,W10004_0291/PHP02
W10004_0292/PHP02.WIH3.2021,W10004_0292/PHP02
W10004_0299/PHP02.WIH3.2021,W10004_0299/PHP02
W10004_0306/PHP02.WIH3.2021,W10004_0306/PHP02
W10004_0308/PHP02.WIH3.2021,W10004_0308/PHP02
W10004_0309/PHP02.WIH3.2021,W10004_0309/PHP02
W10004_0310/PHP02.WIH3.2021,W10004_0310/PHP02
W10004_0311/PHP02.WIH3.2021,W10004_0311/PHP02
W10004_0327/PHP02.WIH3.2021,W10004_0327/PHP02
W10004_0329/PHP02.WIH3.2021,W10004_0329/PHP02
W10004_0336/PHP02.WIH3.2021,W10004_0336/PHP02
W10004_0344/PHP02.WIH3.2021,W10004_0344/PHP02
W10004_0346/PHP02.WIH3.2021,W10004_0346/PHP02
W10004_0361/PHP02.WIH3.2021,W10004_0361/PHP02
W10004_0362/PHP02.WIH3.2021,W10004_0362/PHP02
W10004_0380/PHP02.WIH3.2021,W10004_0380/PHP02
W10004_0381/PHP02.WIH3.2021,W10004_0381/PHP02
W10004_0383/PHP02.WIH3.2021,W10004_0383/PHP02
W10004_0389/PHP02.WIH3.2021,W10004_0389/PHP02
W10004_0393/PHP02.WIH3.2021,W10004_0393/PHP02
W10004_0394/PHP02.WIH3.2021,W10004_0394/PHP02
W10004_0395/PHP02.WIH3.2021,W10004_0395/PHP02
W10004_0396/PHP02.WIH3.2021,W10004_0396/PHP02
W10004_0403/PHP02.WIH3.2021,W10004_0403/PHP02
W10004_0409/PHP02.WIH3.2021,W10004_0409/PHP02
W10004_0410/PHP02.WIH3.2021,W10004_0410/PHP02
W10004_0412/PHP02.WIH3.2021,W10004_0412/PHP02
W10004_0417/PHP02.WIH3.2021,W10004_0417/PHP02
W10004_0419/PHP02.WIH3.2021,W10004_0419/PHP02
W10004_0424/PHP02.WIH3.2021,W10004_0424/PHP02
W10004_0427/PHP02.WIH3.2021,W10004_0427/PHP02
W10004_0430/PHP02.WIH3.2021,W10004_0430/PHP02
W10004_0465/PHP02.WIH3.2021,W10004_0465/PHP02
W10004_0467/PHP02.WIH3.2021,W10004_0467/PHP02
W10004_0474/PHP02.WIH3.2021,W10004_0474/PHP02
W10004_0476/PHP02.WIH3.2021,W10004_0476/PHP02
W10004_0487/PHP02.WIH3.2021,W10004_0487/PHP02
W10004_0498/PHP02.WIH3.2021,W10004_0498/PHP02
W10004_0501/PHP02.WIH3.2021,W10004_0501/PHP02
W10004_0505/PHP02.WIH3.2021,W10004_0505/PHP02
W10004_0601/PHP02.WIH3.2021,W10004_0601/PHP02
W10004_0602/PHP02.WIH3.2021,W10004_0602/PHP02
W10004_0608/PHP02.WIH3.2021,W10004_0608/PHP02
W10004_0612/PHP02.WIH3.2021,W10004_0612/PHP02
W10004_0614/PHP02.WIH3.2021,W10004_0614/PHP02
W10004_0616/PHP02.WIH3.2021,W10004_0616/PHP02
W10004_0618/PHP02.WIH3.2021,W10004_0618/PHP02
W10004_0619/PHP02.WIH3.2021,W10004_0619/PHP02
W10004_0620/PHP02.WIH3.2021,W10004_0620/PHP02
W10004_0622/PHP02.WIH3.2021,W10004_0622/PHP02
W10004_0624/PHP02.WIH3.2021,W10004_0624/PHP02
W10004_0625/PHP02.WIH3.2021,W10004_0625/PHP02
W10004_0626/PHP02.WIH3.2021,W10004_0626/PHP02
W10004_0628/PHP02.WIH3.2021,W10004_0628/PHP02
W10004_0631/PHP02.WIH3.2021,W10004_0631/PHP02
W10004_0632/PHP02.WIH3.2021,W10004_0632/PHP02
W10004_0636/PHP02.WIH3.2021,W10004_0636/PHP02
W10004_0637/PHP02.WIH3.2021,W10004_0637/PHP02
W10004_0639/PHP02.WIH3.2021,W10004_0639/PHP02
W10004_0644/PHP02.WIH3.2021,W10004_0644/PHP02
W10004_0645/PHP02.WIH3.2021,W10004_0645/PHP02
W10004_0646/PHP02.WIH3.2021,W10004_0646/PHP02
W10004_0649/PHP02.WIH3.2021,W10004_0649/PHP02
W10004_0650/PHP02.WIH3.2021,W10004_0650/PHP02
W10004_0651/PHP02.WIH3.2021,W10004_0651/PHP02
W10004_0654/PHP02.WIH3.2021,W10004_0654/PHP02
W10004_0658/PHP02.WIH3.2021,W10004_0658/PHP02
W10004_0659/PHP02.WIH3.2021,W10004_0659/PHP02
W10004_0661/PHP02.WIH3.2021,W10004_0661/PHP02
W10004_0664/PHP02.WIH3.2021,W10004_0664/PHP02
W10004_0667/PHP02.WIH3.2021,W10004_0667/PHP02
W10004_0669/PHP02.WIH3.2021,W10004_0669/PHP02
W10004_0672/PHP02.WIH3.2021,W10004_0672/PHP02
W10004_0673/PHP02.WIH3.2021,W10004_0673/PHP02
W10004_0674/PHP02.WIH3.2021,W10004_0674/PHP02
W10004_0675/PHP02.WIH3.2021,W10004_0675/PHP02
W10004_0678/PHP02.WIH3.2021,W10004_0678/PHP02
W10004_0680/PHP02.WIH3.2021,W10004_0680/PHP02
W10004_0682/PHP02.WIH3.2021,W10004_0682/PHP02
W10004_0684/PHP02.WIH3.2021,W10004_0684/PHP02
W10004_0685/PHP02.WIH3.2021,W10004_0685/PHP02
W10004_0687/PHP02.WIH3.2021,W10004_0687/PHP02
W10004_0688/PHP02.WIH3.2021,W10004_0688/PHP02
W10004_0689/PHP02.WIH3.2021,W10004_0689/PHP02
W10004_0691/PHP02.WIH3.2021,W10004_0691/PHP02
W10004_0695/PHP02.WIH3.2021,W10004_0695/PHP02
W10004_0696/PHP02.WIH3.2021,W10004_0696/PHP02
W10004_0697/PHP02.WIH3.2021,W10004_0697/PHP02
W10004_0701/PHP02.WIH3.2021,W10004_0701/PHP02
W10004_0702/PHP02.WIH3.2021,W10004_0702/PHP02
W10004_0703/PHP02.WIH3.2021,W10004_0703/PHP02
W10004_0704/PHP02.WIH3.2021,W10004_0704/PHP02
W10004_0705/PHP02.WIH3.2021,W10004_0705/PHP02
W10004_0707/PHP02.WIH3.2021,W10004_0707/PHP02
W10004_0711/PHP02.WIH3.2021,W10004_0711/PHP02
W10004_0712/PHP02.WIH3.2021,W10004_0712/PHP02
W10004_0713/PHP02.WIH3.2021,W10004_0713/PHP02
W10004_0714/PHP02.WIH3.2021,W10004_0714/PHP02
W10004_0715/PHP02.WIH3.2021,W10004_0715/PHP02
W10004_0717/PHP02.WIH3.2021,W10004_0717/PHP02
W10004_0723/PHP02.WIH3.2021,W10004_0723/PHP02
W10004_0727/PHP02.WIH3.2021,W10004_0727/PHP02
W10004_0729/PHP02.WIH3.2021,W10004_0729/PHP02
W10004_0732/PHP02.WIH3.2021,W10004_0732/PHP02
W10004_0733/PHP02.WIH3.2021,W10004_0733/PHP02
W10004_0734/PHP02.WIH3.2021,W10004_0734/PHP02
W10004_0736/PHP02.WIH3.2021,W10004_0736/PHP02
W10004_0741/PHP02.WIH3.2021,W10004_0741/PHP02
W10004_0745/PHP02.WIH3.2021,W10004_0745/PHP02
W10004_0746/PHP02.WIH3.2021,W10004_0746/PHP02
W10004_0747/PHP02.WIH3.2021,W10004_0747/PHP02
W10004_0751/PHP02.WIH3.2021,W10004_0751/PHP02
W10004_0754/PHP02.WIH3.2021,W10004_0754/PHP02
W10004_0756/PHP02.WIH3.2021,W10004_0756/PHP02
W10004_0757/PHP02.WIH3.2021,W10004_0757/PHP02
W10004_0760/PHP02.WIH3.2021,W10004_0760/PHP02
W10004_0768/PHP02.WIH3.2021,W10004_0768/PHP02
W10004_0771/PHP02.WIH3.2021,W10004_0771/PHP02
W10004_0773/PHP02.WIH3.2021,W10004_0773/PHP02
W10004_0774/PHP02.WIH3.2021,W10004_0774/PHP02
W10004_0775/PHP02.WIH3.2021,W10004_0775/PHP02
W10004_0776/PHP02.WIH3.2021,W10004_0776/PHP02
W10004_0779/PHP02.WIH3.2021,W10004_0779/PHP02
W10004_0781/PHP02.WIH3.2021,W10004_0781/PHP02
W10004_0782/PHP02.WIH3.2021,W10004_0782/PHP02
W10004_0783/PHP02.WIH3.2021,W10004_0783/PHP02
W10004_0784/PHP02.WIH3.2021,W10004_0784/PHP02
W10004_0787/PHP02.WIH3.2021,W10004_0787/PHP02
W10004_0789/PHP02.WIH3.2021,W10004_0789/PHP02
W10004_0792/PHP02.WIH3.2021,W10004_0792/PHP02
W10004_0794/PHP02.WIH3.2021,W10004_0794/PHP02
W10004_0795/PHP02.WIH3.2021,W10004_0795/PHP02
W10004_0798/PHP02.WIH3.2021,W10004_0798/PHP02
W10004_0799/PHP02.WIH3.2021,W10004_0799/PHP02
W10004_0800/PHP02.WIH3.2021,W10004_0800/PHP02
W10004_0801/PHP02.WIH3.2021,W10004_0801/PHP02
W10004_0802/PHP02.WIH3.2021,W10004_0802/PHP02
W10004_0803/PHP02.WIH3.2021,W10004_0803/PHP02
W10004_0806/PHP02.WIH3.2021,W10004_0806/PHP02
W10004_0807/PHP02.WIH3.2021,W10004_0807/PHP02
W10004_0812/PHP02.WIH3.2021,W10004_0812/PHP02
W10004_0814/PHP02.WIH3.2021,W10004_0814/PHP02
W10004_0815/PHP02.WIH3.2021,W10004_0815/PHP02
W10004_0818/PHP02.WIH3.2021,W10004_0818/PHP02
W10004_0819/PHP02.WIH3.2021,W10004_0819/PHP02
W10004_0820/PHP02.WIH3.2021,W10004_0820/PHP02
W10004_0822/PHP02.WIH3.2021,W10004_0822/PHP02
W10004_0823/PHP02.WIH3.2021,W10004_0823/PHP02
W10004_0826/PHP02.WIH3.2021,W10004_0826/PHP02
W10004_0827/PHP02.WIH3.2021,W10004_0827/PHP02
W10004_0828/PHP02.WIH3.2021,W10004_0828/PHP02
W10004_0830/PHP02.WIH3.2021,W10004_0830/PHP02
W10004_0832/PHP02.WIH3.2021,W10004_0832/PHP02
W10004_0833/PHP02.WIH3.2021,W10004_0833/PHP02
W10004_0834/PHP02.WIH3.2021,W10004_0834/PHP02
W10004_0836/PHP02.WIH3.2021,W10004_0836/PHP02
W10004_0837/PHP02.WIH3.2021,W10004_0837/PHP02
W10004_0840/PHP02.WIH3.2021,W10004_0840/PHP02
W10004_0842/PHP02.WIH3.2021,W10004_0842/PHP02
W10004_0843/PHP02.WIH3.2021,W10004_0843/PHP02
W10004_0844/PHP02.WIH3.2021,W10004_0844/PHP02
W10004_0847/PHP02.WIH3.2021,W10004_0847/PHP02
W10004_0848/PHP02.WIH3.2021,W10004_0848/PHP02
W10004_0851/PHP02.WIH3.2021,W10004_0851/PHP02
W10004_0852/PHP02.WIH3.2021,W10004_0852/PHP02
W10004_0856/PHP02.WIH3.2021,W10004_0856/PHP02
W10004_0858/PHP02.WIH3.2021,W10004_0858/PHP02
W10004_0859/PHP02.WIH3.2021,W10004_0859/PHP02
W10004_0866/PHP02.WIH3.2021,W10004_0866/PHP02
W10004_0868/PHP02.WIH3.2021,W10004_0868/PHP02
W10004_0869/PHP02.WIH3.2021,W10004_0869/PHP02
W10004_0876/PHP02.WIH3.2021,W10004_0876/PHP02
W10004_0877/PHP02.WIH3.2021,W10004_0877/PHP02
W10004_0879/PHP02.WIH3.2021,W10004_0879/PHP02
W10004_0884/PHP02.WIH3.2021,W10004_0884/PHP02
W10004_0885/PHP02.WIH3.2021,W10004_0885/PHP02
W10004_0886/PHP02.WIH3.2021,W10004_0886/PHP02
W10004_0888/PHP02.WIH3.2021,W10004_0888/PHP02
W10004_0889/PHP02.WIH3.2021,W10004_0889/PHP02
W10004_0891/PHP02.WIH3.2021,W10004_0891/PHP02
W10004_0892/PHP02.WIH3.2021,W10004_0892/PHP02
W10004_0894/PHP02.WIH3.2021,W10004_0894/PHP02
W10004_0896/PHP02.WIH3.2021,W10004_0896/PHP02
W10004_0900/PHP02.WIH3.2021,W10004_0900/PHP02
W10004_0901/PHP02.WIH3.2021,W10004_0901/PHP02
W10004_0907/PHP02.WIH3.2021,W10004_0907/PHP02
W10004_0913/PHP02.WIH3.2021,W10004_0913/PHP02
W10004_0914/PHP02.WIH3.2021,W10004_0914/PHP02
W10004_0916/PHP02.WIH3.2021,W10004_0916/PHP02
W10004_0918/PHP02.WIH3.2021,W10004_0918/PHP02
W10004_0920/PHP02.WIH3.2021,W10004_0920/PHP02
W10004_0922/PHP02.WIH3.2021,W10004_0922/PHP02
W10004_0928/PHP02.WIH3.2021,W10004_0928/PHP02
W10004_0930/PHP02.WIH3.2021,W10004_0930/PHP02
W10004_0932/PHP02.WIH3.2021,W10004_0932/PHP02
W10004_0935/PHP02.WIH3.2021,W10004_0935/PHP02
W10004_0938/PHP02.WIH3.2021,W10004_0938/PHP02
W10004_0940/PHP02.WIH3.2021,W10004_0940/PHP02
W10004_0943/PHP02.WIH3.2021,W10004_0943/PHP02
W10004_0949/PHP02.WIH3.2021,W10004_0949/PHP02
W10004_0950/PHP02.WIH3.2021,W10004_0950/PHP02
W10004_0951/PHP02.WIH3.2021,W10004_0951/PHP02
W10004_0953/PHP02.WIH3.2021,W10004_0953/PHP02
W10004_0955/PHP02.WIH3.2021,W10004_0955/PHP02
W10004_0956/PHP02.WIH3.2021,W10004_0956/PHP02
W10004_0963/PHP02.WIH3.2021,W10004_0963/PHP02
W10004_0964/PHP02.WIH3.2021,W10004_0964/PHP02
W10004_0965/PHP02.WIH3.2021,W10004_0965/PHP02
W10004_0966/PHP02.WIH3.2021,W10004_0966/PHP02
W10004_0969/PHP02.WIH3.2021,W10004_0969/PHP02
W10004_0970/PHP02.WIH3.2021,W10004_0970/PHP02
W10004_0971/PHP02.WIH3.2021,W10004_0971/PHP02
W10004_0974/PHP02.WIH3.2021,W10004_0974/PHP02
W10004_0975/PHP02.WIH3.2021,W10004_0975/PHP02
W10004_0981/PHP02.WIH3.2021,W10004_0981/PHP02
W10004_0982/PHP02.WIH3.2021,W10004_0982/PHP02
W10004_0984/PHP02.WIH3.2021,W10004_0984/PHP02
W10004_0988/PHP02.WIH3.2021,W10004_0988/PHP02
W10004_0991/PHP02.WIH3.2021,W10004_0991/PHP02
W10004_0996/PHP02.WIH3.2021,W10004_0996/PHP02
W10004_0997/PHP02.WIH3.2021,W10004_0997/PHP02
W10004_1000/PHP02.WIH3.2021,W10004_1000/PHP02
W10004_1001/PHP02.WIH3.2021,W10004_1001/PHP02
W10004_1002/PHP02.WIH3.2021,W10004_1002/PHP02
W10004_1004/PHP02.WIH3.2021,W10004_1004/PHP02
W10004_1007/PHP02.WIH3.2021,W10004_1007/PHP02
W10004_1011/PHP02.WIH3.2021,W10004_1011/PHP02
W10004_1014/PHP02.WIH3.2021,W10004_1014/PHP02
W10004_1015/PHP02.WIH3.2021,W10004_1015/PHP02
W10004_1020/PHP02.WIH3.2021,W10004_1020/PHP02
W10004_1032/PHP02.WIH3.2021,W10004_1032/PHP02
W10004_1037/PHP02.WIH3.2021,W10004_1037/PHP02
W10004_1045/PHP02.WIH3.2021,W10004_1045/PHP02
W10004_1052/PHP02.WIH3.2021,W10004_1052/PHP02
W10004_1057/PHP02.WIH3.2021,W10004_1057/PHP02
W10004_1063/PHP02.WIH3.2021,W10004_1063/PHP02
W10004_1064/PHP02.WIH3.2021,W10004_1064/PHP02
W10004_1072/PHP02.WIH3.2021,W10004_1072/PHP02
W10004_1080/PHP02.WIH3.2021,W10004_1080/PHP02
W10004_1081/PHP02.WIH3.2021,W10004_1081/PHP02
W10004_1084/PHP02.WIH3.2021,W10004_1084/PHP02
W10004_1099/PHP02.WIH3.2021,W10004_1099/PHP02
W10004_1104/PHP02.WIH3.2021,W10004_1104/PHP02
W10004_1105/PHP02.WIH3.2021,W10004_1105/PHP02
W10004_1112/PHP02.WIH3.2021,W10004_1112/PHP02
W10004_1117/PHP02.WIH3.2021,W10004_1117/PHP02
W10004_1118/PHP02.WIH3.2021,W10004_1118/PHP02
W10004_1123/PHP02.WIH3.2021,W10004_1123/PHP02
W10004_1140/PHP02.WIH3.2021,W10004_1140/PHP02
W10004_1143/PHP02.WIH3.2021,W10004_1143/PHP02
W10004_1146/PHP02.WIH3.2021,W10004_1146/PHP02
W10004_1156/PHP02.WIH3.2021,W10004_1156/PHP02
