Heldout_Env,Model_Name,ModelW,Metric,n_hybrids,FPCA_Type,1_1,1_2,1_3,1_4,1_5,2_1,2_2,2_3,2_4,2_5,3_1,3_2,3_3,3_4,3_5,4_1,4_2,4_3,4_4,4_5,5_1,5_2,5_3,5_4,5_5,6_1,6_2,6_3,6_4,6_5,7_1,7_2,7_3,7_4,7_5,8_1,8_2,8_3,8_4,8_5,9_1,9_2,9_3,9_4,9_5,10_1,10_2,10_3,10_4,10_5,ri,V(ri),ri_div_V(ri),1_div_V(ri),Sum(ri_div_V(ri)),Sum(1_div_V(ri)),Pred_Mean,SD,SD_Mean
DEH1.2020,M1.G,M1.G,CV0,1142,AGDD,0.653149417,0.672040238,0.67464496,0.657975311,0.647425024,0.66709653,0.673755914,0.642310456,0.652680098,0.669018378,0.662589592,0.665855446,0.664258476,0.663453191,0.649519069,0.658269657,0.66639981,0.642911345,0.660824947,0.677483591,0.649009924,0.66875976,0.662886032,0.666757459,0.65545809,0.665552435,0.653252686,0.675649711,0.651927462,0.660372991,0.659384714,0.664190913,0.668262522,0.663455684,0.649929274,0.674335013,0.650354331,0.66883612,0.65086221,0.663596247,0.663401897,0.674305904,0.640519401,0.661610697,0.665522674,0.663294596,0.662354364,0.677165029,0.65594318,0.645055964,0.661073375,0.000493844,1338.628333,2024.93155,4209.967312,11995.06041,0.350975082,0.009617805,0.031312433
IAH4.2021,M1.G,M1.G,CV0,1128,AGDD,0.415317665,0.393195687,0.402281022,0.416438059,0.460828328,0.410467255,0.409179865,0.418570037,0.408417401,0.437931548,0.395439746,0.447610227,0.417656796,0.419951699,0.406518488,0.406355036,0.433801098,0.437170085,0.400176857,0.411082562,0.436378414,0.407818257,0.423826443,0.40271038,0.413240889,0.402353697,0.414514943,0.435402796,0.409228509,0.42364652,0.3935645,0.428284074,0.430935624,0.42496999,0.400800185,0.419350781,0.367010563,0.446857233,0.414789664,0.429044561,0.417507005,0.405536945,0.422415629,0.427332212,0.411383925,0.413798513,0.433875747,0.409291377,0.411280147,0.416378944,0.416838359,0.000733788,568.0634038,1362.790617,,,,0.016152054,
MIH1.2020,M1.G,M1.G,CV0,414,AGDD,0.210323209,0.215419914,0.222161435,0.17654328,0.274639584,0.180880953,0.208240244,0.254663775,0.223653116,0.236637366,0.19476507,0.257995902,0.221416251,0.18081114,0.252125908,0.237714767,0.157107948,0.209159986,0.222408954,0.260940254,0.222932233,0.233170776,0.178001694,0.255683913,0.197488208,0.209319172,0.189142827,0.28219431,0.187965404,0.221571013,0.217869086,0.23392547,0.239681189,0.221906356,0.176108009,0.260147747,0.142392103,0.203915689,0.259385695,0.227522991,0.243492398,0.252492812,0.175807679,0.2505306,0.178751108,0.214007382,0.240490136,0.224339029,0.18727073,0.229671604,0.219095728,0.002310672,94.8190322,432.7744449,,,,0.031419362,
MNH1.2020,M1.G,M1.G,CV0,395,AGDD,0.460947761,0.45268665,0.449991044,0.5180595,0.461790001,0.497377212,0.472638594,0.527329872,0.456958302,0.376464729,0.468508932,0.481410239,0.470719643,0.452651232,0.449580013,0.474817579,0.440390975,0.454093732,0.445209938,0.518701251,0.479590394,0.470735883,0.470394333,0.476328947,0.435270075,0.481251839,0.536297212,0.398314589,0.442810281,0.484043198,0.457468176,0.46261269,0.513013237,0.431023341,0.475879633,0.481401078,0.444964113,0.443234813,0.486179058,0.473754308,0.423452679,0.415799536,0.554251565,0.491724777,0.457386742,0.484083391,0.427815763,0.478076341,0.468834761,0.467794886,0.466882297,0.001989875,234.6289437,502.5441002,,,,0.032828905,
MNH1.2021,M1.G,M1.G,CV0,415,AGDD,0.433137475,0.373868141,0.407471726,0.304708372,0.469720774,0.319957535,0.379548141,0.466817339,0.413319325,0.433931821,0.319928898,0.46366262,0.435335513,0.424078657,0.333222114,0.421594564,0.337144655,0.410664724,0.382831799,0.435823612,0.415326174,0.4131762,0.436283458,0.370828469,0.363664619,0.423464687,0.362348406,0.425276495,0.415069685,0.373636882,0.415067813,0.41552881,0.401567481,0.460518117,0.305536872,0.398673647,0.280926978,0.37163566,0.488295513,0.437264619,0.421763331,0.37940756,0.424348167,0.385331745,0.397617994,0.394266758,0.393911553,0.428626025,0.408014721,0.370063863,0.398884202,0.002036057,195.9101696,491.1454717,,,,0.045041424,
MOH1.2020,M1.G,M1.G,CV0,1006,AGDD,0.020287925,0.045960941,0.042710241,0.058588892,0.117798302,0.049104491,0.050137764,0.034627374,0.08950362,0.066448605,0.073694747,0.043412554,0.065965536,0.051798995,0.045824738,0.058879356,0.085135579,0.053594345,0.0256155,0.062974705,0.038749323,0.068655108,0.045833101,0.099153584,0.03426473,0.073836724,0.034436913,0.044556827,0.05931389,0.071840164,0.042399018,0.036137379,0.102972726,0.036915541,0.063920608,0.062341756,0.015630269,0.047141339,0.077604759,0.074357343,0.064163798,0.037676132,0.062623835,0.041302616,0.07781766,0.066911743,0.033341221,0.087892605,0.050706328,0.043337217,0.056757969,0.000992807,57.16916982,1007.244806,,,,0.021409553,
NEH1.2021,M1.G,M1.G,CV0,246,AGDD,0.153311552,0.198902382,0.222030004,0.128058479,0.183825123,0.096002763,0.241490062,0.116100748,0.157496974,0.25550868,0.101658816,0.195473944,0.175611802,0.198956361,0.181022785,0.227866437,0.171703765,0.172945007,0.161941297,0.130397961,0.126505833,0.254625533,0.173555163,0.194804753,0.11718796,0.178745323,0.039798119,0.222073858,0.216155204,0.195241996,0.189030227,0.147094298,0.200320825,0.197396605,0.129063321,0.175170006,0.057738388,0.228562151,0.162854366,0.225105492,0.132190043,0.170898961,0.166897471,0.195782648,0.196346202,0.199463324,0.21989872,0.19914533,0.148137799,0.097210301,0.172546103,0.003976344,43.3931571,251.4873202,,,,0.047132276,
TXH1.2020,M1.G,M1.G,CV0,246,AGDD,0.278007949,0.390757352,0.330905303,0.261499318,0.344539097,0.239766007,0.352564714,0.390994661,0.307455478,0.297470119,0.335914382,0.309313866,0.289994366,0.282424122,0.393655921,0.304837525,0.326255153,0.300707387,0.381988975,0.290468504,0.316673608,0.359645178,0.32754044,0.372663494,0.219284093,0.333439505,0.297698286,0.330741044,0.3497072,0.299065895,0.308668051,0.338357059,0.384657524,0.331916604,0.240305558,0.33183156,0.287994699,0.330809348,0.351116981,0.298545621,0.302782724,0.254336594,0.36060757,0.353159962,0.330889159,0.324617017,0.321152749,0.297618198,0.375592152,0.295204003,0.320722842,0.00367679,87.22902481,271.9763407,,,,0.040349319,
TXH1.2021,M1.G,M1.G,CV0,246,AGDD,0.043459686,0.089149844,0.046107783,-0.010985943,0.06583576,-0.03025191,0.109800714,0.0569527,0.045976214,0.035603055,-0.01482393,0.038264449,0.113285101,0.059245803,0.041046821,-0.03880033,0.023785836,0.108760161,0.066757414,0.071882043,0.063767775,0.086412006,0.10167327,0.063833036,-0.073243025,0.05875045,-0.027639463,0.077167801,0.046509991,0.074278095,0.040851822,0.05732632,0.038095536,0.029894372,0.050985028,0.061278308,-0.007297726,0.059494619,0.060145686,0.04936279,0.03657362,0.073467155,0.036221607,0.032827504,0.049203312,0.035457659,0.039892566,0.036492159,0.097278184,0.01369315,0.045676098,0.00408981,11.16826822,244.5101229,,,,0.038537948,
TXH2.2020,M1.G,M1.G,CV0,246,AGDD,0.290777277,0.277644003,0.274983698,0.157502639,0.24189926,0.155864531,0.2559329,0.260382553,0.308255632,0.244618965,0.207286186,0.243079351,0.247231,0.248128891,0.293900434,0.216692345,0.149182498,0.302391456,0.318031934,0.235194511,0.2461259,0.267726769,0.262291044,0.314241214,0.130630745,0.279958214,0.174723219,0.321578941,0.197572471,0.254891902,0.266448652,0.237336209,0.283119839,0.229672115,0.224036424,0.255697169,0.233516992,0.264149233,0.270528612,0.198290178,0.262248106,0.171031479,0.330477906,0.20865189,0.263770741,0.277507452,0.272297536,0.235545342,0.282894468,0.148877599,0.245896369,0.003850553,63.86001102,259.7029448,,,,0.048021767,
TXH2.2021,M1.G,M1.G,CV0,246,AGDD,0.316386918,0.328950615,0.323607685,0.268867736,0.287394124,0.236035828,0.297506507,0.339484798,0.342150009,0.297279899,0.276293732,0.281498031,0.313114248,0.296713837,0.363764608,0.32235083,0.249796839,0.303022074,0.348149901,0.290898996,0.295447047,0.316990876,0.314192391,0.373020081,0.229732185,0.304252941,0.252940982,0.369345304,0.307699298,0.28682519,0.274418509,0.331043135,0.372471596,0.272200638,0.260118376,0.294230558,0.241310584,0.356374279,0.317853393,0.29674815,0.309618647,0.230194567,0.307915999,0.354788834,0.310189952,0.328866836,0.281945887,0.350833675,0.352170234,0.199652161,0.30353319,0.003720769,81.57808282,268.7616557,,,,0.040186709,
TXH3.2020,M1.G,M1.G,CV0,266,AGDD,-0.052656489,-0.106644808,0.004665894,-0.059243421,-0.091366817,-0.042634455,-0.126258748,-0.06493403,-0.086055151,0.035979221,-0.034083858,-0.073772479,-0.083293561,0.005703178,-0.105952362,-0.03845549,-0.06821852,-0.087956928,-0.064403854,-0.044544435,-0.062708447,-0.053660217,-0.077814266,-0.107994718,0.015256391,-0.057357894,-0.055889437,-0.068785203,-0.002292472,-0.112332022,-0.076669606,-0.064163278,-0.088004778,-0.017405806,-0.055026184,-0.059314685,-0.071370305,-0.07477362,-0.071329902,-0.034811204,0.067416708,-0.071031686,-0.106227376,-0.084556273,-0.084629083,-0.09029444,-0.072032233,-0.030242715,-0.053195244,-0.043664025,-0.058980623,0.003774702,-15.62524012,264.9215864,,,,0.038292757,
TXH3.2021,M1.G,M1.G,CV0,245,AGDD,0.235725526,0.256904513,0.262685038,0.276989536,0.271503212,0.257306153,0.227471466,0.252955045,0.270560687,0.292485012,0.258542429,0.251466473,0.263522413,0.239964239,0.269400906,0.27167479,0.227864179,0.274956619,0.248925341,0.272975642,0.234583395,0.313196421,0.256914163,0.271706652,0.206790892,0.257993849,0.225540595,0.271046677,0.267740123,0.27689078,0.234544853,0.287329417,0.283136259,0.244199547,0.233842851,0.262811205,0.196258404,0.287523999,0.273345624,0.251607905,0.250958762,0.224269161,0.249997586,0.266128899,0.292806599,0.269890241,0.237470321,0.256378435,0.304202033,0.222555951,0.257910816,0.00384149,67.13822834,260.3156753,,,,0.023883872,
WIH1.2020,M1.G,M1.G,CV0,394,AGDD,0.454583375,0.412796334,0.436938844,0.414702612,0.416094643,0.427987661,0.417076222,0.44224742,0.469029909,0.376619597,0.44538813,0.41005378,0.434653266,0.466813356,0.381169926,0.427136327,0.363298265,0.411898817,0.466942038,0.440892094,0.440085624,0.406089536,0.408124392,0.452604335,0.423790421,0.408406365,0.394996917,0.399052493,0.466536756,0.469679851,0.41574365,0.43244064,0.445534634,0.440527472,0.398436922,0.449135813,0.399743023,0.410328659,0.42761831,0.444272588,0.429956057,0.328814365,0.484367106,0.449508088,0.424104823,0.457891441,0.404522355,0.419297536,0.465018097,0.391546914,0.426089956,0.002087876,204.0782011,478.9556717,,,,0.030142985,
WIH1.2021,M1.G,M1.G,CV0,398,AGDD,0.348964759,0.32487581,0.290338126,0.313823761,0.319303962,0.269621688,0.335752435,0.312808445,0.292671309,0.397496098,0.295606116,0.3721424,0.300533899,0.269900762,0.355953878,0.345744085,0.356734187,0.326602506,0.286612536,0.306401175,0.364499396,0.342530586,0.328884224,0.30728149,0.239577505,0.340919151,0.298648803,0.363026261,0.332721378,0.271973289,0.305011486,0.350366696,0.299815556,0.328386419,0.314475212,0.279955555,0.306124081,0.348911423,0.349583028,0.306292494,0.288557637,0.358214092,0.296219269,0.307841498,0.357228184,0.333310342,0.38917869,0.30640373,0.316316543,0.25250864,0.320133012,0.002266452,141.248551,441.2183241,,,,0.033880216,
WIH2.2020,M1.G,M1.G,CV0,1127,AGDD,0.127025758,0.147382215,0.157692252,0.141660643,0.159888538,0.151632402,0.126818462,0.167433538,0.142845063,0.144926828,0.142766074,0.134996442,0.16715795,0.145379736,0.143585126,0.125845638,0.131183484,0.151261595,0.154244343,0.170296141,0.154375092,0.153797224,0.113437955,0.157186894,0.153952413,0.110109088,0.162454137,0.185699212,0.121530179,0.154207636,0.161557578,0.162956902,0.134912317,0.164880065,0.110368181,0.131388629,0.139665832,0.141362444,0.142418877,0.178658196,0.146317436,0.141909561,0.117904413,0.17877721,0.147820316,0.121071707,0.132863767,0.177381071,0.156493166,0.143054843,0.146650691,0.000869772,168.6081872,1149.726507,,,,0.018099274,
WIH2.2021,M1.G,M1.G,CV0,1137,AGDD,0.385370622,0.347833677,0.39087429,0.370414561,0.369956478,0.374414335,0.386215944,0.372687889,0.362802538,0.37471705,0.354293385,0.388190634,0.38329833,0.382432328,0.359060736,0.361811982,0.350065697,0.366610491,0.384066609,0.403136775,0.393493053,0.368685703,0.350941274,0.368682037,0.380563932,0.349665725,0.371213935,0.380474082,0.382001261,0.380805569,0.345000523,0.425458017,0.370005244,0.336076558,0.389347565,0.367240437,0.33911006,0.369809053,0.382961619,0.406488447,0.386232283,0.36207735,0.363206827,0.375906626,0.376675187,0.371587304,0.378561827,0.394310778,0.354191984,0.362065578,0.373021884,0.000758462,491.8133696,1318.45715,,,,0.01738243,
WIH3.2020,M1.G,M1.G,CV0,415,AGDD,0.328392305,0.244381772,0.28811761,0.268279768,0.319015986,0.316414337,0.298281304,0.312208321,0.314515536,0.196874315,0.267002115,0.319268857,0.299869733,0.287820624,0.257077633,0.29160067,0.221699711,0.310875114,0.30805167,0.311786778,0.321344373,0.28957298,0.319670184,0.270451394,0.240021306,0.331931604,0.258651783,0.279150066,0.297894015,0.283555722,0.314836365,0.274617175,0.346624806,0.238018102,0.279875362,0.310655975,0.267883877,0.25439543,0.333749199,0.281786021,0.291937181,0.242707736,0.337125133,0.296648483,0.283053847,0.297702573,0.261030378,0.289694177,0.307442866,0.298589453,0.289243035,0.002218737,130.3638094,450.7068238,,,,0.031434111,
WIH3.2021,M1.G,M1.G,CV0,397,AGDD,0.497354984,0.426696942,0.456269186,0.497908497,0.526933722,0.489594267,0.437163572,0.515990456,0.53190802,0.426410737,0.439449782,0.500382985,0.491488205,0.487963988,0.479976981,0.511326119,0.44009587,0.467019656,0.468916254,0.510053318,0.492492039,0.449675441,0.523088726,0.47714134,0.449418278,0.539410826,0.435363414,0.47430551,0.468136878,0.472636067,0.476086176,0.47256722,0.519074729,0.424558031,0.498854821,0.512440084,0.44689934,0.439837577,0.521639166,0.484685209,0.449625083,0.482605932,0.512006174,0.495093891,0.46182465,0.502670863,0.481710509,0.50595513,0.430743111,0.468059377,0.479430183,0.001949738,245.8946096,512.8892976,,,,0.031123461,
DEH1.2020,M1.G,M1.G,CV0,1142,DAP,0.664730428,0.651889846,0.634515862,0.631223853,0.626023026,0.644976876,0.625250395,0.659410342,0.648345226,0.631160148,0.629386599,0.637619126,0.671030461,0.653532276,0.617643876,0.647989655,0.648051185,0.65328765,0.628644988,0.628500662,0.627226122,0.655042895,0.661457976,0.631205122,0.633657538,0.647133399,0.635451445,0.652490626,0.625976721,0.648087284,0.642726226,0.657814422,0.60891234,0.629301581,0.669246673,0.624124035,0.636447204,0.665887297,0.647507772,0.635983202,0.660804204,0.642337096,0.633813494,0.619925041,0.649930798,0.635442296,0.647434362,0.640062827,0.64922979,0.633040958,0.641618265,0.000516075,1243.26448,1937.701198,4167.651661,11960.52886,0.34845045,0.01423935,0.030670208
IAH4.2021,M1.G,M1.G,CV0,1128,DAP,0.403836208,0.406495746,0.426697141,0.412323755,0.422392316,0.414557714,0.398611775,0.423905607,0.394382555,0.437345767,0.416209479,0.435403528,0.380466725,0.423785981,0.41595552,0.40422898,0.419666731,0.445568552,0.402444561,0.398925859,0.427137415,0.399895411,0.400947368,0.425928254,0.414308439,0.409303753,0.382645105,0.420188811,0.427304099,0.43114512,0.416348141,0.412949758,0.42614828,0.42110871,0.395953198,0.419509915,0.379277036,0.425698991,0.422488747,0.419589434,0.449970993,0.415299882,0.433225494,0.393314582,0.38152785,0.436879726,0.440368584,0.384946839,0.391160109,0.418039978,0.41411629,0.000735797,562.8130481,1359.070052,,,,0.017370058,
MIH1.2020,M1.G,M1.G,CV0,414,DAP,0.183096352,0.261564395,0.197327346,0.250051289,0.206255044,0.174591262,0.232892434,0.278086136,0.211141058,0.181155765,0.221559761,0.269541838,0.210541345,0.192399407,0.198058005,0.182829561,0.273346903,0.23704721,0.203628485,0.211120579,0.272841061,0.239660619,0.1620389,0.24229643,0.174044989,0.206295331,0.248416048,0.238122554,0.176997405,0.227051627,0.225356623,0.268593077,0.197101035,0.254156779,0.140505504,0.231402206,0.20074189,0.180571982,0.224443363,0.253678143,0.214081494,0.221116462,0.214172233,0.195234971,0.239965489,0.262551087,0.241271957,0.193920741,0.145432684,0.232074288,0.218007423,0.002311827,94.30092038,432.5583006,,,,0.03382193,
MNH1.2020,M1.G,M1.G,CV0,395,DAP,0.502309257,0.51547367,0.479266434,0.513203771,0.524104102,0.478099959,0.530527968,0.512120024,0.492664202,0.513759836,0.51688312,0.518370422,0.519060365,0.44066035,0.535627175,0.550696898,0.44316192,0.483298224,0.541705043,0.516656728,0.516504803,0.506782788,0.505682348,0.497277228,0.497270707,0.525756322,0.508184822,0.450441525,0.542346452,0.503916866,0.534336622,0.505267149,0.510304514,0.507849977,0.47388577,0.530826465,0.522907289,0.461263663,0.460330056,0.565446977,0.38956205,0.502017825,0.514254348,0.543526732,0.551180459,0.50972623,0.521339066,0.529618736,0.454546366,0.511519656,0.505630466,0.001893989,266.9658377,527.9860608,,,,0.032674214,
MNH1.2021,M1.G,M1.G,CV0,415,DAP,0.433817378,0.482064248,0.410940313,0.489487973,0.415858367,0.472543145,0.445175629,0.427451053,0.403283113,0.482249832,0.491067572,0.47906922,0.445318384,0.376452855,0.433525224,0.461728603,0.486428535,0.393573032,0.441200973,0.457465463,0.48163031,0.457097802,0.409387739,0.435647218,0.452555771,0.437046328,0.509416671,0.443279587,0.381965974,0.460124674,0.49325636,0.450395468,0.453406288,0.428346053,0.403630578,0.48335524,0.372563415,0.429705299,0.411938149,0.525357625,0.435313123,0.484738517,0.475911919,0.378707668,0.451105126,0.42698729,0.493488658,0.44108884,0.351612454,0.505029109,0.445855803,0.001939982,229.8247009,515.4686766,,,,0.03909274,
MOH1.2020,M1.G,M1.G,CV0,1006,DAP,0.057198155,0.041441507,0.017782679,0.086275313,0.045337945,0.016273483,0.077650173,0.072630312,0.032368736,0.047820074,0.041676361,0.067727294,0.064046118,0.050109122,0.028160302,0.04364678,0.04739902,0.043930319,0.084920357,0.024883781,0.074001531,0.032501821,0.065295373,0.061797595,0.012285741,0.044269351,0.062932369,0.025999001,0.042035214,0.070527541,0.023306044,0.05904084,0.048716609,0.062442763,0.049649427,0.043437029,0.031422766,0.092253672,0.027336139,0.052859592,0.036863814,0.073071559,0.073089609,0.01670033,0.040251755,0.078788284,0.041664717,0.063474565,0.020901955,0.039049737,0.049144891,0.00099361,49.4609301,1006.430752,,,,0.020333531,
NEH1.2021,M1.G,M1.G,CV0,246,DAP,0.148027959,0.18478916,0.120675919,0.162516464,0.144357777,0.177362096,0.125998123,0.165720241,0.158433911,0.148168883,0.168972123,0.205024612,0.144119696,0.152292846,0.096375774,0.139176573,0.21282943,0.145895467,0.142552136,0.137729827,0.187318077,0.155876731,0.198036712,0.164793293,0.040597143,0.151922103,0.180778367,0.186960607,0.134366204,0.125026365,0.155424268,0.152262778,0.089462738,0.185020083,0.186875896,0.114073038,0.136072155,0.178593721,0.15351215,0.185714412,0.178637928,0.184807771,0.113176281,0.120182255,0.174975418,0.151221662,0.177925649,0.182287874,0.088162749,0.152637494,0.153354419,0.004001977,38.31966385,249.8764898,,,,0.033035418,
TXH1.2020,M1.G,M1.G,CV0,246,DAP,0.295635347,0.325720016,0.27634075,0.216984177,0.232273466,0.266247318,0.229513428,0.316448174,0.268936272,0.25421253,0.249058672,0.296334885,0.280612059,0.315066953,0.197566648,0.295517595,0.259945397,0.335551793,0.173463717,0.265218325,0.289531767,0.298134946,0.299852326,0.310444317,0.133346627,0.250156176,0.189588853,0.330316174,0.26095895,0.299221477,0.248184465,0.278363865,0.239777327,0.320566019,0.248122507,0.280734476,0.22500451,0.310774694,0.2812,0.236665681,0.309622078,0.23440566,0.24918433,0.250025782,0.278205006,0.300831518,0.283592319,0.283268693,0.24238409,0.217983471,0.266621913,0.003807019,70.03429144,262.6726767,,,,0.041966412,
TXH1.2021,M1.G,M1.G,CV0,246,DAP,0.052511937,0.066810231,0.069021686,0.020088071,0.031698858,0.029034563,0.062742991,0.055887467,0.025436985,0.068854876,0.095243665,0.01671896,0.117189371,0.038482373,-0.014223354,0.056204957,0.001990457,0.077043908,0.014976277,0.080386619,0.087565588,0.111485627,0.039383202,0.019207286,-0.0107927,0.016810257,0.054584978,0.064807767,0.03066702,0.090239586,0.05620718,0.049956689,0.035798825,0.056079388,0.040727247,0.058177433,0.002324443,0.044800469,0.113825704,0.009557042,0.05630836,0.048949794,0.066285742,-0.00288438,0.069012852,0.086015169,0.052652775,0.047851866,0.05539036,-0.002802201,0.048285885,0.004088805,11.80928969,244.570222,,,,0.031877569,
TXH2.2020,M1.G,M1.G,CV0,246,DAP,0.278650304,0.232416209,0.224270699,0.228693503,0.137393984,0.202616288,0.229533275,0.295421811,0.152516187,0.207379251,0.229535456,0.19308336,0.209833088,0.281472543,0.177050659,0.25450061,0.243194756,0.247411869,0.107871424,0.237832906,0.208246899,0.266374175,0.247455907,0.260033805,0.102583355,0.289738906,0.200768004,0.264681084,0.163822112,0.182925015,0.206464019,0.260636737,0.135631279,0.224456669,0.274002016,0.21294635,0.145935505,0.268084383,0.294502295,0.171437035,0.198358877,0.206257505,0.30081619,0.148017442,0.238051658,0.251849517,0.257984409,0.222945223,0.164499136,0.190261914,0.218608912,0.003902501,56.01764999,256.2459575,,,,0.049504942,
TXH2.2021,M1.G,M1.G,CV0,246,DAP,0.303560699,0.272740243,0.248064008,0.272927913,0.194562669,0.281768962,0.224657026,0.326428654,0.236297845,0.221374851,0.265127953,0.25732852,0.239960468,0.309530016,0.208692708,0.241609058,0.302707391,0.302890092,0.167885082,0.258169335,0.246466734,0.214470195,0.308578251,0.300871667,0.208277106,0.272010664,0.243991862,0.251443294,0.242078906,0.28249968,0.284881393,0.278456164,0.204345128,0.246967419,0.26431862,0.266865941,0.185041182,0.28102986,0.331716566,0.214663266,0.293134388,0.312497429,0.229239199,0.207323822,0.246119884,0.28601908,0.251966462,0.291815244,0.185137679,0.256482511,0.256499862,0.003828721,66.9936227,261.183855,,,,0.039173281,
TXH3.2020,M1.G,M1.G,CV0,266,DAP,-0.058516638,-0.114631812,-0.073566461,0.045529638,-0.02329638,-0.032335396,-0.05390487,-0.041561615,-0.104820654,-0.025103215,-0.019713433,-0.063315799,-0.034341955,-0.048202948,-0.079271213,-0.031844122,-0.000260031,-0.11246674,-0.054721248,-0.041503911,-0.053936425,-0.075167524,-0.068169961,-0.025365901,-0.010882192,-0.03811837,-0.000903307,-0.050305704,-0.061764066,-0.076281051,-0.099526503,-0.067906103,-0.060505269,-0.075313912,0.088350758,-0.065427055,-0.075547542,-0.054698301,-0.064346238,0.018410779,-0.039578813,-0.020761038,-0.008134748,-0.091092862,-0.08639667,-0.041919229,-0.104074247,-0.075039843,-0.022425052,-0.004732557,-0.047588155,0.003779301,-12.59178868,264.59922,,,,0.038990722,
TXH3.2021,M1.G,M1.G,CV0,245,DAP,0.256722351,0.208459832,0.210881991,0.20572689,0.186293148,0.230044285,0.21312086,0.184765782,0.245181927,0.204232946,0.241036942,0.237214578,0.231275172,0.22192172,0.157470767,0.210824575,0.256852133,0.241320285,0.187367276,0.191108403,0.238694896,0.229735345,0.233430034,0.190983532,0.174535321,0.240745068,0.214990398,0.231717435,0.182408103,0.199309349,0.163595984,0.220615391,0.218272522,0.218275963,0.257376903,0.190525077,0.174083017,0.2517782,0.223513058,0.232042202,0.20921526,0.187703554,0.233535321,0.186922347,0.243868648,0.229091149,0.22928916,0.224594664,0.185467896,0.193198575,0.214626725,0.00392566,54.67277533,254.7342387,,,,0.025600379,
WIH1.2020,M1.G,M1.G,CV0,394,DAP,0.435161238,0.405904859,0.372353422,0.417560934,0.404653825,0.404273553,0.416432188,0.420111013,0.416231938,0.364414513,0.404743714,0.423661568,0.3728482,0.419027584,0.423173601,0.384651102,0.375598811,0.443783028,0.391855943,0.435831373,0.404894806,0.391022394,0.453640496,0.408153911,0.379822554,0.430774626,0.409824998,0.402068401,0.379074225,0.407324408,0.401201843,0.418171028,0.432141255,0.392555934,0.388867942,0.428857996,0.393597005,0.454825637,0.375138467,0.38500091,0.361203659,0.403975239,0.461269034,0.376243773,0.4213075,0.419947122,0.42004676,0.394483161,0.417253567,0.392132548,0.406741872,0.002128982,191.0499106,469.7079983,,,,0.023637098,
WIH1.2021,M1.G,M1.G,CV0,398,DAP,0.314469701,0.360344515,0.383223992,0.408079938,0.369875059,0.332785824,0.339824538,0.384853512,0.310095048,0.455155921,0.343666078,0.39628147,0.387561162,0.361612722,0.334305645,0.466105343,0.378718072,0.291753967,0.34322667,0.349726838,0.371658355,0.362469692,0.350251561,0.406453095,0.335349075,0.376403206,0.387230079,0.299291979,0.379110544,0.380087657,0.376559598,0.400929304,0.353401424,0.361090268,0.32707525,0.351652905,0.382682353,0.339281305,0.380429862,0.380628534,0.362855811,0.392540427,0.361399246,0.364794044,0.351171895,0.369660147,0.40154477,0.427281926,0.247437473,0.359487286,0.365037502,0.002188757,166.7784796,456.8803995,,,,0.037880199,
WIH2.2020,M1.G,M1.G,CV0,1127,DAP,0.141135099,0.113888958,0.110968708,0.184413973,0.177971037,0.142475992,0.168638492,0.148728351,0.110994154,0.155669693,0.14676853,0.137290918,0.162109039,0.161032865,0.1149454,0.157570799,0.139173213,0.168877305,0.132765423,0.129624209,0.11027019,0.145811207,0.160101115,0.167243128,0.140509958,0.167546256,0.137537843,0.144099091,0.11722616,0.154143263,0.156105838,0.155666411,0.106543215,0.161239219,0.140062364,0.163723705,0.137117638,0.132327887,0.166179563,0.123416213,0.140230302,0.144154396,0.142762246,0.160372776,0.132422736,0.195059555,0.172805967,0.090038791,0.126447822,0.132554181,0.144575224,0.000870309,166.1193528,1149.016743,,,,0.021838446,
WIH2.2021,M1.G,M1.G,CV0,1137,DAP,0.386854285,0.356723093,0.371824864,0.353608855,0.398770047,0.369251562,0.364909003,0.393532612,0.368416015,0.372204649,0.381972594,0.353481935,0.410575358,0.362405167,0.358616968,0.406855003,0.371520296,0.40473761,0.336699168,0.349874787,0.416528263,0.350536858,0.379674903,0.351954278,0.364981903,0.364232324,0.406104547,0.354107279,0.366873131,0.374989429,0.373306688,0.419029957,0.3400056,0.356289095,0.377912468,0.371957132,0.371512865,0.389344847,0.376059664,0.359491632,0.365590672,0.42206137,0.36394851,0.354256455,0.365668717,0.374111635,0.369916453,0.399025362,0.356327709,0.366192852,0.373496529,0.00075815,492.6419432,1319.000056,,,,0.020536757,
WIH3.2020,M1.G,M1.G,CV0,415,DAP,0.333150863,0.330448851,0.310938579,0.304921459,0.364042209,0.286727931,0.364934921,0.372146435,0.284766093,0.328217435,0.322239664,0.358795952,0.347542577,0.261905376,0.352997788,0.340475022,0.278511037,0.301145098,0.359393786,0.359275731,0.346107317,0.380513471,0.293758659,0.328286105,0.285485285,0.334090906,0.321218606,0.285053126,0.346058307,0.353670104,0.359839496,0.308937109,0.354552944,0.355791614,0.24271912,0.349414015,0.351204582,0.303972078,0.308502078,0.330329153,0.267971833,0.304970642,0.360693441,0.345208954,0.337010729,0.306369398,0.382182821,0.362078754,0.255095603,0.326070126,0.326994664,0.002162408,151.2178409,462.447427,,,,0.034156388,
WIH3.2021,M1.G,M1.G,CV0,397,DAP,0.501330882,0.497274333,0.520933097,0.483318404,0.526297479,0.477462479,0.512556441,0.492701466,0.509243832,0.53107705,0.498053307,0.512726887,0.544100602,0.447632377,0.526920228,0.556612866,0.473335039,0.46914051,0.518926722,0.518195716,0.531623181,0.508293468,0.470507153,0.519074185,0.490646756,0.519775525,0.523056142,0.468280831,0.53488808,0.491886379,0.549128032,0.505625342,0.506154596,0.509388073,0.440072492,0.562548203,0.466870247,0.484017807,0.502911775,0.517850179,0.480078509,0.493245705,0.534727641,0.493001928,0.51609051,0.500862138,0.514529707,0.530702931,0.456680667,0.520723842,0.505221635,0.001885446,267.9587124,530.3785387,,,,0.027004528,
DEH1.2020,M1.P,M1.P,CV0,1142,AGDD,0.300624018,0.257563667,0.287520301,0.293099728,0.304268109,0.289638203,0.263015374,0.301202821,0.278871066,0.324168976,0.278832796,0.264693391,0.297614115,0.308710485,0.303675333,0.27584915,0.300976422,0.289495709,0.287657651,0.287414657,0.271309182,0.275212083,0.285924972,0.300650877,0.323832055,0.302261422,0.262651287,0.316796607,0.297753042,0.274532389,0.277545519,0.272724616,0.299248065,0.321973917,0.279314581,0.270695571,0.261960145,0.313287214,0.284521524,0.309791677,0.313412042,0.316778572,0.255090316,0.324572488,0.239661627,0.290707534,0.283115965,0.317673605,0.257598137,0.300426892,0.289918318,0.000803463,360.8361064,1244.612997,3125.278878,11113.25135,0.28122093,0.020684632,0.031262967
IAH4.2021,M1.P,M1.P,CV0,1128,AGDD,0.226139791,0.150231529,0.216445929,0.17395608,0.229379115,0.196560465,0.197975568,0.210177764,0.173714315,0.222912876,0.185966446,0.200870593,0.191430334,0.200681831,0.222073051,0.208985499,0.226083427,0.167670303,0.198529276,0.197573928,0.165557291,0.178263551,0.18952652,0.245153994,0.225024316,0.189742971,0.21740305,0.188959886,0.206869495,0.195762898,0.177060332,0.176448896,0.20126317,0.262149839,0.180462548,0.224975742,0.162029145,0.185965627,0.210046898,0.206945626,0.211241141,0.219434674,0.220202911,0.192320317,0.151981333,0.187431803,0.18688387,0.201306051,0.186474658,0.23297606,0.199544455,0.000852737,234.0046506,1172.69433,,,,0.023262717,
MIH1.2020,M1.P,M1.P,CV0,414,AGDD,0.322888579,0.365383175,0.352612981,0.299429445,0.30814106,0.30457504,0.352012693,0.308768776,0.337007185,0.367831513,0.317984741,0.298868412,0.292755399,0.372719832,0.3890525,0.375201119,0.420365597,0.31884171,0.267495379,0.279590904,0.298374043,0.338422997,0.370774911,0.299778307,0.356221859,0.371972801,0.34675393,0.310892241,0.279661946,0.343786256,0.327942951,0.355203499,0.314496207,0.315015135,0.354276101,0.304094058,0.382543147,0.329398486,0.31803798,0.320208384,0.349769706,0.317700831,0.351167753,0.300273904,0.321657996,0.327563959,0.386839109,0.326431671,0.334690632,0.296588356,0.332041304,0.002159584,153.7524435,463.0521618,,,,0.032525208,
MNH1.2020,M1.P,M1.P,CV0,395,AGDD,0.374526548,0.313701931,0.40382842,0.349211541,0.266060594,0.385694741,0.311042471,0.379353197,0.340602105,0.28385292,0.360710592,0.317235953,0.37734301,0.378880928,0.276016109,0.39869705,0.254868996,0.349882364,0.294990582,0.391905172,0.348661273,0.350964313,0.388140741,0.27179961,0.341654036,0.35978335,0.364769338,0.263380044,0.369403531,0.350160002,0.31760475,0.32560605,0.406779827,0.354115793,0.303833385,0.375734919,0.330482297,0.319128717,0.29212588,0.387386089,0.345844485,0.303762824,0.424484701,0.344266673,0.30168469,0.356038698,0.302836768,0.447987119,0.337358366,0.273094693,0.341345564,0.002248049,151.840811,444.8301872,,,,0.044786355,
MNH1.2021,M1.P,M1.P,CV0,415,AGDD,0.338169482,0.339650999,0.250121561,0.259898005,0.29032468,0.267436504,0.324852057,0.278364211,0.303042387,0.299706996,0.289220925,0.297001064,0.286384137,0.239386237,0.363803793,0.267990163,0.290538105,0.27802091,0.322142825,0.302833266,0.2928382,0.333606405,0.309852767,0.285792445,0.23823861,0.296586058,0.278516812,0.321652893,0.250925231,0.321372348,0.355503902,0.322060996,0.265861941,0.270849397,0.267498221,0.271324657,0.269878122,0.387737785,0.270855912,0.264365256,0.323462712,0.309051726,0.273962082,0.267162528,0.297230756,0.256144352,0.325168709,0.290254951,0.321357276,0.283642961,0.294232886,0.002211688,133.0354598,452.1434073,,,,0.032236685,
MOH1.2020,M1.P,M1.P,CV0,1006,AGDD,0.422558869,0.424809172,0.447694604,0.451800977,0.441577794,0.441198992,0.425744324,0.441843043,0.460060945,0.423528891,0.433334159,0.448915938,0.419841791,0.456889755,0.433077213,0.448844706,0.438367979,0.42721212,0.435229558,0.441726587,0.450118269,0.450739068,0.413781547,0.426017133,0.4561996,0.456752674,0.445513439,0.45460963,0.406397692,0.429112661,0.442676685,0.470347956,0.438235232,0.450213826,0.391851088,0.478011623,0.383999452,0.439159042,0.463111279,0.423496115,0.462245395,0.416539374,0.421551463,0.457187914,0.438554372,0.419918652,0.461532419,0.439711328,0.457980058,0.414332546,0.438483099,0.000804515,545.028202,1242.985655,,,,0.019190657,
NEH1.2021,M1.P,M1.P,CV0,246,AGDD,0.341602409,0.397710412,0.348108289,0.372762829,0.372844843,0.340496214,0.353062528,0.371323647,0.370203145,0.396311777,0.354486947,0.351922656,0.330667733,0.437293491,0.357074112,0.398859389,0.423137644,0.349345091,0.290501229,0.376207484,0.362753693,0.366074052,0.353289216,0.398419515,0.359850513,0.37018838,0.389752655,0.367631087,0.366111297,0.348320389,0.409079587,0.364927629,0.371761056,0.366017638,0.319274886,0.405138378,0.316300822,0.357368387,0.343302979,0.408708191,0.356017732,0.301241981,0.384432212,0.413588489,0.367994879,0.371009366,0.382270702,0.367301037,0.323391912,0.393536159,0.366779534,0.00354702,103.4049932,281.9268352,,,,0.029742784,
TXH1.2020,M1.P,M1.P,CV0,246,AGDD,0.508108998,0.574842729,0.550927265,0.51112128,0.551203638,0.518697577,0.540961486,0.565355594,0.532126768,0.533767635,0.480410295,0.57639557,0.50733261,0.546734429,0.580585324,0.55756653,0.493562813,0.523770869,0.553942929,0.56642209,0.553545728,0.56143608,0.54937863,0.526749988,0.505733431,0.559632147,0.49670906,0.499074011,0.587041658,0.545149751,0.53983779,0.590891073,0.581651996,0.507984771,0.46184724,0.541264898,0.535552152,0.482797987,0.588759672,0.541467877,0.5664955,0.480757761,0.528647975,0.568952743,0.547880953,0.576838948,0.50256391,0.578597616,0.523304009,0.507696953,0.538241575,0.002911049,184.8960756,343.5187549,,,,0.032515875,
TXH1.2021,M1.P,M1.P,CV0,246,AGDD,0.134621302,0.075053285,0.075042468,0.056155253,0.133141844,0.011435745,0.094791703,0.117023948,0.118044965,0.121545051,0.013896067,0.143897747,0.13493695,0.077730339,0.099055444,0.039977221,0.070111958,0.140938322,0.156557633,0.062173718,0.107798385,0.122128778,0.129964589,0.130163823,-0.02080083,0.062917831,0.061562995,0.146085833,0.058557657,0.151421467,0.099822328,0.144692993,0.059282598,0.128942507,0.046017424,0.111294414,0.048279713,0.092166852,0.083532702,0.128690208,0.05730461,0.113593459,0.119070831,0.10929785,0.074041566,0.069106037,0.105990256,0.103907567,0.140825265,0.053805615,0.094311926,0.004061907,23.21863356,246.189794,,,,0.040469069,
TXH2.2020,M1.P,M1.P,CV0,246,AGDD,0.471751954,0.404178665,0.434542561,0.337081305,0.366701344,0.377247876,0.387300937,0.420393609,0.410110773,0.422201048,0.346205172,0.431962068,0.423932779,0.368101861,0.455423093,0.353205876,0.395543229,0.445250542,0.379355682,0.442331246,0.400549281,0.401972045,0.439738295,0.450367707,0.319445899,0.427549118,0.392009206,0.410723415,0.390741365,0.394692817,0.414395444,0.410065412,0.409537077,0.385759985,0.399525068,0.383149773,0.391175424,0.412645372,0.412196275,0.42809503,0.369807287,0.390826255,0.473352489,0.388028116,0.40244749,0.427175734,0.449787058,0.41749036,0.406525953,0.28997408,0.403251409,0.003431919,117.5002608,291.3821457,,,,0.036016138,
TXH2.2021,M1.P,M1.P,CV0,246,AGDD,0.285803638,0.26603637,0.221236792,0.197273822,0.272473618,0.238964017,0.253034274,0.272709119,0.305705367,0.16725957,0.196402667,0.196346607,0.276479689,0.316365558,0.270413472,0.238483731,0.175789604,0.312748053,0.23887529,0.283837403,0.26942917,0.301503893,0.242316916,0.265486894,0.176158227,0.260890511,0.187387099,0.308428383,0.200642251,0.284100233,0.269552022,0.243448861,0.267773529,0.2149711,0.260233022,0.295885161,0.212610101,0.253778814,0.264614583,0.220387721,0.19679051,0.189804083,0.259346499,0.332462631,0.276102941,0.258790012,0.231198689,0.312841097,0.263185437,0.18811796,0.24988954,0.003842439,65.03408724,260.2513382,,,,0.042206317,
TXH3.2020,M1.P,M1.P,CV0,266,AGDD,-0.011208529,-0.032237592,-0.059826576,0.022593363,-0.024018738,0.036701746,-0.051768472,-0.043522015,0.040714427,-0.07246163,0.00563882,-0.069384217,-0.014375424,-0.026044942,0.006047418,-0.106948474,0.014442354,0.065158399,-0.059660192,-0.013961497,-0.026345108,-0.020015717,0.024236614,-0.000562857,-0.077527547,-0.065218308,0.012818914,-0.004304249,-0.047694718,0.003469076,0.026250522,-0.052876116,-0.083396246,-0.011775555,0.020331933,-0.053010736,-0.007099372,0.026210534,-0.038962528,-0.01985785,-0.030603957,-0.027863024,0.010197898,-0.060232898,0.007214065,0.002089963,-0.068878996,-0.04464463,0.047079941,-0.030131712,-0.019704489,0.003786408,-5.204005583,264.1025423,,,,0.03803672,
TXH3.2021,M1.P,M1.P,CV0,245,AGDD,0.33402353,0.39139166,0.381795225,0.336906263,0.346852718,0.340238546,0.394117911,0.368855786,0.296894757,0.383946477,0.343711357,0.373943259,0.362554646,0.343057824,0.364759584,0.336657319,0.361031199,0.373509484,0.308818235,0.416871419,0.354155422,0.339921387,0.375283928,0.402128647,0.315250624,0.353561028,0.38419181,0.384219568,0.329381174,0.341767609,0.334936791,0.358250756,0.394490482,0.334264122,0.36497447,0.36579395,0.320487426,0.373197733,0.416010219,0.316231363,0.325836744,0.349439263,0.373105338,0.382459756,0.36323428,0.389700336,0.326717878,0.386017376,0.362199819,0.3212064,0.357967058,0.0035879,99.77064716,278.714605,,,,0.028061442,
WIH1.2020,M1.P,M1.P,CV0,394,AGDD,0.474941074,0.437403074,0.465530215,0.483818294,0.461719251,0.49976619,0.449965983,0.477706394,0.472737422,0.42416393,0.432890125,0.487307484,0.485387128,0.398057559,0.514989652,0.464050895,0.40420363,0.479116821,0.481088779,0.47750712,0.50375507,0.444846795,0.519837085,0.475904406,0.372589283,0.515709598,0.426917037,0.418483344,0.473861591,0.478504321,0.49392324,0.494211052,0.469092748,0.377565859,0.485441686,0.411483884,0.526427748,0.487747962,0.44002451,0.470293757,0.451490563,0.505792673,0.424118029,0.468025572,0.48411104,0.426785876,0.521442953,0.437066296,0.510723377,0.440967132,0.46458991,0.002000399,232.2486786,499.9003927,,,,0.037076872,
WIH1.2021,M1.P,M1.P,CV0,398,AGDD,0.230597558,0.285848281,0.237226723,0.251403513,0.272761325,0.263255807,0.234548144,0.268768316,0.298250633,0.21243281,0.247916586,0.257897645,0.22133076,0.260740668,0.274819468,0.302708162,0.285799536,0.226521628,0.212804581,0.262364534,0.285298151,0.233049529,0.242016243,0.226964603,0.280847445,0.253835178,0.278336744,0.202496535,0.274501219,0.268611786,0.236543668,0.295696687,0.240337656,0.292117275,0.2260669,0.284363386,0.222213337,0.245509775,0.265120221,0.252951319,0.277382234,0.232826197,0.240345483,0.252402,0.268017962,0.254027562,0.281966728,0.260549261,0.219587263,0.257717903,0.255193939,0.002360798,108.0964683,423.5855635,,,,0.025108563,
WIH2.2020,M1.P,M1.P,CV0,1127,AGDD,0.178349943,0.129692654,0.128570847,0.121079733,0.131170682,0.159423216,0.110899991,0.10080552,0.136392907,0.174443604,0.162442794,0.151323385,0.128232121,0.105151151,0.137946969,0.118446198,0.104484203,0.137669478,0.155720394,0.170681282,0.135669107,0.149647539,0.150855755,0.11049791,0.130071501,0.165939579,0.101617951,0.168048417,0.133858794,0.117283682,0.165171183,0.110108662,0.155620942,0.152266378,0.101675046,0.144847167,0.134143485,0.125880014,0.143107416,0.138045109,0.113417754,0.155417988,0.129384682,0.134078634,0.156510433,0.128366558,0.124537385,0.1605057,0.155787952,0.122311254,0.137152021,0.000872168,157.2540793,1146.567715,,,,0.021031742,
WIH2.2021,M1.P,M1.P,CV0,1137,AGDD,0.20965835,0.207180603,0.233118488,0.224862446,0.212957424,0.212165865,0.220593282,0.238489742,0.217798457,0.193405261,0.2390877,0.221134818,0.193656176,0.228818826,0.199160765,0.218288816,0.222021052,0.202519608,0.218485906,0.214339127,0.206673513,0.207545693,0.234417193,0.254735205,0.180617213,0.221690262,0.235617752,0.186063474,0.234699734,0.20165685,0.197934665,0.211177342,0.23236585,0.223598995,0.222024773,0.221037705,0.210795931,0.240896431,0.192896901,0.214912022,0.226542224,0.22653599,0.208720791,0.241277654,0.182049817,0.218759248,0.211600746,0.204155256,0.223871644,0.219774889,0.21644777,0.00083978,257.7434033,1190.787985,,,,0.016055139,
WIH3.2020,M1.P,M1.P,CV0,415,AGDD,0.05935849,0.143127363,0.136218379,0.160909475,0.107666015,0.026944314,0.120666448,0.123624351,0.133167751,0.198597561,0.131343834,0.106180786,0.106539695,0.118407897,0.141467408,0.140031309,0.145863635,0.135729544,0.107979207,0.06671822,0.12924907,0.120923427,0.154395523,0.103758208,0.09460143,0.154019103,0.122433041,0.077199819,0.208541124,0.03702288,0.19633055,0.075160264,0.059279084,0.144994331,0.13272475,0.097666436,0.061250745,0.168913061,0.103651503,0.168272179,0.177434388,0.098555197,0.068212608,0.085758909,0.16908485,0.114433293,0.135872356,0.123661109,0.168418018,0.060687875,0.120460936,0.002386172,50.48291606,419.0812193,,,,0.0413816,
WIH3.2021,M1.P,M1.P,CV0,397,AGDD,0.367615325,0.353206277,0.30562565,0.324262542,0.350622118,0.322832389,0.325094328,0.370509455,0.29694185,0.390607779,0.306012046,0.34120096,0.33233647,0.331618881,0.395614537,0.362490122,0.359103042,0.308409798,0.342508552,0.322732996,0.292916209,0.345263511,0.404419612,0.347338258,0.316204332,0.364755815,0.320945794,0.382750736,0.309958446,0.327021129,0.322142978,0.340383968,0.358816883,0.322854921,0.359579471,0.301682205,0.364736683,0.401277438,0.310508464,0.324882165,0.379836997,0.37951616,0.312282993,0.34735864,0.292748639,0.309628375,0.411972767,0.326112973,0.392926124,0.26244602,0.340852276,0.002237518,152.3349675,446.9237205,,,,0.033607862,
DEH1.2020,M1.P,M1.P,CV0,1142,DAP,0.35806111,0.344899081,0.357625997,0.361154252,0.39481768,0.356175743,0.367228237,0.356218033,0.352662681,0.373847551,0.362373909,0.386366568,0.365551187,0.311165524,0.382137596,0.389340144,0.338460028,0.368172832,0.35514723,0.36427123,0.346208312,0.379623295,0.355521053,0.378437135,0.357187993,0.353706169,0.368918791,0.359900012,0.368611132,0.333556892,0.36745199,0.377544037,0.300933424,0.403271414,0.360453629,0.370483997,0.357749548,0.357939218,0.332272044,0.38006863,0.365448877,0.383652107,0.312992643,0.368886977,0.346930111,0.350009911,0.365721694,0.367235258,0.371241871,0.358068265,0.360914061,0.000762931,473.062682,1310.734974,3063.960078,11207.39358,0.27338739,0.019686792,0.032113136
IAH4.2021,M1.P,M1.P,CV0,1128,DAP,0.424098204,0.408734299,0.376804203,0.397275404,0.365697637,0.391823293,0.385485638,0.401448441,0.396355002,0.394258577,0.374831221,0.407399873,0.40048929,0.397727337,0.386641595,0.404423576,0.399363638,0.369136251,0.391652934,0.393727669,0.395417656,0.389138962,0.40340256,0.390346275,0.402405561,0.37786773,0.405874502,0.413013329,0.381331403,0.390290841,0.397257264,0.380453704,0.416072691,0.370049114,0.406951537,0.391613177,0.38745261,0.379785081,0.391372242,0.417255164,0.374327784,0.390379402,0.396885443,0.407270014,0.392756904,0.413534506,0.429937662,0.356623103,0.365358737,0.399118258,0.393618346,0.000750501,524.4738198,1332.442517,,,,0.015411818,
MIH1.2020,M1.P,M1.P,CV0,414,DAP,0.377934133,0.316184777,0.316896118,0.299998283,0.28687807,0.407064911,0.248868168,0.321817703,0.286887212,0.340842938,0.285134882,0.310403465,0.301937085,0.429417613,0.275569995,0.377105262,0.305070758,0.378919865,0.266598169,0.261587121,0.242120749,0.306886345,0.41682166,0.354207297,0.274528123,0.330744204,0.282690108,0.305514799,0.370570884,0.292105147,0.297292467,0.323292737,0.225346169,0.342426392,0.406796366,0.300116608,0.296782282,0.391015764,0.339514459,0.272466522,0.411780379,0.324997575,0.257258867,0.310133332,0.296478327,0.297450979,0.308659639,0.338545673,0.338303851,0.305371437,0.319106713,0.002180026,146.377449,458.7100267,,,,0.047898633,
MNH1.2020,M1.P,M1.P,CV0,395,DAP,0.333243668,0.280362819,0.325201006,0.310863989,0.297097471,0.339504884,0.289803304,0.319596661,0.326696961,0.274979554,0.373072392,0.328247375,0.31848112,0.260962663,0.275450054,0.325708853,0.27480707,0.340723601,0.250372532,0.359535149,0.300823938,0.251787147,0.382917382,0.30002961,0.321752374,0.303794601,0.338128701,0.283986201,0.315506491,0.302292334,0.303160423,0.227534938,0.249532597,0.403376172,0.355968848,0.342548213,0.288910147,0.347465046,0.260853063,0.309331883,0.317961998,0.293591148,0.331552195,0.295601746,0.303919693,0.250627961,0.275940214,0.362511894,0.318853401,0.33317177,0.309562865,0.002300689,134.5522346,434.6523752,,,,0.037111343,
MNH1.2021,M1.P,M1.P,CV0,415,DAP,0.285046054,0.290639923,0.245415249,0.318573717,0.193690745,0.311219386,0.233336754,0.26314936,0.221111212,0.313619158,0.206008212,0.23621176,0.284257265,0.354593593,0.262960017,0.2618962,0.288765882,0.343000992,0.205889035,0.24969434,0.227751884,0.289224482,0.376117721,0.237807075,0.203438975,0.308056103,0.219305008,0.339816896,0.237975485,0.221728034,0.294030839,0.258947508,0.216591409,0.230732198,0.319460858,0.247909493,0.248881109,0.314019493,0.274825032,0.250210749,0.326167419,0.272468922,0.257324969,0.229364311,0.255585388,0.249361002,0.309160856,0.223078026,0.292740067,0.260630059,0.267235804,0.00224839,118.8565229,444.7627185,,,,0.043155994,
MOH1.2020,M1.P,M1.P,CV0,1006,DAP,0.3070382,0.348231367,0.358849814,0.387051454,0.393884897,0.357085265,0.369967728,0.367748344,0.353130927,0.356011383,0.356913295,0.333157141,0.370649527,0.369997749,0.364638554,0.36523905,0.351210122,0.390803401,0.359157078,0.348027251,0.353967777,0.346654771,0.3851327,0.376965154,0.334289101,0.36030769,0.338662506,0.375333472,0.366436606,0.353358618,0.361131255,0.380567312,0.351385231,0.341340383,0.374799238,0.378106034,0.357884401,0.381319405,0.328035331,0.359924622,0.383794205,0.341303656,0.324850861,0.322542831,0.397286545,0.374762911,0.346114238,0.361767054,0.352082627,0.362937796,0.359636738,0.000867193,414.7137769,1153.14631,,,,0.019212404,
NEH1.2021,M1.P,M1.P,CV0,246,DAP,0.112060771,0.14095272,0.124513042,0.166238834,0.124319786,0.167590061,0.141622829,0.152849205,0.063695866,0.150149359,0.185904061,0.124161692,0.164263379,0.145196106,0.054074843,0.093967009,0.126615887,0.209728823,0.124154545,0.1222652,0.162114325,0.137997623,0.175545022,0.137865955,0.064893397,0.155228007,0.159677568,0.185686619,0.10784619,0.071654645,0.103790753,0.201165117,0.045111945,0.149402033,0.182714189,0.140511983,0.091549521,0.181213387,0.10006832,0.167038842,0.182975795,0.098776981,0.088243223,0.067030111,0.242317639,0.120320024,0.133568886,0.14537011,0.143137064,0.137428704,0.13549136,0.004023123,33.67815224,248.5630986,,,,0.042021136,
TXH1.2020,M1.P,M1.P,CV0,246,DAP,0.67074615,0.697391841,0.655700833,0.642102517,0.666077507,0.675560924,0.683385769,0.67706868,0.634071818,0.661099573,0.662714672,0.663439473,0.69647531,0.681262441,0.629289508,0.694098822,0.640972286,0.642389469,0.655738962,0.693658322,0.665156851,0.705647018,0.654444829,0.646774883,0.661846575,0.650384517,0.65605545,0.673037869,0.661766041,0.694330007,0.694183212,0.681834469,0.678468078,0.647530816,0.630602774,0.698815564,0.664352688,0.596176127,0.695401326,0.671697362,0.607778637,0.646401619,0.710062284,0.680107321,0.683823299,0.662284139,0.66612139,0.693882024,0.615356104,0.69639371,0.666279237,0.002278984,292.3580765,438.7921162,,,,0.025585063,
TXH1.2021,M1.P,M1.P,CV0,246,DAP,-0.005005661,0.087166618,-0.00891724,0.006380724,0.001182366,0.011821832,0.056398112,0.067511738,-0.037492205,0.012762395,0.077426303,0.017689722,-0.018735288,0.017291007,-0.002504102,0.005542995,-0.029100482,-0.020301129,0.05332198,0.090466378,0.025979511,0.023862378,-0.006359623,0.053060823,-0.002737922,0.010289704,0.045558829,0.040924582,-0.000667306,0.022926571,0.055995484,0.063328881,0.005051618,-0.003168763,-0.01450449,-0.004115369,-0.072640601,0.011639285,0.119579583,0.049831144,0.055618817,-0.026339129,0.029423269,-0.037354488,0.086408477,0.025776037,-0.018563024,0.055642201,0.001424562,0.051992087,0.020615384,0.004096619,5.03229235,244.1037426,,,,0.03876711,
TXH2.2020,M1.P,M1.P,CV0,246,DAP,0.461551152,0.458018105,0.516103371,0.412527907,0.421407043,0.397186313,0.456498489,0.449930167,0.474179925,0.488891722,0.445202499,0.433548722,0.440437235,0.485585156,0.469060933,0.505207739,0.460867613,0.401845283,0.42879092,0.468340619,0.461613667,0.463976761,0.44838087,0.485088964,0.408387567,0.503314105,0.455959514,0.417335637,0.469672505,0.430292138,0.494103376,0.464751972,0.435815308,0.432751317,0.442592887,0.430272826,0.464848702,0.447772537,0.481233551,0.445212384,0.460815781,0.431120308,0.490579685,0.46344065,0.431370969,0.422407684,0.407811453,0.494742304,0.465713287,0.486759339,0.454266379,0.003252631,139.6611931,307.4433845,,,,0.028652726,
TXH2.2021,M1.P,M1.P,CV0,246,DAP,0.231304916,0.20968525,0.249791046,0.257071833,0.210831409,0.245682503,0.22522918,0.30766568,0.19780288,0.185151458,0.247098765,0.191605855,0.222532662,0.252763746,0.219507333,0.273313558,0.21508857,0.307890032,0.152220849,0.180989985,0.260600235,0.198970042,0.257591162,0.264646301,0.17584969,0.288578236,0.249440001,0.245939847,0.193954085,0.194723917,0.212700438,0.291360521,0.187888187,0.263639391,0.232223887,0.235718668,0.172326235,0.25117093,0.276873172,0.255196172,0.18633837,0.259415756,0.2153978,0.157235966,0.302255821,0.277200847,0.239561355,0.24180729,0.185496464,0.268541375,0.232517393,0.003876785,59.97685286,257.9456615,,,,0.039497979,
TXH3.2020,M1.P,M1.P,CV0,266,DAP,-0.012807573,-0.014356793,-0.044730297,-0.043718699,0.007808113,-0.036775631,0.048458503,-0.051815457,-0.076523501,0.00171249,-0.04866307,-0.000411575,-0.028315193,-0.053689297,0.024308033,-0.001643626,-0.028104065,-0.008255773,-0.062178943,-0.008571905,0.058487167,-0.041940019,-0.03708024,-0.01243015,-0.073614029,-0.060955301,-0.062049252,0.05971425,-0.019976287,-0.023659424,-0.014381309,-0.036330039,-0.048384109,-0.007586406,0.005162618,-0.029711178,-0.037516446,-3.54E-05,-0.016462958,-0.01948191,0.045982472,-0.057036878,-0.02866085,-0.054307003,-0.004602542,0.011054495,-0.032842298,-0.062826068,0.002193106,-0.021999948,-0.021191004,0.003786178,-5.596938412,264.1186047,,,,0.032414989,
TXH3.2021,M1.P,M1.P,CV0,245,DAP,0.218375154,0.218800695,0.209963867,0.318877001,0.216535813,0.266264385,0.174657047,0.192335943,0.29007292,0.256619293,0.225902615,0.22971808,0.257469124,0.236166621,0.235293072,0.247287961,0.206920563,0.283978941,0.183108397,0.245633141,0.198381794,0.227661807,0.273765993,0.266540011,0.217617012,0.259934873,0.181287133,0.228326244,0.289285737,0.209325514,0.217386464,0.211677881,0.276601303,0.234803336,0.240369076,0.243172134,0.24583218,0.221181544,0.204815912,0.259196224,0.26505994,0.207130177,0.234653548,0.237035669,0.235554005,0.251925371,0.189592514,0.20388236,0.260842057,0.268633682,0.235509043,0.003886977,60.5892504,257.2693164,,,,0.031255131,
WIH1.2020,M1.P,M1.P,CV0,394,DAP,0.457350711,0.469563335,0.499949526,0.51073768,0.476010004,0.529281108,0.437836044,0.49976636,0.539754978,0.387875535,0.496050926,0.437192745,0.537834172,0.435073097,0.494897202,0.518827128,0.414027828,0.462493797,0.415372748,0.572129886,0.498527313,0.456332401,0.52048069,0.464719961,0.47337731,0.449831953,0.507074886,0.459657236,0.502073331,0.489342631,0.497011317,0.506080146,0.483415879,0.473321592,0.441408393,0.484037427,0.501259133,0.457389247,0.478602694,0.494673278,0.4666964,0.472501957,0.514682637,0.428467704,0.525729539,0.532343306,0.427842065,0.479519174,0.462134518,0.496136667,0.480733912,0.001961467,245.0890128,509.8225999,,,,0.036839517,
WIH1.2021,M1.P,M1.P,CV0,398,DAP,0.28425399,0.221780852,0.259124457,0.235861045,0.166068421,0.280311186,0.261836386,0.212980842,0.198313385,0.223683835,0.223875661,0.230921574,0.261133872,0.278622273,0.186790755,0.226526808,0.287493935,0.23022596,0.186662252,0.249226643,0.270714053,0.212306886,0.276544587,0.222713604,0.194239041,0.175413134,0.244988083,0.274823518,0.203031105,0.274451677,0.211525799,0.24810788,0.189814989,0.26182259,0.266077979,0.263205756,0.230200196,0.261203408,0.200650461,0.232510945,0.274809786,0.218800275,0.232120022,0.219267723,0.235561876,0.190327418,0.233169802,0.275862623,0.246983087,0.232120975,0.235581268,0.002385105,98.77187653,419.2688039,,,,0.031718924,
WIH2.2020,M1.P,M1.P,CV0,1127,DAP,0.101636598,0.055108403,0.049976865,0.041737418,0.005055809,0.04647468,0.022387052,0.090973115,0.051473599,0.038691596,0.02240209,0.069051583,0.049851285,0.029482853,0.08073214,0.039066897,0.044812509,0.058791906,0.026759021,0.084177922,0.076262875,0.017636624,0.084258867,0.050402127,0.022661281,0.038100166,0.040324287,0.030992477,0.072790019,0.069562047,0.030842629,0.02792008,0.098070607,0.055446469,0.041402048,0.073381919,0.063020274,0.045326166,-0.012481166,0.078153615,0.041619098,0.027516452,0.050984145,0.046473744,0.083472267,0.015000465,0.03220923,0.094689982,0.07062178,0.038580804,0.050277694,0.000886642,56.70574961,1127.851034,,,,0.025333272,
WIH2.2021,M1.P,M1.P,CV0,1137,DAP,0.098465383,0.081102373,0.119293505,0.120953396,0.09701931,0.100471487,0.147339844,0.07566628,0.087073566,0.115516209,0.088689723,0.145905197,0.061343078,0.111077481,0.120431097,0.107088472,0.127369003,0.066002459,0.102549543,0.114929427,0.086298011,0.136167401,0.115549759,0.096599347,0.085080372,0.138289763,0.085168363,0.099301115,0.104757645,0.094676028,0.090055488,0.064170915,0.094484118,0.126357551,0.136251912,0.150889374,0.102458877,0.091414068,0.091011733,0.085871588,0.107982839,0.087788294,0.087812404,0.113718849,0.123106608,0.068724413,0.090708516,0.121145119,0.112040107,0.126056572,0.10404448,0.00087152,119.3828339,1147.421125,,,,0.021926346,
WIH3.2020,M1.P,M1.P,CV0,415,DAP,0.046029594,0.049535145,-0.058103423,0.048189327,0.033961943,0.091369187,0.070388082,-0.020827561,-0.012097777,0.01577873,0.032988901,0.056992289,0.047303877,0.029917742,-0.02731634,0.034235412,0.026047795,-0.024236919,0.039370443,0.058071586,0.029869196,0.017765316,0.065186411,0.049888964,-0.04644734,0.027254696,0.048415197,0.047962892,-0.029353716,0.030851357,-0.019946481,0.024211084,-0.014053704,0.084060805,0.048166751,-0.007080193,0.049005886,0.063177538,-0.027191057,0.044338636,0.056094371,0.057991785,-0.022036383,-0.014484709,0.056106272,-0.013817206,0.036541007,0.046235585,0.065052685,0.00022729,0.025831819,0.002419692,10.67566507,413.2757719,,,,0.035867228,
WIH3.2021,M1.P,M1.P,CV0,397,DAP,0.313718509,0.295558235,0.266674471,0.372508439,0.305619167,0.307409981,0.25134034,0.380001359,0.267561619,0.354845905,0.293266388,0.292394919,0.336269846,0.340207415,0.286418119,0.389438937,0.279417958,0.236532224,0.309494369,0.345801654,0.31927171,0.28570484,0.379486326,0.287102539,0.279844899,0.334509934,0.323524415,0.328725843,0.316214011,0.23958564,0.279661794,0.330148626,0.324058761,0.283548516,0.32900964,0.259730778,0.345466201,0.326089699,0.315260424,0.308171997,0.307842742,0.33752854,0.28718168,0.331389411,0.287873114,0.320219139,0.353773891,0.214719367,0.298253156,0.353984765,0.310247245,0.002287966,135.5995756,437.0693948,,,,0.037793189,
DEH1.2020,M10.G.P,M10.G.P.W-Int,CV0,1142,AGDD,0.68251744,0.689204989,0.693283453,0.685145611,0.691558265,0.681427724,0.694064373,0.683981652,0.691904547,0.690804854,0.674496601,0.690312524,0.69528957,0.684895552,0.692255621,0.680450988,0.685042004,0.680506086,0.695749759,0.691471465,0.686145048,0.679793308,0.680850762,0.696632496,0.693641057,0.683252785,0.683634626,0.703956047,0.683037321,0.688664913,0.667756845,0.686783233,0.694034286,0.698613868,0.689834875,0.693937622,0.677186887,0.689883753,0.686698842,0.692421433,0.693452272,0.697546624,0.663778942,0.695684329,0.689064637,0.695870478,0.677541042,0.700050101,0.679443318,0.682693536,0.687724967,0.000462311,1487.581282,2163.046789,5653.003751,13106.8232,0.431302358,0.007997521,0.028476583
IAH4.2021,M10.G.P,M10.G.P.W-Int,CV0,1128,AGDD,0.455676695,0.443982963,0.456516124,0.454939221,0.512460032,0.457984961,0.465740009,0.468586185,0.442862147,0.491461322,0.43494923,0.489505502,0.461663268,0.457989626,0.484083363,0.469978962,0.483710799,0.467850374,0.447466311,0.456621088,0.457994379,0.456858434,0.4658127,0.476468156,0.464969267,0.44849161,0.462865141,0.489699074,0.458920424,0.465488846,0.436478233,0.472225734,0.477947886,0.482876613,0.450011132,0.471549021,0.407302673,0.485812477,0.4719486,0.474604921,0.470812243,0.472642544,0.464481373,0.465777081,0.445477044,0.452482579,0.47294528,0.460313815,0.459996536,0.472618759,0.464398015,0.000696567,666.6953653,1435.612004,,,,0.017126085,
MIH1.2020,M10.G.P,M10.G.P.W-Int,CV0,414,AGDD,0.427903945,0.433387382,0.465418306,0.419432458,0.475399216,0.435525347,0.432456085,0.447481344,0.466435349,0.44708502,0.431611053,0.452444038,0.433837161,0.41952308,0.490540916,0.493510594,0.449105129,0.421443637,0.400190214,0.450092494,0.430641036,0.434359357,0.433256941,0.445960879,0.476967627,0.448782763,0.455442991,0.455855264,0.389849104,0.44833746,0.434386652,0.444212193,0.455599196,0.431441246,0.460278357,0.473075381,0.43294429,0.414925486,0.482983636,0.421131061,0.440981567,0.477665379,0.427350292,0.467744255,0.4033734,0.425848478,0.469961241,0.442010268,0.413831211,0.467789161,0.443996179,0.001948707,227.8413935,513.1607081,,,,0.023269355,
MNH1.2020,M10.G.P,M10.G.P.W-Int,CV0,395,AGDD,0.566129212,0.507331977,0.534799648,0.591863395,0.510111505,0.586393565,0.517773791,0.627604051,0.541976768,0.40957451,0.553123814,0.535768937,0.574195791,0.532026991,0.494817011,0.547470853,0.488171428,0.554698562,0.504460813,0.600270225,0.560054688,0.571946387,0.566256874,0.509106809,0.496249229,0.566879436,0.602126163,0.453188898,0.517403975,0.556649381,0.521689632,0.515627226,0.643695995,0.494641842,0.531237967,0.578701088,0.522086489,0.517034155,0.527730367,0.549839286,0.472363943,0.508389414,0.651165699,0.557872186,0.528457995,0.557948414,0.492836841,0.582044506,0.546414506,0.525966272,0.54008337,0.001802315,299.6608525,554.8418431,,,,0.045456123,
MNH1.2021,M10.G.P,M10.G.P.W-Int,CV0,415,AGDD,0.491719318,0.439728375,0.436503416,0.368998801,0.512827654,0.391666744,0.446024046,0.488833334,0.47699782,0.458313137,0.400655996,0.499669786,0.484019202,0.455864104,0.413712782,0.430676885,0.428495424,0.454189,0.452653552,0.482036847,0.468174446,0.478395643,0.477476544,0.441441426,0.383924438,0.467801119,0.431806827,0.494679091,0.428912655,0.442652959,0.480737126,0.449935232,0.463794535,0.489614375,0.369879076,0.44446528,0.362407246,0.476322749,0.510880664,0.4525697,0.454060434,0.443569276,0.473875606,0.460070196,0.443204461,0.456913428,0.427936319,0.448508862,0.481483135,0.443650503,0.451254591,0.001928255,234.0222655,518.6036218,,,,0.035146887,
MOH1.2020,M10.G.P,M10.G.P.W-Int,CV0,1006,AGDD,0.245983061,0.259461276,0.261505421,0.27903188,0.329374808,0.259070083,0.25952043,0.269055693,0.319893968,0.274768607,0.280727361,0.268092615,0.280091053,0.28016473,0.268215398,0.265282253,0.314411746,0.265348697,0.244216288,0.288055486,0.264225648,0.280348633,0.259553393,0.304418997,0.26836652,0.290554933,0.258848698,0.268832403,0.273858189,0.283006432,0.267902003,0.248175664,0.32120792,0.278217264,0.260430831,0.299862778,0.210175459,0.273284176,0.302552271,0.283952518,0.292009896,0.252066534,0.283830667,0.267998048,0.285649514,0.283142965,0.26180203,0.297285881,0.276906402,0.25777647,0.27537028,0.000920489,299.1564315,1086.37879,,,,0.021474413,
NEH1.2021,M10.G.P,M10.G.P.W-Int,CV0,246,AGDD,0.448328939,0.500444495,0.456689982,0.46851315,0.47111127,0.432404383,0.48380441,0.443350079,0.47219167,0.50408615,0.447714482,0.462157445,0.43829553,0.521729059,0.461562274,0.494648392,0.507912396,0.454248423,0.402601562,0.475485465,0.466716153,0.476316901,0.464972213,0.489157322,0.441824625,0.468030789,0.455752031,0.460200067,0.493330248,0.460361807,0.502010351,0.450611769,0.491216498,0.465047632,0.424564971,0.488660219,0.410057497,0.460637862,0.457963734,0.514421499,0.420281519,0.423090505,0.497167446,0.504952551,0.478370179,0.481831259,0.481858011,0.469634813,0.425275333,0.47758821,0.466983671,0.003204616,145.722203,312.0498893,,,,0.027510139,
TXH1.2020,M10.G.P,M10.G.P.W-Int,CV0,246,AGDD,0.731402145,0.733603694,0.703524751,0.701960637,0.752656421,0.710877263,0.717108519,0.763551286,0.744969444,0.676912235,0.697735438,0.75889632,0.706291031,0.704535204,0.756994926,0.71226032,0.741971111,0.709766275,0.736163958,0.726467832,0.754960554,0.723148394,0.738938289,0.721747181,0.684416464,0.725992716,0.713048591,0.704630532,0.738132137,0.742751221,0.710963892,0.742219637,0.756739273,0.723647579,0.689705932,0.738123853,0.698045755,0.717022599,0.766725091,0.701194756,0.704846189,0.715859522,0.705772188,0.764038949,0.735891248,0.74535298,0.691791971,0.711719861,0.735570187,0.738883383,0.724590595,0.001946592,372.2354561,513.7183105,,,,0.022648297,
TXH1.2021,M10.G.P,M10.G.P.W-Int,CV0,246,AGDD,0.140419603,0.120043445,0.104270565,0.096493745,0.16233319,0.059172826,0.130600391,0.128256783,0.143036527,0.153104874,0.05488034,0.148563628,0.183818873,0.116659334,0.110292848,0.054787092,0.123754915,0.147610202,0.179108861,0.114508101,0.119439844,0.168114098,0.172351168,0.164732176,-0.001407512,0.104681052,0.082974518,0.193848613,0.08586853,0.156004386,0.110974973,0.156130457,0.108153191,0.126659492,0.117935821,0.161507107,0.078267033,0.105148355,0.142126822,0.130624551,0.077497655,0.159645015,0.127333305,0.13998451,0.106623139,0.106813158,0.111339171,0.136625638,0.168742072,0.102312414,0.123855338,0.004035491,30.69151473,247.8013079,,,,0.03778713,
TXH2.2020,M10.G.P,M10.G.P.W-Int,CV0,246,AGDD,0.619637623,0.565813287,0.526747207,0.448131002,0.503099997,0.51674199,0.53307271,0.54475922,0.567798732,0.492858533,0.469205467,0.555727617,0.541937682,0.508860389,0.592911315,0.449450294,0.515546976,0.562054985,0.546856359,0.582040354,0.573326668,0.539327912,0.540602585,0.561279955,0.429690682,0.532550883,0.509581569,0.606608124,0.491402896,0.529215722,0.540893991,0.519295305,0.527939908,0.532092371,0.548274607,0.517478545,0.49822157,0.545578692,0.582253593,0.522312717,0.503949829,0.480104616,0.619121684,0.495192452,0.552747427,0.557385615,0.566660639,0.520046873,0.556655476,0.442103587,0.531702965,0.002939721,180.8685042,340.1683199,,,,0.042519172,
TXH2.2021,M10.G.P,M10.G.P.W-Int,CV0,246,AGDD,0.260214929,0.2646284,0.182390408,0.183219804,0.261039865,0.216035965,0.20261905,0.256582017,0.304662517,0.170843996,0.168777057,0.18119696,0.252726596,0.252795431,0.319364901,0.215546714,0.16357482,0.288481213,0.260098458,0.230061466,0.227493505,0.25383996,0.237541586,0.25258686,0.202366439,0.19807178,0.179494741,0.311613643,0.185602478,0.275112377,0.203598173,0.259725242,0.311793346,0.206765445,0.177069414,0.289475244,0.180923617,0.244192428,0.257115078,0.185184103,0.199167792,0.12202357,0.245128769,0.333419242,0.250952231,0.23785533,0.209350586,0.300522452,0.269420875,0.139209535,0.231629528,0.003878474,59.72181384,257.8333356,,,,0.049093738,
TXH3.2020,M10.G.P,M10.G.P.W-Int,CV0,266,AGDD,-0.070053927,-0.076234188,-0.041325702,-0.042591874,-0.101750929,-0.051001435,-0.107666498,-0.062228317,-0.056344811,-0.059500709,-0.060990438,-0.121962926,-0.064800285,-0.024611326,-0.06531089,-0.105517571,-0.044824555,-0.079325245,-0.043359424,-0.071452497,-0.091089072,-0.107633065,-0.055429462,-0.014939966,-0.073507691,-0.126287688,0.029226859,-0.062950588,-0.069235446,-0.109821797,-0.049819281,-0.107602253,-0.063507304,-0.057036237,-0.063278965,-0.114523841,-0.046428134,-0.041273954,-0.040406658,-0.099422672,-0.007207516,-0.070294694,-0.057855207,-0.131473198,-0.071864466,-0.100317738,-0.110729969,-0.079486165,-0.013131788,-0.027176929,-0.067707169,0.003770514,-17.95701215,265.2158184,,,,0.033392073,
TXH3.2021,M10.G.P,M10.G.P.W-Int,CV0,245,AGDD,0.487220073,0.50363985,0.484661584,0.527313614,0.527952489,0.51048503,0.496050526,0.494706225,0.491504026,0.523128721,0.52575814,0.521541373,0.510246314,0.456967839,0.50036477,0.473340805,0.499720199,0.516009297,0.478714848,0.561062744,0.489531215,0.501550719,0.537964779,0.516775226,0.467151154,0.487558886,0.517196783,0.518841549,0.490173119,0.511841345,0.495779429,0.505157402,0.50283543,0.513666176,0.509157071,0.529595689,0.440404506,0.512705866,0.550548403,0.479651396,0.472179513,0.488105206,0.511374004,0.522260816,0.528891903,0.520130815,0.486488949,0.491723883,0.525379236,0.500530111,0.504310781,0.003068603,164.3453742,325.881144,,,,0.022820093,
WIH1.2020,M10.G.P,M10.G.P.W-Int,CV0,394,AGDD,0.590716003,0.540459076,0.561772494,0.532274504,0.552012117,0.553568321,0.518621334,0.57393965,0.59876607,0.52426749,0.531032421,0.560810863,0.576223136,0.529252451,0.573806891,0.581274757,0.460673235,0.542821554,0.632895331,0.544476694,0.590683303,0.512038166,0.556372383,0.607765368,0.503948071,0.564648931,0.507914235,0.524570165,0.591350528,0.583543279,0.550509448,0.603952547,0.56480223,0.540089481,0.510969626,0.540652504,0.544437208,0.572126003,0.545325249,0.585356555,0.580913468,0.523340656,0.545564659,0.566046484,0.567667249,0.543335922,0.570312241,0.540502889,0.586342115,0.535079571,0.554796499,0.001765818,314.1865961,566.3096234,,,,0.031551219,
WIH1.2021,M10.G.P,M10.G.P.W-Int,CV0,398,AGDD,0.390221114,0.405846776,0.342067058,0.395010719,0.401655054,0.365591356,0.401636091,0.383497188,0.389688617,0.406264516,0.386293593,0.425702489,0.357600482,0.332377002,0.427811372,0.430991086,0.412470912,0.366982252,0.357119571,0.384777458,0.439436026,0.391575591,0.378672932,0.366623455,0.345873779,0.395228206,0.392190109,0.392274784,0.404356562,0.365285507,0.363750879,0.445912784,0.354426414,0.398788921,0.378550966,0.380577453,0.369229799,0.403687063,0.40634398,0.368319947,0.356224757,0.405839354,0.356662717,0.378771873,0.436276915,0.398195404,0.452252696,0.369644018,0.370821774,0.34908476,0.387569683,0.002145934,180.6065511,465.9976237,,,,0.02791745,
WIH2.2020,M10.G.P,M10.G.P.W-Int,CV0,1127,AGDD,-0.01071898,-0.019536939,-0.008256374,-0.033015829,-0.046010084,-0.039868081,-0.0096679,-0.023347828,-0.038119946,-0.010498868,-0.023542393,-0.014453661,-0.024444914,-0.019650876,-0.034781234,0.016598528,-0.041129791,-0.057586198,-0.01047364,-0.028577801,-0.02452573,-0.025468601,-0.004469391,-0.033789358,-0.037047771,0.029981672,-0.062793426,-0.020492023,-0.051138309,-0.019649093,-0.054337583,-0.035821173,-0.005431141,-0.030011069,0.002948528,0.02214239,-0.029964456,-0.035046512,-0.021027942,-0.059592445,-0.049660443,-0.016732531,-0.000919862,-0.022399365,-0.034775291,0.015016539,-0.05302841,-0.041004895,-0.018510367,-0.019504202,-0.024282701,0.000888365,-27.33415667,1125.663747,,,,0.020691542,
WIH2.2021,M10.G.P,M10.G.P.W-Int,CV0,1137,AGDD,0.41143363,0.386341429,0.443851565,0.436488872,0.416442762,0.412915432,0.444986291,0.440011687,0.392460857,0.396890087,0.433282504,0.425176446,0.41845745,0.440692442,0.377909746,0.403724014,0.417877421,0.416816922,0.416523969,0.429859177,0.421184884,0.428657335,0.408537653,0.427879179,0.400048085,0.406112019,0.440902765,0.395753807,0.423215806,0.418603487,0.374959699,0.447788867,0.434378576,0.391653463,0.444039919,0.42526166,0.375120538,0.436698784,0.418430975,0.433235546,0.396349684,0.41431789,0.416848108,0.448030579,0.412245244,0.427797081,0.421254676,0.414224024,0.406344368,0.42003209,0.41784099,0.000727233,574.563128,1375.076026,,,,0.018899929,
WIH3.2020,M10.G.P,M10.G.P.W-Int,CV0,415,AGDD,0.250772646,0.249772552,0.259226544,0.237034902,0.27357879,0.219126969,0.252202606,0.256719517,0.276142554,0.258607318,0.236496238,0.265409456,0.243638333,0.275729376,0.234930102,0.283297662,0.222243553,0.255899993,0.269388402,0.244616607,0.290623201,0.261428591,0.281928796,0.23050217,0.190403747,0.287684164,0.250204371,0.245498064,0.299595433,0.185843511,0.298083978,0.222903668,0.258302526,0.239542493,0.251972023,0.261608226,0.187331268,0.266665137,0.281843732,0.274967952,0.288876568,0.195639882,0.247600602,0.235958836,0.302507233,0.237075048,0.254504593,0.245380884,0.308637495,0.222162758,0.253402221,0.002265829,111.8364353,441.3396012,,,,0.029089003,
WIH3.2021,M10.G.P,M10.G.P.W-Int,CV0,397,AGDD,0.626581888,0.547967417,0.562262705,0.55982404,0.615934734,0.586620854,0.545985523,0.636005376,0.601035331,0.548155317,0.532511615,0.61286683,0.591556669,0.590956345,0.588817794,0.621842516,0.534226162,0.564216906,0.581224039,0.611864933,0.570643383,0.566624276,0.617237873,0.599280998,0.559594845,0.613815423,0.554210076,0.599269235,0.55968207,0.586499874,0.562700103,0.589634946,0.624218319,0.554521464,0.577257849,0.599599179,0.546726054,0.589686572,0.600748178,0.580860162,0.587351692,0.571750427,0.609354653,0.603719366,0.548944024,0.598525406,0.580557308,0.599111433,0.590075321,0.535058415,0.582754318,0.001671892,348.5597524,598.1247009,,,,0.026664914,
DEH1.2020,M10.G.P,M10.G.P.W-Int,CV0,1142,DAP,0.697881617,0.690099015,0.691502471,0.693484911,0.702642552,0.694205996,0.692146834,0.713096752,0.701043472,0.680658024,0.690219693,0.695435346,0.71350542,0.686631994,0.695070149,0.70584161,0.690818665,0.716581407,0.681423373,0.68725581,0.678633968,0.708111941,0.709202445,0.687741263,0.69810093,0.699746488,0.690455787,0.698941398,0.695216317,0.695196359,0.691618988,0.713163006,0.663358109,0.698766274,0.708051511,0.702849186,0.694143798,0.703488569,0.689413286,0.689093889,0.706962137,0.710634065,0.690853529,0.687479188,0.682366579,0.689798933,0.707433252,0.688918422,0.706015534,0.686584718,0.6958377,0.000452465,1537.882433,2210.116575,5921.107345,13181.34865,0.449203454,0.010547314,0.027446993
IAH4.2021,M10.G.P,M10.G.P.W-Int,CV0,1128,DAP,0.528971969,0.521866676,0.516671375,0.516971896,0.517247705,0.514642702,0.505654398,0.523992381,0.515381939,0.542741039,0.51768502,0.540024915,0.499122546,0.518030373,0.526996923,0.508583437,0.52140186,0.540394755,0.515071272,0.516398186,0.528457961,0.510193529,0.515000011,0.52507402,0.5257972,0.521627865,0.50895488,0.524876068,0.529256719,0.519368093,0.523264214,0.516590863,0.538559268,0.509360426,0.516838663,0.530595139,0.496194026,0.521710359,0.52157617,0.530318654,0.545868089,0.517320887,0.530285057,0.509731537,0.501797282,0.550479176,0.543107391,0.484554935,0.50196368,0.518159903,0.520494669,0.0006475,803.8524396,1544.400909,,,,0.013095636,
MIH1.2020,M10.G.P,M10.G.P.W-Int,CV0,414,DAP,0.501255539,0.509751174,0.446513343,0.495311888,0.499271876,0.495574438,0.467299476,0.534474298,0.505323045,0.444361745,0.462981068,0.51443257,0.484282444,0.49411018,0.49023949,0.468299294,0.506716802,0.524632836,0.480346995,0.462732121,0.48393099,0.506423457,0.503011777,0.493802426,0.465731808,0.488294055,0.493609518,0.484091676,0.517212465,0.464860294,0.487335744,0.507487508,0.451307121,0.5165352,0.491925536,0.497885815,0.5029811,0.470579652,0.498665177,0.477945974,0.482972392,0.474541508,0.46025333,0.521997115,0.503562854,0.491198776,0.514653899,0.47575182,0.457495625,0.490381888,0.489286742,0.001846113,265.0362079,541.6787028,,,,0.02099584,
MNH1.2020,M10.G.P,M10.G.P.W-Int,CV0,395,DAP,0.537149893,0.568384482,0.51666322,0.519960244,0.532880544,0.501005265,0.541585109,0.549379719,0.524093317,0.545059182,0.533330606,0.571353325,0.553259613,0.442349877,0.551589636,0.56990974,0.429433013,0.534926532,0.559529773,0.554568213,0.555014155,0.537165019,0.54589461,0.490198752,0.532060525,0.558840329,0.533273128,0.469063739,0.569867681,0.522293628,0.566033946,0.496224839,0.549430242,0.572610139,0.475711051,0.561101513,0.540524752,0.489780093,0.475417162,0.588138199,0.436149551,0.498382917,0.574599203,0.554447993,0.561334247,0.507332738,0.552170523,0.563781328,0.49996417,0.534126671,0.530946883,0.001827215,290.5771611,547.2810379,,,,0.037469766,
MNH1.2021,M10.G.P,M10.G.P.W-Int,CV0,415,DAP,0.434144101,0.474179918,0.38131144,0.476443618,0.353159524,0.472012475,0.401781718,0.423838311,0.372816359,0.466555751,0.422556064,0.45284991,0.430403661,0.430793766,0.397725611,0.422109116,0.461375649,0.452529648,0.381112526,0.413546095,0.420767778,0.451999362,0.445291019,0.40803307,0.39304335,0.441818852,0.421846373,0.480209214,0.365313641,0.405095682,0.468932982,0.427986612,0.41416622,0.385836105,0.423097817,0.439331618,0.33830047,0.442504632,0.428659197,0.473586291,0.46184475,0.455869065,0.447186566,0.350190668,0.400970644,0.421536544,0.468134286,0.383170814,0.377078772,0.467112504,0.424603203,0.001984775,213.9301331,503.8354198,,,,0.036583302,
MOH1.2020,M10.G.P,M10.G.P.W-Int,CV0,1006,DAP,0.23771211,0.240663177,0.225137351,0.283770008,0.264419579,0.230825986,0.277132479,0.268463253,0.227432897,0.247474735,0.252377549,0.249129503,0.252752294,0.251916643,0.242235302,0.241234348,0.239119627,0.260328326,0.27796457,0.235153709,0.266201306,0.225295686,0.273487931,0.27695781,0.206289793,0.234135994,0.245248084,0.254987046,0.245429683,0.270710761,0.215795577,0.257350277,0.250858375,0.254924455,0.273604081,0.254539838,0.244350704,0.291439871,0.21617877,0.248774429,0.259243816,0.233227878,0.240069012,0.196314408,0.285308696,0.277217779,0.234876382,0.270578328,0.240834517,0.227174991,0.249532995,0.000933997,267.1667206,1070.666912,,,,0.021025049,
NEH1.2021,M10.G.P,M10.G.P.W-Int,CV0,246,DAP,0.36388667,0.366995109,0.349950223,0.401654851,0.406732985,0.400276504,0.369783239,0.391693328,0.329819137,0.399941411,0.451906052,0.376454547,0.401446215,0.342160849,0.321573289,0.350346629,0.383957281,0.375964043,0.383497202,0.400061032,0.394460499,0.401107413,0.394853548,0.384923114,0.31663389,0.403208853,0.434487871,0.383866355,0.35827521,0.313974702,0.364731863,0.419407969,0.317537001,0.398613203,0.386697431,0.372277986,0.345978506,0.374854364,0.355262734,0.442169438,0.381627935,0.368539085,0.347515305,0.333051199,0.454637569,0.376218783,0.40201419,0.391928995,0.32827771,0.388661358,0.378077893,0.003512529,107.6369419,284.6951483,,,,0.033544636,
TXH1.2020,M10.G.P,M10.G.P.W-Int,CV0,246,DAP,0.716813304,0.733438212,0.699804384,0.671564988,0.705413711,0.714275935,0.716087572,0.714716834,0.684725041,0.697612128,0.68690479,0.707037971,0.724296623,0.726294348,0.687487167,0.731849857,0.668175406,0.690513042,0.695458204,0.730317259,0.72159387,0.736236744,0.716797453,0.698145877,0.65769191,0.688858722,0.673647438,0.730720247,0.700255411,0.732103087,0.712652636,0.708698361,0.724110519,0.69306544,0.685465158,0.740839808,0.702189054,0.669832282,0.701983325,0.701478024,0.686056025,0.666500189,0.724895674,0.725615895,0.720241019,0.706906486,0.701512901,0.729633308,0.677732704,0.713875005,0.705042427,0.002061128,342.066337,485.1712804,,,,0.020963517,
TXH1.2021,M10.G.P,M10.G.P.W-Int,CV0,246,DAP,0.079217206,0.143896528,0.046999613,0.03713689,0.100337068,0.068370803,0.091137434,0.143566026,0.037745375,0.076108079,0.146957962,0.050038625,0.082708171,0.057571431,0.081944501,0.093478111,-0.012487953,0.050669185,0.10286177,0.152703233,0.1054999,0.091831837,0.072263412,0.106319917,0.035165637,0.057340323,0.098321497,0.087424438,0.077749731,0.114034208,0.102855912,0.127249668,0.078016898,0.078500583,0.031558236,0.070814971,0.013678135,0.059687707,0.165744835,0.090912279,0.112238655,0.02729299,0.086529633,0.049570218,0.14029474,0.114877012,0.032052607,0.119016281,0.071833899,0.083773909,0.082668203,0.004070352,20.30983951,245.6789779,,,,0.038092931,
TXH2.2020,M10.G.P,M10.G.P.W-Int,CV0,246,DAP,0.548702182,0.513247699,0.561660653,0.453384587,0.469808006,0.455841383,0.520256977,0.514247841,0.505501685,0.541134842,0.510771274,0.490131266,0.478394296,0.534566275,0.530841786,0.566677732,0.516424812,0.459928126,0.471097559,0.525282838,0.521585762,0.553296981,0.499315686,0.529527469,0.433423203,0.568271723,0.503158452,0.512468912,0.49483458,0.474130284,0.539656266,0.50385995,0.493427402,0.480502691,0.528962083,0.494835488,0.51449012,0.520982896,0.530593798,0.479758894,0.498447864,0.474552275,0.555575794,0.524602894,0.501693687,0.477332921,0.498249479,0.536494002,0.516848986,0.524312185,0.509061891,0.003036295,167.6589011,329.3487572,,,,0.030743351,
TXH2.2021,M10.G.P,M10.G.P.W-Int,CV0,246,DAP,0.328502613,0.268029746,0.270772331,0.279037771,0.274198906,0.29823098,0.275140375,0.377408095,0.225043678,0.242883047,0.27806305,0.241085148,0.307576348,0.277681083,0.279171415,0.315074003,0.22976179,0.338085424,0.203317635,0.277765536,0.280788452,0.267309173,0.334750548,0.314617964,0.238275197,0.330624395,0.238583467,0.299069705,0.262838418,0.280866348,0.289497669,0.330648606,0.258307028,0.29542518,0.247575475,0.307622038,0.244582758,0.263251691,0.320354551,0.228921782,0.199291087,0.329376407,0.240259961,0.245368209,0.308243296,0.318681711,0.281073079,0.282687296,0.233401127,0.248981493,0.278162062,0.003781254,73.56345129,264.4625613,,,,0.038102859,
TXH3.2020,M10.G.P,M10.G.P.W-Int,CV0,266,DAP,-0.062232285,-0.062542373,-0.081820534,-0.024891234,-0.007089975,-0.056900712,-0.01040613,-0.063767021,-0.090414215,-0.043297817,-0.047195898,-0.063935073,-0.049111782,-0.070469003,-0.027855188,-0.02820405,-0.043768988,-0.077696265,-0.093157801,-0.004571279,0.003422503,-0.08264439,-0.078063916,-0.041706777,-0.052573413,-0.070845949,-0.062934952,0.007231353,-0.054384726,-0.059413008,-0.058457463,-0.085070044,-0.051688269,-0.054393375,0.009742805,-0.061108288,-0.076793417,-0.059555548,-0.030033054,-0.028643791,-0.034479481,-0.072376214,-0.021044481,-0.088350473,-0.045623918,-0.021672675,-0.094475993,-0.090428521,-0.020438693,-0.024916039,-0.050220957,0.003778325,-13.29185653,264.6675297,,,,0.027857966,
TXH3.2021,M10.G.P,M10.G.P.W-Int,CV0,245,DAP,0.486554055,0.516867223,0.473824956,0.534621166,0.463642611,0.48805924,0.477559819,0.4731656,0.509969678,0.51507159,0.472324776,0.459839778,0.536977713,0.517228119,0.483449551,0.510780023,0.484769912,0.518674746,0.451228197,0.496944719,0.473324781,0.525225648,0.539489954,0.509099162,0.420523325,0.55292266,0.446237175,0.475598532,0.509616418,0.479064276,0.495812299,0.483925007,0.513770173,0.499059374,0.49517649,0.50573482,0.508489656,0.472433637,0.487610774,0.479704904,0.498190168,0.464829065,0.541925062,0.476731867,0.490975213,0.531349872,0.516003831,0.485052184,0.44845362,0.493612032,0.493829909,0.003111654,158.7033277,321.3724499,,,,0.027362689,
WIH1.2020,M10.G.P,M10.G.P.W-Int,CV0,394,DAP,0.507852388,0.505365352,0.479466949,0.492740407,0.483646461,0.534442335,0.464567921,0.526562612,0.505236533,0.429566251,0.510355241,0.471192387,0.482861818,0.501637411,0.505073794,0.479777145,0.453587316,0.50779539,0.434447771,0.574227597,0.489771201,0.459034794,0.541919388,0.508323931,0.460622396,0.469683865,0.486423561,0.488785266,0.496948202,0.507899352,0.477389063,0.540614201,0.51729413,0.473343712,0.454216744,0.488215798,0.472162337,0.520579661,0.498633074,0.480719782,0.480222632,0.46169188,0.537165107,0.440497861,0.532594369,0.551506675,0.461396803,0.483045195,0.511254051,0.467933175,0.492205826,0.001932993,254.6339877,517.3323322,,,,0.030801156,
WIH1.2021,M10.G.P,M10.G.P.W-Int,CV0,398,DAP,0.391575478,0.403248865,0.462351798,0.440291454,0.416042183,0.399231861,0.425886902,0.417893765,0.396180666,0.455638065,0.395777465,0.443600634,0.460114841,0.429158933,0.371086958,0.47789197,0.463282801,0.346799825,0.393548817,0.425855261,0.450529552,0.411085248,0.409299145,0.434651628,0.394435195,0.403729973,0.428977704,0.385410556,0.412461661,0.468960626,0.421419592,0.469211947,0.408826486,0.412521503,0.393414153,0.426418358,0.452250005,0.407790029,0.418922404,0.411589777,0.400458081,0.428098795,0.42749667,0.440796321,0.412989319,0.414655649,0.434178548,0.49011329,0.34855224,0.405119832,0.420796457,0.002078107,202.4902817,481.207193,,,,0.030031533,
WIH2.2020,M10.G.P,M10.G.P.W-Int,CV0,1127,DAP,0.202536636,0.162862987,0.180005413,0.186789404,0.155957535,0.157812075,0.174425075,0.203001968,0.168326192,0.178583973,0.14627667,0.20999585,0.180976069,0.153251696,0.193872799,0.166515005,0.189277696,0.202133321,0.161355885,0.174796839,0.202531734,0.153966914,0.188262928,0.181843439,0.151988178,0.16580049,0.157884643,0.179872746,0.181508289,0.194154227,0.155452727,0.166145218,0.197629037,0.198420468,0.164041462,0.193408783,0.16489149,0.186102432,0.1362574,0.194392905,0.196091467,0.166580845,0.159880187,0.173238037,0.185889491,0.161276069,0.171029844,0.210858276,0.182281922,0.152758653,0.176463868,0.000861209,204.9024091,1161.157872,,,,0.018252589,
WIH2.2021,M10.G.P,M10.G.P.W-Int,CV0,1137,DAP,0.41724326,0.387901666,0.431421459,0.42490492,0.454511007,0.402306099,0.445093878,0.412990202,0.415477168,0.443464651,0.425610184,0.43013217,0.441437142,0.41447476,0.412424441,0.453808699,0.422486122,0.434886123,0.412071266,0.400583682,0.460419952,0.41513745,0.43006214,0.39358573,0.414367614,0.437241876,0.435569487,0.408335059,0.413619054,0.420718996,0.416261975,0.456151359,0.402891014,0.414474734,0.429520242,0.44398732,0.434507995,0.415968133,0.41260814,0.413704776,0.411150835,0.471072346,0.397535567,0.427239285,0.415388346,0.415269258,0.418778826,0.445075998,0.414447103,0.421313726,0.423792665,0.000722819,586.305223,1383.471853,,,,0.017788988,
WIH3.2020,M10.G.P,M10.G.P.W-Int,CV0,415,DAP,0.220499592,0.286106117,0.152133803,0.223165946,0.265035759,0.239743472,0.25224002,0.26610238,0.172375078,0.22760471,0.254513104,0.262790567,0.250854398,0.143619157,0.232999335,0.236519564,0.186845473,0.153955578,0.271803558,0.293008834,0.24281152,0.282090916,0.180326583,0.253812748,0.173655386,0.232065961,0.259609191,0.170421127,0.209816473,0.277791904,0.226622146,0.232746084,0.262852562,0.27838175,0.143732305,0.241954087,0.22847888,0.213901182,0.201053985,0.260181252,0.148864904,0.222785946,0.251301654,0.218361753,0.280219534,0.217871428,0.257297533,0.28883127,0.146885198,0.232913816,0.22859111,0.002294785,99.61331225,435.7707177,,,,0.042604428,
WIH3.2021,M10.G.P,M10.G.P.W-Int,CV0,397,DAP,0.566553288,0.559891691,0.576850748,0.570247192,0.600678921,0.549204283,0.557355688,0.606125188,0.57258939,0.589792666,0.587990563,0.578714702,0.596638142,0.525575893,0.578663574,0.636817581,0.543591402,0.525510911,0.564571185,0.604796853,0.590590871,0.578908734,0.57451818,0.552016455,0.570169524,0.604916896,0.607043727,0.538009351,0.57747094,0.542360596,0.61599653,0.592146815,0.56584628,0.549777282,0.541133588,0.609390779,0.576615503,0.563147548,0.551405594,0.583874626,0.527218558,0.57263434,0.597069941,0.571067854,0.585924851,0.574897236,0.591928878,0.553143653,0.533678482,0.612006555,0.573941401,0.001697699,338.0700939,589.0324232,,,,0.025629312,
DEH1.2020,M2.G,M2.G,CV0,1142,AGDD,0.657779758,0.670413416,0.682343908,0.662929404,0.65236175,0.670508517,0.678207917,0.648616712,0.65655102,0.668917164,0.665783124,0.670639601,0.667350399,0.671716111,0.650517268,0.662609365,0.672021697,0.645174356,0.664374457,0.680284112,0.654676331,0.672565982,0.666125888,0.668329601,0.660272916,0.670797289,0.656429892,0.68221223,0.651720101,0.662528609,0.664959339,0.662371595,0.670783622,0.670279738,0.655116469,0.681073436,0.654516555,0.666857118,0.655689447,0.668720039,0.670986182,0.679297042,0.643939819,0.660207288,0.669442064,0.667115169,0.665375592,0.679587174,0.663189765,0.645426406,0.664793855,0.000489517,1358.061421,2042.830888,4299.056177,12066.28581,0.356286619,0.00993003,0.0311352
IAH4.2021,M2.G,M2.G,CV0,1128,AGDD,0.419471274,0.398887071,0.405895925,0.419061184,0.462070897,0.416710809,0.416591166,0.419908819,0.41478041,0.435318777,0.398403026,0.447670905,0.426965135,0.42579846,0.409162228,0.411412322,0.437704726,0.440213932,0.408343835,0.412981567,0.439431428,0.412017087,0.425215137,0.409050746,0.417317218,0.402022871,0.415564356,0.440769328,0.414050238,0.430792195,0.398608452,0.430475628,0.436895246,0.431091642,0.402223171,0.423848129,0.372208662,0.45290512,0.4179187,0.433429671,0.422275473,0.408909504,0.42706739,0.428411515,0.41735589,0.414357668,0.437711758,0.414976651,0.417492675,0.422479921,0.420884519,0.000730778,575.9401894,1368.40431,,,,0.015709424,
MIH1.2020,M2.G,M2.G,CV0,414,AGDD,0.20265116,0.207487436,0.220646953,0.172024878,0.274433327,0.187251048,0.21052868,0.236842059,0.220580909,0.236233351,0.1885674,0.248930849,0.216455955,0.182351451,0.248104612,0.243665522,0.160771564,0.201003809,0.215429024,0.253320805,0.22157205,0.224680071,0.176242048,0.245338326,0.193696959,0.206437193,0.19241533,0.273010798,0.196399501,0.204869337,0.214048032,0.231655774,0.232814705,0.220207533,0.178629971,0.24701431,0.137609423,0.211769296,0.253688752,0.21798023,0.243770707,0.245731304,0.182042094,0.243011393,0.170916873,0.209026966,0.229868035,0.21467977,0.186248831,0.230738777,0.215267904,0.002314708,93.00002247,432.0199199,,,,0.029140916,
MNH1.2020,M2.G,M2.G,CV0,395,AGDD,0.47052278,0.44441709,0.454179929,0.525707236,0.468836335,0.501221479,0.470299333,0.535707909,0.461492979,0.385624444,0.47678074,0.48624689,0.476916292,0.454120772,0.457116613,0.476603517,0.437391858,0.45732564,0.471753292,0.510757341,0.483524409,0.472419666,0.47408776,0.482212584,0.441812253,0.49029411,0.534099828,0.39984633,0.450671803,0.484224952,0.456838705,0.453527331,0.529487942,0.438356932,0.477619763,0.494233744,0.44544772,0.45047294,0.480485238,0.477256771,0.430732227,0.419876348,0.558406667,0.486633591,0.466101077,0.490911624,0.430236185,0.474020636,0.469084892,0.484252501,0.47100398,0.001980039,237.8761357,505.0406066,,,,0.032731285,
MNH1.2021,M2.G,M2.G,CV0,415,AGDD,0.469530642,0.404775501,0.434027368,0.338820404,0.502313455,0.359084713,0.414962171,0.496147924,0.446800055,0.462157858,0.35424143,0.491933914,0.470017044,0.461104662,0.369099323,0.448008348,0.374078273,0.442165421,0.418727823,0.467222545,0.445665955,0.436777195,0.461652466,0.405128375,0.412985743,0.444603925,0.405607424,0.455719598,0.445882597,0.412278189,0.445510744,0.458052959,0.421104772,0.496569783,0.344654312,0.427231566,0.321728023,0.404871006,0.52109265,0.466439607,0.456802444,0.415927696,0.456740422,0.415091397,0.431953573,0.41829803,0.432386483,0.459465938,0.436569311,0.409836818,0.431836958,0.001969774,219.2316793,507.6723414,,,,0.042825408,
MOH1.2020,M2.G,M2.G,CV0,1006,AGDD,0.02226878,0.045791661,0.047373293,0.062936962,0.121317721,0.051988871,0.05517837,0.035762994,0.092760894,0.069379057,0.076120693,0.047005176,0.067155055,0.057912255,0.048756369,0.060949458,0.090540833,0.05313673,0.034010798,0.064161283,0.045089578,0.068565567,0.043840106,0.104216455,0.037147935,0.074542156,0.037818645,0.047784255,0.060224348,0.076878878,0.045003355,0.034917768,0.104983152,0.046634528,0.06783602,0.064271756,0.017101437,0.05077184,0.082891253,0.076411618,0.070291239,0.04003468,0.066241409,0.042348878,0.079269604,0.069824515,0.035462224,0.087791921,0.054448385,0.048828645,0.059719588,0.000992464,60.17306941,1007.593511,,,,0.021451993,
NEH1.2021,M2.G,M2.G,CV0,246,AGDD,0.160570712,0.217284325,0.223873682,0.151842814,0.205085685,0.098886687,0.240507288,0.141676611,0.184114779,0.274211108,0.127514828,0.208198465,0.196055143,0.20195633,0.195209006,0.232510965,0.187607599,0.19091765,0.173064448,0.153701991,0.144667248,0.267065,0.199667208,0.200570692,0.123875708,0.198506101,0.052046748,0.239847857,0.234848118,0.207204482,0.184922306,0.169425739,0.210677084,0.221029209,0.144633805,0.190117169,0.070061813,0.238384107,0.199198372,0.231644023,0.152426983,0.180038661,0.16792241,0.215654224,0.210118593,0.203990771,0.231566171,0.235032635,0.161611636,0.111975767,0.187270415,0.00395463,47.35472122,252.8681383,,,,0.046304134,
TXH1.2020,M2.G,M2.G,CV0,246,AGDD,0.267426776,0.386828946,0.308809684,0.24582152,0.330336379,0.228748234,0.334082315,0.368065379,0.29231452,0.298578449,0.319112172,0.295192994,0.292515011,0.263413207,0.373452275,0.302300731,0.294602219,0.286171659,0.366212732,0.290642578,0.306461907,0.345044986,0.312279263,0.357433498,0.207051778,0.309017632,0.273431748,0.330979525,0.324330071,0.300598799,0.289799289,0.344664052,0.36782416,0.319733733,0.219008342,0.327436074,0.268275054,0.313166249,0.341271126,0.272084451,0.297718345,0.236596873,0.361961949,0.336095057,0.313961848,0.3036554,0.318962799,0.283932591,0.356879909,0.287570527,0.307437096,0.003710994,82.84495518,269.4696125,,,,0.040537504,
TXH1.2021,M2.G,M2.G,CV0,246,AGDD,0.084064532,0.131155137,0.071255768,0.015454785,0.108438291,-0.004722011,0.136303573,0.087124619,0.092947063,0.08994709,0.026258227,0.067755462,0.154018114,0.095391954,0.061721079,-0.006962993,0.0640059,0.137711051,0.10995221,0.103813283,0.102692985,0.106025029,0.148280675,0.094567939,-0.038443612,0.089269458,0.016936297,0.106295011,0.092858364,0.103627166,0.075844194,0.076203632,0.076655037,0.07597818,0.085714491,0.087082759,0.024201966,0.097003505,0.10568313,0.085330269,0.066587406,0.1161046,0.064535624,0.061529861,0.09011369,0.069495369,0.077033068,0.070657376,0.126030038,0.054945038,0.080689434,0.004071677,19.81724762,245.5990425,,,,0.039110546,
TXH2.2020,M2.G,M2.G,CV0,246,AGDD,0.276777029,0.249410749,0.247473889,0.14352256,0.210871344,0.132361513,0.238615788,0.223988705,0.285851773,0.224161391,0.176906076,0.221290838,0.233892442,0.216551092,0.264555094,0.201386803,0.114143209,0.272162683,0.309896432,0.210559818,0.223131579,0.236892506,0.251541074,0.282277612,0.105531891,0.258751506,0.131777145,0.302471014,0.174113711,0.238250748,0.245709899,0.217847198,0.255423987,0.205001935,0.197484197,0.240255341,0.205362365,0.235642072,0.234831518,0.179780313,0.245368787,0.133939492,0.306317385,0.188816416,0.237838849,0.244552632,0.256377106,0.202424093,0.263828786,0.123026877,0.221578945,0.003897143,56.85677261,256.5982637,,,,0.049907429,
TXH2.2021,M2.G,M2.G,CV0,246,AGDD,0.289743841,0.316890128,0.28586321,0.242276262,0.260619229,0.208548934,0.283643702,0.306818303,0.303593549,0.277703318,0.246964949,0.264923058,0.290766693,0.265656598,0.341718064,0.297760144,0.216998107,0.282203606,0.330593008,0.271814219,0.269564374,0.297271659,0.300588321,0.332080693,0.198900353,0.278893041,0.222816062,0.329692661,0.299099812,0.265840342,0.248607313,0.30894588,0.35181001,0.248689576,0.229540394,0.282222314,0.220900818,0.331504304,0.284218903,0.269339407,0.278318142,0.200938285,0.303472146,0.317619733,0.289994698,0.316328625,0.267231273,0.317837973,0.323579103,0.161305642,0.278645016,0.003780151,73.71265909,264.539665,,,,0.041007444,
TXH3.2020,M2.G,M2.G,CV0,266,AGDD,-0.078198005,-0.126311785,-0.014142807,-0.101616928,-0.125881176,-0.076599322,-0.156580773,-0.088252064,-0.126460136,0.007891842,-0.066043756,-0.110556448,-0.106747526,-0.032616891,-0.126242387,-0.06772681,-0.10436708,-0.117675364,-0.093074099,-0.070715331,-0.097200674,-0.08368714,-0.110586084,-0.119574831,-0.019884393,-0.101646729,-0.080458272,-0.095725051,-0.035126158,-0.140430538,-0.108994511,-0.08026425,-0.118657269,-0.048781105,-0.090658225,-0.100820939,-0.106479062,-0.102077535,-0.103030003,-0.053713953,0.04460077,-0.097674238,-0.145597773,-0.110585474,-0.121311655,-0.1183434,-0.101208968,-0.054410679,-0.082174042,-0.074623314,-0.088820847,0.003757996,-23.63516474,266.0992953,,,,0.038889731,
TXH3.2021,M2.G,M2.G,CV0,245,AGDD,0.251966296,0.266582058,0.267782608,0.288729448,0.281279478,0.259779612,0.236872633,0.261132115,0.288139198,0.30450034,0.271634423,0.261162073,0.272681177,0.24950533,0.275043748,0.294775774,0.231976429,0.276418814,0.272262241,0.277167215,0.237425891,0.306197362,0.265186464,0.286635442,0.234985237,0.257862878,0.233041868,0.292609052,0.281869597,0.288418417,0.251102478,0.291317859,0.281816101,0.276116443,0.226976176,0.264393148,0.198958241,0.288072013,0.300852728,0.274142545,0.277572959,0.228651031,0.263608723,0.269270282,0.308083807,0.272537492,0.265236032,0.265003265,0.305872249,0.231934731,0.26830283,0.003818986,70.25499239,261.8496133,,,,0.023832134,
WIH1.2020,M2.G,M2.G,CV0,394,AGDD,0.463503648,0.436191457,0.455464351,0.441836404,0.436597969,0.443142235,0.436661521,0.462479142,0.488976864,0.401865296,0.455974229,0.440889204,0.45709171,0.480864137,0.398724846,0.44921269,0.384913501,0.42398483,0.49536589,0.458573238,0.462887127,0.427743079,0.426814097,0.473298178,0.433671982,0.430616454,0.416978262,0.408833423,0.485399925,0.491855068,0.426589287,0.464704309,0.456108939,0.461791777,0.41936812,0.464855178,0.427305093,0.432121412,0.440629719,0.462632455,0.452302637,0.356756621,0.49095697,0.467159653,0.446071101,0.474440898,0.429318073,0.43358277,0.485769038,0.40589892,0.445375475,0.002045002,217.7873315,488.9971361,,,,0.028980836,
WIH1.2021,M2.G,M2.G,CV0,398,AGDD,0.36122367,0.326479986,0.285584832,0.320525741,0.329753792,0.277893052,0.334080983,0.315648009,0.30978441,0.401471357,0.311230331,0.371872752,0.298943375,0.269748161,0.370234043,0.353708392,0.369216782,0.320138475,0.299389448,0.313900792,0.374380283,0.346556738,0.325252827,0.305879966,0.253426733,0.349438046,0.298182073,0.359816909,0.345905169,0.277882275,0.300749911,0.35987204,0.305746741,0.341540834,0.317280024,0.286718727,0.300098769,0.350513864,0.359321603,0.312487385,0.299509847,0.358442872,0.294735187,0.302216723,0.369993762,0.340178597,0.393208477,0.313106985,0.322904136,0.259633977,0.325316197,0.002258003,144.072497,442.8691168,,,,0.034346864,
WIH2.2020,M2.G,M2.G,CV0,1127,AGDD,0.124077186,0.142154767,0.150582457,0.13703168,0.158418409,0.148784313,0.125913567,0.161563658,0.137155148,0.140257033,0.139310682,0.131176642,0.165431133,0.138904055,0.139503284,0.119620105,0.124715041,0.150636338,0.150424475,0.167189302,0.152864213,0.152061543,0.109844292,0.152715688,0.146832709,0.105251501,0.156584972,0.180594753,0.118782519,0.151409636,0.158812622,0.157643218,0.13134428,0.158929136,0.107637917,0.123216817,0.134010789,0.142005823,0.138988183,0.174880208,0.141744385,0.1350324,0.112374801,0.175795729,0.146962528,0.120440722,0.128433798,0.170225783,0.156411362,0.13704871,0.142634606,0.000870805,163.7963074,1148.363022,,,,0.018131941,
WIH2.2021,M2.G,M2.G,CV0,1137,AGDD,0.393558446,0.355210516,0.399521896,0.373688583,0.379375152,0.380907147,0.397658814,0.376638137,0.370787573,0.38037308,0.36050703,0.394413156,0.390947029,0.392240568,0.365974098,0.365856872,0.361332392,0.371155431,0.39415415,0.409714374,0.402111113,0.3753746,0.355719258,0.379468893,0.384593889,0.356189669,0.378505179,0.39039627,0.387271421,0.388629536,0.352821233,0.432164063,0.377715424,0.345770673,0.393846381,0.371818582,0.344328593,0.378433944,0.391245104,0.413831888,0.39331127,0.368308694,0.36806618,0.383422181,0.386825925,0.381596328,0.383250702,0.398383446,0.36518782,0.370107983,0.380254214,0.000753662,504.5418933,1326.854181,,,,0.017461056,
WIH3.2020,M2.G,M2.G,CV0,415,AGDD,0.33609182,0.274779531,0.295448485,0.273893921,0.330636554,0.314599759,0.324546614,0.31096894,0.339735807,0.20737651,0.27772423,0.322346017,0.305606156,0.31568898,0.269077526,0.304894394,0.235901661,0.317926438,0.323475323,0.322969843,0.333751391,0.300457593,0.33058184,0.288962675,0.244075413,0.327623497,0.28860354,0.292853491,0.310299366,0.296853961,0.320685953,0.29200127,0.359681224,0.254909761,0.287824354,0.325138063,0.286500739,0.270262389,0.351832871,0.287828116,0.290779195,0.251917144,0.35206215,0.301771337,0.308468412,0.314279815,0.269580257,0.302571695,0.316897125,0.313534215,0.301525547,0.002201168,136.9843466,454.3042801,,,,0.030725384,
WIH3.2021,M2.G,M2.G,CV0,397,AGDD,0.515210302,0.443094296,0.475774924,0.507814224,0.547017724,0.508892518,0.453104539,0.536836872,0.541045688,0.445758654,0.452182799,0.516778919,0.50842497,0.504000929,0.503413586,0.521837813,0.454367576,0.486052898,0.489272406,0.532559811,0.510168902,0.46937145,0.541471902,0.495471653,0.462255623,0.555270659,0.456059604,0.489777172,0.483275137,0.489970622,0.488380325,0.494794461,0.536193856,0.444333464,0.518266055,0.521070857,0.468399438,0.463001006,0.544062186,0.494334452,0.468689753,0.497425479,0.531005113,0.508212289,0.479374768,0.513021298,0.495748555,0.52722054,0.452831317,0.488181081,0.496621609,0.001907258,260.3851,524.3128674,,,,0.030544744,
DEH1.2020,M2.G,M2.G,CV0,1142,DAP,0.67085762,0.65340417,0.636039017,0.638477645,0.627699343,0.649008966,0.629990494,0.66204738,0.649954674,0.635770372,0.631662451,0.639082139,0.678559946,0.656898664,0.620280033,0.650144379,0.653375748,0.654362628,0.63175094,0.635313254,0.631101073,0.655283605,0.663590405,0.637492142,0.637010828,0.649361918,0.638530612,0.657126614,0.630672631,0.651067258,0.644159098,0.65855748,0.613309093,0.632687195,0.677236975,0.622999638,0.641595478,0.668624696,0.652849662,0.640811005,0.662552552,0.647226017,0.633578179,0.622223671,0.656264642,0.642752359,0.657613975,0.640413859,0.652221662,0.632908003,0.645130044,0.000512112,1259.745026,1952.699364,4255.062718,12032.17822,0.353640267,0.014671761,0.031091356
IAH4.2021,M2.G,M2.G,CV0,1128,DAP,0.406407454,0.413168155,0.429045761,0.416508684,0.424017365,0.417269691,0.403205348,0.428602856,0.401290851,0.43972691,0.418707298,0.435865135,0.385505085,0.426118195,0.422712785,0.407522766,0.424831469,0.451502047,0.403564532,0.401021553,0.430282626,0.405966838,0.405675964,0.431738323,0.415851879,0.415500438,0.385090849,0.425764535,0.429423198,0.434347223,0.418530259,0.417157158,0.429156124,0.427225173,0.400718603,0.422011046,0.385245344,0.431949632,0.424284096,0.424333992,0.453297375,0.419802687,0.436609611,0.392493273,0.38817134,0.44345087,0.444466513,0.388980544,0.39510042,0.419402532,0.417972448,0.000732948,570.2623629,1364.353956,,,,0.017233957,
MIH1.2020,M2.G,M2.G,CV0,414,DAP,0.182164259,0.258619476,0.193332542,0.241409916,0.204765868,0.173478576,0.237527401,0.27939722,0.20638837,0.170070831,0.218546095,0.257522103,0.214242535,0.19478613,0.200237976,0.189866839,0.264397771,0.234338737,0.199168127,0.205203475,0.265645004,0.246151041,0.169938907,0.236096891,0.161839266,0.209231697,0.233788635,0.231123812,0.187712996,0.221898725,0.218863366,0.264889653,0.202631047,0.249792311,0.14158635,0.225548209,0.212094756,0.184256651,0.21075916,0.250230179,0.206808503,0.230388089,0.211719393,0.188849785,0.237429168,0.260578827,0.242428283,0.196647605,0.144341636,0.223384596,0.215842376,0.002314107,93.27242825,432.1321425,,,,0.032108222,
MNH1.2020,M2.G,M2.G,CV0,395,DAP,0.501308286,0.527549447,0.483195338,0.515964441,0.523458871,0.484396149,0.52619465,0.518129125,0.499491029,0.510287512,0.521134531,0.525992965,0.515167502,0.445433413,0.534501756,0.542625416,0.443918153,0.495706895,0.546572336,0.514142906,0.52120723,0.505668424,0.503688772,0.507221873,0.502347506,0.523525088,0.510907446,0.458901803,0.552082872,0.497130949,0.533575894,0.499755867,0.520689093,0.524446678,0.464627826,0.534092349,0.516515933,0.458392157,0.470424984,0.572317091,0.389939595,0.499120535,0.520220493,0.549955208,0.55175995,0.508539471,0.520087745,0.540464593,0.462792841,0.508535863,0.508082137,0.001887666,269.1589885,529.7548741,,,,0.032700076,
MNH1.2021,M2.G,M2.G,CV0,415,DAP,0.452654941,0.50729984,0.443791594,0.518961194,0.444507801,0.507865448,0.47041724,0.451197514,0.447107364,0.497454073,0.525111981,0.491668984,0.469350397,0.409321142,0.466434332,0.488121752,0.521355995,0.424571856,0.463045303,0.482113387,0.504879259,0.478874512,0.442631862,0.452035539,0.491430203,0.466748453,0.534285973,0.470311085,0.416982407,0.480870975,0.521778049,0.482131719,0.474909324,0.451470165,0.435708424,0.503463595,0.400984628,0.464175891,0.441234821,0.550474106,0.462871511,0.515512895,0.501689349,0.409319984,0.478193785,0.449361913,0.512936103,0.469433588,0.400316325,0.525736081,0.473462093,0.001878532,252.0383661,532.3306124,,,,0.036398301,
MOH1.2020,M2.G,M2.G,CV0,1006,DAP,0.057475736,0.041963438,0.023356007,0.09212055,0.046385012,0.021382471,0.079935043,0.076807265,0.032904453,0.051177895,0.04921367,0.070284633,0.064249718,0.054091815,0.027611775,0.043378572,0.052298114,0.047094898,0.089450057,0.027572785,0.077056795,0.033891177,0.066777064,0.065254377,0.016677222,0.048054134,0.068413803,0.032471077,0.043685318,0.070431015,0.023351329,0.059763349,0.053628363,0.068781741,0.053675509,0.043747474,0.037424218,0.096918754,0.031563509,0.054739344,0.039487232,0.078559153,0.073762678,0.01999998,0.046134906,0.081043755,0.044505839,0.067111995,0.024154995,0.0422545,0.05224149,0.000993298,52.59399427,1006.747589,,,,0.020420851,
NEH1.2021,M2.G,M2.G,CV0,246,DAP,0.165214786,0.198554674,0.137500682,0.192462555,0.152862174,0.203355653,0.149652395,0.179425881,0.163570637,0.159510977,0.180255166,0.214769068,0.163520471,0.171798784,0.106633912,0.149632521,0.23739132,0.166544671,0.172391064,0.143998808,0.195473039,0.182672126,0.205604136,0.184340027,0.065786004,0.179497023,0.209935964,0.195177198,0.14240523,0.138550461,0.160777578,0.178444001,0.107156296,0.204475874,0.200024873,0.124374524,0.147652829,0.209706518,0.170218039,0.197908443,0.196048253,0.211804732,0.120388712,0.135239436,0.189525573,0.169252844,0.19927396,0.189957355,0.105535908,0.165105059,0.169827164,0.003980159,42.6684399,251.2462602,,,,0.033967484,
TXH1.2020,M2.G,M2.G,CV0,246,DAP,0.285614879,0.320372436,0.253833609,0.216927996,0.221352542,0.259472213,0.22544132,0.303543641,0.256610688,0.226665552,0.237275641,0.282736054,0.268238386,0.299125727,0.192817518,0.296976538,0.235286576,0.330953132,0.143838399,0.260546944,0.276619524,0.277141552,0.299522687,0.303075232,0.10909737,0.260314065,0.155192357,0.314420728,0.242668088,0.294358909,0.223546496,0.283605958,0.219708125,0.301500593,0.249922327,0.269669057,0.211462314,0.300511886,0.266547193,0.224248135,0.294813762,0.208154942,0.256291073,0.225768721,0.278552347,0.301903884,0.270816277,0.269122799,0.206675024,0.219726702,0.254651758,0.003832592,66.44374072,260.9200154,,,,0.045826959,
TXH1.2021,M2.G,M2.G,CV0,246,DAP,0.094085023,0.100331604,0.097840287,0.043423604,0.049467958,0.069968186,0.096331062,0.090912886,0.043729486,0.102826233,0.135176516,0.03586299,0.139655749,0.078917541,0.020670743,0.089656045,0.027793184,0.10412465,0.058086244,0.103665354,0.123653481,0.136829083,0.071451502,0.062513116,-0.000377846,0.058354212,0.079328079,0.085381221,0.065538489,0.116585178,0.085745791,0.068900292,0.064836067,0.08876328,0.087989414,0.081202957,0.032361993,0.087904928,0.136428347,0.044494157,0.095015223,0.08213557,0.101910112,0.026286789,0.092064357,0.115940058,0.100434327,0.082345009,0.06264107,0.039237547,0.079168383,0.004072674,19.43892146,245.538948,,,,0.032181102,
TXH2.2020,M2.G,M2.G,CV0,246,DAP,0.266373385,0.229004707,0.189056778,0.210416318,0.114686564,0.190353241,0.22206094,0.27805359,0.125170965,0.177222138,0.205310727,0.174105105,0.190703606,0.259367475,0.148995622,0.22634167,0.219810064,0.247102355,0.079491617,0.212731685,0.184135016,0.245420974,0.23115737,0.237612038,0.0735824,0.284671638,0.165845966,0.250797354,0.138833853,0.165437345,0.177782345,0.249425995,0.098472549,0.204454948,0.263394002,0.198238265,0.127534838,0.248614982,0.27265542,0.141632533,0.1763206,0.175132193,0.27585245,0.128871808,0.223706002,0.242264764,0.247337545,0.202374846,0.136571364,0.165885769,0.198007514,0.003937676,50.28537085,253.9568813,,,,0.053859082,
TXH2.2021,M2.G,M2.G,CV0,246,DAP,0.27998092,0.262266092,0.229828241,0.232560763,0.17840095,0.26458593,0.192727827,0.329404284,0.206867866,0.190012676,0.247315494,0.22265683,0.213871207,0.297408272,0.197502306,0.223923523,0.268427165,0.28587193,0.137376764,0.242524279,0.220606098,0.192189829,0.296899999,0.267667491,0.18923891,0.25438202,0.218845506,0.2291555,0.219875712,0.264654334,0.251986388,0.258673214,0.188375649,0.23139603,0.241889015,0.254167699,0.163510801,0.26165585,0.305053814,0.18396535,0.278313544,0.295135218,0.206558684,0.174780064,0.217165282,0.265789412,0.228838327,0.272636274,0.163888112,0.228721277,0.234590574,0.003872817,60.57363301,258.2100034,,,,0.041696316,
TXH3.2020,M2.G,M2.G,CV0,266,DAP,-0.09000833,-0.146488835,-0.116380115,0.010897925,-0.064692288,-0.065986429,-0.102799723,-0.071666116,-0.131760832,-0.069631343,-0.049817589,-0.111505028,-0.07112009,-0.076595818,-0.123990372,-0.068917344,-0.038267017,-0.142436421,-0.113780362,-0.071447852,-0.09917181,-0.114738484,-0.105552274,-0.06857236,-0.026516569,-0.078733957,-0.020611099,-0.091167816,-0.105363774,-0.118976926,-0.128610838,-0.108926197,-0.107172752,-0.099278262,0.045302065,-0.107813089,-0.122195957,-0.10335531,-0.091601891,-0.000638009,-0.090958515,-0.052594002,-0.05160929,-0.107116286,-0.1305777,-0.078712309,-0.15955317,-0.107354689,-0.053996767,-0.040430163,-0.084859844,0.003760602,-22.5654972,265.9149046,,,,0.041034337,
TXH3.2021,M2.G,M2.G,CV0,245,DAP,0.271681566,0.21949249,0.207937972,0.225167074,0.2074143,0.240660052,0.228366065,0.209895707,0.256276181,0.202183128,0.254758422,0.240416721,0.247319323,0.229874719,0.183535933,0.225153395,0.259563378,0.264337152,0.207826504,0.188046989,0.248491798,0.240469575,0.250368669,0.210331745,0.183582589,0.268522513,0.221709269,0.240437395,0.189941051,0.213009539,0.191349163,0.223197566,0.218326589,0.239743623,0.280680068,0.200781424,0.187440821,0.265764821,0.227353019,0.256745618,0.231278375,0.199651324,0.246289979,0.19183618,0.257897415,0.233962665,0.249524094,0.236062186,0.197486994,0.215299046,0.227748844,0.003901771,58.37062631,256.2938426,,,,0.026032457,
WIH1.2020,M2.G,M2.G,CV0,394,DAP,0.454172008,0.428786616,0.398665273,0.444262519,0.419081967,0.430546086,0.435762651,0.438887336,0.43844143,0.394843781,0.434112745,0.437409976,0.403885165,0.436244396,0.442094066,0.415891591,0.396838764,0.462765048,0.409022345,0.45976826,0.423740106,0.411215799,0.479890461,0.427398056,0.401747066,0.443255458,0.430081447,0.422734037,0.405131449,0.435229488,0.422282632,0.447580923,0.446855511,0.415295763,0.415778117,0.448315189,0.422396038,0.476145684,0.389794368,0.407785246,0.388871323,0.427833241,0.47519455,0.393063099,0.446881139,0.446381458,0.444958961,0.407297299,0.442591781,0.410547309,0.4287551,0.002082064,205.9279221,480.2926469,,,,0.022617908,
WIH1.2021,M2.G,M2.G,CV0,398,DAP,0.32734971,0.357972883,0.384515046,0.418127034,0.362461731,0.328018817,0.346908102,0.387313574,0.328299793,0.445794093,0.342976975,0.402578168,0.392376896,0.363043523,0.333682319,0.467113664,0.375214338,0.289704456,0.35437468,0.360288751,0.378499436,0.368090376,0.350494373,0.40626656,0.335050485,0.37855122,0.382219699,0.309942616,0.373030772,0.387662018,0.377482538,0.400175813,0.363347788,0.356535633,0.34323494,0.354975408,0.397574573,0.349335516,0.3720552,0.380306737,0.366705994,0.385670373,0.366656318,0.376204594,0.351213187,0.367275433,0.402745326,0.436821392,0.254308342,0.357289003,0.367956724,0.002183353,168.5282675,458.0111093,,,,0.036322546,
WIH2.2020,M2.G,M2.G,CV0,1127,DAP,0.132838619,0.112732343,0.111373572,0.181301545,0.173906388,0.142980033,0.16788606,0.144380125,0.109897386,0.151362002,0.143225352,0.133862242,0.16135776,0.161503798,0.110430258,0.15382219,0.138371112,0.16604912,0.130910367,0.127213921,0.109135639,0.145349968,0.155707256,0.164422204,0.137111161,0.167205616,0.136368518,0.142002591,0.109909756,0.155038294,0.15473385,0.153729494,0.106912176,0.156204663,0.139031081,0.162380769,0.133170655,0.133286132,0.165706907,0.117872662,0.143253939,0.139639508,0.142356765,0.153975,0.130687119,0.192257472,0.166684702,0.087688123,0.127239265,0.134046717,0.142370244,0.000870872,163.4801504,1148.274709,,,,0.021615312,
WIH2.2021,M2.G,M2.G,CV0,1137,DAP,0.392146553,0.36563231,0.378822001,0.358068365,0.406565148,0.375921091,0.375085806,0.401248541,0.376102169,0.376062452,0.392562056,0.356046338,0.417918545,0.369589768,0.363971509,0.411486797,0.378026867,0.415380693,0.343047931,0.359073214,0.424964387,0.35796247,0.385470984,0.358560904,0.37232068,0.370751522,0.41488163,0.359066023,0.373615553,0.382016518,0.378759152,0.42785922,0.347833717,0.362384451,0.386533455,0.375308415,0.376982824,0.397937305,0.384524087,0.366817995,0.371313283,0.433353186,0.368104438,0.363273602,0.369048038,0.380382155,0.374926218,0.408032794,0.364047841,0.371637437,0.380428569,0.000753545,504.851513,1327.059939,,,,0.021337197,
WIH3.2020,M2.G,M2.G,CV0,415,DAP,0.343749042,0.340498839,0.32144254,0.306935078,0.377648338,0.307463195,0.372559931,0.381036023,0.297135835,0.334972512,0.342967962,0.36939216,0.34865318,0.277127469,0.356561827,0.358744771,0.280357237,0.302011525,0.369098064,0.380806852,0.35217278,0.394998056,0.307950074,0.334371674,0.293155944,0.350007974,0.34040078,0.280353448,0.349483914,0.368698385,0.363964277,0.320780671,0.365934414,0.373687114,0.25812863,0.358252209,0.352018564,0.324617962,0.314067602,0.350135057,0.271996649,0.310128409,0.372916797,0.351630974,0.358980471,0.316145839,0.386362562,0.382476924,0.261067786,0.337756936,0.337436105,0.00214561,157.268155,466.0679537,,,,0.035294581,
WIH3.2021,M2.G,M2.G,CV0,397,DAP,0.509041809,0.517378151,0.539251055,0.502022569,0.542344389,0.497183973,0.52474206,0.517399423,0.526196011,0.545703534,0.526516786,0.526490658,0.550949308,0.462962773,0.541113395,0.574698038,0.488342757,0.482930568,0.528321968,0.538238002,0.547967567,0.523512688,0.485664998,0.531493462,0.510441963,0.535801486,0.536597396,0.483918168,0.550685879,0.509925299,0.56208364,0.524519032,0.516616615,0.520264464,0.467770855,0.569930663,0.488788154,0.502752103,0.51590957,0.539200649,0.494847672,0.512122819,0.549454537,0.506914726,0.530946838,0.514919491,0.530827544,0.544418528,0.475321098,0.537852931,0.521265961,0.001843751,282.7203088,542.3724735,,,,0.025417306,
DEH1.2020,M3.G,M3.G-Int,CV0,1142,AGDD,0.662018717,0.662772774,0.682513212,0.645097975,0.648454089,0.65942908,0.680601116,0.64818521,0.635199523,0.665014984,0.657662792,0.663292299,0.647206324,0.666735833,0.644704039,0.657954774,0.663570076,0.647526787,0.659887421,0.676297586,0.656626962,0.675984929,0.664569741,0.668416114,0.655100702,0.662739736,0.643117141,0.669558041,0.652679495,0.661731104,0.657982764,0.667788585,0.666054783,0.664084015,0.647486575,0.652241074,0.625518368,0.673327321,0.651765039,0.662314555,0.658910879,0.675031613,0.631278276,0.654639454,0.659921261,0.67021459,0.642000064,0.671898161,0.667586678,0.635994472,0.658413742,0.000496922,1324.983468,2012.387323,4373.64347,12089.64126,0.361767845,0.012562028,0.032409191
IAH4.2021,M3.G,M3.G-Int,CV0,1128,AGDD,0.430981027,0.401247503,0.423809171,0.417480695,0.461405714,0.431877065,0.425892641,0.43653609,0.435726899,0.438173558,0.40750151,0.452940325,0.422283898,0.373731043,0.420869778,0.397254751,0.434612071,0.435944563,0.410846694,0.411963496,0.451542995,0.423405815,0.440242875,0.404715741,0.413219049,0.359611626,0.426091364,0.452167092,0.408861883,0.430812941,0.420131639,0.448934251,0.431617121,0.440631194,0.407471815,0.448469125,0.371418553,0.441424982,0.431516556,0.433156852,0.400359485,0.419784561,0.416613811,0.432880928,0.426836847,0.429312646,0.454139488,0.430466646,0.417094104,0.420019406,0.424080598,0.00072838,582.2245509,1372.910136,,,,0.020726175,
MIH1.2020,M3.G,M3.G-Int,CV0,414,AGDD,0.231909777,0.248476291,0.25518519,0.200752018,0.290333067,0.218196718,0.233065617,0.261926159,0.248748416,0.249751902,0.217392877,0.27553252,0.235294159,0.201277879,0.281248169,0.269051065,0.189734037,0.241563564,0.226802474,0.276080123,0.241448909,0.244608544,0.22459589,0.273574773,0.225593913,0.256806005,0.208273726,0.297412851,0.223182043,0.232836298,0.238183146,0.258806298,0.259267489,0.240157599,0.215066423,0.271088862,0.147714989,0.243609706,0.274840449,0.248287327,0.265753754,0.284882362,0.204030278,0.263348667,0.196225731,0.237133581,0.254760664,0.246172038,0.216351477,0.263247573,0.242191668,0.002284814,106.000625,437.6724681,,,,0.02915935,
MNH1.2020,M3.G,M3.G-Int,CV0,395,AGDD,0.460824189,0.42542109,0.454902987,0.519308913,0.45455505,0.482884269,0.456799079,0.524444774,0.441289388,0.377356308,0.449510653,0.479330493,0.457357817,0.434650029,0.446516818,0.474629159,0.427379324,0.447357178,0.456752905,0.511168234,0.493336921,0.472194912,0.45846323,0.457934554,0.443268017,0.471929625,0.541345404,0.390433528,0.437285441,0.470473999,0.4363309,0.463607884,0.516138388,0.444529074,0.434267987,0.482594126,0.432374942,0.434172081,0.470428149,0.459253546,0.434864733,0.417821771,0.550527865,0.477678006,0.441166111,0.475191611,0.427442165,0.456356159,0.441505699,0.478514489,0.459877399,0.002006394,229.2059472,498.4066349,,,,0.033723786,
MNH1.2021,M3.G,M3.G-Int,CV0,415,AGDD,0.47747851,0.422437909,0.453477406,0.324753182,0.501846242,0.349710954,0.447489968,0.48622075,0.449208168,0.462979995,0.35508271,0.500653104,0.456088187,0.481196585,0.384071094,0.452467764,0.388778502,0.451750771,0.446589717,0.464647367,0.457122369,0.447532062,0.45615359,0.415289546,0.401728722,0.450129593,0.394302333,0.465366405,0.454969588,0.422072421,0.443786278,0.455811166,0.432312638,0.48506321,0.348106854,0.43773518,0.321276918,0.437684174,0.512254664,0.479842024,0.462059585,0.410831014,0.465666435,0.436985388,0.436922649,0.421913117,0.429252876,0.466689724,0.456020304,0.407018177,0.437376558,0.001958116,223.3660544,510.695076,,,,0.043200789,
MOH1.2020,M3.G,M3.G-Int,CV0,1006,AGDD,0.023230839,0.035992719,0.005650798,0.099764304,0.149597271,0.084637963,0.070514767,0.040451646,0.108818423,0.041809895,0.071271196,0.05034009,0.081644315,0.059396761,0.057781206,0.068934416,0.10610531,0.083302481,0.0366687,0.076361458,0.049687517,0.041483875,0.036635057,0.101607676,0.03462015,0.067175663,0.048959173,0.052893891,0.037315976,0.06792472,0.072414034,0.037247817,0.119771226,0.013278461,0.064707923,0.096553376,0.00371772,0.076671616,0.083485106,0.065431495,0.062572441,0.051405025,0.058445109,0.054311246,0.074189066,0.062770097,0.029430658,0.105470356,0.060562545,0.07740945,0.063208461,0.000992037,63.71585894,1008.027381,,,,0.029157752,
NEH1.2021,M3.G,M3.G-Int,CV0,246,AGDD,0.205834338,0.222286205,0.240980198,0.16458138,0.252577722,0.109885807,0.224862065,0.160693634,0.216246993,0.319039491,0.165770013,0.235805225,0.210879271,0.230383144,0.199319112,0.240390627,0.20690647,0.219946318,0.190380366,0.205167653,0.154146955,0.272603182,0.220335309,0.220903848,0.15883526,0.203580135,0.090408846,0.258510901,0.227952309,0.23957017,0.211840527,0.178431994,0.247976302,0.242724135,0.162084577,0.233918118,0.09591497,0.245683806,0.196002779,0.260978934,0.187960577,0.197734019,0.21529119,0.237507974,0.212139076,0.217323449,0.247182264,0.2473289,0.194280745,0.128221133,0.208586168,0.003920048,53.21010019,255.0988909,,,,0.044384712,
TXH1.2020,M3.G,M3.G-Int,CV0,246,AGDD,0.299548358,0.400954657,0.318536251,0.201754801,0.336885989,0.232262303,0.302150377,0.386456338,0.316422659,0.303247232,0.275742391,0.309571412,0.297318235,0.27360111,0.373013693,0.296789523,0.307541758,0.291710356,0.385303466,0.286232816,0.322038173,0.347314922,0.329354045,0.351803976,0.23033887,0.317322602,0.256696579,0.334919735,0.375956091,0.310637118,0.277429101,0.358121724,0.376318604,0.337918053,0.21468564,0.326234369,0.272994686,0.301912392,0.352510965,0.28099707,0.317076573,0.217616927,0.363741707,0.333998138,0.329673007,0.331219249,0.309525175,0.325254637,0.338935504,0.316671223,0.313085212,0.00369663,84.6947722,270.5166807,,,,0.045106462,
TXH1.2021,M3.G,M3.G-Int,CV0,246,AGDD,0.074297646,0.097171874,0.071546695,0.013194337,0.105689274,-0.008373509,0.154098375,0.06766642,0.064084871,0.080408536,0.007359399,0.07695362,0.158242214,0.07816638,0.054056487,-0.00100804,0.033367742,0.124144378,0.089336755,0.099366733,0.100851515,0.087233527,0.125005448,0.097548156,-0.053529496,0.074186497,-0.01219744,0.109005908,0.067565498,0.107750379,0.063191078,0.063823704,0.065318147,0.07160917,0.086832139,0.079005773,0.016224418,0.079433901,0.094837737,0.074490087,0.058244823,0.096339695,0.056427457,0.060031231,0.06619252,0.050315169,0.056258449,0.074634232,0.108737937,0.04349669,0.070172691,0.004078179,17.2068667,245.2074521,,,,0.040227737,
TXH2.2020,M3.G,M3.G-Int,CV0,246,AGDD,0.295781155,0.261046435,0.258913406,0.148998573,0.24407791,0.140208771,0.259522453,0.240468229,0.303422959,0.241224209,0.176944014,0.225452216,0.256351875,0.252500952,0.302342427,0.220460602,0.153988502,0.286958374,0.326415491,0.242122745,0.260820923,0.260197757,0.266953657,0.293889444,0.115326008,0.271504879,0.151235839,0.325009132,0.211173501,0.260514483,0.257087676,0.225669609,0.282860424,0.217067105,0.209337573,0.266616578,0.206053205,0.254129183,0.273856441,0.199433025,0.242667278,0.151081907,0.338489399,0.223902203,0.250709782,0.26806507,0.291604084,0.226533915,0.272938411,0.137538226,0.24098936,0.003860345,62.42690061,259.0442188,,,,0.05184377,
TXH2.2021,M3.G,M3.G-Int,CV0,246,AGDD,0.302522341,0.312631785,0.288624888,0.246874945,0.264632956,0.212871861,0.284785571,0.280080662,0.322025055,0.281103575,0.248661286,0.256906581,0.300697098,0.267016771,0.340165904,0.303818782,0.212486534,0.295011438,0.339551062,0.266435719,0.265150738,0.306729229,0.313219896,0.334736023,0.203230104,0.280038947,0.225471966,0.338271364,0.292633603,0.27008609,0.273863243,0.320981836,0.344181927,0.258402226,0.226056413,0.270573722,0.210888722,0.331867608,0.291052531,0.277913432,0.289026521,0.208500329,0.320774572,0.304238113,0.291835996,0.322208144,0.272338727,0.335032043,0.312122519,0.166016052,0.281686949,0.003773166,74.65533229,265.0294328,,,,0.041618754,
TXH3.2020,M3.G,M3.G-Int,CV0,266,AGDD,-0.099046382,-0.12427329,-0.006544315,-0.09954106,-0.103358019,-0.057416906,-0.15213122,-0.079358005,-0.136394733,-0.000667404,-0.050900974,-0.099615599,-0.101545242,-0.035005337,-0.130505629,-0.077617548,-0.092746485,-0.098454971,-0.094815665,-0.060988786,-0.10218298,-0.094028345,-0.098449212,-0.121879647,-0.002408258,-0.091336784,-0.074934474,-0.094121659,-0.044352176,-0.138119163,-0.106492077,-0.083666518,-0.099199732,-0.053313949,-0.09487307,-0.085084104,-0.106699643,-0.104088494,-0.098129865,-0.060989039,0.032940027,-0.092823491,-0.14702757,-0.109062538,-0.111626684,-0.116336774,-0.099741633,-0.059908399,-0.082838607,-0.062228236,-0.086078613,0.003759812,-22.89439054,265.9707174,,,,0.037491218,
TXH3.2021,M3.G,M3.G-Int,CV0,245,AGDD,0.270851591,0.277174375,0.275925577,0.309489613,0.300857976,0.279500564,0.25421023,0.282011542,0.305547637,0.341228259,0.283840867,0.29090702,0.300767382,0.280163372,0.300443588,0.309260708,0.257405303,0.297103443,0.300101354,0.30180667,0.252471408,0.328006435,0.293590519,0.301076546,0.273549365,0.266482564,0.250346419,0.311687727,0.312513467,0.316246826,0.27671975,0.303035764,0.307092911,0.31131053,0.260638443,0.280875177,0.212691823,0.31256415,0.320875478,0.299775923,0.292500229,0.257307537,0.292271792,0.287239377,0.317325979,0.285147167,0.288998798,0.30243872,0.320608077,0.256323046,0.29020618,0.003768644,77.00547413,265.3474645,,,,0.024049141,
WIH1.2020,M3.G,M3.G-Int,CV0,394,AGDD,0.468764994,0.427148348,0.463040884,0.466160315,0.434749682,0.442397282,0.447209707,0.463396767,0.492850887,0.427279005,0.461734583,0.436932952,0.459336008,0.486837678,0.40578659,0.447622407,0.392289414,0.412842044,0.508525912,0.462378698,0.46944599,0.446053745,0.426289109,0.474383313,0.431599907,0.442024486,0.41312168,0.410107352,0.490533752,0.488657526,0.432750605,0.445103563,0.466642417,0.457770699,0.433858915,0.460702417,0.447386604,0.434085839,0.434423378,0.472603874,0.461712529,0.367893962,0.499188831,0.468741792,0.444878798,0.477968438,0.424814431,0.429742076,0.483759457,0.42629299,0.449396453,0.002035824,220.7443049,491.2017076,,,,0.028361219,
WIH1.2021,M3.G,M3.G-Int,CV0,398,AGDD,0.354215445,0.339724961,0.325816654,0.28442666,0.336565569,0.273364569,0.349422785,0.310703426,0.314645278,0.398349438,0.320503161,0.391391734,0.305712536,0.270872142,0.348209868,0.364720578,0.363356676,0.33919855,0.289390982,0.318160641,0.364926596,0.333199049,0.345688382,0.315648854,0.278789339,0.367281185,0.310503433,0.348574046,0.342808137,0.298248088,0.277821069,0.380982472,0.337567981,0.328211622,0.328109734,0.310271214,0.304221029,0.354337119,0.362670997,0.333004604,0.310583191,0.359111207,0.308522905,0.316490721,0.385022657,0.350573678,0.397078975,0.298381652,0.322574696,0.253159818,0.330462322,0.002249481,146.9060001,444.5468979,,,,0.033992613,
WIH2.2020,M3.G,M3.G-Int,CV0,1127,AGDD,0.161225267,0.17726436,0.196906232,0.1696042,0.197671175,0.185254484,0.155560311,0.199661706,0.155433969,0.154326311,0.191052127,0.157056607,0.18664995,0.160003197,0.16822337,0.148426249,0.161217934,0.17796824,0.191034715,0.187124319,0.150974993,0.167354784,0.14821861,0.168716221,0.169374506,0.157161959,0.182924877,0.22748523,0.136716893,0.175528694,0.163260428,0.182676104,0.158390744,0.17181196,0.122607388,0.140279948,0.16470132,0.128035842,0.15801391,0.210542753,0.145072536,0.16828997,0.126962902,0.200778841,0.18225365,0.147336388,0.107008714,0.183435016,0.163863842,0.174772773,0.16732433,0.000864002,193.6619076,1157.404349,,,,0.023185065,
WIH2.2021,M3.G,M3.G-Int,CV0,1137,AGDD,0.406288244,0.363259593,0.407159319,0.389261645,0.377793456,0.392402207,0.408958369,0.390571278,0.383112977,0.376758395,0.360467738,0.406039107,0.392885492,0.409853778,0.378218268,0.380617033,0.374915902,0.379601028,0.397298972,0.410013933,0.424136869,0.382509487,0.338475243,0.399228298,0.389098987,0.380776536,0.397064584,0.392732929,0.398601543,0.412357965,0.353469532,0.436318477,0.389991072,0.357376508,0.395582268,0.372941931,0.345793689,0.383605756,0.395406342,0.413085718,0.383798555,0.379783177,0.38746625,0.388443192,0.401839968,0.385066012,0.385281155,0.408172943,0.360399904,0.38267615,0.388139156,0.000748324,518.67779,1336.319159,,,,0.019213296,
WIH3.2020,M3.G,M3.G-Int,CV0,415,AGDD,0.338168313,0.274199982,0.305688939,0.297819355,0.348549722,0.336458311,0.313303974,0.313389811,0.34254638,0.227555152,0.293872173,0.339743021,0.310430596,0.314673259,0.28045083,0.310968356,0.244451999,0.331977731,0.338665631,0.327294102,0.33530304,0.3143754,0.344196352,0.284325801,0.272199565,0.358681538,0.289446826,0.298084879,0.31995576,0.311467208,0.335887734,0.282977541,0.36818033,0.261690241,0.301284072,0.338228768,0.300304262,0.266897778,0.32317474,0.307589161,0.314634541,0.275147139,0.357406859,0.318519853,0.314289807,0.320402784,0.270345335,0.305081021,0.327554374,0.332209126,0.310800989,0.002187416,142.0859183,457.160444,,,,0.029751571,
WIH3.2021,M3.G,M3.G-Int,CV0,397,AGDD,0.528288595,0.461437818,0.497505565,0.52327607,0.547882014,0.533267278,0.477020003,0.55916947,0.563354599,0.45107891,0.469991871,0.535317753,0.526437074,0.524770049,0.509352624,0.545530472,0.476615149,0.497228513,0.515281952,0.541884442,0.523493179,0.488987162,0.536208379,0.523559812,0.491267411,0.562565398,0.486485736,0.507938882,0.50283628,0.515679151,0.510367812,0.507988355,0.545823344,0.466415658,0.536877744,0.538060977,0.482835947,0.488443264,0.546074888,0.522868069,0.493381974,0.512617463,0.548356033,0.525824514,0.488371971,0.541737198,0.498180864,0.537074347,0.480043905,0.496079457,0.513822708,0.001863256,275.7659896,536.6948275,,,,0.028019195,
DEH1.2020,M3.G,M3.G-Int,CV0,1142,DAP,0.662932334,0.652082818,0.636100201,0.632650672,0.626670403,0.652536987,0.618875145,0.646453081,0.644804009,0.629480666,0.632001289,0.644923746,0.673002942,0.656875123,0.617624014,0.635129368,0.649809711,0.658521535,0.629326046,0.63004258,0.636162166,0.655987365,0.664923308,0.63548842,0.636870206,0.650429963,0.631765073,0.655336314,0.627305246,0.652655419,0.646054689,0.662027689,0.602674591,0.63458568,0.673855593,0.61487085,0.640120684,0.655385274,0.647654918,0.630546073,0.662741607,0.640917504,0.628783768,0.616656833,0.660948181,0.640161205,0.653048087,0.639552989,0.636549307,0.628879791,0.641855629,0.000515808,1244.36879,1938.705113,4355.345521,12075.23774,0.360684039,0.015557333,0.031542121
IAH4.2021,M3.G,M3.G-Int,CV0,1128,DAP,0.404002525,0.420191644,0.442326666,0.415636699,0.432670412,0.416496467,0.423893036,0.429219857,0.419187471,0.430694604,0.42177836,0.419706563,0.395283967,0.422574864,0.430789033,0.416100887,0.435762164,0.463293065,0.411001879,0.41002548,0.428043666,0.423935786,0.418770962,0.447442361,0.426026388,0.418942514,0.382496672,0.426302334,0.428578651,0.435769813,0.439233382,0.419191227,0.422501686,0.432625032,0.401391758,0.437327783,0.396798971,0.439688552,0.429973939,0.408538936,0.464151327,0.427374219,0.454948402,0.395775918,0.386583253,0.465438143,0.447848809,0.401793764,0.412329051,0.415598958,0.423921158,0.0007285,581.909725,1372.683844,,,,0.01840971,
MIH1.2020,M3.G,M3.G-Int,CV0,414,DAP,0.201895644,0.284111244,0.231904377,0.275030331,0.223897513,0.206567814,0.256116771,0.317309704,0.221358038,0.200861908,0.255646564,0.280660046,0.227769358,0.230565442,0.240674076,0.202400513,0.297580894,0.261621216,0.237484131,0.240717152,0.308201769,0.273172115,0.211654234,0.277504203,0.192046114,0.247438631,0.256990368,0.246171035,0.243848223,0.248981055,0.263325617,0.30114581,0.240630998,0.287274828,0.166449557,0.25441401,0.231532956,0.207343093,0.265282552,0.276332536,0.234411508,0.265586698,0.24222793,0.224917824,0.265286082,0.281021433,0.269168764,0.2316939,0.181883814,0.259289531,0.246987999,0.002279119,108.3699555,438.7660784,,,,0.032877121,
MNH1.2020,M3.G,M3.G-Int,CV0,395,DAP,0.467509833,0.519525578,0.464020975,0.497326151,0.499153897,0.486083128,0.493820639,0.504790053,0.487846114,0.499724339,0.506328277,0.515424591,0.50511256,0.448550408,0.522392951,0.523669669,0.425624387,0.461075283,0.537772877,0.510285117,0.499911733,0.498584665,0.486840778,0.493342264,0.501816805,0.511885525,0.486967202,0.453110397,0.539180929,0.485912076,0.514906695,0.491744023,0.498209109,0.516642634,0.471615881,0.497086872,0.506640635,0.425072659,0.45166552,0.577118137,0.391378462,0.474487235,0.5095754,0.530217613,0.550686515,0.500405784,0.504530217,0.529994543,0.450928344,0.499496921,0.494519848,0.001922265,257.2589442,520.219654,,,,0.033004982,
MNH1.2021,M3.G,M3.G-Int,CV0,415,DAP,0.461096924,0.5121209,0.454004373,0.517011207,0.455620284,0.518514076,0.465800213,0.470485532,0.436477037,0.505514519,0.519812332,0.50418832,0.474248314,0.432387223,0.471517827,0.484019838,0.519182579,0.422880543,0.451069518,0.475779204,0.507554799,0.487329728,0.441791848,0.448979288,0.498277938,0.460552489,0.535769879,0.476570539,0.423225987,0.48021282,0.522535671,0.479782745,0.489633233,0.463458447,0.43959634,0.503718532,0.406015734,0.486276867,0.449191977,0.555202139,0.484658185,0.51328263,0.50255883,0.413999014,0.485313241,0.449228941,0.516230657,0.466702156,0.412636506,0.529559904,0.477631557,0.00186893,255.5641746,535.0655145,,,,0.035142415,
MOH1.2020,M3.G,M3.G-Int,CV0,1006,DAP,0.079462615,0.073184693,0.042290438,0.095366341,0.053422777,0.006032619,0.07757438,0.080298413,0.026719127,0.095230494,0.073873074,0.051949664,0.082037956,0.061158059,0.005806882,0.063003207,0.036798641,0.045651418,0.117599343,0.068798911,0.084041139,0.01793709,0.083194872,0.081917508,0.009753105,0.042533435,0.07479625,0.054315524,0.053135778,0.049968804,0.025362686,0.064275356,0.073048157,0.080666708,0.073987055,0.057609387,0.054481972,0.086898797,0.040992729,0.048421763,0.029947956,0.070052107,0.098363132,0.031923964,0.039728095,0.080156469,0.040070012,0.088841866,0.054858213,0.056745039,0.05968568,0.000992468,60.13865991,1007.589417,,,,0.025223501,
NEH1.2021,M3.G,M3.G-Int,CV0,246,DAP,0.223284941,0.23458222,0.136392116,0.214808002,0.189046067,0.212032598,0.175900717,0.206190686,0.19284189,0.171692394,0.211814949,0.265020477,0.224800638,0.173888017,0.119590836,0.168286532,0.252819468,0.191385356,0.201445227,0.141020795,0.206092819,0.19335863,0.213676392,0.206552825,0.087282169,0.197936842,0.199094977,0.228287718,0.144202656,0.171069264,0.180046037,0.20416597,0.112681975,0.216567102,0.244062116,0.146886184,0.171824972,0.214944602,0.198761362,0.23206602,0.22316906,0.229140972,0.162154852,0.145818196,0.231630752,0.171607367,0.207413524,0.19596833,0.098548459,0.175145216,0.190340026,0.00394988,48.1888145,253.1722602,,,,0.038859325,
TXH1.2020,M3.G,M3.G-Int,CV0,246,DAP,0.289221325,0.300611625,0.26140811,0.250424441,0.28038895,0.297155847,0.230415688,0.30529518,0.267980154,0.249281906,0.265839292,0.30133214,0.286652627,0.319309968,0.149650288,0.327252831,0.263846634,0.338678514,0.15897695,0.300132382,0.273550679,0.323062173,0.27664946,0.338605282,0.148423384,0.286686354,0.187039267,0.305158248,0.266638718,0.316895512,0.247461798,0.28265609,0.23992148,0.32282326,0.256271998,0.291928357,0.232640071,0.318343576,0.277079899,0.245362292,0.304730102,0.20953864,0.298050104,0.26511971,0.31740233,0.315522683,0.288105222,0.265350384,0.208338934,0.214967355,0.271363564,0.003796565,71.47607832,263.3960034,,,,0.046242947,
TXH1.2021,M3.G,M3.G-Int,CV0,246,DAP,0.088116101,0.105202415,0.086469373,0.050148595,0.031023833,0.051352693,0.092227257,0.090057078,0.028088334,0.084853255,0.124610386,0.021320671,0.129480709,0.059678832,0.029727131,0.09365503,0.020108876,0.100214405,0.038512583,0.099496907,0.112483726,0.125079444,0.061916681,0.043290731,0.002420832,0.061784486,0.077798681,0.067108949,0.042758737,0.115850425,0.065514691,0.060698,0.051858623,0.088269107,0.074817342,0.072042533,0.033329253,0.059001929,0.147783417,0.033099597,0.091852754,0.079078062,0.101035296,0.006935307,0.074139726,0.100593531,0.100672673,0.063466925,0.064710057,0.019023245,0.070455185,0.004078017,17.27682604,245.217242,,,,0.033898874,
TXH2.2020,M3.G,M3.G-Int,CV0,246,DAP,0.278684477,0.246207605,0.222628992,0.215037303,0.127956837,0.222768295,0.22393718,0.292953997,0.145675805,0.206733044,0.23149878,0.187880114,0.210565168,0.290202174,0.171121016,0.250212301,0.249410243,0.252712843,0.095543731,0.21822668,0.206332582,0.26401898,0.253910371,0.260503707,0.07520648,0.298021271,0.184962672,0.260678146,0.156453868,0.178143634,0.199453138,0.246477633,0.110329296,0.215574381,0.303239065,0.235998644,0.139329928,0.261044194,0.28135776,0.156588878,0.192273027,0.208550317,0.290592332,0.154876929,0.238957069,0.239490018,0.268036404,0.21957189,0.154958472,0.19779026,0.215853559,0.003907407,55.2421526,255.9242152,,,,0.054323047,
TXH2.2021,M3.G,M3.G-Int,CV0,246,DAP,0.293268564,0.254258562,0.234456565,0.224483541,0.183981402,0.259314723,0.2170015,0.308175151,0.207582415,0.196436057,0.239144564,0.216649245,0.216060802,0.294558998,0.177618716,0.207893409,0.262485778,0.28913808,0.133565628,0.252972218,0.212772907,0.18095475,0.307960987,0.278045898,0.157539531,0.262837227,0.229744766,0.241007037,0.217877721,0.236315787,0.284275009,0.250614782,0.191456274,0.226160609,0.229983103,0.243983157,0.164644549,0.272451603,0.30846665,0.174026531,0.276167012,0.297992803,0.203274166,0.184687527,0.234968295,0.270279097,0.236013875,0.290585837,0.162541806,0.223664102,0.234406786,0.00387317,60.52065662,258.1864526,,,,0.043895921,
TXH3.2020,M3.G,M3.G-Int,CV0,266,DAP,-0.083432489,-0.136141632,-0.120557309,-0.002956959,-0.064925525,-0.068560445,-0.081274168,-0.088263777,-0.125091007,-0.065519205,-0.065469875,-0.106285056,-0.071103284,-0.074971559,-0.11816254,-0.06411301,-0.035875772,-0.138660888,-0.091133988,-0.064844536,-0.096327429,-0.105234015,-0.091901616,-0.070989769,-0.04948417,-0.085619387,-0.035838591,-0.084942691,-0.087445018,-0.100022864,-0.137576028,-0.100387616,-0.099095501,-0.086772991,0.027646124,-0.096127442,-0.125166068,-0.087209055,-0.076170733,-0.030380359,-0.088863651,-0.059524931,-0.043155186,-0.102791476,-0.129807337,-0.078774382,-0.145691857,-0.106262986,-0.050680881,-0.027533981,-0.082389498,0.003762167,-21.89948187,265.8042873,,,,0.035033135,
TXH3.2021,M3.G,M3.G-Int,CV0,245,DAP,0.288136267,0.241234504,0.23742541,0.243268118,0.219668181,0.251212176,0.248420756,0.242288853,0.279854929,0.233936199,0.286246136,0.243396571,0.270761885,0.251230623,0.192929414,0.248051514,0.28941129,0.264842371,0.206388459,0.218132669,0.254251917,0.260914333,0.286124157,0.235067385,0.192836431,0.279129601,0.243881258,0.239283575,0.210157349,0.245114383,0.220712412,0.235448641,0.238016684,0.24559177,0.286361132,0.231076974,0.226062492,0.291539219,0.248510323,0.257013478,0.250143709,0.22224115,0.266807482,0.20178483,0.266925357,0.249088726,0.275502259,0.26103006,0.225894277,0.205829474,0.246183543,0.003865818,63.68214239,258.6774955,,,,0.025816404,
WIH1.2020,M3.G,M3.G-Int,CV0,394,DAP,0.462766464,0.42769744,0.394430996,0.438741599,0.417077649,0.419604722,0.4207543,0.442854379,0.446107108,0.401268818,0.431049212,0.435476545,0.406659436,0.443044225,0.440389596,0.422060091,0.397866352,0.459926777,0.400559709,0.454424521,0.420601962,0.409716802,0.471948697,0.434684645,0.392987148,0.438126072,0.418102802,0.431945179,0.409333294,0.436821053,0.411722281,0.440149635,0.448601174,0.414574815,0.42739523,0.429582712,0.419631744,0.469024102,0.407597819,0.406909503,0.393341892,0.435617371,0.474677185,0.392901213,0.440622485,0.434180385,0.442551976,0.410941766,0.449181881,0.40764682,0.427677592,0.002084418,205.1784144,479.7502101,,,,0.021364742,
WIH1.2021,M3.G,M3.G-Int,CV0,398,DAP,0.329468204,0.355411363,0.405135475,0.415333417,0.382284335,0.346191043,0.375933961,0.39359921,0.345105708,0.439321143,0.343104465,0.41656751,0.410368872,0.355679252,0.363268756,0.465174346,0.379851199,0.292351926,0.368721189,0.357567202,0.39985796,0.352527415,0.363570752,0.423071184,0.354595349,0.387014732,0.396570703,0.333873127,0.370038091,0.392605254,0.384650767,0.413674503,0.374807448,0.367017375,0.347093688,0.36204523,0.411946107,0.368742717,0.387209317,0.371940226,0.376731487,0.382415092,0.383171741,0.372532005,0.357271803,0.391934762,0.388272625,0.437569307,0.265871623,0.357360082,0.376328421,0.002167618,173.6137719,461.3357966,,,,0.034647392,
WIH2.2020,M3.G,M3.G-Int,CV0,1127,DAP,0.173912939,0.125625895,0.124819203,0.201737416,0.186184609,0.155811288,0.184784815,0.161563966,0.123789223,0.174963798,0.154201174,0.151678779,0.177019882,0.2008959,0.146428016,0.185390025,0.172983329,0.169345979,0.15690803,0.143149861,0.147789484,0.161697995,0.185050186,0.166221949,0.14096003,0.201612154,0.154773086,0.163579112,0.149339846,0.158603837,0.168044262,0.166168121,0.139842449,0.197516762,0.165299325,0.180259999,0.134943297,0.154427147,0.187590051,0.146885343,0.154749757,0.150508746,0.172976126,0.208042111,0.17811747,0.215563837,0.175391974,0.102675,0.151619189,0.137668238,0.16378222,0.000865045,189.3338043,1156.009511,,,,0.02349765,
WIH2.2021,M3.G,M3.G-Int,CV0,1137,DAP,0.404762113,0.370679044,0.381876451,0.381827665,0.404946383,0.384877799,0.385478648,0.414350949,0.376488016,0.384417509,0.401477945,0.357703982,0.447543556,0.382951198,0.386961647,0.416266161,0.372382308,0.426305696,0.366425039,0.373728424,0.421689982,0.374929477,0.40088743,0.375327504,0.39300219,0.383573208,0.432789844,0.364073403,0.39758121,0.38666079,0.371174309,0.434957272,0.371530025,0.367083596,0.398330203,0.385044033,0.394956417,0.405661911,0.398503652,0.367287905,0.358875976,0.454420897,0.372350697,0.374068763,0.383409868,0.37009138,0.379260592,0.42039839,0.381991593,0.380442856,0.390436118,0.000746749,522.8481566,1339.138805,,,,0.022666618,
WIH3.2020,M3.G,M3.G-Int,CV0,415,DAP,0.358168847,0.355540221,0.321303017,0.3224729,0.38880209,0.31239642,0.378933089,0.389412219,0.318218936,0.330988932,0.344793796,0.372226309,0.36826531,0.280354469,0.37816601,0.364363302,0.306809687,0.327175185,0.380055854,0.379830357,0.366563142,0.40013971,0.332123326,0.341775534,0.306340178,0.340565146,0.337767991,0.300783139,0.352315703,0.387898779,0.362488953,0.318073464,0.385090187,0.389803575,0.262490649,0.37546451,0.367751431,0.313100303,0.332253081,0.367336919,0.281049917,0.316793248,0.385998515,0.365942191,0.379533806,0.323762424,0.39283024,0.396593522,0.274792261,0.340715787,0.347528292,0.002128872,163.2452826,469.7323542,,,,0.035406762,
WIH3.2021,M3.G,M3.G-Int,CV0,397,DAP,0.525888755,0.537481485,0.550219583,0.531026876,0.559804279,0.50481166,0.543814498,0.537135693,0.549267701,0.556011031,0.551847788,0.530305747,0.570971643,0.49292273,0.552146357,0.587536051,0.510251715,0.502083752,0.539262545,0.555907502,0.562325167,0.527338676,0.521285627,0.540706368,0.540301719,0.553661695,0.552174301,0.502066043,0.571176653,0.515296093,0.577717003,0.530936505,0.536551866,0.538127421,0.510050527,0.58538841,0.518678192,0.510945085,0.534149481,0.546704235,0.52371796,0.517448815,0.572606758,0.506754394,0.555556809,0.522733904,0.550873519,0.539530675,0.49149295,0.552675999,0.537953405,0.001799003,299.0286527,555.8634818,,,,0.023432425,
DEH1.2020,M3.P,M3.P-Int,CV0,1142,AGDD,0.308048881,0.287206215,0.309467519,0.311842084,0.328838233,0.311531461,0.301955129,0.340300461,0.273407407,0.361409213,0.310154159,0.296380039,0.290093779,0.321229375,0.347455482,0.304658387,0.334892926,0.333321645,0.308398879,0.307853894,0.288692738,0.312513214,0.335549444,0.294155744,0.316794734,0.321185504,0.280175975,0.345934773,0.312698235,0.304717012,0.315156384,0.325713073,0.304807091,0.329872625,0.307628279,0.313023255,0.301393212,0.346825308,0.307876408,0.331879175,0.336318222,0.331166669,0.277290056,0.361605592,0.281675628,0.330117785,0.314235845,0.322929238,0.272036826,0.31869255,0.314622115,0.000790362,398.0733256,1265.242672,3193.773799,11147.6258,0.286498117,0.021308435,0.033366318
IAH4.2021,M3.P,M3.P-Int,CV0,1128,AGDD,0.268636025,0.201616826,0.241274394,0.231258361,0.253437245,0.21970639,0.208995273,0.249617282,0.177791039,0.260860599,0.225812974,0.245528376,0.206405423,0.222423819,0.262806027,0.261952875,0.28376231,0.198487184,0.22931371,0.220394974,0.212504036,0.216184073,0.232880891,0.27017114,0.302775162,0.223471032,0.244058234,0.204657914,0.246127725,0.251964287,0.211828825,0.198065632,0.242762395,0.288532687,0.235689987,0.260271409,0.177184536,0.23045098,0.215568627,0.255268527,0.258161059,0.266324406,0.260599275,0.227166431,0.207092274,0.228418421,0.230967214,0.23834235,0.216389867,0.243799573,0.235355202,0.000838906,280.5502143,1192.028952,,,,0.026989577,
MIH1.2020,M3.P,M3.P-Int,CV0,414,AGDD,0.3727923,0.348744564,0.359757973,0.32845781,0.338065932,0.363629428,0.352428218,0.315578341,0.337522129,0.401493311,0.353277578,0.325985083,0.304358983,0.387859319,0.394991237,0.394560513,0.426092301,0.331421634,0.291039959,0.329125475,0.326516322,0.355426762,0.375696106,0.319247894,0.376501359,0.399709857,0.370662386,0.324308829,0.302147016,0.362151843,0.349564816,0.352844739,0.348312413,0.338291024,0.35826426,0.329321046,0.396177272,0.328520365,0.319379051,0.343046896,0.352893089,0.34445914,0.347355846,0.329223209,0.341681944,0.319172575,0.423356546,0.346964562,0.374639305,0.306241061,0.350385192,0.0021292,164.561932,469.6600642,,,,0.030665537,
MNH1.2020,M3.P,M3.P-Int,CV0,395,AGDD,0.328868603,0.288945032,0.374428915,0.325897205,0.22610651,0.279543667,0.260757338,0.351669705,0.32603747,0.245696778,0.318318956,0.290068669,0.309517553,0.315707738,0.258358404,0.349855922,0.231655495,0.2873327,0.259749863,0.359406988,0.323392472,0.310582572,0.356952924,0.212690455,0.30593427,0.318968194,0.337225343,0.21425896,0.331218029,0.314634722,0.270248117,0.278010471,0.347160411,0.333137426,0.298867281,0.312603227,0.295644584,0.298093715,0.239145046,0.326150676,0.306446737,0.283763245,0.36429466,0.318502541,0.262887531,0.31634856,0.274825172,0.410614427,0.29377023,0.203297506,0.30095186,0.002314066,130.0532686,432.1397731,,,,0.044170544,
MNH1.2021,M3.P,M3.P-Int,CV0,415,AGDD,0.328783185,0.333771222,0.243855152,0.252674523,0.281473623,0.233239375,0.329610778,0.273724836,0.300947713,0.291413235,0.285637452,0.261168104,0.265174331,0.225151124,0.35286854,0.248746747,0.296023831,0.26784609,0.303841224,0.262226744,0.26974264,0.32373661,0.313930544,0.280772098,0.208264763,0.287960306,0.277262034,0.302002959,0.247029468,0.291007493,0.333677725,0.297754593,0.261806713,0.253298521,0.267791247,0.270992223,0.246405442,0.3810188,0.247713415,0.248266732,0.298022234,0.305694014,0.248802216,0.245739398,0.273057342,0.246839139,0.320510201,0.274599779,0.299678019,0.242727968,0.280085649,0.002231361,125.5223466,448.1570079,,,,0.034826544,
MOH1.2020,M3.P,M3.P-Int,CV0,1006,AGDD,0.429864183,0.403585179,0.452200334,0.450192593,0.445817708,0.433961545,0.420787515,0.450432453,0.446871557,0.424833676,0.423806401,0.448711527,0.422077914,0.46146012,0.424425836,0.459055524,0.427727239,0.43536381,0.424455513,0.439298451,0.436754922,0.447480172,0.415852341,0.444703088,0.445670174,0.453787803,0.447902903,0.456699908,0.403267767,0.421682075,0.436875822,0.472404759,0.439959388,0.445314526,0.391907344,0.474689331,0.377560808,0.444704363,0.459943806,0.42130937,0.458186658,0.413410097,0.427048774,0.449869282,0.423072879,0.416545684,0.457423631,0.449888321,0.457905146,0.398468796,0.43630438,0.000806413,541.0434465,1240.059626,,,,0.020574683,
NEH1.2021,M3.P,M3.P-Int,CV0,246,AGDD,0.33945059,0.407471779,0.343374118,0.370550618,0.368751849,0.352485327,0.347137765,0.370069857,0.35761315,0.408735417,0.361608562,0.331116862,0.32934249,0.449140126,0.350059991,0.409975056,0.408634661,0.356365447,0.29746522,0.379679915,0.357124748,0.366649082,0.358147659,0.388991815,0.372145024,0.373472148,0.367087315,0.361571469,0.370203615,0.344532119,0.421075232,0.37682455,0.3748534,0.359857701,0.309895335,0.396596832,0.314028403,0.36379397,0.333115883,0.415489291,0.368805415,0.28673395,0.392229748,0.410639816,0.370150411,0.372721024,0.37727344,0.371481082,0.329752821,0.391894676,0.366723335,0.003547189,103.3842253,281.9134079,,,,0.031908729,
TXH1.2020,M3.P,M3.P-Int,CV0,246,AGDD,0.554237355,0.62232313,0.591236042,0.539427954,0.575242494,0.56427496,0.586678865,0.602893723,0.547176872,0.562337479,0.505628431,0.610997478,0.537949586,0.581478696,0.614436311,0.600131247,0.521355389,0.550585188,0.583361508,0.591349955,0.575990641,0.593855801,0.580885873,0.573979231,0.556465604,0.575757759,0.529736233,0.531536739,0.611116368,0.592159697,0.568470906,0.620661251,0.617472557,0.543491961,0.485079986,0.58856229,0.571534652,0.514383588,0.612310909,0.587318293,0.600985717,0.505817705,0.577633203,0.589142443,0.584355472,0.61041766,0.539258843,0.598621812,0.569836575,0.551863181,0.572036112,0.002757273,207.464422,362.6771414,,,,0.032996556,
TXH1.2021,M3.P,M3.P-Int,CV0,246,AGDD,0.133662466,0.073164514,0.073649045,0.055498249,0.13225507,0.015003048,0.091542942,0.114537174,0.111375804,0.122932336,0.01566768,0.137135086,0.122978945,0.07676879,0.098756401,0.03499181,0.065187834,0.13690243,0.155393619,0.063146553,0.106007686,0.119761592,0.127831695,0.119089365,-0.018946122,0.061135137,0.061451506,0.144123474,0.048781048,0.152815548,0.1059068,0.146056341,0.055777337,0.129788592,0.032421839,0.110493318,0.043699091,0.088590665,0.077924969,0.129403909,0.060003967,0.109268273,0.118784188,0.108096084,0.065015019,0.062873895,0.104806696,0.103726711,0.143799288,0.061668228,0.092214119,0.00406351,22.69321545,246.0926349,,,,0.040410026,
TXH2.2020,M3.P,M3.P-Int,CV0,246,AGDD,0.489959707,0.414850943,0.459343551,0.356706807,0.370386766,0.419833527,0.394215696,0.429929274,0.399699036,0.448513952,0.359893357,0.437583787,0.43943988,0.413593734,0.459606796,0.373365076,0.411387122,0.473739745,0.383805318,0.461385782,0.395988711,0.426772858,0.457465303,0.452748167,0.335442609,0.433063656,0.409429765,0.420621997,0.416063593,0.413197056,0.434805659,0.444058407,0.429581827,0.410658126,0.409223984,0.409741478,0.393299604,0.426801127,0.430738592,0.438790995,0.390509659,0.396543208,0.502009176,0.392871962,0.437015753,0.451654797,0.454011418,0.434203798,0.43283173,0.316445911,0.419876616,0.003375835,124.3771313,296.223049,,,,0.036262132,
TXH2.2021,M3.P,M3.P-Int,CV0,246,AGDD,0.303142711,0.297688791,0.245541063,0.228812857,0.278495125,0.239033569,0.279642636,0.29913084,0.332944909,0.167209916,0.190878827,0.244541399,0.295898168,0.333829836,0.289087688,0.261335329,0.203372296,0.324397097,0.256043128,0.299393835,0.302772953,0.320084408,0.25554729,0.307282003,0.187548982,0.286084294,0.206362321,0.325201819,0.241243145,0.295589089,0.255753846,0.274546141,0.283113352,0.233764598,0.279021251,0.332745442,0.231217173,0.255990037,0.291636921,0.236601459,0.204029207,0.203999431,0.27581394,0.348558386,0.31779032,0.302792267,0.252042108,0.34578593,0.258565309,0.193481165,0.269507692,0.003800679,70.91041182,263.1109014,,,,0.0454794,
TXH3.2020,M3.P,M3.P-Int,CV0,266,AGDD,-0.001186203,-0.011247642,-0.057854144,0.032810325,-0.025871705,0.047274582,-0.051273528,-0.039892719,0.056891094,-0.076311709,0.01212878,-0.056448187,-0.004971459,-0.021514811,0.008627319,-0.113339757,0.018720361,0.059190241,-0.029074303,-0.012013844,-0.018229805,-0.022502432,0.021268114,0.03218947,-0.065938553,-0.068039086,0.022276102,0.00897477,-0.048877736,0.011251987,0.037260442,-0.053366737,-0.073782345,-0.000905203,0.016213457,-0.050075931,0.006863446,0.047534358,-0.023796629,-0.028576338,-0.024040112,-0.021955205,0.022898108,-0.057913815,0.011958103,0.00612196,-0.068450336,-0.045170094,0.061422591,-0.010562268,-0.012826141,0.003787256,-3.386658248,264.0434378,,,,0.04049752,
TXH3.2021,M3.P,M3.P-Int,CV0,245,AGDD,0.353188283,0.426984105,0.373474694,0.36226201,0.327298002,0.392815801,0.407659371,0.392693551,0.321875145,0.390373422,0.368554409,0.398548765,0.385880282,0.337024782,0.387792901,0.330394758,0.381046252,0.371447757,0.329809733,0.442011017,0.384118686,0.346390863,0.38124962,0.410539133,0.326903942,0.356711367,0.395648849,0.411164735,0.34117278,0.349218868,0.324051356,0.401276178,0.403183582,0.399779439,0.373384451,0.394153552,0.352065684,0.352925932,0.395437163,0.354510144,0.344475816,0.351930318,0.391325705,0.366743365,0.421805804,0.367496768,0.343692965,0.386544539,0.374877751,0.307474157,0.371827771,0.003546272,104.8503233,281.986262,,,,0.030569649,
WIH1.2020,M3.P,M3.P-Int,CV0,394,AGDD,0.445760975,0.378359923,0.4294992,0.453974529,0.437011715,0.443822115,0.437389748,0.448253022,0.459064161,0.385948391,0.413090055,0.463606595,0.46229388,0.344281642,0.487788929,0.438536817,0.387244112,0.432876084,0.444928284,0.453908029,0.47261035,0.418977444,0.490831088,0.447719862,0.325661916,0.491388633,0.401718272,0.374397885,0.450397398,0.435329458,0.456360078,0.449280392,0.430807113,0.329377573,0.462383447,0.372107033,0.520204381,0.454641138,0.403100446,0.435266834,0.385725819,0.486917654,0.389449735,0.434651797,0.450948948,0.388466588,0.513190482,0.380334433,0.486901938,0.403016636,0.43179606,0.002075388,208.0555655,481.8375734,,,,0.044032534,
WIH1.2021,M3.P,M3.P-Int,CV0,398,AGDD,0.272046742,0.324999003,0.297670274,0.27295978,0.316689568,0.308695723,0.276447813,0.322562314,0.315573102,0.275856363,0.291979427,0.318658333,0.269371146,0.30150649,0.314336366,0.355901556,0.300474358,0.294843926,0.279268585,0.325951369,0.313053407,0.266149302,0.272197477,0.274289639,0.338196651,0.314980504,0.331864465,0.257498509,0.291429015,0.293460739,0.287898491,0.345186039,0.313435183,0.328437609,0.271079329,0.304266408,0.266762706,0.274774237,0.299402807,0.314398178,0.30692613,0.263653177,0.289971779,0.268388075,0.328788414,0.298703124,0.338048798,0.282681803,0.287821405,0.310014628,0.299391005,0.002298902,130.2321978,434.9903486,,,,0.024255949,
WIH2.2020,M3.P,M3.P-Int,CV0,1127,AGDD,0.181717243,0.143106402,0.145202597,0.136289125,0.144509324,0.179880775,0.122937333,0.103787487,0.16421763,0.184895833,0.172709086,0.175705371,0.136801473,0.121270238,0.14280121,0.129782747,0.113567646,0.150418896,0.167128478,0.185740835,0.154863603,0.157528356,0.153971948,0.124460343,0.152378764,0.16795544,0.106781174,0.178509758,0.148024161,0.13446777,0.166060775,0.125841272,0.166703673,0.159423171,0.112305248,0.15144682,0.142286323,0.131157872,0.162886741,0.152312124,0.131150248,0.160935865,0.145046738,0.146569424,0.164812926,0.1520387,0.136728658,0.184378242,0.153681521,0.137305521,0.149289658,0.000869078,171.7793816,1150.644885,,,,0.020933872,
WIH2.2021,M3.P,M3.P-Int,CV0,1137,AGDD,0.193180034,0.159538398,0.227144857,0.224801023,0.215055528,0.20831838,0.21757936,0.227489083,0.213969724,0.172593789,0.230215852,0.236524884,0.152794868,0.227897014,0.183342548,0.211345666,0.221731145,0.212092776,0.209052598,0.173797279,0.161076297,0.207030262,0.260820829,0.225597453,0.174664047,0.238572107,0.234683718,0.182453933,0.221663492,0.167727275,0.183167584,0.228481968,0.242209384,0.208128165,0.226254702,0.204551631,0.217957905,0.255753596,0.205939122,0.169945281,0.20371447,0.23311876,0.197047737,0.231896887,0.141634988,0.221311795,0.192256528,0.17664077,0.208894832,0.177026946,0.206373745,0.000843533,244.6540469,1185.490172,,,,0.027352566,
WIH3.2020,M3.P,M3.P-Int,CV0,415,AGDD,0.02244106,0.114838184,0.107331438,0.12598526,0.084208095,-0.017192875,0.095856771,0.090881514,0.10910379,0.161942567,0.105303159,0.068889213,0.058037044,0.091532612,0.107990562,0.098383504,0.110219773,0.106896306,0.073958301,0.032668395,0.079743467,0.099956077,0.126717876,0.062888751,0.07099458,0.13270934,0.089044572,0.045150211,0.180368113,0.004946794,0.169515228,0.044555423,0.041980035,0.097736065,0.108223315,0.054540457,0.037225445,0.142021282,0.073465924,0.134068094,0.151256467,0.076338867,0.034545685,0.064658117,0.120597776,0.09033264,0.109688213,0.090510895,0.145667651,0.011013425,0.088794709,0.002402217,36.96365481,416.282177,,,,0.042950781,
WIH3.2021,M3.P,M3.P-Int,CV0,397,AGDD,0.318681172,0.30484275,0.268330025,0.28576017,0.305873909,0.275847484,0.278147958,0.353561798,0.281537062,0.369411508,0.269397853,0.311881357,0.298013296,0.276537026,0.389114011,0.319855815,0.321905911,0.260504742,0.320115466,0.271061688,0.26648844,0.303534177,0.372562805,0.295709678,0.248638162,0.319821695,0.305299658,0.334920061,0.272217647,0.295369593,0.269015053,0.300738362,0.329044973,0.280456708,0.33090306,0.261425614,0.299521383,0.375300773,0.287467017,0.28798127,0.351659201,0.343747382,0.233694846,0.322711853,0.26061424,0.266197629,0.38712716,0.298151731,0.342584456,0.246539482,0.303396502,0.002298609,131.9913477,435.0457132,,,,0.037775011,
DEH1.2020,M3.P,M3.P-Int,CV0,1142,DAP,0.33647281,0.322911176,0.326900938,0.313783505,0.389970254,0.340047108,0.349124042,0.341425993,0.323663705,0.37057489,0.330707102,0.361998563,0.34714973,0.293926693,0.361911512,0.384326023,0.29268041,0.346404534,0.331427509,0.340415818,0.326983174,0.360715371,0.345434797,0.357933316,0.331433907,0.337190014,0.34797646,0.345428256,0.342195828,0.282350788,0.352222073,0.354126332,0.256999413,0.376692482,0.338274292,0.344185349,0.325577574,0.342009788,0.311144968,0.360767587,0.343366557,0.356724683,0.275094924,0.350747994,0.323042884,0.319420456,0.34469795,0.347390945,0.35805026,0.32923146,0.337864644,0.000777059,434.7991069,1286.903245,2969.998312,11153.39176,0.266286559,0.025811001,0.037613937
IAH4.2021,M3.P,M3.P-Int,CV0,1128,DAP,0.365790443,0.392600824,0.348144732,0.387362829,0.344000912,0.33108532,0.380681244,0.372481976,0.372533108,0.382685275,0.353985995,0.364678193,0.358652365,0.380529286,0.355803605,0.400326308,0.377821276,0.360421769,0.387838138,0.369653489,0.395484288,0.370485638,0.380766922,0.370793259,0.356718809,0.228836966,0.398972357,0.403594626,0.369580673,0.343754941,0.363592427,0.375295569,0.385389279,0.35465918,0.371332042,0.36772353,0.405323016,0.355538539,0.352686287,0.398539901,0.329157236,0.395893672,0.364234059,0.37447638,0.377495082,0.382797042,0.430276366,0.336874478,0.327101526,0.397504516,0.369039114,0.000767149,481.0525214,1303.527196,,,,0.029430427,
MIH1.2020,M3.P,M3.P-Int,CV0,414,DAP,0.37570639,0.294505587,0.317909151,0.312716084,0.270873846,0.404958864,0.265208009,0.291681053,0.27994268,0.32687694,0.277778996,0.306499745,0.279300336,0.446536421,0.282507105,0.353335538,0.302940927,0.392421613,0.26233053,0.257048307,0.230864776,0.287587725,0.429662613,0.340556046,0.241297722,0.366597728,0.281890728,0.317235649,0.34138552,0.271727823,0.310946592,0.297044893,0.204949391,0.325949445,0.435756666,0.28749623,0.275841645,0.391068039,0.335956999,0.267079178,0.416063281,0.3243671,0.261933768,0.322243378,0.283070665,0.281406419,0.291371404,0.343821741,0.343965384,0.300975687,0.314223847,0.002187532,143.6430557,457.1360736,,,,0.05391879,
MNH1.2020,M3.P,M3.P-Int,CV0,395,DAP,0.25209951,0.234350321,0.274629416,0.2609833,0.250412451,0.316019565,0.227415405,0.265794999,0.258488227,0.242245707,0.301041224,0.27389069,0.259843621,0.208873822,0.190769565,0.278660473,0.215485308,0.272435184,0.207905365,0.31138805,0.262055418,0.194535827,0.310705048,0.25236571,0.255245707,0.173807047,0.290814308,0.234220033,0.262660942,0.236036406,0.23563977,0.172703614,0.199849875,0.364567628,0.32946193,0.288892269,0.169579292,0.296541152,0.199750377,0.252472143,0.27015955,0.255634378,0.262747765,0.218882985,0.231693118,0.184705439,0.239379696,0.308443792,0.271280471,0.250501015,0.251561298,0.002383504,105.5426552,419.5504473,,,,0.0425253,
MNH1.2021,M3.P,M3.P-Int,CV0,415,DAP,0.266753817,0.265932252,0.215109051,0.275804334,0.166042382,0.286177993,0.199449289,0.241214084,0.166594864,0.287961332,0.169734861,0.207704755,0.232721107,0.341767306,0.231910748,0.238614957,0.259099924,0.299642065,0.162620373,0.221076595,0.185494387,0.263328401,0.358434796,0.216944553,0.153035466,0.240546912,0.197516801,0.313035443,0.212617908,0.182128767,0.267445047,0.228041219,0.171484286,0.204168122,0.307198718,0.221537931,0.196718222,0.285035076,0.256926298,0.219075492,0.310721379,0.227670801,0.230540056,0.208787697,0.223038672,0.219317683,0.284487505,0.192993447,0.263645503,0.219907925,0.235955132,0.002286502,103.1948232,437.3493481,,,,0.04769131,
MOH1.2020,M3.P,M3.P-Int,CV0,1006,DAP,0.30834102,0.353114911,0.35476389,0.384733064,0.400935978,0.373382594,0.384576909,0.368281987,0.345858804,0.371812794,0.358534437,0.339778728,0.3775166,0.376217635,0.374446613,0.385074431,0.353347116,0.387576048,0.361377059,0.357801711,0.360543475,0.354136266,0.39218683,0.372616669,0.341788313,0.373201587,0.342308158,0.379815667,0.376726447,0.365957891,0.378062949,0.386964829,0.35693824,0.346454831,0.381509912,0.394186573,0.37122904,0.390991502,0.325658783,0.361729657,0.402370675,0.364310224,0.313029882,0.32751502,0.403139511,0.387601705,0.349301691,0.373901703,0.361096349,0.375624711,0.366567428,0.00086218,425.1636521,1159.851147,,,,0.021594513,
NEH1.2021,M3.P,M3.P-Int,CV0,246,DAP,0.180640668,0.185122804,0.160895256,0.2251129,0.141638412,0.222096603,0.179970442,0.169279349,0.116517239,0.170439483,0.262967778,0.167278288,0.1929885,0.195826093,0.072086372,0.132854094,0.173685086,0.251219653,0.157494696,0.177523814,0.204584151,0.178423266,0.198023155,0.191832805,0.124025544,0.221686319,0.202671415,0.223762259,0.117721341,0.128026527,0.134514873,0.250963787,0.087825702,0.177406617,0.233697759,0.177475138,0.128260326,0.22355427,0.14431415,0.229339331,0.218988629,0.147334171,0.133313521,0.107654738,0.271342436,0.157859669,0.162831491,0.187826675,0.198433209,0.205957093,0.178105758,0.003968354,44.88152134,251.9936574,,,,0.044862533,
TXH1.2020,M3.P,M3.P-Int,CV0,246,DAP,0.694643623,0.710680132,0.671152346,0.659499141,0.664374129,0.697725295,0.698484407,0.690135567,0.657699975,0.673894856,0.683847194,0.674671804,0.717672778,0.698939905,0.651611458,0.714938586,0.667698855,0.661070385,0.675579213,0.712988115,0.682010529,0.71941345,0.672160033,0.661191813,0.678900123,0.665907366,0.668531597,0.689207893,0.678772153,0.721777873,0.709993456,0.701332489,0.691828126,0.671450523,0.646515611,0.713349453,0.649748395,0.624251175,0.711045818,0.687663745,0.619384495,0.663773768,0.721705967,0.710383028,0.701685059,0.682451545,0.68344878,0.711419973,0.642077148,0.718737471,0.683548532,0.002183448,313.0591682,457.991135,,,,0.025564538,
TXH1.2021,M3.P,M3.P-Int,CV0,246,DAP,-0.010177235,0.085295035,-0.016687767,0.015094062,-0.018126993,0.008067787,0.05489565,0.054372792,-0.044260613,-0.003599787,0.066993122,0.020127802,-0.038510565,0.01880818,-0.008280866,0.005556871,-0.015955853,-0.016439638,0.045392445,0.09604512,0.022861789,0.025634103,-0.007263827,0.046735165,-0.002024264,0.002236328,0.042688626,0.034429429,-0.014372749,0.040879363,0.040692812,0.076165535,0.006327713,-0.017197414,-0.021956595,-0.001588577,-0.067001945,0.013636442,0.108386614,0.044610201,0.043715071,-0.025691389,0.027324436,-0.05575114,0.082502455,0.012871546,-0.022847811,0.045092737,0.003258083,0.055242634,0.016764098,0.004097209,4.091589888,244.0685918,,,,0.039077632,
TXH2.2020,M3.P,M3.P-Int,CV0,246,DAP,0.487871428,0.484069166,0.535904328,0.435394215,0.447770955,0.419614502,0.493964779,0.466312539,0.501372854,0.5104312,0.472980729,0.452567585,0.455091482,0.502682552,0.483873393,0.520305872,0.48017931,0.428704587,0.457684698,0.490220349,0.483256011,0.486902818,0.470243647,0.501490908,0.434123281,0.525769486,0.4760261,0.43493595,0.488036797,0.454611906,0.515310156,0.489608816,0.469603954,0.446651026,0.465317277,0.441698148,0.5159379,0.465405806,0.49607449,0.474017581,0.476431418,0.457163606,0.513242559,0.486974729,0.454371339,0.439819275,0.424677938,0.512723601,0.486102492,0.516952531,0.476609561,0.003167391,150.4738788,315.7172894,,,,0.028920591,
TXH2.2021,M3.P,M3.P-Int,CV0,246,DAP,0.341063358,0.250097329,0.349326521,0.319214672,0.299035146,0.376315686,0.265668461,0.365727318,0.195189647,0.272671326,0.330953789,0.271306953,0.307677404,0.288751133,0.265159492,0.358958885,0.304029397,0.35491333,0.22407674,0.245358513,0.314849,0.243461467,0.313427024,0.330426795,0.290412052,0.392142091,0.305150657,0.264569566,0.261622379,0.29444992,0.382769543,0.398745714,0.195194542,0.349125993,0.307124427,0.295257042,0.197437134,0.32437911,0.370541683,0.3280149,0.288796038,0.337507392,0.276719531,0.202867244,0.373138452,0.342217322,0.297951856,0.339714676,0.261390016,0.335435827,0.30400669,0.00371959,81.73123894,268.8468434,,,,0.052192071,
TXH3.2020,M3.P,M3.P-Int,CV0,266,DAP,-0.006431703,-0.014952161,-0.034599467,-0.038584414,0.006943803,-0.031026365,0.039748799,-0.054410626,-0.072865927,0.001383612,-0.045088488,0.004477126,-0.025175761,-0.050006426,0.027582771,-0.001501357,-0.019756587,-0.006057479,-0.05736366,-0.005633036,0.062463867,-0.036618123,-0.038720899,-0.010516062,-0.069571752,-0.064293151,-0.058511119,0.064177464,-0.021854703,-0.027946443,-0.005983828,-0.041682122,-0.045839117,-0.007561577,0.007419445,-0.024881266,-0.035464246,0.00281405,-0.008108915,-0.018101763,0.051377905,-0.060053345,-0.022976265,-0.047348396,0.005916958,0.013629085,-0.031845283,-0.06123879,0.011321588,-0.016282216,-0.018391927,0.003786597,-4.857111782,264.0893316,,,,0.032540884,
TXH3.2021,M3.P,M3.P-Int,CV0,245,DAP,0.286186336,0.251400241,0.280186798,0.357990047,0.270561292,0.356089486,0.208982452,0.277833111,0.366913424,0.294787442,0.29311218,0.277409485,0.35555643,0.312254266,0.307094904,0.312523751,0.281757374,0.361859288,0.261324559,0.296018234,0.266933086,0.298422064,0.334023874,0.310085196,0.293682239,0.387117003,0.244552548,0.295869918,0.357259016,0.30326987,0.277092193,0.260563964,0.349885238,0.32448282,0.290534155,0.329127095,0.288696959,0.312921541,0.289833794,0.317825056,0.346046309,0.282802679,0.324533716,0.25255106,0.326197998,0.361247514,0.253674003,0.270459035,0.350787375,0.327747545,0.304761319,0.003733006,81.63964705,267.8806065,,,,0.038173097,
WIH1.2020,M3.P,M3.P-Int,CV0,394,DAP,0.392259165,0.415796404,0.454476194,0.475118358,0.45510488,0.443869508,0.375506001,0.481315544,0.503875226,0.348670638,0.446045744,0.389087956,0.466569118,0.379202971,0.439688164,0.48032913,0.362136835,0.409910556,0.372419976,0.515819125,0.459560724,0.420249503,0.448653047,0.43772445,0.382624834,0.455536021,0.471220769,0.430378269,0.475556258,0.414178542,0.38915831,0.45536414,0.432735102,0.427793837,0.403758172,0.426587109,0.481435586,0.407481857,0.41289898,0.427529288,0.414787225,0.422259549,0.48428899,0.325438552,0.489722636,0.50543545,0.384781248,0.426302607,0.371296073,0.42739607,0.430386694,0.002078488,207.0672022,481.1189686,,,,0.043006803,
WIH1.2021,M3.P,M3.P-Int,CV0,398,DAP,0.267063771,0.23293539,0.252955382,0.242965918,0.184080663,0.255197006,0.243570683,0.211463492,0.205521863,0.214867042,0.201204892,0.230910556,0.263163932,0.286904871,0.178291646,0.218358024,0.278568211,0.221679083,0.166300967,0.249462966,0.278546659,0.210370666,0.268238552,0.236636005,0.19098094,0.1317106,0.248330985,0.283820144,0.186527736,0.269347386,0.188268741,0.255586135,0.195880039,0.245832203,0.265452164,0.266579819,0.232098231,0.257716135,0.187032398,0.226836117,0.255394348,0.238691191,0.233738827,0.224090021,0.231910938,0.197389321,0.23337786,0.273360792,0.253456559,0.219512809,0.231843614,0.002389517,97.02532388,418.4947017,,,,0.033918829,
WIH2.2020,M3.P,M3.P-Int,CV0,1127,DAP,0.155191325,0.085155677,0.070668879,0.070359078,0.035325075,0.067613164,0.055529791,0.107194737,0.081636768,0.057587976,0.066960122,0.091923495,0.072729312,0.059295432,0.125893088,0.066045424,0.079591527,0.085315526,0.065013605,0.111885312,0.112106284,0.045826495,0.091254647,0.088466252,0.037994728,0.063014288,0.074632345,0.059454866,0.102846867,0.077326648,0.06757457,0.04854154,0.117301165,0.099065509,0.067082456,0.085868769,0.104961162,0.061977552,0.038126482,0.109284274,0.063967945,0.074859777,0.071369898,0.070077869,0.092460132,0.036491949,0.080385448,0.122450104,0.101712594,0.046517716,0.078478313,0.000883414,88.83522441,1131.971639,,,,0.025590879,
WIH2.2021,M3.P,M3.P-Int,CV0,1137,DAP,0.075211026,0.059124066,0.01505311,0.109042159,0.171117405,0.101851577,0.042473502,0.131458621,0.052835961,0.121168755,0.106159502,0.212144228,-0.112904984,0.076306612,0.102596998,0.064119,0.067214907,0.148698025,0.126751616,0.071902243,0.087289541,0.102392973,0.02859804,0.060855376,0.006855948,0.188591646,0.103595139,0.086149113,0.119596811,0.109164195,0.080045507,0.112510428,0.04836773,0.11495167,0.076332894,0.148077652,-0.015119068,0.097773848,0.070084343,0.061067203,0.082297374,0.091252901,0.074354772,0.039977068,0.146080368,0.031817769,0.064090259,0.065230589,0.060790385,0.058451058,0.082876957,0.000875006,94.71591124,1142.849767,,,,0.052463591,
WIH3.2020,M3.P,M3.P-Int,CV0,415,DAP,-0.016326647,-0.006861449,-0.102347891,-0.020584695,-0.039329254,0.054350933,0.008767782,-0.051843816,-0.060112502,-0.009836165,-0.012268532,0.001750863,0.035416652,0.00593379,-0.090090278,0.005557898,0.000251105,-0.07330856,-0.002519979,0.002059933,-0.019518057,-0.068271449,0.026817888,0.016710348,-0.060789804,-0.030691918,-0.020409833,0.012606686,-0.056596585,-0.008337568,-0.042919544,0.006404281,-0.06632081,0.027004584,0.019428856,-0.030046791,-0.005215021,0.024030818,-0.064772811,0.005959208,0.027319566,0.013922143,-0.050416674,-0.054568188,0.001077131,-0.053493281,0.002400981,0.034329874,0.032161809,-0.036581175,-0.015802323,0.002420703,-6.527989501,413.1031574,,,,0.03648025,
WIH3.2021,M3.P,M3.P-Int,CV0,397,DAP,0.295028913,0.272854835,0.241647999,0.347960557,0.254582413,0.26488431,0.235445705,0.365371006,0.255374941,0.352208923,0.273266877,0.259598365,0.316003013,0.323233158,0.261182529,0.333136172,0.278229093,0.235589928,0.309891559,0.321762209,0.310613047,0.243933155,0.370548687,0.275624159,0.255647324,0.305552534,0.295758082,0.282812394,0.29829351,0.225915414,0.241069987,0.334683072,0.287791523,0.277189742,0.302753881,0.215908505,0.346793116,0.311246309,0.295608513,0.278768629,0.315975187,0.331566227,0.265268853,0.271024473,0.288505532,0.26911215,0.325895209,0.177893158,0.29208953,0.349941851,0.288820725,0.002320462,124.4668924,430.9486181,,,,0.040901754,
DEH1.2020,M4.G,M4.G.W,CV0,1142,AGDD,0.63836811,0.650321546,0.655878413,0.656588012,0.641290831,0.661220041,0.656567168,0.633795154,0.635930028,0.65324269,0.648563036,0.65856857,0.653778539,0.64204792,0.640401014,0.639419057,0.654467017,0.636159156,0.643882963,0.667864248,0.640733698,0.651701251,0.63892883,0.649779165,0.65635734,0.642574025,0.645716698,0.66381049,0.636900896,0.651254203,0.641970366,0.656794932,0.652248796,0.654930464,0.638745523,0.655336901,0.634881222,0.658758685,0.644767351,0.651007285,0.653734847,0.671852251,0.617446175,0.645188109,0.653658038,0.641491035,0.658261098,0.661583301,0.643160648,0.639283582,0.648424214,0.000508374,1275.487288,1967.056843,4391.735977,12084.58616,0.363416332,0.010174533,0.032046269
IAH4.2021,M4.G,M4.G.W,CV0,1128,AGDD,0.4352361,0.429359539,0.421067037,0.424585593,0.477854492,0.428561115,0.446036319,0.436160839,0.427538236,0.449823502,0.413365445,0.463356981,0.4444858,0.436969508,0.431801702,0.430949669,0.449837969,0.457704813,0.424207431,0.429941465,0.453830538,0.437893153,0.433094182,0.428749708,0.429545105,0.417471321,0.421113981,0.467436542,0.429123478,0.452537708,0.418528942,0.456876758,0.455371717,0.433449602,0.414993932,0.438002245,0.380204121,0.468751835,0.439365202,0.451385667,0.439821525,0.426871563,0.443455257,0.446165524,0.429768865,0.429713563,0.459988005,0.437449775,0.427104165,0.431254081,0.437163232,0.000718373,608.546068,1392.033966,,,,0.016921537,
MIH1.2020,M4.G,M4.G.W,CV0,414,AGDD,0.242500653,0.259995071,0.274079303,0.239271503,0.312470074,0.241570535,0.272255457,0.286075474,0.273748384,0.260823364,0.253305049,0.298580799,0.267149872,0.217839329,0.301611362,0.299772187,0.219361623,0.251269471,0.253573789,0.298016505,0.26741264,0.273181485,0.229685027,0.292790268,0.247096467,0.265014701,0.254199537,0.300352359,0.246196047,0.252308819,0.278623701,0.270933362,0.282107488,0.254469427,0.243610606,0.295101503,0.210126162,0.257402958,0.294813465,0.269354316,0.276607425,0.302232969,0.228527475,0.294955414,0.230236977,0.260517991,0.28034399,0.261557568,0.237136178,0.281571332,0.265234749,0.002256433,117.5460169,443.1772883,,,,0.025044729,
MNH1.2020,M4.G,M4.G.W,CV0,395,AGDD,0.430298428,0.407900066,0.410096342,0.469954966,0.43561561,0.4537881,0.415973591,0.495876074,0.417372078,0.373866113,0.414062538,0.459921926,0.443104051,0.412905246,0.411760057,0.438737801,0.391620127,0.422179258,0.426317203,0.467935006,0.446150806,0.434495356,0.428073914,0.446340918,0.397868207,0.443413469,0.475931785,0.384989538,0.404105916,0.445805694,0.39841683,0.427265534,0.485880516,0.410444381,0.423660288,0.447044195,0.384589519,0.422686909,0.446077797,0.442348113,0.404281279,0.385056871,0.509207953,0.448124746,0.41515383,0.451587802,0.404918624,0.431639288,0.41979254,0.440884472,0.430110433,0.002073804,207.401669,482.2056217,,,,0.028907279,
MNH1.2021,M4.G,M4.G.W,CV0,415,AGDD,0.521997957,0.479761484,0.466803081,0.408026516,0.547079085,0.41532728,0.481093956,0.554987846,0.504552302,0.489396128,0.418955413,0.546462517,0.515950079,0.49286081,0.451352866,0.479847854,0.438775816,0.492868405,0.489917827,0.527930446,0.505708997,0.480756421,0.532446107,0.465118052,0.450352268,0.511237147,0.477238609,0.495318578,0.48544252,0.4730844,0.510552491,0.526683515,0.478277368,0.516058598,0.40505596,0.4834885,0.397361066,0.463730873,0.572313557,0.502065639,0.502414836,0.457322708,0.523963744,0.465888614,0.493742138,0.475590761,0.496480638,0.494579369,0.503040098,0.462595297,0.486637131,0.001847904,263.3454779,541.1536877,,,,0.038126125,
MOH1.2020,M4.G,M4.G.W,CV0,1006,AGDD,0.045869826,0.060221901,0.063205215,0.086969575,0.137555484,0.074154155,0.075658661,0.059624402,0.103780217,0.086587743,0.09400823,0.069662934,0.08404004,0.072859924,0.071597047,0.090438157,0.098483079,0.073979546,0.050854351,0.087034161,0.062531803,0.094122472,0.065266168,0.130675839,0.04379936,0.093631408,0.053198702,0.072572755,0.079421754,0.094262849,0.057839153,0.054723918,0.131253212,0.059824818,0.087848884,0.083673568,0.029050257,0.076970298,0.102662029,0.091950987,0.092485842,0.055570564,0.081151788,0.069278631,0.091521127,0.083371313,0.053849421,0.113259618,0.0797416,0.061125682,0.078664409,0.000989853,79.47083957,1010.251527,,,,0.022331967,
NEH1.2021,M4.G,M4.G.W,CV0,246,AGDD,0.230727374,0.263772908,0.276671202,0.189207609,0.261702208,0.149713941,0.303411924,0.190864785,0.238896309,0.311728648,0.173803135,0.263485555,0.253441601,0.25665273,0.242258294,0.283346162,0.212908759,0.254677482,0.228459736,0.219062202,0.20519015,0.30578708,0.24913012,0.257424145,0.171515878,0.245902314,0.102282108,0.281864837,0.281309329,0.265904399,0.255159114,0.209552253,0.272171649,0.259455192,0.189518249,0.250698881,0.118209867,0.276951846,0.25306978,0.281798529,0.203517205,0.219714666,0.238894863,0.269952457,0.255454819,0.263496971,0.289043189,0.275996243,0.214327085,0.154462307,0.238450962,0.003865333,61.68963721,258.7099533,,,,0.046436789,
TXH1.2020,M4.G,M4.G.W,CV0,246,AGDD,0.222278173,0.353091046,0.266554171,0.174001956,0.265910751,0.153350518,0.286360468,0.311029457,0.246404897,0.266541244,0.260414487,0.23379709,0.241191769,0.224133901,0.330413316,0.254444144,0.247242559,0.234682857,0.318271488,0.231078105,0.25424547,0.2971224,0.273566788,0.311897767,0.130602572,0.260663474,0.215271787,0.287262108,0.288190905,0.233636476,0.252403512,0.284489096,0.314128346,0.276966272,0.153616864,0.265674815,0.193419312,0.289858913,0.28325977,0.230996793,0.262133657,0.171403913,0.29741459,0.276014438,0.273082034,0.248465004,0.278146358,0.25256508,0.310754281,0.205365107,0.255876206,0.00383003,66.8078822,261.0945474,,,,0.046712757,
TXH1.2021,M4.G,M4.G.W,CV0,246,AGDD,0.067460515,0.136316838,0.073720397,-0.002125471,0.098571603,-0.021948922,0.146747604,0.0763244,0.074747026,0.083494728,0.017510346,0.055846299,0.145335014,0.093453895,0.063590894,-0.007674463,0.052378675,0.131108792,0.095926972,0.101445577,0.092504659,0.111831662,0.136455304,0.091200697,-0.061950966,0.087996876,0.00073866,0.093862074,0.08265946,0.098804054,0.079123381,0.07159759,0.067966721,0.068225595,0.075280613,0.085525481,0.006063482,0.093248744,0.090153998,0.083562945,0.064417984,0.092129243,0.05552982,0.058987365,0.09008307,0.062293479,0.068216999,0.076745144,0.130587052,0.021365296,0.073148744,0.004076431,17.94430886,245.3126037,,,,0.042781984,
TXH2.2020,M4.G,M4.G.W,CV0,246,AGDD,0.292292242,0.284745257,0.281858872,0.122017304,0.227919072,0.12578582,0.256391712,0.244731683,0.298642107,0.258565698,0.178120013,0.23986824,0.252007768,0.255215731,0.278580508,0.230379204,0.115369917,0.29383921,0.329008929,0.235175973,0.242072554,0.270345658,0.259061445,0.313610953,0.095552309,0.277046787,0.135934741,0.326004501,0.208131217,0.248701984,0.270922645,0.243207663,0.275411693,0.241536818,0.177366337,0.252557423,0.194467268,0.26599778,0.265325931,0.211047985,0.279474942,0.117732799,0.337039719,0.207066859,0.261851121,0.271007234,0.270639387,0.238748608,0.293971029,0.106512372,0.23917726,0.003863911,61.90030569,258.8051455,,,,0.060392917,
TXH2.2021,M4.G,M4.G.W,CV0,246,AGDD,0.302465894,0.336065507,0.308344931,0.229837578,0.25752423,0.198447093,0.294506053,0.305641388,0.299445317,0.310278225,0.241710013,0.2783656,0.295937774,0.286671018,0.347847105,0.312164219,0.224064605,0.284521067,0.339718457,0.265408871,0.282728791,0.312868277,0.305608276,0.363079225,0.169909935,0.285749465,0.216991517,0.368933098,0.310125755,0.250706931,0.269848978,0.328658399,0.335702947,0.27734359,0.211877891,0.258690601,0.211461392,0.360712529,0.299683274,0.288478079,0.308351002,0.206600754,0.30613747,0.303062523,0.304188492,0.324378102,0.277315431,0.340142606,0.333824275,0.141050267,0.285463496,0.003764388,75.8326509,265.6474537,,,,0.049837862,
TXH3.2020,M4.G,M4.G.W,CV0,266,AGDD,-0.061071644,-0.106125163,0.002099061,-0.076821414,-0.101462791,-0.049971728,-0.139293884,-0.060449597,-0.105954075,0.025323475,-0.040675784,-0.081790598,-0.082111703,-0.01037121,-0.113242502,-0.049807521,-0.081614001,-0.087575294,-0.069967617,-0.046972192,-0.077852626,-0.060183064,-0.086793423,-0.106091483,0.010224679,-0.072802081,-0.067668248,-0.071261478,-0.006910521,-0.121800574,-0.091163399,-0.060086064,-0.096799756,-0.02728808,-0.06720436,-0.071960834,-0.08168086,-0.08280455,-0.084200444,-0.032080573,0.057795946,-0.073589914,-0.118039605,-0.086369634,-0.101551827,-0.099767361,-0.077119534,-0.037699646,-0.062449757,-0.05216884,-0.066904482,0.003770923,-17.74220101,265.1870328,,,,0.038580676,
TXH3.2021,M4.G,M4.G.W,CV0,245,AGDD,0.258997993,0.276973297,0.283481127,0.289136851,0.287363962,0.264886098,0.23739337,0.268754917,0.296038628,0.321509034,0.275083182,0.268031571,0.282486156,0.263310347,0.287970474,0.294694506,0.235734036,0.28759634,0.285683997,0.286241333,0.240000503,0.313955089,0.271635076,0.301119101,0.245934409,0.259853258,0.233171374,0.298465835,0.29767268,0.300612141,0.251667248,0.301726412,0.291476048,0.294992311,0.232656411,0.269605839,0.205028449,0.300166969,0.3000733,0.280855639,0.287059663,0.229279019,0.271065985,0.27685083,0.311073703,0.276582136,0.272362966,0.282540646,0.308097898,0.236518369,0.275869331,0.003802042,72.55820909,263.0165846,,,,0.02542294,
WIH1.2020,M4.G,M4.G.W,CV0,394,AGDD,0.448108883,0.404828755,0.439706318,0.425430367,0.428535141,0.422178671,0.417267186,0.451605004,0.459290544,0.393997943,0.447527056,0.421923801,0.438154534,0.46103703,0.375601231,0.430470864,0.373165793,0.401983755,0.477145406,0.439641089,0.442645065,0.415149407,0.414427055,0.453816037,0.411383221,0.418492451,0.398332764,0.388831751,0.463186287,0.482227369,0.401028404,0.443853133,0.441986339,0.450550922,0.40278713,0.446256043,0.41294297,0.410310457,0.424902735,0.444377822,0.434567536,0.344205384,0.469677125,0.451390735,0.426569264,0.452518562,0.409924615,0.413958467,0.478190809,0.387490277,0.42787159,0.002083995,205.3131904,479.8476812,,,,0.028862815,
WIH1.2021,M4.G,M4.G.W,CV0,398,AGDD,0.422346566,0.394076911,0.346760512,0.391199629,0.384121355,0.349065544,0.397188612,0.383013111,0.367035971,0.453179523,0.393263977,0.441343874,0.348096897,0.322180887,0.43436568,0.413783608,0.418108731,0.386694812,0.368530643,0.375571677,0.440020997,0.394451433,0.381407194,0.372746856,0.323702688,0.410986762,0.368729243,0.409313569,0.414893119,0.340350345,0.364933438,0.427800808,0.371592579,0.395868818,0.379531453,0.351836324,0.376795301,0.403585924,0.415677601,0.379111737,0.354985477,0.408538137,0.364175508,0.362939063,0.444844466,0.411177374,0.446536211,0.368910578,0.388604482,0.322402781,0.387727576,0.002145625,180.70616,466.0647613,,,,0.033018945,
WIH2.2020,M4.G,M4.G.W,CV0,1127,AGDD,0.127893648,0.161526804,0.170965609,0.154752726,0.166636137,0.157942511,0.147575466,0.177064656,0.150283241,0.152523401,0.151604973,0.150053464,0.179166812,0.152881271,0.149618808,0.151934784,0.131704666,0.153893227,0.16299424,0.178625606,0.169434427,0.168618351,0.12187297,0.16516793,0.153811059,0.133415714,0.155655181,0.20347266,0.122028899,0.167853225,0.158987675,0.174320531,0.149561305,0.170667298,0.127427239,0.150258695,0.139388723,0.151705363,0.155707816,0.181330822,0.151110584,0.150837251,0.122986792,0.19466419,0.159571231,0.148963028,0.133969833,0.179740311,0.16790066,0.150499412,0.156211425,0.000867198,180.1334712,1153.138906,,,,0.017780226,
WIH2.2021,M4.G,M4.G.W,CV0,1137,AGDD,0.407633461,0.376761954,0.424587722,0.415275499,0.412871737,0.409359198,0.425008694,0.404777511,0.394586263,0.410751693,0.39384828,0.415558895,0.411105582,0.425721565,0.396467806,0.397589631,0.387038048,0.392807997,0.422746382,0.43977274,0.430638168,0.405312039,0.378298794,0.401187606,0.41748684,0.389946793,0.416001244,0.409056488,0.408337083,0.413218949,0.382822523,0.458079149,0.406208409,0.366090414,0.425775674,0.413950203,0.365495009,0.403828304,0.415877155,0.437077117,0.412683963,0.399222513,0.39250774,0.416851659,0.414629805,0.403913782,0.417187209,0.425456571,0.385116351,0.404181481,0.407614194,0.00073467,554.8260944,1361.154991,,,,0.017999711,
WIH3.2020,M4.G,M4.G.W,CV0,415,AGDD,0.292991988,0.229034918,0.266663567,0.228371012,0.287596357,0.266372163,0.271442885,0.269259591,0.294705913,0.193641593,0.229020472,0.278792369,0.258074861,0.289064064,0.223960444,0.278714134,0.185340364,0.272064754,0.283378896,0.280070019,0.291155462,0.256280504,0.296852448,0.241306122,0.215617082,0.288397768,0.23916868,0.247565584,0.287781804,0.245951169,0.284780729,0.248392959,0.316385966,0.223164362,0.235253402,0.282101777,0.243075134,0.226309996,0.304782137,0.259685398,0.279664103,0.197241923,0.300025571,0.249945587,0.271874842,0.261277453,0.228542119,0.272490836,0.282135583,0.262916642,0.26037367,0.002257156,115.3547364,443.0353361,,,,0.030252495,
WIH3.2021,M4.G,M4.G.W,CV0,397,AGDD,0.519248037,0.448744071,0.490590021,0.513833402,0.539159668,0.521965867,0.456794558,0.539474335,0.543193308,0.456177012,0.463803291,0.519612612,0.506397442,0.516723323,0.499697836,0.539854275,0.454707467,0.484045336,0.494691635,0.535145879,0.512722023,0.47357463,0.53829637,0.506479961,0.476773185,0.552844463,0.46780337,0.487297099,0.500119227,0.490749246,0.497878059,0.502865402,0.540917885,0.451645081,0.509735227,0.518663809,0.466346027,0.471054242,0.544606084,0.511661466,0.487885915,0.482301344,0.544438233,0.507794921,0.485759978,0.515768037,0.491678278,0.54326651,0.455502425,0.492487141,0.5014555,0.001895044,264.6141723,527.6922322,,,,0.029292816,
DEH1.2020,M4.G,M4.G.W,CV0,1142,DAP,0.666578888,0.630127885,0.619456447,0.618310887,0.623968954,0.638737362,0.613525527,0.648186687,0.640884901,0.617743669,0.61657412,0.618530069,0.669805453,0.646001612,0.606859996,0.635366173,0.638635267,0.64322626,0.622491822,0.613474051,0.615269031,0.637494823,0.648393038,0.629540046,0.628701049,0.628319186,0.618379996,0.643667491,0.628439211,0.638963161,0.623945487,0.646839411,0.602302619,0.620572816,0.664565719,0.613869467,0.627479338,0.656451385,0.63869568,0.621505792,0.647176481,0.634952951,0.6194386,0.612847874,0.638985021,0.625485204,0.638865576,0.623242407,0.649344063,0.61913906,0.63142716,0.000527456,1197.118365,1895.89305,4370.267025,12067.31554,0.362157351,0.015460152,0.030999135
IAH4.2021,M4.G,M4.G.W,CV0,1128,DAP,0.434556413,0.445160468,0.462682712,0.437431571,0.442759866,0.437759102,0.434571812,0.452461723,0.43673741,0.459595709,0.445030131,0.460494775,0.41413172,0.461158864,0.443269477,0.432681165,0.449851428,0.485182164,0.428667236,0.423420103,0.454842912,0.432964102,0.43275755,0.463812548,0.438742334,0.448123268,0.41630736,0.452602302,0.448805835,0.458369597,0.446586532,0.455236492,0.452811013,0.448664109,0.420756504,0.4488434,0.406964688,0.45915607,0.458476929,0.445978537,0.478266349,0.443008318,0.468375123,0.418745578,0.418174796,0.474188173,0.469961385,0.415182718,0.415694152,0.447857879,0.444557208,0.000712583,623.8669312,1403.344541,,,,0.017917882,
MIH1.2020,M4.G,M4.G.W,CV0,414,DAP,0.232182552,0.289467818,0.229785969,0.284660183,0.244441721,0.216647539,0.276648592,0.320130347,0.250986389,0.205786193,0.254916664,0.287271562,0.259836829,0.243363503,0.241788946,0.233465029,0.297942861,0.28092199,0.232963135,0.24165608,0.306638581,0.276202707,0.224507055,0.278019145,0.192316897,0.253115747,0.271672758,0.26377676,0.247518425,0.25606088,0.266113576,0.302868828,0.230076842,0.294320073,0.186841998,0.267272083,0.267210625,0.225612935,0.248482962,0.278961621,0.225976585,0.269891972,0.249613308,0.239799319,0.285236425,0.299579801,0.283119244,0.241861546,0.181070568,0.258906678,0.255950197,0.002268178,112.8439447,440.8824299,,,,0.031143702,
MNH1.2020,M4.G,M4.G.W,CV0,395,DAP,0.456845664,0.491692874,0.432837603,0.469740906,0.473077078,0.450055031,0.479632522,0.469624259,0.453604355,0.458685573,0.470226202,0.497151286,0.457115952,0.401466819,0.490210641,0.48879094,0.400001948,0.457539717,0.51293013,0.463610516,0.484335888,0.46556244,0.446424368,0.454736677,0.461181519,0.468387836,0.46790138,0.423575084,0.492243144,0.459926124,0.4895476,0.459329533,0.482611668,0.47351621,0.41222036,0.491932955,0.462020074,0.421170502,0.416324297,0.532482141,0.380827487,0.445359466,0.472165589,0.496223756,0.507365724,0.465356561,0.469059584,0.485681331,0.424201749,0.466101429,0.46305225,0.001998938,231.6491365,500.2656538,,,,0.030104377,
MNH1.2021,M4.G,M4.G.W,CV0,415,DAP,0.497727842,0.544034508,0.489628745,0.531243225,0.485875666,0.531084658,0.505660231,0.497636794,0.504182292,0.520320525,0.537158929,0.515543303,0.514072267,0.47257306,0.505220463,0.529191175,0.534689434,0.476739907,0.483749378,0.529947501,0.534537587,0.510990024,0.50275304,0.499969794,0.507231478,0.50416053,0.54157066,0.51333489,0.465594472,0.524869185,0.556049514,0.523564211,0.508025917,0.493212683,0.464016926,0.544256614,0.446134587,0.512224097,0.490765889,0.553253986,0.51104215,0.522041135,0.541947076,0.451588248,0.5188616,0.485626594,0.542899359,0.518311548,0.45614476,0.542675182,0.509878673,0.001791825,284.5582929,558.0902047,,,,0.026903065,
MOH1.2020,M4.G,M4.G.W,CV0,1006,DAP,0.08874203,0.076099034,0.055748349,0.133557153,0.075142621,0.047901923,0.119072584,0.110713187,0.062930373,0.091666336,0.078048649,0.105149592,0.100135367,0.091905593,0.060934499,0.081620806,0.085587503,0.086030739,0.117464738,0.057777726,0.112742032,0.064537004,0.106119637,0.102803925,0.044523973,0.094983843,0.095671837,0.060355002,0.075700425,0.103057404,0.057667882,0.097801042,0.08748342,0.101884192,0.084931606,0.071082847,0.077949838,0.128713961,0.065117293,0.093076789,0.083048689,0.114173488,0.106828102,0.045684242,0.076505681,0.117199577,0.083189657,0.101877701,0.049253281,0.076876669,0.086141397,0.000988625,87.1325154,1011.505717,,,,0.022335514,
NEH1.2021,M4.G,M4.G.W,CV0,246,DAP,0.189253632,0.223702261,0.158394787,0.212064125,0.183168626,0.223484636,0.184855,0.210748681,0.18963671,0.180154449,0.20935775,0.241551018,0.195454879,0.192893063,0.131017862,0.174557495,0.257025867,0.186045451,0.197005898,0.182898721,0.224248501,0.208076074,0.230448186,0.213410374,0.08655458,0.210603302,0.232124434,0.217822004,0.165794037,0.163662557,0.186696466,0.198063312,0.137219448,0.222780861,0.232402589,0.148269647,0.172194955,0.233052203,0.191314675,0.23235844,0.212832054,0.231042818,0.152359333,0.158125597,0.218718673,0.194195981,0.215848237,0.223585219,0.123959427,0.203025696,0.195281212,0.003942071,49.5377245,253.6737869,,,,0.033876272,
TXH1.2020,M4.G,M4.G.W,CV0,246,DAP,0.259758241,0.290164427,0.236226276,0.203354965,0.181537377,0.248354692,0.194716391,0.282314593,0.219264638,0.210535399,0.215150396,0.250093784,0.240192359,0.294844413,0.14720076,0.272542214,0.229076446,0.301222093,0.112766176,0.227549312,0.262018417,0.241917304,0.276663694,0.284190634,0.071801084,0.233063013,0.152451289,0.287501034,0.206007063,0.269868599,0.202486075,0.254467025,0.175628154,0.283355288,0.238440782,0.238446308,0.181485547,0.282181519,0.249341748,0.191947412,0.281617192,0.194158513,0.223678233,0.187569628,0.247889167,0.277984313,0.248301053,0.242981238,0.181705669,0.187742838,0.229475096,0.003882546,59.10428523,257.5629615,,,,0.048415615,
TXH1.2021,M4.G,M4.G.W,CV0,246,DAP,0.081105052,0.086370806,0.094670914,0.048876824,0.035427963,0.062183215,0.087151312,0.085416801,0.030190071,0.093536273,0.12740162,0.028477687,0.134241565,0.07253974,-0.002383914,0.085041979,0.027869254,0.099196874,0.035624844,0.094017836,0.117141911,0.131509706,0.068362877,0.047201053,-0.013702959,0.058506636,0.070568706,0.081420229,0.046182564,0.111270202,0.074656891,0.063630683,0.048783111,0.082186668,0.079134759,0.069950763,0.024327072,0.075693597,0.137309558,0.036073155,0.081999568,0.081784559,0.097365092,0.009658254,0.082873137,0.10611202,0.088752273,0.073539205,0.055405656,0.030037033,0.070493814,0.004077994,17.28639321,245.2185838,,,,0.03419456,
TXH2.2020,M4.G,M4.G.W,CV0,246,DAP,0.280769016,0.246728065,0.206132159,0.227997094,0.108180407,0.221041019,0.229222866,0.291425839,0.127326395,0.19657838,0.235160563,0.186577066,0.189462837,0.282957413,0.146892827,0.242389606,0.257173032,0.25223619,0.071016944,0.224514736,0.201222606,0.269500064,0.242031754,0.251058181,0.08197056,0.295323953,0.187959632,0.269566893,0.136294618,0.180047389,0.191535862,0.258468664,0.106664328,0.213486478,0.289721811,0.2128514,0.120451955,0.266955825,0.289478959,0.157778775,0.198678859,0.195401487,0.293865057,0.118934397,0.236501616,0.253877159,0.253787346,0.213152983,0.136673726,0.19088924,0.210758281,0.003916315,53.81545189,255.3420521,,,,0.05942669,
TXH2.2021,M4.G,M4.G.W,CV0,246,DAP,0.278280567,0.27207996,0.236076417,0.243204646,0.1708412,0.273669088,0.197014339,0.322507225,0.20735614,0.20386099,0.252731386,0.23760024,0.209547835,0.308812098,0.191170414,0.223855406,0.284940799,0.28507243,0.136057,0.245819991,0.224500274,0.20316525,0.299709132,0.289282993,0.178590176,0.255422902,0.233371198,0.235868706,0.212007451,0.269241308,0.269471909,0.269265542,0.181498986,0.231514865,0.242666659,0.246353402,0.159312505,0.275857708,0.319098482,0.198049484,0.300355539,0.291926928,0.206295075,0.170928369,0.227174727,0.271046823,0.231203327,0.282023018,0.162857562,0.232551201,0.239022193,0.003864215,61.85530849,258.7847915,,,,0.044808849,
TXH3.2020,M4.G,M4.G.W,CV0,266,DAP,-0.069294735,-0.127062343,-0.100601609,0.019033375,-0.042052221,-0.052570492,-0.080439195,-0.061559827,-0.116587946,-0.045184443,-0.041121535,-0.082273986,-0.053313135,-0.059903206,-0.102988612,-0.049154813,-0.028941461,-0.126470736,-0.085738461,-0.051344696,-0.074725604,-0.088658694,-0.085928035,-0.04817383,-0.027578397,-0.064669716,-0.015065846,-0.06768818,-0.08779252,-0.091722078,-0.115259672,-0.085625516,-0.079120545,-0.082928405,0.051741397,-0.084358305,-0.103146117,-0.07915523,-0.08001127,0.009017298,-0.063611022,-0.047909614,-0.026293339,-0.093340331,-0.107972872,-0.055543987,-0.136069445,-0.093424497,-0.029391779,-0.028223724,-0.066803999,0.003770974,-17.7153152,265.1834539,,,,0.037470636,
TXH3.2021,M4.G,M4.G.W,CV0,245,DAP,0.275274146,0.215871317,0.21181951,0.221926174,0.202311833,0.247879677,0.231631639,0.208049951,0.254611372,0.199409949,0.257429504,0.241291889,0.24420421,0.233943183,0.172737564,0.220698393,0.2654763,0.264016467,0.201191857,0.190669536,0.247371062,0.238665553,0.255750752,0.209416801,0.178593756,0.26548186,0.224868112,0.244294387,0.180022144,0.214343825,0.187125869,0.226806047,0.213347817,0.240045321,0.280303116,0.201728179,0.184087534,0.273848416,0.223818395,0.254598866,0.232320208,0.201559564,0.244099831,0.185845815,0.256340628,0.2345548,0.243754344,0.239197371,0.200560887,0.21488231,0.227161561,0.003902871,58.20370888,256.2216454,,,,0.027930261,
WIH1.2020,M4.G,M4.G.W,CV0,394,DAP,0.432602309,0.419437309,0.379389089,0.440460626,0.402573527,0.414997819,0.417206941,0.419824769,0.42457162,0.397047015,0.42751043,0.426097367,0.384329478,0.408685853,0.434001919,0.404898975,0.385793213,0.442049571,0.395210109,0.447089574,0.406777032,0.398023459,0.464590591,0.413828631,0.391790296,0.430264055,0.40917566,0.412712009,0.400172349,0.416198542,0.403879509,0.43677088,0.44176654,0.404380996,0.393491559,0.433950614,0.411443889,0.456221147,0.370963345,0.397177008,0.375338706,0.417927466,0.466368858,0.360285063,0.436403812,0.433663084,0.43029389,0.399656423,0.42460079,0.400350468,0.414844884,0.002111999,196.4228328,473.4850072,,,,0.023226079,
WIH1.2021,M4.G,M4.G.W,CV0,398,DAP,0.375772599,0.388839572,0.434237467,0.446212824,0.417580317,0.368324744,0.387685558,0.43363763,0.390452555,0.468626651,0.379944043,0.448395355,0.427321718,0.413312134,0.37498191,0.509203661,0.403531482,0.35062133,0.387995764,0.399659831,0.424634561,0.400156724,0.40407478,0.448413361,0.371217072,0.420601226,0.411525046,0.361781016,0.423306828,0.431469473,0.412908467,0.445535327,0.397120277,0.405797247,0.382369831,0.397105555,0.445317181,0.405420287,0.411226931,0.409894781,0.40625785,0.416677529,0.411918528,0.427851713,0.394256044,0.416029918,0.428627815,0.482653108,0.31636217,0.397467756,0.410286311,0.002100165,195.3591304,476.1531769,,,,0.033003652,
WIH2.2020,M4.G,M4.G.W,CV0,1127,DAP,0.150096857,0.124451779,0.122690264,0.1957567,0.186665969,0.157077873,0.180267752,0.157093881,0.119240053,0.165217322,0.155177583,0.149536193,0.173739412,0.169364686,0.122936527,0.16382951,0.154178534,0.178363857,0.14383848,0.1401634,0.125882023,0.155542332,0.172478094,0.17351556,0.145462013,0.180784874,0.147373766,0.152100654,0.122080911,0.167647683,0.161040701,0.166084491,0.12098807,0.170179224,0.150965979,0.179082592,0.143810022,0.144564925,0.171397306,0.133363206,0.155684304,0.154835943,0.146908501,0.169678551,0.145538971,0.204360278,0.180130932,0.100296715,0.139661739,0.145255412,0.154727648,0.000867608,178.3381341,1152.59384,,,,0.021530393,
WIH2.2021,M4.G,M4.G.W,CV0,1137,DAP,0.416101534,0.392103778,0.412408778,0.396541529,0.435558133,0.403978741,0.409607786,0.423270153,0.404401726,0.415673331,0.41558287,0.393919299,0.450229565,0.399273011,0.393303584,0.440287175,0.406688663,0.454654656,0.37690298,0.38310848,0.460660817,0.386821204,0.415214957,0.383242939,0.403017512,0.404680782,0.44028939,0.397664269,0.401506345,0.406814487,0.408313847,0.45763606,0.380178892,0.395850645,0.412043064,0.406388597,0.412370161,0.422577601,0.410958323,0.40410731,0.398664739,0.468043988,0.389172406,0.397904124,0.402578984,0.414163698,0.402958735,0.437119094,0.393218416,0.402121033,0.410797564,0.000732375,560.9116833,1365.421153,,,,0.021389337,
WIH3.2020,M4.G,M4.G.W,CV0,415,DAP,0.292739286,0.301609519,0.275987331,0.283650202,0.330123209,0.27396972,0.33266994,0.339601878,0.24679653,0.293511408,0.314559055,0.334117264,0.307256304,0.225354059,0.309498425,0.310862673,0.262535563,0.256227548,0.319355493,0.339047657,0.30988489,0.348869692,0.258569951,0.295778958,0.260092447,0.298122071,0.306727408,0.232801952,0.305776271,0.338907257,0.313427339,0.27261114,0.325432985,0.338138316,0.225866252,0.311936206,0.308776118,0.28352031,0.265913262,0.320382044,0.228840785,0.280511459,0.335691677,0.304501671,0.315346799,0.273134307,0.342804801,0.34703814,0.205848097,0.303797963,0.296170473,0.002208918,134.079445,452.7103726,,,,0.035807366,
WIH3.2021,M4.G,M4.G.W,CV0,397,DAP,0.503143457,0.521465062,0.538380817,0.514061229,0.547675304,0.499943894,0.523888986,0.522453203,0.533664708,0.54627687,0.532977738,0.520748064,0.551041845,0.479925542,0.540870764,0.572712124,0.505410067,0.486292053,0.526454368,0.545426252,0.549367805,0.517490517,0.49699842,0.529401956,0.522117211,0.548417626,0.543987673,0.484596465,0.547650829,0.505295682,0.568111877,0.527829788,0.519541128,0.518312757,0.47736191,0.563911516,0.495874764,0.509048345,0.517363983,0.547082581,0.491283416,0.520499188,0.553460138,0.507202626,0.53718608,0.51747069,0.537639068,0.54034495,0.474510023,0.547912223,0.524601672,0.001834919,285.8990576,544.9831235,,,,0.024039165,
DEH1.2020,M4.P,M4.P.W,CV0,1142,AGDD,0.298420195,0.27770128,0.276414346,0.302184785,0.307434543,0.298392532,0.271157197,0.297001795,0.291100679,0.316316078,0.277991447,0.263341237,0.309975037,0.307687938,0.314840437,0.265183083,0.305543197,0.293813602,0.302965144,0.286377324,0.277475301,0.284852118,0.281077566,0.31680162,0.316328466,0.292348526,0.272562323,0.327291231,0.298564074,0.277825515,0.288760544,0.27412224,0.288441283,0.326235325,0.286110105,0.275554581,0.28277924,0.31436667,0.282110487,0.30943554,0.29758983,0.325820834,0.252155572,0.327182348,0.267073591,0.296571802,0.288618103,0.316906392,0.262189011,0.299097347,0.293401789,0.00080168,365.9835946,1247.380241,3127.55815,11113.93038,0.281408831,0.018880509,0.031022919
IAH4.2021,M4.P,M4.P.W,CV0,1128,AGDD,0.223149464,0.151525319,0.211334428,0.178050578,0.233999276,0.196459719,0.199106877,0.210586423,0.175706457,0.220218392,0.185852426,0.200962122,0.189745591,0.201400623,0.224006489,0.209104458,0.23309128,0.162666209,0.202270943,0.194739213,0.167584874,0.177845258,0.192289756,0.245475718,0.219795415,0.190289678,0.221432976,0.186745558,0.208138119,0.189495962,0.180844373,0.168753662,0.198030919,0.266319495,0.181405384,0.222269165,0.160269074,0.193418942,0.209142193,0.204598908,0.202488194,0.228126321,0.214248066,0.193665937,0.156721826,0.178761726,0.192802846,0.198375791,0.189447336,0.235843272,0.199572061,0.000852727,234.0397097,1172.707787,,,,0.023626211,
MIH1.2020,M4.P,M4.P.W,CV0,414,AGDD,0.319141042,0.367450019,0.353554163,0.303217433,0.310683923,0.301821277,0.351101896,0.306679599,0.342656163,0.365393564,0.316511993,0.299469576,0.289816269,0.374856724,0.387416936,0.380753808,0.427660928,0.309895626,0.26884269,0.282103432,0.303940543,0.332591107,0.373298485,0.298553413,0.360000739,0.374841076,0.34989762,0.305226452,0.286174133,0.335215733,0.330069247,0.34871098,0.316521239,0.316200892,0.365041762,0.314858412,0.381704894,0.333839166,0.319759558,0.317255807,0.346646853,0.323732159,0.348955994,0.309039542,0.325361434,0.322399007,0.387839901,0.323869478,0.335327442,0.299779725,0.332913597,0.002158176,154.2569224,463.3542269,,,,0.032763393,
MNH1.2020,M4.P,M4.P.W,CV0,395,AGDD,0.377812635,0.311931493,0.405805754,0.343915444,0.262336248,0.387959786,0.307001864,0.380639074,0.338269049,0.28619339,0.358040718,0.318973147,0.377619968,0.377305024,0.27546122,0.399561805,0.250046563,0.35713449,0.29314161,0.392076783,0.351345268,0.352663911,0.386762411,0.272545852,0.341854134,0.361944095,0.358760956,0.261998373,0.367997383,0.354985114,0.315142207,0.33176137,0.407282154,0.353425769,0.299635519,0.379588692,0.327720306,0.316968868,0.293622489,0.387078601,0.349734681,0.300548075,0.427383399,0.337613851,0.299494694,0.356462444,0.299868792,0.449153349,0.332852121,0.272842148,0.341005262,0.00224864,151.6495765,444.7133035,,,,0.045836367,
MNH1.2021,M4.P,M4.P.W,CV0,415,AGDD,0.338348532,0.340945738,0.25055919,0.25855441,0.290338072,0.270561871,0.327790599,0.277998483,0.299837052,0.300500905,0.290235888,0.294677349,0.284870379,0.241056956,0.364795994,0.265707162,0.289491776,0.281531054,0.320953373,0.304535028,0.290894856,0.332446389,0.31201574,0.284850876,0.240124063,0.292663843,0.278019305,0.331459216,0.248736263,0.322092604,0.356219029,0.322550209,0.266507564,0.270996988,0.265225648,0.268726613,0.271659569,0.391185884,0.269487737,0.268263197,0.323013001,0.30718824,0.277371203,0.266774068,0.299112756,0.258779524,0.326342039,0.288044919,0.328100523,0.276842075,0.294579675,0.002211193,133.2220393,452.244505,,,,0.032839228,
MOH1.2020,M4.P,M4.P.W,CV0,1006,AGDD,0.420467846,0.42527314,0.446650097,0.451015402,0.442064698,0.438755144,0.426005273,0.4385987,0.459091592,0.424712373,0.433024083,0.447409267,0.418189255,0.454041842,0.433771497,0.448382375,0.438652974,0.425147715,0.433700486,0.439929904,0.447589526,0.449983228,0.412730282,0.422586832,0.457768283,0.454389314,0.444637396,0.457190888,0.403958621,0.427543454,0.440505541,0.466244028,0.43660538,0.450479303,0.391423495,0.47363092,0.38206686,0.440884853,0.461281666,0.42446285,0.461682643,0.41571991,0.41945222,0.455005743,0.43972052,0.416573567,0.460971666,0.439666485,0.459611426,0.41028342,0.43739068,0.000805468,543.0270831,1241.514985,,,,0.019265565,
NEH1.2021,M4.P,M4.P.W,CV0,246,AGDD,0.337232452,0.39852308,0.343326358,0.376648118,0.375020123,0.338556504,0.356834814,0.370115149,0.372223149,0.39387992,0.353928171,0.351515436,0.332568131,0.434856949,0.356770992,0.396812443,0.424796219,0.344791222,0.297068516,0.375666509,0.361460826,0.367679005,0.350228299,0.401792457,0.358603234,0.368787489,0.393248271,0.363349561,0.367791644,0.34805423,0.412410522,0.361348993,0.369961917,0.367348367,0.324210946,0.40469362,0.322562704,0.357629695,0.34041453,0.407211943,0.35268621,0.304184409,0.380216023,0.418243779,0.370371397,0.370931492,0.38155556,0.365041997,0.325688061,0.394999254,0.366876814,0.003546727,103.4409491,281.9500858,,,,0.02939734,
TXH1.2020,M4.P,M4.P.W,CV0,246,AGDD,0.504309731,0.573096611,0.550615434,0.511337022,0.550925846,0.510920348,0.542589199,0.56333262,0.529010743,0.536027378,0.481348677,0.574143198,0.507071253,0.545901069,0.577091619,0.560720268,0.492182812,0.515380875,0.552071448,0.564927966,0.54819285,0.557537842,0.547687716,0.522773002,0.514449982,0.554321943,0.501095651,0.504440608,0.58858977,0.535420389,0.536046893,0.583671406,0.583154143,0.509158708,0.467587661,0.534051576,0.52899081,0.491594195,0.588231121,0.542000832,0.56530306,0.478390832,0.525478856,0.570304522,0.548255326,0.571718983,0.500177346,0.574990426,0.527125627,0.508820026,0.537051324,0.002916295,184.1553764,342.9008888,,,,0.03125171,
TXH1.2021,M4.P,M4.P.W,CV0,246,AGDD,0.132224059,0.077581879,0.072478559,0.058654095,0.134811795,0.012715625,0.095382437,0.115387714,0.121283882,0.12030889,0.015091374,0.142808722,0.138647215,0.077724926,0.099800465,0.040491183,0.072399891,0.140787668,0.158932057,0.062510733,0.109529541,0.122582023,0.128601041,0.131407212,-0.022281899,0.061439907,0.064087711,0.148101741,0.058607239,0.150743765,0.10298937,0.143231708,0.057486805,0.129920893,0.048119711,0.111568608,0.052024135,0.09330163,0.08327417,0.12666586,0.05472061,0.115712899,0.119040273,0.109509641,0.076726121,0.068397353,0.108408673,0.104070844,0.141737057,0.055710879,0.094909174,0.004061444,23.36833455,246.2178693,,,,0.040432442,
TXH2.2020,M4.P,M4.P.W,CV0,246,AGDD,0.46653489,0.405416779,0.431340654,0.338563607,0.370414234,0.371440326,0.389701031,0.4179362,0.409341079,0.42340509,0.348422207,0.428692417,0.419513498,0.36853136,0.456496535,0.354893828,0.396832752,0.439805185,0.381935273,0.440596574,0.39649987,0.397343467,0.439581253,0.450112043,0.325201235,0.42206928,0.395670528,0.42063032,0.390408371,0.387511011,0.415763682,0.403907444,0.407980923,0.387038275,0.403748286,0.376119684,0.390238032,0.419154915,0.409740876,0.430644145,0.365427929,0.387619526,0.47069883,0.391755398,0.404729482,0.424501965,0.450893902,0.41414323,0.41127066,0.291426029,0.402832882,0.003433302,117.3310391,291.2648007,,,,0.035110842,
TXH2.2021,M4.P,M4.P.W,CV0,246,AGDD,0.289944242,0.25712262,0.231107565,0.186780202,0.271133064,0.236120479,0.247065584,0.279175716,0.291456786,0.173624419,0.195215378,0.196830631,0.268091996,0.314655151,0.266877203,0.236191182,0.175830902,0.308920346,0.234618848,0.282426403,0.261733306,0.298057096,0.24375252,0.257949269,0.183055032,0.261334058,0.183718331,0.304758759,0.204486171,0.283351955,0.260128682,0.239123092,0.26706897,0.215351974,0.256733239,0.291318206,0.207501703,0.245675213,0.26296295,0.228887089,0.205951501,0.181447655,0.252267437,0.334435957,0.266032682,0.258471569,0.221854343,0.312959212,0.261961299,0.187785428,0.247666068,0.003846973,64.37945888,259.9446075,,,,0.040998397,
TXH3.2020,M4.P,M4.P.W,CV0,266,AGDD,-0.008217092,-0.034334096,-0.059494868,0.022754884,-0.02374135,0.036353872,-0.051725379,-0.044167342,0.040070987,-0.073400022,0.004651218,-0.06996189,-0.012814579,-0.027407773,0.005501756,-0.105323,0.013459432,0.067437512,-0.056412203,-0.012754177,-0.026789455,-0.019874575,0.02339884,-0.001336778,-0.077849748,-0.063437433,0.011793543,-0.010624099,-0.044696113,0.00425236,0.026380036,-0.051384364,-0.081365841,-0.012938284,0.019224088,-0.052019129,-0.006932075,0.023431488,-0.040672058,-0.02078617,-0.031026537,-0.027835696,0.008734146,-0.059862832,0.005999631,0.00306379,-0.069393941,-0.044178362,0.045391579,-0.028659937,-0.019790361,0.003786395,-5.226702312,264.1034383,,,,0.037591757,
TXH3.2021,M4.P,M4.P.W,CV0,245,AGDD,0.329619864,0.38445317,0.386680236,0.336736964,0.347916371,0.335440983,0.393165124,0.370598832,0.289576859,0.387926363,0.344531403,0.376309788,0.360467047,0.342953137,0.36077173,0.340709582,0.362443832,0.363009566,0.309242873,0.414132196,0.35115321,0.336820151,0.374134168,0.398202058,0.32201402,0.355074008,0.384911284,0.377909283,0.336067255,0.33402799,0.329978211,0.3530254,0.393007437,0.335733045,0.369936379,0.361958368,0.315557255,0.373498004,0.415432127,0.317591788,0.331100591,0.34602797,0.370130536,0.384164704,0.35686254,0.384722425,0.323232386,0.386008662,0.359205497,0.327338952,0.356830232,0.003591244,99.36118964,278.4550764,,,,0.027769597,
WIH1.2020,M4.P,M4.P.W,CV0,394,AGDD,0.481447795,0.440541394,0.470724448,0.481922415,0.452701741,0.499185169,0.445490247,0.476576954,0.476268211,0.428141122,0.430360784,0.491513698,0.482530416,0.401934399,0.514704992,0.467952615,0.403381513,0.48552392,0.470325302,0.480367505,0.508080786,0.44226352,0.521982733,0.475085189,0.371484466,0.517680925,0.423697675,0.422244692,0.473453421,0.479594304,0.490220382,0.50040684,0.474725435,0.380832486,0.478846758,0.41342822,0.51842667,0.489474633,0.446591083,0.470021989,0.460057546,0.503704289,0.430426216,0.460902687,0.478184038,0.429159128,0.524038314,0.440696243,0.50641181,0.438082435,0.465035991,0.001999341,232.5946785,500.1648968,,,,0.036467402,
WIH1.2021,M4.P,M4.P.W,CV0,398,AGDD,0.217900794,0.280813416,0.23495396,0.257779013,0.274644891,0.260182435,0.233421305,0.264494275,0.305121544,0.208700146,0.24895461,0.253985997,0.220784035,0.262978815,0.271608338,0.303942995,0.291506403,0.208881829,0.218158089,0.258016763,0.286652585,0.231732758,0.239529212,0.222792223,0.282169586,0.250191593,0.285826462,0.19678851,0.27796431,0.262967665,0.241591068,0.280487559,0.228587029,0.298126178,0.232317493,0.278237923,0.227432895,0.250618003,0.260232457,0.24997613,0.271991474,0.23909396,0.23117334,0.253973843,0.271287994,0.241717538,0.284160981,0.258125587,0.217513011,0.264791534,0.253897611,0.002362465,107.4714962,423.2867561,,,,0.026527902,
WIH2.2020,M4.P,M4.P.W,CV0,1127,AGDD,0.178243908,0.128808743,0.128118125,0.122439814,0.131710077,0.157647714,0.110482384,0.1002144,0.138754916,0.17508086,0.162916223,0.152147332,0.129106832,0.103071558,0.138576312,0.120284924,0.106181301,0.135621742,0.159069419,0.168128387,0.134534795,0.150718557,0.151414131,0.11261312,0.130640083,0.167058002,0.101879612,0.16658686,0.135340514,0.118034959,0.166692375,0.109810016,0.153239366,0.151587642,0.104454707,0.144999146,0.136221148,0.125999196,0.142132711,0.137654325,0.113146787,0.157760405,0.125815786,0.135387935,0.156987189,0.126676381,0.123212372,0.160164463,0.155678277,0.123732526,0.137335567,0.000872124,157.4726131,1146.626591,,,,0.020941,
WIH2.2021,M4.P,M4.P.W,CV0,1137,AGDD,0.210649304,0.210721183,0.229481743,0.221939424,0.213483412,0.217387705,0.221968532,0.236567455,0.216171879,0.186463428,0.234700261,0.221195307,0.196361331,0.229551454,0.199750837,0.212212037,0.219069815,0.212404419,0.218851789,0.214516109,0.206305534,0.209053909,0.234040677,0.258741924,0.176021161,0.219592883,0.228787464,0.187963776,0.229115343,0.209335654,0.19899272,0.217492959,0.234909377,0.221657182,0.215537176,0.222976322,0.212363689,0.237687939,0.190853131,0.216036744,0.222044827,0.225115743,0.211342309,0.240361596,0.183864353,0.225513449,0.212027469,0.202797217,0.225240838,0.214711576,0.216278647,0.000839845,257.5222419,1190.696562,,,,0.015596235,
WIH3.2020,M4.P,M4.P.W,CV0,415,AGDD,0.061402549,0.143973087,0.136301294,0.161020693,0.106124298,0.028734977,0.118196203,0.122836398,0.134966273,0.197632983,0.128422476,0.10675361,0.109708838,0.118715292,0.14327981,0.13908107,0.142734763,0.140162996,0.106791361,0.065720673,0.131129941,0.121878763,0.152446062,0.106187419,0.092177189,0.156603674,0.118017091,0.076192573,0.205495671,0.043303335,0.197268313,0.080706434,0.06323094,0.142474786,0.127356673,0.101284896,0.062363639,0.164793054,0.106140394,0.168640353,0.178916667,0.097018093,0.069708241,0.083966605,0.167411596,0.118757075,0.134478119,0.125457306,0.165235719,0.059145672,0.120606919,0.002386087,50.54589954,419.0961852,,,,0.040462775,
WIH3.2021,M4.P,M4.P.W,CV0,397,AGDD,0.372839272,0.353550309,0.31371944,0.322452445,0.346195967,0.326273817,0.319587449,0.37333455,0.296208349,0.396158889,0.305728265,0.346963768,0.32909349,0.335526372,0.394426055,0.366179912,0.356354035,0.31448861,0.337598462,0.32673624,0.299074511,0.343311168,0.407773704,0.345006566,0.316315366,0.369688091,0.31848157,0.384188106,0.311788984,0.327992277,0.316289251,0.346989937,0.364860989,0.323526809,0.356308096,0.304827592,0.361311978,0.401564055,0.316293974,0.3254343,0.386539628,0.376786541,0.31850301,0.342256518,0.291002143,0.312190025,0.413615816,0.329367416,0.391526321,0.261920813,0.341963025,0.002235598,152.9626499,447.3075705,,,,0.033676792,
DEH1.2020,M4.P,M4.P.W,CV0,1142,DAP,0.356989105,0.34389403,0.357884366,0.360923752,0.39451472,0.355001168,0.364963298,0.360070323,0.356425744,0.370202531,0.364229585,0.386796099,0.365546729,0.311168366,0.379067334,0.388179233,0.334527036,0.368546247,0.356757464,0.363959069,0.344297828,0.377501648,0.360949071,0.377920414,0.356936635,0.356623813,0.365323516,0.360234663,0.367010624,0.338596651,0.366330803,0.379170559,0.30658854,0.400406534,0.355721939,0.37499288,0.353029909,0.356955235,0.331303099,0.379301424,0.365143876,0.382381558,0.314895542,0.368708986,0.346755019,0.354007918,0.365003172,0.364614146,0.368822021,0.359554901,0.360774582,0.000763019,472.8251401,1310.583292,3063.429814,11207.52729,0.273336815,0.018872957,0.031951205
IAH4.2021,M4.P,M4.P.W,CV0,1128,DAP,0.426089731,0.408787197,0.379808361,0.396897523,0.362950442,0.392942959,0.383882946,0.402367551,0.395311379,0.394352396,0.368774852,0.405591404,0.399348205,0.401945361,0.390687597,0.40367764,0.402117059,0.372178614,0.391531095,0.391999358,0.394923969,0.391201915,0.402641723,0.386532389,0.402779875,0.380526307,0.40599412,0.41174191,0.383042173,0.388305211,0.399744732,0.379155909,0.41544281,0.371533126,0.404845269,0.392103087,0.386765358,0.379998429,0.390624175,0.417634513,0.375396923,0.385943034,0.404226377,0.407406152,0.391533829,0.412395475,0.428471312,0.35686587,0.367107025,0.399359612,0.393709686,0.000750438,524.640171,1332.555917,,,,0.015411311,
MIH1.2020,M4.P,M4.P.W,CV0,414,DAP,0.379068671,0.31444879,0.317276955,0.297575742,0.289238401,0.405493264,0.248684548,0.32258687,0.286085986,0.342901673,0.284264553,0.312181329,0.300192619,0.429800806,0.276002457,0.380523321,0.307159319,0.377404143,0.265645093,0.260577317,0.24266923,0.304712977,0.417989588,0.353645461,0.275843751,0.328653003,0.28368991,0.302623418,0.370782113,0.294756922,0.29608594,0.322267446,0.227252805,0.342346358,0.409789189,0.301865286,0.298534757,0.388482509,0.337928345,0.271642161,0.412817828,0.322724819,0.258710447,0.313651205,0.295152828,0.298163178,0.310338682,0.341315665,0.336004766,0.304182826,0.319234705,0.002179828,146.4494821,458.7517573,,,,0.04793936,
MNH1.2020,M4.P,M4.P.W,CV0,395,DAP,0.333445907,0.279374622,0.327451759,0.312033098,0.290180646,0.341064208,0.286704394,0.324080726,0.331039666,0.263516226,0.371939551,0.323895474,0.31925526,0.265552503,0.270793721,0.318798367,0.270703392,0.344140412,0.252255991,0.358744081,0.298446949,0.25098699,0.381850229,0.299433637,0.322201882,0.307353857,0.334441586,0.286077488,0.312656832,0.298393952,0.306644364,0.233705221,0.252556783,0.398506585,0.350189552,0.343279834,0.283373538,0.349332402,0.262212816,0.30479492,0.318406648,0.29403841,0.333833986,0.28901378,0.30514531,0.254327328,0.27418278,0.354439185,0.320235847,0.335051993,0.308801694,0.002301887,134.1515548,434.4262274,,,,0.036592466,
MNH1.2021,M4.P,M4.P.W,CV0,415,DAP,0.285012675,0.290923253,0.24668566,0.318702922,0.189254297,0.312478039,0.231084388,0.264238868,0.224055153,0.308755991,0.20510547,0.234677191,0.283958428,0.35733034,0.259222464,0.259751175,0.288901326,0.344977126,0.20836121,0.248714485,0.226713669,0.288457612,0.375876753,0.237582911,0.203978984,0.31021664,0.215070964,0.33914048,0.236333207,0.221271068,0.295674936,0.260793268,0.220518432,0.22747147,0.317026591,0.249758939,0.244686628,0.314180927,0.275556223,0.249028072,0.325480731,0.270463897,0.259686372,0.225372245,0.256466097,0.251172069,0.308146559,0.219482345,0.292005843,0.262447861,0.266845045,0.002248895,118.65606,444.6627817,,,,0.043566445,
MOH1.2020,M4.P,M4.P.W,CV0,1006,DAP,0.305754525,0.350052619,0.356802404,0.386846943,0.396504595,0.355627283,0.369766198,0.368872628,0.35266415,0.354860023,0.357577418,0.327953688,0.373935209,0.368218869,0.364697353,0.367789564,0.352235673,0.390362167,0.357395728,0.346928944,0.352312436,0.343991818,0.385538688,0.3788587,0.334963657,0.353541552,0.340584217,0.375015575,0.368987096,0.356138535,0.357054096,0.382965273,0.3531491,0.343726691,0.372330979,0.376857534,0.365808346,0.378896426,0.321757633,0.360776886,0.377530591,0.34234837,0.325142301,0.322753562,0.400485197,0.374153943,0.347997609,0.363149314,0.349885078,0.361578191,0.359462507,0.000867317,414.4532239,1152.980395,,,,0.019716598,
NEH1.2021,M4.P,M4.P.W,CV0,246,DAP,0.108224628,0.135636557,0.126150833,0.163882985,0.136327595,0.164256131,0.143161621,0.154138563,0.061628899,0.15712311,0.188464742,0.129597052,0.166413902,0.137433188,0.050925755,0.10565214,0.117568916,0.207249322,0.121374702,0.130238983,0.160593194,0.136729345,0.181794031,0.137106496,0.064681328,0.151143552,0.167819586,0.186692867,0.10087257,0.075615967,0.102417439,0.196977869,0.047589583,0.148215334,0.187488235,0.146226652,0.093460623,0.176724176,0.094164156,0.170004912,0.185932096,0.099752642,0.082519092,0.073357515,0.23930408,0.119854625,0.138150644,0.149101986,0.135795597,0.13650272,0.135840771,0.004022735,33.76826419,248.587107,,,,0.042007638,
TXH1.2020,M4.P,M4.P.W,CV0,246,DAP,0.669426328,0.696744718,0.655556315,0.641971228,0.668736182,0.674453979,0.6843447,0.676413652,0.632137999,0.664600926,0.663157077,0.664614056,0.697103184,0.679011321,0.63132268,0.696553446,0.641119308,0.640617313,0.654361057,0.695124372,0.665901367,0.705894383,0.654530398,0.647463633,0.66161283,0.648767771,0.658677852,0.672868423,0.661249225,0.695063742,0.692948297,0.681097297,0.67725129,0.648693052,0.633803381,0.699264216,0.665864705,0.595532451,0.693978612,0.673014106,0.607405256,0.648063993,0.707966271,0.682871728,0.683206553,0.661469605,0.666893035,0.695452481,0.61588521,0.6958232,0.666517684,0.002277681,292.6299463,439.0430341,,,,0.025511499,
TXH1.2021,M4.P,M4.P.W,CV0,246,DAP,-0.006384209,0.086087565,-0.006744761,0.005939303,0.002220756,0.013224691,0.054922892,0.069700297,-0.040562777,0.012617152,0.078088702,0.018863862,-0.017024913,0.01700644,-0.001595663,0.00810543,-0.033175718,-0.021528866,0.051738806,0.0910621,0.021986006,0.02495535,-0.004415778,0.051327606,-0.000628967,0.009508865,0.048863421,0.039506536,-0.004292903,0.025897994,0.057998702,0.062484932,0.005827671,-0.006029872,-0.015671412,0.001473611,-0.071650501,0.010048048,0.116027701,0.050095562,0.057604322,-0.026442983,0.028446753,-0.035484425,0.084845428,0.025902478,-0.016301509,0.054352074,-0.001060723,0.052325291,0.020601207,0.004096621,5.028828867,244.1035999,,,,0.038598274,
TXH2.2020,M4.P,M4.P.W,CV0,246,DAP,0.460526748,0.456614294,0.516353261,0.412013178,0.424352239,0.396896685,0.456977237,0.450704872,0.472276488,0.493052454,0.443704205,0.435078256,0.441079254,0.482864914,0.470574904,0.50931511,0.459307001,0.40042679,0.427501684,0.470225636,0.461186376,0.464635645,0.449371773,0.484119515,0.408925318,0.501881935,0.458869209,0.417722848,0.466572346,0.432082012,0.494147056,0.464253961,0.435683889,0.433136887,0.444729388,0.43201269,0.466221411,0.446985356,0.48024096,0.446066023,0.461743942,0.431923185,0.489085506,0.467452476,0.430026385,0.422115184,0.408763132,0.495448418,0.465641294,0.48573268,0.45453244,0.00325164,139.7855797,307.5370806,,,,0.028652638,
TXH2.2021,M4.P,M4.P.W,CV0,246,DAP,0.230523663,0.211740885,0.238957986,0.252788242,0.223498181,0.245801571,0.23292006,0.302569987,0.19628863,0.192377137,0.266928869,0.196269975,0.220898674,0.239561403,0.215770609,0.275005707,0.208134898,0.305558223,0.154468123,0.192169013,0.261189961,0.191499799,0.255964482,0.277729503,0.176245091,0.280120601,0.254240448,0.248918433,0.190019254,0.198365842,0.209454364,0.293117758,0.187052789,0.261483156,0.238843544,0.230455335,0.178089309,0.246709343,0.275031185,0.257905982,0.182493505,0.275358838,0.198035698,0.164972082,0.300689329,0.278230796,0.236349879,0.242193743,0.187108948,0.268849355,0.232979004,0.003875905,60.1095777,258.0042695,,,,0.039048729,
TXH3.2020,M4.P,M4.P.W,CV0,266,DAP,-0.013012632,-0.014650718,-0.04526644,-0.043795732,0.008776655,-0.037237178,0.048874995,-0.051791649,-0.076605035,0.002131227,-0.047526929,-0.000165341,-0.028320122,-0.053229141,0.024528321,-0.001042119,-0.027786909,-0.008295213,-0.062214937,-0.008111397,0.059151029,-0.042086954,-0.036571937,-0.011979266,-0.073473223,-0.061705942,-0.061943626,0.059989096,-0.020039676,-0.023041054,-0.015595953,-0.036475871,-0.049033507,-0.007386888,0.005421684,-0.029864158,-0.036373085,-0.000657947,-0.017278208,-0.019563538,0.046101784,-0.058196661,-0.029175492,-0.053797122,-0.004428801,0.010706502,-0.032157194,-0.062699525,0.002065438,-0.022204473,-0.021140697,0.003786186,-5.583639557,264.118042,,,,0.032521543,
TXH3.2021,M4.P,M4.P.W,CV0,245,DAP,0.218464406,0.222998018,0.209631481,0.318528753,0.216841091,0.264829168,0.181536043,0.189602353,0.285785578,0.258736402,0.229688399,0.228025838,0.255167839,0.235666945,0.238678374,0.25031855,0.216766334,0.284629869,0.179399238,0.243192666,0.203003127,0.228239537,0.265391853,0.267476279,0.21895646,0.253279542,0.185556342,0.227080961,0.290283142,0.207551953,0.215361934,0.208617837,0.269675405,0.240226151,0.25157983,0.236620941,0.255391968,0.219374148,0.203215964,0.260464358,0.262052847,0.21283953,0.23102313,0.24099655,0.235222177,0.246188358,0.193398064,0.208230817,0.263905564,0.262913174,0.235852106,0.003886312,60.68789992,257.313369,,,,0.030066431,
WIH1.2020,M4.P,M4.P.W,CV0,394,DAP,0.45834224,0.471785193,0.501289203,0.510828625,0.471492204,0.530028202,0.438390562,0.498390396,0.541106428,0.388428599,0.491638425,0.433202046,0.538316475,0.440491356,0.498108902,0.514990095,0.42114722,0.465334453,0.415748913,0.569052075,0.499401917,0.459201115,0.516926413,0.463311976,0.47503042,0.451879894,0.504523572,0.459030368,0.505903746,0.486296879,0.498426482,0.505650461,0.481560927,0.478786329,0.440935889,0.482901766,0.501642844,0.45972448,0.478086513,0.494920909,0.466181071,0.470120846,0.519800862,0.424130802,0.526227613,0.530709808,0.426488345,0.479922562,0.466795386,0.495825626,0.480969149,0.001960889,245.2811096,509.9726465,,,,0.036389257,
WIH1.2021,M4.P,M4.P.W,CV0,398,DAP,0.285220244,0.221888894,0.260333368,0.236553853,0.165384542,0.281409784,0.260116389,0.213445981,0.197053174,0.223320649,0.220992666,0.229894267,0.262580601,0.281352411,0.189556377,0.226033027,0.289142553,0.231326324,0.187496608,0.248795776,0.269964009,0.215893126,0.275772696,0.220331745,0.194874536,0.177810365,0.246788075,0.274432459,0.204161436,0.272947605,0.215313658,0.246555652,0.188033937,0.263077628,0.266071536,0.263282059,0.231485227,0.261506592,0.199032685,0.233234803,0.274212314,0.219280462,0.233863592,0.220734805,0.234315263,0.188895517,0.231948804,0.27598236,0.248556195,0.233581163,0.235876756,0.002384753,98.91035415,419.3306535,,,,0.031736737,
WIH2.2020,M4.P,M4.P.W,CV0,1127,DAP,0.102686384,0.05706744,0.049435528,0.042783121,0.003229281,0.048374732,0.022921988,0.088509962,0.051920929,0.040528998,0.020965204,0.071262486,0.049329152,0.030277631,0.08260114,0.036813302,0.047473867,0.0602134,0.025786215,0.08326163,0.077017417,0.019140632,0.084551603,0.048904866,0.02270387,0.040875603,0.038092438,0.031214338,0.071245278,0.070657516,0.032423705,0.028350132,0.0959307,0.054918013,0.043544555,0.073112941,0.063116679,0.047078532,-0.011993577,0.077565832,0.045997581,0.028219215,0.050090036,0.045779961,0.082791455,0.01351043,0.033726298,0.09323702,0.070822168,0.041194578,0.050585244,0.000886614,57.05439421,1127.88611,,,,0.025150647,
WIH2.2021,M4.P,M4.P.W,CV0,1137,DAP,0.096260497,0.083504085,0.121728548,0.122584667,0.093612739,0.102054475,0.14703917,0.076933655,0.092150082,0.106864805,0.089705914,0.147034456,0.064192084,0.105976644,0.117620303,0.100099389,0.119927002,0.069438461,0.105234252,0.123054992,0.082736611,0.137820991,0.116263044,0.096501521,0.08325932,0.145748799,0.077089303,0.099562092,0.098788951,0.09691684,0.094853294,0.069357694,0.101718892,0.118861962,0.126340535,0.155015831,0.092457873,0.093447492,0.090655643,0.084016657,0.108638563,0.089571583,0.089597444,0.108380941,0.121273993,0.072276897,0.083403466,0.117459355,0.112793922,0.129861857,0.103593752,0.000871602,118.8544139,1147.312575,,,,0.021655063,
WIH3.2020,M4.P,M4.P.W,CV0,415,DAP,0.043468726,0.053336322,-0.059437996,0.048652587,0.025379214,0.091900372,0.064207991,-0.023787538,-0.008768073,0.009978936,0.034260808,0.049923113,0.050197207,0.026141073,-0.031103791,0.028529627,0.019662133,-0.023788656,0.043161879,0.056478272,0.026527899,0.020142736,0.063553301,0.050930116,-0.048828499,0.031857746,0.041377185,0.048374203,-0.033381284,0.028741288,-0.019451611,0.028068851,-0.010322676,0.077172003,0.041421239,-0.006060928,0.04258595,0.063478095,-0.024714727,0.042201159,0.05367995,0.063202419,-0.019551526,-0.024629087,0.056418967,-0.012687172,0.032417284,0.038178159,0.064108887,0.002659655,0.024317236,0.002419876,10.04896059,413.2443629,,,,0.035531672,
WIH3.2021,M4.P,M4.P.W,CV0,397,DAP,0.316131596,0.294213162,0.270408941,0.372327454,0.30030239,0.307774471,0.251409527,0.384674551,0.260018163,0.358064158,0.286228529,0.290040259,0.344038702,0.337116905,0.29069462,0.391650454,0.27913763,0.237322028,0.310325814,0.351764808,0.317846874,0.298104821,0.378644557,0.27725045,0.277467311,0.339503459,0.326315402,0.326489339,0.311972525,0.23899695,0.288005578,0.325128717,0.318788083,0.28633477,0.333606567,0.261158661,0.341690527,0.333326161,0.310159316,0.309037048,0.308562388,0.330766035,0.292471577,0.330277581,0.281761819,0.319386163,0.351579658,0.217069366,0.301919188,0.352538763,0.310396076,0.002287732,135.6784928,437.1140718,,,,0.03810364,
DEH1.2020,M5.G,M5.G.W-Int,CV0,1142,AGDD,0.641873017,0.655502548,0.663406483,0.648885601,0.645437307,0.657869086,0.665405465,0.630653174,0.646543605,0.656620681,0.658562524,0.65897835,0.650259764,0.651259408,0.637838425,0.646472124,0.656979419,0.630355575,0.652830239,0.668312847,0.644771426,0.660887346,0.652006916,0.652171818,0.642518283,0.658769752,0.642583769,0.668341223,0.63662232,0.644985973,0.652053189,0.648239661,0.660898569,0.651214238,0.639261548,0.663270901,0.640115046,0.65224829,0.646507952,0.656340799,0.651075754,0.662855019,0.632373572,0.651918023,0.65501796,0.651640031,0.647822852,0.662903807,0.656217539,0.635099946,0.650895583,0.000505557,1287.48218,1978.016465,4275.746493,12129.42377,0.352510274,0.009560763,0.031560711
IAH4.2021,M5.G,M5.G.W-Int,CV0,1128,AGDD,0.440399238,0.438031421,0.422160848,0.429681772,0.491089827,0.432325182,0.455827334,0.439782075,0.431292268,0.460854674,0.41906158,0.473989468,0.444364947,0.4495779,0.437619583,0.437978706,0.456967796,0.462766436,0.428701353,0.437430957,0.462215419,0.448070154,0.438047873,0.433984314,0.437595276,0.42468509,0.42479499,0.478444015,0.429780018,0.45992932,0.428833186,0.466588971,0.453289427,0.44049831,0.42319739,0.445668108,0.383558409,0.475577976,0.44802475,0.457367038,0.446772932,0.435218446,0.444848492,0.455165343,0.435934344,0.442542334,0.462434294,0.443782639,0.435659064,0.436124061,0.443770707,0.000713204,622.2213934,1402.123628,,,,0.018007814,
MIH1.2020,M5.G,M5.G.W-Int,CV0,414,AGDD,0.241847272,0.257296076,0.284469332,0.246022264,0.318814643,0.244918542,0.273634203,0.295681187,0.277142415,0.256536753,0.25864246,0.305348386,0.272908927,0.22091551,0.294826438,0.306862437,0.225666666,0.258697135,0.246688963,0.307709762,0.270746693,0.276531775,0.232405446,0.292858688,0.255184666,0.266392549,0.259691997,0.303434722,0.248202096,0.260989196,0.281400024,0.267434931,0.288683987,0.2607059,0.244173971,0.301384863,0.214135347,0.247898109,0.301804777,0.277432746,0.274284757,0.307273797,0.230957314,0.29896153,0.234997379,0.267926834,0.273014295,0.268408168,0.244410476,0.28396425,0.268606413,0.002252065,119.2711874,444.0370058,,,,0.025611751,
MNH1.2020,M5.G,M5.G.W-Int,CV0,395,AGDD,0.478948744,0.411030882,0.404277872,0.513058481,0.486232545,0.492973767,0.448218756,0.540319721,0.473229073,0.341471207,0.438121863,0.508865883,0.484211189,0.429949439,0.418235443,0.446581766,0.440114724,0.474246484,0.434193196,0.500554866,0.48834855,0.4915855,0.466208188,0.445592491,0.413792244,0.478317796,0.501309099,0.406577182,0.423347661,0.48480571,0.452264036,0.416703026,0.537812371,0.437110517,0.459181404,0.481553577,0.433058242,0.422656489,0.49190618,0.45959727,0.384244711,0.446260373,0.547778837,0.479567064,0.466766995,0.494248507,0.406168829,0.438449865,0.465193849,0.499293549,0.45969072,0.002006831,229.0630365,498.2981522,,,,0.041347919,
MNH1.2021,M5.G,M5.G.W-Int,CV0,415,AGDD,0.431921227,0.403128314,0.41889777,0.288006536,0.454361328,0.311658002,0.367133182,0.461450496,0.414514187,0.461624795,0.296516012,0.444282962,0.431700234,0.438344063,0.373705029,0.425225302,0.31988081,0.408809894,0.411280961,0.428364162,0.414766514,0.39442891,0.421537476,0.403426726,0.358695813,0.416156848,0.348939081,0.429138148,0.429886222,0.371998852,0.414969626,0.435556159,0.399109084,0.457137785,0.2811743,0.388748774,0.259878913,0.398808808,0.486744894,0.44281242,0.452891408,0.366024425,0.42065111,0.377264379,0.393609657,0.388212182,0.414721716,0.436459928,0.404001453,0.355952985,0.399090197,0.002035659,196.0496673,491.2415004,,,,0.049858547,
MOH1.2020,M5.G,M5.G.W-Int,CV0,1006,AGDD,0.034512013,0.065480282,0.0634897,0.071859473,0.12945942,0.065406823,0.070091425,0.054056097,0.103196856,0.078991207,0.085632862,0.064987236,0.081815187,0.074302676,0.06043465,0.077093076,0.101660786,0.065022248,0.041858888,0.084756098,0.059095476,0.081442431,0.060409977,0.12026587,0.046577051,0.091950765,0.046917084,0.06263729,0.074071532,0.089398357,0.056983408,0.05221118,0.12077324,0.055376505,0.080771678,0.077403644,0.027963954,0.067609901,0.100668862,0.085758638,0.081737631,0.051719913,0.085487233,0.056930935,0.092123465,0.088963223,0.049000595,0.098008953,0.073088435,0.057564845,0.073340381,0.000990659,74.0319469,1009.429531,,,,0.021560507,
NEH1.2021,M5.G,M5.G.W-Int,CV0,246,AGDD,0.26219618,0.29196136,0.2936573,0.209014567,0.287496997,0.181287779,0.338932038,0.214870541,0.261823958,0.314928467,0.192060611,0.290599483,0.268064018,0.280957917,0.27496039,0.300497821,0.234963877,0.280058115,0.249576939,0.251630585,0.238071861,0.324626554,0.271197508,0.288858681,0.198721153,0.267240353,0.139427901,0.299773083,0.302053795,0.290180584,0.291966566,0.22730193,0.305225836,0.273354787,0.217536724,0.280565785,0.142867632,0.301987843,0.277830518,0.305104268,0.216499666,0.244034634,0.274407103,0.295405375,0.281909163,0.301677617,0.310097966,0.286388417,0.238841818,0.182872999,0.263111341,0.003814641,68.97407545,262.1478615,,,,0.045100281,
TXH1.2020,M5.G,M5.G.W-Int,CV0,246,AGDD,0.457874582,0.479886831,0.412838767,0.377251741,0.484735249,0.398314825,0.465192627,0.52309356,0.433914379,0.375351734,0.454623748,0.45769408,0.443712567,0.375492566,0.478297202,0.395505431,0.456537446,0.419580771,0.479100425,0.460113788,0.466261786,0.484015711,0.455495406,0.456344685,0.334350756,0.449834698,0.441212781,0.459539275,0.4349165,0.431469826,0.435095707,0.448457944,0.493342951,0.456434913,0.391643896,0.474888626,0.426404311,0.420303153,0.497199996,0.378341362,0.377254867,0.410060965,0.478112025,0.491078355,0.448269265,0.453694239,0.434257084,0.396736991,0.470609937,0.465272167,0.44180025,0.003298412,133.9433169,303.1761909,,,,0.039020949,
TXH1.2021,M5.G,M5.G.W-Int,CV0,246,AGDD,0.091359585,0.118305064,0.075383646,0.00546685,0.111226332,-0.007982096,0.141385353,0.080082412,0.083127875,0.09673852,0.007070579,0.076465972,0.165347638,0.076294763,0.074223249,0.008387184,0.040498507,0.125654488,0.121532882,0.104246628,0.098528775,0.118465435,0.130789433,0.106403985,-0.042704188,0.090103362,-0.006562426,0.133026309,0.073355938,0.112016139,0.069540545,0.088689144,0.075376693,0.073601414,0.089121145,0.098894168,0.00944545,0.098070028,0.107134847,0.074600905,0.066786108,0.111670094,0.075868163,0.054978124,0.088134562,0.068075788,0.09816057,0.070669148,0.107238757,0.058923991,0.079864357,0.00407222,19.61199453,245.5662993,,,,0.0418247,
TXH2.2020,M5.G,M5.G.W-Int,CV0,246,AGDD,0.365098179,0.311944155,0.291615198,0.237757141,0.296198953,0.22528962,0.327165055,0.319352919,0.339156264,0.259984816,0.238052065,0.309165342,0.324673563,0.291771612,0.327521226,0.253287911,0.220222107,0.3542297,0.340484488,0.310261151,0.329341782,0.32182677,0.344658519,0.324910021,0.147490073,0.348856938,0.215876288,0.372761631,0.236627102,0.311048749,0.328301818,0.267631959,0.335063521,0.257447259,0.306516775,0.306797654,0.289382344,0.307963069,0.324312958,0.243244104,0.261839373,0.243022744,0.397287734,0.2699517,0.307884297,0.325112732,0.351714172,0.265667674,0.326031001,0.205304533,0.296342135,0.003738448,79.26875708,267.4906727,,,,0.049573903,
TXH2.2021,M5.G,M5.G.W-Int,CV0,246,AGDD,0.407824255,0.39811259,0.359243991,0.333202427,0.356094675,0.336561627,0.388349628,0.410209558,0.39677302,0.307498257,0.342951318,0.36105588,0.401720179,0.358560313,0.391300063,0.373449254,0.332643931,0.396101404,0.373007599,0.372425041,0.371591367,0.391546291,0.404765388,0.40084025,0.26701639,0.380038765,0.328890845,0.407600872,0.38127059,0.351042349,0.35936251,0.378539109,0.435325729,0.3459297,0.321754324,0.380403876,0.311264711,0.400182757,0.401145565,0.344488672,0.329349051,0.295071055,0.410097696,0.414420297,0.392270954,0.412879431,0.355827721,0.395802188,0.426797356,0.245481468,0.368761646,0.003541044,104.1392306,282.4025541,,,,0.040193864,
TXH3.2020,M5.G,M5.G.W-Int,CV0,266,AGDD,-0.064343194,-0.089289546,-0.012380762,-0.076169519,-0.081281331,-0.058079868,-0.120885822,-0.057374366,-0.098565576,0.029908043,-0.054335179,-0.084448761,-0.097415217,-0.005881872,-0.07925388,-0.070914075,-0.062866212,-0.089940685,-0.045626388,-0.056005474,-0.090422706,-0.094317865,-0.056563294,-0.07402672,-0.018839238,-0.087117188,-0.004429361,-0.096878046,-0.030066808,-0.110474233,-0.077902052,-0.066516607,-0.066483791,-0.058052985,-0.066209884,-0.080276456,-0.065687326,-0.05962942,-0.05122066,-0.083206739,0.041825914,-0.079954787,-0.105365179,-0.091854613,-0.079863827,-0.092913347,-0.061154608,-0.062447599,-0.058773399,-0.045176155,-0.064982973,0.003771883,-17.22825619,265.1195433,,,,0.032628615,
TXH3.2021,M5.G,M5.G.W-Int,CV0,245,AGDD,0.336698036,0.319860967,0.301029458,0.33908533,0.348666145,0.339020705,0.308392208,0.324503991,0.339544464,0.344312208,0.32777511,0.325665089,0.355925316,0.291107912,0.341169392,0.298242861,0.313523025,0.341578504,0.335704078,0.35900167,0.310646913,0.382131689,0.345054919,0.319504238,0.281193976,0.321592392,0.322071705,0.335663314,0.311258339,0.363904519,0.334199205,0.337899174,0.335731756,0.32158157,0.3142964,0.355141356,0.263116889,0.340609345,0.354866758,0.308618818,0.285495005,0.315120359,0.339564964,0.333851502,0.365986066,0.333383146,0.342570704,0.298364757,0.353743958,0.326673512,0.328892874,0.00367008,89.61462982,272.4736132,,,,0.02321234,
WIH1.2020,M5.G,M5.G.W-Int,CV0,394,AGDD,0.405284845,0.342379663,0.385501644,0.366330615,0.395631692,0.351818446,0.368604842,0.411458503,0.422110199,0.341162958,0.39327995,0.386375847,0.391139762,0.390890764,0.337671527,0.381167692,0.33916106,0.340408866,0.457305125,0.389447738,0.394543622,0.365823412,0.362784866,0.421540717,0.349409132,0.38497141,0.354881799,0.349568165,0.408279491,0.4104869,0.366192855,0.389957605,0.390875593,0.400182259,0.342309078,0.386853146,0.345680988,0.376551019,0.373146171,0.42186376,0.386181734,0.316152933,0.394340467,0.406715309,0.378181363,0.396686382,0.364055299,0.363644225,0.427371467,0.341903086,0.37936532,0.002183883,173.7114124,457.9000855,,,,0.0288313,
WIH1.2021,M5.G,M5.G.W-Int,CV0,398,AGDD,0.407805997,0.382227278,0.331822174,0.376534466,0.375358612,0.334731427,0.38608773,0.368630333,0.34972067,0.44452104,0.375610502,0.429537021,0.343506102,0.306115717,0.422571051,0.398007969,0.408942609,0.373113072,0.357183423,0.362894386,0.425852214,0.386960249,0.37293649,0.363463197,0.30524144,0.396863275,0.358074648,0.406361365,0.395043919,0.329316085,0.358300053,0.413252326,0.358089309,0.378366136,0.368890379,0.338590228,0.367740993,0.394674532,0.403364895,0.364508272,0.340013619,0.402109451,0.35005769,0.353678117,0.428729087,0.395191884,0.441259722,0.354420066,0.379249786,0.312148518,0.37555339,0.00216909,173.1386829,461.0228194,,,,0.033563697,
WIH2.2020,M5.G,M5.G.W-Int,CV0,1127,AGDD,-0.043585654,-0.03685752,-0.021847578,-0.042078065,-0.061959866,-0.061885218,-0.020233136,-0.033684785,-0.055246692,-0.039063129,-0.050024735,-0.025630196,-0.040648035,-0.032159476,-0.056770002,0.011690327,-0.053731937,-0.077213808,-0.03885003,-0.049089697,-0.041457958,-0.043175119,-0.031301573,-0.040744191,-0.053447162,0.003596618,-0.079734697,-0.033420116,-0.067868206,-0.033593599,-0.075916207,-0.04293793,-0.027574077,-0.053103718,-0.011124156,-0.002962529,-0.050345058,-0.053805098,-0.032111817,-0.071559446,-0.059339921,-0.040163905,-0.015141856,-0.036644172,-0.05844469,0.001039692,-0.061920418,-0.058986645,-0.047728741,-0.039146062,-0.04175864,0.000887339,-47.06053318,1126.965184,,,,0.020469731,
WIH2.2021,M5.G,M5.G.W-Int,CV0,1137,AGDD,0.423603358,0.396336825,0.44180267,0.455151894,0.437989466,0.437432959,0.455667357,0.435064856,0.413707792,0.422783801,0.431566333,0.428610128,0.439737849,0.450196838,0.410544787,0.422332726,0.420034021,0.415075237,0.442298758,0.458350854,0.452766285,0.438687906,0.402411225,0.410800335,0.442810641,0.419437164,0.4533576,0.416344993,0.420230589,0.444653712,0.401850362,0.474738402,0.436254749,0.383703903,0.458023059,0.442169625,0.395108381,0.42986833,0.439707502,0.450895496,0.409398761,0.429016398,0.416200198,0.455730319,0.440735783,0.428940634,0.437796827,0.443627397,0.406627219,0.434125151,0.431086149,0.000717326,600.9628765,1394.066772,,,,0.019237076,
WIH3.2020,M5.G,M5.G.W-Int,CV0,415,AGDD,0.264643256,0.206574539,0.221505471,0.180474684,0.250220794,0.212909964,0.238021354,0.231091577,0.241341895,0.186849957,0.193204541,0.23349699,0.222174403,0.268203754,0.18049656,0.246674948,0.165356436,0.218089582,0.258002483,0.241849864,0.247462648,0.236552194,0.253968319,0.187963067,0.174375637,0.249071474,0.215566591,0.227091043,0.242129337,0.190060079,0.229840397,0.210919309,0.271858356,0.179394527,0.215078748,0.246964647,0.19388307,0.202925456,0.253440013,0.229560187,0.246225082,0.161190419,0.252397627,0.212581441,0.244940353,0.214976965,0.213600993,0.205068246,0.264717283,0.217636177,0.223052455,0.002300842,96.94385292,434.6235644,,,,0.02852134,
WIH3.2021,M5.G,M5.G.W-Int,CV0,397,AGDD,0.533690335,0.4579215,0.49482585,0.511468398,0.550573358,0.526878992,0.466759557,0.553638575,0.561585488,0.447838403,0.476542311,0.533877053,0.518382231,0.518492923,0.50154229,0.545969708,0.453839705,0.493033427,0.501809635,0.547044782,0.523158911,0.491732658,0.540547176,0.521051007,0.473861882,0.564922696,0.473491282,0.498806548,0.50159992,0.504678883,0.5032553,0.514961107,0.547035611,0.465349129,0.511344616,0.532392627,0.464714059,0.479608067,0.556188618,0.515716566,0.484059153,0.487041215,0.554580223,0.52621207,0.494340842,0.536643897,0.493869698,0.550489412,0.472404518,0.483913402,0.509273712,0.001875039,271.6070408,533.3223259,,,,0.031528406,
DEH1.2020,M5.G,M5.G.W-Int,CV0,1142,DAP,0.660392253,0.634658834,0.622641716,0.619787652,0.62485582,0.63886677,0.616852585,0.646703695,0.641420149,0.620471367,0.618083906,0.623759105,0.667412131,0.648433825,0.606126376,0.638603217,0.641716783,0.642465227,0.623754549,0.617739883,0.61921874,0.639496229,0.647184163,0.631226832,0.626983778,0.632336743,0.623679896,0.648703516,0.6229145,0.635672342,0.627518714,0.64673204,0.60498887,0.62263107,0.662184991,0.615630804,0.624364752,0.659406228,0.640236543,0.623970804,0.64896937,0.637906153,0.620398971,0.609463351,0.642683522,0.62689956,0.641065836,0.626546122,0.64430738,0.620005252,0.632561458,0.000526198,1202.135245,1900.424424,4546.228061,12134.75826,0.374645128,0.014555947,0.031501425
IAH4.2021,M5.G,M5.G.W-Int,CV0,1128,DAP,0.434074507,0.438923492,0.456279332,0.433196432,0.440167577,0.438021333,0.428613208,0.449001469,0.429399294,0.457981784,0.443768187,0.458654683,0.408588086,0.453288255,0.439419526,0.42705413,0.446280033,0.481471277,0.426428654,0.424003513,0.450589318,0.428412155,0.430975378,0.460594141,0.434495782,0.445520506,0.409317772,0.448681743,0.446538836,0.455607659,0.442636701,0.452321213,0.450105959,0.440409741,0.418417844,0.447335611,0.402936623,0.455033443,0.453963996,0.441700113,0.477237788,0.437763248,0.463803202,0.416040224,0.412347905,0.470556264,0.463440678,0.411219467,0.412555644,0.444395531,0.440791385,0.000715544,616.0224395,1397.537384,,,,0.018033109,
MIH1.2020,M5.G,M5.G.W-Int,CV0,414,DAP,0.219402723,0.285075947,0.232388356,0.282170205,0.241984936,0.210013227,0.269843951,0.308057485,0.2538596,0.206211877,0.25569682,0.294502798,0.252505779,0.226411964,0.238472799,0.230218001,0.294575062,0.279364077,0.231811203,0.237229334,0.308936278,0.272619739,0.208373559,0.268911448,0.19701145,0.245624844,0.270340744,0.268284644,0.229943932,0.248889083,0.260508228,0.294676436,0.229878136,0.295720838,0.175019226,0.263357541,0.247331939,0.222093512,0.243544298,0.280466231,0.229042727,0.263805415,0.246473884,0.234466016,0.275339224,0.289401111,0.277939969,0.234519013,0.183186551,0.259655655,0.251503156,0.002273656,110.6161995,439.8203233,,,,0.031320968,
MNH1.2020,M5.G,M5.G.W-Int,CV0,395,DAP,0.502523431,0.542708221,0.47196619,0.486543349,0.509266099,0.461842228,0.532334865,0.500348979,0.473749994,0.524259328,0.486471087,0.538887994,0.515913022,0.423575361,0.530558195,0.547517714,0.387788092,0.493637165,0.562770704,0.497146093,0.521234379,0.518628069,0.500896104,0.470259523,0.49094319,0.523137306,0.492530321,0.466376217,0.530213945,0.47667915,0.546288825,0.484478616,0.527410811,0.511179308,0.416583901,0.525214652,0.505357031,0.441006762,0.459562708,0.568168352,0.379642566,0.47885947,0.538921281,0.524451925,0.541535842,0.494471333,0.538379943,0.519900433,0.462306704,0.483570824,0.498559952,0.001912056,260.7454878,522.9972579,,,,0.040925465,
MNH1.2021,M5.G,M5.G.W-Int,CV0,415,DAP,0.42299191,0.458036666,0.383088999,0.451666478,0.365503101,0.460718718,0.412866749,0.422836888,0.370489046,0.415415346,0.452799385,0.44275794,0.412455026,0.397929543,0.384147542,0.427076126,0.474010607,0.392921516,0.372320511,0.418979339,0.437778089,0.413583571,0.395025093,0.425202754,0.402133243,0.411095266,0.465671114,0.427136177,0.328183855,0.441367316,0.455009291,0.441178351,0.397059867,0.39301175,0.409153246,0.442694581,0.331288905,0.41064836,0.404768082,0.481623338,0.443853208,0.448331269,0.438363956,0.331520364,0.409169024,0.411842753,0.436142169,0.397894641,0.344096456,0.475896568,0.415794682,0.002002699,207.6171376,499.3261017,,,,0.03693027,
MOH1.2020,M5.G,M5.G.W-Int,CV0,1006,DAP,0.091036898,0.075203822,0.049170144,0.125845948,0.070592624,0.04854522,0.111659004,0.105865387,0.056543136,0.086755739,0.074284296,0.101770334,0.095755651,0.086091883,0.056090842,0.073814143,0.082159584,0.082977328,0.113680411,0.058973174,0.113175991,0.058198488,0.099964628,0.097380608,0.040940996,0.089266899,0.090536526,0.055285895,0.074599177,0.10173266,0.053346556,0.093481946,0.083241144,0.095978772,0.08392185,0.069327723,0.070759908,0.123852514,0.0591405,0.090677971,0.078121154,0.109859059,0.105377316,0.040819389,0.073572368,0.111342381,0.077337763,0.095392328,0.051117065,0.072732262,0.082145948,0.000989295,83.03484746,1010.820976,,,,0.021894476,
NEH1.2021,M5.G,M5.G.W-Int,CV0,246,DAP,0.17947215,0.217621573,0.146717194,0.209100108,0.173723931,0.215268515,0.170003793,0.203175787,0.183442705,0.175869324,0.204757621,0.238657658,0.185046775,0.184045156,0.118935937,0.165406491,0.252717429,0.181346602,0.183383252,0.178287957,0.215696366,0.198986726,0.22636038,0.212871994,0.073345094,0.207953981,0.216944007,0.210704044,0.154662483,0.157809286,0.177858782,0.189373456,0.121596831,0.22152699,0.228755351,0.141418204,0.160124744,0.223873363,0.190496445,0.226462825,0.210886266,0.224593345,0.149492193,0.144488251,0.21433588,0.18734813,0.207640811,0.217987558,0.109096816,0.195670837,0.187706828,0.00395396,47.47312719,252.9110301,,,,0.036050936,
TXH1.2020,M5.G,M5.G.W-Int,CV0,246,DAP,0.411252942,0.451710153,0.396131034,0.334322165,0.376700206,0.367940904,0.385770002,0.433281719,0.378593435,0.380685092,0.374112331,0.393967935,0.418869455,0.412107024,0.368888366,0.436213271,0.343264651,0.422894208,0.323129881,0.422939581,0.412000289,0.443265859,0.41259169,0.42968297,0.252752566,0.402983424,0.297438302,0.434381523,0.392063213,0.426509851,0.402631572,0.404980547,0.391072255,0.416659692,0.34923067,0.419004682,0.378686294,0.402851976,0.398733602,0.35951266,0.394699347,0.325024877,0.408661792,0.387821558,0.427318395,0.42624681,0.415902818,0.429211382,0.32461074,0.345942698,0.390904968,0.003472104,112.5844735,288.00983,,,,0.04041516,
TXH1.2021,M5.G,M5.G.W-Int,CV0,246,DAP,0.083717897,0.133253183,0.043528925,0.020546425,0.076981637,0.055215177,0.085065452,0.105807189,0.03514112,0.067965329,0.109421237,-0.01016894,0.110255598,0.06427229,0.089119673,0.097887015,-0.000676864,0.076404358,0.063942798,0.102121134,0.08775323,0.103002718,0.058275316,0.093402996,0.005712676,0.034507582,0.076415612,0.066789109,0.073979676,0.117909648,0.080870842,0.101581337,0.069954709,0.070617971,0.035152017,0.075508329,0.03727896,0.04352758,0.135431413,0.049494832,0.101475714,0.037463038,0.080841031,0.035050723,0.099390231,0.124641019,0.059896425,0.09898075,0.03192056,0.032983441,0.070592202,0.004077937,17.31076137,245.2220048,,,,0.034069162,
TXH2.2020,M5.G,M5.G.W-Int,CV0,246,DAP,0.344362671,0.301083388,0.304797514,0.289276317,0.207762286,0.265204566,0.315147692,0.335903923,0.22140445,0.296329941,0.282879879,0.263021544,0.288851291,0.328981561,0.271801325,0.343941958,0.293872887,0.295403705,0.183839229,0.313422912,0.292688606,0.357994305,0.301526429,0.322150778,0.148901195,0.369355216,0.260642623,0.329600808,0.249474457,0.253404341,0.297942067,0.316603722,0.21413193,0.296237908,0.327509639,0.292979318,0.229295372,0.342635797,0.351161329,0.210570886,0.262436247,0.251071989,0.37028761,0.235942558,0.313141318,0.311800094,0.339077888,0.304351648,0.221721243,0.260697244,0.287652472,0.003759246,76.51865885,266.0107814,,,,0.04906873,
TXH2.2021,M5.G,M5.G.W-Int,CV0,246,DAP,0.370257448,0.306455026,0.344538696,0.341705124,0.349385685,0.298478976,0.355286435,0.395036833,0.328476905,0.336820732,0.332430824,0.305012086,0.392441761,0.329633156,0.352906,0.34960559,0.30421308,0.36393973,0.310089248,0.370655837,0.344677507,0.342697647,0.381244085,0.317999773,0.338030684,0.401283896,0.311315891,0.301711382,0.363177156,0.333227004,0.392667454,0.345427577,0.349748703,0.33588295,0.2871862,0.397112865,0.348115835,0.327349834,0.371948635,0.263312475,0.260761021,0.408152508,0.335382369,0.334909112,0.360894074,0.345052128,0.340771117,0.39654206,0.266350108,0.346593911,0.341737903,0.003619734,94.40966109,276.2633596,,,,0.035067037,
TXH3.2020,M5.G,M5.G.W-Int,CV0,266,DAP,-0.073738408,-0.076254878,-0.086366481,0.030647236,-0.018068784,-0.05655851,-0.057345728,-0.042078199,-0.074891649,-0.036362846,-0.032732416,-0.085568379,-0.037354817,-0.035920725,-0.070949171,-0.020771174,-0.016917834,-0.11833207,-0.063946852,-0.02714426,-0.057685977,-0.078784587,-0.066046677,-0.02993796,-0.00401998,-0.051639251,-0.002124104,-0.062723703,-0.048307076,-0.067325352,-0.086395647,-0.072345312,-0.040782497,-0.065290187,0.047235205,-0.060371669,-0.075141602,-0.077600312,-0.04296554,0.016446025,-0.08477063,-0.026358965,-0.00925357,-0.061356425,-0.0775685,-0.046647998,-0.110495586,-0.063793365,-0.045469365,0.003511655,-0.048973298,0.003778794,-12.9600338,264.6346956,,,,0.033731834,
TXH3.2021,M5.G,M5.G.W-Int,CV0,245,DAP,0.358270363,0.372028859,0.326232473,0.323742661,0.306856643,0.296608833,0.332549064,0.362769618,0.316535582,0.36771194,0.333625195,0.273782893,0.394688376,0.367746711,0.303013184,0.363165302,0.357767551,0.316928676,0.32547916,0.328977136,0.319561284,0.360280124,0.390382501,0.344440739,0.26019368,0.37599227,0.333099448,0.290841958,0.364423164,0.32478905,0.346031066,0.351439118,0.349187789,0.330269667,0.319111231,0.352208419,0.352916262,0.307401642,0.369332178,0.297096762,0.287872012,0.328887893,0.377310359,0.331773077,0.356450171,0.373826762,0.385579059,0.38015506,0.241835765,0.289413269,0.33641164,0.003649495,92.18033429,274.0105374,,,,0.034440394,
WIH1.2020,M5.G,M5.G.W-Int,CV0,394,DAP,0.399206227,0.374512055,0.343774727,0.393804428,0.352644274,0.386826262,0.371003654,0.385816854,0.365430703,0.361681296,0.393174836,0.388083104,0.33875116,0.378494357,0.371857678,0.360994044,0.342294066,0.400867313,0.348093476,0.411561533,0.353974147,0.34600654,0.417385366,0.400894589,0.333738482,0.379742065,0.361412956,0.387334596,0.356097019,0.373698718,0.357102481,0.392030875,0.400972185,0.363460545,0.347039667,0.381237162,0.333322207,0.425796942,0.35615022,0.364072831,0.345344346,0.370564869,0.419013187,0.310393501,0.396770816,0.396937732,0.390777178,0.364450081,0.371159315,0.346734522,0.372249744,0.002197526,169.3949338,455.0572207,,,,0.025051869,
WIH1.2021,M5.G,M5.G.W-Int,CV0,398,DAP,0.360412473,0.386581062,0.428377185,0.443810378,0.415040853,0.365468349,0.383028823,0.424986275,0.37383241,0.473465235,0.371957773,0.436854654,0.42997986,0.405982287,0.371150202,0.501647664,0.406923841,0.341797119,0.382386037,0.394532062,0.412900112,0.393899779,0.393217559,0.448723506,0.369384522,0.415922445,0.406424647,0.35098934,0.42253371,0.422358314,0.418325775,0.441223138,0.389786748,0.402016368,0.371562018,0.388925936,0.43297536,0.388051981,0.415087648,0.41237607,0.396289306,0.419225213,0.403753628,0.413498673,0.393830109,0.409189657,0.432664775,0.467100107,0.305174429,0.389685681,0.404506222,0.002112057,191.5223652,473.4719884,,,,0.034169452,
WIH2.2020,M5.G,M5.G.W-Int,CV0,1127,DAP,0.214531096,0.210919082,0.253950268,0.26078389,0.235234937,0.219704513,0.257776869,0.243885392,0.215016273,0.23167224,0.209573029,0.257788613,0.250026833,0.226535551,0.216572134,0.244675991,0.256335279,0.271322848,0.214986486,0.194211929,0.241520806,0.224436357,0.248076919,0.232036876,0.20998971,0.2272848,0.221116724,0.246353869,0.221212224,0.244843309,0.216087473,0.237225856,0.22457447,0.256069407,0.224778265,0.237918402,0.208244419,0.263513682,0.215667256,0.235704601,0.291659232,0.227334646,0.195724152,0.228400113,0.220681693,0.258278511,0.226243227,0.241515595,0.23363464,0.203406966,0.232980749,0.00084064,277.1468837,1189.569889,,,,0.020241667,
WIH2.2021,M5.G,M5.G.W-Int,CV0,1137,DAP,0.423916342,0.397232828,0.419714254,0.403325394,0.44553023,0.407454861,0.420324184,0.429257813,0.412084083,0.426929541,0.420189467,0.401128989,0.462631025,0.402804195,0.404962963,0.45153298,0.408477862,0.45821023,0.387026408,0.39121812,0.471650832,0.395473039,0.422832146,0.386665816,0.411148462,0.414136961,0.446502693,0.403709824,0.411603775,0.414674305,0.419628479,0.46364824,0.389727582,0.404491663,0.415693651,0.416181601,0.424700069,0.4260217,0.414618173,0.411574752,0.402185313,0.47386152,0.399235725,0.410852002,0.410620108,0.419610921,0.411984395,0.448887233,0.397967759,0.409199426,0.418460799,0.000726776,575.7769935,1375.940101,,,,0.02168462,
WIH3.2020,M5.G,M5.G.W-Int,CV0,415,DAP,0.275589851,0.330256024,0.249812509,0.280772209,0.31719506,0.2730907,0.308539471,0.354594598,0.234837342,0.287587694,0.316315142,0.318314487,0.296976603,0.201829326,0.31392753,0.302834139,0.25143402,0.224677698,0.311993571,0.344210981,0.293495269,0.352375386,0.229134926,0.304689552,0.262861237,0.29880163,0.31165101,0.204875829,0.302556825,0.333771701,0.292206427,0.274181696,0.331630266,0.337456434,0.205883718,0.313933714,0.285554726,0.249109896,0.282087658,0.32261158,0.21301418,0.253875163,0.336659963,0.293309448,0.323793048,0.271776486,0.313574148,0.363992121,0.171731017,0.315486465,0.28881741,0.002219333,130.1370355,450.5858415,,,,0.044256649,
WIH3.2021,M5.G,M5.G.W-Int,CV0,397,DAP,0.512879965,0.529063738,0.550716767,0.520149218,0.559395493,0.505561423,0.541898337,0.528535802,0.544842434,0.55446322,0.546049927,0.531345412,0.557292307,0.48621134,0.546187939,0.584272225,0.50741395,0.496322331,0.53056484,0.56047978,0.560184564,0.532703315,0.502336065,0.541100147,0.522879705,0.560681654,0.555556455,0.486707653,0.552289886,0.517612133,0.580169269,0.53995293,0.526804187,0.529446477,0.480388943,0.584107004,0.508524984,0.512863536,0.524372982,0.551317182,0.493693767,0.524832854,0.566579902,0.514770957,0.553023858,0.530719702,0.546120943,0.55322686,0.472726335,0.554972051,0.533486255,0.00181112,294.5615106,552.1445172,,,,0.026619327,
DEH1.2020,M5.P,M5.P.W-Int,CV0,1142,AGDD,0.323593494,0.302014324,0.312208633,0.317201699,0.336991432,0.313751043,0.297265658,0.328289268,0.327838534,0.338034461,0.300519755,0.28737471,0.329469013,0.330609821,0.34447433,0.295701854,0.332422657,0.316924561,0.322040795,0.313344499,0.312992116,0.302055585,0.31006053,0.33380619,0.34092512,0.315904238,0.295138443,0.336538754,0.324845071,0.322407044,0.285982248,0.309378133,0.328681454,0.352203125,0.324961686,0.307456186,0.299271414,0.330896912,0.320039574,0.333175301,0.335643314,0.336377559,0.271043575,0.363232804,0.29221689,0.325298465,0.30980605,0.34086198,0.284979092,0.334785588,0.3190207,0.000787917,404.8910646,1269.168631,3479.742441,11369.42185,0.306061512,0.018946831,0.031316269
IAH4.2021,M5.P,M5.P.W-Int,CV0,1128,AGDD,0.243081159,0.174427128,0.231416077,0.19822898,0.259426391,0.222574892,0.220650501,0.233200282,0.194538414,0.238651966,0.207879342,0.222233141,0.214664492,0.21818833,0.245760109,0.235219471,0.247779553,0.188666988,0.220912926,0.215293137,0.18994933,0.199411227,0.211873468,0.265393862,0.243320425,0.213471077,0.240589327,0.20771938,0.229049643,0.21346461,0.203091998,0.192792159,0.223547472,0.282953359,0.202447404,0.243802555,0.181610499,0.213936845,0.230662771,0.225336374,0.223942494,0.247386238,0.235034745,0.216131066,0.179307318,0.197940078,0.211893852,0.221809455,0.214035329,0.255161202,0.220997177,0.000844725,261.6202912,1183.817346,,,,0.022816935,
MIH1.2020,M5.P,M5.P.W-Int,CV0,414,AGDD,0.301723397,0.36012319,0.339528509,0.288387784,0.299981901,0.282813621,0.338950073,0.291883964,0.334056714,0.351864824,0.299336728,0.276877072,0.278386455,0.372658669,0.373698508,0.368599028,0.413070529,0.300001968,0.239549949,0.270016252,0.283102608,0.313248074,0.366551062,0.295945733,0.347243616,0.347260603,0.319571428,0.302484571,0.275750341,0.325212852,0.307046406,0.34230887,0.312732035,0.303887343,0.340998739,0.307256992,0.36917933,0.314848081,0.303767354,0.303743206,0.347074265,0.29890781,0.33986663,0.29323612,0.303134304,0.315911956,0.372274747,0.31518124,0.309691426,0.284297859,0.318864495,0.002180402,146.2411804,458.6311201,,,,0.03401279,
MNH1.2020,M5.P,M5.P.W-Int,CV0,395,AGDD,0.448204602,0.396413428,0.470036556,0.437573272,0.361011441,0.480264756,0.395646231,0.476093795,0.414958711,0.341670774,0.451800686,0.38681734,0.462745564,0.435377383,0.375623091,0.452256755,0.344171986,0.44206204,0.390085051,0.476890708,0.44141763,0.436025582,0.455815774,0.386493154,0.403755807,0.44458241,0.467651653,0.340122236,0.439055931,0.425216168,0.409134123,0.409096204,0.504298157,0.388701039,0.40738671,0.47527623,0.415711893,0.399641521,0.389756124,0.436496538,0.381121939,0.392441015,0.516126283,0.42822113,0.405984538,0.419288592,0.378050772,0.500740546,0.430173413,0.38426918,0.423035129,0.002089164,202.4901914,478.6604643,,,,0.041867628,
MNH1.2021,M5.P,M5.P.W-Int,CV0,415,AGDD,0.353485746,0.350110626,0.25752643,0.308711688,0.305907827,0.276002215,0.368461636,0.269039216,0.332054084,0.323267567,0.307183084,0.324999223,0.292376747,0.280447502,0.378096935,0.267111429,0.349425004,0.283010189,0.327740556,0.321788784,0.323356069,0.337634913,0.348399933,0.292570044,0.253818597,0.323623695,0.303245677,0.346405633,0.257591875,0.331993242,0.358338676,0.317376526,0.287928722,0.29549082,0.328185704,0.287605565,0.302683143,0.416319657,0.283702964,0.279069615,0.323116352,0.334369888,0.275996725,0.302877673,0.325166962,0.300186638,0.326967767,0.29879413,0.343848963,0.313095888,0.313930171,0.002182682,143.8276889,458.1518509,,,,0.033350788,
MOH1.2020,M5.P,M5.P.W-Int,CV0,1006,AGDD,0.437622784,0.427117332,0.453013385,0.455116514,0.467852444,0.442977072,0.438332957,0.460116129,0.477725282,0.430737554,0.42756029,0.469529902,0.43549818,0.462711759,0.448904792,0.460663325,0.445491344,0.436775503,0.442997843,0.45868156,0.467421203,0.452767887,0.425684418,0.436095316,0.470846557,0.472272277,0.453769902,0.472908968,0.415802174,0.435821306,0.446212721,0.474797372,0.456927089,0.463982688,0.404885665,0.49206009,0.380630788,0.449352742,0.485036252,0.436163264,0.475308266,0.421995727,0.43723853,0.462540535,0.452366079,0.436318151,0.469410945,0.461915548,0.46223295,0.415120245,0.449346232,0.000794908,565.2805675,1258.006693,,,,0.02156883,
NEH1.2021,M5.P,M5.P.W-Int,CV0,246,AGDD,0.35412182,0.415651418,0.360847707,0.388039086,0.38625765,0.358811556,0.371449487,0.380919513,0.387121742,0.407610462,0.373467282,0.364836648,0.345360512,0.448963256,0.372861358,0.416121308,0.432130351,0.360351836,0.312791123,0.391247164,0.380284855,0.37885941,0.367632849,0.415245483,0.371545476,0.383489161,0.408015624,0.378602132,0.383562475,0.361529679,0.430408869,0.376517878,0.384706073,0.381208413,0.335807897,0.415472306,0.343014234,0.37300872,0.35337932,0.421844659,0.366732728,0.319980349,0.39672921,0.433033777,0.38517524,0.385792062,0.390975399,0.380581653,0.34311826,0.41164909,0.381737291,0.003501134,109.0324781,285.6217628,,,,0.028794452,
TXH1.2020,M5.P,M5.P.W-Int,CV0,246,AGDD,0.613377362,0.653308464,0.596722734,0.5855909,0.618807489,0.589415226,0.622263459,0.654167546,0.616012766,0.571884342,0.546618786,0.652925851,0.605790602,0.586829974,0.666379666,0.619394249,0.568487031,0.603415903,0.634630503,0.631255045,0.644348968,0.620993878,0.630760982,0.607423251,0.562489156,0.636573581,0.584549838,0.578754871,0.630589469,0.63062943,0.623929217,0.65280101,0.649715765,0.561768923,0.559065115,0.614204259,0.61039895,0.574873269,0.661941216,0.597743319,0.59923728,0.569880784,0.609545732,0.653874584,0.626187946,0.628911374,0.579112447,0.632293666,0.612558313,0.604012704,0.611728944,0.002564704,238.5183705,389.9085909,,,,0.030193325,
TXH1.2021,M5.P,M5.P.W-Int,CV0,246,AGDD,0.143932412,0.095718398,0.092088777,0.098129093,0.146731257,0.051321976,0.110962287,0.129833813,0.135563078,0.142455093,0.044321323,0.159236656,0.165596459,0.096120167,0.107183278,0.056086624,0.105481394,0.152282825,0.173789482,0.084492831,0.117120257,0.150260603,0.151204466,0.150579953,0.004637779,0.088507247,0.083510533,0.182705172,0.072182617,0.156596025,0.112823132,0.157222279,0.092046156,0.137578944,0.081790444,0.142130384,0.074931644,0.099868713,0.109207423,0.139640013,0.069635118,0.140409423,0.13510303,0.139277247,0.090508975,0.088108697,0.109673582,0.132969805,0.172150128,0.080549144,0.115085123,0.00404408,28.45768022,247.2750556,,,,0.037949715,
TXH2.2020,M5.P,M5.P.W-Int,CV0,246,AGDD,0.592096016,0.529195704,0.52804612,0.426356713,0.494212119,0.51188812,0.509370212,0.549981872,0.527816074,0.472222497,0.440283988,0.54881279,0.531737939,0.476874702,0.587832802,0.439841025,0.484594258,0.558386608,0.520980826,0.567351491,0.545018093,0.49191041,0.535916714,0.556850767,0.431064856,0.527976716,0.508231293,0.547697292,0.48413068,0.5098768,0.527563041,0.521900094,0.525272548,0.487539422,0.517264372,0.50652824,0.489080391,0.512214166,0.556642862,0.524972629,0.467390348,0.470098053,0.586250794,0.508274525,0.542899573,0.558114927,0.54698298,0.52006551,0.524557127,0.404075028,0.514684843,0.003012703,170.8382326,331.9278489,,,,0.041632051,
TXH2.2021,M5.P,M5.P.W-Int,CV0,246,AGDD,0.270333537,0.235839835,0.180374325,0.19735149,0.263879196,0.227798015,0.211301775,0.270250399,0.30784276,0.134359093,0.167215659,0.183210709,0.265480166,0.302807911,0.254276999,0.236939635,0.146458861,0.303499155,0.211171302,0.266982751,0.244684997,0.269880873,0.235486537,0.255372688,0.179135474,0.234197487,0.187625737,0.291648859,0.166480851,0.279028449,0.24787125,0.229797976,0.263973156,0.211601577,0.213937337,0.289765693,0.204035035,0.223331824,0.261737508,0.186691389,0.183202536,0.150885358,0.270072168,0.321910775,0.237255577,0.250861982,0.19687503,0.305980329,0.25482603,0.159556377,0.232901689,0.003876052,60.0873415,257.9944433,,,,0.047019727,
TXH3.2020,M5.P,M5.P.W-Int,CV0,266,AGDD,-0.007662289,-0.021468153,-0.050448098,-0.004941529,-0.047678773,0.021637165,-0.058667577,-0.027551885,0.011712537,-0.083465146,-0.009989664,-0.072427544,-0.015075674,-0.022082181,-0.016635535,-0.142395784,0.004815308,0.042331973,-0.011239347,-0.039793587,-0.036702245,-0.045492949,-0.001957603,0.028524039,-0.077730281,-0.089661397,0.034973137,0.022359399,-0.058595983,-0.05446948,0.036390722,-0.069457514,-0.058459471,-0.009166317,-0.045519026,-0.075942192,0.009468284,0.029222328,-0.025263277,-0.05742207,-0.024238781,-0.016078099,0.01887574,-0.099894044,-0.00526027,-0.019291011,-0.088577885,-0.066703931,0.072248254,-0.023838952,-0.026973733,0.003785123,-7.126250486,264.1922216,,,,0.042706036,
TXH3.2021,M5.P,M5.P.W-Int,CV0,245,AGDD,0.367319194,0.417883645,0.385432118,0.378205307,0.370699961,0.372928895,0.415051886,0.389090242,0.349382578,0.386823033,0.395012861,0.407040186,0.384594039,0.340165468,0.390075113,0.357878462,0.378478921,0.397377838,0.336776244,0.450993566,0.390238958,0.364921166,0.414387601,0.411314352,0.335216466,0.382383011,0.411712206,0.405112166,0.361628256,0.362499738,0.368633243,0.386229305,0.411193079,0.36714724,0.38346318,0.404280846,0.335790272,0.398804601,0.44444607,0.337399266,0.350978116,0.364133776,0.395043728,0.416252529,0.397144604,0.411614436,0.340720521,0.392877658,0.411657248,0.355372037,0.383676105,0.003509435,109.3270372,284.9461718,,,,0.027836538,
WIH1.2020,M5.P,M5.P.W-Int,CV0,394,AGDD,0.552802895,0.526716724,0.541851997,0.53628786,0.528115187,0.554615296,0.510472337,0.553458612,0.564165215,0.498163646,0.477230666,0.551858177,0.56405174,0.482680754,0.602542917,0.564413847,0.44494195,0.569826835,0.546767784,0.529200899,0.572638356,0.487616038,0.581392858,0.576096921,0.452196569,0.576371693,0.489364574,0.509971239,0.536726463,0.560034795,0.548050728,0.591350488,0.545460995,0.46929833,0.533323133,0.505738179,0.575056785,0.537020736,0.531095495,0.550048021,0.555693661,0.5516871,0.510759054,0.529916305,0.55146876,0.513751122,0.573759592,0.529830228,0.561783596,0.514375896,0.536440861,0.001816916,295.2479711,550.3830758,,,,0.035179901,
WIH1.2021,M5.P,M5.P.W-Int,CV0,398,AGDD,0.228102416,0.289638971,0.241302342,0.266134297,0.287341931,0.272473949,0.239864971,0.280370051,0.309537665,0.214418052,0.261598335,0.264013608,0.22867037,0.270610559,0.279399144,0.31509325,0.297665391,0.218159757,0.233312454,0.264615072,0.294476912,0.239004822,0.246191557,0.233802343,0.292900896,0.259495743,0.300182942,0.201528304,0.286997721,0.272989965,0.24881425,0.292664438,0.239230393,0.307075614,0.237002292,0.286852998,0.236183435,0.261019315,0.267994469,0.257948705,0.280938812,0.245530399,0.236922953,0.266415353,0.279361117,0.249708408,0.292306023,0.261697612,0.228726496,0.280360793,0.262932953,0.002350672,111.8543595,425.4101971,,,,0.027076327,
WIH2.2020,M5.P,M5.P.W-Int,CV0,1127,AGDD,0.15097406,0.092912678,0.089088087,0.076210864,0.095882595,0.106684469,0.081301929,0.082246659,0.089717573,0.14427668,0.124179673,0.104928697,0.092742839,0.07419874,0.108771277,0.08132648,0.072385206,0.093052087,0.132262161,0.122922726,0.10196497,0.111304356,0.128864085,0.062584517,0.088344743,0.148710087,0.077997295,0.106191606,0.095165541,0.074701468,0.119328036,0.075859762,0.111182265,0.113031505,0.091130512,0.116997573,0.095095778,0.09563383,0.096429933,0.093771405,0.074666327,0.118882833,0.080825665,0.103027695,0.124597464,0.093975788,0.075103037,0.100182683,0.134513693,0.103081443,0.100584228,0.000879896,114.3137899,1136.498164,,,,0.021116191,
WIH2.2021,M5.P,M5.P.W-Int,CV0,1137,AGDD,0.210311291,0.207479608,0.221884365,0.217993615,0.205495685,0.210671173,0.218814661,0.239897127,0.206427562,0.179577704,0.229695379,0.214906605,0.192647553,0.225283822,0.195613878,0.203429087,0.217526544,0.208482729,0.212643097,0.2125147,0.195003838,0.211376676,0.230625728,0.25281009,0.17062465,0.21785789,0.223760019,0.18593993,0.224074708,0.203685123,0.194758446,0.211221232,0.233550735,0.213053497,0.211728457,0.218810941,0.207878694,0.236567656,0.182874043,0.213322179,0.213587211,0.22205406,0.20848522,0.237860457,0.178080652,0.222809216,0.206396279,0.196889965,0.223433031,0.207498544,0.211758307,0.000841549,251.6291264,1188.284558,,,,0.016404725,
WIH3.2020,M5.P,M5.P.W-Int,CV0,415,AGDD,0.126948072,0.220482369,0.211255947,0.225042109,0.198724837,0.132458898,0.2037049,0.189257386,0.20929023,0.238697481,0.196237518,0.202170323,0.163024879,0.180555778,0.225997138,0.21877063,0.221679257,0.186829934,0.181402472,0.159165211,0.237008053,0.186768592,0.205121638,0.210771404,0.136820106,0.223390869,0.219665867,0.150654992,0.240210657,0.141307656,0.256360022,0.157657394,0.148858514,0.221404695,0.204988672,0.185118947,0.141185,0.225326653,0.212060373,0.206795225,0.220997768,0.161437168,0.133683748,0.194369025,0.260418273,0.187261615,0.202480005,0.203054157,0.237531748,0.140595311,0.19489999,0.002329332,83.67206356,429.3076844,,,,0.034625915,
WIH3.2021,M5.P,M5.P.W-Int,CV0,397,AGDD,0.437914193,0.407751412,0.370838211,0.384446016,0.407632266,0.382765083,0.385645175,0.44275522,0.35820593,0.446301873,0.364497841,0.41213203,0.399541691,0.388477372,0.447247815,0.416422912,0.405640279,0.38438946,0.402659913,0.395303712,0.365726359,0.401495132,0.466563117,0.405765739,0.371038305,0.432434945,0.376564293,0.443867105,0.36304542,0.399794825,0.375807024,0.40905688,0.428222299,0.370375654,0.422324754,0.363441344,0.430810496,0.458300247,0.38243679,0.375215146,0.429884372,0.436351704,0.389400937,0.401720302,0.355564481,0.385369622,0.458578172,0.38579534,0.455310596,0.330035001,0.402217296,0.002122079,189.5392566,471.2359673,,,,0.031910405,
DEH1.2020,M5.P,M5.P.W-Int,CV0,1142,DAP,0.351536995,0.339731925,0.355080198,0.356493911,0.392556153,0.351622524,0.357131069,0.353930254,0.35164356,0.368780384,0.359739486,0.384172694,0.361865439,0.306020998,0.374354779,0.385668872,0.330479867,0.364598372,0.353535823,0.356677087,0.340631707,0.373818443,0.356102764,0.372517109,0.354676399,0.351112354,0.360922599,0.357597028,0.363998403,0.335034397,0.359713589,0.373134405,0.303863747,0.397968258,0.352580632,0.372203852,0.348235616,0.353543278,0.32811282,0.374896917,0.361258707,0.378706103,0.314405755,0.36662508,0.339891138,0.34761923,0.361929267,0.361428479,0.365410345,0.3551647,0.35677447,0.000765537,466.0448195,1306.272894,3087.392551,11227.57725,0.274982971,0.018953469,0.032920048
IAH4.2021,M5.P,M5.P.W-Int,CV0,1128,DAP,0.407309706,0.392040027,0.364315157,0.383462692,0.346874833,0.36892864,0.367924441,0.386608809,0.388328587,0.378296012,0.342133285,0.388017349,0.390438167,0.391307186,0.373129257,0.391536103,0.389329156,0.360164769,0.376601342,0.365616749,0.381624413,0.378026588,0.383623316,0.368759517,0.386334193,0.360748077,0.391823662,0.403744101,0.367259482,0.366721565,0.380101781,0.361078985,0.404266536,0.352346389,0.393596235,0.379710339,0.374100382,0.362751153,0.373898956,0.400391719,0.360349193,0.370498418,0.384542135,0.394686118,0.377145719,0.394000143,0.421915838,0.339427418,0.342832397,0.384360079,0.377860542,0.000761298,496.3373119,1313.546286,,,,0.017506276,
MIH1.2020,M5.P,M5.P.W-Int,CV0,414,DAP,0.382343646,0.314144082,0.318396996,0.299506378,0.288680773,0.408116488,0.252268697,0.32239437,0.28718167,0.342732183,0.283614854,0.311814396,0.302398923,0.432819527,0.277658464,0.380971142,0.308804415,0.378704826,0.267640344,0.261859446,0.244041234,0.305163022,0.420965484,0.352911537,0.277624695,0.335552934,0.284640566,0.302750267,0.37100607,0.295657332,0.300242954,0.321984554,0.227280629,0.341596467,0.412701003,0.304614786,0.300011771,0.389042642,0.341714245,0.271515832,0.413946869,0.322374201,0.260123434,0.315724133,0.297824752,0.297656905,0.309212708,0.343026501,0.335393803,0.310388947,0.320574838,0.002177747,147.2048106,459.1901583,,,,0.048153084,
MNH1.2020,M5.P,M5.P.W-Int,CV0,395,DAP,0.378814079,0.331625142,0.374022041,0.347999791,0.32621824,0.347535787,0.351313577,0.376431608,0.366006192,0.29284368,0.405918296,0.357155483,0.366157658,0.302428991,0.322557452,0.362203787,0.314391408,0.364024624,0.290501289,0.41694444,0.340916499,0.312396039,0.41882132,0.343999844,0.356755655,0.367126964,0.3851763,0.302498648,0.341583116,0.363054581,0.388413719,0.281486389,0.291104197,0.433209681,0.370302726,0.390235112,0.335617829,0.361767336,0.315662566,0.341606557,0.344353537,0.316798187,0.393371438,0.336182874,0.348946374,0.310661191,0.3068357,0.39986269,0.340983572,0.38125412,0.350321567,0.002232251,156.9364305,447.9782162,,,,0.035948619,
MNH1.2021,M5.P,M5.P.W-Int,CV0,415,DAP,0.275729962,0.268157251,0.216567444,0.294150926,0.161382299,0.297709895,0.187188455,0.24529235,0.19778485,0.294547799,0.173775114,0.213274982,0.260449628,0.354709815,0.217727272,0.233450515,0.274797461,0.333691192,0.181866038,0.210165866,0.199971535,0.249613721,0.360428564,0.223194418,0.177457177,0.270198552,0.180160961,0.332530436,0.218894636,0.196836782,0.248493913,0.237246482,0.198054194,0.197389746,0.308847376,0.219237218,0.209923445,0.308015474,0.255672407,0.219711115,0.324217022,0.256600872,0.223482246,0.191993331,0.221476387,0.227734867,0.291973095,0.194315771,0.274376081,0.22578249,0.242724989,0.002278655,106.5211591,438.8553471,,,,0.050126228,
MOH1.2020,M5.P,M5.P.W-Int,CV0,1006,DAP,0.309989676,0.352526855,0.359151796,0.388325911,0.398297576,0.35790935,0.375370097,0.371185947,0.354334828,0.358160355,0.360451835,0.330147417,0.37712832,0.371405226,0.368254088,0.370226099,0.355112458,0.392381602,0.360117814,0.35136256,0.356218905,0.347184194,0.388248578,0.381058518,0.337629029,0.357427671,0.342858025,0.377782207,0.372507096,0.359349108,0.363107707,0.385188202,0.355084971,0.346722593,0.37467241,0.38038238,0.367874163,0.381667223,0.326868488,0.362673763,0.380338155,0.347892473,0.327588703,0.325327304,0.404847933,0.377832408,0.34998221,0.365786694,0.353694147,0.364162313,0.362475948,0.000865151,418.9744004,1155.868143,,,,0.019532661,
NEH1.2021,M5.P,M5.P.W-Int,CV0,246,DAP,0.153469889,0.162625387,0.151835095,0.194813719,0.172547726,0.201101375,0.180197958,0.185807473,0.092958013,0.177978257,0.220750405,0.160087366,0.201194298,0.161427487,0.094341445,0.132949604,0.143087597,0.223007339,0.146950331,0.185997477,0.191204156,0.169959031,0.214767614,0.165974287,0.101707381,0.192350145,0.198520475,0.20689722,0.122457514,0.11107703,0.148589352,0.233743827,0.072438611,0.183091438,0.205411821,0.178624422,0.125260991,0.19951005,0.122947888,0.201416503,0.20760813,0.118993733,0.126386446,0.107525269,0.267709043,0.151578546,0.158333927,0.178941447,0.176902612,0.171787578,0.167096895,0.003983929,41.94274116,251.0085018,,,,0.040518396,
TXH1.2020,M5.P,M5.P.W-Int,CV0,246,DAP,0.686434649,0.706374925,0.666570765,0.656761832,0.679648551,0.690107642,0.703878556,0.691345749,0.641453703,0.670644244,0.674438529,0.679153766,0.707746234,0.691531303,0.646419447,0.709490407,0.653381531,0.647965527,0.668665732,0.709846399,0.678343087,0.717858045,0.670030454,0.660942952,0.672414568,0.671845112,0.670777153,0.678238752,0.671377607,0.713922791,0.710489981,0.692886936,0.687865233,0.660800346,0.642777995,0.716434341,0.680624895,0.602904105,0.70360994,0.684723563,0.618652849,0.655151707,0.728077459,0.697734297,0.695097235,0.674862462,0.67452012,0.709112083,0.630867129,0.710931929,0.679314692,0.002207097,307.7865824,453.0839475,,,,0.026765319,
TXH1.2021,M5.P,M5.P.W-Int,CV0,246,DAP,0.030343224,0.086925089,0.001648466,0.014679292,0.017870212,0.014724048,0.068758233,0.085929229,-0.025311347,0.028666987,0.101590478,0.035179424,0.003998908,0.013367666,0.007990668,0.020760742,-0.046430472,-0.00441408,0.058029718,0.111275428,0.039809137,0.028111133,0.026732285,0.061760939,0.001239396,0.031324771,0.055506582,0.050739859,0.008780327,0.048182578,0.049724451,0.087579056,0.006155952,0.024219795,-0.002278699,0.006362735,-0.058856789,0.032714763,0.117091623,0.052706222,0.061235421,-0.0075298,0.03940868,-0.027005999,0.102269895,0.037105705,-0.006557096,0.07146022,0.021941902,0.060687621,0.032924091,0.004093918,8.042196028,244.264782,,,,0.038807021,
TXH2.2020,M5.P,M5.P.W-Int,CV0,246,DAP,0.48043842,0.467023576,0.52640294,0.417082894,0.43674779,0.409143986,0.473740101,0.461290638,0.483715043,0.498777589,0.455348859,0.445221085,0.448840929,0.492921061,0.488378514,0.521597897,0.472302747,0.406591061,0.441103893,0.484787793,0.473451211,0.47592356,0.459023767,0.494217103,0.423354493,0.521819482,0.466869596,0.426619998,0.474120053,0.447510704,0.5149984,0.469051272,0.446864168,0.440735814,0.456830088,0.444709182,0.485722839,0.45426468,0.487819663,0.458288064,0.462981165,0.43983366,0.508596732,0.483602212,0.444370762,0.429921476,0.416482447,0.507071056,0.479299043,0.504113779,0.466198466,0.003207619,145.3409812,311.7577425,,,,0.030226576,
TXH2.2021,M5.P,M5.P.W-Int,CV0,246,DAP,0.285308073,0.261043618,0.264974334,0.279341801,0.247352792,0.314596463,0.249764845,0.347834488,0.190896295,0.236313158,0.279743987,0.220150626,0.247269388,0.241487508,0.249422323,0.32017915,0.185071366,0.291064375,0.144967903,0.284772484,0.299857234,0.246835929,0.303195195,0.300557196,0.218936143,0.314945854,0.292062181,0.277574758,0.18975258,0.233989638,0.259306164,0.324880891,0.208229593,0.329977733,0.23225563,0.244956379,0.189259461,0.246803729,0.265659271,0.274758364,0.153626229,0.292732203,0.208741349,0.203443465,0.279929051,0.312885174,0.27130447,0.25264346,0.207655824,0.209537121,0.255756945,0.00383028,66.77238402,261.0775009,,,,0.046311038,
TXH3.2020,M5.P,M5.P.W-Int,CV0,266,DAP,0.001406176,-0.006163318,-0.033466546,-0.029449867,0.019524051,-0.017207586,0.059770069,-0.040388829,-0.067800444,0.009784842,-0.03734722,0.007177653,-0.017139178,-0.043285014,0.041415454,0.008948094,-0.019813225,-0.004188383,-0.050764573,0.018809904,0.072841289,-0.031256113,-0.025897387,-0.000339231,-0.061549237,-0.039757204,-0.05300353,0.065563069,-0.01273773,-0.004564748,0.013390066,-0.029438459,-0.036780026,0.001755914,0.011095101,-0.01403371,-0.027741438,0.006629547,0.000386812,-0.014840803,0.057575666,-0.05290024,-0.01032442,-0.046592751,0.004586395,0.02604374,-0.024932274,-0.052988664,0.016491352,-0.013119156,-0.009532322,0.003787535,-2.516761746,264.0239906,,,,0.032931762,
TXH3.2021,M5.P,M5.P.W-Int,CV0,245,DAP,0.249124302,0.255501347,0.236307117,0.330815014,0.240698907,0.26668388,0.242023564,0.218718409,0.298879481,0.272131574,0.240496698,0.249324993,0.281552186,0.262904074,0.274103202,0.282117514,0.247706764,0.286372338,0.200352317,0.29738797,0.239063037,0.265191762,0.276903988,0.286579256,0.231524588,0.304154492,0.216557477,0.222842801,0.301343302,0.259886334,0.297476758,0.2370424,0.287530879,0.249138307,0.252290298,0.292102213,0.272800403,0.223359498,0.242475249,0.274629455,0.279885489,0.189625999,0.298182962,0.275074398,0.263197927,0.288938552,0.197307788,0.232441947,0.252131896,0.316964091,0.261196904,0.00383447,68.11812664,260.7922438,,,,0.031364063,
WIH1.2020,M5.P,M5.P.W-Int,CV0,394,DAP,0.477209811,0.481483315,0.508481692,0.521969861,0.485202467,0.544111993,0.444424592,0.51452305,0.555257535,0.393603346,0.508432948,0.448757197,0.543302594,0.450073777,0.511951742,0.528380164,0.428795869,0.478800518,0.422583732,0.581627594,0.511750804,0.467720357,0.534799971,0.471091487,0.486011184,0.452567159,0.516433774,0.4689971,0.521155569,0.498327784,0.510328207,0.521245052,0.491922377,0.500077926,0.441576443,0.493826812,0.510955202,0.473357564,0.481880472,0.514421324,0.469261046,0.483344263,0.5277932,0.439829307,0.543692396,0.544687725,0.43164736,0.49662196,0.486435832,0.500750163,0.492429672,0.001932431,254.8239133,517.4828562,,,,0.038269259,
WIH1.2021,M5.P,M5.P.W-Int,CV0,398,DAP,0.276777602,0.213933581,0.255118264,0.228162416,0.15822082,0.270413678,0.250919012,0.206321986,0.194506868,0.215873267,0.209269521,0.222260799,0.257611087,0.277922776,0.177953324,0.215566596,0.282595011,0.226685111,0.183840484,0.237987715,0.266742863,0.205048265,0.265413508,0.212837218,0.188382972,0.164653141,0.238957223,0.273478843,0.195744574,0.264953365,0.203284051,0.239124426,0.184873201,0.252521096,0.26071755,0.257242869,0.22460487,0.253336804,0.19004602,0.224553438,0.269294269,0.215223253,0.224807522,0.215579163,0.223504427,0.181275069,0.223750282,0.270082465,0.237870209,0.22810904,0.228359038,0.002393566,95.40536376,417.7866771,,,,0.032219507,
WIH2.2020,M5.P,M5.P.W-Int,CV0,1127,DAP,0.089181982,0.041827094,0.044362753,0.033438918,-0.006622518,0.034349385,0.015180409,0.077171466,0.03679781,0.035972854,0.009267701,0.058332222,0.044492388,0.019381418,0.070329183,0.03038708,0.038101891,0.0473719,0.004511337,0.080557227,0.060491234,0.014727558,0.07209172,0.040480695,0.009717014,0.034597836,0.020534643,0.030624119,0.051980737,0.056129811,0.024817393,0.016105417,0.068144599,0.04841511,0.040676707,0.065997747,0.043440928,0.035456184,-0.014439214,0.063252065,0.040936434,0.013117873,0.03973858,0.029493519,0.075756624,-0.000935354,0.01633637,0.091099136,0.057908145,0.033534397,0.039692411,0.000887488,44.72442471,1126.77522,,,,0.024542561,
WIH2.2021,M5.P,M5.P.W-Int,CV0,1137,DAP,0.087188717,0.08106963,0.113116008,0.118153517,0.092250697,0.100072225,0.134355437,0.071278689,0.084244506,0.108954338,0.09103938,0.14551981,0.058706509,0.097880302,0.107452532,0.094862233,0.111779973,0.064835391,0.102113986,0.116443563,0.077896312,0.129048564,0.11571211,0.092097605,0.07829811,0.127917231,0.07621671,0.098416851,0.093959718,0.092698973,0.08609822,0.066290772,0.102309471,0.116872454,0.115719858,0.145556323,0.083238004,0.094973149,0.079162385,0.082958294,0.104301996,0.091137483,0.078827511,0.103039411,0.11458107,0.066980623,0.083160336,0.111658007,0.114341578,0.118489974,0.098465531,0.000872515,112.8525348,1146.112085,,,,0.020324687,
WIH3.2020,M5.P,M5.P.W-Int,CV0,415,DAP,0.057747378,0.066903695,-0.048611075,0.052306878,0.036413826,0.101354341,0.075496632,-0.009460833,0.007255824,0.013919422,0.038315933,0.059637834,0.065812953,0.034550985,-0.015084836,0.038061732,0.022733858,-0.011192346,0.048436462,0.08108842,0.035955306,0.031353545,0.08264866,0.055391448,-0.040770143,0.049373315,0.052481723,0.056890555,-0.025752594,0.041063882,-0.000565872,0.034079433,0.00166932,0.079447861,0.052924398,0.007106215,0.060425042,0.068319142,-0.01234893,0.050375314,0.063983692,0.068841299,-0.005246679,-0.013477017,0.066501743,-0.001031246,0.033053821,0.05160464,0.078843864,0.015499755,0.035086572,0.002418327,14.50861515,413.5090576,,,,0.035112167,
WIH3.2021,M5.P,M5.P.W-Int,CV0,397,DAP,0.319677779,0.299183103,0.272729783,0.376214557,0.302007909,0.315670363,0.251241331,0.387248372,0.263541185,0.359786294,0.291531975,0.295522754,0.345040033,0.340879944,0.294721822,0.393447679,0.28608614,0.240260834,0.31125732,0.35723554,0.323910211,0.303763999,0.382885732,0.279789843,0.278682421,0.34293475,0.329984889,0.327721121,0.313513651,0.245076866,0.294502839,0.32782881,0.319155128,0.291121403,0.338280072,0.264739992,0.342628381,0.34182407,0.311795885,0.313663374,0.313418229,0.333171862,0.295923281,0.332118857,0.283899634,0.324233435,0.354829303,0.221491552,0.307533172,0.354050804,0.313955166,0.002282107,137.5725171,438.1916024,,,,0.037868214,
DEH1.2020,M6.G.P,M6.G.P,CV0,1142,AGDD,0.672317645,0.676833081,0.684788922,0.672948258,0.669568719,0.670170077,0.676396942,0.672845817,0.671237071,0.684786805,0.657190119,0.675184116,0.684496245,0.678649634,0.677691505,0.667150471,0.671801486,0.668633797,0.683657224,0.678954975,0.666619436,0.666757408,0.671006881,0.684565785,0.685043895,0.666589239,0.668930502,0.691517111,0.677248721,0.674157224,0.661191904,0.676069398,0.677105763,0.688284952,0.671796409,0.677390059,0.661084472,0.684308902,0.668584979,0.683972427,0.685812848,0.687009533,0.650144447,0.681348127,0.669484736,0.68066997,0.671397955,0.694155371,0.657852162,0.669073262,0.674889536,0.000477653,1412.92929,2093.571193,5475.712721,12790.38723,0.428111567,0.009174592,0.028367981
IAH4.2021,M6.G.P,M6.G.P,CV0,1128,AGDD,0.426632206,0.401363782,0.42754288,0.433905961,0.480512868,0.429905059,0.424819882,0.43912695,0.417014824,0.459859759,0.408882432,0.460523692,0.430945536,0.432522106,0.439184711,0.430276084,0.456270473,0.443934917,0.413595707,0.426666404,0.433749045,0.416139006,0.448852592,0.437367825,0.432449701,0.417321166,0.436897168,0.447739428,0.435504814,0.432330239,0.401227509,0.434217738,0.450949856,0.460352623,0.420545195,0.441739086,0.381651481,0.456457415,0.436634455,0.445562998,0.441617161,0.43021563,0.440324124,0.436413491,0.418061995,0.428889926,0.439172669,0.426231838,0.429950403,0.443864444,0.433718345,0.000721038,601.5196896,1386.890124,,,,0.017006384,
MIH1.2020,M6.G.P,M6.G.P,CV0,414,AGDD,0.466418363,0.443016645,0.444585118,0.419445521,0.474272498,0.440545698,0.439732896,0.459009758,0.468925855,0.445481945,0.440773819,0.462362408,0.453393188,0.410404052,0.482138309,0.470645497,0.464813521,0.4226137,0.414869197,0.470755882,0.439716483,0.46017532,0.431432693,0.4521263,0.465446808,0.448942278,0.462617475,0.482347026,0.360438318,0.477807063,0.443981631,0.439790877,0.446250021,0.439041145,0.474352506,0.476052106,0.445576691,0.417719489,0.489184434,0.415126432,0.424640824,0.496969456,0.429835801,0.46424198,0.414297935,0.426122425,0.476294845,0.450908194,0.414568249,0.471400677,0.448632187,0.001938663,231.4131876,515.8194045,,,,0.025638458,
MNH1.2020,M6.G.P,M6.G.P,CV0,395,AGDD,0.468187401,0.413370565,0.470689655,0.487946373,0.404210171,0.462835442,0.447661258,0.511012892,0.457158976,0.341812632,0.445039763,0.451352719,0.472844482,0.469523504,0.390690146,0.486728067,0.390487989,0.442543095,0.395005197,0.512599712,0.472918125,0.450437208,0.488304127,0.411062272,0.416918606,0.467202962,0.493222139,0.354731265,0.453171517,0.466239887,0.429601096,0.423857614,0.511253133,0.435744985,0.442688136,0.476034583,0.42649911,0.408226046,0.449083822,0.476137488,0.412410124,0.391661646,0.554474318,0.470345602,0.424167515,0.498741455,0.392948353,0.500354377,0.446835966,0.390428851,0.447148047,0.002035773,219.6453827,491.214004,,,,0.043008661,
MNH1.2021,M6.G.P,M6.G.P,CV0,415,AGDD,0.4918311,0.428654193,0.43541494,0.379434141,0.520486671,0.408322876,0.450092746,0.486346121,0.474544892,0.445059536,0.420216744,0.498246974,0.494702493,0.433621339,0.412415134,0.446623493,0.40595461,0.463910705,0.446464684,0.484423185,0.459300796,0.495386611,0.467375218,0.428189232,0.407994744,0.47250238,0.426486799,0.495208725,0.419517525,0.452948434,0.494046838,0.442114814,0.458247013,0.487715298,0.379730226,0.453197095,0.366344479,0.466729026,0.503486371,0.455376609,0.45731461,0.441782454,0.475678793,0.456563489,0.440048041,0.447677464,0.414950689,0.457204709,0.476080514,0.460916991,0.451737651,0.001927199,234.4011717,518.8878348,,,,0.03395139,
MOH1.2020,M6.G.P,M6.G.P,CV0,1006,AGDD,0.262503215,0.269339317,0.274557383,0.299008058,0.339700355,0.277187917,0.275408028,0.273337903,0.333299052,0.294139386,0.299792739,0.283786213,0.297559453,0.288079303,0.277517899,0.286971984,0.325945944,0.282674365,0.263819763,0.29307239,0.276311007,0.297754119,0.283019239,0.311817176,0.282064567,0.308805386,0.277845447,0.283852731,0.281152281,0.295492938,0.283482812,0.276460666,0.332188665,0.284223543,0.271689359,0.318387002,0.232378246,0.285417306,0.311306507,0.2950353,0.303805065,0.277059997,0.288512975,0.281663272,0.304154065,0.285832255,0.286732693,0.310541513,0.291985041,0.273565213,0.289804741,0.000912364,317.641663,1096.05406,,,,0.019564662,
NEH1.2021,M6.G.P,M6.G.P,CV0,246,AGDD,0.418580129,0.473121586,0.440920616,0.45379307,0.452988751,0.408306195,0.452958891,0.42710225,0.453445424,0.487790302,0.4255247,0.435245427,0.426407426,0.510755454,0.425889539,0.482794738,0.492425903,0.433676429,0.371331819,0.452472532,0.442991374,0.460603622,0.445324273,0.459057543,0.422236191,0.453011376,0.424922133,0.442573678,0.473677137,0.440404464,0.476647745,0.434000969,0.474066019,0.444143124,0.399923564,0.464885356,0.384423137,0.438386285,0.4282743,0.507669983,0.391408237,0.410924605,0.482545255,0.470830921,0.461873825,0.468170998,0.467002439,0.438989369,0.403862826,0.456363175,0.445894502,0.003283517,135.797845,304.5515125,,,,0.029934056,
TXH1.2020,M6.G.P,M6.G.P,CV0,246,AGDD,0.664931832,0.70859638,0.693035313,0.656138305,0.695620113,0.657440522,0.686670085,0.71039007,0.709086547,0.648934157,0.650678736,0.703654808,0.656025156,0.682050232,0.727259564,0.694161844,0.690273934,0.67358829,0.69626249,0.66876245,0.70705055,0.680432697,0.697364724,0.686121933,0.644477242,0.685847328,0.663343373,0.655060361,0.722750627,0.689597165,0.670453016,0.709478701,0.717726744,0.681242047,0.632493698,0.684209792,0.656605176,0.674490279,0.723782348,0.680148995,0.693585526,0.653911446,0.668868582,0.711976394,0.692883028,0.713696375,0.648814879,0.686943457,0.700863722,0.669415467,0.68354393,0.002183474,313.0533632,457.9857262,,,,0.023421282,
TXH1.2021,M6.G.P,M6.G.P,CV0,246,AGDD,0.114097308,0.082378146,0.074471989,0.058554662,0.131853735,0.014661351,0.106441415,0.103395236,0.107355666,0.113818333,0.024148604,0.122263838,0.145240121,0.086249604,0.080317359,0.016691702,0.088082577,0.132933693,0.142036193,0.077968778,0.095109339,0.13783157,0.140573617,0.130483559,-0.043848157,0.067923878,0.055240311,0.151596531,0.054688743,0.131974336,0.094636724,0.12699337,0.06117735,0.102365155,0.072326683,0.117679437,0.048257679,0.077709377,0.100891061,0.106819116,0.047932663,0.131965915,0.098445846,0.106361065,0.073393972,0.073562775,0.077876484,0.098436891,0.143520065,0.058850975,0.091274733,0.004064217,22.45813526,246.0498603,,,,0.039456434,
TXH2.2020,M6.G.P,M6.G.P,CV0,246,AGDD,0.574238555,0.523693922,0.499109727,0.392369381,0.44703617,0.456617543,0.483688544,0.489063011,0.529245243,0.480768107,0.426993206,0.508086401,0.501206297,0.463572239,0.543755804,0.414184482,0.465500508,0.531220709,0.497178871,0.528739061,0.504814093,0.511923143,0.492955518,0.531372266,0.388034444,0.494302429,0.456481047,0.559694944,0.455624882,0.481106828,0.503060258,0.483402729,0.481150993,0.492248119,0.482843681,0.469479919,0.455439528,0.508340565,0.533164886,0.484319951,0.478704326,0.437743558,0.573789286,0.440660381,0.503075507,0.516276023,0.509266397,0.482416786,0.518573958,0.386469876,0.487460082,0.003124519,156.0112329,320.0492484,,,,0.042659621,
TXH2.2021,M6.G.P,M6.G.P,CV0,246,AGDD,0.310476914,0.318274683,0.270547129,0.227860555,0.286093591,0.236455351,0.268780869,0.30966044,0.340319635,0.244289983,0.232467105,0.22876402,0.293499211,0.298133079,0.376250012,0.285617252,0.216947842,0.320507853,0.318880897,0.277413351,0.284677089,0.302268373,0.278208131,0.309745553,0.253615517,0.260167922,0.229680604,0.372361899,0.246124856,0.309538182,0.252940823,0.323837602,0.33738768,0.255462914,0.24982479,0.321279806,0.226719685,0.308358158,0.297040469,0.262739393,0.274542949,0.183707206,0.266916434,0.374618157,0.304974315,0.287289355,0.264931523,0.352279902,0.319853473,0.190929524,0.283265241,0.003769511,75.1464061,265.2863648,,,,0.044583415,
TXH3.2020,M6.G.P,M6.G.P,CV0,266,AGDD,-0.066581464,-0.11198149,-0.059033057,-0.033666317,-0.112351568,-0.038372432,-0.126443084,-0.093024937,-0.035713082,-0.072769063,-0.056519389,-0.130093559,-0.069589105,-0.030898984,-0.081346391,-0.095326802,-0.049941476,-0.075046331,-0.093738357,-0.05984061,-0.086812356,-0.079444068,-0.067433103,-0.069562036,-0.073192845,-0.113561898,-0.032542268,-0.070317479,-0.075311556,-0.087675416,-0.063182596,-0.119563207,-0.11231319,-0.038784976,-0.046055049,-0.099387742,-0.071475793,-0.065223567,-0.074560478,-0.073275859,-0.011105545,-0.088772337,-0.07086477,-0.11860897,-0.088594995,-0.105215025,-0.132998356,-0.072094539,-0.029572342,-0.035906201,-0.075313721,0.003766393,-19.99624422,265.5059916,,,,0.029282101,
TXH3.2021,M6.G.P,M6.G.P,CV0,245,AGDD,0.443055054,0.474581574,0.474556425,0.493698279,0.493361836,0.473853421,0.468345072,0.460875837,0.460451973,0.501944938,0.479809702,0.487884338,0.47295377,0.449304513,0.469906898,0.462648823,0.465876776,0.491186705,0.437781455,0.517013248,0.454484133,0.473854809,0.49594588,0.50073853,0.436369636,0.452786781,0.47987995,0.494441831,0.474678629,0.476820401,0.453865593,0.476533507,0.472817267,0.483639209,0.476534439,0.481893009,0.42066841,0.485515966,0.51345671,0.460477725,0.453468022,0.462215148,0.476318133,0.484848683,0.493014221,0.496283308,0.449381105,0.482463564,0.491260437,0.448202054,0.473638955,0.003192042,148.3811912,313.2791123,,,,0.020085668,
WIH1.2020,M6.G.P,M6.G.P,CV0,394,AGDD,0.553158115,0.497388582,0.525670079,0.515710571,0.513599791,0.526902072,0.5032147,0.518991894,0.551453686,0.507301089,0.48732787,0.513852899,0.541472869,0.551412013,0.5134996,0.514763814,0.413761293,0.50732152,0.589546319,0.553682759,0.538088811,0.493491462,0.531312703,0.559387099,0.481359163,0.507208047,0.452522247,0.488727528,0.596248545,0.557207104,0.520387441,0.554659094,0.539555231,0.478317464,0.512306178,0.495207969,0.543193474,0.52551584,0.509050575,0.543460057,0.534499009,0.46399816,0.568546139,0.52957955,0.517941135,0.528030584,0.55804672,0.499596492,0.54783031,0.485535647,0.521216826,0.001857992,280.5268885,538.2153345,,,,0.033554555,
WIH1.2021,M6.G.P,M6.G.P,CV0,398,AGDD,0.357399055,0.369637269,0.312823736,0.347483845,0.363428586,0.32068275,0.368713217,0.34868019,0.350238054,0.376733446,0.348161715,0.395552046,0.3294648,0.289680738,0.383194832,0.389734563,0.362284554,0.35246678,0.305181488,0.354216403,0.410017635,0.368205149,0.355438223,0.313780349,0.298617105,0.356373943,0.339904283,0.360866408,0.372884353,0.332171348,0.335254819,0.422078067,0.31193249,0.351761666,0.345273146,0.3423251,0.329236819,0.354534586,0.380336569,0.336459123,0.317412568,0.38019095,0.327236755,0.344733333,0.390542172,0.368404455,0.416612798,0.339087832,0.334757131,0.300146363,0.351246672,0.002213701,158.6693958,451.7320973,,,,0.030018664,
WIH2.2020,M6.G.P,M6.G.P,CV0,1127,AGDD,0.189890172,0.196897245,0.207163692,0.195235896,0.216477776,0.214948584,0.17221403,0.19461639,0.210046364,0.212977118,0.207884875,0.197231426,0.211089113,0.194597212,0.197158591,0.173332807,0.177439261,0.215944854,0.213207964,0.224143853,0.211018414,0.210559052,0.172085518,0.20834995,0.202900525,0.165885873,0.205816695,0.249161651,0.181429413,0.20471367,0.225256032,0.205955075,0.199016046,0.222787892,0.153076234,0.179336034,0.197131888,0.188169798,0.207379689,0.234465713,0.19540793,0.19911363,0.180964983,0.229112764,0.202901484,0.177078812,0.186467226,0.242337178,0.203509618,0.195802313,0.201193766,0.000852908,235.8916284,1172.459925,,,,0.019271208,
WIH2.2021,M6.G.P,M6.G.P,CV0,1137,AGDD,0.394295544,0.363392336,0.419208025,0.392605341,0.379587472,0.377521709,0.408733543,0.410645872,0.372258517,0.378163308,0.383966572,0.406730135,0.393029032,0.407599504,0.358716399,0.378109455,0.370452911,0.397530772,0.389072584,0.410123606,0.401597332,0.390701854,0.380494407,0.402092958,0.371974857,0.366561596,0.400980805,0.38609795,0.408464453,0.383185191,0.351801687,0.432599583,0.395618981,0.358798146,0.416546318,0.385968605,0.343841067,0.402624554,0.39684606,0.417709399,0.395453239,0.379437817,0.394833293,0.40114599,0.380663512,0.399761289,0.399173658,0.39725729,0.372361066,0.378809717,0.389702906,0.000747253,521.5143204,1338.235646,,,,0.018403731,
WIH3.2020,M6.G.P,M6.G.P,CV0,415,AGDD,0.231467017,0.225670088,0.279132374,0.252178191,0.269318677,0.212587948,0.257346751,0.279122548,0.271259174,0.226862487,0.237784531,0.25867611,0.258181631,0.272909542,0.215274683,0.264312587,0.186632256,0.303408201,0.258042191,0.230439967,0.266388753,0.249731966,0.28390264,0.233486394,0.211879698,0.291760043,0.2199448,0.214583508,0.324538066,0.201723751,0.305672921,0.217936091,0.259361282,0.231849913,0.237024673,0.251803817,0.187998367,0.260900114,0.254121644,0.294404134,0.290152447,0.173417176,0.27526181,0.238231441,0.269859561,0.278911986,0.232877794,0.247246556,0.283400747,0.211309659,0.249805774,0.002270211,110.0363764,440.4877222,,,,0.032884693,
WIH3.2021,M6.G.P,M6.G.P,CV0,397,AGDD,0.592121058,0.526348247,0.530493541,0.538231591,0.606641604,0.567461866,0.519748138,0.610092382,0.571797116,0.529080058,0.497541016,0.584908369,0.578155061,0.562639679,0.573834777,0.591528171,0.519513462,0.537859494,0.557713272,0.579392746,0.549675569,0.542358056,0.594749661,0.574190814,0.527506071,0.595454978,0.528229866,0.569535606,0.536992725,0.564786455,0.541843751,0.56484154,0.599795999,0.527157203,0.552582795,0.590624589,0.523508105,0.56360125,0.569221129,0.552287546,0.561942805,0.544108773,0.571900041,0.590676482,0.529503361,0.557340693,0.578270302,0.573851547,0.565301994,0.510689282,0.558552613,0.00174182,320.6717966,574.1120698,,,,0.027092068,
DEH1.2020,M6.G.P,M6.G.P,CV0,1142,DAP,0.703457135,0.699853345,0.698471614,0.697071463,0.703933771,0.696951106,0.696823743,0.719398293,0.703969988,0.687786913,0.696147181,0.701387015,0.71790404,0.692267484,0.696911518,0.712201187,0.694735107,0.718466623,0.686506594,0.692984986,0.684604064,0.717839556,0.714746666,0.686700087,0.701431072,0.705549566,0.698473805,0.703866495,0.693479837,0.701051917,0.702003127,0.717567089,0.66207771,0.70109747,0.71905769,0.701516009,0.699860351,0.707660803,0.697416364,0.697489089,0.715284086,0.710552224,0.697011661,0.690837575,0.690158951,0.694662762,0.707287117,0.698313299,0.709676221,0.694666425,0.700783364,0.000446406,1569.834609,2240.113978,5561.662956,12926.30871,0.430259178,0.010783098,0.026574674
IAH4.2021,M6.G.P,M6.G.P,CV0,1128,DAP,0.496290981,0.489728809,0.486000896,0.493102924,0.493711409,0.487844149,0.476672949,0.497787387,0.480775594,0.515536321,0.490390385,0.509727259,0.470944161,0.485997832,0.503557284,0.480316853,0.493440882,0.510554436,0.48671178,0.487862006,0.504132397,0.480626457,0.485063576,0.491582377,0.499903468,0.483072778,0.480634193,0.496902029,0.505268939,0.494000784,0.495564577,0.482931698,0.51078274,0.486038032,0.487203211,0.499446654,0.466871761,0.495939439,0.491380742,0.503271973,0.519839501,0.495138672,0.496086274,0.478438306,0.470131892,0.519962188,0.518371345,0.45338798,0.477206294,0.488520653,0.491893105,0.000673216,730.6616777,1485.407441,,,,0.013766115,
MIH1.2020,M6.G.P,M6.G.P,CV0,414,DAP,0.509495784,0.499783086,0.430723699,0.49566292,0.494286938,0.48844987,0.458276167,0.522631296,0.501349975,0.449674684,0.450857278,0.505420792,0.489216636,0.49576244,0.484809933,0.449278418,0.50817578,0.516509656,0.475017757,0.469612105,0.478382004,0.494983202,0.500742149,0.499159038,0.458483428,0.474971917,0.493074818,0.498789673,0.505485635,0.451221834,0.483591819,0.49872952,0.442292549,0.504260578,0.502110567,0.493558251,0.480560495,0.463174167,0.50653333,0.476783533,0.497486985,0.458706839,0.45946047,0.502616092,0.495113477,0.480253699,0.513227191,0.477331698,0.454907467,0.476473631,0.484349225,0.001857781,260.7138247,538.276539,,,,0.021767819,
MNH1.2020,M6.G.P,M6.G.P,CV0,395,DAP,0.453615091,0.43999463,0.424921392,0.453441091,0.44751218,0.445809634,0.449560148,0.455348762,0.433303536,0.429728583,0.488280093,0.46073411,0.461208233,0.347495129,0.451522388,0.484929193,0.375527582,0.440713613,0.419300132,0.486794279,0.473683511,0.450544882,0.452999445,0.396345369,0.429302254,0.460326207,0.462722419,0.373173575,0.481650027,0.434643071,0.453468221,0.406600662,0.435911081,0.482634786,0.440467162,0.493685122,0.432588339,0.437666853,0.378196796,0.471664093,0.35633611,0.42734673,0.463482777,0.466025498,0.474093708,0.409112676,0.445173932,0.467760864,0.414674139,0.472864906,0.4418977,0.00204765,215.80725,488.3647275,,,,0.033863225,
MNH1.2021,M6.G.P,M6.G.P,CV0,415,DAP,0.431174682,0.4615023,0.373063879,0.469109891,0.361575156,0.457968586,0.402306554,0.407687749,0.361095128,0.4757122,0.425398466,0.45342657,0.426612996,0.385002822,0.4102128,0.418290238,0.449344877,0.421963572,0.387095083,0.428980055,0.422742684,0.451251237,0.42715557,0.397837056,0.397355349,0.435835742,0.435370283,0.458271799,0.36683343,0.404476877,0.472590812,0.41478926,0.415733189,0.391965973,0.395047613,0.447083804,0.337968597,0.428063654,0.408315138,0.472545592,0.423591598,0.447771097,0.450823548,0.361095165,0.408475838,0.411991503,0.467858395,0.385004365,0.359149704,0.465196899,0.419394308,0.00199542,210.178474,501.1476556,,,,0.034771697,
MOH1.2020,M6.G.P,M6.G.P,CV0,1006,DAP,0.192476346,0.186718876,0.171298662,0.228648248,0.214485895,0.175957169,0.224569873,0.221162893,0.177428748,0.193608699,0.197481971,0.201456824,0.197231907,0.202994071,0.189806583,0.189194726,0.187689742,0.195663138,0.237567953,0.178492156,0.212419832,0.181234386,0.21968981,0.219431519,0.158926735,0.176085188,0.201844112,0.200713576,0.197936624,0.216107049,0.168069559,0.200965309,0.200325546,0.202849499,0.224060946,0.203641521,0.181965686,0.24305899,0.174356678,0.192309966,0.202567234,0.190137923,0.195122848,0.150975307,0.220627915,0.22538581,0.186115402,0.219904582,0.191397302,0.171812553,0.197879478,0.000957016,206.7672329,1044.914992,,,,0.020054063,
NEH1.2021,M6.G.P,M6.G.P,CV0,246,DAP,0.382678758,0.387695605,0.381046974,0.426196777,0.431307574,0.425428548,0.389168353,0.412345065,0.359242691,0.431834851,0.464032598,0.398823582,0.426322063,0.371732353,0.356905283,0.381270459,0.40824362,0.404483387,0.409167279,0.41729897,0.42121638,0.426109006,0.410995781,0.402542227,0.354777966,0.41425557,0.460281335,0.409090764,0.397839821,0.337581564,0.396499411,0.437521241,0.350415043,0.41878082,0.405634259,0.403358774,0.369651842,0.398943507,0.381021143,0.465150858,0.410045779,0.395972173,0.379813498,0.361298641,0.473402757,0.399383932,0.43672215,0.412427085,0.356123032,0.407490976,0.403191442,0.003432117,117.4760033,291.3653192,,,,0.030523553,
TXH1.2020,M6.G.P,M6.G.P,CV0,246,DAP,0.695249381,0.703741278,0.673588234,0.649531896,0.667556857,0.696969503,0.678734128,0.684904034,0.667203609,0.66498533,0.650098657,0.693550531,0.693449059,0.707809999,0.644061282,0.697454951,0.645429458,0.672026115,0.661409261,0.704479675,0.690752773,0.704923044,0.703762488,0.660210665,0.634523508,0.643960106,0.642969876,0.716458693,0.67578257,0.701171158,0.674905334,0.668805168,0.697019063,0.675713706,0.669968664,0.711420621,0.664963889,0.656580873,0.678020339,0.670423802,0.682377608,0.64197201,0.691257137,0.691635014,0.67688632,0.669199165,0.666150206,0.701947682,0.66482107,0.686111521,0.677338546,0.002218084,305.3710089,450.8395552,,,,0.020959755,
TXH1.2021,M6.G.P,M6.G.P,CV0,246,DAP,0.023235131,0.110375522,0.039765658,0.01559353,0.043031495,0.038909867,0.053830723,0.096828611,0.006925758,0.048938482,0.104492856,0.049366635,0.043665528,0.034698151,0.004933609,0.045519185,-0.016790464,0.022819623,0.059669918,0.122006645,0.086650833,0.075614006,0.029661021,0.044243745,0.005893705,0.025367831,0.063767645,0.059324058,0.033124071,0.073702049,0.082463302,0.06566603,0.046191657,0.033239208,0.008238325,0.035748417,-0.044030889,0.034085337,0.148255881,0.057885586,0.077270376,0.004568729,0.055628601,0.006494046,0.102183011,0.070388497,0.005303912,0.066469065,0.060230285,0.046630914,0.048161514,0.004088854,11.77873064,244.5672815,,,,0.036202585,
TXH2.2020,M6.G.P,M6.G.P,CV0,246,DAP,0.51773524,0.498824573,0.542708339,0.432723624,0.450589941,0.439770568,0.488990212,0.49833729,0.485670433,0.522207438,0.497942827,0.472638075,0.449410323,0.517404923,0.496910447,0.54143796,0.496468486,0.447705426,0.445309302,0.506638211,0.495141882,0.526900527,0.480788191,0.505498022,0.426516429,0.540616574,0.489320549,0.494327373,0.468927884,0.451331563,0.516462905,0.478318441,0.464385197,0.4634201,0.514079875,0.467272762,0.482311877,0.500476605,0.513734538,0.469227474,0.485380263,0.457908673,0.532596654,0.490661949,0.475828664,0.449399608,0.463805609,0.515788973,0.509978461,0.504644746,0.48768952,0.003123602,156.1304839,320.1432008,,,,0.029556767,
TXH2.2021,M6.G.P,M6.G.P,CV0,246,DAP,0.301313538,0.242716998,0.250336307,0.279098391,0.196377223,0.300032181,0.241170222,0.328505874,0.195834799,0.195274552,0.242339037,0.234864081,0.240794477,0.328391569,0.212030243,0.251213585,0.310764033,0.32843481,0.151134214,0.206968364,0.256186361,0.209760642,0.309865474,0.29903682,0.183074881,0.284132007,0.223861125,0.286233359,0.220233492,0.252842309,0.256302696,0.291092791,0.189541998,0.246258235,0.285509739,0.266506947,0.187476521,0.265417373,0.321961031,0.222317523,0.269929226,0.29532741,0.22601833,0.184251569,0.274885855,0.279152074,0.235258884,0.269947384,0.198152596,0.280944618,0.252181475,0.003837723,65.71121751,260.5711518,,,,0.044390974,
TXH3.2020,M6.G.P,M6.G.P,CV0,266,DAP,-0.056473647,-0.093857786,-0.079566931,-0.027701165,-0.022347075,-0.054937748,-0.016734893,-0.073284894,-0.106152215,-0.049408924,-0.042120285,-0.05820595,-0.053416505,-0.092454276,-0.044742898,-0.045365292,-0.045628232,-0.081600039,-0.097349793,-0.027207097,-0.00729121,-0.084051658,-0.089571112,-0.045374536,-0.060875797,-0.076492788,-0.078594432,0.009637925,-0.073585765,-0.0707977,-0.072710972,-0.08711891,-0.064529515,-0.063868964,0.009355497,-0.067429462,-0.087046544,-0.045201214,-0.047342897,-0.042774833,-0.017399448,-0.075605029,-0.035044964,-0.108122934,-0.051207258,-0.028090503,-0.090995228,-0.108061934,-0.014184633,-0.047225519,-0.05780316,0.003775223,-15.31119196,264.8850353,,,,0.029323062,
TXH3.2021,M6.G.P,M6.G.P,CV0,245,DAP,0.440766217,0.425507793,0.422744993,0.487791642,0.405353367,0.476817177,0.417309688,0.391588297,0.478072007,0.426676609,0.43633765,0.451579129,0.460228807,0.449358443,0.404503528,0.431945065,0.445610348,0.482299374,0.388834897,0.425759095,0.433479164,0.452510664,0.46628275,0.439237982,0.390738885,0.476448033,0.392150381,0.454804941,0.421288376,0.428162545,0.400107305,0.419053717,0.447431386,0.434598459,0.481647977,0.420164204,0.418010587,0.455182813,0.413342648,0.465350848,0.482205208,0.409658718,0.460744801,0.395920916,0.432766718,0.456085959,0.425582348,0.404386812,0.440729023,0.455302419,0.436449214,0.003331325,131.0136825,300.1808188,,,,0.027429144,
WIH1.2020,M6.G.P,M6.G.P,CV0,394,DAP,0.465608757,0.485814114,0.462327058,0.475103149,0.477446718,0.490781397,0.451517325,0.50774388,0.487622906,0.416326593,0.479830492,0.446747141,0.479665215,0.469888682,0.488346178,0.470248691,0.427383889,0.491978642,0.422903754,0.541648752,0.481071621,0.459053212,0.505081021,0.483788093,0.438259083,0.47383888,0.480645184,0.449712558,0.480237717,0.483026855,0.47468324,0.515679578,0.491664487,0.442568321,0.437552914,0.47116177,0.461569109,0.503406934,0.480362783,0.449635288,0.445022205,0.444325256,0.5317506,0.433480121,0.506106637,0.528503956,0.454355103,0.448534158,0.47679098,0.455502562,0.472526071,0.001981426,238.4777419,504.6869504,,,,0.027809535,
WIH1.2021,M6.G.P,M6.G.P,CV0,398,DAP,0.356762417,0.37009412,0.4196433,0.395408969,0.380355721,0.372092214,0.389891669,0.373944776,0.350314543,0.421559183,0.361413944,0.40409995,0.422390763,0.39146259,0.334124504,0.432692107,0.429868762,0.301676316,0.361605344,0.393731306,0.413386948,0.37117532,0.376530612,0.390066419,0.361788341,0.360419812,0.410332828,0.346249214,0.365067762,0.42613197,0.38395823,0.4278556,0.376977428,0.366062944,0.355578138,0.38979196,0.409931701,0.363994098,0.383982169,0.374846208,0.361526025,0.399118976,0.38793922,0.40563857,0.369343406,0.384374386,0.392209584,0.450560888,0.313625566,0.367183358,0.382975604,0.002154873,177.7253754,464.0644829,,,,0.029890617,
WIH2.2020,M6.G.P,M6.G.P,CV0,1127,DAP,0.20979108,0.166340133,0.152575386,0.228295177,0.216604963,0.185268345,0.204590238,0.205309069,0.169369199,0.207298537,0.188723177,0.195156085,0.207263821,0.198062693,0.179075858,0.189808196,0.185697213,0.224142555,0.193696947,0.180426089,0.170928653,0.176139869,0.211636926,0.222472681,0.190478282,0.205697904,0.18531249,0.186991699,0.18309555,0.206123385,0.195515342,0.196021922,0.183284722,0.211857772,0.18256816,0.213267747,0.20007334,0.177789388,0.200655027,0.177802588,0.183925932,0.197742969,0.195283191,0.205685274,0.182117271,0.228499908,0.225923936,0.152998471,0.189996297,0.169296197,0.193933553,0.000855458,226.7015428,1168.965036,,,,0.018134266,
WIH2.2021,M6.G.P,M6.G.P,CV0,1137,DAP,0.402221975,0.366331073,0.393060355,0.375865855,0.42411292,0.381420909,0.398555337,0.392216634,0.382312015,0.404711402,0.400329727,0.387028896,0.411895338,0.385423155,0.380854157,0.420152561,0.395339622,0.402542207,0.373087719,0.371134526,0.423952203,0.377146785,0.405656306,0.368169329,0.382111778,0.396707704,0.415322567,0.374730063,0.384056737,0.388753371,0.388014215,0.43241366,0.360676086,0.37680694,0.402009466,0.404882652,0.395534916,0.395901422,0.388355527,0.378690133,0.38784897,0.434727433,0.375762827,0.379282443,0.388603832,0.380126831,0.390323625,0.413656365,0.382892784,0.391420606,0.392262679,0.000745489,526.1817285,1341.401455,,,,0.017012193,
WIH3.2020,M6.G.P,M6.G.P,CV0,415,DAP,0.239529271,0.242256989,0.158581155,0.202339392,0.267347708,0.229318825,0.265799136,0.228897131,0.171379682,0.219161428,0.224500213,0.267530726,0.248679698,0.175648949,0.206983018,0.231939636,0.165876192,0.189696189,0.267024945,0.269625492,0.263920125,0.254098925,0.213126491,0.229332763,0.146524483,0.207603267,0.227933733,0.230326475,0.197979682,0.248046499,0.24049171,0.228123378,0.215866195,0.266262743,0.151088948,0.239738363,0.231272031,0.241073697,0.175043548,0.225786765,0.153913809,0.234230317,0.228120708,0.224005374,0.25681149,0.202797302,0.268235612,0.245201404,0.196296843,0.205306346,0.222413496,0.002301531,96.63719998,434.4934175,,,,0.033839833,
WIH3.2021,M6.G.P,M6.G.P,CV0,397,DAP,0.568909132,0.547896644,0.55913034,0.561594685,0.598133131,0.53567371,0.556793971,0.599673736,0.564274797,0.57782261,0.570886723,0.574461372,0.594343755,0.511942664,0.579839196,0.629527012,0.525585093,0.523243146,0.565381113,0.591759988,0.577843885,0.573562394,0.577918949,0.549609598,0.555917771,0.594794623,0.589895572,0.53824938,0.574631605,0.538594658,0.608452702,0.578480248,0.562263864,0.545972024,0.534659621,0.606339427,0.573511067,0.553043381,0.545332565,0.568998782,0.527131449,0.568328825,0.581603235,0.565734263,0.580393052,0.565397627,0.582002467,0.539768509,0.539158281,0.603328441,0.566755822,0.00171845,329.8063649,581.9196773,,,,0.024840505,
DEH1.2020,M7.G.P,M7.G.P,CV0,1142,AGDD,0.675537912,0.676863083,0.690523958,0.677135619,0.674198863,0.673515656,0.680100149,0.677990815,0.67548551,0.687677857,0.661037186,0.680874359,0.687998217,0.684843231,0.679100815,0.672275003,0.676953262,0.671381893,0.688152323,0.680919791,0.670629196,0.671588556,0.672189789,0.685492676,0.689960674,0.671331511,0.671657832,0.696294285,0.67864374,0.678467096,0.664289172,0.675302822,0.681141202,0.693621568,0.675980554,0.682322791,0.667171416,0.684461946,0.671997991,0.687151056,0.692975585,0.690408988,0.654678085,0.681376884,0.673781427,0.685595168,0.674628026,0.696487319,0.663989923,0.670027593,0.678524208,0.000473338,1433.48883,2112.656873,5528.218036,12837.06459,0.430645028,0.009085288,0.028157727
IAH4.2021,M7.G.P,M7.G.P,CV0,1128,AGDD,0.429206564,0.405325019,0.429093878,0.43576352,0.480629301,0.432930157,0.428132524,0.439654344,0.421024236,0.458090933,0.41018745,0.460222159,0.434995546,0.435956209,0.440096197,0.433171804,0.45821872,0.445482277,0.418416711,0.427395717,0.436118754,0.418258285,0.448518167,0.441337284,0.43420033,0.415687746,0.437985771,0.451303536,0.437952772,0.43798922,0.404474015,0.435409704,0.454268645,0.462607007,0.419430841,0.443658233,0.383758002,0.45964475,0.437107718,0.447721395,0.444598014,0.432104994,0.441090845,0.437652313,0.421438916,0.429234196,0.441805213,0.428624587,0.432383673,0.446904006,0.435745244,0.000719473,605.6454117,1389.907108,,,,0.016671661,
MIH1.2020,M7.G.P,M7.G.P,CV0,414,AGDD,0.447721578,0.431891327,0.440068619,0.413674452,0.468201952,0.431652302,0.434065197,0.440746481,0.455140035,0.445643751,0.428833842,0.448229357,0.443788922,0.40746846,0.475155061,0.476848451,0.449582202,0.412016382,0.409066654,0.453875547,0.433419131,0.443760699,0.422357274,0.4390021,0.458229285,0.440332076,0.456670514,0.467413175,0.363992806,0.460470162,0.432553175,0.428046881,0.437154895,0.430485343,0.469367458,0.464500517,0.430618461,0.414989307,0.482896099,0.404092663,0.419111742,0.48368283,0.429883074,0.454607631,0.396469618,0.420236024,0.463752647,0.435698359,0.405174163,0.470398191,0.439460737,0.001958433,224.3941005,510.6123969,,,,0.024346321,
MNH1.2020,M7.G.P,M7.G.P,CV0,395,AGDD,0.47471467,0.408028807,0.472406686,0.497235859,0.410761736,0.467749994,0.445892338,0.517559319,0.46180394,0.347926033,0.451030989,0.455246892,0.475333367,0.472150824,0.399128639,0.487316843,0.397735773,0.445106245,0.413236858,0.510783525,0.477290344,0.453162164,0.491355556,0.418118382,0.424079349,0.47393334,0.497192882,0.355485916,0.457804902,0.468820536,0.430598171,0.420834791,0.522059066,0.438225631,0.446636904,0.480693269,0.429200556,0.4160028,0.444653119,0.481328232,0.416378793,0.397357496,0.557558824,0.469249199,0.431311915,0.50371425,0.39525629,0.49826123,0.44964892,0.403022185,0.451207687,0.002026493,222.6544865,493.4634158,,,,0.042375907,
MNH1.2021,M7.G.P,M7.G.P,CV0,415,AGDD,0.512481064,0.447021447,0.453253285,0.39898259,0.541661954,0.430556419,0.470130788,0.506050177,0.49332167,0.460255467,0.435527731,0.516775348,0.515229235,0.459392316,0.431302194,0.464889591,0.424942533,0.483265235,0.471131708,0.503388024,0.478339522,0.508822854,0.48252268,0.448427847,0.440560319,0.483004374,0.449112843,0.511851189,0.440091841,0.478448811,0.510115607,0.470555386,0.470755874,0.509056603,0.404321597,0.467245211,0.39280251,0.482950781,0.526605329,0.476428126,0.481869833,0.459085731,0.496828872,0.469695357,0.461194444,0.463809112,0.440462714,0.477014503,0.493602955,0.478771762,0.471478267,0.001883071,250.377344,531.0474763,,,,0.032709817,
MOH1.2020,M7.G.P,M7.G.P,CV0,1006,AGDD,0.257633887,0.262898914,0.271065475,0.297082818,0.336337995,0.272297958,0.271386447,0.268951042,0.328710867,0.290653818,0.295640638,0.279163381,0.290715113,0.285903384,0.273202986,0.283956647,0.322163861,0.27576031,0.261940336,0.288643518,0.273354317,0.291158628,0.275792598,0.309024834,0.277436096,0.30478108,0.274117961,0.279188318,0.277261344,0.292829524,0.279385635,0.268682494,0.326878292,0.283554384,0.268143748,0.312871189,0.22621736,0.280863988,0.307670428,0.290706364,0.300671648,0.270487207,0.284805384,0.276665846,0.296684713,0.282349968,0.282217607,0.304896094,0.288188588,0.271699276,0.285453886,0.000914857,312.0203428,1093.067419,,,,0.019708697,
NEH1.2021,M7.G.P,M7.G.P,CV0,246,AGDD,0.423575026,0.474053082,0.439825833,0.461962275,0.456614093,0.410176456,0.448362502,0.436914713,0.462787057,0.490867742,0.432076634,0.436316483,0.433142169,0.510158285,0.430864692,0.484763898,0.498442201,0.436024273,0.373945332,0.458394898,0.448852362,0.460623496,0.451266922,0.460596108,0.425665644,0.457369814,0.428827088,0.445588611,0.477964494,0.443342801,0.469579751,0.441330757,0.475786981,0.453580938,0.405557144,0.46797256,0.389681725,0.439444004,0.438551683,0.505428909,0.399467522,0.41255798,0.479962378,0.476552773,0.464788469,0.465230902,0.469452052,0.448269412,0.404609704,0.462625876,0.44939593,0.003270669,137.4018267,305.7478217,,,,0.028817447,
TXH1.2020,M7.G.P,M7.G.P,CV0,246,AGDD,0.670630822,0.707450429,0.680798851,0.651408338,0.694105123,0.655404626,0.680307615,0.705417497,0.707251358,0.653796992,0.647194185,0.702138772,0.658318393,0.676373047,0.72116557,0.690991293,0.682512582,0.673269503,0.692265787,0.672653677,0.705550391,0.67821845,0.694073324,0.684945663,0.642408429,0.682068447,0.656708843,0.65486359,0.716205139,0.693523628,0.665935931,0.709108017,0.716807627,0.683726597,0.629047678,0.684380193,0.651263889,0.672107707,0.721044755,0.676413523,0.689810811,0.652684973,0.669081451,0.708443689,0.690714389,0.705192142,0.650330564,0.682723794,0.698201706,0.672055193,0.6812219,0.002196462,310.1450906,455.2776278,,,,0.022572274,
TXH1.2021,M7.G.P,M7.G.P,CV0,246,AGDD,0.130794013,0.100362255,0.085365888,0.073376392,0.150745505,0.025687471,0.119710501,0.117353683,0.128631202,0.135124908,0.038471646,0.139745658,0.163470432,0.103890243,0.0925237,0.029869231,0.106197771,0.143999054,0.160267811,0.094626395,0.113723277,0.148995196,0.159576001,0.142614412,-0.027392643,0.081795501,0.074521345,0.165500558,0.073411071,0.14496797,0.109255511,0.13779202,0.080436553,0.123037684,0.089076593,0.130048345,0.061797106,0.095300058,0.123620625,0.123326311,0.06165151,0.147375968,0.110894836,0.120289479,0.093686456,0.090041993,0.09455719,0.112990684,0.157268733,0.079331153,0.107194105,0.004051268,26.45939534,246.8362912,,,,0.039550773,
TXH2.2020,M7.G.P,M7.G.P,CV0,246,AGDD,0.574948568,0.516432435,0.491576657,0.387825431,0.438979429,0.450563908,0.47680677,0.479638961,0.523576539,0.477838622,0.419069882,0.501083333,0.499702591,0.456327165,0.534175186,0.410021787,0.457367759,0.523023581,0.500776821,0.523369602,0.49749311,0.505071279,0.491113065,0.52004366,0.378875685,0.488301506,0.446339549,0.550306972,0.450484288,0.47783032,0.496187904,0.476643556,0.473290414,0.487117715,0.478499492,0.466855148,0.447862509,0.499543685,0.523360952,0.48113577,0.477949499,0.428207207,0.568697943,0.435291071,0.49316184,0.504133478,0.505785152,0.471282447,0.51507436,0.38213388,0.48122357,0.003149278,152.8044022,317.5330799,,,,0.042757163,
TXH2.2021,M7.G.P,M7.G.P,CV0,246,AGDD,0.293373141,0.31361946,0.250918426,0.208072104,0.273863148,0.218381863,0.259138111,0.291280759,0.320583307,0.231142713,0.215592746,0.210719324,0.279760393,0.282837533,0.363288007,0.268590071,0.198926532,0.308272772,0.302891101,0.262487472,0.265834749,0.29201909,0.269095393,0.289086312,0.232348612,0.244340658,0.20938295,0.349334427,0.237106385,0.294689814,0.24142694,0.308695902,0.327392681,0.239039985,0.228022355,0.312064405,0.21039766,0.292399302,0.278195605,0.244626719,0.251926179,0.159767805,0.26059818,0.357178363,0.296490439,0.273367762,0.251437799,0.332737828,0.304464975,0.168945072,0.267523067,0.003805047,70.30743209,262.8088598,,,,0.045798975,
TXH3.2020,M7.G.P,M7.G.P,CV0,266,AGDD,-0.07692773,-0.120815103,-0.063535887,-0.057348584,-0.12923886,-0.056794991,-0.136292808,-0.104141835,-0.054218061,-0.083624905,-0.071922204,-0.151195633,-0.082253274,-0.044634423,-0.087688878,-0.105949817,-0.067780136,-0.092698667,-0.109035236,-0.075714217,-0.102817371,-0.095220713,-0.084803985,-0.073303949,-0.088408822,-0.136337208,-0.041485281,-0.085435857,-0.088745861,-0.100659531,-0.07752992,-0.127650219,-0.12800771,-0.051450597,-0.06256663,-0.119358808,-0.086108234,-0.085169439,-0.086110279,-0.079852675,-0.016337277,-0.098871034,-0.089372856,-0.131705394,-0.109388308,-0.121270083,-0.146803176,-0.08157934,-0.041799614,-0.050914159,-0.089217512,0.003757728,-23.74240701,266.1182385,,,,0.029910684,
TXH3.2021,M7.G.P,M7.G.P,CV0,245,AGDD,0.45403318,0.478877341,0.476829882,0.501749564,0.499290757,0.476220592,0.471577252,0.469803885,0.468130216,0.513568829,0.490477734,0.496530939,0.475361757,0.453489144,0.475424732,0.471462782,0.46920461,0.492427018,0.4495002,0.524861143,0.457639151,0.472986116,0.503581046,0.509718082,0.448740549,0.457651392,0.483020022,0.502152525,0.481368175,0.482826988,0.46283927,0.481310515,0.475101236,0.49890486,0.477219794,0.487284923,0.423068922,0.487271413,0.522767229,0.47283803,0.465315925,0.467425292,0.481540648,0.489570592,0.497528875,0.497565576,0.465175739,0.487701774,0.494424812,0.457095908,0.480009139,0.003167042,151.5638649,315.7520402,,,,0.019890227,
WIH1.2020,M7.G.P,M7.G.P,CV0,394,AGDD,0.554266195,0.509598792,0.529814468,0.525083704,0.52264116,0.532756358,0.506879991,0.525905241,0.559355622,0.518519957,0.48787491,0.523725067,0.549947639,0.557926561,0.518562103,0.524869347,0.426118887,0.509824734,0.596093949,0.560689322,0.54859711,0.50517321,0.532146595,0.564694171,0.48508129,0.513967034,0.46290271,0.491728739,0.601107801,0.567009621,0.525618555,0.563879798,0.541513208,0.487020704,0.520087583,0.499422968,0.551938946,0.532761884,0.511563961,0.55106,0.540121221,0.473128351,0.571239758,0.531846554,0.529031286,0.53577206,0.568509302,0.501756865,0.553927404,0.49172235,0.527895701,0.001840118,286.8814902,543.4435053,,,,0.033121862,
WIH1.2021,M7.G.P,M7.G.P,CV0,398,AGDD,0.369364688,0.373955587,0.309805306,0.350631614,0.374124586,0.329632512,0.368439795,0.350150843,0.360051312,0.385263447,0.353998134,0.399070705,0.330567927,0.294596545,0.391782818,0.396024475,0.370997007,0.351651479,0.320131306,0.361900924,0.418056317,0.373424447,0.355273599,0.314684261,0.307985103,0.362082561,0.339653405,0.365774855,0.384183468,0.337756932,0.332984303,0.427403375,0.318413679,0.363202853,0.350571262,0.347757527,0.330156906,0.359547821,0.389344044,0.34287025,0.327330177,0.38273045,0.328304349,0.343230109,0.40174473,0.376578911,0.420067989,0.344556619,0.338348046,0.306277573,0.356648739,0.002204045,161.8155695,453.7113188,,,,0.030740376,
WIH2.2020,M7.G.P,M7.G.P,CV0,1127,AGDD,0.184879977,0.189670462,0.200788449,0.190465981,0.213708081,0.210706941,0.168829604,0.188146845,0.204258946,0.207208625,0.201645695,0.192692227,0.20813339,0.185661358,0.191418441,0.166917535,0.171313591,0.213654673,0.20742108,0.219016499,0.207286216,0.206407995,0.166229573,0.201991567,0.195616925,0.159547986,0.197737823,0.243816847,0.177604999,0.201156319,0.221936177,0.201157314,0.193935733,0.215916369,0.149031734,0.169958059,0.191564887,0.184943456,0.202756444,0.229019728,0.190484594,0.192952402,0.172971936,0.22503465,0.200272991,0.174257693,0.183094463,0.235378679,0.200534661,0.188007941,0.195942891,0.000854761,229.2369896,1169.917359,,,,0.01948044,
WIH2.2021,M7.G.P,M7.G.P,CV0,1137,AGDD,0.40150054,0.372357855,0.429133643,0.397103248,0.390499236,0.384617813,0.421008222,0.414904133,0.380830292,0.386497929,0.390376686,0.414996968,0.400544869,0.418050195,0.365491481,0.383321432,0.381649361,0.401538942,0.399305866,0.418577336,0.411865933,0.398659813,0.387081826,0.41323155,0.377217418,0.375240883,0.408282602,0.394867784,0.416366687,0.391718416,0.360984278,0.439303271,0.403144688,0.366057448,0.423438442,0.392637446,0.352357427,0.410874817,0.406068848,0.426958725,0.400744619,0.385852231,0.400782524,0.407609652,0.392997295,0.410050462,0.405349453,0.402424285,0.381676955,0.385827069,0.397639578,0.000741747,536.0852354,1348.168707,,,,0.018458449,
WIH3.2020,M7.G.P,M7.G.P,CV0,415,AGDD,0.240967573,0.245458118,0.28381982,0.259226059,0.279963873,0.217074815,0.27994947,0.281367319,0.29089604,0.239063692,0.24697952,0.267705048,0.267310007,0.293490583,0.22556867,0.276055354,0.204144819,0.308796135,0.267559897,0.246336972,0.280122032,0.260537916,0.293131933,0.246464712,0.217319961,0.291810945,0.239318297,0.230213541,0.331885037,0.213442772,0.312256783,0.23405924,0.270797932,0.24417582,0.245169911,0.265067794,0.204343523,0.27168695,0.269223486,0.297323149,0.293034723,0.187959471,0.286966895,0.249088016,0.287259828,0.293732098,0.238386739,0.255906017,0.29383844,0.225012812,0.261025411,0.002256333,115.6856517,443.1968948,,,,0.031275368,
WIH3.2021,M7.G.P,M7.G.P,CV0,397,AGDD,0.59744188,0.52758187,0.535284794,0.542334367,0.608884895,0.573247335,0.521453328,0.618781228,0.571799089,0.533420008,0.499111213,0.590784355,0.581531222,0.566007687,0.580268414,0.594388266,0.520011397,0.543974048,0.557660594,0.589391759,0.555354502,0.545168901,0.603571724,0.576173785,0.530128957,0.602112765,0.532512031,0.571993106,0.539954789,0.564755108,0.544408228,0.573537299,0.602658216,0.52769307,0.560873532,0.589089088,0.532826279,0.567692775,0.575702104,0.552736212,0.563752533,0.549658237,0.580941128,0.592541492,0.532675902,0.56041153,0.579456769,0.579037718,0.567187516,0.515437526,0.562468011,0.001730708,324.9929791,577.7981547,,,,0.027725078,
DEH1.2020,M7.G.P,M7.G.P,CV0,1142,DAP,0.70942056,0.703208032,0.701433923,0.705892248,0.706023728,0.70203265,0.702774907,0.722540547,0.706745202,0.695239071,0.702787481,0.704937973,0.725153991,0.696452147,0.700606953,0.716053787,0.699939379,0.722256034,0.691278483,0.699857418,0.689628304,0.720567851,0.719505393,0.693453522,0.706524317,0.709153866,0.703010907,0.708231007,0.699156657,0.706865881,0.703046527,0.721184659,0.669514944,0.705373598,0.727277102,0.704290439,0.705435318,0.714193481,0.70302495,0.703762977,0.720010788,0.716457639,0.701109385,0.692382725,0.697589052,0.70133712,0.715666979,0.702327178,0.713854568,0.698225244,0.705735938,0.000440295,1602.869109,2271.202334,5635.792831,12988.50337,0.433906253,0.010540689,0.026702967
IAH4.2021,M7.G.P,M7.G.P,CV0,1128,DAP,0.496691869,0.492509196,0.486314655,0.494707264,0.494460611,0.487842929,0.478249885,0.498879568,0.483533729,0.516025824,0.491629599,0.509275788,0.473590411,0.486186143,0.505428469,0.48199831,0.494889756,0.511998809,0.486560523,0.489170336,0.504602179,0.483219516,0.485933605,0.494732184,0.49999157,0.485969192,0.481054803,0.499394842,0.505232128,0.495571178,0.496242273,0.484690637,0.511613379,0.48767831,0.488891396,0.500470382,0.469151798,0.498666815,0.491929363,0.504774787,0.521038143,0.496002954,0.499232523,0.4783168,0.471688952,0.523198267,0.520291372,0.454157802,0.478253578,0.487714589,0.49319298,0.000672079,733.8321171,1487.920849,,,,0.013739562,
MIH1.2020,M7.G.P,M7.G.P,CV0,414,DAP,0.497498547,0.488745776,0.419673492,0.481235696,0.478695289,0.47644755,0.454999023,0.51197109,0.484820496,0.434864443,0.437708804,0.492406821,0.481460413,0.482876871,0.473901042,0.443747349,0.491378288,0.503573425,0.463729553,0.456164766,0.463644276,0.491921485,0.489289687,0.480870724,0.437246892,0.465436028,0.470254635,0.485711217,0.500438346,0.439264539,0.467143751,0.483270577,0.442652154,0.494217744,0.484237859,0.4772327,0.479427439,0.449838818,0.490188815,0.464247318,0.482074641,0.454201311,0.446664362,0.48762434,0.488968658,0.468261928,0.50704028,0.46641301,0.443539486,0.464064834,0.472425732,0.001885471,250.5611633,530.3715409,,,,0.021216972,
MNH1.2020,M7.G.P,M7.G.P,CV0,395,DAP,0.451399542,0.451559826,0.428380918,0.459859583,0.449309107,0.45152768,0.449273431,0.464320003,0.442169778,0.432672976,0.490526779,0.469798785,0.464207598,0.353504641,0.456547197,0.484744023,0.380178956,0.45310102,0.4280742,0.48888186,0.482164705,0.450510871,0.453139545,0.406314421,0.436957268,0.460293733,0.466934794,0.379986737,0.493599116,0.43822148,0.457302519,0.408293986,0.446293,0.492158812,0.439466059,0.497440742,0.436270563,0.43694704,0.383587119,0.483159923,0.356768443,0.429934044,0.470867177,0.474930601,0.480100408,0.414416232,0.447809849,0.480192525,0.420766826,0.473166083,0.44696065,0.002036199,219.5073601,491.1111525,,,,0.034183006,
MNH1.2021,M7.G.P,M7.G.P,CV0,415,DAP,0.445693701,0.477985163,0.39900777,0.494124653,0.382977342,0.483020227,0.421763577,0.42277731,0.39321842,0.490828465,0.451778423,0.465297769,0.448724801,0.404126678,0.438954786,0.441710237,0.474875061,0.443905521,0.404724199,0.446398238,0.444200109,0.469955247,0.447935485,0.416522137,0.426979628,0.454321346,0.459203855,0.474402718,0.389921093,0.426738055,0.494523606,0.441249681,0.43315466,0.409340312,0.414670804,0.464788891,0.359979883,0.452603566,0.423082021,0.496378767,0.442785974,0.471614986,0.472042863,0.37865796,0.432531793,0.428526042,0.486746396,0.407023736,0.386813013,0.484104342,0.440453826,0.001951575,225.6914812,512.4066764,,,,0.034003609,
MOH1.2020,M7.G.P,M7.G.P,CV0,1006,DAP,0.186975974,0.1822214,0.170471752,0.227346152,0.207869082,0.175146264,0.221117869,0.215799124,0.173671913,0.191900742,0.196829755,0.200952378,0.19299678,0.199569897,0.18389271,0.183348926,0.185331229,0.191415888,0.234508758,0.175268791,0.210883038,0.175632699,0.215381609,0.218692758,0.155243718,0.172523312,0.200352328,0.199573064,0.192851385,0.211588824,0.163071701,0.193259783,0.19919892,0.203444824,0.221242185,0.197757169,0.181057808,0.24076701,0.171486286,0.189421834,0.198415068,0.189088165,0.191935691,0.147437671,0.218665154,0.221636923,0.181553276,0.217476507,0.188912828,0.167401839,0.194651775,0.000958278,203.1267141,1043.538975,,,,0.020283856,
NEH1.2021,M7.G.P,M7.G.P,CV0,246,DAP,0.390201613,0.390244486,0.388082881,0.440060878,0.438131164,0.433974722,0.399037309,0.420216935,0.359364747,0.44009467,0.472274484,0.401768105,0.434230558,0.37901639,0.363477527,0.3863952,0.414538293,0.408985283,0.420565608,0.420303042,0.426966877,0.435374796,0.416278539,0.415677897,0.364036385,0.428291541,0.47096722,0.411189225,0.401383711,0.341318019,0.39929544,0.449535559,0.357325968,0.430078326,0.406736194,0.407426388,0.374180155,0.411053489,0.385127065,0.473581162,0.415184385,0.406884727,0.384395076,0.36621286,0.475438516,0.411298598,0.444416527,0.412367412,0.361389076,0.412500472,0.40993751,0.003409636,120.2291046,293.2864198,,,,0.031594249,
TXH1.2020,M7.G.P,M7.G.P,CV0,246,DAP,0.691613082,0.696221767,0.664219999,0.647287606,0.663221339,0.692392445,0.678110161,0.676515108,0.662685668,0.658400058,0.646065432,0.686207571,0.68530463,0.702439476,0.639782509,0.693194505,0.636532575,0.667708085,0.654153777,0.699989943,0.687928964,0.694804033,0.699029994,0.65673276,0.624194539,0.646757743,0.635482229,0.709766151,0.664670908,0.697286025,0.664734163,0.668700702,0.688264032,0.666323254,0.670331573,0.704943628,0.660045963,0.650779814,0.666849451,0.669563263,0.671538768,0.632318663,0.690716902,0.67978452,0.675710023,0.665597655,0.658621044,0.693969473,0.653126758,0.687604691,0.671564468,0.002250005,298.4724639,444.4435015,,,,0.021086744,
TXH1.2021,M7.G.P,M7.G.P,CV0,246,DAP,0.044038567,0.127368209,0.055897497,0.029655585,0.057181008,0.056784763,0.074569762,0.112443015,0.021242909,0.068256885,0.124593732,0.059789876,0.059304547,0.057453815,0.025770141,0.065972321,-0.002677079,0.039135197,0.085279575,0.133042283,0.107343919,0.090274627,0.048526731,0.068038162,0.010323849,0.046775771,0.083089509,0.071819382,0.049818853,0.089924729,0.097766949,0.078274846,0.063791711,0.052038389,0.029322005,0.051244455,-0.027412146,0.05901324,0.15861674,0.078809672,0.097642751,0.023484455,0.073397309,0.022398949,0.11675244,0.088045762,0.029163488,0.086198261,0.064849903,0.068835849,0.065465463,0.004080796,16.04232608,245.0502183,,,,0.035813763,
TXH2.2020,M7.G.P,M7.G.P,CV0,246,DAP,0.522285816,0.495875266,0.53029446,0.4236939,0.441678717,0.44226869,0.491966203,0.490874171,0.476816483,0.51439439,0.493995219,0.468568736,0.444675734,0.512666708,0.490870111,0.533345042,0.490894789,0.447929828,0.439369169,0.501239603,0.490373205,0.52161456,0.479054777,0.500905525,0.415969306,0.539651924,0.479761291,0.493655653,0.458781571,0.447663021,0.509248335,0.477417586,0.457541051,0.456214141,0.514106077,0.463945702,0.479646743,0.496468459,0.507078942,0.461683428,0.480973545,0.452578012,0.526760442,0.487610403,0.474205246,0.449873643,0.462919372,0.512024214,0.504433051,0.494784649,0.483012938,0.003142207,153.7177348,318.2476547,,,,0.029578724,
TXH2.2021,M7.G.P,M7.G.P,CV0,246,DAP,0.286173322,0.234159148,0.239776792,0.260221293,0.184680475,0.286892689,0.220278979,0.325611337,0.183271369,0.177407492,0.231046244,0.216605029,0.224511351,0.318521637,0.199447653,0.241294632,0.290179525,0.317955453,0.137096584,0.19962629,0.240275453,0.197722505,0.302366329,0.27931299,0.170437438,0.275113167,0.210428855,0.274883901,0.202742086,0.23829781,0.240260444,0.277141307,0.18162098,0.238127146,0.270410779,0.258175468,0.175322422,0.255578782,0.309469842,0.208298761,0.25908834,0.284336877,0.210379496,0.168622202,0.259838027,0.267684195,0.224175298,0.254993258,0.185748563,0.266899699,0.239250194,0.003863768,61.92147312,258.8147245,,,,0.044912161,
TXH3.2020,M7.G.P,M7.G.P,CV0,266,DAP,-0.071622975,-0.104010492,-0.098026506,-0.039027184,-0.041260817,-0.065631142,-0.036453628,-0.082712625,-0.119684803,-0.068662825,-0.053705377,-0.081413603,-0.07013981,-0.099048307,-0.061460163,-0.058270509,-0.058542743,-0.094701072,-0.125867717,-0.040040152,-0.028369261,-0.101857664,-0.10273572,-0.062569539,-0.06302854,-0.096941877,-0.081455723,-0.005853805,-0.094276221,-0.091468136,-0.087461669,-0.10612741,-0.082115933,-0.074346694,-0.00725018,-0.088399132,-0.104861044,-0.069923878,-0.055813695,-0.048006501,-0.041205763,-0.086671996,-0.052868719,-0.116385615,-0.068993986,-0.039963426,-0.11411772,-0.12533343,-0.02671941,-0.059614783,-0.073100398,0.003767638,-19.40218401,265.4183074,,,,0.029477925,
TXH3.2021,M7.G.P,M7.G.P,CV0,245,DAP,0.444828652,0.435816715,0.424079419,0.499446101,0.412839424,0.482651522,0.424263609,0.403439311,0.48607918,0.42629561,0.442449914,0.455217966,0.464508984,0.457496638,0.419472596,0.439471767,0.44887441,0.495844324,0.398859087,0.425915894,0.440859099,0.458025173,0.473434323,0.452392644,0.395819898,0.493841409,0.395528472,0.461571348,0.426895554,0.436385933,0.41258273,0.422289403,0.449505746,0.447853502,0.490705671,0.425654063,0.427968965,0.462579202,0.419872707,0.479599812,0.493185525,0.41563056,0.468559,0.398543486,0.438868679,0.462703217,0.441493709,0.409452046,0.444534426,0.463148072,0.44394671,0.003304162,134.3598577,302.6486168,,,,0.028506725,
WIH1.2020,M7.G.P,M7.G.P,CV0,394,DAP,0.473034269,0.495414477,0.47392726,0.485918936,0.48414581,0.501196557,0.458847476,0.512381387,0.494671686,0.431989188,0.492055755,0.454281064,0.491539871,0.477721501,0.495921218,0.481533473,0.438804576,0.501584328,0.43267099,0.549925563,0.488054954,0.46716463,0.518267622,0.492072464,0.446450367,0.479213108,0.489307594,0.456820611,0.488887416,0.496345339,0.482297577,0.527749841,0.499991392,0.452815726,0.450380309,0.48067339,0.475102312,0.513937925,0.483892448,0.458631321,0.457524999,0.453884615,0.53558218,0.444016994,0.515937249,0.541767723,0.465264778,0.456262664,0.485214537,0.463699136,0.481895532,0.001958614,246.0390496,510.5651187,,,,0.027401619,
WIH1.2021,M7.G.P,M7.G.P,CV0,398,DAP,0.361202683,0.373579379,0.423638694,0.406029268,0.382681463,0.371918594,0.394772943,0.381524818,0.365580287,0.423798038,0.364134629,0.41213873,0.428577325,0.39359965,0.339736906,0.439880799,0.429805106,0.303662967,0.368398145,0.403758192,0.421765801,0.376558864,0.380313394,0.397556848,0.364690736,0.368671065,0.41178193,0.354034191,0.36626458,0.434844424,0.38785542,0.434061299,0.385785017,0.368247263,0.365361,0.391785946,0.420178769,0.375214884,0.384437093,0.380519521,0.366961571,0.399616339,0.397540708,0.411620593,0.370621188,0.387701362,0.398733529,0.456334664,0.319718584,0.369655946,0.388337023,0.00214443,181.0910069,466.3243425,,,,0.03009046,
WIH2.2020,M7.G.P,M7.G.P,CV0,1127,DAP,0.201869277,0.163790989,0.150121085,0.223397814,0.212367739,0.182255324,0.200996252,0.198028846,0.165179387,0.202160393,0.183374826,0.191832429,0.203143942,0.195240107,0.171856596,0.185080678,0.182025822,0.219136728,0.189322549,0.177015062,0.16621744,0.17328201,0.205298331,0.216108629,0.185249106,0.202648887,0.1812064,0.18241767,0.173433628,0.204228093,0.191601863,0.1920681,0.180686123,0.203735267,0.178872311,0.209618207,0.193484032,0.177659634,0.198321082,0.170428815,0.18369535,0.189762432,0.193982625,0.19823501,0.179192318,0.224276041,0.217180738,0.147962507,0.188439981,0.168767318,0.189525116,0.00085696,221.159763,1166.91533,,,,0.017526296,
WIH2.2021,M7.G.P,M7.G.P,CV0,1137,DAP,0.408636712,0.376310584,0.402958494,0.383015729,0.434277087,0.391384392,0.409980537,0.401944505,0.391672488,0.412193333,0.412152439,0.392617283,0.422287962,0.39642221,0.387159216,0.428011632,0.403544313,0.414922676,0.381017112,0.381242273,0.437046708,0.386520761,0.413055408,0.375178264,0.391524728,0.403231428,0.425588633,0.381522572,0.394403355,0.3987702,0.394939193,0.443327491,0.369374976,0.383656253,0.411878739,0.409518184,0.402129124,0.405211024,0.399389792,0.38943916,0.395119535,0.44676786,0.381533096,0.390220019,0.394177714,0.38850221,0.398585498,0.422955149,0.393141848,0.400339781,0.401175994,0.000739258,542.6738667,1352.707728,,,,0.017709823,
WIH3.2020,M7.G.P,M7.G.P,CV0,415,DAP,0.254808479,0.262482041,0.179409071,0.217563416,0.290083731,0.251368435,0.282000938,0.249080005,0.190496094,0.236496915,0.249423954,0.286714263,0.259948334,0.196336316,0.221068155,0.259630648,0.176613993,0.199616319,0.283867939,0.292963898,0.279380386,0.279739747,0.234239892,0.247300588,0.168926696,0.230601302,0.253811277,0.232464424,0.21621569,0.276804526,0.254139376,0.25062858,0.241439646,0.287339831,0.173126518,0.255255109,0.246935082,0.265237305,0.188866172,0.252929296,0.166797585,0.245605947,0.25070898,0.237584994,0.286712497,0.22362702,0.286799871,0.27030669,0.206266803,0.226926287,0.241533821,0.002280052,105.9334776,438.5865176,,,,0.035299381,
WIH3.2021,M7.G.P,M7.G.P,CV0,397,DAP,0.570053453,0.558478471,0.573104073,0.570139741,0.60097975,0.544266083,0.561208558,0.606025759,0.574479475,0.587862207,0.587783082,0.580639792,0.595526804,0.517090443,0.58668321,0.636939738,0.53607961,0.52960244,0.567723471,0.598830585,0.585360625,0.581678025,0.57908524,0.553359392,0.568590592,0.601489217,0.597668486,0.543167083,0.581522982,0.548466348,0.612996917,0.588457077,0.56560962,0.550601203,0.54828411,0.608270788,0.58006107,0.559681182,0.550070979,0.579993668,0.533896179,0.578160235,0.586478086,0.571776867,0.586351531,0.568614983,0.588295512,0.549478921,0.54754884,0.614140066,0.573853051,0.001697956,337.9669461,588.9433633,,,,0.024390801,
DEH1.2020,M8.G.P,M8.G.P-Int,CV0,1142,AGDD,0.696848843,0.679556871,0.671383833,0.689181536,0.695343623,0.708791884,0.723020249,0.70500113,0.680664291,0.696782672,0.68649176,0.69751491,0.704555557,0.702122774,0.700034708,0.69698439,0.688594669,0.683430497,0.692938395,0.70484656,0.71148042,0.698342773,0.703435403,0.677018708,0.690852867,0.691832391,0.697863701,0.715165146,0.68060406,0.694523632,0.689038089,0.702611739,0.712497632,0.70831709,0.690316781,0.710421325,0.67856873,0.697544607,0.688180763,0.699965551,0.703692014,0.714904993,0.682428288,0.70111814,0.691101142,0.698654702,0.684124796,0.716842791,0.691321846,0.684845295,0.696234091,0.000451981,1540.406409,2212.483456,5450.087539,12811.46637,0.425407005,0.011505663,0.032771211
IAH4.2021,M8.G.P,M8.G.P-Int,CV0,1128,AGDD,0.451240037,0.425782874,0.437759762,0.449563298,0.504587806,0.453147802,0.436376784,0.444243755,0.441349544,0.483417129,0.415151907,0.460432011,0.450260919,0.431732687,0.437249673,0.455701869,0.475590106,0.468233836,0.429594905,0.440017629,0.439789124,0.423349035,0.457555647,0.454512842,0.43833775,0.425341503,0.450018634,0.473735627,0.422770242,0.464060322,0.414037017,0.429472559,0.458414979,0.479859184,0.41841626,0.457481864,0.409847457,0.488550751,0.471349184,0.464539422,0.436066801,0.436313886,0.46608605,0.47519846,0.452449075,0.439340253,0.471694739,0.43812736,0.452230107,0.449931773,0.449006245,0.000709053,633.2480161,1410.332314,,,,0.020746373,
MIH1.2020,M8.G.P,M8.G.P-Int,CV0,414,AGDD,0.368974123,0.365522293,0.366952114,0.336836643,0.401042973,0.341823151,0.367508001,0.35211831,0.379446964,0.387558669,0.348846807,0.356128699,0.388502218,0.373821975,0.391305826,0.345945845,0.345897762,0.364007675,0.351101867,0.384453768,0.305205096,0.347216458,0.350542502,0.401778999,0.355554487,0.37244716,0.408262111,0.409959307,0.331234697,0.374965483,0.34004661,0.37229408,0.382782858,0.371388592,0.385046579,0.405811493,0.330724001,0.382311561,0.410021414,0.347624503,0.391098218,0.389183989,0.321992116,0.417957611,0.30659764,0.305787622,0.388812404,0.37536758,0.324409388,0.365487258,0.36579415,0.002102414,173.987673,475.643673,,,,0.028307206,
MNH1.2020,M8.G.P,M8.G.P-Int,CV0,395,AGDD,0.484689322,0.435124826,0.476020586,0.512450866,0.419600915,0.489345682,0.472446611,0.546981636,0.482849087,0.365267929,0.464804005,0.465169155,0.510828772,0.46592161,0.436689109,0.510281153,0.402604094,0.451467267,0.444320582,0.509458994,0.488304058,0.476563523,0.489867428,0.420619654,0.443045143,0.496891405,0.537874695,0.384669269,0.472211573,0.512193031,0.439781662,0.458742711,0.526769961,0.451786796,0.448692378,0.518733355,0.426009751,0.444037071,0.467991901,0.50756183,0.433304451,0.418762904,0.569160977,0.480529748,0.423649972,0.490570621,0.423176001,0.524166275,0.446878195,0.444420081,0.468265772,0.001986583,235.7141604,503.3768734,,,,0.04219804,
MNH1.2021,M8.G.P,M8.G.P-Int,CV0,415,AGDD,0.511721378,0.444889939,0.438382781,0.394539162,0.537882359,0.401426942,0.49114388,0.500767442,0.490478417,0.460772343,0.425233591,0.513164215,0.499413915,0.45471988,0.445005313,0.465613958,0.436704057,0.474928871,0.478585387,0.493343378,0.475560032,0.516126134,0.48110912,0.439924995,0.443149348,0.48210673,0.432024373,0.51356987,0.449845654,0.464273163,0.475735258,0.495588799,0.456419879,0.501794567,0.402030423,0.466640037,0.355685454,0.48932328,0.505370756,0.468755958,0.495118135,0.444842996,0.490064645,0.466133658,0.466294841,0.47926413,0.454757613,0.487105027,0.50844139,0.467118376,0.468657837,0.001889491,248.0338925,529.2430275,,,,0.035102834,
MOH1.2020,M8.G.P,M8.G.P-Int,CV0,1006,AGDD,0.191449459,0.197102995,0.195834042,0.227367365,0.315413689,0.19941026,0.211698555,0.188974201,0.283511627,0.250958918,0.222092684,0.239855757,0.218975602,0.215677942,0.209941526,0.169212703,0.273188884,0.184561004,0.235123149,0.235940207,0.186109544,0.200225003,0.171804399,0.243010463,0.171854187,0.227704671,0.181854618,0.218174396,0.20552964,0.231368574,0.191659881,0.197105539,0.258184783,0.183851896,0.134086316,0.270857172,0.151049879,0.191223323,0.218602475,0.240075584,0.210621258,0.194453616,0.240482301,0.254376339,0.240498088,0.144120631,0.207731867,0.225380002,0.196333502,0.240219948,0.213896809,0.000950446,225.0487941,1052.137219,,,,0.035460415,
NEH1.2021,M8.G.P,M8.G.P-Int,CV0,246,AGDD,0.391880157,0.457630777,0.40996206,0.41903217,0.442440699,0.383359019,0.41998075,0.394946692,0.431858038,0.506221603,0.373819281,0.422824381,0.393383223,0.489040072,0.418099824,0.456018204,0.47498751,0.416612634,0.359367041,0.424007879,0.421637488,0.448428545,0.414337216,0.439588761,0.371689276,0.43002253,0.367616357,0.435659103,0.450541624,0.424855709,0.434605794,0.383796187,0.444800112,0.428778273,0.376867784,0.437717388,0.342536942,0.420619112,0.415672397,0.46994519,0.394027289,0.384243288,0.448835705,0.449203155,0.438185296,0.437442932,0.438166206,0.445113947,0.381006435,0.429992012,0.421828081,0.003369103,125.204873,296.8149314,,,,0.033563457,
TXH1.2020,M8.G.P,M8.G.P-Int,CV0,246,AGDD,0.59949207,0.659571943,0.639012542,0.568086561,0.645931204,0.588799203,0.59716351,0.67602283,0.63947021,0.589143293,0.599696678,0.61216147,0.598062721,0.620156969,0.648110325,0.555782465,0.646841998,0.606810104,0.646990078,0.626572638,0.639464901,0.617523991,0.628891729,0.623187859,0.575118998,0.637017809,0.620829115,0.60893805,0.66466506,0.618900009,0.586350504,0.663169438,0.660747135,0.62687771,0.499885631,0.636167983,0.584216529,0.582795815,0.677758089,0.611033669,0.627090241,0.561709992,0.633798104,0.640447026,0.609873508,0.624885923,0.590249159,0.621489313,0.650106438,0.618725582,0.618115882,0.002532511,244.0723103,394.8649715,,,,0.033620589,
TXH1.2021,M8.G.P,M8.G.P-Int,CV0,246,AGDD,0.131205083,0.107530908,0.088316879,0.067707386,0.156424086,0.033174828,0.132852665,0.110832386,0.128954138,0.129181946,0.035421857,0.147920969,0.158796641,0.099906555,0.105146209,0.027271761,0.100256437,0.156893984,0.151557173,0.101541081,0.135162017,0.138152831,0.161207336,0.14215906,-0.034560386,0.082067928,0.066898719,0.160762666,0.076933361,0.156875606,0.107117131,0.130423089,0.083250374,0.146213508,0.095076139,0.125017511,0.057839907,0.101051195,0.125676917,0.130343447,0.082622435,0.154703011,0.108275218,0.11534402,0.09014178,0.082225469,0.099872495,0.117118282,0.162140245,0.090978897,0.109239664,0.004049454,26.97639545,246.9468924,,,,0.040522406,
TXH2.2020,M8.G.P,M8.G.P-Int,CV0,246,AGDD,0.54051193,0.450229538,0.453941022,0.354497609,0.414638642,0.401407901,0.442825725,0.45534496,0.483509649,0.43135239,0.366251319,0.451504521,0.43923848,0.423626417,0.497254203,0.367181972,0.434209411,0.494166289,0.463636227,0.462836477,0.451598861,0.468104908,0.463423009,0.498680246,0.338159936,0.434257129,0.402084588,0.535880643,0.416042179,0.453738791,0.479556753,0.446334221,0.447034125,0.462531306,0.432197601,0.427931665,0.387937227,0.475275171,0.487890761,0.435165514,0.416421886,0.356760774,0.533558608,0.424111849,0.446016906,0.465512266,0.483815065,0.408336937,0.464639693,0.339337691,0.44221002,0.003296927,134.1279195,303.3127099,,,,0.04661486,
TXH2.2021,M8.G.P,M8.G.P-Int,CV0,246,AGDD,0.300253374,0.294819909,0.253567049,0.198975439,0.284214551,0.218935511,0.262376507,0.293518903,0.331281594,0.215520184,0.222430267,0.217052731,0.270457481,0.267317795,0.346040002,0.255594521,0.19400501,0.291145447,0.323948995,0.249463217,0.250540927,0.300370023,0.255663906,0.28401731,0.23486525,0.254971468,0.20361909,0.331038262,0.233026003,0.304470173,0.242253312,0.298897615,0.336139339,0.209949866,0.237469079,0.32177178,0.197126652,0.275677496,0.278981122,0.23805832,0.232182175,0.172295424,0.259921249,0.372505788,0.27352543,0.294907901,0.2532942,0.311569113,0.287706729,0.184526626,0.264445202,0.003811757,69.37619442,262.3462018,,,,0.045519266,
TXH3.2020,M8.G.P,M8.G.P-Int,CV0,266,AGDD,-0.086338952,-0.130815443,-0.075325743,-0.077988229,-0.108604153,-0.037779309,-0.155421694,-0.102955347,-0.077489213,-0.071932751,-0.059762705,-0.136994043,-0.094459783,-0.052494635,-0.108112306,-0.113847108,-0.078550919,-0.084094304,-0.103560841,-0.07617498,-0.118973293,-0.1035305,-0.085783912,-0.088574511,-0.05899257,-0.115782972,-0.057419981,-0.092480491,-0.079860362,-0.114219318,-0.094488561,-0.125023377,-0.120079302,-0.062470405,-0.080743529,-0.092951291,-0.093949272,-0.092804325,-0.094065292,-0.094284836,0.0006223,-0.117567921,-0.114266095,-0.121806094,-0.093567596,-0.122702205,-0.147209958,-0.068558667,-0.051252837,-0.062781138,-0.091965415,0.003755842,-24.48596307,266.2518618,,,,0.028910257,
TXH3.2021,M8.G.P,M8.G.P-Int,CV0,245,AGDD,0.38081501,0.421785009,0.318157047,0.475017921,0.428267234,0.419265273,0.328251877,0.398540421,0.400297398,0.467819516,0.322234062,0.387511565,0.440472141,0.414910761,0.434494602,0.445449202,0.385985189,0.423186536,0.393336707,0.446098176,0.422735511,0.434341986,0.342284849,0.462041551,0.332181126,0.347328027,0.409748502,0.436154813,0.423648401,0.434743853,0.390200605,0.452201003,0.42168813,0.46817505,0.399478401,0.383720933,0.269050059,0.442663414,0.439869519,0.435268764,0.431892931,0.432264091,0.437388082,0.424657625,0.460344704,0.35066371,0.429150859,0.402947694,0.413694224,0.433931406,0.409927109,0.003423703,119.7320974,292.0814326,,,,0.044065208,
WIH1.2020,M8.G.P,M8.G.P-Int,CV0,394,AGDD,0.557687834,0.515737218,0.531073787,0.538510629,0.531140416,0.524741892,0.527725903,0.529420952,0.565746718,0.518794469,0.513208345,0.52253115,0.543933439,0.558033549,0.528356561,0.542394281,0.424938738,0.540024591,0.589552228,0.542583309,0.561950996,0.515776,0.537795116,0.556431648,0.48023769,0.52893693,0.464758223,0.500370454,0.609328733,0.576772833,0.526026075,0.569681018,0.548218914,0.503438975,0.533009162,0.508752942,0.529135713,0.537003619,0.517715669,0.567255385,0.551799393,0.473729366,0.578966861,0.5343795,0.531604537,0.531432191,0.564221418,0.527109519,0.559595938,0.508516771,0.533601752,0.001824666,292.4380016,548.04543,,,,0.031778011,
WIH1.2021,M8.G.P,M8.G.P-Int,CV0,398,AGDD,0.38606095,0.406253401,0.351146694,0.373233626,0.374949681,0.346879854,0.39563163,0.37123827,0.3631593,0.422870875,0.34874705,0.394538074,0.326433,0.313377269,0.402864427,0.384961204,0.403903475,0.352557351,0.337034036,0.334885244,0.385191221,0.38796514,0.400945931,0.335129628,0.328547799,0.38129914,0.354214641,0.354008814,0.367587356,0.362350568,0.358339202,0.410364701,0.334801083,0.38469778,0.35232674,0.359984958,0.360198871,0.409090253,0.397242221,0.327910577,0.335232435,0.390281361,0.338212105,0.359064774,0.423194217,0.40603477,0.440122,0.355113271,0.36833879,0.300311505,0.369176545,0.002181083,169.2629883,458.4879252,,,,0.030966934,
WIH2.2020,M8.G.P,M8.G.P-Int,CV0,1127,AGDD,0.151272346,0.213577018,0.192264712,0.191364156,0.208146478,0.196548342,0.175714884,0.211613875,0.225288871,0.172112335,0.203276416,0.187183143,0.216514781,0.20868913,0.192933862,0.12815366,0.182729021,0.214099953,0.183524439,0.20752565,0.209191887,0.215682057,0.178921482,0.198023133,0.169667094,0.166188839,0.209884877,0.23022422,0.176841188,0.216119338,0.213429626,0.220387054,0.167259255,0.210437409,0.15263974,0.179781804,0.14271899,0.193950998,0.20610168,0.229409908,0.173857023,0.173531323,0.176389562,0.230692081,0.211052298,0.160954182,0.196349341,0.26824427,0.202145006,0.205683116,0.194965837,0.000855101,228.0033568,1169.452865,,,,0.025849633,
WIH2.2021,M8.G.P,M8.G.P-Int,CV0,1137,AGDD,0.413165936,0.394469436,0.431428721,0.400890258,0.425287499,0.422697671,0.413998976,0.406046358,0.379910708,0.409879102,0.397781121,0.441912758,0.391203768,0.434740607,0.401647441,0.384545166,0.399291084,0.418251061,0.408402951,0.426269234,0.415964432,0.425468929,0.415825528,0.413798472,0.388765948,0.38175584,0.446616644,0.429564832,0.440077098,0.422921152,0.367556095,0.456032723,0.417360516,0.362903705,0.460510115,0.427199403,0.352081185,0.405040888,0.41129276,0.436308815,0.435821348,0.395431615,0.412902878,0.391410486,0.408638594,0.330359741,0.420325634,0.425339651,0.369048617,0.436858062,0.410100031,0.000732879,559.5737954,1364.481231,,,,0.026038902,
WIH3.2020,M8.G.P,M8.G.P-Int,CV0,415,AGDD,0.275147597,0.273839213,0.277595779,0.275532904,0.298867927,0.252507929,0.292964462,0.303887182,0.284141556,0.257178814,0.25055202,0.295094786,0.279419858,0.294818585,0.236701586,0.304718733,0.198025634,0.326363946,0.313607152,0.247383599,0.306703315,0.277930423,0.309546262,0.237996912,0.243295549,0.324681703,0.220894337,0.235362143,0.341500276,0.254547911,0.343614206,0.23282473,0.297623105,0.24846097,0.284979852,0.273630574,0.254938119,0.296863744,0.295347038,0.308809748,0.317745511,0.199227035,0.306052492,0.258139015,0.305969511,0.300547945,0.257022698,0.281044239,0.330521793,0.266230357,0.279008015,0.00223282,124.9577017,447.8642004,,,,0.03410625,
WIH3.2021,M8.G.P,M8.G.P-Int,CV0,397,AGDD,0.578213734,0.511804862,0.549573083,0.52947443,0.599081055,0.570301604,0.52501241,0.627379507,0.580652447,0.526511376,0.520792363,0.581742678,0.591224756,0.586880033,0.566134318,0.607857981,0.520376914,0.537856769,0.568271984,0.575339254,0.56176296,0.542597156,0.588917138,0.584001002,0.547166125,0.587137606,0.531143692,0.551718699,0.5523085,0.573548485,0.557930424,0.54872136,0.59733748,0.531175224,0.548157477,0.60438531,0.50303542,0.571520643,0.552899782,0.578833286,0.559716805,0.572880428,0.571124809,0.597127641,0.53054321,0.568611835,0.58056662,0.571299937,0.558648318,0.517825356,0.561942486,0.001732204,324.4089231,577.2991566,,,,0.027776698,
DEH1.2020,M8.G.P,M8.G.P-Int,CV0,1142,DAP,0.713628509,0.690884909,0.696243731,0.697195492,0.701751623,0.702625163,0.697381241,0.713994656,0.703507415,0.694295941,0.701085175,0.702846888,0.6908636,0.708542839,0.697145605,0.718220904,0.706188076,0.723632166,0.675864788,0.700859415,0.689654695,0.721013742,0.72897894,0.698122609,0.69988252,0.702945404,0.703356464,0.713981001,0.704837915,0.687923776,0.713403779,0.73258486,0.663607973,0.684667226,0.732995147,0.694301982,0.702258921,0.729128211,0.6996554,0.709974643,0.725923856,0.700830411,0.692488406,0.692989361,0.70399521,0.688576422,0.719472096,0.701553539,0.705476843,0.695301961,0.703532829,0.000443019,1588.042432,2257.239985,5584.975011,12938.7161,0.431648316,0.014011924,0.029359752
IAH4.2021,M8.G.P,M8.G.P-Int,CV0,1128,DAP,0.472603335,0.473554902,0.49509091,0.480073343,0.481167464,0.473421356,0.461605091,0.505544143,0.48659052,0.507690573,0.50560087,0.524036152,0.452651911,0.496382663,0.499860869,0.478710016,0.506642539,0.51729249,0.482797977,0.469024574,0.509965265,0.469620612,0.499009492,0.485345609,0.484566991,0.483662222,0.473887281,0.499717477,0.499855385,0.501591895,0.483943735,0.489175313,0.489882158,0.472320153,0.476200981,0.479987813,0.469978837,0.516821672,0.493917153,0.502438446,0.53056542,0.483700566,0.496742758,0.478065438,0.472755304,0.519399218,0.52052766,0.462199435,0.495334936,0.481800902,0.489866437,0.000674983,725.7463165,1481.518762,,,,0.017691277,
MIH1.2020,M8.G.P,M8.G.P-Int,CV0,414,DAP,0.409336531,0.446412642,0.350400159,0.426057724,0.376997608,0.392162115,0.40098329,0.481919866,0.416037274,0.372909116,0.393208846,0.452450425,0.361965087,0.418746977,0.392754819,0.396943557,0.407779066,0.415601759,0.413982636,0.377559508,0.431386403,0.423986791,0.411364243,0.43204085,0.325448545,0.367208696,0.42321515,0.373954024,0.426999511,0.415175135,0.413914518,0.446389983,0.357851344,0.43719631,0.381912208,0.395261997,0.428944889,0.381700401,0.429765055,0.430593546,0.409712706,0.365030662,0.378453684,0.416678208,0.424770782,0.408734507,0.460593357,0.389464754,0.369940547,0.43945211,0.406026998,0.002027044,200.3049877,493.3292329,,,,0.030933059,
MNH1.2020,M8.G.P,M8.G.P-Int,CV0,395,DAP,0.490281693,0.499384621,0.503429506,0.482481282,0.507499996,0.485212829,0.49997156,0.512723124,0.510492218,0.451028442,0.542703267,0.509056038,0.51161039,0.408398015,0.503575625,0.540191004,0.397316927,0.502313981,0.51394962,0.509573089,0.528241334,0.504218061,0.505124296,0.470007072,0.516368625,0.519427285,0.501703573,0.443888008,0.547800693,0.483765678,0.505822844,0.475588221,0.502410584,0.55344395,0.488041073,0.536362423,0.49873389,0.478047042,0.446276612,0.545274692,0.404493299,0.488903151,0.509560793,0.518447222,0.536921184,0.480529191,0.498460248,0.534850349,0.465292784,0.513945554,0.497662859,0.00191433,259.9671251,522.3759828,,,,0.03454606,
MNH1.2021,M8.G.P,M8.G.P-Int,CV0,415,DAP,0.4704279,0.533563732,0.463008092,0.537783782,0.433125227,0.514845788,0.480412318,0.480412744,0.456572688,0.537351624,0.498918582,0.507093361,0.506262534,0.450719391,0.488893786,0.499615085,0.527442408,0.487767458,0.451736062,0.490509425,0.483888357,0.521230928,0.488445324,0.475351629,0.488150781,0.500731505,0.496187157,0.50227319,0.437275595,0.472534766,0.540080765,0.486788371,0.485272463,0.460593466,0.451164412,0.496213895,0.41506318,0.485424205,0.484662173,0.537570541,0.493616936,0.52332284,0.517996564,0.433880428,0.477868738,0.481008297,0.535768691,0.458007509,0.424130046,0.538997316,0.488199241,0.001844217,264.7190206,542.235625,,,,0.032044329,
MOH1.2020,M8.G.P,M8.G.P-Int,CV0,1006,DAP,0.159012995,0.214159047,0.158396578,0.202987583,0.186512387,0.15323218,0.201717016,0.18957877,0.179516291,0.174898127,0.196871153,0.180053069,0.208910378,0.196383721,0.161924564,0.164919115,0.153837145,0.229272053,0.222555502,0.154945468,0.23359648,0.187709839,0.215799611,0.219091425,0.133886147,0.1596371,0.183759112,0.187004,0.190562021,0.191162966,0.161155205,0.21391141,0.193751239,0.200991914,0.199621832,0.178839042,0.14522118,0.208418709,0.16279889,0.172555559,0.170112166,0.175689419,0.182806372,0.155128011,0.22524468,0.217763216,0.182635889,0.20876414,0.167260127,0.155269453,0.185396606,0.000961781,192.7638525,1039.737764,,,,0.02444694,
NEH1.2021,M8.G.P,M8.G.P-Int,CV0,246,DAP,0.313971951,0.335529615,0.285458491,0.354564375,0.35384896,0.361396782,0.313999464,0.358362407,0.275460028,0.364563196,0.385062752,0.339063857,0.348074099,0.289161534,0.271153248,0.312104331,0.348384399,0.319520733,0.353076444,0.337698046,0.354355486,0.339611699,0.348260171,0.346288619,0.249257318,0.33079832,0.387278551,0.327652864,0.337535647,0.292205431,0.301899704,0.360234948,0.296416714,0.335240311,0.326856789,0.338135553,0.303922881,0.33069623,0.299760046,0.395934246,0.334393269,0.329587355,0.288638649,0.281789052,0.368245139,0.319375483,0.362578093,0.339599179,0.26436071,0.315809597,0.328543455,0.00365598,89.86466738,273.5244483,,,,0.032648727,
TXH1.2020,M8.G.P,M8.G.P-Int,CV0,246,DAP,0.642345641,0.661350031,0.61065856,0.589474068,0.611452869,0.64944549,0.618706122,0.641584768,0.600387849,0.604119063,0.616365168,0.625247967,0.595557042,0.671087299,0.583193695,0.650989739,0.595553238,0.638284129,0.58864598,0.676047244,0.637196631,0.665891772,0.646114533,0.612015192,0.546810547,0.591902723,0.587603635,0.682768921,0.622227774,0.655742568,0.639117903,0.639144197,0.644470383,0.619334972,0.627675936,0.672520886,0.607558853,0.61546767,0.63003926,0.623338551,0.633805686,0.574743764,0.676894641,0.617763961,0.639636647,0.625535025,0.615146984,0.651692812,0.607480383,0.62602393,0.626123254,0.002491679,251.2856831,401.3358096,,,,0.028974655,
TXH1.2021,M8.G.P,M8.G.P-Int,CV0,246,DAP,0.041750382,0.107300217,0.047892194,0.017946835,0.042799369,0.043003377,0.075373497,0.095351683,0.017250191,0.043496607,0.100256001,0.039466587,0.055667619,0.051354374,0.009454934,0.06669017,-0.016074478,0.034744579,0.053776288,0.107071385,0.086129643,0.084012842,0.032991895,0.038901348,-0.015436382,0.043661164,0.052319466,0.062574456,0.024736018,0.08543073,0.070669762,0.061216501,0.051975667,0.040125939,0.026250424,0.041339833,-0.021232799,0.04116115,0.135224935,0.05405428,0.082185679,0.013113592,0.080274873,0.007524781,0.085632754,0.066412225,0.034239166,0.06260987,0.048626993,0.038394766,0.050993868,0.004087703,12.47494323,244.6361456,,,,0.032227723,
TXH2.2020,M8.G.P,M8.G.P-Int,CV0,246,DAP,0.515327668,0.461935914,0.483959689,0.388170728,0.385071289,0.432769496,0.437620799,0.470713978,0.418783679,0.467526842,0.451149978,0.423676301,0.394356193,0.49778122,0.43836072,0.483439611,0.461843147,0.440153441,0.372161554,0.456736749,0.447058079,0.497765222,0.462763183,0.472698456,0.31314132,0.498628964,0.424743646,0.472004497,0.416772929,0.404862253,0.450695833,0.440907295,0.399831897,0.407440054,0.497326398,0.444213531,0.408766923,0.476022508,0.478445863,0.404383033,0.450082337,0.41335942,0.495654395,0.42273365,0.449067205,0.42796459,0.435817797,0.467678235,0.4466114,0.447150884,0.443122616,0.003293616,134.5398468,303.6176488,,,,0.038474888,
TXH2.2021,M8.G.P,M8.G.P-Int,CV0,246,DAP,0.323006521,0.2494917,0.248534932,0.25646529,0.179651929,0.293510084,0.250150399,0.342029755,0.221802505,0.181173575,0.24838365,0.217721053,0.22086163,0.294195172,0.215611545,0.231999638,0.266868409,0.327405946,0.142919178,0.214146494,0.223490201,0.191059731,0.34229872,0.310924498,0.086188552,0.286903988,0.231668066,0.289851244,0.221800985,0.259818129,0.23468763,0.281507904,0.142975473,0.215775097,0.28412922,0.259501064,0.201060817,0.276410906,0.321194402,0.231773163,0.245974029,0.317730442,0.204815021,0.184462817,0.288452818,0.294118777,0.257549376,0.283319806,0.214176832,0.248298397,0.24715695,0.003848006,64.22987803,259.8748608,,,,0.053075746,
TXH3.2020,M8.G.P,M8.G.P-Int,CV0,266,DAP,-0.082972594,-0.115962946,-0.107440285,-0.043499061,-0.040964942,-0.080820485,-0.041273951,-0.107822451,-0.135658475,-0.068730176,-0.068387575,-0.078658637,-0.083469036,-0.096559573,-0.091163035,-0.06304217,-0.061753691,-0.106749366,-0.132154619,-0.060907469,-0.02938766,-0.118569214,-0.095381062,-0.074757009,-0.096578475,-0.103201702,-0.093289883,-0.013210966,-0.097124103,-0.101013194,-0.110468429,-0.114160194,-0.085742134,-0.078398832,0.002821336,-0.083081753,-0.121466334,-0.078814899,-0.078845662,-0.057694606,-0.04808833,-0.092253926,-0.065571157,-0.112278099,-0.091784507,-0.057091258,-0.140280232,-0.119949909,-0.049551781,-0.059386829,-0.082651827,0.003762003,-21.97016764,265.8158745,,,,0.030775369,
TXH3.2021,M8.G.P,M8.G.P-Int,CV0,245,DAP,0.412482732,0.412288086,0.401326824,0.462582511,0.40216677,0.478800895,0.406778477,0.376256235,0.461988138,0.425563126,0.416458416,0.422078544,0.434670358,0.414893866,0.398546691,0.412026635,0.430744766,0.453465215,0.388527008,0.404779663,0.407520334,0.450039426,0.455146908,0.456387755,0.391878189,0.449032209,0.356604639,0.444470181,0.39171843,0.418873183,0.397253224,0.394824154,0.424561537,0.426690195,0.476358472,0.40169285,0.418957073,0.450521748,0.410207101,0.445665392,0.455843817,0.400027506,0.427399688,0.363186323,0.433988203,0.416156282,0.413744831,0.393563861,0.421830457,0.423638834,0.420684155,0.003386934,124.2079759,295.2523274,,,,0.027168701,
WIH1.2020,M8.G.P,M8.G.P-Int,CV0,394,DAP,0.486882493,0.486185978,0.470213818,0.472947935,0.471433894,0.492037448,0.454070236,0.510672635,0.507526061,0.424451393,0.482158102,0.453824061,0.464194008,0.49937654,0.502806511,0.487398987,0.448426195,0.5083791,0.425303896,0.535417142,0.49473804,0.446374077,0.52355056,0.494702691,0.44122887,0.477815266,0.480359079,0.476998254,0.487402114,0.494022254,0.486878763,0.521726051,0.490762242,0.460559921,0.454906101,0.476680616,0.462838365,0.512688573,0.489991141,0.464411266,0.449627274,0.466907124,0.535967467,0.445429527,0.523106973,0.515784972,0.46867286,0.472581509,0.496850851,0.449625197,0.480937889,0.001960966,245.2555737,509.9526978,,,,0.02688791,
WIH1.2021,M8.G.P,M8.G.P-Int,CV0,398,DAP,0.381365433,0.418785913,0.479067319,0.442026341,0.419478402,0.407943043,0.420490902,0.408850802,0.383523357,0.461520639,0.394403244,0.462204292,0.436321213,0.415094567,0.369402816,0.490510835,0.467926337,0.320614089,0.41156066,0.434011806,0.457149044,0.410061072,0.396946018,0.435432566,0.391030385,0.405689912,0.439766919,0.360899762,0.412820931,0.476169857,0.422652375,0.485652795,0.413759655,0.408648744,0.378217741,0.438912616,0.437636918,0.406945308,0.419639338,0.414470228,0.39873575,0.433242061,0.422780567,0.445217229,0.393223822,0.422220182,0.423756907,0.489316684,0.353461214,0.403649206,0.420464156,0.002078813,202.2616677,481.0437815,,,,0.035130377,
WIH2.2020,M8.G.P,M8.G.P-Int,CV0,1127,DAP,0.217047125,0.15981998,0.18274383,0.220987,0.233648771,0.181748358,0.219159505,0.201293003,0.171948472,0.205366037,0.201923239,0.206297476,0.221913461,0.194779715,0.227148636,0.236777341,0.181083508,0.24499361,0.193486047,0.180382029,0.20117665,0.179300875,0.233302821,0.202233699,0.1537276,0.210314974,0.211489525,0.205175886,0.200425185,0.198918594,0.18612497,0.212622512,0.193864938,0.193629047,0.189763961,0.217674816,0.187768132,0.16846601,0.205451779,0.163944468,0.197649748,0.188219691,0.196744768,0.217505231,0.187272843,0.22906869,0.243387234,0.178902484,0.19939162,0.179602422,0.200313366,0.000853222,234.7729043,1172.028151,,,,0.02129626,
WIH2.2021,M8.G.P,M8.G.P-Int,CV0,1137,DAP,0.422963671,0.388423101,0.397114957,0.390789421,0.418397927,0.400138936,0.384301788,0.416395002,0.39412078,0.410420114,0.400952253,0.412241384,0.441193136,0.394676302,0.3976241,0.415675324,0.384083043,0.439710971,0.396526766,0.375577681,0.456809245,0.393301833,0.402065151,0.389758345,0.392180988,0.388161245,0.439038038,0.378524441,0.408231814,0.389790905,0.391028771,0.444316029,0.367382943,0.384774874,0.41722932,0.414112361,0.405715691,0.410073014,0.404224463,0.3948521,0.379814018,0.453105268,0.392206072,0.402087764,0.398671278,0.401894257,0.392191357,0.429007148,0.399688889,0.41007081,0.404232702,0.000737089,548.4178252,1356.688419,,,,0.019937705,
WIH3.2020,M8.G.P,M8.G.P-Int,CV0,415,DAP,0.29273515,0.304974093,0.244661687,0.291901224,0.363181735,0.283161036,0.331682474,0.303698547,0.254707425,0.292274541,0.292668149,0.316674834,0.305063932,0.230233133,0.304783411,0.294541175,0.23436616,0.262481302,0.333603442,0.314555061,0.311459279,0.322690084,0.256097003,0.297528742,0.25914506,0.291513139,0.301063704,0.278774386,0.318814165,0.308257416,0.310283135,0.298085953,0.330069299,0.317168631,0.214966476,0.292043208,0.331316739,0.297353275,0.262983246,0.316952701,0.232973498,0.299271804,0.313923693,0.27939084,0.345007388,0.274386653,0.353635425,0.343587439,0.244335429,0.276058841,0.294621703,0.002211133,133.2446595,452.2567685,,,,0.033252707,
WIH3.2021,M8.G.P,M8.G.P-Int,CV0,397,DAP,0.563466745,0.561480472,0.570032447,0.557911874,0.599320609,0.548114461,0.565112141,0.594598464,0.569417571,0.585124569,0.578715563,0.574536211,0.592916184,0.52024957,0.580170228,0.628095212,0.547351308,0.524909554,0.578604953,0.60811137,0.581832757,0.580373182,0.560584859,0.548403022,0.56314595,0.59896993,0.587062506,0.539414581,0.587098544,0.530718369,0.61026758,0.580426012,0.562443124,0.557696042,0.542117541,0.612042164,0.577477697,0.55261661,0.557813923,0.575528238,0.534496041,0.562417405,0.597230705,0.554397903,0.597704237,0.573683924,0.590025972,0.54233162,0.545552311,0.606078204,0.571163809,0.001705752,334.8458188,586.2518134,,,,0.024310923,
DEH1.2020,M9.G.P,M9.G.P.W,CV0,1142,AGDD,0.629359377,0.637605938,0.635041417,0.641501659,0.63909598,0.631802323,0.633058114,0.639544678,0.632297562,0.64585108,0.608849736,0.634203785,0.654515615,0.636707484,0.646749155,0.62818359,0.626566015,0.636460695,0.644997377,0.638374429,0.631274292,0.624622623,0.622239424,0.649216105,0.653101867,0.619067432,0.631547213,0.658477343,0.635822917,0.638781658,0.612933682,0.641572443,0.636054796,0.653010353,0.636022644,0.632723583,0.619515983,0.649069704,0.636381733,0.641628279,0.643691149,0.654010623,0.602480613,0.644616508,0.636319056,0.639273098,0.633973888,0.65840077,0.612194801,0.631293145,0.636001675,0.00052237,1217.530869,1914.351672,5420.387953,12683.92607,0.427343074,0.012226963,0.028432265
IAH4.2021,M9.G.P,M9.G.P.W,CV0,1128,AGDD,0.4263277,0.406509821,0.428194474,0.423818349,0.479202706,0.427132529,0.432295763,0.435696964,0.408874774,0.460708152,0.403547537,0.452260284,0.431323686,0.429412024,0.446996574,0.433005728,0.455091705,0.431720063,0.419607944,0.423666435,0.423118189,0.422082933,0.435919674,0.447534362,0.431450754,0.411945054,0.432509491,0.451640848,0.435986324,0.431332963,0.397541488,0.43572438,0.449198344,0.459252987,0.414857884,0.4398999,0.373726337,0.454774279,0.438753847,0.44394682,0.43811731,0.436318907,0.437309381,0.434451533,0.41296791,0.41826637,0.443652355,0.428056521,0.42395196,0.443401923,0.432061685,0.000722311,598.1653491,1384.444329,,,,0.017798118,
MIH1.2020,M9.G.P,M9.G.P.W,CV0,414,AGDD,0.449512232,0.449240853,0.462238599,0.433105312,0.482279758,0.448080689,0.453841402,0.457735884,0.479842489,0.443523374,0.444690015,0.462475784,0.45124118,0.423792867,0.494770726,0.499121491,0.470094402,0.431687925,0.413667561,0.459282986,0.444661869,0.448002225,0.4419458,0.455415035,0.484515462,0.46301927,0.476227175,0.462245508,0.387262947,0.474453977,0.44427215,0.453303736,0.458687192,0.434106905,0.484212167,0.47830958,0.458601914,0.426186483,0.489474198,0.424692647,0.436960595,0.489388539,0.450664275,0.475867462,0.416693084,0.440018292,0.477193287,0.449762041,0.420294104,0.482515832,0.454783586,0.001925174,236.2298003,519.4334356,,,,0.023517915,
MNH1.2020,M9.G.P,M9.G.P.W,CV0,395,AGDD,0.49948561,0.434504718,0.495368862,0.509462813,0.431960968,0.497039798,0.45655228,0.540386012,0.475120534,0.386637143,0.470473426,0.477798755,0.500397759,0.488086756,0.420368061,0.505401787,0.410613639,0.470226028,0.433437509,0.536553061,0.495282906,0.483390204,0.507995429,0.439446014,0.445358955,0.4969183,0.508751262,0.385433196,0.471015,0.493571766,0.443025284,0.455806886,0.548672006,0.461389623,0.457894691,0.506254415,0.442619899,0.449203972,0.461062835,0.506417653,0.446781017,0.422352844,0.583313548,0.48951021,0.442584466,0.515657345,0.426395792,0.525660749,0.465092097,0.425610504,0.472846888,0.001975613,239.3418859,506.1720658,,,,0.041249523,
MNH1.2021,M9.G.P,M9.G.P.W,CV0,415,AGDD,0.561810194,0.514148973,0.473679792,0.451937855,0.574909221,0.477814891,0.528483302,0.542428312,0.537249126,0.490120602,0.47148266,0.566218107,0.54813041,0.490752381,0.500921142,0.498336556,0.470706372,0.515681634,0.529265798,0.556664123,0.527762108,0.545244954,0.527992326,0.49030946,0.481291434,0.520430194,0.49324847,0.553261541,0.478878442,0.536984085,0.557764712,0.535263156,0.508303245,0.532278287,0.4524214,0.510852676,0.447007472,0.532169515,0.559555815,0.515050634,0.531546539,0.500984607,0.536064535,0.505311571,0.514562132,0.508159991,0.502977059,0.513188274,0.534753622,0.516326738,0.515413729,0.001778084,289.8702939,562.4031291,,,,0.031045864,
MOH1.2020,M9.G.P,M9.G.P.W,CV0,1006,AGDD,0.311396888,0.317655305,0.323009452,0.357367256,0.380585941,0.331115432,0.324814105,0.326833614,0.378367098,0.337269172,0.346978628,0.336899584,0.33672326,0.339105785,0.328686742,0.343055287,0.365483237,0.32859984,0.31560619,0.342230174,0.330618863,0.346616337,0.326674432,0.357744329,0.330941599,0.357539933,0.328992709,0.335358592,0.328206534,0.340042263,0.332741744,0.322833376,0.37699401,0.337358669,0.319720412,0.368557957,0.276670153,0.336340408,0.364713326,0.337124212,0.355750728,0.320656158,0.333290094,0.335197661,0.350818197,0.326531003,0.33665482,0.357210074,0.354082636,0.315946668,0.338274218,0.000882042,383.5124295,1133.732367,,,,0.019121824,
NEH1.2021,M9.G.P,M9.G.P.W,CV0,246,AGDD,0.428583253,0.481174953,0.435618089,0.452141959,0.459850569,0.407224181,0.457388798,0.430367936,0.456892519,0.491087826,0.426100104,0.439719903,0.423373735,0.510845939,0.439266761,0.477687998,0.492224242,0.436066437,0.386290031,0.454355152,0.445198245,0.462235706,0.446776737,0.469570542,0.422614553,0.448730449,0.428809749,0.446182206,0.478020598,0.445437948,0.480059491,0.43423306,0.470108093,0.452102943,0.406504479,0.466144115,0.388959757,0.442256441,0.441214702,0.499727738,0.409520311,0.406027488,0.475337972,0.482474138,0.458490149,0.459155573,0.468549024,0.455492009,0.401421735,0.462126183,0.44879485,0.003272882,137.1252813,305.5411201,,,,0.028081217,
TXH1.2020,M9.G.P,M9.G.P.W,CV0,246,AGDD,0.588949596,0.657658401,0.623151248,0.574785841,0.62909854,0.573111059,0.618892832,0.644982773,0.637420353,0.596402055,0.580389171,0.626548397,0.593840859,0.611670469,0.663095297,0.626864673,0.613543036,0.601090387,0.634488483,0.604431841,0.628786626,0.614482619,0.63249138,0.619763334,0.578298082,0.610229864,0.591566636,0.588073762,0.664190441,0.615508905,0.600605146,0.64485649,0.6633638,0.613537128,0.544462786,0.616813961,0.581926606,0.602071357,0.661549967,0.607837579,0.639937787,0.564451338,0.61236667,0.635186042,0.623378694,0.630085797,0.589599449,0.633134204,0.631011564,0.592435689,0.61464838,0.00255003,241.0357259,392.1522185,,,,0.027079813,
TXH1.2021,M9.G.P,M9.G.P.W,CV0,246,AGDD,0.127101725,0.111491924,0.085770148,0.058520271,0.149213648,0.010403355,0.128078831,0.116843924,0.126871205,0.133082216,0.035714198,0.1324699,0.165776684,0.099219976,0.095123399,0.026752965,0.101553586,0.150566381,0.16014976,0.090070767,0.116228321,0.148923317,0.156982731,0.1400963,-0.040281433,0.084185559,0.065576963,0.156968235,0.07420219,0.148237629,0.113897746,0.13544777,0.074885928,0.123078287,0.083068109,0.128587562,0.054604131,0.099550987,0.114349869,0.126895902,0.061816497,0.141621655,0.110293552,0.114894253,0.098713332,0.082890336,0.099519737,0.114259533,0.163549016,0.064442172,0.105245221,0.004052965,25.96746402,246.7329515,,,,0.042093352,
TXH2.2020,M9.G.P,M9.G.P.W,CV0,246,AGDD,0.555889274,0.508264428,0.4961609,0.359801133,0.435517038,0.427352179,0.46742197,0.473528463,0.51396012,0.473158592,0.402709826,0.489185932,0.495353495,0.452756963,0.522958144,0.408578979,0.434382305,0.519205058,0.500895754,0.500957118,0.479731694,0.490870965,0.485751109,0.522974198,0.361749851,0.478114987,0.435146019,0.54075318,0.444309023,0.467310112,0.49071488,0.469447583,0.476266102,0.475495223,0.450273612,0.457546196,0.432521365,0.495613263,0.50536902,0.476046209,0.469745234,0.403122851,0.564151973,0.436292576,0.481616019,0.494713603,0.50339181,0.46530484,0.509375354,0.352337144,0.471081873,0.00318886,147.7273559,313.5916796,,,,0.045846981,
TXH2.2021,M9.G.P,M9.G.P.W,CV0,246,AGDD,0.319524601,0.331536745,0.282801783,0.207370985,0.284061102,0.231828903,0.283224785,0.310738645,0.32324474,0.255670367,0.227032902,0.237729912,0.294591718,0.31831024,0.356002724,0.291604472,0.207438972,0.329216336,0.314510337,0.277719915,0.286690426,0.324613165,0.27916323,0.316416465,0.215799929,0.267877519,0.215973592,0.381577766,0.256975598,0.294153305,0.262943201,0.32209136,0.327387031,0.26363517,0.239832283,0.311405653,0.211493903,0.321514837,0.299081291,0.273637336,0.28127766,0.181275392,0.274107885,0.359504366,0.309598856,0.297699516,0.263405413,0.361536855,0.317547091,0.169928916,0.283446104,0.003769091,75.20276701,265.3159313,,,,0.04743342,
TXH3.2020,M9.G.P,M9.G.P.W,CV0,266,AGDD,-0.058169634,-0.108309185,-0.051763303,-0.047339372,-0.110274802,-0.027684034,-0.138990982,-0.085826012,-0.045733899,-0.066796874,-0.053216618,-0.13095814,-0.069582684,-0.032909306,-0.084748589,-0.097975765,-0.064773824,-0.055769677,-0.098118164,-0.058754816,-0.0934444,-0.078772079,-0.062985925,-0.075654048,-0.069863528,-0.112810237,-0.043249,-0.071888357,-0.063391227,-0.091380099,-0.065576297,-0.105127239,-0.120280813,-0.038269646,-0.051802496,-0.10135924,-0.077555769,-0.063030848,-0.084670966,-0.060877458,-0.001873859,-0.086853435,-0.077312141,-0.114391967,-0.093385432,-0.099252335,-0.126686798,-0.065264629,-0.027985006,-0.046596323,-0.075185746,0.003766466,-19.96187927,265.5008488,,,,0.029214161,
TXH3.2021,M9.G.P,M9.G.P.W,CV0,245,AGDD,0.411423666,0.45048688,0.455645722,0.45949815,0.458384854,0.433394223,0.436479863,0.436410724,0.419824242,0.487036132,0.450195904,0.451044283,0.447260858,0.426928011,0.439442,0.44240338,0.431677013,0.454830441,0.413956328,0.488124528,0.419555406,0.437508075,0.461650116,0.476922735,0.419618804,0.424890203,0.44679098,0.466124132,0.44983248,0.441715458,0.417638125,0.443400116,0.45539777,0.455913071,0.444355043,0.446638627,0.390029048,0.452963723,0.493511692,0.43013652,0.43636964,0.418832432,0.449359297,0.454526073,0.461731315,0.457807497,0.425044038,0.461260929,0.460900383,0.418539806,0.444268215,0.003302987,134.504999,302.7562958,,,,0.020676033,
WIH1.2020,M9.G.P,M9.G.P.W,CV0,394,AGDD,0.580896834,0.52241501,0.552210135,0.543730953,0.543416706,0.560444516,0.525432856,0.550931848,0.579932898,0.529165106,0.518703578,0.550129785,0.569953101,0.558928258,0.546721621,0.547604523,0.45045944,0.535458603,0.611978317,0.572322851,0.572104146,0.520669837,0.558953445,0.584492996,0.500374038,0.544866743,0.486528439,0.508696115,0.603954122,0.592910426,0.540336262,0.590828689,0.565212321,0.507730954,0.535200384,0.523558341,0.569656055,0.552391174,0.532004513,0.570237105,0.558383459,0.50652951,0.578104175,0.552005316,0.55421289,0.548550346,0.587446855,0.522886844,0.578704669,0.515815027,0.548283643,0.001784146,307.3088119,560.4923948,,,,0.031283161,
WIH1.2021,M9.G.P,M9.G.P.W,CV0,398,AGDD,0.384319912,0.402820185,0.341221522,0.388637121,0.40421696,0.366765732,0.39489327,0.382256903,0.394590832,0.40088377,0.383504395,0.419763334,0.351384799,0.342289489,0.420665933,0.430327761,0.412478209,0.36119427,0.353763118,0.385751254,0.440004626,0.389210151,0.371259975,0.363576604,0.348485911,0.391878474,0.38537364,0.381714878,0.407452375,0.366112636,0.357091915,0.444930188,0.353706088,0.405971086,0.371567789,0.384046165,0.36109728,0.393097645,0.406180886,0.370869859,0.358468056,0.393675503,0.356143842,0.380130378,0.43577283,0.401128069,0.445501687,0.36938698,0.36405941,0.348314651,0.385358767,0.002150249,179.2158766,465.0624092,,,,0.027309291,
WIH2.2020,M9.G.P,M9.G.P.W,CV0,1127,AGDD,0.206867061,0.213368013,0.225335798,0.209699362,0.226032934,0.228242924,0.191885981,0.203905908,0.221343794,0.236355625,0.228451687,0.218428976,0.223911129,0.200016827,0.213724829,0.200627281,0.183178726,0.222312198,0.233134123,0.242505865,0.225935897,0.231334251,0.193261801,0.213431974,0.212946421,0.201588636,0.200502255,0.273007453,0.190762288,0.216146267,0.2348362,0.2150029,0.219831949,0.236498986,0.1757172,0.206339312,0.207687437,0.203801542,0.225148563,0.239174272,0.201244319,0.219332826,0.190197269,0.247949483,0.221939763,0.206016719,0.192120019,0.251722869,0.221246528,0.210443958,0.216289968,0.000847305,255.2679954,1180.211907,,,,0.018609777,
WIH2.2021,M9.G.P,M9.G.P.W,CV0,1137,AGDD,0.40364696,0.382011406,0.437237931,0.419905544,0.406344553,0.401102078,0.432269562,0.4247025,0.391393616,0.394041569,0.41484076,0.421396133,0.407896861,0.431790939,0.375957955,0.395721568,0.397320977,0.411340808,0.414020248,0.425428723,0.416233691,0.413437856,0.398939968,0.427490805,0.387535964,0.392125582,0.424998591,0.396477541,0.423570134,0.405343554,0.373311972,0.443018091,0.420676933,0.382656384,0.431422342,0.413750571,0.364579505,0.425605014,0.408322548,0.432726156,0.408415282,0.399938708,0.409907658,0.42842481,0.40181749,0.419734772,0.415733752,0.409728038,0.396133668,0.404670377,0.409301969,0.000733455,558.0461464,1363.409387,,,,0.017396295,
WIH3.2020,M9.G.P,M9.G.P.W,CV0,415,AGDD,0.21831029,0.227496159,0.264967177,0.240542859,0.25435084,0.18613883,0.249819028,0.25490782,0.271382413,0.235748393,0.222742187,0.242901786,0.244347648,0.271678798,0.211027157,0.263227733,0.188753924,0.278714696,0.247525147,0.216583849,0.261585688,0.236444505,0.273152607,0.222895827,0.198573525,0.272559826,0.214341071,0.205994398,0.320675687,0.185409204,0.299933312,0.208931058,0.240509944,0.23105667,0.220685806,0.24353177,0.178945006,0.249600828,0.248458421,0.283542778,0.289184326,0.168737305,0.252077732,0.215208469,0.273304143,0.258894618,0.219741341,0.24432801,0.277581188,0.198773235,0.239716501,0.002282169,105.0388683,438.1795499,,,,0.032931064,
WIH3.2021,M9.G.P,M9.G.P.W,CV0,397,AGDD,0.584702305,0.519128716,0.529216049,0.520243849,0.583178479,0.553519177,0.507338596,0.601244825,0.552413134,0.531132567,0.485853977,0.575602305,0.559019589,0.556316871,0.564656162,0.592157633,0.500877041,0.523639546,0.547501305,0.571781789,0.535801404,0.53176734,0.583855639,0.563896799,0.522886731,0.578824059,0.516799811,0.565238377,0.529629165,0.549082583,0.521581861,0.562535117,0.589956685,0.52335392,0.539288694,0.562023065,0.514006933,0.562160016,0.558440402,0.547462623,0.570194574,0.531207637,0.565144455,0.568105002,0.512257475,0.54783003,0.568878019,0.56551634,0.554826803,0.492918787,0.547899885,0.00177166,309.2579123,564.4423746,,,,0.027298256,
DEH1.2020,M9.G.P,M9.G.P.W,CV0,1142,DAP,0.677822858,0.669092656,0.676817563,0.675844943,0.690762545,0.675068315,0.679607414,0.696593663,0.682980161,0.663825028,0.675063063,0.677816148,0.696174997,0.669243232,0.679654706,0.6907116,0.672074396,0.702737806,0.664727563,0.667315847,0.659511881,0.690416006,0.690932053,0.671866462,0.684100351,0.685439168,0.672861573,0.676362284,0.680096127,0.681868339,0.677925532,0.69572796,0.64307853,0.686173514,0.690387987,0.689913056,0.677554792,0.681585515,0.676087333,0.671525357,0.690406749,0.694731065,0.677605641,0.671979633,0.661453845,0.676690933,0.690619306,0.670484882,0.688016733,0.669673354,0.679180209,0.000472556,1437.247016,2116.149729,5708.039842,12989.57604,0.439432344,0.011254243,0.026983835
IAH4.2021,M9.G.P,M9.G.P.W,CV0,1128,DAP,0.527946053,0.521794564,0.514849577,0.51683933,0.515602825,0.512070213,0.505819893,0.524639344,0.517257437,0.538806315,0.515993981,0.536748327,0.499992676,0.518790016,0.526908741,0.510070201,0.521690098,0.539345183,0.511282877,0.514949979,0.527186876,0.510866955,0.51376572,0.523829771,0.525635449,0.518777408,0.511212675,0.526113983,0.525654186,0.517653449,0.523068975,0.515630463,0.536949513,0.51133586,0.514608742,0.527527508,0.496127576,0.521624372,0.519449862,0.531266795,0.54145283,0.517021708,0.528297178,0.508109965,0.503573261,0.54931463,0.546097678,0.481779299,0.501494553,0.516449637,0.51966549,0.000648266,801.623567,1542.576104,,,,0.012731352,
MIH1.2020,M9.G.P,M9.G.P.W,CV0,414,DAP,0.520563476,0.517532785,0.449319112,0.503866907,0.506312573,0.512279599,0.472759941,0.543028498,0.510044809,0.452099321,0.46759401,0.516444396,0.497986465,0.516998525,0.499952916,0.481006127,0.509126305,0.542099305,0.482810249,0.470270483,0.480878543,0.513264545,0.526714103,0.50539421,0.471833857,0.496794181,0.493725313,0.495535415,0.532247309,0.47144807,0.493730527,0.516297239,0.458119308,0.519873294,0.510335875,0.507544047,0.513535176,0.491114088,0.503596958,0.48041121,0.493736457,0.486778841,0.465976479,0.527613842,0.514201566,0.50078194,0.526209283,0.492600783,0.470831317,0.489410548,0.498452603,0.001824138,273.2537259,548.2040308,,,,0.022452967,
MNH1.2020,M9.G.P,M9.G.P.W,CV0,395,DAP,0.475709427,0.470499573,0.453126247,0.476544006,0.463942969,0.472453481,0.461523953,0.488582831,0.468042141,0.447682801,0.506310707,0.495984723,0.482879743,0.378401296,0.470547634,0.495482822,0.401075359,0.48000118,0.453682172,0.501124864,0.493064683,0.459767334,0.48110979,0.434946747,0.461626492,0.480368601,0.481667754,0.407381793,0.505245586,0.459909573,0.479988978,0.426294794,0.46091926,0.515011463,0.45772764,0.51054065,0.457607028,0.460908798,0.398792862,0.503209796,0.395250161,0.447297116,0.488331208,0.486300702,0.497770711,0.433295415,0.464537941,0.50161876,0.441331799,0.490282214,0.466514072,0.00199075,234.3409009,502.3233278,,,,0.031614907,
MNH1.2021,M9.G.P,M9.G.P.W,CV0,415,DAP,0.47879239,0.520339528,0.44966334,0.527434506,0.422884193,0.507943147,0.459704489,0.468240769,0.452167838,0.523304762,0.473090233,0.49487082,0.490206392,0.466011686,0.481506226,0.484357486,0.500361173,0.508306643,0.437822875,0.478780827,0.474915678,0.508458902,0.509532361,0.459725327,0.448881207,0.506645867,0.473877485,0.518383437,0.44004123,0.463808959,0.535881442,0.485665222,0.467895631,0.450683499,0.453082161,0.499112731,0.417246403,0.49864472,0.474632598,0.507837794,0.489466932,0.497123542,0.510168445,0.42942244,0.475042109,0.469984353,0.527584177,0.451375503,0.433857992,0.512027768,0.480335905,0.001862657,257.8767085,536.8674421,,,,0.02974185,
MOH1.2020,M9.G.P,M9.G.P.W,CV0,1006,DAP,0.243425356,0.251451013,0.240681638,0.297094365,0.278203112,0.241789492,0.292616521,0.279478286,0.241350762,0.259417547,0.2619602,0.260279013,0.266553775,0.264641328,0.254136737,0.256360698,0.250892618,0.271624662,0.290659002,0.245558949,0.275305073,0.239537885,0.287035472,0.289685005,0.219609,0.247636036,0.256881926,0.267628508,0.263434319,0.277662408,0.229225478,0.267990235,0.265491439,0.26841542,0.285568474,0.265146016,0.260870426,0.305505461,0.226723136,0.25948068,0.270371799,0.245026505,0.249732832,0.209432074,0.300452,0.290121649,0.247521103,0.287949968,0.25104822,0.238366236,0.261940597,0.000927676,282.3620305,1077.962079,,,,0.021324041,
NEH1.2021,M9.G.P,M9.G.P.W,CV0,246,DAP,0.362155451,0.371108492,0.362599509,0.413375005,0.415676782,0.405292475,0.377725462,0.397566699,0.33656546,0.413657568,0.453849068,0.382192986,0.412253844,0.352804619,0.332065535,0.36208355,0.392105638,0.389029201,0.39888152,0.393066713,0.40344219,0.411394751,0.395929605,0.392657764,0.333198374,0.406578156,0.445097721,0.396020548,0.373058701,0.323153429,0.373716792,0.425306427,0.330091902,0.401693495,0.394049012,0.381016752,0.352512916,0.390317145,0.360229639,0.44818095,0.392838139,0.382930029,0.356595735,0.342930328,0.459730386,0.386817873,0.419170465,0.396400668,0.332767962,0.392355433,0.386484777,0.003486187,110.8617603,286.8463827,,,,0.032585437,
TXH1.2020,M9.G.P,M9.G.P.W,CV0,246,DAP,0.68542495,0.697427004,0.660520868,0.633862567,0.651024381,0.692906884,0.673282778,0.671201963,0.643880924,0.647343331,0.645658704,0.667523946,0.683857248,0.700303534,0.627455517,0.687786906,0.628515237,0.661967588,0.640947261,0.695310746,0.681993929,0.691331317,0.68712286,0.653780214,0.61665047,0.637086084,0.637365625,0.701179706,0.655953567,0.69025372,0.664242619,0.667125679,0.675083151,0.657755542,0.663158755,0.698846399,0.654429008,0.639093231,0.669766164,0.656499327,0.662843579,0.627789842,0.683527602,0.673137268,0.675113876,0.66217211,0.652892627,0.685738806,0.642127353,0.680800808,0.664821271,0.002286937,290.7037724,437.2660516,,,,0.022129317,
TXH1.2021,M9.G.P,M9.G.P.W,CV0,246,DAP,0.036923256,0.117080164,0.052201158,0.031163438,0.040834341,0.051358139,0.070963744,0.106714175,0.007613391,0.065141268,0.121366102,0.051774738,0.056062881,0.052652057,0.011218208,0.060763975,-0.006399372,0.035968595,0.071320582,0.1255337,0.100078267,0.086484616,0.042957735,0.062369554,0.001026167,0.046277474,0.075632176,0.06656535,0.035439093,0.082060903,0.088159592,0.075746338,0.051578716,0.045531429,0.029423323,0.042435233,-0.030859879,0.05145201,0.157306302,0.069684611,0.086912433,0.02453887,0.071302983,0.007688453,0.109070407,0.077825856,0.02925962,0.080953504,0.054141622,0.060399768,0.058833941,0.004084174,14.4053448,244.8475232,,,,0.035832875,
TXH2.2020,M9.G.P,M9.G.P.W,CV0,246,DAP,0.53359623,0.501719609,0.533919743,0.437264054,0.436456518,0.446965003,0.496752615,0.503578413,0.478189331,0.511790071,0.49918802,0.468147223,0.448416678,0.527410074,0.486734018,0.53846549,0.502951635,0.452446624,0.429649642,0.508903655,0.495884445,0.530715318,0.487829055,0.505059834,0.413099273,0.548167359,0.483542942,0.499860288,0.45734619,0.451459773,0.509991883,0.489269597,0.455652385,0.458328173,0.522275231,0.47088448,0.471966368,0.505785559,0.52054858,0.462502339,0.488974819,0.457074736,0.539112024,0.479393345,0.476183991,0.460611405,0.468459261,0.513508445,0.500700219,0.504202117,0.487418682,0.003124685,155.9897246,320.0323059,,,,0.03186972,
TXH2.2021,M9.G.P,M9.G.P.W,CV0,246,DAP,0.282042208,0.240267369,0.237848103,0.261354227,0.182357169,0.29033949,0.219866129,0.324515446,0.188205266,0.180045377,0.251522042,0.220670499,0.211021973,0.31960718,0.194819415,0.24271332,0.286097216,0.318497546,0.133931091,0.19827883,0.24356668,0.189607159,0.30337745,0.294679894,0.161915725,0.271720945,0.219665968,0.27448913,0.192831625,0.241520604,0.239166057,0.286270056,0.174033714,0.244101153,0.270144967,0.244620322,0.162868214,0.268208848,0.313656687,0.216589832,0.272167238,0.292474021,0.195769249,0.163079335,0.264179417,0.281619311,0.224252407,0.256594785,0.190280416,0.26114179,0.239971858,0.00386235,62.13104213,258.9097016,,,,0.047593499,
TXH3.2020,M9.G.P,M9.G.P.W,CV0,266,DAP,-0.063458576,-0.09918118,-0.09710272,-0.039852726,-0.028147126,-0.064028698,-0.022557673,-0.083890604,-0.119869436,-0.058438994,-0.05902953,-0.065408115,-0.067795853,-0.09449945,-0.051533499,-0.049580362,-0.058567328,-0.084586479,-0.115258038,-0.037430243,-0.013538496,-0.091242032,-0.092614699,-0.056473628,-0.074785605,-0.091847852,-0.079572899,0.006881898,-0.082610211,-0.082413229,-0.082074884,-0.097413528,-0.08088488,-0.0663223,0.001550053,-0.07997705,-0.098035284,-0.058572661,-0.057346063,-0.039628309,-0.025828752,-0.088148796,-0.046532707,-0.108809842,-0.06532837,-0.032890594,-0.112794127,-0.116596029,-0.018586816,-0.055103924,-0.066955165,0.003770898,-17.7557625,265.18884,,,,0.030600674,
TXH3.2021,M9.G.P,M9.G.P.W,CV0,245,DAP,0.404076131,0.390968054,0.38009113,0.464329038,0.369743724,0.443819516,0.37916307,0.352730783,0.452390971,0.384271657,0.404584817,0.412523349,0.424434734,0.415572295,0.374527148,0.396010674,0.409113769,0.462260244,0.35057675,0.379823455,0.398033019,0.413710802,0.434882119,0.410330221,0.351678289,0.451199305,0.356896827,0.420020938,0.38373928,0.390309416,0.364520522,0.379591008,0.405356925,0.411460906,0.453636129,0.379576038,0.388773839,0.432696805,0.363958604,0.436382791,0.452526927,0.376811699,0.421496684,0.358317851,0.402606604,0.418605948,0.393919114,0.366044937,0.411799895,0.420764683,0.402013189,0.003450146,116.5206422,289.8428349,,,,0.030991531,
WIH1.2020,M9.G.P,M9.G.P.W,CV0,394,DAP,0.489401018,0.506386189,0.490911907,0.509009215,0.495284595,0.520251502,0.471724279,0.524080432,0.518887381,0.438610338,0.508467123,0.470489955,0.506577473,0.48605528,0.51617813,0.49843332,0.455364032,0.512584374,0.443358361,0.569103595,0.503059828,0.480982167,0.535969031,0.503313399,0.465910567,0.490563725,0.503044428,0.477120506,0.50775326,0.508492006,0.497896615,0.54283231,0.515158308,0.473405055,0.458962077,0.497312715,0.494578232,0.521444537,0.492565109,0.48102093,0.469305753,0.471921092,0.554082886,0.446872777,0.536644313,0.55785817,0.473299502,0.479300379,0.498459708,0.481784095,0.49704144,0.00192079,258.7692332,520.6190322,,,,0.02857257,
WIH1.2021,M9.G.P,M9.G.P.W,CV0,398,DAP,0.40073219,0.402347042,0.463276414,0.439297275,0.414088326,0.40320921,0.430206152,0.420122272,0.403082672,0.450197608,0.400899732,0.447265301,0.456999503,0.431777428,0.372810229,0.478368108,0.45907256,0.350187862,0.396567331,0.431462082,0.460202532,0.413037981,0.416110762,0.431220057,0.393522134,0.40423979,0.430472174,0.393197356,0.408334817,0.475054695,0.416726531,0.472491635,0.409471114,0.416566299,0.398214212,0.430916527,0.455929451,0.417084237,0.412884459,0.409990871,0.40500568,0.424187132,0.42999398,0.448206361,0.413892889,0.41884799,0.428448734,0.492293499,0.361830815,0.404552048,0.422897921,0.00207363,203.9409099,482.2461869,,,,0.029009998,
WIH2.2020,M9.G.P,M9.G.P.W,CV0,1127,DAP,0.212109771,0.165752901,0.154578099,0.227218433,0.208979995,0.187478714,0.202703086,0.203235481,0.170220304,0.206117435,0.184085264,0.201314072,0.206788481,0.192563842,0.179375639,0.184932376,0.187653503,0.221783403,0.190737807,0.184410176,0.178018294,0.174847099,0.213276099,0.213624222,0.183636608,0.205830678,0.182202532,0.183887683,0.179711558,0.211102821,0.190343409,0.194572783,0.189633571,0.21058868,0.180848403,0.219094355,0.195369416,0.179598404,0.191269586,0.178637832,0.189768264,0.191834433,0.190567409,0.201963684,0.187487091,0.221240394,0.217985075,0.156943321,0.193577403,0.17357292,0.193061456,0.000855758,225.6029761,1168.555239,,,,0.016649995,
WIH2.2021,M9.G.P,M9.G.P.W,CV0,1137,DAP,0.410262604,0.382971303,0.423478288,0.415805805,0.446428427,0.396417874,0.438462521,0.406444366,0.406884174,0.433767138,0.418157019,0.420637721,0.431578967,0.41040026,0.403835423,0.440102676,0.41593185,0.428613094,0.403963874,0.396853687,0.446375575,0.406199034,0.424942225,0.389829106,0.405630471,0.431508178,0.428216504,0.4013914,0.405258627,0.41159157,0.407870371,0.44835913,0.39314449,0.405811148,0.42368127,0.433999549,0.421804891,0.411245955,0.407918462,0.404634168,0.406182882,0.463215161,0.390073893,0.413571158,0.409706073,0.407172787,0.411826826,0.435304138,0.406694356,0.415958586,0.416002301,0.000728583,570.9742193,1372.526589,,,,0.01677196,
WIH3.2020,M9.G.P,M9.G.P.W,CV0,415,DAP,0.230011568,0.249691429,0.152175736,0.217325402,0.261485128,0.238040816,0.264615165,0.229572503,0.172352078,0.214715475,0.245405465,0.269339825,0.244641781,0.16887802,0.197085521,0.231068962,0.182442593,0.171119284,0.261967553,0.2759656,0.253269266,0.258816668,0.210467449,0.2343146,0.153982453,0.218588707,0.244297674,0.202578443,0.190147336,0.264116517,0.227735355,0.229038504,0.223097493,0.269492062,0.157235366,0.227402244,0.228060827,0.247127451,0.16726429,0.245105187,0.154832206,0.239100376,0.230195947,0.206070842,0.271268031,0.203883053,0.267750093,0.257872626,0.18193817,0.216275758,0.223184498,0.002300699,97.00725722,434.650516,,,,0.035551955,
WIH3.2021,M9.G.P,M9.G.P.W,CV0,397,DAP,0.56095065,0.554170023,0.56685912,0.570821086,0.598435695,0.539435204,0.551868655,0.604431928,0.564496169,0.586321313,0.580003421,0.573758198,0.592746154,0.521740538,0.575969369,0.632999567,0.541852529,0.517252105,0.562712719,0.595455387,0.581051321,0.572454418,0.574944155,0.546665843,0.565229238,0.601659839,0.60010529,0.537263958,0.571946556,0.536838314,0.610879202,0.585363237,0.55967795,0.542917663,0.539484616,0.595252225,0.574605713,0.558627833,0.547819351,0.580793998,0.524665552,0.572762497,0.586492396,0.567700471,0.578520813,0.5668729,0.589544445,0.539212449,0.531970252,0.60871948,0.568846436,0.00171244,332.1847733,583.9621244,,,,0.025413964,
DEH1.2020,M1.G,M1.G,CV00,1142,AGDD,0.653735579,0.573011469,0.589475062,0.658725607,0.686586129,0.617198236,0.568087634,0.709784082,0.653674698,0.616244468,0.632854916,0.625107578,0.639756624,0.597508409,0.683176453,0.661245985,0.557518639,0.721131081,0.617273343,0.609241053,0.705688731,0.639616564,0.593097193,0.596305237,0.64855994,0.596919194,0.662558903,0.588997867,0.6540511,0.6545087,0.600087079,0.654956671,0.651278959,0.613031373,0.649201277,0.611719371,0.602984102,0.612138057,0.686093917,0.646607347,0.628533167,0.619032788,0.639370736,0.643559619,0.657060576,0.603023587,0.646403569,0.575845431,0.684716051,0.675598769,0.634257658,0.000524313,1209.69198,1907.256402,3230.444297,11466.54228,0.28172785,0.037813657,0.124333974
IAH4.2021,M1.G,M1.G,CV00,1128,AGDD,0.360538146,0.525024312,0.429526341,0.300653078,0.223285967,0.340857663,0.442950321,0.373021533,0.429432627,0.32535475,0.422856531,0.298838908,0.377935103,0.358906806,0.428387777,0.444231027,0.272742682,0.338007842,0.396538142,0.417789351,0.295237439,0.460630113,0.334745711,0.473366583,0.347508284,0.411295203,0.315211813,0.363054045,0.435525721,0.327858164,0.454628495,0.394123354,0.346722599,0.323294523,0.387614334,0.389914115,0.442545504,0.275377825,0.414895742,0.356046774,0.399361114,0.387139049,0.351389369,0.331401929,0.424637653,0.408013127,0.332217638,0.470083719,0.388952797,0.295148603,0.376896405,0.000761944,494.6509671,1312.432171,,,,0.061154069,
MIH1.2020,M1.G,M1.G,CV00,414,AGDD,0.021149614,0.197503926,0.149049295,0.241543859,-0.221619081,0.181094316,0.159359523,-0.093755475,0.190113169,0.052119616,0.153436284,-0.227333675,0.176798221,0.244645099,0.051128409,0.108376033,0.175549945,0.156774364,-0.002671839,-0.127903224,0.069964874,0.023563758,0.250385731,-0.079014597,0.268888216,0.127174479,0.224327611,-0.124926763,0.165996241,0.174870533,0.179494266,-0.011090279,0.081876739,0.048937191,0.162224905,0.012547444,0.329643829,0.168448829,-0.177461776,0.103822991,0.046910661,-0.053858283,0.317705005,0.047488852,0.430124975,0.233006971,0.105421783,0.162218146,0.31545001,-0.112001021,0.101549994,0.002402154,42.27454964,416.2929803,,,,0.14589824,
MNH1.2020,M1.G,M1.G,CV00,395,AGDD,0.391719556,0.460272351,0.543845611,0.144030119,0.437605147,0.15150851,0.348433891,0.060640481,0.482016394,0.675899896,0.300580077,0.48095501,0.361638874,0.481279503,0.541485004,0.445571115,0.568133831,0.527911779,0.478732095,-0.043288363,0.356510146,0.393494909,0.324538306,0.438718534,0.669133395,0.24440021,0.304051992,0.718306494,0.461794053,0.420991989,0.433830009,0.550385545,0.207281283,0.598414601,0.361255793,0.40879213,0.513814536,0.486602155,0.272806174,0.471079221,0.623380181,0.667941138,0.128598353,0.230776863,0.378859614,0.121206053,0.683424535,0.421036593,0.334302164,0.474498973,0.410783936,0.002115157,194.2097004,472.7782252,,,,0.168956091,
MNH1.2021,M1.G,M1.G,CV00,415,AGDD,0.01599108,0.384125695,0.27551636,0.501160025,-0.062791665,0.498831203,0.380947937,0.020097762,0.204388227,0.307067102,0.443962856,-0.125290896,0.19473251,0.185644232,0.524346232,0.167291148,0.297487324,0.312705636,0.39738899,0.046681283,0.17027678,0.27246691,0.169219419,0.464517441,0.222179762,0.24397173,0.262637074,0.25192356,0.181218404,0.53208847,0.318730186,0.321286508,0.324310547,0.064800444,0.422759128,0.320601952,0.559531581,0.518731522,-0.308975993,0.118787592,0.281073691,0.252086606,0.311798433,0.437329479,0.283103706,0.35402711,0.341652585,0.209465217,0.383057706,0.174067366,0.268580159,0.002246646,119.5471774,445.1079999,,,,0.175166488,
MOH1.2020,M1.G,M1.G,CV00,1006,AGDD,0.176141021,0.00847398,0.062478332,-0.028790456,-0.255993385,0.047323612,0.016079818,0.084728141,-0.117059359,-0.023504347,-0.11046104,0.063599801,-0.00940343,0.047298659,0.05631618,0.022914762,-0.177178704,0.049848847,0.154008471,-0.016765934,0.067639283,-0.017321424,0.054838755,-0.103702103,-0.001078608,-0.070484755,-0.000404933,0.097756404,0.067120899,-0.088123467,0.044538082,0.101330942,-0.099067519,0.101084322,-0.095893693,-0.046039125,0.014226931,0.130795488,-0.063274886,-0.022951163,0.01168666,0.044328018,-0.031049448,0.115669402,-0.079352852,-0.040208723,0.09532466,-0.067853702,0.048010118,0.002792307,0.004407817,0.000995997,4.425534047,1004.019507,,,,0.085201338,
NEH1.2021,M1.G,M1.G,CV00,246,AGDD,0.113040798,-0.08203464,-0.076383294,-0.096423032,0.161060429,0.083227921,0.000688185,0.270696329,0.104108755,-0.123602165,0.095640211,0.114607989,0.089816348,-0.058693235,-0.068149444,-0.03661683,-0.270393028,0.094837353,-0.04141444,0.416668135,0.259561958,-0.108634722,-0.015057115,-0.148711586,-0.006399599,0.040244907,0.215563289,0.023313183,-0.132134853,-0.009922783,0.16612803,0.069923414,0.034277257,-0.068053169,-0.001438169,0.148237569,0.050139259,-0.189681744,0.207035362,-0.07566656,0.210648227,-0.126331757,0.0712347,0.142268846,-0.052466342,0.0804248,-0.092100703,0.032818192,0.246260114,-0.067059641,0.031902054,0.00409419,7.792031507,244.2485818,,,,0.135367446,
TXH1.2020,M1.G,M1.G,CV00,246,AGDD,0.547028088,0.056076935,0.311663906,0.126422932,0.091428707,0.195337766,0.047082187,0.090124441,0.45586372,0.399054186,0.08832188,0.293982052,0.402516524,0.446112553,0.215183869,0.351231545,0.194475632,0.409497683,0.00606299,0.350206572,0.254806842,0.060279523,0.436611646,0.12110616,0.23571024,0.101219009,0.00456537,0.418758094,0.388247703,0.300336464,0.448100953,0.326583584,-0.157273893,0.406228086,0.34161665,0.187557676,0.16236946,0.437531687,0.184939804,0.382987969,0.471390459,0.284244752,0.190260192,-0.004944288,0.126772933,0.385058213,0.373443151,0.398343874,-0.045194729,0.019478575,0.246376207,0.003849585,64.00071696,259.7682539,,,,0.166925742,
TXH1.2021,M1.G,M1.G,CV00,246,AGDD,0.116150933,-0.217450878,-0.022845509,0.007847755,-0.215185423,0.0447616,-0.157018769,-0.197098981,-0.044925504,-0.018275704,-0.107251781,0.100930935,-0.190156691,-0.011438166,0.094049762,0.277974543,-0.158840778,-0.194868994,-0.295189062,-0.000312488,-0.100429061,-0.167792355,-0.050732664,-0.100569873,0.032673467,-0.116549762,0.020660175,-0.083415103,0.039170265,0.056631995,-0.005947942,-0.12937717,-0.012806748,0.048792846,-0.151191966,-0.100768824,-0.098485563,-0.098686019,-0.003673127,0.05385624,0.003527495,-0.194394768,0.138580125,0.058051103,-0.078199744,0.011995035,0.045699405,0.10381516,-0.228994622,-0.142355906,-0.048801222,0.0040886,-11.9359243,244.5824877,,,,0.115659343,
TXH2.2020,M1.G,M1.G,CV00,246,AGDD,0.102260644,0.085855235,0.091640691,-0.096678875,0.175072523,-0.100071276,0.234855519,0.143605521,-0.053702801,0.147580715,-0.174081912,0.041239321,0.15411223,0.380854087,-0.045911087,0.258965419,-0.036545051,-0.104010798,-0.108337206,0.255419725,0.231450604,0.057764311,0.018717595,-0.05941921,0.059632562,-0.151348362,-0.142697757,0.046557708,0.452264942,0.058188922,0.183338935,0.103889366,-0.003200553,0.329862371,-0.215879765,0.232387012,-0.383279036,0.1464112,0.119540075,0.372837934,0.194647926,-0.071723781,0.063170012,0.225542415,-0.020178046,0.053460188,-0.009112635,0.299508024,0.058874351,-0.081651337,0.070433572,0.004078029,17.2714734,245.2164916,,,,0.167940807,
TXH2.2021,M1.G,M1.G,CV00,246,AGDD,0.264273698,0.196458847,0.217195285,-0.18574007,0.404268429,0.105377612,0.290286562,-0.069138641,0.179615439,0.27856107,-0.140669818,0.32218287,0.348165833,0.259169723,-0.030579764,0.330341133,0.018324415,0.41643773,0.031866599,0.152926141,0.254929167,0.304410716,0.146849225,0.010842995,-0.031423477,0.151454465,-0.009369945,0.215614403,0.293537919,0.241705533,0.413162243,0.280323925,-0.121199714,0.356998879,0.034571073,0.221187924,-0.10235402,0.18111376,0.26442027,0.28737948,0.378023158,0.173084489,0.214820561,-0.064805092,0.176768089,0.210972124,0.231855291,0.245457431,-0.023540154,0.054529103,0.167612858,0.003983221,42.07972825,251.0531035,,,,0.15826182,
TXH3.2020,M1.G,M1.G,CV00,266,AGDD,-0.17750916,0.142689159,-0.263159535,0.08189805,0.141685428,-0.062886494,0.335863099,0.038251813,-0.086623089,-0.227515597,-0.017444156,0.097220944,-5.43E-05,-0.242038514,0.074323722,-0.217223416,-1.65E-05,0.063370163,0.130617791,-0.09484126,-0.154314063,-0.022751425,-0.056268263,0.244269773,-0.168599475,0.136334753,-0.127599001,-0.078535837,-0.180553911,0.066843213,-0.024282356,0.006268112,0.172521596,-0.155370262,-0.088397491,0.056585399,0.005533624,-0.042701446,0.00835718,-0.168584725,-0.237343909,-0.03338549,0.149225435,-0.052152,0.136440377,-0.010562674,0.017095265,-0.083596191,-0.048620706,-0.095406336,-0.022258854,0.003786002,-5.879250372,264.1308654,,,,0.132575592,
TXH3.2021,M1.G,M1.G,CV00,245,AGDD,0.321717308,0.143848445,0.158540016,-0.191417654,0.073379379,-0.035559938,0.244708231,0.029192916,0.160589089,0.112065578,-0.051579998,0.201491657,0.208139605,0.177826556,0.097403683,0.094478699,0.051503646,0.185330083,0.215476158,0.061921618,0.259618244,-0.184389015,0.113870436,0.084608038,0.117386219,-0.029236908,0.089564347,0.162645642,0.221588398,0.078185729,0.266996128,-0.107080166,-0.011490384,0.303503306,0.149930555,0.128073723,0.062576995,0.041189241,0.147034485,0.159406603,0.234228282,0.122013597,0.271723293,0.012778164,-0.178097702,-0.002513362,0.107703274,0.261795879,-0.021591804,0.226108091,0.106943688,0.004068161,26.28797047,245.8113325,,,,0.123164797,
WIH1.2020,M1.G,M1.G,CV00,394,AGDD,0.168193377,0.307630057,0.326528124,0.365952688,0.444674534,0.229096321,0.355270676,0.245186306,0.167168495,0.516330781,0.294455594,0.393596677,0.306602014,0.236205223,0.518686169,0.266384843,0.446039195,0.468698147,0.20044622,0.11298567,0.181770049,0.488959661,0.384085599,0.12238892,0.395127155,0.423737448,0.373436605,0.476615893,0.31193917,0.092518213,0.365559443,0.12901469,0.336678331,0.333203062,0.455269558,0.197277988,0.456397928,0.464361738,0.295490208,0.376864241,0.378518295,0.689057352,0.224494115,0.168790262,0.295360792,0.076675735,0.450397648,0.411819109,0.249264607,0.556052306,0.330625145,0.002272161,145.5113353,440.1097063,,,,0.134214769,
WIH1.2021,M1.G,M1.G,CV00,398,AGDD,-0.041083391,0.179460436,0.401694802,0.158354831,0.265901934,0.429509916,0.100350801,0.03671326,0.270657467,0.190917913,0.245842221,-0.087412968,0.242760962,0.406845414,0.123204667,0.220831181,0.139010367,0.373886218,0.253045549,0.306753184,0.095098415,0.15186153,0.334462892,0.192104359,0.345903791,0.187242074,0.223465193,0.041316023,0.137512453,0.509358156,0.238370329,0.132552701,0.427985802,0.199721932,0.298520028,0.526292825,0.219903973,0.192028675,-0.089194865,0.270341233,0.304022422,0.195504847,0.382216297,0.230617073,0.119099743,0.310627977,0.051311358,0.305666751,0.233965942,0.276227732,0.225227048,0.002397153,93.95604023,417.1614416,,,,0.135308542,
WIH2.2020,M1.G,M1.G,CV00,1127,AGDD,0.157665449,0.114969848,0.048772775,0.113308705,0.051097292,0.068505741,0.184965075,0.04336593,0.111684598,0.100718164,0.100493202,0.170745871,-0.003736819,0.111483643,0.096554234,0.213135596,0.115294339,0.089970499,0.030266407,0.04213462,0.115956494,0.107300564,0.192682521,0.042405477,0.018468617,0.255293646,-0.009725235,-0.035345971,0.192362548,0.085654116,0.002464287,0.027041137,0.192214677,0.028814631,0.248228123,0.174094707,0.034501655,0.128719573,0.130180761,0.019988669,0.11658645,0.116626272,0.142928639,-0.005336711,0.131149424,0.208567774,0.163073768,-0.028500902,0.070187037,0.073417366,0.098027906,0.000880347,111.3514221,1135.915547,,,,0.072289408,
WIH2.2021,M1.G,M1.G,CV00,1137,AGDD,0.219823673,0.40325967,0.297278104,0.363153473,0.348915307,0.317593667,0.250131219,0.351577973,0.36508971,0.339564982,0.358051519,0.270629804,0.30520477,0.292854473,0.385550851,0.383644455,0.371772789,0.363436745,0.279839814,0.215710937,0.269275255,0.368650547,0.380256449,0.33794686,0.258500407,0.428670284,0.308271601,0.31398926,0.284253996,0.300623895,0.401806772,0.172461855,0.376572682,0.456535589,0.265792167,0.369053955,0.367093907,0.337170927,0.35862993,0.197343693,0.276774936,0.371990459,0.344233735,0.331953742,0.315145704,0.295837707,0.331771121,0.277532306,0.376383376,0.351329157,0.326178724,0.000787319,414.2902525,1270.132666,,,,0.058873424,
WIH3.2020,M1.G,M1.G,CV00,415,AGDD,-0.142229673,0.334425048,0.352225048,0.307227103,0.128291921,0.08448482,0.141759252,0.095950213,0.094553501,0.470503052,0.276270593,-0.029378922,0.173425049,0.345458034,0.34254222,0.309535921,0.387301282,0.124316412,0.17368479,0.007744161,-0.016016485,0.191629403,0.143940741,0.274341418,0.450011103,0.089839716,0.286990058,0.245535979,0.272111862,0.266984947,0.182214851,0.150418611,0.088058343,0.442358751,0.246470863,0.147755301,0.327504081,0.336929887,-0.098998813,0.258830208,0.320676332,0.361768702,-0.037269605,0.115625252,0.263482255,0.118151205,0.313443706,0.239990945,0.180060024,0.250104095,0.207820671,0.002316733,89.7042111,431.6423894,,,,0.140211296,
WIH3.2021,M1.G,M1.G,CV00,397,AGDD,0.160174263,0.499420824,0.54547926,0.389253494,0.188282658,0.233203859,0.476334031,0.18214445,0.248665626,0.625971432,0.509972977,0.223800149,0.356118846,0.384294627,0.446987604,0.228805616,0.514942918,0.444376908,0.48784772,0.028982769,0.16323759,0.549797984,0.202650192,0.432562181,0.511361646,0.166281848,0.499750536,0.401380721,0.397784293,0.489331251,0.381967436,0.418836246,0.164691775,0.589388226,0.349789775,0.303015677,0.52224018,0.575067998,0.185208446,0.329295243,0.571040044,0.486204778,0.213199956,0.213051685,0.379170236,0.310190527,0.443105,0.269702409,0.588693552,0.372537563,0.373111901,0.002179209,171.2143811,458.8821231,,,,0.147362645,
DEH1.2020,M1.G,M1.G,CV00,1142,DAP,0.551503992,0.556934423,0.605866788,0.655729832,0.707473146,0.654867672,0.696140612,0.479424132,0.580636533,0.681197661,0.618395513,0.637634716,0.530509061,0.590752937,0.706385256,0.577563802,0.61302882,0.596344061,0.682254997,0.630550739,0.66995056,0.536176245,0.581379329,0.659056478,0.636984971,0.607757496,0.612724428,0.602684453,0.668313493,0.604544219,0.582789816,0.590972873,0.731117708,0.689599931,0.510939868,0.696605477,0.606547347,0.537816592,0.579236449,0.656732607,0.596523568,0.613646682,0.6323392,0.670192093,0.6248019,0.659939221,0.57998522,0.614057416,0.618309294,0.661320489,0.619724802,0.000540299,1147.002847,1850.826113,3251.785646,11467.89843,0.283555498,0.054239849,0.126771135
IAH4.2021,M1.G,M1.G,CV00,1128,DAP,0.44451303,0.417795977,0.322721781,0.397028213,0.29549034,0.386872052,0.466630206,0.330654784,0.411141033,0.272784705,0.365162502,0.29282649,0.539120929,0.385819311,0.300497764,0.399999361,0.402962976,0.291452511,0.378892952,0.404530871,0.339637604,0.438251876,0.453428157,0.339184045,0.291551595,0.447710952,0.544243266,0.348722258,0.23670134,0.307364579,0.382526414,0.437433535,0.295868684,0.326722174,0.448446363,0.350759012,0.462923696,0.382357956,0.361606521,0.353645666,0.242827506,0.386359406,0.328393783,0.423233786,0.514779031,0.324576204,0.306304096,0.486499652,0.393707006,0.362937034,0.37651202,0.000762201,493.9797456,1311.989312,,,,0.07197197,
MIH1.2020,M1.G,M1.G,CV00,414,DAP,0.225636871,-0.083885609,0.01503259,0.16197468,0.146954563,0.231404752,0.088237712,-0.112327807,-0.124828326,0.314581894,0.126941909,-0.209416261,0.090301079,0.208962252,0.221776355,0.179876133,0.098433594,0.048547831,0.076189555,-0.04269712,-0.280605288,-0.102315727,0.320680273,0.053554975,0.295065963,0.119709267,0.05519556,-0.061255192,0.287716069,0.127944034,-0.032756305,-0.140056509,0.027209345,0.007986945,0.293779348,0.087926019,0.124995788,0.264900773,0.015412103,-0.079879853,-0.026707238,0.201205121,0.091899378,0.190698777,0.029485636,-0.11836107,0.059415012,0.166819587,0.251822079,0.119768995,0.08025901,0.00241155,33.28109267,414.6711076,,,,0.143259017,
MNH1.2020,M1.G,M1.G,CV00,395,DAP,0.480348084,0.526386181,0.677504925,0.531007438,0.283289516,0.605645483,0.109225184,0.569645366,0.594120171,0.356439919,0.395270796,0.528090791,0.476376521,0.625986081,0.307504695,0.26655213,0.659899112,0.539907755,0.416615302,0.272479582,0.438359232,0.538916258,0.389707995,0.49788957,0.579955409,0.322975217,0.540548855,0.632536226,0.356147836,0.530899753,0.272072844,0.534612325,0.456320288,0.468201006,0.626606449,0.208827904,0.439518254,0.618718101,0.677157005,0.415760286,0.690824841,0.521901386,0.185417799,0.352535572,0.171573218,0.475687611,0.391648596,0.384116534,0.611945385,0.522036001,0.461514256,0.002002556,230.4625721,499.3617624,,,,0.144539201,
MNH1.2021,M1.G,M1.G,CV00,415,DAP,0.43285124,0.2331295,0.471278699,0.298557934,0.293405797,0.245189784,0.367294099,0.513423285,0.396512196,0.257529871,0.109993587,0.218476672,0.509848916,0.553880453,0.152361503,0.278924861,0.368572023,0.570734269,0.104053212,0.241768364,0.199665248,0.22218879,0.497459975,0.344163786,0.219267915,0.413246374,0.125639825,0.376275897,0.470704116,0.312537347,-0.051074806,0.38750085,0.186093846,0.451122141,0.47967086,0.092525823,0.492587802,0.512474487,0.470537148,0.006608243,0.369521411,0.239021991,0.209152627,0.554229063,0.353927047,0.499035104,0.148187115,0.319838558,0.50684092,0.084890754,0.32223253,0.002169894,148.5015119,460.852018,,,,0.15662776,
MOH1.2020,M1.G,M1.G,CV00,1006,DAP,0.024541148,0.000724571,0.107716849,-0.092540641,0.002835021,0.088381846,-0.072582977,-0.095274296,0.004042041,0.062565293,0.04843,-0.110093004,-0.047102558,0.040653816,0.062827202,0.037208194,0.069071796,0.053498071,-0.212886711,0.0693214,-0.036148935,0.046742281,-0.024319452,-0.035321143,0.072363827,0.112153888,-0.05716854,0.113782876,-0.031339815,-0.12989593,0.11314452,-0.036499404,-0.04808373,-0.05209692,0.011946025,0.009315397,0.054179755,-0.188056318,0.068924177,0.006388337,0.109792947,-0.044626241,-0.095964001,0.046386288,0.040090627,-0.076986395,0.039469039,-0.042094872,0.064167008,0.019072598,0.001413099,0.000996014,1.418754361,1004.002005,,,,0.076750639,
NEH1.2021,M1.G,M1.G,CV00,246,DAP,-0.024685135,-0.010199357,0.004449379,0.061065701,-0.101035326,-0.176250669,0.230346548,-0.029388846,-0.184052521,0.041528474,-0.011861175,-0.14172885,0.066179331,-0.126835002,-0.100726525,-0.126125927,-5.98E-06,-0.077355186,-0.10674827,0.054502842,-0.046227465,0.052353196,-0.274859412,-0.067660613,0.071398132,0.069816535,0.018339518,-0.256792356,-0.09482169,0.13945451,-0.004976751,0.126101904,0.109005736,-0.076838728,0.048497545,0.351625114,-0.226522942,-0.161955736,0.088246252,-0.064351456,-0.153172502,0.003511922,0.298456544,-0.103458903,-0.066243411,0.085799385,-0.050600054,-0.089602304,-0.082882711,0.069020959,-0.020965326,0.004096559,-5.117788921,244.1072961,,,,0.127493373,
TXH1.2020,M1.G,M1.G,CV00,246,DAP,0.312173048,0.039827888,0.145209865,0.408979459,-0.037832166,0.432027566,0.263848426,0.062737396,-0.247464032,0.359940752,0.473303768,-0.073736645,0.230176232,0.211921633,0.151732902,0.060554047,0.428137899,0.026408985,0.315728796,0.27216698,0.084875334,0.076523431,0.328067534,0.195449455,0.358786409,0.358942922,0.489897542,0.109618457,-0.093999466,0.072322463,0.452992739,0.130509678,0.033041186,-0.028863308,0.390566038,0.030036564,0.042282958,0.389659666,0.329626852,0.374367678,0.357310318,0.280922923,0.42153188,-0.168535853,0.15477554,0.022271367,0.195205461,0.355366932,0.229082034,0.352597635,0.203221503,0.003929103,51.72211747,254.5110465,,,,0.182251124,
TXH1.2021,M1.G,M1.G,CV00,246,DAP,-0.038059061,-0.102553036,0.114269779,0.107383257,-0.252864479,-0.019249932,0.022390625,-0.014413254,-0.348096174,0.031939517,-0.042870095,0.084906581,-0.364355666,0.158133791,-0.064179759,-0.032136449,0.155979247,-0.152546939,-0.133497486,-0.104029477,-0.11701541,-0.287729284,0.003169404,0.145565299,-0.017176694,0.043398124,0.11584263,-0.123289688,-0.153717175,-0.116418942,-0.015510908,-0.064465095,-0.192030485,0.056933172,-0.048529715,-0.127598215,-0.179045861,-0.048012429,-0.009495441,0.150234335,0.040784773,0.054535447,-0.074422308,-0.099698159,-0.198230753,-0.186228191,0.057066312,0.064311065,-0.171459269,0.01878809,-0.049465888,0.004088332,-12.099282,244.5985017,,,,0.126708364,
TXH2.2020,M1.G,M1.G,CV00,246,DAP,0.106294608,0.262256631,0.017233919,0.148503662,-0.143601493,0.269116977,-0.010953934,-0.130491735,-0.233309288,0.192887471,0.361941635,0.217041624,-0.047255178,-0.012160067,-0.09624531,-0.035394639,0.304334559,-0.003200562,0.058795646,-0.001725094,0.154209403,0.120375571,0.184543872,-0.084032841,0.012192281,-0.021888079,0.302345698,0.079868356,-0.200772074,0.353150999,0.236054743,-0.012573487,-0.052012291,-0.078787538,0.210096688,0.306750512,-0.038712357,0.10421001,-0.152555019,0.298624606,0.282073385,0.227194174,-0.055190402,-0.119123648,-0.014442197,-0.12190243,0.106786674,0.120819138,-0.063997477,0.291799307,0.0719835,0.004077124,17.655458,245.2709017,,,,0.16173015,
TXH2.2021,M1.G,M1.G,CV00,246,DAP,0.264143386,0.163724531,0.21308254,0.182781766,0.057469298,0.369300447,0.472683911,-0.115330062,-0.16784521,0.23683939,0.191530612,0.170979209,0.171306579,0.223766045,0.066172002,0.032410025,0.197454764,0.189483918,0.272890912,0.222493584,0.255832394,0.376709198,0.226209976,0.14907689,-0.032281542,0.389975402,0.446900429,0.208687432,-0.181256179,0.106871542,0.288862724,0.289575899,0.054793084,0.057099889,0.247710142,0.055474209,0.186580459,0.38055861,0.009756138,0.40622175,0.248787866,0.165391394,0.414283655,-0.098583536,0.309259975,0.305276772,0.214783296,0.013922178,0.266076987,0.127370005,0.186105294,0.003956413,47.03889218,252.7541868,,,,0.153256618,
TXH3.2020,M1.G,M1.G,CV00,266,DAP,0.091406298,0.315719487,0.038586834,-0.22629165,-0.136795547,-0.177752236,-0.012330524,-0.099695896,0.346815983,-0.126151141,-0.115999168,0.000410797,-0.124918082,0.11576562,0.278340236,0.048830319,-0.134256902,0.275814747,0.037732201,-0.174629963,0.006090725,0.140078877,0.167803147,-0.141629491,-0.150153681,-0.065539088,-0.062613761,-0.108891513,0.174244291,0.266895249,0.20596918,0.139237537,0.086442289,0.049266322,-0.255204244,0.025964013,0.149884545,0.156278739,0.046327878,-0.319981784,-0.026924053,-0.127527417,-0.28891221,0.215518226,0.290067089,-0.136636742,0.219328845,0.093542659,0.016314158,-0.185145011,0.016013924,0.003786907,4.228760314,264.067719,,,,0.171129676,
TXH3.2021,M1.G,M1.G,CV00,245,DAP,0.120007413,0.230687443,0.078207583,0.178145582,-0.004242467,0.111456672,0.040103037,0.371865466,-0.264169847,0.133152973,0.240653014,-0.112861314,-0.048572359,0.25562826,0.249381982,0.04038106,0.215919597,-0.005844669,0.052414446,0.149952847,-0.057186636,0.117542625,0.258232812,0.118961768,0.054532569,0.04766442,0.194896806,0.076453429,0.006859175,0.157815081,0.307308553,0.170144848,-0.031232309,0.014509347,0.173288375,0.194711951,0.056229814,0.205991913,0.179439726,-0.000537999,0.199369333,0.188625775,0.0817981,0.133931503,0.00299699,0.013960526,0.212879695,0.02341393,0.216932677,0.163076895,0.110297568,0.004065162,27.13238961,245.9926366,,,,0.11719931,
WIH1.2020,M1.G,M1.G,CV00,394,DAP,0.346528792,0.347240232,0.45277755,0.319875412,0.263167646,0.36339104,0.11761251,0.342226989,0.334856863,0.409442651,0.326348036,0.14846296,0.437405097,0.396009308,0.292726489,0.570906488,0.470561141,0.067706787,0.375109086,-0.034018179,0.319376899,0.493639916,0.272896598,0.276087368,0.34239262,0.256780397,0.282495171,0.407082935,0.452296529,0.313263679,0.240505233,0.198629925,0.307186348,0.310407384,0.542693407,0.137263468,0.502330344,0.168535537,0.395593792,0.449144013,0.526177754,0.39728494,0.008573591,0.577853257,0.072008758,0.168667465,0.315597439,0.369845705,0.355582824,0.414278749,0.324456179,0.00228247,142.1513526,438.1218847,,,,0.139788659,
WIH1.2021,M1.G,M1.G,CV00,398,DAP,0.396996597,0.234286497,0.272998319,0.103267352,0.19721605,0.411669318,0.343257981,0.160729615,0.447902733,0.05830452,0.383862788,0.146457117,0.282612889,0.201168855,0.294566186,-0.142069823,0.273908286,0.531439617,0.338358679,0.30032937,0.349178602,0.178491042,0.30427428,0.100179301,0.2922812,0.272204154,0.156875081,0.414703008,0.201334664,0.212294344,0.055650954,0.1498717,0.163115339,0.468495652,0.335658528,0.35583253,0.20240938,0.344908062,0.212067121,0.24265366,0.307988545,0.196949872,0.250204408,0.31049122,0.343025047,0.29165971,0.089448555,0.055059555,0.564907345,0.241241643,0.258014349,0.002357143,109.4606301,424.2424132,,,,0.130928186,
WIH2.2020,M1.G,M1.G,CV00,1127,DAP,0.143680091,0.200198265,0.195154486,-0.028704915,-0.063702198,0.094727946,0.028573107,0.087945059,0.197902447,0.088057232,0.072284734,0.16904527,0.031552555,-0.004756663,0.211667099,0.045958908,0.185484019,0.031269604,0.124887565,0.09244348,0.290677852,0.089456197,0.052749763,0.003663765,0.070275983,0.034145841,0.139435809,0.07533365,0.196195075,0.040763377,0.04415172,0.069454612,0.189550991,0.062298865,0.142480273,0.029685853,0.103143997,0.147868035,0.013262857,0.23731808,0.108715317,0.099632229,0.105031989,0.023039238,0.172216375,-0.092112173,-0.027863536,0.288253272,0.150054258,0.142228652,0.098095526,0.000880335,111.4297253,1135.930758,,,,0.084485667,
WIH2.2021,M1.G,M1.G,CV00,1137,DAP,0.275222199,0.353637706,0.344816472,0.434397666,0.22734672,0.329974588,0.385259977,0.223757743,0.295733432,0.411978151,0.300442392,0.405876719,0.184173644,0.354224315,0.382717058,0.213936951,0.358363577,0.226657915,0.446965649,0.344550774,0.19673251,0.415312105,0.307209979,0.401313478,0.291121817,0.374293974,0.205611589,0.389269674,0.342305539,0.287375187,0.332106371,0.208251279,0.396481312,0.434368078,0.294937303,0.33555989,0.356933742,0.239442758,0.320155103,0.386495464,0.331202819,0.18589229,0.354371551,0.370713914,0.392057135,0.347535564,0.356937878,0.230602344,0.340132215,0.38279011,0.326150932,0.000787335,414.2465491,1270.106898,,,,0.072305865,
WIH3.2020,M1.G,M1.G,CV00,415,DAP,0.202182905,0.346485768,0.246729109,0.424608962,-0.065048522,0.38846903,-0.099439074,0.188978814,0.391342431,0.318824579,0.392733459,0.152222621,0.139846112,0.372540753,0.130259954,0.121285026,0.457782076,0.34074771,0.096944058,-0.027949465,0.203295394,0.046382324,0.350381431,0.264395948,0.504267163,0.186844149,0.248340985,0.385183002,0.231201313,0.210083339,-0.123113988,0.28119201,0.192544202,0.310675831,0.483364662,0.295478883,0.202728868,0.26868512,0.28177923,0.276667042,0.267438915,0.344257664,0.084738811,0.227475903,-0.072093812,0.326016867,0.035556947,0.003418379,0.465491244,0.377080319,0.233586089,0.002289195,102.038528,436.8347807,,,,0.156777113,
WIH3.2021,M1.G,M1.G,CV00,397,DAP,0.449506803,0.372178055,0.350970152,0.581942687,0.227353237,0.475523019,0.274438376,0.565583961,0.430174092,0.36298656,0.519381652,0.162753043,0.350413339,0.646033705,0.267576286,0.130669077,0.543635803,0.563935885,0.291804002,0.254791869,0.2903844,0.390173905,0.62973485,0.341293682,0.471958515,0.358494967,0.367570086,0.516783835,0.398173422,0.424453879,0.034833986,0.309236812,0.421925979,0.40987837,0.598922936,0.242754808,0.598787686,0.553417595,0.447141457,0.271365327,0.53660227,0.524248238,0.268667071,0.347016272,0.28159778,0.437955628,0.434398654,0.245579109,0.559724386,0.40022011,0.398698952,0.002129213,187.2517909,469.6570929,,,,0.137209029,
DEH1.2020,M1.P,M1.P,CV00,1142,AGDD,0.339587641,0.254837083,0.383423084,0.202327234,0.251340455,0.243713532,0.279960597,0.143551988,0.346737668,0.42256708,0.383205069,0.32850106,0.200486243,0.314318105,0.258195591,0.26219174,0.377608532,0.174705959,0.355034442,0.260487196,0.287769996,0.302869656,0.342253481,0.153543485,0.353111253,0.249064042,0.357824567,0.168605392,0.325533104,0.346885325,0.320219798,0.244151947,0.311344409,0.28859982,0.2864633,0.392322897,0.247776943,0.197688257,0.251646445,0.372296299,0.339996946,0.242871727,0.366920657,0.182714293,0.314746174,0.251773294,0.227018614,0.239984329,0.323411988,0.452492816,0.290493631,0.00080317,361.6840048,1245.0669,3087.259767,11087.19349,0.278452773,0.072058814,0.121994682
IAH4.2021,M1.P,M1.P,CV00,1128,AGDD,0.114121075,0.388635273,0.106488638,0.301903169,0.088180691,0.179351258,0.238937124,0.122829069,0.282740485,0.15184772,0.2746638,0.165558623,0.222738099,0.2170679,0.14191702,0.186473228,0.119778897,0.281110043,0.192459302,0.223726001,0.285535852,0.249285476,0.198537578,0.011523022,0.238950635,0.25063388,0.12237669,0.159522072,0.180463905,0.266695961,0.234006137,0.324746941,0.206491496,-0.10126426,0.294984895,0.179646945,0.318943956,0.150438872,0.180590955,0.155140615,0.206292505,0.092936061,0.182196411,0.225201412,0.301984844,0.222991612,0.244451048,0.201060919,0.223242829,0.105090634,0.198264546,0.000853189,232.3804841,1172.072811,,,,0.084390635,
MIH1.2020,M1.P,M1.P,CV00,414,AGDD,0.364912381,0.286358907,0.20947493,0.453952807,0.423718381,0.42164822,0.276845297,0.503855118,0.361859497,0.196584661,0.407035927,0.468685563,0.479789999,0.096508782,0.293100127,0.18077253,0.05525211,0.371131756,0.578272427,0.552945182,0.381891975,0.268775747,0.250209324,0.448017457,0.366525246,0.180986451,0.285145278,0.331358323,0.440508749,0.309990733,0.311873108,0.375352383,0.37061945,0.334283622,0.30237844,0.43608601,0.187643453,0.232129769,0.423274738,0.401384312,0.290601287,0.367366684,0.373240247,0.419506099,0.249768508,0.329145877,0.191833266,0.390312467,0.203243794,0.502715346,0.338777455,0.002148616,157.6723985,465.4158539,,,,0.112937654,
MNH1.2020,M1.P,M1.P,CV00,395,AGDD,0.118704501,0.406954888,0.03914649,0.298968886,0.633486876,0.129353253,0.499126295,0.125122504,0.380897633,0.463450059,0.257096495,0.466609893,0.202282917,0.132951857,0.549110145,0.047436974,0.626723054,0.240889224,0.475695473,0.044402715,0.390359512,0.346678802,0.134007563,0.530096559,0.266813997,0.163320957,0.314045854,0.568991177,0.245797474,0.335805292,0.46949398,0.346471538,0.054117773,0.367530522,0.411082464,0.072234798,0.433341293,0.437021259,0.51006135,0.110893513,0.314276239,0.517632939,-0.089918812,0.418473442,0.567469685,0.230847747,0.4602723,-0.074193261,0.400129915,0.538206957,0.318595459,0.002286252,139.3527466,437.3971523,,,,0.187607388,
MNH1.2021,M1.P,M1.P,CV00,415,AGDD,0.07369912,0.14490065,0.512337615,0.401739325,0.323903241,0.413412414,0.169975433,0.337227524,0.275418161,0.304615564,0.327343344,0.365675767,0.314361458,0.514333022,-0.009936247,0.379663942,0.319232116,0.334224088,0.22907017,0.202939326,0.431887237,0.036376343,0.206308621,0.285354233,0.437204017,0.274655191,0.366116927,0.169053142,0.533823188,0.200249008,0.098098523,0.144139894,0.42536218,0.40562591,0.398265463,0.416835146,0.434491413,-0.019822149,0.360316808,0.411462546,0.205064684,0.288938662,0.317473038,0.424695283,0.307742834,0.46749276,0.225845689,0.31068408,0.156517175,0.358726466,0.300262407,0.002203008,136.2965302,453.9247242,,,,0.133139291,
MOH1.2020,M1.P,M1.P,CV00,1006,AGDD,0.512973544,0.496853878,0.443870764,0.396709409,0.408731731,0.410229483,0.48284151,0.434985303,0.334837509,0.549139589,0.449496978,0.361107682,0.489879864,0.416650084,0.486685796,0.437020971,0.430622573,0.464726572,0.453029402,0.422856069,0.41324809,0.403702529,0.548411875,0.493468529,0.331287389,0.344982809,0.426129556,0.370342022,0.542760873,0.441443898,0.433104322,0.337688484,0.416047831,0.390537321,0.608278536,0.22555706,0.578308348,0.460108503,0.326567272,0.503156314,0.389835965,0.538544399,0.479862255,0.345013007,0.429327961,0.494292439,0.364356319,0.420529973,0.36931083,0.540985382,0.437008776,0.0008058,542.3289973,1241.002531,,,,0.074767163,
NEH1.2021,M1.P,M1.P,CV00,246,AGDD,0.443552191,0.201770289,0.436805752,0.337844821,0.381150733,0.458179345,0.398209636,0.328039996,0.326825305,0.325466733,0.397267419,0.433023486,0.504619484,0.103646999,0.384425557,0.233434824,0.183246857,0.466464937,0.593630905,0.320498834,0.360907448,0.385683847,0.43699716,0.242525702,0.414746463,0.30141157,0.294431253,0.37728,0.393720418,0.441521844,0.191605537,0.378627319,0.319593362,0.39131699,0.503763458,0.229959354,0.466597679,0.377491351,0.48066451,0.176469906,0.481227633,0.509523524,0.360514984,0.106408315,0.353377161,0.341140698,0.305530628,0.42308629,0.478016066,0.287812671,0.361401145,0.003563071,101.4296912,280.6568065,,,,0.10668609,
TXH1.2020,M1.P,M1.P,CV00,246,AGDD,0.611190465,0.469348885,0.47122769,0.681941686,0.46532729,0.554529418,0.563201783,0.430919812,0.52614038,0.588673044,0.720265817,0.274286039,0.619895298,0.530351591,0.444391042,0.513249571,0.652423958,0.627157433,0.450243345,0.405823787,0.355867959,0.465706254,0.557619726,0.520869972,0.700246309,0.475773404,0.632571904,0.635099295,0.355938379,0.523170451,0.557416965,0.415639443,0.240701451,0.587548429,0.725247313,0.581076266,0.563104895,0.680822468,0.274163015,0.585904182,0.548123072,0.699362446,0.649295517,0.311199455,0.44805859,0.212914599,0.69443059,0.443878238,0.578676683,0.631585865,0.525052029,0.002968526,176.872971,336.8675124,,,,0.129116271,
TXH1.2021,M1.P,M1.P,CV00,246,AGDD,-0.075154524,0.17980557,0.180023991,0.230577706,-0.150602977,0.274081348,0.108620061,-0.042029956,-0.073058058,-0.001851969,0.313287994,-0.103861659,-0.079634433,0.222884518,0.089846014,0.285533357,0.196166063,-0.105513838,-0.24143081,0.243493053,-0.003397232,0.040426994,-0.116466333,-0.080157731,0.515656395,0.241106613,0.22981748,-0.085464072,0.310849463,-0.179735076,0.054840764,-0.115575027,0.25212226,-0.019856989,0.284927814,0.012604881,0.206014192,0.082536229,0.141162044,-0.10066469,0.283180463,0.056792763,-0.023858086,0.01660469,0.182114343,0.267595569,0.051582511,0.076782901,-0.220282974,0.247769694,0.081204226,0.004071336,19.94535334,245.619647,,,,0.169964738,
TXH2.2020,M1.P,M1.P,CV00,246,AGDD,-0.017192457,0.408639948,0.278436029,0.595329699,0.56916241,0.446629604,0.496880913,0.300950789,0.400302345,0.381116765,0.595254147,0.287598838,0.284036334,0.576671208,0.263478603,0.594341283,0.435517534,0.173594829,0.529433931,0.238404335,0.398673322,0.433195793,0.353487914,0.138749679,0.636059535,0.323235961,0.475491133,0.272105923,0.477949341,0.468206741,0.337866956,0.427394353,0.311293733,0.469486098,0.442466109,0.553276748,0.455782749,0.37284056,0.333101982,0.330273912,0.588464098,0.54098855,0.011622238,0.369293781,0.327392496,0.25719836,0.214762753,0.368716633,0.332942836,0.71701929,0.391558533,0.003470008,112.8408207,288.1837862,,,,0.150908141,
TXH2.2021,M1.P,M1.P,CV00,246,AGDD,-0.139718045,0.271257398,0.297973167,0.491880069,0.181466355,0.330422009,0.246862844,0.09491106,0.063971856,0.395062083,0.453593735,0.474239513,0.168833221,0.099325897,0.116068547,0.324300421,0.326727786,0.148599826,0.20063198,0.168701556,0.214263122,0.08842102,0.313206771,0.193920196,0.30392935,0.295902298,0.502884592,0.137456526,0.343761493,-0.013338637,0.245221451,0.294302871,0.166866649,0.345496129,0.198071217,0.055696951,0.380211643,0.337156562,0.187097007,0.284237813,0.353084667,0.403911509,0.336389339,-0.129746504,0.191295062,0.196640678,0.323756642,0.016531863,0.234224142,0.313168575,0.236582645,0.00386897,61.14874307,258.4667314,,,,0.143115564,
TXH3.2020,M1.P,M1.P,CV00,266,AGDD,-0.092049342,0.05029296,0.122047072,-0.1897216,0.019049593,-0.218581932,0.117720508,0.113380702,-0.248232515,0.166684561,-0.148177291,0.205846952,-0.032474032,-0.002584002,-0.178234587,0.267512516,-0.185204551,-0.274035813,0.175955759,0.007995147,0.014470523,-0.003662742,-0.189268448,-0.070105519,0.157976536,0.136489726,-0.21702166,-0.058994828,0.027369656,-0.132149002,-0.254320864,0.128612871,0.326704512,-0.059787854,-0.179053635,0.146322453,-0.074041075,-0.185133924,0.107790318,-0.041251675,-0.011420137,-0.051932917,-0.104141928,0.122348006,-0.197601513,-0.047281657,0.193240783,0.120969215,-0.255825007,-0.029342443,-0.020057042,0.003786355,-5.297190194,264.106246,,,,0.153516601,
TXH3.2021,M1.P,M1.P,CV00,245,AGDD,0.392173623,0.2825866,0.266757,0.443296079,0.409969468,0.372534788,0.283809813,0.303734464,0.540893126,0.272380696,0.45590867,0.26000587,0.304065792,0.435394578,0.285800074,0.520354378,0.312105393,0.34088382,0.444884062,0.099775276,0.328132445,0.487995186,0.317034807,0.16352037,0.464865312,0.441753387,0.250362458,0.243775503,0.465564475,0.415407257,0.446529656,0.445200267,0.191593726,0.344969549,0.35078822,0.318326566,0.458607508,0.287630608,0.174468108,0.558247087,0.483405136,0.356129849,0.408074482,0.247097093,0.32175084,0.21018388,0.528959404,0.230800048,0.352835623,0.385876286,0.354143974,0.003599103,98.39784174,277.8470027,,,,0.106814964,
WIH1.2020,M1.P,M1.P,CV00,394,AGDD,0.364479425,0.519366114,0.442742236,0.361978178,0.508621297,0.375815634,0.509993378,0.448847947,0.420186596,0.529118599,0.601398481,0.377122781,0.337538448,0.622914986,0.25480568,0.415469448,0.557954484,0.29321624,0.487628908,0.386607602,0.298530224,0.571529465,0.220140801,0.397036977,0.680480443,0.235386013,0.599000577,0.590190476,0.394856088,0.340504565,0.412332621,0.237609973,0.499379494,0.685344296,0.38957176,0.698417636,0.355072523,0.39649976,0.574629598,0.340559813,0.447453262,0.389647859,0.545078049,0.526451687,0.470474074,0.580695731,0.312452735,0.513420116,0.415324354,0.578058985,0.450238728,0.002033891,221.3682211,491.6685463,,,,0.12176,
WIH1.2021,M1.P,M1.P,CV00,398,AGDD,0.391606989,0.157684195,0.240521809,0.260147795,0.176248175,0.184562497,0.364689282,0.25771532,0.076916843,0.444645211,0.252736939,0.196609036,0.357333443,0.297285711,0.163000744,0.192994814,0.150804693,0.406628926,0.434301131,0.22500552,-0.011963666,0.322769247,0.309204961,0.408544691,0.203305193,0.277550093,0.176710133,0.433225413,0.18747827,0.19946842,0.289702794,0.108303008,0.353713967,0.155369356,0.420469853,0.160518849,0.349453195,0.204096203,0.250031035,0.354187256,0.189678343,0.30617186,0.432615125,0.256076803,0.057419598,0.275397942,0.189034405,0.25858244,0.296267907,0.196602882,0.256828493,0.002358685,108.8863201,423.9651095,,,,0.106186073,
WIH2.2020,M1.P,M1.P,CV00,1127,AGDD,-0.025012072,0.191552976,0.17598935,0.197664596,0.173970785,0.033041823,0.235867259,0.26645123,0.11406707,-0.029817431,0.048911996,0.079893515,0.180810446,0.266581676,0.121224877,0.227934336,0.23828789,0.138104649,0.037035214,0.028802691,0.119648992,0.094757091,0.096017866,0.22020482,0.1432787,0.026078608,0.249719756,0.030502092,0.174680448,0.184353538,0.039357986,0.263413617,0.052435279,0.074016143,0.280799147,0.078770753,0.106006111,0.190554458,0.123710094,0.162643536,0.252402248,0.019045197,0.210115509,0.135934185,0.044170185,0.184627201,0.182813739,0.065904601,0.080118397,0.178375509,0.135316374,0.000872613,155.070339,1145.983556,,,,0.083693094,
WIH2.2021,M1.P,M1.P,CV00,1137,AGDD,0.301338079,0.213107086,0.211554695,0.164571083,0.209585127,0.235197046,0.153483347,0.152019012,0.230621872,0.328518711,0.13102892,0.187156871,0.326261375,0.160724407,0.279289174,0.187619094,0.254970789,0.234595685,0.208828154,0.220724718,0.293943461,0.256239182,0.157272215,0.081458245,0.320698322,0.17700327,0.19455207,0.337611947,0.140776551,0.215651961,0.2520925,0.196883513,0.156433923,0.264156952,0.198878662,0.181994752,0.164844132,0.179596837,0.304753248,0.216024436,0.165762079,0.225732164,0.175071966,0.133438361,0.37167579,0.128447148,0.235672287,0.295055992,0.234453391,0.223078998,0.217408992,0.000839413,259.0013366,1191.30922,,,,0.063024782,
WIH3.2020,M1.P,M1.P,CV00,415,AGDD,0.431551,0.03459494,0.135093442,-0.023855681,0.185423998,0.594253211,0.068845453,0.106693883,0.057726485,-0.155012295,0.084907923,0.26078898,0.229609299,0.127186388,0.044578074,-0.002750338,0.06441118,-0.02935452,0.236951676,0.35419999,0.148435195,0.130547767,-0.069788345,0.193407719,0.182269627,-0.062941218,0.135084697,0.277032445,-0.232151185,0.543477891,-0.110059318,0.332098318,0.473467874,0.061764053,0.074065088,0.21744317,0.308358692,-0.031242348,0.20833253,-0.046958953,-0.176262526,0.214712024,0.276658225,0.241726302,-0.163017576,0.132956535,0.020239435,0.095474846,-0.035165915,0.339560824,0.129707379,0.002380571,54.48581723,420.0672126,,,,0.181763291,
WIH3.2021,M1.P,M1.P,CV00,397,AGDD,0.275409462,0.278820393,0.425985664,0.415602116,0.30385834,0.453342405,0.423768218,0.19684364,0.520179983,0.050311001,0.481529874,0.357389078,0.391561727,0.293248466,0.143957673,0.208049588,0.303224499,0.402416021,0.399677714,0.403601073,0.670797544,0.31943814,0.090837312,0.318662381,0.401783643,0.231766438,0.435350721,0.19296429,0.477852675,0.438115363,0.442564166,0.325788429,0.237402328,0.396651095,0.291951393,0.510773885,0.274409373,0.130938598,0.435864047,0.357649448,0.162186809,0.262580808,0.410130965,0.342208319,0.558971402,0.452487162,0.080067436,0.324599445,0.196785591,0.635913962,0.342725402,0.002234277,153.3943406,447.572137,,,,0.136448395,
DEH1.2020,M1.P,M1.P,CV00,1142,DAP,0.383873842,0.442144134,0.351080257,0.359851928,0.289092669,0.384132589,0.313497757,0.310078387,0.422815876,0.354844092,0.380567733,0.21936795,0.378149539,0.462903787,0.32599436,0.2474791,0.453913361,0.334137361,0.402276884,0.377823366,0.415476068,0.360863822,0.354214572,0.281743579,0.420243139,0.291834959,0.368104291,0.390745048,0.341023255,0.389220858,0.32604546,0.26123993,0.496464213,0.263896239,0.390045664,0.305273279,0.357918752,0.41724945,0.389435649,0.332677666,0.308473952,0.29150396,0.403243519,0.324909418,0.450303681,0.380130491,0.350066494,0.385359654,0.329055476,0.363996616,0.358695683,0.000764331,469.2936108,1308.333592,3013.479474,11168.67412,0.269815328,0.058221357,0.127166036
IAH4.2021,M1.P,M1.P,CV00,1128,DAP,0.290010232,0.303994174,0.473550985,0.380793808,0.508958791,0.379651788,0.404808852,0.360140679,0.40706027,0.394667995,0.472388067,0.365926774,0.396160853,0.367893033,0.378137251,0.355475223,0.347912203,0.435307016,0.387623527,0.421089413,0.370096958,0.399302588,0.350556962,0.480562999,0.338048085,0.42406299,0.337049208,0.348391739,0.431642017,0.460724033,0.375393465,0.430593522,0.323084185,0.478561916,0.365765043,0.370207263,0.450606768,0.411968853,0.420218995,0.267098793,0.429894083,0.419714857,0.374207052,0.366793726,0.388350281,0.26921876,0.29010796,0.507551727,0.511896254,0.327379311,0.391012026,0.000752318,519.7433063,1329.225883,,,,0.059804047,
MIH1.2020,M1.P,M1.P,CV00,414,DAP,0.117009803,0.366944998,0.331399728,0.370585417,0.454425637,0.09287395,0.583636176,0.236162702,0.50434528,0.273004762,0.47246679,0.314793753,0.382260787,0.002586097,0.568149773,0.000762207,0.336228709,0.174331817,0.508412624,0.588739891,0.597890361,0.42014069,-0.049982423,0.156047325,0.446129683,0.210987016,0.496655577,0.320803811,0.115960895,0.380858533,0.459408231,0.338361075,0.65908272,0.21670333,0.065903684,0.388442901,0.379437186,0.119570661,0.237815647,0.556916676,0.141302937,0.343570652,0.587770938,0.309777303,0.447073149,0.490994457,0.357996685,0.201080361,0.3263172,0.293240565,0.333907575,0.002156567,154.8329018,463.6998787,,,,0.17391277,
MNH1.2020,M1.P,M1.P,CV00,395,DAP,0.193936375,0.373569458,0.189133296,0.293911235,0.482814959,0.100726489,0.53783455,0.258841146,0.209465809,0.424184452,0.071512838,0.302758306,0.299174153,0.344955762,0.528920248,0.296163248,0.438381368,-0.027423423,0.495744445,0.032832636,0.339377207,0.569819521,-0.013348637,0.332013161,0.297071499,0.331080255,0.118373623,0.404685239,0.274459377,0.373746119,0.308138573,0.54326216,0.500057368,-0.052513707,0.212865052,0.181966541,0.447410155,0.100703766,0.459416133,0.323228825,0.233957224,0.318425393,0.166824072,0.435458446,0.284937241,0.470760927,0.422165986,0.12108889,0.234798574,0.120345819,0.294160243,0.002324351,126.555888,430.2277108,,,,0.158800809,
MNH1.2021,M1.P,M1.P,CV00,415,DAP,0.217073611,0.150162468,0.338614506,0.032525201,0.638186775,0.105067253,0.505015943,0.250490424,0.487173367,0.045367809,0.472415388,0.40154364,0.19614973,-0.059165734,0.30205434,0.320918721,0.187598076,0.001412763,0.520729524,0.427971721,0.424938905,0.20031167,-0.160453602,0.358751282,0.473166687,0.039361427,0.442194314,0.02004639,0.37519359,0.42130069,0.107726807,0.243813218,0.443485276,0.407684576,0.108694701,0.368334584,0.334825176,0.05813796,0.227477482,0.331872842,0.094762484,0.205912832,0.286735102,0.484522141,0.280826862,0.287769954,0.083058043,0.528596123,0.176731487,0.283929542,0.269620281,0.00224529,120.0825918,445.3767022,,,,0.177168203,
MOH1.2020,M1.P,M1.P,CV00,1006,DAP,0.578181054,0.414428277,0.369297796,0.231397474,0.214313274,0.434409102,0.305879046,0.359556365,0.428182968,0.285351765,0.378098454,0.416304565,0.289096377,0.382452639,0.346392599,0.289514045,0.366196741,0.383381861,0.355846995,0.411549006,0.435679911,0.426812445,0.244128013,0.290697025,0.400879783,0.378941453,0.450634913,0.354707879,0.268884876,0.319425893,0.38196106,0.243990874,0.424233958,0.390461192,0.336965012,0.310892788,0.295407333,0.309732552,0.486138749,0.388864003,0.283806036,0.300298069,0.492791519,0.445883201,0.252215532,0.263279616,0.374395134,0.357712626,0.430753342,0.31603083,0.35792872,0.000868413,412.1639874,1151.525329,,,,0.075708164,
NEH1.2021,M1.P,M1.P,CV00,246,DAP,0.28926636,0.181594193,0.176479682,0.01771542,0.028636931,0.0772672,0.056515817,0.088973605,0.397592155,0.038133692,-0.070587282,0.08913266,-0.049385332,0.216517619,0.416161271,0.189180425,0.250125992,-0.081069051,0.274053215,0.067551399,0.078399474,0.124704265,-0.033818137,0.135673097,0.40333512,0.011687232,0.055204807,-0.054513377,0.31150409,0.366550431,0.200303431,-0.016108758,0.500336758,0.023129062,0.021395819,-0.185738187,0.233439219,0.089535602,0.39811674,-0.003506499,-0.003526475,0.408446296,0.270082355,0.30119329,-0.303862553,0.183972265,0.09855346,0.039321535,0.183516617,0.129105368,0.132405766,0.004026511,32.88349704,248.3539646,,,,0.167575896,
TXH1.2020,M1.P,M1.P,CV00,246,DAP,0.668696191,0.525324945,0.718848215,0.742243846,0.616888927,0.656860493,0.496173515,0.64015144,0.778260669,0.658693244,0.672342862,0.669009504,0.522913846,0.652717017,0.774499255,0.462780288,0.743771841,0.78088875,0.708502223,0.431346519,0.700237071,0.366165236,0.744840223,0.742351559,0.684896948,0.72820438,0.724631605,0.654332648,0.701482774,0.49542793,0.573793089,0.626455722,0.632142119,0.733862361,0.744208812,0.370784813,0.665845892,0.872449188,0.572770149,0.655543697,0.845185277,0.776396068,0.482236847,0.471599532,0.585373073,0.73093377,0.695731082,0.487597671,0.790488517,0.557724787,0.646692129,0.002384382,271.2199793,419.3958257,,,,0.118889023,
TXH1.2021,M1.P,M1.P,CV00,246,DAP,0.129084304,-0.255541017,0.110330031,0.038472137,0.068013424,-0.00376053,-0.032974078,-0.264438687,0.292596256,0.031048638,-0.188438593,0.002161895,0.191072651,0.01687221,0.089421186,0.023246254,0.195490635,0.163666082,-0.01835406,-0.424176548,0.016394395,-0.004572701,0.087140709,-0.081208436,0.051546164,0.232783335,-0.085915677,-0.09180479,0.127826507,0.040742187,-0.158377578,-0.118443335,0.054879662,0.061439616,0.266837836,-0.020628406,0.380973995,0.082987686,-0.308823151,-0.087131847,-0.113688148,0.284791968,-0.002188888,0.186074065,-0.209446395,-0.044406399,0.157086476,-0.224163989,0.123423899,-0.02064888,0.014945441,0.004097445,3.647502422,244.0545135,,,,0.163851951,
TXH2.2020,M1.P,M1.P,CV00,246,DAP,0.485272282,0.468830093,0.105104093,0.591510432,0.536812167,0.610403115,0.425352376,0.473711823,0.389915842,0.301684373,0.496471397,0.533587302,0.493464877,0.388206213,0.406062038,0.137873374,0.453402968,0.688141462,0.546705908,0.343267392,0.479518543,0.401978585,0.524804308,0.273573255,0.573341523,0.259828794,0.463107682,0.601590318,0.442823058,0.527530836,0.180264029,0.474763457,0.520804725,0.522104544,0.468853675,0.469729991,0.41603466,0.500042647,0.386037152,0.494509696,0.472985853,0.574164234,0.249369793,0.431875707,0.551468799,0.59146388,0.606000659,0.198796415,0.438502581,0.375658792,0.446946154,0.003279669,136.2778411,304.908857,,,,0.126677337,
TXH2.2021,M1.P,M1.P,CV00,246,DAP,0.080827419,0.372831041,0.238126399,0.114863955,0.351412153,0.039987261,0.376982703,0.14479897,0.3572557,0.323428355,0.192062584,0.142372676,0.196532842,0.109056672,0.454283284,0.063851489,0.202478596,0.149714549,0.404709275,0.370402129,0.158931769,0.408669122,0.209200988,0.091689808,0.412083261,0.184130729,0.306841668,0.21907486,0.416589493,0.085183363,0.194075237,0.020864419,0.458202694,0.24027555,0.114338766,0.235733848,0.341570446,0.320302367,0.02895336,0.274775441,0.419612181,0.147061642,0.210990065,0.206151746,0.024166622,0.172443131,0.239917324,0.270664271,0.414960991,0.112209586,0.232512856,0.003876794,59.97554865,257.9450861,,,,0.126735822,
TXH3.2020,M1.P,M1.P,CV00,266,DAP,-0.040376091,-0.055407398,0.067697364,0.038788389,-0.13499402,-0.015321161,-0.311657248,0.115920338,0.21235812,-0.141038585,0.096048249,-0.07086813,-0.011311028,0.074252112,-0.202781711,-0.116866954,0.005423268,-0.040952861,0.109788678,-0.080513517,-0.327195525,0.052572594,0.174859991,-0.071093608,0.134766618,0.134700393,0.154686251,-0.322325035,-0.025582671,-0.027860669,-0.046573827,0.047976384,0.087295449,-0.071923799,-0.115888617,0.050199504,0.006049105,-0.085268916,-0.02017368,-0.022401898,-0.199423185,0.123810258,0.014769014,0.136774362,-0.092701592,-0.204994608,-0.004464934,0.134642359,-0.078849294,-0.014770987,-0.019604055,0.003786423,-5.177460315,264.1014992,,,,0.12634254,
TXH3.2021,M1.P,M1.P,CV00,245,DAP,0.283140343,0.276782143,0.375939872,-0.032159046,0.325429418,0.24988398,0.299094166,0.548242984,-0.004601901,0.163225896,0.203142166,0.188572437,0.14350772,0.379910727,0.245857709,0.093155509,0.316688133,0.304330622,0.242753988,0.20922378,0.458612623,0.104961659,0.304988285,0.147110746,0.198487143,0.129013475,0.418563456,0.299886663,0.093983924,0.251759948,0.326795274,0.450803593,0.168915721,0.179436045,0.131049912,0.227675062,0.154533958,0.421230302,0.21603771,0.149200707,0.216501473,0.359636574,0.247595295,-0.032269944,0.315997845,0.273892846,0.328390333,0.321753981,0.244209326,0.026148078,0.238940453,0.003880278,61.57818513,257.7135195,,,,0.124585241,
WIH1.2020,M1.P,M1.P,CV00,394,DAP,0.575228599,0.528950219,0.447854511,0.378231677,0.55095459,0.143190037,0.64976543,0.445575339,0.30324344,0.690347643,0.402057874,0.688923714,0.293174675,0.583494931,0.320774451,0.340388736,0.616522838,0.527567477,0.624825544,0.022015063,0.315318102,0.547466525,0.367210899,0.556642794,0.493956261,0.579404223,0.348728424,0.581829258,0.403160582,0.516068507,0.415645562,0.344862972,0.483400389,0.485694167,0.67282728,0.50273541,0.43939442,0.570413304,0.484660325,0.40380549,0.49683861,0.494766126,0.373963885,0.763106475,0.137046506,0.348439127,0.653831067,0.490738513,0.531806328,0.388770215,0.466512371,0.001995832,233.7432873,501.0441351,,,,0.147678934,
WIH1.2021,M1.P,M1.P,CV00,398,DAP,0.049014651,0.287526585,0.127551807,0.265115428,0.481776768,0.06704265,0.093637849,0.309816465,0.343811152,0.284989892,0.339854027,0.273632093,0.117169597,0.076607965,0.385633624,0.249003853,0.04599069,0.190577943,0.463660142,0.189642396,0.118277402,0.279895105,0.026833115,0.348491678,0.387267167,0.556948756,0.151917576,0.13391244,0.319838622,0.117776218,0.368687015,0.164183818,0.43150452,0.092726713,0.161845003,0.088446082,0.25612305,0.139914908,0.477631047,0.186587052,0.132631729,0.301602437,0.293028837,0.273389829,0.190478923,0.381699996,0.224244114,0.038297636,0.171781389,0.354378314,0.236247921,0.00238431,99.0843814,419.4084791,,,,0.132593922,
WIH2.2020,M1.P,M1.P,CV00,1127,DAP,-0.140407588,0.012032844,0.097658445,0.061088046,0.275015014,0.058513381,0.09858303,-0.066911378,0.033069723,0.120143772,0.17213859,-0.007600806,0.081313715,0.162068438,-0.118080043,0.168140319,0.065558238,0.062048582,0.089322269,-0.149888394,-0.106601965,0.169672662,-0.045248761,0.05033993,0.168701938,0.057002547,0.094916236,0.075286602,0.029307428,-0.015924179,0.17479337,0.143369374,-0.133807756,0.075101835,0.055174057,-0.025344497,0.054513499,0.025756993,0.214067105,-0.099242813,-0.002486316,0.16479278,0.087811119,0.077461238,-0.105778244,0.228597385,0.130679043,-0.106149223,-0.032643267,0.085455323,0.051267593,0.000886553,57.82803513,1127.964704,,,,0.103488066,
WIH2.2021,M1.P,M1.P,CV00,1137,DAP,0.118517906,0.174493848,0.015326592,0.020908837,0.16632028,0.017826092,0.069423978,0.19239952,0.15226677,0.107111909,0.19948224,-0.019222407,0.303717959,-0.08019749,0.097116954,0.170907646,0.05702824,0.087774759,0.126780677,0.058424218,0.137946067,0.035937905,-0.013524382,0.137520042,0.206297191,0.00958942,0.156103221,0.064678641,0.136153207,0.121206481,0.151649177,0.159866967,0.022699053,0.151217935,-0.016875969,-0.04500832,0.15131404,0.009922557,0.154597824,0.221191563,0.002642248,0.109178461,0.18965873,0.105743669,0.120920432,0.133965322,0.189547746,0.12445024,0.007025021,0.101098301,0.101462426,0.000871987,116.3577129,1146.805936,,,,0.079550094,
WIH3.2020,M1.P,M1.P,CV00,415,DAP,-0.133252463,-0.089330911,0.247252759,-0.044383525,0.090396218,-0.300162821,-0.095055541,0.312497133,0.189352766,0.09593091,0.063500427,-0.037933168,-0.076997402,-0.113863299,0.375709729,0.080563891,0.052816864,0.059578945,-0.044010241,-0.062434492,-0.04013259,0.140646361,-0.256410051,-0.046655537,0.268642867,0.027484618,-0.06680644,-0.029398397,0.244128938,0.001338921,0.21225177,-0.043749275,0.167988959,-0.059228158,-0.033949417,0.262511623,-0.032943661,-0.23095345,0.081396854,-0.006130254,-0.234407349,-0.144324021,0.265090448,0.24457712,-0.038786222,0.127782993,0.012858859,0.047396212,-0.228943896,0.142364383,0.02647636,0.00241961,10.94240716,413.2897151,,,,0.158036531,
WIH3.2021,M1.P,M1.P,CV00,397,DAP,0.268899504,0.342167333,0.40770435,0.124455302,0.396482062,0.317287002,0.483852125,0.036883172,0.480072512,0.180788282,0.346263366,0.435552988,0.223353976,0.197853556,0.328440708,0.022991561,0.418510374,0.480262683,0.304157045,0.222352159,0.286099489,0.309926649,-0.004855979,0.436313758,0.417812757,0.002789961,0.285701178,0.359683149,0.278870719,0.597655255,0.215947802,0.306116482,0.366255067,0.481807342,0.261644185,0.45127493,0.221021964,0.209220736,0.312982438,0.346217737,0.256502249,0.284665812,0.465978262,0.239478196,0.383214955,0.299165808,0.125222313,0.539817861,0.306930879,0.15146773,0.304265195,0.002297273,132.4462713,435.2987905,,,,0.136533969,
DEH1.2020,M10.G.P,M10.G.P.W-Int,CV00,1142,AGDD,0.715320542,0.653707322,0.647231811,0.693824687,0.680690022,0.702991329,0.638004925,0.6310644,0.681993084,0.708477434,0.742171821,0.672449819,0.649599109,0.66331546,0.673006089,0.686531271,0.680018267,0.689072858,0.665426598,0.656406483,0.708088832,0.67641204,0.698253897,0.620649672,0.683847841,0.659013994,0.69410157,0.631772107,0.70280453,0.678262751,0.700239813,0.697079101,0.671150263,0.647708941,0.676656795,0.674466045,0.649581853,0.673723902,0.707938845,0.688193701,0.648672203,0.693603616,0.693146076,0.652891077,0.70731498,0.620562003,0.70189514,0.630834703,0.697731625,0.741758842,0.677193202,0.00047492,1425.908558,2105.615582,4981.473332,12634.5814,0.394272922,0.028426588,0.10972719
IAH4.2021,M10.G.P,M10.G.P.W-Int,CV00,1128,AGDD,0.42222046,0.576211664,0.44386933,0.448862701,0.242894351,0.447895378,0.489534601,0.413321814,0.501172799,0.342189477,0.542299693,0.377983191,0.457903823,0.427722909,0.396405238,0.435139776,0.36184434,0.428635301,0.467353772,0.489952258,0.442018407,0.480824985,0.405207347,0.430917106,0.456403951,0.490525804,0.42154273,0.356981983,0.457558727,0.415288086,0.488474725,0.488652543,0.421631345,0.309813691,0.473949771,0.453188872,0.561038904,0.321565624,0.457070416,0.363443086,0.400612816,0.389237559,0.459397077,0.428592946,0.533321402,0.436740973,0.461914894,0.465562708,0.46982105,0.376262579,0.4366195,0.000718795,607.4323956,1391.216829,,,,0.062515718,
MIH1.2020,M10.G.P,M10.G.P.W-Int,CV00,414,AGDD,0.304758521,0.512572728,0.319263806,0.593279338,0.23995969,0.42488129,0.495005056,0.429936559,0.389248166,0.312247346,0.441703679,0.363158934,0.489993519,0.444027305,0.315245268,0.241729277,0.315950772,0.461425093,0.484948896,0.440193157,0.437193785,0.300416707,0.481222489,0.428582788,0.46605356,0.361914274,0.384488046,0.294800379,0.607719923,0.383628249,0.480427084,0.405307036,0.382245825,0.406939537,0.324549323,0.279782438,0.478619017,0.433947462,0.264367097,0.536061982,0.417171661,0.320774465,0.496963477,0.334649939,0.610857835,0.516730544,0.33254776,0.445896556,0.501499689,0.334370919,0.409385165,0.002020398,202.626046,494.9520972,,,,0.092616865,
MNH1.2020,M10.G.P,M10.G.P.W-Int,CV00,395,AGDD,0.326951685,0.64142519,0.552231018,0.338460398,0.626289579,0.23002161,0.637938413,0.150369056,0.535502145,0.756439877,0.396941747,0.623096703,0.274316662,0.557857007,0.694331883,0.508394532,0.652674701,0.479414702,0.6270697,0.137454738,0.512045956,0.441954459,0.376273538,0.644330496,0.692434972,0.244582941,0.429726589,0.780873041,0.572698553,0.527218268,0.589903384,0.670930625,0.136239675,0.669076307,0.500192507,0.355643899,0.544165506,0.637552506,0.557797299,0.535680442,0.728591568,0.655915628,0.071338581,0.477240048,0.615540787,0.379233705,0.695321353,0.373365873,0.497966668,0.585284623,0.504926023,0.001895801,266.339177,527.4815814,,,,0.174404699,
MNH1.2021,M10.G.P,M10.G.P.W-Int,CV00,415,AGDD,0.129640639,0.38609419,0.422684472,0.606013635,0.218479716,0.558912727,0.433580436,0.230685258,0.26086704,0.442938534,0.482222025,0.281591132,0.268973154,0.394729335,0.512793924,0.411747505,0.45583169,0.381952077,0.41543972,0.22973139,0.37868066,0.288455384,0.32164629,0.426434604,0.468277386,0.295325292,0.399056579,0.286672114,0.517249263,0.513042922,0.290747829,0.430700408,0.375467761,0.249993577,0.569296623,0.378597661,0.580927406,0.371127421,0.038467918,0.406708211,0.378050884,0.407603864,0.290206324,0.479887837,0.452715802,0.309285959,0.482875759,0.435540389,0.333581262,0.363439446,0.380899429,0.002070014,184.0081751,483.0886088,,,,0.114171371,
MOH1.2020,M10.G.P,M10.G.P.W-Int,CV00,1006,AGDD,0.390190647,0.315039943,0.298138506,0.242752896,-0.009404182,0.306150207,0.282846479,0.316779251,0.104669352,0.250733869,0.212802815,0.241917546,0.234064809,0.308251918,0.280883027,0.287445885,0.104733024,0.317899688,0.366492665,0.216335222,0.27876228,0.246852635,0.322551898,0.203322284,0.184721147,0.163402962,0.262293057,0.272015042,0.314437099,0.210390513,0.301188166,0.309371929,0.14332831,0.280235781,0.276651996,0.061870209,0.384890702,0.338466262,0.14448621,0.269946939,0.21819446,0.303864362,0.263006972,0.334752631,0.177936284,0.248327356,0.285418457,0.182176483,0.28629141,0.28507314,0.252459011,0.000932534,270.7235627,1072.346603,,,,0.080086343,
NEH1.2021,M10.G.P,M10.G.P.W-Int,CV00,246,AGDD,0.489745893,0.263694924,0.447510123,0.398172987,0.470442612,0.527009332,0.443462765,0.453428171,0.404628751,0.361895341,0.446094972,0.496543368,0.58437828,0.15215294,0.462776203,0.32084354,0.191805405,0.498041489,0.652600851,0.41260781,0.433792014,0.417343539,0.470902661,0.301123229,0.479751685,0.405208545,0.418560764,0.468485078,0.376609901,0.493551571,0.291995399,0.461756725,0.319941322,0.431196465,0.608069053,0.350073265,0.55130807,0.431585884,0.541331277,0.170442739,0.618739597,0.520569662,0.348156895,0.215447947,0.381746153,0.349934748,0.358915222,0.457777088,0.572204385,0.340335692,0.421293847,0.003370949,124.9778261,296.6523891,,,,0.111567727,
TXH1.2020,M10.G.P,M10.G.P.W-Int,CV00,246,AGDD,0.739845254,0.683918054,0.725604116,0.761821109,0.648645596,0.717161857,0.767282748,0.617602116,0.66253517,0.824393611,0.81581639,0.515871289,0.819385522,0.797316698,0.607544607,0.709887853,0.708108003,0.7721093,0.706277764,0.720638895,0.566897185,0.666103248,0.701086974,0.726538011,0.822843863,0.624090673,0.713023925,0.830986269,0.719611883,0.559463422,0.778206879,0.661757503,0.496122531,0.763096839,0.807050646,0.683661524,0.754024397,0.814701338,0.525466701,0.792295125,0.794084632,0.73211784,0.848017245,0.465238033,0.64144207,0.574572857,0.857091555,0.720359337,0.625083425,0.690453129,0.7055451,0.002058222,342.7935274,485.8562936,,,,0.096466695,
TXH1.2021,M10.G.P,M10.G.P.W-Int,CV00,246,AGDD,0.05054724,0.175846529,0.173880152,0.125529328,-0.044750133,0.217043658,0.183194817,0.012043327,-0.047790832,-0.018966419,0.256978993,0.040612452,-0.12594486,0.124442401,0.229426703,0.342256091,0.089469145,-0.030238807,-0.211213966,0.202493016,0.11030564,0.019261129,-0.118672869,-0.134627898,0.513403276,0.170275147,0.249842981,-0.137059429,0.336628076,-0.004136309,0.141257887,-0.075976034,0.206791971,0.051809083,0.136591886,-0.025080821,0.176614207,0.085968907,0.082269321,0.065808853,0.29297045,-0.015874292,0.090543425,-0.053597476,0.236657813,0.218725593,0.157309435,0.078708419,-0.117114085,0.193172633,0.093552715,0.004062491,23.02840968,246.1543703,,,,0.146081494,
TXH2.2020,M10.G.P,M10.G.P.W-Int,CV00,246,AGDD,0.132014539,0.308675414,0.533133669,0.682295868,0.701367256,0.458617015,0.528063291,0.436371436,0.426999433,0.593612313,0.632119058,0.43134613,0.445627092,0.728778132,0.226067951,0.760843439,0.461125792,0.298534348,0.535523932,0.293076013,0.340446507,0.446482015,0.494604512,0.38895419,0.653147345,0.480007702,0.492188796,0.261394338,0.700603909,0.608566749,0.468334626,0.525988746,0.494508864,0.598276028,0.360232315,0.691409835,0.477810115,0.498311339,0.291624016,0.592485946,0.627134284,0.548191248,0.028475386,0.656910673,0.322999487,0.318041365,0.312211029,0.598815166,0.368566325,0.720499793,0.479628295,0.00315556,151.9946567,316.9009381,,,,0.162121146,
TXH2.2021,M10.G.P,M10.G.P.W-Int,CV00,246,AGDD,0.033319311,0.172553131,0.326255884,0.257186518,0.2221208,0.241925807,0.306089556,0.041486901,0.017577121,0.351643048,0.31915411,0.417189276,0.222138365,0.227080831,-0.07983224,0.317450272,0.23376992,0.204503572,0.061452758,0.257169165,0.253744769,0.23640681,0.118479064,0.230243192,0.072414281,0.355583053,0.316441302,0.170027261,0.334988075,-0.052351175,0.40152876,0.161623672,-0.092839529,0.378431221,0.173597315,-0.0525498,0.191546047,0.372586727,0.20140206,0.363014799,0.370872837,0.42580241,0.237461585,-0.209178508,0.127661639,0.187622924,0.303017518,0.014755782,0.060544916,0.287103496,0.201804332,0.003931455,51.33069919,254.3587575,,,,0.148212232,
TXH3.2020,M10.G.P,M10.G.P.W-Int,CV00,266,AGDD,-0.142669355,0.019916939,-0.137699761,-0.215363397,0.10422087,-0.107197533,0.127000678,-0.032868265,-0.185787212,-0.063141912,-0.10105868,0.187341608,-0.115937005,-0.183854429,-0.07758593,0.015632104,-0.171829999,-0.041413043,-0.126033429,0.020925038,-0.048161899,0.099166865,-0.101414882,-0.259625982,-0.029349229,0.286925578,-0.400191476,-0.131235138,-0.101574353,0.004022237,-0.170769619,0.179033372,0.012698323,-0.182019539,-0.081958676,0.241931013,-0.166615572,-0.160733617,-0.17793143,0.039352949,-0.187643344,-0.090741865,-0.095139538,0.171003541,-0.026584385,0.064538686,0.130934432,-0.001322527,-0.271747297,-0.275323677,-0.059157595,0.003774623,-15.67245281,264.9271446,,,,0.142590174,
TXH3.2021,M10.G.P,M10.G.P.W-Int,CV00,245,AGDD,0.566412525,0.466434122,0.532006425,0.331838544,0.399886238,0.426396134,0.537025766,0.453106899,0.530556831,0.419797147,0.422767425,0.304711345,0.520377506,0.598491325,0.425306965,0.611996838,0.427051902,0.447442056,0.550942268,0.142286063,0.48894277,0.465085236,0.381094198,0.326360589,0.584900567,0.507145182,0.421041124,0.423920939,0.524091202,0.416736743,0.531507628,0.500424543,0.424050501,0.446185095,0.463537079,0.372994894,0.626186958,0.416159708,0.314887996,0.571366792,0.5662266,0.495417727,0.5160572,0.262548816,0.405577042,0.315705743,0.512929051,0.446753096,0.381093398,0.539360233,0.455262459,0.003262288,139.5530979,306.5332866,,,,0.096531228,
WIH1.2020,M10.G.P,M10.G.P.W-Int,CV00,394,AGDD,0.26774517,0.495333597,0.513435973,0.546551876,0.51200842,0.436878884,0.54862158,0.327350586,0.378474263,0.632060901,0.609818005,0.504258679,0.340649517,0.612800232,0.355035092,0.329253626,0.585519802,0.530893148,0.410086106,0.489524879,0.274399359,0.71256119,0.447578703,0.327251652,0.63337928,0.356625526,0.583401528,0.582450864,0.502446636,0.250751855,0.521555032,0.216332779,0.459305113,0.660774602,0.624431816,0.589235386,0.476764344,0.489696637,0.57652999,0.436694792,0.595120582,0.656374369,0.614756276,0.413765553,0.43515084,0.528377701,0.432310933,0.603927804,0.397133392,0.654606512,0.489599828,0.00193952,252.4334469,515.5913721,,,,0.12210021,
WIH1.2021,M10.G.P,M10.G.P.W-Int,CV00,398,AGDD,0.272741252,0.267110936,0.437170877,0.314584303,0.334434574,0.448233716,0.342572667,0.252373038,0.263278733,0.392683323,0.341831995,0.110883751,0.476007883,0.524395433,0.15511526,0.334394657,0.306684259,0.470825384,0.448421369,0.289738179,0.024843887,0.343118318,0.446234007,0.440529359,0.420270565,0.389210558,0.367470087,0.282088875,0.232352134,0.449599783,0.354074523,0.106556231,0.559767275,0.318414411,0.488895506,0.37172106,0.423469126,0.330018471,0.155594552,0.439242843,0.331239135,0.38129828,0.551198966,0.389422229,0.125548896,0.315308097,0.210037887,0.399460561,0.387302504,0.392240731,0.344200209,0.002226076,154.6219275,449.2208998,,,,0.117328024,
WIH2.2020,M10.G.P,M10.G.P.W-Int,CV00,1127,AGDD,-0.102906754,-0.073465436,-0.123303497,-0.018435905,0.055281216,-0.002495494,-0.116161117,-0.041430917,-0.042919007,-0.078524502,-0.084022289,-0.086044287,-0.068776445,-0.054878766,-0.004099616,-0.19134002,0.009483675,0.03984103,-0.127029658,-0.030410715,-0.036301285,-0.037129012,-0.1395011,-0.022353862,-0.027568052,-0.243800377,0.080260369,-0.084298678,0.064300941,-0.072369346,0.011548484,-0.028451918,-0.115482064,-0.030198612,-0.1632133,-0.262319065,-0.063244866,-0.011563556,-0.094913103,0.13903607,0.061208523,-0.105761394,-0.136912898,-0.059901122,0.001324475,-0.181409927,0.093426256,0.012991667,-0.080791351,-0.095205594,-0.055404644,0.00088616,-62.52214719,1128.464017,,,,0.081497853,
WIH2.2021,M10.G.P,M10.G.P.W-Int,CV00,1137,AGDD,0.370750529,0.469378293,0.355451792,0.335534391,0.358220677,0.39567888,0.240629084,0.321410329,0.402258605,0.494069353,0.29416005,0.317124183,0.411770957,0.317611186,0.521419943,0.41460302,0.38199177,0.383014734,0.390060266,0.312957403,0.375204187,0.38749446,0.363994863,0.31416708,0.43861085,0.375875234,0.322022519,0.505042101,0.300500477,0.363550389,0.510490728,0.315813113,0.32873735,0.489048344,0.255235222,0.33884697,0.43473395,0.374601043,0.417774647,0.307019516,0.409252685,0.395049923,0.336316111,0.270909088,0.439790485,0.25838919,0.379198945,0.433307508,0.448504058,0.359391515,0.37473936,0.000757331,494.8159774,1320.427023,,,,0.067915562,
WIH3.2020,M10.G.P,M10.G.P.W-Int,CV00,415,AGDD,0.309529701,0.199108923,0.270133899,0.110316289,0.119435288,0.45018722,0.046611773,0.108914939,0.121694378,0.132826706,0.127288875,0.13644425,0.420726336,0.19160368,0.222660859,0.109048687,0.026390935,0.184404178,0.275766195,0.249683969,0.084675033,0.161187281,0.039995549,0.261422704,0.338574365,-0.019538512,0.139354716,0.300225442,-0.006611585,0.560616906,0.013899129,0.250270603,0.26253488,0.230548322,0.157062019,0.157107223,0.345796327,0.18793862,0.046980852,0.129921725,0.174917049,0.325562444,0.247780291,0.225233362,-0.162718701,0.230883732,0.123907999,0.235727585,-0.090849473,0.375222554,0.182808111,0.00234039,78.11009572,427.279159,,,,0.135139947,
WIH3.2021,M10.G.P,M10.G.P.W-Int,CV00,397,AGDD,0.355354671,0.620906784,0.64340799,0.560350421,0.426262796,0.530044071,0.599418442,0.264701992,0.57935447,0.566667127,0.650521129,0.40206729,0.552830112,0.550960102,0.480697336,0.388052561,0.498263421,0.587327028,0.676191476,0.380972441,0.643356749,0.550075552,0.316068932,0.552275258,0.641805275,0.348293899,0.619005546,0.488644159,0.642353117,0.594532702,0.533126941,0.599228989,0.306730117,0.666693224,0.544284358,0.519533971,0.553809933,0.54515728,0.55072379,0.555571278,0.579594504,0.557502042,0.422768344,0.405290676,0.626918156,0.541198269,0.526843822,0.414642917,0.509668484,0.719240178,0.527785803,0.001826436,288.9703533,547.5144498,,,,0.105042737,
DEH1.2020,M10.G.P,M10.G.P.W-Int,CV00,1142,DAP,0.634512111,0.708155362,0.697656671,0.684690246,0.688683893,0.71078888,0.68595154,0.576250378,0.697687255,0.731900541,0.680995137,0.667808155,0.622166822,0.734036503,0.683828849,0.622219353,0.730631857,0.642294811,0.72697393,0.698329264,0.738017686,0.630656588,0.65907724,0.683839668,0.698601453,0.68194617,0.691430419,0.67044531,0.677731938,0.699469601,0.663754076,0.629533089,0.782179676,0.683965066,0.625713358,0.682216499,0.670673885,0.668298003,0.6886409,0.71397925,0.644260458,0.629757805,0.714284841,0.709838816,0.729869292,0.722117729,0.645934634,0.684761875,0.651979824,0.734165084,0.682654036,0.000468407,1457.396433,2134.897557,5101.741392,12613.4235,0.404469206,0.038829826,0.112641676
IAH4.2021,M10.G.P,M10.G.P.W-Int,CV00,1128,DAP,0.48116915,0.504227222,0.519434214,0.495489208,0.504571462,0.52667159,0.554646769,0.45823386,0.516981958,0.421002263,0.508142139,0.437007809,0.610637886,0.514338336,0.437703695,0.530435345,0.490923322,0.457763608,0.508320452,0.508144016,0.457974099,0.54726765,0.543789435,0.484640976,0.436352108,0.539312363,0.539610151,0.494278731,0.42079621,0.527846419,0.492331879,0.546961479,0.427555821,0.545068324,0.504005627,0.448866472,0.575071703,0.513350549,0.498373066,0.456696491,0.390466319,0.512781745,0.472219948,0.540635425,0.586571215,0.348230403,0.436893626,0.634248242,0.555723016,0.483144199,0.49893816,0.000667017,748.0145861,1499.213021,,,,0.054729239,
MIH1.2020,M10.G.P,M10.G.P.W-Int,CV00,414,DAP,0.231347962,0.430237347,0.537751145,0.484421361,0.462093492,0.285753221,0.599136602,0.191152261,0.344221549,0.713029614,0.616596589,0.282593391,0.389269472,0.280426944,0.574576661,0.359992953,0.466893265,0.123541796,0.596156617,0.528100134,0.454611655,0.372267631,0.188034658,0.366749096,0.618876432,0.326502305,0.504891302,0.297341234,0.346799317,0.607772954,0.460580583,0.353045683,0.668327376,0.310702812,0.297939779,0.377383472,0.419317103,0.312864734,0.377421269,0.559170673,0.254714593,0.51003694,0.582427435,0.439503648,0.329901673,0.430186485,0.421738343,0.332708699,0.489353272,0.447551032,0.419120291,0.002000821,209.4741744,499.794877,,,,0.133385295,
MNH1.2020,M10.G.P,M10.G.P.W-Int,CV00,395,DAP,0.411688819,0.496755223,0.61102992,0.549426631,0.456935939,0.465498845,0.466585279,0.530870137,0.544502438,0.446892262,0.336534954,0.555746193,0.44728896,0.698381065,0.366253427,0.42149094,0.773658148,0.354632659,0.468332699,0.197792941,0.474182817,0.518472504,0.284589564,0.633954635,0.550842263,0.38249248,0.491320735,0.640353387,0.356094418,0.613449865,0.399893039,0.647899141,0.273576812,0.436706938,0.592591257,0.153359715,0.470338924,0.373304496,0.794545938,0.515011493,0.602073821,0.629124945,0.135476488,0.400541358,0.41196824,0.596557327,0.421178882,0.374327938,0.497355519,0.474710142,0.474931851,0.001970585,241.0106412,507.4636299,,,,0.139235846,
MNH1.2021,M10.G.P,M10.G.P.W-Int,CV00,415,DAP,0.270387194,0.14402011,0.547859386,0.182656624,0.660199471,0.092029406,0.579644178,0.422968274,0.580508789,0.232929183,0.329189185,0.385776612,0.409805179,0.305499948,0.370760035,0.478639709,0.317881219,0.232438006,0.532168222,0.331637586,0.419386747,0.211447624,0.2243702,0.403611263,0.439909036,0.283846657,0.359627682,0.192648191,0.526288386,0.446453876,-0.015714395,0.337571191,0.38615005,0.543055426,0.368827515,0.309413643,0.63052303,0.276675649,0.400468157,0.159694252,0.246446858,0.25648344,0.275906834,0.589165578,0.39803547,0.38386355,0.167239128,0.586723333,0.367465048,0.211374908,0.355879133,0.002114649,168.2922936,472.8917155,,,,0.14892376,
MOH1.2020,M10.G.P,M10.G.P.W-Int,CV00,1006,DAP,0.36279879,0.267991723,0.289457147,0.107894345,0.141701447,0.33493214,0.127964409,0.138417749,0.271405049,0.247586259,0.260739389,0.166829249,0.199522555,0.257374032,0.26628238,0.238858135,0.259056352,0.270130542,0.067865095,0.303646054,0.244553461,0.305925329,0.145288399,0.163314021,0.283493832,0.304428441,0.225058937,0.331333792,0.156650014,0.091314057,0.336923675,0.180225019,0.240052399,0.211973706,0.164945547,0.198851977,0.246236539,0.043163186,0.31702179,0.274777531,0.243154146,0.12994618,0.214087813,0.337560236,0.201066648,0.130064799,0.240799465,0.197312694,0.296010389,0.252567046,0.225771078,0.000945246,238.8489075,1057.925175,,,,0.07593119,
NEH1.2021,M10.G.P,M10.G.P.W-Int,CV00,246,DAP,0.361422315,0.403888224,0.393862297,0.20303909,0.13922701,0.109883219,0.376565578,0.288453103,0.538324148,0.228976554,0.091415878,0.294209537,0.21121977,0.353318067,0.50174341,0.319247369,0.368723787,0.127039699,0.322908463,0.2279703,0.277245429,0.271571128,0.153475977,0.248313583,0.469207533,0.259671979,0.176308124,0.080268047,0.376084048,0.593547193,0.325381836,0.169719649,0.575754742,0.236628175,0.285528668,0.160407507,0.400972987,0.239388266,0.516272782,0.045627085,0.128556405,0.456908849,0.409313491,0.513777609,-0.104234832,0.352921435,0.253775088,0.23001276,0.346279857,0.285080094,0.291904066,0.003749148,77.85878202,266.7272951,,,,0.145424835,
TXH1.2020,M10.G.P,M10.G.P.W-Int,CV00,246,DAP,0.724060618,0.596879773,0.747674296,0.772625493,0.581294136,0.733165991,0.661619099,0.735033141,0.668324017,0.688428616,0.798226531,0.604605558,0.62957716,0.685248509,0.74634467,0.512574639,0.789591835,0.835478442,0.698260529,0.563672215,0.668263915,0.4844203,0.743678846,0.798147346,0.741050977,0.772418758,0.783807904,0.675871914,0.654734021,0.560384241,0.681038605,0.716068667,0.572028225,0.720219365,0.811228143,0.383913685,0.65136639,0.8719746,0.745884266,0.736246057,0.823857741,0.793620104,0.612839169,0.421944595,0.694456468,0.738628062,0.745236809,0.634409382,0.771557487,0.64611544,0.688561935,0.002155256,319.4803485,463.982007,,,,0.103260703,
TXH1.2021,M10.G.P,M10.G.P.W-Int,CV00,246,DAP,0.070057924,-0.163238381,0.253299893,0.17948322,-0.031370187,0.02950596,0.090121986,-0.204618117,0.221810808,0.064048269,-0.079800642,0.059760216,0.069073922,0.110499866,0.093216583,0.038104655,0.280336237,0.193078733,-0.048314072,-0.355282964,-0.039828624,0.032118494,0.161016621,-0.007446878,0.115117235,0.317195529,0.057079623,-0.010085134,0.039460403,-0.031533464,-0.118191373,-0.16709414,0.028597311,0.205295082,0.233926487,0.020394098,0.341997354,0.080501776,-0.225479871,0.072304472,-0.07149803,0.329960115,0.087218426,0.128823318,-0.151872712,-0.076653666,0.224653973,-0.087210159,0.069385652,0.086696407,0.050292445,0.004087995,12.30247352,244.6187215,,,,0.149387515,
TXH2.2020,M10.G.P,M10.G.P.W-Int,CV00,246,DAP,0.515794167,0.508542649,0.089359439,0.62719138,0.469487773,0.631962484,0.419216075,0.536845277,0.2959252,0.304243507,0.551791755,0.520484865,0.514836481,0.463607376,0.326999115,0.105714714,0.534794139,0.743494185,0.479828115,0.346067385,0.457844164,0.334813377,0.645202153,0.354579362,0.497058308,0.213494436,0.537432958,0.585088924,0.392748723,0.612727914,0.254719177,0.555152973,0.438356072,0.522803243,0.511320937,0.524368088,0.359738265,0.47906222,0.439001432,0.553715411,0.529458583,0.63770184,0.295176412,0.317726814,0.563389712,0.598691203,0.59171224,0.251790304,0.330154405,0.427415079,0.455972616,0.003246266,140.4606327,308.0462022,,,,0.140199867,
TXH2.2021,M10.G.P,M10.G.P.W-Int,CV00,246,DAP,0.233005792,0.430188172,0.262615017,0.232300618,0.280362054,0.378095792,0.399249223,0.022872764,0.364208524,0.337184049,0.254396075,0.350636648,0.110149538,0.275762873,0.35595784,0.110176943,0.292618003,0.160465442,0.461769685,0.317307786,0.338799437,0.409089984,0.109128865,0.263196597,0.286442586,0.169527977,0.51208629,0.269335615,0.192597527,0.306025169,0.351449612,0.212127487,0.259996866,0.268128815,0.230867944,0.135297277,0.279083648,0.513488597,0.092207087,0.492872734,0.472252336,0.155091187,0.306397819,0.196819998,0.005755767,0.36058195,0.285440472,0.16615661,0.521745987,0.117282357,0.278171949,0.003781231,73.56650459,264.4641379,,,,0.126016769,
TXH3.2020,M10.G.P,M10.G.P.W-Int,CV00,266,DAP,0.056279169,0.051031332,0.069002553,-0.114752014,-0.150133413,-0.091370714,-0.216132762,0.038185289,0.230472397,-0.105020653,-0.034271804,-0.00137796,-0.068952807,0.091646379,-0.07660495,-0.043531382,-0.068057627,0.099194531,0.100816847,-0.245695737,-0.182284365,0.099486722,0.247014204,-0.118560537,-0.065849802,0.077079835,0.056354139,-0.298069161,0.089688571,0.036575032,-0.01339565,0.152388998,0.035582607,-0.041525471,-0.177452931,0.039626435,0.085911553,0.007969118,-0.067148798,-0.170918946,-0.122327552,0.012206354,-0.13115799,0.244801679,-0.073102088,-0.246408138,0.032747536,0.230757017,-0.049528406,-0.106288069,-0.017902029,0.003786665,-4.727650694,264.0846345,,,,0.128955878,
TXH3.2021,M10.G.P,M10.G.P.W-Int,CV00,245,DAP,0.419965689,0.370021687,0.539682563,0.291604217,0.516404013,0.445490094,0.402607261,0.566619861,0.240344654,0.415452922,0.566439033,0.403746972,0.20143741,0.448535,0.495525529,0.253207178,0.475833499,0.441147198,0.409345175,0.450331537,0.502888363,0.337217293,0.391727634,0.284766861,0.452469772,0.246160633,0.633693118,0.429302371,0.318268343,0.45756327,0.482256575,0.552270172,0.328412882,0.382289036,0.381592767,0.431332285,0.305523183,0.581493156,0.413233593,0.348836158,0.394298635,0.57321033,0.266015507,0.359816062,0.493165673,0.413161851,0.361164639,0.422287885,0.544164247,0.375184844,0.416350173,0.003401862,122.3888972,293.9566385,,,,0.099132151,
WIH1.2020,M10.G.P,M10.G.P.W-Int,CV00,394,DAP,0.586365735,0.411828564,0.481391221,0.426813802,0.427555063,0.292607157,0.596572385,0.3670481,0.329620589,0.596311332,0.40400087,0.556376469,0.44820238,0.503116317,0.251575516,0.526621652,0.577588573,0.392764722,0.625443434,-0.087413446,0.387037949,0.581803525,0.33350373,0.445543375,0.491689466,0.562591054,0.445844553,0.546106576,0.396078056,0.392257139,0.39703547,0.286370848,0.394831646,0.479894003,0.700582466,0.437117979,0.538238915,0.412779798,0.382567517,0.492492411,0.501831041,0.59773582,0.253332953,0.704354888,0.107998072,0.253055135,0.534120572,0.484896545,0.49552689,0.569840579,0.446428988,0.002042605,218.5586488,489.5709164,,,,0.142594712,
WIH1.2021,M10.G.P,M10.G.P.W-Int,CV00,398,DAP,0.337367356,0.413459234,0.235514011,0.327888257,0.4025694,0.336387638,0.237341365,0.371879586,0.463937482,0.341895712,0.473850894,0.353116194,0.22921149,0.183650042,0.552693941,0.193874429,0.232845981,0.531005293,0.498875538,0.219778847,0.319714049,0.383185968,0.256241083,0.33912543,0.438648333,0.577375114,0.250781241,0.376011834,0.412900568,0.18930783,0.336134009,0.186222558,0.374142278,0.502570865,0.358167519,0.330056662,0.280533675,0.3356301,0.431067426,0.390682986,0.342375845,0.370727339,0.278606587,0.329446905,0.374108168,0.415592694,0.317916958,0.048649676,0.434914619,0.445866349,0.347276947,0.002220704,156.3814771,450.3076819,,,,0.105924188,
WIH2.2020,M10.G.P,M10.G.P.W-Int,CV00,1127,DAP,0.006461825,0.103774429,0.131692294,0.1127739,0.255561413,0.144987596,0.103188069,0.068575755,0.102254819,0.182873507,0.223296689,0.046767424,0.123789002,0.174962713,0.022750056,0.203201839,0.166268843,0.086151627,0.142001483,-0.031065165,0.022028499,0.239022324,0.022991531,0.085035873,0.276713128,0.151326534,0.188996121,0.08308648,0.149386808,0.042215792,0.189048319,0.201756267,-0.076035423,0.129417591,0.201755126,0.038834068,0.143133714,0.038088942,0.264264092,0.064627633,0.004857657,0.179618515,0.232795704,0.140849764,0.02433329,0.225054944,0.172207771,-0.054472352,0.077344368,0.255439784,0.12167982,0.000875728,138.9470441,1141.907051,,,,0.087162349,
WIH2.2021,M10.G.P,M10.G.P.W-Int,CV00,1137,DAP,0.328784386,0.457935752,0.344096023,0.447537922,0.267946835,0.376278106,0.323788723,0.391412562,0.403091573,0.352907404,0.368149193,0.362250275,0.323554216,0.329211482,0.433844368,0.302577528,0.456417706,0.270385842,0.383248179,0.383314095,0.20295663,0.42724196,0.272377355,0.504512808,0.427569254,0.338470782,0.288790586,0.386016862,0.420760064,0.357861242,0.383746468,0.315751823,0.373694205,0.476262987,0.275576019,0.29604038,0.347677531,0.297531347,0.462230036,0.428236479,0.325276584,0.234442548,0.494507673,0.341103929,0.431335192,0.442272374,0.437304605,0.256181142,0.335021586,0.434899491,0.366447642,0.000762745,480.4323976,1311.053319,,,,0.071134609,
WIH3.2020,M10.G.P,M10.G.P.W-Int,CV00,415,DAP,0.045489541,0.087239377,0.314604074,0.153739785,-0.11810463,-0.024863154,-0.098518858,0.158491825,0.344911979,0.07271189,0.160369574,-0.00091891,0.093562217,0.135581775,0.24323022,0.013196075,0.300369514,0.336159455,-0.07428712,-0.20977035,0.189902819,-0.003584497,0.038588426,0.023582843,0.397230382,0.19804011,0.049135264,0.190914185,0.086503989,0.009205031,-0.004104805,0.091056207,0.085663019,0.102392154,0.231118075,0.254570943,0.100119481,-0.041207346,0.098440748,0.082247249,0.011970962,0.137773574,0.164120175,0.181472619,-0.143827642,0.196158256,0.012710118,-0.134827517,0.110131212,0.297560033,0.098925007,0.002397612,41.2598028,417.0816263,,,,0.134984957,
WIH3.2021,M10.G.P,M10.G.P.W-Int,CV00,397,DAP,0.531646345,0.540279918,0.516169726,0.547893785,0.411547532,0.577340646,0.594062085,0.395771882,0.525130889,0.380938626,0.548797038,0.397644852,0.432894438,0.647727304,0.46014651,0.072680316,0.654243584,0.668834183,0.52006058,0.297897059,0.458106506,0.469823578,0.47330376,0.596580251,0.584651476,0.291098328,0.444166219,0.603768503,0.473335023,0.633580437,0.255958826,0.420399382,0.584511555,0.615234669,0.567176083,0.485961861,0.493383745,0.540801909,0.630496643,0.458833254,0.624307227,0.570480867,0.511030098,0.39141332,0.449432556,0.584011673,0.451065063,0.547835791,0.59768194,0.381968599,0.498242129,0.001903177,261.7949973,525.4372968,,,,0.114978151,
DEH1.2020,M2.G,M2.G,CV00,1142,AGDD,0.653935934,0.588987271,0.582084821,0.653349027,0.6936532,0.624248394,0.573354867,0.701974526,0.654421164,0.630712388,0.632391161,0.622513513,0.645320747,0.595570709,0.683956245,0.667302566,0.555457126,0.726954918,0.617323276,0.61476681,0.710459445,0.642920364,0.599975331,0.603597456,0.644438855,0.600723104,0.659413694,0.58661971,0.671482584,0.653268037,0.597152925,0.663922548,0.661203891,0.618373337,0.649250542,0.613842136,0.607923196,0.623958939,0.684575085,0.643545569,0.632146224,0.602386368,0.644733569,0.662435242,0.653336731,0.596195475,0.650310615,0.582617941,0.680040165,0.683944419,0.636861443,0.00052141,1221.421403,1917.876198,3281.851904,11503.57087,0.285289841,0.037988259,0.12348979
IAH4.2021,M2.G,M2.G,CV00,1128,AGDD,0.356630942,0.512838174,0.435481523,0.302134182,0.230218596,0.344003235,0.434199464,0.380760753,0.426465552,0.338464609,0.427989501,0.308947712,0.366038337,0.34462896,0.442030696,0.44602708,0.27066662,0.343469996,0.392875802,0.422437027,0.301517299,0.464061165,0.336253939,0.472218951,0.346059749,0.429822992,0.32424012,0.360099997,0.429957615,0.326548245,0.446683012,0.401986356,0.340443564,0.318910718,0.396237936,0.387028275,0.44455731,0.278885905,0.416921548,0.35967574,0.40186218,0.38919888,0.346661375,0.329387155,0.432445316,0.419166695,0.334049306,0.467602707,0.376702688,0.298862843,0.378087167,0.000761146,496.7342665,1313.808851,,,,0.060221822,
MIH1.2020,M2.G,M2.G,CV00,414,AGDD,0.055873116,0.225096198,0.138017994,0.282567369,-0.229045797,0.123261514,0.141916007,0.035857382,0.188524428,0.049959883,0.190819296,-0.129994085,0.158859528,0.200680577,0.064190861,0.069936926,0.170162356,0.175449699,0.023983282,-0.068616266,0.055072905,0.034817218,0.259503332,-0.053744123,0.288878058,0.129845705,0.206255287,-0.104825822,0.155107222,0.275230004,0.163373208,0.012541361,0.109375114,0.063883659,0.169169494,0.067564862,0.32135946,0.128472351,-0.098513022,0.114234621,0.046714332,-0.056308136,0.264319332,0.075738954,0.461756967,0.263598392,0.109637744,0.207698023,0.301773803,-0.11098662,0.114580879,0.002395319,47.83534174,417.4810155,,,,0.134403442,
MNH1.2020,M2.G,M2.G,CV00,395,AGDD,0.379242407,0.491209512,0.53141111,0.160658481,0.372944759,0.177636188,0.387579632,0.077962114,0.457986983,0.661335825,0.316973059,0.474962573,0.346842788,0.494472028,0.527328032,0.462482903,0.589118372,0.535207889,0.382877157,0.06274159,0.342630896,0.401110012,0.355185156,0.410530217,0.655075885,0.220213416,0.320745269,0.717699584,0.451484964,0.433419795,0.463393682,0.569187313,0.178369171,0.599880433,0.354223307,0.403962892,0.520680674,0.484099398,0.298624444,0.472206021,0.603844543,0.695853325,0.162545536,0.301820603,0.355966399,0.140252912,0.674673939,0.455062534,0.353385784,0.416016984,0.41406237,0.002108276,196.3985867,474.3212643,,,,0.158547819,
MNH1.2021,M2.G,M2.G,CV00,415,AGDD,0.008151161,0.435802701,0.315498943,0.528168989,0.006859398,0.507460254,0.437245493,0.086203583,0.223449066,0.331049795,0.475843804,-0.029774082,0.234837257,0.204903515,0.531090962,0.221634979,0.347794273,0.331715457,0.435132583,0.024258196,0.278667112,0.339568145,0.210386699,0.482155775,0.220237326,0.334868759,0.257247334,0.274662868,0.2356412,0.553546425,0.362786291,0.324468675,0.438202239,0.081823492,0.428025914,0.355718479,0.587036211,0.528898307,-0.254401148,0.162634601,0.282863063,0.287175192,0.350177028,0.489939096,0.344582012,0.46796648,0.3601998,0.218570625,0.422486267,0.217401617,0.306017244,0.00219456,139.4435277,455.6721241,,,,0.17138877,
MOH1.2020,M2.G,M2.G,CV00,1006,AGDD,0.167188691,0.017414303,0.067576771,-0.026162817,-0.257804946,0.05474778,0.008880601,0.082609326,-0.107153157,-0.033280689,-0.09741928,0.059925229,-0.000724085,0.041834941,0.05155584,0.022116815,-0.177172672,0.059622867,0.147569987,-0.016371472,0.062509123,-0.008496775,0.067140108,-0.118855839,0.012744845,-0.065589567,0.008665804,0.097429195,0.063848821,-0.092350552,0.049820461,0.121579367,-0.088424174,0.079229953,-0.104406021,-0.043641673,0.016775387,0.132894461,-0.061493563,-0.014845578,0.012145846,0.038056517,-0.039773905,0.116264042,-0.055437236,-0.042592874,0.101901372,-0.057994687,0.041007295,0.005444878,0.005970181,0.00099598,5.994275685,1004.035787,,,,0.08427949,
NEH1.2021,M2.G,M2.G,CV00,246,AGDD,0.133412386,-0.061466191,-0.029054269,-0.140759982,0.177446551,0.103149756,0.039217246,0.228450488,0.110169301,-0.072357046,0.095744968,0.146552575,0.106957554,-0.008793057,-0.131829079,-0.004888043,-0.288674393,0.129178907,0.054410171,0.398090817,0.295433634,-0.094866585,0.000332551,-0.117292461,0.00855053,0.050842516,0.247374523,0.035637246,-0.114070831,0.004609685,0.187713501,0.069181887,0.128784269,-0.056184947,-0.002501667,0.14959584,0.066132585,-0.114276186,0.115744889,-0.020220094,0.241768981,-0.106907773,0.169776726,0.116936757,-0.053056818,0.076165818,-0.039767926,0.030277978,0.27434918,-0.036869404,0.049963061,0.00408813,12.22149556,244.6106233,,,,0.131968735,
TXH1.2020,M2.G,M2.G,CV00,246,AGDD,0.497482787,-0.033803029,0.28891865,0.078617771,0.07063922,0.178377364,0.055099979,0.061647753,0.410553924,0.349688243,0.055277429,0.271171571,0.349648724,0.409388364,0.156785206,0.295978747,0.192413122,0.422077976,-0.0020142,0.295682992,0.223889501,0.014531246,0.415866503,0.061857793,0.216069847,0.086400022,-0.025416183,0.38365262,0.396241203,0.162819267,0.42234939,0.23298907,-0.175617953,0.381838367,0.317457511,0.160769139,0.127052853,0.408146504,0.150924157,0.379677783,0.415167944,0.276973727,0.18158434,-0.047544193,0.018655642,0.372135576,0.349805454,0.372254584,-0.063248172,0.003952032,0.212497363,0.003913299,54.30134073,255.5388917,,,,0.167973853,
TXH1.2021,M2.G,M2.G,CV00,246,AGDD,0.126857849,-0.141941489,0.023618684,0.038469586,-0.142882831,0.084131403,-0.016422431,-0.103932482,-0.031966796,-0.038251815,-0.116232623,0.134155175,-0.154623594,0.016064898,0.210445649,0.293424767,-0.129958486,-0.17595085,-0.17066427,0.01605287,-0.043390718,-0.086541021,-0.070733173,0.025943144,0.057163711,-0.105525824,0.045585204,-0.01650708,0.07200043,0.176519011,0.027914621,-0.006182226,0.031832909,0.101474309,-0.126681244,-0.033393277,-0.067311437,-0.082897027,0.0287494,0.109326617,0.050293674,-0.181144247,0.213172271,0.150679771,-0.003366589,0.093304478,0.065136313,0.127846574,-0.178007665,-0.096533801,-1.75936E-05,0.004098361,-0.004292827,244.0000001,,,,0.114110342,
TXH2.2020,M2.G,M2.G,CV00,246,AGDD,0.034818891,0.002983624,0.087410774,-0.185721678,0.150264901,-0.12094045,0.084245664,0.1183322,-0.074666011,0.132986887,-0.198499783,0.002424985,0.055109087,0.380640129,-0.109195644,0.183377956,-0.034804045,-0.089272391,-0.25294027,0.211151246,0.183791358,-0.007169105,-0.016455442,-0.197889699,0.036226941,-0.223228974,-0.139536564,-0.034860234,0.42792577,-0.041625135,0.150863943,0.043376952,-0.021295986,0.311920846,-0.263330997,0.172883425,-0.421492695,0.123966964,0.069711326,0.348758199,0.148537154,-0.094357863,0.011488918,0.165527547,-0.089941803,0.007816912,-0.044995623,0.281081935,0.011367923,-0.105433575,0.02342677,0.004096111,5.719270649,244.133984,,,,0.173682518,
TXH2.2021,M2.G,M2.G,CV00,246,AGDD,0.253580022,-0.016168872,0.213507047,-0.23988064,0.411064764,0.042112549,0.135000066,-0.103422121,0.208932908,0.258145267,-0.151010631,0.251420521,0.297019315,0.222038045,-0.089738738,0.299251088,-0.005692072,0.385405437,-0.001408475,0.111793507,0.197971587,0.27306101,0.072658965,-0.016150116,-0.010585396,0.144620037,-0.026116481,0.224789953,0.206976433,0.211543345,0.384096141,0.232270109,-0.203419958,0.31024081,0.015197956,0.175696643,-0.194805074,0.139527528,0.250124896,0.27551993,0.357776995,0.173347177,0.116887282,-0.125596918,0.019115357,0.055890696,0.19812539,0.222140651,-0.08289115,0.102848187,0.123656219,0.004035693,30.64063928,247.7889056,,,,0.165219356,
TXH3.2020,M2.G,M2.G,CV00,266,AGDD,-0.213753661,0.077359334,-0.297611095,0.082268154,0.109194323,-0.067488523,0.273646824,-0.034955141,-0.081011973,-0.251324015,-0.027257706,0.099574889,-0.080940647,-0.244240938,0.042277193,-0.232527537,-0.03852058,0.048593946,0.014041661,-0.127835768,-0.169567261,-0.05788485,-0.06538133,0.160295353,-0.196081982,0.12186041,-0.153199588,-0.100166323,-0.199686428,0.034879449,-0.035014257,-0.082745781,0.195789678,-0.176137044,-0.116285643,0.066933423,-0.042328486,-0.035263297,-0.027572765,-0.217555533,-0.275057294,-0.059962171,0.170388104,-0.08209417,0.139226633,-0.087897647,-0.008313672,-0.120575651,-0.107742472,-0.083070549,-0.051214448,0.003777943,-13.55617104,264.6942718,,,,0.131168832,
TXH3.2021,M2.G,M2.G,CV00,245,AGDD,0.331879799,0.102129747,0.149884228,-0.230959768,0.083880368,0.007331264,0.197763643,0.036953172,0.15312126,0.129028444,-0.09462182,0.195780199,0.208651126,0.179987014,0.063189708,0.05751257,0.019781542,0.25032639,0.209210715,0.022066277,0.273160983,-0.176032742,0.137741768,0.01358116,0.103089896,-0.026133363,0.087620943,0.1371905,0.191902294,0.136972802,0.264781133,-0.141760854,8.57E-05,0.295796369,0.188328898,0.216696289,0.062467037,0.090991061,0.067826018,0.128859066,0.193056724,0.160317667,0.321498288,0.020936033,-0.254083877,-0.031402232,0.066628533,0.24088236,-0.015655708,0.265580879,0.101876389,0.004072515,25.01559443,245.5484984,,,,0.134023879,
WIH1.2020,M2.G,M2.G,CV00,394,AGDD,0.190323196,0.335010521,0.319483281,0.373477411,0.399860208,0.256012916,0.374238819,0.257176666,0.161166632,0.525465681,0.332846873,0.399417362,0.293084033,0.252768704,0.532615509,0.25556678,0.435504415,0.490355911,0.251291962,0.149823921,0.180504308,0.484958812,0.405508568,0.16009634,0.419790633,0.432231582,0.374893245,0.49459128,0.342154784,0.078546793,0.38239357,0.121095042,0.384528214,0.334750067,0.473785188,0.202490695,0.42555256,0.480195722,0.342630822,0.380922375,0.36568969,0.680648947,0.290125746,0.206384969,0.308181146,0.104664061,0.447865122,0.445967144,0.22070092,0.568332806,0.342513439,0.002251746,152.1101383,444.0997666,,,,0.130415918,
WIH1.2021,M2.G,M2.G,CV00,398,AGDD,-0.038912203,0.223085421,0.453460804,0.141103054,0.271877543,0.426315767,0.196999653,0.076930003,0.23833085,0.195071034,0.233215059,-0.004661645,0.303953121,0.445940315,0.10662203,0.26375702,0.136473482,0.389859481,0.261444183,0.290109653,0.075386648,0.185681747,0.398261459,0.24555986,0.350049607,0.186706557,0.232556036,0.08083748,0.15281466,0.532624911,0.264719838,0.175029759,0.460805753,0.183756861,0.292861016,0.472928755,0.261113497,0.211046829,-0.068902739,0.314134691,0.298881252,0.206830348,0.403289034,0.319510409,0.129376224,0.304062464,0.07065761,0.30984681,0.274634287,0.280766428,0.244336054,0.002374495,102.9002325,421.1422368,,,,0.132063029,
WIH2.2020,M2.G,M2.G,CV00,1127,AGDD,0.152188475,0.117665033,0.059420358,0.110198407,0.035908463,0.058696347,0.176523746,0.042390881,0.111942532,0.103863506,0.099821638,0.162732989,-0.026504076,0.123551601,0.089398215,0.216156778,0.116283732,0.083552564,0.027123756,0.032290455,0.102571252,0.097763434,0.197665464,0.042900888,0.031967638,0.262225901,0.000150198,-0.045698008,0.184531625,0.074172283,0.001984825,0.026043939,0.188498802,0.028854583,0.237559195,0.177831205,0.028291445,0.117221773,0.122998981,0.01820637,0.111641522,0.12570808,0.146715507,-0.008023653,0.114353339,0.2034171,0.164692126,-0.024039648,0.054475096,0.081624488,0.095190223,0.000880835,108.0682264,1135.287039,,,,0.072732401,
WIH2.2021,M2.G,M2.G,CV00,1137,AGDD,0.223089511,0.401089628,0.302534161,0.372079485,0.351590144,0.314410454,0.250898241,0.360398315,0.371902092,0.345830572,0.379650122,0.267791254,0.309121458,0.295717413,0.378411329,0.396836617,0.367529922,0.367517702,0.284261292,0.212075652,0.265630442,0.380632909,0.397490248,0.334199865,0.266966071,0.435653432,0.315882508,0.311149666,0.298988214,0.297362783,0.412297654,0.17702514,0.370404877,0.463563295,0.275289633,0.38076541,0.376815797,0.339105948,0.342002541,0.200886615,0.27564873,0.376898786,0.353478625,0.336765018,0.309871358,0.292853822,0.338265063,0.290802791,0.372394795,0.358498293,0.330006514,0.000785106,420.3335207,1273.7128,,,,0.060191676,
WIH3.2020,M2.G,M2.G,CV00,415,AGDD,-0.119926411,0.322078697,0.357639879,0.322286919,0.126340112,0.170813722,0.073630689,0.166908327,0.04908874,0.482263195,0.28465395,0.034479678,0.266274301,0.278571546,0.344863638,0.324311012,0.349132313,0.149774459,0.228710971,0.005100342,-0.036439099,0.215707375,0.159220031,0.287331421,0.473683076,0.13813107,0.276704157,0.227801031,0.255515713,0.29967276,0.216129542,0.138841213,0.086656338,0.423674678,0.243131011,0.132562628,0.340684402,0.359172547,-0.15403991,0.300812925,0.3439682,0.364015432,-0.033823495,0.137437204,0.246768029,0.141083681,0.338012478,0.242180902,0.165488387,0.229061627,0.215522829,0.002308838,93.34690015,433.118388,,,,0.140584991,
WIH3.2021,M2.G,M2.G,CV00,397,AGDD,0.174255728,0.547969268,0.55751617,0.415601202,0.21265538,0.237288477,0.472760933,0.188787804,0.295951059,0.618432484,0.530081658,0.275519158,0.426743547,0.396505361,0.423370707,0.292214873,0.512953385,0.433643216,0.53327287,0.041975449,0.195059568,0.561623802,0.210824321,0.431435546,0.561391466,0.187714318,0.517497594,0.403426545,0.395694631,0.534516029,0.416892524,0.401777281,0.179458981,0.622322943,0.338751251,0.343897371,0.50892448,0.587909207,0.204112916,0.39139041,0.587694714,0.477000074,0.186860882,0.298594307,0.400188451,0.375126613,0.449836922,0.264861032,0.615821031,0.359873408,0.391959547,0.002142703,182.9276076,466.7002222,,,,0.14534087,
DEH1.2020,M2.G,M2.G,CV00,1142,DAP,0.552929013,0.562049827,0.614960439,0.645784152,0.714292607,0.663969015,0.690854952,0.483387214,0.585962587,0.682131513,0.623742978,0.643092846,0.526811143,0.589830544,0.707221906,0.597214623,0.612754199,0.602046081,0.679560542,0.620389696,0.677295392,0.559060638,0.579939528,0.646295121,0.631668374,0.613028909,0.626640375,0.604330409,0.669026813,0.602404527,0.596372474,0.589952474,0.723761339,0.693947152,0.513794367,0.71669754,0.614680761,0.537343323,0.578746599,0.650186995,0.594864894,0.613986683,0.640214531,0.678732401,0.620256921,0.649396715,0.566675455,0.618505959,0.623668776,0.673714212,0.622083511,0.00053773,1156.869816,1859.669637,3281.359974,11495.15306,0.285455962,0.053730582,0.126270949
IAH4.2021,M2.G,M2.G,CV00,1128,DAP,0.441577451,0.421007805,0.325760105,0.400995206,0.299400415,0.400207117,0.459232755,0.326478741,0.40209581,0.275166656,0.365540256,0.310537171,0.534511478,0.378858843,0.297282176,0.409781872,0.402815178,0.284896225,0.384482397,0.407785694,0.341514641,0.432367494,0.456943175,0.33665996,0.309945231,0.43945494,0.551045685,0.350414226,0.226177289,0.320979794,0.389097246,0.437025998,0.29729619,0.323676335,0.436301993,0.349370282,0.458806732,0.375371763,0.361735081,0.366839045,0.23451002,0.378230539,0.327881848,0.434353024,0.511872343,0.307877558,0.302249762,0.494427173,0.395848702,0.370629562,0.37694634,0.000761911,494.7382099,1312.489757,,,,0.071963273,
MIH1.2020,M2.G,M2.G,CV00,414,DAP,0.233004106,-0.069534685,0.066298053,0.18088074,0.147130144,0.261259473,0.056738368,-0.126748386,-0.12585302,0.334403403,0.150059921,-0.173212054,0.074944164,0.206521662,0.223428811,0.113717891,0.107158452,0.070510457,0.159503959,-0.020868176,-0.236758819,-0.129002703,0.312699929,0.074803036,0.322840333,0.103579122,0.08789048,-0.04002248,0.231585206,0.177568112,-0.004968467,-0.124763903,0.06349512,0.047924933,0.261167222,0.087478518,0.099609858,0.264181986,0.056564471,-0.011181782,-0.011805753,0.189945049,0.133919948,0.222416976,-0.011438437,-0.09341061,0.072537517,0.151616594,0.250523613,0.142303399,0.091212835,0.002406991,37.89496589,415.4565073,,,,0.136512732,
MNH1.2020,M2.G,M2.G,CV00,395,DAP,0.48873129,0.485512634,0.673891195,0.515447789,0.340592642,0.588240039,0.180669067,0.535887875,0.598195888,0.354696363,0.371808641,0.539035118,0.492260871,0.621482342,0.289620867,0.26365504,0.663187245,0.52124989,0.411014657,0.307259651,0.43525892,0.502278064,0.414881233,0.496966752,0.55755163,0.32863167,0.544670401,0.633761809,0.346517392,0.545474009,0.293534426,0.524459039,0.400259017,0.461912767,0.63043955,0.224257626,0.444538663,0.60710933,0.68095061,0.404073947,0.694667294,0.511879477,0.170596438,0.363930096,0.189833899,0.471251462,0.39543852,0.3780601,0.594725841,0.519497974,0.460196941,0.002005646,229.4507611,498.5925384,,,,0.136643952,
MNH1.2021,M2.G,M2.G,CV00,415,DAP,0.465959281,0.286029996,0.518995777,0.302362856,0.319069615,0.274075001,0.423046826,0.5153398,0.381631826,0.312471618,0.140077743,0.29834918,0.520926493,0.567734619,0.170931752,0.295060547,0.377730369,0.591881416,0.176378238,0.277011385,0.251073998,0.283923632,0.492757386,0.416929843,0.220494209,0.403264503,0.162809829,0.411533223,0.45287605,0.402819299,0.004854709,0.361656744,0.294533157,0.49640407,0.482524519,0.184441688,0.497316867,0.516489911,0.483913416,0.033856484,0.402164301,0.26726898,0.227798149,0.626537651,0.340260189,0.531886689,0.212254183,0.347961237,0.491692153,0.149485314,0.353336934,0.002119015,166.7458743,471.917476,,,,0.144496343,
MOH1.2020,M2.G,M2.G,CV00,1006,DAP,0.029182378,0.025053955,0.088295087,-0.101809171,0.010474516,0.095870085,-0.074381067,-0.096684636,0.002902546,0.063960451,0.027406003,-0.10776304,-0.035978313,0.036806893,0.066624721,0.040635823,0.065202994,0.059293529,-0.207658203,0.066255949,-0.040346694,0.052593804,-0.019257513,-0.037910233,0.06556337,0.110363212,-0.07004308,0.11140629,-0.022143259,-0.116335357,0.11625894,-0.017684687,-0.049978298,-0.050141496,-0.004831252,0.01219478,0.043781841,-0.189081338,0.059675223,0.016736063,0.107443733,-0.042314204,-0.085524185,0.044760217,0.029166226,-0.074457784,0.041179539,-0.040345821,0.058363243,0.015258062,0.001560797,0.000996014,1.567043796,1004.002446,,,,0.074878979,
NEH1.2021,M2.G,M2.G,CV00,246,DAP,-0.005365273,0.01969451,0.029621962,0.071238491,-0.079937708,-0.15710285,0.22314512,0.01920821,-0.155212486,0.073999027,-0.003585977,-0.140140813,0.164476216,-0.088206061,-0.109208579,-0.059413977,0.01623489,-0.102912885,-0.132381142,0.082356288,-0.0304701,0.106891108,-0.236435059,-0.06417032,0.050913585,0.159523666,0.026974597,-0.198401827,-0.123036981,0.143815655,-0.009198311,0.149127907,0.047878731,-0.054764017,0.086202279,0.348147897,-0.219115731,-0.119241951,0.072755301,-9.52E-05,-0.125494282,0.005956651,0.324094083,-0.078089146,-0.009681877,0.085031025,-0.017483625,-0.103023926,-0.060232416,0.094178274,-0.001618741,0.00409835,-0.394973851,244.0006394,,,,0.126160314,
TXH1.2020,M2.G,M2.G,CV00,246,DAP,0.328282466,-0.034727376,0.105472144,0.354484718,-0.073846959,0.390349822,0.195258651,0.115904767,-0.381497357,0.376124753,0.45000589,-0.118159744,0.181223177,0.163353126,0.12621543,0.051674869,0.380590952,-0.046030263,0.297933924,0.244203747,0.051216425,0.115787101,0.297077975,0.094396064,0.33040959,0.235396668,0.4921584,0.111221768,-0.100650624,-0.006738496,0.471887623,0.035324402,-0.000276268,-0.145531497,0.370470308,0.025094933,0.012101886,0.298566278,0.319926262,0.303978682,0.321900712,0.273702087,0.333773753,-0.143648446,0.106546386,-0.082782626,0.165510686,0.336378483,0.218696242,0.313948759,0.165253205,0.00398644,41.45382896,250.8503781,,,,0.191235065,
TXH1.2021,M2.G,M2.G,CV00,246,DAP,-0.06687497,-0.026856095,0.1596774,0.151686481,-0.183038437,0.004380627,0.047556756,0.047733211,-0.277314873,0.021807453,-0.011498776,0.129657521,-0.309667286,0.078712713,-0.036725358,-0.056656704,0.174532498,-0.073314247,-0.1316222,-0.005347164,-0.092758208,-0.262846153,0.073625279,0.117773436,0.038986149,0.030269093,0.13796004,-0.067142271,-0.164161919,0.005607709,0.030838529,0.066016649,-0.131525978,0.097600255,-0.08012436,-0.028255159,-0.163990544,-0.053191827,0.041814963,0.172218056,0.052302279,0.074739906,-0.034185022,-0.114526046,-0.115584239,-0.135361515,0.076286611,0.042369757,-0.100708162,0.033674025,-0.016309002,0.004097271,-3.980455308,244.0649173,,,,0.115725377,
TXH2.2020,M2.G,M2.G,CV00,246,DAP,0.081694461,0.152521185,-0.022649171,0.109919707,-0.199259222,0.190863653,-0.074334883,-0.214330019,-0.2952242,0.169049864,0.344344186,0.120723624,-0.069926124,-0.017883545,-0.169519725,-0.043325271,0.261889523,-0.1143034,0.012362227,-0.068615688,0.163042729,0.041350841,0.185490985,-0.106164756,-0.028947852,-0.170053348,0.270005071,0.049953728,-0.192573579,0.286585836,0.228669681,-0.138853168,-0.079077352,-0.128199273,0.166843753,0.237450518,-0.071104865,0.053321045,-0.169566043,0.246749987,0.280370748,0.229124126,-0.059701727,-0.188856909,-0.110388696,-0.273993656,0.033160186,0.062119687,-0.096958756,0.257031116,0.022616545,0.004096264,5.521261098,244.1248718,,,,0.170721548,
TXH2.2021,M2.G,M2.G,CV00,246,DAP,0.270788552,0.092124623,0.13276984,0.175867696,-0.034170881,0.336088471,0.487742209,-0.186227348,-0.222071189,0.206648839,0.120822471,0.166533581,0.180203084,0.174002689,0.023602019,0.03245036,0.18055573,0.160627979,0.210672541,0.18746631,0.217267219,0.332530101,0.185381853,0.187059723,-0.070033556,0.301575515,0.441235019,0.23554504,-0.233201311,-0.028399375,0.295918482,0.257496526,-0.057629374,-0.041646876,0.238568432,-0.025947989,0.146134563,0.325894897,-0.018592498,0.379556537,0.20432442,0.124226942,0.348613732,-0.090628682,0.283082202,0.271388393,0.186812426,-0.005938459,0.211000069,0.099003634,0.147941904,0.004008661,36.90556956,249.4598802,,,,0.16326854,
TXH3.2020,M2.G,M2.G,CV00,266,DAP,0.061708179,0.243518766,-0.006846518,-0.263957545,-0.137256822,-0.183346211,-0.032961243,-0.224526914,0.257220623,-0.130182222,-0.164682105,-0.001973892,-0.175409889,0.115740119,0.249027836,-0.003208956,-0.13218291,0.234450168,0.070006087,-0.287126642,0.036796639,0.07709369,0.138835353,-0.128814755,-0.214475658,-0.078412168,-0.123753839,-0.119763943,0.147833977,0.218907605,0.147745632,0.150867979,0.100206796,-0.025047186,-0.286137586,-0.000349584,0.139056004,0.133819921,-0.00105983,-0.347142833,-0.032686194,-0.173083921,-0.306201673,0.175346295,0.26395165,-0.111878641,0.173445643,0.08769115,-0.038046795,-0.195279983,-0.014050527,0.003787131,-3.710071532,264.0521285,,,,0.169502746,
TXH3.2021,M2.G,M2.G,CV00,245,DAP,0.097730047,0.278633432,0.11437209,0.152435244,-0.045706507,0.118615957,0.032708257,0.290665482,-0.290055576,0.178171084,0.225698464,-0.100167749,-0.046582177,0.286313919,0.231940148,0.030006249,0.238627443,-0.009898825,-0.000947802,0.170637153,-0.008940819,0.111930075,0.295562742,0.055584518,0.043444579,-0.039008134,0.203476897,0.093043112,0.023473967,0.159770051,0.293589933,0.217258116,0.00172982,-0.070591388,0.147615342,0.284673929,0.072901456,0.157056189,0.166287594,-0.015595866,0.207151967,0.202856722,0.059158094,0.171759006,-0.025775365,0.022661719,0.138107441,0.02201413,0.204266511,0.176100254,0.106495178,0.004068555,26.17518701,245.7875312,,,,0.123902229,
WIH1.2020,M2.G,M2.G,CV00,394,DAP,0.362863848,0.328639296,0.459731821,0.313897656,0.310594038,0.347806747,0.194741536,0.360553947,0.277938187,0.40665037,0.293738524,0.189152534,0.423834224,0.412862677,0.308111357,0.553490131,0.466082742,0.131966224,0.408414364,-0.067426401,0.37519077,0.481885053,0.242394038,0.322813938,0.349494992,0.307537998,0.284191774,0.415561113,0.456018589,0.28021926,0.261470242,0.157011583,0.32416233,0.311529999,0.540827039,0.150652179,0.486249865,0.209547519,0.403776274,0.429233907,0.527714508,0.428850779,0.055366761,0.573348995,0.034050542,0.162205996,0.310044221,0.375465436,0.375463283,0.436342966,0.331045315,0.002271452,145.7417476,440.2471228,,,,0.13538443,
WIH1.2021,M2.G,M2.G,CV00,398,DAP,0.394139139,0.272420684,0.258763719,0.11927832,0.280157712,0.463377138,0.343177943,0.164017696,0.398445783,0.105233026,0.423008236,0.182807392,0.26557286,0.196316228,0.331837725,-0.138062695,0.27897866,0.560775906,0.360673806,0.26346888,0.372552805,0.172204596,0.299061449,0.13147448,0.321903331,0.276805504,0.171134025,0.434198781,0.247364559,0.173283221,0.099451272,0.200409869,0.157239957,0.507674894,0.303292007,0.383923118,0.164271375,0.34295052,0.250132987,0.279577263,0.312493008,0.251320615,0.228389254,0.277668272,0.410137422,0.362882903,0.11419718,0.02640907,0.556904882,0.255702823,0.272187992,0.002338166,116.4108979,427.6856485,,,,0.132284084,
WIH2.2020,M2.G,M2.G,CV00,1127,DAP,0.157253361,0.191302754,0.193408234,-0.028787451,-0.05906542,0.08442057,0.022065028,0.096027359,0.191755176,0.084669241,0.0785123,0.165316958,0.024631492,-0.003424319,0.20445067,0.053481173,0.177938079,0.033603076,0.122348533,0.091903367,0.279800309,0.093027882,0.050417992,0.00205474,0.071763767,0.029706322,0.132049722,0.079193644,0.207208271,0.031120197,0.041816852,0.054505626,0.180019889,0.075479426,0.146833159,0.01471308,0.116058028,0.126161026,0.015013015,0.244870588,0.095912372,0.107372882,0.09502043,0.030987146,0.166937421,-0.104702662,-0.017654641,0.285892983,0.150927669,0.129965611,0.096285659,0.000880648,109.3350028,1135.527393,,,,0.083766897,
WIH2.2021,M2.G,M2.G,CV00,1137,DAP,0.282560304,0.356243,0.348406102,0.44247403,0.228572237,0.338770767,0.372019905,0.227940083,0.302061563,0.421975778,0.292042876,0.426813627,0.190933173,0.354313378,0.380975542,0.228483647,0.372091473,0.217724332,0.446296529,0.350662165,0.192289916,0.424787926,0.31005472,0.409391415,0.298150163,0.378065796,0.208041555,0.399636549,0.3468995,0.283915499,0.342177881,0.196212871,0.402368532,0.444427243,0.300956809,0.343759193,0.354241826,0.25248211,0.319712999,0.386399406,0.345934718,0.171821668,0.365112208,0.376289606,0.397800455,0.357553173,0.36406992,0.225957291,0.352346759,0.375819126,0.330160747,0.000785017,420.5780258,1273.858355,,,,0.075007883,
WIH3.2020,M2.G,M2.G,CV00,415,DAP,0.246388728,0.346490896,0.242355892,0.439260893,-0.052428656,0.367725313,-0.045896058,0.197942,0.393928577,0.313340267,0.36196028,0.13194599,0.207030397,0.365827779,0.176197538,0.098543572,0.489056469,0.402082605,0.092389673,-0.088366737,0.238209365,0.031415703,0.36384186,0.290736996,0.479353772,0.176606348,0.22435912,0.447602628,0.21413422,0.199667259,-0.08113325,0.2827736,0.226434014,0.280863828,0.465245482,0.332596556,0.221553861,0.246335097,0.282460508,0.251018253,0.283859681,0.349831432,0.092494864,0.220309453,-0.105408126,0.340811777,0.042306189,-0.013100796,0.47965869,0.383096136,0.238674199,0.002283377,104.5268554,437.9478635,,,,0.158714588,
WIH3.2021,M2.G,M2.G,CV00,397,DAP,0.484928966,0.392648176,0.348030113,0.58407888,0.260850654,0.500331809,0.33536945,0.509509089,0.419271442,0.352706013,0.500916847,0.188749617,0.412171856,0.649676461,0.263144119,0.09105123,0.553425196,0.601527805,0.334489323,0.224789603,0.315693998,0.410460843,0.630060413,0.374035627,0.472930798,0.372530313,0.369683067,0.541456054,0.379087005,0.435128125,0.056787635,0.303115327,0.449826162,0.456433825,0.583707007,0.296115845,0.588421868,0.591660868,0.459281815,0.26582936,0.566301884,0.530008451,0.297533511,0.303161263,0.359773566,0.455737567,0.466281977,0.259873618,0.561747719,0.403722995,0.411281103,0.002103412,195.530427,475.4179697,,,,0.135248473,
DEH1.2020,M3.G,M3.G-Int,CV00,1142,AGDD,0.631648715,0.555327546,0.569442539,0.642882974,0.678131259,0.588794,0.530766926,0.706445776,0.642028003,0.629708761,0.609302227,0.572195376,0.622424251,0.607657983,0.673673489,0.644421487,0.535419053,0.713371402,0.595678716,0.591748,0.70006334,0.629914598,0.608129023,0.59599147,0.630694048,0.58719345,0.638262141,0.565290387,0.670050245,0.631815572,0.57626996,0.630564405,0.669835661,0.601046661,0.62419993,0.552328553,0.605203324,0.593991326,0.679079883,0.644078081,0.595381448,0.574932728,0.65334211,0.640361746,0.664529613,0.570490138,0.623505418,0.553614557,0.687499914,0.661724792,0.62000906,0.00053999,1148.18588,1851.885648,3039.57709,11353.86915,0.267712887,0.044992976,0.122263729
IAH4.2021,M3.G,M3.G-Int,CV00,1128,AGDD,0.342066591,0.49336513,0.417423796,0.290361891,0.228629665,0.316291986,0.402416403,0.380900782,0.451737314,0.333553633,0.429665115,0.27735464,0.354025806,0.353876529,0.424625152,0.401131353,0.291168291,0.33083503,0.392682431,0.402540321,0.307053797,0.437039274,0.378156888,0.456513193,0.333381214,0.34721378,0.356910096,0.343992432,0.421078428,0.331741029,0.427303857,0.400035606,0.315784455,0.346631655,0.374031755,0.413772251,0.413150966,0.282020017,0.400908374,0.381139267,0.366265984,0.36328031,0.325829036,0.315428101,0.453199189,0.407607447,0.35479267,0.472996702,0.385005214,0.297275455,0.370483806,0.0007662,483.5337642,1305.141429,,,,0.056299633,
MIH1.2020,M3.G,M3.G-Int,CV00,414,AGDD,0.057053309,0.237798494,0.098615247,0.208412041,-0.220880475,0.074392713,0.102137226,0.053515834,0.148922834,0.050429474,0.152118138,-0.183881249,0.098202087,0.223067599,0.054017275,0.030028021,0.149369431,0.141718978,0.049947337,-0.100896816,0.093466449,-0.006888069,0.270470028,-0.052248923,0.25979813,0.04335196,0.205877399,-0.066369617,0.145611338,0.160180426,0.07673403,0.03037269,0.048308549,0.058226348,0.132922818,0.005390457,0.303985808,0.090469064,-0.088254952,0.116963753,0.024558411,-0.110513313,0.240975606,0.056741266,0.48193348,0.268692746,0.084885722,0.151102757,0.289644876,-0.1057469,0.092694597,0.002406329,38.52115878,415.5707033,,,,0.132063316,
MNH1.2020,M3.G,M3.G-Int,CV00,395,AGDD,0.330218499,0.448545892,0.521939879,0.162616634,0.309496844,0.116347516,0.329215995,0.014605301,0.451501642,0.618244791,0.259234051,0.362240594,0.22193546,0.519653713,0.512941649,0.461642464,0.524219536,0.527959665,0.410950853,-0.037390902,0.308620671,0.374997283,0.299254611,0.354964441,0.654549108,0.131503909,0.330988967,0.622186466,0.445751126,0.437594564,0.445203081,0.560595487,0.134101043,0.58348281,0.287948632,0.351079998,0.47457418,0.445535989,0.186253867,0.470957771,0.546043857,0.557765261,0.167621904,0.206458105,0.365938973,0.071634371,0.655687461,0.422269493,0.276930044,0.411001969,0.37295231,0.002190602,170.2510614,456.4955267,,,,0.168448982,
MNH1.2021,M3.G,M3.G-Int,CV00,415,AGDD,0.010611052,0.409161175,0.337475881,0.441644667,-0.046764523,0.441886639,0.306988463,0.082213532,0.212593664,0.302920495,0.397328314,-0.082375772,0.229555329,0.250219296,0.45716249,0.176882467,0.255006679,0.334433736,0.379649578,0.079913225,0.241489772,0.317410774,0.18590452,0.426641056,0.167074953,0.254235321,0.210354548,0.277615728,0.190635214,0.54144125,0.323506087,0.271984976,0.345588914,0.120523804,0.372172131,0.26291052,0.510487012,0.488055918,-0.260747597,0.220295058,0.246767108,0.290558585,0.308008413,0.379708156,0.282850083,0.368472599,0.298104604,0.219221269,0.343070633,0.209807201,0.2678131,0.002247642,119.152917,444.9107121,,,,0.151634782,
MOH1.2020,M3.G,M3.G-Int,CV00,1006,AGDD,0.155761245,0.002691935,0.035220388,-0.002584128,-0.23593785,0.060049196,-0.020987808,0.041495299,-0.117937633,-0.058889027,-0.105919629,0.029159543,-0.014241225,0.04840169,0.0497586,-0.024286825,-0.167227725,0.069902657,0.140384838,-0.018360837,0.039556847,-0.051108158,0.035445166,-0.126175342,-0.011512338,-0.077217134,0.010746578,0.079088892,0.047029093,-0.090911181,0.045614607,0.131226488,-0.098950507,0.045017718,-0.150080917,-0.053734474,-0.050759254,0.145233714,-0.084365731,-0.010708599,0.001813156,0.026689113,-0.064348421,0.10434634,-0.064020123,-0.048825356,0.061246784,-0.06933819,0.018325665,0.011316961,-0.007658118,0.000995958,-7.68920135,1004.058885,,,,0.082678414,
NEH1.2021,M3.G,M3.G-Int,CV00,246,AGDD,0.051587326,-0.174608357,-0.011269778,-0.141666245,0.16098679,-0.004585849,0.179061727,0.264199646,0.159782305,-0.133052138,-0.010884007,0.05566775,0.114287647,-0.019863917,-0.096906733,-0.012206363,-0.247635717,0.077462037,-0.045522806,0.384016206,0.294593344,-0.092695428,-0.034199549,-0.176927396,-0.062343955,0.039075737,0.204592237,0.01430996,-0.093706807,0.024498411,0.214109638,0.082742178,0.037088717,-0.108366205,0.020540817,0.16968561,0.017311385,-0.154026134,0.177161678,-0.07364954,0.239427651,-0.09600034,0.127698231,0.137162617,-0.10306778,-0.037976999,-0.126425778,0.033558374,0.255444613,-0.082676553,0.027915765,0.004095167,6.816758947,244.190295,,,,0.140841837,
TXH1.2020,M3.G,M3.G-Int,CV00,246,AGDD,0.516510118,0.251157177,0.267394013,0.134692265,0.121015812,0.109262388,0.19295897,0.1484131,0.379434091,0.403846784,0.060661409,0.262349179,0.371710523,0.373693304,0.27497675,0.242868679,0.213359918,0.458587624,0.042509261,0.352596812,0.245809825,0.119126725,0.451301597,0.058811974,0.206571477,0.094725417,-0.031933449,0.457243541,0.476972816,0.254948911,0.376770323,0.269602205,-0.084710344,0.464329758,0.292303949,0.167920943,0.189368233,0.484348842,0.142900473,0.364189306,0.486980217,0.255278458,0.18050403,0.021269488,0.169704772,0.270538548,0.399621577,0.42357957,-0.0082068,0.03634228,0.248284257,0.003845717,64.56124102,260.0295397,,,,0.155539184,
TXH1.2021,M3.G,M3.G-Int,CV00,246,AGDD,0.144019859,-0.109978928,-0.059934231,-0.063850007,-0.256211929,-0.017548394,-0.031439824,-0.081880934,-0.097345333,-0.080159915,-0.109540369,0.070772942,-0.248883255,-0.010007041,0.14060297,0.242241652,-0.11597022,-0.167385046,-0.288010679,-0.037157448,-0.058677969,-0.152332218,-0.078774865,-0.133521579,0.001210972,-0.151759744,0.008691109,-0.125872628,0.080089753,0.09425301,-0.049782294,-0.11296046,0.03813135,0.061237815,-0.169882581,-0.03378952,-0.091349666,-0.112982847,-0.020463562,0.049487995,-0.019319676,-0.204722754,0.1982005,-0.00696976,-0.045279825,-0.080192429,0.034402376,0.073603517,-0.201535904,-0.132691147,-0.050424383,0.00408794,-12.33491248,244.6219804,,,,0.11253091,
TXH2.2020,M3.G,M3.G-Int,CV00,246,AGDD,0.120679691,-0.043572136,0.098320702,-0.153114112,0.228047866,-0.133554885,0.06112251,0.249583221,-0.072802807,0.138404735,-0.168562798,0.131477596,0.082060623,0.380217345,-0.081780782,0.157833595,-0.034154745,-0.056792345,-0.121353294,0.185842158,0.154726312,0.012003037,0.029916389,-0.009432031,0.00888561,-0.201989951,-0.169563292,0.052543843,0.402530981,-0.107794049,0.260517917,0.075371502,-0.016805297,0.353572599,-0.297017689,0.221325513,-0.386538063,0.183263436,0.045320729,0.319197279,0.202453262,-0.047747358,-0.053407392,0.124629029,0.018264207,0.018231936,-0.06829012,0.293669482,0.078114757,-0.006444089,0.049148213,0.004088461,12.02120164,244.5908206,,,,0.170523962,
TXH2.2021,M3.G,M3.G-Int,CV00,246,AGDD,0.207194807,-0.05164358,0.184275362,-0.173717845,0.437512879,-0.012848691,0.097505352,-0.135416158,0.26158586,0.369574108,-0.171627945,0.304713728,0.244466988,0.208744415,-0.032024999,0.275667854,0.023246901,0.385663954,-0.052958436,0.114040701,0.183456359,0.270702368,0.115782567,0.006859864,-0.068276863,0.159266512,-0.025675753,0.209929842,0.258959182,0.221810699,0.329462627,0.060766371,-0.143534099,0.348231934,0.040853358,0.213879858,-0.101315,0.149334754,0.234901643,0.262044413,0.385121046,0.118504705,0.161450284,-0.138592352,0.128629688,0.262239188,0.192588295,0.203350413,0.008302579,0.04675255,0.131594846,0.004027389,32.67498164,248.2998592,,,,0.161564138,
TXH3.2020,M3.G,M3.G-Int,CV00,266,AGDD,-0.193933597,0.159399656,-0.253353743,0.074369981,0.140230234,-0.0421503,0.282499616,-0.0410451,-0.030553884,-0.274673848,-0.07978491,0.132019166,-0.069969563,-0.217008774,0.026613877,-0.240793555,-0.053692541,0.055509232,0.062259212,-0.07691448,-0.126422396,-0.00185553,-0.066757946,0.124109696,-0.217900771,0.128928465,-0.151243992,-0.064998706,-0.19557115,0.074961407,0.055339243,-0.06044837,0.11641822,-0.183592916,-0.094400179,0.113055012,-0.02726942,-0.076191226,-0.036956275,-0.207025599,-0.238668705,-0.017209765,0.128009306,-0.065376211,0.0687259,-0.156731936,0.002523866,-0.072762545,-0.051573766,-0.101114347,-0.040859479,0.003781555,-10.80494133,264.4414843,,,,0.127899379,
TXH3.2021,M3.G,M3.G-Int,CV00,245,AGDD,0.323648844,0.12442109,0.177485194,-0.234863808,0.093540374,-0.022442607,0.285782532,0.033045144,0.197865033,0.088936349,-0.112586446,0.222121724,0.170859472,0.17670182,0.083552398,0.098877723,0.028629533,0.254776711,0.131277994,0.02076496,0.324209479,-0.172926528,0.126450987,0.011836539,0.115787436,-0.038807407,0.129791326,0.160606864,0.191320687,0.194148564,0.239783559,-0.111416014,0.05332474,0.271664306,0.166665781,0.244684996,0.055246641,0.08303265,0.083884211,0.08503387,0.215119928,0.179637486,0.308500592,0.099365651,-0.24315558,0.047797786,0.018722951,0.220971912,0.0186569,0.249154215,0.109429771,0.004065947,26.91372286,245.9451625,,,,0.133081838,
WIH1.2020,M3.G,M3.G-Int,CV00,394,AGDD,0.14948936,0.328122853,0.274053543,0.295234583,0.366638047,0.245525751,0.273673829,0.168470271,0.108706403,0.499246507,0.191014659,0.375388648,0.339954258,0.209831217,0.459403382,0.19331472,0.39955286,0.472471056,0.213049203,0.076516691,0.194824235,0.437495062,0.326270333,0.110126895,0.381894126,0.232817834,0.320135317,0.448427842,0.293562897,0.108746108,0.325588072,0.157104971,0.306159321,0.336274835,0.380000967,0.17730416,0.323794119,0.463800634,0.309218385,0.355173585,0.352459732,0.582982573,0.170105316,0.112617331,0.301069968,0.109794657,0.393455479,0.447257536,0.179819081,0.544538448,0.296449553,0.002326831,127.4048619,429.7691144,,,,0.125640727,
WIH1.2021,M3.G,M3.G-Int,CV00,398,AGDD,-0.071524943,0.203339077,0.459907979,0.096392056,0.243099677,0.379662732,0.082907713,0.007082712,0.218605149,0.169411218,0.217332239,-0.04223476,0.267306797,0.469022696,0.044774675,0.24611129,0.129808966,0.313470377,0.228053051,0.218024771,0.107936133,0.160401532,0.396412791,0.160992153,0.384858164,0.171111154,0.224154529,0.067763912,0.095009987,0.538899823,0.18980778,0.141908286,0.421126504,0.176721478,0.328167701,0.435056776,0.219946235,0.177084791,-0.101649266,0.31910754,0.2825972,0.216475153,0.394518116,0.225196737,0.042444671,0.273239175,0.072489646,0.256059776,0.216912215,0.220214476,0.213910373,0.002409703,88.77043387,414.9889166,,,,0.140360713,
WIH2.2020,M3.G,M3.G-Int,CV00,1127,AGDD,0.166059176,0.100543051,0.095437178,0.101710671,0.039881157,0.059589139,0.163555378,0.053068948,0.092854147,0.10294774,0.125672361,0.182932636,-0.021063824,0.100235608,0.081748561,0.211685126,0.137029499,0.094724819,0.035816882,0.05889873,0.095324911,0.084040796,0.224526303,0.032027899,0.058497352,0.311780308,0.035033797,-0.037282131,0.184476839,0.061127041,-0.002701499,0.032491396,0.178231076,0.032148686,0.17744083,0.195742397,0.080112192,0.103557242,0.106192999,0.014087899,0.102214967,0.137864995,0.150176905,-0.012788242,0.105763137,0.098707645,0.172845076,-0.02215642,0.052932033,0.109266422,0.096900197,0.000880543,110.0460147,1135.66348,,,,0.070626622,
WIH2.2021,M3.G,M3.G-Int,CV00,1137,AGDD,0.241762135,0.395490502,0.284298011,0.356505576,0.353195427,0.304896006,0.217935995,0.345212007,0.373310837,0.324790189,0.344519803,0.266372779,0.336692233,0.286415483,0.369020655,0.379392799,0.356988604,0.37518398,0.267219073,0.206066181,0.271265014,0.344639738,0.372743934,0.330369923,0.249858036,0.395713989,0.320538143,0.3099734,0.324769407,0.309728874,0.379579091,0.170417001,0.36516932,0.481390372,0.244301438,0.359641739,0.377039667,0.338968592,0.335795599,0.203328559,0.264326815,0.355074248,0.341455131,0.311633206,0.32596011,0.278816091,0.303249576,0.278504549,0.369058567,0.362390784,0.321219384,0.000790148,406.5305969,1265.585508,,,,0.05871668,
WIH3.2020,M3.G,M3.G-Int,CV00,415,AGDD,-0.20637313,0.297331526,0.357205412,0.225097369,0.091088474,0.161765733,-0.007745902,0.126409894,0.015768661,0.462228149,0.182185397,0.07808082,0.244930788,0.236179387,0.325203957,0.274104838,0.297042579,0.141310276,0.175337122,-0.044356376,-0.041317965,0.15676578,0.066758524,0.266687616,0.472870211,0.06881117,0.259435469,0.25228779,0.200541733,0.210891672,0.15009778,0.138213325,0.015857452,0.391849385,0.222982024,0.122060882,0.231156453,0.339097969,-0.123795687,0.19730883,0.312446637,0.344317415,-0.028845465,0.003486574,0.246682862,0.179257938,0.268741545,0.200249739,0.083598028,0.238061902,0.177587051,0.002344946,75.73181871,426.4489904,,,,0.142014952,
WIH3.2021,M3.G,M3.G-Int,CV00,397,AGDD,0.135111182,0.506177867,0.510811401,0.305714999,0.202964241,0.187985146,0.425266185,0.132451531,0.262883673,0.609469978,0.442517136,0.237310255,0.401482588,0.403520665,0.413836799,0.194867928,0.451542179,0.428364309,0.483954275,0.029479966,0.198625907,0.495229153,0.214394195,0.319564638,0.538793978,0.140559318,0.491406222,0.393725049,0.318062915,0.504284932,0.354302572,0.408978416,0.089641721,0.623140857,0.258514202,0.261189642,0.500958351,0.525942558,0.261561893,0.288653539,0.545799238,0.466593934,0.194936873,0.170473531,0.351838215,0.352230439,0.431321318,0.200030319,0.548350367,0.43575458,0.353011424,0.002216159,159.2897311,451.2310947,,,,0.147551813,
DEH1.2020,M3.G,M3.G-Int,CV00,1142,DAP,0.53345589,0.540414312,0.598283747,0.646595077,0.715215372,0.649226577,0.668897283,0.447370843,0.559912448,0.692070149,0.602905941,0.64750283,0.524879378,0.575871973,0.719418093,0.584272965,0.598541403,0.564596957,0.682947037,0.607963758,0.666059369,0.53197246,0.567910068,0.66869266,0.613988533,0.602557392,0.621902309,0.584331913,0.623180646,0.601752337,0.573216327,0.578816892,0.721109708,0.693131966,0.490350914,0.704308026,0.616343592,0.51515231,0.527523067,0.636945786,0.610901522,0.605721244,0.611983016,0.651996542,0.59784845,0.648062405,0.587417618,0.589271946,0.564869799,0.6378798,0.608110813,0.000552808,1100.039612,1808.945983,3048.517327,11353.71336,0.268503989,0.060244935,0.127228271
IAH4.2021,M3.G,M3.G-Int,CV00,1128,DAP,0.432754022,0.380494862,0.306346186,0.389604281,0.321296699,0.391461684,0.465929103,0.286919245,0.372720945,0.297386717,0.36178502,0.299561289,0.5313911,0.372845267,0.294700308,0.395617839,0.406596181,0.312824939,0.380609202,0.40529642,0.324949198,0.429893016,0.48390192,0.33383116,0.304160807,0.426322795,0.514752099,0.332705454,0.219770876,0.333274616,0.358937974,0.432600613,0.290186837,0.318683356,0.446093226,0.353601085,0.457879104,0.384353929,0.325794992,0.342830074,0.243098736,0.396220118,0.321392911,0.41525857,0.47686445,0.32514925,0.31016355,0.494075971,0.397161875,0.332162726,0.370644252,0.000766095,483.8098519,1305.321341,,,,0.069286332,
MIH1.2020,M3.G,M3.G-Int,CV00,414,DAP,0.201004809,-0.052264706,0.008043408,0.134164695,0.132211415,0.257176435,0.079586517,-0.131722646,-0.14459682,0.286158927,0.115027501,-0.163326537,0.017114925,0.197565403,0.178484533,0.131861252,0.074359035,0.031673374,0.186951629,0.001698164,-0.245788601,-0.136389607,0.253508007,0.100308227,0.307111679,-0.006366196,0.09987188,-0.045344134,0.121080727,0.231230607,-0.044437426,-0.107624803,0.035850997,0.039016583,0.227761883,0.079467404,0.067027076,0.244431094,-0.008190322,-0.0119594,-0.004953505,0.167054679,0.120774221,0.235976267,-0.080230362,-0.091931745,0.020987263,0.056265536,0.210125141,0.159943922,0.070714968,0.002415047,29.28098959,414.0706042,,,,0.131283102,
MNH1.2020,M3.G,M3.G-Int,CV00,395,DAP,0.432117395,0.436120015,0.610901693,0.530508631,0.248395204,0.578002048,0.151680941,0.523603107,0.513607073,0.344973307,0.257490771,0.530098306,0.500184167,0.610320352,0.2719236,0.183020871,0.597824137,0.52559514,0.360471721,0.227466922,0.370892107,0.521672253,0.400599441,0.459575034,0.558809368,0.351740537,0.509880261,0.616208873,0.330841211,0.44734627,0.198745499,0.525362063,0.336564394,0.47906321,0.634321468,0.186965988,0.451333037,0.513242557,0.636528803,0.413740146,0.670085047,0.522446024,0.126175019,0.28519308,0.186828914,0.46519379,0.360793746,0.35348697,0.547764635,0.511537398,0.428144851,0.002078097,206.0273998,481.2095704,,,,0.144825943,
MNH1.2021,M3.G,M3.G-Int,CV00,415,DAP,0.465346891,0.254528237,0.4697504,0.342116434,0.172072344,0.253929038,0.365641136,0.490436314,0.318194399,0.296336594,0.119000073,0.246995095,0.486120601,0.560957346,0.115673258,0.249930544,0.335987367,0.590502297,0.103834662,0.158783198,0.229519163,0.274525353,0.446270075,0.354564529,0.22526086,0.345467044,0.159816106,0.417360867,0.275899629,0.307924303,0.023492284,0.339531903,0.203279311,0.425455257,0.463871487,0.135635105,0.466317923,0.505208121,0.393530542,0.050982516,0.415984502,0.268469249,0.211607981,0.467863753,0.21397208,0.489867466,0.192490636,0.253098492,0.458471048,0.141873634,0.311074949,0.002187003,142.2379858,457.2466742,,,,0.139909633,
MOH1.2020,M3.G,M3.G-Int,CV00,1006,DAP,0.042444203,0.006409592,0.085843975,-0.110996232,0.018661933,0.063088097,-0.096231913,-0.116916662,-0.011529154,0.090605445,0.038965758,-0.157627733,-0.038602511,0.028057104,0.059719719,0.063789986,0.047883864,0.041143444,-0.204025368,0.055069228,-0.06984788,0.026180354,-0.013855399,-0.027162136,0.044525658,0.084167984,-0.074590115,0.125139883,-0.063477981,-0.123023464,0.093492832,-0.034785104,-0.045012006,-0.065818871,0.01006884,0.01526642,0.047129564,-0.182150205,0.039056143,-0.014357146,0.103995767,-0.10205157,-0.082081327,0.030947296,-0.000195388,-0.153192672,0.039211393,-0.028473251,0.061253771,-0.003546124,-0.009148639,0.000995933,-9.186002597,1004.084039,,,,0.079037496,
NEH1.2021,M3.G,M3.G-Int,CV00,246,DAP,0.000777329,0.097796696,-0.060888734,0.087489624,-0.156383487,-0.184015431,0.244490222,-0.025332677,-0.128740026,0.056400695,-0.027890341,-0.082509059,0.083628778,-0.121926379,-0.072131752,-0.083715002,-0.024961714,-0.087933965,-0.173158873,0.08640437,-0.019319721,0.112533065,-0.28796732,-0.057449233,-0.007658771,0.076229127,0.034285265,-0.22814887,-0.054722903,0.002832465,-0.060837781,0.208009142,-0.049308428,-0.068586234,0.086305471,0.304919547,-0.152800939,-0.157144607,0.094525337,-0.114042274,-0.080087379,-0.003013108,0.218531067,-0.066771662,-0.021776841,0.113710975,-0.011429073,-0.140371035,-0.163383753,0.078506903,-0.019740626,0.004096764,-4.818590508,244.095122,,,,0.122724337,
TXH1.2020,M3.G,M3.G-Int,CV00,246,DAP,0.297473468,0.095946255,0.079461618,0.433156464,-0.065983274,0.444240555,0.194328302,0.13146033,-0.263794601,0.401344022,0.468686625,-0.008632374,0.250340868,0.299372669,0.095048823,0.099080009,0.507054376,-0.085432122,0.250804947,0.302805298,0.095947241,0.137569837,0.234698082,0.201275459,0.364527337,0.310521724,0.505428728,0.054683141,-0.087139257,0.260524435,0.475029206,0.035478379,-0.017829923,0.040491564,0.43376331,0.028515739,0.106811828,0.312184554,0.349570875,0.380737618,0.29776432,0.327581117,0.379000477,-0.10770617,0.206520155,0.066144102,0.2757532,0.360715144,0.195702476,0.360219477,0.210224929,0.003917236,53.66665466,255.2820686,,,,0.182525723,
TXH1.2021,M3.G,M3.G-Int,CV00,246,DAP,-0.079705468,-0.145954466,0.13835018,0.139794254,-0.234186234,-0.050041475,-0.023184861,0.038576166,-0.349579671,0.079392311,-0.012762052,0.041706745,-0.353635329,0.090827863,-0.115800804,-0.128385973,0.148862955,-0.149800977,-0.183668944,-0.058872425,-0.119010504,-0.284387494,-0.066536616,0.074080211,0.009822832,-0.034063432,0.150417357,-0.143441904,-0.150403971,-0.12382479,0.017416912,-0.018266869,-0.287810999,0.122592806,-0.057988381,-0.067715796,-0.179508719,-0.053350519,-0.011738628,0.111898542,-0.023828105,0.086140678,-0.091784104,-0.133249172,-0.144752111,-0.165475231,0.137043988,-0.01117212,-0.153606511,-0.030480718,-0.057021031,0.004085035,-13.95851637,244.795929,,,,0.128256107,
TXH2.2020,M3.G,M3.G-Int,CV00,246,DAP,0.14094404,0.110703129,-0.060024848,0.126484082,-0.191333302,0.231133792,-0.033746195,-0.120000309,-0.267714796,0.153858402,0.303258019,0.14537627,-0.046472184,0.007263831,-0.193086658,-0.048193783,0.28790214,-0.119938386,-0.023343931,0.058724614,0.137367064,0.017110757,0.222970351,-0.071185711,-0.028677605,-0.167630675,0.309427186,0.099376372,-0.19082492,0.387099735,0.24593289,-0.05492866,-0.131234494,-0.130777419,0.173339792,0.214577229,-0.027364261,0.089338616,-0.139716846,0.307461145,0.217768699,0.244003349,-0.064581916,-0.137978991,-0.091931081,-0.170141684,0.041605529,0.130336494,-0.137051027,0.280046312,0.040710603,0.004091568,9.949877629,244.4050655,,,,0.169084952,
TXH2.2021,M3.G,M3.G-Int,CV00,246,DAP,0.282693484,0.139484186,0.147606353,0.159648996,-0.021015402,0.307267756,0.503644571,-0.155444964,-0.272264856,0.187904963,0.11108718,0.171089082,0.190054006,0.133860867,0.035922506,0.055386637,0.221879906,0.091700068,0.222500525,0.140855125,0.280376049,0.269258494,0.258732772,0.107862921,-0.075066374,0.302204198,0.467593245,0.13150582,-0.196227046,0.083129775,0.231702935,0.182787344,-0.011044436,0.027892759,0.297533375,-0.004053587,0.132152084,0.30109853,0.005086399,0.408420898,0.185898631,0.151234836,0.371918234,-0.057328194,0.184849233,0.255476061,0.213063438,-0.059069489,0.187986907,0.108840191,0.14795354,0.004008647,36.90860224,249.4607583,,,,0.157486065,
TXH3.2020,M3.G,M3.G-Int,CV00,266,DAP,0.076752707,0.2795051,0.001242749,-0.22548522,-0.166628184,-0.204602978,-0.008928382,-0.135957815,0.32031732,-0.127616936,-0.130805077,-0.051927842,-0.132658303,0.046362774,0.274618684,0.029553909,-0.109227584,0.170464495,0.047214855,-0.236690926,-0.001383715,0.095086342,0.167321058,-0.108645662,-0.182427842,-0.035180889,-0.105560728,-0.21745067,0.192593706,0.19174541,0.154825577,0.124473838,0.079307495,-0.018116319,-0.243801487,0.010130995,0.174951494,0.133331426,0.040458404,-0.374940546,-0.067063051,-0.135791788,-0.267364811,0.132808101,0.272806613,-0.142645963,0.182854623,0.107106613,0.012703735,-0.179203031,-0.005831355,0.00378775,-1.539529956,264.0089775,,,,0.166059432,
TXH3.2021,M3.G,M3.G-Int,CV00,245,DAP,0.108491007,0.308414971,0.112843967,0.143135816,-0.003127508,0.09211284,0.043067841,0.23300631,-0.194335796,0.18826433,0.24240032,-0.103111217,-0.059736695,0.254100305,0.246060692,-0.002545792,0.284815275,-0.027973039,-0.001657934,0.170465237,0.057622533,0.144982878,0.243807395,0.028191573,0.034343332,-0.021386221,0.204640907,0.060562705,0.078849382,0.120243797,0.265448348,0.195370242,-0.015477146,-0.049548127,0.157789556,0.276378186,0.002085863,0.153864529,0.206753108,-0.010370863,0.186488857,0.180135766,0.091922041,0.206987737,0.027245124,0.03811017,0.164964442,0.003779824,0.20962838,0.171138579,0.108984877,0.004066347,26.80166725,245.9209764,,,,0.114808803,
WIH1.2020,M3.G,M3.G-Int,CV00,394,DAP,0.348457172,0.27507793,0.393542708,0.276887892,0.204024895,0.316100416,0.150138693,0.273474232,0.183288908,0.371512458,0.239325302,0.021192399,0.389809714,0.374363189,0.276135114,0.517950019,0.413584198,0.101408688,0.355637367,-0.16268779,0.332047137,0.454367514,0.249063528,0.170076416,0.28071203,0.27427901,0.273905281,0.38297769,0.338573011,0.242004839,0.253069411,0.16816317,0.24562376,0.20113169,0.510455218,0.221129505,0.459520526,0.169230412,0.265569597,0.365992458,0.446888092,0.375204174,0.019991949,0.52893289,0.07621477,0.145626886,0.278721007,0.176790583,0.328591004,0.432919429,0.27973993,0.002351392,118.9678105,425.280047,,,,0.136312141,
WIH1.2021,M3.G,M3.G-Int,CV00,398,DAP,0.387737378,0.183269915,0.192231829,0.152259038,0.199603382,0.445991363,0.303564294,0.124793216,0.300927973,0.060655429,0.374440589,0.122155327,0.294544906,0.208522846,0.306226274,-0.169307128,0.222227029,0.529607285,0.332489273,0.251978172,0.357481691,0.134887161,0.306536095,0.080529737,0.296253239,0.320562892,0.16527175,0.4183601,0.205708218,0.047246381,0.047243092,0.165871289,0.099788033,0.466650217,0.311762962,0.372010073,0.139116491,0.300238843,0.215254578,0.198570982,0.333945981,0.222996182,0.138006691,0.214737866,0.355872695,0.30055927,0.131879983,-0.032986679,0.520118273,0.238454804,0.237936946,0.002382288,99.87749388,419.7645458,,,,0.13755958,
WIH2.2020,M3.G,M3.G-Int,CV00,1127,DAP,0.134988386,0.189814228,0.18928737,-0.024580867,-0.071389339,0.046896309,0.026714576,0.095854469,0.201911239,0.06983333,0.059356196,0.17239676,0.023340428,0.018234566,0.213812119,0.056249926,0.172777117,0.032085672,0.106611324,0.125359263,0.279025026,0.106595533,0.068828096,0.002290446,0.067620312,0.054043971,0.137926101,0.079642826,0.19600947,-0.011182622,0.041045819,0.043627005,0.146943472,0.072550347,0.166927825,0.003461346,0.094299179,0.132131986,0.019683243,0.227405511,0.103879258,0.096531171,0.108990808,0.02319624,0.207005438,-0.10095916,-0.032964165,0.272402031,0.142679376,0.100612918,0.093796038,0.000881069,106.4571198,1134.985256,,,,0.084283705,
WIH2.2021,M3.G,M3.G-Int,CV00,1137,DAP,0.294390939,0.33896347,0.33287948,0.424571703,0.237673262,0.317018369,0.379061653,0.212399567,0.272062227,0.419959634,0.299013724,0.40134245,0.179997967,0.340924627,0.390032547,0.227156988,0.330375257,0.218751455,0.443152295,0.346351347,0.212814927,0.402372727,0.321858826,0.376489873,0.324638354,0.363833508,0.219754753,0.390764617,0.340958955,0.2943876,0.333601124,0.196705968,0.374548934,0.411905954,0.315145394,0.343036127,0.353322923,0.253505883,0.320153855,0.3840616,0.315428192,0.184156262,0.340389273,0.36502538,0.393660424,0.33881637,0.357750755,0.21242816,0.360871276,0.367180251,0.323512944,0.000788845,410.1095092,1267.675735,,,,0.068903141,
WIH3.2020,M3.G,M3.G-Int,CV00,415,DAP,0.238630403,0.271033643,0.180573831,0.388350686,-0.107375506,0.361140428,-0.149944923,0.147553684,0.278920357,0.30737,0.33100277,0.091955793,0.163220897,0.335206644,0.032788558,0.093544034,0.485877059,0.385254478,0.07717024,-0.190075128,0.208884602,0.002164474,0.329425424,0.199276605,0.476053674,0.087618909,0.214549344,0.453629845,0.119544668,0.165357757,-0.108767115,0.279874336,0.098446548,0.245611224,0.448252636,0.394029281,0.222718891,0.23529926,0.21320571,0.158401231,0.25658696,0.266745488,0.030078889,0.271272401,-0.168358565,0.290123035,0.019526852,-0.070728054,0.40866415,0.423048744,0.197854703,0.002326522,85.04313192,429.8261836,,,,0.174687805,
WIH3.2021,M3.G,M3.G-Int,CV00,397,DAP,0.484695498,0.342487485,0.294549125,0.527174291,0.184089403,0.484538158,0.292710178,0.440518747,0.331448868,0.260865217,0.466062371,0.100731517,0.418591408,0.61755037,0.268712237,0.021648744,0.480487431,0.613957372,0.309432479,0.112392222,0.232281757,0.370477673,0.622810212,0.301267673,0.448328805,0.338443074,0.318981208,0.533588825,0.322152467,0.365122865,0.079708017,0.319271506,0.383473314,0.367990402,0.545366354,0.240540652,0.556671691,0.609837678,0.397380622,0.226284241,0.548465755,0.539184489,0.266032799,0.240073282,0.260464225,0.469969792,0.415970406,0.181218195,0.579193041,0.326190179,0.369187686,0.002186583,168.8422598,457.3344833,,,,0.150057922,
DEH1.2020,M3.P,M3.P-Int,CV00,1142,AGDD,0.350190336,0.286541279,0.408258837,0.227047585,0.254693679,0.295601459,0.315506481,0.170632492,0.348139974,0.444263772,0.418488281,0.374289202,0.191638502,0.343914868,0.268163669,0.279273098,0.417312781,0.228939031,0.368221077,0.282266087,0.296642365,0.31092416,0.397428761,0.147218098,0.344291288,0.262984755,0.365935306,0.242880104,0.343642909,0.349303347,0.377013397,0.285638525,0.305506535,0.320712641,0.300004159,0.406659728,0.280292097,0.257443203,0.270581682,0.39770537,0.334959666,0.272109168,0.393260943,0.213773222,0.339081797,0.293495509,0.262353965,0.253593285,0.334326769,0.441885342,0.313500612,0.00079098,396.3444762,1264.254236,3156.540371,11123.45652,0.283773337,0.069203876,0.123467706
IAH4.2021,M3.P,M3.P-Int,CV00,1128,AGDD,0.194260275,0.415919092,0.144202227,0.319902778,0.094091041,0.250969461,0.240898036,0.145188417,0.28808781,0.178565505,0.292371561,0.20931085,0.232221581,0.262512791,0.17849835,0.222221079,0.210900547,0.292723755,0.23865083,0.251105985,0.321653486,0.290590493,0.242491115,0.048897446,0.34061236,0.260225815,0.180809144,0.190248449,0.199042802,0.289078699,0.252605611,0.351720532,0.211714464,-0.026620579,0.328123422,0.233414989,0.31668375,0.233022192,0.225709894,0.187795217,0.236342897,0.140932846,0.236276707,0.252883068,0.358214156,0.238082662,0.299366885,0.23797787,0.264564727,0.143693185,0.234975125,0.000839065,280.0441559,1191.803411,,,,0.078358793,
MIH1.2020,M3.P,M3.P-Int,CV00,414,AGDD,0.38423975,0.365643995,0.248259774,0.438028017,0.427106409,0.380441369,0.35576566,0.458230274,0.388717139,0.234233185,0.423461697,0.492652798,0.503577659,0.143906048,0.316330556,0.220362141,0.098025778,0.355808035,0.596857493,0.561798287,0.381925237,0.286020381,0.269778669,0.541858976,0.372609629,0.169826175,0.276788935,0.405682676,0.459501838,0.322748097,0.323296293,0.445264605,0.436762188,0.318783195,0.302679475,0.442855387,0.22956855,0.191988452,0.414969638,0.413718776,0.310123526,0.346439291,0.378792968,0.409459851,0.317871265,0.392851967,0.158827538,0.404232213,0.186637808,0.578370379,0.357673601,0.002116674,168.9790865,472.4393583,,,,0.113906139,
MNH1.2020,M3.P,M3.P-Int,CV00,395,AGDD,0.080692012,0.371738624,0.010300224,0.257325821,0.619236487,0.132409302,0.446705673,0.109309747,0.361406421,0.373045777,0.229737624,0.449087432,0.173592165,0.01172005,0.538443876,-0.05849604,0.611235529,0.218656484,0.450031268,0.023543604,0.378200157,0.329041569,0.090348647,0.487370582,0.186066468,0.129199934,0.315121063,0.512908134,0.191458954,0.311351484,0.456952002,0.290466715,0.036505938,0.329017782,0.39287901,0.057241451,0.415427231,0.410403292,0.464111751,-0.003432075,0.186357168,0.508756337,-0.117779681,0.388517988,0.565827644,0.127467128,0.422406418,-0.135554913,0.390491384,0.540708749,0.281351208,0.002343108,120.0760662,426.7835463,,,,0.198744534,
MNH1.2021,M3.P,M3.P-Int,CV00,415,AGDD,0.086576842,0.065281679,0.521346786,0.382640573,0.338065134,0.426833108,0.164406848,0.360608272,0.256675608,0.232204634,0.304729804,0.405184202,0.312347242,0.492985179,-0.092219833,0.391576753,0.307929757,0.339794602,0.125258477,0.244254269,0.457760907,0.04369914,0.220962545,0.224343414,0.421185527,0.222928088,0.344207161,0.153968805,0.543779493,0.212299685,0.070495198,0.109579737,0.412593426,0.417866508,0.398249575,0.415708311,0.409958862,-0.067652797,0.384282564,0.406680407,0.166983145,0.303024041,0.322849584,0.424464166,0.251366539,0.461648802,0.216416825,0.305548458,0.104559438,0.394410938,0.288412969,0.002219898,129.9217089,450.4711057,,,,0.148187336,
MOH1.2020,M3.P,M3.P-Int,CV00,1006,AGDD,0.495015176,0.520640745,0.435624397,0.394214236,0.404533975,0.420606918,0.487802464,0.410667049,0.309627851,0.543603248,0.477179773,0.332517163,0.464171016,0.423244953,0.491685369,0.449781429,0.42787763,0.481189378,0.445368791,0.429301258,0.446898713,0.421284965,0.525251323,0.513324922,0.280209619,0.333725154,0.45498146,0.365469467,0.52778247,0.44209047,0.424081452,0.349895147,0.407500288,0.400953417,0.606163205,0.224305661,0.563711827,0.468661693,0.33904511,0.477972241,0.380935132,0.533099506,0.467588391,0.354566254,0.44376278,0.498409778,0.335533695,0.406665809,0.381635765,0.55167963,0.435436763,0.000807166,539.4636004,1238.902284,,,,0.076853817,
NEH1.2021,M3.P,M3.P-Int,CV00,246,AGDD,0.448357746,0.18565301,0.422365882,0.339636462,0.38086753,0.465372203,0.399203826,0.325859451,0.299955469,0.328722224,0.404502463,0.426871027,0.505747015,0.091600794,0.362895094,0.226745483,0.203342259,0.441618289,0.603923929,0.314770046,0.330205273,0.391557408,0.415355676,0.250636496,0.439342177,0.314592795,0.300298818,0.374685812,0.379186438,0.419869936,0.191923248,0.383122646,0.317916087,0.407968998,0.489781658,0.26509369,0.457498783,0.383304839,0.470808593,0.162124199,0.508652117,0.495809824,0.351421568,0.120014036,0.349587175,0.337428601,0.274048944,0.421679947,0.489789772,0.28897452,0.359213805,0.00356953,100.6333481,280.1488879,,,,0.106583621,
TXH1.2020,M3.P,M3.P-Int,CV00,246,AGDD,0.639167537,0.519056558,0.531913188,0.712150976,0.502720359,0.602310292,0.601396606,0.467626909,0.537810838,0.647174609,0.734197644,0.293979701,0.660446018,0.591518126,0.48284779,0.552381784,0.664788405,0.644079258,0.515175469,0.433256712,0.391245833,0.513453918,0.572065833,0.573911905,0.758655691,0.491016009,0.657303658,0.668720788,0.394630621,0.557049514,0.578445907,0.463209533,0.295829719,0.632735982,0.731635883,0.650042791,0.590423276,0.707823989,0.303990407,0.65112242,0.601443285,0.711266511,0.709451218,0.323685376,0.485317345,0.265971345,0.730896174,0.493737806,0.612380445,0.650941805,0.562048075,0.002803697,200.4667991,356.6719786,,,,0.127107066,
TXH1.2021,M3.P,M3.P-Int,CV00,246,AGDD,-0.075040042,0.175686854,0.182273907,0.22750718,-0.155503712,0.27222298,0.097988318,-0.047369931,-0.077000082,0.003579963,0.316928284,-0.103433355,-0.066433676,0.22357498,0.082285856,0.284502326,0.19225529,-0.095087653,-0.244341726,0.24016231,-0.015055265,0.037021832,-0.112597123,-0.08835287,0.521257107,0.246226327,0.220032002,-0.087103258,0.318039134,-0.180121999,0.058580924,-0.124365679,0.247634009,-0.013798643,0.290471823,0.001216922,0.196945192,0.083932217,0.131683578,-0.086679077,0.286269965,0.054816795,-0.023712428,0.014721551,0.184993963,0.268778897,0.043009224,0.060232339,-0.213453237,0.251492694,0.0801375,0.004072041,19.67993486,245.5771008,,,,0.170177831,
TXH2.2020,M3.P,M3.P-Int,CV00,246,AGDD,0.001549701,0.392812581,0.319601662,0.614266554,0.609746002,0.4700888,0.493898542,0.319320293,0.406190983,0.426344646,0.611020762,0.291970972,0.337534151,0.598742689,0.279542201,0.643943474,0.447337738,0.224380249,0.555291015,0.191573343,0.392841152,0.425632079,0.389615581,0.172831542,0.64868094,0.351678661,0.487605744,0.281482652,0.488139452,0.491170023,0.352415661,0.4389982,0.370425238,0.486992381,0.454974947,0.592130631,0.463937036,0.392311635,0.316658627,0.342284675,0.599374457,0.558188838,0.006600994,0.41314216,0.332120753,0.284587003,0.254715945,0.392922679,0.334386528,0.710937687,0.409258805,0.003411915,119.9498873,293.0905476,,,,0.15165051,
TXH2.2021,M3.P,M3.P-Int,CV00,246,AGDD,-0.14637706,0.290518405,0.301658236,0.502033952,0.223454008,0.333201489,0.241360447,0.091871699,0.174873024,0.388190564,0.449373991,0.461124262,0.201534348,0.131089472,0.149855687,0.334895047,0.335347739,0.177274232,0.22453443,0.212933812,0.273950504,0.091016484,0.32435094,0.222335906,0.345122754,0.285475591,0.539881795,0.179759083,0.314891288,0.033331045,0.234507966,0.301874053,0.160603532,0.343225868,0.271634183,0.103513075,0.425834667,0.353278107,0.194144031,0.266281878,0.348593427,0.449205818,0.349340627,-0.09783025,0.172713182,0.161923184,0.362485708,0.040277769,0.205504241,0.381148652,0.254342458,0.003833237,66.35186772,260.8760971,,,,0.139458126,
TXH3.2020,M3.P,M3.P-Int,CV00,266,AGDD,-0.090918191,0.041789973,0.143927399,-0.212118592,0.059277418,-0.190887653,0.111509022,0.101256824,-0.245997222,0.192343022,-0.132842897,0.210051037,-0.041004084,0.001647778,-0.178902866,0.297055913,-0.190044302,-0.252247236,0.137248239,0.045212203,0.031381625,0.026810874,-0.169145905,-0.152551882,0.191240628,0.170732397,-0.223284737,-0.107361833,0.055610495,-0.104379806,-0.263164752,0.183963704,0.305997719,-0.065730027,-0.14581041,0.188606858,-0.085685453,-0.20369242,0.065372369,0.020202858,-0.003870659,-0.071993011,-0.110556498,0.154394246,-0.139067535,-0.037737674,0.211948311,0.151978755,-0.277617714,-0.052977385,-0.013000622,0.003787239,-3.432744288,264.0446278,,,,0.159575227,
TXH3.2021,M3.P,M3.P-Int,CV00,245,AGDD,0.428340442,0.335560635,0.274072898,0.447511775,0.367829462,0.403877161,0.275790478,0.353097883,0.552962973,0.294666645,0.438768893,0.261541032,0.359342165,0.433751075,0.287591829,0.480685247,0.352378361,0.349566141,0.455818229,0.126514493,0.353189778,0.501807511,0.295923407,0.225179478,0.481712729,0.450791017,0.252811029,0.278057054,0.470324882,0.437184999,0.432960917,0.462131193,0.258994449,0.383195515,0.3458063,0.325853638,0.483951418,0.299026797,0.152953082,0.596971003,0.493948815,0.338987111,0.417530695,0.257832869,0.393677647,0.171558418,0.481219728,0.265350878,0.365001783,0.419899069,0.367470021,0.00355953,103.235546,280.9359682,,,,0.102717652,
WIH1.2020,M3.P,M3.P-Int,CV00,394,AGDD,0.339915096,0.471852868,0.406246373,0.313434517,0.470218951,0.384394864,0.482251127,0.425207344,0.406706107,0.44771758,0.560852728,0.39613829,0.322724115,0.519015797,0.240638914,0.402151405,0.550068874,0.300101528,0.468465341,0.323234754,0.315959906,0.540299568,0.178056652,0.383237538,0.601634039,0.232231278,0.581482707,0.560457237,0.321240558,0.339338396,0.375320126,0.206058403,0.44030031,0.662315341,0.337134953,0.689520609,0.325877268,0.340733562,0.540701757,0.315311798,0.403244278,0.353965726,0.489616798,0.487397333,0.439077032,0.550782788,0.284437272,0.472166061,0.367715722,0.566138729,0.418661806,0.002103883,198.9947764,475.3115126,,,,0.116375934,
WIH1.2021,M3.P,M3.P-Int,CV00,398,AGDD,0.439201073,0.177908227,0.313659845,0.278555848,0.189951709,0.232340874,0.389722917,0.249072696,0.132600596,0.462270441,0.290527583,0.191171482,0.450680028,0.346949549,0.182743925,0.255692683,0.181741312,0.426633147,0.43670465,0.293294902,0.03761784,0.318638358,0.325366485,0.51027442,0.306657647,0.339549941,0.226431416,0.486166535,0.234726192,0.244798481,0.313319831,0.09597573,0.447510245,0.251218431,0.46829882,0.224597493,0.388395302,0.211251789,0.278488603,0.368415032,0.205647456,0.362500649,0.474356525,0.269689316,0.082013957,0.300336747,0.218632996,0.324844547,0.33882777,0.271763928,0.296954719,0.00230257,128.9666167,434.2972455,,,,0.110884408,
WIH2.2020,M3.P,M3.P-Int,CV00,1127,AGDD,0.012427453,0.213020607,0.161280468,0.19021235,0.181330576,0.043463425,0.241777954,0.288864398,0.094209339,-0.027640519,0.063973862,0.046393244,0.236241807,0.269985552,0.144187038,0.236080385,0.241378448,0.153565191,0.057302513,0.047183141,0.106701797,0.100602995,0.12700945,0.233332495,0.142464505,0.079534388,0.269596712,0.039315249,0.179469053,0.203159136,0.058458845,0.248616126,0.058956147,0.106607858,0.29016096,0.10778726,0.119245031,0.24962494,0.090092747,0.170691153,0.247409926,0.034944198,0.189099564,0.152517498,0.064366854,0.157847836,0.172095383,0.037103915,0.146814592,0.191259239,0.145402462,0.000870096,167.1108053,1149.298322,,,,0.082249568,
WIH2.2021,M3.P,M3.P-Int,CV00,1137,AGDD,0.309855247,0.180758788,0.196226935,0.161404572,0.198862511,0.225273246,0.154604149,0.145319151,0.216428695,0.311395822,0.095404767,0.196633635,0.309823929,0.156535691,0.262606852,0.19803498,0.253189876,0.245433948,0.181328021,0.186094122,0.242822184,0.258993828,0.184645648,0.062251557,0.318730953,0.205489593,0.183573838,0.340974028,0.138306884,0.192232248,0.206578038,0.217579962,0.159012166,0.255984268,0.213585524,0.147587634,0.172787468,0.18351128,0.321600369,0.184230405,0.128096989,0.238831442,0.152213844,0.12198413,0.332345243,0.147311391,0.217782847,0.260219607,0.21626333,0.182137661,0.207457586,0.000843138,246.0542006,1186.04581,,,,0.062346116,
WIH3.2020,M3.P,M3.P-Int,CV00,415,AGDD,0.416971576,-0.01371459,0.058860525,-0.031968781,0.161815614,0.574402606,0.051191651,0.085198582,0.050092848,-0.237032346,0.06655057,0.255995351,0.203853497,0.039565902,0.025450681,-0.044833343,0.052615962,-0.054644278,0.178909859,0.305638542,0.149658542,0.109519842,-0.101319019,0.161515778,0.151832489,-0.105042144,0.111510922,0.241623465,-0.264383524,0.524883407,-0.133093012,0.252507461,0.425177297,0.03925519,0.066595723,0.183845096,0.2825396,-0.064746299,0.196037321,-0.112463233,-0.235814074,0.197475251,0.259964083,0.232866844,-0.198757116,0.109134002,-0.041600433,0.042448001,-0.049907099,0.328748307,0.098098662,0.002398006,40.90842333,417.0130616,,,,0.186760154,
WIH3.2021,M3.P,M3.P-Int,CV00,397,AGDD,0.254116834,0.198560065,0.357985377,0.402732287,0.279891107,0.47268925,0.391461851,0.192837518,0.507052685,-0.036032372,0.44744964,0.326836019,0.371515996,0.231320479,0.106982054,0.140888507,0.262318687,0.378264537,0.352478293,0.379911698,0.647817221,0.28253571,0.071946252,0.206005029,0.314770819,0.194431242,0.403482059,0.145205718,0.375197267,0.479607498,0.402525953,0.256832473,0.226383494,0.347334386,0.288602003,0.44827723,0.280431378,0.079337603,0.418620455,0.285880523,0.111619987,0.248570898,0.358622695,0.332995046,0.513683707,0.44202546,0.031879536,0.251862438,0.151947998,0.62851087,0.304924069,0.002296256,132.7918162,435.4914209,,,,0.144745709,
DEH1.2020,M3.P,M3.P-Int,CV00,1142,DAP,0.351697825,0.420700383,0.332381302,0.315417243,0.27605539,0.356560105,0.299111362,0.295882115,0.3972471,0.350981483,0.33953337,0.206937823,0.355645005,0.443404635,0.301434376,0.242536519,0.410192186,0.308221341,0.38543824,0.358174191,0.385288271,0.340175317,0.349310241,0.268054621,0.385626816,0.282917187,0.347128865,0.377780999,0.305302335,0.349086367,0.313573958,0.224716343,0.436578304,0.238258717,0.376761059,0.274078852,0.325449389,0.403528702,0.36977672,0.312259851,0.30371174,0.265709973,0.343119821,0.296607833,0.428335528,0.35137299,0.334560366,0.368723522,0.310722309,0.314272498,0.33460683,0.000778981,429.5443102,1283.72846,2918.675182,11116.71847,0.262548268,0.054383282,0.130466335
IAH4.2021,M3.P,M3.P-Int,CV00,1128,DAP,0.257573023,0.261670167,0.465559251,0.359341794,0.494499025,0.312504081,0.411169532,0.323512807,0.420983057,0.382708477,0.447117461,0.324381488,0.387461561,0.349934892,0.354991568,0.356356569,0.320878586,0.416102207,0.396509769,0.390530781,0.354570362,0.361166582,0.358412872,0.473047971,0.308658269,0.288969163,0.309555766,0.343729572,0.414608612,0.460874207,0.314881646,0.431553172,0.302866624,0.456889292,0.355683129,0.320224629,0.477166638,0.386139282,0.380518813,0.22922689,0.387401373,0.427804482,0.36726761,0.290799682,0.350228781,0.180170551,0.285927967,0.505027415,0.47001226,0.34693461,0.367482086,0.000768168,478.3877919,1301.798944,,,,0.070703411,
MIH1.2020,M3.P,M3.P-Int,CV00,414,DAP,0.095536794,0.383215216,0.352002138,0.359212073,0.487597414,0.072359121,0.675917946,0.262668061,0.508516088,0.264847782,0.471433094,0.361618756,0.320189091,-0.014360885,0.580345571,-0.031812148,0.358340991,0.112173785,0.548826206,0.596390373,0.574550239,0.496985236,-0.09551089,0.179354994,0.440101568,0.243858029,0.477577572,0.30387285,0.069893169,0.444673539,0.460187704,0.333218443,0.701611077,0.218753059,0.065652808,0.375825047,0.343685746,0.096278099,0.251334988,0.564588908,0.14946765,0.340778676,0.613308343,0.322598962,0.416296363,0.527443271,0.357387902,0.173231424,0.309477882,0.304079812,0.336511599,0.00215233,156.3475884,464.6127769,,,,0.1897625,
MNH1.2020,M3.P,M3.P-Int,CV00,395,DAP,0.10211564,0.313960425,0.110474888,0.21482653,0.473207077,0.006465914,0.512911775,0.220468508,0.146958168,0.406834584,-0.002462272,0.26680687,0.278663777,0.243342034,0.456618943,0.276991989,0.361908652,-0.199277394,0.48565507,-0.01327416,0.229384011,0.517294457,-0.055825658,0.298469734,0.243736868,0.209153877,0.035954537,0.357225149,0.2137048,0.29681782,0.292027222,0.511580846,0.415613364,-0.094405908,0.148078066,0.102462207,0.380953633,-0.01569377,0.367916733,0.304175888,0.093288926,0.273020188,0.142802955,0.400718159,0.289684364,0.443455373,0.392372291,0.106838343,0.139730311,-0.03369815,0.233400673,0.002405914,97.01123645,415.6424879,,,,0.175528868,
MNH1.2021,M3.P,M3.P-Int,CV00,415,DAP,0.138935565,0.097812955,0.305412904,0.030080638,0.639067897,0.032679333,0.502233361,0.207641638,0.458844153,0.0286163,0.458921922,0.387834168,0.128935818,-0.145748603,0.293190753,0.301370927,0.134686267,-0.096911828,0.527526256,0.394872034,0.388155729,0.171476002,-0.178674739,0.309331458,0.486798769,0.002004619,0.42319389,-0.039769282,0.355867606,0.37554105,0.105599756,0.218568742,0.431778336,0.3685287,0.065822674,0.362204661,0.338192112,0.023014903,0.167159186,0.326159879,0.034338072,0.172210553,0.255779977,0.470804329,0.269641336,0.23517622,0.071515941,0.527594962,0.111962509,0.250077649,0.238521161,0.002283554,104.4517441,437.9139513,,,,0.191419946,
MOH1.2020,M3.P,M3.P-Int,CV00,1006,DAP,0.561027222,0.403718405,0.376334378,0.241713881,0.227558144,0.458242099,0.316109619,0.342215514,0.431952693,0.286360589,0.410945881,0.419152409,0.29137524,0.379322364,0.354306807,0.294521587,0.371548649,0.398673031,0.354126851,0.401747851,0.421249159,0.446189876,0.252348722,0.288088587,0.418454933,0.389525135,0.456388167,0.376489144,0.263574207,0.336912534,0.377436255,0.270993361,0.399312147,0.423131938,0.358374159,0.322799064,0.298555748,0.341312612,0.480609002,0.397691286,0.299776312,0.297126826,0.491907019,0.45476559,0.266989485,0.277813463,0.376308847,0.354081397,0.444161176,0.349413295,0.365054653,0.000863282,422.8683848,1158.370072,,,,0.072557126,
NEH1.2021,M3.P,M3.P-Int,CV00,246,DAP,0.340039053,0.246042895,0.251123484,0.055463611,0.05919003,0.107843812,0.112935706,0.132573871,0.451850718,0.046840497,-0.018600475,0.156087444,-0.05275896,0.261947468,0.45507303,0.23598747,0.296122991,-0.028402772,0.325651068,0.098826309,0.138820487,0.138037408,0.06251623,0.149404981,0.42716928,0.067141225,0.052402941,0.007188148,0.314608621,0.467923298,0.224485774,0.038306873,0.536059175,0.035296803,0.103869526,-0.149440847,0.307965557,0.150144111,0.421601396,-0.003360316,0.031271892,0.437720017,0.285919984,0.35552359,-0.283713054,0.186701647,0.136400796,0.10419357,0.242035398,0.176141498,0.173923465,0.003974388,43.76107038,251.611077,,,,0.170294154,
TXH1.2020,M3.P,M3.P-Int,CV00,246,DAP,0.683451102,0.537247507,0.733447431,0.75449316,0.655064591,0.677062397,0.520184118,0.633988199,0.786031353,0.669880645,0.686573809,0.682442707,0.544720429,0.672649805,0.787497324,0.480892146,0.759189614,0.81581734,0.733183512,0.454035372,0.719864001,0.397311536,0.756845178,0.754841713,0.708641494,0.711843841,0.731264963,0.676480565,0.725128446,0.527200359,0.596130799,0.622545933,0.643101819,0.748038689,0.756159611,0.38685648,0.669300461,0.878928154,0.602849559,0.678496858,0.855533162,0.787377551,0.495827511,0.509589219,0.627005117,0.746987391,0.721327256,0.532626664,0.80111772,0.577148944,0.664284471,0.002289861,290.0981338,436.7076854,,,,0.114475706,
TXH1.2021,M3.P,M3.P-Int,CV00,246,DAP,0.127648464,-0.232630946,0.088131418,0.039546469,0.044799571,-0.031923629,-0.01678206,-0.253910524,0.290552717,0.018162156,-0.209522262,0.004850506,0.188422015,0.021837047,0.099095137,0.018160292,0.198940513,0.150348885,-0.009087241,-0.432227001,-0.001389137,0.024363788,0.04781937,-0.067910199,0.057189078,0.224404567,-0.089328549,-0.075484296,0.147524095,0.010056345,-0.155167426,-0.182754448,0.074515232,0.065647652,0.260483544,-0.024131373,0.386717981,0.075397383,-0.285856063,-0.078619746,-0.100466764,0.288700965,-0.025905624,0.166157716,-0.199107747,-0.058826668,0.180723057,-0.204658189,0.090855985,-0.026651018,0.012574221,0.004097713,3.068595054,244.0385852,,,,0.162091332,
TXH2.2020,M3.P,M3.P-Int,CV00,246,DAP,0.52493135,0.485432231,0.113209724,0.608920723,0.560234807,0.627045537,0.470203656,0.483682867,0.440120514,0.293246376,0.492971565,0.554989428,0.519748854,0.430741881,0.414595069,0.153665791,0.478903217,0.717128425,0.551592604,0.373955152,0.500441561,0.43088955,0.555698338,0.298895709,0.57678711,0.281107132,0.460642048,0.619004651,0.455279432,0.544077332,0.178456057,0.520985547,0.53366187,0.551652691,0.487104734,0.486288383,0.445088115,0.513925531,0.43377391,0.499963501,0.492193032,0.581632637,0.284459621,0.46563531,0.567391336,0.615224483,0.634449997,0.207231735,0.440690279,0.39314655,0.467021959,0.003204469,145.740816,312.0641614,,,,0.1281817,
TXH2.2021,M3.P,M3.P-Int,CV00,246,DAP,0.269095307,0.393136,0.322752022,0.189446952,0.406183736,0.199739878,0.383197139,0.222662478,0.392435938,0.36028413,0.258956865,0.203184112,0.3093558,0.15000902,0.490264494,0.166150699,0.246755578,0.283930805,0.493507274,0.360884693,0.211212523,0.42309619,0.336585131,0.159791734,0.478169839,0.24932618,0.340054568,0.24738922,0.453532513,0.193720891,0.300284987,0.134734517,0.432568368,0.318143172,0.261986814,0.304728922,0.362450306,0.443837024,0.081452993,0.335299092,0.524307177,0.202300594,0.256568868,0.277545981,0.115659348,0.246071339,0.340670169,0.298926313,0.498435616,0.161706003,0.301849786,0.003724946,81.03468488,268.4603023,,,,0.110451136,
TXH3.2020,M3.P,M3.P-Int,CV00,266,DAP,-0.060485387,-0.048336001,0.050611512,0.040971989,-0.117936982,-0.005753708,-0.280606215,0.111013453,0.167439776,-0.152547491,0.104790046,-0.069480862,-0.015611902,0.089990111,-0.199292935,-0.116723218,-0.004368438,0.006897867,0.112633715,-0.092709371,-0.326515334,0.04456362,0.179541979,-0.056385525,0.140811289,0.149217979,0.168519576,-0.327187751,-0.026006784,-0.028755089,-0.048996026,0.045516556,0.068036605,-0.072770711,-0.091257132,0.053519392,-0.038039708,-0.070495511,-0.030005906,-9.95E-05,-0.18659125,0.148378068,0.002883973,0.163651068,-0.103225175,-0.212561699,-0.012281659,0.158271244,-0.086285553,0.002323594,-0.017434589,0.003786727,-4.60413103,264.0802711,,,,0.126027885,
TXH3.2021,M3.P,M3.P-Int,CV00,245,DAP,0.34893642,0.311417931,0.425529176,-0.020411832,0.441865723,0.326642401,0.333905697,0.584894752,0.131976013,0.205420344,0.265557447,0.269416177,0.245843186,0.397170165,0.355729885,0.165741677,0.352372862,0.376220796,0.34424908,0.26030622,0.512568625,0.179587904,0.346774532,0.180215914,0.31700621,0.230468642,0.468662616,0.392366919,0.171546989,0.336378988,0.366862445,0.461518976,0.306140774,0.318554648,0.173465362,0.31083204,0.199080333,0.504808479,0.282717948,0.216405433,0.281592409,0.397943339,0.29505082,0.017234451,0.384951263,0.310789287,0.404153753,0.396816471,0.384017089,0.076363823,0.306953212,0.003727489,82.34853178,268.2771463,,,,0.121533053,
WIH1.2020,M3.P,M3.P-Int,CV00,394,DAP,0.519722051,0.495035796,0.416818446,0.35018536,0.507573703,0.076680774,0.569949207,0.394657001,0.319548677,0.63734091,0.327985233,0.680883563,0.249272455,0.55830355,0.191695102,0.281114031,0.593135046,0.462109152,0.565500117,-0.0231896,0.267554717,0.505554269,0.298044765,0.52293113,0.393747598,0.562792703,0.311873654,0.582250662,0.308885711,0.519894291,0.246859596,0.282080374,0.426285361,0.476509846,0.650652287,0.435185099,0.455956846,0.493987862,0.412918213,0.361368814,0.459116132,0.464044668,0.328931366,0.68097371,0.065328436,0.297224416,0.633826423,0.482369275,0.435315714,0.313042804,0.416996546,0.002107433,197.8693859,474.5108505,,,,0.15694402,
WIH1.2021,M3.P,M3.P-Int,CV00,398,DAP,0.015612266,0.257384757,0.154344614,0.294614766,0.452978202,0.033255256,0.119759925,0.305434702,0.313636087,0.294813137,0.344099294,0.240674433,0.093753431,0.014535826,0.429994206,0.245627399,0.060382976,0.238234274,0.429038677,0.18205854,0.100094372,0.301721177,0.07460789,0.33456319,0.400297092,0.536803556,0.140704599,0.110163768,0.357101713,0.090215033,0.372406024,0.150949586,0.366977884,0.139695,0.165881328,0.079143001,0.237367641,0.134118775,0.473021559,0.18400801,0.143737075,0.28493441,0.279525936,0.250603495,0.209631985,0.359613292,0.246980877,0.063347632,0.11172926,0.309128364,0.230586126,0.002390985,96.43980665,418.2376814,,,,0.130229991,
WIH2.2020,M3.P,M3.P-Int,CV00,1127,DAP,-0.100905249,0.05317333,0.148148034,0.078960049,0.296699475,0.08477678,0.11441571,-0.023346652,0.073040118,0.117278586,0.189230496,0.033370955,0.100352093,0.191275084,-0.098446625,0.230395306,0.047333855,0.083481411,0.064657566,-0.049971359,-0.079270606,0.218448453,-0.03271906,0.075127206,0.170312058,0.114718343,0.102616775,0.121880101,0.031540877,-0.012655561,0.208922006,0.149357019,-0.138095642,0.102304717,0.104222197,0.022125045,0.06727541,0.053366025,0.234051513,-0.076985584,0.041491995,0.106577246,0.136547774,0.09496023,-0.058290801,0.235257151,0.096076461,-0.045574337,0.056332497,0.105175076,0.076780271,0.000883649,86.89003983,1131.671441,,,,0.097519562,
WIH2.2021,M3.P,M3.P-Int,CV00,1137,DAP,0.112308714,0.126131366,-0.104357112,0.015711604,0.148303913,0.023933591,-0.016113676,0.213266781,0.10631842,0.132861986,0.192847659,0.078132185,0.144683195,-0.123181872,0.115549994,0.149134105,0.012070902,0.289477024,0.152795142,0.026597242,0.144957717,0.033886157,-0.065766998,0.072582127,0.056104054,0.132309507,0.168079386,0.0254772,0.143636783,0.125722572,0.118455741,0.219638875,-0.033420315,0.124236834,-0.044665834,-0.015447713,0.032453762,-0.003152849,0.144542651,0.190073003,-0.035336475,0.107491686,0.160175524,0.038387209,0.129865701,0.103454551,0.161703889,0.04983539,-0.082738396,0.023812282,0.080456504,0.000875354,91.91310808,1142.395007,,,,0.089975724,
WIH3.2020,M3.P,M3.P-Int,CV00,415,DAP,-0.163251973,-0.138465174,0.185874704,-0.146795132,0.046919203,-0.35973279,-0.131891743,0.272513986,0.168112184,0.051399792,0.006492219,-0.079053437,-0.093897831,-0.208783507,0.403572129,0.048386405,-0.045403561,-0.049574829,-0.070840285,-0.0492195,-0.124930016,0.127009652,-0.326239912,-0.090375554,0.214711913,0.049909685,-0.112880303,-0.115783865,0.164001301,-0.031450932,0.19610211,-0.108386183,0.18448483,-0.128870708,-0.12329348,0.278313869,-0.030189622,-0.321668883,0.046096745,-0.030265059,-0.276808111,-0.26435746,0.285737566,0.245280982,-0.040431843,0.099655166,-0.022563103,0.029525739,-0.219753156,0.046878575,-0.015083584,0.002420757,-6.23093778,413.0939849,,,,0.173924389,
WIH3.2021,M3.P,M3.P-Int,CV00,397,DAP,0.204301818,0.334271426,0.374862181,0.099709875,0.385471384,0.187923908,0.519157987,0.030837034,0.474055388,0.163607091,0.333317607,0.404319385,0.191729962,0.129969809,0.33651746,0.007354138,0.383212233,0.413038347,0.383236507,0.244604039,0.300407858,0.309956286,-0.074630185,0.405682884,0.391858439,0.015155449,0.276200219,0.25385036,0.255657234,0.584073642,0.232819847,0.317814307,0.371197252,0.464478712,0.175352304,0.437718949,0.203479195,0.153323695,0.296679376,0.327932653,0.18114535,0.213238645,0.46632691,0.288142732,0.403317322,0.304515207,0.112031189,0.509573392,0.26204656,0.130752086,0.283431909,0.002328269,121.7350223,429.5035898,,,,0.142856588,
DEH1.2020,M4.G,M4.G.W,CV00,1142,AGDD,0.633904961,0.563131727,0.598791733,0.615313087,0.668105553,0.601013057,0.555744201,0.686263669,0.648565728,0.598704166,0.627167914,0.574434894,0.633582363,0.610004226,0.653183135,0.67261848,0.550704793,0.702769615,0.591940479,0.573447185,0.691518369,0.611227585,0.612377835,0.591992505,0.633342957,0.582379157,0.659691733,0.572446926,0.651871574,0.633127181,0.573698781,0.621571277,0.675208596,0.592437423,0.632820023,0.612058036,0.597686146,0.567604161,0.652020928,0.644845711,0.608796785,0.5595079,0.643315598,0.629126089,0.676289092,0.613216587,0.608452543,0.571423168,0.679506512,0.639504378,0.61996913,0.000540034,1148.0196,1851.736713,3169.546547,11408.663,0.277819281,0.039126255,0.117364189
IAH4.2021,M4.G,M4.G.W,CV00,1128,AGDD,0.342209719,0.485501653,0.435210845,0.302776777,0.250079067,0.346686973,0.410448798,0.371119113,0.451128402,0.353566692,0.427561831,0.314161641,0.368016806,0.36692272,0.431086608,0.431906126,0.301182343,0.364524579,0.355664577,0.40501687,0.295450773,0.422470436,0.377621566,0.502094944,0.372231382,0.403592727,0.366384091,0.339017569,0.469059771,0.299325625,0.424815701,0.393592497,0.3354303,0.372555174,0.409874824,0.409356132,0.443111278,0.283836103,0.405031609,0.362703983,0.403435462,0.367916695,0.370285461,0.298587451,0.485903005,0.437864796,0.327866464,0.476532487,0.386359483,0.304419404,0.381229987,0.000759026,502.2618445,1317.477276,,,,0.058350902,
MIH1.2020,M4.G,M4.G.W,CV00,414,AGDD,0.108538378,0.278382846,0.149220688,0.225377886,-0.174079046,0.131795582,0.122246888,0.094089029,0.207661971,0.095321703,0.160197371,-0.086083215,0.16682216,0.318813802,0.096107242,0.066835191,0.182701901,0.201815716,0.081895544,0.001703725,0.100981647,0.035336605,0.294818777,-0.00607996,0.353303847,0.072687037,0.207620958,0.022317415,0.183938278,0.289038181,0.128828301,0.086682479,0.148977534,0.14240165,0.132455937,0.120086553,0.27420311,0.135584254,0.005192467,0.156360058,0.112805114,-0.064348695,0.2580061,0.12575941,0.455340278,0.261896187,0.114686569,0.272065448,0.319952187,-0.055708497,0.142291092,0.002378042,59.83540257,420.5140448,,,,0.119919356,
MNH1.2020,M4.G,M4.G.W,CV00,395,AGDD,0.309620363,0.401613543,0.475299286,0.053454552,0.28082008,0.149870207,0.405380644,0.029868393,0.435635778,0.509035743,0.284074985,0.354156359,0.26799129,0.424397905,0.457220584,0.382911741,0.480395406,0.484615171,0.284038458,0.034104807,0.355314207,0.347392812,0.271957067,0.276421222,0.594389386,0.090474081,0.324110593,0.577646245,0.404671996,0.4429762,0.510386236,0.415403202,0.143839511,0.519983199,0.280406139,0.402364321,0.491582327,0.37204461,0.207864777,0.389369963,0.448499395,0.55385934,0.180904818,0.231362456,0.347195637,0.170065687,0.571130834,0.398249178,0.306669601,0.354801173,0.34971683,0.002233329,156.5899575,447.7621436,,,,0.142346679,
MNH1.2021,M4.G,M4.G.W,CV00,415,AGDD,0.049237015,0.412124008,0.417304882,0.47330463,0.089489589,0.472820522,0.434001204,0.117007251,0.255073062,0.344423454,0.468134073,0.078720214,0.311750022,0.338953387,0.472539101,0.339584346,0.374246167,0.39243986,0.404888226,0.030041742,0.29651246,0.415060943,0.163925479,0.471112321,0.318363471,0.25198998,0.235678996,0.35571711,0.345309885,0.558347982,0.389713215,0.271431327,0.449441837,0.193093924,0.42412633,0.360338563,0.551663988,0.534129918,-0.180124081,0.275544238,0.252633771,0.311456444,0.379574365,0.503958157,0.319928799,0.449744639,0.345664176,0.311099011,0.415074014,0.28282735,0.330588427,0.002156686,153.2853819,463.6743733,,,,0.146370177,
MOH1.2020,M4.G,M4.G.W,CV00,1006,AGDD,0.136717675,0.02644849,0.086346105,-0.053241566,-0.235914676,0.042619082,-0.007671067,0.051644248,-0.087673338,-0.013602398,-0.106927674,0.04013367,0.006156155,0.062218406,0.039031591,-0.014401614,-0.167755831,0.066262065,0.168852446,-0.039781354,0.059099201,-0.038157818,0.065822159,-0.130365157,0.031062415,-0.071561806,-0.007565359,0.077041909,0.100171422,-0.095334866,0.059765189,0.117918916,-0.09056998,0.101975369,-0.144662851,-0.054486364,-0.015167887,0.133651147,-0.066663874,0.025875638,0.016224099,0.039011646,-0.042697499,0.096816817,-0.035934282,-0.020127392,0.086894811,-0.071959578,0.018919404,0.032603459,0.003541186,0.000996003,3.555395395,1004.01259,,,,0.084264145,
NEH1.2021,M4.G,M4.G.W,CV00,246,AGDD,0.113666823,-0.078489685,-0.015598536,0.029503431,0.209587982,0.147284448,0.087351933,0.284147441,0.19523708,-0.090975234,0.170693236,0.177501263,0.14920395,-0.033239384,-0.062380976,0.001739025,-0.250271225,0.13213518,0.068402991,0.420351876,0.284754445,-0.043248887,0.052699852,-0.106669574,0.062840543,0.124271482,0.319914684,0.10077772,-0.112962315,0.034221521,0.196436161,0.10027718,0.08924665,-0.030601926,0.116474037,0.185405817,0.157328796,-0.081201624,0.170111179,-0.021979428,0.248089165,-0.076945725,0.161340808,0.153948149,0.005154174,0.056375606,-0.06517218,0.040772212,0.321180385,0.021195735,0.082397725,0.004070535,20.24247894,245.6679342,,,,0.133217103,
TXH1.2020,M4.G,M4.G.W,CV00,246,AGDD,0.441434682,-0.117348213,0.2193506,0.163784383,0.108354944,0.229537273,-0.038875822,0.089385413,0.356754962,0.336952932,0.051294375,0.26850877,0.285795925,0.338515219,0.183818398,0.242611193,0.216132168,0.357190282,-0.0016974,0.300616255,0.190366424,-0.061500654,0.373431964,0.034970935,0.266214674,0.046072417,-0.038588701,0.328452768,0.344465767,0.246333381,0.320634558,0.251801044,-0.176209543,0.324162798,0.3483921,0.196572042,0.215979042,0.277894011,0.079327296,0.322171712,0.399024333,0.294919317,0.18300102,-0.026311225,-0.046854793,0.383589719,0.327503546,0.310241549,-0.128397745,0.082850149,0.194052525,0.003944031,49.20156917,253.5476887,,,,0.159021646,
TXH1.2021,M4.G,M4.G.W,CV00,246,AGDD,0.168579265,-0.234965816,-0.045547086,0.083295256,-0.171065736,0.104240744,-0.115055818,-0.126288056,-0.032873436,-0.077627728,-0.122945802,0.156934141,-0.20583742,-0.044996021,0.170392475,0.294656079,-0.141704515,-0.188611823,-0.207279564,0.006297674,-0.060091106,-0.181393316,-0.059063,-0.034205442,0.102690222,-0.130080544,0.037904646,-0.043212609,0.030815838,0.150982829,-0.066523316,-0.048921067,0.036024014,0.071217907,-0.128395054,-0.042921226,-0.05054079,-0.123472823,0.019826097,0.048283162,0.01680793,-0.18334537,0.2029861,0.060725262,-0.109264823,0.036775814,0.025038016,0.087197745,-0.247308403,-0.024231377,-0.026721957,0.004095434,-6.524816738,244.1743559,,,,0.123039794,
TXH2.2020,M4.G,M4.G.W,CV00,246,AGDD,0.045320625,-0.049360614,0.036677278,-0.034059929,0.212996579,-0.020053208,0.111826683,0.169898339,-0.039344575,0.110640743,-0.140014245,0.015904868,0.078624951,0.337588068,-0.01094104,0.149796347,0.050532635,-0.098349999,-0.142907572,0.212839149,0.208734051,-0.082223017,0.04078001,-0.163447464,0.143876707,-0.193868873,-0.092811775,-0.016320274,0.426116306,0.085063774,0.163396521,0.054519409,0.009221007,0.269725077,-0.170638431,0.275207031,-0.324565563,0.125353271,0.017463822,0.320539282,0.148654306,-0.003956298,-0.008870493,0.257915045,-0.086571462,0.002604835,0.009209924,0.251007942,-0.024969445,0.034844797,0.053472102,0.004086642,13.08460529,244.6996614,,,,0.152045388,
TXH2.2021,M4.G,M4.G.W,CV00,246,AGDD,0.198651897,-0.019747067,0.19017341,-0.160733178,0.539249034,0.120247191,0.130608611,-0.067469009,0.274260113,0.270480434,-0.067236736,0.218888878,0.304287862,0.185786378,0.050209741,0.279565651,-0.009635418,0.404351333,0.052577684,0.145414764,0.184990534,0.229086626,0.101158303,-0.05875511,0.11985723,0.151303557,0.033843808,0.108719164,0.20919955,0.400835466,0.314122676,0.168862984,-0.056970557,0.269887317,0.123781786,0.327584676,-0.045106826,0.081590013,0.18079546,0.250878132,0.362847395,0.191058454,0.172472197,0.060703725,0.051808959,0.138631289,0.225078877,0.195900037,-0.068479121,0.224964445,0.153811652,0.004001402,38.43944451,249.9124345,,,,0.14250046,
TXH3.2020,M4.G,M4.G.W,CV00,266,AGDD,-0.192010449,0.12860906,-0.264279443,0.097448934,0.181701186,-0.049287984,0.352500477,-0.037246764,-0.053045113,-0.247871129,-0.00848529,0.096802857,-0.040318716,-0.21700951,0.064171745,-0.219827363,-0.036976471,0.077822556,0.067157486,-0.104247181,-0.136462192,-0.014617719,-0.060895917,0.178513004,-0.193315386,0.143586746,-0.110687541,-0.081613207,-0.188515322,0.059065747,0.02274326,-0.059632911,0.198138739,-0.168276301,-0.101413522,0.083254,-0.031120575,-0.028209275,0.034365472,-0.198556821,-0.245821374,-0.040935286,0.182084653,-0.068973739,0.172121726,-0.097120944,0.016673118,-0.076601128,-0.059040924,-0.067599982,-0.026865094,0.003785145,-7.097507384,264.1906752,,,,0.136296327,
TXH3.2021,M4.G,M4.G.W,CV00,245,AGDD,0.33797965,0.084480111,0.134302703,-0.165733564,0.079643575,0.053498608,0.252391996,0.023212273,0.164475287,0.115112727,-0.055602551,0.221696591,0.20297702,0.169081059,0.079333701,0.058270988,0.089616607,0.226493558,0.180947477,0.014954189,0.280568289,-0.199376255,0.16148552,0.033612889,0.147366522,-0.022413256,0.167600003,0.143361453,0.18119638,0.123873979,0.285072031,-0.125497766,0.006398534,0.279497832,0.255889099,0.217122327,0.122017563,0.049212699,0.077231355,0.124142913,0.201975579,0.222891081,0.309933586,0.038083166,-0.240834813,0.009653725,0.080917333,0.214971461,0.017447005,0.333485791,0.115280361,0.004060537,28.39042391,246.2728583,,,,0.131064067,
WIH1.2020,M4.G,M4.G.W,CV00,394,AGDD,0.143207145,0.324123589,0.289996859,0.273891695,0.352009696,0.214350869,0.347231993,0.156438775,0.179905276,0.512204916,0.221446439,0.357219052,0.277675565,0.25145658,0.482164035,0.202048037,0.414366148,0.486358985,0.243445401,0.077250622,0.185228866,0.461225189,0.310738018,0.149276896,0.403733493,0.281626765,0.331586977,0.450271711,0.355716806,0.064550224,0.404059463,0.086166363,0.318465801,0.306479991,0.395717193,0.158456902,0.331806705,0.454230699,0.328311002,0.381496935,0.315378311,0.583678404,0.272772875,0.125905019,0.292810063,0.098792775,0.38112098,0.431043093,0.121097337,0.5608184,0.302987099,0.002316834,130.7763678,431.6235523,,,,0.129615824,
WIH1.2021,M4.G,M4.G.W,CV00,398,AGDD,-0.011495932,0.279214928,0.504948659,0.120388688,0.384384496,0.405645748,0.247989569,0.077373491,0.302649416,0.248743542,0.246249137,0.103558444,0.39585247,0.531777728,0.100044409,0.339380387,0.209004169,0.452581844,0.258421481,0.301893572,0.116343241,0.275063965,0.514454348,0.241730182,0.432906023,0.252789622,0.295064853,0.129704591,0.179814623,0.565901042,0.348378645,0.189093045,0.477633836,0.23797555,0.425914863,0.492475339,0.313511874,0.294433029,0.007469794,0.325575501,0.320355979,0.336275731,0.421735563,0.318415077,0.136567579,0.334275036,0.142257912,0.3610775,0.30561615,0.321860289,0.292265541,0.002309548,126.5466619,432.9852285,,,,0.135692971,
WIH2.2020,M4.G,M4.G.W,CV00,1127,AGDD,0.169469495,0.092714335,0.009250519,0.085156367,0.062912872,0.06284362,0.13921094,0.038999653,0.095771523,0.088764874,0.086002268,0.144930095,-0.053779524,0.113954129,0.095484963,0.149633534,0.118478894,0.121288127,-0.009688475,0.045267417,0.100006642,0.082633353,0.18368361,0.02216226,0.030931432,0.208293995,0.029417148,-0.082423507,0.222451218,0.054274438,0.023955064,-0.008796833,0.183035826,0.026709527,0.186948779,0.10775147,0.008165185,0.120224686,0.096565111,0.072075289,0.124311833,0.106842305,0.120836769,-0.032804708,0.125180749,0.144563333,0.199221969,-0.02263451,0.054235266,0.059968735,0.084089041,0.000882604,95.27384963,1133.011487,,,,0.069319776,
WIH2.2021,M4.G,M4.G.W,CV00,1137,AGDD,0.258820054,0.418968168,0.321859821,0.336214404,0.340998308,0.313968155,0.242043274,0.371268134,0.396923517,0.334649185,0.337485676,0.288093033,0.352680011,0.283742949,0.377523357,0.394722627,0.389447282,0.387183073,0.280591017,0.204794948,0.270823481,0.364655194,0.411082111,0.359006059,0.256767091,0.396228681,0.293617621,0.339663569,0.334061579,0.319064651,0.394773231,0.185910361,0.363718758,0.499669065,0.279839884,0.323477307,0.382025268,0.33898288,0.389424706,0.231856476,0.296355377,0.365656628,0.373578,0.308852877,0.322890161,0.309031967,0.319384157,0.295668869,0.390841775,0.363400526,0.334245706,0.000782625,427.0826297,1277.750535,,,,0.058987932,
WIH3.2020,M4.G,M4.G.W,CV00,415,AGDD,-0.183997854,0.273648967,0.256197318,0.1997701,0.106847667,0.127595354,0.016370201,0.112865283,0.023242965,0.354860408,0.185204979,0.019028862,0.277292254,0.148623118,0.2748672,0.181199356,0.281315845,0.137159609,0.154091354,-0.048870412,-0.049497688,0.163389435,0.031452802,0.239336265,0.392376501,0.028059859,0.199316217,0.181460219,0.089440653,0.286783772,0.160560352,0.027317628,0.047383574,0.348479353,0.153622835,0.088083321,0.210725649,0.318582665,-0.180083642,0.149935373,0.16231862,0.3020403,-0.020390714,0.101988291,0.154123248,0.148679875,0.230803837,0.104684161,0.073831081,0.184860856,0.144539545,0.002370722,60.96856808,421.8123691,,,,0.125236912,
WIH3.2021,M4.G,M4.G.W,CV00,397,AGDD,0.145789711,0.525593288,0.502415587,0.34444699,0.242315321,0.197953365,0.461350929,0.191104361,0.30843047,0.543636599,0.453410384,0.28331399,0.470372294,0.378182225,0.378394563,0.209165824,0.500684737,0.451375521,0.520517788,0.038851865,0.205069147,0.551999921,0.196544287,0.355281115,0.572057964,0.16584164,0.4906284,0.399724241,0.31825552,0.556411313,0.388330841,0.354535406,0.15589085,0.610652574,0.360706428,0.338291203,0.5250723,0.537740152,0.238877605,0.270240024,0.48033775,0.528405774,0.18492253,0.302163728,0.359892808,0.354161988,0.422570882,0.177189034,0.619527265,0.354848461,0.370469539,0.002184183,169.6146907,457.8370763,,,,0.143503874,
DEH1.2020,M4.G,M4.G.W,CV00,1142,DAP,0.504292358,0.580528572,0.611352947,0.65237806,0.684320723,0.672240869,0.68051527,0.429024792,0.568197241,0.685949943,0.589317989,0.658923155,0.502914295,0.572726486,0.699619056,0.56638436,0.6010721,0.591536441,0.66918162,0.624265724,0.65936011,0.544498697,0.583227214,0.611819334,0.636759468,0.624674217,0.61912886,0.59791453,0.614724863,0.593640923,0.571954059,0.583583597,0.716816919,0.682101653,0.498460657,0.707381041,0.589664543,0.51847148,0.553497215,0.664782054,0.616547076,0.596330389,0.620502936,0.643953794,0.625150264,0.657748851,0.559689259,0.589694068,0.606899387,0.679668121,0.610267752,0.000550503,1108.564161,1816.520958,3233.949251,11429.92345,0.282937087,0.059690074,0.120407996
IAH4.2021,M4.G,M4.G.W,CV00,1128,DAP,0.457141925,0.428707662,0.322654392,0.439907139,0.328519887,0.457240127,0.456388833,0.345118632,0.393950601,0.304702819,0.391298839,0.328020773,0.561582733,0.375849867,0.319588387,0.409326434,0.426345388,0.302243295,0.407006619,0.448517571,0.356105145,0.455927051,0.48822576,0.331068975,0.325479015,0.447850938,0.575451391,0.36999737,0.231253614,0.364520064,0.384168691,0.433424366,0.32375818,0.349708091,0.475023072,0.359512185,0.483999411,0.41628296,0.358120379,0.392275258,0.273074703,0.413125938,0.339782481,0.446037146,0.518747668,0.315020671,0.330007329,0.510327029,0.427146221,0.378347777,0.395557616,0.000749142,528.0140275,1334.85997,,,,0.072859729,
MIH1.2020,M4.G,M4.G.W,CV00,414,DAP,0.1976484,0.016329876,0.076587061,0.20645422,0.141180741,0.28885749,0.099694804,-0.112071284,-0.113716334,0.41659661,0.197462963,-0.101013015,0.035306407,0.217790578,0.248078791,0.049706759,0.144073566,0.067531097,0.22278451,0.012213733,-0.250254007,-0.079963871,0.266778889,0.089364181,0.403994306,0.070054754,0.136496431,-0.015481844,0.171480492,0.276878839,-0.03392308,-0.090729336,0.15418994,0.070276616,0.261175446,0.108759852,0.071916716,0.263056126,0.096266698,0.077926565,0.049006904,0.206195106,0.155394952,0.189874803,-0.02208526,-0.061822721,0.065333719,0.100131722,0.294433441,0.2056513,0.110837493,0.002397367,46.23301742,417.1243517,,,,0.137373656,
MNH1.2020,M4.G,M4.G.W,CV00,395,DAP,0.399754079,0.381513554,0.630926328,0.433329966,0.302666562,0.475702309,0.177250933,0.47295843,0.518492648,0.269514316,0.316762868,0.452809202,0.454532188,0.564095001,0.211569308,0.229456823,0.534306466,0.40964784,0.330095971,0.328266805,0.341162341,0.465840135,0.360807124,0.409594485,0.449181592,0.314487784,0.493200882,0.556540022,0.288265987,0.423535968,0.243788367,0.402422754,0.29691545,0.410507526,0.590914298,0.190026065,0.420068425,0.475265393,0.645466973,0.34269903,0.551691937,0.474456819,0.155907019,0.329800032,0.224092347,0.37902583,0.35621384,0.343776645,0.493714952,0.424783668,0.394956106,0.002147607,183.9051781,465.634473,,,,0.117515708,
MNH1.2021,M4.G,M4.G.W,CV00,415,DAP,0.44327457,0.333724421,0.512434789,0.394789047,0.251166723,0.273475042,0.433897935,0.514708613,0.303000612,0.386632786,0.203749394,0.39101997,0.495708501,0.548235148,0.138695995,0.228950519,0.412404419,0.532304214,0.217547089,0.286722343,0.298496581,0.402194793,0.410161189,0.353293127,0.331227439,0.393649696,0.279009627,0.4230214,0.371854631,0.368603627,0.026716215,0.319668458,0.368343399,0.468423764,0.501051773,0.172526318,0.469702588,0.514735248,0.467284015,0.170567156,0.377590265,0.36609288,0.265920472,0.546259803,0.324863995,0.538913588,0.253031968,0.25972578,0.470578018,0.25509829,0.361420965,0.002105024,171.6944678,475.0539802,,,,0.118989509,
MOH1.2020,M4.G,M4.G.W,CV00,1006,DAP,0.080146191,0.031549862,0.111744629,-0.093705398,0.03343927,0.118728277,-0.060111212,-0.084722399,0.031988831,0.072318566,0.072021292,-0.111397301,-0.026994671,0.054365979,0.09641072,0.040342956,0.117390754,0.069825579,-0.189741921,0.082128306,-0.009087057,0.073456659,0.002948951,-0.026633544,0.093321135,0.094727659,-0.03693687,0.169056915,-0.028385497,-0.100420237,0.132788218,-0.03078653,-0.024187877,-0.031283301,0.036516953,0.045559775,0.037795607,-0.157752665,0.078334049,0.029601361,0.110916055,-0.018295123,-0.059177204,0.075761866,0.05508504,-0.054466457,0.038684447,-0.016736253,0.102144479,0.028608013,0.021137738,0.000995571,21.2317749,1004.448792,,,,0.07755363,
NEH1.2021,M4.G,M4.G.W,CV00,246,DAP,0.006367586,0.019778872,0.025405383,0.089289352,-0.053732064,-0.143447327,0.225486054,0.004838981,-0.103053585,0.059939703,0.002122633,-0.145066314,0.129313404,-0.057680056,-0.038826911,-0.052207023,0.000230059,-0.024097672,-0.120125636,0.050326204,-0.005953517,0.102356119,-0.220788858,-0.054013429,0.083475093,0.138291428,0.043770537,-0.220247195,-0.056124218,0.129283049,-0.003599315,0.157387296,0.089233871,-0.038418931,0.07932357,0.382034371,-0.154624355,-0.121467591,0.07645715,-0.045448217,-0.110015942,0.050650758,0.278647339,-0.016473228,-0.0364897,0.129385922,0.035662358,-0.099989709,-0.049278385,0.085773373,0.010073226,0.004097945,2.458116527,244.0247612,,,,0.117690809,
TXH1.2020,M4.G,M4.G.W,CV00,246,DAP,0.286026739,-0.017697694,0.085201817,0.358561347,-0.026524804,0.37382014,0.201502348,0.111046999,-0.256687966,0.357049222,0.446345056,-0.100616539,0.230853057,0.050302635,0.144889091,0.02864086,0.392140098,-0.034775479,0.306385696,0.25638588,0.021924526,0.113215354,0.273377068,0.102786792,0.377584587,0.24296614,0.450008693,0.080000055,-0.069944284,0.059631121,0.443571909,0.045998835,0.071731974,-0.102724308,0.355707846,0.056271764,0.044741916,0.292285972,0.293400589,0.334086475,0.290289775,0.273964488,0.371663996,-0.065625829,0.126490871,-0.063313467,0.163216644,0.354759791,0.21597428,0.319320703,0.173324256,0.003975241,43.60094738,251.5571017,,,,0.173443044,
TXH1.2021,M4.G,M4.G.W,CV00,246,DAP,-0.053789485,-0.053040385,0.132290846,0.122263857,-0.217490419,-0.036493656,0.049038131,0.038356805,-0.268939497,0.021557666,-0.030334294,0.101758874,-0.344230787,0.074284401,-0.022729824,-0.069880143,0.147280471,-0.11023851,-0.130544199,-0.042252067,-0.106266663,-0.303455443,-0.010680094,0.127196495,0.046565356,-0.041817339,0.152958395,-0.104766827,-0.099115198,-0.051808018,0.017295992,-0.008997449,-0.185177616,0.10855155,-0.081956122,-0.066390065,-0.149357404,-0.060193925,0.013070316,0.158109887,0.039036073,0.052791911,-0.056601791,-0.072266993,-0.126698448,-0.124627292,0.078836541,0.024409227,-0.126501355,0.007235334,-0.032875064,0.004093931,-8.030194305,244.2639931,,,,0.115096616,
TXH2.2020,M4.G,M4.G.W,CV00,246,DAP,0.106638242,0.158301236,0.001361073,0.103133088,-0.088835072,0.199973042,-0.074718071,-0.12337578,-0.182292139,0.174185175,0.309165892,0.130323829,-0.000919924,-0.082119109,-0.09978871,-0.024500019,0.246917515,-0.015219494,0.088529571,-0.037374183,0.140891971,0.028855297,0.23189878,-0.059104651,0.014420834,-0.170544599,0.270996062,0.053075048,-0.119395462,0.362964555,0.264985172,-0.078112655,-0.031285419,-0.102058845,0.162927244,0.284173469,0.020600969,0.038729586,-0.166313993,0.27301006,0.262897713,0.250013304,-0.088080742,-0.072055016,-0.106862952,-0.186603113,0.063684287,0.119130591,-0.043951057,0.246772852,0.053100909,0.004086804,12.99325899,244.6899539,,,,0.152473972,
TXH2.2021,M4.G,M4.G.W,CV00,246,DAP,0.326925734,0.068423688,0.168523975,0.155396605,0.064632111,0.325377545,0.499463614,-0.102914051,-0.184029805,0.203074458,0.114655342,0.138866154,0.263270885,0.123371361,0.090542948,0.058176204,0.179424614,0.234322151,0.258259888,0.168116098,0.236697691,0.327833857,0.273181624,0.120100351,-0.037604656,0.360370399,0.41292106,0.246370733,-0.173889693,0.011654076,0.248232268,0.272809645,0.012434811,0.000337288,0.279408291,0.074125792,0.245227157,0.312975502,-0.017826836,0.355324132,0.198087447,0.172141273,0.383059143,-0.011325667,0.268862797,0.259517495,0.225349579,-0.029009085,0.266539743,0.100572746,0.17096717,0.003978567,42.97205274,251.3468102,,,,0.149586164,
TXH3.2020,M4.G,M4.G.W,CV00,266,DAP,0.08821344,0.29074878,0.030886334,-0.245088076,-0.167578776,-0.177032108,-0.00308125,-0.165016131,0.313396777,-0.130041953,-0.122219606,-0.021777327,-0.145402255,0.129865236,0.27913018,0.042885762,-0.106586668,0.241532425,0.057352612,-0.239683986,0.041181016,0.098861256,0.171769685,-0.133422722,-0.166349935,-0.054912155,-0.071569056,-0.139118548,0.174561634,0.212638671,0.190240945,0.132360413,0.088572516,0.001700734,-0.251260355,0.017395722,0.157495542,0.171181515,0.046536004,-0.357899197,-0.03162249,-0.127423719,-0.291983191,0.179225692,0.26636344,-0.146496309,0.218613087,0.129352284,-0.025260663,-0.170160054,0.005621503,0.003787759,1.484123811,264.008343,,,,0.171266748,
TXH3.2021,M4.G,M4.G.W,CV00,245,DAP,0.106148108,0.262551916,0.108669046,0.147172052,-0.00733412,0.109617329,0.026204729,0.302428793,-0.246413563,0.182345916,0.247598621,-0.102494393,-0.056564476,0.249692091,0.282031348,0.046563813,0.256389057,-0.030952419,0.007560172,0.17016038,-0.002474674,0.111966017,0.252133637,0.066591188,0.066204128,-0.009900751,0.204059435,0.06042045,0.087342003,0.153476051,0.296382748,0.181793204,0.030458636,-0.054285968,0.158318895,0.273388837,0.107258208,0.141871375,0.211734953,-0.023390262,0.199776773,0.191392572,0.066932542,0.22646334,-0.02683335,0.030025049,0.154416245,0.03418112,0.218044041,0.178367404,0.112949765,0.004062726,27.80147433,246.14017,,,,0.118677565,
WIH1.2020,M4.G,M4.G.W,CV00,394,DAP,0.36942764,0.304492338,0.436769088,0.191131838,0.264617062,0.275393287,0.195711254,0.351794477,0.262540702,0.318435129,0.238079547,0.113539706,0.382861372,0.457481757,0.250236416,0.484987323,0.436354653,0.125051062,0.387015867,-0.063562927,0.375124852,0.45949975,0.207340818,0.248211243,0.286837042,0.291885525,0.294787819,0.365032576,0.34987521,0.290206923,0.273916926,0.09776711,0.28940984,0.206248278,0.556293939,0.133082461,0.455975408,0.19276726,0.39348606,0.343866454,0.461097732,0.377019418,0.04649658,0.588693306,0.021653942,0.134769512,0.279051411,0.287465559,0.381924129,0.407066855,0.297584231,0.002325111,127.9870911,430.08694,,,,0.134859777,
WIH1.2021,M4.G,M4.G.W,CV00,398,DAP,0.365281399,0.383439473,0.291109809,0.15181042,0.256419589,0.518831976,0.370706278,0.147158011,0.358272273,0.214571303,0.458412017,0.205477565,0.333511815,0.168766489,0.378346803,-0.134002291,0.315544635,0.477115269,0.473087059,0.303462725,0.410825086,0.256908601,0.281294995,0.13482345,0.398431083,0.341456736,0.242363468,0.434680043,0.239364023,0.170132075,0.126667196,0.205324471,0.25600941,0.498411886,0.317546671,0.407369481,0.173162725,0.31033318,0.317712477,0.365834399,0.344337421,0.272180672,0.244051598,0.267594059,0.413793788,0.373645548,0.194860353,0.041183407,0.549006897,0.298922436,0.298511005,0.00230023,129.7744019,434.7390871,,,,0.128090812,
WIH2.2020,M4.G,M4.G.W,CV00,1127,DAP,0.14787723,0.199588516,0.19593053,-0.034682313,-0.051431714,0.076370983,0.024553473,0.098893095,0.198564702,0.091454384,0.0756706,0.164723037,0.025545648,0.013390865,0.198756879,0.063765825,0.176492813,0.046201641,0.114655666,0.078279342,0.269039955,0.104448181,0.040269074,0.014488793,0.086102044,0.032155688,0.135326863,0.079616924,0.209448953,0.021917691,0.06346963,0.050485691,0.167528169,0.082911059,0.158003782,-0.004200129,0.115588602,0.126386976,0.039166563,0.242936394,0.094164312,0.096591214,0.119139071,0.024815152,0.165119133,-0.098387096,-0.021121009,0.288498546,0.150788818,0.135902034,0.097904046,0.000880369,111.2080025,1135.887713,,,,0.082350801,
WIH2.2021,M4.G,M4.G.W,CV00,1137,DAP,0.319589324,0.3697351,0.358826245,0.418795321,0.238316986,0.365556413,0.367778815,0.247566706,0.308420176,0.411104633,0.332122172,0.38448217,0.20411315,0.350088598,0.401642548,0.241555889,0.369475179,0.205775624,0.435525343,0.373851916,0.17842061,0.437510128,0.330278475,0.428400923,0.303532091,0.376410219,0.239197495,0.374441206,0.365256372,0.295645085,0.346257579,0.207863608,0.388283028,0.437611687,0.32105253,0.356433199,0.361802565,0.25986101,0.353612365,0.374747401,0.336671028,0.170425822,0.412533083,0.366763457,0.401983361,0.340711641,0.380784946,0.23087183,0.367143217,0.414216774,0.337260901,0.000780841,431.919804,1280.669662,,,,0.071986358,
WIH3.2020,M4.G,M4.G.W,CV00,415,DAP,0.208272978,0.27031511,0.154634229,0.308543091,-0.080732374,0.26257734,-0.05468691,0.151573514,0.341873011,0.206069521,0.262472199,0.03858918,0.118691196,0.323311635,0.141046867,0.000612225,0.347347047,0.338540923,0.088076345,-0.120819182,0.183251597,0.033492883,0.299578659,0.153181399,0.403431872,0.155978224,0.128388804,0.397126629,0.088074766,0.067310689,-0.101280311,0.237117336,0.169027335,0.174590294,0.382675019,0.345401167,0.160717807,0.090364599,0.203295118,0.096329775,0.169537426,0.260220722,0.077024326,0.200792859,-0.127233527,0.278170962,-0.002670295,-0.170135737,0.419093185,0.320820505,0.167999641,0.002352969,71.3990086,424.9950078,,,,0.149338766,
WIH3.2021,M4.G,M4.G.W,CV00,397,DAP,0.489744158,0.376185617,0.336808122,0.519950715,0.192113357,0.456052185,0.347988326,0.459815595,0.394506858,0.280663566,0.483231992,0.12402267,0.423305703,0.621437864,0.28289056,0.031905004,0.473059063,0.577186102,0.350294632,0.215001181,0.295814653,0.456154024,0.590844847,0.315821117,0.459457684,0.293932089,0.351259986,0.518911737,0.373611407,0.395484796,0.028994088,0.242855756,0.474491292,0.423335196,0.57639029,0.322098533,0.547919747,0.5366918,0.470157858,0.182400204,0.528693428,0.495094934,0.293279212,0.281703653,0.328238488,0.423076401,0.435534702,0.230146521,0.578393277,0.379007542,0.385319171,0.00215577,178.7385373,463.871385,,,,0.138908183,
DEH1.2020,M4.P,M4.P.W,CV00,1142,AGDD,0.336494361,0.277684048,0.371332399,0.210408798,0.255447704,0.256872551,0.288406515,0.139736322,0.359241883,0.418293407,0.382971487,0.326637382,0.210573558,0.308322834,0.2654867,0.254108013,0.382176226,0.180819952,0.37013672,0.260144896,0.293696241,0.311647679,0.337153775,0.177293996,0.344459272,0.238418128,0.366555987,0.189563004,0.326062181,0.353574786,0.332793781,0.246068468,0.298267582,0.291929644,0.289616052,0.396614129,0.263048683,0.204552881,0.249598317,0.368070966,0.328829315,0.255596992,0.366912897,0.183727548,0.332265667,0.255378221,0.237013532,0.239774681,0.329989769,0.449589552,0.29426719,0.000801234,367.2674525,1248.074761,3089.031104,11087.86309,0.278595711,0.069295759,0.12188285
IAH4.2021,M4.P,M4.P.W,CV00,1128,AGDD,0.106706917,0.389941703,0.10700489,0.306226493,0.089071336,0.179320671,0.241154044,0.121028735,0.283564957,0.152065824,0.27289872,0.166255583,0.221049901,0.213726321,0.14277357,0.186015159,0.123570596,0.278515183,0.198452902,0.216988067,0.287107802,0.246072554,0.193523221,0.008693492,0.235868709,0.248178631,0.128034599,0.157669399,0.183920941,0.262420635,0.238454057,0.319587754,0.195293505,-0.095736601,0.29586239,0.174964976,0.317709176,0.156776685,0.179080736,0.155352371,0.198604648,0.099557091,0.171809065,0.227325726,0.307073106,0.217882382,0.249521502,0.197033784,0.223800965,0.108498054,0.197725459,0.000853379,231.6971491,1171.812425,,,,0.083834729,
MIH1.2020,M4.P,M4.P.W,CV00,414,AGDD,0.360768571,0.279945544,0.216797036,0.457123269,0.423601725,0.420555438,0.303340416,0.501664523,0.358327109,0.195036656,0.405225564,0.469171708,0.483805189,0.104323873,0.292259456,0.184488419,0.056609788,0.351320182,0.575479773,0.555426307,0.388008414,0.267856413,0.250734719,0.449372343,0.365807589,0.186120176,0.287799143,0.346554212,0.453186794,0.321632927,0.313851005,0.360090984,0.374370864,0.347465004,0.303194846,0.433694304,0.192835418,0.242010222,0.422419107,0.399255963,0.288233814,0.372658071,0.368727972,0.418340925,0.238739314,0.336045045,0.206506617,0.386578165,0.203728049,0.494937739,0.340320534,0.002146073,158.578291,465.9674487,,,,0.111247822,
MNH1.2020,M4.P,M4.P.W,CV00,395,AGDD,0.124416735,0.405843811,0.03726689,0.295773284,0.630797563,0.128310354,0.495541058,0.126933023,0.379664875,0.465951941,0.257155894,0.470704193,0.203971787,0.128329109,0.547616217,0.048253988,0.622667612,0.238864181,0.472053058,0.046163892,0.390372506,0.345899887,0.127871106,0.528137523,0.265168567,0.166138407,0.310470548,0.570208408,0.241149285,0.334851534,0.470288231,0.354037845,0.053615003,0.366410543,0.404860093,0.072000202,0.436103208,0.432782808,0.512437154,0.107078392,0.333201892,0.518520454,-0.085701957,0.41370593,0.567300192,0.239700444,0.457638369,-0.07183694,0.39850933,0.540567923,0.318555327,0.002286317,139.3312277,437.3847048,,,,0.187072528,
MNH1.2021,M4.P,M4.P.W,CV00,415,AGDD,0.071769813,0.153408672,0.509378042,0.401459067,0.323488425,0.410216825,0.171897719,0.337762592,0.277112965,0.299937086,0.327711037,0.365166823,0.313971696,0.516673298,-0.015205357,0.379447829,0.320207892,0.33824737,0.225084691,0.200606975,0.427745931,0.037164731,0.210586193,0.287548096,0.439155848,0.277802294,0.364423968,0.175304409,0.532038365,0.193606735,0.100307472,0.136524603,0.432256445,0.406126891,0.396894257,0.416824716,0.429284874,-0.023981057,0.358134921,0.410884575,0.198155596,0.285362165,0.32250102,0.42451455,0.310881843,0.471207062,0.224979879,0.306783921,0.159254631,0.361857009,0.300049508,0.002203318,136.1807608,453.8609703,,,,0.133501364,
MOH1.2020,M4.P,M4.P.W,CV00,1006,AGDD,0.509572845,0.493075843,0.440231167,0.394473909,0.405878532,0.408545012,0.483044293,0.434213917,0.334346796,0.550045084,0.452216028,0.358964148,0.489874094,0.412470509,0.48659974,0.438269806,0.432862577,0.462030851,0.450909503,0.421882749,0.411829063,0.403654622,0.544382614,0.491543517,0.333455931,0.342815363,0.427602897,0.370358873,0.53968796,0.43803788,0.430492987,0.336323717,0.418512032,0.390267997,0.609775433,0.223465034,0.577288137,0.460865278,0.325625003,0.503912385,0.387941353,0.538886396,0.477642373,0.343979491,0.428403689,0.488527418,0.363769311,0.421601516,0.372264417,0.542267825,0.436093758,0.000806596,540.6595609,1239.77826,,,,0.074717721,
NEH1.2021,M4.P,M4.P.W,CV00,246,AGDD,0.439881711,0.207653176,0.432333156,0.342607326,0.386610894,0.458201049,0.400325438,0.327124141,0.330910137,0.321038466,0.398423565,0.433467343,0.509437971,0.101101131,0.388090809,0.234820589,0.190850455,0.461834855,0.600146402,0.319209802,0.362446467,0.387244468,0.433945345,0.243799606,0.416226085,0.298663633,0.296905931,0.38656983,0.395381968,0.441617749,0.192010235,0.374767177,0.307927627,0.392910586,0.510960722,0.231072057,0.465578949,0.378368771,0.480256929,0.171499605,0.473158184,0.513184408,0.357441748,0.110634086,0.356962891,0.341199131,0.302949511,0.420569971,0.480332776,0.289024034,0.361953578,0.003561433,101.6314491,280.7858666,,,,0.10680861,
TXH1.2020,M4.P,M4.P.W,CV00,246,AGDD,0.609926881,0.46603133,0.46563987,0.680107445,0.464556125,0.546936262,0.563975418,0.43020725,0.523964322,0.590706714,0.722383688,0.272640913,0.620565201,0.52614866,0.439662272,0.516302417,0.653164631,0.622188343,0.453315109,0.406612012,0.353006218,0.458531861,0.556077611,0.518679005,0.710383046,0.471806967,0.636422799,0.637913238,0.358935736,0.513358209,0.551536544,0.404923928,0.243591643,0.58784241,0.727545949,0.562626017,0.558454096,0.684102475,0.275601466,0.584869496,0.545279667,0.69919627,0.646194589,0.309740185,0.449086214,0.207268648,0.692631579,0.438217837,0.577920093,0.631823123,0.523372036,0.002975745,175.879346,336.0503313,,,,0.12996073,
TXH1.2021,M4.P,M4.P.W,CV00,246,AGDD,-0.074920022,0.182949512,0.180729236,0.232596622,-0.149196237,0.273635062,0.112539732,-0.046393573,-0.071239889,-0.004917896,0.313173793,-0.104727775,-0.083211058,0.219584136,0.091733885,0.284287074,0.194437385,-0.108543166,-0.24081196,0.24093504,-0.00558965,0.042963614,-0.114216902,-0.078822776,0.517242316,0.241372431,0.23347605,-0.088090835,0.312857581,-0.181677688,0.055021774,-0.119830052,0.249886878,-0.019751907,0.286740863,0.011296218,0.207548203,0.084196149,0.142736327,-0.101860027,0.28014571,0.058614149,-0.024362227,0.014293973,0.181932539,0.263415098,0.049930233,0.076999352,-0.220996004,0.247794251,0.080918111,0.004071526,19.87414982,245.6081787,,,,0.170353981,
TXH2.2020,M4.P,M4.P.W,CV00,246,AGDD,-0.020270256,0.410902975,0.274717316,0.596011953,0.570891815,0.441123062,0.49921576,0.301478283,0.395292148,0.375337828,0.599020896,0.283279585,0.278650685,0.576627002,0.262873158,0.593871411,0.439628901,0.165256909,0.527381356,0.238605744,0.39508977,0.433773852,0.352005888,0.13631391,0.639285249,0.314847342,0.481470718,0.274357735,0.475006878,0.458192958,0.339902999,0.421533255,0.311098987,0.469860635,0.447290251,0.550645512,0.453816848,0.381344165,0.334065648,0.330928717,0.586221759,0.539444811,0.018639313,0.370520012,0.328560944,0.248324377,0.215482383,0.365626569,0.337785112,0.712839277,0.390683448,0.003472813,112.4976828,287.9509826,,,,0.151232534,
TXH2.2021,M4.P,M4.P.W,CV00,246,AGDD,-0.140022211,0.264086771,0.304350506,0.484058756,0.17975463,0.326462413,0.245928053,0.094595817,0.024898018,0.401892766,0.45190747,0.474596752,0.165987028,0.09389185,0.111893841,0.326730043,0.329600919,0.14585056,0.195080295,0.168419203,0.202743413,0.084140518,0.319668204,0.187267029,0.318353116,0.299546989,0.494913292,0.131113212,0.345844035,-0.009137369,0.24167093,0.292754743,0.171934124,0.347602245,0.193838008,0.049416327,0.371832313,0.330935538,0.184643604,0.285460986,0.359785924,0.394453459,0.330873562,-0.128415787,0.188054696,0.193419843,0.31340774,0.0161429,0.237792677,0.313498384,0.234270363,0.003873432,60.48134197,258.1689859,,,,0.144091563,
TXH3.2020,M4.P,M4.P.W,CV00,266,AGDD,-0.093417975,0.050311737,0.118687662,-0.190641763,0.021064123,-0.219224776,0.124521723,0.115058612,-0.245832165,0.167178494,-0.146094015,0.208490534,-0.029162431,-0.005107514,-0.175273125,0.263128004,-0.186944308,-0.281532652,0.167446551,0.000319774,0.014103952,-0.001241712,-0.192354079,-0.068558322,0.162543344,0.139017993,-0.222900114,-0.061221977,0.02356636,-0.122432479,-0.256934184,0.124671506,0.328193059,-0.062544241,-0.177442011,0.160878501,-0.073168562,-0.180714937,0.108570323,-0.042595962,-0.008671876,-0.049380906,-0.10540019,0.129308502,-0.200642223,-0.046600096,0.191637798,0.123945095,-0.26137538,-0.027968524,-0.019854697,0.003786386,-5.243707125,264.1041122,,,,0.154407786,
TXH3.2021,M4.P,M4.P.W,CV00,245,AGDD,0.38802094,0.272611022,0.269650539,0.442857004,0.41266467,0.36792297,0.282771755,0.309012979,0.539763022,0.274869234,0.455804682,0.259443412,0.301836144,0.435325032,0.281933321,0.527476935,0.31219855,0.337202087,0.447744082,0.098199128,0.326301111,0.484442502,0.31237217,0.157403054,0.470150147,0.445679522,0.252389701,0.238427744,0.469009128,0.413652292,0.445115735,0.442193989,0.191749927,0.344869334,0.355744465,0.315577829,0.456624178,0.287418978,0.177678422,0.559102078,0.489059289,0.355839334,0.402297469,0.245974079,0.317294801,0.207070037,0.527084181,0.22768307,0.350258694,0.388635596,0.353488127,0.003601013,98.16352605,277.699641,,,,0.107796892,
WIH1.2020,M4.P,M4.P.W,CV00,394,AGDD,0.369037068,0.520761453,0.447053525,0.360433981,0.500168758,0.36893079,0.503888128,0.447908603,0.421633875,0.529823732,0.598886383,0.380595004,0.333746882,0.628848854,0.256043273,0.418254511,0.551590611,0.292293708,0.486582515,0.390817787,0.302325446,0.567776723,0.220221368,0.397917956,0.679014403,0.237364432,0.596255078,0.597384649,0.393945954,0.337375473,0.408626085,0.235961046,0.509587106,0.685855738,0.381501135,0.698373763,0.349848443,0.396389653,0.58027416,0.338606162,0.453201683,0.387286226,0.556753361,0.519275385,0.468640603,0.581662702,0.316660312,0.515606928,0.410296641,0.576280762,0.450151376,0.002034091,221.3034416,491.6200488,,,,0.122098898,
WIH1.2021,M4.P,M4.P.W,CV00,398,AGDD,0.391699304,0.157498333,0.239537658,0.266454196,0.1815297,0.178500395,0.361374974,0.254270412,0.089972511,0.442541304,0.254412883,0.19557843,0.351035225,0.287038501,0.164764612,0.193603701,0.168371351,0.404465413,0.438587289,0.223157509,-0.015200341,0.319071454,0.309704188,0.398266256,0.209213783,0.273651133,0.189584444,0.419348351,0.191004535,0.190915825,0.290070841,0.108271203,0.35116098,0.165593543,0.427859295,0.148821413,0.349973475,0.210758233,0.248389203,0.350288178,0.176785048,0.312389538,0.428479544,0.261257269,0.061098067,0.267538303,0.194065807,0.256897647,0.290582985,0.210461526,0.256813909,0.002358704,108.8792636,423.9617092,,,,0.104169719,
WIH2.2020,M4.P,M4.P.W,CV00,1127,AGDD,-0.024406758,0.189658538,0.176575852,0.196960588,0.175543978,0.032269582,0.240487333,0.265720194,0.113048534,-0.032226994,0.052292252,0.078914661,0.181647616,0.264255477,0.123154224,0.224484809,0.239733286,0.133502853,0.04099139,0.0274029,0.121991173,0.096043732,0.093058187,0.217034379,0.146803684,0.025457489,0.252990319,0.026207213,0.173706258,0.182366614,0.038078491,0.262754463,0.049294663,0.078342091,0.275770559,0.080190244,0.106346304,0.189327896,0.12304407,0.162622555,0.252385085,0.021238633,0.208901108,0.13421404,0.045979862,0.187264921,0.186165637,0.069710689,0.087020577,0.179738718,0.135481199,0.000872573,155.2662861,1146.035663,,,,0.083400094,
WIH2.2021,M4.P,M4.P.W,CV00,1137,AGDD,0.302263695,0.211636217,0.209642358,0.161772256,0.212156012,0.238891483,0.156314231,0.14868792,0.2336748,0.322571321,0.127232085,0.186220267,0.327258205,0.163165361,0.277634381,0.177065967,0.250848459,0.239252185,0.206011158,0.221370185,0.295472628,0.255185893,0.156662425,0.084003946,0.315223146,0.174466161,0.195827123,0.343043274,0.135156939,0.223981932,0.261680846,0.200574422,0.157493455,0.261100091,0.185771386,0.18671255,0.169086264,0.177170788,0.303429628,0.217411472,0.165506792,0.21844546,0.177903406,0.134702699,0.375697594,0.134453552,0.225956348,0.292612727,0.237519355,0.216669396,0.217051805,0.000839549,258.5337054,1191.115207,,,,0.063155802,
WIH3.2020,M4.P,M4.P.W,CV00,415,AGDD,0.436731055,0.035407978,0.132735241,-0.023451984,0.182314465,0.595433116,0.070800448,0.107578929,0.055702987,-0.156395935,0.081490969,0.260134256,0.219572671,0.126665463,0.044525779,-0.006806355,0.06169269,-0.025028918,0.232163507,0.353604645,0.148756726,0.129703717,-0.075626917,0.196881114,0.173526907,-0.065817748,0.133811479,0.27306226,-0.231290466,0.547734368,-0.1220447,0.342740042,0.469274784,0.060136014,0.068811903,0.214914389,0.308016281,-0.03789443,0.207498593,-0.049001237,-0.171034767,0.212556083,0.283592371,0.242619858,-0.160071057,0.135869961,0.021615587,0.097621545,-0.037695412,0.337425473,0.128811275,0.002381132,54.09664664,419.968258,,,,0.182513908,
WIH3.2021,M4.P,M4.P.W,CV00,397,AGDD,0.275640966,0.277694321,0.433459493,0.413776782,0.298707281,0.457239507,0.420021898,0.201485693,0.519635494,0.053784288,0.480558666,0.362840691,0.389795245,0.298891927,0.143703637,0.216610419,0.299377128,0.403042918,0.387883145,0.405236054,0.674657123,0.317596308,0.090572963,0.315722366,0.404405645,0.235704542,0.432699937,0.1936959,0.479825376,0.429376833,0.444115928,0.336591813,0.245899889,0.395993548,0.289607154,0.515688597,0.27256517,0.131746282,0.439092304,0.35835527,0.171968201,0.261055303,0.419892257,0.337476136,0.560241682,0.451712579,0.0807478,0.329329847,0.193417185,0.636414351,0.343711077,0.002232564,153.9535304,447.9155337,,,,0.136113714,
DEH1.2020,M4.P,M4.P.W,CV00,1142,DAP,0.383230764,0.44091381,0.350651795,0.358937554,0.287400897,0.382449282,0.311285222,0.313576941,0.42588918,0.351718845,0.382232943,0.220245481,0.377492367,0.462541587,0.322755797,0.246595775,0.448153353,0.335127719,0.404041086,0.378569072,0.413215362,0.35852504,0.356411157,0.280547679,0.419623624,0.293903926,0.364345518,0.390869763,0.338070564,0.391934111,0.325458703,0.26400589,0.503191187,0.261132465,0.386923937,0.312178778,0.353742569,0.415735008,0.390024758,0.331744332,0.308342862,0.289837213,0.408063369,0.323525585,0.450773037,0.384253252,0.34958301,0.383116312,0.329147188,0.367039007,0.358581494,0.000764403,469.1001183,1308.210621,3013.156789,11168.98963,0.269778815,0.058442192,0.126985525
IAH4.2021,M4.P,M4.P.W,CV00,1128,DAP,0.289896165,0.306006147,0.476656056,0.381216815,0.504879108,0.38125824,0.402177151,0.363752084,0.407192261,0.394332643,0.465683131,0.36562568,0.396854229,0.374615204,0.381851963,0.354585778,0.352300325,0.438402761,0.387720877,0.415717163,0.368690442,0.405328921,0.353702894,0.477616142,0.339468134,0.426396018,0.334116036,0.345810967,0.430395695,0.462181307,0.379785399,0.43116197,0.32060053,0.478222829,0.365418386,0.372108644,0.452458802,0.41198535,0.418052479,0.266216514,0.430125005,0.415351155,0.376797005,0.36466797,0.38639952,0.272304844,0.287218793,0.507832641,0.514500506,0.326956056,0.391251895,0.000752151,520.177368,1329.520381,,,,0.05950792,
MIH1.2020,M4.P,M4.P.W,CV00,414,DAP,0.117737567,0.359554464,0.331402865,0.368385229,0.459840643,0.093552285,0.584348523,0.240886415,0.502783511,0.275041408,0.472461172,0.3187673,0.379537295,0.006347912,0.566347163,0.008493068,0.336570494,0.174653102,0.503337738,0.588501703,0.597926865,0.425271499,-0.048789367,0.153751961,0.448163278,0.20865855,0.496621265,0.320039762,0.116370944,0.38478798,0.458732937,0.334847631,0.65938475,0.220209619,0.063972699,0.392547566,0.378828595,0.117918084,0.236532813,0.557961554,0.142020638,0.336576091,0.58725334,0.313109843,0.446942166,0.48811579,0.361412971,0.20050773,0.32607872,0.291607666,0.334118276,0.002156226,154.9551515,463.773348,,,,0.173380497,
MNH1.2020,M4.P,M4.P.W,CV00,395,DAP,0.192533265,0.376816797,0.194079131,0.294146273,0.482108502,0.104697969,0.538136034,0.260763923,0.214230397,0.421452979,0.070124393,0.299600042,0.29792802,0.351235867,0.526022725,0.294530399,0.440651911,-0.015447887,0.49541366,0.033026841,0.33398421,0.569233678,-0.009347228,0.336729048,0.295776044,0.334643227,0.111850191,0.403619682,0.275007326,0.371879436,0.309288445,0.547480161,0.504478094,-0.058578695,0.198136076,0.187559918,0.448652297,0.102089355,0.465472275,0.32186271,0.235586101,0.318722459,0.166768843,0.432787806,0.28186189,0.472257927,0.422534504,0.123648456,0.233993847,0.124100561,0.294682598,0.002323568,126.8233235,430.3726264,,,,0.158647871,
MNH1.2021,M4.P,M4.P.W,CV00,415,DAP,0.216705315,0.151048375,0.338638817,0.032912937,0.639034578,0.107490234,0.505926032,0.254218792,0.487906717,0.042351835,0.472861654,0.400781306,0.193191886,-0.057938605,0.303454881,0.320472997,0.175240194,0.007023319,0.519147674,0.42593711,0.424567221,0.196553616,-0.156667316,0.35797502,0.472552904,0.04011486,0.441152854,0.01982386,0.375692454,0.42065444,0.109908211,0.246799423,0.441681571,0.407812318,0.09874553,0.369155342,0.334376797,0.058437654,0.230312666,0.331189736,0.093347433,0.205889255,0.289376289,0.484794123,0.281712947,0.293179537,0.082895625,0.527959797,0.175940758,0.283377794,0.269514375,0.002245429,120.0280331,445.3492804,,,,0.177015912,
MOH1.2020,M4.P,M4.P.W,CV00,1006,DAP,0.576855933,0.41473645,0.366511471,0.231532209,0.217318297,0.432832218,0.305633509,0.36188548,0.426520908,0.284186724,0.376870963,0.411481396,0.294240435,0.381186425,0.345771619,0.291193618,0.36997636,0.383854463,0.354004673,0.407633922,0.433394897,0.425704145,0.244565676,0.292482168,0.401218887,0.374573266,0.453741642,0.353527498,0.271808375,0.322384351,0.379801756,0.24612545,0.424634612,0.392829866,0.334683828,0.308329056,0.304471404,0.307997038,0.483654838,0.389702944,0.279692282,0.298050339,0.491188056,0.446492117,0.253775994,0.262828212,0.376471722,0.357824024,0.428993917,0.314147982,0.357786468,0.000868515,411.952076,1151.390878,,,,0.074913153,
NEH1.2021,M4.P,M4.P.W,CV00,246,DAP,0.287942434,0.170632951,0.17914088,0.015484987,0.034520024,0.075260953,0.058955384,0.091410481,0.393677912,0.041403659,-0.068372433,0.097919924,-0.049809215,0.206071291,0.417089725,0.202709688,0.240033899,-0.084620013,0.270504912,0.072249625,0.075599177,0.122628479,-0.02407335,0.134584394,0.405082846,0.008353809,0.057605345,-0.055815602,0.299781898,0.373835947,0.197759261,-0.019894778,0.501235275,0.022039721,0.031237354,-0.178154104,0.236133981,0.087414532,0.392250356,-0.005747807,-0.000896801,0.410886983,0.267488238,0.309963369,-0.307149704,0.186758114,0.101848022,0.046841917,0.182443526,0.12843451,0.132813639,0.004026068,32.98842615,248.3813129,,,,0.166851152,
TXH1.2020,M4.P,M4.P.W,CV00,246,DAP,0.668575012,0.522512152,0.71871072,0.742048159,0.61982789,0.655348704,0.499089588,0.639934797,0.778176225,0.660691825,0.674952575,0.669559473,0.522733681,0.648644347,0.775661921,0.465429824,0.743284379,0.778930478,0.708883729,0.432868111,0.700752113,0.367542919,0.745484064,0.742166723,0.684499428,0.727271111,0.727368935,0.65442059,0.700900865,0.496516712,0.573292464,0.625823629,0.632443604,0.735180086,0.74568059,0.370063124,0.667141716,0.87171567,0.570194335,0.657842592,0.845116101,0.776508123,0.479960642,0.475012033,0.58448034,0.730276181,0.69695064,0.491333764,0.790903938,0.557110908,0.646996351,0.002382769,271.531254,419.6797304,,,,0.118633713,
TXH1.2021,M4.P,M4.P.W,CV00,246,DAP,0.129272281,-0.257279188,0.11219673,0.037115556,0.070254756,0.000741831,-0.035344637,-0.264169881,0.290430563,0.031896174,-0.194582872,0.00094238,0.192486938,0.011596767,0.084613505,0.02716031,0.187306199,0.166564528,-0.01928891,-0.424913649,0.013813543,-0.003371325,0.090997946,-0.083111422,0.053896005,0.230991904,-0.083532787,-0.095256927,0.122797897,0.042099121,-0.158336783,-0.120340808,0.059392464,0.061474179,0.267315442,-0.012398829,0.380705858,0.081264538,-0.309309424,-0.0878121,-0.11231184,0.282157235,0.00309526,0.186235274,-0.211649172,-0.042334606,0.158866104,-0.223081616,0.121194357,-0.017906643,0.014850845,0.004097457,3.624405444,244.0538255,,,,0.163840887,
TXH2.2020,M4.P,M4.P.W,CV00,246,DAP,0.484649384,0.467307753,0.105858343,0.59074732,0.538739959,0.610074757,0.426592058,0.473110782,0.387565924,0.301894339,0.49693715,0.534375289,0.493480309,0.382670377,0.409514928,0.14088287,0.450817099,0.686018784,0.544325392,0.345517404,0.478936736,0.403375552,0.525310904,0.270948453,0.573254675,0.259211458,0.465576883,0.601980426,0.443324463,0.527588635,0.182543734,0.47432645,0.51919725,0.524915818,0.468863378,0.470307139,0.417628147,0.500338908,0.381884344,0.49481936,0.473577701,0.574548028,0.246708357,0.435639938,0.549699442,0.590933633,0.606145701,0.200621703,0.438942215,0.376009019,0.446964773,0.0032796,136.2863527,304.9151988,,,,0.126409634,
TXH2.2021,M4.P,M4.P.W,CV00,246,DAP,0.080628018,0.375219408,0.229854982,0.108919034,0.362769809,0.041144061,0.378246783,0.134791371,0.35328061,0.326170919,0.208123154,0.145532845,0.189861922,0.098897001,0.45026046,0.056984683,0.193547303,0.142072053,0.407893242,0.375069214,0.159242573,0.402851719,0.197329385,0.104098044,0.412274641,0.179089809,0.309888392,0.224805354,0.41320244,0.088767638,0.194454761,0.021104757,0.457490077,0.246604096,0.12433718,0.236656151,0.347154187,0.318960338,0.030661151,0.277760693,0.416900995,0.162014402,0.198821939,0.21464239,0.021534553,0.169979075,0.236105157,0.270436616,0.419644122,0.112278302,0.232567156,0.003876691,59.99115672,257.9519727,,,,0.127116878,
TXH3.2020,M4.P,M4.P.W,CV00,266,DAP,-0.038842907,-0.055465325,0.068708781,0.03942604,-0.133550814,-0.015634255,-0.311471828,0.115676517,0.213456556,-0.141654492,0.095913202,-0.069172642,-0.012985816,0.070853388,-0.202946292,-0.115221907,0.006832314,-0.044143826,0.109954123,-0.081467247,-0.327702472,0.05014329,0.175582141,-0.070995291,0.134207129,0.134584021,0.156334166,-0.322997105,-0.021466949,-0.028049809,-0.04487901,0.048432205,0.090409639,-0.072849416,-0.110444326,0.049782961,0.006637994,-0.084220519,-0.019414256,-0.022226354,-0.198595789,0.128342075,0.016382027,0.136801505,-0.093062014,-0.203152208,-0.004826297,0.137503518,-0.078515372,-0.015029814,-0.019100415,0.003786497,-5.044349934,264.0963492,,,,0.126464333,
TXH3.2021,M4.P,M4.P.W,CV00,245,DAP,0.282867863,0.280478637,0.374983195,-0.033079397,0.326512543,0.247451694,0.304337962,0.54601801,-0.011275235,0.166276955,0.20407691,0.18627657,0.140637616,0.381347866,0.249470072,0.095815888,0.325560311,0.304483201,0.237855077,0.206163026,0.461812717,0.104852764,0.298310259,0.14766672,0.200087396,0.123670716,0.422425964,0.298627098,0.100748383,0.252237541,0.325335042,0.448284904,0.153742823,0.186390024,0.139717757,0.218467636,0.165098305,0.419289091,0.215600095,0.151169056,0.214050086,0.361966409,0.244662985,-0.023095117,0.3156826,0.271450395,0.330302504,0.324896361,0.248694395,0.021392079,0.239195915,0.003879775,61.6520076,257.7469084,,,,0.124615418,
WIH1.2020,M4.P,M4.P.W,CV00,394,DAP,0.576803305,0.532073931,0.447454618,0.378644287,0.542481895,0.14372854,0.652910742,0.445219489,0.303314321,0.685843085,0.393710311,0.688359766,0.293707152,0.584982087,0.326686334,0.337899435,0.618095252,0.532100817,0.624528004,0.018980909,0.317370654,0.552466288,0.366184231,0.555542701,0.496935727,0.583878613,0.347352125,0.581504157,0.410835306,0.516158254,0.416879293,0.345203174,0.477317,0.483853824,0.671731471,0.502546233,0.439740887,0.571016366,0.486797111,0.403824493,0.497307243,0.495764706,0.381254097,0.763128881,0.138119186,0.344399822,0.652183988,0.492403418,0.532340559,0.388514082,0.466801563,0.001995144,233.9689023,501.2170494,,,,0.147713724,
WIH1.2021,M4.P,M4.P.W,CV00,398,DAP,0.046478158,0.285961306,0.127432834,0.263872078,0.480241179,0.070073102,0.096830208,0.31205042,0.343665139,0.292209144,0.331606478,0.271475248,0.117175208,0.070140468,0.390564414,0.251256353,0.045487339,0.190867936,0.459822951,0.184376927,0.116481099,0.282230555,0.027689921,0.348157908,0.388921787,0.555834126,0.152105732,0.136208262,0.316268755,0.117932531,0.36898251,0.165108603,0.430300212,0.095291376,0.159844114,0.091181127,0.255461603,0.139842138,0.482166331,0.188066427,0.137147898,0.295087753,0.294471623,0.271683721,0.189050656,0.381740229,0.227885876,0.03580507,0.171754445,0.347927227,0.23604433,0.002384553,98.98891257,419.3657715,,,,0.132366022,
WIH2.2020,M4.P,M4.P.W,CV00,1127,DAP,-0.140076836,0.015522428,0.096229539,0.06153917,0.272713702,0.061033774,0.099663283,-0.070659748,0.033796548,0.118814708,0.170473476,-0.005867652,0.080753784,0.162921787,-0.117459862,0.165225847,0.064718278,0.063475412,0.08891158,-0.151169098,-0.105527396,0.17152176,-0.044294719,0.049194802,0.168843835,0.059373109,0.093112648,0.074584637,0.027177677,-0.013781564,0.175089455,0.142878306,-0.136879787,0.074622605,0.060046899,-0.025961251,0.054277049,0.029830034,0.213956775,-0.099575471,0.000718828,0.165785276,0.0863944,0.076686541,-0.111109131,0.227088633,0.131951132,-0.107467002,-0.031310668,0.089839865,0.051352548,0.000886545,57.92436785,1127.974564,,,,0.103573119,
WIH2.2021,M4.P,M4.P.W,CV00,1137,DAP,0.116413774,0.176829496,0.019344987,0.021734174,0.161812727,0.018545259,0.069150395,0.193255478,0.156422498,0.094463703,0.201967709,-0.018639181,0.303851596,-0.088691762,0.094318714,0.167479493,0.03898183,0.089581526,0.131766801,0.061028055,0.136159119,0.036396785,-0.014009363,0.139137255,0.202632041,0.019944821,0.150871943,0.063753498,0.133446821,0.121548266,0.156605122,0.161614873,0.02533071,0.140345386,-0.021659937,-0.043279185,0.143997356,0.010820816,0.155659584,0.217978317,0.00450824,0.111982633,0.194081411,0.102448719,0.121934737,0.141335291,0.182224731,0.119987628,0.009346203,0.106415632,0.100823535,0.000872101,115.6099312,1146.656202,,,,0.079429524,
WIH3.2020,M4.P,M4.P.W,CV00,415,DAP,-0.141552712,-0.081839771,0.246086372,-0.039942177,0.090812234,-0.298816046,-0.08854612,0.311569042,0.19451911,0.084298764,0.065885252,-0.042939565,-0.074015949,-0.106359339,0.373258101,0.075023004,0.053166525,0.059724117,-0.042079621,-0.056321625,-0.039814102,0.134250226,-0.261818511,-0.043291372,0.268552086,0.02381762,-0.070397771,-0.028918071,0.244466805,-0.00408424,0.212134117,-0.039762912,0.173678021,-0.066320115,-0.052768139,0.257507853,-0.040680457,-0.228110534,0.083002285,-0.008251901,-0.232944876,-0.141177926,0.259681591,0.237017464,-0.036375284,0.130486774,0.011398428,0.045582713,-0.233408615,0.144296012,0.025593535,0.002419721,10.57705836,413.2707043,,,,0.157508619,
WIH3.2021,M4.P,M4.P.W,CV00,397,DAP,0.268120892,0.34176825,0.41024955,0.123682542,0.39551386,0.318138891,0.489879081,0.043419399,0.472157644,0.180921907,0.340602256,0.433568246,0.228394394,0.190511207,0.333230237,0.020346154,0.403325177,0.484160892,0.298728763,0.21374872,0.283330444,0.315782012,-0.003063247,0.432832611,0.417200255,0.004749597,0.288948733,0.353616851,0.273227241,0.598022707,0.218332176,0.302706697,0.354986076,0.474844086,0.259765799,0.454800721,0.211782279,0.209738766,0.307766788,0.347898908,0.256751312,0.288615228,0.47901179,0.256000915,0.381795756,0.292161282,0.1241606,0.541261003,0.304437951,0.150848603,0.30345564,0.002298518,132.0222936,435.0629096,,,,0.136294404,
DEH1.2020,M5.G,M5.G.W-Int,CV00,1142,AGDD,0.638283625,0.5688839,0.576440703,0.64501637,0.672183632,0.596231242,0.555495994,0.699036496,0.640352056,0.617453722,0.620898858,0.600800798,0.631293724,0.588981215,0.679384191,0.649546509,0.550105744,0.730343645,0.595477856,0.593756833,0.681300969,0.634009969,0.595707933,0.601890132,0.63564974,0.579903689,0.661226315,0.575672916,0.657094803,0.651363314,0.589722716,0.653348758,0.642255329,0.599776478,0.650299203,0.592177495,0.597163686,0.616762594,0.674363202,0.633835801,0.615156183,0.605162886,0.622497127,0.644839753,0.638032753,0.587136648,0.651479305,0.585954776,0.651749882,0.658962884,0.624689287,0.00053488,1167.905306,1869.577933,3001.143999,11427.38886,0.262627275,0.037984428,0.124937285
IAH4.2021,M5.G,M5.G.W-Int,CV00,1128,AGDD,0.35325621,0.481376997,0.472294597,0.323709826,0.226589139,0.352397927,0.429186224,0.399366595,0.454968149,0.352308547,0.445050454,0.31581082,0.401261961,0.358784563,0.431153456,0.43499866,0.308782592,0.370335501,0.373464654,0.422728848,0.302192695,0.419690843,0.39045418,0.516955119,0.383629952,0.413061599,0.388157225,0.328078691,0.488157983,0.300158763,0.418900488,0.390900632,0.365067221,0.378635144,0.427438452,0.429003776,0.475196497,0.272141036,0.415656781,0.357838476,0.404896891,0.382471637,0.397944682,0.306594256,0.479326556,0.428331516,0.355708982,0.478749487,0.397837191,0.324093431,0.390501918,0.000752672,518.8210954,1328.600633,,,,0.060995069,
MIH1.2020,M5.G,M5.G.W-Int,CV00,414,AGDD,0.110734309,0.318727664,0.136928215,0.207698329,-0.17810916,0.113740012,0.113408869,0.094589259,0.193985799,0.155391517,0.141877356,-0.107858658,0.138627191,0.318527405,0.147738341,0.06486206,0.179696035,0.181565575,0.135370866,-0.01772065,0.107531744,0.02555225,0.287803186,0.062695549,0.330972179,0.073918874,0.198154462,0.06458796,0.197282039,0.265341491,0.119545775,0.148546822,0.123165783,0.128951175,0.123156575,0.100156635,0.269190404,0.188096878,-0.034274637,0.159066591,0.159700056,-0.064749438,0.260238448,0.095838996,0.46285661,0.240309529,0.15200341,0.271382607,0.310058173,-0.061496736,0.144307274,0.002376639,60.71904629,420.7622001,,,,0.119078724,
MNH1.2020,M5.G,M5.G.W-Int,CV00,395,AGDD,0.313775608,0.553748844,0.584598947,0.029842445,0.056766399,0.128784196,0.327183357,0.043734171,0.404884474,0.590741076,0.240075965,0.242989659,0.164234711,0.531638574,0.551125764,0.449268173,0.142212211,0.489636019,0.450505397,0.093906526,0.339994648,0.266666188,0.23667814,0.427920135,0.594057349,-0.022135507,0.34761751,0.618334137,0.504810062,0.446661391,0.414947771,0.607573285,0.107937834,0.528985516,0.244954346,0.388667952,0.317705608,0.506527721,0.115207205,0.536186072,0.578065807,0.346157808,0.250436965,0.187067208,0.205317096,0.124987863,0.655218763,0.485957637,0.252513672,0.251343258,0.345120319,0.002241455,153.971532,446.1387043,,,,0.185075814,
MNH1.2021,M5.G,M5.G.W-Int,CV00,415,AGDD,0.010769605,0.276771842,0.241523279,0.577459069,-0.02962708,0.508028112,0.473037716,0.015870695,0.232184945,0.205458054,0.475147383,-0.030444275,0.227860889,0.184597055,0.398828426,0.147927569,0.364148506,0.351263643,0.262032617,0.05637392,0.146856084,0.334427595,0.245743423,0.329143359,0.233711492,0.272797516,0.290807167,0.185048982,0.168719199,0.501414778,0.331792104,0.16933571,0.360124086,0.007211352,0.519417789,0.313361246,0.590542224,0.405507114,-0.243202791,0.130064947,0.14107479,0.268442301,0.328312688,0.478478103,0.320118367,0.33292916,0.267163541,0.215985324,0.403925038,0.224014743,0.264449588,0.002251977,117.4299792,444.0543096,,,,0.169114295,
MOH1.2020,M5.G,M5.G.W-Int,CV00,1006,AGDD,0.183108666,0.027863442,0.074008971,0.000949285,-0.237803943,0.051980027,0.031737016,0.102081553,-0.104511276,-0.00150983,-0.082752775,0.073736046,-0.001469418,0.059533737,0.068022614,0.032322204,-0.158752715,0.065141012,0.173020682,-0.005818951,0.069459852,-0.018808975,0.083085434,-0.088405633,0.030435922,-0.051915968,0.013079775,0.108263616,0.085891087,-0.078798045,0.06134555,0.128816327,-0.084205464,0.093112626,-0.077610489,-0.043261955,0.043927986,0.128132417,-0.053492975,0.021680655,0.018430781,0.06102096,-0.005231912,0.12541598,-0.05660784,-0.026711711,0.112774487,-0.052703708,0.061880701,0.023595634,0.019669629,0.000995631,19.75595123,1004.388592,,,,0.083454923,
NEH1.2021,M5.G,M5.G.W-Int,CV00,246,AGDD,0.090555895,-0.027489853,0.004997571,0.125102079,0.219985852,0.176470766,0.072192916,0.297278626,0.204266757,-0.018533647,0.218882264,0.167304518,0.177291779,-0.029974926,0.016922477,0.04066574,-0.200724272,0.122116515,0.089023256,0.396808537,0.284749134,-0.003091887,0.076795519,-0.069439113,0.087650843,0.160509437,0.342718684,0.16049827,-0.091700169,0.061842185,0.167933099,0.184157101,0.062962366,-0.006746001,0.186343087,0.18318504,0.183847379,-0.034482577,0.226728115,-0.020844722,0.314550829,-0.04615833,0.108796008,0.180728822,0.026792971,0.044894171,-0.051804808,0.072702273,0.320414244,0.057942624,0.106312349,0.00405204,26.23674914,246.7892904,,,,0.125332271,
TXH1.2020,M5.G,M5.G.W-Int,CV00,246,AGDD,0.550765314,0.309886274,0.478920274,0.153138225,0.100704735,0.149053052,0.268671663,0.120467951,0.567395939,0.564590754,0.081000098,0.313738721,0.460764201,0.635018813,0.391228544,0.505137545,0.213067836,0.529015022,0.276415864,0.313353408,0.255501553,0.125157004,0.508410015,0.383894566,0.35885983,0.083664435,0.051208176,0.58339442,0.577932079,0.233773985,0.55708185,0.456823315,-0.190033591,0.545115641,0.407456557,0.218752766,0.176883891,0.615308232,0.187389013,0.557236217,0.607397953,0.350491121,0.320645226,-0.008311541,0.203957909,0.40478199,0.544875166,0.513738541,0.02538745,0.051773786,0.333817636,0.003641663,91.66626085,274.5998145,,,,0.202484225,
TXH1.2021,M5.G,M5.G.W-Int,CV00,246,AGDD,0.126211903,-0.159743494,0.028394367,-0.018853058,-0.157657905,0.034631563,-0.074164301,-0.140209151,-0.02632941,-0.034002872,-0.076976237,0.138748844,-0.202540322,0.051741891,0.095260198,0.267739825,-0.104949616,-0.138092869,-0.286511862,-0.010002879,-0.057514635,-0.115730318,-0.039477091,-0.098269956,0.06649206,-0.172711091,0.046179381,-0.10238439,0.152273835,0.089240668,0.019579775,-0.134588917,0.018594953,0.104976477,-0.118022388,-0.050594969,-0.050746612,-0.133162931,-0.037999284,0.11495084,0.044511158,-0.161178772,0.126310062,0.079408529,0.019139165,-0.050658532,-0.027674085,0.154816272,-0.129174763,-0.121160995,-0.025037639,0.004095791,-6.113016019,244.1530555,,,,0.112734202,
TXH2.2020,M5.G,M5.G.W-Int,CV00,246,AGDD,0.014607942,0.163536016,0.272149739,-0.120654979,0.167843996,-0.139183615,0.189956948,0.118137634,0.035876818,0.246603742,-0.159086717,0.101164181,0.05275916,0.4809466,0.071961234,0.299310462,-0.013005713,-0.079052729,0.067135604,0.214961563,0.180125804,0.090622651,-0.050925393,0.183317988,0.133442675,-0.17780995,-0.080971362,0.078461098,0.525505625,-0.080226725,0.268510688,0.237730548,-0.011231962,0.467113732,-0.218663659,0.217981735,-0.428012494,0.217346468,0.174179243,0.466863869,0.327022861,-0.061624081,-0.069271801,0.198570427,0.078754753,-0.0261762,-0.006307077,0.424364229,0.103008353,-0.060087465,0.101751649,0.004055929,25.08713959,246.5526578,,,,0.195767381,
TXH2.2021,M5.G,M5.G.W-Int,CV00,246,AGDD,0.300521359,0.232803343,0.312389393,-0.194515641,0.430344454,0.031013212,0.223741619,-0.084070162,0.266945087,0.469023605,-0.124916311,0.331026695,0.269419806,0.301694736,0.240574882,0.384949453,0.042227159,0.387233153,0.262790428,0.15816765,0.230773734,0.336217624,0.134223933,0.2747238,0.082265205,0.155117558,0.00656427,0.353767483,0.337359193,0.282737434,0.409983567,0.436172002,-0.141092894,0.411366508,0.102709005,0.190868976,-0.093270575,0.323084445,0.29002385,0.380255867,0.497132199,0.224898312,0.170011199,-0.094406784,0.12217745,0.194468776,0.303990451,0.287991397,-0.038986925,0.199193388,0.212233687,0.003913758,54.22760103,255.5089237,,,,0.172235724,
TXH3.2020,M5.G,M5.G.W-Int,CV00,266,AGDD,-0.211043008,0.080665995,-0.177827893,0.035088584,0.025866558,-0.110791804,0.2414258,0.055699268,-0.070041161,-0.206332747,-0.07572358,0.080796657,-0.021956349,-0.16730711,-0.043941976,-0.162763072,-0.014925955,-0.002604789,-0.064974822,-0.118450908,-0.088577854,0.035867839,-0.102753503,0.050970669,-0.139133261,0.05862606,-0.227228117,-0.056475751,-0.09674257,0.076112372,-0.062274427,-0.064574964,0.04089506,-0.098443728,-0.072167093,0.080041985,-0.024638135,-0.10908478,-0.102636669,-0.043649388,-0.201678682,-0.03746666,0.156850426,-0.063247584,0.030577286,0.008301708,-0.038457858,-0.051363189,-0.067729538,-0.115257482,-0.045089603,0.003780178,-11.92790545,264.5378245,,,,0.096510811,
TXH3.2021,M5.G,M5.G.W-Int,CV00,245,AGDD,0.298551555,0.170420284,0.299302163,-0.154903677,0.132503858,-0.025254025,0.361745352,0.027938273,0.199284839,0.23173373,0.005033612,0.236680883,0.164065594,0.301004374,0.118734322,0.237673365,0.086209805,0.2138371,0.217902097,-0.002719851,0.259559622,-0.130191404,0.117504447,0.201317845,0.278419056,-0.002761228,0.115652413,0.228540891,0.344026326,0.072284495,0.302989211,0.024800613,0.0429555,0.365214021,0.173796264,0.186988284,0.121764688,0.152807939,0.183797451,0.232202977,0.32550081,0.160608552,0.218335474,0.110375471,-0.154019362,0.069238227,0.049328161,0.333178469,0.066896435,0.262207705,0.15666126,0.004014227,39.02650396,249.1139413,,,,0.12963888,
WIH1.2020,M5.G,M5.G.W-Int,CV00,394,AGDD,0.004207078,0.287894502,0.268723077,0.080236331,0.079156929,0.160573383,0.123114318,-0.021578484,0.104663231,0.391500303,0.02979005,0.172295246,0.154389108,0.249559814,0.344249384,0.138580485,0.120221047,0.509894408,0.209264779,0.008544101,0.183360063,0.310714433,0.21015619,0.142589807,0.216804571,-0.005841673,0.099168902,0.313879682,0.329933867,0.112886791,0.19975118,0.177455184,0.195160083,0.25303524,0.291410644,0.07333539,0.140292636,0.342300024,0.228647004,0.224898635,0.399044595,0.328970127,0.194315952,-0.010430936,0.200986698,0.038721027,0.258437982,0.370927323,-0.039361465,0.421249896,0.192361579,0.002456625,78.30319006,407.0625253,,,,0.127917371,
WIH1.2021,M5.G,M5.G.W-Int,CV00,398,AGDD,-0.042500559,0.259081765,0.511731399,0.118813372,0.359805004,0.403642641,0.221449115,0.090705954,0.276804659,0.253504725,0.242139341,0.067268425,0.357283983,0.537273425,0.089730868,0.336684469,0.198157139,0.434223327,0.260986272,0.291762682,0.117403557,0.250259639,0.464401521,0.232423559,0.429500087,0.221264169,0.288153505,0.107153706,0.208027296,0.544654514,0.321905947,0.179257881,0.459903433,0.239183002,0.405296568,0.495677994,0.289832053,0.267819576,-0.00624661,0.343381572,0.340244302,0.30845292,0.414546421,0.298694841,0.126701934,0.346167035,0.131104699,0.357897116,0.28678512,0.311700732,0.281001922,0.002325853,120.816699,429.9497246,,,,0.135820781,
WIH2.2020,M5.G,M5.G.W-Int,CV00,1127,AGDD,-0.070414124,-0.110302952,-0.182211015,-0.096421662,0.031488226,-0.014964525,-0.181492301,-0.077286792,-0.076554194,-0.0629484,-0.084846133,-0.139912986,-0.084244434,-0.10807327,-0.018614651,-0.246024512,-0.068505059,0.025574338,-0.108154137,-0.028330542,-0.06731448,-0.058757792,-0.129359019,-0.098794577,-0.050547865,-0.236527402,0.038384025,-0.104490089,0.01807901,-0.120262003,0.002230481,-0.09399353,-0.123313926,-0.021227907,-0.218988059,-0.259368535,-0.099157384,-0.034332943,-0.139483438,0.099249028,0.001946628,-0.110045557,-0.184303158,-0.098366578,-0.001407862,-0.246305453,0.0467495,-0.021491761,-0.059323367,-0.121721542,-0.083889694,0.000882633,-95.04478108,1132.973278,,,,0.080759472,
WIH2.2021,M5.G,M5.G.W-Int,CV00,1137,AGDD,0.263175422,0.459742584,0.379091392,0.30669152,0.335115664,0.318289776,0.237897457,0.355334972,0.397168857,0.410634536,0.315124409,0.31639974,0.368012858,0.29511193,0.422739624,0.409080763,0.384808958,0.395772686,0.330622669,0.223564483,0.267429308,0.332179964,0.412991176,0.424991282,0.308464206,0.364193894,0.293936988,0.39663374,0.391396599,0.317222594,0.414598477,0.236504055,0.334627871,0.51746425,0.294998365,0.309852111,0.400222217,0.35596894,0.417519307,0.286757702,0.383646263,0.355934158,0.403303143,0.266644751,0.331840337,0.323070834,0.354702152,0.350171301,0.383595469,0.350684375,0.350118523,0.000773055,452.9026836,1293.569618,,,,0.060130814,
WIH3.2020,M5.G,M5.G.W-Int,CV00,415,AGDD,-0.239615414,0.191819493,0.200394274,0.050569577,-0.059258941,0.19383346,-0.165412672,-0.031869461,0.03593132,0.127212186,-0.027506378,-0.04100804,0.35095594,0.044929977,0.205642317,0.125761002,-0.17109993,0.172728762,0.136921283,-0.110831719,-0.008953409,0.04831451,-0.079381523,0.198693458,0.152500023,-0.112158902,0.018752609,0.137637527,0.059952273,0.285131297,0.080368371,0.005710607,-0.089409025,0.251539128,0.045473566,-0.020935601,0.072723086,0.233739129,-0.183118107,0.064433781,0.157617892,0.147849299,-0.130030501,0.084540825,-0.003223676,0.15856422,0.052477587,0.138376542,-0.151042037,0.094136022,0.05400752,0.002414245,22.37035592,414.2081674,,,,0.13320777,
WIH3.2021,M5.G,M5.G.W-Int,CV00,397,AGDD,0.126435624,0.533715673,0.512546356,0.283363369,0.226216123,0.175693669,0.410724964,0.14780101,0.299425061,0.589334364,0.397757463,0.212000221,0.465795864,0.406772237,0.421549001,0.250611415,0.419326651,0.43891154,0.5365411,0.061470408,0.19257965,0.501594474,0.20231346,0.368927154,0.56337382,0.142510414,0.472684506,0.41057884,0.351834501,0.546135409,0.371278186,0.376955136,0.115312308,0.590145873,0.349419983,0.299217331,0.480421616,0.562304023,0.216074664,0.340557241,0.552213807,0.502676554,0.17429145,0.229776089,0.33942979,0.332536053,0.444057783,0.230381246,0.576591478,0.384633509,0.362735969,0.002198538,164.9896088,454.8476657,,,,0.145565457,
DEH1.2020,M5.G,M5.G.W-Int,CV00,1142,DAP,0.510177867,0.56773155,0.61243542,0.651648386,0.69070875,0.660682461,0.682675889,0.446516893,0.572703191,0.679183501,0.591629054,0.64126829,0.512622816,0.5767747,0.697826255,0.571833092,0.605483014,0.594152151,0.667519361,0.609767328,0.648162324,0.546013866,0.588437444,0.616096492,0.633696046,0.618084632,0.621523364,0.582959033,0.634864974,0.592007366,0.577098854,0.584180374,0.710993575,0.678849153,0.50295983,0.688553217,0.608008942,0.520828556,0.558204364,0.663686081,0.609317411,0.599497397,0.615936085,0.661627262,0.609951454,0.655596309,0.560611885,0.602881774,0.60237739,0.668030981,0.610087528,0.000550696,1107.848529,1815.884571,3304.418276,11443.33319,0.288763617,0.055794944,0.131178572
IAH4.2021,M5.G,M5.G.W-Int,CV00,1128,DAP,0.455559175,0.427177771,0.319162868,0.438690837,0.329242318,0.447994525,0.464972468,0.337442944,0.400242735,0.298061726,0.384873248,0.306114532,0.571511685,0.382769651,0.320933573,0.417230866,0.417761105,0.301476101,0.397987292,0.441518448,0.358893303,0.454983949,0.486272794,0.325695932,0.321649803,0.445028864,0.575210726,0.365948173,0.234441969,0.359995407,0.392008555,0.425536103,0.319533994,0.355396431,0.475702063,0.35251784,0.492157471,0.40037446,0.359677842,0.387906194,0.25395697,0.421135842,0.331322578,0.439374117,0.525069063,0.317798604,0.332085568,0.508519305,0.422003254,0.379479387,0.393608009,0.000750509,524.4549954,1332.429686,,,,0.074858195,
MIH1.2020,M5.G,M5.G.W-Int,CV00,414,DAP,0.210026535,0.032339981,0.043642928,0.198463532,0.157685912,0.275991535,0.09456649,-0.067894689,-0.125771297,0.385504189,0.173960815,-0.14832766,0.056656212,0.248780007,0.253492646,0.099399296,0.147819708,0.053111604,0.197286062,0.011230519,-0.264254165,-0.108670929,0.28825145,0.127176942,0.382706021,0.084032655,0.104078194,-0.024559402,0.210469895,0.291109585,-0.02886515,-0.044421514,0.107390948,0.030934762,0.277400193,0.092582734,0.088458615,0.23359277,0.105885745,0.05044972,0.040442366,0.198663711,0.134996779,0.215221721,-0.025753983,-0.032622093,0.063170481,0.11952685,0.261795022,0.190176205,0.109346609,0.002398163,45.59597949,416.9857657,,,,0.135908625,
MNH1.2020,M5.G,M5.G.W-Int,CV00,395,DAP,0.447086413,0.429026108,0.558330534,0.513957259,0.278361721,0.519755223,0.169816413,0.55150655,0.535218745,0.139352268,0.35843054,0.510819307,0.39723149,0.662683504,0.066779259,0.233493537,0.694857002,0.477831613,0.232853632,0.334058813,0.424698135,0.376446028,0.330529589,0.573328936,0.471305285,0.25255126,0.54907743,0.533967202,0.25806743,0.60038045,0.255097541,0.563060461,0.049815509,0.463199815,0.685102798,0.159838008,0.325055658,0.456051968,0.699927269,0.401103607,0.602729273,0.547893557,0.113585293,0.292456963,0.376261166,0.523417622,0.261685132,0.280380383,0.507612109,0.517307946,0.411267675,0.002114145,194.5314619,473.0045021,,,,0.1677881,
MNH1.2021,M5.G,M5.G.W-Int,CV00,415,DAP,0.397492868,0.134307527,0.514443824,0.265680179,0.323177956,0.15655538,0.390050827,0.36549202,0.392350946,0.359466651,0.073794386,0.26457435,0.473063944,0.428136409,0.20359023,0.291228791,0.274755537,0.52018849,0.217177609,0.272530539,0.243809755,0.279884911,0.456019585,0.207358643,0.23691237,0.393266362,0.164875263,0.360946993,0.502490422,0.14648723,-0.078550999,0.246022543,0.262973624,0.417023511,0.445428093,0.150124143,0.470767473,0.550186505,0.403911505,-0.016566316,0.325644737,0.237481726,0.265996412,0.50500532,0.31293215,0.320246205,0.213018958,0.32190657,0.551036806,0.079254635,0.305879072,0.002194765,139.3675658,455.6296217,,,,0.143168068,
MOH1.2020,M5.G,M5.G.W-Int,CV00,1006,DAP,0.074545508,0.017780479,0.116034537,-0.079410091,0.034769961,0.106303276,-0.060844088,-0.085890478,0.045980052,0.072424125,0.077152499,-0.110025909,-0.020351649,0.052422739,0.100944855,0.044969792,0.112535643,0.067275016,-0.190814157,0.087785055,-0.012523008,0.074493353,-0.005003319,-0.017453642,0.099666838,0.103651296,-0.030562544,0.164027291,-0.025732363,-0.107029546,0.136105018,-0.023068062,-0.015487684,-0.037543485,0.032036539,0.045099204,0.053481122,-0.168647899,0.088215785,0.026294817,0.107886915,-0.022920054,-0.061873779,0.090689013,0.053479121,-0.046132616,0.043419558,-0.010462272,0.08401742,0.037150731,0.022377218,0.000995517,22.4779828,1004.502995,,,,0.077741663,
NEH1.2021,M5.G,M5.G.W-Int,CV00,246,DAP,-0.01119096,0.00131065,0.022778907,0.083254071,-0.047739685,-0.164399012,0.23849688,-0.00464779,-0.133481101,0.06409274,-0.013990624,-0.126461157,0.106511099,-0.095330419,-0.040177879,-0.063841681,-0.009868673,-0.013897525,-0.131651598,0.042432216,-0.003179964,0.079773912,-0.227390242,-0.069062469,0.078083345,0.116650831,0.042242843,-0.23387861,-0.05290738,0.111200604,-0.019760828,0.143700725,0.074530486,-0.021073523,0.073178132,0.389531613,-0.161652594,-0.143910208,0.075190338,-0.05838626,-0.108195148,0.04496166,0.26571253,-0.023099625,-0.071536663,0.110131256,0.027778496,-0.09779488,-0.068016437,0.083815806,0.001176724,0.004098355,0.28712107,244.0003379,,,,0.119155974,
TXH1.2020,M5.G,M5.G.W-Int,CV00,246,DAP,0.420553072,0.167860501,0.282393892,0.50886933,0.016021549,0.561166977,0.258121583,0.238981007,-0.091914064,0.3870404,0.573753043,0.096576732,0.258570105,0.387994598,0.230512595,0.132760128,0.517061149,0.225525046,0.370214247,0.2891166,0.265546903,0.143236416,0.423680414,0.306993262,0.452434065,0.32630039,0.614461191,0.254823871,-0.055616246,0.296345799,0.506335288,0.240450854,0.023537409,0.128127091,0.547643502,0.031114721,0.100508475,0.515654512,0.472295667,0.450374971,0.470253711,0.427034378,0.42007894,-0.131157654,0.188426347,0.154661137,0.272016145,0.382622186,0.366595104,0.46491205,0.297817388,0.003734856,79.73999734,267.7479577,,,,0.183085521,
TXH1.2021,M5.G,M5.G.W-Int,CV00,246,DAP,-0.085265533,-0.153472483,0.231008052,0.197412372,-0.293905033,0.006609618,0.04063135,-0.097741863,-0.115600319,0.064760176,0.052633662,0.198119494,-0.264932988,0.058546889,-0.119609967,-0.068374973,0.170946466,0.039241373,-0.167722975,-0.110428408,-0.029501698,-0.137793585,0.095873415,0.005644572,0.022731975,0.243912021,0.141869408,-0.009721191,-0.243379399,-0.075992326,-0.042376299,-0.185683825,-0.205772104,0.247193491,0.048057982,-0.067571542,-0.155439686,0.02653643,-0.015246836,0.174556425,-0.047614986,0.171947068,-0.034486842,-0.086576247,-0.276558991,-0.233686737,0.112071556,0.011188806,-0.029680948,0.085692168,-0.01813906,0.004097012,-4.427387428,244.0803086,,,,0.142614785,
TXH2.2020,M5.G,M5.G.W-Int,CV00,246,DAP,0.160530824,0.326230119,-0.026891004,0.170627294,-0.104677705,0.31498476,-0.01712009,-0.010434904,-0.242224213,0.2056234,0.425383563,0.237428148,-0.049457881,0.223497434,-0.110399081,-0.075948144,0.374691501,0.107378472,0.068203061,0.023507156,0.175525706,0.051118627,0.290862054,0.03006733,0.074405556,-0.129198181,0.367454308,0.154061801,-0.220488459,0.469535527,0.192070819,0.076463544,-0.054600951,-0.060089381,0.278888574,0.234685087,-0.018331117,0.089451603,-0.056204827,0.4040505,0.324163918,0.344191194,-0.027465122,-0.151535582,-0.029010682,-0.037621213,0.119545116,0.072276633,-0.008274149,0.313919275,0.105417004,0.004052817,26.01080046,246.7419807,,,,0.179359001,
TXH2.2021,M5.G,M5.G.W-Int,CV00,246,DAP,0.279739363,0.460660411,0.252134141,0.304808506,-0.119563254,0.498765584,0.413809788,0.096290431,-0.093703089,0.258772635,0.252191203,0.470199947,0.050693634,0.527108013,-0.021583962,0.103368707,0.391103532,0.225889753,0.212116998,0.223556046,0.31334808,0.44202818,0.244021119,0.436545651,-0.027779266,0.254812162,0.536288806,0.312941879,-0.208273949,0.364419476,0.351642815,0.479696252,-0.065453907,0.124748413,0.364688864,-0.136472446,-0.011731725,0.48533793,0.239012552,0.540610255,0.449567307,0.187843124,0.391118588,-0.256890835,0.264957675,0.573078096,0.25084854,-0.005411851,0.294457468,0.242344601,0.244374045,0.003853612,63.41428386,259.496805,,,,0.211907283,
TXH3.2020,M5.G,M5.G.W-Int,CV00,266,DAP,0.119593271,0.166388182,0.019160634,-0.1940713,-0.152350778,-0.133275958,-0.036669026,-0.143155007,0.230971313,-0.088743873,-0.056187149,-0.02022423,-0.097407493,0.027173441,0.154166158,-0.055450876,-0.067825768,0.213921669,0.031901687,-0.245278055,0.035309214,0.104289846,0.139374325,-0.140583495,-0.14674354,-0.099019157,-0.041556325,-0.057490698,0.118805877,0.147783963,0.141373977,0.135642874,0.019295607,-0.040766361,-0.175316181,-0.026953912,0.152434316,0.138034795,0.001669313,-0.26953973,-0.054299964,-0.076279901,-0.298603265,0.206480352,0.312626575,-0.160266269,0.13988668,0.058621688,0.056231805,-0.148008151,-0.003098578,0.003787842,-0.818032437,264.0025347,,,,0.141296632,
TXH3.2021,M5.G,M5.G.W-Int,CV00,245,DAP,0.150470846,0.14858115,0.332709175,0.3180008,0.172180828,0.286858979,0.132204164,0.071071295,0.148989184,0.204195722,0.4273317,0.310252429,-0.053616912,0.199300679,0.261960388,-0.02071072,0.3255985,0.324514178,0.108300908,0.302587568,0.261236247,0.261917041,0.198281947,0.062194649,0.213007309,0.121711019,0.27645114,0.388221382,-0.022270843,0.189572102,0.244836835,0.121514323,0.028860021,0.239639219,0.376767909,0.200218238,-0.061134753,0.373003423,0.204292228,0.265147841,0.395616425,0.330958798,-0.013423649,0.126438307,0.161909928,0.097417618,0.159411716,-0.022063682,0.395466774,0.386636217,0.202252332,0.003946889,51.2434828,253.3641139,,,,0.130784963,
WIH1.2020,M5.G,M5.G.W-Int,CV00,394,DAP,0.306910559,0.247343461,0.317137834,0.165944766,0.122920187,0.247492832,0.151978486,0.255442663,0.106935891,0.234100851,0.176422801,-0.028700259,0.376090135,0.376929769,0.095056505,0.401255221,0.342587801,0.088573001,0.31281916,-0.151454379,0.367709224,0.372578894,0.146019178,0.115873932,0.211258244,0.240468691,0.255825192,0.227731848,0.203579638,0.242622762,0.165719925,0.143531729,0.117874679,0.183986346,0.478262784,0.106380327,0.406884059,0.120898101,0.188420891,0.262971552,0.333517387,0.328342913,0.006952732,0.435438048,0.020860024,0.115298491,0.129879132,0.164560275,0.33323943,0.392625754,0.219301989,0.002428333,90.30967578,411.8050916,,,,0.129551753,
WIH1.2021,M5.G,M5.G.W-Int,CV00,398,DAP,0.389721785,0.359182262,0.311551121,0.133279813,0.25762448,0.5050675,0.351432336,0.15704319,0.423747095,0.158445335,0.471784123,0.207558007,0.315780842,0.190319498,0.333248598,-0.123693483,0.30903975,0.495220294,0.429344948,0.313323115,0.416094231,0.259680548,0.305534336,0.071544605,0.387948141,0.303670756,0.27234795,0.447951868,0.220809158,0.182326354,0.081860388,0.206353544,0.258148922,0.505599196,0.341511981,0.411724866,0.181451778,0.366245397,0.303455725,0.324600212,0.376713501,0.267387681,0.235812737,0.302508285,0.357400241,0.332270221,0.144605419,0.100558358,0.587388299,0.316760492,0.297185716,0.002302224,129.0863676,434.3626246,,,,0.131018029,
WIH2.2020,M5.G,M5.G.W-Int,CV00,1127,DAP,0.207650195,0.154222438,0.019890083,0.102017393,0.103953573,0.207055374,-0.002756327,0.173254654,0.158334341,0.166354808,0.210794484,0.115260464,0.062868748,0.058638886,0.176367433,0.063458917,0.207982085,0.057790364,0.15260827,0.167004306,0.117418566,0.169457479,0.051075273,0.102072335,0.278040807,0.178966796,0.21963617,0.046311204,0.192177597,0.063516012,0.114165309,0.163822688,0.04609948,0.149227132,0.247126111,0.103598587,0.149035969,-0.07684141,0.224292193,0.26345962,-0.022261423,0.094370818,0.313154628,0.164208757,0.219455225,0.056879242,0.11877521,0.060276816,0.162136817,0.314931018,0.13694671,0.000872218,157.0096715,1146.501958,,,,0.083740533,
WIH2.2021,M5.G,M5.G.W-Int,CV00,1137,DAP,0.319715749,0.37959576,0.376355991,0.431855021,0.23673257,0.386274161,0.359232786,0.266913236,0.32817472,0.402589401,0.341840114,0.38764209,0.201504215,0.373871602,0.410182492,0.237664939,0.408309319,0.218805319,0.427224986,0.377907334,0.171143328,0.432451145,0.339568202,0.448537302,0.320816646,0.378235531,0.25357947,0.383840337,0.366582914,0.307722614,0.338563774,0.229969247,0.386554099,0.446013977,0.343780566,0.357868497,0.356947645,0.283539203,0.375971402,0.380374414,0.369850989,0.18329892,0.41098021,0.36067894,0.404118811,0.356070909,0.382132012,0.231549891,0.378366347,0.423220308,0.345494389,0.000775889,445.288619,1288.844719,,,,0.071496401,
WIH3.2020,M5.G,M5.G.W-Int,CV00,415,DAP,0.251754535,0.190849114,0.165608474,0.193202837,-0.137304007,0.264873551,-0.127880489,0.064826122,0.27159714,0.144208612,0.182724846,0.070140249,0.156979968,0.261285608,0.074062105,-0.027216906,0.303329476,0.415866073,0.009199602,-0.223076286,0.273020225,-0.065865901,0.294828865,0.103526961,0.300467827,0.152621517,0.072348745,0.427236192,-0.054358996,0.075715429,-0.110060156,0.196433576,0.012320317,0.161558721,0.324536478,0.288298835,0.153720631,0.20682577,0.056412202,0.072100643,0.135672771,0.263957207,0.028605832,0.13884872,-0.191204809,0.224899962,0.014309635,-0.290888552,0.387956937,0.281893473,0.128815394,0.00238113,54.09843483,419.9687112,,,,0.164633316,
WIH3.2021,M5.G,M5.G.W-Int,CV00,397,DAP,0.511984768,0.414731725,0.332132929,0.532138583,0.148887367,0.485513404,0.328915729,0.473276158,0.359586864,0.249335919,0.467512541,0.135352341,0.423814483,0.632587773,0.272807335,0.012030352,0.516943798,0.572669821,0.34019044,0.163567896,0.301415962,0.423444753,0.603672418,0.342362589,0.475075681,0.275259824,0.365112975,0.544911034,0.340884266,0.404671347,0.018726241,0.294763608,0.449854269,0.436698733,0.575453666,0.286617786,0.535403833,0.569242179,0.471060388,0.229285571,0.563167144,0.511723342,0.270786528,0.246089948,0.316734269,0.442597312,0.43043169,0.199174406,0.587846558,0.392308229,0.385575135,0.00215527,178.8987277,463.9789012,,,,0.148489087,
DEH1.2020,M5.P,M5.P.W-Int,CV00,1142,AGDD,0.36759368,0.317148708,0.409260284,0.227689343,0.259888298,0.301460119,0.327022694,0.140660645,0.372231275,0.438661082,0.417235916,0.382577394,0.204809125,0.368640313,0.242312699,0.261512516,0.413715405,0.210168723,0.388773653,0.279771791,0.31485868,0.294932077,0.38992078,0.215376073,0.369615459,0.247560141,0.383297706,0.273263675,0.355022847,0.332076449,0.366237185,0.276706283,0.306385786,0.334076907,0.300322034,0.397981928,0.287242885,0.258037325,0.266026532,0.374057653,0.311471315,0.335387826,0.379449879,0.2055241,0.368758515,0.298500508,0.255139286,0.264894031,0.34698763,0.436658439,0.317538072,0.000788745,402.5863563,1267.836495,3411.600418,11318.66153,0.301413768,0.068784703,0.119469207
IAH4.2021,M5.P,M5.P.W-Int,CV00,1128,AGDD,0.148608548,0.406510907,0.131283182,0.315979471,0.100485357,0.205632864,0.255549417,0.151558669,0.311305244,0.163531279,0.28385007,0.184513752,0.252312482,0.243793142,0.158708386,0.199827773,0.141657639,0.28972846,0.228482846,0.248431907,0.310732016,0.259573061,0.219063639,0.028644374,0.264411456,0.267762357,0.160582982,0.178828177,0.200984052,0.278880847,0.251596763,0.333045769,0.230714905,-0.062189351,0.311007393,0.218041763,0.334615086,0.168256194,0.200624317,0.170762811,0.214161903,0.111245572,0.203885027,0.252982901,0.3321413,0.231377513,0.270235616,0.216846561,0.251696415,0.139873638,0.219442729,0.000845333,259.593255,1182.965852,,,,0.081806575,
MIH1.2020,M5.P,M5.P.W-Int,CV00,414,AGDD,0.347938873,0.225016836,0.18637246,0.452930924,0.421748023,0.431746569,0.305108071,0.50931628,0.285387761,0.177478652,0.411412534,0.44763515,0.483330879,0.08501114,0.230513566,0.185063821,0.026347489,0.334361188,0.540811908,0.567177145,0.349189747,0.273545449,0.198602036,0.404880889,0.387812592,0.212853536,0.283576433,0.280445582,0.449683185,0.309519873,0.320836231,0.324475749,0.329158496,0.359783218,0.299115362,0.422628381,0.186631318,0.250110358,0.367109357,0.396430064,0.275704827,0.365376772,0.351393471,0.420174713,0.214902498,0.3215234,0.229672638,0.351696846,0.220533113,0.391376935,0.324069047,0.00217228,149.1838462,460.3458668,,,,0.111432799,
MNH1.2020,M5.P,M5.P.W-Int,CV00,395,AGDD,0.257172469,0.489984834,0.195881838,0.363000271,0.664592325,0.134658027,0.552284764,0.187343444,0.478322971,0.587677706,0.280641153,0.626348126,0.257202732,0.371306822,0.585390478,0.250860036,0.636649579,0.292614397,0.547022587,0.133038467,0.391024273,0.391811482,0.263683301,0.541106538,0.451810845,0.260623555,0.332541629,0.642313433,0.339474447,0.428285873,0.493084056,0.489048894,0.092777148,0.540187683,0.412736146,0.128363711,0.453562312,0.503020892,0.560194908,0.344552025,0.585133273,0.528705771,0.047201159,0.44882821,0.553606383,0.463468023,0.545180018,0.12260327,0.401427273,0.544710307,0.403861197,0.002129507,189.6501181,469.5923237,,,,0.16439506,
MNH1.2021,M5.P,M5.P.W-Int,CV00,415,AGDD,0.129719843,0.1636438,0.577834708,0.292815814,0.407181624,0.45643754,0.132333347,0.451302592,0.29294046,0.304476024,0.333210227,0.401975426,0.345804276,0.489238742,0.014863358,0.431813443,0.280731334,0.38638313,0.289104388,0.244583319,0.472839405,0.05674989,0.15802175,0.381743101,0.456214036,0.202191029,0.35461443,0.201320872,0.580642633,0.292266445,0.15085824,0.272553877,0.437657667,0.426503144,0.285279166,0.47163159,0.379339992,-0.028929193,0.435519594,0.450307217,0.282326151,0.264986036,0.412467296,0.402258404,0.305688,0.465303831,0.273296079,0.383630255,0.076396193,0.354339279,0.321688196,0.002170743,148.1926932,460.6718401,,,,0.138842485,
MOH1.2020,M5.P,M5.P.W-Int,CV00,1006,AGDD,0.517961912,0.538584544,0.45873196,0.408388374,0.382686036,0.448218093,0.503176404,0.435270878,0.335557668,0.540600181,0.511065768,0.347981851,0.487890478,0.434210908,0.482738195,0.446992594,0.440678588,0.496985027,0.446170293,0.422467304,0.433115732,0.456847416,0.561399223,0.509567069,0.273013395,0.362928368,0.467589711,0.363468321,0.521656939,0.47235765,0.465656641,0.38220541,0.395547457,0.408751616,0.606018375,0.220236427,0.612879968,0.483429356,0.320502699,0.50050406,0.371404954,0.549287577,0.48567546,0.380196124,0.458586758,0.481025121,0.387158102,0.403079784,0.428273849,0.545145969,0.447877332,0.000796221,562.5037838,1255.932694,,,,0.078769979,
NEH1.2021,M5.P,M5.P.W-Int,CV00,246,AGDD,0.456283134,0.216318233,0.433444228,0.362629078,0.410602628,0.464394378,0.409337157,0.358224363,0.345307667,0.328799016,0.402731295,0.453627686,0.535194758,0.110715468,0.402384955,0.238405502,0.220053185,0.467395454,0.618663299,0.325437029,0.371745873,0.402473336,0.428110855,0.257600379,0.43921961,0.3306594,0.314432377,0.384520858,0.40506083,0.4618031,0.198348148,0.390519964,0.330360655,0.412957061,0.524644278,0.277010318,0.467224268,0.395438277,0.492813037,0.165350179,0.488627055,0.529985958,0.362018864,0.125585289,0.373727566,0.343773479,0.327669835,0.425295992,0.49165044,0.306021539,0.375691947,0.0035199,106.7337037,284.0989929,,,,0.106715042,
TXH1.2020,M5.P,M5.P.W-Int,CV00,246,AGDD,0.655496193,0.527449523,0.617853054,0.73072507,0.576229461,0.661400949,0.584610446,0.49875878,0.554136496,0.686368179,0.769975232,0.364141695,0.654477816,0.617330157,0.523033434,0.603680641,0.677413398,0.667177258,0.546923943,0.547708402,0.406124656,0.56414326,0.575972598,0.582995706,0.78955845,0.539889051,0.715424183,0.712214975,0.487139612,0.501919573,0.597433631,0.503336201,0.378453178,0.698447724,0.7564044,0.618371574,0.624073732,0.726558873,0.377569721,0.738361852,0.652010877,0.723528135,0.747352937,0.361721262,0.55124849,0.367385312,0.739814049,0.578859246,0.613141771,0.704067731,0.599968258,0.002623107,228.7242857,381.2273112,,,,0.115135774,
TXH1.2021,M5.P,M5.P.W-Int,CV00,246,AGDD,-0.028697318,0.196704901,0.219547189,0.190467353,-0.063349352,0.264997182,0.160410344,0.012955178,-0.045017481,0.00047231,0.32930928,-0.061974625,-0.076725587,0.220734693,0.180749569,0.322685498,0.171417729,-0.051455651,-0.200003556,0.252178446,0.073238088,0.05105254,-0.107793322,-0.083929636,0.548318206,0.236649197,0.258815006,-0.114089001,0.336128335,-0.074971312,0.102402457,-0.050065457,0.240164975,0.005022969,0.269010322,0.000742831,0.229389083,0.134473275,0.124513229,-0.03179513,0.323076725,0.066353311,-0.002660597,-0.017951638,0.228426958,0.295702636,0.14146611,0.066013175,-0.200717641,0.252880503,0.105905446,0.004052394,26.13404735,246.7677379,,,,0.162517851,
TXH2.2020,M5.P,M5.P.W-Int,CV00,246,AGDD,0.071868749,0.479749083,0.405887928,0.724383753,0.642251957,0.510930919,0.583234222,0.359446624,0.495193885,0.585451879,0.7353645,0.423383076,0.421448089,0.635476674,0.287375594,0.753269903,0.604690944,0.318600232,0.526880795,0.31673609,0.444216855,0.568281228,0.482481869,0.285709313,0.682208794,0.512447218,0.591598341,0.328440287,0.610704938,0.590511847,0.411335809,0.522516246,0.460289171,0.578918254,0.563746535,0.615086979,0.613377173,0.539195929,0.391910707,0.461815042,0.613326494,0.677148947,0.140496349,0.543669415,0.364098638,0.250143323,0.338492518,0.494120303,0.439223296,0.813234072,0.496207416,0.003089255,160.6236547,323.7026486,,,,0.153909467,
TXH2.2021,M5.P,M5.P.W-Int,CV00,246,AGDD,-0.162546687,0.297467461,0.269510202,0.434970415,0.206678292,0.328457762,0.290875688,0.110537869,-0.038545692,0.353033759,0.435312574,0.465590766,0.170851069,0.149447227,-0.010215742,0.267326595,0.305310548,0.122740337,0.174874085,0.182487271,0.237825868,0.13446886,0.217243219,0.239571846,0.194153874,0.302193349,0.45799838,0.140172132,0.354890826,-0.073752762,0.299312316,0.264308317,0.088927701,0.350619774,0.146709476,0.0139375,0.327443592,0.371773166,0.192993906,0.283780164,0.322314305,0.387557003,0.297034417,-0.148158906,0.213107692,0.203913906,0.319449129,-0.089786138,0.204232614,0.294502767,0.218058042,0.003903486,55.86237983,256.1812412,,,,0.150402998,
TXH3.2020,M5.P,M5.P.W-Int,CV00,266,AGDD,-0.13896617,0.004180783,0.035669018,-0.113594981,0.047673335,-0.168288009,0.115328525,0.005738184,-0.199004139,0.160411244,-0.1143771,0.179788818,-0.049109529,-0.059985683,-0.106019958,0.340349622,-0.221516227,-0.237778394,-0.055247606,0.084117299,0.001734494,0.104149598,-0.150723573,-0.237683161,0.127369691,0.242870278,-0.312767924,-0.231737063,0.023938435,0.027566636,-0.269751988,0.156510184,0.148200417,-0.12995442,-0.011059564,0.221988695,-0.145509367,-0.202774252,-0.027465299,0.063756367,-0.041879082,-0.123291749,-0.114416735,0.239708696,-0.100327595,-0.014270037,0.246699068,0.127614426,-0.324111163,-0.124433588,-0.026413611,0.003785236,-6.978061721,264.1843158,,,,0.160885243,
TXH3.2021,M5.P,M5.P.W-Int,CV00,245,AGDD,0.447402994,0.304486808,0.36131256,0.409512663,0.427528186,0.416520456,0.30691479,0.419875324,0.49507402,0.304655815,0.412141574,0.26658753,0.403467524,0.47375366,0.324063463,0.54989878,0.327950512,0.364120283,0.497762405,0.120244506,0.346580301,0.512743893,0.267760736,0.250165495,0.521336545,0.467561273,0.309552645,0.297066602,0.439851035,0.440247462,0.475861556,0.411349402,0.261612871,0.355167154,0.363871519,0.303050772,0.529670761,0.336081442,0.164393672,0.591789998,0.466987017,0.429210933,0.42568128,0.245677399,0.364096838,0.194703346,0.560562952,0.312407206,0.333287084,0.418433121,0.380600723,0.003519107,108.1526319,284.1629699,,,,0.103756467,
WIH1.2020,M5.P,M5.P.W-Int,CV00,394,AGDD,0.347641052,0.56541386,0.507529335,0.521916686,0.595148512,0.487732314,0.621055756,0.409571233,0.440947863,0.603300179,0.727804663,0.457603766,0.389157227,0.698746866,0.20872193,0.392235129,0.632875944,0.231104251,0.507902587,0.57691822,0.313288467,0.717210856,0.319242513,0.376343136,0.72310966,0.325067144,0.674231392,0.628710032,0.524365962,0.309216719,0.513634141,0.197694414,0.537152592,0.724216088,0.499203621,0.689507897,0.454103511,0.567424406,0.61162892,0.392898633,0.486354205,0.513048828,0.649084131,0.589160751,0.520777643,0.600784019,0.429841285,0.517174398,0.535126247,0.647437476,0.510207329,0.00188696,270.3858152,529.9528246,,,,0.138521685,
WIH1.2021,M5.P,M5.P.W-Int,CV00,398,AGDD,0.411724307,0.172225295,0.249584758,0.274049273,0.180746519,0.195407182,0.37046582,0.23809772,0.113058916,0.445675871,0.260329013,0.195068605,0.373757865,0.286309891,0.171566457,0.208182209,0.178172813,0.411664776,0.430952058,0.232424405,0.005637704,0.315807083,0.316466415,0.40127527,0.228993771,0.287416939,0.192224209,0.43151094,0.202228354,0.205310591,0.294685996,0.113442465,0.361423315,0.173232614,0.443567494,0.170537037,0.360245217,0.219410685,0.257608266,0.349536327,0.18672922,0.330526174,0.445587831,0.26556731,0.062169637,0.274094794,0.202340478,0.278374275,0.295199882,0.213274134,0.265677764,0.002347008,113.1984716,426.0743168,,,,0.103295294,
WIH2.2020,M5.P,M5.P.W-Int,CV00,1127,AGDD,-0.102944589,0.130650666,0.147743686,0.200379595,0.127316194,0.041866239,0.178493314,0.153444941,0.120676091,-0.047896641,0.023974855,0.084897707,0.107509101,0.203735668,0.076586286,0.176902292,0.232608802,0.098502967,-0.027817784,0.007955984,0.072403429,0.057204506,0.005162387,0.21308282,0.133583573,-0.068086302,0.195270653,0.065696109,0.159825032,0.164887285,0.041680551,0.186694886,0.013351081,0.047484121,0.169520879,-0.020500163,0.107901432,0.122611846,0.1085088,0.158330036,0.226241987,0.004680049,0.165675642,0.080428186,-0.001193999,0.151579556,0.209045813,0.131838433,-0.03422971,0.078083634,0.097626959,0.000880417,110.8871968,1135.82558,,,,0.083998853,
WIH2.2021,M5.P,M5.P.W-Int,CV00,1137,AGDD,0.297534035,0.205626499,0.207699908,0.160547772,0.194197522,0.24772535,0.140958926,0.142696839,0.227561439,0.322735763,0.125985322,0.177134766,0.31575524,0.165130002,0.27680743,0.172948612,0.24506776,0.237215972,0.210109732,0.206255271,0.298644959,0.24687079,0.155062624,0.077937973,0.310283146,0.176389614,0.201005633,0.331176544,0.128602673,0.223258175,0.26978187,0.197693348,0.146968685,0.260339345,0.184804949,0.179038566,0.168356963,0.183993786,0.291156387,0.211110552,0.167474228,0.215704066,0.173852173,0.128972745,0.367320554,0.122484747,0.230650339,0.280079842,0.238360326,0.215274923,0.213246894,0.000840992,253.5659423,1189.07215,,,,0.062969409,
WIH3.2020,M5.P,M5.P.W-Int,CV00,415,AGDD,0.528387722,0.096627557,0.185112069,0.070164126,0.213285913,0.480263837,0.115287584,0.280577194,0.133591373,-0.011717255,0.145265358,0.205445708,0.409223928,0.246891439,0.093901339,0.031699865,0.07707081,0.199339102,0.325146089,0.366479837,0.074002812,0.213562239,0.066473282,0.19681207,0.314313584,0.073808917,0.137630132,0.354637135,-0.070841904,0.519589408,0.004218032,0.391568016,0.408143174,0.10418434,0.13548258,0.239552906,0.353193305,0.058829305,0.120506666,0.132492683,0.015029797,0.28154943,0.449893509,0.199356589,-0.15420772,0.218948527,0.065816345,0.16968733,0.035981814,0.461418515,0.195273528,0.002328979,83.84512872,429.3727341,,,,0.157803995,
WIH3.2021,M5.P,M5.P.W-Int,CV00,397,AGDD,0.27620622,0.354647636,0.515645829,0.449747033,0.36660843,0.530926301,0.451746293,0.251692221,0.554923046,0.139643574,0.527857514,0.394324395,0.417444308,0.412623264,0.232719454,0.355408359,0.370721195,0.432381659,0.433149182,0.428812336,0.679087508,0.36792657,0.154583374,0.388412738,0.484258206,0.289512191,0.498074328,0.254557751,0.575178008,0.453549839,0.4434717,0.425411114,0.308219303,0.477310714,0.360305118,0.600664668,0.290855894,0.185042512,0.478882796,0.451836307,0.282260573,0.284368523,0.43213479,0.420210424,0.575668934,0.474982546,0.175970547,0.4015624,0.263135298,0.676082804,0.401014915,0.002124524,188.755169,470.693638,,,,0.12597125,
DEH1.2020,M5.P,M5.P.W-Int,CV00,1142,DAP,0.376238461,0.437329562,0.348234642,0.357562922,0.281958039,0.377722807,0.30870443,0.305193987,0.420973115,0.350618125,0.374976953,0.222634705,0.37127487,0.45718951,0.315437547,0.244326209,0.44623702,0.33029884,0.396017649,0.374104256,0.405837172,0.354833938,0.351925726,0.282534918,0.411849567,0.287460076,0.360550939,0.38839954,0.334739627,0.386503881,0.31945463,0.253092173,0.497821108,0.258616434,0.38903786,0.312584199,0.346201408,0.414310027,0.380614446,0.327796891,0.311223405,0.287023951,0.401319603,0.319488226,0.442707848,0.381477204,0.348939408,0.378146039,0.320914914,0.360021553,0.354249207,0.000767112,461.7960355,1303.590879,3034.285461,11186.08935,0.27125525,0.05769259,0.127275507
IAH4.2021,M5.P,M5.P.W-Int,CV00,1128,DAP,0.274954769,0.278239082,0.474367792,0.35613839,0.487557488,0.350539861,0.385245256,0.352454606,0.385802218,0.391669066,0.434649984,0.35730354,0.380658568,0.361106574,0.36828874,0.34067104,0.334406947,0.428161748,0.373339076,0.400035513,0.342789275,0.374627495,0.344448338,0.475757344,0.330057122,0.404160625,0.293135703,0.333464372,0.425557209,0.462961749,0.342471274,0.401544719,0.310042172,0.462694519,0.364692817,0.351180845,0.448125189,0.400609057,0.404282562,0.233155037,0.428536322,0.400105163,0.374623739,0.336321852,0.349339344,0.24329993,0.273672758,0.504594375,0.493516112,0.314513273,0.374797411,0.000763345,490.9932248,1310.022989,,,,0.06342293,
MIH1.2020,M5.P,M5.P.W-Int,CV00,414,DAP,0.114871851,0.367766197,0.333581237,0.367919188,0.462451553,0.089589194,0.597634791,0.25008535,0.505126054,0.273899124,0.476246608,0.324374218,0.378943462,0.005318108,0.570358358,0.010101379,0.34125902,0.172084116,0.50709456,0.591944608,0.599249214,0.433711681,-0.056588187,0.155991644,0.446873039,0.210990694,0.496106988,0.318989565,0.114399126,0.394234362,0.46386625,0.339855823,0.663762638,0.220201205,0.064794632,0.403609747,0.383413611,0.115742544,0.240181457,0.559508517,0.142599457,0.334839231,0.595760197,0.314796962,0.450049711,0.493790628,0.362187208,0.196260299,0.324728165,0.291580983,0.336322727,0.002152638,156.2374463,464.5462041,,,,0.175675338,
MNH1.2020,M5.P,M5.P.W-Int,CV00,395,DAP,0.279598831,0.411802353,0.212236999,0.349493904,0.496340693,0.367451152,0.530066628,0.298345953,0.254440315,0.419733384,0.11855321,0.333039845,0.268958876,0.447590321,0.559204406,0.294096904,0.479221102,0.095446516,0.511534055,0.05564879,0.422574695,0.578886422,0.042024905,0.34365028,0.359078785,0.42158055,0.163964638,0.465844859,0.29405908,0.358248935,0.329468173,0.573292171,0.526183216,-0.058800045,0.278996356,0.26380218,0.433548556,0.178559591,0.501288386,0.346942215,0.309843594,0.343589568,0.184492066,0.457641357,0.296200365,0.491669277,0.421595308,0.086987577,0.353098946,0.236891795,0.335760161,0.002257672,148.7196341,442.9341282,,,,0.148417023,
MNH1.2021,M5.P,M5.P.W-Int,CV00,415,DAP,0.142333578,0.109906732,0.349570303,0.023677225,0.646328523,0.02785427,0.533075789,0.206301727,0.493143135,0.034526844,0.473156355,0.3919723,0.190895429,-0.125162004,0.32003483,0.331192287,0.126159493,-0.032391306,0.531585156,0.404717449,0.404179901,0.236076398,-0.209019067,0.322249836,0.471141227,0.037448054,0.434646977,-0.001823482,0.363697085,0.379510314,0.074472024,0.203162309,0.436228916,0.419055431,0.063968015,0.356394866,0.348194032,0.022638455,0.184751359,0.332681167,0.047210371,0.184855285,0.273131958,0.491786048,0.29960648,0.235787776,0.075223925,0.523067805,0.125963285,0.279483208,0.251892962,0.002267675,111.0798145,440.9802234,,,,0.192426999,
MOH1.2020,M5.P,M5.P.W-Int,CV00,1006,DAP,0.578303196,0.414483827,0.368562933,0.236009493,0.221329881,0.435701099,0.308549483,0.363452394,0.429225611,0.285934147,0.382082068,0.413850231,0.296647649,0.38266638,0.351979973,0.292039198,0.373348113,0.387330267,0.355845566,0.406119249,0.43470561,0.430181749,0.246649344,0.294448612,0.404743573,0.380044175,0.457420991,0.358184156,0.271712338,0.32346926,0.383335153,0.252019434,0.42297683,0.398634048,0.337843787,0.310453599,0.306530134,0.313553239,0.485806801,0.392052524,0.283207367,0.300585681,0.495909394,0.449831093,0.259896785,0.267489628,0.379705685,0.358600677,0.429701308,0.318541529,0.360633905,0.000866477,416.2069966,1154.098355,,,,0.074544715,
NEH1.2021,M5.P,M5.P.W-Int,CV00,246,DAP,0.321561145,0.223098652,0.209471361,0.038461153,0.049505101,0.108470757,0.106272095,0.135359749,0.421357248,0.059868329,-0.04326476,0.139881767,-0.020140484,0.238200468,0.442255124,0.237862935,0.271107039,-0.068507631,0.298417232,0.105255673,0.116135309,0.144650702,0.019940574,0.18465797,0.41622665,0.036361655,0.073746502,-0.033920641,0.324129758,0.432982833,0.238277913,0.019407884,0.520919911,0.047789918,0.05496681,-0.14799758,0.296228829,0.104345585,0.419141015,0.010891233,0.01110162,0.430825032,0.304847234,0.345590951,-0.283469637,0.219682714,0.121054412,0.104659394,0.208160579,0.150702306,0.163330608,0.003989029,40.94495218,250.6875639,,,,0.168416419,
TXH1.2020,M5.P,M5.P.W-Int,CV00,246,DAP,0.680218974,0.555649368,0.731298179,0.747434739,0.627426001,0.659260167,0.534135071,0.661097586,0.792572885,0.664356888,0.698320522,0.668664157,0.545923325,0.655077833,0.784259777,0.480982114,0.759071166,0.78854125,0.714251468,0.464537045,0.716401935,0.387447804,0.738380143,0.750909833,0.703293523,0.736068446,0.738711827,0.669399822,0.705788853,0.528315916,0.589856276,0.647804162,0.646381882,0.73940524,0.753409451,0.381447238,0.68407494,0.874699705,0.61447539,0.66795992,0.842329529,0.774896366,0.497992859,0.503930563,0.610803262,0.739835448,0.714283605,0.497358875,0.789899377,0.59467154,0.661066245,0.002307342,286.5055453,433.399145,,,,0.112154434,
TXH1.2021,M5.P,M5.P.W-Int,CV00,246,DAP,0.10793223,-0.211636313,0.111513346,0.023306439,0.107993634,0.010296381,-0.003192124,-0.246280193,0.31409632,-0.010432864,-0.22083119,-0.051283643,0.191835618,0.061277745,0.149004417,0.032708617,0.238685387,0.167251493,0.01280623,-0.437662123,-0.001129758,0.030373562,0.097227877,-0.077728823,0.089028107,0.292664192,-0.083545663,-0.070637769,0.150918742,-0.048834175,-0.128885294,-0.15893506,0.091423549,0.053087568,0.283861104,-0.021763302,0.417821775,0.060583872,-0.339431614,-0.047229833,-0.100703513,0.268743126,0.009086483,0.185929465,-0.156549877,-0.024197578,0.151787886,-0.166626123,0.122360765,0.010901716,0.024739816,0.004095852,6.040212148,244.1494337,,,,0.168233008,
TXH2.2020,M5.P,M5.P.W-Int,CV00,246,DAP,0.497860029,0.476196014,0.109340877,0.620503204,0.543258983,0.606981229,0.448173229,0.505933299,0.397459663,0.293894401,0.505787904,0.537061183,0.522862428,0.392172012,0.411333265,0.143592238,0.461450662,0.700108105,0.550516281,0.364261388,0.485378515,0.404648609,0.554930336,0.283642438,0.579430505,0.271075496,0.48566825,0.601622356,0.45284282,0.538795061,0.164546801,0.504679239,0.522958796,0.534274502,0.473264192,0.494600847,0.419660025,0.500830011,0.424967874,0.494100334,0.497936267,0.574969226,0.260630588,0.440914101,0.565972625,0.612550118,0.615631978,0.202907455,0.434997196,0.384959671,0.457442652,0.003240763,141.1527547,308.5692905,,,,0.129274885,
TXH2.2021,M5.P,M5.P.W-Int,CV00,246,DAP,0.147868086,0.379281805,0.265210393,0.161212998,0.396930719,0.106444875,0.386021646,0.16260062,0.400678743,0.338091166,0.21103484,0.162119887,0.219785378,0.11384611,0.474997605,0.083207298,0.190357415,0.139802727,0.392013082,0.363095624,0.224662256,0.434915882,0.18116673,0.141880861,0.436465238,0.167827478,0.324477823,0.298981863,0.412419849,0.143773663,0.21065374,0.05958915,0.44525547,0.284323211,0.117379552,0.276845741,0.371103442,0.276292411,0.004158886,0.311457806,0.39454171,0.154414704,0.215215183,0.251340374,-0.028371811,0.195588581,0.308732943,0.255529699,0.427455175,0.056017225,0.248973917,0.003844311,64.76424236,260.1246071,,,,0.126771414,
TXH3.2020,M5.P,M5.P.W-Int,CV00,266,DAP,-0.014372032,-0.028619575,0.077719208,0.041760138,-0.123915197,0.000375066,-0.286285151,0.116334528,0.219431152,-0.116150417,0.092569822,-0.030797581,0.009071815,0.082506927,-0.191975668,-0.095830537,0.024158394,-0.029622913,0.105769512,-0.083518481,-0.309460668,0.072820332,0.199573448,-0.07042862,0.139985942,0.135183823,0.173140726,-0.308938206,-0.014862544,-0.027440621,-0.059684103,0.07333289,0.082130581,-0.036556015,-0.086141676,0.05537674,0.028182348,-0.085078834,-0.020890755,0.004091166,-0.189067578,0.139265305,0.013772149,0.181231307,-0.094119283,-0.21589271,-0.002602246,0.161014145,-0.070007637,0.008174358,-0.007105744,0.003787688,-1.876011265,264.0133305,,,,0.126289722,
TXH3.2021,M5.P,M5.P.W-Int,CV00,245,DAP,0.280812837,0.287018356,0.410481972,0.03751847,0.343147136,0.293033122,0.331885007,0.543695374,0.032855805,0.172211082,0.199847211,0.241696922,0.163007909,0.406414068,0.271238067,0.127221254,0.333353997,0.307181357,0.284067427,0.24731458,0.473512677,0.169997707,0.253778448,0.17552795,0.237974953,0.173259298,0.437918674,0.302783887,0.103733107,0.288405582,0.378326711,0.469754379,0.190652281,0.120506357,0.173742948,0.255092447,0.218905225,0.416764691,0.253869803,0.148946447,0.212829016,0.368668747,0.25293981,0.038836745,0.350652632,0.339177677,0.321932048,0.311743166,0.31154296,0.060400845,0.262523583,0.003831611,68.51520495,260.9868571,,,,0.116871342,
WIH1.2020,M5.P,M5.P.W-Int,CV00,394,DAP,0.571791481,0.553098529,0.458478868,0.391983666,0.56682264,0.167852992,0.649370136,0.449441815,0.305502647,0.707027404,0.428701052,0.684298708,0.327316429,0.586464736,0.339182763,0.340517397,0.626412482,0.561810687,0.62918837,0.039976697,0.310927681,0.560956336,0.392809906,0.566457995,0.508447655,0.614875399,0.36652796,0.579955924,0.42549002,0.514225952,0.412013571,0.359819129,0.488659689,0.479295381,0.684842327,0.492825957,0.459787466,0.599817415,0.504451117,0.408773393,0.517755022,0.502449797,0.401685452,0.755854524,0.145649582,0.35956077,0.660739879,0.496622092,0.54691784,0.388759803,0.477843891,0.001968534,242.7410245,507.9923155,,,,0.145319424,
WIH1.2021,M5.P,M5.P.W-Int,CV00,398,DAP,0.031883697,0.275114971,0.120193539,0.263291559,0.471709384,0.060485655,0.088914381,0.308400038,0.331109108,0.293448424,0.322735431,0.264366333,0.102679206,0.058267271,0.402045565,0.259842226,0.037015075,0.190966803,0.43868523,0.167053969,0.097690277,0.283202364,0.029309253,0.34250737,0.384354596,0.558739925,0.146014455,0.125099054,0.3210904,0.107528453,0.370229571,0.153996016,0.415164705,0.096981072,0.156966718,0.083601394,0.248917193,0.140825777,0.469640375,0.175475398,0.129900132,0.281036249,0.294620865,0.259871465,0.186631629,0.374439992,0.235015682,0.025328284,0.161011153,0.343374601,0.229735446,0.002391974,96.0442985,418.0647797,,,,0.133519327,
WIH2.2020,M5.P,M5.P.W-Int,CV00,1127,DAP,-0.14549902,0.0075407,0.085462918,0.055048553,0.243136543,0.051007828,0.081832805,-0.104992065,0.024029756,0.117026091,0.159767623,-0.013193615,0.063209302,0.159872254,-0.126326622,0.126296926,0.067456551,0.064412612,0.115318313,-0.200076222,-0.077248765,0.135472682,-0.062597553,0.036685034,0.156373782,0.02543985,0.094745189,0.05241981,0.044136627,-0.02167788,0.135172122,0.148498209,-0.105737748,0.047990904,0.047012103,-0.065826621,0.050759549,0.045033449,0.194480948,-0.092105453,-0.021668483,0.206369809,0.048700403,0.068052406,-0.163921654,0.213879948,0.169049511,-0.135488309,-0.049931706,0.066302045,0.040434029,0.000887436,45.56277343,1126.842286,,,,0.105878692,
WIH2.2021,M5.P,M5.P.W-Int,CV00,1137,DAP,0.111152498,0.171635552,0.012515036,0.025752717,0.148838601,0.015780915,0.066302655,0.18325356,0.151955038,0.095540028,0.204702358,-0.02279936,0.293067424,-0.091364473,0.089689624,0.162448756,0.050536093,0.078894182,0.125119644,0.05739766,0.136044524,0.034755887,-0.03554642,0.1436079,0.203898768,0.019880978,0.144959994,0.053770482,0.130981768,0.11079234,0.146148157,0.158986551,0.010557579,0.136119616,-0.014627987,-0.046062104,0.133928176,0.006669361,0.153031586,0.21752511,-0.004852512,0.11911763,0.178684158,0.097584819,0.118777746,0.146088005,0.187350637,0.108206227,-0.003273005,0.100943787,0.096489365,0.000872854,110.544622,1145.66638,,,,0.079526901,
WIH3.2020,M5.P,M5.P.W-Int,CV00,415,DAP,-0.123277023,-0.064390084,0.255540871,-0.022701082,0.080131414,-0.271693652,-0.079565498,0.317314937,0.206337342,0.082047722,0.077974136,-0.037816922,-0.076698277,-0.082319891,0.376760549,0.082882794,0.066849054,0.098446324,-0.041628459,-0.058628513,-0.019750068,0.140354259,-0.245682128,-0.03530556,0.27405604,0.032599774,-0.059220137,-0.024145617,0.253601339,0.016079845,0.222046014,-0.026345011,0.177309003,-0.052248422,-0.042807418,0.275396271,-0.048761767,-0.215031649,0.092578531,0.004364281,-0.220794292,-0.137985976,0.274585633,0.241337519,-0.024973502,0.145663228,0.013527929,0.061602205,-0.23198419,0.164704725,0.035806732,0.002418203,14.80716494,413.5301962,,,,0.156473077,
WIH3.2021,M5.P,M5.P.W-Int,CV00,397,DAP,0.276130165,0.341619082,0.410498916,0.127373225,0.398449285,0.316720238,0.491583495,0.04738038,0.47624818,0.183325632,0.345424872,0.44446586,0.233403203,0.186932512,0.337868774,0.020011901,0.402469158,0.488792763,0.308698946,0.219121763,0.286184077,0.318492004,0.003125023,0.431725203,0.424959389,0.000977479,0.284137033,0.355381081,0.280047245,0.604980393,0.213268397,0.299360576,0.366292573,0.480464257,0.262801392,0.461407408,0.221671269,0.200046833,0.308872855,0.35029441,0.263507591,0.289067056,0.481914982,0.26376842,0.381114203,0.281626612,0.126695688,0.547186097,0.314101283,0.154127657,0.306282337,0.002294155,133.5055254,435.8903843,,,,0.137326388,
DEH1.2020,M6.G.P,M6.G.P,CV00,1142,AGDD,0.689350265,0.621782914,0.623168097,0.69153621,0.68506782,0.690792034,0.619288957,0.640090705,0.668161984,0.690750247,0.730845536,0.669071515,0.628447733,0.636215306,0.663177416,0.663412305,0.655885178,0.668745203,0.665696894,0.645522732,0.701254556,0.692291025,0.654724772,0.588617717,0.668664109,0.657638271,0.681241945,0.601128969,0.675014587,0.671275239,0.674028574,0.676361988,0.67402916,0.627238964,0.658277899,0.673660194,0.629350672,0.634910279,0.697823307,0.666194803,0.639339198,0.66472367,0.683612199,0.641210112,0.686775137,0.601025931,0.673543981,0.603054306,0.707906213,0.726520401,0.661568945,0.000493269,1341.193336,2027.291859,4951.124132,12424.28608,0.398503713,0.031652899,0.111063026
IAH4.2021,M6.G.P,M6.G.P,CV00,1128,AGDD,0.405469782,0.589794641,0.422241262,0.403353309,0.237838113,0.417816521,0.479202209,0.393212591,0.470869243,0.334607822,0.510835314,0.339219133,0.432784002,0.41550201,0.401408512,0.43310264,0.333986089,0.390901947,0.469228549,0.471411513,0.406034639,0.504458677,0.341105251,0.420965503,0.427249436,0.475310154,0.380227848,0.374311895,0.412310795,0.402390416,0.493098647,0.47401327,0.381279923,0.284043477,0.447750617,0.416831169,0.543578315,0.296514638,0.444698442,0.358531389,0.387039529,0.403240175,0.41336498,0.414548157,0.476860975,0.416688803,0.42922404,0.448890785,0.438347384,0.354950213,0.416412895,0.000734103,567.2401996,1362.206134,,,,0.063818777,
MIH1.2020,M6.G.P,M6.G.P,CV00,414,AGDD,0.194698751,0.492992672,0.421009846,0.577889879,0.340959518,0.472982028,0.463746693,0.378039782,0.432965056,0.347847032,0.452223881,0.302436042,0.440517817,0.5334813,0.338416085,0.323199742,0.339973267,0.551941349,0.455645471,0.358964032,0.429420736,0.294252376,0.521407814,0.408170408,0.513510103,0.391712203,0.397334697,0.269622158,0.665293456,0.281625724,0.47771448,0.42056791,0.443618748,0.402863526,0.332885525,0.23017979,0.488229081,0.487461608,0.212045393,0.623810134,0.480864409,0.312298353,0.55487425,0.318049526,0.57314286,0.546829248,0.363985086,0.458219854,0.527263173,0.338958654,0.41972283,0.001999594,209.9040213,500.1015099,,,,0.106743701,
MNH1.2020,M6.G.P,M6.G.P,CV00,395,AGDD,0.235020402,0.524704826,0.358742884,0.179138948,0.619422551,0.24091224,0.410369556,0.098954523,0.339706523,0.648867898,0.347308159,0.435476183,0.272451184,0.29304007,0.593761292,0.184868433,0.594575594,0.440253927,0.617107718,-0.005630852,0.328575837,0.426254061,0.241275172,0.583548675,0.470269099,0.271348612,0.322790136,0.700277433,0.335560547,0.360514603,0.499678237,0.540378413,0.130195861,0.493697295,0.341857826,0.244500268,0.459780467,0.565720821,0.374528573,0.291965615,0.549140684,0.630545115,-0.057815147,0.296909586,0.568492871,-0.078517351,0.603522514,0.189042943,0.446648228,0.594451842,0.383083818,0.002171111,176.4459503,460.5935883,,,,0.187598102,
MNH1.2021,M6.G.P,M6.G.P,CV00,415,AGDD,0.138091461,0.484054939,0.437591243,0.572532585,0.187712273,0.56868074,0.347543767,0.278834002,0.276246145,0.460154485,0.500443764,0.309807944,0.271473433,0.404165789,0.527737864,0.377923216,0.485850571,0.32236454,0.473120914,0.269959843,0.423530881,0.170880057,0.33967925,0.474906463,0.479987782,0.27514693,0.474176504,0.308825768,0.510511365,0.466196203,0.224917537,0.501579658,0.346862132,0.31107432,0.564327429,0.40480022,0.618902909,0.413728344,0.049692717,0.36333038,0.363168275,0.445626194,0.266362099,0.48328016,0.487636768,0.346059433,0.49657067,0.369064972,0.363934426,0.377315977,0.388327307,0.002056179,188.8587121,486.338995,,,,0.120682347,
MOH1.2020,M6.G.P,M6.G.P,CV00,1006,AGDD,0.396048245,0.338561963,0.306719736,0.248480144,0.029142413,0.3202382,0.292862933,0.324997674,0.131483016,0.270627744,0.232847875,0.267382481,0.241522345,0.30014558,0.321292885,0.297004436,0.131186305,0.315595217,0.386591548,0.248691526,0.314856057,0.270341319,0.322734148,0.207690302,0.216976651,0.179448576,0.27691927,0.277989219,0.335724082,0.229670849,0.303585802,0.290273511,0.169243091,0.312005527,0.314363116,0.077958306,0.390809735,0.35598098,0.177287042,0.269140631,0.234112376,0.32387997,0.269689607,0.335158454,0.202640999,0.285378573,0.284287196,0.212424467,0.26557402,0.315814711,0.268467617,0.000924228,290.4776218,1081.983835,,,,0.074900892,
NEH1.2021,M6.G.P,M6.G.P,CV00,246,AGDD,0.522068197,0.255909564,0.427621044,0.310692482,0.421159535,0.503785133,0.444991688,0.424531624,0.3771676,0.327969124,0.414992541,0.493752439,0.510217112,0.114719707,0.494794334,0.276260533,0.135211446,0.491685051,0.658114814,0.401748076,0.40230633,0.392736022,0.433769116,0.304024496,0.447131237,0.339731454,0.395298733,0.430530087,0.367060227,0.455898642,0.295156687,0.41428844,0.298276462,0.431645393,0.544761927,0.326443605,0.546165088,0.384271427,0.546715643,0.11539802,0.63174219,0.465339344,0.295374312,0.245950628,0.347658955,0.339984526,0.286866868,0.497199912,0.553529901,0.318154392,0.397216042,0.003451719,115.0777487,289.7107279,,,,0.117936611,
TXH1.2020,M6.G.P,M6.G.P,CV00,246,AGDD,0.74293914,0.646657295,0.630631714,0.755896268,0.660263035,0.686040194,0.729654784,0.629690235,0.621946129,0.791485287,0.823047766,0.503321185,0.799449956,0.717355145,0.574429341,0.659671777,0.716923526,0.725219163,0.654083396,0.700872189,0.555776052,0.668108127,0.669518185,0.69387791,0.805318467,0.62890935,0.698000935,0.799353223,0.649022445,0.601294831,0.761950672,0.634284566,0.469310117,0.718438451,0.784571257,0.71782329,0.732262011,0.791483995,0.509811785,0.713763427,0.735233471,0.73713187,0.821626176,0.475919831,0.598150794,0.50195899,0.823623281,0.672851382,0.591414425,0.716629827,0.680939933,0.002198036,309.7947003,454.9515826,,,,0.092842663,
TXH1.2021,M6.G.P,M6.G.P,CV00,246,AGDD,-0.007865346,0.150953764,0.12808525,0.178306624,-0.128512806,0.243833974,0.094126166,-0.047650321,-0.070894099,-0.031492647,0.225767716,-0.017507032,-0.126208137,0.112014525,0.175745689,0.312878248,0.093691106,-0.09086589,-0.291991697,0.17657937,0.035716109,-0.006651633,-0.128934956,-0.136740817,0.498900714,0.191668962,0.203501452,-0.139177619,0.314017925,-0.102294648,0.080699243,-0.156783015,0.226053964,0.017736459,0.14597994,-0.062725865,0.125271152,0.08345762,0.08579559,0.002760969,0.271909667,-0.053144262,0.070205875,-0.048796909,0.176514999,0.221334698,0.119793837,0.055336531,-0.182046725,0.183127211,0.063429618,0.004081872,15.53934661,244.9856548,,,,0.155394677,
TXH2.2020,M6.G.P,M6.G.P,CV00,246,AGDD,0.133391321,0.301995695,0.419418339,0.641561177,0.679709383,0.459777002,0.518880071,0.439603075,0.382793702,0.47565097,0.617900725,0.3657054,0.428757659,0.664491662,0.223547287,0.737967847,0.390971282,0.245505695,0.538134428,0.273993323,0.381757681,0.399844728,0.473138415,0.286037224,0.641605203,0.401105455,0.456226769,0.245442702,0.653669349,0.568990252,0.441086145,0.46175879,0.456028328,0.503549217,0.377718794,0.661701839,0.450654392,0.445928681,0.273236402,0.505670427,0.560118326,0.53363079,0.032390656,0.612694861,0.280239211,0.33666189,0.318513243,0.511034724,0.315635608,0.699151554,0.444499554,0.003288607,135.1634698,304.080102,,,,0.152710284,
TXH2.2021,M6.G.P,M6.G.P,CV00,246,AGDD,0.035965642,0.224778732,0.348255212,0.367508624,0.312714661,0.358115152,0.321305352,0.050999311,0.128065305,0.354371111,0.401929073,0.481007376,0.251388805,0.249505983,-0.011088964,0.343931662,0.318964302,0.24354386,0.131482685,0.29985118,0.31672548,0.250548348,0.235648253,0.190764668,0.214330465,0.388304976,0.432045159,0.172272132,0.359735763,0.075508459,0.41703999,0.195284005,0.051227532,0.38075409,0.268711931,0.071666466,0.32410753,0.3529997,0.2437407,0.326283869,0.341102854,0.501776089,0.312738494,-0.120104721,0.215025514,0.227209437,0.316596512,0.10004376,0.112040753,0.380292411,0.257340314,0.003826951,67.24422027,261.3046487,,,,0.132263347,
TXH3.2020,M6.G.P,M6.G.P,CV00,266,AGDD,-0.120036513,0.066399504,-0.16218288,-0.227465549,0.109085274,-0.144342008,0.134115529,0.024539397,-0.251339399,-0.05029838,-0.101582806,0.218734445,-0.100425829,-0.243676982,-0.089328825,-0.041886687,-0.20027659,-0.04790111,0.099595819,-0.042677468,-0.079340221,-0.019812272,-0.121231164,-0.100070623,-0.030465737,0.24924361,-0.346772799,-0.089403349,-0.160622254,-0.094400473,-0.172941783,0.190714774,0.183917974,-0.216623481,-0.182271309,0.151640829,-0.103742959,-0.14607025,-0.08694502,-0.113645894,-0.245189336,-0.065147989,-0.094278707,0.087053176,-0.035481521,0.027713512,0.182374314,-0.024051218,-0.26428496,-0.279059422,-0.063402912,0.003772652,-16.80592745,265.0655447,,,,0.14156858,
TXH3.2021,M6.G.P,M6.G.P,CV00,245,AGDD,0.5317681,0.480758709,0.449126346,0.34455345,0.388713405,0.408722959,0.51386865,0.410577621,0.539647746,0.387245485,0.433457352,0.297224206,0.483434138,0.546736252,0.42240073,0.561683188,0.443786974,0.407582682,0.544824347,0.173183325,0.49053231,0.443727688,0.384727746,0.285888938,0.525440481,0.526198654,0.398960913,0.378104171,0.505254995,0.414516202,0.503298983,0.503139504,0.445291645,0.409594353,0.463844116,0.385419708,0.577362951,0.363279502,0.340006831,0.52489238,0.548159674,0.441992281,0.537752099,0.275133538,0.374111626,0.285884292,0.518184447,0.411810186,0.377097066,0.549584235,0.439169744,0.003321522,132.2194146,301.0667664,,,,0.088333439,
WIH1.2020,M6.G.P,M6.G.P,CV00,394,AGDD,0.311120927,0.483876486,0.50295402,0.503394993,0.525921662,0.474154419,0.515615741,0.501356609,0.352774609,0.546154957,0.654720585,0.499299691,0.374989885,0.393729319,0.491936845,0.471988701,0.638826478,0.523579426,0.338381891,0.221408637,0.369048203,0.661742628,0.421109068,0.328189629,0.590724855,0.530088317,0.667110804,0.606657092,0.273126936,0.258825943,0.486491385,0.235426567,0.457582529,0.64618658,0.540487836,0.634748785,0.427469567,0.545177316,0.495199918,0.398796625,0.490302481,0.712638004,0.301812387,0.485868624,0.522470344,0.419297329,0.427313403,0.59151852,0.462905632,0.635231385,0.478994691,0.001965725,243.673333,508.7182329,,,,0.120163622,
WIH1.2021,M6.G.P,M6.G.P,CV00,398,AGDD,0.243376028,0.222178686,0.396822479,0.35073818,0.289943496,0.467889742,0.271437023,0.229173123,0.251001888,0.341322739,0.30591503,-0.025667382,0.428109803,0.529838302,0.153557072,0.261540802,0.319848492,0.35901416,0.453317698,0.25606344,0.002322828,0.275100715,0.327557906,0.476227714,0.394648689,0.337518014,0.368884979,0.275770194,0.153383314,0.417569321,0.296504645,-0.003273805,0.563588657,0.333403089,0.413892312,0.375808659,0.386668324,0.32886741,0.065102382,0.385700519,0.336335335,0.272609772,0.506907278,0.394107926,0.112739585,0.271646056,0.137310879,0.353592221,0.355779969,0.468774214,0.309809398,0.002282874,135.7102436,438.0443089,,,,0.132246976,
WIH2.2020,M6.G.P,M6.G.P,CV00,1127,AGDD,0.193812707,0.203421958,0.142333857,0.20611552,0.094972809,0.095474105,0.283663941,0.212651002,0.117306508,0.120382061,0.142776754,0.1842502,0.132608474,0.229115905,0.165877497,0.30047278,0.222559313,0.116981536,0.089080073,0.089183072,0.148886034,0.164509473,0.266901601,0.129536334,0.118938955,0.301107781,0.119373265,-0.001686971,0.259838829,0.145917627,0.042113559,0.113064437,0.187173417,0.093436196,0.385489183,0.249188013,0.096922615,0.236773739,0.144869935,0.072635741,0.187232831,0.186051316,0.218572557,0.075993835,0.173756044,0.252734692,0.235980602,0.01369002,0.155935534,0.173150702,0.165822559,0.000864447,191.825015,1156.808915,,,,0.077398533,
WIH2.2021,M6.G.P,M6.G.P,CV00,1137,AGDD,0.316979584,0.446735307,0.305311247,0.384262477,0.378642333,0.404799894,0.234800376,0.340802145,0.423051136,0.424820581,0.34072343,0.297712174,0.37708857,0.324495611,0.477364016,0.411413621,0.395407442,0.374669059,0.352138371,0.282389234,0.35691387,0.407851077,0.368162467,0.29226049,0.388102093,0.425722171,0.322522142,0.428719976,0.269047286,0.355423978,0.490490205,0.240086667,0.379963768,0.503594896,0.223081539,0.376097167,0.427841573,0.366329273,0.389621816,0.228099118,0.330882648,0.41620209,0.315143968,0.321988673,0.412944797,0.255331503,0.36508578,0.381445635,0.443324239,0.370590716,0.362929564,0.000765006,474.4138349,1307.178807,,,,0.066772632,
WIH3.2020,M6.G.P,M6.G.P,CV00,415,AGDD,0.326336475,0.270201034,0.240807556,0.168733967,0.1483499,0.42711763,0.147529704,0.037992587,0.099535203,0.272335016,0.22492191,0.146062306,0.244494292,0.197246474,0.33386841,0.19970648,0.349536392,-0.067247816,0.221991929,0.281162366,0.172569924,0.188500714,0.062768935,0.286701852,0.313044455,-0.026198779,0.295082495,0.349502327,-0.031158126,0.473232215,0.04522956,0.27130682,0.291708331,0.316502853,0.239949204,0.230305822,0.396262922,0.198923008,0.212759442,0.065777782,0.085658698,0.423712078,0.121964505,0.22041084,0.070898748,0.046185186,0.241795932,0.252030136,0.115927126,0.38027842,0.211646305,0.002312847,91.50899216,432.36754,,,,0.124087601,
WIH3.2021,M6.G.P,M6.G.P,CV00,397,AGDD,0.406142296,0.576974635,0.635467872,0.637690988,0.366943976,0.522446872,0.681338627,0.207266885,0.540897573,0.61975324,0.738146886,0.349917337,0.490214969,0.526255422,0.4613706,0.348305654,0.585518189,0.557619402,0.622875947,0.390805587,0.591515518,0.592109731,0.284933361,0.509078474,0.623576099,0.290364997,0.626891781,0.493887965,0.640782957,0.57869135,0.592026245,0.536385417,0.281703452,0.670212579,0.549601738,0.447013709,0.62582235,0.538407328,0.508382242,0.581792055,0.534723274,0.597591518,0.378485408,0.369322551,0.656596184,0.569123368,0.42724254,0.394032071,0.536645113,0.713245079,0.520122788,0.001846765,281.6398998,541.4873299,,,,0.123081812,
DEH1.2020,M6.G.P,M6.G.P,CV00,1142,DAP,0.658515033,0.693704571,0.691904598,0.691346642,0.705980133,0.718113795,0.708033656,0.577733688,0.690772258,0.744540838,0.688799834,0.674041678,0.625678042,0.735268615,0.696321959,0.635255989,0.735744703,0.646102766,0.738328964,0.70169216,0.737016903,0.626748926,0.656283368,0.720987496,0.694981925,0.669361949,0.682423541,0.686318917,0.70163778,0.70268748,0.665785236,0.631044369,0.795803509,0.707310965,0.618409472,0.69949449,0.670101101,0.675027531,0.694258601,0.707269759,0.654432404,0.632466808,0.716829338,0.72381696,0.732084459,0.727284467,0.661686984,0.686541324,0.666278993,0.719938962,0.688443879,0.000461443,1491.93697,2167.114875,4928.741394,12493.35318,0.39450909,0.039516908,0.110221005
IAH4.2021,M6.G.P,M6.G.P,CV00,1128,DAP,0.465486491,0.486829162,0.500383734,0.452235595,0.468283553,0.48293629,0.533205721,0.428779592,0.515261364,0.396858856,0.481533489,0.416797709,0.575929078,0.507395036,0.401191362,0.510347924,0.467630277,0.422740919,0.487191398,0.477221513,0.414032753,0.530879026,0.512709673,0.484734579,0.405551714,0.53136635,0.516036842,0.481531613,0.397926393,0.466160749,0.465898527,0.53081151,0.399136418,0.510143983,0.495206582,0.428939688,0.55215566,0.482272815,0.484613433,0.428422352,0.362556886,0.474224166,0.462885148,0.515632497,0.57841966,0.333385617,0.40399605,0.615007889,0.526969871,0.460356868,0.474604087,0.000688056,689.7754634,1453.370254,,,,0.056583955,
MIH1.2020,M6.G.P,M6.G.P,CV00,414,DAP,0.192332919,0.464030018,0.568964946,0.468837896,0.447112757,0.265878899,0.598145945,0.209572177,0.352573749,0.726401552,0.603961426,0.344506445,0.397292059,0.264453685,0.550219938,0.495962232,0.441385353,0.089224765,0.563204489,0.525676214,0.421283771,0.437421972,0.18184964,0.362457001,0.605948584,0.386603583,0.450746194,0.26417847,0.397540892,0.613716523,0.413174618,0.382402134,0.638004406,0.351107489,0.327923771,0.376512961,0.457646938,0.318771579,0.327114134,0.478475645,0.243446959,0.547843057,0.543277313,0.441113713,0.326561052,0.437120362,0.438522353,0.349406709,0.461191035,0.426057548,0.419543157,0.00199996,209.7757694,500.0099886,,,,0.130315733,
MNH1.2020,M6.G.P,M6.G.P,CV00,395,DAP,0.290150811,0.399459871,0.512912584,0.418168741,0.375772057,0.244679046,0.359240698,0.401520051,0.426186822,0.441128207,0.18510895,0.423971612,0.403318485,0.539327835,0.369770664,0.313529371,0.642938552,0.141827177,0.470471877,-0.087941131,0.287003247,0.42876833,0.215748309,0.535255473,0.5203344,0.315771988,0.280402274,0.549596601,0.244551042,0.487777809,0.316293756,0.580940935,0.326567171,0.3062112,0.401303995,0.025318559,0.481275003,0.21150711,0.600694981,0.457518959,0.439959071,0.489872433,0.090386891,0.33089686,0.228568601,0.520988273,0.393413565,0.376367256,0.324459298,0.229143047,0.365368774,0.002204849,165.7114721,453.5457975,,,,0.147293417,
MNH1.2021,M6.G.P,M6.G.P,CV00,415,DAP,0.236494071,0.211820405,0.517759578,0.18507853,0.628041482,0.101600764,0.555844486,0.463834301,0.56791693,0.147867639,0.30684343,0.327538004,0.387856955,0.355968066,0.351472049,0.46282369,0.315460771,0.209630277,0.479450555,0.2910593,0.362344554,0.195933981,0.210301984,0.408898751,0.406638412,0.260992093,0.303348628,0.180021772,0.471837403,0.485967979,-0.033327076,0.386856992,0.339150591,0.504051182,0.35505862,0.255882799,0.655439846,0.194490434,0.404274911,0.152300267,0.249103983,0.219550841,0.166218912,0.586026113,0.432088123,0.435387587,0.09114614,0.560732324,0.33607855,0.204172237,0.337706604,0.002145168,157.4266704,466.1640263,,,,0.152975223,
MOH1.2020,M6.G.P,M6.G.P,CV00,1006,DAP,0.277302911,0.207275967,0.256960874,0.08058203,0.098006993,0.28512062,0.083095394,0.084161282,0.202845886,0.220394729,0.208637622,0.117659815,0.154807935,0.212705499,0.20953499,0.203772204,0.205447817,0.228982038,-0.004395849,0.255316548,0.18778889,0.251303204,0.105786643,0.115960943,0.23395192,0.283802064,0.159133007,0.273307483,0.114377939,0.031714307,0.285042793,0.144808745,0.167565866,0.163570824,0.120462236,0.143073218,0.214901816,-0.011281786,0.256250019,0.225154787,0.228206903,0.08372834,0.138304664,0.254119778,0.175072969,0.077939836,0.21307824,0.133212141,0.239260196,0.216250269,0.176281271,0.000965065,182.6626541,1036.200005,,,,0.075446162,
NEH1.2021,M6.G.P,M6.G.P,CV00,246,DAP,0.391583228,0.474152005,0.426046068,0.22711259,0.152568959,0.120741928,0.40912611,0.343996383,0.569662341,0.253884062,0.13593025,0.332664597,0.223828767,0.396995439,0.511169769,0.334514674,0.415294935,0.17538167,0.392464018,0.24429854,0.319619697,0.289846344,0.194648031,0.293613786,0.485223884,0.275424086,0.175754665,0.16383012,0.401795283,0.620469581,0.349179789,0.185932158,0.607292589,0.25950444,0.331475327,0.181577489,0.409904249,0.299941719,0.561085197,0.068360555,0.160511387,0.477266532,0.448119363,0.515419355,-0.030171696,0.383448581,0.258724645,0.300938726,0.373670983,0.309238734,0.324061239,0.003667968,88.34896997,272.6304766,,,,0.142814169,
TXH1.2020,M6.G.P,M6.G.P,CV00,246,DAP,0.717972287,0.593255068,0.733018203,0.739660524,0.585346347,0.718971314,0.673338079,0.713859695,0.622289126,0.685626474,0.785525678,0.553080257,0.63264496,0.682702679,0.735532477,0.504483015,0.784840796,0.822790612,0.687136529,0.551748567,0.6513204,0.505056461,0.71361405,0.798895016,0.709002726,0.788731279,0.779016865,0.648364082,0.644863978,0.508756144,0.687210141,0.711926304,0.57085553,0.675256495,0.782076438,0.397757819,0.639306127,0.847565686,0.738399845,0.723947429,0.805129712,0.783909729,0.613444159,0.412394581,0.703920331,0.72804659,0.746070825,0.631843121,0.74374504,0.630114256,0.676887277,0.002220589,304.8233617,450.3310552,,,,0.100878407,
TXH1.2021,M6.G.P,M6.G.P,CV00,246,DAP,0.106242009,-0.210194622,0.167344928,0.120956216,-0.040173634,-0.014142796,0.05565219,-0.224871095,0.1245822,0.070768942,-0.129876057,-0.014917358,0.036381999,0.094130203,0.084832805,0.027265412,0.258022853,0.132892871,-0.052284758,-0.371365769,-0.076082194,-0.069765595,0.089547375,0.041642292,0.051638032,0.137513753,0.023520191,-0.068106389,0.075218314,-0.018052876,-0.145112873,-0.081755227,-0.01271148,0.094114494,0.225570863,-0.01696303,0.289434542,0.09650244,-0.265224126,-0.009493812,-0.051942567,0.299068541,0.054749237,0.071506977,-0.221876005,-0.073596069,0.221550302,-0.089310566,-0.013333815,0.002679421,0.015643534,0.004097358,3.81795659,244.0597263,,,,0.138411113,
TXH2.2020,M6.G.P,M6.G.P,CV00,246,DAP,0.536588046,0.486937712,0.118554597,0.632309101,0.447652908,0.633520127,0.432651381,0.514142524,0.318276969,0.297665488,0.525392093,0.51349149,0.537257909,0.434553849,0.349124223,0.131887466,0.531317539,0.743981644,0.491176411,0.349144521,0.474270305,0.377558359,0.639387642,0.352162462,0.47508961,0.273126632,0.510502137,0.589686183,0.413371904,0.572678353,0.283332684,0.567832647,0.454052454,0.515563475,0.490640247,0.5505386,0.344593383,0.527876295,0.420767598,0.512926707,0.538444962,0.612763982,0.290453126,0.331816365,0.54971054,0.597756555,0.614925813,0.278056784,0.312068604,0.412460655,0.458200821,0.003237918,141.5109377,308.8404279,,,,0.131419671,
TXH2.2021,M6.G.P,M6.G.P,CV00,246,DAP,0.209679613,0.281347545,0.25370288,0.209346313,0.388285468,0.240400473,0.426865519,-0.005277612,0.369960931,0.362700523,0.24979913,0.246070351,0.242147452,0.129354578,0.412477043,0.147226126,0.155327837,0.202527372,0.540906295,0.359748533,0.276911513,0.404995517,0.209415077,0.09703125,0.338107076,0.247619704,0.405102331,0.228587741,0.284209085,0.202655441,0.302088086,0.109040338,0.392608686,0.27164303,0.186131747,0.239238379,0.424834195,0.488371274,0.011667567,0.388669678,0.361391789,0.169110988,0.338547244,0.275863104,0.183232282,0.232909788,0.344190996,0.2335161,0.482397789,0.080075628,0.272655196,0.003793685,71.87080494,263.5959484,,,,0.119657562,
TXH3.2020,M6.G.P,M6.G.P,CV00,266,DAP,0.002996901,0.129282874,0.044416649,-0.132049011,-0.151815465,-0.117657426,-0.192626433,0.022124658,0.206983648,-0.123041948,-0.096795103,0.002691219,-0.097049777,0.11105592,-0.05301223,-0.005722209,-0.11469766,0.137858035,0.084666581,-0.253077162,-0.224597897,0.09018559,0.268264174,-0.112338176,-0.080191894,0.060861118,0.066933289,-0.328736151,0.106399435,0.028704034,-0.014739685,0.166677939,0.012600613,-0.009548749,-0.217092727,0.04405893,0.075767329,-0.025455832,-0.089260748,-0.163139432,-0.116258884,-0.038360818,-0.126871662,0.217703623,-0.074541072,-0.246467418,0.016804062,0.240905639,-0.096253308,-0.115668508,-0.025582503,0.0037854,-6.758203666,264.1728918,,,,0.135167981,
TXH3.2021,M6.G.P,M6.G.P,CV00,245,DAP,0.450966791,0.451571524,0.416651926,0.222320575,0.487099919,0.369273739,0.386358427,0.649915764,0.152673982,0.408333093,0.456261837,0.269677346,0.277236808,0.47089007,0.516012055,0.326431916,0.395022368,0.39835958,0.43387942,0.407178383,0.36378834,0.345353855,0.459858463,0.354585824,0.395639243,0.295566441,0.569100347,0.374238836,0.382915838,0.409971178,0.506956857,0.592621258,0.380730278,0.317054231,0.303557168,0.45649102,0.393255857,0.54846368,0.413567049,0.239305037,0.295502593,0.508434158,0.3519785,0.418413011,0.468069983,0.396626059,0.42336139,0.472011876,0.471074826,0.257065873,0.402233492,0.003449417,116.6091389,289.9041011,,,,0.096647071,
WIH1.2020,M6.G.P,M6.G.P,CV00,394,DAP,0.576978203,0.381117081,0.467178729,0.459682436,0.415930201,0.321684509,0.527213411,0.3633894,0.38687543,0.540217826,0.397120019,0.593794277,0.394194152,0.478804301,0.27036473,0.506911522,0.573468512,0.301714017,0.570459874,-0.079129306,0.329451664,0.507222566,0.347069766,0.45146984,0.517138021,0.454149615,0.376609894,0.573304275,0.429434423,0.415337507,0.382563293,0.288451671,0.369180714,0.5398071,0.64473602,0.454056563,0.508100215,0.306188626,0.401945626,0.534803009,0.504261003,0.582027263,0.170914767,0.702427851,0.120847554,0.254791163,0.492700765,0.542292715,0.419939161,0.508791345,0.431559666,0.002075909,207.8895103,481.7167277,,,,0.138293456,
WIH1.2021,M6.G.P,M6.G.P,CV00,398,DAP,0.314979626,0.354504728,0.190528392,0.32161487,0.346919615,0.277637568,0.201741989,0.382042517,0.424904759,0.291494511,0.435206087,0.299607238,0.194151484,0.134278964,0.526364212,0.197083619,0.187175534,0.529406194,0.423853508,0.196125216,0.25341964,0.36737393,0.231344877,0.326716661,0.367831494,0.546574696,0.158942552,0.353205141,0.413713515,0.191190834,0.295069416,0.140046454,0.3017893,0.509755101,0.33577332,0.295551623,0.271359899,0.301400643,0.3306254,0.377987343,0.296202662,0.304839379,0.256846288,0.283296802,0.407134409,0.356861124,0.310363656,0.001815315,0.401370427,0.3902605,0.312165661,0.002279173,136.9644291,438.7555915,,,,0.108927476,
WIH2.2020,M6.G.P,M6.G.P,CV00,1127,DAP,0.130580694,0.245364388,0.301651669,0.026905739,0.059267277,0.174117422,0.122339371,0.130394108,0.235621161,0.140530509,0.172717193,0.180855825,0.112273418,0.099592183,0.213102254,0.200109096,0.238562967,0.065778372,0.156192622,0.123682222,0.265882582,0.231166853,0.094583145,0.045258613,0.162881378,0.127913486,0.196224546,0.146813197,0.230308141,0.078742306,0.157228861,0.165362384,0.145773093,0.119476775,0.225495976,0.1058768,0.150865064,0.188215106,0.119556875,0.244053749,0.154675015,0.137746891,0.167275794,0.101328425,0.213491597,0.03923913,0.017794624,0.275948905,0.185911331,0.268948846,0.15787356,0.000866734,182.1476126,1153.756292,,,,0.067901839,
WIH2.2021,M6.G.P,M6.G.P,CV00,1137,DAP,0.286101284,0.410501582,0.335179621,0.477348432,0.25805343,0.325388254,0.370555692,0.323920121,0.372444817,0.380760459,0.331043375,0.393142585,0.280008443,0.320365035,0.417316839,0.277393603,0.399896644,0.264844504,0.418108807,0.360194932,0.227264068,0.434294327,0.252030451,0.467451548,0.379307997,0.341129707,0.236508046,0.390590419,0.39943545,0.340392013,0.361250861,0.267369161,0.411392947,0.476832945,0.259998724,0.318885935,0.368671056,0.248450458,0.384266357,0.417858893,0.302729839,0.229318092,0.430674096,0.377857436,0.413728372,0.440407799,0.406509173,0.24609608,0.316883477,0.399066009,0.350984404,0.00077252,454.3371106,1294.46524,,,,0.069652744,
WIH3.2020,M6.G.P,M6.G.P,CV00,415,DAP,-0.044961322,0.14211438,0.329548911,0.322729365,-0.067331041,-0.035781353,-0.080235278,0.254862386,0.350499167,0.183790571,0.286749141,0.007616694,0.045537749,0.088034724,0.294487449,0.117987451,0.424462314,0.134497418,-0.063489152,-0.072453312,0.036286519,0.096795188,-0.006493036,0.113489588,0.499719345,0.271049393,0.184292097,0.039674722,0.2052387,0.083590086,-0.021249027,0.065102093,0.204960855,0.148207675,0.341770894,0.206791349,0.113902727,-0.136687107,0.22906949,0.298086808,0.07005116,0.151218693,0.159203238,0.19155275,-0.034202228,0.206916903,0.014283834,0.084811927,0.0737117,0.341126844,0.137018789,0.00237585,57.67149296,420.9020781,,,,0.14470584,
WIH3.2021,M6.G.P,M6.G.P,CV00,397,DAP,0.47460966,0.548912075,0.547846609,0.59187582,0.47513429,0.583383899,0.572591086,0.415467479,0.549190851,0.484781413,0.556684356,0.439876254,0.40282248,0.654670992,0.444538688,0.157970431,0.667071328,0.625913563,0.510466017,0.357390821,0.478570944,0.457390227,0.454815354,0.620965964,0.572697857,0.379778332,0.461275729,0.594090518,0.483149317,0.632131449,0.299086344,0.479462136,0.569940089,0.613867815,0.562648491,0.463423556,0.524452648,0.508740244,0.616809593,0.504352967,0.607568571,0.561256227,0.50155326,0.448651002,0.440139217,0.612122415,0.46672214,0.59988013,0.553517298,0.367143371,0.509948026,0.001873299,272.2192728,533.8176809,,,,0.097590375,
DEH1.2020,M7.G.P,M7.G.P,CV00,1142,AGDD,0.691004144,0.630837463,0.618549275,0.686378655,0.689728165,0.693444987,0.62335483,0.633994351,0.666264884,0.695673816,0.72787009,0.666413397,0.636165152,0.632996767,0.666313913,0.664894555,0.656230659,0.67553221,0.65757995,0.651767175,0.706959807,0.692064306,0.656478849,0.59171377,0.666845779,0.661464551,0.678813839,0.599048802,0.682524315,0.669162048,0.671682627,0.681155066,0.678737562,0.632921328,0.657778587,0.672430612,0.632785236,0.644296905,0.694592828,0.671819019,0.64171315,0.653409853,0.688050239,0.652199229,0.687275739,0.599696417,0.675768862,0.607254714,0.704907271,0.737245139,0.663115818,0.000491471,1349.245955,2034.706335,4983.110312,12447.41225,0.400333034,0.031558492,0.110652626
IAH4.2021,M7.G.P,M7.G.P,CV00,1128,AGDD,0.405805921,0.586832485,0.423733802,0.403850159,0.24007874,0.420625304,0.475577684,0.398935379,0.467644707,0.341136034,0.516087937,0.345004353,0.426229718,0.409449519,0.408453284,0.433153174,0.332783709,0.396169851,0.470487563,0.476373482,0.413234571,0.50337496,0.340660801,0.423462956,0.42792168,0.485876688,0.384939107,0.371807161,0.410345976,0.402130504,0.488006026,0.479029702,0.377636164,0.2848945,0.453538362,0.417748596,0.546907417,0.293916431,0.449189898,0.359384159,0.387330603,0.404248092,0.41153192,0.415322896,0.48454138,0.424825109,0.427754927,0.45019846,0.433869548,0.356681973,0.417774467,0.000733095,569.8779942,1364.080476,,,,0.0638764,
MIH1.2020,M7.G.P,M7.G.P,CV00,414,AGDD,0.229509902,0.491242196,0.411944357,0.599968384,0.314460516,0.439621491,0.443270964,0.439875429,0.441073826,0.326190639,0.477567044,0.377110741,0.399436606,0.490386645,0.340084221,0.280036689,0.357144964,0.548853162,0.460352422,0.378101132,0.402973743,0.300370575,0.507510993,0.402611631,0.521412032,0.390326478,0.3930962,0.261026167,0.648562228,0.34030249,0.457774851,0.4259388,0.453802506,0.40787012,0.327566667,0.271656891,0.47438687,0.4415137,0.270837776,0.599856627,0.471355712,0.304577391,0.528536607,0.330417589,0.58164743,0.557228806,0.339827597,0.486446414,0.515933148,0.325323815,0.419738464,0.001999562,209.9151834,500.1094766,,,,0.098491964,
MNH1.2020,M7.G.P,M7.G.P,CV00,395,AGDD,0.230013937,0.542739036,0.363763932,0.191801668,0.590788261,0.259446928,0.439947416,0.098630977,0.339245852,0.639265364,0.362811349,0.444370828,0.274332443,0.308836019,0.602656472,0.217834454,0.602499512,0.45215908,0.576912133,0.036969381,0.328269725,0.439243973,0.263600358,0.578922949,0.474153268,0.257961268,0.331010107,0.714719707,0.35476127,0.367300455,0.516698161,0.572182706,0.12621838,0.498441949,0.344423759,0.264013535,0.468718442,0.559785118,0.403032461,0.290242353,0.550467913,0.64808914,-0.044093806,0.33172443,0.554733664,-0.07414264,0.602915015,0.22952264,0.461410513,0.577689406,0.391340825,0.002154841,181.6101033,464.0714477,,,,0.182406126,
MNH1.2021,M7.G.P,M7.G.P,CV00,415,AGDD,0.123759019,0.51602974,0.449804029,0.604399584,0.220588977,0.574699249,0.396354358,0.301327384,0.290684159,0.468110641,0.529483858,0.3654617,0.284306627,0.407828301,0.548760283,0.400881194,0.515883533,0.328425154,0.49044805,0.249021188,0.45792298,0.231518121,0.355068255,0.51649451,0.472263032,0.34589796,0.453245771,0.321578695,0.533637127,0.486415214,0.264495073,0.504068608,0.425108934,0.318338524,0.565654616,0.442584884,0.628156402,0.428779751,0.077539312,0.388002208,0.363220348,0.477401734,0.292837819,0.510128137,0.509855143,0.385069828,0.504993489,0.381559001,0.401909445,0.399386053,0.41018776,0.002013913,203.6770175,496.5458196,,,,0.118503606,
MOH1.2020,M7.G.P,M7.G.P,CV00,1006,AGDD,0.388428428,0.345825699,0.30804283,0.24833207,0.020418461,0.323855604,0.286684529,0.317581003,0.139264737,0.265111994,0.238966578,0.266674533,0.243885745,0.294364259,0.312078276,0.288304894,0.127740136,0.323679052,0.38661356,0.24695792,0.310715461,0.268774267,0.327191793,0.194996626,0.219311578,0.180656241,0.281520719,0.277050155,0.332359613,0.224983476,0.305721308,0.302524323,0.174947724,0.295376561,0.301941026,0.079045435,0.390960039,0.355588024,0.178112682,0.272987502,0.231479529,0.32121778,0.261323003,0.336857488,0.218863208,0.288201104,0.287159763,0.212741388,0.260462507,0.315190021,0.267621413,0.00092468,289.4205519,1081.455137,,,,0.074543149,
NEH1.2021,M7.G.P,M7.G.P,CV00,246,AGDD,0.523750119,0.274630168,0.442635584,0.297818536,0.438737713,0.508618087,0.467761708,0.411246643,0.374864255,0.355379886,0.411298106,0.511584336,0.514021665,0.13979042,0.487501073,0.280893383,0.121564694,0.511990647,0.679526753,0.393745587,0.418587828,0.399286719,0.447076586,0.321197356,0.449838995,0.341424585,0.403429156,0.445079405,0.367242522,0.469943049,0.317741505,0.411116243,0.317545342,0.436942993,0.549452348,0.329641574,0.560823846,0.410054584,0.529915635,0.149165459,0.641824092,0.471435438,0.328333073,0.241119059,0.366472662,0.34136329,0.308912146,0.488371266,0.568785047,0.326982973,0.406129283,0.003422373,118.6689136,292.1949208,,,,0.116467812,
TXH1.2020,M7.G.P,M7.G.P,CV00,246,AGDD,0.720118639,0.643655602,0.625777833,0.756621788,0.663003046,0.693563714,0.726802553,0.622924584,0.606285952,0.774070523,0.824796731,0.501292511,0.787371899,0.706559549,0.551921623,0.647435552,0.721077401,0.723272862,0.653573705,0.682526912,0.547532637,0.657525418,0.673435245,0.686202536,0.801706291,0.623494388,0.708235612,0.791203431,0.636539314,0.561499537,0.7658807,0.624257528,0.464624397,0.698043611,0.777917506,0.704564694,0.744051608,0.783214699,0.504828603,0.704801621,0.714754667,0.742168558,0.822066759,0.468399715,0.580501947,0.513140015,0.819027796,0.660416803,0.597493568,0.719030046,0.674584245,0.002233345,302.051115,447.7589232,,,,0.093877522,
TXH1.2021,M7.G.P,M7.G.P,CV00,246,AGDD,0.000128324,0.191880832,0.150132332,0.191971841,-0.108603222,0.260917206,0.140244056,-0.021576234,-0.071755004,-0.035909325,0.241468835,-0.00362846,-0.104185099,0.119328287,0.212190243,0.323280161,0.109343679,-0.074986171,-0.250353865,0.181655331,0.063746595,0.012479364,-0.143718527,-0.096144324,0.512835891,0.203796066,0.220117384,-0.117031003,0.321834677,-0.060669001,0.093499065,-0.112578737,0.246222674,0.031538573,0.164438677,-0.030048639,0.149031112,0.090507979,0.094631282,0.020733014,0.291172453,-0.039849016,0.085521499,-0.01646636,0.215115616,0.249450423,0.133509088,0.065651973,-0.158515803,0.195150116,0.082750117,0.004070297,20.33024158,245.6823299,,,,0.153403874,
TXH2.2020,M7.G.P,M7.G.P,CV00,246,AGDD,0.106179664,0.28118608,0.416205901,0.636751178,0.67367513,0.460223907,0.502146451,0.439340834,0.370138935,0.463243935,0.608993509,0.363927313,0.398443464,0.661045424,0.214767986,0.710628708,0.401322523,0.261033766,0.493161376,0.246720432,0.365937962,0.371966887,0.465826022,0.251404195,0.639142779,0.375341359,0.471875683,0.226888889,0.644269664,0.551244523,0.435854743,0.462822004,0.449236393,0.494321095,0.365807963,0.64739168,0.451572725,0.438262262,0.251698883,0.498495792,0.538711932,0.527764029,0.013814564,0.599457307,0.274648428,0.346714038,0.30643729,0.501169107,0.298882559,0.682675806,0.433175462,0.00332934,130.108499,300.3598091,,,,0.154079126,
TXH2.2021,M7.G.P,M7.G.P,CV00,246,AGDD,0.03468248,0.167218429,0.339848431,0.357421744,0.303336142,0.334006217,0.284844774,0.023448938,0.138195686,0.349577447,0.406407039,0.460178687,0.229100873,0.22115415,-0.032736442,0.335001171,0.300132142,0.227818286,0.12559364,0.274508128,0.294807292,0.227872874,0.203032,0.179716551,0.208785687,0.378724241,0.435764895,0.168762909,0.313337832,0.05885072,0.405699849,0.160659895,0.004864258,0.355791582,0.258316164,0.045250333,0.305274696,0.339507293,0.238551725,0.31792271,0.335590305,0.502791093,0.284903206,-0.141841803,0.157768469,0.177124903,0.299426398,0.079995936,0.082649759,0.395377556,0.239100346,0.003864062,61.8779854,258.7950477,,,,0.136954364,
TXH3.2020,M7.G.P,M7.G.P,CV00,266,AGDD,-0.136946021,0.043316188,-0.191041898,-0.230814498,0.110303811,-0.130768568,0.109019136,0.008795447,-0.249839909,-0.069398134,-0.099385718,0.231438691,-0.128749299,-0.241191678,-0.114760133,-0.057241805,-0.221275137,-0.05585533,0.064049432,-0.03246206,-0.082148393,-0.022643399,-0.13092086,-0.136384886,-0.042072055,0.259245184,-0.35797608,-0.095080958,-0.169590346,-0.11055053,-0.185006234,0.17664343,0.195621474,-0.235745507,-0.195981377,0.15244797,-0.124278847,-0.139222946,-0.093909663,-0.144061241,-0.265053097,-0.084421232,-0.095928186,0.089568101,-0.032950919,0.008399282,0.164589364,-0.049868424,-0.2846939,-0.275082067,-0.073997277,0.003767138,-19.64283726,265.4535165,,,,0.143888948,
TXH3.2021,M7.G.P,M7.G.P,CV00,245,AGDD,0.530441929,0.48147269,0.451498659,0.334950452,0.390900007,0.440406962,0.513617587,0.406638344,0.529308826,0.390534977,0.419344311,0.290500054,0.494714869,0.557735835,0.414549702,0.550957269,0.43998084,0.433546082,0.547826221,0.157056045,0.498426811,0.453547295,0.394843047,0.276653693,0.521443577,0.512399095,0.406121136,0.374080377,0.498068762,0.42978973,0.500026686,0.52019244,0.449929078,0.407823502,0.466693226,0.397939612,0.591038068,0.388601489,0.317790314,0.518859157,0.536373597,0.451261344,0.547606673,0.275123661,0.380693055,0.288689429,0.502205594,0.405923103,0.382257429,0.559749249,0.440602638,0.003316335,132.858317,301.5377249,,,,0.089835226,
WIH1.2020,M7.G.P,M7.G.P,CV00,394,AGDD,0.329366458,0.487707682,0.500897255,0.503627429,0.506377465,0.479566638,0.527604117,0.506558681,0.343986303,0.54148979,0.660102698,0.503413344,0.354431426,0.388739814,0.499095494,0.457711833,0.627028141,0.53932324,0.363289409,0.232888955,0.346034333,0.65349371,0.440326261,0.338106129,0.592329093,0.535594819,0.655497912,0.620696764,0.278089422,0.237856849,0.489614255,0.229296288,0.470139353,0.654265158,0.538587921,0.630914875,0.410324912,0.552944037,0.514996943,0.392972112,0.493824111,0.702082759,0.326415241,0.489762547,0.504423489,0.410263564,0.419481257,0.619348721,0.439832656,0.648510667,0.479784647,0.001963793,244.3153369,509.2187476,,,,0.120648909,
WIH1.2021,M7.G.P,M7.G.P,CV00,398,AGDD,0.248152682,0.238095937,0.424379405,0.354719084,0.294010126,0.472238867,0.312007974,0.26412377,0.241377917,0.340431974,0.308940972,0.012949806,0.442208539,0.548854573,0.141363044,0.271960781,0.323563272,0.376391109,0.463749756,0.25452116,-0.008041379,0.301999707,0.361330207,0.49533659,0.396476127,0.354980303,0.384764183,0.282341969,0.158513908,0.432556734,0.318505477,0.031269831,0.593499644,0.332402945,0.414681974,0.380965647,0.404827853,0.333686394,0.06886474,0.402696228,0.335918567,0.279774901,0.527475365,0.426471738,0.128555664,0.268978117,0.147054583,0.356648633,0.386830655,0.468137057,0.322030902,0.002263374,142.2791392,441.8182796,,,,0.133612398,
WIH2.2020,M7.G.P,M7.G.P,CV00,1127,AGDD,0.192379154,0.203568194,0.148786223,0.19941252,0.077421789,0.088700846,0.273333539,0.210662194,0.11604307,0.118541079,0.14090522,0.172543924,0.11684362,0.239761824,0.158635652,0.29827598,0.22226738,0.114512003,0.090324444,0.076686434,0.139042963,0.152388402,0.270495376,0.127722877,0.125828249,0.305967593,0.126318029,-0.009514999,0.251413689,0.131832333,0.04127861,0.10501076,0.184636465,0.093831449,0.37072704,0.252698811,0.094093509,0.231431032,0.134320074,0.068400375,0.182063185,0.190143706,0.225252244,0.068636566,0.156009323,0.247404042,0.232261545,0.016335608,0.14779305,0.178106424,0.162030668,0.000865552,187.1992186,1155.332015,,,,0.077962581,
WIH2.2021,M7.G.P,M7.G.P,CV00,1137,AGDD,0.329387375,0.441398451,0.308552469,0.390013662,0.381754805,0.402567404,0.239279727,0.349681309,0.428546131,0.427992891,0.356131158,0.29372247,0.382774382,0.326349621,0.470278432,0.424022672,0.391978809,0.381931618,0.355184476,0.279604937,0.354539734,0.417121012,0.384609822,0.290712857,0.394860291,0.431408887,0.331141136,0.427653156,0.279303404,0.354333758,0.495988006,0.246869645,0.374119634,0.512858564,0.234466341,0.38660664,0.437443526,0.372218065,0.385964802,0.232859445,0.332494076,0.420107104,0.328158001,0.329952567,0.408305948,0.258446622,0.365987601,0.390911726,0.442385334,0.381686805,0.367293346,0.000762199,481.8865671,1311.99373,,,,0.066009337,
WIH3.2020,M7.G.P,M7.G.P,CV00,415,AGDD,0.341709947,0.261474485,0.252157568,0.184108508,0.156465485,0.462092702,0.117582637,0.066156912,0.08225614,0.274183674,0.239673728,0.183918441,0.286040481,0.172865003,0.338449658,0.213988906,0.320173853,-0.04836308,0.25747936,0.260664303,0.163797038,0.207320027,0.063909165,0.297558275,0.338289673,0.007326321,0.285053102,0.333709748,-0.026818289,0.490107335,0.070453458,0.258594212,0.284944942,0.306876506,0.245692842,0.215007947,0.401178736,0.217344581,0.167892418,0.097250378,0.11125631,0.426734538,0.122473152,0.228874179,0.064078368,0.05324387,0.261400498,0.254499024,0.115227053,0.370068349,0.217128449,0.002307156,94.11088499,433.4341505,,,,0.121903413,
WIH3.2021,M7.G.P,M7.G.P,CV00,397,AGDD,0.402365136,0.596491731,0.641039307,0.643951442,0.366904137,0.517358616,0.666002854,0.204246467,0.551882269,0.608898939,0.740692388,0.359263918,0.514399144,0.527130951,0.446593304,0.368505425,0.588345017,0.550024991,0.646441573,0.369484582,0.583059724,0.600609666,0.271683642,0.506343973,0.637418413,0.291350339,0.625272686,0.484055305,0.635519498,0.608249835,0.602699782,0.524057349,0.276763427,0.68039258,0.53728911,0.461021668,0.622214897,0.540469179,0.509541065,0.594567852,0.538913102,0.590256823,0.367860921,0.395504065,0.650837657,0.575883982,0.421691645,0.400440779,0.543060186,0.707876287,0.521898553,0.001842081,283.3201255,542.8643634,,,,0.124376648,
DEH1.2020,M7.G.P,M7.G.P,CV00,1142,DAP,0.659199115,0.696403991,0.702085914,0.686716367,0.716500423,0.725125488,0.707443232,0.585886628,0.698464267,0.741332284,0.693219929,0.679620292,0.62955823,0.736024632,0.697929348,0.648459782,0.734373627,0.653092836,0.73882579,0.699966387,0.746199423,0.639185022,0.656920537,0.717170388,0.696794812,0.675979611,0.690653843,0.696671738,0.700180511,0.6956442,0.677103009,0.638718722,0.787587942,0.711585266,0.623659469,0.713213487,0.679440741,0.674718998,0.695596451,0.698141779,0.655949028,0.639668675,0.719531492,0.733854324,0.72863981,0.723095525,0.656838198,0.689604199,0.673361935,0.729362849,0.691906011,0.000457251,1513.186633,2186.982927,4973.129344,12525.63624,0.397036066,0.0373649,0.110029106
IAH4.2021,M7.G.P,M7.G.P,CV00,1128,DAP,0.466257091,0.4888433,0.506718266,0.452691715,0.473213983,0.488402704,0.534821098,0.430331412,0.510309108,0.398475034,0.482593936,0.428092899,0.572548588,0.504784904,0.404912201,0.515209736,0.466265212,0.421159531,0.495021891,0.479294821,0.416211786,0.523417834,0.516180778,0.4835454,0.413024747,0.527870159,0.522372957,0.482604795,0.394832698,0.478154749,0.468090713,0.532191658,0.400848212,0.508694256,0.486838126,0.430233501,0.550781805,0.481777317,0.484695986,0.432355242,0.359400102,0.471750234,0.462440818,0.522755056,0.576055046,0.321532277,0.402694741,0.621013769,0.531769858,0.465780272,0.475797246,0.000687049,692.5231906,1455.500627,,,,0.057028195,
MIH1.2020,M7.G.P,M7.G.P,CV00,414,DAP,0.199625708,0.45442927,0.594954962,0.463745056,0.429781668,0.287009081,0.567491093,0.205260229,0.339379046,0.730386246,0.605087558,0.344987555,0.370493732,0.271012582,0.549755957,0.432234212,0.452841084,0.093581527,0.59519878,0.48913448,0.448714803,0.389487283,0.188571463,0.38526093,0.611924649,0.36284497,0.46495092,0.27109955,0.369354484,0.61616929,0.423664444,0.376743867,0.644277073,0.357333317,0.306650843,0.369937852,0.422268315,0.312635341,0.353004085,0.517953543,0.243485761,0.535367879,0.551861483,0.454885255,0.275765208,0.423391652,0.426854491,0.342167423,0.470140163,0.432143524,0.416505994,0.002006123,207.6173559,498.4738731,,,,0.131426155,
MNH1.2020,M7.G.P,M7.G.P,CV00,395,DAP,0.299942932,0.391508737,0.525506112,0.401415256,0.408178538,0.252669423,0.381888229,0.398005979,0.437751498,0.449985222,0.190797774,0.425341855,0.411825897,0.547019783,0.372735035,0.329030877,0.651904941,0.142769392,0.468182322,-0.050626102,0.275281485,0.424314365,0.241019451,0.533196041,0.510947656,0.327100681,0.301522094,0.551653191,0.238903897,0.498949303,0.345052996,0.575816018,0.311323948,0.302880652,0.41483743,0.043900204,0.488977039,0.208790689,0.627100276,0.446346252,0.446151176,0.490017074,0.090466117,0.332890793,0.23864635,0.522607609,0.404806529,0.363492145,0.329208761,0.236933022,0.371179339,0.002193959,169.1824386,455.7970257,,,,0.144692917,
MNH1.2021,M7.G.P,M7.G.P,CV00,415,DAP,0.260827775,0.248186121,0.542881528,0.186043654,0.630287784,0.122850497,0.56188399,0.486446827,0.574820023,0.189853173,0.326525694,0.367061429,0.392674672,0.384076765,0.352857021,0.462778999,0.319452065,0.22370142,0.508490165,0.326725913,0.386425938,0.236406378,0.225732295,0.448367543,0.406821537,0.264437054,0.314944639,0.204923716,0.476703262,0.535669226,-0.000398522,0.377488927,0.395031004,0.525634909,0.363290737,0.29294693,0.65721997,0.188162224,0.42990157,0.163213514,0.264777632,0.233946849,0.194809178,0.605279747,0.433122647,0.463310364,0.148796732,0.569907553,0.34003188,0.233474682,0.356976113,0.002112756,168.9623332,473.3155169,,,,0.148843978,
MOH1.2020,M7.G.P,M7.G.P,CV00,1006,DAP,0.274127815,0.229804029,0.242850561,0.069006533,0.100749542,0.284945063,0.083098595,0.081524858,0.205555748,0.220659825,0.194516137,0.116692992,0.162597258,0.205469115,0.215161214,0.203535328,0.195900599,0.232498318,0.0022065,0.247440233,0.180919461,0.253331368,0.106771049,0.118071227,0.221626246,0.280397184,0.145189802,0.269188059,0.118698968,0.042822858,0.281121416,0.160189749,0.164022192,0.163289726,0.103451001,0.143690652,0.210955612,-0.013582783,0.24576414,0.225948722,0.229020376,0.078426218,0.143923294,0.251654508,0.168323611,0.078259625,0.210987485,0.134511,0.239285027,0.208933633,0.174670634,0.000965628,180.8881841,1035.595854,,,,0.074142707,
NEH1.2021,M7.G.P,M7.G.P,CV00,246,DAP,0.392353771,0.496704423,0.441422839,0.238550233,0.159066488,0.143062326,0.412631246,0.339551893,0.591893855,0.263482911,0.154981084,0.332240506,0.277369538,0.420720109,0.512088743,0.357090746,0.422736928,0.180726524,0.392587293,0.264261032,0.323824333,0.319549594,0.207906937,0.301981821,0.477402772,0.296002661,0.177591288,0.189131221,0.404857726,0.62661744,0.352845109,0.195197567,0.586016664,0.273431351,0.351876141,0.180618545,0.443060382,0.316704885,0.557972907,0.095078862,0.182635573,0.475544608,0.442106659,0.534333323,-0.004941228,0.38569566,0.263694191,0.313549402,0.385012082,0.327326327,0.335522946,0.003636985,92.25304503,274.9530134,,,,0.138181671,
TXH1.2020,M7.G.P,M7.G.P,CV00,246,DAP,0.717098394,0.582935585,0.714879632,0.714086965,0.57811117,0.707149879,0.662164082,0.734676856,0.598755219,0.687186461,0.770919949,0.550550252,0.624854856,0.669152952,0.733074608,0.510874385,0.768167812,0.829445536,0.672906115,0.544730031,0.636967173,0.506084275,0.708121653,0.772943436,0.712147815,0.770756677,0.759799656,0.644830976,0.660625258,0.497250281,0.689843096,0.715504586,0.568751973,0.66103566,0.771415797,0.391524557,0.635563145,0.83994542,0.73942545,0.695515759,0.8035678,0.761635085,0.59560241,0.424437639,0.696399658,0.724955142,0.753156284,0.628270841,0.74825036,0.594739296,0.669615758,0.002260716,296.1963016,442.337711,,,,0.099253173,
TXH1.2021,M7.G.P,M7.G.P,CV00,246,DAP,0.099219595,-0.189724235,0.187391277,0.153270517,-0.011289668,-0.003839043,0.072956302,-0.192401059,0.160936999,0.069190614,-0.116513576,0.010629994,0.079653172,0.081124716,0.10405627,0.029428512,0.266925548,0.170142435,-0.047366349,-0.334644558,-0.06902817,-0.057474639,0.125591266,0.040556946,0.095568494,0.151714629,0.030146854,-0.048069687,0.084688099,0.035969024,-0.125236685,-0.025757343,0.013734403,0.110083103,0.211755165,0.018108702,0.304142233,0.100882274,-0.249076797,0.005005709,-0.043382086,0.308054832,0.077599832,0.084913088,-0.189086551,-0.056536875,0.230672182,-0.103533985,0.029117799,0.013185925,0.033869104,0.004093659,8.273552125,244.2802178,,,,0.13513412,
TXH2.2020,M7.G.P,M7.G.P,CV00,246,DAP,0.521692316,0.468207012,0.103277601,0.630094456,0.44088576,0.617022017,0.408467782,0.510022273,0.325171857,0.281978956,0.517370112,0.491944831,0.535972576,0.448206366,0.332102234,0.134674624,0.516966197,0.732617778,0.480253266,0.333968883,0.465472735,0.34478919,0.644383284,0.346687942,0.474088625,0.226042342,0.495849642,0.580730558,0.438563939,0.556476285,0.272735435,0.553634134,0.453458331,0.511730806,0.479551197,0.538130082,0.332183849,0.522784129,0.430955633,0.488400547,0.53797886,0.603995271,0.300450632,0.310360473,0.530993078,0.585444066,0.596867929,0.24592058,0.313943488,0.410233882,0.448474677,0.003274059,136.9781787,305.4312444,,,,0.132420571,
TXH2.2021,M7.G.P,M7.G.P,CV00,246,DAP,0.219984016,0.255629903,0.232153511,0.198064566,0.358076026,0.22141773,0.429140703,-0.03881131,0.366430442,0.345876993,0.206210002,0.245407518,0.248665021,0.110305094,0.400463432,0.134421801,0.156719409,0.195015333,0.515628866,0.334015394,0.264353201,0.379601783,0.186377473,0.11151519,0.314456285,0.214345894,0.388830251,0.24186761,0.279696641,0.147484492,0.29119973,0.074686319,0.35582644,0.244084764,0.192283691,0.203091154,0.400133082,0.470325982,0.005713523,0.373434233,0.347361662,0.145205481,0.306323449,0.271033576,0.166507911,0.208213952,0.327590527,0.229565151,0.467315611,0.062212246,0.256109035,0.003829542,66.87720323,261.127856,,,,0.11891743,
TXH3.2020,M7.G.P,M7.G.P,CV00,266,DAP,0.000897995,0.102340909,0.033505767,-0.157316537,-0.140313923,-0.11889509,-0.201525826,-0.008579815,0.178852215,-0.109856741,-0.115186606,0.006940652,-0.113115787,0.115578191,-0.067247688,-0.024420067,-0.110751694,0.129899386,0.101727669,-0.279212753,-0.211523248,0.076070905,0.265950714,-0.115732661,-0.120693771,0.078885986,0.033151321,-0.335470263,0.094189351,0.024808614,-0.033795383,0.171308506,0.016222247,-0.0389932,-0.225632609,0.045273575,0.070391788,-0.025293612,-0.102572849,-0.188836373,-0.113328492,-0.058956409,-0.13464448,0.207701965,-0.091107616,-0.242675391,0.006993406,0.249121389,-0.11427825,-0.126749747,-0.034337887,0.003783413,-9.075903389,264.3116473,,,,0.136246058,
TXH3.2021,M7.G.P,M7.G.P,CV00,245,DAP,0.44819119,0.456693031,0.441389847,0.20462432,0.486316786,0.384106771,0.397235459,0.630315473,0.150140894,0.43365186,0.457613789,0.283062499,0.286696066,0.473850124,0.495763908,0.330775573,0.406016675,0.404690987,0.423389662,0.430648182,0.383888883,0.345747057,0.471761788,0.326362411,0.402747472,0.268528393,0.575617536,0.386721985,0.387766762,0.422739395,0.50988919,0.606255037,0.40013243,0.302491512,0.292792313,0.479918413,0.409836088,0.535397767,0.409486568,0.232471387,0.295892006,0.514903808,0.342493597,0.447510243,0.46362834,0.401192052,0.391251323,0.487453251,0.482976151,0.268059018,0.405421705,0.00343882,117.8955905,290.7974314,,,,0.098569179,
WIH1.2020,M7.G.P,M7.G.P,CV00,394,DAP,0.588065865,0.377924297,0.469276259,0.457541053,0.421373133,0.310032802,0.54448663,0.376529982,0.379435864,0.53994196,0.385266765,0.601657926,0.387551282,0.485558058,0.288253748,0.510789804,0.572196958,0.316318092,0.584829833,-0.078345491,0.346210215,0.499555769,0.333499914,0.467985736,0.520354245,0.466900629,0.382059401,0.578340593,0.435540418,0.403114899,0.39647136,0.269217588,0.377741361,0.543853679,0.637702822,0.444338722,0.504634754,0.31982177,0.404463736,0.540919001,0.511477766,0.599544756,0.185062883,0.698303372,0.101547889,0.249100741,0.498228366,0.537811493,0.43926655,0.519802553,0.434631156,0.002069122,210.0558552,483.2968192,,,,0.139882099,
WIH1.2021,M7.G.P,M7.G.P,CV00,398,DAP,0.321227486,0.370108374,0.189774405,0.321881574,0.375484608,0.308886854,0.22055953,0.384213327,0.408531336,0.312180097,0.460786168,0.312563103,0.17711378,0.136957735,0.552782602,0.184109709,0.189895182,0.537208733,0.439861901,0.196661939,0.262545222,0.369771935,0.237745991,0.334351439,0.385365687,0.542476113,0.171527537,0.363284461,0.437329365,0.168438585,0.315566635,0.164362911,0.296813589,0.527860762,0.318972644,0.32573595,0.256550942,0.305225991,0.356013345,0.371957969,0.296530436,0.325704098,0.239342432,0.278885413,0.441518678,0.38133876,0.314764983,-0.002051204,0.412374908,0.404889511,0.320119671,0.002266473,141.2413204,441.214125,,,,0.113833908,
WIH2.2020,M7.G.P,M7.G.P,CV00,1127,DAP,0.136443407,0.237956781,0.29801801,0.02225451,0.059801041,0.163753839,0.118110639,0.133950414,0.231519042,0.132436628,0.178555078,0.174089784,0.104486106,0.101802637,0.207657045,0.205639195,0.227042885,0.065402289,0.150619222,0.123058809,0.256948255,0.234357518,0.087626246,0.04334135,0.167149729,0.122584879,0.188406462,0.146028335,0.23382831,0.066407889,0.151465348,0.14833377,0.1319849,0.130567529,0.229360387,0.09054149,0.158650998,0.167803202,0.115466371,0.249554778,0.145351072,0.14158919,0.158204856,0.105997941,0.208899046,0.025333524,0.02890588,0.273125928,0.183084786,0.255938642,0.154388719,0.000867701,177.9283885,1152.470136,,,,0.067525307,
WIH2.2021,M7.G.P,M7.G.P,CV00,1137,DAP,0.296626799,0.413338902,0.339702107,0.485207803,0.260071377,0.336022523,0.360072793,0.32827736,0.378146809,0.385775026,0.330168102,0.417447454,0.279881509,0.323343837,0.421604209,0.294687707,0.40974207,0.258871672,0.417222035,0.369284221,0.226591569,0.444349049,0.254296901,0.476633259,0.387428217,0.349433698,0.247105549,0.401101295,0.399549387,0.340279359,0.374454214,0.257379976,0.414415487,0.485324896,0.266521881,0.329210989,0.369587623,0.265511245,0.384570865,0.417276435,0.313036761,0.217084284,0.439719006,0.394270803,0.420618696,0.450876168,0.414657303,0.247950218,0.334396891,0.390135984,0.356385246,0.000769154,463.3471865,1300.130101,,,,0.071295657,
WIH3.2020,M7.G.P,M7.G.P,CV00,415,DAP,-0.009702006,0.160776499,0.330181401,0.332668015,-0.067279716,-0.032862507,-0.058867945,0.263358833,0.364638242,0.187364549,0.273052678,-9.06E-05,0.09938811,0.105736336,0.327177,0.096370134,0.449746033,0.19409821,-0.060185736,-0.092073873,0.060062262,0.091171089,0.022158662,0.140852359,0.497536696,0.265472793,0.168548984,0.096285596,0.213930682,0.079156523,-0.00439039,0.078340807,0.227845083,0.146405586,0.335250215,0.238243679,0.139977425,-0.15450864,0.24276997,0.276091049,0.079127868,0.161783156,0.170729165,0.197375648,-0.051698114,0.216495907,0.019877781,0.080775913,0.098901656,0.350657208,0.146974406,0.002369004,62.04059827,422.1183801,,,,0.1451994,
WIH3.2021,M7.G.P,M7.G.P,CV00,397,DAP,0.499970226,0.561084604,0.531696902,0.582440725,0.476994938,0.589215523,0.590895492,0.403249412,0.546282932,0.46969611,0.552102762,0.444222434,0.446534812,0.662421878,0.441866232,0.131776211,0.669602238,0.635838495,0.534618685,0.354627509,0.483417841,0.471757748,0.470523026,0.630851328,0.565027032,0.380312452,0.464596879,0.605345333,0.473601378,0.635894599,0.30488235,0.467952418,0.588273575,0.636379533,0.557374796,0.482758004,0.519338257,0.525216533,0.619862046,0.501917256,0.619017401,0.55901102,0.515530749,0.436171475,0.46751064,0.619869339,0.491764031,0.59952045,0.560417817,0.365603591,0.51489674,0.001860459,276.7578921,537.5017365,,,,0.100595584,
DEH1.2020,M8.G.P,M8.G.P-Int,CV00,1142,AGDD,0.706976882,0.605252107,0.623294065,0.684706207,0.711244815,0.710664812,0.611583938,0.68355926,0.684104626,0.703125011,0.733869632,0.661131582,0.649864686,0.650101842,0.678500432,0.681709069,0.640491068,0.700792709,0.669202446,0.651154713,0.726403354,0.697159329,0.688645295,0.591254628,0.668296071,0.659592418,0.696962376,0.659268223,0.684782806,0.676944747,0.679877968,0.688188053,0.702859124,0.649354191,0.666401879,0.665568254,0.655656688,0.655403845,0.720508194,0.70939531,0.653254768,0.658152749,0.721041971,0.669875029,0.691881993,0.605456039,0.697194755,0.6215691,0.741427363,0.729152348,0.675457175,0.00047698,1416.111102,2096.522405,4650.211503,12262.43063,0.379224286,0.034873563,0.113484891
IAH4.2021,M8.G.P,M8.G.P-Int,CV00,1128,AGDD,0.39184106,0.589166519,0.435236421,0.397915378,0.250289886,0.395110491,0.459302502,0.395523458,0.488166328,0.358574032,0.489611609,0.350585352,0.429156381,0.405817068,0.410489178,0.443747799,0.351101814,0.408196156,0.442433279,0.470038238,0.386924809,0.493759412,0.36997393,0.459404321,0.405802419,0.46456688,0.372581947,0.386290691,0.423563879,0.426981266,0.494834647,0.459454121,0.361756267,0.32643962,0.427587248,0.403939658,0.543601949,0.332836787,0.462912807,0.393869472,0.395676271,0.385547693,0.445746787,0.429464011,0.500570934,0.424969576,0.432828814,0.467566119,0.459977344,0.330093381,0.42063652,0.000730964,575.4548777,1368.057337,,,,0.059072506,
MIH1.2020,M8.G.P,M8.G.P-Int,CV00,414,AGDD,0.143676413,0.345252804,0.228332278,0.458192074,0.124130629,0.365289081,0.412711522,0.248961788,0.318558217,0.167383242,0.400598557,0.142342623,0.335603208,0.408966653,0.155700038,0.15130522,0.284131976,0.408514002,0.332010219,0.276086405,0.269800146,0.206616174,0.455219233,0.24468656,0.357939791,0.248376656,0.334550759,0.115741179,0.484295251,0.231970454,0.342095915,0.286660996,0.34018591,0.270656568,0.247358199,0.154110163,0.384072162,0.30397011,0.107122578,0.439869981,0.23655837,0.170222405,0.45127267,0.228394269,0.523176083,0.516837767,0.216734003,0.282450167,0.455074901,0.159328758,0.295461903,0.002215297,133.3735092,451.4067908,,,,0.113782797,
MNH1.2020,M8.G.P,M8.G.P-Int,CV00,395,AGDD,0.256207066,0.550221734,0.463413575,0.225571443,0.597596679,0.237707562,0.467673244,0.06747241,0.417182947,0.660843078,0.383293541,0.392077504,0.255564609,0.339505114,0.633407789,0.398619765,0.607567361,0.503382397,0.596037549,-0.016533324,0.369113977,0.42691999,0.297208701,0.584717445,0.530167997,0.253753908,0.376925023,0.720664016,0.451660681,0.461597735,0.534001112,0.54550453,0.122983691,0.545584153,0.394168233,0.278426319,0.503640396,0.584242677,0.338114031,0.389008471,0.591101951,0.640840155,-0.063360711,0.344784144,0.577826496,-0.021946681,0.635903307,0.297881869,0.423400088,0.593987938,0.415312674,0.002105637,197.2384854,474.9156427,,,,0.185225134,
MNH1.2021,M8.G.P,M8.G.P-Int,CV00,415,AGDD,0.080707783,0.440543512,0.437053394,0.562447766,0.127764114,0.551381605,0.350171187,0.290114524,0.274346046,0.425003897,0.597522736,0.185332564,0.293300262,0.429214328,0.465927939,0.337739649,0.460854527,0.388197012,0.432090385,0.197002479,0.394724096,0.201771252,0.299965882,0.502635642,0.445667475,0.368346828,0.425771279,0.285696665,0.483902157,0.442642186,0.339316472,0.452823373,0.333820662,0.304812238,0.542276796,0.393936687,0.621978839,0.36895678,-0.073037357,0.40540283,0.366096129,0.387593134,0.318007543,0.484408566,0.432257234,0.416150923,0.471168447,0.37663084,0.35538363,0.367818167,0.376872822,0.002077402,181.4154833,481.3705652,,,,0.128500141,
MOH1.2020,M8.G.P,M8.G.P-Int,CV00,1006,AGDD,0.356858049,0.243545832,0.245711163,0.161645506,-0.011438692,0.242366381,0.192601792,0.198761647,0.06554996,0.219488596,0.092870491,0.213614826,0.155989512,0.227160855,0.234695695,0.144435042,0.088683117,0.211254381,0.331020111,0.165994569,0.2016429,0.158735694,0.219458966,0.115262209,0.101482526,0.101754566,0.167377605,0.209663047,0.259712061,0.123863592,0.192191986,0.254261687,0.087392461,0.220048334,0.029585064,0.033570641,0.23400566,0.304422809,0.07061581,0.20121257,0.134221876,0.206501583,0.209963522,0.320844237,0.127232518,0.079028526,0.206216692,0.122559091,0.172490797,0.270236365,0.178327285,0.000964342,184.9212027,1036.976496,,,,0.079866919,
NEH1.2021,M8.G.P,M8.G.P-Int,CV00,246,AGDD,0.437423823,0.152084769,0.398461694,0.184510039,0.413216626,0.454237989,0.460921593,0.411861214,0.330083752,0.262410284,0.33383853,0.380300743,0.484562817,0.111888282,0.359100874,0.253144474,0.033117711,0.466229158,0.563359364,0.420241539,0.410930661,0.320699607,0.354435327,0.253155285,0.340538387,0.308499229,0.374611396,0.352306241,0.284288758,0.430379559,0.33150869,0.380851123,0.273368502,0.291598033,0.456536331,0.319686608,0.478663469,0.247966156,0.468076439,0.111075734,0.536450897,0.388179122,0.336794531,0.217195391,0.282173273,0.314155826,0.226032006,0.404217947,0.567918217,0.238527813,0.344236317,0.00361271,95.28477802,276.800481,,,,0.115168506,
TXH1.2020,M8.G.P,M8.G.P-Int,CV00,246,AGDD,0.702654887,0.627432604,0.579527955,0.664285033,0.524068326,0.550141014,0.685765946,0.570306363,0.579308893,0.716968212,0.713833413,0.416221676,0.675268306,0.69566843,0.540341886,0.549408075,0.64426907,0.671721466,0.610488209,0.648742209,0.537459029,0.564231864,0.657235861,0.623838009,0.730474794,0.57681134,0.610278971,0.72664092,0.635442084,0.544453407,0.699596474,0.567195137,0.353828362,0.702073355,0.696754777,0.594494842,0.608060978,0.766555589,0.411090827,0.682296057,0.657322271,0.627374096,0.742836202,0.438099102,0.546672115,0.484414122,0.771560503,0.62829037,0.542733651,0.543372301,0.612758188,0.002559539,239.4018211,390.695426,,,,0.093447238,
TXH1.2021,M8.G.P,M8.G.P-Int,CV00,246,AGDD,0.024878444,0.179188461,0.098184001,0.186968885,-0.208924934,0.225057963,0.145307576,-0.040244969,-0.099733113,-0.056530777,0.1926524,-0.026442091,-0.160375172,0.098241191,0.172289522,0.35897105,0.101605398,-0.107526585,-0.348137491,0.163756872,0.019275981,0.005095762,-0.097382487,-0.119549296,0.43250309,0.181748692,0.21574111,-0.122669375,0.283462874,-0.130139776,0.073349021,-0.166634964,0.226671936,0.02901923,0.125197306,-0.025190513,0.10382931,0.047404394,0.07035632,0.010381733,0.21315304,-0.076766522,0.14081441,-0.004798428,0.156330804,0.205343978,0.092131307,0.071983608,-0.161709981,0.149093432,0.056944653,0.004085071,13.93969739,244.7937912,,,,0.154506442,
TXH2.2020,M8.G.P,M8.G.P-Int,CV00,246,AGDD,0.130847795,0.248313425,0.359937903,0.467840176,0.627598347,0.309363001,0.433518778,0.470139194,0.286563873,0.422182808,0.413197165,0.339603434,0.284184289,0.679861907,0.158042266,0.639591429,0.272956152,0.203234206,0.452526981,0.275059983,0.304656617,0.370908282,0.406794418,0.279379455,0.549581115,0.23126394,0.309908447,0.21817247,0.655976599,0.490491007,0.475519942,0.46176317,0.33752313,0.503096087,0.149274586,0.585585089,0.126303756,0.413103867,0.21886449,0.521999292,0.540530899,0.330678047,-0.040584568,0.536105185,0.276168464,0.328708243,0.181076137,0.523990695,0.318262917,0.556328941,0.372719877,0.003529016,105.6158094,283.3651114,,,,0.15746915,
TXH2.2021,M8.G.P,M8.G.P-Int,CV00,246,AGDD,0.05825775,0.128557135,0.34741123,0.273105432,0.260894223,0.212278716,0.26618108,-0.034160073,0.134944151,0.38261731,0.258102948,0.431024596,0.256434497,0.234239402,-0.031876527,0.376955756,0.234013715,0.279892523,0.020696007,0.244717701,0.243623951,0.206454862,0.190480027,0.214368011,0.12903075,0.307283117,0.326133316,0.147355878,0.362133235,0.008449553,0.380611472,0.16065662,-0.043057611,0.386732556,0.217606748,-0.007904198,0.225951239,0.306736514,0.236254167,0.314897886,0.411375331,0.379585484,0.298659659,-0.223064685,0.15578393,0.174878143,0.300587652,0.155491341,0.102407836,0.283125894,0.213738325,0.003911131,54.64872768,255.6805275,,,,0.137529515,
TXH3.2020,M8.G.P,M8.G.P-Int,CV00,266,AGDD,-0.184284066,0.100317483,-0.151745286,-0.128286602,0.11099047,-0.113028327,0.221837911,0.025098375,-0.188309873,-0.165959311,-0.126970012,0.213531436,-0.097450977,-0.241649767,-0.078879581,-0.067295853,-0.176979671,-0.069995659,0.111287166,-0.064370609,-0.060204935,0.030693492,-0.155330959,-0.099528556,-0.13205227,0.211726654,-0.295388942,-0.057063847,-0.21226299,-0.094464771,-0.138968115,0.127582692,0.216715396,-0.233480222,-0.134223918,0.238914774,-0.108012694,-0.167908584,-0.017241709,-0.177169894,-0.234342813,-0.049120483,-0.042553844,0.086601732,-0.059856265,0.023981356,0.12275944,-0.037977642,-0.222545838,-0.219572135,-0.059248773,0.003774582,-15.69677828,264.9300149,,,,0.139470683,
TXH3.2021,M8.G.P,M8.G.P-Int,CV00,245,AGDD,0.506955622,0.367756267,0.163357899,0.182080751,0.230594951,0.279528203,0.377458386,0.300952124,0.472250483,0.199518979,0.004271335,0.250366616,0.35946014,0.455652339,0.3408506,0.319550883,0.271558276,0.442817531,0.413429978,0.091521221,0.494619771,0.265451944,0.234456895,0.196139603,0.199006561,0.263661168,0.305792459,0.27407945,0.353555297,0.454992966,0.35898175,0.45197962,0.352445729,0.381039745,0.305582915,0.37820733,0.133378538,0.31974178,0.225700931,0.36727836,0.399662493,0.432744765,0.521058558,0.284509775,0.171039955,0.290128523,0.392472526,0.280406137,0.181963464,0.509129651,0.316182825,0.003703821,85.3666669,269.9914739,,,,0.11505797,
WIH1.2020,M8.G.P,M8.G.P-Int,CV00,394,AGDD,0.297283191,0.477078501,0.50764138,0.495623083,0.527740526,0.460586023,0.481184773,0.475474883,0.303892585,0.580139929,0.587490272,0.52053973,0.362624549,0.408926134,0.494598205,0.425774543,0.591423693,0.551150031,0.353282856,0.213882199,0.324228806,0.670557702,0.401316903,0.330865431,0.580191843,0.498025638,0.641223738,0.597875373,0.319218983,0.233763874,0.462864448,0.241586817,0.399877793,0.63196566,0.558876229,0.591129162,0.401372691,0.549944709,0.491962171,0.457888676,0.52754875,0.732738839,0.381228382,0.433606585,0.499860091,0.421864143,0.428837472,0.610026981,0.411041313,0.623218089,0.471420887,0.001984088,237.6008412,504.0099994,,,,0.118084591,
WIH1.2021,M8.G.P,M8.G.P-Int,CV00,398,AGDD,0.189622017,0.244940895,0.457991879,0.326081872,0.245542408,0.505693119,0.25669008,0.161307543,0.26434411,0.312047058,0.31798241,-0.002751349,0.436720814,0.494099863,0.114755954,0.255705539,0.357551879,0.354237021,0.392754669,0.241209127,0.016613697,0.312402183,0.352712015,0.44981756,0.405374792,0.334731417,0.290406103,0.207845179,0.148211426,0.448202348,0.317528296,0.080684564,0.525868304,0.287591376,0.437593929,0.420148101,0.427140837,0.299735697,0.039830957,0.355328388,0.316792985,0.261700795,0.557026581,0.363791826,0.073205774,0.278582388,0.196645915,0.403258914,0.334491987,0.284138515,0.303078595,0.002293291,132.1587849,436.0544989,,,,0.131640304,
WIH2.2020,M8.G.P,M8.G.P-Int,CV00,1127,AGDD,0.171515988,0.15845827,0.116574606,0.161562975,0.094915227,0.079338652,0.232082416,0.167573725,0.111109006,0.082591569,0.143303852,0.181937611,0.095995953,0.221822356,0.124906902,0.246183715,0.225560995,0.114873416,0.041342539,0.07475758,0.133381217,0.123703012,0.278055669,0.097804663,0.083146661,0.287426015,0.113857496,-0.030670084,0.258200757,0.154162472,0.053119634,0.124554078,0.158808501,0.069310534,0.305761502,0.240089364,0.054431468,0.201851067,0.14083864,0.039663948,0.157779447,0.16282163,0.24863673,0.041511319,0.161381412,0.226101508,0.252708971,0.025924816,0.14655724,0.158823313,0.146323007,0.000869857,168.2149358,1149.613715,,,,0.075801486,
WIH2.2021,M8.G.P,M8.G.P-Int,CV00,1137,AGDD,0.312359762,0.459106637,0.280913746,0.40555085,0.408499702,0.387731551,0.244541898,0.368677815,0.410818793,0.428288185,0.372335866,0.317849107,0.326795979,0.324730622,0.494556319,0.433022607,0.429088089,0.406624029,0.337851849,0.283362861,0.333610557,0.412812701,0.45447494,0.312690254,0.337165094,0.453101711,0.346815842,0.442564261,0.314377711,0.377364545,0.430994519,0.239635702,0.392861832,0.502985588,0.329747325,0.417713442,0.419014119,0.375637655,0.35760184,0.251659669,0.342934831,0.404458594,0.34434237,0.342993796,0.416253281,0.222595765,0.382928817,0.37067634,0.40455216,0.401216231,0.371369755,0.000759546,488.9366063,1316.576268,,,,0.064191325,
WIH3.2020,M8.G.P,M8.G.P-Int,CV00,415,AGDD,0.190079968,0.307013568,0.286237151,0.122430109,0.117361891,0.431107842,0.130729513,0.047470543,0.065936704,0.321720405,0.150701971,0.18355289,0.208148523,0.227082125,0.330328737,0.234476088,0.314010174,-0.017945384,0.21875416,0.244103108,0.141417578,0.158537156,0.009322255,0.285708505,0.42502973,-0.069527051,0.293784277,0.329934104,-0.016062495,0.457555187,0.000841277,0.291870405,0.272499475,0.316282826,0.258855545,0.219524931,0.38150037,0.263978799,0.195477689,0.061110714,0.160457545,0.411074555,0.118816896,0.190165369,0.102704359,0.098544968,0.249868501,0.282370996,0.057138955,0.380061412,0.208842898,0.002315701,90.18559381,431.8346208,,,,0.127713906,
WIH3.2021,M8.G.P,M8.G.P-Int,CV00,397,AGDD,0.37425255,0.559352222,0.642412381,0.53087935,0.378801257,0.458780986,0.631881747,0.223731791,0.469617333,0.706093721,0.656057533,0.39148541,0.497101142,0.524885143,0.456999039,0.290683613,0.593662414,0.582527348,0.617851337,0.349729566,0.526892751,0.551823727,0.323833676,0.47726725,0.629255426,0.279756665,0.577848528,0.485270932,0.620059884,0.557887138,0.532548626,0.518481879,0.258303197,0.684236111,0.42839075,0.431948187,0.639356308,0.57416036,0.477379064,0.530362074,0.640425036,0.633534928,0.373178186,0.295458877,0.596892395,0.552171478,0.450910312,0.340501732,0.515133759,0.713265371,0.50306641,0.001890947,266.0393588,528.8354651,,,,0.124810761,
DEH1.2020,M8.G.P,M8.G.P-Int,CV00,1142,DAP,0.658159781,0.682438442,0.671274876,0.685168018,0.735024089,0.713011271,0.714327589,0.547950396,0.684405161,0.745666876,0.682734835,0.693409252,0.576588617,0.726969519,0.733618487,0.63910945,0.704933396,0.643482587,0.732974066,0.701692616,0.750186148,0.626563305,0.668408313,0.713498998,0.689059443,0.665543984,0.697734037,0.687268841,0.701570834,0.663260686,0.664697847,0.636428974,0.805292703,0.719714061,0.610544799,0.710378996,0.671717156,0.668886971,0.654945185,0.725479307,0.67192117,0.644615199,0.706267521,0.721508159,0.715001616,0.717588516,0.672085694,0.666615304,0.661262509,0.719073635,0.686001185,0.000464388,1477.215419,2153.371528,4690.016195,12338.24424,0.380120226,0.044190893,0.112919858
IAH4.2021,M8.G.P,M8.G.P-Int,CV00,1128,DAP,0.482782123,0.464011373,0.440887782,0.454276977,0.440410679,0.458530801,0.525009584,0.424013257,0.492537171,0.377186857,0.48828743,0.426326254,0.576070478,0.497835815,0.402617431,0.482418673,0.486413126,0.417008394,0.478091781,0.462327811,0.427377125,0.514583042,0.551878421,0.425407819,0.379341782,0.516117734,0.536459667,0.468585922,0.345983552,0.477327463,0.423873492,0.54015436,0.385122963,0.422345721,0.496914432,0.418598131,0.536953627,0.512363555,0.433536247,0.436101506,0.37670572,0.469702863,0.422623097,0.497138357,0.577278806,0.348276447,0.408912279,0.589113368,0.52339173,0.433982521,0.463463911,0.000697337,664.6199237,1434.027349,,,,0.058556179,
MIH1.2020,M8.G.P,M8.G.P-Int,CV00,414,DAP,0.244641752,0.299243551,0.319907578,0.344938968,0.320977867,0.259062196,0.517288962,0.024478086,0.189528969,0.616684881,0.454990505,0.183321733,0.275435751,0.224339319,0.45845354,0.324610398,0.169278737,0.03009075,0.517159617,0.38329819,0.326270946,0.194316201,0.216980005,0.210856609,0.433952699,0.16070354,0.370223709,0.176543987,0.272562029,0.495716376,0.302556715,0.108049537,0.439668053,0.244343823,0.296902881,0.259978604,0.308171999,0.331536097,0.187262795,0.35879221,0.145502636,0.354615659,0.479018887,0.367564974,0.202128727,0.176128285,0.33760977,0.199798655,0.468998856,0.351483734,0.298719407,0.002210599,135.1305373,452.366114,,,,0.126931802,
MNH1.2020,M8.G.P,M8.G.P-Int,CV00,395,DAP,0.340364719,0.468976292,0.589389711,0.494601205,0.382504543,0.366071418,0.415436397,0.471856986,0.484531174,0.448197568,0.215597841,0.494193544,0.467648544,0.623551245,0.416881187,0.349656462,0.655735993,0.42014253,0.491552943,0.011470172,0.395736247,0.526332327,0.304780959,0.563853901,0.5702517,0.384987428,0.37576295,0.637764831,0.334590407,0.511227855,0.351486396,0.654855809,0.405602823,0.371789477,0.496923549,0.099657579,0.525778794,0.408251611,0.706438981,0.501717876,0.538021631,0.578134165,0.125970871,0.374701785,0.265775524,0.607558188,0.436419777,0.36678366,0.437853862,0.384346183,0.437034352,0.002058527,212.304442,485.7843343,,,,0.140024559,
MNH1.2021,M8.G.P,M8.G.P-Int,CV00,415,DAP,0.432843622,0.272030175,0.53901411,0.250217355,0.593361331,0.223330135,0.571585515,0.514512802,0.558357414,0.197845759,0.334549135,0.347978746,0.439753368,0.53655128,0.335252285,0.457042865,0.410415729,0.377881915,0.457898842,0.298878914,0.444021538,0.23808875,0.27374643,0.434348848,0.432299257,0.290158904,0.37804862,0.263992018,0.463088491,0.513171569,0.064538591,0.455342754,0.347074636,0.502322005,0.426463326,0.264933432,0.64723172,0.31260502,0.450525642,0.23699287,0.336295576,0.309880215,0.286134836,0.591848688,0.355726099,0.542637489,0.146745604,0.500266267,0.4283688,0.242877648,0.386581539,0.002059455,187.7106469,485.5654707,,,,0.127770154,
MOH1.2020,M8.G.P,M8.G.P-Int,CV00,1006,DAP,0.241750124,0.192631778,0.197943648,0.044002206,0.082926919,0.262818125,0.061657756,0.030212308,0.198650721,0.183002548,0.200222866,0.068438435,0.109063992,0.210659704,0.201235108,0.155719016,0.172390591,0.236198009,-0.031587313,0.219845386,0.172877627,0.242729487,0.114412813,0.119708858,0.202203456,0.211599449,0.121829556,0.257343973,0.086051244,0.029611621,0.26930418,0.123036261,0.124184246,0.133137596,0.119075166,0.123972971,0.179710502,-0.042283454,0.256530618,0.182016435,0.209389577,0.061805505,0.122073213,0.235519162,0.134355861,0.045086475,0.183282463,0.111246425,0.218834046,0.154993075,0.150828407,0.000973357,154.9568663,1027.371897,,,,0.076139722,
NEH1.2021,M8.G.P,M8.G.P-Int,CV00,246,DAP,0.279496091,0.352059187,0.254436378,0.129722082,0.083278033,0.000579585,0.340439548,0.197123357,0.463604877,0.179756793,0.012494058,0.215742671,0.160411715,0.222459045,0.385778752,0.176450617,0.281880806,0.067194835,0.190974562,0.188660348,0.195633616,0.255899307,0.04540768,0.115481625,0.330218518,0.201848825,0.147637457,-0.044416782,0.298532455,0.494599728,0.23722232,0.179566773,0.45235024,0.113686154,0.22413282,0.139625428,0.29255172,0.167359965,0.414159391,-0.033648756,0.074762463,0.308709163,0.345373904,0.474976086,-0.141835405,0.330498517,0.198104476,0.039591147,0.192237438,0.248316249,0.209622517,0.003918272,53.49871325,255.2145349,,,,0.139712934,
TXH1.2020,M8.G.P,M8.G.P-Int,CV00,246,DAP,0.669159399,0.506808057,0.668376264,0.724418753,0.466505788,0.686986006,0.622122449,0.665286158,0.528095075,0.686941353,0.76287238,0.528516189,0.563978203,0.677728917,0.659594333,0.447494723,0.774895939,0.743379541,0.653742933,0.545005302,0.597410792,0.433208329,0.690943362,0.732702215,0.695035203,0.749047878,0.741277918,0.596860456,0.574321959,0.527612535,0.653043405,0.632336115,0.478491388,0.648273233,0.774342273,0.344325372,0.59935133,0.804648857,0.675465206,0.685720797,0.776880252,0.732699468,0.601874454,0.301633805,0.631672833,0.658913354,0.693436718,0.633699206,0.706988044,0.626968046,0.631621851,0.002463335,256.4091971,405.9536517,,,,0.110309407,
TXH1.2021,M8.G.P,M8.G.P-Int,CV00,246,DAP,0.051840484,-0.240511195,0.184878155,0.134488885,-0.151084842,-0.064729248,-0.013962479,-0.16921678,0.005483246,0.117675825,-0.114172915,2.79E-05,-0.074990847,0.022729378,-0.011684865,-0.045623677,0.220523865,0.053092204,-0.115528077,-0.316311802,-0.094560594,-0.148070276,-0.021893304,0.046662256,0.011890039,0.07365967,0.068184615,-0.13854426,0.015457368,-0.031876793,-0.105133512,-0.096506092,-0.088107566,0.114167167,0.146449147,-0.029627785,0.185774928,0.032235561,-0.205247564,-0.01554605,-0.067252605,0.262351033,-0.041656997,-0.01117413,-0.204045729,-0.105332093,0.241375519,-0.161352253,-0.084759044,-0.02917847,-0.020174692,0.004096693,-4.924629272,244.0993529,,,,0.125705055,
TXH2.2020,M8.G.P,M8.G.P-Int,CV00,246,DAP,0.477372108,0.427497208,0.020988585,0.561369906,0.302690201,0.605835587,0.348032834,0.447618973,0.153399675,0.249682924,0.537265061,0.474658192,0.408899989,0.368325593,0.230030159,0.093410915,0.468696584,0.658975231,0.411314535,0.319381777,0.424786636,0.268073366,0.582042214,0.261116438,0.393993076,0.102592078,0.493576226,0.544764081,0.266451829,0.588788909,0.305781377,0.488781212,0.321098089,0.393369998,0.435405885,0.49084292,0.283601166,0.45127112,0.294401051,0.499856089,0.473322778,0.597607632,0.244867054,0.243703525,0.44649135,0.519417732,0.507712144,0.273673304,0.198214327,0.426666954,0.387754332,0.003482158,111.3546025,287.1782295,,,,0.144719007,
TXH2.2021,M8.G.P,M8.G.P-Int,CV00,246,DAP,0.308131237,0.281302058,0.216501854,0.230864987,0.30970154,0.316506927,0.497289225,-0.017284331,0.233905865,0.310498095,0.223230408,0.2320428,0.240397997,0.099820336,0.332490556,0.12427252,0.165765699,0.157348507,0.511717693,0.342885797,0.272999219,0.354696416,0.269122684,0.152205521,0.142902572,0.287635082,0.476370122,0.196364148,0.17416295,0.226638347,0.263831029,0.125688801,0.256389152,0.21881827,0.291774685,0.134073566,0.317264627,0.477863511,0.047178575,0.445654692,0.315930267,0.228633577,0.321846764,0.150910098,0.202966618,0.265223961,0.362644526,0.143894321,0.489074456,0.105395317,0.256710873,0.003828277,67.05650856,261.2141348,,,,0.117270554,
TXH3.2020,M8.G.P,M8.G.P-Int,CV00,266,DAP,-0.022393848,0.141040044,0.024191383,-0.129607754,-0.190813252,-0.151720075,-0.207785114,0.038515609,0.258788252,-0.131458526,-0.055103056,-0.044438479,-0.1271059,0.064814073,0.011322658,-0.02716892,-0.113050029,0.066680819,0.109694072,-0.262189085,-0.21997987,0.059183618,0.257172874,-0.133216808,-0.109454156,0.062639867,0.0165788,-0.397833773,0.12611946,0.059845485,-0.002475778,0.150006848,0.07597552,-0.029666664,-0.234320087,0.05073873,0.082767813,0.005759837,-0.060677521,-0.2573941,-0.130041879,-0.025655193,-0.136021951,0.191449071,-0.033863511,-0.271774068,0.052919733,0.195238189,-0.07058048,-0.148574336,-0.032458429,0.003783888,-8.578062696,264.2784304,,,,0.143324713,
TXH3.2021,M8.G.P,M8.G.P-Int,CV00,245,DAP,0.430016816,0.450085798,0.410267145,0.156863709,0.448034,0.332113023,0.378766454,0.625154727,0.055821733,0.401344253,0.408210766,0.223333779,0.183429916,0.486537413,0.504867678,0.245076334,0.406048856,0.314340114,0.37420047,0.400071831,0.37904787,0.307279747,0.455176891,0.308185472,0.355577402,0.143909554,0.539296657,0.34585381,0.365464315,0.361199252,0.50982583,0.551669665,0.281837517,0.274081274,0.289837805,0.48797698,0.323793999,0.482852698,0.416971433,0.184072066,0.276253187,0.472767589,0.323172006,0.366255558,0.401715684,0.34761499,0.339385776,0.408739159,0.426571989,0.267486126,0.364569142,0.003568269,102.1697505,280.2479383,,,,0.112026753,
WIH1.2020,M8.G.P,M8.G.P-Int,CV00,394,DAP,0.551266838,0.381641212,0.476790842,0.431149716,0.367329126,0.310926439,0.510924499,0.332293331,0.373253681,0.538115828,0.363437196,0.509350542,0.420973312,0.499345755,0.211392278,0.526894129,0.571192887,0.313505093,0.556197411,-0.153105532,0.314323439,0.553107854,0.353847949,0.43394122,0.48921845,0.484348861,0.408781852,0.541931556,0.391733129,0.390321968,0.402381972,0.279666543,0.320878017,0.49019044,0.637244279,0.473273047,0.493717094,0.277685532,0.35722215,0.50885425,0.52300716,0.559358627,0.166855318,0.699164536,0.090531842,0.217653234,0.483685824,0.466132583,0.436835805,0.535917767,0.417493738,0.002106375,198.2048534,474.7492851,,,,0.146032296,
WIH1.2021,M8.G.P,M8.G.P-Int,CV00,398,DAP,0.374079558,0.326531836,0.185194286,0.363635986,0.322366466,0.369856903,0.220503877,0.25136444,0.445512879,0.306224927,0.424105645,0.287544598,0.200404851,0.207993563,0.506279268,0.097104144,0.211699539,0.63772161,0.442500782,0.185890262,0.311540684,0.323670524,0.313559597,0.282912919,0.350695753,0.499999783,0.207154923,0.405783111,0.419095479,0.118463806,0.264828175,0.15647967,0.297279388,0.508762234,0.361179351,0.365592265,0.268494801,0.362439783,0.347014769,0.338720446,0.365034014,0.309175427,0.244632666,0.314266373,0.417742773,0.363867365,0.267024555,-0.028227304,0.448534287,0.447499924,0.320394659,0.002266028,141.3903963,441.3007278,,,,0.117947231,
WIH2.2020,M8.G.P,M8.G.P-Int,CV00,1127,DAP,0.154969438,0.205196442,0.283619874,-0.00486345,0.003898195,0.161878539,0.088975777,0.135524138,0.240896007,0.104190547,0.160525815,0.206928453,0.088307592,0.068504265,0.266123554,0.244887911,0.202157425,0.079233686,0.148776767,0.089682603,0.270216881,0.200522397,0.086328736,0.033849944,0.091702155,0.088413989,0.195730227,0.141661167,0.235819735,0.02882947,0.106759083,0.143889051,0.190423554,0.082138104,0.22375174,0.059978947,0.128912738,0.189340592,0.098639763,0.168591705,0.143769612,0.095362538,0.162802377,0.062051802,0.191836445,0.008001164,0.029532238,0.294562007,0.186555466,0.259092903,0.142569602,0.000870821,163.7185609,1148.34129,,,,0.07820482,
WIH2.2021,M8.G.P,M8.G.P-Int,CV00,1137,DAP,0.301907434,0.411664732,0.315180404,0.47540579,0.241095702,0.360701035,0.36559312,0.283667873,0.337444323,0.397244871,0.314368557,0.396174804,0.245852458,0.33147924,0.438923719,0.271843692,0.343403281,0.248593754,0.435657864,0.373253483,0.205637687,0.420651233,0.284544791,0.478986843,0.37830952,0.35687033,0.250357685,0.381427144,0.406129771,0.336387834,0.367633455,0.231905253,0.418637532,0.453511546,0.298418364,0.325739619,0.36681442,0.27461067,0.360409315,0.436581335,0.302937415,0.223972099,0.433209611,0.371679317,0.432088262,0.417467847,0.392351746,0.263697968,0.340684746,0.399095042,0.350004091,0.000773125,452.7133211,1293.451514,,,,0.070819249,
WIH3.2020,M8.G.P,M8.G.P-Int,CV00,415,DAP,0.086052977,0.134730007,0.318151914,0.381867827,-0.134377716,0.168970409,-0.126459413,0.201541498,0.328552332,0.250046176,0.334276095,0.006890584,0.05947649,0.252134462,0.181026145,0.098764726,0.451567049,0.326034299,-0.022910068,-0.164332725,0.095327367,0.0777578,0.110579409,0.150134056,0.51127886,0.215489492,0.187139059,0.234062758,0.215789332,0.053576368,-0.042333797,0.175215426,0.166811765,0.124536798,0.457796357,0.300041013,0.190458204,7.56E-05,0.247606898,0.234838878,0.135422454,0.21951976,0.163090728,0.291831157,-0.103621397,0.272535637,0.021320927,0.027435184,0.205498848,0.389478443,0.16921393,0.002351977,71.94539079,425.1741623,,,,0.153687324,
WIH3.2021,M8.G.P,M8.G.P-Int,CV00,397,DAP,0.491171045,0.524832552,0.505952936,0.580526308,0.41316148,0.592610203,0.563829336,0.391318484,0.497092649,0.353539427,0.543952081,0.366078657,0.378983212,0.678671499,0.441950403,0.087588361,0.616358528,0.690152624,0.516255838,0.313064703,0.423622328,0.474975327,0.527140289,0.57862697,0.586216644,0.36092498,0.400454933,0.579524234,0.479445877,0.570088759,0.26987455,0.433211441,0.54237124,0.557404765,0.580609842,0.425442186,0.514586699,0.57256415,0.577883447,0.46134251,0.618140959,0.585328001,0.446595965,0.3927556,0.412595793,0.603008724,0.409284233,0.500401661,0.600675871,0.374104243,0.488125851,0.001928438,253.1197575,518.554297,,,,0.112104655,
DEH1.2020,M9.G.P,M9.G.P.W,CV00,1142,AGDD,0.636120595,0.574458538,0.609349915,0.613294744,0.63944835,0.653452174,0.595026147,0.549116442,0.62525663,0.662877774,0.705436656,0.611142919,0.578468793,0.59866395,0.597804717,0.614356485,0.644731111,0.599188028,0.614658271,0.599509156,0.639951799,0.650697029,0.623023226,0.547015881,0.623874583,0.617634534,0.643768908,0.539070038,0.635091342,0.630534116,0.637694633,0.619369106,0.633969141,0.576825392,0.611078007,0.648450086,0.581975768,0.567567846,0.627463623,0.645616021,0.607484036,0.591808526,0.651524506,0.576229354,0.651753744,0.554238929,0.615124865,0.558923536,0.671268178,0.695635748,0.615940478,0.000544401,1131.409185,1836.880714,4781.385149,12233.3662,0.390847872,0.036664882,0.108762498
IAH4.2021,M9.G.P,M9.G.P.W,CV00,1128,AGDD,0.36909205,0.564770324,0.391017671,0.418988544,0.234079322,0.411498776,0.453002006,0.37897742,0.480176434,0.315492424,0.496550883,0.347208641,0.419714588,0.400203469,0.372029211,0.408738882,0.318855413,0.415786332,0.418908227,0.459715873,0.420854484,0.462486787,0.357556047,0.381358369,0.422852895,0.46050757,0.367181998,0.341876014,0.404278254,0.406739678,0.466448087,0.473970921,0.373064669,0.247499772,0.449946123,0.408394311,0.530552371,0.286445622,0.425228655,0.35074455,0.381667356,0.356634888,0.403217497,0.397349558,0.498518317,0.418528205,0.41938733,0.441378828,0.428699266,0.324712262,0.403657743,0.000743393,542.9937971,1345.183651,,,,0.064200348,
MIH1.2020,M9.G.P,M9.G.P.W,CV00,414,AGDD,0.305265077,0.496626783,0.37921937,0.590424342,0.318867147,0.455523206,0.450756862,0.459414896,0.417068184,0.343864158,0.468590755,0.406677515,0.455851539,0.480859018,0.333519794,0.239834191,0.339512846,0.51401366,0.506032447,0.445552744,0.441668248,0.304613463,0.508583902,0.418041253,0.51371035,0.357157213,0.396901395,0.347904039,0.646877374,0.366855422,0.480610459,0.409585958,0.431360776,0.444985708,0.324080197,0.30907249,0.455162587,0.447164933,0.324742677,0.574262079,0.474205815,0.32808684,0.502854293,0.365579585,0.566748865,0.511173323,0.34615208,0.500218613,0.512006699,0.352605127,0.427408926,0.00198379,215.4506565,504.0855337,,,,0.086763525,
MNH1.2020,M9.G.P,M9.G.P.W,CV00,395,AGDD,0.247434127,0.543037049,0.381515124,0.212659053,0.616621478,0.241227545,0.525510797,0.107050724,0.411233164,0.631733471,0.376688907,0.477950526,0.283702031,0.32176789,0.631712717,0.258072609,0.634833242,0.46428903,0.560424191,0.040484473,0.408218737,0.428778901,0.281628618,0.590809061,0.502110523,0.232000628,0.38143021,0.713865514,0.396508984,0.423646936,0.580029143,0.560307885,0.123435639,0.511872641,0.388162668,0.298350312,0.518985282,0.550122919,0.452491631,0.296291564,0.558470455,0.654090472,-0.02549958,0.385402528,0.612344279,0.08867283,0.605515913,0.225769486,0.474450187,0.588658076,0.415497412,0.002105247,197.3628259,475.0037434,,,,0.176873588,
MNH1.2021,M9.G.P,M9.G.P.W,CV00,415,AGDD,0.115283801,0.476548641,0.565536034,0.601612809,0.30410575,0.584655903,0.404460562,0.3472433,0.330721926,0.50811146,0.590947528,0.376153438,0.370651317,0.502011897,0.471604403,0.478141205,0.510733907,0.429466174,0.46763859,0.218162069,0.456070679,0.279077167,0.353105896,0.590936448,0.519890813,0.402807184,0.482153661,0.365232502,0.597771701,0.460872422,0.298408082,0.445605593,0.499393374,0.381490997,0.606032213,0.479432479,0.638728623,0.393316141,0.170494319,0.46953163,0.357539905,0.488871447,0.409662865,0.577924015,0.478977525,0.481770442,0.493575318,0.426227356,0.425508628,0.444493332,0.442573869,0.001947042,227.3057572,513.5995885,,,,0.111683463,
MOH1.2020,M9.G.P,M9.G.P.W,CV00,1006,AGDD,0.433792596,0.387674066,0.363838876,0.27274374,0.115546918,0.357463295,0.332454085,0.347828435,0.186381055,0.342202076,0.291746479,0.292087254,0.309640391,0.3435105,0.357307753,0.311096307,0.221577962,0.371539753,0.428141615,0.27981177,0.33943839,0.298248485,0.384823277,0.278047018,0.264055625,0.224399481,0.319657965,0.295507909,0.408335159,0.277384369,0.343216161,0.33846761,0.242052129,0.348861049,0.351235145,0.104898747,0.431782056,0.398049532,0.207297696,0.36442878,0.276726721,0.376890414,0.316700409,0.359256637,0.27110165,0.366656585,0.311026761,0.255433013,0.281383636,0.391720956,0.315469366,0.000896892,351.7363707,1114.96205,,,,0.071743663,
NEH1.2021,M9.G.P,M9.G.P.W,CV00,246,AGDD,0.487143659,0.229090957,0.43349277,0.355721619,0.454719998,0.527092268,0.438781891,0.412951789,0.383274151,0.326548497,0.443363685,0.477403928,0.548429938,0.121854116,0.434222368,0.287045745,0.16133521,0.480192531,0.637853809,0.428550735,0.423876207,0.391378944,0.453789563,0.275574111,0.472107914,0.387797252,0.40666604,0.441594141,0.3520557,0.461923286,0.282500098,0.426477628,0.317133274,0.40879123,0.573046408,0.337481792,0.540861811,0.393346061,0.510608009,0.152168735,0.59306641,0.497480565,0.353669536,0.204386175,0.364567146,0.354805922,0.32047306,0.438914482,0.565613228,0.317369666,0.401771881,0.003436801,116.9028767,290.9682887,,,,0.11265845,
TXH1.2020,M9.G.P,M9.G.P.W,CV00,246,AGDD,0.695131786,0.542751981,0.532807551,0.764277507,0.617565517,0.658233058,0.667843405,0.593334968,0.56408295,0.72590926,0.783149024,0.472468882,0.704085492,0.656410599,0.510855303,0.593155338,0.714266013,0.667800007,0.575917632,0.624437355,0.503824589,0.567327028,0.624500771,0.63249685,0.784933529,0.577743963,0.684246457,0.727957131,0.558591076,0.568455557,0.698184949,0.578926992,0.344048466,0.656566376,0.769751996,0.658255815,0.693077839,0.747464593,0.407811546,0.674884076,0.653389288,0.73830108,0.763191974,0.415314576,0.545391149,0.489775589,0.785233422,0.566561621,0.537841596,0.709697071,0.626564612,0.002489413,251.6917024,401.7011138,,,,0.104067008,
TXH1.2021,M9.G.P,M9.G.P.W,CV00,246,AGDD,-0.000500682,0.140777059,0.125007393,0.226766504,-0.132835548,0.279591992,0.100773428,-0.047007196,-0.066408138,-0.058805761,0.242232709,-0.009250939,-0.138095293,0.123559202,0.183166505,0.338570952,0.129317495,-0.120469892,-0.28107311,0.208137193,0.024769314,-0.007510885,-0.131418974,-0.10447708,0.51828505,0.188527167,0.220261829,-0.114493094,0.305325342,-0.089084957,0.055001549,-0.133817856,0.239500406,0.020550288,0.190532365,-0.014458123,0.162654412,0.070593339,0.105283568,-0.035670364,0.273759754,-0.028982899,0.081726765,0.000393836,0.170278429,0.245129944,0.102271129,0.071794265,-0.235745998,0.230076004,0.072490168,0.004076824,17.78103721,245.2889504,,,,0.161972145,
TXH2.2020,M9.G.P,M9.G.P.W,CV00,246,AGDD,0.072701302,0.287661755,0.331290961,0.662138076,0.651151015,0.458604451,0.509570854,0.425550174,0.361691095,0.43034821,0.622405169,0.325913902,0.352277148,0.651806907,0.230338738,0.689111308,0.438435355,0.202526144,0.461374541,0.27996748,0.387517808,0.346300915,0.446147899,0.169943885,0.658670774,0.331885636,0.472358253,0.222117954,0.643383845,0.539981656,0.431048108,0.437438297,0.383919889,0.500213061,0.391159559,0.629974009,0.431810585,0.419484295,0.263875193,0.476684425,0.534634581,0.535747075,-0.006779717,0.542696965,0.303880447,0.32303308,0.27480722,0.477726391,0.28265816,0.71390307,0.420221758,0.003374646,124.5232041,296.3273597,,,,0.159993956,
TXH2.2021,M9.G.P,M9.G.P.W,CV00,246,AGDD,-0.014326121,0.167517365,0.323132685,0.417602632,0.35059282,0.357944422,0.271944074,0.049328558,0.14488089,0.382643746,0.430865548,0.464921293,0.222084783,0.174901218,0.031822453,0.331546797,0.318101346,0.235752585,0.153711125,0.283650854,0.273453388,0.191080602,0.226990546,0.149688391,0.303448474,0.368187083,0.472753736,0.124795624,0.318168352,0.145780362,0.363878185,0.195424847,0.090515384,0.346476825,0.276701863,0.12100727,0.351643253,0.296375468,0.221927111,0.31132334,0.348341871,0.479972368,0.318020044,-0.081031503,0.175328861,0.196018804,0.313707509,0.074780485,0.106493038,0.425004201,0.252097497,0.003837897,65.68636454,260.5593681,,,,0.129711468,
TXH3.2020,M9.G.P,M9.G.P.W,CV00,266,AGDD,-0.160567658,0.07394295,-0.154825643,-0.171399693,0.121363331,-0.151395673,0.206051635,0.010542265,-0.231742511,-0.06825923,-0.105532333,0.231768256,-0.095338013,-0.223421692,-0.099198046,-0.02431504,-0.19709452,-0.096324728,0.122424746,-0.030374684,-0.051660525,-0.002584843,-0.146666231,-0.073761382,-0.037014596,0.256201207,-0.29736885,-0.069887521,-0.181497084,-0.095813786,-0.185713183,0.15347791,0.261744626,-0.233016052,-0.177019538,0.184154594,-0.096479636,-0.147754754,0.002299918,-0.15501355,-0.24419931,-0.063457178,-0.056189777,0.098548549,-0.028373163,-0.009191745,0.172565699,-0.027224275,-0.269403592,-0.20162015,-0.05531229,0.00377629,-14.64725711,264.8101733,,,,0.14449402,
TXH3.2021,M9.G.P,M9.G.P.W,CV00,245,AGDD,0.510411556,0.395163323,0.356168825,0.347327781,0.37483938,0.417179451,0.451175115,0.357518041,0.523413292,0.317193218,0.406076728,0.299776782,0.419686806,0.501187688,0.357622832,0.500258817,0.405810159,0.40496789,0.491706948,0.120030687,0.469567008,0.391602735,0.390898524,0.202093473,0.48609077,0.467452071,0.388629398,0.310854972,0.450575196,0.428060498,0.483535521,0.481051,0.330344921,0.38414617,0.454564464,0.387610183,0.535599041,0.338346566,0.257040632,0.494931224,0.48794862,0.45450015,0.509031054,0.259926346,0.294100155,0.278294908,0.494409791,0.323306139,0.337347876,0.525729244,0.401102079,0.003453157,116.1551859,289.5900866,,,,0.091185638,
WIH1.2020,M9.G.P,M9.G.P.W,CV00,394,AGDD,0.346772837,0.51143862,0.523164469,0.512102307,0.513376661,0.463924244,0.553293306,0.488209269,0.375604123,0.589687338,0.644987082,0.507828679,0.387564079,0.492392017,0.470800032,0.461265328,0.632007371,0.531107413,0.402363693,0.314646028,0.358803651,0.674875552,0.433175548,0.36449887,0.645804041,0.483436513,0.65595302,0.646892417,0.365672194,0.246816461,0.522184533,0.22643018,0.47893114,0.679633746,0.564866932,0.641391366,0.432055637,0.543046083,0.554032706,0.426813742,0.529513045,0.67671416,0.433970945,0.47504454,0.508669172,0.474671217,0.432516482,0.633741203,0.43664608,0.655037436,0.49848747,0.001917118,260.0191951,521.6163108,,,,0.111462798,
WIH1.2021,M9.G.P,M9.G.P.W,CV00,398,AGDD,0.310154617,0.266450331,0.419641709,0.317612494,0.329063026,0.426383339,0.375638009,0.246816436,0.242549946,0.396644188,0.33221821,0.140529688,0.476588545,0.502887545,0.151808922,0.308087927,0.298531302,0.486153207,0.445910865,0.296560666,0.011440278,0.362065729,0.47217297,0.443357629,0.388851063,0.391867929,0.352910241,0.329970847,0.202404719,0.427734242,0.360479558,0.101753184,0.548237827,0.303840811,0.498285548,0.352262469,0.427338547,0.343625103,0.166650268,0.423891645,0.306525487,0.393908689,0.535169263,0.387088433,0.114507176,0.301961462,0.214402326,0.386243696,0.39436029,0.385275936,0.341976287,0.00222993,153.3574194,448.4446008,,,,0.116122962,
WIH2.2020,M9.G.P,M9.G.P.W,CV00,1127,AGDD,0.177054136,0.206860471,0.135914703,0.224186371,0.136927351,0.105073931,0.291002634,0.248200174,0.119890498,0.082248044,0.130811624,0.16857004,0.130706459,0.271381033,0.164234135,0.275896978,0.273403096,0.164762112,0.051656954,0.087482818,0.157774743,0.151861522,0.252863528,0.167991857,0.139980246,0.248185883,0.196454334,-0.040136731,0.296780611,0.153515777,0.060004345,0.139178029,0.173623382,0.099823828,0.364692302,0.187023739,0.09484778,0.251488571,0.139730423,0.144715581,0.233884126,0.163552043,0.227882126,0.076447033,0.163864509,0.227039086,0.3000343,0.02856676,0.158308084,0.179882832,0.171722484,0.000862677,199.0577308,1159.182688,,,,0.07825007,
WIH2.2021,M9.G.P,M9.G.P.W,CV00,1137,AGDD,0.37254681,0.445482985,0.327268537,0.355297512,0.373673852,0.400712222,0.246313317,0.345409114,0.416296564,0.446116852,0.311199743,0.310269131,0.419811781,0.314541473,0.484460293,0.410330656,0.404451425,0.388301462,0.348207714,0.294412188,0.374656475,0.402273539,0.373930259,0.288669841,0.420106576,0.38952692,0.325109284,0.472853553,0.279155638,0.373264542,0.483158422,0.281371012,0.348090269,0.497148054,0.249780152,0.342796383,0.430483686,0.363425797,0.425547129,0.279970435,0.349902209,0.403953377,0.332040254,0.304187442,0.433979497,0.261877266,0.362049384,0.416310605,0.449378412,0.363660712,0.369875215,0.000760522,486.3439548,1314.886575,,,,0.063576871,
WIH3.2020,M9.G.P,M9.G.P.W,CV00,415,AGDD,0.334338429,0.217973289,0.227941159,0.11397535,0.168624365,0.484842516,0.102749603,0.08471803,0.06550266,0.153837406,0.193832808,0.197850249,0.274951232,0.145551179,0.277408546,0.142451685,0.240539984,-0.019884766,0.228127176,0.283302141,0.149885491,0.178863822,-0.001674523,0.285506559,0.307995999,-0.047161977,0.243569166,0.318319869,-0.108421366,0.514051409,-0.005837256,0.26739209,0.327065704,0.245831947,0.1914448,0.206243332,0.362594192,0.174042445,0.168283746,0.042816674,0.015763326,0.379785973,0.164940392,0.234736266,-0.014649632,0.101220842,0.209820335,0.199076227,0.041556256,0.350244859,0.1884388,0.002335329,80.69047727,428.2052167,,,,0.131269554,
WIH3.2021,M9.G.P,M9.G.P.W,CV00,397,AGDD,0.375307937,0.551389598,0.611309999,0.584628539,0.372234683,0.517078703,0.624281471,0.22419831,0.562316932,0.476350565,0.680091502,0.375503098,0.512346394,0.49664705,0.381188559,0.320726675,0.509376612,0.572894835,0.605575579,0.375889166,0.630129096,0.545414759,0.250919953,0.46480992,0.605458461,0.300906089,0.599025014,0.426850793,0.603116288,0.585808717,0.566797707,0.50473159,0.280465541,0.621709619,0.507697557,0.488429514,0.561426084,0.461844959,0.514565399,0.513988162,0.448098894,0.546171108,0.401072617,0.384541463,0.63923915,0.535078228,0.371540259,0.375098204,0.503601392,0.699755387,0.493352563,0.001915451,257.5646648,522.0701874,,,,0.113793046,
DEH1.2020,M9.G.P,M9.G.P.W,CV00,1142,DAP,0.619763207,0.693501937,0.67567734,0.668453831,0.663692498,0.693327315,0.668284918,0.561090075,0.676632818,0.701618913,0.661012863,0.641857218,0.60584025,0.723749105,0.659416115,0.603229681,0.719133067,0.617433087,0.707679497,0.682618763,0.721321167,0.617277902,0.636435628,0.656634037,0.683308873,0.668409332,0.670850064,0.658475529,0.645330517,0.677449454,0.642736397,0.610795102,0.756965104,0.651173804,0.617375191,0.66111467,0.647342235,0.652238508,0.677887635,0.686690589,0.624266691,0.603961661,0.702402549,0.684151524,0.718581606,0.703831619,0.631989219,0.651771236,0.629355915,0.722132249,0.66312537,0.00049146,1349.295901,2034.752344,4958.522318,12465.2957,0.397786177,0.039039143,0.110746836
IAH4.2021,M9.G.P,M9.G.P.W,CV00,1128,DAP,0.474737196,0.497631646,0.532113876,0.491685813,0.507990058,0.529889429,0.547706058,0.456404207,0.513329706,0.431464231,0.509663425,0.454054829,0.598098117,0.513202433,0.436240633,0.526688614,0.490150674,0.460030297,0.511856296,0.505523398,0.451206463,0.537071691,0.545079396,0.497458848,0.438881733,0.538913773,0.527417395,0.491486217,0.428336244,0.535754143,0.488740276,0.547292982,0.424187513,0.54246289,0.505741872,0.448098178,0.572219197,0.516144784,0.499450113,0.45526065,0.406404821,0.506576341,0.478532959,0.536729065,0.578500654,0.341775532,0.427257119,0.638084366,0.557400966,0.485082382,0.49872019,0.00066721,747.4713825,1498.77907,,,,0.053146575,
MIH1.2020,M9.G.P,M9.G.P.W,CV00,414,DAP,0.209502224,0.458746295,0.605998746,0.486918245,0.475091263,0.272400138,0.610163367,0.209367977,0.395027552,0.726243907,0.637367557,0.341272812,0.395900423,0.250683979,0.60229833,0.349278938,0.487915352,0.127310599,0.617900702,0.54863573,0.538321232,0.401826423,0.157702363,0.383016135,0.624833308,0.331954948,0.541825942,0.309780298,0.331145785,0.621782396,0.468820181,0.375291881,0.700423069,0.35779975,0.288748029,0.393514716,0.43280776,0.293773273,0.400589108,0.607339058,0.257264962,0.536937639,0.611568472,0.437465179,0.332805646,0.445712048,0.451009248,0.336203644,0.48541676,0.453137207,0.434336812,0.0019693,220.5539265,507.7946893,,,,0.143303975,
MNH1.2020,M9.G.P,M9.G.P.W,CV00,395,DAP,0.300417204,0.425732477,0.523678979,0.431791314,0.456750553,0.270286551,0.458573964,0.412677331,0.444148977,0.45731095,0.212324377,0.432294994,0.434841979,0.55856296,0.423936033,0.364481752,0.64956033,0.163547013,0.483502546,0.036862012,0.342034496,0.505375088,0.230321796,0.526358219,0.491094372,0.370914771,0.326715616,0.551322242,0.280887642,0.501930433,0.363342104,0.606671552,0.380359343,0.28856655,0.416047988,0.098756642,0.508339157,0.227404311,0.680753407,0.446723699,0.439963371,0.517561048,0.139139282,0.386856741,0.288317521,0.556439005,0.428545217,0.357993229,0.341252512,0.26199937,0.39606538,0.002145375,184.613625,466.1190656,,,,0.136556812,
MNH1.2021,M9.G.P,M9.G.P.W,CV00,415,DAP,0.324742681,0.292359432,0.553418274,0.219717346,0.651751092,0.173475748,0.606232414,0.51025044,0.571244227,0.215975198,0.416295416,0.448549075,0.407228039,0.357865521,0.36006141,0.460904941,0.389157141,0.22298835,0.553003313,0.40182581,0.458917196,0.292140912,0.160289923,0.465172803,0.489400017,0.243548853,0.428228109,0.210922843,0.488695384,0.553189194,0.059203762,0.396835605,0.475092396,0.542101929,0.376228011,0.342497498,0.613241559,0.219646234,0.451025126,0.273968639,0.277174055,0.322400162,0.288473801,0.602266079,0.414079296,0.512578989,0.181062438,0.58188595,0.357891853,0.311639488,0.390536879,0.002052012,190.319006,487.3265907,,,,0.140220768,
MOH1.2020,M9.G.P,M9.G.P.W,CV00,1006,DAP,0.383374819,0.294612722,0.298443012,0.112275851,0.150332947,0.350807719,0.142778832,0.156833512,0.279410831,0.26018892,0.269749068,0.188387695,0.211974613,0.275752523,0.271775046,0.246601973,0.266973037,0.290102752,0.08902992,0.317543734,0.259332905,0.320705465,0.158623866,0.172095879,0.292609656,0.310592206,0.240612107,0.344076628,0.164173612,0.105966337,0.345150955,0.189259118,0.249507114,0.238047469,0.176763933,0.20592021,0.246232592,0.07148801,0.327711346,0.289911049,0.256952971,0.138013561,0.239414901,0.345612585,0.20782013,0.135214003,0.256577562,0.211259461,0.319977088,0.264261806,0.238816681,0.00093921,254.274064,1064.724888,,,,0.075649893,
NEH1.2021,M9.G.P,M9.G.P.W,CV00,246,DAP,0.376344265,0.427767934,0.407524354,0.218654232,0.143550482,0.134189359,0.367069347,0.299129771,0.555012535,0.235053957,0.103816326,0.299803476,0.231318244,0.379713551,0.501733972,0.342803384,0.384129094,0.149985087,0.359157991,0.219060488,0.291668675,0.281818856,0.168578643,0.26449601,0.476504071,0.252370726,0.182031659,0.107425506,0.397024046,0.603592759,0.331175452,0.181098678,0.585312487,0.240715852,0.305746676,0.158138681,0.410991224,0.272070766,0.522858536,0.055885961,0.154999266,0.474107204,0.424728696,0.516749648,-0.090919084,0.369915046,0.268388957,0.245037719,0.357997613,0.288709002,0.304700744,0.003717858,81.95598336,268.9720491,,,,0.144507549,
TXH1.2020,M9.G.P,M9.G.P.W,CV00,246,DAP,0.701259302,0.547577922,0.715337283,0.746991324,0.619038421,0.686792463,0.631852278,0.719850135,0.659984008,0.690591979,0.766995244,0.580971499,0.62310733,0.65079881,0.743361098,0.485112739,0.768323243,0.813673959,0.6959268,0.538860394,0.635610178,0.472560058,0.732112402,0.771612599,0.732322887,0.780442949,0.751719027,0.656434195,0.662060167,0.503102014,0.660712364,0.678008307,0.614207105,0.67612598,0.773232274,0.396135854,0.644729266,0.857215549,0.707328001,0.702333648,0.812803543,0.773786882,0.597275768,0.439073645,0.668342034,0.709682947,0.740497579,0.625919972,0.762441683,0.603984175,0.670564386,0.002255506,297.3011191,443.3595423,,,,0.099220674,
TXH1.2021,M9.G.P,M9.G.P.W,CV00,246,DAP,0.09775409,-0.196716453,0.164832712,0.118368036,-0.008965752,-0.013403451,0.048947037,-0.204963462,0.160323482,0.061879059,-0.138908851,0.00250162,0.050261003,0.073881989,0.099840051,0.007412726,0.249367617,0.144063414,-0.050416485,-0.355677675,-0.074821808,-0.080270684,0.091668449,0.023429949,0.091837403,0.124573929,0.032509256,-0.077641619,0.102916936,0.013706454,-0.122342411,-0.069502568,0.002692286,0.107090586,0.201485751,0.000803887,0.291302124,0.084312795,-0.257529676,0.000356693,-0.052099043,0.279772995,0.052536909,0.101612023,-0.195363986,-0.055784786,0.215050887,-0.13988986,0.026059585,0.00082696,0.020593602,0.004096623,5.026970907,244.1035234,,,,0.134509021,
TXH2.2020,M9.G.P,M9.G.P.W,CV00,246,DAP,0.497783332,0.469793797,0.110460614,0.625731658,0.500036808,0.622486585,0.393383653,0.494519606,0.3303311,0.302121117,0.522427715,0.507779467,0.541207641,0.406694206,0.362635258,0.144807775,0.495000879,0.722791587,0.518062164,0.318681505,0.466377584,0.339354033,0.630742986,0.333518556,0.508926238,0.197023683,0.507321153,0.575086907,0.441810343,0.585988624,0.295674088,0.523776804,0.470284758,0.506825263,0.475526902,0.52930608,0.394262552,0.501656686,0.39242765,0.520564422,0.518305603,0.619183498,0.272634832,0.354164976,0.527993567,0.57407222,0.602315999,0.270678681,0.343014838,0.41188972,0.451548914,0.00326272,138.3964828,306.4927815,,,,0.129481494,
TXH2.2021,M9.G.P,M9.G.P.W,CV00,246,DAP,0.218379661,0.255527529,0.233737336,0.169380093,0.388832967,0.193394168,0.457895871,-0.02064469,0.328472154,0.344909144,0.196753796,0.215011204,0.281376816,0.079895457,0.421340238,0.127376255,0.139232645,0.203288097,0.532402745,0.356394567,0.243568472,0.395480819,0.223875174,0.091322605,0.324930516,0.259673334,0.371558546,0.235535472,0.296009687,0.132574437,0.266547164,0.082341514,0.376718568,0.230773493,0.202797563,0.242040025,0.435919715,0.437778092,-0.000820361,0.370155763,0.341159708,0.188381889,0.310703806,0.277071098,0.154982818,0.193587026,0.335295852,0.22680926,0.472906071,0.071374465,0.258280173,0.003824965,67.52485386,261.4403309,,,,0.122762611,
TXH3.2020,M9.G.P,M9.G.P.W,CV00,266,DAP,0.000538763,0.107126301,0.063677202,-0.127805524,-0.169752246,-0.10912211,-0.226378804,0.022652115,0.221493375,-0.136885518,-0.069490779,-0.025417133,-0.08747475,0.11458109,-0.077711724,-0.033088495,-0.085679157,0.083642875,0.101286068,-0.239677194,-0.239627042,0.070908051,0.258943774,-0.114687703,-0.057739168,0.09003333,0.072129782,-0.352196703,0.083518942,0.031865296,-0.018829953,0.143357971,0.049955741,-0.035134662,-0.223446569,0.051107479,0.079249628,-0.020892032,-0.06178615,-0.196013553,-0.133581612,-0.009488283,-0.122772386,0.210331878,-0.060978834,-0.249986975,0.041865512,0.234933626,-0.111323,-0.103764729,-0.02735068,0.003785045,-7.225984932,264.1976356,,,,0.13636695,
TXH3.2021,M9.G.P,M9.G.P.W,CV00,245,DAP,0.405711113,0.411068351,0.404151637,0.143884303,0.458891749,0.339897014,0.351569063,0.639521093,0.035166195,0.386532122,0.423940204,0.201616869,0.217155414,0.456610395,0.468827538,0.276991399,0.407674309,0.342664414,0.366574401,0.374386413,0.364741773,0.279533181,0.425291479,0.276664565,0.347527663,0.198977075,0.555570001,0.322821175,0.357738558,0.38015919,0.485199981,0.560352507,0.339030366,0.225110227,0.255251316,0.446785193,0.352692487,0.476517706,0.401991626,0.181661917,0.260490481,0.489951576,0.318167381,0.365341257,0.402361532,0.363415647,0.366983428,0.440270022,0.424000211,0.213443612,0.359817543,0.003582433,100.4394204,279.1398654,,,,0.112017883,
WIH1.2020,M9.G.P,M9.G.P.W,CV00,394,DAP,0.609140069,0.419498898,0.477735469,0.433449078,0.437959344,0.280538389,0.566447554,0.398979577,0.366787073,0.569722168,0.382163691,0.604927022,0.397456697,0.529357223,0.28569812,0.500018092,0.595588487,0.380408936,0.597962878,-0.077732981,0.365405839,0.53112481,0.333475963,0.489837604,0.522336346,0.504515778,0.399948905,0.575532189,0.433434596,0.430597351,0.413908396,0.267687233,0.402903336,0.51734625,0.691930457,0.450348605,0.509258165,0.384544987,0.441920746,0.50808839,0.52350943,0.590064569,0.225505952,0.727790018,0.100005642,0.259014781,0.540918655,0.522079998,0.47763697,0.523917831,0.448413912,0.002038074,220.0184764,490.6593456,,,,0.141808899,
WIH1.2021,M9.G.P,M9.G.P.W,CV00,398,DAP,0.319189517,0.411763062,0.217561766,0.348492673,0.411565152,0.343551643,0.238870051,0.370080681,0.439602984,0.366125261,0.475805359,0.350101648,0.223987163,0.159078661,0.576169475,0.200256035,0.221481467,0.503655003,0.499802037,0.230159048,0.300709599,0.38051218,0.236212405,0.362046306,0.449533871,0.602740336,0.23512532,0.355069606,0.438461557,0.182288398,0.372098351,0.196204374,0.371636305,0.490029082,0.34266296,0.311754035,0.281235877,0.306407971,0.45166833,0.414393492,0.312162214,0.367413757,0.27597699,0.30886011,0.402110045,0.43237122,0.348297426,0.022671742,0.414789021,0.439459042,0.346244012,0.002222513,155.7894317,449.9411579,,,,0.111497222,
WIH2.2020,M9.G.P,M9.G.P.W,CV00,1127,DAP,0.109208123,0.232236214,0.29160937,0.027097511,0.094130018,0.152941983,0.122215599,0.123318504,0.227317354,0.148457081,0.18104259,0.16426831,0.1082175,0.12735803,0.17964689,0.225529683,0.225780814,0.07442174,0.148826545,0.086095349,0.226987936,0.241658164,0.068895121,0.052835072,0.185530803,0.123058393,0.193952335,0.1427042,0.231327997,0.055022109,0.175928851,0.155662231,0.099567433,0.132422909,0.230519915,0.064829935,0.160499933,0.166198149,0.150727913,0.224430552,0.129683764,0.151097469,0.176720313,0.107006469,0.179652702,0.048467917,0.043167051,0.251700252,0.16265915,0.253673039,0.152726146,0.000868155,175.9203034,1151.86763,,,,0.063783602,
WIH2.2021,M9.G.P,M9.G.P.W,CV00,1137,DAP,0.32507086,0.445725691,0.326939657,0.435391691,0.274157166,0.351976448,0.324698848,0.371811721,0.393155993,0.359695561,0.361004368,0.360064917,0.329313833,0.297831903,0.427063842,0.308552317,0.412461195,0.253095534,0.389717434,0.375649241,0.218254966,0.428398292,0.259167564,0.478936787,0.418658834,0.335615221,0.287568458,0.371498686,0.413812497,0.342549805,0.391508119,0.298671823,0.366343766,0.470085671,0.260993872,0.297243908,0.351245896,0.272832077,0.442123831,0.419439752,0.290401407,0.225276601,0.499756698,0.352131865,0.426274783,0.432680704,0.434285246,0.250605206,0.322240279,0.422124009,0.358082097,0.000768086,466.2007385,1301.938138,,,,0.069646061,
WIH3.2020,M9.G.P,M9.G.P.W,CV00,415,DAP,-0.023095929,0.103945744,0.316851594,0.244164678,-0.049784541,-0.10622278,-0.076291847,0.273283239,0.347815968,0.145352043,0.227923314,-0.034707316,0.067208677,0.088620762,0.326640276,0.070168335,0.346093508,0.194848323,-0.043799482,-0.104836034,0.051699235,0.099229662,-0.019838448,0.07062358,0.462431883,0.235986016,0.103614794,0.109286361,0.19014619,0.02155174,0.010697977,0.066120684,0.206398143,0.094393583,0.28904982,0.276271383,0.109814081,-0.195690157,0.217043815,0.171862076,-0.018506073,0.118074968,0.192790826,0.224580903,-0.075469819,0.21077814,4.12E-05,0.020313313,0.054332196,0.314271776,0.118521567,0.002387295,49.64681376,418.8842181,,,,0.142635181,
WIH3.2021,M9.G.P,M9.G.P.W,CV00,397,DAP,0.506678461,0.533255779,0.525815574,0.545296866,0.444704552,0.573618713,0.594196464,0.371088059,0.543997403,0.409969561,0.548686319,0.417831976,0.42541764,0.626944845,0.455255911,0.094814938,0.647326097,0.646297471,0.516817229,0.321305986,0.471271637,0.477164025,0.436421187,0.596562934,0.565362971,0.311227491,0.444811183,0.582127945,0.476005163,0.641341362,0.273054202,0.422407928,0.580113539,0.628385294,0.554448193,0.502133901,0.497013353,0.497075501,0.613566347,0.456691885,0.601871966,0.558633447,0.509588722,0.405563294,0.455526675,0.592936186,0.454270261,0.582324807,0.574458374,0.354783051,0.497329253,0.001905478,260.9998032,524.8028372,,,,0.108035569,
None,M1.G,M1.G,CV1,NA,AGDD,0.460627473,0.453834902,0.431730029,0.413648091,0.423181325,0.436224152,0.44944153,0.442710516,0.440494889,0.427833757,0.426551855,0.457674948,0.440199834,0.42470595,0.454357561,0.445491648,0.405941156,0.457592896,0.445702335,0.439893048,0.460768419,0.442921616,0.437823406,0.434515541,0.415961407,0.462320207,0.413335255,0.428127482,0.451173657,0.44678612,0.447062859,0.425235661,0.442758422,0.450982691,0.435808086,0.461751036,0.448409861,0.43171055,0.436931755,0.420826451,0.44699589,0.449879888,0.440807516,0.430719753,0.432367299,0.442306596,0.447816811,0.41774147,0.440946133,0.455024856,0.439553092,,,,,,0.439553092,0.013875608,0.018534413
None,M1.G,M1.G,CV1,NA,DAP,0.451798583,0.469909469,0.436758031,0.422050863,0.391002874,0.436580534,0.455514481,0.412398949,0.431425664,0.438895481,0.427426076,0.438476695,0.417486377,0.433682825,0.452681157,0.415084058,0.444063525,0.419936335,0.44573645,0.442333773,0.457098939,0.445613424,0.425172595,0.433943065,0.407084669,0.449777801,0.438794466,0.432960136,0.434307325,0.42419556,0.4396168,0.434526118,0.435364918,0.431037868,0.442890766,0.432584832,0.447964933,0.427196241,0.415391026,0.455436635,0.410011753,0.407573954,0.443818387,0.446906444,0.476782119,0.437841135,0.41195188,0.450104963,0.438254872,0.443042386,0.435209764,,,,,,0.435209764,0.016466371,
None,M1.P,M1.P,CV1,NA,AGDD,0.194774477,0.222995512,0.21279955,0.216197974,0.194667867,0.259095844,0.234142328,0.166854706,0.199902829,0.183563196,0.209823782,0.22454929,0.21419357,0.188252386,0.222443184,0.213057987,0.215582082,0.211482357,0.206533956,0.196095417,0.190215966,0.178433908,0.152150358,0.228946358,0.292514959,0.165038348,0.221484547,0.197797527,0.229363787,0.236559126,0.1430344,0.253529052,0.193315376,0.20249839,0.257629135,0.194794086,0.259282854,0.188226839,0.204405867,0.189789504,0.211679377,0.18828963,0.231226581,0.176110965,0.23392199,0.211504397,0.186558913,0.175219699,0.195955466,0.272135259,0.208972419,,,,,,0.208972419,0.029862236,
None,M1.P,M1.P,CV1,NA,DAP,0.143943335,0.193643846,0.201476477,0.19620546,0.218565619,0.169295337,0.206413241,0.177657017,0.246174104,0.138248266,0.188343003,0.175611392,0.195425167,0.164172164,0.214000908,0.15039469,0.187982131,0.196750313,0.217872922,0.175392774,0.170349352,0.194800592,0.153617666,0.162691422,0.253224047,0.225456875,0.183602168,0.144928237,0.184093524,0.215828903,0.193250663,0.179958313,0.236088583,0.175578053,0.151096325,0.179713301,0.239983744,0.162002899,0.162246128,0.1924865,0.13889833,0.185868723,0.225040909,0.248996051,0.153132567,0.203192674,0.188935182,0.172941372,0.172112409,0.21203891,0.188394452,,,,,,0.188394452,0.029403525,
None,M10.G.P,M10.G.P.W-Int,CV1,NA,AGDD,0.608968448,0.626672244,0.613419844,0.604251714,0.611320313,0.635424232,0.604080871,0.60164641,0.623092915,0.605193254,0.597231217,0.616974743,0.631239679,0.605163571,0.622061813,0.607724246,0.589952281,0.645125172,0.610985413,0.609595025,0.634637707,0.608485809,0.60420753,0.607069779,0.617446191,0.609273542,0.615299778,0.601821083,0.623535983,0.622158677,0.590059757,0.621817093,0.619007171,0.626776239,0.610937824,0.617803314,0.626428882,0.605040168,0.611971568,0.612314165,0.618785109,0.628007806,0.605793589,0.609816674,0.615908386,0.586690161,0.628930602,0.630168653,0.581968002,0.644438118,0.614134455,,,,,,0.614134455,0.013570248,
None,M10.G.P,M10.G.P.W-Int,CV1,NA,DAP,0.571888447,0.592832779,0.581333246,0.576508199,0.580186144,0.563658703,0.599876496,0.567089544,0.590948406,0.577011973,0.576486649,0.575300944,0.573634819,0.573486265,0.600668751,0.58068865,0.592718497,0.555882436,0.608608561,0.550956331,0.592651741,0.595311119,0.551318652,0.577559693,0.585373494,0.587768775,0.602751858,0.55408391,0.575149356,0.583721683,0.595626965,0.585912474,0.568916306,0.594931364,0.559535908,0.590827377,0.593246174,0.565372355,0.563508542,0.587228162,0.517596113,0.580772209,0.599877539,0.611268293,0.588896691,0.602434369,0.588458598,0.568186597,0.569361216,0.577679969,0.580101867,,,,,,0.580101867,0.01734721,
None,M2.G,M2.G,CV1,NA,AGDD,0.458979967,0.456656575,0.43487484,0.415748349,0.422116131,0.439173227,0.44636964,0.444329023,0.44062729,0.431060449,0.429024241,0.458068328,0.4402704,0.426583114,0.454324867,0.447604703,0.407235872,0.461798538,0.445419911,0.439188516,0.459348291,0.445855818,0.443187302,0.436147442,0.420233535,0.466082718,0.415744144,0.428498667,0.451597983,0.447390238,0.449856517,0.426328769,0.444399441,0.451688268,0.437030259,0.464323655,0.450463553,0.433752734,0.433598419,0.424202905,0.447533639,0.454432674,0.444765025,0.433409484,0.431754883,0.442333074,0.451510574,0.419481436,0.439869653,0.458188685,0.441049275,,,,,,0.441049275,0.013783201,
None,M2.G,M2.G,CV1,NA,DAP,0.455828884,0.469688416,0.438610016,0.421264057,0.395517408,0.437118055,0.456032239,0.412994113,0.431928766,0.441959953,0.427308355,0.442694237,0.422823309,0.433751726,0.453920684,0.417576785,0.444914319,0.423843624,0.446103294,0.442282564,0.459201304,0.449344991,0.428690241,0.437034063,0.408683488,0.45033201,0.438933078,0.438720696,0.435625777,0.42458625,0.442655919,0.433677023,0.433977801,0.435019139,0.442389846,0.435367941,0.451022385,0.426157896,0.416833502,0.456480827,0.414753661,0.408419067,0.445282838,0.448893902,0.477363741,0.437740317,0.414022304,0.452086058,0.441076005,0.443002139,0.4368707,,,,,,0.4368707,0.016121121,
None,M3.G,M3.G-Int,CV1,NA,AGDD,0.772978519,0.779967457,0.773140741,0.743149801,0.760402579,0.765898448,0.751576548,0.775983827,0.76455142,0.772851705,0.745261723,0.772478477,0.783437252,0.76516736,0.772552647,0.761546853,0.734712282,0.794981494,0.770186516,0.770758967,0.778131112,0.782199082,0.774065772,0.770685817,0.742752111,0.769032857,0.749731561,0.766854512,0.784964758,0.777308016,0.761647179,0.762661736,0.786440924,0.787806647,0.742702457,0.774837462,0.739792693,0.77124233,0.760853346,0.787296603,0.784969833,0.753244553,0.766838285,0.754820897,0.777272258,0.757296455,0.763202243,0.785736802,0.763623729,0.766591068,0.767523754,,,,,,0.767523754,0.013982322,
None,M3.G,M3.G-Int,CV1,NA,DAP,0.7743033,0.775058863,0.753461658,0.773769887,0.753386745,0.766804986,0.775479327,0.76203925,0.743163892,0.768991813,0.773440367,0.76686317,0.757079257,0.768525716,0.764524009,0.75955867,0.786646418,0.749666328,0.764454608,0.749643019,0.782121518,0.775079537,0.758360531,0.762519193,0.748893477,0.770957409,0.783810113,0.75488597,0.74469367,0.770664573,0.772112724,0.770651418,0.737475041,0.790273432,0.763027988,0.775055068,0.762421286,0.764361653,0.750357894,0.774486109,0.759794323,0.763168185,0.786113403,0.74568811,0.78336869,0.793565675,0.765793616,0.739191275,0.759843701,0.77348858,0.765381709,,,,,,0.765381709,0.013219654,
None,M3.P,M3.P-Int,CV1,NA,AGDD,0.247063347,0.263841322,0.261989517,0.262216254,0.263722858,0.27139953,0.275439999,0.230126169,0.236213993,0.228388921,0.263404133,0.233775555,0.245361403,0.217614688,0.262183128,0.252379548,0.258249683,0.240541498,0.268510808,0.237571289,0.217590917,0.244000216,0.204311518,0.260359864,0.314190864,0.217673308,0.281028289,0.247223219,0.269276438,0.258524552,0.209256743,0.25283454,0.256125821,0.258384927,0.288815415,0.248591853,0.283371901,0.245797066,0.231465342,0.232539119,0.241045842,0.258502085,0.257780504,0.23353151,0.257811628,0.233984727,0.254313897,0.221088865,0.234876043,0.296025592,0.250606325,,,,,,0.250606325,0.022164104,
None,M3.P,M3.P-Int,CV1,NA,DAP,0.195953394,0.27393247,0.262313088,0.265956919,0.252801457,0.21334139,0.266153113,0.231718444,0.295024401,0.211832022,0.227873865,0.250798639,0.23167823,0.214199711,0.274153823,0.212127198,0.252098049,0.253313556,0.278945119,0.235957955,0.242875826,0.255271083,0.209012915,0.251356686,0.301131127,0.211653124,0.246310348,0.230059688,0.250622825,0.254177889,0.221594953,0.227754104,0.285254166,0.25086852,0.218218604,0.246937284,0.267651736,0.22777454,0.233764949,0.252369008,0.19037224,0.23508385,0.291515376,0.302849735,0.253818936,0.261276751,0.243910852,0.253664168,0.241259583,0.254555599,0.246262786,,,,,,0.246262786,0.026071325,
None,M4.G,M4.G.W,CV1,NA,AGDD,0.576038778,0.5758881,0.552226995,0.538832914,0.568337409,0.576438543,0.546546753,0.563807874,0.585145704,0.545930564,0.534470126,0.57193861,0.587281097,0.557283304,0.572726763,0.553089563,0.528801389,0.610172811,0.563563979,0.559775344,0.598659577,0.561594006,0.572131833,0.551354839,0.537787722,0.569649738,0.549870357,0.554542658,0.573042553,0.578716825,0.555204471,0.567076265,0.579404862,0.57917075,0.54422897,0.585929389,0.558539918,0.555580262,0.566954767,0.557367809,0.561147388,0.573790535,0.557654367,0.559613874,0.572080759,0.553688315,0.577005224,0.576758046,0.532953639,0.581660326,0.564229133,,,,,,0.564229133,0.016706071,
None,M4.G,M4.G.W,CV1,NA,DAP,0.551274568,0.557519251,0.537809105,0.529735788,0.532448567,0.532901544,0.560548783,0.526229274,0.540183722,0.548920088,0.541314299,0.537588707,0.534385731,0.530269741,0.565310533,0.537198868,0.551490641,0.519842413,0.567556466,0.524116639,0.57314176,0.556741,0.523276625,0.531581697,0.526614826,0.537835705,0.574463519,0.52844063,0.531640807,0.541188049,0.560251068,0.549311426,0.528066711,0.547369008,0.530698193,0.561100011,0.556995818,0.538894072,0.510858683,0.548617572,0.48816896,0.535545886,0.556445319,0.565013596,0.571329033,0.558640902,0.538668446,0.538893857,0.546378165,0.532548594,0.542307293,,,,,,0.542307293,0.017013929,
None,M4.P,M4.P.W,CV1,NA,AGDD,0.544198982,0.555053208,0.531681578,0.532905167,0.564811577,0.573640343,0.535421691,0.533885038,0.565526525,0.516034456,0.524106388,0.554105722,0.577123806,0.532391764,0.543263004,0.537577434,0.520570236,0.578195128,0.546155957,0.542538951,0.571834766,0.533040319,0.535565234,0.533846807,0.550047245,0.535229154,0.545836839,0.535060291,0.547443124,0.565087321,0.505187978,0.572130551,0.555589195,0.545843876,0.545827349,0.556872202,0.552532277,0.528476352,0.558286373,0.531299141,0.53568084,0.552577691,0.541712054,0.538963322,0.557983024,0.528161662,0.551419319,0.563033913,0.497046108,0.58509752,0.545317976,,,,,,0.545317976,0.018337396,
None,M4.P,M4.P.W,CV1,NA,DAP,0.469996643,0.49330753,0.496543426,0.490621696,0.52874085,0.465770404,0.512158079,0.487002222,0.520706287,0.490074885,0.492575567,0.480720538,0.491834517,0.483874907,0.525905553,0.500173572,0.50171036,0.475598848,0.535251362,0.456774067,0.512690416,0.512450604,0.458508685,0.47760447,0.511815014,0.492708144,0.527717129,0.455153071,0.491530729,0.512923915,0.521341685,0.505197145,0.4977408,0.499009601,0.453295441,0.509216713,0.519979161,0.486480977,0.470597011,0.487518282,0.425145336,0.505619142,0.52205118,0.536340282,0.483767815,0.527074367,0.516959413,0.47660066,0.485098421,0.472487854,0.495079295,,,,,,0.495079295,0.023976865,
None,M5.G,M5.G.W-Int,CV1,NA,AGDD,0.582814721,0.599016728,0.582059005,0.557136608,0.580913842,0.593115105,0.559708721,0.585493334,0.597661527,0.572124894,0.547483095,0.584954383,0.601489933,0.581492621,0.598005426,0.572736399,0.540725784,0.626376935,0.584257735,0.582341731,0.615788787,0.580264829,0.579695858,0.578050928,0.561211428,0.580827071,0.572094972,0.575383037,0.597261417,0.591619269,0.572797488,0.586349011,0.598061632,0.603758015,0.557848871,0.598739184,0.573426097,0.574054755,0.584795844,0.586544967,0.59104588,0.583046256,0.577213236,0.583313944,0.583696919,0.561303301,0.59020562,0.607991347,0.556005829,0.597132817,0.582588743,,,,,,0.582588743,0.016650358,
None,M5.G,M5.G.W-Int,CV1,NA,DAP,0.561052639,0.564346768,0.546121039,0.544566574,0.543994633,0.547746157,0.571867805,0.539288133,0.543883839,0.557888638,0.558262613,0.545419073,0.54575356,0.544782219,0.566019198,0.549074051,0.562594449,0.532810175,0.575603789,0.53141575,0.574693112,0.569218504,0.535246023,0.546676987,0.53930373,0.551561693,0.585280897,0.540144733,0.53825035,0.551241319,0.570433869,0.562733832,0.52550379,0.562953088,0.543925081,0.574345066,0.562519949,0.543252566,0.527646996,0.557003956,0.503093901,0.549317022,0.565807558,0.571711607,0.579887556,0.574255397,0.552975835,0.536384785,0.55667673,0.549182659,0.552674394,,,,,,0.552674394,0.016145341,
None,M5.P,M5.P.W-Int,CV1,NA,AGDD,0.545758333,0.559685619,0.537906271,0.54095113,0.566503935,0.57638707,0.540946737,0.533757827,0.571149532,0.523740094,0.531529177,0.556208615,0.579423774,0.53765202,0.548478386,0.53988575,0.530380721,0.582102312,0.549085912,0.546080347,0.568097678,0.541386339,0.538751661,0.536836011,0.55949135,0.534405659,0.553771535,0.541752845,0.553955615,0.565361036,0.511984516,0.573933086,0.557442074,0.551331981,0.550020679,0.555145179,0.558901934,0.537108562,0.558856792,0.539513903,0.542002238,0.561849748,0.544753771,0.540554439,0.560534286,0.530273685,0.562907977,0.567885927,0.499094288,0.587543959,0.549661246,,,,,,0.549661246,0.017456961,
None,M5.P,M5.P.W-Int,CV1,NA,DAP,0.470648249,0.495592066,0.499465182,0.492897874,0.531542578,0.466703228,0.513339367,0.488658717,0.522997325,0.492699256,0.493686702,0.482880767,0.493805955,0.487387217,0.527260435,0.503298994,0.504356333,0.477557247,0.538136615,0.453840265,0.514823209,0.514244547,0.45898617,0.480364724,0.514798029,0.491534235,0.529849829,0.458291192,0.493721106,0.514777674,0.520104867,0.506753889,0.500542649,0.500717737,0.456443948,0.511184444,0.521596815,0.488450381,0.472909193,0.48957884,0.42785708,0.508256535,0.522967748,0.539388199,0.484101849,0.528808473,0.520032087,0.477953116,0.485713805,0.473726501,0.496904665,,,,,,0.496904665,0.024175324,0.010165667
None,M6.G.P,M6.G.P,CV1,NA,AGDD,0.50475725,0.500176116,0.489545085,0.486056566,0.462729218,0.518668139,0.501032606,0.476156558,0.476961114,0.479279979,0.496715631,0.507126132,0.489614072,0.459583344,0.504727898,0.487119481,0.47991731,0.493657599,0.501168796,0.485080578,0.505286675,0.475380023,0.469910031,0.492496722,0.506891606,0.507097649,0.4825266,0.471234748,0.494301824,0.497965911,0.464554935,0.486835329,0.485082302,0.500471994,0.511383049,0.491830146,0.520371823,0.484683159,0.478343793,0.471790122,0.485904394,0.50980419,0.479137927,0.479678735,0.495305378,0.473576634,0.494985227,0.461365254,0.492650593,0.53203039,0.490059013,,,,,,0.490059013,0.015906856,
None,M6.G.P,M6.G.P,CV1,NA,DAP,0.473536115,0.508323169,0.4910317,0.474534294,0.460255748,0.466116912,0.502971943,0.458026691,0.501129312,0.470463901,0.465808829,0.4924168,0.471277066,0.464571691,0.505001069,0.476644019,0.489107783,0.454230594,0.49301172,0.478671193,0.490680287,0.488386557,0.45488897,0.481986153,0.482274079,0.505403959,0.474640821,0.458857218,0.48150272,0.485074715,0.480437093,0.478321333,0.486360446,0.493193884,0.47012693,0.473485092,0.50045617,0.461928854,0.455056186,0.509000199,0.423795756,0.458223906,0.49428905,0.52320428,0.501659875,0.484391101,0.464984814,0.498150876,0.460704332,0.496185406,0.480295632,,,,,,0.480295632,0.018771554,
None,M7.G.P,M7.G.P,CV1,NA,AGDD,0.505284104,0.501150488,0.491295578,0.487414453,0.462639565,0.520952383,0.501430505,0.477686787,0.476098795,0.479283843,0.499870898,0.508532456,0.490444915,0.460176678,0.504174589,0.487621038,0.479754133,0.497511111,0.501874294,0.484335577,0.504989491,0.477449873,0.47355852,0.493587028,0.509370655,0.509996677,0.48461548,0.472788757,0.494610925,0.497838802,0.466660348,0.487853824,0.485887887,0.501529074,0.511726234,0.49376179,0.521826836,0.486723834,0.477359567,0.47305931,0.486827606,0.511372669,0.482791271,0.481086925,0.494814585,0.473527859,0.496949632,0.4632706,0.49311949,0.533970768,0.49120917,,,,,,0.49120917,0.016013168,
None,M7.G.P,M7.G.P,CV1,NA,DAP,0.477519116,0.508253173,0.491920877,0.473752054,0.463333832,0.468060241,0.503914557,0.459154094,0.501683763,0.470477376,0.466100869,0.494755991,0.473668586,0.46567867,0.506643461,0.478899999,0.488600145,0.456676969,0.494156762,0.479571632,0.491869577,0.490197077,0.456686202,0.483743604,0.483567334,0.506474388,0.474855151,0.464480156,0.483245857,0.484607034,0.483284926,0.477564911,0.486120913,0.495689319,0.471518715,0.475854723,0.5021691,0.461504173,0.456349135,0.509603536,0.424928431,0.458481984,0.495374238,0.524979544,0.502576467,0.483823323,0.46748257,0.499738573,0.46434023,0.496158469,0.481601837,,,,,,0.481601837,0.018536703,
None,M8.G.P,M8.G.P-Int,CV1,NA,AGDD,0.806209132,0.808398431,0.795257632,0.78865212,0.793368258,0.807309232,0.792899207,0.802893003,0.7870489,0.800721534,0.791663553,0.789765977,0.813559934,0.794235165,0.799341918,0.789707091,0.776584686,0.819001044,0.801913629,0.798552786,0.799277123,0.809042621,0.801921162,0.792492287,0.793689398,0.796262199,0.792885744,0.789758037,0.810676869,0.805171731,0.786887113,0.78701418,0.809413404,0.817624765,0.792612342,0.803188724,0.786828882,0.797514751,0.792305211,0.809382494,0.810215484,0.799081678,0.796503016,0.781289418,0.806842294,0.7801964,0.801330163,0.80863098,0.791630224,0.809192054,0.79831888,,,,,,0.79831888,0.009707415,
None,M8.G.P,M8.G.P-Int,CV1,NA,DAP,0.789514745,0.805107126,0.785187632,0.797319364,0.783090943,0.783782057,0.804795598,0.790255232,0.783999758,0.790164359,0.793608246,0.794779869,0.779987369,0.793192128,0.803600464,0.790048472,0.809724531,0.776742345,0.801128734,0.772003915,0.801181107,0.80087508,0.774956866,0.79102183,0.789407154,0.797225962,0.806998881,0.773757368,0.784486224,0.795058449,0.801798916,0.794509397,0.774377964,0.814243801,0.782458098,0.796482725,0.795014231,0.779732015,0.782226463,0.801445344,0.768792803,0.791521839,0.81335611,0.785572826,0.805484584,0.819733073,0.792225625,0.774120548,0.784704816,0.79662462,0.791948552,,,,,,0.791948552,0.011793138,
None,M9.G.P,M9.G.P.W,CV1,NA,AGDD,0.601503993,0.607413804,0.58339447,0.581244281,0.597188095,0.62269059,0.586549718,0.583194904,0.604464834,0.575511124,0.580885208,0.604333162,0.616151345,0.576486215,0.599836024,0.584839463,0.574062197,0.624506593,0.595949203,0.588873631,0.620091726,0.582915761,0.591430195,0.585703659,0.595711671,0.599540872,0.591471099,0.580873412,0.595314513,0.610936334,0.566360941,0.60735725,0.599547873,0.602853706,0.596972727,0.606219071,0.608735235,0.583627977,0.595822432,0.580376851,0.586946515,0.615142535,0.585804644,0.586981201,0.601942783,0.573923599,0.609660703,0.598194085,0.563098237,0.632193042,0.59489659,,,,,,0.59489659,0.015212513,
None,M9.G.P,M9.G.P.W,CV1,NA,DAP,0.563669137,0.588119853,0.576240063,0.566556006,0.573125671,0.552092892,0.590828174,0.557553108,0.589619445,0.569666667,0.563416959,0.570280971,0.565510587,0.561545966,0.601594849,0.574157259,0.584879293,0.544662679,0.601748403,0.547980133,0.590579221,0.585875502,0.541614646,0.567357936,0.576664928,0.57936229,0.592465844,0.544881738,0.569962653,0.579203857,0.58829857,0.578176746,0.569516516,0.582862494,0.549583725,0.580793766,0.588699888,0.560149811,0.550248082,0.581864495,0.505755009,0.570049345,0.592512906,0.608540905,0.582568378,0.592115054,0.57769657,0.569237729,0.560885802,0.565600661,0.572527464,,,,,,0.572527464,0.018493631,
None,M1.G,M1.G,CV2,NA,AGDD,0.473454572,0.475921609,0.483790997,0.476640869,0.485111019,0.472959073,0.477917733,0.480095878,0.479354065,0.48439981,0.474512884,0.477987291,0.482371517,0.48365273,0.475816514,0.481058297,0.477674411,0.479017971,0.476475365,0.480522455,0.476821943,0.480515984,0.478493077,0.481722645,0.476596488,0.472883131,0.477304188,0.485897719,0.477982266,0.480181042,0.477084441,0.482634629,0.482954714,0.477451633,0.473500528,0.477251446,0.463973111,0.482797878,0.482380106,0.486689509,0.48094947,0.471301926,0.479156069,0.480850564,0.481937836,0.480071195,0.478436193,0.48836797,0.479007426,0.467811347,0.478834831,,,,,,0.478834831,0.004587507,
None,M1.G,M1.G,CV2,NA,DAP,0.47395991,0.467857005,0.472121252,0.481597232,0.479021408,0.475501899,0.471680886,0.482471997,0.468152592,0.475873362,0.478537747,0.473784281,0.479492064,0.47623303,0.465647356,0.478713193,0.479825125,0.479260379,0.467176837,0.469455337,0.474206982,0.473738132,0.479595334,0.474449269,0.472015942,0.475091265,0.478512892,0.473431938,0.468287881,0.478294262,0.474043081,0.47804962,0.468281676,0.477257623,0.475559213,0.477253975,0.465489055,0.477954479,0.480530228,0.472371974,0.479836539,0.484335117,0.475251416,0.465515687,0.468192821,0.47777895,0.482254109,0.470348625,0.46783457,0.47490373,0.474740586,,,,,,0.474740586,0.004923497,
None,M1.P,M1.P,CV2,NA,AGDD,0.216903933,0.209523506,0.212088598,0.210883301,0.217437106,0.200458228,0.20707627,0.222025861,0.215155009,0.221894609,0.214458643,0.209784269,0.21238872,0.219120199,0.210216677,0.212328877,0.21236885,0.211542242,0.213558984,0.216664106,0.216186758,0.221268703,0.228238649,0.208025561,0.192938734,0.223802138,0.20988746,0.215785992,0.209551858,0.207618115,0.228984991,0.202807126,0.217294642,0.215639718,0.201335838,0.217155628,0.197586791,0.217578959,0.213980601,0.219869575,0.214864808,0.218935182,0.208444391,0.220381998,0.205476726,0.212241602,0.218594135,0.223016905,0.215504971,0.198267069,0.213342872,,,,,,0.213342872,0.00750874,
None,M1.P,M1.P,CV2,NA,DAP,0.205388831,0.191272611,0.18963867,0.190898366,0.186674143,0.196691291,0.188779475,0.194570601,0.178607677,0.204953433,0.193664259,0.196039194,0.191811381,0.197488653,0.186512276,0.201488804,0.192954659,0.191216693,0.185329095,0.195641438,0.196362859,0.191696543,0.200667414,0.199819344,0.176140248,0.183860003,0.194226845,0.205102888,0.194579649,0.18586313,0.191451754,0.194285636,0.178036529,0.197344477,0.204208886,0.194117922,0.179685227,0.200009548,0.200048634,0.192580242,0.207488553,0.194627077,0.183561454,0.178640709,0.201351892,0.188914169,0.192454326,0.197365063,0.198420734,0.186878213,0.19298823,,,,,,0.19298823,0.007597684,
None,M10.G.P,M10.G.P.W-Int,CV2,NA,AGDD,0.647216639,0.644218048,0.646617845,0.647031195,0.649837776,0.640977219,0.651085325,0.649725245,0.644783295,0.64928732,0.648654205,0.646899902,0.646615646,0.649471372,0.64404423,0.648868631,0.650700426,0.638727316,0.64819978,0.649416813,0.644708461,0.649600804,0.64734974,0.648026582,0.645096773,0.646852977,0.646040141,0.651142122,0.645029126,0.646951495,0.649960307,0.645451597,0.648007435,0.644816672,0.647582657,0.648113813,0.638655202,0.650243827,0.648850949,0.649124776,0.647418308,0.64376444,0.647601068,0.64671811,0.649162913,0.652206001,0.645597509,0.643096401,0.653027854,0.641448203,0.64708049,,,,,,0.64708049,0.003095387,
None,M10.G.P,M10.G.P.W-Int,CV2,NA,DAP,0.617146659,0.615160925,0.615956276,0.620898376,0.618378913,0.617918598,0.613359886,0.621573376,0.615541853,0.619190119,0.619171269,0.617375041,0.621071428,0.616574899,0.612472734,0.619421457,0.618455118,0.621315179,0.60920887,0.62112085,0.61769628,0.615781033,0.620621566,0.617035483,0.61502691,0.618023389,0.613900066,0.618898157,0.616466655,0.618729715,0.614455049,0.618852275,0.616711371,0.616938394,0.620267086,0.615341546,0.614227015,0.619058357,0.621733097,0.616999288,0.626804095,0.619058927,0.613132011,0.608760334,0.617704845,0.615440974,0.61723019,0.620386444,0.614675485,0.618365043,0.617392658,,,,,,0.617392658,0.003198856,
None,M2.G,M2.G,CV2,NA,AGDD,0.482936756,0.484794184,0.492051995,0.485157568,0.494684408,0.481957632,0.487607123,0.488599737,0.488707468,0.493021391,0.483165385,0.486756457,0.491685208,0.492663214,0.484417348,0.489350111,0.486368302,0.487049713,0.487278761,0.489463848,0.486983075,0.488889493,0.486797009,0.490841547,0.484711441,0.481401166,0.485760343,0.494584051,0.48722886,0.489359502,0.485391005,0.491480439,0.49179585,0.487762746,0.481925663,0.485647654,0.472676654,0.49189481,0.492067984,0.49530561,0.490371798,0.479773682,0.487542956,0.488693549,0.49200822,0.489033102,0.487041447,0.497001713,0.488133973,0.476986614,0.487736171,,,,,,0.487736171,0.004633714,
None,M2.G,M2.G,CV2,NA,DAP,0.481831188,0.477628927,0.481241934,0.491423516,0.487246128,0.485261874,0.481111716,0.492026984,0.477897484,0.483781723,0.488358471,0.481478691,0.488599243,0.486275005,0.474562578,0.488130188,0.488696475,0.488911619,0.475808114,0.47907895,0.482910167,0.482653629,0.488254267,0.48357645,0.480929689,0.484677759,0.487716768,0.481545082,0.476982194,0.487794289,0.482306719,0.487603077,0.477381723,0.48660864,0.485166233,0.485419811,0.475108802,0.488004028,0.489258606,0.481541607,0.488808081,0.493653136,0.484315833,0.473499384,0.47795886,0.487108541,0.491671551,0.479531315,0.477008955,0.483938387,0.483845688,,,,,,0.483845688,0.005026684,
None,M3.G,M3.G-Int,CV2,NA,AGDD,0.903081685,0.904736363,0.908426655,0.906017525,0.905383854,0.903226962,0.909410996,0.907242815,0.906958171,0.9015828,0.904341905,0.906731203,0.905081233,0.907621883,0.903996141,0.907945796,0.904954329,0.903866714,0.906183595,0.906310667,0.909975413,0.903338734,0.903093811,0.907633571,0.903150857,0.907461194,0.904638917,0.904419348,0.904971018,0.907081827,0.907582327,0.907762459,0.904113514,0.90448685,0.904171264,0.906447472,0.907046838,0.903773435,0.906600361,0.905641889,0.904732949,0.903286035,0.907643275,0.90509146,0.906204353,0.910265355,0.905180735,0.903932472,0.905886523,0.902528748,0.905624886,,,,,,0.905624886,0.001974836,
None,M3.G,M3.G-Int,CV2,NA,DAP,0.90597965,0.905081465,0.906938062,0.90583972,0.903932634,0.902176464,0.906829015,0.907337317,0.908931975,0.902136422,0.906962259,0.904311957,0.905720625,0.903960538,0.904475763,0.907213613,0.904057326,0.907343217,0.902945963,0.907628085,0.906926444,0.905364924,0.90438002,0.905795475,0.904569841,0.905297018,0.902986342,0.90351938,0.905458798,0.908763182,0.906084331,0.906622974,0.90632195,0.903172947,0.903217007,0.904591174,0.905459107,0.905643293,0.906909445,0.905508443,0.901999103,0.9056809,0.903462563,0.906329946,0.908057,0.903031394,0.9053102,0.912009685,0.902286014,0.904770467,0.905386629,,,,,,0.905386629,0.001990461,
None,M3.P,M3.P-Int,CV2,NA,AGDD,0.291873555,0.288361825,0.288393132,0.288480039,0.290310723,0.285045852,0.287385903,0.296597727,0.288718124,0.298497303,0.290870419,0.29349661,0.292780994,0.299139248,0.284237058,0.294543373,0.283040058,0.29309939,0.287005594,0.294614692,0.297422906,0.29258262,0.300305277,0.28830618,0.275337588,0.300432424,0.281759056,0.291636331,0.288139994,0.288857937,0.303556645,0.290710123,0.289533581,0.290637362,0.27746212,0.291945278,0.278921514,0.290742236,0.294935368,0.298878989,0.296339748,0.285928102,0.289478803,0.293712863,0.289989863,0.296206103,0.287805581,0.299810481,0.293651015,0.277979202,0.290789938,,,,,,0.290789938,0.006203627,0.004331437
None,M3.P,M3.P-Int,CV2,NA,DAP,0.295268702,0.278152867,0.283111703,0.280990172,0.289887772,0.287881883,0.284585008,0.288451878,0.275057287,0.293336104,0.290663438,0.285798081,0.29112674,0.287066639,0.280580626,0.296044502,0.282217291,0.285728306,0.27644075,0.287366435,0.285498849,0.285563452,0.296362553,0.281531316,0.274549357,0.296118697,0.287680486,0.282420373,0.280931403,0.287430576,0.29167888,0.294394263,0.275475308,0.28511944,0.28426367,0.284830488,0.286900643,0.287503258,0.283240282,0.286979899,0.298851655,0.291099751,0.27543326,0.277763411,0.2832388,0.284372705,0.290697363,0.279912932,0.287618801,0.281743582,0.285779233,,,,,,0.285779233,0.005995884,
None,M4.G,M4.G.W,CV2,NA,AGDD,0.596841007,0.597695073,0.605176401,0.600017791,0.601954219,0.592362622,0.605686418,0.601471938,0.596146846,0.605722923,0.601484151,0.600501683,0.598007585,0.603018878,0.598055732,0.604659318,0.601381689,0.591923579,0.600769018,0.602370911,0.595067461,0.602712281,0.597621242,0.604487351,0.600093473,0.597959673,0.59771084,0.605648609,0.599715648,0.5997179,0.602223971,0.599746086,0.600567975,0.598032726,0.59969776,0.597276022,0.59159213,0.604262188,0.602206164,0.605061273,0.603372974,0.593488868,0.6018359,0.600733071,0.600756764,0.603878465,0.597912548,0.600080384,0.608201284,0.590762275,0.600153422,,,,,,0.600153422,0.003950742,
None,M4.G,M4.G.W,CV2,NA,DAP,0.578287525,0.575580526,0.577471789,0.584911801,0.576000352,0.58142529,0.576006188,0.583979863,0.573498807,0.57760541,0.580530349,0.578547174,0.581555553,0.582508779,0.56869709,0.579359749,0.581192103,0.585069586,0.567572294,0.579354592,0.574883026,0.576050426,0.584852587,0.580624306,0.575208907,0.582787967,0.574183061,0.580112265,0.574937851,0.579926987,0.574155416,0.579201898,0.576403901,0.579045092,0.583559224,0.575324575,0.571080839,0.580897133,0.585968547,0.578540547,0.590438519,0.582915397,0.576552443,0.567100586,0.574293885,0.577746134,0.581951625,0.578475538,0.572354884,0.581747242,0.578409513,,,,,,0.578409513,0.004746203,
None,M4.P,M4.P.W,CV2,NA,AGDD,0.545998886,0.54414163,0.549888701,0.549373033,0.542429149,0.538864513,0.54933029,0.548329376,0.540783452,0.554307964,0.552146338,0.543893316,0.538860519,0.549709992,0.546923116,0.548185221,0.553492474,0.536938949,0.546110135,0.546952585,0.53889372,0.54932387,0.548380416,0.549230703,0.546318063,0.54837879,0.546152984,0.548750598,0.546356809,0.541947243,0.555733568,0.539562849,0.543475127,0.546153399,0.546956184,0.543230469,0.544989456,0.550132384,0.542938474,0.550392697,0.549338699,0.544088207,0.547749359,0.547531933,0.543084967,0.5503891,0.544338134,0.541819191,0.557996606,0.537444533,0.546354763,,,,,,0.546354763,0.004612811,
None,M4.P,M4.P.W,CV2,NA,DAP,0.502577724,0.496935725,0.496388324,0.49780589,0.489034078,0.503698589,0.492571638,0.498006654,0.490935324,0.497353467,0.497629784,0.499987843,0.497759547,0.498652627,0.489243547,0.494703713,0.49513695,0.501540503,0.486467937,0.505638672,0.491304382,0.492721467,0.505005764,0.500771057,0.493189193,0.49800538,0.48779371,0.506368053,0.497896241,0.492678955,0.49033342,0.493873594,0.495753837,0.495402402,0.50788138,0.492775885,0.490335268,0.498370802,0.503226376,0.498818917,0.513461093,0.494245601,0.490198686,0.48657512,0.499033021,0.488715041,0.491321303,0.501226815,0.498966264,0.502419065,0.496614733,,,,,,0.496614733,0.00586831,
None,M5.G,M5.G.W-Int,CV2,NA,AGDD,0.630311202,0.628308126,0.633071787,0.630990989,0.635121655,0.623805824,0.63823484,0.632720414,0.628595415,0.634821445,0.633032848,0.632797548,0.630737478,0.632556969,0.628221569,0.635384113,0.634514696,0.623061334,0.630999041,0.633030162,0.628210118,0.635427069,0.630887887,0.63255308,0.630030798,0.631231938,0.629553907,0.635647228,0.629814507,0.631012713,0.63316178,0.630817102,0.631026731,0.627995928,0.633147233,0.630354154,0.624174861,0.635580655,0.63359561,0.633484475,0.631892288,0.628068331,0.63199656,0.630055011,0.634071414,0.636074732,0.63213317,0.627280059,0.636998025,0.624731968,0.631426536,,,,,,0.631426536,0.003367373,
None,M5.G,M5.G.W-Int,CV2,NA,DAP,0.599931935,0.600800388,0.600426448,0.607382143,0.601060613,0.602551074,0.598693445,0.605937029,0.600174035,0.601825798,0.602130134,0.600967332,0.606108584,0.603964694,0.596056053,0.603541369,0.604927667,0.607691937,0.592015841,0.602752464,0.601724333,0.599834754,0.605548412,0.602592147,0.598894835,0.604705942,0.597937158,0.602225132,0.599814933,0.604162136,0.598381249,0.601710627,0.601974433,0.603459755,0.604365189,0.598563867,0.596637533,0.604719644,0.606620582,0.603102419,0.612172567,0.60530603,0.599650924,0.592140128,0.599375812,0.600123028,0.604223801,0.605911117,0.594462285,0.604101158,0.601867618,,,,,,0.601867618,0.003857547,
None,M5.P,M5.P.W-Int,CV2,NA,AGDD,0.552586825,0.549755591,0.555017877,0.55393009,0.548964575,0.545237333,0.554850029,0.555004266,0.547082776,0.558236424,0.556745172,0.550444817,0.545307403,0.555048214,0.552487586,0.554103406,0.557664812,0.543014479,0.552243766,0.553112236,0.547259577,0.553616195,0.553942319,0.555827216,0.550440897,0.555156032,0.551389356,0.553727319,0.551130994,0.548912837,0.560859964,0.54590873,0.549925603,0.551590947,0.552573202,0.55059301,0.54996759,0.554396971,0.550055509,0.555051848,0.55382259,0.548258915,0.554159161,0.554201143,0.549881516,0.557028978,0.548024797,0.547613316,0.563941941,0.543893727,0.552079798,,,,,,0.552079798,0.004203326,
None,M5.P,M5.P.W-Int,CV2,NA,DAP,0.506556736,0.499690974,0.498678014,0.500580797,0.491167325,0.507458943,0.496657595,0.501053,0.493013202,0.49900321,0.500330151,0.502793011,0.500515729,0.501058709,0.492548324,0.496944885,0.497875893,0.502829116,0.488624967,0.510803466,0.494359256,0.495951797,0.507847321,0.503339696,0.49570809,0.502484112,0.490668082,0.507877507,0.499527698,0.496139854,0.49529742,0.496957858,0.497423859,0.498215117,0.510025693,0.496003741,0.493181038,0.499938808,0.506414469,0.501036262,0.515704773,0.495736122,0.494003651,0.489408176,0.501702273,0.491523319,0.492797898,0.504030629,0.502428555,0.505915214,0.499396647,,,,,,0.499396647,0.005904689,
None,M6.G.P,M6.G.P,CV2,NA,AGDD,0.5092317,0.510283082,0.514694554,0.51363365,0.520083083,0.506920721,0.512040482,0.51660149,0.51500317,0.517455099,0.50963237,0.510557453,0.516865045,0.521236145,0.509145498,0.516217031,0.511366294,0.514547269,0.510406021,0.515270056,0.511264067,0.516718718,0.51662999,0.514402369,0.509174576,0.507488375,0.513434734,0.520407558,0.513354214,0.513553818,0.516983051,0.514856388,0.517187146,0.511003713,0.507670969,0.514043123,0.498710339,0.516290921,0.518221876,0.519782033,0.515845813,0.507078021,0.516676699,0.515413895,0.513755568,0.516622996,0.512649104,0.522251715,0.513271953,0.502935376,0.513577387,,,,,,0.513577387,0.00458411,
None,M6.G.P,M6.G.P,CV2,NA,DAP,0.508394274,0.501448618,0.505401503,0.512468453,0.513349679,0.508525477,0.503994252,0.515292843,0.502516531,0.510575777,0.512758286,0.505686533,0.51195179,0.508367725,0.502132659,0.509709345,0.510563685,0.512234178,0.503676429,0.505771401,0.50819447,0.507417075,0.512044835,0.506744153,0.50644747,0.50569485,0.511643311,0.508787941,0.506121137,0.508351152,0.508208279,0.511699465,0.50412519,0.507228447,0.509206076,0.511083052,0.501455373,0.509732485,0.51554514,0.502782311,0.516058411,0.516358205,0.506590504,0.496794029,0.504357261,0.510903351,0.513321586,0.502294725,0.508415473,0.505482905,0.508158162,,,,,,0.508158162,0.004280797,
None,M7.G.P,M7.G.P,CV2,NA,AGDD,0.515682463,0.516292575,0.520303396,0.51955484,0.526630772,0.512684125,0.51832654,0.52219697,0.521828055,0.524139953,0.515122261,0.51665435,0.523327195,0.527935497,0.515150804,0.522006802,0.517655573,0.519574945,0.517978003,0.521763053,0.518128138,0.52274452,0.522134867,0.520380058,0.514862862,0.513524694,0.519192464,0.525940183,0.519970528,0.52039145,0.522640261,0.520791214,0.523518687,0.517644822,0.513771957,0.520054474,0.505007937,0.522528543,0.524666766,0.525783523,0.522189374,0.513111567,0.522053183,0.520847979,0.520904735,0.5227908,0.518405743,0.528122963,0.519280867,0.509133983,0.519706546,,,,,,0.519706546,0.004578474,
None,M7.G.P,M7.G.P,CV2,NA,DAP,0.513761297,0.508393414,0.512233401,0.519793183,0.519311009,0.515148746,0.510545012,0.521439409,0.509358949,0.516971756,0.51997512,0.511537392,0.518417826,0.514976308,0.508310251,0.516381255,0.517384561,0.518822577,0.510070891,0.512204074,0.514565466,0.513703472,0.518030497,0.513382904,0.513025688,0.512324274,0.518683609,0.514437092,0.512023593,0.515828219,0.513799851,0.518633329,0.51107567,0.513812697,0.515638099,0.516807216,0.508262819,0.516854919,0.521488374,0.509966221,0.521981531,0.52298902,0.513468686,0.502707178,0.510944115,0.517779771,0.520060628,0.508794195,0.514038694,0.51223525,0.51464759,,,,,,0.51464759,0.004274192,
None,M8.G.P,M8.G.P-Int,CV2,NA,AGDD,0.910408109,0.909926902,0.916144938,0.913605348,0.912203101,0.91131091,0.915146533,0.91265585,0.913708357,0.909435727,0.911055397,0.915686647,0.91254472,0.913744667,0.911002163,0.915306671,0.911730605,0.91050223,0.913088065,0.913572794,0.916325977,0.910501505,0.910788276,0.915236259,0.910044772,0.915528063,0.9101624,0.912512818,0.911537527,0.913418506,0.914175331,0.915234839,0.911948462,0.910778437,0.910833429,0.913698163,0.913573131,0.912080493,0.913043918,0.911670175,0.911434824,0.910892716,0.914730279,0.913555874,0.9119686,0.917255937,0.911275962,0.911613499,0.912928248,0.910062746,0.912631818,,,,,,0.912631818,0.001951899,
None,M8.G.P,M8.G.P-Int,CV2,NA,DAP,0.911877292,0.910162708,0.91255392,0.910671849,0.909821148,0.90842008,0.911564346,0.912443395,0.914147336,0.908098688,0.913793561,0.910694429,0.912483468,0.908948765,0.908910649,0.913476687,0.909460957,0.912316334,0.908472399,0.913558023,0.912946013,0.910493443,0.910523253,0.911051633,0.910321922,0.910864615,0.908670781,0.910788155,0.91077287,0.913978509,0.910706979,0.912324789,0.911756273,0.908803017,0.909272948,0.91143758,0.910849132,0.911743059,0.912724963,0.910372303,0.909526919,0.910778771,0.908985168,0.912078886,0.913428448,0.908214143,0.911259939,0.915905993,0.908831261,0.910757766,0.911040911,,,,,,0.911040911,0.001795807,
None,M9.G.P,M9.G.P.W,CV2,NA,AGDD,0.614887721,0.614280988,0.620715935,0.619220265,0.618841745,0.609977134,0.62075253,0.619935601,0.614232983,0.622913647,0.619098707,0.616050598,0.615159476,0.621905401,0.615327655,0.62111858,0.618493061,0.611064732,0.617679855,0.61954185,0.61307079,0.620856811,0.617143831,0.620520813,0.615869561,0.614804551,0.616275827,0.62257909,0.618280254,0.615654278,0.621979981,0.615058331,0.618682612,0.616042002,0.616008558,0.615821996,0.608203549,0.621341478,0.619046043,0.623030093,0.620791629,0.6110743,0.619736693,0.618770118,0.617482282,0.622024752,0.613763506,0.618187633,0.625126101,0.60821937,0.617532906,,,,,,0.617532906,0.003852732,
None,M9.G.P,M9.G.P.W,CV2,NA,DAP,0.599123784,0.593787864,0.596456271,0.601916408,0.597679907,0.600282779,0.594678639,0.602231432,0.593263594,0.598685748,0.601712774,0.598173154,0.601061937,0.598264453,0.590172891,0.59791513,0.598252543,0.603421713,0.589431913,0.600500486,0.59570965,0.59569124,0.603452965,0.598813977,0.595134794,0.598836598,0.594620614,0.601207074,0.596499766,0.597604625,0.593809083,0.598733514,0.596289967,0.597412122,0.602704416,0.596509623,0.592620562,0.599566192,0.604034662,0.596621668,0.609419677,0.601115035,0.594207411,0.586997996,0.596738828,0.596600433,0.598687372,0.597798959,0.596497117,0.599609035,0.597811168,,,,,,0.597811168,0.00393734,
