chr,start,end,gene_id,peak_pos,LOD,Phenotype,Env.Tester,Env,Tester,biotype,briefDescription,description,exceptionNote,id,length,name,note,primaryIdentifier,score,scoreType,secondaryIdentifier,source,status,symbol,organism.name,chromosome.primaryIdentifier,chromosomeLocation.start,chromosomeLocation.end,goAnnotation.ontologyTerm.identifier
chr3,173839418,173842985,Zm00001eb145150,173840602,6.86111035810503,DTA.BLUE,DEH1.2020.PHP02,DEH1.2020,PHP02,protein_coding,,LOB domain-containing protein,,216730348.0,3568.0,,,Zm00001eb145150,,,,B73 Zm00001eb.1,,,Zea mays,chr3,173839418.0,173842985.0,GO:0005515
chr3,173839418,173842985,Zm00001eb145150,173840602,6.86111035810503,DTA.BLUE,DEH1.2020.PHP02,DEH1.2020,PHP02,protein_coding,,LOB domain-containing protein,,216730348.0,3568.0,,,Zm00001eb145150,,,,B73 Zm00001eb.1,,,Zea mays,chr3,173839418.0,173842985.0,GO:0005634
chr3,173839418,173842985,Zm00001eb145150,173840602,6.86111035810503,DTA.BLUE,DEH1.2020.PHP02,DEH1.2020,PHP02,protein_coding,,LOB domain-containing protein,,216730348.0,3568.0,,,Zm00001eb145150,,,,B73 Zm00001eb.1,,,Zea mays,chr3,173839418.0,173842985.0,GO:0009799
chr3,173839418,173842985,Zm00001eb145150,173840602,6.86111035810503,DTA.BLUE,DEH1.2020.PHP02,DEH1.2020,PHP02,protein_coding,,LOB domain-containing protein,,216730348.0,3568.0,,,Zm00001eb145150,,,,B73 Zm00001eb.1,,,Zea mays,chr3,173839418.0,173842985.0,GO:0009944
chr3,173839418,173842985,Zm00001eb145150,173840602,6.86111035810503,DTA.BLUE,DEH1.2020.PHP02,DEH1.2020,PHP02,protein_coding,,LOB domain-containing protein,,216730348.0,3568.0,,,Zm00001eb145150,,,,B73 Zm00001eb.1,,,Zea mays,chr3,173839418.0,173842985.0,GO:0009954
chr3,173839418,173842985,Zm00001eb145150,173840602,6.86111035810503,DTA.BLUE,DEH1.2020.PHP02,DEH1.2020,PHP02,protein_coding,,LOB domain-containing protein,,216730348.0,3568.0,,,Zm00001eb145150,,,,B73 Zm00001eb.1,,,Zea mays,chr3,173839418.0,173842985.0,GO:0048441
chr3,173839418,173842985,Zm00001eb145150,173840602,6.86111035810503,DTA.BLUE,DEH1.2020.PHP02,DEH1.2020,PHP02,protein_coding,,LOB domain-containing protein,,216730348.0,3568.0,,,Zm00001eb145150,,,,B73 Zm00001eb.1,,,Zea mays,chr3,173839418.0,173842985.0,GO:0070013
chr3,173841559,173842125,Zm00001eb145160,173840602,6.86111035810503,DTA.BLUE,DEH1.2020.PHP02,DEH1.2020,PHP02,,,,,,,,,,,,,,,,,,,,
chr3,23049417,23057160,Zm00001eb125400,23121706,8.28336421453708,DTS.BLUE,DEH1.2020.PHP02,DEH1.2020,PHP02,protein_coding,,Metal tolerance protein 10,,216629421.0,7744.0,,,Zm00001eb125400,,,,B73 Zm00001eb.1,,,Zea mays,chr3,23049417.0,23057160.0,GO:0005774
chr3,23049417,23057160,Zm00001eb125400,23121706,8.28336421453708,DTS.BLUE,DEH1.2020.PHP02,DEH1.2020,PHP02,protein_coding,,Metal tolerance protein 10,,216629421.0,7744.0,,,Zm00001eb125400,,,,B73 Zm00001eb.1,,,Zea mays,chr3,23049417.0,23057160.0,GO:0005886
chr3,23049417,23057160,Zm00001eb125400,23121706,8.28336421453708,DTS.BLUE,DEH1.2020.PHP02,DEH1.2020,PHP02,protein_coding,,Metal tolerance protein 10,,216629421.0,7744.0,,,Zm00001eb125400,,,,B73 Zm00001eb.1,,,Zea mays,chr3,23049417.0,23057160.0,GO:0008324
chr3,23049417,23057160,Zm00001eb125400,23121706,8.28336421453708,DTS.BLUE,DEH1.2020.PHP02,DEH1.2020,PHP02,protein_coding,,Metal tolerance protein 10,,216629421.0,7744.0,,,Zm00001eb125400,,,,B73 Zm00001eb.1,,,Zea mays,chr3,23049417.0,23057160.0,GO:0009787
chr3,23049417,23057160,Zm00001eb125400,23121706,8.28336421453708,DTS.BLUE,DEH1.2020.PHP02,DEH1.2020,PHP02,protein_coding,,Metal tolerance protein 10,,216629421.0,7744.0,,,Zm00001eb125400,,,,B73 Zm00001eb.1,,,Zea mays,chr3,23049417.0,23057160.0,GO:0016021
chr3,23049417,23057160,Zm00001eb125400,23121706,8.28336421453708,DTS.BLUE,DEH1.2020.PHP02,DEH1.2020,PHP02,protein_coding,,Metal tolerance protein 10,,216629421.0,7744.0,,,Zm00001eb125400,,,,B73 Zm00001eb.1,,,Zea mays,chr3,23049417.0,23057160.0,GO:0098655
chr3,23049417,23057160,Zm00001eb125400,23121706,8.28336421453708,DTS.BLUE,DEH1.2020.PHP02,DEH1.2020,PHP02,protein_coding,,Metal tolerance protein 10,,216629421.0,7744.0,,,Zm00001eb125400,,,,B73 Zm00001eb.1,,,Zea mays,chr3,23049417.0,23057160.0,GO:2000022
chr3,23049417,23057160,Zm00001eb125400,23121706,8.28336421453708,DTS.BLUE,DEH1.2020.PHP02,DEH1.2020,PHP02,protein_coding,,Metal tolerance protein 10,,216629421.0,7744.0,,,Zm00001eb125400,,,,B73 Zm00001eb.1,,,Zea mays,chr3,23049417.0,23057160.0,GO:2000031
chr3,23121682,23122379,Zm00001eb125410,23121706,8.28336421453708,DTS.BLUE,DEH1.2020.PHP02,DEH1.2020,PHP02,,,,,,,,,,,,,,,,,,,,
chr3,23140824,23142180,Zm00001eb125420,23121706,8.28336421453708,DTS.BLUE,DEH1.2020.PHP02,DEH1.2020,PHP02,protein_coding,,LOB domain-containing protein,,216629492.0,1357.0,,,Zm00001eb125420,,,,B73 Zm00001eb.1,,,Zea mays,chr3,23140824.0,23142180.0,GO:0004088
chr3,23140824,23142180,Zm00001eb125420,23121706,8.28336421453708,DTS.BLUE,DEH1.2020.PHP02,DEH1.2020,PHP02,protein_coding,,LOB domain-containing protein,,216629492.0,1357.0,,,Zm00001eb125420,,,,B73 Zm00001eb.1,,,Zea mays,chr3,23140824.0,23142180.0,GO:0010468
chr3,23215976,23219232,Zm00001eb125430,23121706,8.28336421453708,DTS.BLUE,DEH1.2020.PHP02,DEH1.2020,PHP02,protein_coding,,DNA ligase,,216629507.0,3257.0,,,Zm00001eb125430,,,,B73 Zm00001eb.1,,,Zea mays,chr3,23215976.0,23219232.0,GO:0016021
chr3,23215976,23219232,Zm00001eb125430,23121706,8.28336421453708,DTS.BLUE,DEH1.2020.PHP02,DEH1.2020,PHP02,protein_coding,,DNA ligase,,216629507.0,3257.0,,,Zm00001eb125430,,,,B73 Zm00001eb.1,,,Zea mays,chr3,23215976.0,23219232.0,GO:0016874
chr4,150238477,150256136,Zm00001eb185420,150354026,6.14997679648542,Yield.t.ha.BLUE,DEH1.2020.PHP02,DEH1.2020,PHP02,,,,,,,,,,,,,,,,,,,,
chr4,150312700,150314075,Zm00001eb185430,150354026,6.14997679648542,Yield.t.ha.BLUE,DEH1.2020.PHP02,DEH1.2020,PHP02,protein_coding,,Protein phosphatase,,216937764.0,1376.0,,,Zm00001eb185430,,,,B73 Zm00001eb.1,,,Zea mays,chr4,150312700.0,150314075.0,GO:0006470
chr4,150312700,150314075,Zm00001eb185430,150354026,6.14997679648542,Yield.t.ha.BLUE,DEH1.2020.PHP02,DEH1.2020,PHP02,protein_coding,,Protein phosphatase,,216937764.0,1376.0,,,Zm00001eb185430,,,,B73 Zm00001eb.1,,,Zea mays,chr4,150312700.0,150314075.0,GO:0009570
chr4,150312700,150314075,Zm00001eb185430,150354026,6.14997679648542,Yield.t.ha.BLUE,DEH1.2020.PHP02,DEH1.2020,PHP02,protein_coding,,Protein phosphatase,,216937764.0,1376.0,,,Zm00001eb185430,,,,B73 Zm00001eb.1,,,Zea mays,chr4,150312700.0,150314075.0,GO:0010027
chr4,150312700,150314075,Zm00001eb185430,150354026,6.14997679648542,Yield.t.ha.BLUE,DEH1.2020.PHP02,DEH1.2020,PHP02,protein_coding,,Protein phosphatase,,216937764.0,1376.0,,,Zm00001eb185430,,,,B73 Zm00001eb.1,,,Zea mays,chr4,150312700.0,150314075.0,GO:0017018
chr4,150312700,150314075,Zm00001eb185430,150354026,6.14997679648542,Yield.t.ha.BLUE,DEH1.2020.PHP02,DEH1.2020,PHP02,protein_coding,,Protein phosphatase,,216937764.0,1376.0,,,Zm00001eb185430,,,,B73 Zm00001eb.1,,,Zea mays,chr4,150312700.0,150314075.0,GO:0046872
chr4,150312700,150314075,Zm00001eb185430,150354026,6.14997679648542,Yield.t.ha.BLUE,DEH1.2020.PHP02,DEH1.2020,PHP02,protein_coding,,Protein phosphatase,,216937764.0,1376.0,,,Zm00001eb185430,,,,B73 Zm00001eb.1,,,Zea mays,chr4,150312700.0,150314075.0,GO:0071482
chr4,150312700,150314075,Zm00001eb185430,150354026,6.14997679648542,Yield.t.ha.BLUE,DEH1.2020.PHP02,DEH1.2020,PHP02,protein_coding,,Protein phosphatase,,216937764.0,1376.0,,,Zm00001eb185430,,,,B73 Zm00001eb.1,,,Zea mays,chr4,150312700.0,150314075.0,GO:0106306
chr4,150312700,150314075,Zm00001eb185430,150354026,6.14997679648542,Yield.t.ha.BLUE,DEH1.2020.PHP02,DEH1.2020,PHP02,protein_coding,,Protein phosphatase,,216937764.0,1376.0,,,Zm00001eb185430,,,,B73 Zm00001eb.1,,,Zea mays,chr4,150312700.0,150314075.0,GO:0106307
chr4,150353626,150354624,Zm00001eb185440,150354026,6.14997679648542,Yield.t.ha.BLUE,DEH1.2020.PHP02,DEH1.2020,PHP02,protein_coding,,Protein phosphatase,,216937775.0,999.0,,,Zm00001eb185440,,,,B73 Zm00001eb.1,,,Zea mays,chr4,150353626.0,150354624.0,GO:0006470
chr4,150353626,150354624,Zm00001eb185440,150354026,6.14997679648542,Yield.t.ha.BLUE,DEH1.2020.PHP02,DEH1.2020,PHP02,protein_coding,,Protein phosphatase,,216937775.0,999.0,,,Zm00001eb185440,,,,B73 Zm00001eb.1,,,Zea mays,chr4,150353626.0,150354624.0,GO:0009570
chr4,150353626,150354624,Zm00001eb185440,150354026,6.14997679648542,Yield.t.ha.BLUE,DEH1.2020.PHP02,DEH1.2020,PHP02,protein_coding,,Protein phosphatase,,216937775.0,999.0,,,Zm00001eb185440,,,,B73 Zm00001eb.1,,,Zea mays,chr4,150353626.0,150354624.0,GO:0010027
chr4,150353626,150354624,Zm00001eb185440,150354026,6.14997679648542,Yield.t.ha.BLUE,DEH1.2020.PHP02,DEH1.2020,PHP02,protein_coding,,Protein phosphatase,,216937775.0,999.0,,,Zm00001eb185440,,,,B73 Zm00001eb.1,,,Zea mays,chr4,150353626.0,150354624.0,GO:0017018
chr4,150353626,150354624,Zm00001eb185440,150354026,6.14997679648542,Yield.t.ha.BLUE,DEH1.2020.PHP02,DEH1.2020,PHP02,protein_coding,,Protein phosphatase,,216937775.0,999.0,,,Zm00001eb185440,,,,B73 Zm00001eb.1,,,Zea mays,chr4,150353626.0,150354624.0,GO:0046872
chr4,150353626,150354624,Zm00001eb185440,150354026,6.14997679648542,Yield.t.ha.BLUE,DEH1.2020.PHP02,DEH1.2020,PHP02,protein_coding,,Protein phosphatase,,216937775.0,999.0,,,Zm00001eb185440,,,,B73 Zm00001eb.1,,,Zea mays,chr4,150353626.0,150354624.0,GO:0071482
chr4,150353626,150354624,Zm00001eb185440,150354026,6.14997679648542,Yield.t.ha.BLUE,DEH1.2020.PHP02,DEH1.2020,PHP02,protein_coding,,Protein phosphatase,,216937775.0,999.0,,,Zm00001eb185440,,,,B73 Zm00001eb.1,,,Zea mays,chr4,150353626.0,150354624.0,GO:0106306
chr4,150353626,150354624,Zm00001eb185440,150354026,6.14997679648542,Yield.t.ha.BLUE,DEH1.2020.PHP02,DEH1.2020,PHP02,protein_coding,,Protein phosphatase,,216937775.0,999.0,,,Zm00001eb185440,,,,B73 Zm00001eb.1,,,Zea mays,chr4,150353626.0,150354624.0,GO:0106307
chr4,150427729,150430721,Zm00001eb185450,150354026,6.14997679648542,Yield.t.ha.BLUE,DEH1.2020.PHP02,DEH1.2020,PHP02,protein_coding,,ATP-dependent Clp protease proteolytic subunit,,216937782.0,2993.0,,,Zm00001eb185450,,,,B73 Zm00001eb.1,,,Zea mays,chr4,150427729.0,150430721.0,GO:0004176
chr4,150427729,150430721,Zm00001eb185450,150354026,6.14997679648542,Yield.t.ha.BLUE,DEH1.2020.PHP02,DEH1.2020,PHP02,protein_coding,,ATP-dependent Clp protease proteolytic subunit,,216937782.0,2993.0,,,Zm00001eb185450,,,,B73 Zm00001eb.1,,,Zea mays,chr4,150427729.0,150430721.0,GO:0004252
chr4,150427729,150430721,Zm00001eb185450,150354026,6.14997679648542,Yield.t.ha.BLUE,DEH1.2020.PHP02,DEH1.2020,PHP02,protein_coding,,ATP-dependent Clp protease proteolytic subunit,,216937782.0,2993.0,,,Zm00001eb185450,,,,B73 Zm00001eb.1,,,Zea mays,chr4,150427729.0,150430721.0,GO:0005739
chr4,150427729,150430721,Zm00001eb185450,150354026,6.14997679648542,Yield.t.ha.BLUE,DEH1.2020.PHP02,DEH1.2020,PHP02,protein_coding,,ATP-dependent Clp protease proteolytic subunit,,216937782.0,2993.0,,,Zm00001eb185450,,,,B73 Zm00001eb.1,,,Zea mays,chr4,150427729.0,150430721.0,GO:0006508
chr4,150427729,150430721,Zm00001eb185450,150354026,6.14997679648542,Yield.t.ha.BLUE,DEH1.2020.PHP02,DEH1.2020,PHP02,protein_coding,,ATP-dependent Clp protease proteolytic subunit,,216937782.0,2993.0,,,Zm00001eb185450,,,,B73 Zm00001eb.1,,,Zea mays,chr4,150427729.0,150430721.0,GO:0008270
chr4,150427729,150430721,Zm00001eb185450,150354026,6.14997679648542,Yield.t.ha.BLUE,DEH1.2020.PHP02,DEH1.2020,PHP02,protein_coding,,ATP-dependent Clp protease proteolytic subunit,,216937782.0,2993.0,,,Zm00001eb185450,,,,B73 Zm00001eb.1,,,Zea mays,chr4,150427729.0,150430721.0,GO:0009368
chr4,150427729,150430721,Zm00001eb185450,150354026,6.14997679648542,Yield.t.ha.BLUE,DEH1.2020.PHP02,DEH1.2020,PHP02,protein_coding,,ATP-dependent Clp protease proteolytic subunit,,216937782.0,2993.0,,,Zm00001eb185450,,,,B73 Zm00001eb.1,,,Zea mays,chr4,150427729.0,150430721.0,GO:0009535
chr4,150427729,150430721,Zm00001eb185450,150354026,6.14997679648542,Yield.t.ha.BLUE,DEH1.2020.PHP02,DEH1.2020,PHP02,protein_coding,,ATP-dependent Clp protease proteolytic subunit,,216937782.0,2993.0,,,Zm00001eb185450,,,,B73 Zm00001eb.1,,,Zea mays,chr4,150427729.0,150430721.0,GO:0009536
chr4,150427729,150430721,Zm00001eb185450,150354026,6.14997679648542,Yield.t.ha.BLUE,DEH1.2020.PHP02,DEH1.2020,PHP02,protein_coding,,ATP-dependent Clp protease proteolytic subunit,,216937782.0,2993.0,,,Zm00001eb185450,,,,B73 Zm00001eb.1,,,Zea mays,chr4,150427729.0,150430721.0,GO:0009570
chr4,150427729,150430721,Zm00001eb185450,150354026,6.14997679648542,Yield.t.ha.BLUE,DEH1.2020.PHP02,DEH1.2020,PHP02,protein_coding,,ATP-dependent Clp protease proteolytic subunit,,216937782.0,2993.0,,,Zm00001eb185450,,,,B73 Zm00001eb.1,,,Zea mays,chr4,150427729.0,150430721.0,GO:0044257
chr4,150427729,150430721,Zm00001eb185450,150354026,6.14997679648542,Yield.t.ha.BLUE,DEH1.2020.PHP02,DEH1.2020,PHP02,protein_coding,,ATP-dependent Clp protease proteolytic subunit,,216937782.0,2993.0,,,Zm00001eb185450,,,,B73 Zm00001eb.1,,,Zea mays,chr4,150427729.0,150430721.0,GO:0050897
chr4,150427729,150430721,Zm00001eb185450,150354026,6.14997679648542,Yield.t.ha.BLUE,DEH1.2020.PHP02,DEH1.2020,PHP02,protein_coding,,ATP-dependent Clp protease proteolytic subunit,,216937782.0,2993.0,,,Zm00001eb185450,,,,B73 Zm00001eb.1,,,Zea mays,chr4,150427729.0,150430721.0,GO:0051117
chr10,15640180,15644311,Zm00001eb409040,15654393,7.13106829585298,Yield.t.ha.BLUE,DEH1.2020.PHP02,DEH1.2020,PHP02,protein_coding,,2-oxoisovalerate dehydrogenase,,218077088.0,4132.0,,,Zm00001eb409040,,,,B73 Zm00001eb.1,,,Zea mays,chr10,15640180.0,15644311.0,GO:0005947
chr10,15640180,15644311,Zm00001eb409040,15654393,7.13106829585298,Yield.t.ha.BLUE,DEH1.2020.PHP02,DEH1.2020,PHP02,protein_coding,,2-oxoisovalerate dehydrogenase,,218077088.0,4132.0,,,Zm00001eb409040,,,,B73 Zm00001eb.1,,,Zea mays,chr10,15640180.0,15644311.0,GO:0009083
chr10,15640180,15644311,Zm00001eb409040,15654393,7.13106829585298,Yield.t.ha.BLUE,DEH1.2020.PHP02,DEH1.2020,PHP02,protein_coding,,2-oxoisovalerate dehydrogenase,,218077088.0,4132.0,,,Zm00001eb409040,,,,B73 Zm00001eb.1,,,Zea mays,chr10,15640180.0,15644311.0,GO:0009646
chr10,15640180,15644311,Zm00001eb409040,15654393,7.13106829585298,Yield.t.ha.BLUE,DEH1.2020.PHP02,DEH1.2020,PHP02,protein_coding,,2-oxoisovalerate dehydrogenase,,218077088.0,4132.0,,,Zm00001eb409040,,,,B73 Zm00001eb.1,,,Zea mays,chr10,15640180.0,15644311.0,GO:0009744
chr10,15640180,15644311,Zm00001eb409040,15654393,7.13106829585298,Yield.t.ha.BLUE,DEH1.2020.PHP02,DEH1.2020,PHP02,protein_coding,,2-oxoisovalerate dehydrogenase,,218077088.0,4132.0,,,Zm00001eb409040,,,,B73 Zm00001eb.1,,,Zea mays,chr10,15640180.0,15644311.0,GO:0016624
chr10,15640180,15644311,Zm00001eb409040,15654393,7.13106829585298,Yield.t.ha.BLUE,DEH1.2020.PHP02,DEH1.2020,PHP02,protein_coding,,2-oxoisovalerate dehydrogenase,,218077088.0,4132.0,,,Zm00001eb409040,,,,B73 Zm00001eb.1,,,Zea mays,chr10,15640180.0,15644311.0,GO:0043248
chr10,15640180,15644311,Zm00001eb409040,15654393,7.13106829585298,Yield.t.ha.BLUE,DEH1.2020.PHP02,DEH1.2020,PHP02,protein_coding,,2-oxoisovalerate dehydrogenase,,218077088.0,4132.0,,,Zm00001eb409040,,,,B73 Zm00001eb.1,,,Zea mays,chr10,15640180.0,15644311.0,GO:0043617
chr10,15640180,15644311,Zm00001eb409040,15654393,7.13106829585298,Yield.t.ha.BLUE,DEH1.2020.PHP02,DEH1.2020,PHP02,protein_coding,,2-oxoisovalerate dehydrogenase,,218077088.0,4132.0,,,Zm00001eb409040,,,,B73 Zm00001eb.1,,,Zea mays,chr10,15640180.0,15644311.0,GO:0046872
chr10,15640878,15641784,Zm00001eb409050,15654393,7.13106829585298,Yield.t.ha.BLUE,DEH1.2020.PHP02,DEH1.2020,PHP02,,,,,,,,,,,,,,,,,,,,
chr10,15644114,15648073,Zm00001eb409060,15654393,7.13106829585298,Yield.t.ha.BLUE,DEH1.2020.PHP02,DEH1.2020,PHP02,protein_coding,,3'(2'),,218077376.0,3960.0,,,Zm00001eb409060,,,,B73 Zm00001eb.1,,,Zea mays,chr10,15644114.0,15648073.0,GO:0000103
chr10,15644114,15648073,Zm00001eb409060,15654393,7.13106829585298,Yield.t.ha.BLUE,DEH1.2020.PHP02,DEH1.2020,PHP02,protein_coding,,3'(2'),,218077376.0,3960.0,,,Zm00001eb409060,,,,B73 Zm00001eb.1,,,Zea mays,chr10,15644114.0,15648073.0,GO:0006790
chr10,15644114,15648073,Zm00001eb409060,15654393,7.13106829585298,Yield.t.ha.BLUE,DEH1.2020.PHP02,DEH1.2020,PHP02,protein_coding,,3'(2'),,218077376.0,3960.0,,,Zm00001eb409060,,,,B73 Zm00001eb.1,,,Zea mays,chr10,15644114.0,15648073.0,GO:0008441
chr10,15644114,15648073,Zm00001eb409060,15654393,7.13106829585298,Yield.t.ha.BLUE,DEH1.2020.PHP02,DEH1.2020,PHP02,protein_coding,,3'(2'),,218077376.0,3960.0,,,Zm00001eb409060,,,,B73 Zm00001eb.1,,,Zea mays,chr10,15644114.0,15648073.0,GO:0042578
chr10,15644114,15648073,Zm00001eb409060,15654393,7.13106829585298,Yield.t.ha.BLUE,DEH1.2020.PHP02,DEH1.2020,PHP02,protein_coding,,3'(2'),,218077376.0,3960.0,,,Zm00001eb409060,,,,B73 Zm00001eb.1,,,Zea mays,chr10,15644114.0,15648073.0,GO:0046854
chr10,15644114,15648073,Zm00001eb409060,15654393,7.13106829585298,Yield.t.ha.BLUE,DEH1.2020.PHP02,DEH1.2020,PHP02,protein_coding,,3'(2'),,218077376.0,3960.0,,,Zm00001eb409060,,,,B73 Zm00001eb.1,,,Zea mays,chr10,15644114.0,15648073.0,GO:0046855
chr10,15644114,15648073,Zm00001eb409060,15654393,7.13106829585298,Yield.t.ha.BLUE,DEH1.2020.PHP02,DEH1.2020,PHP02,protein_coding,,3'(2'),,218077376.0,3960.0,,,Zm00001eb409060,,,,B73 Zm00001eb.1,,,Zea mays,chr10,15644114.0,15648073.0,GO:0046872
chr10,15651827,15671626,Zm00001eb409070,15654393,7.13106829585298,Yield.t.ha.BLUE,DEH1.2020.PHP02,DEH1.2020,PHP02,protein_coding,,,,218077452.0,19800.0,,,Zm00001eb409070,,,,B73 Zm00001eb.1,,,Zea mays,chr10,15651827.0,15671626.0,GO:0000428
chr10,15651827,15671626,Zm00001eb409070,15654393,7.13106829585298,Yield.t.ha.BLUE,DEH1.2020.PHP02,DEH1.2020,PHP02,protein_coding,,,,218077452.0,19800.0,,,Zm00001eb409070,,,,B73 Zm00001eb.1,,,Zea mays,chr10,15651827.0,15671626.0,GO:0003677
chr10,15651827,15671626,Zm00001eb409070,15654393,7.13106829585298,Yield.t.ha.BLUE,DEH1.2020.PHP02,DEH1.2020,PHP02,protein_coding,,,,218077452.0,19800.0,,,Zm00001eb409070,,,,B73 Zm00001eb.1,,,Zea mays,chr10,15651827.0,15671626.0,GO:0003899
chr10,15651827,15671626,Zm00001eb409070,15654393,7.13106829585298,Yield.t.ha.BLUE,DEH1.2020.PHP02,DEH1.2020,PHP02,protein_coding,,,,218077452.0,19800.0,,,Zm00001eb409070,,,,B73 Zm00001eb.1,,,Zea mays,chr10,15651827.0,15671626.0,GO:0006351
chr10,15651827,15671626,Zm00001eb409070,15654393,7.13106829585298,Yield.t.ha.BLUE,DEH1.2020.PHP02,DEH1.2020,PHP02,protein_coding,,,,218077452.0,19800.0,,,Zm00001eb409070,,,,B73 Zm00001eb.1,,,Zea mays,chr10,15651827.0,15671626.0,GO:0006749
chr2,75359471,75381565,Zm00001eb085670,75380434,6.86933428557066,DTS.BLUE,DEH1.2020.PHZ51,DEH1.2020,PHZ51,protein_coding,,,,216438171.0,22095.0,,,Zm00001eb085670,,,,B73 Zm00001eb.1,,,Zea mays,chr2,75359471.0,75381565.0,GO:0003677
chr2,75432098,75437432,Zm00001eb085680,75380434,6.86933428557066,DTS.BLUE,DEH1.2020.PHZ51,DEH1.2020,PHZ51,protein_coding,,SNF1-related protein kinase regulatory subunit gamma-1,,216438214.0,5335.0,,,Zm00001eb085680,,,,B73 Zm00001eb.1,,,Zea mays,chr2,75432098.0,75437432.0,GO:0016301
chr2,75432098,75437432,Zm00001eb085680,75380434,6.86933428557066,DTS.BLUE,DEH1.2020.PHZ51,DEH1.2020,PHZ51,protein_coding,,SNF1-related protein kinase regulatory subunit gamma-1,,216438214.0,5335.0,,,Zm00001eb085680,,,,B73 Zm00001eb.1,,,Zea mays,chr2,75432098.0,75437432.0,GO:0016310
chr2,75432098,75437432,Zm00001eb085680,75380434,6.86933428557066,DTS.BLUE,DEH1.2020.PHZ51,DEH1.2020,PHZ51,protein_coding,,SNF1-related protein kinase regulatory subunit gamma-1,,216438214.0,5335.0,,,Zm00001eb085680,,,,B73 Zm00001eb.1,,,Zea mays,chr2,75432098.0,75437432.0,GO:0019887
chr2,75432098,75437432,Zm00001eb085680,75380434,6.86933428557066,DTS.BLUE,DEH1.2020.PHZ51,DEH1.2020,PHZ51,protein_coding,,SNF1-related protein kinase regulatory subunit gamma-1,,216438214.0,5335.0,,,Zm00001eb085680,,,,B73 Zm00001eb.1,,,Zea mays,chr2,75432098.0,75437432.0,GO:0050790
chr2,75462068,75463691,Zm00001eb085690,75380434,6.86933428557066,DTS.BLUE,DEH1.2020.PHZ51,DEH1.2020,PHZ51,protein_coding,,Transcription factor FER-LIKE IRON DEFICIENCY-INDUCED TRANSCRIPTION FACTOR,,216438278.0,1624.0,,,Zm00001eb085690,,,,B73 Zm00001eb.1,,,Zea mays,chr2,75462068.0,75463691.0,GO:0003700
chr2,75462068,75463691,Zm00001eb085690,75380434,6.86933428557066,DTS.BLUE,DEH1.2020.PHZ51,DEH1.2020,PHZ51,protein_coding,,Transcription factor FER-LIKE IRON DEFICIENCY-INDUCED TRANSCRIPTION FACTOR,,216438278.0,1624.0,,,Zm00001eb085690,,,,B73 Zm00001eb.1,,,Zea mays,chr2,75462068.0,75463691.0,GO:0005634
chr2,75462068,75463691,Zm00001eb085690,75380434,6.86933428557066,DTS.BLUE,DEH1.2020.PHZ51,DEH1.2020,PHZ51,protein_coding,,Transcription factor FER-LIKE IRON DEFICIENCY-INDUCED TRANSCRIPTION FACTOR,,216438278.0,1624.0,,,Zm00001eb085690,,,,B73 Zm00001eb.1,,,Zea mays,chr2,75462068.0,75463691.0,GO:0006355
chr2,75462068,75463691,Zm00001eb085690,75380434,6.86933428557066,DTS.BLUE,DEH1.2020.PHZ51,DEH1.2020,PHZ51,protein_coding,,Transcription factor FER-LIKE IRON DEFICIENCY-INDUCED TRANSCRIPTION FACTOR,,216438278.0,1624.0,,,Zm00001eb085690,,,,B73 Zm00001eb.1,,,Zea mays,chr2,75462068.0,75463691.0,GO:0043565
chr2,75462068,75463691,Zm00001eb085690,75380434,6.86933428557066,DTS.BLUE,DEH1.2020.PHZ51,DEH1.2020,PHZ51,protein_coding,,Transcription factor FER-LIKE IRON DEFICIENCY-INDUCED TRANSCRIPTION FACTOR,,216438278.0,1624.0,,,Zm00001eb085690,,,,B73 Zm00001eb.1,,,Zea mays,chr2,75462068.0,75463691.0,GO:0046983
chr7,75145754,75146697,Zm00001eb308400,75151910,6.18893696394394,DTS.BLUE,DEH1.2020.PHZ51,DEH1.2020,PHZ51,protein_coding,,S-norcoclaurine synthase,,217562594.0,944.0,,,Zm00001eb308400,,,,B73 Zm00001eb.1,,,Zea mays,chr7,75145754.0,75146697.0,GO:0004864
chr7,75145754,75146697,Zm00001eb308400,75151910,6.18893696394394,DTS.BLUE,DEH1.2020.PHZ51,DEH1.2020,PHZ51,protein_coding,,S-norcoclaurine synthase,,217562594.0,944.0,,,Zm00001eb308400,,,,B73 Zm00001eb.1,,,Zea mays,chr7,75145754.0,75146697.0,GO:0005634
chr7,75145754,75146697,Zm00001eb308400,75151910,6.18893696394394,DTS.BLUE,DEH1.2020.PHZ51,DEH1.2020,PHZ51,protein_coding,,S-norcoclaurine synthase,,217562594.0,944.0,,,Zm00001eb308400,,,,B73 Zm00001eb.1,,,Zea mays,chr7,75145754.0,75146697.0,GO:0005737
chr7,75145754,75146697,Zm00001eb308400,75151910,6.18893696394394,DTS.BLUE,DEH1.2020.PHZ51,DEH1.2020,PHZ51,protein_coding,,S-norcoclaurine synthase,,217562594.0,944.0,,,Zm00001eb308400,,,,B73 Zm00001eb.1,,,Zea mays,chr7,75145754.0,75146697.0,GO:0006952
chr7,75145754,75146697,Zm00001eb308400,75151910,6.18893696394394,DTS.BLUE,DEH1.2020.PHZ51,DEH1.2020,PHZ51,protein_coding,,S-norcoclaurine synthase,,217562594.0,944.0,,,Zm00001eb308400,,,,B73 Zm00001eb.1,,,Zea mays,chr7,75145754.0,75146697.0,GO:0009607
chr7,75145754,75146697,Zm00001eb308400,75151910,6.18893696394394,DTS.BLUE,DEH1.2020.PHZ51,DEH1.2020,PHZ51,protein_coding,,S-norcoclaurine synthase,,217562594.0,944.0,,,Zm00001eb308400,,,,B73 Zm00001eb.1,,,Zea mays,chr7,75145754.0,75146697.0,GO:0009738
chr7,75145754,75146697,Zm00001eb308400,75151910,6.18893696394394,DTS.BLUE,DEH1.2020.PHZ51,DEH1.2020,PHZ51,protein_coding,,S-norcoclaurine synthase,,217562594.0,944.0,,,Zm00001eb308400,,,,B73 Zm00001eb.1,,,Zea mays,chr7,75145754.0,75146697.0,GO:0010427
chr7,75145754,75146697,Zm00001eb308400,75151910,6.18893696394394,DTS.BLUE,DEH1.2020.PHZ51,DEH1.2020,PHZ51,protein_coding,,S-norcoclaurine synthase,,217562594.0,944.0,,,Zm00001eb308400,,,,B73 Zm00001eb.1,,,Zea mays,chr7,75145754.0,75146697.0,GO:0038023
chr7,75145754,75146697,Zm00001eb308400,75151910,6.18893696394394,DTS.BLUE,DEH1.2020.PHZ51,DEH1.2020,PHZ51,protein_coding,,S-norcoclaurine synthase,,217562594.0,944.0,,,Zm00001eb308400,,,,B73 Zm00001eb.1,,,Zea mays,chr7,75145754.0,75146697.0,GO:0043086
chr7,75145754,75146697,Zm00001eb308400,75151910,6.18893696394394,DTS.BLUE,DEH1.2020.PHZ51,DEH1.2020,PHZ51,protein_coding,,S-norcoclaurine synthase,,217562594.0,944.0,,,Zm00001eb308400,,,,B73 Zm00001eb.1,,,Zea mays,chr7,75145754.0,75146697.0,GO:0050474
chr7,75145754,75146697,Zm00001eb308400,75151910,6.18893696394394,DTS.BLUE,DEH1.2020.PHZ51,DEH1.2020,PHZ51,protein_coding,,S-norcoclaurine synthase,,217562594.0,944.0,,,Zm00001eb308400,,,,B73 Zm00001eb.1,,,Zea mays,chr7,75145754.0,75146697.0,GO:0080163
chr7,75147500,75153534,Zm00001eb308410,75151910,6.18893696394394,DTS.BLUE,DEH1.2020.PHZ51,DEH1.2020,PHZ51,protein_coding,,Putative ubiquitin-like-specific protease 1B,,217562610.0,6035.0,,,Zm00001eb308410,,,,B73 Zm00001eb.1,,,Zea mays,chr7,75147500.0,75153534.0,GO:0006508
chr7,75147500,75153534,Zm00001eb308410,75151910,6.18893696394394,DTS.BLUE,DEH1.2020.PHZ51,DEH1.2020,PHZ51,protein_coding,,Putative ubiquitin-like-specific protease 1B,,217562610.0,6035.0,,,Zm00001eb308410,,,,B73 Zm00001eb.1,,,Zea mays,chr7,75147500.0,75153534.0,GO:0008234
chr2,170970912,170972181,Zm00001eb096310,171041477,7.3530338558013,ASI,DEH1.2020.PHZ51,DEH1.2020,PHZ51,protein_coding,,Chaperonin 60 subunit alpha 2 chloroplastic,,216484765.0,1270.0,,,Zm00001eb096310,,,,B73 Zm00001eb.1,,LOC103647276,Zea mays,chr2,170970912.0,170972181.0,GO:0005524
chr2,170970912,170972181,Zm00001eb096310,171041477,7.3530338558013,ASI,DEH1.2020.PHZ51,DEH1.2020,PHZ51,protein_coding,,Chaperonin 60 subunit alpha 2 chloroplastic,,216484765.0,1270.0,,,Zm00001eb096310,,,,B73 Zm00001eb.1,,LOC103647276,Zea mays,chr2,170970912.0,170972181.0,GO:0042026
chr2,170970912,170972181,Zm00001eb096310,171041477,7.3530338558013,ASI,DEH1.2020.PHZ51,DEH1.2020,PHZ51,protein_coding,,Chaperonin 60 subunit alpha 2 chloroplastic,,216484765.0,1270.0,,,Zm00001eb096310,,,,B73 Zm00001eb.1,,LOC103647276,Zea mays,chr2,170970912.0,170972181.0,GO:0140662
chr2,170972441,170973108,Zm00001eb096320,171041477,7.3530338558013,ASI,DEH1.2020.PHZ51,DEH1.2020,PHZ51,,,,,,,,,,,,,,,,,,,,
chr2,170973734,170975905,Zm00001eb096330,171041477,7.3530338558013,ASI,DEH1.2020.PHZ51,DEH1.2020,PHZ51,protein_coding,,,,216484799.0,2172.0,,,Zm00001eb096330,,,,B73 Zm00001eb.1,,,Zea mays,chr2,170973734.0,170975905.0,GO:0005524
chr2,170973734,170975905,Zm00001eb096330,171041477,7.3530338558013,ASI,DEH1.2020.PHZ51,DEH1.2020,PHZ51,protein_coding,,,,216484799.0,2172.0,,,Zm00001eb096330,,,,B73 Zm00001eb.1,,,Zea mays,chr2,170973734.0,170975905.0,GO:0140662
chr2,170976179,170981584,Zm00001eb096340,171041477,7.3530338558013,ASI,DEH1.2020.PHZ51,DEH1.2020,PHZ51,protein_coding,,S-acyltransferase,,216484816.0,5406.0,,,Zm00001eb096340,,,,B73 Zm00001eb.1,,,Zea mays,chr2,170976179.0,170981584.0,GO:0005783
chr2,170976179,170981584,Zm00001eb096340,171041477,7.3530338558013,ASI,DEH1.2020.PHZ51,DEH1.2020,PHZ51,protein_coding,,S-acyltransferase,,216484816.0,5406.0,,,Zm00001eb096340,,,,B73 Zm00001eb.1,,,Zea mays,chr2,170976179.0,170981584.0,GO:0005794
chr2,170976179,170981584,Zm00001eb096340,171041477,7.3530338558013,ASI,DEH1.2020.PHZ51,DEH1.2020,PHZ51,protein_coding,,S-acyltransferase,,216484816.0,5406.0,,,Zm00001eb096340,,,,B73 Zm00001eb.1,,,Zea mays,chr2,170976179.0,170981584.0,GO:0006612
chr2,170976179,170981584,Zm00001eb096340,171041477,7.3530338558013,ASI,DEH1.2020.PHZ51,DEH1.2020,PHZ51,protein_coding,,S-acyltransferase,,216484816.0,5406.0,,,Zm00001eb096340,,,,B73 Zm00001eb.1,,,Zea mays,chr2,170976179.0,170981584.0,GO:0016021
chr2,170976179,170981584,Zm00001eb096340,171041477,7.3530338558013,ASI,DEH1.2020.PHZ51,DEH1.2020,PHZ51,protein_coding,,S-acyltransferase,,216484816.0,5406.0,,,Zm00001eb096340,,,,B73 Zm00001eb.1,,,Zea mays,chr2,170976179.0,170981584.0,GO:0018231
chr2,170976179,170981584,Zm00001eb096340,171041477,7.3530338558013,ASI,DEH1.2020.PHZ51,DEH1.2020,PHZ51,protein_coding,,S-acyltransferase,,216484816.0,5406.0,,,Zm00001eb096340,,,,B73 Zm00001eb.1,,,Zea mays,chr2,170976179.0,170981584.0,GO:0018345
chr2,170976179,170981584,Zm00001eb096340,171041477,7.3530338558013,ASI,DEH1.2020.PHZ51,DEH1.2020,PHZ51,protein_coding,,S-acyltransferase,,216484816.0,5406.0,,,Zm00001eb096340,,,,B73 Zm00001eb.1,,,Zea mays,chr2,170976179.0,170981584.0,GO:0019706
chr2,171037632,171037862,Zm00001eb096350,171041477,7.3530338558013,ASI,DEH1.2020.PHZ51,DEH1.2020,PHZ51,,,,,,,,,,,,,,,,,,,,
chr2,171041126,171042349,Zm00001eb096360,171041477,7.3530338558013,ASI,DEH1.2020.PHZ51,DEH1.2020,PHZ51,protein_coding,,Ananain,,216484866.0,1224.0,,,Zm00001eb096360,,,,B73 Zm00001eb.1,,,Zea mays,chr2,171041126.0,171042349.0,GO:0004175
chr2,171041126,171042349,Zm00001eb096360,171041477,7.3530338558013,ASI,DEH1.2020.PHZ51,DEH1.2020,PHZ51,protein_coding,,Ananain,,216484866.0,1224.0,,,Zm00001eb096360,,,,B73 Zm00001eb.1,,,Zea mays,chr2,171041126.0,171042349.0,GO:0005615
chr2,171041126,171042349,Zm00001eb096360,171041477,7.3530338558013,ASI,DEH1.2020.PHZ51,DEH1.2020,PHZ51,protein_coding,,Ananain,,216484866.0,1224.0,,,Zm00001eb096360,,,,B73 Zm00001eb.1,,,Zea mays,chr2,171041126.0,171042349.0,GO:0005764
chr2,171041126,171042349,Zm00001eb096360,171041477,7.3530338558013,ASI,DEH1.2020.PHZ51,DEH1.2020,PHZ51,protein_coding,,Ananain,,216484866.0,1224.0,,,Zm00001eb096360,,,,B73 Zm00001eb.1,,,Zea mays,chr2,171041126.0,171042349.0,GO:0006508
chr2,171041126,171042349,Zm00001eb096360,171041477,7.3530338558013,ASI,DEH1.2020.PHZ51,DEH1.2020,PHZ51,protein_coding,,Ananain,,216484866.0,1224.0,,,Zm00001eb096360,,,,B73 Zm00001eb.1,,,Zea mays,chr2,171041126.0,171042349.0,GO:0008234
chr2,171041126,171042349,Zm00001eb096360,171041477,7.3530338558013,ASI,DEH1.2020.PHZ51,DEH1.2020,PHZ51,protein_coding,,Ananain,,216484866.0,1224.0,,,Zm00001eb096360,,,,B73 Zm00001eb.1,,,Zea mays,chr2,171041126.0,171042349.0,GO:0044257
chr2,171085347,171087037,Zm00001eb096370,171041477,7.3530338558013,ASI,DEH1.2020.PHZ51,DEH1.2020,PHZ51,protein_coding,,,,216484877.0,1691.0,,,Zm00001eb096370,,,,B73 Zm00001eb.1,,,Zea mays,chr2,171085347.0,171087037.0,GO:0006508
chr2,171085347,171087037,Zm00001eb096370,171041477,7.3530338558013,ASI,DEH1.2020.PHZ51,DEH1.2020,PHZ51,protein_coding,,,,216484877.0,1691.0,,,Zm00001eb096370,,,,B73 Zm00001eb.1,,,Zea mays,chr2,171085347.0,171087037.0,GO:0008234
chr2,171085347,171087037,Zm00001eb096370,171041477,7.3530338558013,ASI,DEH1.2020.PHZ51,DEH1.2020,PHZ51,protein_coding,,,,216484877.0,1691.0,,,Zm00001eb096370,,,,B73 Zm00001eb.1,,,Zea mays,chr2,171085347.0,171087037.0,GO:0016021
chr2,171090158,171090382,Zm00001eb096380,171041477,7.3530338558013,ASI,DEH1.2020.PHZ51,DEH1.2020,PHZ51,,,,,,,,,,,,,,,,,,,,
chr8,106819187,106823234,Zm00001eb349410,106910226,6.19343051303931,Yield.t.ha.BLUE,DEH1.2020.PHZ51,DEH1.2020,PHZ51,protein_coding,,Isopentenyl-diphosphate Delta-isomerase,,217770871.0,4048.0,,,Zm00001eb349410,,,,B73 Zm00001eb.1,,,Zea mays,chr8,106819187.0,106823234.0,GO:0004452
chr8,106819187,106823234,Zm00001eb349410,106910226,6.19343051303931,Yield.t.ha.BLUE,DEH1.2020.PHZ51,DEH1.2020,PHZ51,protein_coding,,Isopentenyl-diphosphate Delta-isomerase,,217770871.0,4048.0,,,Zm00001eb349410,,,,B73 Zm00001eb.1,,,Zea mays,chr8,106819187.0,106823234.0,GO:0005737
chr8,106819187,106823234,Zm00001eb349410,106910226,6.19343051303931,Yield.t.ha.BLUE,DEH1.2020.PHZ51,DEH1.2020,PHZ51,protein_coding,,Isopentenyl-diphosphate Delta-isomerase,,217770871.0,4048.0,,,Zm00001eb349410,,,,B73 Zm00001eb.1,,,Zea mays,chr8,106819187.0,106823234.0,GO:0008299
chr8,106819187,106823234,Zm00001eb349410,106910226,6.19343051303931,Yield.t.ha.BLUE,DEH1.2020.PHZ51,DEH1.2020,PHZ51,protein_coding,,Isopentenyl-diphosphate Delta-isomerase,,217770871.0,4048.0,,,Zm00001eb349410,,,,B73 Zm00001eb.1,,,Zea mays,chr8,106819187.0,106823234.0,GO:0015979
chr8,106819187,106823234,Zm00001eb349410,106910226,6.19343051303931,Yield.t.ha.BLUE,DEH1.2020.PHZ51,DEH1.2020,PHZ51,protein_coding,,Isopentenyl-diphosphate Delta-isomerase,,217770871.0,4048.0,,,Zm00001eb349410,,,,B73 Zm00001eb.1,,,Zea mays,chr8,106819187.0,106823234.0,GO:0015995
chr8,106819187,106823234,Zm00001eb349410,106910226,6.19343051303931,Yield.t.ha.BLUE,DEH1.2020.PHZ51,DEH1.2020,PHZ51,protein_coding,,Isopentenyl-diphosphate Delta-isomerase,,217770871.0,4048.0,,,Zm00001eb349410,,,,B73 Zm00001eb.1,,,Zea mays,chr8,106819187.0,106823234.0,GO:0043231
chr8,106819187,106823234,Zm00001eb349410,106910226,6.19343051303931,Yield.t.ha.BLUE,DEH1.2020.PHZ51,DEH1.2020,PHZ51,protein_coding,,Isopentenyl-diphosphate Delta-isomerase,,217770871.0,4048.0,,,Zm00001eb349410,,,,B73 Zm00001eb.1,,,Zea mays,chr8,106819187.0,106823234.0,GO:0046490
chr8,106819187,106823234,Zm00001eb349410,106910226,6.19343051303931,Yield.t.ha.BLUE,DEH1.2020.PHZ51,DEH1.2020,PHZ51,protein_coding,,Isopentenyl-diphosphate Delta-isomerase,,217770871.0,4048.0,,,Zm00001eb349410,,,,B73 Zm00001eb.1,,,Zea mays,chr8,106819187.0,106823234.0,GO:0046872
chr8,106819187,106823234,Zm00001eb349410,106910226,6.19343051303931,Yield.t.ha.BLUE,DEH1.2020.PHZ51,DEH1.2020,PHZ51,protein_coding,,Isopentenyl-diphosphate Delta-isomerase,,217770871.0,4048.0,,,Zm00001eb349410,,,,B73 Zm00001eb.1,,,Zea mays,chr8,106819187.0,106823234.0,GO:0050992
chr8,106910109,106913576,Zm00001eb349430,106910226,6.19343051303931,Yield.t.ha.BLUE,DEH1.2020.PHZ51,DEH1.2020,PHZ51,protein_coding,,Tubulin beta chain,,217770952.0,3468.0,,,Zm00001eb349430,,,,B73 Zm00001eb.1,,,Zea mays,chr8,106910109.0,106913576.0,GO:0000226
chr8,106910109,106913576,Zm00001eb349430,106910226,6.19343051303931,Yield.t.ha.BLUE,DEH1.2020.PHZ51,DEH1.2020,PHZ51,protein_coding,,Tubulin beta chain,,217770952.0,3468.0,,,Zm00001eb349430,,,,B73 Zm00001eb.1,,,Zea mays,chr8,106910109.0,106913576.0,GO:0000278
chr8,106910109,106913576,Zm00001eb349430,106910226,6.19343051303931,Yield.t.ha.BLUE,DEH1.2020.PHZ51,DEH1.2020,PHZ51,protein_coding,,Tubulin beta chain,,217770952.0,3468.0,,,Zm00001eb349430,,,,B73 Zm00001eb.1,,,Zea mays,chr8,106910109.0,106913576.0,GO:0003729
chr8,106910109,106913576,Zm00001eb349430,106910226,6.19343051303931,Yield.t.ha.BLUE,DEH1.2020.PHZ51,DEH1.2020,PHZ51,protein_coding,,Tubulin beta chain,,217770952.0,3468.0,,,Zm00001eb349430,,,,B73 Zm00001eb.1,,,Zea mays,chr8,106910109.0,106913576.0,GO:0003924
chr8,106910109,106913576,Zm00001eb349430,106910226,6.19343051303931,Yield.t.ha.BLUE,DEH1.2020.PHZ51,DEH1.2020,PHZ51,protein_coding,,Tubulin beta chain,,217770952.0,3468.0,,,Zm00001eb349430,,,,B73 Zm00001eb.1,,,Zea mays,chr8,106910109.0,106913576.0,GO:0005200
chr8,106910109,106913576,Zm00001eb349430,106910226,6.19343051303931,Yield.t.ha.BLUE,DEH1.2020.PHZ51,DEH1.2020,PHZ51,protein_coding,,Tubulin beta chain,,217770952.0,3468.0,,,Zm00001eb349430,,,,B73 Zm00001eb.1,,,Zea mays,chr8,106910109.0,106913576.0,GO:0005515
chr8,106910109,106913576,Zm00001eb349430,106910226,6.19343051303931,Yield.t.ha.BLUE,DEH1.2020.PHZ51,DEH1.2020,PHZ51,protein_coding,,Tubulin beta chain,,217770952.0,3468.0,,,Zm00001eb349430,,,,B73 Zm00001eb.1,,,Zea mays,chr8,106910109.0,106913576.0,GO:0005525
chr8,106910109,106913576,Zm00001eb349430,106910226,6.19343051303931,Yield.t.ha.BLUE,DEH1.2020.PHZ51,DEH1.2020,PHZ51,protein_coding,,Tubulin beta chain,,217770952.0,3468.0,,,Zm00001eb349430,,,,B73 Zm00001eb.1,,,Zea mays,chr8,106910109.0,106913576.0,GO:0005618
chr8,106910109,106913576,Zm00001eb349430,106910226,6.19343051303931,Yield.t.ha.BLUE,DEH1.2020.PHZ51,DEH1.2020,PHZ51,protein_coding,,Tubulin beta chain,,217770952.0,3468.0,,,Zm00001eb349430,,,,B73 Zm00001eb.1,,,Zea mays,chr8,106910109.0,106913576.0,GO:0005737
chr8,106910109,106913576,Zm00001eb349430,106910226,6.19343051303931,Yield.t.ha.BLUE,DEH1.2020.PHZ51,DEH1.2020,PHZ51,protein_coding,,Tubulin beta chain,,217770952.0,3468.0,,,Zm00001eb349430,,,,B73 Zm00001eb.1,,,Zea mays,chr8,106910109.0,106913576.0,GO:0005874
chr8,106910109,106913576,Zm00001eb349430,106910226,6.19343051303931,Yield.t.ha.BLUE,DEH1.2020.PHZ51,DEH1.2020,PHZ51,protein_coding,,Tubulin beta chain,,217770952.0,3468.0,,,Zm00001eb349430,,,,B73 Zm00001eb.1,,,Zea mays,chr8,106910109.0,106913576.0,GO:0005886
chr8,106910109,106913576,Zm00001eb349430,106910226,6.19343051303931,Yield.t.ha.BLUE,DEH1.2020.PHZ51,DEH1.2020,PHZ51,protein_coding,,Tubulin beta chain,,217770952.0,3468.0,,,Zm00001eb349430,,,,B73 Zm00001eb.1,,,Zea mays,chr8,106910109.0,106913576.0,GO:0007010
chr8,106910109,106913576,Zm00001eb349430,106910226,6.19343051303931,Yield.t.ha.BLUE,DEH1.2020.PHZ51,DEH1.2020,PHZ51,protein_coding,,Tubulin beta chain,,217770952.0,3468.0,,,Zm00001eb349430,,,,B73 Zm00001eb.1,,,Zea mays,chr8,106910109.0,106913576.0,GO:0007017
chr8,106910109,106913576,Zm00001eb349430,106910226,6.19343051303931,Yield.t.ha.BLUE,DEH1.2020.PHZ51,DEH1.2020,PHZ51,protein_coding,,Tubulin beta chain,,217770952.0,3468.0,,,Zm00001eb349430,,,,B73 Zm00001eb.1,,,Zea mays,chr8,106910109.0,106913576.0,GO:0009506
chr8,106910109,106913576,Zm00001eb349430,106910226,6.19343051303931,Yield.t.ha.BLUE,DEH1.2020.PHZ51,DEH1.2020,PHZ51,protein_coding,,Tubulin beta chain,,217770952.0,3468.0,,,Zm00001eb349430,,,,B73 Zm00001eb.1,,,Zea mays,chr8,106910109.0,106913576.0,GO:0012505
chr8,106910109,106913576,Zm00001eb349430,106910226,6.19343051303931,Yield.t.ha.BLUE,DEH1.2020.PHZ51,DEH1.2020,PHZ51,protein_coding,,Tubulin beta chain,,217770952.0,3468.0,,,Zm00001eb349430,,,,B73 Zm00001eb.1,,,Zea mays,chr8,106910109.0,106913576.0,GO:0043231
chr8,106910109,106913576,Zm00001eb349430,106910226,6.19343051303931,Yield.t.ha.BLUE,DEH1.2020.PHZ51,DEH1.2020,PHZ51,protein_coding,,Tubulin beta chain,,217770952.0,3468.0,,,Zm00001eb349430,,,,B73 Zm00001eb.1,,,Zea mays,chr8,106910109.0,106913576.0,GO:0045298
chr8,106910109,106913576,Zm00001eb349430,106910226,6.19343051303931,Yield.t.ha.BLUE,DEH1.2020.PHZ51,DEH1.2020,PHZ51,protein_coding,,Tubulin beta chain,,217770952.0,3468.0,,,Zm00001eb349430,,,,B73 Zm00001eb.1,,,Zea mays,chr8,106910109.0,106913576.0,GO:0046686
chr8,106910109,106913576,Zm00001eb349430,106910226,6.19343051303931,Yield.t.ha.BLUE,DEH1.2020.PHZ51,DEH1.2020,PHZ51,protein_coding,,Tubulin beta chain,,217770952.0,3468.0,,,Zm00001eb349430,,,,B73 Zm00001eb.1,,,Zea mays,chr8,106910109.0,106913576.0,GO:0090378
chr8,106962412,106966879,Zm00001eb349440,106910226,6.19343051303931,Yield.t.ha.BLUE,DEH1.2020.PHZ51,DEH1.2020,PHZ51,protein_coding,,Thiosulfate/3-mercaptopyruvate sulfurtransferase 2,,217770975.0,4468.0,,,Zm00001eb349440,,,,B73 Zm00001eb.1,,,Zea mays,chr8,106962412.0,106966879.0,GO:0005737
chr8,106962412,106966879,Zm00001eb349440,106910226,6.19343051303931,Yield.t.ha.BLUE,DEH1.2020.PHZ51,DEH1.2020,PHZ51,protein_coding,,Thiosulfate/3-mercaptopyruvate sulfurtransferase 2,,217770975.0,4468.0,,,Zm00001eb349440,,,,B73 Zm00001eb.1,,,Zea mays,chr8,106962412.0,106966879.0,GO:0005840
chr8,106962412,106966879,Zm00001eb349440,106910226,6.19343051303931,Yield.t.ha.BLUE,DEH1.2020.PHZ51,DEH1.2020,PHZ51,protein_coding,,Thiosulfate/3-mercaptopyruvate sulfurtransferase 2,,217770975.0,4468.0,,,Zm00001eb349440,,,,B73 Zm00001eb.1,,,Zea mays,chr8,106962412.0,106966879.0,GO:0006364
chr8,106962412,106966879,Zm00001eb349440,106910226,6.19343051303931,Yield.t.ha.BLUE,DEH1.2020.PHZ51,DEH1.2020,PHZ51,protein_coding,,Thiosulfate/3-mercaptopyruvate sulfurtransferase 2,,217770975.0,4468.0,,,Zm00001eb349440,,,,B73 Zm00001eb.1,,,Zea mays,chr8,106962412.0,106966879.0,GO:0016021
chr8,106962412,106966879,Zm00001eb349440,106910226,6.19343051303931,Yield.t.ha.BLUE,DEH1.2020.PHZ51,DEH1.2020,PHZ51,protein_coding,,Thiosulfate/3-mercaptopyruvate sulfurtransferase 2,,217770975.0,4468.0,,,Zm00001eb349440,,,,B73 Zm00001eb.1,,,Zea mays,chr8,106962412.0,106966879.0,GO:0016740
chr8,106962412,106966879,Zm00001eb349440,106910226,6.19343051303931,Yield.t.ha.BLUE,DEH1.2020.PHZ51,DEH1.2020,PHZ51,protein_coding,,Thiosulfate/3-mercaptopyruvate sulfurtransferase 2,,217770975.0,4468.0,,,Zm00001eb349440,,,,B73 Zm00001eb.1,,,Zea mays,chr8,106962412.0,106966879.0,GO:0043022
chr3,152086191,152089993,Zm00001eb141160,152088156,8.88267229776597,DTA.BLUE,IAH4.2021.PHK76,IAH4.2021,PHK76,protein_coding,,Regulatory protein NPR5,,216707561.0,3803.0,,,Zm00001eb141160,,,,B73 Zm00001eb.1,,,Zea mays,chr3,152086191.0,152089993.0,GO:0002218
chr3,152086191,152089993,Zm00001eb141160,152088156,8.88267229776597,DTA.BLUE,IAH4.2021.PHK76,IAH4.2021,PHK76,protein_coding,,Regulatory protein NPR5,,216707561.0,3803.0,,,Zm00001eb141160,,,,B73 Zm00001eb.1,,,Zea mays,chr3,152086191.0,152089993.0,GO:0002252
chr3,152086191,152089993,Zm00001eb141160,152088156,8.88267229776597,DTA.BLUE,IAH4.2021.PHK76,IAH4.2021,PHK76,protein_coding,,Regulatory protein NPR5,,216707561.0,3803.0,,,Zm00001eb141160,,,,B73 Zm00001eb.1,,,Zea mays,chr3,152086191.0,152089993.0,GO:0005515
chr3,152086191,152089993,Zm00001eb141160,152088156,8.88267229776597,DTA.BLUE,IAH4.2021.PHK76,IAH4.2021,PHK76,protein_coding,,Regulatory protein NPR5,,216707561.0,3803.0,,,Zm00001eb141160,,,,B73 Zm00001eb.1,,,Zea mays,chr3,152086191.0,152089993.0,GO:0005634
chr3,152086191,152089993,Zm00001eb141160,152088156,8.88267229776597,DTA.BLUE,IAH4.2021.PHK76,IAH4.2021,PHK76,protein_coding,,Regulatory protein NPR5,,216707561.0,3803.0,,,Zm00001eb141160,,,,B73 Zm00001eb.1,,,Zea mays,chr3,152086191.0,152089993.0,GO:0006952
chr3,152086191,152089993,Zm00001eb141160,152088156,8.88267229776597,DTA.BLUE,IAH4.2021.PHK76,IAH4.2021,PHK76,protein_coding,,Regulatory protein NPR5,,216707561.0,3803.0,,,Zm00001eb141160,,,,B73 Zm00001eb.1,,,Zea mays,chr3,152086191.0,152089993.0,GO:0006955
chr3,152086191,152089993,Zm00001eb141160,152088156,8.88267229776597,DTA.BLUE,IAH4.2021.PHK76,IAH4.2021,PHK76,protein_coding,,Regulatory protein NPR5,,216707561.0,3803.0,,,Zm00001eb141160,,,,B73 Zm00001eb.1,,,Zea mays,chr3,152086191.0,152089993.0,GO:0009617
chr3,152086191,152089993,Zm00001eb141160,152088156,8.88267229776597,DTA.BLUE,IAH4.2021.PHK76,IAH4.2021,PHK76,protein_coding,,Regulatory protein NPR5,,216707561.0,3803.0,,,Zm00001eb141160,,,,B73 Zm00001eb.1,,,Zea mays,chr3,152086191.0,152089993.0,GO:0009864
chr3,152086191,152089993,Zm00001eb141160,152088156,8.88267229776597,DTA.BLUE,IAH4.2021.PHK76,IAH4.2021,PHK76,protein_coding,,Regulatory protein NPR5,,216707561.0,3803.0,,,Zm00001eb141160,,,,B73 Zm00001eb.1,,,Zea mays,chr3,152086191.0,152089993.0,GO:0009867
chr3,152086191,152089993,Zm00001eb141160,152088156,8.88267229776597,DTA.BLUE,IAH4.2021.PHK76,IAH4.2021,PHK76,protein_coding,,Regulatory protein NPR5,,216707561.0,3803.0,,,Zm00001eb141160,,,,B73 Zm00001eb.1,,,Zea mays,chr3,152086191.0,152089993.0,GO:0016567
chr3,152086191,152089993,Zm00001eb141160,152088156,8.88267229776597,DTA.BLUE,IAH4.2021.PHK76,IAH4.2021,PHK76,protein_coding,,Regulatory protein NPR5,,216707561.0,3803.0,,,Zm00001eb141160,,,,B73 Zm00001eb.1,,,Zea mays,chr3,152086191.0,152089993.0,GO:0099402
chr3,152087424,152088368,Zm00001eb141180,152088156,8.88267229776597,DTA.BLUE,IAH4.2021.PHK76,IAH4.2021,PHK76,,,,,,,,,,,,,,,,,,,,
chr3,152096571,152098292,Zm00001eb141190,152088156,8.88267229776597,DTA.BLUE,IAH4.2021.PHK76,IAH4.2021,PHK76,protein_coding,,ABC transporter G family member 45,,216707596.0,1722.0,,,Zm00001eb141190,,,,B73 Zm00001eb.1,,,Zea mays,chr3,152096571.0,152098292.0,GO:0016021
chr3,152185289,152190863,Zm00001eb141200,152088156,8.88267229776597,DTA.BLUE,IAH4.2021.PHK76,IAH4.2021,PHK76,protein_coding,,Ribonucloprotein (Fragment),,216707607.0,5575.0,,,Zm00001eb141200,,,,B73 Zm00001eb.1,,,Zea mays,chr3,152185289.0,152190863.0,GO:0000398
chr3,152185289,152190863,Zm00001eb141200,152088156,8.88267229776597,DTA.BLUE,IAH4.2021.PHK76,IAH4.2021,PHK76,protein_coding,,Ribonucloprotein (Fragment),,216707607.0,5575.0,,,Zm00001eb141200,,,,B73 Zm00001eb.1,,,Zea mays,chr3,152185289.0,152190863.0,GO:0000470
chr3,152185289,152190863,Zm00001eb141200,152088156,8.88267229776597,DTA.BLUE,IAH4.2021.PHK76,IAH4.2021,PHK76,protein_coding,,Ribonucloprotein (Fragment),,216707607.0,5575.0,,,Zm00001eb141200,,,,B73 Zm00001eb.1,,,Zea mays,chr3,152185289.0,152190863.0,GO:0003723
chr3,152185289,152190863,Zm00001eb141200,152088156,8.88267229776597,DTA.BLUE,IAH4.2021.PHK76,IAH4.2021,PHK76,protein_coding,,Ribonucloprotein (Fragment),,216707607.0,5575.0,,,Zm00001eb141200,,,,B73 Zm00001eb.1,,,Zea mays,chr3,152185289.0,152190863.0,GO:0005730
chr3,152185289,152190863,Zm00001eb141200,152088156,8.88267229776597,DTA.BLUE,IAH4.2021.PHK76,IAH4.2021,PHK76,protein_coding,,Ribonucloprotein (Fragment),,216707607.0,5575.0,,,Zm00001eb141200,,,,B73 Zm00001eb.1,,,Zea mays,chr3,152185289.0,152190863.0,GO:0005840
chr3,152185289,152190863,Zm00001eb141200,152088156,8.88267229776597,DTA.BLUE,IAH4.2021.PHK76,IAH4.2021,PHK76,protein_coding,,Ribonucloprotein (Fragment),,216707607.0,5575.0,,,Zm00001eb141200,,,,B73 Zm00001eb.1,,,Zea mays,chr3,152185289.0,152190863.0,GO:0016021
chr3,152185289,152190863,Zm00001eb141200,152088156,8.88267229776597,DTA.BLUE,IAH4.2021.PHK76,IAH4.2021,PHK76,protein_coding,,Ribonucloprotein (Fragment),,216707607.0,5575.0,,,Zm00001eb141200,,,,B73 Zm00001eb.1,,,Zea mays,chr3,152185289.0,152190863.0,GO:0030490
chr3,152185289,152190863,Zm00001eb141200,152088156,8.88267229776597,DTA.BLUE,IAH4.2021.PHK76,IAH4.2021,PHK76,protein_coding,,Ribonucloprotein (Fragment),,216707607.0,5575.0,,,Zm00001eb141200,,,,B73 Zm00001eb.1,,,Zea mays,chr3,152185289.0,152190863.0,GO:0031428
chr3,152185289,152190863,Zm00001eb141200,152088156,8.88267229776597,DTA.BLUE,IAH4.2021.PHK76,IAH4.2021,PHK76,protein_coding,,Ribonucloprotein (Fragment),,216707607.0,5575.0,,,Zm00001eb141200,,,,B73 Zm00001eb.1,,,Zea mays,chr3,152185289.0,152190863.0,GO:0032040
chr3,152185289,152190863,Zm00001eb141200,152088156,8.88267229776597,DTA.BLUE,IAH4.2021.PHK76,IAH4.2021,PHK76,protein_coding,,Ribonucloprotein (Fragment),,216707607.0,5575.0,,,Zm00001eb141200,,,,B73 Zm00001eb.1,,,Zea mays,chr3,152185289.0,152190863.0,GO:0046540
chr3,152185289,152190863,Zm00001eb141200,152088156,8.88267229776597,DTA.BLUE,IAH4.2021.PHK76,IAH4.2021,PHK76,protein_coding,,Ribonucloprotein (Fragment),,216707607.0,5575.0,,,Zm00001eb141200,,,,B73 Zm00001eb.1,,,Zea mays,chr3,152185289.0,152190863.0,GO:0071011
chr8,128298385,128301761,Zm00001eb353690,128376366,9.08521287427318,DTA.BLUE,IAH4.2021.PHK76,IAH4.2021,PHK76,protein_coding,,ER lumen protein-retaining receptor,,217791901.0,3377.0,,,Zm00001eb353690,,,,B73 Zm00001eb.1,,,Zea mays,chr8,128298385.0,128301761.0,GO:0005783
chr8,128298385,128301761,Zm00001eb353690,128376366,9.08521287427318,DTA.BLUE,IAH4.2021.PHK76,IAH4.2021,PHK76,protein_coding,,ER lumen protein-retaining receptor,,217791901.0,3377.0,,,Zm00001eb353690,,,,B73 Zm00001eb.1,,,Zea mays,chr8,128298385.0,128301761.0,GO:0005789
chr8,128298385,128301761,Zm00001eb353690,128376366,9.08521287427318,DTA.BLUE,IAH4.2021.PHK76,IAH4.2021,PHK76,protein_coding,,ER lumen protein-retaining receptor,,217791901.0,3377.0,,,Zm00001eb353690,,,,B73 Zm00001eb.1,,,Zea mays,chr8,128298385.0,128301761.0,GO:0005801
chr8,128298385,128301761,Zm00001eb353690,128376366,9.08521287427318,DTA.BLUE,IAH4.2021.PHK76,IAH4.2021,PHK76,protein_coding,,ER lumen protein-retaining receptor,,217791901.0,3377.0,,,Zm00001eb353690,,,,B73 Zm00001eb.1,,,Zea mays,chr8,128298385.0,128301761.0,GO:0006621
chr8,128298385,128301761,Zm00001eb353690,128376366,9.08521287427318,DTA.BLUE,IAH4.2021.PHK76,IAH4.2021,PHK76,protein_coding,,ER lumen protein-retaining receptor,,217791901.0,3377.0,,,Zm00001eb353690,,,,B73 Zm00001eb.1,,,Zea mays,chr8,128298385.0,128301761.0,GO:0006888
chr8,128298385,128301761,Zm00001eb353690,128376366,9.08521287427318,DTA.BLUE,IAH4.2021.PHK76,IAH4.2021,PHK76,protein_coding,,ER lumen protein-retaining receptor,,217791901.0,3377.0,,,Zm00001eb353690,,,,B73 Zm00001eb.1,,,Zea mays,chr8,128298385.0,128301761.0,GO:0015031
chr8,128298385,128301761,Zm00001eb353690,128376366,9.08521287427318,DTA.BLUE,IAH4.2021.PHK76,IAH4.2021,PHK76,protein_coding,,ER lumen protein-retaining receptor,,217791901.0,3377.0,,,Zm00001eb353690,,,,B73 Zm00001eb.1,,,Zea mays,chr8,128298385.0,128301761.0,GO:0016021
chr8,128298385,128301761,Zm00001eb353690,128376366,9.08521287427318,DTA.BLUE,IAH4.2021.PHK76,IAH4.2021,PHK76,protein_coding,,ER lumen protein-retaining receptor,,217791901.0,3377.0,,,Zm00001eb353690,,,,B73 Zm00001eb.1,,,Zea mays,chr8,128298385.0,128301761.0,GO:0046923
chr8,128372001,128391664,Zm00001eb353700,128376366,9.08521287427318,DTA.BLUE,IAH4.2021.PHK76,IAH4.2021,PHK76,protein_coding,,SNF1-related protein kinase catalytic subunit alpha KIN10,,217791990.0,19664.0,,,Zm00001eb353700,,,,B73 Zm00001eb.1,,,Zea mays,chr8,128372001.0,128391664.0,GO:0004672
chr8,128372001,128391664,Zm00001eb353700,128376366,9.08521287427318,DTA.BLUE,IAH4.2021.PHK76,IAH4.2021,PHK76,protein_coding,,SNF1-related protein kinase catalytic subunit alpha KIN10,,217791990.0,19664.0,,,Zm00001eb353700,,,,B73 Zm00001eb.1,,,Zea mays,chr8,128372001.0,128391664.0,GO:0005524
chr8,128372001,128391664,Zm00001eb353700,128376366,9.08521287427318,DTA.BLUE,IAH4.2021.PHK76,IAH4.2021,PHK76,protein_coding,,SNF1-related protein kinase catalytic subunit alpha KIN10,,217791990.0,19664.0,,,Zm00001eb353700,,,,B73 Zm00001eb.1,,,Zea mays,chr8,128372001.0,128391664.0,GO:0005634
chr8,128372001,128391664,Zm00001eb353700,128376366,9.08521287427318,DTA.BLUE,IAH4.2021.PHK76,IAH4.2021,PHK76,protein_coding,,SNF1-related protein kinase catalytic subunit alpha KIN10,,217791990.0,19664.0,,,Zm00001eb353700,,,,B73 Zm00001eb.1,,,Zea mays,chr8,128372001.0,128391664.0,GO:0006468
chr8,128372001,128391664,Zm00001eb353700,128376366,9.08521287427318,DTA.BLUE,IAH4.2021.PHK76,IAH4.2021,PHK76,protein_coding,,SNF1-related protein kinase catalytic subunit alpha KIN10,,217791990.0,19664.0,,,Zm00001eb353700,,,,B73 Zm00001eb.1,,,Zea mays,chr8,128372001.0,128391664.0,GO:0035556
chr8,128372001,128391664,Zm00001eb353700,128376366,9.08521287427318,DTA.BLUE,IAH4.2021.PHK76,IAH4.2021,PHK76,protein_coding,,SNF1-related protein kinase catalytic subunit alpha KIN10,,217791990.0,19664.0,,,Zm00001eb353700,,,,B73 Zm00001eb.1,,,Zea mays,chr8,128372001.0,128391664.0,GO:0106310
chr8,128372001,128391664,Zm00001eb353700,128376366,9.08521287427318,DTA.BLUE,IAH4.2021.PHK76,IAH4.2021,PHK76,protein_coding,,SNF1-related protein kinase catalytic subunit alpha KIN10,,217791990.0,19664.0,,,Zm00001eb353700,,,,B73 Zm00001eb.1,,,Zea mays,chr8,128372001.0,128391664.0,GO:0106311
chr8,128374370,128376696,Zm00001eb353710,128376366,9.08521287427318,DTA.BLUE,IAH4.2021.PHK76,IAH4.2021,PHK76,protein_coding,,Heat stress transcription factor (Fragment),,217792096.0,2327.0,,,Zm00001eb353710,,,,B73 Zm00001eb.1,,,Zea mays,chr8,128374370.0,128376696.0,GO:0000978
chr8,128374370,128376696,Zm00001eb353710,128376366,9.08521287427318,DTA.BLUE,IAH4.2021.PHK76,IAH4.2021,PHK76,protein_coding,,Heat stress transcription factor (Fragment),,217792096.0,2327.0,,,Zm00001eb353710,,,,B73 Zm00001eb.1,,,Zea mays,chr8,128374370.0,128376696.0,GO:0001067
chr8,128374370,128376696,Zm00001eb353710,128376366,9.08521287427318,DTA.BLUE,IAH4.2021.PHK76,IAH4.2021,PHK76,protein_coding,,Heat stress transcription factor (Fragment),,217792096.0,2327.0,,,Zm00001eb353710,,,,B73 Zm00001eb.1,,,Zea mays,chr8,128374370.0,128376696.0,GO:0003690
chr8,128374370,128376696,Zm00001eb353710,128376366,9.08521287427318,DTA.BLUE,IAH4.2021.PHK76,IAH4.2021,PHK76,protein_coding,,Heat stress transcription factor (Fragment),,217792096.0,2327.0,,,Zm00001eb353710,,,,B73 Zm00001eb.1,,,Zea mays,chr8,128374370.0,128376696.0,GO:0003700
chr8,128374370,128376696,Zm00001eb353710,128376366,9.08521287427318,DTA.BLUE,IAH4.2021.PHK76,IAH4.2021,PHK76,protein_coding,,Heat stress transcription factor (Fragment),,217792096.0,2327.0,,,Zm00001eb353710,,,,B73 Zm00001eb.1,,,Zea mays,chr8,128374370.0,128376696.0,GO:0005634
chr8,128374370,128376696,Zm00001eb353710,128376366,9.08521287427318,DTA.BLUE,IAH4.2021.PHK76,IAH4.2021,PHK76,protein_coding,,Heat stress transcription factor (Fragment),,217792096.0,2327.0,,,Zm00001eb353710,,,,B73 Zm00001eb.1,,,Zea mays,chr8,128374370.0,128376696.0,GO:0006355
chr8,128374370,128376696,Zm00001eb353710,128376366,9.08521287427318,DTA.BLUE,IAH4.2021.PHK76,IAH4.2021,PHK76,protein_coding,,Heat stress transcription factor (Fragment),,217792096.0,2327.0,,,Zm00001eb353710,,,,B73 Zm00001eb.1,,,Zea mays,chr8,128374370.0,128376696.0,GO:0006357
chr8,128374370,128376696,Zm00001eb353710,128376366,9.08521287427318,DTA.BLUE,IAH4.2021.PHK76,IAH4.2021,PHK76,protein_coding,,Heat stress transcription factor (Fragment),,217792096.0,2327.0,,,Zm00001eb353710,,,,B73 Zm00001eb.1,,,Zea mays,chr8,128374370.0,128376696.0,GO:0034605
chr8,128374370,128376696,Zm00001eb353710,128376366,9.08521287427318,DTA.BLUE,IAH4.2021.PHK76,IAH4.2021,PHK76,protein_coding,,Heat stress transcription factor (Fragment),,217792096.0,2327.0,,,Zm00001eb353710,,,,B73 Zm00001eb.1,,,Zea mays,chr8,128374370.0,128376696.0,GO:0043565
chr8,128374370,128376696,Zm00001eb353710,128376366,9.08521287427318,DTA.BLUE,IAH4.2021.PHK76,IAH4.2021,PHK76,protein_coding,,Heat stress transcription factor (Fragment),,217792096.0,2327.0,,,Zm00001eb353710,,,,B73 Zm00001eb.1,,,Zea mays,chr8,128374370.0,128376696.0,GO:1903508
chr8,128393907,128394620,Zm00001eb353720,128376366,9.08521287427318,DTA.BLUE,IAH4.2021.PHK76,IAH4.2021,PHK76,protein_coding,,Zinc finger CCCH domain-containing protein 35,,217792111.0,714.0,,,Zm00001eb353720,,,,B73 Zm00001eb.1,,,Zea mays,chr8,128393907.0,128394620.0,GO:0016301
chr8,128393907,128394620,Zm00001eb353720,128376366,9.08521287427318,DTA.BLUE,IAH4.2021.PHK76,IAH4.2021,PHK76,protein_coding,,Zinc finger CCCH domain-containing protein 35,,217792111.0,714.0,,,Zm00001eb353720,,,,B73 Zm00001eb.1,,,Zea mays,chr8,128393907.0,128394620.0,GO:0016310
chr8,128394727,128395161,Zm00001eb353730,128376366,9.08521287427318,DTA.BLUE,IAH4.2021.PHK76,IAH4.2021,PHK76,,,,,,,,,,,,,,,,,,,,
chr8,128396256,128397971,Zm00001eb353740,128376366,9.08521287427318,DTA.BLUE,IAH4.2021.PHK76,IAH4.2021,PHK76,protein_coding,,Protein TOO MANY MOUTHS,,217792127.0,1716.0,,,Zm00001eb353740,,,,B73 Zm00001eb.1,,,Zea mays,chr8,128396256.0,128397971.0,GO:0004197
chr8,128396256,128397971,Zm00001eb353740,128376366,9.08521287427318,DTA.BLUE,IAH4.2021.PHK76,IAH4.2021,PHK76,protein_coding,,Protein TOO MANY MOUTHS,,217792127.0,1716.0,,,Zm00001eb353740,,,,B73 Zm00001eb.1,,,Zea mays,chr8,128396256.0,128397971.0,GO:0005615
chr8,128396256,128397971,Zm00001eb353740,128376366,9.08521287427318,DTA.BLUE,IAH4.2021.PHK76,IAH4.2021,PHK76,protein_coding,,Protein TOO MANY MOUTHS,,217792127.0,1716.0,,,Zm00001eb353740,,,,B73 Zm00001eb.1,,,Zea mays,chr8,128396256.0,128397971.0,GO:0005764
chr8,128396256,128397971,Zm00001eb353740,128376366,9.08521287427318,DTA.BLUE,IAH4.2021.PHK76,IAH4.2021,PHK76,protein_coding,,Protein TOO MANY MOUTHS,,217792127.0,1716.0,,,Zm00001eb353740,,,,B73 Zm00001eb.1,,,Zea mays,chr8,128396256.0,128397971.0,GO:0006464
chr8,128396256,128397971,Zm00001eb353740,128376366,9.08521287427318,DTA.BLUE,IAH4.2021.PHK76,IAH4.2021,PHK76,protein_coding,,Protein TOO MANY MOUTHS,,217792127.0,1716.0,,,Zm00001eb353740,,,,B73 Zm00001eb.1,,,Zea mays,chr8,128396256.0,128397971.0,GO:0008168
chr8,128396256,128397971,Zm00001eb353740,128376366,9.08521287427318,DTA.BLUE,IAH4.2021.PHK76,IAH4.2021,PHK76,protein_coding,,Protein TOO MANY MOUTHS,,217792127.0,1716.0,,,Zm00001eb353740,,,,B73 Zm00001eb.1,,,Zea mays,chr8,128396256.0,128397971.0,GO:0016020
chr8,128396256,128397971,Zm00001eb353740,128376366,9.08521287427318,DTA.BLUE,IAH4.2021.PHK76,IAH4.2021,PHK76,protein_coding,,Protein TOO MANY MOUTHS,,217792127.0,1716.0,,,Zm00001eb353740,,,,B73 Zm00001eb.1,,,Zea mays,chr8,128396256.0,128397971.0,GO:0016301
chr8,128396256,128397971,Zm00001eb353740,128376366,9.08521287427318,DTA.BLUE,IAH4.2021.PHK76,IAH4.2021,PHK76,protein_coding,,Protein TOO MANY MOUTHS,,217792127.0,1716.0,,,Zm00001eb353740,,,,B73 Zm00001eb.1,,,Zea mays,chr8,128396256.0,128397971.0,GO:0016310
chr8,128396256,128397971,Zm00001eb353740,128376366,9.08521287427318,DTA.BLUE,IAH4.2021.PHK76,IAH4.2021,PHK76,protein_coding,,Protein TOO MANY MOUTHS,,217792127.0,1716.0,,,Zm00001eb353740,,,,B73 Zm00001eb.1,,,Zea mays,chr8,128396256.0,128397971.0,GO:0016773
chr8,128396256,128397971,Zm00001eb353740,128376366,9.08521287427318,DTA.BLUE,IAH4.2021.PHK76,IAH4.2021,PHK76,protein_coding,,Protein TOO MANY MOUTHS,,217792127.0,1716.0,,,Zm00001eb353740,,,,B73 Zm00001eb.1,,,Zea mays,chr8,128396256.0,128397971.0,GO:0051603
chr8,128396256,128397971,Zm00001eb353740,128376366,9.08521287427318,DTA.BLUE,IAH4.2021.PHK76,IAH4.2021,PHK76,protein_coding,,Protein TOO MANY MOUTHS,,217792127.0,1716.0,,,Zm00001eb353740,,,,B73 Zm00001eb.1,,,Zea mays,chr8,128396256.0,128397971.0,GO:0004197
chr8,128396256,128397971,Zm00001eb353740,128376366,9.08521287427318,DTA.BLUE,IAH4.2021.PHK76,IAH4.2021,PHK76,protein_coding,,Protein TOO MANY MOUTHS,,217792127.0,1716.0,,,Zm00001eb353740,,,,B73 Zm00001eb.1,,,Zea mays,chr8,128396256.0,128397971.0,GO:0005615
chr8,128396256,128397971,Zm00001eb353740,128376366,9.08521287427318,DTA.BLUE,IAH4.2021.PHK76,IAH4.2021,PHK76,protein_coding,,Protein TOO MANY MOUTHS,,217792127.0,1716.0,,,Zm00001eb353740,,,,B73 Zm00001eb.1,,,Zea mays,chr8,128396256.0,128397971.0,GO:0005764
chr8,128396256,128397971,Zm00001eb353740,128376366,9.08521287427318,DTA.BLUE,IAH4.2021.PHK76,IAH4.2021,PHK76,protein_coding,,Protein TOO MANY MOUTHS,,217792127.0,1716.0,,,Zm00001eb353740,,,,B73 Zm00001eb.1,,,Zea mays,chr8,128396256.0,128397971.0,GO:0006464
chr8,128396256,128397971,Zm00001eb353740,128376366,9.08521287427318,DTA.BLUE,IAH4.2021.PHK76,IAH4.2021,PHK76,protein_coding,,Protein TOO MANY MOUTHS,,217792127.0,1716.0,,,Zm00001eb353740,,,,B73 Zm00001eb.1,,,Zea mays,chr8,128396256.0,128397971.0,GO:0008168
chr8,128396256,128397971,Zm00001eb353740,128376366,9.08521287427318,DTA.BLUE,IAH4.2021.PHK76,IAH4.2021,PHK76,protein_coding,,Protein TOO MANY MOUTHS,,217792127.0,1716.0,,,Zm00001eb353740,,,,B73 Zm00001eb.1,,,Zea mays,chr8,128396256.0,128397971.0,GO:0016020
chr8,128396256,128397971,Zm00001eb353740,128376366,9.08521287427318,DTA.BLUE,IAH4.2021.PHK76,IAH4.2021,PHK76,protein_coding,,Protein TOO MANY MOUTHS,,217792127.0,1716.0,,,Zm00001eb353740,,,,B73 Zm00001eb.1,,,Zea mays,chr8,128396256.0,128397971.0,GO:0016301
chr8,128396256,128397971,Zm00001eb353740,128376366,9.08521287427318,DTA.BLUE,IAH4.2021.PHK76,IAH4.2021,PHK76,protein_coding,,Protein TOO MANY MOUTHS,,217792127.0,1716.0,,,Zm00001eb353740,,,,B73 Zm00001eb.1,,,Zea mays,chr8,128396256.0,128397971.0,GO:0016310
chr8,128396256,128397971,Zm00001eb353740,128376366,9.08521287427318,DTA.BLUE,IAH4.2021.PHK76,IAH4.2021,PHK76,protein_coding,,Protein TOO MANY MOUTHS,,217792127.0,1716.0,,,Zm00001eb353740,,,,B73 Zm00001eb.1,,,Zea mays,chr8,128396256.0,128397971.0,GO:0016773
chr8,128396256,128397971,Zm00001eb353740,128376366,9.08521287427318,DTA.BLUE,IAH4.2021.PHK76,IAH4.2021,PHK76,protein_coding,,Protein TOO MANY MOUTHS,,217792127.0,1716.0,,,Zm00001eb353740,,,,B73 Zm00001eb.1,,,Zea mays,chr8,128396256.0,128397971.0,GO:0051603
chr8,128449999,128450732,Zm00001eb353760,128376366,9.08521287427318,DTA.BLUE,IAH4.2021.PHK76,IAH4.2021,PHK76,protein_coding,,,,217792138.0,734.0,,,Zm00001eb353760,,,,B73 Zm00001eb.1,,,Zea mays,chr8,128449999.0,128450732.0,GO:0005634
chr8,128457072,128462316,Zm00001eb353770,128376366,9.08521287427318,DTA.BLUE,IAH4.2021.PHK76,IAH4.2021,PHK76,,,,,,,,,,,,,,,,,,,,
chr1,96168573,96170702,Zm00001eb023840,96169944,6.51758074469433,DTA.BLUE,IAH4.2021.PHP02,IAH4.2021,PHP02,protein_coding,,Cyclin,,216127802.0,2130.0,,,Zm00001eb023840,,,,B73 Zm00001eb.1,,,Zea mays,chr1,96168573.0,96170702.0,GO:0000079
chr1,96168573,96170702,Zm00001eb023840,96169944,6.51758074469433,DTA.BLUE,IAH4.2021.PHP02,IAH4.2021,PHP02,protein_coding,,Cyclin,,216127802.0,2130.0,,,Zm00001eb023840,,,,B73 Zm00001eb.1,,,Zea mays,chr1,96168573.0,96170702.0,GO:0007049
chr1,96168573,96170702,Zm00001eb023840,96169944,6.51758074469433,DTA.BLUE,IAH4.2021.PHP02,IAH4.2021,PHP02,protein_coding,,Cyclin,,216127802.0,2130.0,,,Zm00001eb023840,,,,B73 Zm00001eb.1,,,Zea mays,chr1,96168573.0,96170702.0,GO:0016021
chr1,96168573,96170702,Zm00001eb023840,96169944,6.51758074469433,DTA.BLUE,IAH4.2021.PHP02,IAH4.2021,PHP02,protein_coding,,Cyclin,,216127802.0,2130.0,,,Zm00001eb023840,,,,B73 Zm00001eb.1,,,Zea mays,chr1,96168573.0,96170702.0,GO:0019901
chr1,96168573,96170702,Zm00001eb023840,96169944,6.51758074469433,DTA.BLUE,IAH4.2021.PHP02,IAH4.2021,PHP02,protein_coding,,Cyclin,,216127802.0,2130.0,,,Zm00001eb023840,,,,B73 Zm00001eb.1,,,Zea mays,chr1,96168573.0,96170702.0,GO:0051301
chr1,96169569,96171122,Zm00001eb023850,96169944,6.51758074469433,DTA.BLUE,IAH4.2021.PHP02,IAH4.2021,PHP02,,,,,,,,,,,,,,,,,,,,
chr1,96221146,96224715,Zm00001eb023860,96169944,6.51758074469433,DTA.BLUE,IAH4.2021.PHP02,IAH4.2021,PHP02,protein_coding,,RNA-binding KH domain-containing protein PEPPER,,216127828.0,3570.0,,,Zm00001eb023860,,,,B73 Zm00001eb.1,,,Zea mays,chr1,96221146.0,96224715.0,GO:0003723
chr1,96221146,96224715,Zm00001eb023860,96169944,6.51758074469433,DTA.BLUE,IAH4.2021.PHP02,IAH4.2021,PHP02,protein_coding,,RNA-binding KH domain-containing protein PEPPER,,216127828.0,3570.0,,,Zm00001eb023860,,,,B73 Zm00001eb.1,,,Zea mays,chr1,96221146.0,96224715.0,GO:0005634
chr1,96221146,96224715,Zm00001eb023860,96169944,6.51758074469433,DTA.BLUE,IAH4.2021.PHP02,IAH4.2021,PHP02,protein_coding,,RNA-binding KH domain-containing protein PEPPER,,216127828.0,3570.0,,,Zm00001eb023860,,,,B73 Zm00001eb.1,,,Zea mays,chr1,96221146.0,96224715.0,GO:0005737
chr1,96221146,96224715,Zm00001eb023860,96169944,6.51758074469433,DTA.BLUE,IAH4.2021.PHP02,IAH4.2021,PHP02,protein_coding,,RNA-binding KH domain-containing protein PEPPER,,216127828.0,3570.0,,,Zm00001eb023860,,,,B73 Zm00001eb.1,,,Zea mays,chr1,96221146.0,96224715.0,GO:0006396
chr1,96221146,96224715,Zm00001eb023860,96169944,6.51758074469433,DTA.BLUE,IAH4.2021.PHP02,IAH4.2021,PHP02,protein_coding,,RNA-binding KH domain-containing protein PEPPER,,216127828.0,3570.0,,,Zm00001eb023860,,,,B73 Zm00001eb.1,,,Zea mays,chr1,96221146.0,96224715.0,GO:0009299
chr1,96221146,96224715,Zm00001eb023860,96169944,6.51758074469433,DTA.BLUE,IAH4.2021.PHP02,IAH4.2021,PHP02,protein_coding,,RNA-binding KH domain-containing protein PEPPER,,216127828.0,3570.0,,,Zm00001eb023860,,,,B73 Zm00001eb.1,,,Zea mays,chr1,96221146.0,96224715.0,GO:0010468
chr1,96221146,96224715,Zm00001eb023860,96169944,6.51758074469433,DTA.BLUE,IAH4.2021.PHP02,IAH4.2021,PHP02,protein_coding,,RNA-binding KH domain-containing protein PEPPER,,216127828.0,3570.0,,,Zm00001eb023860,,,,B73 Zm00001eb.1,,,Zea mays,chr1,96221146.0,96224715.0,GO:0016021
chr1,96221146,96224715,Zm00001eb023860,96169944,6.51758074469433,DTA.BLUE,IAH4.2021.PHP02,IAH4.2021,PHP02,protein_coding,,RNA-binding KH domain-containing protein PEPPER,,216127828.0,3570.0,,,Zm00001eb023860,,,,B73 Zm00001eb.1,,,Zea mays,chr1,96221146.0,96224715.0,GO:0016740
chr1,96221146,96224715,Zm00001eb023860,96169944,6.51758074469433,DTA.BLUE,IAH4.2021.PHP02,IAH4.2021,PHP02,protein_coding,,RNA-binding KH domain-containing protein PEPPER,,216127828.0,3570.0,,,Zm00001eb023860,,,,B73 Zm00001eb.1,,,Zea mays,chr1,96221146.0,96224715.0,GO:0048467
chr1,96221146,96224715,Zm00001eb023860,96169944,6.51758074469433,DTA.BLUE,IAH4.2021.PHP02,IAH4.2021,PHP02,protein_coding,,RNA-binding KH domain-containing protein PEPPER,,216127828.0,3570.0,,,Zm00001eb023860,,,,B73 Zm00001eb.1,,,Zea mays,chr1,96221146.0,96224715.0,GO:0048577
chr1,96221146,96224715,Zm00001eb023860,96169944,6.51758074469433,DTA.BLUE,IAH4.2021.PHP02,IAH4.2021,PHP02,protein_coding,,RNA-binding KH domain-containing protein PEPPER,,216127828.0,3570.0,,,Zm00001eb023860,,,,B73 Zm00001eb.1,,,Zea mays,chr1,96221146.0,96224715.0,GO:0048579
chr1,96228547,96230408,Zm00001eb023870,96169944,6.51758074469433,DTA.BLUE,IAH4.2021.PHP02,IAH4.2021,PHP02,protein_coding,,Trihelix transcription factor ASIL2,,216127913.0,1862.0,,,Zm00001eb023870,,,,B73 Zm00001eb.1,,,Zea mays,chr1,96228547.0,96230408.0,GO:0000976
chr1,96228547,96230408,Zm00001eb023870,96169944,6.51758074469433,DTA.BLUE,IAH4.2021.PHP02,IAH4.2021,PHP02,protein_coding,,Trihelix transcription factor ASIL2,,216127913.0,1862.0,,,Zm00001eb023870,,,,B73 Zm00001eb.1,,,Zea mays,chr1,96228547.0,96230408.0,GO:0005634
chr1,96228547,96230408,Zm00001eb023870,96169944,6.51758074469433,DTA.BLUE,IAH4.2021.PHP02,IAH4.2021,PHP02,protein_coding,,Trihelix transcription factor ASIL2,,216127913.0,1862.0,,,Zm00001eb023870,,,,B73 Zm00001eb.1,,,Zea mays,chr1,96228547.0,96230408.0,GO:0016143
chr1,96228547,96230408,Zm00001eb023870,96169944,6.51758074469433,DTA.BLUE,IAH4.2021.PHP02,IAH4.2021,PHP02,protein_coding,,Trihelix transcription factor ASIL2,,216127913.0,1862.0,,,Zm00001eb023870,,,,B73 Zm00001eb.1,,,Zea mays,chr1,96228547.0,96230408.0,GO:0019757
chr1,96228547,96230408,Zm00001eb023870,96169944,6.51758074469433,DTA.BLUE,IAH4.2021.PHP02,IAH4.2021,PHP02,protein_coding,,Trihelix transcription factor ASIL2,,216127913.0,1862.0,,,Zm00001eb023870,,,,B73 Zm00001eb.1,,,Zea mays,chr1,96228547.0,96230408.0,GO:1901564
chr1,96237345,96241106,Zm00001eb023880,96169944,6.51758074469433,DTA.BLUE,IAH4.2021.PHP02,IAH4.2021,PHP02,protein_coding,,Serine/threonine-protein kinase SAPK3,,216127924.0,3762.0,,,Zm00001eb023880,,,,B73 Zm00001eb.1,,,Zea mays,chr1,96237345.0,96241106.0,GO:0004674
chr1,96237345,96241106,Zm00001eb023880,96169944,6.51758074469433,DTA.BLUE,IAH4.2021.PHP02,IAH4.2021,PHP02,protein_coding,,Serine/threonine-protein kinase SAPK3,,216127924.0,3762.0,,,Zm00001eb023880,,,,B73 Zm00001eb.1,,,Zea mays,chr1,96237345.0,96241106.0,GO:0005524
chr1,96237345,96241106,Zm00001eb023880,96169944,6.51758074469433,DTA.BLUE,IAH4.2021.PHP02,IAH4.2021,PHP02,protein_coding,,Serine/threonine-protein kinase SAPK3,,216127924.0,3762.0,,,Zm00001eb023880,,,,B73 Zm00001eb.1,,,Zea mays,chr1,96237345.0,96241106.0,GO:0005634
chr1,96237345,96241106,Zm00001eb023880,96169944,6.51758074469433,DTA.BLUE,IAH4.2021.PHP02,IAH4.2021,PHP02,protein_coding,,Serine/threonine-protein kinase SAPK3,,216127924.0,3762.0,,,Zm00001eb023880,,,,B73 Zm00001eb.1,,,Zea mays,chr1,96237345.0,96241106.0,GO:0005737
chr1,96237345,96241106,Zm00001eb023880,96169944,6.51758074469433,DTA.BLUE,IAH4.2021.PHP02,IAH4.2021,PHP02,protein_coding,,Serine/threonine-protein kinase SAPK3,,216127924.0,3762.0,,,Zm00001eb023880,,,,B73 Zm00001eb.1,,,Zea mays,chr1,96237345.0,96241106.0,GO:0006468
chr1,96237345,96241106,Zm00001eb023880,96169944,6.51758074469433,DTA.BLUE,IAH4.2021.PHP02,IAH4.2021,PHP02,protein_coding,,Serine/threonine-protein kinase SAPK3,,216127924.0,3762.0,,,Zm00001eb023880,,,,B73 Zm00001eb.1,,,Zea mays,chr1,96237345.0,96241106.0,GO:0009738
chr1,96237345,96241106,Zm00001eb023880,96169944,6.51758074469433,DTA.BLUE,IAH4.2021.PHP02,IAH4.2021,PHP02,protein_coding,,Serine/threonine-protein kinase SAPK3,,216127924.0,3762.0,,,Zm00001eb023880,,,,B73 Zm00001eb.1,,,Zea mays,chr1,96237345.0,96241106.0,GO:0035556
chr2,223781937,223797411,Zm00001eb111570,223896865,6.26483041668284,DTS.BLUE,IAH4.2021.PHP02,IAH4.2021,PHP02,protein_coding,,B3 domain-containing transcription repressor VAL2,,216560649.0,15475.0,,,Zm00001eb111570,,,,B73 Zm00001eb.1,,,Zea mays,chr2,223781937.0,223797411.0,GO:0003677
chr2,223781937,223797411,Zm00001eb111570,223896865,6.26483041668284,DTS.BLUE,IAH4.2021.PHP02,IAH4.2021,PHP02,protein_coding,,B3 domain-containing transcription repressor VAL2,,216560649.0,15475.0,,,Zm00001eb111570,,,,B73 Zm00001eb.1,,,Zea mays,chr2,223781937.0,223797411.0,GO:0005634
chr2,223781937,223797411,Zm00001eb111570,223896865,6.26483041668284,DTS.BLUE,IAH4.2021.PHP02,IAH4.2021,PHP02,protein_coding,,B3 domain-containing transcription repressor VAL2,,216560649.0,15475.0,,,Zm00001eb111570,,,,B73 Zm00001eb.1,,,Zea mays,chr2,223781937.0,223797411.0,GO:0008270
chr2,223802842,223805366,Zm00001eb111590,223896865,6.26483041668284,DTS.BLUE,IAH4.2021.PHP02,IAH4.2021,PHP02,protein_coding,,Protein ENHANCED DISEASE RESISTANCE 4,,216560855.0,2525.0,,,Zm00001eb111590,,,,B73 Zm00001eb.1,,,Zea mays,chr2,223802842.0,223805366.0,GO:1900150
chr2,223853357,223857323,Zm00001eb111600,223896865,6.26483041668284,DTS.BLUE,IAH4.2021.PHP02,IAH4.2021,PHP02,protein_coding,,Eukaryotic translation initiation factor 2 subunit beta,,216560879.0,3967.0,,,Zm00001eb111600,,,,B73 Zm00001eb.1,,,Zea mays,chr2,223853357.0,223857323.0,GO:0002181
chr2,223853357,223857323,Zm00001eb111600,223896865,6.26483041668284,DTS.BLUE,IAH4.2021.PHP02,IAH4.2021,PHP02,protein_coding,,Eukaryotic translation initiation factor 2 subunit beta,,216560879.0,3967.0,,,Zm00001eb111600,,,,B73 Zm00001eb.1,,,Zea mays,chr2,223853357.0,223857323.0,GO:0003729
chr2,223853357,223857323,Zm00001eb111600,223896865,6.26483041668284,DTS.BLUE,IAH4.2021.PHP02,IAH4.2021,PHP02,protein_coding,,Eukaryotic translation initiation factor 2 subunit beta,,216560879.0,3967.0,,,Zm00001eb111600,,,,B73 Zm00001eb.1,,,Zea mays,chr2,223853357.0,223857323.0,GO:0003743
chr2,223853357,223857323,Zm00001eb111600,223896865,6.26483041668284,DTS.BLUE,IAH4.2021.PHP02,IAH4.2021,PHP02,protein_coding,,Eukaryotic translation initiation factor 2 subunit beta,,216560879.0,3967.0,,,Zm00001eb111600,,,,B73 Zm00001eb.1,,,Zea mays,chr2,223853357.0,223857323.0,GO:0005850
chr2,223853357,223857323,Zm00001eb111600,223896865,6.26483041668284,DTS.BLUE,IAH4.2021.PHP02,IAH4.2021,PHP02,protein_coding,,Eukaryotic translation initiation factor 2 subunit beta,,216560879.0,3967.0,,,Zm00001eb111600,,,,B73 Zm00001eb.1,,,Zea mays,chr2,223853357.0,223857323.0,GO:0005886
chr2,223853357,223857323,Zm00001eb111600,223896865,6.26483041668284,DTS.BLUE,IAH4.2021.PHP02,IAH4.2021,PHP02,protein_coding,,Eukaryotic translation initiation factor 2 subunit beta,,216560879.0,3967.0,,,Zm00001eb111600,,,,B73 Zm00001eb.1,,,Zea mays,chr2,223853357.0,223857323.0,GO:0006413
chr2,223853357,223857323,Zm00001eb111600,223896865,6.26483041668284,DTS.BLUE,IAH4.2021.PHP02,IAH4.2021,PHP02,protein_coding,,Eukaryotic translation initiation factor 2 subunit beta,,216560879.0,3967.0,,,Zm00001eb111600,,,,B73 Zm00001eb.1,,,Zea mays,chr2,223853357.0,223857323.0,GO:0022618
chr2,223853357,223857323,Zm00001eb111600,223896865,6.26483041668284,DTS.BLUE,IAH4.2021.PHP02,IAH4.2021,PHP02,protein_coding,,Eukaryotic translation initiation factor 2 subunit beta,,216560879.0,3967.0,,,Zm00001eb111600,,,,B73 Zm00001eb.1,,,Zea mays,chr2,223853357.0,223857323.0,GO:0031369
chr2,223853357,223857323,Zm00001eb111600,223896865,6.26483041668284,DTS.BLUE,IAH4.2021.PHP02,IAH4.2021,PHP02,protein_coding,,Eukaryotic translation initiation factor 2 subunit beta,,216560879.0,3967.0,,,Zm00001eb111600,,,,B73 Zm00001eb.1,,,Zea mays,chr2,223853357.0,223857323.0,GO:0046872
chr2,223895643,223899117,Zm00001eb111610,223896865,6.26483041668284,DTS.BLUE,IAH4.2021.PHP02,IAH4.2021,PHP02,protein_coding,,Secologanin synthase,,216560996.0,3475.0,,,Zm00001eb111610,,,,B73 Zm00001eb.1,,,Zea mays,chr2,223895643.0,223899117.0,GO:0004497
chr2,223895643,223899117,Zm00001eb111610,223896865,6.26483041668284,DTS.BLUE,IAH4.2021.PHP02,IAH4.2021,PHP02,protein_coding,,Secologanin synthase,,216560996.0,3475.0,,,Zm00001eb111610,,,,B73 Zm00001eb.1,,,Zea mays,chr2,223895643.0,223899117.0,GO:0005506
chr2,223895643,223899117,Zm00001eb111610,223896865,6.26483041668284,DTS.BLUE,IAH4.2021.PHP02,IAH4.2021,PHP02,protein_coding,,Secologanin synthase,,216560996.0,3475.0,,,Zm00001eb111610,,,,B73 Zm00001eb.1,,,Zea mays,chr2,223895643.0,223899117.0,GO:0016021
chr2,223895643,223899117,Zm00001eb111610,223896865,6.26483041668284,DTS.BLUE,IAH4.2021.PHP02,IAH4.2021,PHP02,protein_coding,,Secologanin synthase,,216560996.0,3475.0,,,Zm00001eb111610,,,,B73 Zm00001eb.1,,,Zea mays,chr2,223895643.0,223899117.0,GO:0016705
chr2,223895643,223899117,Zm00001eb111610,223896865,6.26483041668284,DTS.BLUE,IAH4.2021.PHP02,IAH4.2021,PHP02,protein_coding,,Secologanin synthase,,216560996.0,3475.0,,,Zm00001eb111610,,,,B73 Zm00001eb.1,,,Zea mays,chr2,223895643.0,223899117.0,GO:0020037
chr2,223899577,223900739,Zm00001eb111620,223896865,6.26483041668284,DTS.BLUE,IAH4.2021.PHP02,IAH4.2021,PHP02,protein_coding,,Putative calcium-binding protein CML32,,216561045.0,1163.0,,,Zm00001eb111620,,,,B73 Zm00001eb.1,,,Zea mays,chr2,223899577.0,223900739.0,GO:0005509
chr2,223977742,223987557,Zm00001eb111630,223896865,6.26483041668284,DTS.BLUE,IAH4.2021.PHP02,IAH4.2021,PHP02,protein_coding,,Mediator of RNA polymerase II transcription subunit 33A,,216561056.0,9816.0,,,Zm00001eb111630,,,,B73 Zm00001eb.1,,LOC103633568,Zea mays,chr2,223977742.0,223987557.0,GO:0003676
chr2,223977742,223987557,Zm00001eb111630,223896865,6.26483041668284,DTS.BLUE,IAH4.2021.PHP02,IAH4.2021,PHP02,protein_coding,,Mediator of RNA polymerase II transcription subunit 33A,,216561056.0,9816.0,,,Zm00001eb111630,,,,B73 Zm00001eb.1,,LOC103633568,Zea mays,chr2,223977742.0,223987557.0,GO:0005509
chr2,223977742,223987557,Zm00001eb111630,223896865,6.26483041668284,DTS.BLUE,IAH4.2021.PHP02,IAH4.2021,PHP02,protein_coding,,Mediator of RNA polymerase II transcription subunit 33A,,216561056.0,9816.0,,,Zm00001eb111630,,,,B73 Zm00001eb.1,,LOC103633568,Zea mays,chr2,223977742.0,223987557.0,GO:0005524
chr2,223977742,223987557,Zm00001eb111630,223896865,6.26483041668284,DTS.BLUE,IAH4.2021.PHP02,IAH4.2021,PHP02,protein_coding,,Mediator of RNA polymerase II transcription subunit 33A,,216561056.0,9816.0,,,Zm00001eb111630,,,,B73 Zm00001eb.1,,LOC103633568,Zea mays,chr2,223977742.0,223987557.0,GO:0006260
chr2,223977742,223987557,Zm00001eb111630,223896865,6.26483041668284,DTS.BLUE,IAH4.2021.PHP02,IAH4.2021,PHP02,protein_coding,,Mediator of RNA polymerase II transcription subunit 33A,,216561056.0,9816.0,,,Zm00001eb111630,,,,B73 Zm00001eb.1,,LOC103633568,Zea mays,chr2,223977742.0,223987557.0,GO:0006281
chr2,223977742,223987557,Zm00001eb111630,223896865,6.26483041668284,DTS.BLUE,IAH4.2021.PHP02,IAH4.2021,PHP02,protein_coding,,Mediator of RNA polymerase II transcription subunit 33A,,216561056.0,9816.0,,,Zm00001eb111630,,,,B73 Zm00001eb.1,,LOC103633568,Zea mays,chr2,223977742.0,223987557.0,GO:0006310
chr2,223977742,223987557,Zm00001eb111630,223896865,6.26483041668284,DTS.BLUE,IAH4.2021.PHP02,IAH4.2021,PHP02,protein_coding,,Mediator of RNA polymerase II transcription subunit 33A,,216561056.0,9816.0,,,Zm00001eb111630,,,,B73 Zm00001eb.1,,LOC103633568,Zea mays,chr2,223977742.0,223987557.0,GO:0016021
chr2,223977742,223987557,Zm00001eb111630,223896865,6.26483041668284,DTS.BLUE,IAH4.2021.PHP02,IAH4.2021,PHP02,protein_coding,,Mediator of RNA polymerase II transcription subunit 33A,,216561056.0,9816.0,,,Zm00001eb111630,,,,B73 Zm00001eb.1,,LOC103633568,Zea mays,chr2,223977742.0,223987557.0,GO:0016592
chr2,223977742,223987557,Zm00001eb111630,223896865,6.26483041668284,DTS.BLUE,IAH4.2021.PHP02,IAH4.2021,PHP02,protein_coding,,Mediator of RNA polymerase II transcription subunit 33A,,216561056.0,9816.0,,,Zm00001eb111630,,,,B73 Zm00001eb.1,,LOC103633568,Zea mays,chr2,223977742.0,223987557.0,GO:0016787
chr2,223977742,223987557,Zm00001eb111630,223896865,6.26483041668284,DTS.BLUE,IAH4.2021.PHP02,IAH4.2021,PHP02,protein_coding,,Mediator of RNA polymerase II transcription subunit 33A,,216561056.0,9816.0,,,Zm00001eb111630,,,,B73 Zm00001eb.1,,LOC103633568,Zea mays,chr2,223977742.0,223987557.0,GO:0032508
chr2,223977742,223987557,Zm00001eb111630,223896865,6.26483041668284,DTS.BLUE,IAH4.2021.PHP02,IAH4.2021,PHP02,protein_coding,,Mediator of RNA polymerase II transcription subunit 33A,,216561056.0,9816.0,,,Zm00001eb111630,,,,B73 Zm00001eb.1,,LOC103633568,Zea mays,chr2,223977742.0,223987557.0,GO:0043138
chr2,223977742,223987557,Zm00001eb111630,223896865,6.26483041668284,DTS.BLUE,IAH4.2021.PHP02,IAH4.2021,PHP02,protein_coding,,Mediator of RNA polymerase II transcription subunit 33A,,216561056.0,9816.0,,,Zm00001eb111630,,,,B73 Zm00001eb.1,,LOC103633568,Zea mays,chr2,223977742.0,223987557.0,GO:0140603
chr2,223977742,223987557,Zm00001eb111630,223896865,6.26483041668284,DTS.BLUE,IAH4.2021.PHP02,IAH4.2021,PHP02,protein_coding,,Mediator of RNA polymerase II transcription subunit 33A,,216561056.0,9816.0,,,Zm00001eb111630,,,,B73 Zm00001eb.1,,LOC103633568,Zea mays,chr2,223977742.0,223987557.0,GO:2000762
chr2,182263508,182267192,Zm00001eb098700,182330416,7.53774184412749,DTA.BLUE,IAH4.2021.PHZ51,IAH4.2021,PHZ51,,,,,,,,,,,,,,,,,,,,
chr2,182327972,182330653,Zm00001eb098710,182330416,7.53774184412749,DTA.BLUE,IAH4.2021.PHZ51,IAH4.2021,PHZ51,protein_coding,,Pumilio homolog 12,,216495960.0,2682.0,,,Zm00001eb098710,,,,B73 Zm00001eb.1,,,Zea mays,chr2,182327972.0,182330653.0,GO:0003723
chr2,182327972,182330653,Zm00001eb098710,182330416,7.53774184412749,DTA.BLUE,IAH4.2021.PHZ51,IAH4.2021,PHZ51,protein_coding,,Pumilio homolog 12,,216495960.0,2682.0,,,Zm00001eb098710,,,,B73 Zm00001eb.1,,,Zea mays,chr2,182327972.0,182330653.0,GO:0005737
chr2,182327972,182330653,Zm00001eb098710,182330416,7.53774184412749,DTA.BLUE,IAH4.2021.PHZ51,IAH4.2021,PHZ51,protein_coding,,Pumilio homolog 12,,216495960.0,2682.0,,,Zm00001eb098710,,,,B73 Zm00001eb.1,,,Zea mays,chr2,182327972.0,182330653.0,GO:0006417
chr2,182403459,182404194,Zm00001eb098720,182330416,7.53774184412749,DTA.BLUE,IAH4.2021.PHZ51,IAH4.2021,PHZ51,,,,,,,,,,,,,,,,,,,,
chr2,182428818,182431541,Zm00001eb098730,182330416,7.53774184412749,DTA.BLUE,IAH4.2021.PHZ51,IAH4.2021,PHZ51,protein_coding,,LAG1 longevity assurance homolog 3,,216496003.0,2724.0,,,Zm00001eb098730,,,,B73 Zm00001eb.1,,,Zea mays,chr2,182428818.0,182431541.0,GO:0000349
chr2,182428818,182431541,Zm00001eb098730,182330416,7.53774184412749,DTA.BLUE,IAH4.2021.PHZ51,IAH4.2021,PHZ51,protein_coding,,LAG1 longevity assurance homolog 3,,216496003.0,2724.0,,,Zm00001eb098730,,,,B73 Zm00001eb.1,,,Zea mays,chr2,182428818.0,182431541.0,GO:0000974
chr2,182428818,182431541,Zm00001eb098730,182330416,7.53774184412749,DTA.BLUE,IAH4.2021.PHZ51,IAH4.2021,PHZ51,protein_coding,,LAG1 longevity assurance homolog 3,,216496003.0,2724.0,,,Zm00001eb098730,,,,B73 Zm00001eb.1,,,Zea mays,chr2,182428818.0,182431541.0,GO:0004842
chr2,182428818,182431541,Zm00001eb098730,182330416,7.53774184412749,DTA.BLUE,IAH4.2021.PHZ51,IAH4.2021,PHZ51,protein_coding,,LAG1 longevity assurance homolog 3,,216496003.0,2724.0,,,Zm00001eb098730,,,,B73 Zm00001eb.1,,,Zea mays,chr2,182428818.0,182431541.0,GO:0005783
chr2,182428818,182431541,Zm00001eb098730,182330416,7.53774184412749,DTA.BLUE,IAH4.2021.PHZ51,IAH4.2021,PHZ51,protein_coding,,LAG1 longevity assurance homolog 3,,216496003.0,2724.0,,,Zm00001eb098730,,,,B73 Zm00001eb.1,,,Zea mays,chr2,182428818.0,182431541.0,GO:0016021
chr2,182428818,182431541,Zm00001eb098730,182330416,7.53774184412749,DTA.BLUE,IAH4.2021.PHZ51,IAH4.2021,PHZ51,protein_coding,,LAG1 longevity assurance homolog 3,,216496003.0,2724.0,,,Zm00001eb098730,,,,B73 Zm00001eb.1,,,Zea mays,chr2,182428818.0,182431541.0,GO:0016410
chr2,182428818,182431541,Zm00001eb098730,182330416,7.53774184412749,DTA.BLUE,IAH4.2021.PHZ51,IAH4.2021,PHZ51,protein_coding,,LAG1 longevity assurance homolog 3,,216496003.0,2724.0,,,Zm00001eb098730,,,,B73 Zm00001eb.1,,,Zea mays,chr2,182428818.0,182431541.0,GO:0016567
chr2,182428818,182431541,Zm00001eb098730,182330416,7.53774184412749,DTA.BLUE,IAH4.2021.PHZ51,IAH4.2021,PHZ51,protein_coding,,LAG1 longevity assurance homolog 3,,216496003.0,2724.0,,,Zm00001eb098730,,,,B73 Zm00001eb.1,,,Zea mays,chr2,182428818.0,182431541.0,GO:0031090
chr2,182428818,182431541,Zm00001eb098730,182330416,7.53774184412749,DTA.BLUE,IAH4.2021.PHZ51,IAH4.2021,PHZ51,protein_coding,,LAG1 longevity assurance homolog 3,,216496003.0,2724.0,,,Zm00001eb098730,,,,B73 Zm00001eb.1,,,Zea mays,chr2,182428818.0,182431541.0,GO:0031984
chr2,182428818,182431541,Zm00001eb098730,182330416,7.53774184412749,DTA.BLUE,IAH4.2021.PHZ51,IAH4.2021,PHZ51,protein_coding,,LAG1 longevity assurance homolog 3,,216496003.0,2724.0,,,Zm00001eb098730,,,,B73 Zm00001eb.1,,,Zea mays,chr2,182428818.0,182431541.0,GO:0042175
chr2,182428818,182431541,Zm00001eb098730,182330416,7.53774184412749,DTA.BLUE,IAH4.2021.PHZ51,IAH4.2021,PHZ51,protein_coding,,LAG1 longevity assurance homolog 3,,216496003.0,2724.0,,,Zm00001eb098730,,,,B73 Zm00001eb.1,,,Zea mays,chr2,182428818.0,182431541.0,GO:0046513
chr2,182428818,182431541,Zm00001eb098730,182330416,7.53774184412749,DTA.BLUE,IAH4.2021.PHZ51,IAH4.2021,PHZ51,protein_coding,,LAG1 longevity assurance homolog 3,,216496003.0,2724.0,,,Zm00001eb098730,,,,B73 Zm00001eb.1,,,Zea mays,chr2,182428818.0,182431541.0,GO:0050291
chr2,182428818,182431541,Zm00001eb098730,182330416,7.53774184412749,DTA.BLUE,IAH4.2021.PHZ51,IAH4.2021,PHZ51,protein_coding,,LAG1 longevity assurance homolog 3,,216496003.0,2724.0,,,Zm00001eb098730,,,,B73 Zm00001eb.1,,,Zea mays,chr2,182428818.0,182431541.0,GO:0071006
chr2,182428818,182431541,Zm00001eb098730,182330416,7.53774184412749,DTA.BLUE,IAH4.2021.PHZ51,IAH4.2021,PHZ51,protein_coding,,LAG1 longevity assurance homolog 3,,216496003.0,2724.0,,,Zm00001eb098730,,,,B73 Zm00001eb.1,,,Zea mays,chr2,182428818.0,182431541.0,GO:0071013
chr2,173203402,173210013,Zm00001eb096690,173297371,6.22631003080196,DTS.BLUE,IAH4.2021.PHZ51,IAH4.2021,PHZ51,protein_coding,,3'-5' exonuclease domain-containing protein,,216486060.0,6612.0,,,Zm00001eb096690,,,,B73 Zm00001eb.1,,,Zea mays,chr2,173203402.0,173210013.0,GO:0000428
chr2,173203402,173210013,Zm00001eb096690,173297371,6.22631003080196,DTS.BLUE,IAH4.2021.PHZ51,IAH4.2021,PHZ51,protein_coding,,3'-5' exonuclease domain-containing protein,,216486060.0,6612.0,,,Zm00001eb096690,,,,B73 Zm00001eb.1,,,Zea mays,chr2,173203402.0,173210013.0,GO:0003676
chr2,173203402,173210013,Zm00001eb096690,173297371,6.22631003080196,DTS.BLUE,IAH4.2021.PHZ51,IAH4.2021,PHZ51,protein_coding,,3'-5' exonuclease domain-containing protein,,216486060.0,6612.0,,,Zm00001eb096690,,,,B73 Zm00001eb.1,,,Zea mays,chr2,173203402.0,173210013.0,GO:0003899
chr2,173203402,173210013,Zm00001eb096690,173297371,6.22631003080196,DTS.BLUE,IAH4.2021.PHZ51,IAH4.2021,PHZ51,protein_coding,,3'-5' exonuclease domain-containing protein,,216486060.0,6612.0,,,Zm00001eb096690,,,,B73 Zm00001eb.1,,,Zea mays,chr2,173203402.0,173210013.0,GO:0008408
chr2,173203402,173210013,Zm00001eb096690,173297371,6.22631003080196,DTS.BLUE,IAH4.2021.PHZ51,IAH4.2021,PHZ51,protein_coding,,3'-5' exonuclease domain-containing protein,,216486060.0,6612.0,,,Zm00001eb096690,,,,B73 Zm00001eb.1,,,Zea mays,chr2,173203402.0,173210013.0,GO:0010467
chr2,173203402,173210013,Zm00001eb096690,173297371,6.22631003080196,DTS.BLUE,IAH4.2021.PHZ51,IAH4.2021,PHZ51,protein_coding,,3'-5' exonuclease domain-containing protein,,216486060.0,6612.0,,,Zm00001eb096690,,,,B73 Zm00001eb.1,,,Zea mays,chr2,173203402.0,173210013.0,GO:0016021
chr2,173203402,173210013,Zm00001eb096690,173297371,6.22631003080196,DTS.BLUE,IAH4.2021.PHZ51,IAH4.2021,PHZ51,protein_coding,,3'-5' exonuclease domain-containing protein,,216486060.0,6612.0,,,Zm00001eb096690,,,,B73 Zm00001eb.1,,,Zea mays,chr2,173203402.0,173210013.0,GO:0032774
chr2,173203402,173210013,Zm00001eb096690,173297371,6.22631003080196,DTS.BLUE,IAH4.2021.PHZ51,IAH4.2021,PHZ51,protein_coding,,3'-5' exonuclease domain-containing protein,,216486060.0,6612.0,,,Zm00001eb096690,,,,B73 Zm00001eb.1,,,Zea mays,chr2,173203402.0,173210013.0,GO:0034645
chr2,173203402,173210013,Zm00001eb096690,173297371,6.22631003080196,DTS.BLUE,IAH4.2021.PHZ51,IAH4.2021,PHZ51,protein_coding,,3'-5' exonuclease domain-containing protein,,216486060.0,6612.0,,,Zm00001eb096690,,,,B73 Zm00001eb.1,,,Zea mays,chr2,173203402.0,173210013.0,GO:0046872
chr2,173203402,173210013,Zm00001eb096690,173297371,6.22631003080196,DTS.BLUE,IAH4.2021.PHZ51,IAH4.2021,PHZ51,protein_coding,,3'-5' exonuclease domain-containing protein,,216486060.0,6612.0,,,Zm00001eb096690,,,,B73 Zm00001eb.1,,,Zea mays,chr2,173203402.0,173210013.0,GO:0090305
chr2,173278287,173282055,Zm00001eb096700,173297371,6.22631003080196,DTS.BLUE,IAH4.2021.PHZ51,IAH4.2021,PHZ51,protein_coding,,,,216486276.0,3769.0,,,Zm00001eb096700,,,,B73 Zm00001eb.1,,,Zea mays,chr2,173278287.0,173282055.0,GO:0005789
chr2,173278287,173282055,Zm00001eb096700,173297371,6.22631003080196,DTS.BLUE,IAH4.2021.PHZ51,IAH4.2021,PHZ51,protein_coding,,,,216486276.0,3769.0,,,Zm00001eb096700,,,,B73 Zm00001eb.1,,,Zea mays,chr2,173278287.0,173282055.0,GO:0016021
chr2,173297262,173299313,Zm00001eb096710,173297371,6.22631003080196,DTS.BLUE,IAH4.2021.PHZ51,IAH4.2021,PHZ51,protein_coding,,CRIB domain-containing protein,,216486295.0,2052.0,,,Zm00001eb096710,,,,B73 Zm00001eb.1,,,Zea mays,chr2,173297262.0,173299313.0,GO:0016020
chr2,173297262,173299313,Zm00001eb096710,173297371,6.22631003080196,DTS.BLUE,IAH4.2021.PHZ51,IAH4.2021,PHZ51,protein_coding,,CRIB domain-containing protein,,216486295.0,2052.0,,,Zm00001eb096710,,,,B73 Zm00001eb.1,,,Zea mays,chr2,173297262.0,173299313.0,GO:0016709
chr2,173395190,173402220,Zm00001eb096720,173297371,6.22631003080196,DTS.BLUE,IAH4.2021.PHZ51,IAH4.2021,PHZ51,,,,,,,,,,,,,,,,,,,,
chr2,177325507,177326904,Zm00001eb097570,177371577,6.93253350571069,ASI,IAH4.2021.PHZ51,IAH4.2021,PHZ51,protein_coding,,,,216490734.0,1398.0,,,Zm00001eb097570,,,,B73 Zm00001eb.1,,,Zea mays,chr2,177325507.0,177326904.0,GO:0003755
chr2,177327182,177347485,Zm00001eb097580,177371577,6.93253350571069,ASI,IAH4.2021.PHZ51,IAH4.2021,PHZ51,protein_coding,,Aspartokinase,,216490755.0,20304.0,,,Zm00001eb097580,,,,B73 Zm00001eb.1,,,Zea mays,chr2,177327182.0,177347485.0,GO:0000976
chr2,177327182,177347485,Zm00001eb097580,177371577,6.93253350571069,ASI,IAH4.2021.PHZ51,IAH4.2021,PHZ51,protein_coding,,Aspartokinase,,216490755.0,20304.0,,,Zm00001eb097580,,,,B73 Zm00001eb.1,,,Zea mays,chr2,177327182.0,177347485.0,GO:0003700
chr2,177327182,177347485,Zm00001eb097580,177371577,6.93253350571069,ASI,IAH4.2021.PHZ51,IAH4.2021,PHZ51,protein_coding,,Aspartokinase,,216490755.0,20304.0,,,Zm00001eb097580,,,,B73 Zm00001eb.1,,,Zea mays,chr2,177327182.0,177347485.0,GO:0004072
chr2,177327182,177347485,Zm00001eb097580,177371577,6.93253350571069,ASI,IAH4.2021.PHZ51,IAH4.2021,PHZ51,protein_coding,,Aspartokinase,,216490755.0,20304.0,,,Zm00001eb097580,,,,B73 Zm00001eb.1,,,Zea mays,chr2,177327182.0,177347485.0,GO:0004412
chr2,177327182,177347485,Zm00001eb097580,177371577,6.93253350571069,ASI,IAH4.2021.PHZ51,IAH4.2021,PHZ51,protein_coding,,Aspartokinase,,216490755.0,20304.0,,,Zm00001eb097580,,,,B73 Zm00001eb.1,,,Zea mays,chr2,177327182.0,177347485.0,GO:0005524
chr2,177327182,177347485,Zm00001eb097580,177371577,6.93253350571069,ASI,IAH4.2021.PHZ51,IAH4.2021,PHZ51,protein_coding,,Aspartokinase,,216490755.0,20304.0,,,Zm00001eb097580,,,,B73 Zm00001eb.1,,,Zea mays,chr2,177327182.0,177347485.0,GO:0005634
chr2,177327182,177347485,Zm00001eb097580,177371577,6.93253350571069,ASI,IAH4.2021.PHZ51,IAH4.2021,PHZ51,protein_coding,,Aspartokinase,,216490755.0,20304.0,,,Zm00001eb097580,,,,B73 Zm00001eb.1,,,Zea mays,chr2,177327182.0,177347485.0,GO:0006355
chr2,177327182,177347485,Zm00001eb097580,177371577,6.93253350571069,ASI,IAH4.2021.PHZ51,IAH4.2021,PHZ51,protein_coding,,Aspartokinase,,216490755.0,20304.0,,,Zm00001eb097580,,,,B73 Zm00001eb.1,,,Zea mays,chr2,177327182.0,177347485.0,GO:0006470
chr2,177327182,177347485,Zm00001eb097580,177371577,6.93253350571069,ASI,IAH4.2021.PHZ51,IAH4.2021,PHZ51,protein_coding,,Aspartokinase,,216490755.0,20304.0,,,Zm00001eb097580,,,,B73 Zm00001eb.1,,,Zea mays,chr2,177327182.0,177347485.0,GO:0009085
chr2,177327182,177347485,Zm00001eb097580,177371577,6.93253350571069,ASI,IAH4.2021.PHZ51,IAH4.2021,PHZ51,protein_coding,,Aspartokinase,,216490755.0,20304.0,,,Zm00001eb097580,,,,B73 Zm00001eb.1,,,Zea mays,chr2,177327182.0,177347485.0,GO:0009086
chr2,177327182,177347485,Zm00001eb097580,177371577,6.93253350571069,ASI,IAH4.2021.PHZ51,IAH4.2021,PHZ51,protein_coding,,Aspartokinase,,216490755.0,20304.0,,,Zm00001eb097580,,,,B73 Zm00001eb.1,,,Zea mays,chr2,177327182.0,177347485.0,GO:0009088
chr2,177327182,177347485,Zm00001eb097580,177371577,6.93253350571069,ASI,IAH4.2021.PHZ51,IAH4.2021,PHZ51,protein_coding,,Aspartokinase,,216490755.0,20304.0,,,Zm00001eb097580,,,,B73 Zm00001eb.1,,,Zea mays,chr2,177327182.0,177347485.0,GO:0009089
chr2,177327182,177347485,Zm00001eb097580,177371577,6.93253350571069,ASI,IAH4.2021.PHZ51,IAH4.2021,PHZ51,protein_coding,,Aspartokinase,,216490755.0,20304.0,,,Zm00001eb097580,,,,B73 Zm00001eb.1,,,Zea mays,chr2,177327182.0,177347485.0,GO:0009090
chr2,177327182,177347485,Zm00001eb097580,177371577,6.93253350571069,ASI,IAH4.2021.PHZ51,IAH4.2021,PHZ51,protein_coding,,Aspartokinase,,216490755.0,20304.0,,,Zm00001eb097580,,,,B73 Zm00001eb.1,,,Zea mays,chr2,177327182.0,177347485.0,GO:0009507
chr2,177327182,177347485,Zm00001eb097580,177371577,6.93253350571069,ASI,IAH4.2021.PHZ51,IAH4.2021,PHZ51,protein_coding,,Aspartokinase,,216490755.0,20304.0,,,Zm00001eb097580,,,,B73 Zm00001eb.1,,,Zea mays,chr2,177327182.0,177347485.0,GO:0016310
chr2,177327182,177347485,Zm00001eb097580,177371577,6.93253350571069,ASI,IAH4.2021.PHZ51,IAH4.2021,PHZ51,protein_coding,,Aspartokinase,,216490755.0,20304.0,,,Zm00001eb097580,,,,B73 Zm00001eb.1,,,Zea mays,chr2,177327182.0,177347485.0,GO:0046451
chr2,177327182,177347485,Zm00001eb097580,177371577,6.93253350571069,ASI,IAH4.2021.PHZ51,IAH4.2021,PHZ51,protein_coding,,Aspartokinase,,216490755.0,20304.0,,,Zm00001eb097580,,,,B73 Zm00001eb.1,,,Zea mays,chr2,177327182.0,177347485.0,GO:0050661
chr2,177327182,177347485,Zm00001eb097580,177371577,6.93253350571069,ASI,IAH4.2021.PHZ51,IAH4.2021,PHZ51,protein_coding,,Aspartokinase,,216490755.0,20304.0,,,Zm00001eb097580,,,,B73 Zm00001eb.1,,,Zea mays,chr2,177327182.0,177347485.0,GO:0106306
chr2,177327182,177347485,Zm00001eb097580,177371577,6.93253350571069,ASI,IAH4.2021.PHZ51,IAH4.2021,PHZ51,protein_coding,,Aspartokinase,,216490755.0,20304.0,,,Zm00001eb097580,,,,B73 Zm00001eb.1,,,Zea mays,chr2,177327182.0,177347485.0,GO:0106307
chr2,177335727,177336895,Zm00001eb097590,177371577,6.93253350571069,ASI,IAH4.2021.PHZ51,IAH4.2021,PHZ51,protein_coding,,MFS domain-containing protein,,216490996.0,1169.0,,,Zm00001eb097590,,,,B73 Zm00001eb.1,,,Zea mays,chr2,177335727.0,177336895.0,GO:0016021
chr2,177335727,177336895,Zm00001eb097590,177371577,6.93253350571069,ASI,IAH4.2021.PHZ51,IAH4.2021,PHZ51,protein_coding,,MFS domain-containing protein,,216490996.0,1169.0,,,Zm00001eb097590,,,,B73 Zm00001eb.1,,,Zea mays,chr2,177335727.0,177336895.0,GO:0022857
chr2,177335727,177336895,Zm00001eb097590,177371577,6.93253350571069,ASI,IAH4.2021.PHZ51,IAH4.2021,PHZ51,protein_coding,,MFS domain-containing protein,,216490996.0,1169.0,,,Zm00001eb097590,,,,B73 Zm00001eb.1,,,Zea mays,chr2,177335727.0,177336895.0,GO:0055085
chr2,177362543,177385371,Zm00001eb097610,177371577,6.93253350571069,ASI,IAH4.2021.PHZ51,IAH4.2021,PHZ51,,,,,,,,,,,,,,,,,,,,
chr2,58239025,58239364,Zm00001eb083730,58266184,6.04892578041745,DTS.BLUE,MIH1.2020.PHP02,MIH1.2020,PHP02,,,,,,,,,,,,,,,,,,,,
chr2,58242989,58246990,Zm00001eb083740,58266184,6.04892578041745,DTS.BLUE,MIH1.2020.PHP02,MIH1.2020,PHP02,protein_coding,,RRM domain-containing protein,,216428410.0,4002.0,,,Zm00001eb083740,,,,B73 Zm00001eb.1,,,Zea mays,chr2,58242989.0,58246990.0,GO:0003723
chr2,58261499,58267294,Zm00001eb083750,58266184,6.04892578041745,DTS.BLUE,MIH1.2020.PHP02,MIH1.2020,PHP02,protein_coding,,OTU domain-containing protein,,216428446.0,5796.0,,,Zm00001eb083750,,,,B73 Zm00001eb.1,,,Zea mays,chr2,58261499.0,58267294.0,GO:0004843
chr2,58261499,58267294,Zm00001eb083750,58266184,6.04892578041745,DTS.BLUE,MIH1.2020.PHP02,MIH1.2020,PHP02,protein_coding,,OTU domain-containing protein,,216428446.0,5796.0,,,Zm00001eb083750,,,,B73 Zm00001eb.1,,,Zea mays,chr2,58261499.0,58267294.0,GO:0061578
chr2,58261499,58267294,Zm00001eb083750,58266184,6.04892578041745,DTS.BLUE,MIH1.2020.PHP02,MIH1.2020,PHP02,protein_coding,,OTU domain-containing protein,,216428446.0,5796.0,,,Zm00001eb083750,,,,B73 Zm00001eb.1,,,Zea mays,chr2,58261499.0,58267294.0,GO:0070536
chr2,58349592,58353606,Zm00001eb083760,58266184,6.04892578041745,DTS.BLUE,MIH1.2020.PHP02,MIH1.2020,PHP02,protein_coding,,Metallo-hydrolase/oxidoreductase superfamily protein,,216428485.0,4015.0,,,Zm00001eb083760,,,,B73 Zm00001eb.1,,,Zea mays,chr2,58349592.0,58353606.0,GO:0016021
chr2,58349592,58353606,Zm00001eb083760,58266184,6.04892578041745,DTS.BLUE,MIH1.2020.PHP02,MIH1.2020,PHP02,protein_coding,,Metallo-hydrolase/oxidoreductase superfamily protein,,216428485.0,4015.0,,,Zm00001eb083760,,,,B73 Zm00001eb.1,,,Zea mays,chr2,58349592.0,58353606.0,GO:0016787
chr3,176612094,176615549,Zm00001eb145790,176714115,8.02547786273266,DTA.BLUE,MNH1.2020.PHP02,MNH1.2020,PHP02,protein_coding,,Pectinesterase,,216734147.0,3456.0,,,Zm00001eb145790,,,,B73 Zm00001eb.1,,,Zea mays,chr3,176612094.0,176615549.0,GO:0004857
chr3,176612094,176615549,Zm00001eb145790,176714115,8.02547786273266,DTA.BLUE,MNH1.2020.PHP02,MNH1.2020,PHP02,protein_coding,,Pectinesterase,,216734147.0,3456.0,,,Zm00001eb145790,,,,B73 Zm00001eb.1,,,Zea mays,chr3,176612094.0,176615549.0,GO:0005576
chr3,176612094,176615549,Zm00001eb145790,176714115,8.02547786273266,DTA.BLUE,MNH1.2020.PHP02,MNH1.2020,PHP02,protein_coding,,Pectinesterase,,216734147.0,3456.0,,,Zm00001eb145790,,,,B73 Zm00001eb.1,,,Zea mays,chr3,176612094.0,176615549.0,GO:0005618
chr3,176612094,176615549,Zm00001eb145790,176714115,8.02547786273266,DTA.BLUE,MNH1.2020.PHP02,MNH1.2020,PHP02,protein_coding,,Pectinesterase,,216734147.0,3456.0,,,Zm00001eb145790,,,,B73 Zm00001eb.1,,,Zea mays,chr3,176612094.0,176615549.0,GO:0005886
chr3,176612094,176615549,Zm00001eb145790,176714115,8.02547786273266,DTA.BLUE,MNH1.2020.PHP02,MNH1.2020,PHP02,protein_coding,,Pectinesterase,,216734147.0,3456.0,,,Zm00001eb145790,,,,B73 Zm00001eb.1,,,Zea mays,chr3,176612094.0,176615549.0,GO:0016021
chr3,176612094,176615549,Zm00001eb145790,176714115,8.02547786273266,DTA.BLUE,MNH1.2020.PHP02,MNH1.2020,PHP02,protein_coding,,Pectinesterase,,216734147.0,3456.0,,,Zm00001eb145790,,,,B73 Zm00001eb.1,,,Zea mays,chr3,176612094.0,176615549.0,GO:0030599
chr3,176612094,176615549,Zm00001eb145790,176714115,8.02547786273266,DTA.BLUE,MNH1.2020.PHP02,MNH1.2020,PHP02,protein_coding,,Pectinesterase,,216734147.0,3456.0,,,Zm00001eb145790,,,,B73 Zm00001eb.1,,,Zea mays,chr3,176612094.0,176615549.0,GO:0042545
chr3,176612094,176615549,Zm00001eb145790,176714115,8.02547786273266,DTA.BLUE,MNH1.2020.PHP02,MNH1.2020,PHP02,protein_coding,,Pectinesterase,,216734147.0,3456.0,,,Zm00001eb145790,,,,B73 Zm00001eb.1,,,Zea mays,chr3,176612094.0,176615549.0,GO:0043086
chr3,176612094,176615549,Zm00001eb145790,176714115,8.02547786273266,DTA.BLUE,MNH1.2020.PHP02,MNH1.2020,PHP02,protein_coding,,Pectinesterase,,216734147.0,3456.0,,,Zm00001eb145790,,,,B73 Zm00001eb.1,,,Zea mays,chr3,176612094.0,176615549.0,GO:0045330
chr3,176612094,176615549,Zm00001eb145790,176714115,8.02547786273266,DTA.BLUE,MNH1.2020.PHP02,MNH1.2020,PHP02,protein_coding,,Pectinesterase,,216734147.0,3456.0,,,Zm00001eb145790,,,,B73 Zm00001eb.1,,,Zea mays,chr3,176612094.0,176615549.0,GO:0045490
chr3,176612094,176615549,Zm00001eb145790,176714115,8.02547786273266,DTA.BLUE,MNH1.2020.PHP02,MNH1.2020,PHP02,protein_coding,,Pectinesterase,,216734147.0,3456.0,,,Zm00001eb145790,,,,B73 Zm00001eb.1,,,Zea mays,chr3,176612094.0,176615549.0,GO:0052542
chr3,176616101,176620704,Zm00001eb145800,176714115,8.02547786273266,DTA.BLUE,MNH1.2020.PHP02,MNH1.2020,PHP02,protein_coding,,Nitroreductase domain-containing protein,,216734162.0,4604.0,,,Zm00001eb145800,,,,B73 Zm00001eb.1,,,Zea mays,chr3,176616101.0,176620704.0,GO:0004017
chr3,176616101,176620704,Zm00001eb145800,176714115,8.02547786273266,DTA.BLUE,MNH1.2020.PHP02,MNH1.2020,PHP02,protein_coding,,Nitroreductase domain-containing protein,,216734162.0,4604.0,,,Zm00001eb145800,,,,B73 Zm00001eb.1,,,Zea mays,chr3,176616101.0,176620704.0,GO:0005524
chr3,176616101,176620704,Zm00001eb145800,176714115,8.02547786273266,DTA.BLUE,MNH1.2020.PHP02,MNH1.2020,PHP02,protein_coding,,Nitroreductase domain-containing protein,,216734162.0,4604.0,,,Zm00001eb145800,,,,B73 Zm00001eb.1,,,Zea mays,chr3,176616101.0,176620704.0,GO:0005634
chr3,176616101,176620704,Zm00001eb145800,176714115,8.02547786273266,DTA.BLUE,MNH1.2020.PHP02,MNH1.2020,PHP02,protein_coding,,Nitroreductase domain-containing protein,,216734162.0,4604.0,,,Zm00001eb145800,,,,B73 Zm00001eb.1,,,Zea mays,chr3,176616101.0,176620704.0,GO:0005737
chr3,176616101,176620704,Zm00001eb145800,176714115,8.02547786273266,DTA.BLUE,MNH1.2020.PHP02,MNH1.2020,PHP02,protein_coding,,Nitroreductase domain-containing protein,,216734162.0,4604.0,,,Zm00001eb145800,,,,B73 Zm00001eb.1,,,Zea mays,chr3,176616101.0,176620704.0,GO:0006207
chr3,176616101,176620704,Zm00001eb145800,176714115,8.02547786273266,DTA.BLUE,MNH1.2020.PHP02,MNH1.2020,PHP02,protein_coding,,Nitroreductase domain-containing protein,,216734162.0,4604.0,,,Zm00001eb145800,,,,B73 Zm00001eb.1,,,Zea mays,chr3,176616101.0,176620704.0,GO:0006221
chr3,176616101,176620704,Zm00001eb145800,176714115,8.02547786273266,DTA.BLUE,MNH1.2020.PHP02,MNH1.2020,PHP02,protein_coding,,Nitroreductase domain-containing protein,,216734162.0,4604.0,,,Zm00001eb145800,,,,B73 Zm00001eb.1,,,Zea mays,chr3,176616101.0,176620704.0,GO:0016021
chr3,176616101,176620704,Zm00001eb145800,176714115,8.02547786273266,DTA.BLUE,MNH1.2020.PHP02,MNH1.2020,PHP02,protein_coding,,Nitroreductase domain-containing protein,,216734162.0,4604.0,,,Zm00001eb145800,,,,B73 Zm00001eb.1,,,Zea mays,chr3,176616101.0,176620704.0,GO:0016310
chr3,176616101,176620704,Zm00001eb145800,176714115,8.02547786273266,DTA.BLUE,MNH1.2020.PHP02,MNH1.2020,PHP02,protein_coding,,Nitroreductase domain-containing protein,,216734162.0,4604.0,,,Zm00001eb145800,,,,B73 Zm00001eb.1,,,Zea mays,chr3,176616101.0,176620704.0,GO:0016491
chr3,176616101,176620704,Zm00001eb145800,176714115,8.02547786273266,DTA.BLUE,MNH1.2020.PHP02,MNH1.2020,PHP02,protein_coding,,Nitroreductase domain-containing protein,,216734162.0,4604.0,,,Zm00001eb145800,,,,B73 Zm00001eb.1,,,Zea mays,chr3,176616101.0,176620704.0,GO:0033862
chr3,176616101,176620704,Zm00001eb145800,176714115,8.02547786273266,DTA.BLUE,MNH1.2020.PHP02,MNH1.2020,PHP02,protein_coding,,Nitroreductase domain-containing protein,,216734162.0,4604.0,,,Zm00001eb145800,,,,B73 Zm00001eb.1,,,Zea mays,chr3,176616101.0,176620704.0,GO:0036430
chr3,176616101,176620704,Zm00001eb145800,176714115,8.02547786273266,DTA.BLUE,MNH1.2020.PHP02,MNH1.2020,PHP02,protein_coding,,Nitroreductase domain-containing protein,,216734162.0,4604.0,,,Zm00001eb145800,,,,B73 Zm00001eb.1,,,Zea mays,chr3,176616101.0,176620704.0,GO:0036431
chr3,176616101,176620704,Zm00001eb145800,176714115,8.02547786273266,DTA.BLUE,MNH1.2020.PHP02,MNH1.2020,PHP02,protein_coding,,Nitroreductase domain-containing protein,,216734162.0,4604.0,,,Zm00001eb145800,,,,B73 Zm00001eb.1,,,Zea mays,chr3,176616101.0,176620704.0,GO:0046940
chr3,176713895,176720418,Zm00001eb145810,176714115,8.02547786273266,DTA.BLUE,MNH1.2020.PHP02,MNH1.2020,PHP02,protein_coding,,Hexosyltransferase,,216734181.0,6524.0,,,Zm00001eb145810,,,,B73 Zm00001eb.1,,,Zea mays,chr3,176713895.0,176720418.0,GO:0016021
chr3,176713895,176720418,Zm00001eb145810,176714115,8.02547786273266,DTA.BLUE,MNH1.2020.PHP02,MNH1.2020,PHP02,protein_coding,,Hexosyltransferase,,216734181.0,6524.0,,,Zm00001eb145810,,,,B73 Zm00001eb.1,,,Zea mays,chr3,176713895.0,176720418.0,GO:0016757
chr3,176713895,176720418,Zm00001eb145810,176714115,8.02547786273266,DTA.BLUE,MNH1.2020.PHP02,MNH1.2020,PHP02,protein_coding,,Hexosyltransferase,,216734181.0,6524.0,,,Zm00001eb145810,,,,B73 Zm00001eb.1,,,Zea mays,chr3,176713895.0,176720418.0,GO:0045492
chr3,176802728,176805378,Zm00001eb145820,176714115,8.02547786273266,DTA.BLUE,MNH1.2020.PHP02,MNH1.2020,PHP02,protein_coding,,Homeobox-leucine zipper protein REVOLUTA,,216734270.0,2651.0,,,Zm00001eb145820,,,,B73 Zm00001eb.1,,,Zea mays,chr3,176802728.0,176805378.0,GO:0003677
chr3,176802728,176805378,Zm00001eb145820,176714115,8.02547786273266,DTA.BLUE,MNH1.2020.PHP02,MNH1.2020,PHP02,protein_coding,,Homeobox-leucine zipper protein REVOLUTA,,216734270.0,2651.0,,,Zm00001eb145820,,,,B73 Zm00001eb.1,,,Zea mays,chr3,176802728.0,176805378.0,GO:0003700
chr3,176802728,176805378,Zm00001eb145820,176714115,8.02547786273266,DTA.BLUE,MNH1.2020.PHP02,MNH1.2020,PHP02,protein_coding,,Homeobox-leucine zipper protein REVOLUTA,,216734270.0,2651.0,,,Zm00001eb145820,,,,B73 Zm00001eb.1,,,Zea mays,chr3,176802728.0,176805378.0,GO:0005634
chr3,176802728,176805378,Zm00001eb145820,176714115,8.02547786273266,DTA.BLUE,MNH1.2020.PHP02,MNH1.2020,PHP02,protein_coding,,Homeobox-leucine zipper protein REVOLUTA,,216734270.0,2651.0,,,Zm00001eb145820,,,,B73 Zm00001eb.1,,,Zea mays,chr3,176802728.0,176805378.0,GO:0006355
chr3,176813584,176813829,Zm00001eb145830,176714115,8.02547786273266,DTA.BLUE,MNH1.2020.PHP02,MNH1.2020,PHP02,,,,,,,,,,,,,,,,,,,,
chr3,33642767,33648481,Zm00001eb127190,33643205,7.4178808100139,DTS.BLUE,MNH1.2021.PHP02,MNH1.2021,PHP02,protein_coding,,rRNA processing protein-related,,216639250.0,5715.0,,,Zm00001eb127190,,,,B73 Zm00001eb.1,,,Zea mays,chr3,33642767.0,33648481.0,GO:0005634
chr3,33642767,33648481,Zm00001eb127190,33643205,7.4178808100139,DTS.BLUE,MNH1.2021.PHP02,MNH1.2021,PHP02,protein_coding,,rRNA processing protein-related,,216639250.0,5715.0,,,Zm00001eb127190,,,,B73 Zm00001eb.1,,,Zea mays,chr3,33642767.0,33648481.0,GO:0016021
chr3,33642767,33648481,Zm00001eb127190,33643205,7.4178808100139,DTS.BLUE,MNH1.2021.PHP02,MNH1.2021,PHP02,protein_coding,,rRNA processing protein-related,,216639250.0,5715.0,,,Zm00001eb127190,,,,B73 Zm00001eb.1,,,Zea mays,chr3,33642767.0,33648481.0,GO:0043232
chr3,33642767,33648481,Zm00001eb127190,33643205,7.4178808100139,DTS.BLUE,MNH1.2021.PHP02,MNH1.2021,PHP02,protein_coding,,rRNA processing protein-related,,216639250.0,5715.0,,,Zm00001eb127190,,,,B73 Zm00001eb.1,,,Zea mays,chr3,33642767.0,33648481.0,GO:0070013
chr3,33693345,33700714,Zm00001eb127200,33643205,7.4178808100139,DTS.BLUE,MNH1.2021.PHP02,MNH1.2021,PHP02,protein_coding,,Rab-GAP TBC domain-containing protein,,216639672.0,7370.0,,,Zm00001eb127200,,,,B73 Zm00001eb.1,,,Zea mays,chr3,33693345.0,33700714.0,GO:0005096
chr3,33693345,33700714,Zm00001eb127200,33643205,7.4178808100139,DTS.BLUE,MNH1.2021.PHP02,MNH1.2021,PHP02,protein_coding,,Rab-GAP TBC domain-containing protein,,216639672.0,7370.0,,,Zm00001eb127200,,,,B73 Zm00001eb.1,,,Zea mays,chr3,33693345.0,33700714.0,GO:0005634
chr3,33693345,33700714,Zm00001eb127200,33643205,7.4178808100139,DTS.BLUE,MNH1.2021.PHP02,MNH1.2021,PHP02,protein_coding,,Rab-GAP TBC domain-containing protein,,216639672.0,7370.0,,,Zm00001eb127200,,,,B73 Zm00001eb.1,,,Zea mays,chr3,33693345.0,33700714.0,GO:0006535
chr3,33693345,33700714,Zm00001eb127200,33643205,7.4178808100139,DTS.BLUE,MNH1.2021.PHP02,MNH1.2021,PHP02,protein_coding,,Rab-GAP TBC domain-containing protein,,216639672.0,7370.0,,,Zm00001eb127200,,,,B73 Zm00001eb.1,,,Zea mays,chr3,33693345.0,33700714.0,GO:0006886
chr3,33693345,33700714,Zm00001eb127200,33643205,7.4178808100139,DTS.BLUE,MNH1.2021.PHP02,MNH1.2021,PHP02,protein_coding,,Rab-GAP TBC domain-containing protein,,216639672.0,7370.0,,,Zm00001eb127200,,,,B73 Zm00001eb.1,,,Zea mays,chr3,33693345.0,33700714.0,GO:0016021
chr3,33693345,33700714,Zm00001eb127200,33643205,7.4178808100139,DTS.BLUE,MNH1.2021.PHP02,MNH1.2021,PHP02,protein_coding,,Rab-GAP TBC domain-containing protein,,216639672.0,7370.0,,,Zm00001eb127200,,,,B73 Zm00001eb.1,,,Zea mays,chr3,33693345.0,33700714.0,GO:0090630
chr3,33703083,33711318,Zm00001eb127210,33643205,7.4178808100139,DTS.BLUE,MNH1.2021.PHP02,MNH1.2021,PHP02,protein_coding,,Cysteine synthase,,216639825.0,8236.0,,,Zm00001eb127210,,,,B73 Zm00001eb.1,,,Zea mays,chr3,33703083.0,33711318.0,GO:0000054
chr3,33703083,33711318,Zm00001eb127210,33643205,7.4178808100139,DTS.BLUE,MNH1.2021.PHP02,MNH1.2021,PHP02,protein_coding,,Cysteine synthase,,216639825.0,8236.0,,,Zm00001eb127210,,,,B73 Zm00001eb.1,,,Zea mays,chr3,33703083.0,33711318.0,GO:0004124
chr3,33703083,33711318,Zm00001eb127210,33643205,7.4178808100139,DTS.BLUE,MNH1.2021.PHP02,MNH1.2021,PHP02,protein_coding,,Cysteine synthase,,216639825.0,8236.0,,,Zm00001eb127210,,,,B73 Zm00001eb.1,,,Zea mays,chr3,33703083.0,33711318.0,GO:0005506
chr3,33703083,33711318,Zm00001eb127210,33643205,7.4178808100139,DTS.BLUE,MNH1.2021.PHP02,MNH1.2021,PHP02,protein_coding,,Cysteine synthase,,216639825.0,8236.0,,,Zm00001eb127210,,,,B73 Zm00001eb.1,,,Zea mays,chr3,33703083.0,33711318.0,GO:0005524
chr3,33703083,33711318,Zm00001eb127210,33643205,7.4178808100139,DTS.BLUE,MNH1.2021.PHP02,MNH1.2021,PHP02,protein_coding,,Cysteine synthase,,216639825.0,8236.0,,,Zm00001eb127210,,,,B73 Zm00001eb.1,,,Zea mays,chr3,33703083.0,33711318.0,GO:0005737
chr3,33703083,33711318,Zm00001eb127210,33643205,7.4178808100139,DTS.BLUE,MNH1.2021.PHP02,MNH1.2021,PHP02,protein_coding,,Cysteine synthase,,216639825.0,8236.0,,,Zm00001eb127210,,,,B73 Zm00001eb.1,,,Zea mays,chr3,33703083.0,33711318.0,GO:0006413
chr3,33703083,33711318,Zm00001eb127210,33643205,7.4178808100139,DTS.BLUE,MNH1.2021.PHP02,MNH1.2021,PHP02,protein_coding,,Cysteine synthase,,216639825.0,8236.0,,,Zm00001eb127210,,,,B73 Zm00001eb.1,,,Zea mays,chr3,33703083.0,33711318.0,GO:0006415
chr3,33703083,33711318,Zm00001eb127210,33643205,7.4178808100139,DTS.BLUE,MNH1.2021.PHP02,MNH1.2021,PHP02,protein_coding,,Cysteine synthase,,216639825.0,8236.0,,,Zm00001eb127210,,,,B73 Zm00001eb.1,,,Zea mays,chr3,33703083.0,33711318.0,GO:0006535
chr3,33703083,33711318,Zm00001eb127210,33643205,7.4178808100139,DTS.BLUE,MNH1.2021.PHP02,MNH1.2021,PHP02,protein_coding,,Cysteine synthase,,216639825.0,8236.0,,,Zm00001eb127210,,,,B73 Zm00001eb.1,,,Zea mays,chr3,33703083.0,33711318.0,GO:0009567
chr3,33703083,33711318,Zm00001eb127210,33643205,7.4178808100139,DTS.BLUE,MNH1.2021.PHP02,MNH1.2021,PHP02,protein_coding,,Cysteine synthase,,216639825.0,8236.0,,,Zm00001eb127210,,,,B73 Zm00001eb.1,,,Zea mays,chr3,33703083.0,33711318.0,GO:0009860
chr3,33703083,33711318,Zm00001eb127210,33643205,7.4178808100139,DTS.BLUE,MNH1.2021.PHP02,MNH1.2021,PHP02,protein_coding,,Cysteine synthase,,216639825.0,8236.0,,,Zm00001eb127210,,,,B73 Zm00001eb.1,,,Zea mays,chr3,33703083.0,33711318.0,GO:0016021
chr3,33703083,33711318,Zm00001eb127210,33643205,7.4178808100139,DTS.BLUE,MNH1.2021.PHP02,MNH1.2021,PHP02,protein_coding,,Cysteine synthase,,216639825.0,8236.0,,,Zm00001eb127210,,,,B73 Zm00001eb.1,,,Zea mays,chr3,33703083.0,33711318.0,GO:0016829
chr3,33703083,33711318,Zm00001eb127210,33643205,7.4178808100139,DTS.BLUE,MNH1.2021.PHP02,MNH1.2021,PHP02,protein_coding,,Cysteine synthase,,216639825.0,8236.0,,,Zm00001eb127210,,,,B73 Zm00001eb.1,,,Zea mays,chr3,33703083.0,33711318.0,GO:0043024
chr3,39219945,39220779,Zm00001eb128140,39237801,6.29543310605026,ASI,MNH1.2021.PHP02,MNH1.2021,PHP02,,,,,,,,,,,,,,,,,,,,
chr3,39235007,39242336,Zm00001eb128150,39237801,6.29543310605026,ASI,MNH1.2021.PHP02,MNH1.2021,PHP02,protein_coding,,PQ-loop repeat family protein / transmembrane family protein,,216644745.0,7330.0,,,Zm00001eb128150,,,,B73 Zm00001eb.1,,,Zea mays,chr3,39235007.0,39242336.0,GO:0016021
chr3,39318439,39321342,Zm00001eb128160,39237801,6.29543310605026,ASI,MNH1.2021.PHP02,MNH1.2021,PHP02,protein_coding,,Glutaredoxin-dependent peroxiredoxin,,216644991.0,2904.0,,,Zm00001eb128160,,,,B73 Zm00001eb.1,,,Zea mays,chr3,39318439.0,39321342.0,GO:0004601
chr3,39318439,39321342,Zm00001eb128160,39237801,6.29543310605026,ASI,MNH1.2021.PHP02,MNH1.2021,PHP02,protein_coding,,Glutaredoxin-dependent peroxiredoxin,,216644991.0,2904.0,,,Zm00001eb128160,,,,B73 Zm00001eb.1,,,Zea mays,chr3,39318439.0,39321342.0,GO:0005759
chr3,39318439,39321342,Zm00001eb128160,39237801,6.29543310605026,ASI,MNH1.2021.PHP02,MNH1.2021,PHP02,protein_coding,,Glutaredoxin-dependent peroxiredoxin,,216644991.0,2904.0,,,Zm00001eb128160,,,,B73 Zm00001eb.1,,,Zea mays,chr3,39318439.0,39321342.0,GO:0005829
chr3,39318439,39321342,Zm00001eb128160,39237801,6.29543310605026,ASI,MNH1.2021.PHP02,MNH1.2021,PHP02,protein_coding,,Glutaredoxin-dependent peroxiredoxin,,216644991.0,2904.0,,,Zm00001eb128160,,,,B73 Zm00001eb.1,,,Zea mays,chr3,39318439.0,39321342.0,GO:0006979
chr3,39318439,39321342,Zm00001eb128160,39237801,6.29543310605026,ASI,MNH1.2021.PHP02,MNH1.2021,PHP02,protein_coding,,Glutaredoxin-dependent peroxiredoxin,,216644991.0,2904.0,,,Zm00001eb128160,,,,B73 Zm00001eb.1,,,Zea mays,chr3,39318439.0,39321342.0,GO:0042744
chr3,39318439,39321342,Zm00001eb128160,39237801,6.29543310605026,ASI,MNH1.2021.PHP02,MNH1.2021,PHP02,protein_coding,,Glutaredoxin-dependent peroxiredoxin,,216644991.0,2904.0,,,Zm00001eb128160,,,,B73 Zm00001eb.1,,,Zea mays,chr3,39318439.0,39321342.0,GO:0045454
chr3,39318439,39321342,Zm00001eb128160,39237801,6.29543310605026,ASI,MNH1.2021.PHP02,MNH1.2021,PHP02,protein_coding,,Glutaredoxin-dependent peroxiredoxin,,216644991.0,2904.0,,,Zm00001eb128160,,,,B73 Zm00001eb.1,,,Zea mays,chr3,39318439.0,39321342.0,GO:0046686
chr3,39318439,39321342,Zm00001eb128160,39237801,6.29543310605026,ASI,MNH1.2021.PHP02,MNH1.2021,PHP02,protein_coding,,Glutaredoxin-dependent peroxiredoxin,,216644991.0,2904.0,,,Zm00001eb128160,,,,B73 Zm00001eb.1,,,Zea mays,chr3,39318439.0,39321342.0,GO:0051920
chr3,39318439,39321342,Zm00001eb128160,39237801,6.29543310605026,ASI,MNH1.2021.PHP02,MNH1.2021,PHP02,protein_coding,,Glutaredoxin-dependent peroxiredoxin,,216644991.0,2904.0,,,Zm00001eb128160,,,,B73 Zm00001eb.1,,,Zea mays,chr3,39318439.0,39321342.0,GO:0062197
chr3,39318439,39321342,Zm00001eb128160,39237801,6.29543310605026,ASI,MNH1.2021.PHP02,MNH1.2021,PHP02,protein_coding,,Glutaredoxin-dependent peroxiredoxin,,216644991.0,2904.0,,,Zm00001eb128160,,,,B73 Zm00001eb.1,,,Zea mays,chr3,39318439.0,39321342.0,GO:0098869
chr3,51179575,51182806,Zm00001eb129840,51281608,8.30333374166622,DTS.BLUE,MOH1.2020.PHK76,MOH1.2020,PHK76,protein_coding,,Zinc finger (MYND type) family protein / programmed cell death 2 C-terminal domain-containing protein,,216652235.0,3232.0,,,Zm00001eb129840,,,,B73 Zm00001eb.1,,,Zea mays,chr3,51179575.0,51182806.0,GO:0000288
chr3,51179575,51182806,Zm00001eb129840,51281608,8.30333374166622,DTS.BLUE,MOH1.2020.PHK76,MOH1.2020,PHK76,protein_coding,,Zinc finger (MYND type) family protein / programmed cell death 2 C-terminal domain-containing protein,,216652235.0,3232.0,,,Zm00001eb129840,,,,B73 Zm00001eb.1,,,Zea mays,chr3,51179575.0,51182806.0,GO:0000932
chr3,51179575,51182806,Zm00001eb129840,51281608,8.30333374166622,DTS.BLUE,MOH1.2020.PHK76,MOH1.2020,PHK76,protein_coding,,Zinc finger (MYND type) family protein / programmed cell death 2 C-terminal domain-containing protein,,216652235.0,3232.0,,,Zm00001eb129840,,,,B73 Zm00001eb.1,,,Zea mays,chr3,51179575.0,51182806.0,GO:0017148
chr3,51179575,51182806,Zm00001eb129840,51281608,8.30333374166622,DTS.BLUE,MOH1.2020.PHK76,MOH1.2020,PHK76,protein_coding,,Zinc finger (MYND type) family protein / programmed cell death 2 C-terminal domain-containing protein,,216652235.0,3232.0,,,Zm00001eb129840,,,,B73 Zm00001eb.1,,,Zea mays,chr3,51179575.0,51182806.0,GO:0030015
chr3,51179575,51182806,Zm00001eb129840,51281608,8.30333374166622,DTS.BLUE,MOH1.2020.PHK76,MOH1.2020,PHK76,protein_coding,,Zinc finger (MYND type) family protein / programmed cell death 2 C-terminal domain-containing protein,,216652235.0,3232.0,,,Zm00001eb129840,,,,B73 Zm00001eb.1,,,Zea mays,chr3,51179575.0,51182806.0,GO:0046872
chr3,51179575,51182806,Zm00001eb129840,51281608,8.30333374166622,DTS.BLUE,MOH1.2020.PHK76,MOH1.2020,PHK76,protein_coding,,Zinc finger (MYND type) family protein / programmed cell death 2 C-terminal domain-containing protein,,216652235.0,3232.0,,,Zm00001eb129840,,,,B73 Zm00001eb.1,,,Zea mays,chr3,51179575.0,51182806.0,GO:0060090
chr3,51279642,51308204,Zm00001eb129850,51281608,8.30333374166622,DTS.BLUE,MOH1.2020.PHK76,MOH1.2020,PHK76,,,,,,,,,,,,,,,,,,,,
chr3,168449930,168462901,Zm00001eb143840,168484142,6.48324542379825,DTA.BLUE,MOH1.2020.PHP02,MOH1.2020,PHP02,,,,,,,,,,,,,,,,,,,,
chr3,168481245,168485737,Zm00001eb143850,168484142,6.48324542379825,DTA.BLUE,MOH1.2020.PHP02,MOH1.2020,PHP02,protein_coding,,DEAD box RNA helicase1,,216721711.0,4493.0,,,Zm00001eb143850,,,,B73 Zm00001eb.1,,,Zea mays,chr3,168481245.0,168485737.0,GO:0000184
chr3,168481245,168485737,Zm00001eb143850,168484142,6.48324542379825,DTA.BLUE,MOH1.2020.PHP02,MOH1.2020,PHP02,protein_coding,,DEAD box RNA helicase1,,216721711.0,4493.0,,,Zm00001eb143850,,,,B73 Zm00001eb.1,,,Zea mays,chr3,168481245.0,168485737.0,GO:0003676
chr3,168481245,168485737,Zm00001eb143850,168484142,6.48324542379825,DTA.BLUE,MOH1.2020.PHP02,MOH1.2020,PHP02,protein_coding,,DEAD box RNA helicase1,,216721711.0,4493.0,,,Zm00001eb143850,,,,B73 Zm00001eb.1,,,Zea mays,chr3,168481245.0,168485737.0,GO:0003723
chr3,168481245,168485737,Zm00001eb143850,168484142,6.48324542379825,DTA.BLUE,MOH1.2020.PHP02,MOH1.2020,PHP02,protein_coding,,DEAD box RNA helicase1,,216721711.0,4493.0,,,Zm00001eb143850,,,,B73 Zm00001eb.1,,,Zea mays,chr3,168481245.0,168485737.0,GO:0003724
chr3,168481245,168485737,Zm00001eb143850,168484142,6.48324542379825,DTA.BLUE,MOH1.2020.PHP02,MOH1.2020,PHP02,protein_coding,,DEAD box RNA helicase1,,216721711.0,4493.0,,,Zm00001eb143850,,,,B73 Zm00001eb.1,,,Zea mays,chr3,168481245.0,168485737.0,GO:0003735
chr3,168481245,168485737,Zm00001eb143850,168484142,6.48324542379825,DTA.BLUE,MOH1.2020.PHP02,MOH1.2020,PHP02,protein_coding,,DEAD box RNA helicase1,,216721711.0,4493.0,,,Zm00001eb143850,,,,B73 Zm00001eb.1,,,Zea mays,chr3,168481245.0,168485737.0,GO:0005524
chr3,168481245,168485737,Zm00001eb143850,168484142,6.48324542379825,DTA.BLUE,MOH1.2020.PHP02,MOH1.2020,PHP02,protein_coding,,DEAD box RNA helicase1,,216721711.0,4493.0,,,Zm00001eb143850,,,,B73 Zm00001eb.1,,,Zea mays,chr3,168481245.0,168485737.0,GO:0005737
chr3,168481245,168485737,Zm00001eb143850,168484142,6.48324542379825,DTA.BLUE,MOH1.2020.PHP02,MOH1.2020,PHP02,protein_coding,,DEAD box RNA helicase1,,216721711.0,4493.0,,,Zm00001eb143850,,,,B73 Zm00001eb.1,,,Zea mays,chr3,168481245.0,168485737.0,GO:0006364
chr3,168481245,168485737,Zm00001eb143850,168484142,6.48324542379825,DTA.BLUE,MOH1.2020.PHP02,MOH1.2020,PHP02,protein_coding,,DEAD box RNA helicase1,,216721711.0,4493.0,,,Zm00001eb143850,,,,B73 Zm00001eb.1,,,Zea mays,chr3,168481245.0,168485737.0,GO:0006412
chr3,168481245,168485737,Zm00001eb143850,168484142,6.48324542379825,DTA.BLUE,MOH1.2020.PHP02,MOH1.2020,PHP02,protein_coding,,DEAD box RNA helicase1,,216721711.0,4493.0,,,Zm00001eb143850,,,,B73 Zm00001eb.1,,,Zea mays,chr3,168481245.0,168485737.0,GO:0015934
chr3,168481245,168485737,Zm00001eb143850,168484142,6.48324542379825,DTA.BLUE,MOH1.2020.PHP02,MOH1.2020,PHP02,protein_coding,,DEAD box RNA helicase1,,216721711.0,4493.0,,,Zm00001eb143850,,,,B73 Zm00001eb.1,,,Zea mays,chr3,168481245.0,168485737.0,GO:0016021
chr3,168481245,168485737,Zm00001eb143850,168484142,6.48324542379825,DTA.BLUE,MOH1.2020.PHP02,MOH1.2020,PHP02,protein_coding,,DEAD box RNA helicase1,,216721711.0,4493.0,,,Zm00001eb143850,,,,B73 Zm00001eb.1,,,Zea mays,chr3,168481245.0,168485737.0,GO:0016787
chr3,168481245,168485737,Zm00001eb143850,168484142,6.48324542379825,DTA.BLUE,MOH1.2020.PHP02,MOH1.2020,PHP02,protein_coding,,DEAD box RNA helicase1,,216721711.0,4493.0,,,Zm00001eb143850,,,,B73 Zm00001eb.1,,,Zea mays,chr3,168481245.0,168485737.0,GO:0043231
chr3,168486169,168489331,Zm00001eb143860,168484142,6.48324542379825,DTA.BLUE,MOH1.2020.PHP02,MOH1.2020,PHP02,protein_coding,,,,216721987.0,3163.0,,,Zm00001eb143860,,,,B73 Zm00001eb.1,,,Zea mays,chr3,168486169.0,168489331.0,GO:0003700
chr3,168486169,168489331,Zm00001eb143860,168484142,6.48324542379825,DTA.BLUE,MOH1.2020.PHP02,MOH1.2020,PHP02,protein_coding,,,,216721987.0,3163.0,,,Zm00001eb143860,,,,B73 Zm00001eb.1,,,Zea mays,chr3,168486169.0,168489331.0,GO:0005634
chr3,168486169,168489331,Zm00001eb143860,168484142,6.48324542379825,DTA.BLUE,MOH1.2020.PHP02,MOH1.2020,PHP02,protein_coding,,,,216721987.0,3163.0,,,Zm00001eb143860,,,,B73 Zm00001eb.1,,,Zea mays,chr3,168486169.0,168489331.0,GO:0006355
chr3,44126609,44128876,Zm00001eb128880,44127238,6.7021928656594,DTS.BLUE,MOH1.2020.PHP02,MOH1.2020,PHP02,protein_coding,,RING-type E3 ubiquitin transferase,,216648708.0,2268.0,,,Zm00001eb128880,,,,B73 Zm00001eb.1,,,Zea mays,chr3,44126609.0,44128876.0,GO:0005737
chr3,44126609,44128876,Zm00001eb128880,44127238,6.7021928656594,DTS.BLUE,MOH1.2020.PHP02,MOH1.2020,PHP02,protein_coding,,RING-type E3 ubiquitin transferase,,216648708.0,2268.0,,,Zm00001eb128880,,,,B73 Zm00001eb.1,,,Zea mays,chr3,44126609.0,44128876.0,GO:0006511
chr3,44126609,44128876,Zm00001eb128880,44127238,6.7021928656594,DTS.BLUE,MOH1.2020.PHP02,MOH1.2020,PHP02,protein_coding,,RING-type E3 ubiquitin transferase,,216648708.0,2268.0,,,Zm00001eb128880,,,,B73 Zm00001eb.1,,,Zea mays,chr3,44126609.0,44128876.0,GO:0010200
chr3,44126609,44128876,Zm00001eb128880,44127238,6.7021928656594,DTS.BLUE,MOH1.2020.PHP02,MOH1.2020,PHP02,protein_coding,,RING-type E3 ubiquitin transferase,,216648708.0,2268.0,,,Zm00001eb128880,,,,B73 Zm00001eb.1,,,Zea mays,chr3,44126609.0,44128876.0,GO:0016021
chr3,44126609,44128876,Zm00001eb128880,44127238,6.7021928656594,DTS.BLUE,MOH1.2020.PHP02,MOH1.2020,PHP02,protein_coding,,RING-type E3 ubiquitin transferase,,216648708.0,2268.0,,,Zm00001eb128880,,,,B73 Zm00001eb.1,,,Zea mays,chr3,44126609.0,44128876.0,GO:0016567
chr3,44126609,44128876,Zm00001eb128880,44127238,6.7021928656594,DTS.BLUE,MOH1.2020.PHP02,MOH1.2020,PHP02,protein_coding,,RING-type E3 ubiquitin transferase,,216648708.0,2268.0,,,Zm00001eb128880,,,,B73 Zm00001eb.1,,,Zea mays,chr3,44126609.0,44128876.0,GO:0046872
chr3,44126609,44128876,Zm00001eb128880,44127238,6.7021928656594,DTS.BLUE,MOH1.2020.PHP02,MOH1.2020,PHP02,protein_coding,,RING-type E3 ubiquitin transferase,,216648708.0,2268.0,,,Zm00001eb128880,,,,B73 Zm00001eb.1,,,Zea mays,chr3,44126609.0,44128876.0,GO:0061630
chr3,44129512,44135038,Zm00001eb128890,44127238,6.7021928656594,DTS.BLUE,MOH1.2020.PHP02,MOH1.2020,PHP02,protein_coding,,Pyruvate kinase,,216648770.0,5527.0,,,Zm00001eb128890,,,,B73 Zm00001eb.1,,,Zea mays,chr3,44129512.0,44135038.0,GO:0000287
chr3,44129512,44135038,Zm00001eb128890,44127238,6.7021928656594,DTS.BLUE,MOH1.2020.PHP02,MOH1.2020,PHP02,protein_coding,,Pyruvate kinase,,216648770.0,5527.0,,,Zm00001eb128890,,,,B73 Zm00001eb.1,,,Zea mays,chr3,44129512.0,44135038.0,GO:0003677
chr3,44129512,44135038,Zm00001eb128890,44127238,6.7021928656594,DTS.BLUE,MOH1.2020.PHP02,MOH1.2020,PHP02,protein_coding,,Pyruvate kinase,,216648770.0,5527.0,,,Zm00001eb128890,,,,B73 Zm00001eb.1,,,Zea mays,chr3,44129512.0,44135038.0,GO:0004743
chr3,44129512,44135038,Zm00001eb128890,44127238,6.7021928656594,DTS.BLUE,MOH1.2020.PHP02,MOH1.2020,PHP02,protein_coding,,Pyruvate kinase,,216648770.0,5527.0,,,Zm00001eb128890,,,,B73 Zm00001eb.1,,,Zea mays,chr3,44129512.0,44135038.0,GO:0005524
chr3,44129512,44135038,Zm00001eb128890,44127238,6.7021928656594,DTS.BLUE,MOH1.2020.PHP02,MOH1.2020,PHP02,protein_coding,,Pyruvate kinase,,216648770.0,5527.0,,,Zm00001eb128890,,,,B73 Zm00001eb.1,,,Zea mays,chr3,44129512.0,44135038.0,GO:0005634
chr3,44129512,44135038,Zm00001eb128890,44127238,6.7021928656594,DTS.BLUE,MOH1.2020.PHP02,MOH1.2020,PHP02,protein_coding,,Pyruvate kinase,,216648770.0,5527.0,,,Zm00001eb128890,,,,B73 Zm00001eb.1,,,Zea mays,chr3,44129512.0,44135038.0,GO:0005737
chr3,44129512,44135038,Zm00001eb128890,44127238,6.7021928656594,DTS.BLUE,MOH1.2020.PHP02,MOH1.2020,PHP02,protein_coding,,Pyruvate kinase,,216648770.0,5527.0,,,Zm00001eb128890,,,,B73 Zm00001eb.1,,,Zea mays,chr3,44129512.0,44135038.0,GO:0006096
chr3,44129512,44135038,Zm00001eb128890,44127238,6.7021928656594,DTS.BLUE,MOH1.2020.PHP02,MOH1.2020,PHP02,protein_coding,,Pyruvate kinase,,216648770.0,5527.0,,,Zm00001eb128890,,,,B73 Zm00001eb.1,,,Zea mays,chr3,44129512.0,44135038.0,GO:0015979
chr3,44129512,44135038,Zm00001eb128890,44127238,6.7021928656594,DTS.BLUE,MOH1.2020.PHP02,MOH1.2020,PHP02,protein_coding,,Pyruvate kinase,,216648770.0,5527.0,,,Zm00001eb128890,,,,B73 Zm00001eb.1,,,Zea mays,chr3,44129512.0,44135038.0,GO:0016021
chr3,44129512,44135038,Zm00001eb128890,44127238,6.7021928656594,DTS.BLUE,MOH1.2020.PHP02,MOH1.2020,PHP02,protein_coding,,Pyruvate kinase,,216648770.0,5527.0,,,Zm00001eb128890,,,,B73 Zm00001eb.1,,,Zea mays,chr3,44129512.0,44135038.0,GO:0016301
chr3,44129512,44135038,Zm00001eb128890,44127238,6.7021928656594,DTS.BLUE,MOH1.2020.PHP02,MOH1.2020,PHP02,protein_coding,,Pyruvate kinase,,216648770.0,5527.0,,,Zm00001eb128890,,,,B73 Zm00001eb.1,,,Zea mays,chr3,44129512.0,44135038.0,GO:0030955
chr8,11031014,11033405,Zm00001eb334880,11046171,6.14998652521601,DTA.BLUE,MOH1.2020.PHZ51,MOH1.2020,PHZ51,protein_coding,,,,217701931.0,2392.0,,,Zm00001eb334880,,,,B73 Zm00001eb.1,,,Zea mays,chr8,11031014.0,11033405.0,GO:0005524
chr8,11031014,11033405,Zm00001eb334880,11046171,6.14998652521601,DTA.BLUE,MOH1.2020.PHZ51,MOH1.2020,PHZ51,protein_coding,,,,217701931.0,2392.0,,,Zm00001eb334880,,,,B73 Zm00001eb.1,,,Zea mays,chr8,11031014.0,11033405.0,GO:0016021
chr8,11031014,11033405,Zm00001eb334880,11046171,6.14998652521601,DTA.BLUE,MOH1.2020.PHZ51,MOH1.2020,PHZ51,protein_coding,,,,217701931.0,2392.0,,,Zm00001eb334880,,,,B73 Zm00001eb.1,,,Zea mays,chr8,11031014.0,11033405.0,GO:0016307
chr8,11031014,11033405,Zm00001eb334880,11046171,6.14998652521601,DTA.BLUE,MOH1.2020.PHZ51,MOH1.2020,PHZ51,protein_coding,,,,217701931.0,2392.0,,,Zm00001eb334880,,,,B73 Zm00001eb.1,,,Zea mays,chr8,11031014.0,11033405.0,GO:0016310
chr8,11045364,11047991,Zm00001eb334890,11046171,6.14998652521601,DTA.BLUE,MOH1.2020.PHZ51,MOH1.2020,PHZ51,protein_coding,,,,217701970.0,2628.0,,,Zm00001eb334890,,,,B73 Zm00001eb.1,,,Zea mays,chr8,11045364.0,11047991.0,GO:0016021
chr8,11045364,11047991,Zm00001eb334890,11046171,6.14998652521601,DTA.BLUE,MOH1.2020.PHZ51,MOH1.2020,PHZ51,protein_coding,,,,217701970.0,2628.0,,,Zm00001eb334890,,,,B73 Zm00001eb.1,,,Zea mays,chr8,11045364.0,11047991.0,GO:0061630
chr8,11045364,11047991,Zm00001eb334890,11046171,6.14998652521601,DTA.BLUE,MOH1.2020.PHZ51,MOH1.2020,PHZ51,protein_coding,,,,217701970.0,2628.0,,,Zm00001eb334890,,,,B73 Zm00001eb.1,,,Zea mays,chr8,11045364.0,11047991.0,GO:1904294
chr8,11059736,11081360,Zm00001eb334900,11046171,6.14998652521601,DTA.BLUE,MOH1.2020.PHZ51,MOH1.2020,PHZ51,,,,,,,,,,,,,,,,,,,,
chr7,144992297,144996111,Zm00001eb318310,145095378,7.35367645022197,Yield.t.ha.BLUE,NEH1.2021.PHZ51,NEH1.2021,PHZ51,protein_coding,,U11/U12 small nuclear ribonucleoprotein 35 kDa protein,,217609038.0,3815.0,,,Zm00001eb318310,,,,B73 Zm00001eb.1,,,Zea mays,chr7,144992297.0,144996111.0,GO:0000398
chr7,144992297,144996111,Zm00001eb318310,145095378,7.35367645022197,Yield.t.ha.BLUE,NEH1.2021.PHZ51,NEH1.2021,PHZ51,protein_coding,,U11/U12 small nuclear ribonucleoprotein 35 kDa protein,,217609038.0,3815.0,,,Zm00001eb318310,,,,B73 Zm00001eb.1,,,Zea mays,chr7,144992297.0,144996111.0,GO:0003723
chr7,144992297,144996111,Zm00001eb318310,145095378,7.35367645022197,Yield.t.ha.BLUE,NEH1.2021.PHZ51,NEH1.2021,PHZ51,protein_coding,,U11/U12 small nuclear ribonucleoprotein 35 kDa protein,,217609038.0,3815.0,,,Zm00001eb318310,,,,B73 Zm00001eb.1,,,Zea mays,chr7,144992297.0,144996111.0,GO:0005634
chr7,144992297,144996111,Zm00001eb318310,145095378,7.35367645022197,Yield.t.ha.BLUE,NEH1.2021.PHZ51,NEH1.2021,PHZ51,protein_coding,,U11/U12 small nuclear ribonucleoprotein 35 kDa protein,,217609038.0,3815.0,,,Zm00001eb318310,,,,B73 Zm00001eb.1,,,Zea mays,chr7,144992297.0,144996111.0,GO:0034693
chr7,144992297,144996111,Zm00001eb318310,145095378,7.35367645022197,Yield.t.ha.BLUE,NEH1.2021.PHZ51,NEH1.2021,PHZ51,protein_coding,,U11/U12 small nuclear ribonucleoprotein 35 kDa protein,,217609038.0,3815.0,,,Zm00001eb318310,,,,B73 Zm00001eb.1,,,Zea mays,chr7,144992297.0,144996111.0,GO:0120114
chr7,144992297,144996111,Zm00001eb318310,145095378,7.35367645022197,Yield.t.ha.BLUE,NEH1.2021.PHZ51,NEH1.2021,PHZ51,protein_coding,,U11/U12 small nuclear ribonucleoprotein 35 kDa protein,,217609038.0,3815.0,,,Zm00001eb318310,,,,B73 Zm00001eb.1,,,Zea mays,chr7,144992297.0,144996111.0,GO:1990904
chr7,145083368,145094038,Zm00001eb318320,145095378,7.35367645022197,Yield.t.ha.BLUE,NEH1.2021.PHZ51,NEH1.2021,PHZ51,protein_coding,,DAO domain-containing protein,,217609077.0,10671.0,,,Zm00001eb318320,,,,B73 Zm00001eb.1,,,Zea mays,chr7,145083368.0,145094038.0,GO:0005737
chr7,145083368,145094038,Zm00001eb318320,145095378,7.35367645022197,Yield.t.ha.BLUE,NEH1.2021.PHZ51,NEH1.2021,PHZ51,protein_coding,,DAO domain-containing protein,,217609077.0,10671.0,,,Zm00001eb318320,,,,B73 Zm00001eb.1,,,Zea mays,chr7,145083368.0,145094038.0,GO:0016491
chr7,145091976,145095427,Zm00001eb318330,145095378,7.35367645022197,Yield.t.ha.BLUE,NEH1.2021.PHZ51,NEH1.2021,PHZ51,protein_coding,,Calcium-dependent protein kinase 24,,217609376.0,3452.0,,,Zm00001eb318330,,,,B73 Zm00001eb.1,,,Zea mays,chr7,145091976.0,145095427.0,GO:0004672
chr7,145091976,145095427,Zm00001eb318330,145095378,7.35367645022197,Yield.t.ha.BLUE,NEH1.2021.PHZ51,NEH1.2021,PHZ51,protein_coding,,Calcium-dependent protein kinase 24,,217609376.0,3452.0,,,Zm00001eb318330,,,,B73 Zm00001eb.1,,,Zea mays,chr7,145091976.0,145095427.0,GO:0005509
chr7,145091976,145095427,Zm00001eb318330,145095378,7.35367645022197,Yield.t.ha.BLUE,NEH1.2021.PHZ51,NEH1.2021,PHZ51,protein_coding,,Calcium-dependent protein kinase 24,,217609376.0,3452.0,,,Zm00001eb318330,,,,B73 Zm00001eb.1,,,Zea mays,chr7,145091976.0,145095427.0,GO:0005516
chr7,145091976,145095427,Zm00001eb318330,145095378,7.35367645022197,Yield.t.ha.BLUE,NEH1.2021.PHZ51,NEH1.2021,PHZ51,protein_coding,,Calcium-dependent protein kinase 24,,217609376.0,3452.0,,,Zm00001eb318330,,,,B73 Zm00001eb.1,,,Zea mays,chr7,145091976.0,145095427.0,GO:0005524
chr7,145091976,145095427,Zm00001eb318330,145095378,7.35367645022197,Yield.t.ha.BLUE,NEH1.2021.PHZ51,NEH1.2021,PHZ51,protein_coding,,Calcium-dependent protein kinase 24,,217609376.0,3452.0,,,Zm00001eb318330,,,,B73 Zm00001eb.1,,,Zea mays,chr7,145091976.0,145095427.0,GO:0005634
chr7,145091976,145095427,Zm00001eb318330,145095378,7.35367645022197,Yield.t.ha.BLUE,NEH1.2021.PHZ51,NEH1.2021,PHZ51,protein_coding,,Calcium-dependent protein kinase 24,,217609376.0,3452.0,,,Zm00001eb318330,,,,B73 Zm00001eb.1,,,Zea mays,chr7,145091976.0,145095427.0,GO:0005886
chr7,145091976,145095427,Zm00001eb318330,145095378,7.35367645022197,Yield.t.ha.BLUE,NEH1.2021.PHZ51,NEH1.2021,PHZ51,protein_coding,,Calcium-dependent protein kinase 24,,217609376.0,3452.0,,,Zm00001eb318330,,,,B73 Zm00001eb.1,,,Zea mays,chr7,145091976.0,145095427.0,GO:0006468
chr7,145091976,145095427,Zm00001eb318330,145095378,7.35367645022197,Yield.t.ha.BLUE,NEH1.2021.PHZ51,NEH1.2021,PHZ51,protein_coding,,Calcium-dependent protein kinase 24,,217609376.0,3452.0,,,Zm00001eb318330,,,,B73 Zm00001eb.1,,,Zea mays,chr7,145091976.0,145095427.0,GO:0009737
chr7,145091976,145095427,Zm00001eb318330,145095378,7.35367645022197,Yield.t.ha.BLUE,NEH1.2021.PHZ51,NEH1.2021,PHZ51,protein_coding,,Calcium-dependent protein kinase 24,,217609376.0,3452.0,,,Zm00001eb318330,,,,B73 Zm00001eb.1,,,Zea mays,chr7,145091976.0,145095427.0,GO:0018209
chr7,145091976,145095427,Zm00001eb318330,145095378,7.35367645022197,Yield.t.ha.BLUE,NEH1.2021.PHZ51,NEH1.2021,PHZ51,protein_coding,,Calcium-dependent protein kinase 24,,217609376.0,3452.0,,,Zm00001eb318330,,,,B73 Zm00001eb.1,,,Zea mays,chr7,145091976.0,145095427.0,GO:0035556
chr7,145091976,145095427,Zm00001eb318330,145095378,7.35367645022197,Yield.t.ha.BLUE,NEH1.2021.PHZ51,NEH1.2021,PHZ51,protein_coding,,Calcium-dependent protein kinase 24,,217609376.0,3452.0,,,Zm00001eb318330,,,,B73 Zm00001eb.1,,,Zea mays,chr7,145091976.0,145095427.0,GO:1901001
chr7,145107432,145112668,Zm00001eb318340,145095378,7.35367645022197,Yield.t.ha.BLUE,NEH1.2021.PHZ51,NEH1.2021,PHZ51,,,,,,,,,,,,,,,,,,,,
chr7,145113443,145115972,Zm00001eb318350,145095378,7.35367645022197,Yield.t.ha.BLUE,NEH1.2021.PHZ51,NEH1.2021,PHZ51,protein_coding,,ferredoxin-2,,217609560.0,2530.0,,,Zm00001eb318350,,,,B73 Zm00001eb.1,,,Zea mays,chr7,145113443.0,145115972.0,GO:0005739
chr7,145113443,145115972,Zm00001eb318350,145095378,7.35367645022197,Yield.t.ha.BLUE,NEH1.2021.PHZ51,NEH1.2021,PHZ51,protein_coding,,ferredoxin-2,,217609560.0,2530.0,,,Zm00001eb318350,,,,B73 Zm00001eb.1,,,Zea mays,chr7,145113443.0,145115972.0,GO:0009055
chr7,145113443,145115972,Zm00001eb318350,145095378,7.35367645022197,Yield.t.ha.BLUE,NEH1.2021.PHZ51,NEH1.2021,PHZ51,protein_coding,,ferredoxin-2,,217609560.0,2530.0,,,Zm00001eb318350,,,,B73 Zm00001eb.1,,,Zea mays,chr7,145113443.0,145115972.0,GO:0009536
chr7,145113443,145115972,Zm00001eb318350,145095378,7.35367645022197,Yield.t.ha.BLUE,NEH1.2021.PHZ51,NEH1.2021,PHZ51,protein_coding,,ferredoxin-2,,217609560.0,2530.0,,,Zm00001eb318350,,,,B73 Zm00001eb.1,,,Zea mays,chr7,145113443.0,145115972.0,GO:0022900
chr7,145113443,145115972,Zm00001eb318350,145095378,7.35367645022197,Yield.t.ha.BLUE,NEH1.2021.PHZ51,NEH1.2021,PHZ51,protein_coding,,ferredoxin-2,,217609560.0,2530.0,,,Zm00001eb318350,,,,B73 Zm00001eb.1,,,Zea mays,chr7,145113443.0,145115972.0,GO:0051536
chr7,145113443,145115972,Zm00001eb318350,145095378,7.35367645022197,Yield.t.ha.BLUE,NEH1.2021.PHZ51,NEH1.2021,PHZ51,protein_coding,,ferredoxin-2,,217609560.0,2530.0,,,Zm00001eb318350,,,,B73 Zm00001eb.1,,,Zea mays,chr7,145113443.0,145115972.0,GO:0051537
chr7,145113443,145115972,Zm00001eb318350,145095378,7.35367645022197,Yield.t.ha.BLUE,NEH1.2021.PHZ51,NEH1.2021,PHZ51,protein_coding,,ferredoxin-2,,217609560.0,2530.0,,,Zm00001eb318350,,,,B73 Zm00001eb.1,,,Zea mays,chr7,145113443.0,145115972.0,GO:0140647
chr7,145114839,145115956,Zm00001eb318360,145095378,7.35367645022197,Yield.t.ha.BLUE,NEH1.2021.PHZ51,NEH1.2021,PHZ51,,,,,,,,,,,,,,,,,,,,
chr7,145174164,145185159,Zm00001eb318370,145095378,7.35367645022197,Yield.t.ha.BLUE,NEH1.2021.PHZ51,NEH1.2021,PHZ51,,,,,,,,,,,,,,,,,,,,
chr7,145186233,145187090,Zm00001eb318380,145095378,7.35367645022197,Yield.t.ha.BLUE,NEH1.2021.PHZ51,NEH1.2021,PHZ51,protein_coding,,Ribosomal protein L2,,217609806.0,858.0,,,Zm00001eb318380,,,,B73 Zm00001eb.1,,RPL2,Zea mays,chr7,145186233.0,145187090.0,GO:0003723
chr7,145186233,145187090,Zm00001eb318380,145095378,7.35367645022197,Yield.t.ha.BLUE,NEH1.2021.PHZ51,NEH1.2021,PHZ51,protein_coding,,Ribosomal protein L2,,217609806.0,858.0,,,Zm00001eb318380,,,,B73 Zm00001eb.1,,RPL2,Zea mays,chr7,145186233.0,145187090.0,GO:0003735
chr7,145186233,145187090,Zm00001eb318380,145095378,7.35367645022197,Yield.t.ha.BLUE,NEH1.2021.PHZ51,NEH1.2021,PHZ51,protein_coding,,Ribosomal protein L2,,217609806.0,858.0,,,Zm00001eb318380,,,,B73 Zm00001eb.1,,RPL2,Zea mays,chr7,145186233.0,145187090.0,GO:0005739
chr7,145186233,145187090,Zm00001eb318380,145095378,7.35367645022197,Yield.t.ha.BLUE,NEH1.2021.PHZ51,NEH1.2021,PHZ51,protein_coding,,Ribosomal protein L2,,217609806.0,858.0,,,Zm00001eb318380,,,,B73 Zm00001eb.1,,RPL2,Zea mays,chr7,145186233.0,145187090.0,GO:0005840
chr7,145186233,145187090,Zm00001eb318380,145095378,7.35367645022197,Yield.t.ha.BLUE,NEH1.2021.PHZ51,NEH1.2021,PHZ51,protein_coding,,Ribosomal protein L2,,217609806.0,858.0,,,Zm00001eb318380,,,,B73 Zm00001eb.1,,RPL2,Zea mays,chr7,145186233.0,145187090.0,GO:0006412
chr7,145186233,145187090,Zm00001eb318380,145095378,7.35367645022197,Yield.t.ha.BLUE,NEH1.2021.PHZ51,NEH1.2021,PHZ51,protein_coding,,Ribosomal protein L2,,217609806.0,858.0,,,Zm00001eb318380,,,,B73 Zm00001eb.1,,RPL2,Zea mays,chr7,145186233.0,145187090.0,GO:0070013
chr7,145186233,145187090,Zm00001eb318380,145095378,7.35367645022197,Yield.t.ha.BLUE,NEH1.2021.PHZ51,NEH1.2021,PHZ51,protein_coding,,Ribosomal protein L2,,217609806.0,858.0,,,Zm00001eb318380,,,,B73 Zm00001eb.1,,RPL2,Zea mays,chr7,145186233.0,145187090.0,GO:0140053
chr7,145186233,145187090,Zm00001eb318380,145095378,7.35367645022197,Yield.t.ha.BLUE,NEH1.2021.PHZ51,NEH1.2021,PHZ51,protein_coding,,Ribosomal protein L2,,217609806.0,858.0,,,Zm00001eb318380,,,,B73 Zm00001eb.1,,RPL2,Zea mays,chr7,145186233.0,145187090.0,GO:1990904
chr8,113345819,113349855,Zm00001eb350370,113367268,6.54352179127621,DTA.BLUE,TXH1.2020.PHZ51,TXH1.2020,PHZ51,protein_coding,,Auxin-responsive protein,,217774606.0,4037.0,,,Zm00001eb350370,,,,B73 Zm00001eb.1,,,Zea mays,chr8,113345819.0,113349855.0,GO:0005634
chr8,113345819,113349855,Zm00001eb350370,113367268,6.54352179127621,DTA.BLUE,TXH1.2020.PHZ51,TXH1.2020,PHZ51,protein_coding,,Auxin-responsive protein,,217774606.0,4037.0,,,Zm00001eb350370,,,,B73 Zm00001eb.1,,,Zea mays,chr8,113345819.0,113349855.0,GO:0005737
chr8,113345819,113349855,Zm00001eb350370,113367268,6.54352179127621,DTA.BLUE,TXH1.2020.PHZ51,TXH1.2020,PHZ51,protein_coding,,Auxin-responsive protein,,217774606.0,4037.0,,,Zm00001eb350370,,,,B73 Zm00001eb.1,,,Zea mays,chr8,113345819.0,113349855.0,GO:0006355
chr8,113345819,113349855,Zm00001eb350370,113367268,6.54352179127621,DTA.BLUE,TXH1.2020.PHZ51,TXH1.2020,PHZ51,protein_coding,,Auxin-responsive protein,,217774606.0,4037.0,,,Zm00001eb350370,,,,B73 Zm00001eb.1,,,Zea mays,chr8,113345819.0,113349855.0,GO:0009734
chr8,113345819,113349855,Zm00001eb350370,113367268,6.54352179127621,DTA.BLUE,TXH1.2020.PHZ51,TXH1.2020,PHZ51,protein_coding,,Auxin-responsive protein,,217774606.0,4037.0,,,Zm00001eb350370,,,,B73 Zm00001eb.1,,,Zea mays,chr8,113345819.0,113349855.0,GO:0010311
chr8,113345819,113349855,Zm00001eb350370,113367268,6.54352179127621,DTA.BLUE,TXH1.2020.PHZ51,TXH1.2020,PHZ51,protein_coding,,Auxin-responsive protein,,217774606.0,4037.0,,,Zm00001eb350370,,,,B73 Zm00001eb.1,,,Zea mays,chr8,113345819.0,113349855.0,GO:1903507
chr8,113345819,113349855,Zm00001eb350370,113367268,6.54352179127621,DTA.BLUE,TXH1.2020.PHZ51,TXH1.2020,PHZ51,protein_coding,,Auxin-responsive protein,,217774606.0,4037.0,,,Zm00001eb350370,,,,B73 Zm00001eb.1,,,Zea mays,chr8,113345819.0,113349855.0,GO:2000113
chr8,113367016,113367638,Zm00001eb350380,113367268,6.54352179127621,DTA.BLUE,TXH1.2020.PHZ51,TXH1.2020,PHZ51,,,,,,,,,,,,,,,,,,,,
chr8,138924154,138926944,Zm00001eb356260,138993684,6.08002007284132,DTS.BLUE,TXH1.2020.PHZ51,TXH1.2020,PHZ51,protein_coding,,,,217804356.0,2791.0,,,Zm00001eb356260,,,,B73 Zm00001eb.1,,,Zea mays,chr8,138924154.0,138926944.0,GO:0016021
chr8,138926812,138928223,Zm00001eb356270,138993684,6.08002007284132,DTS.BLUE,TXH1.2020.PHZ51,TXH1.2020,PHZ51,protein_coding,,Exonuclease domain-containing protein,,217804409.0,1412.0,,,Zm00001eb356270,,,,B73 Zm00001eb.1,,,Zea mays,chr8,138926812.0,138928223.0,GO:0003676
chr8,138926812,138928223,Zm00001eb356270,138993684,6.08002007284132,DTS.BLUE,TXH1.2020.PHZ51,TXH1.2020,PHZ51,protein_coding,,Exonuclease domain-containing protein,,217804409.0,1412.0,,,Zm00001eb356270,,,,B73 Zm00001eb.1,,,Zea mays,chr8,138926812.0,138928223.0,GO:0008408
chr8,138926812,138928223,Zm00001eb356270,138993684,6.08002007284132,DTS.BLUE,TXH1.2020.PHZ51,TXH1.2020,PHZ51,protein_coding,,Exonuclease domain-containing protein,,217804409.0,1412.0,,,Zm00001eb356270,,,,B73 Zm00001eb.1,,,Zea mays,chr8,138926812.0,138928223.0,GO:0016740
chr8,138926812,138928223,Zm00001eb356270,138993684,6.08002007284132,DTS.BLUE,TXH1.2020.PHZ51,TXH1.2020,PHZ51,protein_coding,,Exonuclease domain-containing protein,,217804409.0,1412.0,,,Zm00001eb356270,,,,B73 Zm00001eb.1,,,Zea mays,chr8,138926812.0,138928223.0,GO:0090305
chr8,138992722,138993764,Zm00001eb356280,138993684,6.08002007284132,DTS.BLUE,TXH1.2020.PHZ51,TXH1.2020,PHZ51,protein_coding,,small EDRK-rich factor 2,,217804424.0,1043.0,,,Zm00001eb356280,,,,B73 Zm00001eb.1,,,Zea mays,chr8,138992722.0,138993764.0,GO:0005576
chr8,138992722,138993764,Zm00001eb356280,138993684,6.08002007284132,DTS.BLUE,TXH1.2020.PHZ51,TXH1.2020,PHZ51,protein_coding,,small EDRK-rich factor 2,,217804424.0,1043.0,,,Zm00001eb356280,,,,B73 Zm00001eb.1,,,Zea mays,chr8,138992722.0,138993764.0,GO:0043068
chr8,138992939,138993761,Zm00001eb356290,138993684,6.08002007284132,DTS.BLUE,TXH1.2020.PHZ51,TXH1.2020,PHZ51,,,,,,,,,,,,,,,,,,,,
chr8,139028952,139031445,Zm00001eb356300,138993684,6.08002007284132,DTS.BLUE,TXH1.2020.PHZ51,TXH1.2020,PHZ51,protein_coding,,Abscisic acid 8'-hydroxylase 4,,217804454.0,2494.0,,,Zm00001eb356300,,,,B73 Zm00001eb.1,,,Zea mays,chr8,139028952.0,139031445.0,GO:0004497
chr8,139028952,139031445,Zm00001eb356300,138993684,6.08002007284132,DTS.BLUE,TXH1.2020.PHZ51,TXH1.2020,PHZ51,protein_coding,,Abscisic acid 8'-hydroxylase 4,,217804454.0,2494.0,,,Zm00001eb356300,,,,B73 Zm00001eb.1,,,Zea mays,chr8,139028952.0,139031445.0,GO:0005506
chr8,139028952,139031445,Zm00001eb356300,138993684,6.08002007284132,DTS.BLUE,TXH1.2020.PHZ51,TXH1.2020,PHZ51,protein_coding,,Abscisic acid 8'-hydroxylase 4,,217804454.0,2494.0,,,Zm00001eb356300,,,,B73 Zm00001eb.1,,,Zea mays,chr8,139028952.0,139031445.0,GO:0010268
chr8,139028952,139031445,Zm00001eb356300,138993684,6.08002007284132,DTS.BLUE,TXH1.2020.PHZ51,TXH1.2020,PHZ51,protein_coding,,Abscisic acid 8'-hydroxylase 4,,217804454.0,2494.0,,,Zm00001eb356300,,,,B73 Zm00001eb.1,,,Zea mays,chr8,139028952.0,139031445.0,GO:0016021
chr8,139028952,139031445,Zm00001eb356300,138993684,6.08002007284132,DTS.BLUE,TXH1.2020.PHZ51,TXH1.2020,PHZ51,protein_coding,,Abscisic acid 8'-hydroxylase 4,,217804454.0,2494.0,,,Zm00001eb356300,,,,B73 Zm00001eb.1,,,Zea mays,chr8,139028952.0,139031445.0,GO:0016125
chr8,139028952,139031445,Zm00001eb356300,138993684,6.08002007284132,DTS.BLUE,TXH1.2020.PHZ51,TXH1.2020,PHZ51,protein_coding,,Abscisic acid 8'-hydroxylase 4,,217804454.0,2494.0,,,Zm00001eb356300,,,,B73 Zm00001eb.1,,,Zea mays,chr8,139028952.0,139031445.0,GO:0016132
chr8,139028952,139031445,Zm00001eb356300,138993684,6.08002007284132,DTS.BLUE,TXH1.2020.PHZ51,TXH1.2020,PHZ51,protein_coding,,Abscisic acid 8'-hydroxylase 4,,217804454.0,2494.0,,,Zm00001eb356300,,,,B73 Zm00001eb.1,,,Zea mays,chr8,139028952.0,139031445.0,GO:0016491
chr8,139028952,139031445,Zm00001eb356300,138993684,6.08002007284132,DTS.BLUE,TXH1.2020.PHZ51,TXH1.2020,PHZ51,protein_coding,,Abscisic acid 8'-hydroxylase 4,,217804454.0,2494.0,,,Zm00001eb356300,,,,B73 Zm00001eb.1,,,Zea mays,chr8,139028952.0,139031445.0,GO:0016705
chr8,139028952,139031445,Zm00001eb356300,138993684,6.08002007284132,DTS.BLUE,TXH1.2020.PHZ51,TXH1.2020,PHZ51,protein_coding,,Abscisic acid 8'-hydroxylase 4,,217804454.0,2494.0,,,Zm00001eb356300,,,,B73 Zm00001eb.1,,,Zea mays,chr8,139028952.0,139031445.0,GO:0020037
chr8,139031879,139033272,Zm00001eb356310,138993684,6.08002007284132,DTS.BLUE,TXH1.2020.PHZ51,TXH1.2020,PHZ51,protein_coding,,,,217804502.0,1394.0,,,Zm00001eb356310,,,,B73 Zm00001eb.1,,,Zea mays,chr8,139031879.0,139033272.0,GO:0003676
chr8,139033519,139037507,Zm00001eb356320,138993684,6.08002007284132,DTS.BLUE,TXH1.2020.PHZ51,TXH1.2020,PHZ51,protein_coding,,Peroxin-14,,217804513.0,3989.0,,,Zm00001eb356320,,,,B73 Zm00001eb.1,,LOC100283640,Zea mays,chr8,139033519.0,139037507.0,GO:0004842
chr8,139033519,139037507,Zm00001eb356320,138993684,6.08002007284132,DTS.BLUE,TXH1.2020.PHZ51,TXH1.2020,PHZ51,protein_coding,,Peroxin-14,,217804513.0,3989.0,,,Zm00001eb356320,,,,B73 Zm00001eb.1,,LOC100283640,Zea mays,chr8,139033519.0,139037507.0,GO:0005102
chr8,139033519,139037507,Zm00001eb356320,138993684,6.08002007284132,DTS.BLUE,TXH1.2020.PHZ51,TXH1.2020,PHZ51,protein_coding,,Peroxin-14,,217804513.0,3989.0,,,Zm00001eb356320,,,,B73 Zm00001eb.1,,LOC100283640,Zea mays,chr8,139033519.0,139037507.0,GO:0005777
chr8,139033519,139037507,Zm00001eb356320,138993684,6.08002007284132,DTS.BLUE,TXH1.2020.PHZ51,TXH1.2020,PHZ51,protein_coding,,Peroxin-14,,217804513.0,3989.0,,,Zm00001eb356320,,,,B73 Zm00001eb.1,,LOC100283640,Zea mays,chr8,139033519.0,139037507.0,GO:0005778
chr8,139033519,139037507,Zm00001eb356320,138993684,6.08002007284132,DTS.BLUE,TXH1.2020.PHZ51,TXH1.2020,PHZ51,protein_coding,,Peroxin-14,,217804513.0,3989.0,,,Zm00001eb356320,,,,B73 Zm00001eb.1,,LOC100283640,Zea mays,chr8,139033519.0,139037507.0,GO:0010182
chr8,139033519,139037507,Zm00001eb356320,138993684,6.08002007284132,DTS.BLUE,TXH1.2020.PHZ51,TXH1.2020,PHZ51,protein_coding,,Peroxin-14,,217804513.0,3989.0,,,Zm00001eb356320,,,,B73 Zm00001eb.1,,LOC100283640,Zea mays,chr8,139033519.0,139037507.0,GO:0016021
chr8,139033519,139037507,Zm00001eb356320,138993684,6.08002007284132,DTS.BLUE,TXH1.2020.PHZ51,TXH1.2020,PHZ51,protein_coding,,Peroxin-14,,217804513.0,3989.0,,,Zm00001eb356320,,,,B73 Zm00001eb.1,,LOC100283640,Zea mays,chr8,139033519.0,139037507.0,GO:0016560
chr8,139033519,139037507,Zm00001eb356320,138993684,6.08002007284132,DTS.BLUE,TXH1.2020.PHZ51,TXH1.2020,PHZ51,protein_coding,,Peroxin-14,,217804513.0,3989.0,,,Zm00001eb356320,,,,B73 Zm00001eb.1,,LOC100283640,Zea mays,chr8,139033519.0,139037507.0,GO:0016567
chr8,139033519,139037507,Zm00001eb356320,138993684,6.08002007284132,DTS.BLUE,TXH1.2020.PHZ51,TXH1.2020,PHZ51,protein_coding,,Peroxin-14,,217804513.0,3989.0,,,Zm00001eb356320,,,,B73 Zm00001eb.1,,LOC100283640,Zea mays,chr8,139033519.0,139037507.0,GO:0031903
chr8,139033519,139037507,Zm00001eb356320,138993684,6.08002007284132,DTS.BLUE,TXH1.2020.PHZ51,TXH1.2020,PHZ51,protein_coding,,Peroxin-14,,217804513.0,3989.0,,,Zm00001eb356320,,,,B73 Zm00001eb.1,,LOC100283640,Zea mays,chr8,139033519.0,139037507.0,GO:1990429
chr4,7960825,7967557,Zm00001eb167370,8035843,6.3198616949718,ASI,TXH1.2020.PHZ51,TXH1.2020,PHZ51,protein_coding,,RING-CH-type domain-containing protein,,216854128.0,6733.0,,,Zm00001eb167370,,,,B73 Zm00001eb.1,,,Zea mays,chr4,7960825.0,7967557.0,GO:0004842
chr4,7960825,7967557,Zm00001eb167370,8035843,6.3198616949718,ASI,TXH1.2020.PHZ51,TXH1.2020,PHZ51,protein_coding,,RING-CH-type domain-containing protein,,216854128.0,6733.0,,,Zm00001eb167370,,,,B73 Zm00001eb.1,,,Zea mays,chr4,7960825.0,7967557.0,GO:0008270
chr4,7960825,7967557,Zm00001eb167370,8035843,6.3198616949718,ASI,TXH1.2020.PHZ51,TXH1.2020,PHZ51,protein_coding,,RING-CH-type domain-containing protein,,216854128.0,6733.0,,,Zm00001eb167370,,,,B73 Zm00001eb.1,,,Zea mays,chr4,7960825.0,7967557.0,GO:0016021
chr4,7960825,7967557,Zm00001eb167370,8035843,6.3198616949718,ASI,TXH1.2020.PHZ51,TXH1.2020,PHZ51,protein_coding,,RING-CH-type domain-containing protein,,216854128.0,6733.0,,,Zm00001eb167370,,,,B73 Zm00001eb.1,,,Zea mays,chr4,7960825.0,7967557.0,GO:0016567
chr4,7960825,7967557,Zm00001eb167370,8035843,6.3198616949718,ASI,TXH1.2020.PHZ51,TXH1.2020,PHZ51,protein_coding,,RING-CH-type domain-containing protein,,216854128.0,6733.0,,,Zm00001eb167370,,,,B73 Zm00001eb.1,,,Zea mays,chr4,7960825.0,7967557.0,GO:0016874
chr4,8017637,8018421,Zm00001eb167380,8035843,6.3198616949718,ASI,TXH1.2020.PHZ51,TXH1.2020,PHZ51,,,,,,,,,,,,,,,,,,,,
chr4,8023323,8023675,Zm00001eb167390,8035843,6.3198616949718,ASI,TXH1.2020.PHZ51,TXH1.2020,PHZ51,protein_coding,,,,216854264.0,353.0,,,Zm00001eb167390,,,,B73 Zm00001eb.1,,,Zea mays,chr4,8023323.0,8023675.0,GO:0000993
chr4,8023323,8023675,Zm00001eb167390,8035843,6.3198616949718,ASI,TXH1.2020.PHZ51,TXH1.2020,PHZ51,protein_coding,,,,216854264.0,353.0,,,Zm00001eb167390,,,,B73 Zm00001eb.1,,,Zea mays,chr4,8023323.0,8023675.0,GO:0005694
chr4,8023323,8023675,Zm00001eb167390,8035843,6.3198616949718,ASI,TXH1.2020.PHZ51,TXH1.2020,PHZ51,protein_coding,,,,216854264.0,353.0,,,Zm00001eb167390,,,,B73 Zm00001eb.1,,,Zea mays,chr4,8023323.0,8023675.0,GO:0006283
chr4,8023323,8023675,Zm00001eb167390,8035843,6.3198616949718,ASI,TXH1.2020.PHZ51,TXH1.2020,PHZ51,protein_coding,,,,216854264.0,353.0,,,Zm00001eb167390,,,,B73 Zm00001eb.1,,,Zea mays,chr4,8023323.0,8023675.0,GO:0009411
chr4,8024058,8024462,Zm00001eb167400,8035843,6.3198616949718,ASI,TXH1.2020.PHZ51,TXH1.2020,PHZ51,,,,,,,,,,,,,,,,,,,,
chr4,8027347,8028311,Zm00001eb167410,8035843,6.3198616949718,ASI,TXH1.2020.PHZ51,TXH1.2020,PHZ51,protein_coding,,Putative calcium-binding protein CML45,,216854284.0,965.0,,,Zm00001eb167410,,,,B73 Zm00001eb.1,,,Zea mays,chr4,8027347.0,8028311.0,GO:0005509
chr4,8027347,8028311,Zm00001eb167410,8035843,6.3198616949718,ASI,TXH1.2020.PHZ51,TXH1.2020,PHZ51,protein_coding,,Putative calcium-binding protein CML45,,216854284.0,965.0,,,Zm00001eb167410,,,,B73 Zm00001eb.1,,,Zea mays,chr4,8027347.0,8028311.0,GO:0016021
chr4,8035299,8038137,Zm00001eb167430,8035843,6.3198616949718,ASI,TXH1.2020.PHZ51,TXH1.2020,PHZ51,,,,,,,,,,,,,,,,,,,,
chr8,138824641,138824931,Zm00001eb356250,138924882,7.35953966249032,DTS.BLUE,TXH2.2020.PHZ51,TXH2.2020,PHZ51,protein_coding,,,,217804347.0,291.0,,,Zm00001eb356250,,,,B73 Zm00001eb.1,,,Zea mays,chr8,138824641.0,138824931.0,GO:0016020
chr8,138824641,138824931,Zm00001eb356250,138924882,7.35953966249032,DTS.BLUE,TXH2.2020.PHZ51,TXH2.2020,PHZ51,protein_coding,,,,217804347.0,291.0,,,Zm00001eb356250,,,,B73 Zm00001eb.1,,,Zea mays,chr8,138824641.0,138824931.0,GO:0031410
chr8,138924154,138926944,Zm00001eb356260,138924882,7.35953966249032,DTS.BLUE,TXH2.2020.PHZ51,TXH2.2020,PHZ51,protein_coding,,,,217804356.0,2791.0,,,Zm00001eb356260,,,,B73 Zm00001eb.1,,,Zea mays,chr8,138924154.0,138926944.0,GO:0016021
chr8,138926812,138928223,Zm00001eb356270,138924882,7.35953966249032,DTS.BLUE,TXH2.2020.PHZ51,TXH2.2020,PHZ51,protein_coding,,Exonuclease domain-containing protein,,217804409.0,1412.0,,,Zm00001eb356270,,,,B73 Zm00001eb.1,,,Zea mays,chr8,138926812.0,138928223.0,GO:0003676
chr8,138926812,138928223,Zm00001eb356270,138924882,7.35953966249032,DTS.BLUE,TXH2.2020.PHZ51,TXH2.2020,PHZ51,protein_coding,,Exonuclease domain-containing protein,,217804409.0,1412.0,,,Zm00001eb356270,,,,B73 Zm00001eb.1,,,Zea mays,chr8,138926812.0,138928223.0,GO:0008408
chr8,138926812,138928223,Zm00001eb356270,138924882,7.35953966249032,DTS.BLUE,TXH2.2020.PHZ51,TXH2.2020,PHZ51,protein_coding,,Exonuclease domain-containing protein,,217804409.0,1412.0,,,Zm00001eb356270,,,,B73 Zm00001eb.1,,,Zea mays,chr8,138926812.0,138928223.0,GO:0016740
chr8,138926812,138928223,Zm00001eb356270,138924882,7.35953966249032,DTS.BLUE,TXH2.2020.PHZ51,TXH2.2020,PHZ51,protein_coding,,Exonuclease domain-containing protein,,217804409.0,1412.0,,,Zm00001eb356270,,,,B73 Zm00001eb.1,,,Zea mays,chr8,138926812.0,138928223.0,GO:0090305
chr8,138992722,138993764,Zm00001eb356280,138924882,7.35953966249032,DTS.BLUE,TXH2.2020.PHZ51,TXH2.2020,PHZ51,protein_coding,,small EDRK-rich factor 2,,217804424.0,1043.0,,,Zm00001eb356280,,,,B73 Zm00001eb.1,,,Zea mays,chr8,138992722.0,138993764.0,GO:0005576
chr8,138992722,138993764,Zm00001eb356280,138924882,7.35953966249032,DTS.BLUE,TXH2.2020.PHZ51,TXH2.2020,PHZ51,protein_coding,,small EDRK-rich factor 2,,217804424.0,1043.0,,,Zm00001eb356280,,,,B73 Zm00001eb.1,,,Zea mays,chr8,138992722.0,138993764.0,GO:0043068
chr8,138992939,138993761,Zm00001eb356290,138924882,7.35953966249032,DTS.BLUE,TXH2.2020.PHZ51,TXH2.2020,PHZ51,,,,,,,,,,,,,,,,,,,,
chr10,130058582,130062333,Zm00001eb425650,130092379,6.40766764277472,Yield.t.ha.BLUE,TXH2.2020.PHZ51,TXH2.2020,PHZ51,protein_coding,,SANT domain-containing protein,,218158221.0,3752.0,,,Zm00001eb425650,,,,B73 Zm00001eb.1,,,Zea mays,chr10,130058582.0,130062333.0,GO:0005634
chr10,130088380,130094097,Zm00001eb425660,130092379,6.40766764277472,Yield.t.ha.BLUE,TXH2.2020.PHZ51,TXH2.2020,PHZ51,protein_coding,,NLP transcription factor (Fragment),,218158256.0,5718.0,,,Zm00001eb425660,,,,B73 Zm00001eb.1,,,Zea mays,chr10,130088380.0,130094097.0,GO:0003677
chr10,130088380,130094097,Zm00001eb425660,130092379,6.40766764277472,Yield.t.ha.BLUE,TXH2.2020.PHZ51,TXH2.2020,PHZ51,protein_coding,,NLP transcription factor (Fragment),,218158256.0,5718.0,,,Zm00001eb425660,,,,B73 Zm00001eb.1,,,Zea mays,chr10,130088380.0,130094097.0,GO:0003700
chr10,130088380,130094097,Zm00001eb425660,130092379,6.40766764277472,Yield.t.ha.BLUE,TXH2.2020.PHZ51,TXH2.2020,PHZ51,protein_coding,,NLP transcription factor (Fragment),,218158256.0,5718.0,,,Zm00001eb425660,,,,B73 Zm00001eb.1,,,Zea mays,chr10,130088380.0,130094097.0,GO:0005634
chr10,130088380,130094097,Zm00001eb425660,130092379,6.40766764277472,Yield.t.ha.BLUE,TXH2.2020.PHZ51,TXH2.2020,PHZ51,protein_coding,,NLP transcription factor (Fragment),,218158256.0,5718.0,,,Zm00001eb425660,,,,B73 Zm00001eb.1,,,Zea mays,chr10,130088380.0,130094097.0,GO:0006355
chr10,130088380,130094097,Zm00001eb425660,130092379,6.40766764277472,Yield.t.ha.BLUE,TXH2.2020.PHZ51,TXH2.2020,PHZ51,protein_coding,,NLP transcription factor (Fragment),,218158256.0,5718.0,,,Zm00001eb425660,,,,B73 Zm00001eb.1,,,Zea mays,chr10,130088380.0,130094097.0,GO:0016021
chr10,130122648,130124576,Zm00001eb425670,130092379,6.40766764277472,Yield.t.ha.BLUE,TXH2.2020.PHZ51,TXH2.2020,PHZ51,,,,,,,,,,,,,,,,,,,,
chr10,130123175,130124574,Zm00001eb425680,130092379,6.40766764277472,Yield.t.ha.BLUE,TXH2.2020.PHZ51,TXH2.2020,PHZ51,protein_coding,,serine/threonine-protein kinase pakD isoform X2,,218158323.0,1400.0,,,Zm00001eb425680,,,,B73 Zm00001eb.1,,LOC103498954,Zea mays,chr10,130123175.0,130124574.0,GO:0005742
chr10,130123175,130124574,Zm00001eb425680,130092379,6.40766764277472,Yield.t.ha.BLUE,TXH2.2020.PHZ51,TXH2.2020,PHZ51,protein_coding,,serine/threonine-protein kinase pakD isoform X2,,218158323.0,1400.0,,,Zm00001eb425680,,,,B73 Zm00001eb.1,,LOC103498954,Zea mays,chr10,130123175.0,130124574.0,GO:0008320
chr10,130123175,130124574,Zm00001eb425680,130092379,6.40766764277472,Yield.t.ha.BLUE,TXH2.2020.PHZ51,TXH2.2020,PHZ51,protein_coding,,serine/threonine-protein kinase pakD isoform X2,,218158323.0,1400.0,,,Zm00001eb425680,,,,B73 Zm00001eb.1,,LOC103498954,Zea mays,chr10,130123175.0,130124574.0,GO:0016301
chr10,130123175,130124574,Zm00001eb425680,130092379,6.40766764277472,Yield.t.ha.BLUE,TXH2.2020.PHZ51,TXH2.2020,PHZ51,protein_coding,,serine/threonine-protein kinase pakD isoform X2,,218158323.0,1400.0,,,Zm00001eb425680,,,,B73 Zm00001eb.1,,LOC103498954,Zea mays,chr10,130123175.0,130124574.0,GO:0016310
chr10,130123175,130124574,Zm00001eb425680,130092379,6.40766764277472,Yield.t.ha.BLUE,TXH2.2020.PHZ51,TXH2.2020,PHZ51,protein_coding,,serine/threonine-protein kinase pakD isoform X2,,218158323.0,1400.0,,,Zm00001eb425680,,,,B73 Zm00001eb.1,,LOC103498954,Zea mays,chr10,130123175.0,130124574.0,GO:0030150
chr10,130125821,130126250,Zm00001eb425690,130092379,6.40766764277472,Yield.t.ha.BLUE,TXH2.2020.PHZ51,TXH2.2020,PHZ51,protein_coding,,,,218158351.0,430.0,,,Zm00001eb425690,,,,B73 Zm00001eb.1,,,Zea mays,chr10,130125821.0,130126250.0,GO:0032196
chr10,130128479,130132030,Zm00001eb425700,130092379,6.40766764277472,Yield.t.ha.BLUE,TXH2.2020.PHZ51,TXH2.2020,PHZ51,protein_coding,,( )-neomenthol dehydrogenase,,218158366.0,3552.0,,,Zm00001eb425700,,,,B73 Zm00001eb.1,,,Zea mays,chr10,130128479.0,130132030.0,GO:0016020
chr10,130128479,130132030,Zm00001eb425700,130092379,6.40766764277472,Yield.t.ha.BLUE,TXH2.2020.PHZ51,TXH2.2020,PHZ51,protein_coding,,( )-neomenthol dehydrogenase,,218158366.0,3552.0,,,Zm00001eb425700,,,,B73 Zm00001eb.1,,,Zea mays,chr10,130128479.0,130132030.0,GO:0016491
chr10,130133641,130134511,Zm00001eb425710,130092379,6.40766764277472,Yield.t.ha.BLUE,TXH2.2020.PHZ51,TXH2.2020,PHZ51,protein_coding,,Adenosylhomocysteinase,,218158389.0,871.0,,,Zm00001eb425710,,,,B73 Zm00001eb.1,,,Zea mays,chr10,130133641.0,130134511.0,GO:0016021
chr10,130135538,130141777,Zm00001eb425720,130092379,6.40766764277472,Yield.t.ha.BLUE,TXH2.2020.PHZ51,TXH2.2020,PHZ51,protein_coding,,Transcription activator factor,,218158400.0,6240.0,,,Zm00001eb425720,,,,B73 Zm00001eb.1,,LOC100282694,Zea mays,chr10,130135538.0,130141777.0,GO:0016021
chr3,170816613,170817362,Zm00001eb144340,170872489,7.24700430966425,DTA.BLUE,WIH2.2020.PHP02,WIH2.2020,PHP02,,,,,,,,,,,,,,,,,,,,
chr3,170871268,170874626,Zm00001eb144350,170872489,7.24700430966425,DTA.BLUE,WIH2.2020.PHP02,WIH2.2020,PHP02,protein_coding,,Peptide transporter 1 isoform 1,,216725051.0,3359.0,,,Zm00001eb144350,,,,B73 Zm00001eb.1,,,Zea mays,chr3,170871268.0,170874626.0,GO:0005886
chr3,170871268,170874626,Zm00001eb144350,170872489,7.24700430966425,DTA.BLUE,WIH2.2020.PHP02,WIH2.2020,PHP02,protein_coding,,Peptide transporter 1 isoform 1,,216725051.0,3359.0,,,Zm00001eb144350,,,,B73 Zm00001eb.1,,,Zea mays,chr3,170871268.0,170874626.0,GO:0006817
chr3,170871268,170874626,Zm00001eb144350,170872489,7.24700430966425,DTA.BLUE,WIH2.2020.PHP02,WIH2.2020,PHP02,protein_coding,,Peptide transporter 1 isoform 1,,216725051.0,3359.0,,,Zm00001eb144350,,,,B73 Zm00001eb.1,,,Zea mays,chr3,170871268.0,170874626.0,GO:0006857
chr3,170871268,170874626,Zm00001eb144350,170872489,7.24700430966425,DTA.BLUE,WIH2.2020.PHP02,WIH2.2020,PHP02,protein_coding,,Peptide transporter 1 isoform 1,,216725051.0,3359.0,,,Zm00001eb144350,,,,B73 Zm00001eb.1,,,Zea mays,chr3,170871268.0,170874626.0,GO:0009860
chr3,170871268,170874626,Zm00001eb144350,170872489,7.24700430966425,DTA.BLUE,WIH2.2020.PHP02,WIH2.2020,PHP02,protein_coding,,Peptide transporter 1 isoform 1,,216725051.0,3359.0,,,Zm00001eb144350,,,,B73 Zm00001eb.1,,,Zea mays,chr3,170871268.0,170874626.0,GO:0015031
chr3,170871268,170874626,Zm00001eb144350,170872489,7.24700430966425,DTA.BLUE,WIH2.2020.PHP02,WIH2.2020,PHP02,protein_coding,,Peptide transporter 1 isoform 1,,216725051.0,3359.0,,,Zm00001eb144350,,,,B73 Zm00001eb.1,,,Zea mays,chr3,170871268.0,170874626.0,GO:0016021
chr3,170871268,170874626,Zm00001eb144350,170872489,7.24700430966425,DTA.BLUE,WIH2.2020.PHP02,WIH2.2020,PHP02,protein_coding,,Peptide transporter 1 isoform 1,,216725051.0,3359.0,,,Zm00001eb144350,,,,B73 Zm00001eb.1,,,Zea mays,chr3,170871268.0,170874626.0,GO:0022857
chr3,170871268,170874626,Zm00001eb144350,170872489,7.24700430966425,DTA.BLUE,WIH2.2020.PHP02,WIH2.2020,PHP02,protein_coding,,Peptide transporter 1 isoform 1,,216725051.0,3359.0,,,Zm00001eb144350,,,,B73 Zm00001eb.1,,,Zea mays,chr3,170871268.0,170874626.0,GO:0055085
chr3,170915124,170918158,Zm00001eb144360,170872489,7.24700430966425,DTA.BLUE,WIH2.2020.PHP02,WIH2.2020,PHP02,protein_coding,,Esterase,,216725137.0,3035.0,,,Zm00001eb144360,,,,B73 Zm00001eb.1,,,Zea mays,chr3,170915124.0,170918158.0,GO:0016787
chr3,170918227,170925988,Zm00001eb144370,170872489,7.24700430966425,DTA.BLUE,WIH2.2020.PHP02,WIH2.2020,PHP02,protein_coding,,Thimet oligopeptidase,,216725152.0,7762.0,,,Zm00001eb144370,,,,B73 Zm00001eb.1,,,Zea mays,chr3,170918227.0,170925988.0,GO:0004222
chr3,170918227,170925988,Zm00001eb144370,170872489,7.24700430966425,DTA.BLUE,WIH2.2020.PHP02,WIH2.2020,PHP02,protein_coding,,Thimet oligopeptidase,,216725152.0,7762.0,,,Zm00001eb144370,,,,B73 Zm00001eb.1,,,Zea mays,chr3,170918227.0,170925988.0,GO:0006508
chr3,170918227,170925988,Zm00001eb144370,170872489,7.24700430966425,DTA.BLUE,WIH2.2020.PHP02,WIH2.2020,PHP02,protein_coding,,Thimet oligopeptidase,,216725152.0,7762.0,,,Zm00001eb144370,,,,B73 Zm00001eb.1,,,Zea mays,chr3,170918227.0,170925988.0,GO:0006518
chr3,170918227,170925988,Zm00001eb144370,170872489,7.24700430966425,DTA.BLUE,WIH2.2020.PHP02,WIH2.2020,PHP02,protein_coding,,Thimet oligopeptidase,,216725152.0,7762.0,,,Zm00001eb144370,,,,B73 Zm00001eb.1,,,Zea mays,chr3,170918227.0,170925988.0,GO:0016021
chr3,170918227,170925988,Zm00001eb144370,170872489,7.24700430966425,DTA.BLUE,WIH2.2020.PHP02,WIH2.2020,PHP02,protein_coding,,Thimet oligopeptidase,,216725152.0,7762.0,,,Zm00001eb144370,,,,B73 Zm00001eb.1,,,Zea mays,chr3,170918227.0,170925988.0,GO:0046872
chr3,1600135,1601849,Zm00001eb118910,1694805,6.70512193993106,DTS.BLUE,WIH2.2020.PHP02,WIH2.2020,PHP02,protein_coding,,Protein NUCLEAR FUSION DEFECTIVE 6 chloroplastic/mitochondrial,,216595919.0,1715.0,,,Zm00001eb118910,,,,B73 Zm00001eb.1,,,Zea mays,chr3,1600135.0,1601849.0,GO:0005739
chr3,1602366,1603834,Zm00001eb118920,1694805,6.70512193993106,DTS.BLUE,WIH2.2020.PHP02,WIH2.2020,PHP02,,,,,,,,,,,,,,,,,,,,
chr3,1604012,1605806,Zm00001eb118930,1694805,6.70512193993106,DTS.BLUE,WIH2.2020.PHP02,WIH2.2020,PHP02,protein_coding,,D-amino-acid transaminase,,216595970.0,1795.0,,,Zm00001eb118930,,,,B73 Zm00001eb.1,,,Zea mays,chr3,1604012.0,1605806.0,GO:0003676
chr3,1604012,1605806,Zm00001eb118930,1694805,6.70512193993106,DTS.BLUE,WIH2.2020.PHP02,WIH2.2020,PHP02,protein_coding,,D-amino-acid transaminase,,216595970.0,1795.0,,,Zm00001eb118930,,,,B73 Zm00001eb.1,,,Zea mays,chr3,1604012.0,1605806.0,GO:0008483
chr3,1604012,1605806,Zm00001eb118930,1694805,6.70512193993106,DTS.BLUE,WIH2.2020.PHP02,WIH2.2020,PHP02,protein_coding,,D-amino-acid transaminase,,216595970.0,1795.0,,,Zm00001eb118930,,,,B73 Zm00001eb.1,,,Zea mays,chr3,1604012.0,1605806.0,GO:0008696
chr3,1604012,1605806,Zm00001eb118930,1694805,6.70512193993106,DTS.BLUE,WIH2.2020.PHP02,WIH2.2020,PHP02,protein_coding,,D-amino-acid transaminase,,216595970.0,1795.0,,,Zm00001eb118930,,,,B73 Zm00001eb.1,,,Zea mays,chr3,1604012.0,1605806.0,GO:0016021
chr3,1604012,1605806,Zm00001eb118930,1694805,6.70512193993106,DTS.BLUE,WIH2.2020.PHP02,WIH2.2020,PHP02,protein_coding,,D-amino-acid transaminase,,216595970.0,1795.0,,,Zm00001eb118930,,,,B73 Zm00001eb.1,,,Zea mays,chr3,1604012.0,1605806.0,GO:0030170
chr3,1604012,1605806,Zm00001eb118930,1694805,6.70512193993106,DTS.BLUE,WIH2.2020.PHP02,WIH2.2020,PHP02,protein_coding,,D-amino-acid transaminase,,216595970.0,1795.0,,,Zm00001eb118930,,,,B73 Zm00001eb.1,,,Zea mays,chr3,1604012.0,1605806.0,GO:0046656
chr3,1659085,1663339,Zm00001eb118940,1694805,6.70512193993106,DTS.BLUE,WIH2.2020.PHP02,WIH2.2020,PHP02,protein_coding,,Beta-amylase,,216596039.0,4255.0,,,Zm00001eb118940,,,,B73 Zm00001eb.1,,,Zea mays,chr3,1659085.0,1663339.0,GO:0000272
chr3,1659085,1663339,Zm00001eb118940,1694805,6.70512193993106,DTS.BLUE,WIH2.2020.PHP02,WIH2.2020,PHP02,protein_coding,,Beta-amylase,,216596039.0,4255.0,,,Zm00001eb118940,,,,B73 Zm00001eb.1,,,Zea mays,chr3,1659085.0,1663339.0,GO:0016021
chr3,1659085,1663339,Zm00001eb118940,1694805,6.70512193993106,DTS.BLUE,WIH2.2020.PHP02,WIH2.2020,PHP02,protein_coding,,Beta-amylase,,216596039.0,4255.0,,,Zm00001eb118940,,,,B73 Zm00001eb.1,,,Zea mays,chr3,1659085.0,1663339.0,GO:0016161
chr3,1659085,1663339,Zm00001eb118940,1694805,6.70512193993106,DTS.BLUE,WIH2.2020.PHP02,WIH2.2020,PHP02,protein_coding,,Beta-amylase,,216596039.0,4255.0,,,Zm00001eb118940,,,,B73 Zm00001eb.1,,,Zea mays,chr3,1659085.0,1663339.0,GO:0102229
chr3,1663801,1672108,Zm00001eb118950,1694805,6.70512193993106,DTS.BLUE,WIH2.2020.PHP02,WIH2.2020,PHP02,protein_coding,,NLP transcription factor,,216596062.0,8308.0,,,Zm00001eb118950,,,,B73 Zm00001eb.1,,,Zea mays,chr3,1663801.0,1672108.0,GO:0003677
chr3,1663801,1672108,Zm00001eb118950,1694805,6.70512193993106,DTS.BLUE,WIH2.2020.PHP02,WIH2.2020,PHP02,protein_coding,,NLP transcription factor,,216596062.0,8308.0,,,Zm00001eb118950,,,,B73 Zm00001eb.1,,,Zea mays,chr3,1663801.0,1672108.0,GO:0003700
chr3,1663801,1672108,Zm00001eb118950,1694805,6.70512193993106,DTS.BLUE,WIH2.2020.PHP02,WIH2.2020,PHP02,protein_coding,,NLP transcription factor,,216596062.0,8308.0,,,Zm00001eb118950,,,,B73 Zm00001eb.1,,,Zea mays,chr3,1663801.0,1672108.0,GO:0005634
chr3,1663801,1672108,Zm00001eb118950,1694805,6.70512193993106,DTS.BLUE,WIH2.2020.PHP02,WIH2.2020,PHP02,protein_coding,,NLP transcription factor,,216596062.0,8308.0,,,Zm00001eb118950,,,,B73 Zm00001eb.1,,,Zea mays,chr3,1663801.0,1672108.0,GO:0006355
chr3,1663801,1672108,Zm00001eb118950,1694805,6.70512193993106,DTS.BLUE,WIH2.2020.PHP02,WIH2.2020,PHP02,protein_coding,,NLP transcription factor,,216596062.0,8308.0,,,Zm00001eb118950,,,,B73 Zm00001eb.1,,,Zea mays,chr3,1663801.0,1672108.0,GO:0016021
chr3,1675067,1679757,Zm00001eb118970,1694805,6.70512193993106,DTS.BLUE,WIH2.2020.PHP02,WIH2.2020,PHP02,protein_coding,,Auxin response factor,,216596179.0,4691.0,,,Zm00001eb118970,,,,B73 Zm00001eb.1,,,Zea mays,chr3,1675067.0,1679757.0,GO:0003677
chr3,1675067,1679757,Zm00001eb118970,1694805,6.70512193993106,DTS.BLUE,WIH2.2020.PHP02,WIH2.2020,PHP02,protein_coding,,Auxin response factor,,216596179.0,4691.0,,,Zm00001eb118970,,,,B73 Zm00001eb.1,,,Zea mays,chr3,1675067.0,1679757.0,GO:0004523
chr3,1675067,1679757,Zm00001eb118970,1694805,6.70512193993106,DTS.BLUE,WIH2.2020.PHP02,WIH2.2020,PHP02,protein_coding,,Auxin response factor,,216596179.0,4691.0,,,Zm00001eb118970,,,,B73 Zm00001eb.1,,,Zea mays,chr3,1675067.0,1679757.0,GO:0005634
chr3,1675067,1679757,Zm00001eb118970,1694805,6.70512193993106,DTS.BLUE,WIH2.2020.PHP02,WIH2.2020,PHP02,protein_coding,,Auxin response factor,,216596179.0,4691.0,,,Zm00001eb118970,,,,B73 Zm00001eb.1,,,Zea mays,chr3,1675067.0,1679757.0,GO:0006355
chr3,1675067,1679757,Zm00001eb118970,1694805,6.70512193993106,DTS.BLUE,WIH2.2020.PHP02,WIH2.2020,PHP02,protein_coding,,Auxin response factor,,216596179.0,4691.0,,,Zm00001eb118970,,,,B73 Zm00001eb.1,,,Zea mays,chr3,1675067.0,1679757.0,GO:0009734
chr3,1675067,1679757,Zm00001eb118970,1694805,6.70512193993106,DTS.BLUE,WIH2.2020.PHP02,WIH2.2020,PHP02,protein_coding,,Auxin response factor,,216596179.0,4691.0,,,Zm00001eb118970,,,,B73 Zm00001eb.1,,,Zea mays,chr3,1675067.0,1679757.0,GO:0090502
chr3,1689791,1694972,Zm00001eb118980,1694805,6.70512193993106,DTS.BLUE,WIH2.2020.PHP02,WIH2.2020,PHP02,protein_coding,,,,216596303.0,5182.0,,,Zm00001eb118980,,,,B73 Zm00001eb.1,,,Zea mays,chr3,1689791.0,1694972.0,GO:0016021
chr3,1719389,1721485,Zm00001eb118990,1694805,6.70512193993106,DTS.BLUE,WIH2.2020.PHP02,WIH2.2020,PHP02,protein_coding,,Glutaredoxin domain-containing protein,,216596318.0,2097.0,,,Zm00001eb118990,,,,B73 Zm00001eb.1,,,Zea mays,chr3,1719389.0,1721485.0,GO:0005634
chr3,1719389,1721485,Zm00001eb118990,1694805,6.70512193993106,DTS.BLUE,WIH2.2020.PHP02,WIH2.2020,PHP02,protein_coding,,Glutaredoxin domain-containing protein,,216596318.0,2097.0,,,Zm00001eb118990,,,,B73 Zm00001eb.1,,,Zea mays,chr3,1719389.0,1721485.0,GO:0005884
chr3,1719389,1721485,Zm00001eb118990,1694805,6.70512193993106,DTS.BLUE,WIH2.2020.PHP02,WIH2.2020,PHP02,protein_coding,,Glutaredoxin domain-containing protein,,216596318.0,2097.0,,,Zm00001eb118990,,,,B73 Zm00001eb.1,,,Zea mays,chr3,1719389.0,1721485.0,GO:0008794
chr3,1719389,1721485,Zm00001eb118990,1694805,6.70512193993106,DTS.BLUE,WIH2.2020.PHP02,WIH2.2020,PHP02,protein_coding,,Glutaredoxin domain-containing protein,,216596318.0,2097.0,,,Zm00001eb118990,,,,B73 Zm00001eb.1,,,Zea mays,chr3,1719389.0,1721485.0,GO:0009658
chr3,1719389,1721485,Zm00001eb118990,1694805,6.70512193993106,DTS.BLUE,WIH2.2020.PHP02,WIH2.2020,PHP02,protein_coding,,Glutaredoxin domain-containing protein,,216596318.0,2097.0,,,Zm00001eb118990,,,,B73 Zm00001eb.1,,,Zea mays,chr3,1719389.0,1721485.0,GO:0009902
chr3,1719389,1721485,Zm00001eb118990,1694805,6.70512193993106,DTS.BLUE,WIH2.2020.PHP02,WIH2.2020,PHP02,protein_coding,,Glutaredoxin domain-containing protein,,216596318.0,2097.0,,,Zm00001eb118990,,,,B73 Zm00001eb.1,,,Zea mays,chr3,1719389.0,1721485.0,GO:0019750
chr3,1719389,1721485,Zm00001eb118990,1694805,6.70512193993106,DTS.BLUE,WIH2.2020.PHP02,WIH2.2020,PHP02,protein_coding,,Glutaredoxin domain-containing protein,,216596318.0,2097.0,,,Zm00001eb118990,,,,B73 Zm00001eb.1,,,Zea mays,chr3,1719389.0,1721485.0,GO:0051017
chr3,1719389,1721485,Zm00001eb118990,1694805,6.70512193993106,DTS.BLUE,WIH2.2020.PHP02,WIH2.2020,PHP02,protein_coding,,Glutaredoxin domain-containing protein,,216596318.0,2097.0,,,Zm00001eb118990,,,,B73 Zm00001eb.1,,,Zea mays,chr3,1719389.0,1721485.0,GO:0051667
chr3,1719389,1721485,Zm00001eb118990,1694805,6.70512193993106,DTS.BLUE,WIH2.2020.PHP02,WIH2.2020,PHP02,protein_coding,,Glutaredoxin domain-containing protein,,216596318.0,2097.0,,,Zm00001eb118990,,,,B73 Zm00001eb.1,,,Zea mays,chr3,1719389.0,1721485.0,GO:0097573
chr3,1723760,1727167,Zm00001eb119000,1694805,6.70512193993106,DTS.BLUE,WIH2.2020.PHP02,WIH2.2020,PHP02,protein_coding,,transcription factor bHLH3,,216596333.0,3408.0,,,Zm00001eb119000,,,,B73 Zm00001eb.1,,,Zea mays,chr3,1723760.0,1727167.0,GO:0000976
chr3,1723760,1727167,Zm00001eb119000,1694805,6.70512193993106,DTS.BLUE,WIH2.2020.PHP02,WIH2.2020,PHP02,protein_coding,,transcription factor bHLH3,,216596333.0,3408.0,,,Zm00001eb119000,,,,B73 Zm00001eb.1,,,Zea mays,chr3,1723760.0,1727167.0,GO:0003700
chr3,1723760,1727167,Zm00001eb119000,1694805,6.70512193993106,DTS.BLUE,WIH2.2020.PHP02,WIH2.2020,PHP02,protein_coding,,transcription factor bHLH3,,216596333.0,3408.0,,,Zm00001eb119000,,,,B73 Zm00001eb.1,,,Zea mays,chr3,1723760.0,1727167.0,GO:0005634
chr3,1723760,1727167,Zm00001eb119000,1694805,6.70512193993106,DTS.BLUE,WIH2.2020.PHP02,WIH2.2020,PHP02,protein_coding,,transcription factor bHLH3,,216596333.0,3408.0,,,Zm00001eb119000,,,,B73 Zm00001eb.1,,,Zea mays,chr3,1723760.0,1727167.0,GO:0006355
chr3,1723760,1727167,Zm00001eb119000,1694805,6.70512193993106,DTS.BLUE,WIH2.2020.PHP02,WIH2.2020,PHP02,protein_coding,,transcription factor bHLH3,,216596333.0,3408.0,,,Zm00001eb119000,,,,B73 Zm00001eb.1,,,Zea mays,chr3,1723760.0,1727167.0,GO:0016021
chr3,1723760,1727167,Zm00001eb119000,1694805,6.70512193993106,DTS.BLUE,WIH2.2020.PHP02,WIH2.2020,PHP02,protein_coding,,transcription factor bHLH3,,216596333.0,3408.0,,,Zm00001eb119000,,,,B73 Zm00001eb.1,,,Zea mays,chr3,1723760.0,1727167.0,GO:0046983
chr3,1733291,1739194,Zm00001eb119010,1694805,6.70512193993106,DTS.BLUE,WIH2.2020.PHP02,WIH2.2020,PHP02,protein_coding,,,,216596365.0,5904.0,,,Zm00001eb119010,,,,B73 Zm00001eb.1,,,Zea mays,chr3,1733291.0,1739194.0,GO:0110165
chr3,1734535,1738770,Zm00001eb119020,1694805,6.70512193993106,DTS.BLUE,WIH2.2020.PHP02,WIH2.2020,PHP02,protein_coding,,WPP domain-interacting tail-anchored protein 1,,216596384.0,4236.0,,,Zm00001eb119020,,,,B73 Zm00001eb.1,,,Zea mays,chr3,1734535.0,1738770.0,GO:0016021
chr3,1740434,1753505,Zm00001eb119030,1694805,6.70512193993106,DTS.BLUE,WIH2.2020.PHP02,WIH2.2020,PHP02,protein_coding,,Protein DEFECTIVE IN MERISTEM SILENCING 3,,216596407.0,13072.0,,,Zm00001eb119030,,,,B73 Zm00001eb.1,,,Zea mays,chr3,1740434.0,1753505.0,GO:0000419
chr3,1740434,1753505,Zm00001eb119030,1694805,6.70512193993106,DTS.BLUE,WIH2.2020.PHP02,WIH2.2020,PHP02,protein_coding,,Protein DEFECTIVE IN MERISTEM SILENCING 3,,216596407.0,13072.0,,,Zm00001eb119030,,,,B73 Zm00001eb.1,,,Zea mays,chr3,1740434.0,1753505.0,GO:0005524
chr3,1740434,1753505,Zm00001eb119030,1694805,6.70512193993106,DTS.BLUE,WIH2.2020.PHP02,WIH2.2020,PHP02,protein_coding,,Protein DEFECTIVE IN MERISTEM SILENCING 3,,216596407.0,13072.0,,,Zm00001eb119030,,,,B73 Zm00001eb.1,,,Zea mays,chr3,1740434.0,1753505.0,GO:0005694
chr3,1740434,1753505,Zm00001eb119030,1694805,6.70512193993106,DTS.BLUE,WIH2.2020.PHP02,WIH2.2020,PHP02,protein_coding,,Protein DEFECTIVE IN MERISTEM SILENCING 3,,216596407.0,13072.0,,,Zm00001eb119030,,,,B73 Zm00001eb.1,,,Zea mays,chr3,1740434.0,1753505.0,GO:0006306
chr3,1740434,1753505,Zm00001eb119030,1694805,6.70512193993106,DTS.BLUE,WIH2.2020.PHP02,WIH2.2020,PHP02,protein_coding,,Protein DEFECTIVE IN MERISTEM SILENCING 3,,216596407.0,13072.0,,,Zm00001eb119030,,,,B73 Zm00001eb.1,,,Zea mays,chr3,1740434.0,1753505.0,GO:0016874
chr3,1740434,1753505,Zm00001eb119030,1694805,6.70512193993106,DTS.BLUE,WIH2.2020.PHP02,WIH2.2020,PHP02,protein_coding,,Protein DEFECTIVE IN MERISTEM SILENCING 3,,216596407.0,13072.0,,,Zm00001eb119030,,,,B73 Zm00001eb.1,,,Zea mays,chr3,1740434.0,1753505.0,GO:0042803
chr3,1740434,1753505,Zm00001eb119030,1694805,6.70512193993106,DTS.BLUE,WIH2.2020.PHP02,WIH2.2020,PHP02,protein_coding,,Protein DEFECTIVE IN MERISTEM SILENCING 3,,216596407.0,13072.0,,,Zm00001eb119030,,,,B73 Zm00001eb.1,,,Zea mays,chr3,1740434.0,1753505.0,GO:0051276
chr3,1740434,1753505,Zm00001eb119030,1694805,6.70512193993106,DTS.BLUE,WIH2.2020.PHP02,WIH2.2020,PHP02,protein_coding,,Protein DEFECTIVE IN MERISTEM SILENCING 3,,216596407.0,13072.0,,,Zm00001eb119030,,,,B73 Zm00001eb.1,,,Zea mays,chr3,1740434.0,1753505.0,GO:0140458
chr3,1753549,1756127,Zm00001eb119050,1694805,6.70512193993106,DTS.BLUE,WIH2.2020.PHP02,WIH2.2020,PHP02,protein_coding,,4-coumarate--CoA ligase-like 9,,216596446.0,2579.0,,,Zm00001eb119050,,,,B73 Zm00001eb.1,,,Zea mays,chr3,1753549.0,1756127.0,GO:0001676
chr3,1753549,1756127,Zm00001eb119050,1694805,6.70512193993106,DTS.BLUE,WIH2.2020.PHP02,WIH2.2020,PHP02,protein_coding,,4-coumarate--CoA ligase-like 9,,216596446.0,2579.0,,,Zm00001eb119050,,,,B73 Zm00001eb.1,,,Zea mays,chr3,1753549.0,1756127.0,GO:0004467
chr3,1753549,1756127,Zm00001eb119050,1694805,6.70512193993106,DTS.BLUE,WIH2.2020.PHP02,WIH2.2020,PHP02,protein_coding,,4-coumarate--CoA ligase-like 9,,216596446.0,2579.0,,,Zm00001eb119050,,,,B73 Zm00001eb.1,,,Zea mays,chr3,1753549.0,1756127.0,GO:0005524
chr3,1753549,1756127,Zm00001eb119050,1694805,6.70512193993106,DTS.BLUE,WIH2.2020.PHP02,WIH2.2020,PHP02,protein_coding,,4-coumarate--CoA ligase-like 9,,216596446.0,2579.0,,,Zm00001eb119050,,,,B73 Zm00001eb.1,,,Zea mays,chr3,1753549.0,1756127.0,GO:0005783
chr3,1753549,1756127,Zm00001eb119050,1694805,6.70512193993106,DTS.BLUE,WIH2.2020.PHP02,WIH2.2020,PHP02,protein_coding,,4-coumarate--CoA ligase-like 9,,216596446.0,2579.0,,,Zm00001eb119050,,,,B73 Zm00001eb.1,,,Zea mays,chr3,1753549.0,1756127.0,GO:0009698
chr3,1753549,1756127,Zm00001eb119050,1694805,6.70512193993106,DTS.BLUE,WIH2.2020.PHP02,WIH2.2020,PHP02,protein_coding,,4-coumarate--CoA ligase-like 9,,216596446.0,2579.0,,,Zm00001eb119050,,,,B73 Zm00001eb.1,,,Zea mays,chr3,1753549.0,1756127.0,GO:0016021
chr3,1753549,1756127,Zm00001eb119050,1694805,6.70512193993106,DTS.BLUE,WIH2.2020.PHP02,WIH2.2020,PHP02,protein_coding,,4-coumarate--CoA ligase-like 9,,216596446.0,2579.0,,,Zm00001eb119050,,,,B73 Zm00001eb.1,,,Zea mays,chr3,1753549.0,1756127.0,GO:0016207
chr3,1753549,1756127,Zm00001eb119050,1694805,6.70512193993106,DTS.BLUE,WIH2.2020.PHP02,WIH2.2020,PHP02,protein_coding,,4-coumarate--CoA ligase-like 9,,216596446.0,2579.0,,,Zm00001eb119050,,,,B73 Zm00001eb.1,,,Zea mays,chr3,1753549.0,1756127.0,GO:0031956
chr3,1753549,1756127,Zm00001eb119050,1694805,6.70512193993106,DTS.BLUE,WIH2.2020.PHP02,WIH2.2020,PHP02,protein_coding,,4-coumarate--CoA ligase-like 9,,216596446.0,2579.0,,,Zm00001eb119050,,,,B73 Zm00001eb.1,,,Zea mays,chr3,1753549.0,1756127.0,GO:0046949
chr3,1753549,1756127,Zm00001eb119050,1694805,6.70512193993106,DTS.BLUE,WIH2.2020.PHP02,WIH2.2020,PHP02,protein_coding,,4-coumarate--CoA ligase-like 9,,216596446.0,2579.0,,,Zm00001eb119050,,,,B73 Zm00001eb.1,,,Zea mays,chr3,1753549.0,1756127.0,GO:0080110
chr3,1753549,1756127,Zm00001eb119050,1694805,6.70512193993106,DTS.BLUE,WIH2.2020.PHP02,WIH2.2020,PHP02,protein_coding,,4-coumarate--CoA ligase-like 9,,216596446.0,2579.0,,,Zm00001eb119050,,,,B73 Zm00001eb.1,,,Zea mays,chr3,1753549.0,1756127.0,GO:0106290
chr3,1753549,1756610,Zm00001eb119040,1694805,6.70512193993106,DTS.BLUE,WIH2.2020.PHP02,WIH2.2020,PHP02,protein_coding,,Ubiquitin ligase SINAT3,,216596461.0,3062.0,,,Zm00001eb119040,,,,B73 Zm00001eb.1,,,Zea mays,chr3,1753549.0,1756610.0,GO:0016874
chr3,1756750,1758416,Zm00001eb119060,1694805,6.70512193993106,DTS.BLUE,WIH2.2020.PHP02,WIH2.2020,PHP02,protein_coding,,RING-type E3 ubiquitin transferase,,216596506.0,1667.0,,,Zm00001eb119060,,,,B73 Zm00001eb.1,,,Zea mays,chr3,1756750.0,1758416.0,GO:0005737
chr3,1756750,1758416,Zm00001eb119060,1694805,6.70512193993106,DTS.BLUE,WIH2.2020.PHP02,WIH2.2020,PHP02,protein_coding,,RING-type E3 ubiquitin transferase,,216596506.0,1667.0,,,Zm00001eb119060,,,,B73 Zm00001eb.1,,,Zea mays,chr3,1756750.0,1758416.0,GO:0006511
chr3,1756750,1758416,Zm00001eb119060,1694805,6.70512193993106,DTS.BLUE,WIH2.2020.PHP02,WIH2.2020,PHP02,protein_coding,,RING-type E3 ubiquitin transferase,,216596506.0,1667.0,,,Zm00001eb119060,,,,B73 Zm00001eb.1,,,Zea mays,chr3,1756750.0,1758416.0,GO:0008270
chr3,1756750,1758416,Zm00001eb119060,1694805,6.70512193993106,DTS.BLUE,WIH2.2020.PHP02,WIH2.2020,PHP02,protein_coding,,RING-type E3 ubiquitin transferase,,216596506.0,1667.0,,,Zm00001eb119060,,,,B73 Zm00001eb.1,,,Zea mays,chr3,1756750.0,1758416.0,GO:0016567
chr3,1756750,1758416,Zm00001eb119060,1694805,6.70512193993106,DTS.BLUE,WIH2.2020.PHP02,WIH2.2020,PHP02,protein_coding,,RING-type E3 ubiquitin transferase,,216596506.0,1667.0,,,Zm00001eb119060,,,,B73 Zm00001eb.1,,,Zea mays,chr3,1756750.0,1758416.0,GO:0016874
chr3,1756750,1758416,Zm00001eb119060,1694805,6.70512193993106,DTS.BLUE,WIH2.2020.PHP02,WIH2.2020,PHP02,protein_coding,,RING-type E3 ubiquitin transferase,,216596506.0,1667.0,,,Zm00001eb119060,,,,B73 Zm00001eb.1,,,Zea mays,chr3,1756750.0,1758416.0,GO:0061630
chr7,135134889,135138225,Zm00001eb315810,135235693,6.31125679403625,DTS.BLUE,WIH2.2020.PHZ51,WIH2.2020,PHZ51,protein_coding,,,,217596711.0,3337.0,,,Zm00001eb315810,,,,B73 Zm00001eb.1,,,Zea mays,chr7,135134889.0,135138225.0,GO:0009627
chr7,135134889,135138225,Zm00001eb315810,135235693,6.31125679403625,DTS.BLUE,WIH2.2020.PHZ51,WIH2.2020,PHZ51,protein_coding,,,,217596711.0,3337.0,,,Zm00001eb315810,,,,B73 Zm00001eb.1,,,Zea mays,chr7,135134889.0,135138225.0,GO:0048046
chr7,135138398,135140475,Zm00001eb315820,135235693,6.31125679403625,DTS.BLUE,WIH2.2020.PHZ51,WIH2.2020,PHZ51,,,,,,,,,,,,,,,,,,,,
chr7,135216861,135218199,Zm00001eb315830,135235693,6.31125679403625,DTS.BLUE,WIH2.2020.PHZ51,WIH2.2020,PHZ51,protein_coding,,,,217596746.0,1339.0,,,Zm00001eb315830,,,,B73 Zm00001eb.1,,,Zea mays,chr7,135216861.0,135218199.0,GO:0009691
chr7,135216861,135218199,Zm00001eb315830,135235693,6.31125679403625,DTS.BLUE,WIH2.2020.PHZ51,WIH2.2020,PHZ51,protein_coding,,,,217596746.0,1339.0,,,Zm00001eb315830,,,,B73 Zm00001eb.1,,,Zea mays,chr7,135216861.0,135218199.0,GO:0009736
chr7,135221640,135240649,Zm00001eb315840,135235693,6.31125679403625,DTS.BLUE,WIH2.2020.PHZ51,WIH2.2020,PHZ51,protein_coding,,Pentatricopeptide repeat-containing protein,,217596761.0,19010.0,,,Zm00001eb315840,,,,B73 Zm00001eb.1,,,Zea mays,chr7,135221640.0,135240649.0,GO:0008663
chr7,135221640,135240649,Zm00001eb315840,135235693,6.31125679403625,DTS.BLUE,WIH2.2020.PHZ51,WIH2.2020,PHZ51,protein_coding,,Pentatricopeptide repeat-containing protein,,217596761.0,19010.0,,,Zm00001eb315840,,,,B73 Zm00001eb.1,,,Zea mays,chr7,135221640.0,135240649.0,GO:0030145
chr7,135221640,135240649,Zm00001eb315840,135235693,6.31125679403625,DTS.BLUE,WIH2.2020.PHZ51,WIH2.2020,PHZ51,protein_coding,,Pentatricopeptide repeat-containing protein,,217596761.0,19010.0,,,Zm00001eb315840,,,,B73 Zm00001eb.1,,,Zea mays,chr7,135221640.0,135240649.0,GO:0047631
chr7,135221640,135240649,Zm00001eb315840,135235693,6.31125679403625,DTS.BLUE,WIH2.2020.PHZ51,WIH2.2020,PHZ51,protein_coding,,Pentatricopeptide repeat-containing protein,,217596761.0,19010.0,,,Zm00001eb315840,,,,B73 Zm00001eb.1,,,Zea mays,chr7,135221640.0,135240649.0,GO:0047734
chr7,135249636,135250476,Zm00001eb315850,135235693,6.31125679403625,DTS.BLUE,WIH2.2020.PHZ51,WIH2.2020,PHZ51,protein_coding,,Basic leucine-zipper 58,,217596966.0,841.0,,,Zm00001eb315850,,,,B73 Zm00001eb.1,,,Zea mays,chr7,135249636.0,135250476.0,GO:0000976
chr7,135249636,135250476,Zm00001eb315850,135235693,6.31125679403625,DTS.BLUE,WIH2.2020.PHZ51,WIH2.2020,PHZ51,protein_coding,,Basic leucine-zipper 58,,217596966.0,841.0,,,Zm00001eb315850,,,,B73 Zm00001eb.1,,,Zea mays,chr7,135249636.0,135250476.0,GO:0003677
chr7,135249636,135250476,Zm00001eb315850,135235693,6.31125679403625,DTS.BLUE,WIH2.2020.PHZ51,WIH2.2020,PHZ51,protein_coding,,Basic leucine-zipper 58,,217596966.0,841.0,,,Zm00001eb315850,,,,B73 Zm00001eb.1,,,Zea mays,chr7,135249636.0,135250476.0,GO:0003700
chr7,135249636,135250476,Zm00001eb315850,135235693,6.31125679403625,DTS.BLUE,WIH2.2020.PHZ51,WIH2.2020,PHZ51,protein_coding,,Basic leucine-zipper 58,,217596966.0,841.0,,,Zm00001eb315850,,,,B73 Zm00001eb.1,,,Zea mays,chr7,135249636.0,135250476.0,GO:0005634
chr7,135249636,135250476,Zm00001eb315850,135235693,6.31125679403625,DTS.BLUE,WIH2.2020.PHZ51,WIH2.2020,PHZ51,protein_coding,,Basic leucine-zipper 58,,217596966.0,841.0,,,Zm00001eb315850,,,,B73 Zm00001eb.1,,,Zea mays,chr7,135249636.0,135250476.0,GO:0006355
chr7,135249636,135250476,Zm00001eb315850,135235693,6.31125679403625,DTS.BLUE,WIH2.2020.PHZ51,WIH2.2020,PHZ51,protein_coding,,Basic leucine-zipper 58,,217596966.0,841.0,,,Zm00001eb315850,,,,B73 Zm00001eb.1,,,Zea mays,chr7,135249636.0,135250476.0,GO:0046982
chr7,135249636,135250476,Zm00001eb315850,135235693,6.31125679403625,DTS.BLUE,WIH2.2020.PHZ51,WIH2.2020,PHZ51,protein_coding,,Basic leucine-zipper 58,,217596966.0,841.0,,,Zm00001eb315850,,,,B73 Zm00001eb.1,,,Zea mays,chr7,135249636.0,135250476.0,GO:1903508
chr7,135300218,135305342,Zm00001eb315860,135235693,6.31125679403625,DTS.BLUE,WIH2.2020.PHZ51,WIH2.2020,PHZ51,protein_coding,,Pentatricopeptide repeat-containing protein,,217596977.0,5125.0,,,Zm00001eb315860,,,,B73 Zm00001eb.1,,,Zea mays,chr7,135300218.0,135305342.0,GO:0003729
chr7,135300218,135305342,Zm00001eb315860,135235693,6.31125679403625,DTS.BLUE,WIH2.2020.PHZ51,WIH2.2020,PHZ51,protein_coding,,Pentatricopeptide repeat-containing protein,,217596977.0,5125.0,,,Zm00001eb315860,,,,B73 Zm00001eb.1,,,Zea mays,chr7,135300218.0,135305342.0,GO:0008270
chr7,135300218,135305342,Zm00001eb315860,135235693,6.31125679403625,DTS.BLUE,WIH2.2020.PHZ51,WIH2.2020,PHZ51,protein_coding,,Pentatricopeptide repeat-containing protein,,217596977.0,5125.0,,,Zm00001eb315860,,,,B73 Zm00001eb.1,,,Zea mays,chr7,135300218.0,135305342.0,GO:0009451
chr7,135300218,135305342,Zm00001eb315860,135235693,6.31125679403625,DTS.BLUE,WIH2.2020.PHZ51,WIH2.2020,PHZ51,protein_coding,,Pentatricopeptide repeat-containing protein,,217596977.0,5125.0,,,Zm00001eb315860,,,,B73 Zm00001eb.1,,,Zea mays,chr7,135300218.0,135305342.0,GO:0009507
chr7,135300218,135305342,Zm00001eb315860,135235693,6.31125679403625,DTS.BLUE,WIH2.2020.PHZ51,WIH2.2020,PHZ51,protein_coding,,Pentatricopeptide repeat-containing protein,,217596977.0,5125.0,,,Zm00001eb315860,,,,B73 Zm00001eb.1,,,Zea mays,chr7,135300218.0,135305342.0,GO:0016787
chr7,135305933,135310620,Zm00001eb315870,135235693,6.31125679403625,DTS.BLUE,WIH2.2020.PHZ51,WIH2.2020,PHZ51,protein_coding,,BHLH domain-containing protein,,217596996.0,4688.0,,,Zm00001eb315870,,,,B73 Zm00001eb.1,,,Zea mays,chr7,135305933.0,135310620.0,GO:0003700
chr7,135305933,135310620,Zm00001eb315870,135235693,6.31125679403625,DTS.BLUE,WIH2.2020.PHZ51,WIH2.2020,PHZ51,protein_coding,,BHLH domain-containing protein,,217596996.0,4688.0,,,Zm00001eb315870,,,,B73 Zm00001eb.1,,,Zea mays,chr7,135305933.0,135310620.0,GO:0005634
chr7,135305933,135310620,Zm00001eb315870,135235693,6.31125679403625,DTS.BLUE,WIH2.2020.PHZ51,WIH2.2020,PHZ51,protein_coding,,BHLH domain-containing protein,,217596996.0,4688.0,,,Zm00001eb315870,,,,B73 Zm00001eb.1,,,Zea mays,chr7,135305933.0,135310620.0,GO:0006355
chr7,135305933,135310620,Zm00001eb315870,135235693,6.31125679403625,DTS.BLUE,WIH2.2020.PHZ51,WIH2.2020,PHZ51,protein_coding,,BHLH domain-containing protein,,217596996.0,4688.0,,,Zm00001eb315870,,,,B73 Zm00001eb.1,,,Zea mays,chr7,135305933.0,135310620.0,GO:0016209
chr7,135305933,135310620,Zm00001eb315870,135235693,6.31125679403625,DTS.BLUE,WIH2.2020.PHZ51,WIH2.2020,PHZ51,protein_coding,,BHLH domain-containing protein,,217596996.0,4688.0,,,Zm00001eb315870,,,,B73 Zm00001eb.1,,,Zea mays,chr7,135305933.0,135310620.0,GO:0046983
chr7,135305933,135310620,Zm00001eb315870,135235693,6.31125679403625,DTS.BLUE,WIH2.2020.PHZ51,WIH2.2020,PHZ51,protein_coding,,BHLH domain-containing protein,,217596996.0,4688.0,,,Zm00001eb315870,,,,B73 Zm00001eb.1,,,Zea mays,chr7,135305933.0,135310620.0,GO:0098869
chr7,135311473,135316330,Zm00001eb315880,135235693,6.31125679403625,DTS.BLUE,WIH2.2020.PHZ51,WIH2.2020,PHZ51,protein_coding,,Heat shock protein 90-5,,217597072.0,4858.0,,,Zm00001eb315880,,,,B73 Zm00001eb.1,,,Zea mays,chr7,135311473.0,135316330.0,GO:0003899
chr7,135311473,135316330,Zm00001eb315880,135235693,6.31125679403625,DTS.BLUE,WIH2.2020.PHZ51,WIH2.2020,PHZ51,protein_coding,,Heat shock protein 90-5,,217597072.0,4858.0,,,Zm00001eb315880,,,,B73 Zm00001eb.1,,,Zea mays,chr7,135311473.0,135316330.0,GO:0005524
chr7,135311473,135316330,Zm00001eb315880,135235693,6.31125679403625,DTS.BLUE,WIH2.2020.PHZ51,WIH2.2020,PHZ51,protein_coding,,Heat shock protein 90-5,,217597072.0,4858.0,,,Zm00001eb315880,,,,B73 Zm00001eb.1,,,Zea mays,chr7,135311473.0,135316330.0,GO:0005739
chr7,135311473,135316330,Zm00001eb315880,135235693,6.31125679403625,DTS.BLUE,WIH2.2020.PHZ51,WIH2.2020,PHZ51,protein_coding,,Heat shock protein 90-5,,217597072.0,4858.0,,,Zm00001eb315880,,,,B73 Zm00001eb.1,,,Zea mays,chr7,135311473.0,135316330.0,GO:0005774
chr7,135311473,135316330,Zm00001eb315880,135235693,6.31125679403625,DTS.BLUE,WIH2.2020.PHZ51,WIH2.2020,PHZ51,protein_coding,,Heat shock protein 90-5,,217597072.0,4858.0,,,Zm00001eb315880,,,,B73 Zm00001eb.1,,,Zea mays,chr7,135311473.0,135316330.0,GO:0005783
chr7,135311473,135316330,Zm00001eb315880,135235693,6.31125679403625,DTS.BLUE,WIH2.2020.PHZ51,WIH2.2020,PHZ51,protein_coding,,Heat shock protein 90-5,,217597072.0,4858.0,,,Zm00001eb315880,,,,B73 Zm00001eb.1,,,Zea mays,chr7,135311473.0,135316330.0,GO:0006457
chr7,135311473,135316330,Zm00001eb315880,135235693,6.31125679403625,DTS.BLUE,WIH2.2020.PHZ51,WIH2.2020,PHZ51,protein_coding,,Heat shock protein 90-5,,217597072.0,4858.0,,,Zm00001eb315880,,,,B73 Zm00001eb.1,,,Zea mays,chr7,135311473.0,135316330.0,GO:0009408
chr7,135311473,135316330,Zm00001eb315880,135235693,6.31125679403625,DTS.BLUE,WIH2.2020.PHZ51,WIH2.2020,PHZ51,protein_coding,,Heat shock protein 90-5,,217597072.0,4858.0,,,Zm00001eb315880,,,,B73 Zm00001eb.1,,,Zea mays,chr7,135311473.0,135316330.0,GO:0009414
chr7,135311473,135316330,Zm00001eb315880,135235693,6.31125679403625,DTS.BLUE,WIH2.2020.PHZ51,WIH2.2020,PHZ51,protein_coding,,Heat shock protein 90-5,,217597072.0,4858.0,,,Zm00001eb315880,,,,B73 Zm00001eb.1,,,Zea mays,chr7,135311473.0,135316330.0,GO:0009570
chr7,135311473,135316330,Zm00001eb315880,135235693,6.31125679403625,DTS.BLUE,WIH2.2020.PHZ51,WIH2.2020,PHZ51,protein_coding,,Heat shock protein 90-5,,217597072.0,4858.0,,,Zm00001eb315880,,,,B73 Zm00001eb.1,,,Zea mays,chr7,135311473.0,135316330.0,GO:0009651
chr7,135311473,135316330,Zm00001eb315880,135235693,6.31125679403625,DTS.BLUE,WIH2.2020.PHZ51,WIH2.2020,PHZ51,protein_coding,,Heat shock protein 90-5,,217597072.0,4858.0,,,Zm00001eb315880,,,,B73 Zm00001eb.1,,,Zea mays,chr7,135311473.0,135316330.0,GO:0009704
chr7,135311473,135316330,Zm00001eb315880,135235693,6.31125679403625,DTS.BLUE,WIH2.2020.PHZ51,WIH2.2020,PHZ51,protein_coding,,Heat shock protein 90-5,,217597072.0,4858.0,,,Zm00001eb315880,,,,B73 Zm00001eb.1,,,Zea mays,chr7,135311473.0,135316330.0,GO:0009941
chr7,135311473,135316330,Zm00001eb315880,135235693,6.31125679403625,DTS.BLUE,WIH2.2020.PHZ51,WIH2.2020,PHZ51,protein_coding,,Heat shock protein 90-5,,217597072.0,4858.0,,,Zm00001eb315880,,,,B73 Zm00001eb.1,,,Zea mays,chr7,135311473.0,135316330.0,GO:0010157
chr7,135311473,135316330,Zm00001eb315880,135235693,6.31125679403625,DTS.BLUE,WIH2.2020.PHZ51,WIH2.2020,PHZ51,protein_coding,,Heat shock protein 90-5,,217597072.0,4858.0,,,Zm00001eb315880,,,,B73 Zm00001eb.1,,,Zea mays,chr7,135311473.0,135316330.0,GO:0016887
chr7,135311473,135316330,Zm00001eb315880,135235693,6.31125679403625,DTS.BLUE,WIH2.2020.PHZ51,WIH2.2020,PHZ51,protein_coding,,Heat shock protein 90-5,,217597072.0,4858.0,,,Zm00001eb315880,,,,B73 Zm00001eb.1,,,Zea mays,chr7,135311473.0,135316330.0,GO:0032774
chr7,135311473,135316330,Zm00001eb315880,135235693,6.31125679403625,DTS.BLUE,WIH2.2020.PHZ51,WIH2.2020,PHZ51,protein_coding,,Heat shock protein 90-5,,217597072.0,4858.0,,,Zm00001eb315880,,,,B73 Zm00001eb.1,,,Zea mays,chr7,135311473.0,135316330.0,GO:0042803
chr7,135311473,135316330,Zm00001eb315880,135235693,6.31125679403625,DTS.BLUE,WIH2.2020.PHZ51,WIH2.2020,PHZ51,protein_coding,,Heat shock protein 90-5,,217597072.0,4858.0,,,Zm00001eb315880,,,,B73 Zm00001eb.1,,,Zea mays,chr7,135311473.0,135316330.0,GO:0045037
chr7,135311473,135316330,Zm00001eb315880,135235693,6.31125679403625,DTS.BLUE,WIH2.2020.PHZ51,WIH2.2020,PHZ51,protein_coding,,Heat shock protein 90-5,,217597072.0,4858.0,,,Zm00001eb315880,,,,B73 Zm00001eb.1,,,Zea mays,chr7,135311473.0,135316330.0,GO:0048471
chr7,135311473,135316330,Zm00001eb315880,135235693,6.31125679403625,DTS.BLUE,WIH2.2020.PHZ51,WIH2.2020,PHZ51,protein_coding,,Heat shock protein 90-5,,217597072.0,4858.0,,,Zm00001eb315880,,,,B73 Zm00001eb.1,,,Zea mays,chr7,135311473.0,135316330.0,GO:0051082
chr10,12340070,12371740,Zm00001eb408570,12451666,6.10508691954874,ASI,WIH2.2020.PHZ51,WIH2.2020,PHZ51,protein_coding,,,,218074411.0,31671.0,,,Zm00001eb408570,,,,B73 Zm00001eb.1,,,Zea mays,chr10,12340070.0,12371740.0,GO:0004518
chr10,12340070,12371740,Zm00001eb408570,12451666,6.10508691954874,ASI,WIH2.2020.PHZ51,WIH2.2020,PHZ51,protein_coding,,,,218074411.0,31671.0,,,Zm00001eb408570,,,,B73 Zm00001eb.1,,,Zea mays,chr10,12340070.0,12371740.0,GO:0006281
chr10,12340070,12371740,Zm00001eb408570,12451666,6.10508691954874,ASI,WIH2.2020.PHZ51,WIH2.2020,PHZ51,protein_coding,,,,218074411.0,31671.0,,,Zm00001eb408570,,,,B73 Zm00001eb.1,,,Zea mays,chr10,12340070.0,12371740.0,GO:0046872
chr10,12451068,12453096,Zm00001eb408580,12451666,6.10508691954874,ASI,WIH2.2020.PHZ51,WIH2.2020,PHZ51,protein_coding,,Tryptamine 5-hydrolase,,218074434.0,2029.0,,,Zm00001eb408580,,,,B73 Zm00001eb.1,,,Zea mays,chr10,12451068.0,12453096.0,GO:0004497
chr10,12451068,12453096,Zm00001eb408580,12451666,6.10508691954874,ASI,WIH2.2020.PHZ51,WIH2.2020,PHZ51,protein_coding,,Tryptamine 5-hydrolase,,218074434.0,2029.0,,,Zm00001eb408580,,,,B73 Zm00001eb.1,,,Zea mays,chr10,12451068.0,12453096.0,GO:0005506
chr10,12451068,12453096,Zm00001eb408580,12451666,6.10508691954874,ASI,WIH2.2020.PHZ51,WIH2.2020,PHZ51,protein_coding,,Tryptamine 5-hydrolase,,218074434.0,2029.0,,,Zm00001eb408580,,,,B73 Zm00001eb.1,,,Zea mays,chr10,12451068.0,12453096.0,GO:0005789
chr10,12451068,12453096,Zm00001eb408580,12451666,6.10508691954874,ASI,WIH2.2020.PHZ51,WIH2.2020,PHZ51,protein_coding,,Tryptamine 5-hydrolase,,218074434.0,2029.0,,,Zm00001eb408580,,,,B73 Zm00001eb.1,,,Zea mays,chr10,12451068.0,12453096.0,GO:0006587
chr10,12451068,12453096,Zm00001eb408580,12451666,6.10508691954874,ASI,WIH2.2020.PHZ51,WIH2.2020,PHZ51,protein_coding,,Tryptamine 5-hydrolase,,218074434.0,2029.0,,,Zm00001eb408580,,,,B73 Zm00001eb.1,,,Zea mays,chr10,12451068.0,12453096.0,GO:0006952
chr10,12451068,12453096,Zm00001eb408580,12451666,6.10508691954874,ASI,WIH2.2020.PHZ51,WIH2.2020,PHZ51,protein_coding,,Tryptamine 5-hydrolase,,218074434.0,2029.0,,,Zm00001eb408580,,,,B73 Zm00001eb.1,,,Zea mays,chr10,12451068.0,12453096.0,GO:0009699
chr10,12451068,12453096,Zm00001eb408580,12451666,6.10508691954874,ASI,WIH2.2020.PHZ51,WIH2.2020,PHZ51,protein_coding,,Tryptamine 5-hydrolase,,218074434.0,2029.0,,,Zm00001eb408580,,,,B73 Zm00001eb.1,,,Zea mays,chr10,12451068.0,12453096.0,GO:0016021
chr10,12451068,12453096,Zm00001eb408580,12451666,6.10508691954874,ASI,WIH2.2020.PHZ51,WIH2.2020,PHZ51,protein_coding,,Tryptamine 5-hydrolase,,218074434.0,2029.0,,,Zm00001eb408580,,,,B73 Zm00001eb.1,,,Zea mays,chr10,12451068.0,12453096.0,GO:0016705
chr10,12451068,12453096,Zm00001eb408580,12451666,6.10508691954874,ASI,WIH2.2020.PHZ51,WIH2.2020,PHZ51,protein_coding,,Tryptamine 5-hydrolase,,218074434.0,2029.0,,,Zm00001eb408580,,,,B73 Zm00001eb.1,,,Zea mays,chr10,12451068.0,12453096.0,GO:0016787
chr10,12451068,12453096,Zm00001eb408580,12451666,6.10508691954874,ASI,WIH2.2020.PHZ51,WIH2.2020,PHZ51,protein_coding,,Tryptamine 5-hydrolase,,218074434.0,2029.0,,,Zm00001eb408580,,,,B73 Zm00001eb.1,,,Zea mays,chr10,12451068.0,12453096.0,GO:0020037
chr10,12524971,12532865,Zm00001eb408590,12451666,6.10508691954874,ASI,WIH2.2020.PHZ51,WIH2.2020,PHZ51,protein_coding,,Weak chloroplast movement under blue light,,218074449.0,7895.0,,,Zm00001eb408590,,,,B73 Zm00001eb.1,,,Zea mays,chr10,12524971.0,12532865.0,GO:0003677
chr10,12524971,12532865,Zm00001eb408590,12451666,6.10508691954874,ASI,WIH2.2020.PHZ51,WIH2.2020,PHZ51,protein_coding,,Weak chloroplast movement under blue light,,218074449.0,7895.0,,,Zm00001eb408590,,,,B73 Zm00001eb.1,,,Zea mays,chr10,12524971.0,12532865.0,GO:0005634
chr10,12524971,12532865,Zm00001eb408590,12451666,6.10508691954874,ASI,WIH2.2020.PHZ51,WIH2.2020,PHZ51,protein_coding,,Weak chloroplast movement under blue light,,218074449.0,7895.0,,,Zm00001eb408590,,,,B73 Zm00001eb.1,,,Zea mays,chr10,12524971.0,12532865.0,GO:0005829
chr10,12524971,12532865,Zm00001eb408590,12451666,6.10508691954874,ASI,WIH2.2020.PHZ51,WIH2.2020,PHZ51,protein_coding,,Weak chloroplast movement under blue light,,218074449.0,7895.0,,,Zm00001eb408590,,,,B73 Zm00001eb.1,,,Zea mays,chr10,12524971.0,12532865.0,GO:0009903
chr10,12524971,12532865,Zm00001eb408590,12451666,6.10508691954874,ASI,WIH2.2020.PHZ51,WIH2.2020,PHZ51,protein_coding,,Weak chloroplast movement under blue light,,218074449.0,7895.0,,,Zm00001eb408590,,,,B73 Zm00001eb.1,,,Zea mays,chr10,12524971.0,12532865.0,GO:0009904
chr10,12524971,12532865,Zm00001eb408590,12451666,6.10508691954874,ASI,WIH2.2020.PHZ51,WIH2.2020,PHZ51,protein_coding,,Weak chloroplast movement under blue light,,218074449.0,7895.0,,,Zm00001eb408590,,,,B73 Zm00001eb.1,,,Zea mays,chr10,12524971.0,12532865.0,GO:0016021
chr8,120890750,120893394,Zm00001eb351810,120906310,6.34669058843583,DTA.BLUE,WIH2.2021.PHZ51,WIH2.2021,PHZ51,protein_coding,,Pyruvate decarboxylase,,217782954.0,2645.0,,,Zm00001eb351810,,,,B73 Zm00001eb.1,,,Zea mays,chr8,120890750.0,120893394.0,GO:0000287
chr8,120890750,120893394,Zm00001eb351810,120906310,6.34669058843583,DTA.BLUE,WIH2.2021.PHZ51,WIH2.2021,PHZ51,protein_coding,,Pyruvate decarboxylase,,217782954.0,2645.0,,,Zm00001eb351810,,,,B73 Zm00001eb.1,,,Zea mays,chr8,120890750.0,120893394.0,GO:0001666
chr8,120890750,120893394,Zm00001eb351810,120906310,6.34669058843583,DTA.BLUE,WIH2.2021.PHZ51,WIH2.2021,PHZ51,protein_coding,,Pyruvate decarboxylase,,217782954.0,2645.0,,,Zm00001eb351810,,,,B73 Zm00001eb.1,,,Zea mays,chr8,120890750.0,120893394.0,GO:0004737
chr8,120890750,120893394,Zm00001eb351810,120906310,6.34669058843583,DTA.BLUE,WIH2.2021.PHZ51,WIH2.2021,PHZ51,protein_coding,,Pyruvate decarboxylase,,217782954.0,2645.0,,,Zm00001eb351810,,,,B73 Zm00001eb.1,,,Zea mays,chr8,120890750.0,120893394.0,GO:0005829
chr8,120890750,120893394,Zm00001eb351810,120906310,6.34669058843583,DTA.BLUE,WIH2.2021.PHZ51,WIH2.2021,PHZ51,protein_coding,,Pyruvate decarboxylase,,217782954.0,2645.0,,,Zm00001eb351810,,,,B73 Zm00001eb.1,,,Zea mays,chr8,120890750.0,120893394.0,GO:0016874
chr8,120890750,120893394,Zm00001eb351810,120906310,6.34669058843583,DTA.BLUE,WIH2.2021.PHZ51,WIH2.2021,PHZ51,protein_coding,,Pyruvate decarboxylase,,217782954.0,2645.0,,,Zm00001eb351810,,,,B73 Zm00001eb.1,,,Zea mays,chr8,120890750.0,120893394.0,GO:0030976
chr8,120890750,120893394,Zm00001eb351810,120906310,6.34669058843583,DTA.BLUE,WIH2.2021.PHZ51,WIH2.2021,PHZ51,protein_coding,,Pyruvate decarboxylase,,217782954.0,2645.0,,,Zm00001eb351810,,,,B73 Zm00001eb.1,,,Zea mays,chr8,120890750.0,120893394.0,GO:0046983
chr8,120904128,120906507,Zm00001eb351820,120906310,6.34669058843583,DTA.BLUE,WIH2.2021.PHZ51,WIH2.2021,PHZ51,protein_coding,,RING-type domain-containing protein,,217783007.0,2380.0,,,Zm00001eb351820,,,,B73 Zm00001eb.1,,,Zea mays,chr8,120904128.0,120906507.0,GO:0005783
chr8,120904128,120906507,Zm00001eb351820,120906310,6.34669058843583,DTA.BLUE,WIH2.2021.PHZ51,WIH2.2021,PHZ51,protein_coding,,RING-type domain-containing protein,,217783007.0,2380.0,,,Zm00001eb351820,,,,B73 Zm00001eb.1,,,Zea mays,chr8,120904128.0,120906507.0,GO:0006511
chr8,120904128,120906507,Zm00001eb351820,120906310,6.34669058843583,DTA.BLUE,WIH2.2021.PHZ51,WIH2.2021,PHZ51,protein_coding,,RING-type domain-containing protein,,217783007.0,2380.0,,,Zm00001eb351820,,,,B73 Zm00001eb.1,,,Zea mays,chr8,120904128.0,120906507.0,GO:0016567
chr8,120904128,120906507,Zm00001eb351820,120906310,6.34669058843583,DTA.BLUE,WIH2.2021.PHZ51,WIH2.2021,PHZ51,protein_coding,,RING-type domain-containing protein,,217783007.0,2380.0,,,Zm00001eb351820,,,,B73 Zm00001eb.1,,,Zea mays,chr8,120904128.0,120906507.0,GO:0044390
chr8,120904128,120906507,Zm00001eb351820,120906310,6.34669058843583,DTA.BLUE,WIH2.2021.PHZ51,WIH2.2021,PHZ51,protein_coding,,RING-type domain-containing protein,,217783007.0,2380.0,,,Zm00001eb351820,,,,B73 Zm00001eb.1,,,Zea mays,chr8,120904128.0,120906507.0,GO:0046872
chr8,120904128,120906507,Zm00001eb351820,120906310,6.34669058843583,DTA.BLUE,WIH2.2021.PHZ51,WIH2.2021,PHZ51,protein_coding,,RING-type domain-containing protein,,217783007.0,2380.0,,,Zm00001eb351820,,,,B73 Zm00001eb.1,,,Zea mays,chr8,120904128.0,120906507.0,GO:0061630
chr8,120904128,120906507,Zm00001eb351820,120906310,6.34669058843583,DTA.BLUE,WIH2.2021.PHZ51,WIH2.2021,PHZ51,protein_coding,,RING-type domain-containing protein,,217783007.0,2380.0,,,Zm00001eb351820,,,,B73 Zm00001eb.1,,,Zea mays,chr8,120904128.0,120906507.0,GO:0071712
chr8,120908908,120913019,Zm00001eb351830,120906310,6.34669058843583,DTA.BLUE,WIH2.2021.PHZ51,WIH2.2021,PHZ51,protein_coding,,Sorting and assembly machinery component like,,217783018.0,4112.0,,,Zm00001eb351830,,,,B73 Zm00001eb.1,,,Zea mays,chr8,120908908.0,120913019.0,GO:0001401
chr8,120908908,120913019,Zm00001eb351830,120906310,6.34669058843583,DTA.BLUE,WIH2.2021.PHZ51,WIH2.2021,PHZ51,protein_coding,,Sorting and assembly machinery component like,,217783018.0,4112.0,,,Zm00001eb351830,,,,B73 Zm00001eb.1,,,Zea mays,chr8,120908908.0,120913019.0,GO:0009527
chr8,120908908,120913019,Zm00001eb351830,120906310,6.34669058843583,DTA.BLUE,WIH2.2021.PHZ51,WIH2.2021,PHZ51,protein_coding,,Sorting and assembly machinery component like,,217783018.0,4112.0,,,Zm00001eb351830,,,,B73 Zm00001eb.1,,,Zea mays,chr8,120908908.0,120913019.0,GO:0016021
chr8,120908908,120913019,Zm00001eb351830,120906310,6.34669058843583,DTA.BLUE,WIH2.2021.PHZ51,WIH2.2021,PHZ51,protein_coding,,Sorting and assembly machinery component like,,217783018.0,4112.0,,,Zm00001eb351830,,,,B73 Zm00001eb.1,,,Zea mays,chr8,120908908.0,120913019.0,GO:0034622
chr8,120908908,120913019,Zm00001eb351830,120906310,6.34669058843583,DTA.BLUE,WIH2.2021.PHZ51,WIH2.2021,PHZ51,protein_coding,,Sorting and assembly machinery component like,,217783018.0,4112.0,,,Zm00001eb351830,,,,B73 Zm00001eb.1,,,Zea mays,chr8,120908908.0,120913019.0,GO:0045040
chr8,120913357,120915035,Zm00001eb351840,120906310,6.34669058843583,DTA.BLUE,WIH2.2021.PHZ51,WIH2.2021,PHZ51,,,,,,,,,,,,,,,,,,,,
chr8,120999488,121000533,Zm00001eb351850,120906310,6.34669058843583,DTA.BLUE,WIH2.2021.PHZ51,WIH2.2021,PHZ51,,,,,,,,,,,,,,,,,,,,
chr8,121004362,121004710,Zm00001eb351860,120906310,6.34669058843583,DTA.BLUE,WIH2.2021.PHZ51,WIH2.2021,PHZ51,,,,,,,,,,,,,,,,,,,,
chr7,1148503,1150466,Zm00001eb298200,1244731,6.25792107273945,Yield.t.ha.BLUE,WIH2.2021.PHZ51,WIH2.2021,PHZ51,protein_coding,,Peroxidase,,217516672.0,1964.0,,,Zm00001eb298200,,,,B73 Zm00001eb.1,,,Zea mays,chr7,1148503.0,1150466.0,GO:0004601
chr7,1148503,1150466,Zm00001eb298200,1244731,6.25792107273945,Yield.t.ha.BLUE,WIH2.2021.PHZ51,WIH2.2021,PHZ51,protein_coding,,Peroxidase,,217516672.0,1964.0,,,Zm00001eb298200,,,,B73 Zm00001eb.1,,,Zea mays,chr7,1148503.0,1150466.0,GO:0005576
chr7,1148503,1150466,Zm00001eb298200,1244731,6.25792107273945,Yield.t.ha.BLUE,WIH2.2021.PHZ51,WIH2.2021,PHZ51,protein_coding,,Peroxidase,,217516672.0,1964.0,,,Zm00001eb298200,,,,B73 Zm00001eb.1,,,Zea mays,chr7,1148503.0,1150466.0,GO:0006979
chr7,1148503,1150466,Zm00001eb298200,1244731,6.25792107273945,Yield.t.ha.BLUE,WIH2.2021.PHZ51,WIH2.2021,PHZ51,protein_coding,,Peroxidase,,217516672.0,1964.0,,,Zm00001eb298200,,,,B73 Zm00001eb.1,,,Zea mays,chr7,1148503.0,1150466.0,GO:0009505
chr7,1148503,1150466,Zm00001eb298200,1244731,6.25792107273945,Yield.t.ha.BLUE,WIH2.2021.PHZ51,WIH2.2021,PHZ51,protein_coding,,Peroxidase,,217516672.0,1964.0,,,Zm00001eb298200,,,,B73 Zm00001eb.1,,,Zea mays,chr7,1148503.0,1150466.0,GO:0009506
chr7,1148503,1150466,Zm00001eb298200,1244731,6.25792107273945,Yield.t.ha.BLUE,WIH2.2021.PHZ51,WIH2.2021,PHZ51,protein_coding,,Peroxidase,,217516672.0,1964.0,,,Zm00001eb298200,,,,B73 Zm00001eb.1,,,Zea mays,chr7,1148503.0,1150466.0,GO:0016020
chr7,1148503,1150466,Zm00001eb298200,1244731,6.25792107273945,Yield.t.ha.BLUE,WIH2.2021.PHZ51,WIH2.2021,PHZ51,protein_coding,,Peroxidase,,217516672.0,1964.0,,,Zm00001eb298200,,,,B73 Zm00001eb.1,,,Zea mays,chr7,1148503.0,1150466.0,GO:0020037
chr7,1148503,1150466,Zm00001eb298200,1244731,6.25792107273945,Yield.t.ha.BLUE,WIH2.2021.PHZ51,WIH2.2021,PHZ51,protein_coding,,Peroxidase,,217516672.0,1964.0,,,Zm00001eb298200,,,,B73 Zm00001eb.1,,,Zea mays,chr7,1148503.0,1150466.0,GO:0042744
chr7,1148503,1150466,Zm00001eb298200,1244731,6.25792107273945,Yield.t.ha.BLUE,WIH2.2021.PHZ51,WIH2.2021,PHZ51,protein_coding,,Peroxidase,,217516672.0,1964.0,,,Zm00001eb298200,,,,B73 Zm00001eb.1,,,Zea mays,chr7,1148503.0,1150466.0,GO:0046872
chr7,1148503,1150466,Zm00001eb298200,1244731,6.25792107273945,Yield.t.ha.BLUE,WIH2.2021.PHZ51,WIH2.2021,PHZ51,protein_coding,,Peroxidase,,217516672.0,1964.0,,,Zm00001eb298200,,,,B73 Zm00001eb.1,,,Zea mays,chr7,1148503.0,1150466.0,GO:0098869
chr7,1163440,1164750,Zm00001eb298210,1244731,6.25792107273945,Yield.t.ha.BLUE,WIH2.2021.PHZ51,WIH2.2021,PHZ51,protein_coding,,Peroxidase,,217516706.0,1311.0,,,Zm00001eb298210,,,,B73 Zm00001eb.1,,,Zea mays,chr7,1163440.0,1164750.0,GO:0004601
chr7,1163440,1164750,Zm00001eb298210,1244731,6.25792107273945,Yield.t.ha.BLUE,WIH2.2021.PHZ51,WIH2.2021,PHZ51,protein_coding,,Peroxidase,,217516706.0,1311.0,,,Zm00001eb298210,,,,B73 Zm00001eb.1,,,Zea mays,chr7,1163440.0,1164750.0,GO:0005576
chr7,1163440,1164750,Zm00001eb298210,1244731,6.25792107273945,Yield.t.ha.BLUE,WIH2.2021.PHZ51,WIH2.2021,PHZ51,protein_coding,,Peroxidase,,217516706.0,1311.0,,,Zm00001eb298210,,,,B73 Zm00001eb.1,,,Zea mays,chr7,1163440.0,1164750.0,GO:0006979
chr7,1163440,1164750,Zm00001eb298210,1244731,6.25792107273945,Yield.t.ha.BLUE,WIH2.2021.PHZ51,WIH2.2021,PHZ51,protein_coding,,Peroxidase,,217516706.0,1311.0,,,Zm00001eb298210,,,,B73 Zm00001eb.1,,,Zea mays,chr7,1163440.0,1164750.0,GO:0009505
chr7,1163440,1164750,Zm00001eb298210,1244731,6.25792107273945,Yield.t.ha.BLUE,WIH2.2021.PHZ51,WIH2.2021,PHZ51,protein_coding,,Peroxidase,,217516706.0,1311.0,,,Zm00001eb298210,,,,B73 Zm00001eb.1,,,Zea mays,chr7,1163440.0,1164750.0,GO:0009506
chr7,1163440,1164750,Zm00001eb298210,1244731,6.25792107273945,Yield.t.ha.BLUE,WIH2.2021.PHZ51,WIH2.2021,PHZ51,protein_coding,,Peroxidase,,217516706.0,1311.0,,,Zm00001eb298210,,,,B73 Zm00001eb.1,,,Zea mays,chr7,1163440.0,1164750.0,GO:0020037
chr7,1163440,1164750,Zm00001eb298210,1244731,6.25792107273945,Yield.t.ha.BLUE,WIH2.2021.PHZ51,WIH2.2021,PHZ51,protein_coding,,Peroxidase,,217516706.0,1311.0,,,Zm00001eb298210,,,,B73 Zm00001eb.1,,,Zea mays,chr7,1163440.0,1164750.0,GO:0042744
chr7,1163440,1164750,Zm00001eb298210,1244731,6.25792107273945,Yield.t.ha.BLUE,WIH2.2021.PHZ51,WIH2.2021,PHZ51,protein_coding,,Peroxidase,,217516706.0,1311.0,,,Zm00001eb298210,,,,B73 Zm00001eb.1,,,Zea mays,chr7,1163440.0,1164750.0,GO:0046872
chr7,1163440,1164750,Zm00001eb298210,1244731,6.25792107273945,Yield.t.ha.BLUE,WIH2.2021.PHZ51,WIH2.2021,PHZ51,protein_coding,,Peroxidase,,217516706.0,1311.0,,,Zm00001eb298210,,,,B73 Zm00001eb.1,,,Zea mays,chr7,1163440.0,1164750.0,GO:0098869
chr7,1176244,1177802,Zm00001eb298220,1244731,6.25792107273945,Yield.t.ha.BLUE,WIH2.2021.PHZ51,WIH2.2021,PHZ51,protein_coding,,Peroxidase,,217516722.0,1559.0,,,Zm00001eb298220,,,,B73 Zm00001eb.1,,,Zea mays,chr7,1176244.0,1177802.0,GO:0004601
chr7,1176244,1177802,Zm00001eb298220,1244731,6.25792107273945,Yield.t.ha.BLUE,WIH2.2021.PHZ51,WIH2.2021,PHZ51,protein_coding,,Peroxidase,,217516722.0,1559.0,,,Zm00001eb298220,,,,B73 Zm00001eb.1,,,Zea mays,chr7,1176244.0,1177802.0,GO:0005576
chr7,1176244,1177802,Zm00001eb298220,1244731,6.25792107273945,Yield.t.ha.BLUE,WIH2.2021.PHZ51,WIH2.2021,PHZ51,protein_coding,,Peroxidase,,217516722.0,1559.0,,,Zm00001eb298220,,,,B73 Zm00001eb.1,,,Zea mays,chr7,1176244.0,1177802.0,GO:0006979
chr7,1176244,1177802,Zm00001eb298220,1244731,6.25792107273945,Yield.t.ha.BLUE,WIH2.2021.PHZ51,WIH2.2021,PHZ51,protein_coding,,Peroxidase,,217516722.0,1559.0,,,Zm00001eb298220,,,,B73 Zm00001eb.1,,,Zea mays,chr7,1176244.0,1177802.0,GO:0009505
chr7,1176244,1177802,Zm00001eb298220,1244731,6.25792107273945,Yield.t.ha.BLUE,WIH2.2021.PHZ51,WIH2.2021,PHZ51,protein_coding,,Peroxidase,,217516722.0,1559.0,,,Zm00001eb298220,,,,B73 Zm00001eb.1,,,Zea mays,chr7,1176244.0,1177802.0,GO:0009506
chr7,1176244,1177802,Zm00001eb298220,1244731,6.25792107273945,Yield.t.ha.BLUE,WIH2.2021.PHZ51,WIH2.2021,PHZ51,protein_coding,,Peroxidase,,217516722.0,1559.0,,,Zm00001eb298220,,,,B73 Zm00001eb.1,,,Zea mays,chr7,1176244.0,1177802.0,GO:0016021
chr7,1176244,1177802,Zm00001eb298220,1244731,6.25792107273945,Yield.t.ha.BLUE,WIH2.2021.PHZ51,WIH2.2021,PHZ51,protein_coding,,Peroxidase,,217516722.0,1559.0,,,Zm00001eb298220,,,,B73 Zm00001eb.1,,,Zea mays,chr7,1176244.0,1177802.0,GO:0020037
chr7,1176244,1177802,Zm00001eb298220,1244731,6.25792107273945,Yield.t.ha.BLUE,WIH2.2021.PHZ51,WIH2.2021,PHZ51,protein_coding,,Peroxidase,,217516722.0,1559.0,,,Zm00001eb298220,,,,B73 Zm00001eb.1,,,Zea mays,chr7,1176244.0,1177802.0,GO:0042744
chr7,1176244,1177802,Zm00001eb298220,1244731,6.25792107273945,Yield.t.ha.BLUE,WIH2.2021.PHZ51,WIH2.2021,PHZ51,protein_coding,,Peroxidase,,217516722.0,1559.0,,,Zm00001eb298220,,,,B73 Zm00001eb.1,,,Zea mays,chr7,1176244.0,1177802.0,GO:0046872
chr7,1176244,1177802,Zm00001eb298220,1244731,6.25792107273945,Yield.t.ha.BLUE,WIH2.2021.PHZ51,WIH2.2021,PHZ51,protein_coding,,Peroxidase,,217516722.0,1559.0,,,Zm00001eb298220,,,,B73 Zm00001eb.1,,,Zea mays,chr7,1176244.0,1177802.0,GO:0098869
chr7,1226164,1227675,Zm00001eb298230,1244731,6.25792107273945,Yield.t.ha.BLUE,WIH2.2021.PHZ51,WIH2.2021,PHZ51,protein_coding,,Peroxidase,,217516741.0,1512.0,,,Zm00001eb298230,,,,B73 Zm00001eb.1,,,Zea mays,chr7,1226164.0,1227675.0,GO:0004601
chr7,1226164,1227675,Zm00001eb298230,1244731,6.25792107273945,Yield.t.ha.BLUE,WIH2.2021.PHZ51,WIH2.2021,PHZ51,protein_coding,,Peroxidase,,217516741.0,1512.0,,,Zm00001eb298230,,,,B73 Zm00001eb.1,,,Zea mays,chr7,1226164.0,1227675.0,GO:0005576
chr7,1226164,1227675,Zm00001eb298230,1244731,6.25792107273945,Yield.t.ha.BLUE,WIH2.2021.PHZ51,WIH2.2021,PHZ51,protein_coding,,Peroxidase,,217516741.0,1512.0,,,Zm00001eb298230,,,,B73 Zm00001eb.1,,,Zea mays,chr7,1226164.0,1227675.0,GO:0006979
chr7,1226164,1227675,Zm00001eb298230,1244731,6.25792107273945,Yield.t.ha.BLUE,WIH2.2021.PHZ51,WIH2.2021,PHZ51,protein_coding,,Peroxidase,,217516741.0,1512.0,,,Zm00001eb298230,,,,B73 Zm00001eb.1,,,Zea mays,chr7,1226164.0,1227675.0,GO:0020037
chr7,1226164,1227675,Zm00001eb298230,1244731,6.25792107273945,Yield.t.ha.BLUE,WIH2.2021.PHZ51,WIH2.2021,PHZ51,protein_coding,,Peroxidase,,217516741.0,1512.0,,,Zm00001eb298230,,,,B73 Zm00001eb.1,,,Zea mays,chr7,1226164.0,1227675.0,GO:0046872
chr7,1226164,1227675,Zm00001eb298230,1244731,6.25792107273945,Yield.t.ha.BLUE,WIH2.2021.PHZ51,WIH2.2021,PHZ51,protein_coding,,Peroxidase,,217516741.0,1512.0,,,Zm00001eb298230,,,,B73 Zm00001eb.1,,,Zea mays,chr7,1226164.0,1227675.0,GO:0098869
chr7,1226164,1227675,Zm00001eb298230,1244731,6.25792107273945,Yield.t.ha.BLUE,WIH2.2021.PHZ51,WIH2.2021,PHZ51,protein_coding,,Peroxidase,,217516741.0,1512.0,,,Zm00001eb298230,,,,B73 Zm00001eb.1,,,Zea mays,chr7,1226164.0,1227675.0,GO:0004601
chr7,1226164,1227675,Zm00001eb298230,1244731,6.25792107273945,Yield.t.ha.BLUE,WIH2.2021.PHZ51,WIH2.2021,PHZ51,protein_coding,,Peroxidase,,217516741.0,1512.0,,,Zm00001eb298230,,,,B73 Zm00001eb.1,,,Zea mays,chr7,1226164.0,1227675.0,GO:0005576
chr7,1226164,1227675,Zm00001eb298230,1244731,6.25792107273945,Yield.t.ha.BLUE,WIH2.2021.PHZ51,WIH2.2021,PHZ51,protein_coding,,Peroxidase,,217516741.0,1512.0,,,Zm00001eb298230,,,,B73 Zm00001eb.1,,,Zea mays,chr7,1226164.0,1227675.0,GO:0006979
chr7,1226164,1227675,Zm00001eb298230,1244731,6.25792107273945,Yield.t.ha.BLUE,WIH2.2021.PHZ51,WIH2.2021,PHZ51,protein_coding,,Peroxidase,,217516741.0,1512.0,,,Zm00001eb298230,,,,B73 Zm00001eb.1,,,Zea mays,chr7,1226164.0,1227675.0,GO:0020037
chr7,1226164,1227675,Zm00001eb298230,1244731,6.25792107273945,Yield.t.ha.BLUE,WIH2.2021.PHZ51,WIH2.2021,PHZ51,protein_coding,,Peroxidase,,217516741.0,1512.0,,,Zm00001eb298230,,,,B73 Zm00001eb.1,,,Zea mays,chr7,1226164.0,1227675.0,GO:0046872
chr7,1226164,1227675,Zm00001eb298230,1244731,6.25792107273945,Yield.t.ha.BLUE,WIH2.2021.PHZ51,WIH2.2021,PHZ51,protein_coding,,Peroxidase,,217516741.0,1512.0,,,Zm00001eb298230,,,,B73 Zm00001eb.1,,,Zea mays,chr7,1226164.0,1227675.0,GO:0098869
chr7,1243532,1244802,Zm00001eb298250,1244731,6.25792107273945,Yield.t.ha.BLUE,WIH2.2021.PHZ51,WIH2.2021,PHZ51,protein_coding,,Phytocyanin domain-containing protein,,217516769.0,1271.0,,,Zm00001eb298250,,,,B73 Zm00001eb.1,,,Zea mays,chr7,1243532.0,1244802.0,GO:0009055
chr7,1243532,1244802,Zm00001eb298250,1244731,6.25792107273945,Yield.t.ha.BLUE,WIH2.2021.PHZ51,WIH2.2021,PHZ51,protein_coding,,Phytocyanin domain-containing protein,,217516769.0,1271.0,,,Zm00001eb298250,,,,B73 Zm00001eb.1,,,Zea mays,chr7,1243532.0,1244802.0,GO:0016021
chr7,1243532,1244802,Zm00001eb298250,1244731,6.25792107273945,Yield.t.ha.BLUE,WIH2.2021.PHZ51,WIH2.2021,PHZ51,protein_coding,,Phytocyanin domain-containing protein,,217516769.0,1271.0,,,Zm00001eb298250,,,,B73 Zm00001eb.1,,,Zea mays,chr7,1243532.0,1244802.0,GO:0022900
chr7,1243532,1244802,Zm00001eb298250,1244731,6.25792107273945,Yield.t.ha.BLUE,WIH2.2021.PHZ51,WIH2.2021,PHZ51,protein_coding,,Phytocyanin domain-containing protein,,217516769.0,1271.0,,,Zm00001eb298250,,,,B73 Zm00001eb.1,,,Zea mays,chr7,1243532.0,1244802.0,GO:0046658
chr7,1246199,1246801,Zm00001eb298260,1244731,6.25792107273945,Yield.t.ha.BLUE,WIH2.2021.PHZ51,WIH2.2021,PHZ51,protein_coding,,sulfated surface glycoprotein 185-like,,217516784.0,603.0,,,Zm00001eb298260,,,,B73 Zm00001eb.1,,,Zea mays,chr7,1246199.0,1246801.0,GO:0016021
chr7,1246199,1246801,Zm00001eb298260,1244731,6.25792107273945,Yield.t.ha.BLUE,WIH2.2021.PHZ51,WIH2.2021,PHZ51,protein_coding,,sulfated surface glycoprotein 185-like,,217516784.0,603.0,,,Zm00001eb298260,,,,B73 Zm00001eb.1,,,Zea mays,chr7,1246199.0,1246801.0,GO:0016301
chr7,1246199,1246801,Zm00001eb298260,1244731,6.25792107273945,Yield.t.ha.BLUE,WIH2.2021.PHZ51,WIH2.2021,PHZ51,protein_coding,,sulfated surface glycoprotein 185-like,,217516784.0,603.0,,,Zm00001eb298260,,,,B73 Zm00001eb.1,,,Zea mays,chr7,1246199.0,1246801.0,GO:0016310
chr7,1246996,1248394,Zm00001eb298270,1244731,6.25792107273945,Yield.t.ha.BLUE,WIH2.2021.PHZ51,WIH2.2021,PHZ51,protein_coding,,photosynthetic NDH subunit of lumenal location 3,,217516791.0,1399.0,,,Zm00001eb298270,,,,B73 Zm00001eb.1,,,Zea mays,chr7,1246996.0,1248394.0,GO:0005509
chr7,1246996,1248394,Zm00001eb298270,1244731,6.25792107273945,Yield.t.ha.BLUE,WIH2.2021.PHZ51,WIH2.2021,PHZ51,protein_coding,,photosynthetic NDH subunit of lumenal location 3,,217516791.0,1399.0,,,Zm00001eb298270,,,,B73 Zm00001eb.1,,,Zea mays,chr7,1246996.0,1248394.0,GO:0009344
chr7,1246996,1248394,Zm00001eb298270,1244731,6.25792107273945,Yield.t.ha.BLUE,WIH2.2021.PHZ51,WIH2.2021,PHZ51,protein_coding,,photosynthetic NDH subunit of lumenal location 3,,217516791.0,1399.0,,,Zm00001eb298270,,,,B73 Zm00001eb.1,,,Zea mays,chr7,1246996.0,1248394.0,GO:0009507
chr7,1246996,1248394,Zm00001eb298270,1244731,6.25792107273945,Yield.t.ha.BLUE,WIH2.2021.PHZ51,WIH2.2021,PHZ51,protein_coding,,photosynthetic NDH subunit of lumenal location 3,,217516791.0,1399.0,,,Zm00001eb298270,,,,B73 Zm00001eb.1,,,Zea mays,chr7,1246996.0,1248394.0,GO:0009654
chr7,1246996,1248394,Zm00001eb298270,1244731,6.25792107273945,Yield.t.ha.BLUE,WIH2.2021.PHZ51,WIH2.2021,PHZ51,protein_coding,,photosynthetic NDH subunit of lumenal location 3,,217516791.0,1399.0,,,Zm00001eb298270,,,,B73 Zm00001eb.1,,,Zea mays,chr7,1246996.0,1248394.0,GO:0015979
chr7,1246996,1248394,Zm00001eb298270,1244731,6.25792107273945,Yield.t.ha.BLUE,WIH2.2021.PHZ51,WIH2.2021,PHZ51,protein_coding,,photosynthetic NDH subunit of lumenal location 3,,217516791.0,1399.0,,,Zm00001eb298270,,,,B73 Zm00001eb.1,,,Zea mays,chr7,1246996.0,1248394.0,GO:0019898
chr7,1246996,1248394,Zm00001eb298270,1244731,6.25792107273945,Yield.t.ha.BLUE,WIH2.2021.PHZ51,WIH2.2021,PHZ51,protein_coding,,photosynthetic NDH subunit of lumenal location 3,,217516791.0,1399.0,,,Zm00001eb298270,,,,B73 Zm00001eb.1,,,Zea mays,chr7,1246996.0,1248394.0,GO:0022900
chr7,1246996,1248394,Zm00001eb298270,1244731,6.25792107273945,Yield.t.ha.BLUE,WIH2.2021.PHZ51,WIH2.2021,PHZ51,protein_coding,,photosynthetic NDH subunit of lumenal location 3,,217516791.0,1399.0,,,Zm00001eb298270,,,,B73 Zm00001eb.1,,,Zea mays,chr7,1246996.0,1248394.0,GO:0045156
chr7,1246996,1248394,Zm00001eb298270,1244731,6.25792107273945,Yield.t.ha.BLUE,WIH2.2021.PHZ51,WIH2.2021,PHZ51,protein_coding,,photosynthetic NDH subunit of lumenal location 3,,217516791.0,1399.0,,,Zm00001eb298270,,,,B73 Zm00001eb.1,,,Zea mays,chr7,1246996.0,1248394.0,GO:0055035
chr7,1247472,1254528,Zm00001eb298280,1244731,6.25792107273945,Yield.t.ha.BLUE,WIH2.2021.PHZ51,WIH2.2021,PHZ51,protein_coding,,Kinesin-like protein KIN-14N,,217516806.0,7057.0,,,Zm00001eb298280,,,,B73 Zm00001eb.1,,,Zea mays,chr7,1247472.0,1254528.0,GO:0003777
chr7,1247472,1254528,Zm00001eb298280,1244731,6.25792107273945,Yield.t.ha.BLUE,WIH2.2021.PHZ51,WIH2.2021,PHZ51,protein_coding,,Kinesin-like protein KIN-14N,,217516806.0,7057.0,,,Zm00001eb298280,,,,B73 Zm00001eb.1,,,Zea mays,chr7,1247472.0,1254528.0,GO:0005524
chr7,1247472,1254528,Zm00001eb298280,1244731,6.25792107273945,Yield.t.ha.BLUE,WIH2.2021.PHZ51,WIH2.2021,PHZ51,protein_coding,,Kinesin-like protein KIN-14N,,217516806.0,7057.0,,,Zm00001eb298280,,,,B73 Zm00001eb.1,,,Zea mays,chr7,1247472.0,1254528.0,GO:0005871
chr7,1247472,1254528,Zm00001eb298280,1244731,6.25792107273945,Yield.t.ha.BLUE,WIH2.2021.PHZ51,WIH2.2021,PHZ51,protein_coding,,Kinesin-like protein KIN-14N,,217516806.0,7057.0,,,Zm00001eb298280,,,,B73 Zm00001eb.1,,,Zea mays,chr7,1247472.0,1254528.0,GO:0005874
chr7,1247472,1254528,Zm00001eb298280,1244731,6.25792107273945,Yield.t.ha.BLUE,WIH2.2021.PHZ51,WIH2.2021,PHZ51,protein_coding,,Kinesin-like protein KIN-14N,,217516806.0,7057.0,,,Zm00001eb298280,,,,B73 Zm00001eb.1,,,Zea mays,chr7,1247472.0,1254528.0,GO:0007018
chr7,1247472,1254528,Zm00001eb298280,1244731,6.25792107273945,Yield.t.ha.BLUE,WIH2.2021.PHZ51,WIH2.2021,PHZ51,protein_coding,,Kinesin-like protein KIN-14N,,217516806.0,7057.0,,,Zm00001eb298280,,,,B73 Zm00001eb.1,,,Zea mays,chr7,1247472.0,1254528.0,GO:0008017
chr7,1247472,1254528,Zm00001eb298280,1244731,6.25792107273945,Yield.t.ha.BLUE,WIH2.2021.PHZ51,WIH2.2021,PHZ51,protein_coding,,Kinesin-like protein KIN-14N,,217516806.0,7057.0,,,Zm00001eb298280,,,,B73 Zm00001eb.1,,,Zea mays,chr7,1247472.0,1254528.0,GO:0051225
chr7,1247472,1254528,Zm00001eb298280,1244731,6.25792107273945,Yield.t.ha.BLUE,WIH2.2021.PHZ51,WIH2.2021,PHZ51,protein_coding,,Kinesin-like protein KIN-14N,,217516806.0,7057.0,,,Zm00001eb298280,,,,B73 Zm00001eb.1,,,Zea mays,chr7,1247472.0,1254528.0,GO:1990939
chr7,1298443,1307129,Zm00001eb298290,1244731,6.25792107273945,Yield.t.ha.BLUE,WIH2.2021.PHZ51,WIH2.2021,PHZ51,protein_coding,,Metallophos domain-containing protein,,217516877.0,8687.0,,,Zm00001eb298290,,,,B73 Zm00001eb.1,,,Zea mays,chr7,1298443.0,1307129.0,GO:0008168
chr7,1298443,1307129,Zm00001eb298290,1244731,6.25792107273945,Yield.t.ha.BLUE,WIH2.2021.PHZ51,WIH2.2021,PHZ51,protein_coding,,Metallophos domain-containing protein,,217516877.0,8687.0,,,Zm00001eb298290,,,,B73 Zm00001eb.1,,,Zea mays,chr7,1298443.0,1307129.0,GO:0016021
chr7,1298443,1307129,Zm00001eb298290,1244731,6.25792107273945,Yield.t.ha.BLUE,WIH2.2021.PHZ51,WIH2.2021,PHZ51,protein_coding,,Metallophos domain-containing protein,,217516877.0,8687.0,,,Zm00001eb298290,,,,B73 Zm00001eb.1,,,Zea mays,chr7,1298443.0,1307129.0,GO:0016787
chr7,1298443,1307129,Zm00001eb298290,1244731,6.25792107273945,Yield.t.ha.BLUE,WIH2.2021.PHZ51,WIH2.2021,PHZ51,protein_coding,,Metallophos domain-containing protein,,217516877.0,8687.0,,,Zm00001eb298290,,,,B73 Zm00001eb.1,,,Zea mays,chr7,1298443.0,1307129.0,GO:0032259
chr7,1328332,1336136,Zm00001eb298300,1244731,6.25792107273945,Yield.t.ha.BLUE,WIH2.2021.PHZ51,WIH2.2021,PHZ51,protein_coding,,Outer arm dynein light chain 1 protein,,217516948.0,7805.0,,,Zm00001eb298300,,,,B73 Zm00001eb.1,,,Zea mays,chr7,1328332.0,1336136.0,GO:0000226
chr7,1328332,1336136,Zm00001eb298300,1244731,6.25792107273945,Yield.t.ha.BLUE,WIH2.2021.PHZ51,WIH2.2021,PHZ51,protein_coding,,Outer arm dynein light chain 1 protein,,217516948.0,7805.0,,,Zm00001eb298300,,,,B73 Zm00001eb.1,,,Zea mays,chr7,1328332.0,1336136.0,GO:0004674
chr7,1328332,1336136,Zm00001eb298300,1244731,6.25792107273945,Yield.t.ha.BLUE,WIH2.2021.PHZ51,WIH2.2021,PHZ51,protein_coding,,Outer arm dynein light chain 1 protein,,217516948.0,7805.0,,,Zm00001eb298300,,,,B73 Zm00001eb.1,,,Zea mays,chr7,1328332.0,1336136.0,GO:0005737
chr7,1328332,1336136,Zm00001eb298300,1244731,6.25792107273945,Yield.t.ha.BLUE,WIH2.2021.PHZ51,WIH2.2021,PHZ51,protein_coding,,Outer arm dynein light chain 1 protein,,217516948.0,7805.0,,,Zm00001eb298300,,,,B73 Zm00001eb.1,,,Zea mays,chr7,1328332.0,1336136.0,GO:0008017
chr7,1328332,1336136,Zm00001eb298300,1244731,6.25792107273945,Yield.t.ha.BLUE,WIH2.2021.PHZ51,WIH2.2021,PHZ51,protein_coding,,Outer arm dynein light chain 1 protein,,217516948.0,7805.0,,,Zm00001eb298300,,,,B73 Zm00001eb.1,,,Zea mays,chr7,1328332.0,1336136.0,GO:0009819
chr7,1328332,1336136,Zm00001eb298300,1244731,6.25792107273945,Yield.t.ha.BLUE,WIH2.2021.PHZ51,WIH2.2021,PHZ51,protein_coding,,Outer arm dynein light chain 1 protein,,217516948.0,7805.0,,,Zm00001eb298300,,,,B73 Zm00001eb.1,,,Zea mays,chr7,1328332.0,1336136.0,GO:0019901
chr7,1328332,1336136,Zm00001eb298300,1244731,6.25792107273945,Yield.t.ha.BLUE,WIH2.2021.PHZ51,WIH2.2021,PHZ51,protein_coding,,Outer arm dynein light chain 1 protein,,217516948.0,7805.0,,,Zm00001eb298300,,,,B73 Zm00001eb.1,,,Zea mays,chr7,1328332.0,1336136.0,GO:0045926
chr7,1328332,1336136,Zm00001eb298300,1244731,6.25792107273945,Yield.t.ha.BLUE,WIH2.2021.PHZ51,WIH2.2021,PHZ51,protein_coding,,Outer arm dynein light chain 1 protein,,217516948.0,7805.0,,,Zm00001eb298300,,,,B73 Zm00001eb.1,,,Zea mays,chr7,1328332.0,1336136.0,GO:0046777
chr7,1328332,1336136,Zm00001eb298300,1244731,6.25792107273945,Yield.t.ha.BLUE,WIH2.2021.PHZ51,WIH2.2021,PHZ51,protein_coding,,Outer arm dynein light chain 1 protein,,217516948.0,7805.0,,,Zm00001eb298300,,,,B73 Zm00001eb.1,,,Zea mays,chr7,1328332.0,1336136.0,GO:0099738
chr7,1336143,1339809,Zm00001eb298310,1244731,6.25792107273945,Yield.t.ha.BLUE,WIH2.2021.PHZ51,WIH2.2021,PHZ51,protein_coding,,Sugar carrier protein C,,217516975.0,3667.0,,,Zm00001eb298310,,,,B73 Zm00001eb.1,,,Zea mays,chr7,1336143.0,1339809.0,GO:0005886
chr7,1336143,1339809,Zm00001eb298310,1244731,6.25792107273945,Yield.t.ha.BLUE,WIH2.2021.PHZ51,WIH2.2021,PHZ51,protein_coding,,Sugar carrier protein C,,217516975.0,3667.0,,,Zm00001eb298310,,,,B73 Zm00001eb.1,,,Zea mays,chr7,1336143.0,1339809.0,GO:0015145
chr7,1336143,1339809,Zm00001eb298310,1244731,6.25792107273945,Yield.t.ha.BLUE,WIH2.2021.PHZ51,WIH2.2021,PHZ51,protein_coding,,Sugar carrier protein C,,217516975.0,3667.0,,,Zm00001eb298310,,,,B73 Zm00001eb.1,,,Zea mays,chr7,1336143.0,1339809.0,GO:0015293
chr7,1336143,1339809,Zm00001eb298310,1244731,6.25792107273945,Yield.t.ha.BLUE,WIH2.2021.PHZ51,WIH2.2021,PHZ51,protein_coding,,Sugar carrier protein C,,217516975.0,3667.0,,,Zm00001eb298310,,,,B73 Zm00001eb.1,,,Zea mays,chr7,1336143.0,1339809.0,GO:0015749
chr7,1336143,1339809,Zm00001eb298310,1244731,6.25792107273945,Yield.t.ha.BLUE,WIH2.2021.PHZ51,WIH2.2021,PHZ51,protein_coding,,Sugar carrier protein C,,217516975.0,3667.0,,,Zm00001eb298310,,,,B73 Zm00001eb.1,,,Zea mays,chr7,1336143.0,1339809.0,GO:0016021
chr3,163751678,163755423,Zm00001eb143390,163767880,10.0145916700668,DTA.BLUE,WIH3.2020.PHP02,WIH3.2020,PHP02,protein_coding,,X-ray induced transcript 1,,216718856.0,3746.0,,,Zm00001eb143390,,,,B73 Zm00001eb.1,,,Zea mays,chr3,163751678.0,163755423.0,GO:0005515
chr3,163751678,163755423,Zm00001eb143390,163767880,10.0145916700668,DTA.BLUE,WIH3.2020.PHP02,WIH3.2020,PHP02,protein_coding,,X-ray induced transcript 1,,216718856.0,3746.0,,,Zm00001eb143390,,,,B73 Zm00001eb.1,,,Zea mays,chr3,163751678.0,163755423.0,GO:0005634
chr3,163751678,163755423,Zm00001eb143390,163767880,10.0145916700668,DTA.BLUE,WIH3.2020.PHP02,WIH3.2020,PHP02,protein_coding,,X-ray induced transcript 1,,216718856.0,3746.0,,,Zm00001eb143390,,,,B73 Zm00001eb.1,,,Zea mays,chr3,163751678.0,163755423.0,GO:0005886
chr3,163751678,163755423,Zm00001eb143390,163767880,10.0145916700668,DTA.BLUE,WIH3.2020.PHP02,WIH3.2020,PHP02,protein_coding,,X-ray induced transcript 1,,216718856.0,3746.0,,,Zm00001eb143390,,,,B73 Zm00001eb.1,,,Zea mays,chr3,163751678.0,163755423.0,GO:0006281
chr3,163751678,163755423,Zm00001eb143390,163767880,10.0145916700668,DTA.BLUE,WIH3.2020.PHP02,WIH3.2020,PHP02,protein_coding,,X-ray induced transcript 1,,216718856.0,3746.0,,,Zm00001eb143390,,,,B73 Zm00001eb.1,,,Zea mays,chr3,163751678.0,163755423.0,GO:0007140
chr3,163751678,163755423,Zm00001eb143390,163767880,10.0145916700668,DTA.BLUE,WIH3.2020.PHP02,WIH3.2020,PHP02,protein_coding,,X-ray induced transcript 1,,216718856.0,3746.0,,,Zm00001eb143390,,,,B73 Zm00001eb.1,,,Zea mays,chr3,163751678.0,163755423.0,GO:0007143
chr3,163751678,163755423,Zm00001eb143390,163767880,10.0145916700668,DTA.BLUE,WIH3.2020.PHP02,WIH3.2020,PHP02,protein_coding,,X-ray induced transcript 1,,216718856.0,3746.0,,,Zm00001eb143390,,,,B73 Zm00001eb.1,,,Zea mays,chr3,163751678.0,163755423.0,GO:0009555
chr3,163751678,163755423,Zm00001eb143390,163767880,10.0145916700668,DTA.BLUE,WIH3.2020.PHP02,WIH3.2020,PHP02,protein_coding,,X-ray induced transcript 1,,216718856.0,3746.0,,,Zm00001eb143390,,,,B73 Zm00001eb.1,,,Zea mays,chr3,163751678.0,163755423.0,GO:0010165
chr3,163751678,163755423,Zm00001eb143390,163767880,10.0145916700668,DTA.BLUE,WIH3.2020.PHP02,WIH3.2020,PHP02,protein_coding,,X-ray induced transcript 1,,216718856.0,3746.0,,,Zm00001eb143390,,,,B73 Zm00001eb.1,,,Zea mays,chr3,163751678.0,163755423.0,GO:0016021
chr3,163758262,163759773,Zm00001eb143400,163767880,10.0145916700668,DTA.BLUE,WIH3.2020.PHP02,WIH3.2020,PHP02,protein_coding,,E3 ubiquitin-protein ligase LUL4,,216719063.0,1512.0,,,Zm00001eb143400,,,,B73 Zm00001eb.1,,,Zea mays,chr3,163758262.0,163759773.0,GO:0044238
chr3,163758262,163759773,Zm00001eb143400,163767880,10.0145916700668,DTA.BLUE,WIH3.2020.PHP02,WIH3.2020,PHP02,protein_coding,,E3 ubiquitin-protein ligase LUL4,,216719063.0,1512.0,,,Zm00001eb143400,,,,B73 Zm00001eb.1,,,Zea mays,chr3,163758262.0,163759773.0,GO:0044260
chr3,163766555,163767885,Zm00001eb143410,163767880,10.0145916700668,DTA.BLUE,WIH3.2020.PHP02,WIH3.2020,PHP02,,,,,,,,,,,,,,,,,,,,
chr3,163772614,163780073,Zm00001eb143420,163767880,10.0145916700668,DTA.BLUE,WIH3.2020.PHP02,WIH3.2020,PHP02,protein_coding,,Leucine-rich repeat receptor protein kinase EMS1,,216719089.0,7460.0,,,Zm00001eb143420,,,,B73 Zm00001eb.1,,,Zea mays,chr3,163772614.0,163780073.0,GO:0004672
chr3,163772614,163780073,Zm00001eb143420,163767880,10.0145916700668,DTA.BLUE,WIH3.2020.PHP02,WIH3.2020,PHP02,protein_coding,,Leucine-rich repeat receptor protein kinase EMS1,,216719089.0,7460.0,,,Zm00001eb143420,,,,B73 Zm00001eb.1,,,Zea mays,chr3,163772614.0,163780073.0,GO:0004888
chr3,163772614,163780073,Zm00001eb143420,163767880,10.0145916700668,DTA.BLUE,WIH3.2020.PHP02,WIH3.2020,PHP02,protein_coding,,Leucine-rich repeat receptor protein kinase EMS1,,216719089.0,7460.0,,,Zm00001eb143420,,,,B73 Zm00001eb.1,,,Zea mays,chr3,163772614.0,163780073.0,GO:0005524
chr3,163772614,163780073,Zm00001eb143420,163767880,10.0145916700668,DTA.BLUE,WIH3.2020.PHP02,WIH3.2020,PHP02,protein_coding,,Leucine-rich repeat receptor protein kinase EMS1,,216719089.0,7460.0,,,Zm00001eb143420,,,,B73 Zm00001eb.1,,,Zea mays,chr3,163772614.0,163780073.0,GO:0005886
chr3,163772614,163780073,Zm00001eb143420,163767880,10.0145916700668,DTA.BLUE,WIH3.2020.PHP02,WIH3.2020,PHP02,protein_coding,,Leucine-rich repeat receptor protein kinase EMS1,,216719089.0,7460.0,,,Zm00001eb143420,,,,B73 Zm00001eb.1,,,Zea mays,chr3,163772614.0,163780073.0,GO:0006468
chr3,163772614,163780073,Zm00001eb143420,163767880,10.0145916700668,DTA.BLUE,WIH3.2020.PHP02,WIH3.2020,PHP02,protein_coding,,Leucine-rich repeat receptor protein kinase EMS1,,216719089.0,7460.0,,,Zm00001eb143420,,,,B73 Zm00001eb.1,,,Zea mays,chr3,163772614.0,163780073.0,GO:0009554
chr3,163772614,163780073,Zm00001eb143420,163767880,10.0145916700668,DTA.BLUE,WIH3.2020.PHP02,WIH3.2020,PHP02,protein_coding,,Leucine-rich repeat receptor protein kinase EMS1,,216719089.0,7460.0,,,Zm00001eb143420,,,,B73 Zm00001eb.1,,,Zea mays,chr3,163772614.0,163780073.0,GO:0009556
chr3,163772614,163780073,Zm00001eb143420,163767880,10.0145916700668,DTA.BLUE,WIH3.2020.PHP02,WIH3.2020,PHP02,protein_coding,,Leucine-rich repeat receptor protein kinase EMS1,,216719089.0,7460.0,,,Zm00001eb143420,,,,B73 Zm00001eb.1,,,Zea mays,chr3,163772614.0,163780073.0,GO:0016021
chr3,163772614,163780073,Zm00001eb143420,163767880,10.0145916700668,DTA.BLUE,WIH3.2020.PHP02,WIH3.2020,PHP02,protein_coding,,Leucine-rich repeat receptor protein kinase EMS1,,216719089.0,7460.0,,,Zm00001eb143420,,,,B73 Zm00001eb.1,,,Zea mays,chr3,163772614.0,163780073.0,GO:0018212
chr3,163772614,163780073,Zm00001eb143420,163767880,10.0145916700668,DTA.BLUE,WIH3.2020.PHP02,WIH3.2020,PHP02,protein_coding,,Leucine-rich repeat receptor protein kinase EMS1,,216719089.0,7460.0,,,Zm00001eb143420,,,,B73 Zm00001eb.1,,,Zea mays,chr3,163772614.0,163780073.0,GO:0033612
chr3,163772614,163780073,Zm00001eb143420,163767880,10.0145916700668,DTA.BLUE,WIH3.2020.PHP02,WIH3.2020,PHP02,protein_coding,,Leucine-rich repeat receptor protein kinase EMS1,,216719089.0,7460.0,,,Zm00001eb143420,,,,B73 Zm00001eb.1,,,Zea mays,chr3,163772614.0,163780073.0,GO:0048658
chr3,163836589,163842546,Zm00001eb143430,163767880,10.0145916700668,DTA.BLUE,WIH3.2020.PHP02,WIH3.2020,PHP02,protein_coding,,Zinc finger CCCH domain-containing protein 33,,216719155.0,5958.0,,,Zm00001eb143430,,,,B73 Zm00001eb.1,,,Zea mays,chr3,163836589.0,163842546.0,GO:0003677
chr3,163836589,163842546,Zm00001eb143430,163767880,10.0145916700668,DTA.BLUE,WIH3.2020.PHP02,WIH3.2020,PHP02,protein_coding,,Zinc finger CCCH domain-containing protein 33,,216719155.0,5958.0,,,Zm00001eb143430,,,,B73 Zm00001eb.1,,,Zea mays,chr3,163836589.0,163842546.0,GO:0003729
chr3,163836589,163842546,Zm00001eb143430,163767880,10.0145916700668,DTA.BLUE,WIH3.2020.PHP02,WIH3.2020,PHP02,protein_coding,,Zinc finger CCCH domain-containing protein 33,,216719155.0,5958.0,,,Zm00001eb143430,,,,B73 Zm00001eb.1,,,Zea mays,chr3,163836589.0,163842546.0,GO:0005634
chr3,163836589,163842546,Zm00001eb143430,163767880,10.0145916700668,DTA.BLUE,WIH3.2020.PHP02,WIH3.2020,PHP02,protein_coding,,Zinc finger CCCH domain-containing protein 33,,216719155.0,5958.0,,,Zm00001eb143430,,,,B73 Zm00001eb.1,,,Zea mays,chr3,163836589.0,163842546.0,GO:0016021
chr3,163836589,163842546,Zm00001eb143430,163767880,10.0145916700668,DTA.BLUE,WIH3.2020.PHP02,WIH3.2020,PHP02,protein_coding,,Zinc finger CCCH domain-containing protein 33,,216719155.0,5958.0,,,Zm00001eb143430,,,,B73 Zm00001eb.1,,,Zea mays,chr3,163836589.0,163842546.0,GO:0046872
chr3,163843335,163843781,Zm00001eb143440,163767880,10.0145916700668,DTA.BLUE,WIH3.2020.PHP02,WIH3.2020,PHP02,,,,,,,,,,,,,,,,,,,,
chr2,157594081,157607319,Zm00001eb094200,157677505,6.27592517867675,DTS.BLUE,WIH3.2020.PHP02,WIH3.2020,PHP02,protein_coding,,Cysteine-rich receptor-like protein kinase 40,,216471950.0,13239.0,,,Zm00001eb094200,,,,B73 Zm00001eb.1,,,Zea mays,chr2,157594081.0,157607319.0,GO:0004672
chr2,157594081,157607319,Zm00001eb094200,157677505,6.27592517867675,DTS.BLUE,WIH3.2020.PHP02,WIH3.2020,PHP02,protein_coding,,Cysteine-rich receptor-like protein kinase 40,,216471950.0,13239.0,,,Zm00001eb094200,,,,B73 Zm00001eb.1,,,Zea mays,chr2,157594081.0,157607319.0,GO:0004888
chr2,157594081,157607319,Zm00001eb094200,157677505,6.27592517867675,DTS.BLUE,WIH3.2020.PHP02,WIH3.2020,PHP02,protein_coding,,Cysteine-rich receptor-like protein kinase 40,,216471950.0,13239.0,,,Zm00001eb094200,,,,B73 Zm00001eb.1,,,Zea mays,chr2,157594081.0,157607319.0,GO:0005524
chr2,157594081,157607319,Zm00001eb094200,157677505,6.27592517867675,DTS.BLUE,WIH3.2020.PHP02,WIH3.2020,PHP02,protein_coding,,Cysteine-rich receptor-like protein kinase 40,,216471950.0,13239.0,,,Zm00001eb094200,,,,B73 Zm00001eb.1,,,Zea mays,chr2,157594081.0,157607319.0,GO:0005886
chr2,157594081,157607319,Zm00001eb094200,157677505,6.27592517867675,DTS.BLUE,WIH3.2020.PHP02,WIH3.2020,PHP02,protein_coding,,Cysteine-rich receptor-like protein kinase 40,,216471950.0,13239.0,,,Zm00001eb094200,,,,B73 Zm00001eb.1,,,Zea mays,chr2,157594081.0,157607319.0,GO:0006468
chr2,157594081,157607319,Zm00001eb094200,157677505,6.27592517867675,DTS.BLUE,WIH3.2020.PHP02,WIH3.2020,PHP02,protein_coding,,Cysteine-rich receptor-like protein kinase 40,,216471950.0,13239.0,,,Zm00001eb094200,,,,B73 Zm00001eb.1,,,Zea mays,chr2,157594081.0,157607319.0,GO:0016021
chr2,157594081,157607319,Zm00001eb094200,157677505,6.27592517867675,DTS.BLUE,WIH3.2020.PHP02,WIH3.2020,PHP02,protein_coding,,Cysteine-rich receptor-like protein kinase 40,,216471950.0,13239.0,,,Zm00001eb094200,,,,B73 Zm00001eb.1,,,Zea mays,chr2,157594081.0,157607319.0,GO:0018212
chr2,157594081,157607319,Zm00001eb094200,157677505,6.27592517867675,DTS.BLUE,WIH3.2020.PHP02,WIH3.2020,PHP02,protein_coding,,Cysteine-rich receptor-like protein kinase 40,,216471950.0,13239.0,,,Zm00001eb094200,,,,B73 Zm00001eb.1,,,Zea mays,chr2,157594081.0,157607319.0,GO:0032440
chr2,157609302,157613624,Zm00001eb094210,157677505,6.27592517867675,DTS.BLUE,WIH3.2020.PHP02,WIH3.2020,PHP02,,,,,,,,,,,,,,,,,,,,
chr2,157667599,157673843,Zm00001eb094220,157677505,6.27592517867675,DTS.BLUE,WIH3.2020.PHP02,WIH3.2020,PHP02,protein_coding,,E1 ubiquitin-activating enzyme,,216472101.0,6245.0,,,Zm00001eb094220,,,,B73 Zm00001eb.1,,,Zea mays,chr2,157667599.0,157673843.0,GO:0004839
chr2,157667599,157673843,Zm00001eb094220,157677505,6.27592517867675,DTS.BLUE,WIH3.2020.PHP02,WIH3.2020,PHP02,protein_coding,,E1 ubiquitin-activating enzyme,,216472101.0,6245.0,,,Zm00001eb094220,,,,B73 Zm00001eb.1,,,Zea mays,chr2,157667599.0,157673843.0,GO:0005524
chr2,157667599,157673843,Zm00001eb094220,157677505,6.27592517867675,DTS.BLUE,WIH3.2020.PHP02,WIH3.2020,PHP02,protein_coding,,E1 ubiquitin-activating enzyme,,216472101.0,6245.0,,,Zm00001eb094220,,,,B73 Zm00001eb.1,,,Zea mays,chr2,157667599.0,157673843.0,GO:0005634
chr2,157667599,157673843,Zm00001eb094220,157677505,6.27592517867675,DTS.BLUE,WIH3.2020.PHP02,WIH3.2020,PHP02,protein_coding,,E1 ubiquitin-activating enzyme,,216472101.0,6245.0,,,Zm00001eb094220,,,,B73 Zm00001eb.1,,,Zea mays,chr2,157667599.0,157673843.0,GO:0005737
chr2,157667599,157673843,Zm00001eb094220,157677505,6.27592517867675,DTS.BLUE,WIH3.2020.PHP02,WIH3.2020,PHP02,protein_coding,,E1 ubiquitin-activating enzyme,,216472101.0,6245.0,,,Zm00001eb094220,,,,B73 Zm00001eb.1,,,Zea mays,chr2,157667599.0,157673843.0,GO:0006511
chr2,157667599,157673843,Zm00001eb094220,157677505,6.27592517867675,DTS.BLUE,WIH3.2020.PHP02,WIH3.2020,PHP02,protein_coding,,E1 ubiquitin-activating enzyme,,216472101.0,6245.0,,,Zm00001eb094220,,,,B73 Zm00001eb.1,,,Zea mays,chr2,157667599.0,157673843.0,GO:0006974
chr2,157667599,157673843,Zm00001eb094220,157677505,6.27592517867675,DTS.BLUE,WIH3.2020.PHP02,WIH3.2020,PHP02,protein_coding,,E1 ubiquitin-activating enzyme,,216472101.0,6245.0,,,Zm00001eb094220,,,,B73 Zm00001eb.1,,,Zea mays,chr2,157667599.0,157673843.0,GO:0008199
chr2,157667599,157673843,Zm00001eb094220,157677505,6.27592517867675,DTS.BLUE,WIH3.2020.PHP02,WIH3.2020,PHP02,protein_coding,,E1 ubiquitin-activating enzyme,,216472101.0,6245.0,,,Zm00001eb094220,,,,B73 Zm00001eb.1,,,Zea mays,chr2,157667599.0,157673843.0,GO:0016021
chr2,157667599,157673843,Zm00001eb094220,157677505,6.27592517867675,DTS.BLUE,WIH3.2020.PHP02,WIH3.2020,PHP02,protein_coding,,E1 ubiquitin-activating enzyme,,216472101.0,6245.0,,,Zm00001eb094220,,,,B73 Zm00001eb.1,,,Zea mays,chr2,157667599.0,157673843.0,GO:0016567
chr2,157677499,157679506,Zm00001eb094230,157677505,6.27592517867675,DTS.BLUE,WIH3.2020.PHP02,WIH3.2020,PHP02,protein_coding,,Putative Myb family transcription factor,,216472132.0,2008.0,,,Zm00001eb094230,,,,B73 Zm00001eb.1,,,Zea mays,chr2,157677499.0,157679506.0,GO:0003677
chr2,157677499,157679506,Zm00001eb094230,157677505,6.27592517867675,DTS.BLUE,WIH3.2020.PHP02,WIH3.2020,PHP02,protein_coding,,Putative Myb family transcription factor,,216472132.0,2008.0,,,Zm00001eb094230,,,,B73 Zm00001eb.1,,,Zea mays,chr2,157677499.0,157679506.0,GO:0003700
chr2,157677499,157679506,Zm00001eb094230,157677505,6.27592517867675,DTS.BLUE,WIH3.2020.PHP02,WIH3.2020,PHP02,protein_coding,,Putative Myb family transcription factor,,216472132.0,2008.0,,,Zm00001eb094230,,,,B73 Zm00001eb.1,,,Zea mays,chr2,157677499.0,157679506.0,GO:0005634
chr2,157677499,157679506,Zm00001eb094230,157677505,6.27592517867675,DTS.BLUE,WIH3.2020.PHP02,WIH3.2020,PHP02,protein_coding,,Putative Myb family transcription factor,,216472132.0,2008.0,,,Zm00001eb094230,,,,B73 Zm00001eb.1,,,Zea mays,chr2,157677499.0,157679506.0,GO:0006355
chr2,157709892,157711946,Zm00001eb094240,157677505,6.27592517867675,DTS.BLUE,WIH3.2020.PHP02,WIH3.2020,PHP02,protein_coding,,Ribosome assembly factor mrt4,,216472184.0,2055.0,,,Zm00001eb094240,,,,B73 Zm00001eb.1,,,Zea mays,chr2,157709892.0,157711946.0,GO:0000027
chr2,157709892,157711946,Zm00001eb094240,157677505,6.27592517867675,DTS.BLUE,WIH3.2020.PHP02,WIH3.2020,PHP02,protein_coding,,Ribosome assembly factor mrt4,,216472184.0,2055.0,,,Zm00001eb094240,,,,B73 Zm00001eb.1,,,Zea mays,chr2,157709892.0,157711946.0,GO:0000956
chr2,157709892,157711946,Zm00001eb094240,157677505,6.27592517867675,DTS.BLUE,WIH3.2020.PHP02,WIH3.2020,PHP02,protein_coding,,Ribosome assembly factor mrt4,,216472184.0,2055.0,,,Zm00001eb094240,,,,B73 Zm00001eb.1,,,Zea mays,chr2,157709892.0,157711946.0,GO:0003735
chr2,157709892,157711946,Zm00001eb094240,157677505,6.27592517867675,DTS.BLUE,WIH3.2020.PHP02,WIH3.2020,PHP02,protein_coding,,Ribosome assembly factor mrt4,,216472184.0,2055.0,,,Zm00001eb094240,,,,B73 Zm00001eb.1,,,Zea mays,chr2,157709892.0,157711946.0,GO:0005730
chr2,157709892,157711946,Zm00001eb094240,157677505,6.27592517867675,DTS.BLUE,WIH3.2020.PHP02,WIH3.2020,PHP02,protein_coding,,Ribosome assembly factor mrt4,,216472184.0,2055.0,,,Zm00001eb094240,,,,B73 Zm00001eb.1,,,Zea mays,chr2,157709892.0,157711946.0,GO:0005737
chr2,157709892,157711946,Zm00001eb094240,157677505,6.27592517867675,DTS.BLUE,WIH3.2020.PHP02,WIH3.2020,PHP02,protein_coding,,Ribosome assembly factor mrt4,,216472184.0,2055.0,,,Zm00001eb094240,,,,B73 Zm00001eb.1,,,Zea mays,chr2,157709892.0,157711946.0,GO:0005840
chr2,157709892,157711946,Zm00001eb094240,157677505,6.27592517867675,DTS.BLUE,WIH3.2020.PHP02,WIH3.2020,PHP02,protein_coding,,Ribosome assembly factor mrt4,,216472184.0,2055.0,,,Zm00001eb094240,,,,B73 Zm00001eb.1,,,Zea mays,chr2,157709892.0,157711946.0,GO:0006364
chr2,157709892,157711946,Zm00001eb094240,157677505,6.27592517867675,DTS.BLUE,WIH3.2020.PHP02,WIH3.2020,PHP02,protein_coding,,Ribosome assembly factor mrt4,,216472184.0,2055.0,,,Zm00001eb094240,,,,B73 Zm00001eb.1,,,Zea mays,chr2,157709892.0,157711946.0,GO:0030687
chr2,157724325,157735034,Zm00001eb094250,157677505,6.27592517867675,DTS.BLUE,WIH3.2020.PHP02,WIH3.2020,PHP02,protein_coding,,Clathrin heavy chain,,216472223.0,10710.0,,,Zm00001eb094250,,,,B73 Zm00001eb.1,,LOC103654268,Zea mays,chr2,157724325.0,157735034.0,GO:0005198
chr2,157724325,157735034,Zm00001eb094250,157677505,6.27592517867675,DTS.BLUE,WIH3.2020.PHP02,WIH3.2020,PHP02,protein_coding,,Clathrin heavy chain,,216472223.0,10710.0,,,Zm00001eb094250,,,,B73 Zm00001eb.1,,LOC103654268,Zea mays,chr2,157724325.0,157735034.0,GO:0005829
chr2,157724325,157735034,Zm00001eb094250,157677505,6.27592517867675,DTS.BLUE,WIH3.2020.PHP02,WIH3.2020,PHP02,protein_coding,,Clathrin heavy chain,,216472223.0,10710.0,,,Zm00001eb094250,,,,B73 Zm00001eb.1,,LOC103654268,Zea mays,chr2,157724325.0,157735034.0,GO:0006886
chr2,157724325,157735034,Zm00001eb094250,157677505,6.27592517867675,DTS.BLUE,WIH3.2020.PHP02,WIH3.2020,PHP02,protein_coding,,Clathrin heavy chain,,216472223.0,10710.0,,,Zm00001eb094250,,,,B73 Zm00001eb.1,,LOC103654268,Zea mays,chr2,157724325.0,157735034.0,GO:0009506
chr2,157724325,157735034,Zm00001eb094250,157677505,6.27592517867675,DTS.BLUE,WIH3.2020.PHP02,WIH3.2020,PHP02,protein_coding,,Clathrin heavy chain,,216472223.0,10710.0,,,Zm00001eb094250,,,,B73 Zm00001eb.1,,LOC103654268,Zea mays,chr2,157724325.0,157735034.0,GO:0009507
chr2,157724325,157735034,Zm00001eb094250,157677505,6.27592517867675,DTS.BLUE,WIH3.2020.PHP02,WIH3.2020,PHP02,protein_coding,,Clathrin heavy chain,,216472223.0,10710.0,,,Zm00001eb094250,,,,B73 Zm00001eb.1,,LOC103654268,Zea mays,chr2,157724325.0,157735034.0,GO:0016192
chr2,157724325,157735034,Zm00001eb094250,157677505,6.27592517867675,DTS.BLUE,WIH3.2020.PHP02,WIH3.2020,PHP02,protein_coding,,Clathrin heavy chain,,216472223.0,10710.0,,,Zm00001eb094250,,,,B73 Zm00001eb.1,,LOC103654268,Zea mays,chr2,157724325.0,157735034.0,GO:0030130
chr2,157724325,157735034,Zm00001eb094250,157677505,6.27592517867675,DTS.BLUE,WIH3.2020.PHP02,WIH3.2020,PHP02,protein_coding,,Clathrin heavy chain,,216472223.0,10710.0,,,Zm00001eb094250,,,,B73 Zm00001eb.1,,LOC103654268,Zea mays,chr2,157724325.0,157735034.0,GO:0030132
chr2,157724325,157735034,Zm00001eb094250,157677505,6.27592517867675,DTS.BLUE,WIH3.2020.PHP02,WIH3.2020,PHP02,protein_coding,,Clathrin heavy chain,,216472223.0,10710.0,,,Zm00001eb094250,,,,B73 Zm00001eb.1,,LOC103654268,Zea mays,chr2,157724325.0,157735034.0,GO:0032051
chr2,157724325,157735034,Zm00001eb094250,157677505,6.27592517867675,DTS.BLUE,WIH3.2020.PHP02,WIH3.2020,PHP02,protein_coding,,Clathrin heavy chain,,216472223.0,10710.0,,,Zm00001eb094250,,,,B73 Zm00001eb.1,,LOC103654268,Zea mays,chr2,157724325.0,157735034.0,GO:0071439
chr2,157736859,157738247,Zm00001eb094260,157677505,6.27592517867675,DTS.BLUE,WIH3.2020.PHP02,WIH3.2020,PHP02,protein_coding,,,,216472588.0,1389.0,,,Zm00001eb094260,,,,B73 Zm00001eb.1,,,Zea mays,chr2,157736859.0,157738247.0,GO:0016021
chr2,157737349,157737896,Zm00001eb094270,157677505,6.27592517867675,DTS.BLUE,WIH3.2020.PHP02,WIH3.2020,PHP02,protein_coding,,PGG domain-containing protein,,216472599.0,548.0,,,Zm00001eb094270,,,,B73 Zm00001eb.1,,,Zea mays,chr2,157737349.0,157737896.0,GO:0005886
chr2,157737349,157737896,Zm00001eb094270,157677505,6.27592517867675,DTS.BLUE,WIH3.2020.PHP02,WIH3.2020,PHP02,protein_coding,,PGG domain-containing protein,,216472599.0,548.0,,,Zm00001eb094270,,,,B73 Zm00001eb.1,,,Zea mays,chr2,157737349.0,157737896.0,GO:0008157
chr2,157737349,157737896,Zm00001eb094270,157677505,6.27592517867675,DTS.BLUE,WIH3.2020.PHP02,WIH3.2020,PHP02,protein_coding,,PGG domain-containing protein,,216472599.0,548.0,,,Zm00001eb094270,,,,B73 Zm00001eb.1,,,Zea mays,chr2,157737349.0,157737896.0,GO:0016021
chr2,157737349,157737896,Zm00001eb094270,157677505,6.27592517867675,DTS.BLUE,WIH3.2020.PHP02,WIH3.2020,PHP02,protein_coding,,PGG domain-containing protein,,216472599.0,548.0,,,Zm00001eb094270,,,,B73 Zm00001eb.1,,,Zea mays,chr2,157737349.0,157737896.0,GO:0019888
chr2,157737349,157737896,Zm00001eb094270,157677505,6.27592517867675,DTS.BLUE,WIH3.2020.PHP02,WIH3.2020,PHP02,protein_coding,,PGG domain-containing protein,,216472599.0,548.0,,,Zm00001eb094270,,,,B73 Zm00001eb.1,,,Zea mays,chr2,157737349.0,157737896.0,GO:0035304
chr2,157737349,157737896,Zm00001eb094270,157677505,6.27592517867675,DTS.BLUE,WIH3.2020.PHP02,WIH3.2020,PHP02,protein_coding,,PGG domain-containing protein,,216472599.0,548.0,,,Zm00001eb094270,,,,B73 Zm00001eb.1,,,Zea mays,chr2,157737349.0,157737896.0,GO:0050790
chr3,163751678,163755423,Zm00001eb143390,163767880,9.62413291814167,DTS.BLUE,WIH3.2020.PHP02,WIH3.2020,PHP02,protein_coding,,X-ray induced transcript 1,,216718856.0,3746.0,,,Zm00001eb143390,,,,B73 Zm00001eb.1,,,Zea mays,chr3,163751678.0,163755423.0,GO:0005515
chr3,163751678,163755423,Zm00001eb143390,163767880,9.62413291814167,DTS.BLUE,WIH3.2020.PHP02,WIH3.2020,PHP02,protein_coding,,X-ray induced transcript 1,,216718856.0,3746.0,,,Zm00001eb143390,,,,B73 Zm00001eb.1,,,Zea mays,chr3,163751678.0,163755423.0,GO:0005634
chr3,163751678,163755423,Zm00001eb143390,163767880,9.62413291814167,DTS.BLUE,WIH3.2020.PHP02,WIH3.2020,PHP02,protein_coding,,X-ray induced transcript 1,,216718856.0,3746.0,,,Zm00001eb143390,,,,B73 Zm00001eb.1,,,Zea mays,chr3,163751678.0,163755423.0,GO:0005886
chr3,163751678,163755423,Zm00001eb143390,163767880,9.62413291814167,DTS.BLUE,WIH3.2020.PHP02,WIH3.2020,PHP02,protein_coding,,X-ray induced transcript 1,,216718856.0,3746.0,,,Zm00001eb143390,,,,B73 Zm00001eb.1,,,Zea mays,chr3,163751678.0,163755423.0,GO:0006281
chr3,163751678,163755423,Zm00001eb143390,163767880,9.62413291814167,DTS.BLUE,WIH3.2020.PHP02,WIH3.2020,PHP02,protein_coding,,X-ray induced transcript 1,,216718856.0,3746.0,,,Zm00001eb143390,,,,B73 Zm00001eb.1,,,Zea mays,chr3,163751678.0,163755423.0,GO:0007140
chr3,163751678,163755423,Zm00001eb143390,163767880,9.62413291814167,DTS.BLUE,WIH3.2020.PHP02,WIH3.2020,PHP02,protein_coding,,X-ray induced transcript 1,,216718856.0,3746.0,,,Zm00001eb143390,,,,B73 Zm00001eb.1,,,Zea mays,chr3,163751678.0,163755423.0,GO:0007143
chr3,163751678,163755423,Zm00001eb143390,163767880,9.62413291814167,DTS.BLUE,WIH3.2020.PHP02,WIH3.2020,PHP02,protein_coding,,X-ray induced transcript 1,,216718856.0,3746.0,,,Zm00001eb143390,,,,B73 Zm00001eb.1,,,Zea mays,chr3,163751678.0,163755423.0,GO:0009555
chr3,163751678,163755423,Zm00001eb143390,163767880,9.62413291814167,DTS.BLUE,WIH3.2020.PHP02,WIH3.2020,PHP02,protein_coding,,X-ray induced transcript 1,,216718856.0,3746.0,,,Zm00001eb143390,,,,B73 Zm00001eb.1,,,Zea mays,chr3,163751678.0,163755423.0,GO:0010165
chr3,163751678,163755423,Zm00001eb143390,163767880,9.62413291814167,DTS.BLUE,WIH3.2020.PHP02,WIH3.2020,PHP02,protein_coding,,X-ray induced transcript 1,,216718856.0,3746.0,,,Zm00001eb143390,,,,B73 Zm00001eb.1,,,Zea mays,chr3,163751678.0,163755423.0,GO:0016021
chr3,163758262,163759773,Zm00001eb143400,163767880,9.62413291814167,DTS.BLUE,WIH3.2020.PHP02,WIH3.2020,PHP02,protein_coding,,E3 ubiquitin-protein ligase LUL4,,216719063.0,1512.0,,,Zm00001eb143400,,,,B73 Zm00001eb.1,,,Zea mays,chr3,163758262.0,163759773.0,GO:0044238
chr3,163758262,163759773,Zm00001eb143400,163767880,9.62413291814167,DTS.BLUE,WIH3.2020.PHP02,WIH3.2020,PHP02,protein_coding,,E3 ubiquitin-protein ligase LUL4,,216719063.0,1512.0,,,Zm00001eb143400,,,,B73 Zm00001eb.1,,,Zea mays,chr3,163758262.0,163759773.0,GO:0044260
chr3,163766555,163767885,Zm00001eb143410,163767880,9.62413291814167,DTS.BLUE,WIH3.2020.PHP02,WIH3.2020,PHP02,,,,,,,,,,,,,,,,,,,,
chr3,163772614,163780073,Zm00001eb143420,163767880,9.62413291814167,DTS.BLUE,WIH3.2020.PHP02,WIH3.2020,PHP02,protein_coding,,Leucine-rich repeat receptor protein kinase EMS1,,216719089.0,7460.0,,,Zm00001eb143420,,,,B73 Zm00001eb.1,,,Zea mays,chr3,163772614.0,163780073.0,GO:0004672
chr3,163772614,163780073,Zm00001eb143420,163767880,9.62413291814167,DTS.BLUE,WIH3.2020.PHP02,WIH3.2020,PHP02,protein_coding,,Leucine-rich repeat receptor protein kinase EMS1,,216719089.0,7460.0,,,Zm00001eb143420,,,,B73 Zm00001eb.1,,,Zea mays,chr3,163772614.0,163780073.0,GO:0004888
chr3,163772614,163780073,Zm00001eb143420,163767880,9.62413291814167,DTS.BLUE,WIH3.2020.PHP02,WIH3.2020,PHP02,protein_coding,,Leucine-rich repeat receptor protein kinase EMS1,,216719089.0,7460.0,,,Zm00001eb143420,,,,B73 Zm00001eb.1,,,Zea mays,chr3,163772614.0,163780073.0,GO:0005524
chr3,163772614,163780073,Zm00001eb143420,163767880,9.62413291814167,DTS.BLUE,WIH3.2020.PHP02,WIH3.2020,PHP02,protein_coding,,Leucine-rich repeat receptor protein kinase EMS1,,216719089.0,7460.0,,,Zm00001eb143420,,,,B73 Zm00001eb.1,,,Zea mays,chr3,163772614.0,163780073.0,GO:0005886
chr3,163772614,163780073,Zm00001eb143420,163767880,9.62413291814167,DTS.BLUE,WIH3.2020.PHP02,WIH3.2020,PHP02,protein_coding,,Leucine-rich repeat receptor protein kinase EMS1,,216719089.0,7460.0,,,Zm00001eb143420,,,,B73 Zm00001eb.1,,,Zea mays,chr3,163772614.0,163780073.0,GO:0006468
chr3,163772614,163780073,Zm00001eb143420,163767880,9.62413291814167,DTS.BLUE,WIH3.2020.PHP02,WIH3.2020,PHP02,protein_coding,,Leucine-rich repeat receptor protein kinase EMS1,,216719089.0,7460.0,,,Zm00001eb143420,,,,B73 Zm00001eb.1,,,Zea mays,chr3,163772614.0,163780073.0,GO:0009554
chr3,163772614,163780073,Zm00001eb143420,163767880,9.62413291814167,DTS.BLUE,WIH3.2020.PHP02,WIH3.2020,PHP02,protein_coding,,Leucine-rich repeat receptor protein kinase EMS1,,216719089.0,7460.0,,,Zm00001eb143420,,,,B73 Zm00001eb.1,,,Zea mays,chr3,163772614.0,163780073.0,GO:0009556
chr3,163772614,163780073,Zm00001eb143420,163767880,9.62413291814167,DTS.BLUE,WIH3.2020.PHP02,WIH3.2020,PHP02,protein_coding,,Leucine-rich repeat receptor protein kinase EMS1,,216719089.0,7460.0,,,Zm00001eb143420,,,,B73 Zm00001eb.1,,,Zea mays,chr3,163772614.0,163780073.0,GO:0016021
chr3,163772614,163780073,Zm00001eb143420,163767880,9.62413291814167,DTS.BLUE,WIH3.2020.PHP02,WIH3.2020,PHP02,protein_coding,,Leucine-rich repeat receptor protein kinase EMS1,,216719089.0,7460.0,,,Zm00001eb143420,,,,B73 Zm00001eb.1,,,Zea mays,chr3,163772614.0,163780073.0,GO:0018212
chr3,163772614,163780073,Zm00001eb143420,163767880,9.62413291814167,DTS.BLUE,WIH3.2020.PHP02,WIH3.2020,PHP02,protein_coding,,Leucine-rich repeat receptor protein kinase EMS1,,216719089.0,7460.0,,,Zm00001eb143420,,,,B73 Zm00001eb.1,,,Zea mays,chr3,163772614.0,163780073.0,GO:0033612
chr3,163772614,163780073,Zm00001eb143420,163767880,9.62413291814167,DTS.BLUE,WIH3.2020.PHP02,WIH3.2020,PHP02,protein_coding,,Leucine-rich repeat receptor protein kinase EMS1,,216719089.0,7460.0,,,Zm00001eb143420,,,,B73 Zm00001eb.1,,,Zea mays,chr3,163772614.0,163780073.0,GO:0048658
chr3,163836589,163842546,Zm00001eb143430,163767880,9.62413291814167,DTS.BLUE,WIH3.2020.PHP02,WIH3.2020,PHP02,protein_coding,,Zinc finger CCCH domain-containing protein 33,,216719155.0,5958.0,,,Zm00001eb143430,,,,B73 Zm00001eb.1,,,Zea mays,chr3,163836589.0,163842546.0,GO:0003677
chr3,163836589,163842546,Zm00001eb143430,163767880,9.62413291814167,DTS.BLUE,WIH3.2020.PHP02,WIH3.2020,PHP02,protein_coding,,Zinc finger CCCH domain-containing protein 33,,216719155.0,5958.0,,,Zm00001eb143430,,,,B73 Zm00001eb.1,,,Zea mays,chr3,163836589.0,163842546.0,GO:0003729
chr3,163836589,163842546,Zm00001eb143430,163767880,9.62413291814167,DTS.BLUE,WIH3.2020.PHP02,WIH3.2020,PHP02,protein_coding,,Zinc finger CCCH domain-containing protein 33,,216719155.0,5958.0,,,Zm00001eb143430,,,,B73 Zm00001eb.1,,,Zea mays,chr3,163836589.0,163842546.0,GO:0005634
chr3,163836589,163842546,Zm00001eb143430,163767880,9.62413291814167,DTS.BLUE,WIH3.2020.PHP02,WIH3.2020,PHP02,protein_coding,,Zinc finger CCCH domain-containing protein 33,,216719155.0,5958.0,,,Zm00001eb143430,,,,B73 Zm00001eb.1,,,Zea mays,chr3,163836589.0,163842546.0,GO:0016021
chr3,163836589,163842546,Zm00001eb143430,163767880,9.62413291814167,DTS.BLUE,WIH3.2020.PHP02,WIH3.2020,PHP02,protein_coding,,Zinc finger CCCH domain-containing protein 33,,216719155.0,5958.0,,,Zm00001eb143430,,,,B73 Zm00001eb.1,,,Zea mays,chr3,163836589.0,163842546.0,GO:0046872
chr3,163843335,163843781,Zm00001eb143440,163767880,9.62413291814167,DTS.BLUE,WIH3.2020.PHP02,WIH3.2020,PHP02,,,,,,,,,,,,,,,,,,,,
chr3,181147966,181149907,Zm00001eb146960,181243397,6.46507686311005,DTA.BLUE,WIH3.2021.PHP02,WIH3.2021,PHP02,protein_coding,,Transcription repressor,,216740206.0,1942.0,,,Zm00001eb146960,,,,B73 Zm00001eb.1,,,Zea mays,chr3,181147966.0,181149907.0,GO:0005634
chr3,181147966,181149907,Zm00001eb146960,181243397,6.46507686311005,DTA.BLUE,WIH3.2021.PHP02,WIH3.2021,PHP02,protein_coding,,Transcription repressor,,216740206.0,1942.0,,,Zm00001eb146960,,,,B73 Zm00001eb.1,,,Zea mays,chr3,181147966.0,181149907.0,GO:0045892
chr3,181159495,181167668,Zm00001eb146970,181243397,6.46507686311005,DTA.BLUE,WIH3.2021.PHP02,WIH3.2021,PHP02,protein_coding,,Period circadian protein-like,,216740234.0,8174.0,,,Zm00001eb146970,,,,B73 Zm00001eb.1,,,Zea mays,chr3,181159495.0,181167668.0,GO:0003677
chr3,181167755,181168131,Zm00001eb146980,181243397,6.46507686311005,DTA.BLUE,WIH3.2021.PHP02,WIH3.2021,PHP02,protein_coding,,PAM2 domain-containing protein,,216740255.0,377.0,,,Zm00001eb146980,,,,B73 Zm00001eb.1,,,Zea mays,chr3,181167755.0,181168131.0,GO:0003723
chr3,181215611,181225995,Zm00001eb146990,181243397,6.46507686311005,DTA.BLUE,WIH3.2021.PHP02,WIH3.2021,PHP02,,,,,,,,,,,,,,,,,,,,
chr3,181224798,181225741,Zm00001eb147000,181243397,6.46507686311005,DTA.BLUE,WIH3.2021.PHP02,WIH3.2021,PHP02,,,,,,,,,,,,,,,,,,,,
chr3,181227276,181228749,Zm00001eb147010,181243397,6.46507686311005,DTA.BLUE,WIH3.2021.PHP02,WIH3.2021,PHP02,protein_coding,,Transcription factor DIVARICATA,,216740288.0,1474.0,,,Zm00001eb147010,,,,B73 Zm00001eb.1,,,Zea mays,chr3,181227276.0,181228749.0,GO:0003677
chr3,181227276,181228749,Zm00001eb147010,181243397,6.46507686311005,DTA.BLUE,WIH3.2021.PHP02,WIH3.2021,PHP02,protein_coding,,Transcription factor DIVARICATA,,216740288.0,1474.0,,,Zm00001eb147010,,,,B73 Zm00001eb.1,,,Zea mays,chr3,181227276.0,181228749.0,GO:0005634
chr3,181242221,181244205,Zm00001eb147020,181243397,6.46507686311005,DTA.BLUE,WIH3.2021.PHP02,WIH3.2021,PHP02,,,,,,,,,,,,,,,,,,,,
chr3,181249576,181251543,Zm00001eb147030,181243397,6.46507686311005,DTA.BLUE,WIH3.2021.PHP02,WIH3.2021,PHP02,protein_coding,,NAC domain-containing protein,,216740355.0,1968.0,,,Zm00001eb147030,,,,B73 Zm00001eb.1,,,Zea mays,chr3,181249576.0,181251543.0,GO:0003677
chr3,181249576,181251543,Zm00001eb147030,181243397,6.46507686311005,DTA.BLUE,WIH3.2021.PHP02,WIH3.2021,PHP02,protein_coding,,NAC domain-containing protein,,216740355.0,1968.0,,,Zm00001eb147030,,,,B73 Zm00001eb.1,,,Zea mays,chr3,181249576.0,181251543.0,GO:0006355
chr3,181249576,181251543,Zm00001eb147030,181243397,6.46507686311005,DTA.BLUE,WIH3.2021.PHP02,WIH3.2021,PHP02,protein_coding,,NAC domain-containing protein,,216740355.0,1968.0,,,Zm00001eb147030,,,,B73 Zm00001eb.1,,,Zea mays,chr3,181249576.0,181251543.0,GO:0006898
chr3,181249576,181251543,Zm00001eb147030,181243397,6.46507686311005,DTA.BLUE,WIH3.2021.PHP02,WIH3.2021,PHP02,protein_coding,,NAC domain-containing protein,,216740355.0,1968.0,,,Zm00001eb147030,,,,B73 Zm00001eb.1,,,Zea mays,chr3,181249576.0,181251543.0,GO:0010008
chr3,181308683,181309890,Zm00001eb147040,181243397,6.46507686311005,DTA.BLUE,WIH3.2021.PHP02,WIH3.2021,PHP02,protein_coding,,Senescence regulator,,216740374.0,1208.0,,,Zm00001eb147040,,,,B73 Zm00001eb.1,,,Zea mays,chr3,181308683.0,181309890.0,GO:0016301
chr3,181308683,181309890,Zm00001eb147040,181243397,6.46507686311005,DTA.BLUE,WIH3.2021.PHP02,WIH3.2021,PHP02,protein_coding,,Senescence regulator,,216740374.0,1208.0,,,Zm00001eb147040,,,,B73 Zm00001eb.1,,,Zea mays,chr3,181308683.0,181309890.0,GO:0016310
chr3,181309993,181314212,Zm00001eb147050,181243397,6.46507686311005,DTA.BLUE,WIH3.2021.PHP02,WIH3.2021,PHP02,protein_coding,,Sorting nexin 1,,216740385.0,4220.0,,,Zm00001eb147050,,,,B73 Zm00001eb.1,,,Zea mays,chr3,181309993.0,181314212.0,GO:0005768
chr3,181309993,181314212,Zm00001eb147050,181243397,6.46507686311005,DTA.BLUE,WIH3.2021.PHP02,WIH3.2021,PHP02,protein_coding,,Sorting nexin 1,,216740385.0,4220.0,,,Zm00001eb147050,,,,B73 Zm00001eb.1,,,Zea mays,chr3,181309993.0,181314212.0,GO:0005771
chr3,181309993,181314212,Zm00001eb147050,181243397,6.46507686311005,DTA.BLUE,WIH3.2021.PHP02,WIH3.2021,PHP02,protein_coding,,Sorting nexin 1,,216740385.0,4220.0,,,Zm00001eb147050,,,,B73 Zm00001eb.1,,,Zea mays,chr3,181309993.0,181314212.0,GO:0005829
chr3,181309993,181314212,Zm00001eb147050,181243397,6.46507686311005,DTA.BLUE,WIH3.2021.PHP02,WIH3.2021,PHP02,protein_coding,,Sorting nexin 1,,216740385.0,4220.0,,,Zm00001eb147050,,,,B73 Zm00001eb.1,,,Zea mays,chr3,181309993.0,181314212.0,GO:0006623
chr3,181309993,181314212,Zm00001eb147050,181243397,6.46507686311005,DTA.BLUE,WIH3.2021.PHP02,WIH3.2021,PHP02,protein_coding,,Sorting nexin 1,,216740385.0,4220.0,,,Zm00001eb147050,,,,B73 Zm00001eb.1,,,Zea mays,chr3,181309993.0,181314212.0,GO:0006896
chr3,181309993,181314212,Zm00001eb147050,181243397,6.46507686311005,DTA.BLUE,WIH3.2021.PHP02,WIH3.2021,PHP02,protein_coding,,Sorting nexin 1,,216740385.0,4220.0,,,Zm00001eb147050,,,,B73 Zm00001eb.1,,,Zea mays,chr3,181309993.0,181314212.0,GO:0009958
chr3,181309993,181314212,Zm00001eb147050,181243397,6.46507686311005,DTA.BLUE,WIH3.2021.PHP02,WIH3.2021,PHP02,protein_coding,,Sorting nexin 1,,216740385.0,4220.0,,,Zm00001eb147050,,,,B73 Zm00001eb.1,,,Zea mays,chr3,181309993.0,181314212.0,GO:0010252
chr3,181309993,181314212,Zm00001eb147050,181243397,6.46507686311005,DTA.BLUE,WIH3.2021.PHP02,WIH3.2021,PHP02,protein_coding,,Sorting nexin 1,,216740385.0,4220.0,,,Zm00001eb147050,,,,B73 Zm00001eb.1,,,Zea mays,chr3,181309993.0,181314212.0,GO:0016020
chr3,181309993,181314212,Zm00001eb147050,181243397,6.46507686311005,DTA.BLUE,WIH3.2021.PHP02,WIH3.2021,PHP02,protein_coding,,Sorting nexin 1,,216740385.0,4220.0,,,Zm00001eb147050,,,,B73 Zm00001eb.1,,,Zea mays,chr3,181309993.0,181314212.0,GO:0030904
chr3,181309993,181314212,Zm00001eb147050,181243397,6.46507686311005,DTA.BLUE,WIH3.2021.PHP02,WIH3.2021,PHP02,protein_coding,,Sorting nexin 1,,216740385.0,4220.0,,,Zm00001eb147050,,,,B73 Zm00001eb.1,,,Zea mays,chr3,181309993.0,181314212.0,GO:0035091
chr3,181309993,181314212,Zm00001eb147050,181243397,6.46507686311005,DTA.BLUE,WIH3.2021.PHP02,WIH3.2021,PHP02,protein_coding,,Sorting nexin 1,,216740385.0,4220.0,,,Zm00001eb147050,,,,B73 Zm00001eb.1,,,Zea mays,chr3,181309993.0,181314212.0,GO:0048364
chr3,181326084,181328999,Zm00001eb147060,181243397,6.46507686311005,DTA.BLUE,WIH3.2021.PHP02,WIH3.2021,PHP02,protein_coding,,AB hydrolase-1 domain-containing protein,,216740534.0,2916.0,,,Zm00001eb147060,,,,B73 Zm00001eb.1,,,Zea mays,chr3,181326084.0,181328999.0,GO:0003735
chr3,181326084,181328999,Zm00001eb147060,181243397,6.46507686311005,DTA.BLUE,WIH3.2021.PHP02,WIH3.2021,PHP02,protein_coding,,AB hydrolase-1 domain-containing protein,,216740534.0,2916.0,,,Zm00001eb147060,,,,B73 Zm00001eb.1,,,Zea mays,chr3,181326084.0,181328999.0,GO:0005524
chr3,181326084,181328999,Zm00001eb147060,181243397,6.46507686311005,DTA.BLUE,WIH3.2021.PHP02,WIH3.2021,PHP02,protein_coding,,AB hydrolase-1 domain-containing protein,,216740534.0,2916.0,,,Zm00001eb147060,,,,B73 Zm00001eb.1,,,Zea mays,chr3,181326084.0,181328999.0,GO:0005634
chr3,181326084,181328999,Zm00001eb147060,181243397,6.46507686311005,DTA.BLUE,WIH3.2021.PHP02,WIH3.2021,PHP02,protein_coding,,AB hydrolase-1 domain-containing protein,,216740534.0,2916.0,,,Zm00001eb147060,,,,B73 Zm00001eb.1,,,Zea mays,chr3,181326084.0,181328999.0,GO:0005739
chr3,181326084,181328999,Zm00001eb147060,181243397,6.46507686311005,DTA.BLUE,WIH3.2021.PHP02,WIH3.2021,PHP02,protein_coding,,AB hydrolase-1 domain-containing protein,,216740534.0,2916.0,,,Zm00001eb147060,,,,B73 Zm00001eb.1,,,Zea mays,chr3,181326084.0,181328999.0,GO:0005840
chr3,181326084,181328999,Zm00001eb147060,181243397,6.46507686311005,DTA.BLUE,WIH3.2021.PHP02,WIH3.2021,PHP02,protein_coding,,AB hydrolase-1 domain-containing protein,,216740534.0,2916.0,,,Zm00001eb147060,,,,B73 Zm00001eb.1,,,Zea mays,chr3,181326084.0,181328999.0,GO:0006412
chr3,181326084,181328999,Zm00001eb147060,181243397,6.46507686311005,DTA.BLUE,WIH3.2021.PHP02,WIH3.2021,PHP02,protein_coding,,AB hydrolase-1 domain-containing protein,,216740534.0,2916.0,,,Zm00001eb147060,,,,B73 Zm00001eb.1,,,Zea mays,chr3,181326084.0,181328999.0,GO:0009820
chr3,181326084,181328999,Zm00001eb147060,181243397,6.46507686311005,DTA.BLUE,WIH3.2021.PHP02,WIH3.2021,PHP02,protein_coding,,AB hydrolase-1 domain-containing protein,,216740534.0,2916.0,,,Zm00001eb147060,,,,B73 Zm00001eb.1,,,Zea mays,chr3,181326084.0,181328999.0,GO:0016787
chr3,181327369,181328064,Zm00001eb147070,181243397,6.46507686311005,DTA.BLUE,WIH3.2021.PHP02,WIH3.2021,PHP02,,,,,,,,,,,,,,,,,,,,
chr3,181332540,181336582,Zm00001eb147080,181243397,6.46507686311005,DTA.BLUE,WIH3.2021.PHP02,WIH3.2021,PHP02,protein_coding,,Hemerythrin domain-containing protein,,216740599.0,4043.0,,,Zm00001eb147080,,,,B73 Zm00001eb.1,,,Zea mays,chr3,181332540.0,181336582.0,GO:0055072
