"Domain","Vegetation.Index","FPC","FPC_ID","Env","N","N_complete","Cor","Status"
"DAP","BCC","FPC1","FPC1_BCC","DEH1.2020",1142,1142,-0.304625850715137,"ok"
"DAP","BCC","FPC1","FPC1_BCC","IAH4.2021",1128,1128,0.00987963352743908,"ok"
"DAP","BCC","FPC1","FPC1_BCC","MIH1.2020",414,414,-0.181137283739793,"ok"
"DAP","BCC","FPC1","FPC1_BCC","MNH1.2020",395,395,0.264221670418212,"ok"
"DAP","BCC","FPC1","FPC1_BCC","MNH1.2021",415,415,0.106990241946218,"ok"
"DAP","BCC","FPC1","FPC1_BCC","MOH1.2020",1006,1006,0.280919948205711,"ok"
"DAP","BCC","FPC1","FPC1_BCC","NEH1.2021",246,246,0.0756715515392844,"ok"
"DAP","BCC","FPC1","FPC1_BCC","TXH1.2020",246,246,-0.0509685189296105,"ok"
"DAP","BCC","FPC1","FPC1_BCC","TXH1.2021",246,246,-0.196590191745463,"ok"
"DAP","BCC","FPC1","FPC1_BCC","TXH2.2020",246,246,-0.177166534014359,"ok"
"DAP","BCC","FPC1","FPC1_BCC","TXH2.2021",246,246,0.272528546213794,"ok"
"DAP","BCC","FPC1","FPC1_BCC","TXH3.2020",266,266,-0.184064726803969,"ok"
"DAP","BCC","FPC1","FPC1_BCC","TXH3.2021",245,245,-0.409637482615939,"ok"
"DAP","BCC","FPC1","FPC1_BCC","WIH1.2020",394,394,0.0376419082930325,"ok"
"DAP","BCC","FPC1","FPC1_BCC","WIH1.2021",398,398,0.0601538322847024,"ok"
"DAP","BCC","FPC1","FPC1_BCC","WIH2.2020",1127,1127,0.0109040569962585,"ok"
"DAP","BCC","FPC1","FPC1_BCC","WIH2.2021",1137,1137,0.0324638731507246,"ok"
"DAP","BCC","FPC1","FPC1_BCC","WIH3.2020",415,415,0.0388793362931991,"ok"
"DAP","BCC","FPC1","FPC1_BCC","WIH3.2021",397,397,0.0695016461472735,"ok"
"DAP","BCC","FPC2","FPC2_BCC","DEH1.2020",1142,1142,0.108615656396564,"ok"
"DAP","BCC","FPC2","FPC2_BCC","IAH4.2021",1128,1128,0.182419470725652,"ok"
"DAP","BCC","FPC2","FPC2_BCC","MIH1.2020",414,414,-0.271071770038332,"ok"
"DAP","BCC","FPC2","FPC2_BCC","MNH1.2020",395,395,-0.302673891051625,"ok"
"DAP","BCC","FPC2","FPC2_BCC","MNH1.2021",415,415,-0.14067168224705,"ok"
"DAP","BCC","FPC2","FPC2_BCC","MOH1.2020",1006,1006,-0.0638897942977928,"ok"
"DAP","BCC","FPC2","FPC2_BCC","NEH1.2021",246,246,0.0909946774568019,"ok"
"DAP","BCC","FPC2","FPC2_BCC","TXH1.2020",246,246,0.0581517104229395,"ok"
"DAP","BCC","FPC2","FPC2_BCC","TXH1.2021",246,246,0.128928593524593,"ok"
"DAP","BCC","FPC2","FPC2_BCC","TXH2.2020",246,246,0.0129125506109984,"ok"
"DAP","BCC","FPC2","FPC2_BCC","TXH2.2021",246,246,0.252461673796262,"ok"
"DAP","BCC","FPC2","FPC2_BCC","TXH3.2020",266,266,-0.139282871978763,"ok"
"DAP","BCC","FPC2","FPC2_BCC","TXH3.2021",245,245,0.171741384094427,"ok"
"DAP","BCC","FPC2","FPC2_BCC","WIH1.2020",394,394,-0.0672647363652541,"ok"
"DAP","BCC","FPC2","FPC2_BCC","WIH1.2021",398,398,-0.25499327228575,"ok"
"DAP","BCC","FPC2","FPC2_BCC","WIH2.2020",1127,1127,-0.0164322797441795,"ok"
"DAP","BCC","FPC2","FPC2_BCC","WIH2.2021",1137,1137,0.0487197514274181,"ok"
"DAP","BCC","FPC2","FPC2_BCC","WIH3.2020",415,415,0.102428681268278,"ok"
"DAP","BCC","FPC2","FPC2_BCC","WIH3.2021",397,397,-0.0107032417246011,"ok"
"DAP","BCC","FPC3","FPC3_BCC","DEH1.2020",1142,1142,-0.120932726744315,"ok"
"DAP","BCC","FPC3","FPC3_BCC","IAH4.2021",1128,1128,0.0697036176441481,"ok"
"DAP","BCC","FPC3","FPC3_BCC","MIH1.2020",414,414,0.05756816103221,"ok"
"DAP","BCC","FPC3","FPC3_BCC","MNH1.2020",395,395,-0.101856356487295,"ok"
"DAP","BCC","FPC3","FPC3_BCC","MNH1.2021",415,415,-0.0647610385968992,"ok"
"DAP","BCC","FPC3","FPC3_BCC","MOH1.2020",1006,1006,0.107476897495283,"ok"
"DAP","BCC","FPC3","FPC3_BCC","NEH1.2021",246,246,-0.0436080654333108,"ok"
"DAP","BCC","FPC3","FPC3_BCC","TXH1.2020",246,246,-0.000485451480878044,"ok"
"DAP","BCC","FPC3","FPC3_BCC","TXH1.2021",246,246,-0.159599882293876,"ok"
"DAP","BCC","FPC3","FPC3_BCC","TXH2.2020",246,246,-0.173369474810671,"ok"
"DAP","BCC","FPC3","FPC3_BCC","TXH2.2021",246,246,0.14880379769001,"ok"
"DAP","BCC","FPC3","FPC3_BCC","TXH3.2020",266,266,-0.161730412022133,"ok"
"DAP","BCC","FPC3","FPC3_BCC","TXH3.2021",245,245,0.286567009100934,"ok"
"DAP","BCC","FPC3","FPC3_BCC","WIH1.2020",394,394,-0.111862741648848,"ok"
"DAP","BCC","FPC3","FPC3_BCC","WIH1.2021",398,398,-0.115666785935796,"ok"
"DAP","BCC","FPC3","FPC3_BCC","WIH2.2020",1127,1127,-0.0634074959617224,"ok"
"DAP","BCC","FPC3","FPC3_BCC","WIH2.2021",1137,1137,-0.0961602691949474,"ok"
"DAP","BCC","FPC3","FPC3_BCC","WIH3.2020",415,415,-0.0226045309974085,"ok"
"DAP","BCC","FPC3","FPC3_BCC","WIH3.2021",397,397,0.0581683383371292,"ok"
"DAP","BCC","FPC4","FPC4_BCC","DEH1.2020",1142,1142,0.175239451489622,"ok"
"DAP","BCC","FPC4","FPC4_BCC","IAH4.2021",1128,1128,0.168760278325808,"ok"
"DAP","BCC","FPC4","FPC4_BCC","MIH1.2020",414,414,0.145106494243404,"ok"
"DAP","BCC","FPC4","FPC4_BCC","MNH1.2020",395,395,0.215230336676262,"ok"
"DAP","BCC","FPC4","FPC4_BCC","MNH1.2021",415,415,0.136239937667812,"ok"
"DAP","BCC","FPC4","FPC4_BCC","MOH1.2020",1006,1006,-0.104742668729171,"ok"
"DAP","BCC","FPC4","FPC4_BCC","NEH1.2021",246,246,0.139731532665561,"ok"
"DAP","BCC","FPC4","FPC4_BCC","TXH1.2020",246,246,0.290932011681693,"ok"
"DAP","BCC","FPC4","FPC4_BCC","TXH1.2021",246,246,0.30819276313962,"ok"
"DAP","BCC","FPC4","FPC4_BCC","TXH2.2020",246,246,0.0926700348015117,"ok"
"DAP","BCC","FPC4","FPC4_BCC","TXH2.2021",246,246,-0.203667838720065,"ok"
"DAP","BCC","FPC4","FPC4_BCC","TXH3.2020",266,266,0.0493951015590412,"ok"
"DAP","BCC","FPC4","FPC4_BCC","TXH3.2021",245,245,-0.00647289281295531,"ok"
"DAP","BCC","FPC4","FPC4_BCC","WIH1.2020",394,394,0.126386284191384,"ok"
"DAP","BCC","FPC4","FPC4_BCC","WIH1.2021",398,398,0.32515502379285,"ok"
"DAP","BCC","FPC4","FPC4_BCC","WIH2.2020",1127,1127,0.00712846252844765,"ok"
"DAP","BCC","FPC4","FPC4_BCC","WIH2.2021",1137,1137,0.16765686358967,"ok"
"DAP","BCC","FPC4","FPC4_BCC","WIH3.2020",415,415,-0.00391755355441786,"ok"
"DAP","BCC","FPC4","FPC4_BCC","WIH3.2021",397,397,-0.0926919558262117,"ok"
"DAP","BCC","FPC5","FPC5_BCC","DEH1.2020",1142,1142,-0.194131937462745,"ok"
"DAP","BCC","FPC5","FPC5_BCC","IAH4.2021",1128,1128,-0.10332412375102,"ok"
"DAP","BCC","FPC5","FPC5_BCC","MIH1.2020",414,414,-0.412759608362643,"ok"
"DAP","BCC","FPC5","FPC5_BCC","MNH1.2020",395,395,0.0677971924101943,"ok"
"DAP","BCC","FPC5","FPC5_BCC","MNH1.2021",415,415,0.00290261473676717,"ok"
"DAP","BCC","FPC5","FPC5_BCC","MOH1.2020",1006,1006,0.111756400443837,"ok"
"DAP","BCC","FPC5","FPC5_BCC","NEH1.2021",246,246,-0.000457636539415853,"ok"
"DAP","BCC","FPC5","FPC5_BCC","TXH1.2020",246,246,-0.228085541440684,"ok"
"DAP","BCC","FPC5","FPC5_BCC","TXH1.2021",246,246,-0.273358079667555,"ok"
"DAP","BCC","FPC5","FPC5_BCC","TXH2.2020",246,246,0.00719203615127354,"ok"
"DAP","BCC","FPC5","FPC5_BCC","TXH2.2021",246,246,0.284073494958489,"ok"
"DAP","BCC","FPC5","FPC5_BCC","TXH3.2020",266,266,0.095182376924905,"ok"
"DAP","BCC","FPC5","FPC5_BCC","TXH3.2021",245,245,-0.402256959075271,"ok"
"DAP","BCC","FPC5","FPC5_BCC","WIH1.2020",394,394,-0.186852554567005,"ok"
"DAP","BCC","FPC5","FPC5_BCC","WIH1.2021",398,398,-0.146841488060558,"ok"
"DAP","BCC","FPC5","FPC5_BCC","WIH2.2020",1127,1127,-0.06239014580868,"ok"
"DAP","BCC","FPC5","FPC5_BCC","WIH2.2021",1137,1137,-0.135758602966821,"ok"
"DAP","BCC","FPC5","FPC5_BCC","WIH3.2020",415,415,-0.0541681844784823,"ok"
"DAP","BCC","FPC5","FPC5_BCC","WIH3.2021",397,397,-0.0365975829732414,"ok"
"DAP","BGI","FPC1","FPC1_BGI","DEH1.2020",1142,1142,-0.0602556464045879,"ok"
"DAP","BGI","FPC1","FPC1_BGI","IAH4.2021",1128,1128,0.0355567712466014,"ok"
"DAP","BGI","FPC1","FPC1_BGI","MIH1.2020",414,414,-0.198796095176469,"ok"
"DAP","BGI","FPC1","FPC1_BGI","MNH1.2020",395,395,-0.220967534862739,"ok"
"DAP","BGI","FPC1","FPC1_BGI","MNH1.2021",415,415,-0.111924422158213,"ok"
"DAP","BGI","FPC1","FPC1_BGI","MOH1.2020",1006,1006,0.173105140556252,"ok"
"DAP","BGI","FPC1","FPC1_BGI","NEH1.2021",246,246,-0.062698690824705,"ok"
"DAP","BGI","FPC1","FPC1_BGI","TXH1.2020",246,246,-0.243899514696598,"ok"
"DAP","BGI","FPC1","FPC1_BGI","TXH1.2021",246,246,0.0599807256488597,"ok"
"DAP","BGI","FPC1","FPC1_BGI","TXH2.2020",246,246,-0.190902434459922,"ok"
"DAP","BGI","FPC1","FPC1_BGI","TXH2.2021",246,246,-0.0676253434225283,"ok"
"DAP","BGI","FPC1","FPC1_BGI","TXH3.2020",266,266,-0.199677240654243,"ok"
"DAP","BGI","FPC1","FPC1_BGI","TXH3.2021",245,245,0.00516166702370571,"ok"
"DAP","BGI","FPC1","FPC1_BGI","WIH1.2020",394,394,0.00734631005487559,"ok"
"DAP","BGI","FPC1","FPC1_BGI","WIH1.2021",398,398,-0.107262428248269,"ok"
"DAP","BGI","FPC1","FPC1_BGI","WIH2.2020",1127,1127,-0.0531751492089606,"ok"
"DAP","BGI","FPC1","FPC1_BGI","WIH2.2021",1137,1137,0.0514818721481864,"ok"
"DAP","BGI","FPC1","FPC1_BGI","WIH3.2020",415,415,0.0537483454698389,"ok"
"DAP","BGI","FPC1","FPC1_BGI","WIH3.2021",397,397,-0.0115920899583254,"ok"
"DAP","BGI","FPC2","FPC2_BGI","DEH1.2020",1142,1142,0.236489577617799,"ok"
"DAP","BGI","FPC2","FPC2_BGI","IAH4.2021",1128,1128,-0.0405224946602538,"ok"
"DAP","BGI","FPC2","FPC2_BGI","MIH1.2020",414,414,-0.230880116085586,"ok"
"DAP","BGI","FPC2","FPC2_BGI","MNH1.2020",395,395,-0.450768285625969,"ok"
"DAP","BGI","FPC2","FPC2_BGI","MNH1.2021",415,415,-0.2252818959118,"ok"
"DAP","BGI","FPC2","FPC2_BGI","MOH1.2020",1006,1006,-0.236588076532142,"ok"
"DAP","BGI","FPC2","FPC2_BGI","NEH1.2021",246,246,0.0242472615078699,"ok"
"DAP","BGI","FPC2","FPC2_BGI","TXH1.2020",246,246,-0.27573197476819,"ok"
"DAP","BGI","FPC2","FPC2_BGI","TXH1.2021",246,246,0.111968589478056,"ok"
"DAP","BGI","FPC2","FPC2_BGI","TXH2.2020",246,246,-0.0714850760152611,"ok"
"DAP","BGI","FPC2","FPC2_BGI","TXH2.2021",246,246,0.0695299670747618,"ok"
"DAP","BGI","FPC2","FPC2_BGI","TXH3.2020",266,266,-0.101831124475885,"ok"
"DAP","BGI","FPC2","FPC2_BGI","TXH3.2021",245,245,0.245066396461324,"ok"
"DAP","BGI","FPC2","FPC2_BGI","WIH1.2020",394,394,-0.336164464233582,"ok"
"DAP","BGI","FPC2","FPC2_BGI","WIH1.2021",398,398,-0.372772678693702,"ok"
"DAP","BGI","FPC2","FPC2_BGI","WIH2.2020",1127,1127,-0.0914538727831242,"ok"
"DAP","BGI","FPC2","FPC2_BGI","WIH2.2021",1137,1137,-0.0430704145033545,"ok"
"DAP","BGI","FPC2","FPC2_BGI","WIH3.2020",415,415,0.0308315205145099,"ok"
"DAP","BGI","FPC2","FPC2_BGI","WIH3.2021",397,397,-0.196979522870814,"ok"
"DAP","BGI","FPC3","FPC3_BGI","DEH1.2020",1142,1142,-0.0266469383917069,"ok"
"DAP","BGI","FPC3","FPC3_BGI","IAH4.2021",1128,1128,-0.10783189472411,"ok"
"DAP","BGI","FPC3","FPC3_BGI","MIH1.2020",414,414,0.0142265982822528,"ok"
"DAP","BGI","FPC3","FPC3_BGI","MNH1.2020",395,395,0.253460473502584,"ok"
"DAP","BGI","FPC3","FPC3_BGI","MNH1.2021",415,415,0.0182720899770918,"ok"
"DAP","BGI","FPC3","FPC3_BGI","MOH1.2020",1006,1006,0.0649647052828285,"ok"
"DAP","BGI","FPC3","FPC3_BGI","NEH1.2021",246,246,-0.0219990308054673,"ok"
"DAP","BGI","FPC3","FPC3_BGI","TXH1.2020",246,246,-0.0207214839919785,"ok"
"DAP","BGI","FPC3","FPC3_BGI","TXH1.2021",246,246,-0.2683670710593,"ok"
"DAP","BGI","FPC3","FPC3_BGI","TXH2.2020",246,246,-0.112495117719809,"ok"
"DAP","BGI","FPC3","FPC3_BGI","TXH2.2021",246,246,0.256269246335188,"ok"
"DAP","BGI","FPC3","FPC3_BGI","TXH3.2020",266,266,-0.179605316589831,"ok"
"DAP","BGI","FPC3","FPC3_BGI","TXH3.2021",245,245,-0.383042727299221,"ok"
"DAP","BGI","FPC3","FPC3_BGI","WIH1.2020",394,394,-0.169270540625511,"ok"
"DAP","BGI","FPC3","FPC3_BGI","WIH1.2021",398,398,-0.0288681223956202,"ok"
"DAP","BGI","FPC3","FPC3_BGI","WIH2.2020",1127,1127,-0.0106911260004678,"ok"
"DAP","BGI","FPC3","FPC3_BGI","WIH2.2021",1137,1137,-0.0497393302493953,"ok"
"DAP","BGI","FPC3","FPC3_BGI","WIH3.2020",415,415,-0.00818828246562367,"ok"
"DAP","BGI","FPC3","FPC3_BGI","WIH3.2021",397,397,-0.0181889149953916,"ok"
"DAP","BGI","FPC4","FPC4_BGI","DEH1.2020",1142,1142,-0.023593803857021,"ok"
"DAP","BGI","FPC4","FPC4_BGI","IAH4.2021",1128,1128,0.105011844088739,"ok"
"DAP","BGI","FPC4","FPC4_BGI","MIH1.2020",414,414,0.0414862677872294,"ok"
"DAP","BGI","FPC4","FPC4_BGI","MNH1.2020",395,395,-0.105112744987317,"ok"
"DAP","BGI","FPC4","FPC4_BGI","MNH1.2021",415,415,-0.0707033123991717,"ok"
"DAP","BGI","FPC4","FPC4_BGI","MOH1.2020",1006,1006,-0.0630664940048097,"ok"
"DAP","BGI","FPC4","FPC4_BGI","NEH1.2021",246,246,-0.025138090151625,"ok"
"DAP","BGI","FPC4","FPC4_BGI","TXH1.2020",246,246,0.0213005056944378,"ok"
"DAP","BGI","FPC4","FPC4_BGI","TXH1.2021",246,246,0.146138101434396,"ok"
"DAP","BGI","FPC4","FPC4_BGI","TXH2.2020",246,246,-0.145575011215511,"ok"
"DAP","BGI","FPC4","FPC4_BGI","TXH2.2021",246,246,-0.199916857831249,"ok"
"DAP","BGI","FPC4","FPC4_BGI","TXH3.2020",266,266,-0.170929806603525,"ok"
"DAP","BGI","FPC4","FPC4_BGI","TXH3.2021",245,245,-0.122106461484145,"ok"
"DAP","BGI","FPC4","FPC4_BGI","WIH1.2020",394,394,0.12001703156767,"ok"
"DAP","BGI","FPC4","FPC4_BGI","WIH1.2021",398,398,-0.0515348371634462,"ok"
"DAP","BGI","FPC4","FPC4_BGI","WIH2.2020",1127,1127,-0.0193108450056229,"ok"
"DAP","BGI","FPC4","FPC4_BGI","WIH2.2021",1137,1137,0.0320136749659404,"ok"
"DAP","BGI","FPC4","FPC4_BGI","WIH3.2020",415,415,0.0365352115686937,"ok"
"DAP","BGI","FPC4","FPC4_BGI","WIH3.2021",397,397,0.00411860071991651,"ok"
"DAP","BGI","FPC5","FPC5_BGI","DEH1.2020",1142,1142,-0.190149264858032,"ok"
"DAP","BGI","FPC5","FPC5_BGI","IAH4.2021",1128,1128,-0.00951312979929438,"ok"
"DAP","BGI","FPC5","FPC5_BGI","MIH1.2020",414,414,0.0270710324666133,"ok"
"DAP","BGI","FPC5","FPC5_BGI","MNH1.2020",395,395,-0.0164846913715902,"ok"
"DAP","BGI","FPC5","FPC5_BGI","MNH1.2021",415,415,-0.0644299694468122,"ok"
"DAP","BGI","FPC5","FPC5_BGI","MOH1.2020",1006,1006,0.144405019041865,"ok"
"DAP","BGI","FPC5","FPC5_BGI","NEH1.2021",246,246,0.0607436590929045,"ok"
"DAP","BGI","FPC5","FPC5_BGI","TXH1.2020",246,246,0.0631007245139982,"ok"
"DAP","BGI","FPC5","FPC5_BGI","TXH1.2021",246,246,-0.201990586614426,"ok"
"DAP","BGI","FPC5","FPC5_BGI","TXH2.2020",246,246,-0.138530813241144,"ok"
"DAP","BGI","FPC5","FPC5_BGI","TXH2.2021",246,246,0.368554122783019,"ok"
"DAP","BGI","FPC5","FPC5_BGI","TXH3.2020",266,266,-0.119062414940773,"ok"
"DAP","BGI","FPC5","FPC5_BGI","TXH3.2021",245,245,-0.36037245985962,"ok"
"DAP","BGI","FPC5","FPC5_BGI","WIH1.2020",394,394,-0.0290339420627133,"ok"
"DAP","BGI","FPC5","FPC5_BGI","WIH1.2021",398,398,-0.1420214655472,"ok"
"DAP","BGI","FPC5","FPC5_BGI","WIH2.2020",1127,1127,-0.0316588446178382,"ok"
"DAP","BGI","FPC5","FPC5_BGI","WIH2.2021",1137,1137,-0.0620353065107091,"ok"
"DAP","BGI","FPC5","FPC5_BGI","WIH3.2020",415,415,0.00488043870146123,"ok"
"DAP","BGI","FPC5","FPC5_BGI","WIH3.2021",397,397,0.152416542359327,"ok"
"DAP","BGI_new","FPC1","FPC1_BGI_new","DEH1.2020",1142,1142,-0.0602555680184817,"ok"
"DAP","BGI_new","FPC1","FPC1_BGI_new","IAH4.2021",1128,1128,0.0355568989638044,"ok"
"DAP","BGI_new","FPC1","FPC1_BGI_new","MIH1.2020",414,414,-0.19879608047208,"ok"
"DAP","BGI_new","FPC1","FPC1_BGI_new","MNH1.2020",395,395,-0.220967612339908,"ok"
"DAP","BGI_new","FPC1","FPC1_BGI_new","MNH1.2021",415,415,-0.111924444086839,"ok"
"DAP","BGI_new","FPC1","FPC1_BGI_new","MOH1.2020",1006,1006,0.173105169104586,"ok"
"DAP","BGI_new","FPC1","FPC1_BGI_new","NEH1.2021",246,246,-0.0626986772653302,"ok"
"DAP","BGI_new","FPC1","FPC1_BGI_new","TXH1.2020",246,246,-0.24389950433237,"ok"
"DAP","BGI_new","FPC1","FPC1_BGI_new","TXH1.2021",246,246,0.0599807704127968,"ok"
"DAP","BGI_new","FPC1","FPC1_BGI_new","TXH2.2020",246,246,-0.190902376831656,"ok"
"DAP","BGI_new","FPC1","FPC1_BGI_new","TXH2.2021",246,246,-0.0676253693717347,"ok"
"DAP","BGI_new","FPC1","FPC1_BGI_new","TXH3.2020",266,266,-0.199677192471926,"ok"
"DAP","BGI_new","FPC1","FPC1_BGI_new","TXH3.2021",245,245,0.00516122375211342,"ok"
"DAP","BGI_new","FPC1","FPC1_BGI_new","WIH1.2020",394,394,0.00734634219958395,"ok"
"DAP","BGI_new","FPC1","FPC1_BGI_new","WIH1.2021",398,398,-0.107262398963235,"ok"
"DAP","BGI_new","FPC1","FPC1_BGI_new","WIH2.2020",1127,1127,-0.0531751609901572,"ok"
"DAP","BGI_new","FPC1","FPC1_BGI_new","WIH2.2021",1137,1137,0.0514818762623437,"ok"
"DAP","BGI_new","FPC1","FPC1_BGI_new","WIH3.2020",415,415,0.0537483511639063,"ok"
"DAP","BGI_new","FPC1","FPC1_BGI_new","WIH3.2021",397,397,-0.0115921048531823,"ok"
"DAP","BGI_new","FPC2","FPC2_BGI_new","DEH1.2020",1142,1142,0.236489608014328,"ok"
"DAP","BGI_new","FPC2","FPC2_BGI_new","IAH4.2021",1128,1128,-0.0405223832228937,"ok"
"DAP","BGI_new","FPC2","FPC2_BGI_new","MIH1.2020",414,414,-0.230880110694556,"ok"
"DAP","BGI_new","FPC2","FPC2_BGI_new","MNH1.2020",395,395,-0.450768289073754,"ok"
"DAP","BGI_new","FPC2","FPC2_BGI_new","MNH1.2021",415,415,-0.225281895480603,"ok"
"DAP","BGI_new","FPC2","FPC2_BGI_new","MOH1.2020",1006,1006,-0.236588044783974,"ok"
"DAP","BGI_new","FPC2","FPC2_BGI_new","NEH1.2021",246,246,0.0242472812295177,"ok"
"DAP","BGI_new","FPC2","FPC2_BGI_new","TXH1.2020",246,246,-0.275731968471165,"ok"
"DAP","BGI_new","FPC2","FPC2_BGI_new","TXH1.2021",246,246,0.111968587029114,"ok"
"DAP","BGI_new","FPC2","FPC2_BGI_new","TXH2.2020",246,246,-0.0714850693822804,"ok"
"DAP","BGI_new","FPC2","FPC2_BGI_new","TXH2.2021",246,246,0.0695299518925385,"ok"
"DAP","BGI_new","FPC2","FPC2_BGI_new","TXH3.2020",266,266,-0.101831114660183,"ok"
"DAP","BGI_new","FPC2","FPC2_BGI_new","TXH3.2021",245,245,0.245066230356644,"ok"
"DAP","BGI_new","FPC2","FPC2_BGI_new","WIH1.2020",394,394,-0.336164482623069,"ok"
"DAP","BGI_new","FPC2","FPC2_BGI_new","WIH1.2021",398,398,-0.372772675741831,"ok"
"DAP","BGI_new","FPC2","FPC2_BGI_new","WIH2.2020",1127,1127,-0.0914538756105819,"ok"
"DAP","BGI_new","FPC2","FPC2_BGI_new","WIH2.2021",1137,1137,-0.0430704147317678,"ok"
"DAP","BGI_new","FPC2","FPC2_BGI_new","WIH3.2020",415,415,0.0308315223612764,"ok"
"DAP","BGI_new","FPC2","FPC2_BGI_new","WIH3.2021",397,397,-0.196979594161129,"ok"
"DAP","BGI_new","FPC3","FPC3_BGI_new","DEH1.2020",1142,1142,-0.026646938783576,"ok"
"DAP","BGI_new","FPC3","FPC3_BGI_new","IAH4.2021",1128,1128,-0.107832066759203,"ok"
"DAP","BGI_new","FPC3","FPC3_BGI_new","MIH1.2020",414,414,0.0142266692752625,"ok"
"DAP","BGI_new","FPC3","FPC3_BGI_new","MNH1.2020",395,395,0.253460528095341,"ok"
"DAP","BGI_new","FPC3","FPC3_BGI_new","MNH1.2021",415,415,0.0182720863493918,"ok"
"DAP","BGI_new","FPC3","FPC3_BGI_new","MOH1.2020",1006,1006,0.0649645973300192,"ok"
"DAP","BGI_new","FPC3","FPC3_BGI_new","NEH1.2021",246,246,-0.0219990601012043,"ok"
"DAP","BGI_new","FPC3","FPC3_BGI_new","TXH1.2020",246,246,-0.0207213887127892,"ok"
"DAP","BGI_new","FPC3","FPC3_BGI_new","TXH1.2021",246,246,-0.268367075960544,"ok"
"DAP","BGI_new","FPC3","FPC3_BGI_new","TXH2.2020",246,246,-0.112495154098216,"ok"
"DAP","BGI_new","FPC3","FPC3_BGI_new","TXH2.2021",246,246,0.256269240679365,"ok"
"DAP","BGI_new","FPC3","FPC3_BGI_new","TXH3.2020",266,266,-0.179605314985954,"ok"
"DAP","BGI_new","FPC3","FPC3_BGI_new","TXH3.2021",245,245,-0.383041911894305,"ok"
"DAP","BGI_new","FPC3","FPC3_BGI_new","WIH1.2020",394,394,-0.169270589785399,"ok"
"DAP","BGI_new","FPC3","FPC3_BGI_new","WIH1.2021",398,398,-0.0288681495775561,"ok"
"DAP","BGI_new","FPC3","FPC3_BGI_new","WIH2.2020",1127,1127,-0.0106911139702097,"ok"
"DAP","BGI_new","FPC3","FPC3_BGI_new","WIH2.2021",1137,1137,-0.0497393018365468,"ok"
"DAP","BGI_new","FPC3","FPC3_BGI_new","WIH3.2020",415,415,-0.00818827560350834,"ok"
"DAP","BGI_new","FPC3","FPC3_BGI_new","WIH3.2021",397,397,-0.0181889070923005,"ok"
"DAP","BGI_new","FPC4","FPC4_BGI_new","DEH1.2020",1142,1142,-0.0235938516065368,"ok"
"DAP","BGI_new","FPC4","FPC4_BGI_new","IAH4.2021",1128,1128,0.105011864211699,"ok"
"DAP","BGI_new","FPC4","FPC4_BGI_new","MIH1.2020",414,414,0.0414863013017702,"ok"
"DAP","BGI_new","FPC4","FPC4_BGI_new","MNH1.2020",395,395,-0.105112801847134,"ok"
"DAP","BGI_new","FPC4","FPC4_BGI_new","MNH1.2021",415,415,-0.0707033199935925,"ok"
"DAP","BGI_new","FPC4","FPC4_BGI_new","MOH1.2020",1006,1006,-0.0630663155205801,"ok"
"DAP","BGI_new","FPC4","FPC4_BGI_new","NEH1.2021",246,246,-0.0251380876304562,"ok"
"DAP","BGI_new","FPC4","FPC4_BGI_new","TXH1.2020",246,246,0.0213004395534582,"ok"
"DAP","BGI_new","FPC4","FPC4_BGI_new","TXH1.2021",246,246,0.1461381472054,"ok"
"DAP","BGI_new","FPC4","FPC4_BGI_new","TXH2.2020",246,246,-0.145574960638295,"ok"
"DAP","BGI_new","FPC4","FPC4_BGI_new","TXH2.2021",246,246,-0.199916883056058,"ok"
"DAP","BGI_new","FPC4","FPC4_BGI_new","TXH3.2020",266,266,-0.170929747338987,"ok"
"DAP","BGI_new","FPC4","FPC4_BGI_new","TXH3.2021",245,245,-0.122106629843925,"ok"
"DAP","BGI_new","FPC4","FPC4_BGI_new","WIH1.2020",394,394,0.120017119322416,"ok"
"DAP","BGI_new","FPC4","FPC4_BGI_new","WIH1.2021",398,398,-0.0515347491652327,"ok"
"DAP","BGI_new","FPC4","FPC4_BGI_new","WIH2.2020",1127,1127,-0.0193108385804875,"ok"
"DAP","BGI_new","FPC4","FPC4_BGI_new","WIH2.2021",1137,1137,0.0320136767071383,"ok"
"DAP","BGI_new","FPC4","FPC4_BGI_new","WIH3.2020",415,415,0.0365351752398859,"ok"
"DAP","BGI_new","FPC4","FPC4_BGI_new","WIH3.2021",397,397,0.00411862355800155,"ok"
"DAP","BGI_new","FPC5","FPC5_BGI_new","DEH1.2020",1142,1142,-0.190149256517854,"ok"
"DAP","BGI_new","FPC5","FPC5_BGI_new","IAH4.2021",1128,1128,-0.00951306943128496,"ok"
"DAP","BGI_new","FPC5","FPC5_BGI_new","MIH1.2020",414,414,0.027070998269583,"ok"
"DAP","BGI_new","FPC5","FPC5_BGI_new","MNH1.2020",395,395,-0.0164846992253288,"ok"
"DAP","BGI_new","FPC5","FPC5_BGI_new","MNH1.2021",415,415,-0.0644299556341314,"ok"
"DAP","BGI_new","FPC5","FPC5_BGI_new","MOH1.2020",1006,1006,0.144405323349922,"ok"
"DAP","BGI_new","FPC5","FPC5_BGI_new","NEH1.2021",246,246,0.0607436687069998,"ok"
"DAP","BGI_new","FPC5","FPC5_BGI_new","TXH1.2020",246,246,0.0631004781924289,"ok"
"DAP","BGI_new","FPC5","FPC5_BGI_new","TXH1.2021",246,246,-0.201990582019437,"ok"
"DAP","BGI_new","FPC5","FPC5_BGI_new","TXH2.2020",246,246,-0.13853080381953,"ok"
"DAP","BGI_new","FPC5","FPC5_BGI_new","TXH2.2021",246,246,0.368554133537602,"ok"
"DAP","BGI_new","FPC5","FPC5_BGI_new","TXH3.2020",266,266,-0.11906240340009,"ok"
"DAP","BGI_new","FPC5","FPC5_BGI_new","TXH3.2021",245,245,-0.360371496449385,"ok"
"DAP","BGI_new","FPC5","FPC5_BGI_new","WIH1.2020",394,394,-0.0290339829502955,"ok"
"DAP","BGI_new","FPC5","FPC5_BGI_new","WIH1.2021",398,398,-0.142021464319677,"ok"
"DAP","BGI_new","FPC5","FPC5_BGI_new","WIH2.2020",1127,1127,-0.0316588422362957,"ok"
"DAP","BGI_new","FPC5","FPC5_BGI_new","WIH2.2021",1137,1137,-0.0620353087269437,"ok"
"DAP","BGI_new","FPC5","FPC5_BGI_new","WIH3.2020",415,415,0.00488043622671443,"ok"
"DAP","BGI_new","FPC5","FPC5_BGI_new","WIH3.2021",397,397,0.15241653747036,"ok"
"DAP","BI","FPC1","FPC1_BI","DEH1.2020",1142,1142,-0.182219839212025,"ok"
"DAP","BI","FPC1","FPC1_BI","IAH4.2021",1128,1128,-0.0867758258280749,"ok"
"DAP","BI","FPC1","FPC1_BI","MIH1.2020",414,414,-0.0511235152260215,"ok"
"DAP","BI","FPC1","FPC1_BI","MNH1.2020",395,395,0.0476558394887333,"ok"
"DAP","BI","FPC1","FPC1_BI","MNH1.2021",415,415,0.17220375724623,"ok"
"DAP","BI","FPC1","FPC1_BI","MOH1.2020",1006,1006,0.226495688257801,"ok"
"DAP","BI","FPC1","FPC1_BI","NEH1.2021",246,246,-0.0601039992751479,"ok"
"DAP","BI","FPC1","FPC1_BI","TXH1.2020",246,246,-0.641128251217529,"ok"
"DAP","BI","FPC1","FPC1_BI","TXH1.2021",246,246,-0.0927767508135025,"ok"
"DAP","BI","FPC1","FPC1_BI","TXH2.2020",246,246,-0.224626054836582,"ok"
"DAP","BI","FPC1","FPC1_BI","TXH2.2021",246,246,-0.110528156169249,"ok"
"DAP","BI","FPC1","FPC1_BI","TXH3.2020",266,266,-0.149934653247109,"ok"
"DAP","BI","FPC1","FPC1_BI","TXH3.2021",245,245,-0.187076861278596,"ok"
"DAP","BI","FPC1","FPC1_BI","WIH1.2020",394,394,0.199703821561744,"ok"
"DAP","BI","FPC1","FPC1_BI","WIH1.2021",398,398,0.152714520405038,"ok"
"DAP","BI","FPC1","FPC1_BI","WIH2.2020",1127,1127,0.207215202688446,"ok"
"DAP","BI","FPC1","FPC1_BI","WIH2.2021",1137,1137,0.193165785243202,"ok"
"DAP","BI","FPC1","FPC1_BI","WIH3.2020",415,415,-0.193100348729216,"ok"
"DAP","BI","FPC1","FPC1_BI","WIH3.2021",397,397,0.269274592015227,"ok"
"DAP","BI","FPC2","FPC2_BI","DEH1.2020",1142,1142,0.0591941959449218,"ok"
"DAP","BI","FPC2","FPC2_BI","IAH4.2021",1128,1128,0.0167232836956927,"ok"
"DAP","BI","FPC2","FPC2_BI","MIH1.2020",414,414,-0.0437276625905909,"ok"
"DAP","BI","FPC2","FPC2_BI","MNH1.2020",395,395,0.382666433975361,"ok"
"DAP","BI","FPC2","FPC2_BI","MNH1.2021",415,415,0.0186579031500205,"ok"
"DAP","BI","FPC2","FPC2_BI","MOH1.2020",1006,1006,-0.0354013810028762,"ok"
"DAP","BI","FPC2","FPC2_BI","NEH1.2021",246,246,-0.0814359016387605,"ok"
"DAP","BI","FPC2","FPC2_BI","TXH1.2020",246,246,-0.337280363056848,"ok"
"DAP","BI","FPC2","FPC2_BI","TXH1.2021",246,246,-0.00449587036740414,"ok"
"DAP","BI","FPC2","FPC2_BI","TXH2.2020",246,246,-0.268654687551835,"ok"
"DAP","BI","FPC2","FPC2_BI","TXH2.2021",246,246,-0.00597163680246936,"ok"
"DAP","BI","FPC2","FPC2_BI","TXH3.2020",266,266,0.0366537692496865,"ok"
"DAP","BI","FPC2","FPC2_BI","TXH3.2021",245,245,-0.0768506006552147,"ok"
"DAP","BI","FPC2","FPC2_BI","WIH1.2020",394,394,0.100610346715219,"ok"
"DAP","BI","FPC2","FPC2_BI","WIH1.2021",398,398,0.17282675649528,"ok"
"DAP","BI","FPC2","FPC2_BI","WIH2.2020",1127,1127,0.00754603935555718,"ok"
"DAP","BI","FPC2","FPC2_BI","WIH2.2021",1137,1137,-0.0791705245329424,"ok"
"DAP","BI","FPC2","FPC2_BI","WIH3.2020",415,415,-0.205072702651071,"ok"
"DAP","BI","FPC2","FPC2_BI","WIH3.2021",397,397,-0.061440316566734,"ok"
"DAP","BI","FPC3","FPC3_BI","DEH1.2020",1142,1142,0.0264238679288385,"ok"
"DAP","BI","FPC3","FPC3_BI","IAH4.2021",1128,1128,-0.00234130207256786,"ok"
"DAP","BI","FPC3","FPC3_BI","MIH1.2020",414,414,0.207880799561918,"ok"
"DAP","BI","FPC3","FPC3_BI","MNH1.2020",395,395,0.0467370903442439,"ok"
"DAP","BI","FPC3","FPC3_BI","MNH1.2021",415,415,-0.0411297278448807,"ok"
"DAP","BI","FPC3","FPC3_BI","MOH1.2020",1006,1006,0.0729948322622091,"ok"
"DAP","BI","FPC3","FPC3_BI","NEH1.2021",246,246,-0.0574896299945258,"ok"
"DAP","BI","FPC3","FPC3_BI","TXH1.2020",246,246,-0.0173472128201898,"ok"
"DAP","BI","FPC3","FPC3_BI","TXH1.2021",246,246,-0.0401516702709502,"ok"
"DAP","BI","FPC3","FPC3_BI","TXH2.2020",246,246,0.183979738450589,"ok"
"DAP","BI","FPC3","FPC3_BI","TXH2.2021",246,246,-0.0549134358468064,"ok"
"DAP","BI","FPC3","FPC3_BI","TXH3.2020",266,266,0.190766253522522,"ok"
"DAP","BI","FPC3","FPC3_BI","TXH3.2021",245,245,-0.184825082323899,"ok"
"DAP","BI","FPC3","FPC3_BI","WIH1.2020",394,394,0.0727761504047079,"ok"
"DAP","BI","FPC3","FPC3_BI","WIH1.2021",398,398,-0.111045185691315,"ok"
"DAP","BI","FPC3","FPC3_BI","WIH2.2020",1127,1127,-0.000974470446598336,"ok"
"DAP","BI","FPC3","FPC3_BI","WIH2.2021",1137,1137,0.165082712478068,"ok"
"DAP","BI","FPC3","FPC3_BI","WIH3.2020",415,415,0.215875571700379,"ok"
"DAP","BI","FPC3","FPC3_BI","WIH3.2021",397,397,0.155268543217147,"ok"
"DAP","BI","FPC4","FPC4_BI","DEH1.2020",1142,1142,0.040811483323847,"ok"
"DAP","BI","FPC4","FPC4_BI","IAH4.2021",1128,1128,-0.0549048832234839,"ok"
"DAP","BI","FPC4","FPC4_BI","MIH1.2020",414,414,-0.177782364900427,"ok"
"DAP","BI","FPC4","FPC4_BI","MNH1.2020",395,395,-0.0129017507909487,"ok"
"DAP","BI","FPC4","FPC4_BI","MNH1.2021",415,415,-0.0441210457517763,"ok"
"DAP","BI","FPC4","FPC4_BI","MOH1.2020",1006,1006,-0.153140722953068,"ok"
"DAP","BI","FPC4","FPC4_BI","NEH1.2021",246,246,0.213533867920186,"ok"
"DAP","BI","FPC4","FPC4_BI","TXH1.2020",246,246,0.31282501201925,"ok"
"DAP","BI","FPC4","FPC4_BI","TXH1.2021",246,246,-0.0137034089563142,"ok"
"DAP","BI","FPC4","FPC4_BI","TXH2.2020",246,246,0.0059645713328702,"ok"
"DAP","BI","FPC4","FPC4_BI","TXH2.2021",246,246,-0.0625497640543519,"ok"
"DAP","BI","FPC4","FPC4_BI","TXH3.2020",266,266,-0.169164032065308,"ok"
"DAP","BI","FPC4","FPC4_BI","TXH3.2021",245,245,-0.216571552825819,"ok"
"DAP","BI","FPC4","FPC4_BI","WIH1.2020",394,394,-0.00760217679819746,"ok"
"DAP","BI","FPC4","FPC4_BI","WIH1.2021",398,398,-0.183701124061563,"ok"
"DAP","BI","FPC4","FPC4_BI","WIH2.2020",1127,1127,-0.0469909515793226,"ok"
"DAP","BI","FPC4","FPC4_BI","WIH2.2021",1137,1137,0.158423361555976,"ok"
"DAP","BI","FPC4","FPC4_BI","WIH3.2020",415,415,-0.209560602293975,"ok"
"DAP","BI","FPC4","FPC4_BI","WIH3.2021",397,397,0.127717763228839,"ok"
"DAP","BI","FPC5","FPC5_BI","DEH1.2020",1142,1142,-0.0120536953430574,"ok"
"DAP","BI","FPC5","FPC5_BI","IAH4.2021",1128,1128,-0.0758815504282941,"ok"
"DAP","BI","FPC5","FPC5_BI","MIH1.2020",414,414,-0.130901246114167,"ok"
"DAP","BI","FPC5","FPC5_BI","MNH1.2020",395,395,-0.429957782113365,"ok"
"DAP","BI","FPC5","FPC5_BI","MNH1.2021",415,415,-0.148506899808617,"ok"
"DAP","BI","FPC5","FPC5_BI","MOH1.2020",1006,1006,0.0306763590179685,"ok"
"DAP","BI","FPC5","FPC5_BI","NEH1.2021",246,246,-0.0440018354398667,"ok"
"DAP","BI","FPC5","FPC5_BI","TXH1.2020",246,246,0.37916317192296,"ok"
"DAP","BI","FPC5","FPC5_BI","TXH1.2021",246,246,-0.0405873220803401,"ok"
"DAP","BI","FPC5","FPC5_BI","TXH2.2020",246,246,0.0693595262336672,"ok"
"DAP","BI","FPC5","FPC5_BI","TXH2.2021",246,246,-0.09554933371727,"ok"
"DAP","BI","FPC5","FPC5_BI","TXH3.2020",266,266,-0.0894095998570208,"ok"
"DAP","BI","FPC5","FPC5_BI","TXH3.2021",245,245,-0.212982162174314,"ok"
"DAP","BI","FPC5","FPC5_BI","WIH1.2020",394,394,-0.079841165380054,"ok"
"DAP","BI","FPC5","FPC5_BI","WIH1.2021",398,398,-0.201168353174175,"ok"
"DAP","BI","FPC5","FPC5_BI","WIH2.2020",1127,1127,0.0437971962757718,"ok"
"DAP","BI","FPC5","FPC5_BI","WIH2.2021",1137,1137,0.125379062058516,"ok"
"DAP","BI","FPC5","FPC5_BI","WIH3.2020",415,415,-0.235134479112451,"ok"
"DAP","BI","FPC5","FPC5_BI","WIH3.2021",397,397,0.0413901847546908,"ok"
"DAP","BI_new","FPC1","FPC1_BI_new","DEH1.2020",1142,1142,-0.182372275676825,"ok"
"DAP","BI_new","FPC1","FPC1_BI_new","IAH4.2021",1128,1128,-0.0873269118957877,"ok"
"DAP","BI_new","FPC1","FPC1_BI_new","MIH1.2020",414,414,-0.0513328209141188,"ok"
"DAP","BI_new","FPC1","FPC1_BI_new","MNH1.2020",395,395,0.0486569718126051,"ok"
"DAP","BI_new","FPC1","FPC1_BI_new","MNH1.2021",415,415,0.172266669318346,"ok"
"DAP","BI_new","FPC1","FPC1_BI_new","MOH1.2020",1006,1006,0.226574691621541,"ok"
"DAP","BI_new","FPC1","FPC1_BI_new","NEH1.2021",246,246,-0.0600194074849103,"ok"
"DAP","BI_new","FPC1","FPC1_BI_new","TXH1.2020",246,246,-0.643072378209076,"ok"
"DAP","BI_new","FPC1","FPC1_BI_new","TXH1.2021",246,246,-0.175215761874329,"ok"
"DAP","BI_new","FPC1","FPC1_BI_new","TXH2.2020",246,246,-0.231755042841187,"ok"
"DAP","BI_new","FPC1","FPC1_BI_new","TXH2.2021",246,246,-0.0542850815291443,"ok"
"DAP","BI_new","FPC1","FPC1_BI_new","TXH3.2020",266,266,-0.134593024102219,"ok"
"DAP","BI_new","FPC1","FPC1_BI_new","TXH3.2021",245,245,-0.204827370868627,"ok"
"DAP","BI_new","FPC1","FPC1_BI_new","WIH1.2020",394,394,0.240256840662545,"ok"
"DAP","BI_new","FPC1","FPC1_BI_new","WIH1.2021",398,398,0.167945140592934,"ok"
"DAP","BI_new","FPC1","FPC1_BI_new","WIH2.2020",1127,1127,0.245981022290834,"ok"
"DAP","BI_new","FPC1","FPC1_BI_new","WIH2.2021",1137,1137,0.190222625120869,"ok"
"DAP","BI_new","FPC1","FPC1_BI_new","WIH3.2020",415,415,0.227545912959992,"ok"
"DAP","BI_new","FPC1","FPC1_BI_new","WIH3.2021",397,397,0.268264267657004,"ok"
"DAP","BI_new","FPC2","FPC2_BI_new","DEH1.2020",1142,1142,0.0593851740736788,"ok"
"DAP","BI_new","FPC2","FPC2_BI_new","IAH4.2021",1128,1128,0.0138714341650918,"ok"
"DAP","BI_new","FPC2","FPC2_BI_new","MIH1.2020",414,414,-0.0437103818116026,"ok"
"DAP","BI_new","FPC2","FPC2_BI_new","MNH1.2020",395,395,0.382349409664844,"ok"
"DAP","BI_new","FPC2","FPC2_BI_new","MNH1.2021",415,415,0.0175128120767411,"ok"
"DAP","BI_new","FPC2","FPC2_BI_new","MOH1.2020",1006,1006,-0.0345389364777958,"ok"
"DAP","BI_new","FPC2","FPC2_BI_new","NEH1.2021",246,246,-0.081816306832579,"ok"
"DAP","BI_new","FPC2","FPC2_BI_new","TXH1.2020",246,246,-0.337226691035952,"ok"
"DAP","BI_new","FPC2","FPC2_BI_new","TXH1.2021",246,246,-0.068307095522534,"ok"
"DAP","BI_new","FPC2","FPC2_BI_new","TXH2.2020",246,246,-0.275571815094586,"ok"
"DAP","BI_new","FPC2","FPC2_BI_new","TXH2.2021",246,246,-0.213017501316595,"ok"
"DAP","BI_new","FPC2","FPC2_BI_new","TXH3.2020",266,266,0.0221244272628098,"ok"
"DAP","BI_new","FPC2","FPC2_BI_new","TXH3.2021",245,245,-0.212816900617084,"ok"
"DAP","BI_new","FPC2","FPC2_BI_new","WIH1.2020",394,394,0.187303616718683,"ok"
"DAP","BI_new","FPC2","FPC2_BI_new","WIH1.2021",398,398,0.189144278109025,"ok"
"DAP","BI_new","FPC2","FPC2_BI_new","WIH2.2020",1127,1127,0.11627592792928,"ok"
"DAP","BI_new","FPC2","FPC2_BI_new","WIH2.2021",1137,1137,-0.0937499163870106,"ok"
"DAP","BI_new","FPC2","FPC2_BI_new","WIH3.2020",415,415,0.133642131023822,"ok"
"DAP","BI_new","FPC2","FPC2_BI_new","WIH3.2021",397,397,-0.0266682576035148,"ok"
"DAP","BI_new","FPC3","FPC3_BI_new","DEH1.2020",1142,1142,0.0258770135417116,"ok"
"DAP","BI_new","FPC3","FPC3_BI_new","IAH4.2021",1128,1128,-0.00228439897924735,"ok"
"DAP","BI_new","FPC3","FPC3_BI_new","MIH1.2020",414,414,0.208956514566171,"ok"
"DAP","BI_new","FPC3","FPC3_BI_new","MNH1.2020",395,395,0.0454038017405863,"ok"
"DAP","BI_new","FPC3","FPC3_BI_new","MNH1.2021",415,415,-0.0438794071999817,"ok"
"DAP","BI_new","FPC3","FPC3_BI_new","MOH1.2020",1006,1006,0.0731750974853825,"ok"
"DAP","BI_new","FPC3","FPC3_BI_new","NEH1.2021",246,246,-0.057472703122413,"ok"
"DAP","BI_new","FPC3","FPC3_BI_new","TXH1.2020",246,246,-0.0316006676001663,"ok"
"DAP","BI_new","FPC3","FPC3_BI_new","TXH1.2021",246,246,0.0396360324364517,"ok"
"DAP","BI_new","FPC3","FPC3_BI_new","TXH2.2020",246,246,0.188362083452141,"ok"
"DAP","BI_new","FPC3","FPC3_BI_new","TXH2.2021",246,246,0.129563236048377,"ok"
"DAP","BI_new","FPC3","FPC3_BI_new","TXH3.2020",266,266,0.183296159401768,"ok"
"DAP","BI_new","FPC3","FPC3_BI_new","TXH3.2021",245,245,-0.224450832158431,"ok"
"DAP","BI_new","FPC3","FPC3_BI_new","WIH1.2020",394,394,0.0626900639944137,"ok"
"DAP","BI_new","FPC3","FPC3_BI_new","WIH1.2021",398,398,-0.108378897319093,"ok"
"DAP","BI_new","FPC3","FPC3_BI_new","WIH2.2020",1127,1127,0.0358653598002663,"ok"
"DAP","BI_new","FPC3","FPC3_BI_new","WIH2.2021",1137,1137,0.164063723713497,"ok"
"DAP","BI_new","FPC3","FPC3_BI_new","WIH3.2020",415,415,0.211529384178918,"ok"
"DAP","BI_new","FPC3","FPC3_BI_new","WIH3.2021",397,397,0.136943417740395,"ok"
"DAP","BI_new","FPC4","FPC4_BI_new","DEH1.2020",1142,1142,0.0403014782744321,"ok"
"DAP","BI_new","FPC4","FPC4_BI_new","IAH4.2021",1128,1128,-0.0532187980084086,"ok"
"DAP","BI_new","FPC4","FPC4_BI_new","MIH1.2020",414,414,-0.179484165997947,"ok"
"DAP","BI_new","FPC4","FPC4_BI_new","MNH1.2020",395,395,-0.0127312100879743,"ok"
"DAP","BI_new","FPC4","FPC4_BI_new","MNH1.2021",415,415,-0.0445799941488611,"ok"
"DAP","BI_new","FPC4","FPC4_BI_new","MOH1.2020",1006,1006,-0.157370988643794,"ok"
"DAP","BI_new","FPC4","FPC4_BI_new","NEH1.2021",246,246,0.214069008680025,"ok"
"DAP","BI_new","FPC4","FPC4_BI_new","TXH1.2020",246,246,0.271518242585391,"ok"
"DAP","BI_new","FPC4","FPC4_BI_new","TXH1.2021",246,246,0.062125085422942,"ok"
"DAP","BI_new","FPC4","FPC4_BI_new","TXH2.2020",246,246,-0.0230862115417507,"ok"
"DAP","BI_new","FPC4","FPC4_BI_new","TXH2.2021",246,246,0.0310503097106669,"ok"
"DAP","BI_new","FPC4","FPC4_BI_new","TXH3.2020",266,266,-0.159690165155904,"ok"
"DAP","BI_new","FPC4","FPC4_BI_new","TXH3.2021",245,245,-0.21354225227169,"ok"
"DAP","BI_new","FPC4","FPC4_BI_new","WIH1.2020",394,394,0.0121701442239653,"ok"
"DAP","BI_new","FPC4","FPC4_BI_new","WIH1.2021",398,398,-0.192600431977386,"ok"
"DAP","BI_new","FPC4","FPC4_BI_new","WIH2.2020",1127,1127,-0.110584002605752,"ok"
"DAP","BI_new","FPC4","FPC4_BI_new","WIH2.2021",1137,1137,0.155435828230308,"ok"
"DAP","BI_new","FPC4","FPC4_BI_new","WIH3.2020",415,415,-0.0790927876728154,"ok"
"DAP","BI_new","FPC4","FPC4_BI_new","WIH3.2021",397,397,0.100814883282431,"ok"
"DAP","BI_new","FPC5","FPC5_BI_new","DEH1.2020",1142,1142,-0.0124603509668314,"ok"
"DAP","BI_new","FPC5","FPC5_BI_new","IAH4.2021",1128,1128,-0.0751402511224503,"ok"
"DAP","BI_new","FPC5","FPC5_BI_new","MIH1.2020",414,414,-0.13100491340252,"ok"
"DAP","BI_new","FPC5","FPC5_BI_new","MNH1.2020",395,395,-0.429882743901758,"ok"
"DAP","BI_new","FPC5","FPC5_BI_new","MNH1.2021",415,415,-0.148539481549982,"ok"
"DAP","BI_new","FPC5","FPC5_BI_new","MOH1.2020",1006,1006,0.0299503859303112,"ok"
"DAP","BI_new","FPC5","FPC5_BI_new","NEH1.2021",246,246,-0.0439195188245053,"ok"
"DAP","BI_new","FPC5","FPC5_BI_new","TXH1.2020",246,246,0.379141514563477,"ok"
"DAP","BI_new","FPC5","FPC5_BI_new","TXH1.2021",246,246,0.00711729631886804,"ok"
"DAP","BI_new","FPC5","FPC5_BI_new","TXH2.2020",246,246,0.102288541066314,"ok"
"DAP","BI_new","FPC5","FPC5_BI_new","TXH2.2021",246,246,0.0198627091106049,"ok"
"DAP","BI_new","FPC5","FPC5_BI_new","TXH3.2020",266,266,-0.0710163054365311,"ok"
"DAP","BI_new","FPC5","FPC5_BI_new","TXH3.2021",245,245,-0.202588136138874,"ok"
"DAP","BI_new","FPC5","FPC5_BI_new","WIH1.2020",394,394,-0.0882197354304072,"ok"
"DAP","BI_new","FPC5","FPC5_BI_new","WIH1.2021",398,398,-0.214195633274812,"ok"
"DAP","BI_new","FPC5","FPC5_BI_new","WIH2.2020",1127,1127,-0.0286372735548392,"ok"
"DAP","BI_new","FPC5","FPC5_BI_new","WIH2.2021",1137,1137,0.123605354155782,"ok"
"DAP","BI_new","FPC5","FPC5_BI_new","WIH3.2020",415,415,-0.187866620056719,"ok"
"DAP","BI_new","FPC5","FPC5_BI_new","WIH3.2021",397,397,0.0164711641483672,"ok"
"DAP","CIVE","FPC1","FPC1_CIVE","DEH1.2020",1142,1142,0.356436714729281,"ok"
"DAP","CIVE","FPC1","FPC1_CIVE","IAH4.2021",1128,1128,0.0316259370329348,"ok"
"DAP","CIVE","FPC1","FPC1_CIVE","MIH1.2020",414,414,0.167325907438446,"ok"
"DAP","CIVE","FPC1","FPC1_CIVE","MNH1.2020",395,395,-0.521858515750569,"ok"
"DAP","CIVE","FPC1","FPC1_CIVE","MNH1.2021",415,415,-0.244086288831725,"ok"
"DAP","CIVE","FPC1","FPC1_CIVE","MOH1.2020",1006,1006,-0.366040078546345,"ok"
"DAP","CIVE","FPC1","FPC1_CIVE","NEH1.2021",246,246,0.323813400727615,"ok"
"DAP","CIVE","FPC1","FPC1_CIVE","TXH1.2020",246,246,-0.299628933115846,"ok"
"DAP","CIVE","FPC1","FPC1_CIVE","TXH1.2021",246,246,0.186110197074459,"ok"
"DAP","CIVE","FPC1","FPC1_CIVE","TXH2.2020",246,246,-0.00155578339985138,"ok"
"DAP","CIVE","FPC1","FPC1_CIVE","TXH2.2021",246,246,0.0783608768200394,"ok"
"DAP","CIVE","FPC1","FPC1_CIVE","TXH3.2020",266,266,-0.162995894533687,"ok"
"DAP","CIVE","FPC1","FPC1_CIVE","TXH3.2021",245,245,0.126278160719109,"ok"
"DAP","CIVE","FPC1","FPC1_CIVE","WIH1.2020",394,394,-0.235416878530024,"ok"
"DAP","CIVE","FPC1","FPC1_CIVE","WIH1.2021",398,398,-0.148453964393553,"ok"
"DAP","CIVE","FPC1","FPC1_CIVE","WIH2.2020",1127,1127,-0.0706820463396672,"ok"
"DAP","CIVE","FPC1","FPC1_CIVE","WIH2.2021",1137,1137,-0.116903255482094,"ok"
"DAP","CIVE","FPC1","FPC1_CIVE","WIH3.2020",415,415,-0.0586993994588855,"ok"
"DAP","CIVE","FPC1","FPC1_CIVE","WIH3.2021",397,397,-0.0445705462614614,"ok"
"DAP","CIVE","FPC2","FPC2_CIVE","DEH1.2020",1142,1142,0.196206607337052,"ok"
"DAP","CIVE","FPC2","FPC2_CIVE","IAH4.2021",1128,1128,0.054860155101575,"ok"
"DAP","CIVE","FPC2","FPC2_CIVE","MIH1.2020",414,414,-0.338874817787162,"ok"
"DAP","CIVE","FPC2","FPC2_CIVE","MNH1.2020",395,395,-0.274421112397674,"ok"
"DAP","CIVE","FPC2","FPC2_CIVE","MNH1.2021",415,415,-0.197166866726859,"ok"
"DAP","CIVE","FPC2","FPC2_CIVE","MOH1.2020",1006,1006,-0.102590908499543,"ok"
"DAP","CIVE","FPC2","FPC2_CIVE","NEH1.2021",246,246,-0.0818853689401452,"ok"
"DAP","CIVE","FPC2","FPC2_CIVE","TXH1.2020",246,246,-0.0892437759036959,"ok"
"DAP","CIVE","FPC2","FPC2_CIVE","TXH1.2021",246,246,0.0252204431898928,"ok"
"DAP","CIVE","FPC2","FPC2_CIVE","TXH2.2020",246,246,-0.228660815190894,"ok"
"DAP","CIVE","FPC2","FPC2_CIVE","TXH2.2021",246,246,0.0510944353597959,"ok"
"DAP","CIVE","FPC2","FPC2_CIVE","TXH3.2020",266,266,-0.271336599309326,"ok"
"DAP","CIVE","FPC2","FPC2_CIVE","TXH3.2021",245,245,-0.116456949316291,"ok"
"DAP","CIVE","FPC2","FPC2_CIVE","WIH1.2020",394,394,-0.36563944184237,"ok"
"DAP","CIVE","FPC2","FPC2_CIVE","WIH1.2021",398,398,-0.341557778861255,"ok"
"DAP","CIVE","FPC2","FPC2_CIVE","WIH2.2020",1127,1127,-0.227324012326143,"ok"
"DAP","CIVE","FPC2","FPC2_CIVE","WIH2.2021",1137,1137,-0.00950425142969666,"ok"
"DAP","CIVE","FPC2","FPC2_CIVE","WIH3.2020",415,415,-0.0958729024643247,"ok"
"DAP","CIVE","FPC2","FPC2_CIVE","WIH3.2021",397,397,-0.318716848237708,"ok"
"DAP","CIVE","FPC3","FPC3_CIVE","DEH1.2020",1142,1142,0.373429201628409,"ok"
"DAP","CIVE","FPC3","FPC3_CIVE","IAH4.2021",1128,1128,0.0957356206907776,"ok"
"DAP","CIVE","FPC3","FPC3_CIVE","MIH1.2020",414,414,-0.101055695278664,"ok"
"DAP","CIVE","FPC3","FPC3_CIVE","MNH1.2020",395,395,-0.134986122594287,"ok"
"DAP","CIVE","FPC3","FPC3_CIVE","MNH1.2021",415,415,-0.145698055340942,"ok"
"DAP","CIVE","FPC3","FPC3_CIVE","MOH1.2020",1006,1006,-0.177723634623869,"ok"
"DAP","CIVE","FPC3","FPC3_CIVE","NEH1.2021",246,246,0.342303251515163,"ok"
"DAP","CIVE","FPC3","FPC3_CIVE","TXH1.2020",246,246,-0.186746338434852,"ok"
"DAP","CIVE","FPC3","FPC3_CIVE","TXH1.2021",246,246,-0.0688151296133639,"ok"
"DAP","CIVE","FPC3","FPC3_CIVE","TXH2.2020",246,246,0.0314832601769951,"ok"
"DAP","CIVE","FPC3","FPC3_CIVE","TXH2.2021",246,246,0.345414085016785,"ok"
"DAP","CIVE","FPC3","FPC3_CIVE","TXH3.2020",266,266,-0.0355184258882522,"ok"
"DAP","CIVE","FPC3","FPC3_CIVE","TXH3.2021",245,245,-0.2726838861119,"ok"
"DAP","CIVE","FPC3","FPC3_CIVE","WIH1.2020",394,394,-0.045405600780457,"ok"
"DAP","CIVE","FPC3","FPC3_CIVE","WIH1.2021",398,398,-0.181522501666312,"ok"
"DAP","CIVE","FPC3","FPC3_CIVE","WIH2.2020",1127,1127,0.156489113622183,"ok"
"DAP","CIVE","FPC3","FPC3_CIVE","WIH2.2021",1137,1137,0.00213512198761169,"ok"
"DAP","CIVE","FPC3","FPC3_CIVE","WIH3.2020",415,415,0.0347730687201568,"ok"
"DAP","CIVE","FPC3","FPC3_CIVE","WIH3.2021",397,397,0.186117993901418,"ok"
"DAP","CIVE","FPC4","FPC4_CIVE","DEH1.2020",1142,1142,0.00078259427898151,"ok"
"DAP","CIVE","FPC4","FPC4_CIVE","IAH4.2021",1128,1128,0.211616808989128,"ok"
"DAP","CIVE","FPC4","FPC4_CIVE","MIH1.2020",414,414,0.0254979627332773,"ok"
"DAP","CIVE","FPC4","FPC4_CIVE","MNH1.2020",395,395,-0.312324369888261,"ok"
"DAP","CIVE","FPC4","FPC4_CIVE","MNH1.2021",415,415,-0.0747335775317712,"ok"
"DAP","CIVE","FPC4","FPC4_CIVE","MOH1.2020",1006,1006,-0.354840806449622,"ok"
"DAP","CIVE","FPC4","FPC4_CIVE","NEH1.2021",246,246,-0.261475069476625,"ok"
"DAP","CIVE","FPC4","FPC4_CIVE","TXH1.2020",246,246,0.367173075151339,"ok"
"DAP","CIVE","FPC4","FPC4_CIVE","TXH1.2021",246,246,0.124977128835215,"ok"
"DAP","CIVE","FPC4","FPC4_CIVE","TXH2.2020",246,246,0.182292582467328,"ok"
"DAP","CIVE","FPC4","FPC4_CIVE","TXH2.2021",246,246,-0.28819373065435,"ok"
"DAP","CIVE","FPC4","FPC4_CIVE","TXH3.2020",266,266,-0.0171701123409135,"ok"
"DAP","CIVE","FPC4","FPC4_CIVE","TXH3.2021",245,245,0.184089566774595,"ok"
"DAP","CIVE","FPC4","FPC4_CIVE","WIH1.2020",394,394,-0.0763174641515058,"ok"
"DAP","CIVE","FPC4","FPC4_CIVE","WIH1.2021",398,398,0.267252901785126,"ok"
"DAP","CIVE","FPC4","FPC4_CIVE","WIH2.2020",1127,1127,0.180437744187981,"ok"
"DAP","CIVE","FPC4","FPC4_CIVE","WIH2.2021",1137,1137,0.212361032410663,"ok"
"DAP","CIVE","FPC4","FPC4_CIVE","WIH3.2020",415,415,-0.0166537135806807,"ok"
"DAP","CIVE","FPC4","FPC4_CIVE","WIH3.2021",397,397,-0.153555578130674,"ok"
"DAP","CIVE","FPC5","FPC5_CIVE","DEH1.2020",1142,1142,-0.109566275364204,"ok"
"DAP","CIVE","FPC5","FPC5_CIVE","IAH4.2021",1128,1128,-0.14780689049177,"ok"
"DAP","CIVE","FPC5","FPC5_CIVE","MIH1.2020",414,414,-0.33884862939094,"ok"
"DAP","CIVE","FPC5","FPC5_CIVE","MNH1.2020",395,395,-0.0972966706493609,"ok"
"DAP","CIVE","FPC5","FPC5_CIVE","MNH1.2021",415,415,0.0218769056890937,"ok"
"DAP","CIVE","FPC5","FPC5_CIVE","MOH1.2020",1006,1006,0.0720927869180825,"ok"
"DAP","CIVE","FPC5","FPC5_CIVE","NEH1.2021",246,246,0.107805237264892,"ok"
"DAP","CIVE","FPC5","FPC5_CIVE","TXH1.2020",246,246,-0.406981429860335,"ok"
"DAP","CIVE","FPC5","FPC5_CIVE","TXH1.2021",246,246,-0.193382954290902,"ok"
"DAP","CIVE","FPC5","FPC5_CIVE","TXH2.2020",246,246,-0.236506887886162,"ok"
"DAP","CIVE","FPC5","FPC5_CIVE","TXH2.2021",246,246,0.217001019009813,"ok"
"DAP","CIVE","FPC5","FPC5_CIVE","TXH3.2020",266,266,0.0787951433714195,"ok"
"DAP","CIVE","FPC5","FPC5_CIVE","TXH3.2021",245,245,0.112097477117608,"ok"
"DAP","CIVE","FPC5","FPC5_CIVE","WIH1.2020",394,394,-0.252166629436069,"ok"
"DAP","CIVE","FPC5","FPC5_CIVE","WIH1.2021",398,398,-0.353922333978584,"ok"
"DAP","CIVE","FPC5","FPC5_CIVE","WIH2.2020",1127,1127,-0.180193547413145,"ok"
"DAP","CIVE","FPC5","FPC5_CIVE","WIH2.2021",1137,1137,-0.135045944958903,"ok"
"DAP","CIVE","FPC5","FPC5_CIVE","WIH3.2020",415,415,-0.115383728409441,"ok"
"DAP","CIVE","FPC5","FPC5_CIVE","WIH3.2021",397,397,-0.0927744053247351,"ok"
"DAP","COM1","FPC1","FPC1_COM1","DEH1.2020",1142,1142,0.236361017252834,"ok"
"DAP","COM1","FPC1","FPC1_COM1","IAH4.2021",1128,1128,0.188765268505655,"ok"
"DAP","COM1","FPC1","FPC1_COM1","MIH1.2020",414,414,0.302519894620254,"ok"
"DAP","COM1","FPC1","FPC1_COM1","MNH1.2020",395,395,0.0282147360646367,"ok"
"DAP","COM1","FPC1","FPC1_COM1","MNH1.2021",415,415,-0.0265372708284851,"ok"
"DAP","COM1","FPC1","FPC1_COM1","MOH1.2020",1006,1006,-0.313381423717351,"ok"
"DAP","COM1","FPC1","FPC1_COM1","NEH1.2021",246,246,0.359480822464805,"ok"
"DAP","COM1","FPC1","FPC1_COM1","TXH1.2020",246,246,0.428586346973378,"ok"
"DAP","COM1","FPC1","FPC1_COM1","TXH1.2021",246,246,0.0867039594502153,"ok"
"DAP","COM1","FPC1","FPC1_COM1","TXH2.2020",246,246,0.33371993372306,"ok"
"DAP","COM1","FPC1","FPC1_COM1","TXH2.2021",246,246,0.241499542419766,"ok"
"DAP","COM1","FPC1","FPC1_COM1","TXH3.2020",266,266,0.191562010982337,"ok"
"DAP","COM1","FPC1","FPC1_COM1","TXH3.2021",245,245,0.12128037117461,"ok"
"DAP","COM1","FPC1","FPC1_COM1","WIH1.2020",394,394,-0.000872022367505017,"ok"
"DAP","COM1","FPC1","FPC1_COM1","WIH1.2021",398,398,0.069158140475362,"ok"
"DAP","COM1","FPC1","FPC1_COM1","WIH2.2020",1127,1127,0.0550512991773762,"ok"
"DAP","COM1","FPC1","FPC1_COM1","WIH2.2021",1137,1137,-0.0182820550135605,"ok"
"DAP","COM1","FPC1","FPC1_COM1","WIH3.2020",415,415,-0.104838760058361,"ok"
"DAP","COM1","FPC1","FPC1_COM1","WIH3.2021",397,397,-0.0278602778103411,"ok"
"DAP","COM1","FPC2","FPC2_COM1","DEH1.2020",1142,1142,-0.116134843267656,"ok"
"DAP","COM1","FPC2","FPC2_COM1","IAH4.2021",1128,1128,0.0574262380918079,"ok"
"DAP","COM1","FPC2","FPC2_COM1","MIH1.2020",414,414,0.184930186769223,"ok"
"DAP","COM1","FPC2","FPC2_COM1","MNH1.2020",395,395,0.383161355965492,"ok"
"DAP","COM1","FPC2","FPC2_COM1","MNH1.2021",415,415,0.190042252839116,"ok"
"DAP","COM1","FPC2","FPC2_COM1","MOH1.2020",1006,1006,0.258412089588305,"ok"
"DAP","COM1","FPC2","FPC2_COM1","NEH1.2021",246,246,-0.045919373566099,"ok"
"DAP","COM1","FPC2","FPC2_COM1","TXH1.2020",246,246,0.312456531592549,"ok"
"DAP","COM1","FPC2","FPC2_COM1","TXH1.2021",246,246,-0.0670367266542855,"ok"
"DAP","COM1","FPC2","FPC2_COM1","TXH2.2020",246,246,0.127093221286891,"ok"
"DAP","COM1","FPC2","FPC2_COM1","TXH2.2021",246,246,-0.11292110402288,"ok"
"DAP","COM1","FPC2","FPC2_COM1","TXH3.2020",266,266,0.240282720592924,"ok"
"DAP","COM1","FPC2","FPC2_COM1","TXH3.2021",245,245,0.191965361407717,"ok"
"DAP","COM1","FPC2","FPC2_COM1","WIH1.2020",394,394,0.223192161692367,"ok"
"DAP","COM1","FPC2","FPC2_COM1","WIH1.2021",398,398,0.201199647153605,"ok"
"DAP","COM1","FPC2","FPC2_COM1","WIH2.2020",1127,1127,0.0669553373774811,"ok"
"DAP","COM1","FPC2","FPC2_COM1","WIH2.2021",1137,1137,-0.0393062648893151,"ok"
"DAP","COM1","FPC2","FPC2_COM1","WIH3.2020",415,415,-0.050268068199527,"ok"
"DAP","COM1","FPC2","FPC2_COM1","WIH3.2021",397,397,0.248637506354303,"ok"
"DAP","COM1","FPC3","FPC3_COM1","DEH1.2020",1142,1142,-0.024187000650187,"ok"
"DAP","COM1","FPC3","FPC3_COM1","IAH4.2021",1128,1128,0.139727958339572,"ok"
"DAP","COM1","FPC3","FPC3_COM1","MIH1.2020",414,414,0.193857392296639,"ok"
"DAP","COM1","FPC3","FPC3_COM1","MNH1.2020",395,395,0.476185017409577,"ok"
"DAP","COM1","FPC3","FPC3_COM1","MNH1.2021",415,415,0.265184853224426,"ok"
"DAP","COM1","FPC3","FPC3_COM1","MOH1.2020",1006,1006,0.362915870089337,"ok"
"DAP","COM1","FPC3","FPC3_COM1","NEH1.2021",246,246,0.0573752821161034,"ok"
"DAP","COM1","FPC3","FPC3_COM1","TXH1.2020",246,246,0.281665454991721,"ok"
"DAP","COM1","FPC3","FPC3_COM1","TXH1.2021",246,246,0.0189851611064955,"ok"
"DAP","COM1","FPC3","FPC3_COM1","TXH2.2020",246,246,0.263216166875173,"ok"
"DAP","COM1","FPC3","FPC3_COM1","TXH2.2021",246,246,-0.221869399680195,"ok"
"DAP","COM1","FPC3","FPC3_COM1","TXH3.2020",266,266,0.0116608998295802,"ok"
"DAP","COM1","FPC3","FPC3_COM1","TXH3.2021",245,245,0.221911552692662,"ok"
"DAP","COM1","FPC3","FPC3_COM1","WIH1.2020",394,394,0.421587576321676,"ok"
"DAP","COM1","FPC3","FPC3_COM1","WIH1.2021",398,398,0.153171454938483,"ok"
"DAP","COM1","FPC3","FPC3_COM1","WIH2.2020",1127,1127,0.0679562834873977,"ok"
"DAP","COM1","FPC3","FPC3_COM1","WIH2.2021",1137,1137,0.106803725248974,"ok"
"DAP","COM1","FPC3","FPC3_COM1","WIH3.2020",415,415,0.0023816949443278,"ok"
"DAP","COM1","FPC3","FPC3_COM1","WIH3.2021",397,397,0.202133085691925,"ok"
"DAP","COM1","FPC4","FPC4_COM1","DEH1.2020",1142,1142,-0.156527654032229,"ok"
"DAP","COM1","FPC4","FPC4_COM1","IAH4.2021",1128,1128,-0.169248706278169,"ok"
"DAP","COM1","FPC4","FPC4_COM1","MIH1.2020",414,414,0.085262657105191,"ok"
"DAP","COM1","FPC4","FPC4_COM1","MNH1.2020",395,395,0.156281167272366,"ok"
"DAP","COM1","FPC4","FPC4_COM1","MNH1.2021",415,415,0.0618058809189585,"ok"
"DAP","COM1","FPC4","FPC4_COM1","MOH1.2020",1006,1006,0.110316772189642,"ok"
"DAP","COM1","FPC4","FPC4_COM1","NEH1.2021",246,246,-0.169173229312633,"ok"
"DAP","COM1","FPC4","FPC4_COM1","TXH1.2020",246,246,-0.211628828430002,"ok"
"DAP","COM1","FPC4","FPC4_COM1","TXH1.2021",246,246,0.0378542126870532,"ok"
"DAP","COM1","FPC4","FPC4_COM1","TXH2.2020",246,246,-0.02870263567216,"ok"
"DAP","COM1","FPC4","FPC4_COM1","TXH2.2021",246,246,-0.28168806096758,"ok"
"DAP","COM1","FPC4","FPC4_COM1","TXH3.2020",266,266,0.145521134034147,"ok"
"DAP","COM1","FPC4","FPC4_COM1","TXH3.2021",245,245,0.263286279921607,"ok"
"DAP","COM1","FPC4","FPC4_COM1","WIH1.2020",394,394,0.0705024036223645,"ok"
"DAP","COM1","FPC4","FPC4_COM1","WIH1.2021",398,398,0.0424005227281471,"ok"
"DAP","COM1","FPC4","FPC4_COM1","WIH2.2020",1127,1127,0.017702268453731,"ok"
"DAP","COM1","FPC4","FPC4_COM1","WIH2.2021",1137,1137,0.0261191589112653,"ok"
"DAP","COM1","FPC4","FPC4_COM1","WIH3.2020",415,415,-0.019592580733716,"ok"
"DAP","COM1","FPC4","FPC4_COM1","WIH3.2021",397,397,0.156462487109336,"ok"
"DAP","COM1","FPC5","FPC5_COM1","DEH1.2020",1142,1142,0.0275401537765549,"ok"
"DAP","COM1","FPC5","FPC5_COM1","IAH4.2021",1128,1128,-0.143115031278714,"ok"
"DAP","COM1","FPC5","FPC5_COM1","MIH1.2020",414,414,-0.00600960546776412,"ok"
"DAP","COM1","FPC5","FPC5_COM1","MNH1.2020",395,395,-0.131302884711141,"ok"
"DAP","COM1","FPC5","FPC5_COM1","MNH1.2021",415,415,-0.00368306848924105,"ok"
"DAP","COM1","FPC5","FPC5_COM1","MOH1.2020",1006,1006,0.315682862043009,"ok"
"DAP","COM1","FPC5","FPC5_COM1","NEH1.2021",246,246,-0.185414999571579,"ok"
"DAP","COM1","FPC5","FPC5_COM1","TXH1.2020",246,246,-0.00328017608076308,"ok"
"DAP","COM1","FPC5","FPC5_COM1","TXH1.2021",246,246,-0.111329943372559,"ok"
"DAP","COM1","FPC5","FPC5_COM1","TXH2.2020",246,246,0.119218412945889,"ok"
"DAP","COM1","FPC5","FPC5_COM1","TXH2.2021",246,246,0.366874395017966,"ok"
"DAP","COM1","FPC5","FPC5_COM1","TXH3.2020",266,266,-0.143248708183464,"ok"
"DAP","COM1","FPC5","FPC5_COM1","TXH3.2021",245,245,0.147315436270068,"ok"
"DAP","COM1","FPC5","FPC5_COM1","WIH1.2020",394,394,-0.0968129841155506,"ok"
"DAP","COM1","FPC5","FPC5_COM1","WIH1.2021",398,398,-0.0628515820494028,"ok"
"DAP","COM1","FPC5","FPC5_COM1","WIH2.2020",1127,1127,-0.0493203783495874,"ok"
"DAP","COM1","FPC5","FPC5_COM1","WIH2.2021",1137,1137,-0.0220262081594768,"ok"
"DAP","COM1","FPC5","FPC5_COM1","WIH3.2020",415,415,-0.0181823383987182,"ok"
"DAP","COM1","FPC5","FPC5_COM1","WIH3.2021",397,397,-0.0257836583466955,"ok"
"DAP","COM2","FPC1","FPC1_COM2","DEH1.2020",1142,1142,0.272247872427864,"ok"
"DAP","COM2","FPC1","FPC1_COM2","IAH4.2021",1128,1128,0.135948747803297,"ok"
"DAP","COM2","FPC1","FPC1_COM2","MIH1.2020",414,414,0.348081173658223,"ok"
"DAP","COM2","FPC1","FPC1_COM2","MNH1.2020",395,395,-0.276642968114537,"ok"
"DAP","COM2","FPC1","FPC1_COM2","MNH1.2021",415,415,-0.10251689855918,"ok"
"DAP","COM2","FPC1","FPC1_COM2","MOH1.2020",1006,1006,-0.352915540401706,"ok"
"DAP","COM2","FPC1","FPC1_COM2","NEH1.2021",246,246,0.324899304201339,"ok"
"DAP","COM2","FPC1","FPC1_COM2","TXH1.2020",246,246,0.117191278620391,"ok"
"DAP","COM2","FPC1","FPC1_COM2","TXH1.2021",246,246,0.190765068554253,"ok"
"DAP","COM2","FPC1","FPC1_COM2","TXH2.2020",246,246,0.326187191689866,"ok"
"DAP","COM2","FPC1","FPC1_COM2","TXH2.2021",246,246,0.0235148615954179,"ok"
"DAP","COM2","FPC1","FPC1_COM2","TXH3.2020",266,266,0.301436475724871,"ok"
"DAP","COM2","FPC1","FPC1_COM2","TXH3.2021",245,245,0.228501994011709,"ok"
"DAP","COM2","FPC1","FPC1_COM2","WIH1.2020",394,394,0.0360057764805912,"ok"
"DAP","COM2","FPC1","FPC1_COM2","WIH1.2021",398,398,0.157824584666555,"ok"
"DAP","COM2","FPC1","FPC1_COM2","WIH2.2020",1127,1127,0.105619807614999,"ok"
"DAP","COM2","FPC1","FPC1_COM2","WIH2.2021",1137,1137,-0.180161602891583,"ok"
"DAP","COM2","FPC1","FPC1_COM2","WIH3.2020",415,415,-0.12699880904356,"ok"
"DAP","COM2","FPC1","FPC1_COM2","WIH3.2021",397,397,0.149614922862991,"ok"
"DAP","COM2","FPC2","FPC2_COM2","DEH1.2020",1142,1142,-0.120094714370095,"ok"
"DAP","COM2","FPC2","FPC2_COM2","IAH4.2021",1128,1128,0.113102019512003,"ok"
"DAP","COM2","FPC2","FPC2_COM2","MIH1.2020",414,414,0.19784065763707,"ok"
"DAP","COM2","FPC2","FPC2_COM2","MNH1.2020",395,395,0.360908980394283,"ok"
"DAP","COM2","FPC2","FPC2_COM2","MNH1.2021",415,415,0.171526308484082,"ok"
"DAP","COM2","FPC2","FPC2_COM2","MOH1.2020",1006,1006,0.280391625860244,"ok"
"DAP","COM2","FPC2","FPC2_COM2","NEH1.2021",246,246,0.032895896075114,"ok"
"DAP","COM2","FPC2","FPC2_COM2","TXH1.2020",246,246,0.48404123968101,"ok"
"DAP","COM2","FPC2","FPC2_COM2","TXH1.2021",246,246,-0.101113462165301,"ok"
"DAP","COM2","FPC2","FPC2_COM2","TXH2.2020",246,246,0.326006286010433,"ok"
"DAP","COM2","FPC2","FPC2_COM2","TXH2.2021",246,246,0.190701694371167,"ok"
"DAP","COM2","FPC2","FPC2_COM2","TXH3.2020",266,266,0.23242409306069,"ok"
"DAP","COM2","FPC2","FPC2_COM2","TXH3.2021",245,245,0.207905761307722,"ok"
"DAP","COM2","FPC2","FPC2_COM2","WIH1.2020",394,394,0.407790708143563,"ok"
"DAP","COM2","FPC2","FPC2_COM2","WIH1.2021",398,398,0.246442713468447,"ok"
"DAP","COM2","FPC2","FPC2_COM2","WIH2.2020",1127,1127,0.172225824043324,"ok"
"DAP","COM2","FPC2","FPC2_COM2","WIH2.2021",1137,1137,-0.0335599308775682,"ok"
"DAP","COM2","FPC2","FPC2_COM2","WIH3.2020",415,415,-0.017890439379105,"ok"
"DAP","COM2","FPC2","FPC2_COM2","WIH3.2021",397,397,0.431724072641633,"ok"
"DAP","COM2","FPC3","FPC3_COM2","DEH1.2020",1142,1142,-0.0741578361109535,"ok"
"DAP","COM2","FPC3","FPC3_COM2","IAH4.2021",1128,1128,0.0499862083069409,"ok"
"DAP","COM2","FPC3","FPC3_COM2","MIH1.2020",414,414,0.444285167928847,"ok"
"DAP","COM2","FPC3","FPC3_COM2","MNH1.2020",395,395,0.342065097903375,"ok"
"DAP","COM2","FPC3","FPC3_COM2","MNH1.2021",415,415,0.237579514937385,"ok"
"DAP","COM2","FPC3","FPC3_COM2","MOH1.2020",1006,1006,0.292823956636789,"ok"
"DAP","COM2","FPC3","FPC3_COM2","NEH1.2021",246,246,0.011747686643233,"ok"
"DAP","COM2","FPC3","FPC3_COM2","TXH1.2020",246,246,0.256517108309961,"ok"
"DAP","COM2","FPC3","FPC3_COM2","TXH1.2021",246,246,0.0544224651228198,"ok"
"DAP","COM2","FPC3","FPC3_COM2","TXH2.2020",246,246,0.262339985348119,"ok"
"DAP","COM2","FPC3","FPC3_COM2","TXH2.2021",246,246,-0.228117313232017,"ok"
"DAP","COM2","FPC3","FPC3_COM2","TXH3.2020",266,266,0.250461851728215,"ok"
"DAP","COM2","FPC3","FPC3_COM2","TXH3.2021",245,245,0.335531619017583,"ok"
"DAP","COM2","FPC3","FPC3_COM2","WIH1.2020",394,394,0.202665736748167,"ok"
"DAP","COM2","FPC3","FPC3_COM2","WIH1.2021",398,398,0.377765647495124,"ok"
"DAP","COM2","FPC3","FPC3_COM2","WIH2.2020",1127,1127,0.126316112302363,"ok"
"DAP","COM2","FPC3","FPC3_COM2","WIH2.2021",1137,1137,0.0931895054221761,"ok"
"DAP","COM2","FPC3","FPC3_COM2","WIH3.2020",415,415,-0.07499998758005,"ok"
"DAP","COM2","FPC3","FPC3_COM2","WIH3.2021",397,397,0.0738103474907822,"ok"
"DAP","COM2","FPC4","FPC4_COM2","DEH1.2020",1142,1142,0.243609709285309,"ok"
"DAP","COM2","FPC4","FPC4_COM2","IAH4.2021",1128,1128,0.146857767688913,"ok"
"DAP","COM2","FPC4","FPC4_COM2","MIH1.2020",414,414,0.150189685734101,"ok"
"DAP","COM2","FPC4","FPC4_COM2","MNH1.2020",395,395,0.45926968510827,"ok"
"DAP","COM2","FPC4","FPC4_COM2","MNH1.2021",415,415,0.176937806359496,"ok"
"DAP","COM2","FPC4","FPC4_COM2","MOH1.2020",1006,1006,0.334400906288414,"ok"
"DAP","COM2","FPC4","FPC4_COM2","NEH1.2021",246,246,0.23039152572896,"ok"
"DAP","COM2","FPC4","FPC4_COM2","TXH1.2020",246,246,0.372244650308512,"ok"
"DAP","COM2","FPC4","FPC4_COM2","TXH1.2021",246,246,0.0450106829296957,"ok"
"DAP","COM2","FPC4","FPC4_COM2","TXH2.2020",246,246,0.250442472088717,"ok"
"DAP","COM2","FPC4","FPC4_COM2","TXH2.2021",246,246,0.160353256274354,"ok"
"DAP","COM2","FPC4","FPC4_COM2","TXH3.2020",266,266,-0.0103315939046119,"ok"
"DAP","COM2","FPC4","FPC4_COM2","TXH3.2021",245,245,-0.204924589898235,"ok"
"DAP","COM2","FPC4","FPC4_COM2","WIH1.2020",394,394,0.338351193114759,"ok"
"DAP","COM2","FPC4","FPC4_COM2","WIH1.2021",398,398,0.00863459306943302,"ok"
"DAP","COM2","FPC4","FPC4_COM2","WIH2.2020",1127,1127,0.00376336764440653,"ok"
"DAP","COM2","FPC4","FPC4_COM2","WIH2.2021",1137,1137,0.134083645467404,"ok"
"DAP","COM2","FPC4","FPC4_COM2","WIH3.2020",415,415,0.144511233395796,"ok"
"DAP","COM2","FPC4","FPC4_COM2","WIH3.2021",397,397,0.157409996011781,"ok"
"DAP","COM2","FPC5","FPC5_COM2","DEH1.2020",1142,1142,-0.195139478216436,"ok"
"DAP","COM2","FPC5","FPC5_COM2","IAH4.2021",1128,1128,0.079640920590945,"ok"
"DAP","COM2","FPC5","FPC5_COM2","MIH1.2020",414,414,0.193872742548393,"ok"
"DAP","COM2","FPC5","FPC5_COM2","MNH1.2020",395,395,0.116278859582874,"ok"
"DAP","COM2","FPC5","FPC5_COM2","MNH1.2021",415,415,0.014516857053229,"ok"
"DAP","COM2","FPC5","FPC5_COM2","MOH1.2020",1006,1006,-0.163994676734102,"ok"
"DAP","COM2","FPC5","FPC5_COM2","NEH1.2021",246,246,-0.206475942884473,"ok"
"DAP","COM2","FPC5","FPC5_COM2","TXH1.2020",246,246,-0.0220020663216498,"ok"
"DAP","COM2","FPC5","FPC5_COM2","TXH1.2021",246,246,0.123280060428002,"ok"
"DAP","COM2","FPC5","FPC5_COM2","TXH2.2020",246,246,-0.0440541495915855,"ok"
"DAP","COM2","FPC5","FPC5_COM2","TXH2.2021",246,246,-0.351938367432631,"ok"
"DAP","COM2","FPC5","FPC5_COM2","TXH3.2020",266,266,0.207924094935747,"ok"
"DAP","COM2","FPC5","FPC5_COM2","TXH3.2021",245,245,-0.121811253903897,"ok"
"DAP","COM2","FPC5","FPC5_COM2","WIH1.2020",394,394,0.297514689713425,"ok"
"DAP","COM2","FPC5","FPC5_COM2","WIH1.2021",398,398,0.245612876598608,"ok"
"DAP","COM2","FPC5","FPC5_COM2","WIH2.2020",1127,1127,0.064501606409371,"ok"
"DAP","COM2","FPC5","FPC5_COM2","WIH2.2021",1137,1137,0.0241229734245602,"ok"
"DAP","COM2","FPC5","FPC5_COM2","WIH3.2020",415,415,0.0749023888256456,"ok"
"DAP","COM2","FPC5","FPC5_COM2","WIH3.2021",397,397,0.0708110920864978,"ok"
"DAP","EXR","FPC1","FPC1_EXR","DEH1.2020",1142,1142,-0.265307951044072,"ok"
"DAP","EXR","FPC1","FPC1_EXR","IAH4.2021",1128,1128,-0.23236758780244,"ok"
"DAP","EXR","FPC1","FPC1_EXR","MIH1.2020",414,414,-0.216792063109577,"ok"
"DAP","EXR","FPC1","FPC1_EXR","MNH1.2020",395,395,-0.0983418380133635,"ok"
"DAP","EXR","FPC1","FPC1_EXR","MNH1.2021",415,415,0.114222088089328,"ok"
"DAP","EXR","FPC1","FPC1_EXR","MOH1.2020",1006,1006,0.197553377834074,"ok"
"DAP","EXR","FPC1","FPC1_EXR","NEH1.2021",246,246,-0.153987751976883,"ok"
"DAP","EXR","FPC1","FPC1_EXR","TXH1.2020",246,246,-0.528022428814508,"ok"
"DAP","EXR","FPC1","FPC1_EXR","TXH1.2021",246,246,-0.21037759547538,"ok"
"DAP","EXR","FPC1","FPC1_EXR","TXH2.2020",246,246,-0.291307067833411,"ok"
"DAP","EXR","FPC1","FPC1_EXR","TXH2.2021",246,246,-0.094549892435826,"ok"
"DAP","EXR","FPC1","FPC1_EXR","TXH3.2020",266,266,-0.14115670430142,"ok"
"DAP","EXR","FPC1","FPC1_EXR","TXH3.2021",245,245,-0.206582985484037,"ok"
"DAP","EXR","FPC1","FPC1_EXR","WIH1.2020",394,394,-0.169446607388539,"ok"
"DAP","EXR","FPC1","FPC1_EXR","WIH1.2021",398,398,-0.177760509389167,"ok"
"DAP","EXR","FPC1","FPC1_EXR","WIH2.2020",1127,1127,-0.0585699534267768,"ok"
"DAP","EXR","FPC1","FPC1_EXR","WIH2.2021",1137,1137,0.139145177780079,"ok"
"DAP","EXR","FPC1","FPC1_EXR","WIH3.2020",415,415,0.145781640866824,"ok"
"DAP","EXR","FPC1","FPC1_EXR","WIH3.2021",397,397,-0.0584605432546912,"ok"
"DAP","EXR","FPC2","FPC2_EXR","DEH1.2020",1142,1142,-0.0163197357667101,"ok"
"DAP","EXR","FPC2","FPC2_EXR","IAH4.2021",1128,1128,-0.158694388963799,"ok"
"DAP","EXR","FPC2","FPC2_EXR","MIH1.2020",414,414,-0.240419849933758,"ok"
"DAP","EXR","FPC2","FPC2_EXR","MNH1.2020",395,395,-0.217040594135451,"ok"
"DAP","EXR","FPC2","FPC2_EXR","MNH1.2021",415,415,-0.171246284529483,"ok"
"DAP","EXR","FPC2","FPC2_EXR","MOH1.2020",1006,1006,-0.22015692343076,"ok"
"DAP","EXR","FPC2","FPC2_EXR","NEH1.2021",246,246,-0.0278957493621428,"ok"
"DAP","EXR","FPC2","FPC2_EXR","TXH1.2020",246,246,-0.444916220935947,"ok"
"DAP","EXR","FPC2","FPC2_EXR","TXH1.2021",246,246,0.137759721069108,"ok"
"DAP","EXR","FPC2","FPC2_EXR","TXH2.2020",246,246,-0.262332520729218,"ok"
"DAP","EXR","FPC2","FPC2_EXR","TXH2.2021",246,246,-0.183139458702918,"ok"
"DAP","EXR","FPC2","FPC2_EXR","TXH3.2020",266,266,-0.157121530653013,"ok"
"DAP","EXR","FPC2","FPC2_EXR","TXH3.2021",245,245,-0.363570584621155,"ok"
"DAP","EXR","FPC2","FPC2_EXR","WIH1.2020",394,394,-0.24995415146073,"ok"
"DAP","EXR","FPC2","FPC2_EXR","WIH1.2021",398,398,0.117070070995602,"ok"
"DAP","EXR","FPC2","FPC2_EXR","WIH2.2020",1127,1127,-0.0712423594244532,"ok"
"DAP","EXR","FPC2","FPC2_EXR","WIH2.2021",1137,1137,0.023194874002302,"ok"
"DAP","EXR","FPC2","FPC2_EXR","WIH3.2020",415,415,-0.00794417152553146,"ok"
"DAP","EXR","FPC2","FPC2_EXR","WIH3.2021",397,397,-0.314748191508127,"ok"
"DAP","EXR","FPC3","FPC3_EXR","DEH1.2020",1142,1142,-0.199378783972899,"ok"
"DAP","EXR","FPC3","FPC3_EXR","IAH4.2021",1128,1128,-0.0663016858292048,"ok"
"DAP","EXR","FPC3","FPC3_EXR","MIH1.2020",414,414,0.0316128089836437,"ok"
"DAP","EXR","FPC3","FPC3_EXR","MNH1.2020",395,395,-0.138597506958629,"ok"
"DAP","EXR","FPC3","FPC3_EXR","MNH1.2021",415,415,-0.139903625464205,"ok"
"DAP","EXR","FPC3","FPC3_EXR","MOH1.2020",1006,1006,-0.164237878691243,"ok"
"DAP","EXR","FPC3","FPC3_EXR","NEH1.2021",246,246,0.0870560587258238,"ok"
"DAP","EXR","FPC3","FPC3_EXR","TXH1.2020",246,246,0.0918974185651145,"ok"
"DAP","EXR","FPC3","FPC3_EXR","TXH1.2021",246,246,0.133697358392643,"ok"
"DAP","EXR","FPC3","FPC3_EXR","TXH2.2020",246,246,0.0418225794935265,"ok"
"DAP","EXR","FPC3","FPC3_EXR","TXH2.2021",246,246,-0.0252304995607591,"ok"
"DAP","EXR","FPC3","FPC3_EXR","TXH3.2020",266,266,0.144807484079063,"ok"
"DAP","EXR","FPC3","FPC3_EXR","TXH3.2021",245,245,-0.224098932361929,"ok"
"DAP","EXR","FPC3","FPC3_EXR","WIH1.2020",394,394,-0.153195525426821,"ok"
"DAP","EXR","FPC3","FPC3_EXR","WIH1.2021",398,398,-0.171851488928115,"ok"
"DAP","EXR","FPC3","FPC3_EXR","WIH2.2020",1127,1127,0.00965192182164537,"ok"
"DAP","EXR","FPC3","FPC3_EXR","WIH2.2021",1137,1137,0.073209481339736,"ok"
"DAP","EXR","FPC3","FPC3_EXR","WIH3.2020",415,415,0.0891188318906538,"ok"
"DAP","EXR","FPC3","FPC3_EXR","WIH3.2021",397,397,-0.0180369515755817,"ok"
"DAP","EXR","FPC4","FPC4_EXR","DEH1.2020",1142,1142,0.0153063615586859,"ok"
"DAP","EXR","FPC4","FPC4_EXR","IAH4.2021",1128,1128,-0.182192169218362,"ok"
"DAP","EXR","FPC4","FPC4_EXR","MIH1.2020",414,414,0.179000458076274,"ok"
"DAP","EXR","FPC4","FPC4_EXR","MNH1.2020",395,395,-0.142148095701969,"ok"
"DAP","EXR","FPC4","FPC4_EXR","MNH1.2021",415,415,-0.135645656838782,"ok"
"DAP","EXR","FPC4","FPC4_EXR","MOH1.2020",1006,1006,0.245252283012317,"ok"
"DAP","EXR","FPC4","FPC4_EXR","NEH1.2021",246,246,0.0175265103782612,"ok"
"DAP","EXR","FPC4","FPC4_EXR","TXH1.2020",246,246,-0.140017537217572,"ok"
"DAP","EXR","FPC4","FPC4_EXR","TXH1.2021",246,246,-0.113378565120076,"ok"
"DAP","EXR","FPC4","FPC4_EXR","TXH2.2020",246,246,0.128282369183023,"ok"
"DAP","EXR","FPC4","FPC4_EXR","TXH2.2021",246,246,0.356566576120848,"ok"
"DAP","EXR","FPC4","FPC4_EXR","TXH3.2020",266,266,-0.0890831459321877,"ok"
"DAP","EXR","FPC4","FPC4_EXR","TXH3.2021",245,245,0.251495112742787,"ok"
"DAP","EXR","FPC4","FPC4_EXR","WIH1.2020",394,394,-0.164191992472314,"ok"
"DAP","EXR","FPC4","FPC4_EXR","WIH1.2021",398,398,0.20501849207862,"ok"
"DAP","EXR","FPC4","FPC4_EXR","WIH2.2020",1127,1127,0.0477351294696294,"ok"
"DAP","EXR","FPC4","FPC4_EXR","WIH2.2021",1137,1137,-0.251461965096621,"ok"
"DAP","EXR","FPC4","FPC4_EXR","WIH3.2020",415,415,-0.0291156402322132,"ok"
"DAP","EXR","FPC4","FPC4_EXR","WIH3.2021",397,397,0.157152801157243,"ok"
"DAP","EXR","FPC5","FPC5_EXR","DEH1.2020",1142,1142,-0.228889937958564,"ok"
"DAP","EXR","FPC5","FPC5_EXR","IAH4.2021",1128,1128,-0.258634672398399,"ok"
"DAP","EXR","FPC5","FPC5_EXR","MIH1.2020",414,414,0.0528697204676548,"ok"
"DAP","EXR","FPC5","FPC5_EXR","MNH1.2020",395,395,-0.0948413906391787,"ok"
"DAP","EXR","FPC5","FPC5_EXR","MNH1.2021",415,415,-0.173009232970109,"ok"
"DAP","EXR","FPC5","FPC5_EXR","MOH1.2020",1006,1006,-0.218898964254376,"ok"
"DAP","EXR","FPC5","FPC5_EXR","NEH1.2021",246,246,-0.0637642579719943,"ok"
"DAP","EXR","FPC5","FPC5_EXR","TXH1.2020",246,246,0.102639478824069,"ok"
"DAP","EXR","FPC5","FPC5_EXR","TXH1.2021",246,246,0.0567804035028301,"ok"
"DAP","EXR","FPC5","FPC5_EXR","TXH2.2020",246,246,0.356858232187927,"ok"
"DAP","EXR","FPC5","FPC5_EXR","TXH2.2021",246,246,0.462276560031382,"ok"
"DAP","EXR","FPC5","FPC5_EXR","TXH3.2020",266,266,0.128089658299334,"ok"
"DAP","EXR","FPC5","FPC5_EXR","TXH3.2021",245,245,-0.0901949289842234,"ok"
"DAP","EXR","FPC5","FPC5_EXR","WIH1.2020",394,394,-0.116844300572781,"ok"
"DAP","EXR","FPC5","FPC5_EXR","WIH1.2021",398,398,-0.0686244102982225,"ok"
"DAP","EXR","FPC5","FPC5_EXR","WIH2.2020",1127,1127,-0.066624073644377,"ok"
"DAP","EXR","FPC5","FPC5_EXR","WIH2.2021",1137,1137,-0.037998297502813,"ok"
"DAP","EXR","FPC5","FPC5_EXR","WIH3.2020",415,415,0.15795880020781,"ok"
"DAP","EXR","FPC5","FPC5_EXR","WIH3.2021",397,397,0.0430887288064018,"ok"
"DAP","ExG","FPC1","FPC1_ExG","DEH1.2020",1142,1142,-0.303147685814843,"ok"
"DAP","ExG","FPC1","FPC1_ExG","IAH4.2021",1128,1128,-0.0536938722174252,"ok"
"DAP","ExG","FPC1","FPC1_ExG","MIH1.2020",414,414,-0.0899715595915876,"ok"
"DAP","ExG","FPC1","FPC1_ExG","MNH1.2020",395,395,0.524220420125361,"ok"
"DAP","ExG","FPC1","FPC1_ExG","MNH1.2021",415,415,0.240532878569894,"ok"
"DAP","ExG","FPC1","FPC1_ExG","MOH1.2020",1006,1006,0.358547690934967,"ok"
"DAP","ExG","FPC1","FPC1_ExG","NEH1.2021",246,246,-0.233729887077202,"ok"
"DAP","ExG","FPC1","FPC1_ExG","TXH1.2020",246,246,0.25288733652315,"ok"
"DAP","ExG","FPC1","FPC1_ExG","TXH1.2021",246,246,-0.15491768711604,"ok"
"DAP","ExG","FPC1","FPC1_ExG","TXH2.2020",246,246,0.079666727628697,"ok"
"DAP","ExG","FPC1","FPC1_ExG","TXH2.2021",246,246,-0.0985445604600341,"ok"
"DAP","ExG","FPC1","FPC1_ExG","TXH3.2020",266,266,0.199621789881771,"ok"
"DAP","ExG","FPC1","FPC1_ExG","TXH3.2021",245,245,-0.153609670948115,"ok"
"DAP","ExG","FPC1","FPC1_ExG","WIH1.2020",394,394,0.379594536049681,"ok"
"DAP","ExG","FPC1","FPC1_ExG","WIH1.2021",398,398,0.264816926299312,"ok"
"DAP","ExG","FPC1","FPC1_ExG","WIH2.2020",1127,1127,0.160688772854714,"ok"
"DAP","ExG","FPC1","FPC1_ExG","WIH2.2021",1137,1137,0.118721865731986,"ok"
"DAP","ExG","FPC1","FPC1_ExG","WIH3.2020",415,415,0.082952621843024,"ok"
"DAP","ExG","FPC1","FPC1_ExG","WIH3.2021",397,397,0.237368060819054,"ok"
"DAP","ExG","FPC2","FPC2_ExG","DEH1.2020",1142,1142,-0.170492111988109,"ok"
"DAP","ExG","FPC2","FPC2_ExG","IAH4.2021",1128,1128,-0.0563277941496511,"ok"
"DAP","ExG","FPC2","FPC2_ExG","MIH1.2020",414,414,0.327542450835446,"ok"
"DAP","ExG","FPC2","FPC2_ExG","MNH1.2020",395,395,0.265351376974858,"ok"
"DAP","ExG","FPC2","FPC2_ExG","MNH1.2021",415,415,0.204590476724814,"ok"
"DAP","ExG","FPC2","FPC2_ExG","MOH1.2020",1006,1006,0.0531005253126944,"ok"
"DAP","ExG","FPC2","FPC2_ExG","NEH1.2021",246,246,0.0315767536225552,"ok"
"DAP","ExG","FPC2","FPC2_ExG","TXH1.2020",246,246,0.00210535130566329,"ok"
"DAP","ExG","FPC2","FPC2_ExG","TXH1.2021",246,246,0.00421560206169641,"ok"
"DAP","ExG","FPC2","FPC2_ExG","TXH2.2020",246,246,0.19651951202753,"ok"
"DAP","ExG","FPC2","FPC2_ExG","TXH2.2021",246,246,-0.126128334441066,"ok"
"DAP","ExG","FPC2","FPC2_ExG","TXH3.2020",266,266,0.257460354124686,"ok"
"DAP","ExG","FPC2","FPC2_ExG","TXH3.2021",245,245,0.126478523821273,"ok"
"DAP","ExG","FPC2","FPC2_ExG","WIH1.2020",394,394,0.330676559566254,"ok"
"DAP","ExG","FPC2","FPC2_ExG","WIH1.2021",398,398,0.343221063164069,"ok"
"DAP","ExG","FPC2","FPC2_ExG","WIH2.2020",1127,1127,0.221767125987038,"ok"
"DAP","ExG","FPC2","FPC2_ExG","WIH2.2021",1137,1137,-0.00398354135539817,"ok"
"DAP","ExG","FPC2","FPC2_ExG","WIH3.2020",415,415,0.099754453492618,"ok"
"DAP","ExG","FPC2","FPC2_ExG","WIH3.2021",397,397,0.265468808021293,"ok"
"DAP","ExG","FPC3","FPC3_ExG","DEH1.2020",1142,1142,0.235755300291414,"ok"
"DAP","ExG","FPC3","FPC3_ExG","IAH4.2021",1128,1128,0.0565775019339054,"ok"
"DAP","ExG","FPC3","FPC3_ExG","MIH1.2020",414,414,0.0276413095208711,"ok"
"DAP","ExG","FPC3","FPC3_ExG","MNH1.2020",395,395,0.0737885720041616,"ok"
"DAP","ExG","FPC3","FPC3_ExG","MNH1.2021",415,415,-0.0136229423663348,"ok"
"DAP","ExG","FPC3","FPC3_ExG","MOH1.2020",1006,1006,-0.159533304176993,"ok"
"DAP","ExG","FPC3","FPC3_ExG","NEH1.2021",246,246,0.338846585337181,"ok"
"DAP","ExG","FPC3","FPC3_ExG","TXH1.2020",246,246,-0.143538321316667,"ok"
"DAP","ExG","FPC3","FPC3_ExG","TXH1.2021",246,246,-0.0848801932384769,"ok"
"DAP","ExG","FPC3","FPC3_ExG","TXH2.2020",246,246,0.0733372348214347,"ok"
"DAP","ExG","FPC3","FPC3_ExG","TXH2.2021",246,246,0.296852657280451,"ok"
"DAP","ExG","FPC3","FPC3_ExG","TXH3.2020",266,266,0.149299552965038,"ok"
"DAP","ExG","FPC3","FPC3_ExG","TXH3.2021",245,245,-0.204294584964856,"ok"
"DAP","ExG","FPC3","FPC3_ExG","WIH1.2020",394,394,0.0951783002193082,"ok"
"DAP","ExG","FPC3","FPC3_ExG","WIH1.2021",398,398,-0.0696040371570969,"ok"
"DAP","ExG","FPC3","FPC3_ExG","WIH2.2020",1127,1127,0.208601821174011,"ok"
"DAP","ExG","FPC3","FPC3_ExG","WIH2.2021",1137,1137,0.016714027106989,"ok"
"DAP","ExG","FPC3","FPC3_ExG","WIH3.2020",415,415,0.0708697626162699,"ok"
"DAP","ExG","FPC3","FPC3_ExG","WIH3.2021",397,397,0.262055872978585,"ok"
"DAP","ExG","FPC4","FPC4_ExG","DEH1.2020",1142,1142,-0.259886446710583,"ok"
"DAP","ExG","FPC4","FPC4_ExG","IAH4.2021",1128,1128,-0.197378792978989,"ok"
"DAP","ExG","FPC4","FPC4_ExG","MIH1.2020",414,414,-0.0800320831049981,"ok"
"DAP","ExG","FPC4","FPC4_ExG","MNH1.2020",395,395,0.338446872319734,"ok"
"DAP","ExG","FPC4","FPC4_ExG","MNH1.2021",415,415,0.08144998511592,"ok"
"DAP","ExG","FPC4","FPC4_ExG","MOH1.2020",1006,1006,0.349757416152499,"ok"
"DAP","ExG","FPC4","FPC4_ExG","NEH1.2021",246,246,0.242267428816682,"ok"
"DAP","ExG","FPC4","FPC4_ExG","TXH1.2020",246,246,-0.39502274641515,"ok"
"DAP","ExG","FPC4","FPC4_ExG","TXH1.2021",246,246,-0.184213213435001,"ok"
"DAP","ExG","FPC4","FPC4_ExG","TXH2.2020",246,246,-0.271973981715896,"ok"
"DAP","ExG","FPC4","FPC4_ExG","TXH2.2021",246,246,0.31284706471714,"ok"
"DAP","ExG","FPC4","FPC4_ExG","TXH3.2020",266,266,0.0338673513950728,"ok"
"DAP","ExG","FPC4","FPC4_ExG","TXH3.2021",245,245,-0.144405288778316,"ok"
"DAP","ExG","FPC4","FPC4_ExG","WIH1.2020",394,394,0.0257938688098119,"ok"
"DAP","ExG","FPC4","FPC4_ExG","WIH1.2021",398,398,-0.305861689022646,"ok"
"DAP","ExG","FPC4","FPC4_ExG","WIH2.2020",1127,1127,-0.186500127207129,"ok"
"DAP","ExG","FPC4","FPC4_ExG","WIH2.2021",1137,1137,-0.249426514877536,"ok"
"DAP","ExG","FPC4","FPC4_ExG","WIH3.2020",415,415,-0.00152524152765372,"ok"
"DAP","ExG","FPC4","FPC4_ExG","WIH3.2021",397,397,0.0977869661621605,"ok"
"DAP","ExG","FPC5","FPC5_ExG","DEH1.2020",1142,1142,0.0918854162888341,"ok"
"DAP","ExG","FPC5","FPC5_ExG","IAH4.2021",1128,1128,0.137636201795673,"ok"
"DAP","ExG","FPC5","FPC5_ExG","MIH1.2020",414,414,0.369427182919277,"ok"
"DAP","ExG","FPC5","FPC5_ExG","MNH1.2020",395,395,0.147092489167847,"ok"
"DAP","ExG","FPC5","FPC5_ExG","MNH1.2021",415,415,-0.0575088614417831,"ok"
"DAP","ExG","FPC5","FPC5_ExG","MOH1.2020",1006,1006,-0.0958558587134344,"ok"
"DAP","ExG","FPC5","FPC5_ExG","NEH1.2021",246,246,-0.161333349951428,"ok"
"DAP","ExG","FPC5","FPC5_ExG","TXH1.2020",246,246,0.351618405091641,"ok"
"DAP","ExG","FPC5","FPC5_ExG","TXH1.2021",246,246,0.201781069443761,"ok"
"DAP","ExG","FPC5","FPC5_ExG","TXH2.2020",246,246,0.234257049642281,"ok"
"DAP","ExG","FPC5","FPC5_ExG","TXH2.2021",246,246,-0.267095276701829,"ok"
"DAP","ExG","FPC5","FPC5_ExG","TXH3.2020",266,266,-0.0322342652502324,"ok"
"DAP","ExG","FPC5","FPC5_ExG","TXH3.2021",245,245,-0.146568802846746,"ok"
"DAP","ExG","FPC5","FPC5_ExG","WIH1.2020",394,394,0.267536667262009,"ok"
"DAP","ExG","FPC5","FPC5_ExG","WIH1.2021",398,398,0.285554057342979,"ok"
"DAP","ExG","FPC5","FPC5_ExG","WIH2.2020",1127,1127,0.190761269394875,"ok"
"DAP","ExG","FPC5","FPC5_ExG","WIH2.2021",1137,1137,0.0712361748366242,"ok"
"DAP","ExG","FPC5","FPC5_ExG","WIH3.2020",415,415,0.125785810877746,"ok"
"DAP","ExG","FPC5","FPC5_ExG","WIH3.2021",397,397,0.0246277045968514,"ok"
"DAP","ExG2","FPC1","FPC1_ExG2","DEH1.2020",1142,1142,0.122931212516642,"ok"
"DAP","ExG2","FPC1","FPC1_ExG2","IAH4.2021",1128,1128,0.161443248413742,"ok"
"DAP","ExG2","FPC1","FPC1_ExG2","MIH1.2020",414,414,0.362816055743732,"ok"
"DAP","ExG2","FPC1","FPC1_ExG2","MNH1.2020",395,395,0.0910280379313016,"ok"
"DAP","ExG2","FPC1","FPC1_ExG2","MNH1.2021",415,415,0.0962715660277471,"ok"
"DAP","ExG2","FPC1","FPC1_ExG2","MOH1.2020",1006,1006,-0.0261273622353653,"ok"
"DAP","ExG2","FPC1","FPC1_ExG2","NEH1.2021",246,246,0.252900380599044,"ok"
"DAP","ExG2","FPC1","FPC1_ExG2","TXH1.2020",246,246,0.510687213515518,"ok"
"DAP","ExG2","FPC1","FPC1_ExG2","TXH1.2021",246,246,0.128938535156355,"ok"
"DAP","ExG2","FPC1","FPC1_ExG2","TXH2.2020",246,246,0.464645758583873,"ok"
"DAP","ExG2","FPC1","FPC1_ExG2","TXH2.2021",246,246,0.037202477112048,"ok"
"DAP","ExG2","FPC1","FPC1_ExG2","TXH3.2020",266,266,0.272050370583742,"ok"
"DAP","ExG2","FPC1","FPC1_ExG2","TXH3.2021",245,245,0.409517646571411,"ok"
"DAP","ExG2","FPC1","FPC1_ExG2","WIH1.2020",394,394,0.275458061822657,"ok"
"DAP","ExG2","FPC1","FPC1_ExG2","WIH1.2021",398,398,0.262829696718822,"ok"
"DAP","ExG2","FPC1","FPC1_ExG2","WIH2.2020",1127,1127,0.102312360029648,"ok"
"DAP","ExG2","FPC1","FPC1_ExG2","WIH2.2021",1137,1137,-0.115129913363274,"ok"
"DAP","ExG2","FPC1","FPC1_ExG2","WIH3.2020",415,415,-0.121377330941368,"ok"
"DAP","ExG2","FPC1","FPC1_ExG2","WIH3.2021",397,397,0.220463253259754,"ok"
"DAP","ExG2","FPC2","FPC2_ExG2","DEH1.2020",1142,1142,-0.320375694414758,"ok"
"DAP","ExG2","FPC2","FPC2_ExG2","IAH4.2021",1128,1128,0.0766358718819558,"ok"
"DAP","ExG2","FPC2","FPC2_ExG2","MIH1.2020",414,414,0.0391551488687785,"ok"
"DAP","ExG2","FPC2","FPC2_ExG2","MNH1.2020",395,395,0.396970506620798,"ok"
"DAP","ExG2","FPC2","FPC2_ExG2","MNH1.2021",415,415,0.214024142210872,"ok"
"DAP","ExG2","FPC2","FPC2_ExG2","MOH1.2020",1006,1006,0.340484582820441,"ok"
"DAP","ExG2","FPC2","FPC2_ExG2","NEH1.2021",246,246,-0.0730713685889551,"ok"
"DAP","ExG2","FPC2","FPC2_ExG2","TXH1.2020",246,246,0.493629828167273,"ok"
"DAP","ExG2","FPC2","FPC2_ExG2","TXH1.2021",246,246,-0.173522961396125,"ok"
"DAP","ExG2","FPC2","FPC2_ExG2","TXH2.2020",246,246,0.192893562714936,"ok"
"DAP","ExG2","FPC2","FPC2_ExG2","TXH2.2021",246,246,0.135721739799124,"ok"
"DAP","ExG2","FPC2","FPC2_ExG2","TXH3.2020",266,266,0.120918708188234,"ok"
"DAP","ExG2","FPC2","FPC2_ExG2","TXH3.2021",245,245,0.234059688785088,"ok"
"DAP","ExG2","FPC2","FPC2_ExG2","WIH1.2020",394,394,0.439224763087939,"ok"
"DAP","ExG2","FPC2","FPC2_ExG2","WIH1.2021",398,398,0.287705861100891,"ok"
"DAP","ExG2","FPC2","FPC2_ExG2","WIH2.2020",1127,1127,0.145159901535518,"ok"
"DAP","ExG2","FPC2","FPC2_ExG2","WIH2.2021",1137,1137,0.0430446224686913,"ok"
"DAP","ExG2","FPC2","FPC2_ExG2","WIH3.2020",415,415,0.015221916522649,"ok"
"DAP","ExG2","FPC2","FPC2_ExG2","WIH3.2021",397,397,0.457696573189544,"ok"
"DAP","ExG2","FPC3","FPC3_ExG2","DEH1.2020",1142,1142,0.199837613907753,"ok"
"DAP","ExG2","FPC3","FPC3_ExG2","IAH4.2021",1128,1128,0.143233934747429,"ok"
"DAP","ExG2","FPC3","FPC3_ExG2","MIH1.2020",414,414,0.1813470871761,"ok"
"DAP","ExG2","FPC3","FPC3_ExG2","MNH1.2020",395,395,0.460405471047389,"ok"
"DAP","ExG2","FPC3","FPC3_ExG2","MNH1.2021",415,415,0.276588295811438,"ok"
"DAP","ExG2","FPC3","FPC3_ExG2","MOH1.2020",1006,1006,0.372254679519309,"ok"
"DAP","ExG2","FPC3","FPC3_ExG2","NEH1.2021",246,246,0.0140432863885036,"ok"
"DAP","ExG2","FPC3","FPC3_ExG2","TXH1.2020",246,246,0.308811117531658,"ok"
"DAP","ExG2","FPC3","FPC3_ExG2","TXH1.2021",246,246,0.0874607471735498,"ok"
"DAP","ExG2","FPC3","FPC3_ExG2","TXH2.2020",246,246,0.163637934107334,"ok"
"DAP","ExG2","FPC3","FPC3_ExG2","TXH2.2021",246,246,-0.16303906953511,"ok"
"DAP","ExG2","FPC3","FPC3_ExG2","TXH3.2020",266,266,-0.0206210095576816,"ok"
"DAP","ExG2","FPC3","FPC3_ExG2","TXH3.2021",245,245,0.0210414293969314,"ok"
"DAP","ExG2","FPC3","FPC3_ExG2","WIH1.2020",394,394,0.254219986945617,"ok"
"DAP","ExG2","FPC3","FPC3_ExG2","WIH1.2021",398,398,0.209596681756946,"ok"
"DAP","ExG2","FPC3","FPC3_ExG2","WIH2.2020",1127,1127,0.0429843050260236,"ok"
"DAP","ExG2","FPC3","FPC3_ExG2","WIH2.2021",1137,1137,0.23380585905773,"ok"
"DAP","ExG2","FPC3","FPC3_ExG2","WIH3.2020",415,415,0.0894794972137789,"ok"
"DAP","ExG2","FPC3","FPC3_ExG2","WIH3.2021",397,397,-0.00178687074669037,"ok"
"DAP","ExG2","FPC4","FPC4_ExG2","DEH1.2020",1142,1142,-0.225340666936539,"ok"
"DAP","ExG2","FPC4","FPC4_ExG2","IAH4.2021",1128,1128,-0.0600089917781488,"ok"
"DAP","ExG2","FPC4","FPC4_ExG2","MIH1.2020",414,414,-0.00942052145328985,"ok"
"DAP","ExG2","FPC4","FPC4_ExG2","MNH1.2020",395,395,-0.0536899077094325,"ok"
"DAP","ExG2","FPC4","FPC4_ExG2","MNH1.2021",415,415,0.0229468967219937,"ok"
"DAP","ExG2","FPC4","FPC4_ExG2","MOH1.2020",1006,1006,-0.0412556193168061,"ok"
"DAP","ExG2","FPC4","FPC4_ExG2","NEH1.2021",246,246,-0.0517435892684503,"ok"
"DAP","ExG2","FPC4","FPC4_ExG2","TXH1.2020",246,246,-0.185262190604459,"ok"
"DAP","ExG2","FPC4","FPC4_ExG2","TXH1.2021",246,246,0.00999368136025356,"ok"
"DAP","ExG2","FPC4","FPC4_ExG2","TXH2.2020",246,246,0.0126183728144342,"ok"
"DAP","ExG2","FPC4","FPC4_ExG2","TXH2.2021",246,246,-0.274928466669182,"ok"
"DAP","ExG2","FPC4","FPC4_ExG2","TXH3.2020",266,266,0.263339301739663,"ok"
"DAP","ExG2","FPC4","FPC4_ExG2","TXH3.2021",245,245,0.323837717363357,"ok"
"DAP","ExG2","FPC4","FPC4_ExG2","WIH1.2020",394,394,-0.146180819920079,"ok"
"DAP","ExG2","FPC4","FPC4_ExG2","WIH1.2021",398,398,0.131934120296156,"ok"
"DAP","ExG2","FPC4","FPC4_ExG2","WIH2.2020",1127,1127,0.0420834584837224,"ok"
"DAP","ExG2","FPC4","FPC4_ExG2","WIH2.2021",1137,1137,-0.0933149018496501,"ok"
"DAP","ExG2","FPC4","FPC4_ExG2","WIH3.2020",415,415,-0.0981214702224836,"ok"
"DAP","ExG2","FPC4","FPC4_ExG2","WIH3.2021",397,397,-0.0619255992429136,"ok"
"DAP","ExG2","FPC5","FPC5_ExG2","DEH1.2020",1142,1142,-0.0758138670786095,"ok"
"DAP","ExG2","FPC5","FPC5_ExG2","IAH4.2021",1128,1128,-0.0523517319862573,"ok"
"DAP","ExG2","FPC5","FPC5_ExG2","MIH1.2020",414,414,-0.103015206665714,"ok"
"DAP","ExG2","FPC5","FPC5_ExG2","MNH1.2020",395,395,-0.0853883550954528,"ok"
"DAP","ExG2","FPC5","FPC5_ExG2","MNH1.2021",415,415,0.0351130418376078,"ok"
"DAP","ExG2","FPC5","FPC5_ExG2","MOH1.2020",1006,1006,-0.303049333063104,"ok"
"DAP","ExG2","FPC5","FPC5_ExG2","NEH1.2021",246,246,-0.000720220499350095,"ok"
"DAP","ExG2","FPC5","FPC5_ExG2","TXH1.2020",246,246,0.0341308157375271,"ok"
"DAP","ExG2","FPC5","FPC5_ExG2","TXH1.2021",246,246,0.0826096043507615,"ok"
"DAP","ExG2","FPC5","FPC5_ExG2","TXH2.2020",246,246,-0.0863702609093419,"ok"
"DAP","ExG2","FPC5","FPC5_ExG2","TXH2.2021",246,246,-0.365937479074523,"ok"
"DAP","ExG2","FPC5","FPC5_ExG2","TXH3.2020",266,266,0.0469214017491613,"ok"
"DAP","ExG2","FPC5","FPC5_ExG2","TXH3.2021",245,245,-0.326436764360201,"ok"
"DAP","ExG2","FPC5","FPC5_ExG2","WIH1.2020",394,394,0.186238310249709,"ok"
"DAP","ExG2","FPC5","FPC5_ExG2","WIH1.2021",398,398,0.113073605344106,"ok"
"DAP","ExG2","FPC5","FPC5_ExG2","WIH2.2020",1127,1127,-0.0214186656514422,"ok"
"DAP","ExG2","FPC5","FPC5_ExG2","WIH2.2021",1137,1137,-0.0835066801699816,"ok"
"DAP","ExG2","FPC5","FPC5_ExG2","WIH3.2020",415,415,0.0366025381738794,"ok"
"DAP","ExG2","FPC5","FPC5_ExG2","WIH3.2021",397,397,0.0938661010003485,"ok"
"DAP","ExGR","FPC1","FPC1_ExGR","DEH1.2020",1142,1142,0.28253716100969,"ok"
"DAP","ExGR","FPC1","FPC1_ExGR","IAH4.2021",1128,1128,0.129666910339898,"ok"
"DAP","ExGR","FPC1","FPC1_ExGR","MIH1.2020",414,414,0.317652322604685,"ok"
"DAP","ExGR","FPC1","FPC1_ExGR","MNH1.2020",395,395,0.102091704690238,"ok"
"DAP","ExGR","FPC1","FPC1_ExGR","MNH1.2021",415,415,-0.241248320169475,"ok"
"DAP","ExGR","FPC1","FPC1_ExGR","MOH1.2020",1006,1006,-0.263420398966094,"ok"
"DAP","ExGR","FPC1","FPC1_ExGR","NEH1.2021",246,246,0.319152876300153,"ok"
"DAP","ExGR","FPC1","FPC1_ExGR","TXH1.2020",246,246,0.205030057815819,"ok"
"DAP","ExGR","FPC1","FPC1_ExGR","TXH1.2021",246,246,0.147352282586584,"ok"
"DAP","ExGR","FPC1","FPC1_ExGR","TXH2.2020",246,246,0.255054522224519,"ok"
"DAP","ExGR","FPC1","FPC1_ExGR","TXH2.2021",246,246,0.198165319309145,"ok"
"DAP","ExGR","FPC1","FPC1_ExGR","TXH3.2020",266,266,0.026599471524473,"ok"
"DAP","ExGR","FPC1","FPC1_ExGR","TXH3.2021",245,245,0.216951889433263,"ok"
"DAP","ExGR","FPC1","FPC1_ExGR","WIH1.2020",394,394,0.134135111980254,"ok"
"DAP","ExGR","FPC1","FPC1_ExGR","WIH1.2021",398,398,0.264667514971477,"ok"
"DAP","ExGR","FPC1","FPC1_ExGR","WIH2.2020",1127,1127,0.199102239168423,"ok"
"DAP","ExGR","FPC1","FPC1_ExGR","WIH2.2021",1137,1137,-0.0836638625078049,"ok"
"DAP","ExGR","FPC1","FPC1_ExGR","WIH3.2020",415,415,-0.0532642203690271,"ok"
"DAP","ExGR","FPC1","FPC1_ExGR","WIH3.2021",397,397,0.0257456162120499,"ok"
"DAP","ExGR","FPC2","FPC2_ExGR","DEH1.2020",1142,1142,-0.108052522489889,"ok"
"DAP","ExGR","FPC2","FPC2_ExGR","IAH4.2021",1128,1128,-0.015260022785113,"ok"
"DAP","ExGR","FPC2","FPC2_ExGR","MIH1.2020",414,414,0.192886771013609,"ok"
"DAP","ExGR","FPC2","FPC2_ExGR","MNH1.2020",395,395,0.383324564583673,"ok"
"DAP","ExGR","FPC2","FPC2_ExGR","MNH1.2021",415,415,0.173330978036376,"ok"
"DAP","ExGR","FPC2","FPC2_ExGR","MOH1.2020",1006,1006,0.186629821483807,"ok"
"DAP","ExGR","FPC2","FPC2_ExGR","NEH1.2021",246,246,-0.0558866149264142,"ok"
"DAP","ExGR","FPC2","FPC2_ExGR","TXH1.2020",246,246,0.266377111421698,"ok"
"DAP","ExGR","FPC2","FPC2_ExGR","TXH1.2021",246,246,-0.0391896594322088,"ok"
"DAP","ExGR","FPC2","FPC2_ExGR","TXH2.2020",246,246,0.283499838749389,"ok"
"DAP","ExGR","FPC2","FPC2_ExGR","TXH2.2021",246,246,-0.185714551614839,"ok"
"DAP","ExGR","FPC2","FPC2_ExGR","TXH3.2020",266,266,0.204410266927753,"ok"
"DAP","ExGR","FPC2","FPC2_ExGR","TXH3.2021",245,245,0.215755775128602,"ok"
"DAP","ExGR","FPC2","FPC2_ExGR","WIH1.2020",394,394,0.390471961345334,"ok"
"DAP","ExGR","FPC2","FPC2_ExGR","WIH1.2021",398,398,0.271775814210839,"ok"
"DAP","ExGR","FPC2","FPC2_ExGR","WIH2.2020",1127,1127,0.212406085940443,"ok"
"DAP","ExGR","FPC2","FPC2_ExGR","WIH2.2021",1137,1137,-0.0630521479716322,"ok"
"DAP","ExGR","FPC2","FPC2_ExGR","WIH3.2020",415,415,0.022159833165389,"ok"
"DAP","ExGR","FPC2","FPC2_ExGR","WIH3.2021",397,397,0.40344496558513,"ok"
"DAP","ExGR","FPC3","FPC3_ExGR","DEH1.2020",1142,1142,-0.133635029292521,"ok"
"DAP","ExGR","FPC3","FPC3_ExGR","IAH4.2021",1128,1128,-0.0726950331856941,"ok"
"DAP","ExGR","FPC3","FPC3_ExGR","MIH1.2020",414,414,0.0305433592497972,"ok"
"DAP","ExGR","FPC3","FPC3_ExGR","MNH1.2020",395,395,-0.248066543991537,"ok"
"DAP","ExGR","FPC3","FPC3_ExGR","MNH1.2021",415,415,0.120505059423046,"ok"
"DAP","ExGR","FPC3","FPC3_ExGR","MOH1.2020",1006,1006,0.0621528197193064,"ok"
"DAP","ExGR","FPC3","FPC3_ExGR","NEH1.2021",246,246,-0.0254599661957137,"ok"
"DAP","ExGR","FPC3","FPC3_ExGR","TXH1.2020",246,246,0.227171920407907,"ok"
"DAP","ExGR","FPC3","FPC3_ExGR","TXH1.2021",246,246,-0.0823453863472586,"ok"
"DAP","ExGR","FPC3","FPC3_ExGR","TXH2.2020",246,246,0.0447510742283147,"ok"
"DAP","ExGR","FPC3","FPC3_ExGR","TXH2.2021",246,246,0.348766021341438,"ok"
"DAP","ExGR","FPC3","FPC3_ExGR","TXH3.2020",266,266,0.101752682123089,"ok"
"DAP","ExGR","FPC3","FPC3_ExGR","TXH3.2021",245,245,-0.15596655942742,"ok"
"DAP","ExGR","FPC3","FPC3_ExGR","WIH1.2020",394,394,-0.141579311731868,"ok"
"DAP","ExGR","FPC3","FPC3_ExGR","WIH1.2021",398,398,0.0392136346021008,"ok"
"DAP","ExGR","FPC3","FPC3_ExGR","WIH2.2020",1127,1127,0.0132128392149852,"ok"
"DAP","ExGR","FPC3","FPC3_ExGR","WIH2.2021",1137,1137,0.0491488523943344,"ok"
"DAP","ExGR","FPC3","FPC3_ExGR","WIH3.2020",415,415,-0.0104727010429507,"ok"
"DAP","ExGR","FPC3","FPC3_ExGR","WIH3.2021",397,397,-0.0459254589239093,"ok"
"DAP","ExGR","FPC4","FPC4_ExGR","DEH1.2020",1142,1142,0.304938757415067,"ok"
"DAP","ExGR","FPC4","FPC4_ExGR","IAH4.2021",1128,1128,-0.0505514025664863,"ok"
"DAP","ExGR","FPC4","FPC4_ExGR","MIH1.2020",414,414,0.275673305623058,"ok"
"DAP","ExGR","FPC4","FPC4_ExGR","MNH1.2020",395,395,0.339226939035556,"ok"
"DAP","ExGR","FPC4","FPC4_ExGR","MNH1.2021",415,415,0.0799996710663078,"ok"
"DAP","ExGR","FPC4","FPC4_ExGR","MOH1.2020",1006,1006,0.144110164533249,"ok"
"DAP","ExGR","FPC4","FPC4_ExGR","NEH1.2021",246,246,0.13340420236371,"ok"
"DAP","ExGR","FPC4","FPC4_ExGR","TXH1.2020",246,246,-0.267359696235507,"ok"
"DAP","ExGR","FPC4","FPC4_ExGR","TXH1.2021",246,246,0.0654438357546897,"ok"
"DAP","ExGR","FPC4","FPC4_ExGR","TXH2.2020",246,246,-0.0160810988525362,"ok"
"DAP","ExGR","FPC4","FPC4_ExGR","TXH2.2021",246,246,-0.263479472266073,"ok"
"DAP","ExGR","FPC4","FPC4_ExGR","TXH3.2020",266,266,0.0345551116005065,"ok"
"DAP","ExGR","FPC4","FPC4_ExGR","TXH3.2021",245,245,0.299219672592833,"ok"
"DAP","ExGR","FPC4","FPC4_ExGR","WIH1.2020",394,394,0.149628121833426,"ok"
"DAP","ExGR","FPC4","FPC4_ExGR","WIH1.2021",398,398,-0.0732980316052424,"ok"
"DAP","ExGR","FPC4","FPC4_ExGR","WIH2.2020",1127,1127,-0.125747913698442,"ok"
"DAP","ExGR","FPC4","FPC4_ExGR","WIH2.2021",1137,1137,-0.0858525780903933,"ok"
"DAP","ExGR","FPC4","FPC4_ExGR","WIH3.2020",415,415,-0.0472415286699817,"ok"
"DAP","ExGR","FPC4","FPC4_ExGR","WIH3.2021",397,397,0.0455810512743224,"ok"
"DAP","ExGR","FPC5","FPC5_ExGR","DEH1.2020",1142,1142,-0.167566891715897,"ok"
"DAP","ExGR","FPC5","FPC5_ExGR","IAH4.2021",1128,1128,-0.0225270284199741,"ok"
"DAP","ExGR","FPC5","FPC5_ExGR","MIH1.2020",414,414,0.148666936146977,"ok"
"DAP","ExGR","FPC5","FPC5_ExGR","MNH1.2020",395,395,0.503171883057697,"ok"
"DAP","ExGR","FPC5","FPC5_ExGR","MNH1.2021",415,415,0.271491975626015,"ok"
"DAP","ExGR","FPC5","FPC5_ExGR","MOH1.2020",1006,1006,0.259343136882456,"ok"
"DAP","ExGR","FPC5","FPC5_ExGR","NEH1.2021",246,246,-0.0173603656155015,"ok"
"DAP","ExGR","FPC5","FPC5_ExGR","TXH1.2020",246,246,0.413619656585197,"ok"
"DAP","ExGR","FPC5","FPC5_ExGR","TXH1.2021",246,246,0.0347932591290167,"ok"
"DAP","ExGR","FPC5","FPC5_ExGR","TXH2.2020",246,246,0.167927277457705,"ok"
"DAP","ExGR","FPC5","FPC5_ExGR","TXH2.2021",246,246,-0.235324194337544,"ok"
"DAP","ExGR","FPC5","FPC5_ExGR","TXH3.2020",266,266,-0.0271008249712283,"ok"
"DAP","ExGR","FPC5","FPC5_ExGR","TXH3.2021",245,245,0.153115651096228,"ok"
"DAP","ExGR","FPC5","FPC5_ExGR","WIH1.2020",394,394,0.450048442849374,"ok"
"DAP","ExGR","FPC5","FPC5_ExGR","WIH1.2021",398,398,0.330546638725395,"ok"
"DAP","ExGR","FPC5","FPC5_ExGR","WIH2.2020",1127,1127,0.16259124290608,"ok"
"DAP","ExGR","FPC5","FPC5_ExGR","WIH2.2021",1137,1137,0.156153517055454,"ok"
"DAP","ExGR","FPC5","FPC5_ExGR","WIH3.2020",415,415,0.0398344514503471,"ok"
"DAP","ExGR","FPC5","FPC5_ExGR","WIH3.2021",397,397,0.360187552068926,"ok"
"DAP","GCC","FPC1","FPC1_GCC","DEH1.2020",1142,1142,0.122931332673562,"ok"
"DAP","GCC","FPC1","FPC1_GCC","IAH4.2021",1128,1128,0.161443473918139,"ok"
"DAP","GCC","FPC1","FPC1_GCC","MIH1.2020",414,414,0.36281600537178,"ok"
"DAP","GCC","FPC1","FPC1_GCC","MNH1.2020",395,395,0.0910279433983409,"ok"
"DAP","GCC","FPC1","FPC1_GCC","MNH1.2021",415,415,0.0962714798914229,"ok"
"DAP","GCC","FPC1","FPC1_GCC","MOH1.2020",1006,1006,-0.026127523628656,"ok"
"DAP","GCC","FPC1","FPC1_GCC","NEH1.2021",246,246,0.252900411714613,"ok"
"DAP","GCC","FPC1","FPC1_GCC","TXH1.2020",246,246,0.51068708482513,"ok"
"DAP","GCC","FPC1","FPC1_GCC","TXH1.2021",246,246,0.128938540003262,"ok"
"DAP","GCC","FPC1","FPC1_GCC","TXH2.2020",246,246,0.464645760233017,"ok"
"DAP","GCC","FPC1","FPC1_GCC","TXH2.2021",246,246,0.0372024563013,"ok"
"DAP","GCC","FPC1","FPC1_GCC","TXH3.2020",266,266,0.272050231264537,"ok"
"DAP","GCC","FPC1","FPC1_GCC","TXH3.2021",245,245,0.409517628660515,"ok"
"DAP","GCC","FPC1","FPC1_GCC","WIH1.2020",394,394,0.275458026480998,"ok"
"DAP","GCC","FPC1","FPC1_GCC","WIH1.2021",398,398,0.262829689681703,"ok"
"DAP","GCC","FPC1","FPC1_GCC","WIH2.2020",1127,1127,0.102310869984444,"ok"
"DAP","GCC","FPC1","FPC1_GCC","WIH2.2021",1137,1137,-0.115130014354528,"ok"
"DAP","GCC","FPC1","FPC1_GCC","WIH3.2020",415,415,-0.121377490261862,"ok"
"DAP","GCC","FPC1","FPC1_GCC","WIH3.2021",397,397,0.220463245178955,"ok"
"DAP","GCC","FPC2","FPC2_GCC","DEH1.2020",1142,1142,-0.32037588664341,"ok"
"DAP","GCC","FPC2","FPC2_GCC","IAH4.2021",1128,1128,0.0766352124133792,"ok"
"DAP","GCC","FPC2","FPC2_GCC","MIH1.2020",414,414,0.0391551919731541,"ok"
"DAP","GCC","FPC2","FPC2_GCC","MNH1.2020",395,395,0.396970482017457,"ok"
"DAP","GCC","FPC2","FPC2_GCC","MNH1.2021",415,415,0.214024185159783,"ok"
"DAP","GCC","FPC2","FPC2_GCC","MOH1.2020",1006,1006,0.340484579581595,"ok"
"DAP","GCC","FPC2","FPC2_GCC","NEH1.2021",246,246,-0.0730713453650587,"ok"
"DAP","GCC","FPC2","FPC2_GCC","TXH1.2020",246,246,0.493629899559616,"ok"
"DAP","GCC","FPC2","FPC2_GCC","TXH1.2021",246,246,-0.17352291394548,"ok"
"DAP","GCC","FPC2","FPC2_GCC","TXH2.2020",246,246,0.19289359552933,"ok"
"DAP","GCC","FPC2","FPC2_GCC","TXH2.2021",246,246,0.135721772596376,"ok"
"DAP","GCC","FPC2","FPC2_GCC","TXH3.2020",266,266,0.12091877928969,"ok"
"DAP","GCC","FPC2","FPC2_GCC","TXH3.2021",245,245,0.23405973749177,"ok"
"DAP","GCC","FPC2","FPC2_GCC","WIH1.2020",394,394,0.439224807876364,"ok"
"DAP","GCC","FPC2","FPC2_GCC","WIH1.2021",398,398,0.287705903238385,"ok"
"DAP","GCC","FPC2","FPC2_GCC","WIH2.2020",1127,1127,0.145160023893563,"ok"
"DAP","GCC","FPC2","FPC2_GCC","WIH2.2021",1137,1137,0.0430445039723387,"ok"
"DAP","GCC","FPC2","FPC2_GCC","WIH3.2020",415,415,0.0152222078680634,"ok"
"DAP","GCC","FPC2","FPC2_GCC","WIH3.2021",397,397,0.457696561116261,"ok"
"DAP","GCC","FPC3","FPC3_GCC","DEH1.2020",1142,1142,0.199838327346068,"ok"
"DAP","GCC","FPC3","FPC3_GCC","IAH4.2021",1128,1128,0.143232158864609,"ok"
"DAP","GCC","FPC3","FPC3_GCC","MIH1.2020",414,414,0.181347063379931,"ok"
"DAP","GCC","FPC3","FPC3_GCC","MNH1.2020",395,395,0.460405369156745,"ok"
"DAP","GCC","FPC3","FPC3_GCC","MNH1.2021",415,415,0.276588340203889,"ok"
"DAP","GCC","FPC3","FPC3_GCC","MOH1.2020",1006,1006,0.372254656788276,"ok"
"DAP","GCC","FPC3","FPC3_GCC","NEH1.2021",246,246,0.0140432942431516,"ok"
"DAP","GCC","FPC3","FPC3_GCC","TXH1.2020",246,246,0.308811059205002,"ok"
"DAP","GCC","FPC3","FPC3_GCC","TXH1.2021",246,246,0.0874606970945816,"ok"
"DAP","GCC","FPC3","FPC3_GCC","TXH2.2020",246,246,0.163637991770639,"ok"
"DAP","GCC","FPC3","FPC3_GCC","TXH2.2021",246,246,-0.163039106194265,"ok"
"DAP","GCC","FPC3","FPC3_GCC","TXH3.2020",266,266,-0.0206210074404194,"ok"
"DAP","GCC","FPC3","FPC3_GCC","TXH3.2021",245,245,0.0210413528036939,"ok"
"DAP","GCC","FPC3","FPC3_GCC","WIH1.2020",394,394,0.254220045228112,"ok"
"DAP","GCC","FPC3","FPC3_GCC","WIH1.2021",398,398,0.20959680468392,"ok"
"DAP","GCC","FPC3","FPC3_GCC","WIH2.2020",1127,1127,0.0429829622902369,"ok"
"DAP","GCC","FPC3","FPC3_GCC","WIH2.2021",1137,1137,0.233806236981474,"ok"
"DAP","GCC","FPC3","FPC3_GCC","WIH3.2020",415,415,0.089480226448401,"ok"
"DAP","GCC","FPC3","FPC3_GCC","WIH3.2021",397,397,-0.00178671301407901,"ok"
"DAP","GCC","FPC4","FPC4_GCC","DEH1.2020",1142,1142,-0.22534147509749,"ok"
"DAP","GCC","FPC4","FPC4_GCC","IAH4.2021",1128,1128,-0.0600091922802512,"ok"
"DAP","GCC","FPC4","FPC4_GCC","MIH1.2020",414,414,-0.00942054639461972,"ok"
"DAP","GCC","FPC4","FPC4_GCC","MNH1.2020",395,395,-0.0536899333695487,"ok"
"DAP","GCC","FPC4","FPC4_GCC","MNH1.2021",415,415,0.0229467406728028,"ok"
"DAP","GCC","FPC4","FPC4_GCC","MOH1.2020",1006,1006,-0.0412556953661782,"ok"
"DAP","GCC","FPC4","FPC4_GCC","NEH1.2021",246,246,-0.0517436068482352,"ok"
"DAP","GCC","FPC4","FPC4_GCC","TXH1.2020",246,246,-0.185262083315985,"ok"
"DAP","GCC","FPC4","FPC4_GCC","TXH1.2021",246,246,0.00999369954662825,"ok"
"DAP","GCC","FPC4","FPC4_GCC","TXH2.2020",246,246,0.012618272532854,"ok"
"DAP","GCC","FPC4","FPC4_GCC","TXH2.2021",246,246,-0.274928426872434,"ok"
"DAP","GCC","FPC4","FPC4_GCC","TXH3.2020",266,266,0.263339899467187,"ok"
"DAP","GCC","FPC4","FPC4_GCC","TXH3.2021",245,245,0.323837755407229,"ok"
"DAP","GCC","FPC4","FPC4_GCC","WIH1.2020",394,394,-0.146180778630186,"ok"
"DAP","GCC","FPC4","FPC4_GCC","WIH1.2021",398,398,0.131933997816348,"ok"
"DAP","GCC","FPC4","FPC4_GCC","WIH2.2020",1127,1127,0.0420839400180068,"ok"
"DAP","GCC","FPC4","FPC4_GCC","WIH2.2021",1137,1137,-0.0933153338611349,"ok"
"DAP","GCC","FPC4","FPC4_GCC","WIH3.2020",415,415,-0.0981210042212464,"ok"
"DAP","GCC","FPC4","FPC4_GCC","WIH3.2021",397,397,-0.0619256077284017,"ok"
"DAP","GCC","FPC5","FPC5_GCC","DEH1.2020",1142,1142,-0.0758144406922341,"ok"
"DAP","GCC","FPC5","FPC5_GCC","IAH4.2021",1128,1128,-0.0523518738360608,"ok"
"DAP","GCC","FPC5","FPC5_GCC","MIH1.2020",414,414,-0.103014816570333,"ok"
"DAP","GCC","FPC5","FPC5_GCC","MNH1.2020",395,395,-0.0853886183178044,"ok"
"DAP","GCC","FPC5","FPC5_GCC","MNH1.2021",415,415,0.0351127154685192,"ok"
"DAP","GCC","FPC5","FPC5_GCC","MOH1.2020",1006,1006,-0.303049553804846,"ok"
"DAP","GCC","FPC5","FPC5_GCC","NEH1.2021",246,246,-0.000720343170087582,"ok"
"DAP","GCC","FPC5","FPC5_GCC","TXH1.2020",246,246,0.034130762354297,"ok"
"DAP","GCC","FPC5","FPC5_GCC","TXH1.2021",246,246,0.0826096623713541,"ok"
"DAP","GCC","FPC5","FPC5_GCC","TXH2.2020",246,246,-0.0863705825093191,"ok"
"DAP","GCC","FPC5","FPC5_GCC","TXH2.2021",246,246,-0.365937578197161,"ok"
"DAP","GCC","FPC5","FPC5_GCC","TXH3.2020",266,266,0.0469217230177917,"ok"
"DAP","GCC","FPC5","FPC5_GCC","TXH3.2021",245,245,-0.326436795274541,"ok"
"DAP","GCC","FPC5","FPC5_GCC","WIH1.2020",394,394,0.186238280017595,"ok"
"DAP","GCC","FPC5","FPC5_GCC","WIH1.2021",398,398,0.113073355776125,"ok"
"DAP","GCC","FPC5","FPC5_GCC","WIH2.2020",1127,1127,-0.0214186878232985,"ok"
"DAP","GCC","FPC5","FPC5_GCC","WIH2.2021",1137,1137,-0.0835063233405868,"ok"
"DAP","GCC","FPC5","FPC5_GCC","WIH3.2020",415,415,0.0366026924245452,"ok"
"DAP","GCC","FPC5","FPC5_GCC","WIH3.2021",397,397,0.093866098966821,"ok"
"DAP","GLI","FPC1","FPC1_GLI","DEH1.2020",1142,1142,0.117866418142649,"ok"
"DAP","GLI","FPC1","FPC1_GLI","IAH4.2021",1128,1128,0.149733478783757,"ok"
"DAP","GLI","FPC1","FPC1_GLI","MIH1.2020",414,414,0.305230184467135,"ok"
"DAP","GLI","FPC1","FPC1_GLI","MNH1.2020",395,395,0.134089096712344,"ok"
"DAP","GLI","FPC1","FPC1_GLI","MNH1.2021",415,415,0.1039502708062,"ok"
"DAP","GLI","FPC1","FPC1_GLI","MOH1.2020",1006,1006,-0.0236674617065077,"ok"
"DAP","GLI","FPC1","FPC1_GLI","NEH1.2021",246,246,0.253786011008714,"ok"
"DAP","GLI","FPC1","FPC1_GLI","TXH1.2020",246,246,0.513534551670408,"ok"
"DAP","GLI","FPC1","FPC1_GLI","TXH1.2021",246,246,0.133917707987294,"ok"
"DAP","GLI","FPC1","FPC1_GLI","TXH2.2020",246,246,0.457775621177963,"ok"
"DAP","GLI","FPC1","FPC1_GLI","TXH2.2021",246,246,0.0478604256056947,"ok"
"DAP","GLI","FPC1","FPC1_GLI","TXH3.2020",266,266,0.262765963319284,"ok"
"DAP","GLI","FPC1","FPC1_GLI","TXH3.2021",245,245,0.407044250129408,"ok"
"DAP","GLI","FPC1","FPC1_GLI","WIH1.2020",394,394,0.288450445210868,"ok"
"DAP","GLI","FPC1","FPC1_GLI","WIH1.2021",398,398,0.29031436096854,"ok"
"DAP","GLI","FPC1","FPC1_GLI","WIH2.2020",1127,1127,0.114133715136733,"ok"
"DAP","GLI","FPC1","FPC1_GLI","WIH2.2021",1137,1137,-0.093040354622732,"ok"
"DAP","GLI","FPC1","FPC1_GLI","WIH3.2020",415,415,-0.126186117360902,"ok"
"DAP","GLI","FPC1","FPC1_GLI","WIH3.2021",397,397,0.202435347827626,"ok"
"DAP","GLI","FPC2","FPC2_GLI","DEH1.2020",1142,1142,-0.284171476288913,"ok"
"DAP","GLI","FPC2","FPC2_GLI","IAH4.2021",1128,1128,0.108367623066362,"ok"
"DAP","GLI","FPC2","FPC2_GLI","MIH1.2020",414,414,0.0413639813367343,"ok"
"DAP","GLI","FPC2","FPC2_GLI","MNH1.2020",395,395,0.397887749291641,"ok"
"DAP","GLI","FPC2","FPC2_GLI","MNH1.2021",415,415,0.220162669570524,"ok"
"DAP","GLI","FPC2","FPC2_GLI","MOH1.2020",1006,1006,0.344053529818508,"ok"
"DAP","GLI","FPC2","FPC2_GLI","NEH1.2021",246,246,-0.0604078148202342,"ok"
"DAP","GLI","FPC2","FPC2_GLI","TXH1.2020",246,246,0.487699658208901,"ok"
"DAP","GLI","FPC2","FPC2_GLI","TXH1.2021",246,246,-0.158400358897993,"ok"
"DAP","GLI","FPC2","FPC2_GLI","TXH2.2020",246,246,0.214360527438672,"ok"
"DAP","GLI","FPC2","FPC2_GLI","TXH2.2021",246,246,0.0588277177141798,"ok"
"DAP","GLI","FPC2","FPC2_GLI","TXH3.2020",266,266,0.122231772608522,"ok"
"DAP","GLI","FPC2","FPC2_GLI","TXH3.2021",245,245,0.233787471162106,"ok"
"DAP","GLI","FPC2","FPC2_GLI","WIH1.2020",394,394,0.428869511668574,"ok"
"DAP","GLI","FPC2","FPC2_GLI","WIH1.2021",398,398,0.293580408014204,"ok"
"DAP","GLI","FPC2","FPC2_GLI","WIH2.2020",1127,1127,0.159041812274628,"ok"
"DAP","GLI","FPC2","FPC2_GLI","WIH2.2021",1137,1137,0.058560505908939,"ok"
"DAP","GLI","FPC2","FPC2_GLI","WIH3.2020",415,415,0.0138332243366679,"ok"
"DAP","GLI","FPC2","FPC2_GLI","WIH3.2021",397,397,0.427420597474475,"ok"
"DAP","GLI","FPC3","FPC3_GLI","DEH1.2020",1142,1142,0.136929590692919,"ok"
"DAP","GLI","FPC3","FPC3_GLI","IAH4.2021",1128,1128,0.0974492776001323,"ok"
"DAP","GLI","FPC3","FPC3_GLI","MIH1.2020",414,414,0.124368367022985,"ok"
"DAP","GLI","FPC3","FPC3_GLI","MNH1.2020",395,395,0.443374884686558,"ok"
"DAP","GLI","FPC3","FPC3_GLI","MNH1.2021",415,415,0.250234162985877,"ok"
"DAP","GLI","FPC3","FPC3_GLI","MOH1.2020",1006,1006,0.377839808243647,"ok"
"DAP","GLI","FPC3","FPC3_GLI","NEH1.2021",246,246,0.000198721287474772,"ok"
"DAP","GLI","FPC3","FPC3_GLI","TXH1.2020",246,246,0.170592576162039,"ok"
"DAP","GLI","FPC3","FPC3_GLI","TXH1.2021",246,246,0.0395502501705582,"ok"
"DAP","GLI","FPC3","FPC3_GLI","TXH2.2020",246,246,0.116540730273734,"ok"
"DAP","GLI","FPC3","FPC3_GLI","TXH2.2021",246,246,-0.0986363418861794,"ok"
"DAP","GLI","FPC3","FPC3_GLI","TXH3.2020",266,266,0.0140377040309449,"ok"
"DAP","GLI","FPC3","FPC3_GLI","TXH3.2021",245,245,0.189654417427182,"ok"
"DAP","GLI","FPC3","FPC3_GLI","WIH1.2020",394,394,0.140487016619929,"ok"
"DAP","GLI","FPC3","FPC3_GLI","WIH1.2021",398,398,0.119642282240074,"ok"
"DAP","GLI","FPC3","FPC3_GLI","WIH2.2020",1127,1127,0.0786808414528562,"ok"
"DAP","GLI","FPC3","FPC3_GLI","WIH2.2021",1137,1137,0.165144369320263,"ok"
"DAP","GLI","FPC3","FPC3_GLI","WIH3.2020",415,415,0.09675634930006,"ok"
"DAP","GLI","FPC3","FPC3_GLI","WIH3.2021",397,397,-0.0529223815295604,"ok"
"DAP","GLI","FPC4","FPC4_GLI","DEH1.2020",1142,1142,-0.0138794981595259,"ok"
"DAP","GLI","FPC4","FPC4_GLI","IAH4.2021",1128,1128,-0.0923317700716166,"ok"
"DAP","GLI","FPC4","FPC4_GLI","MIH1.2020",414,414,-0.00728069601247881,"ok"
"DAP","GLI","FPC4","FPC4_GLI","MNH1.2020",395,395,-0.0310464129237754,"ok"
"DAP","GLI","FPC4","FPC4_GLI","MNH1.2021",415,415,0.0540614790252415,"ok"
"DAP","GLI","FPC4","FPC4_GLI","MOH1.2020",1006,1006,-0.0708112722590005,"ok"
"DAP","GLI","FPC4","FPC4_GLI","NEH1.2021",246,246,-0.0337524964008845,"ok"
"DAP","GLI","FPC4","FPC4_GLI","TXH1.2020",246,246,-0.196890543788765,"ok"
"DAP","GLI","FPC4","FPC4_GLI","TXH1.2021",246,246,0.0325616064454969,"ok"
"DAP","GLI","FPC4","FPC4_GLI","TXH2.2020",246,246,-0.0105049398870196,"ok"
"DAP","GLI","FPC4","FPC4_GLI","TXH2.2021",246,246,-0.31104832096793,"ok"
"DAP","GLI","FPC4","FPC4_GLI","TXH3.2020",266,266,0.248794240594476,"ok"
"DAP","GLI","FPC4","FPC4_GLI","TXH3.2021",245,245,0.258278335441474,"ok"
"DAP","GLI","FPC4","FPC4_GLI","WIH1.2020",394,394,-0.120378327014474,"ok"
"DAP","GLI","FPC4","FPC4_GLI","WIH1.2021",398,398,0.122800912316767,"ok"
"DAP","GLI","FPC4","FPC4_GLI","WIH2.2020",1127,1127,0.0115681932666894,"ok"
"DAP","GLI","FPC4","FPC4_GLI","WIH2.2021",1137,1137,-0.0742817710549468,"ok"
"DAP","GLI","FPC4","FPC4_GLI","WIH3.2020",415,415,-0.0656777276243,"ok"
"DAP","GLI","FPC4","FPC4_GLI","WIH3.2021",397,397,-0.0221116436037059,"ok"
"DAP","GLI","FPC5","FPC5_GLI","DEH1.2020",1142,1142,-0.203618505481682,"ok"
"DAP","GLI","FPC5","FPC5_GLI","IAH4.2021",1128,1128,0.135898670599298,"ok"
"DAP","GLI","FPC5","FPC5_GLI","MIH1.2020",414,414,-0.0483908405094558,"ok"
"DAP","GLI","FPC5","FPC5_GLI","MNH1.2020",395,395,-0.163466735858382,"ok"
"DAP","GLI","FPC5","FPC5_GLI","MNH1.2021",415,415,0.0327327242984482,"ok"
"DAP","GLI","FPC5","FPC5_GLI","MOH1.2020",1006,1006,-0.233807484495334,"ok"
"DAP","GLI","FPC5","FPC5_GLI","NEH1.2021",246,246,-0.0612661830460602,"ok"
"DAP","GLI","FPC5","FPC5_GLI","TXH1.2020",246,246,0.158575925812595,"ok"
"DAP","GLI","FPC5","FPC5_GLI","TXH1.2021",246,246,0.0964319079687481,"ok"
"DAP","GLI","FPC5","FPC5_GLI","TXH2.2020",246,246,-0.0397594952028803,"ok"
"DAP","GLI","FPC5","FPC5_GLI","TXH2.2021",246,246,-0.339032139957793,"ok"
"DAP","GLI","FPC5","FPC5_GLI","TXH3.2020",266,266,-0.145306329461907,"ok"
"DAP","GLI","FPC5","FPC5_GLI","TXH3.2021",245,245,-0.376735643673302,"ok"
"DAP","GLI","FPC5","FPC5_GLI","WIH1.2020",394,394,0.166131966903694,"ok"
"DAP","GLI","FPC5","FPC5_GLI","WIH1.2021",398,398,0.104599344658574,"ok"
"DAP","GLI","FPC5","FPC5_GLI","WIH2.2020",1127,1127,-0.0168805181722931,"ok"
"DAP","GLI","FPC5","FPC5_GLI","WIH2.2021",1137,1137,-0.0367320004643785,"ok"
"DAP","GLI","FPC5","FPC5_GLI","WIH3.2020",415,415,0.0359792199541336,"ok"
"DAP","GLI","FPC5","FPC5_GLI","WIH3.2021",397,397,0.134292691361041,"ok"
"DAP","GLI_new","FPC1","FPC1_GLI_new","DEH1.2020",1142,1142,0.117866417122608,"ok"
"DAP","GLI_new","FPC1","FPC1_GLI_new","IAH4.2021",1128,1128,0.149733520327876,"ok"
"DAP","GLI_new","FPC1","FPC1_GLI_new","MIH1.2020",414,414,0.305230224496898,"ok"
"DAP","GLI_new","FPC1","FPC1_GLI_new","MNH1.2020",395,395,0.134089080777434,"ok"
"DAP","GLI_new","FPC1","FPC1_GLI_new","MNH1.2021",415,415,0.103951303073585,"ok"
"DAP","GLI_new","FPC1","FPC1_GLI_new","MOH1.2020",1006,1006,-0.0236674426735204,"ok"
"DAP","GLI_new","FPC1","FPC1_GLI_new","NEH1.2021",246,246,0.253785998891202,"ok"
"DAP","GLI_new","FPC1","FPC1_GLI_new","TXH1.2020",246,246,0.513534702883409,"ok"
"DAP","GLI_new","FPC1","FPC1_GLI_new","TXH1.2021",246,246,0.133917701669811,"ok"
"DAP","GLI_new","FPC1","FPC1_GLI_new","TXH2.2020",246,246,0.457775626162773,"ok"
"DAP","GLI_new","FPC1","FPC1_GLI_new","TXH2.2021",246,246,0.0478604297258639,"ok"
"DAP","GLI_new","FPC1","FPC1_GLI_new","TXH3.2020",266,266,0.262765959041128,"ok"
"DAP","GLI_new","FPC1","FPC1_GLI_new","TXH3.2021",245,245,0.407044266936072,"ok"
"DAP","GLI_new","FPC1","FPC1_GLI_new","WIH1.2020",394,394,0.288450524607379,"ok"
"DAP","GLI_new","FPC1","FPC1_GLI_new","WIH1.2021",398,398,0.290314222189376,"ok"
"DAP","GLI_new","FPC1","FPC1_GLI_new","WIH2.2020",1127,1127,0.114133714500414,"ok"
"DAP","GLI_new","FPC1","FPC1_GLI_new","WIH2.2021",1137,1137,-0.0930403356960794,"ok"
"DAP","GLI_new","FPC1","FPC1_GLI_new","WIH3.2020",415,415,-0.126186117365704,"ok"
"DAP","GLI_new","FPC1","FPC1_GLI_new","WIH3.2021",397,397,0.202435348042108,"ok"
"DAP","GLI_new","FPC2","FPC2_GLI_new","DEH1.2020",1142,1142,-0.28417150438767,"ok"
"DAP","GLI_new","FPC2","FPC2_GLI_new","IAH4.2021",1128,1128,0.108367683263201,"ok"
"DAP","GLI_new","FPC2","FPC2_GLI_new","MIH1.2020",414,414,0.0413639977657106,"ok"
"DAP","GLI_new","FPC2","FPC2_GLI_new","MNH1.2020",395,395,0.397887754606752,"ok"
"DAP","GLI_new","FPC2","FPC2_GLI_new","MNH1.2021",415,415,0.220161549269971,"ok"
"DAP","GLI_new","FPC2","FPC2_GLI_new","MOH1.2020",1006,1006,0.344053533606137,"ok"
"DAP","GLI_new","FPC2","FPC2_GLI_new","NEH1.2021",246,246,-0.0604078150352399,"ok"
"DAP","GLI_new","FPC2","FPC2_GLI_new","TXH1.2020",246,246,0.487699760221087,"ok"
"DAP","GLI_new","FPC2","FPC2_GLI_new","TXH1.2021",246,246,-0.158400360113382,"ok"
"DAP","GLI_new","FPC2","FPC2_GLI_new","TXH2.2020",246,246,0.214360510509332,"ok"
"DAP","GLI_new","FPC2","FPC2_GLI_new","TXH2.2021",246,246,0.0588277009498205,"ok"
"DAP","GLI_new","FPC2","FPC2_GLI_new","TXH3.2020",266,266,0.122231769874402,"ok"
"DAP","GLI_new","FPC2","FPC2_GLI_new","TXH3.2021",245,245,0.233787452604741,"ok"
"DAP","GLI_new","FPC2","FPC2_GLI_new","WIH1.2020",394,394,0.428869492499593,"ok"
"DAP","GLI_new","FPC2","FPC2_GLI_new","WIH1.2021",398,398,0.293580251704144,"ok"
"DAP","GLI_new","FPC2","FPC2_GLI_new","WIH2.2020",1127,1127,0.159041811514433,"ok"
"DAP","GLI_new","FPC2","FPC2_GLI_new","WIH2.2021",1137,1137,0.0585605355817769,"ok"
"DAP","GLI_new","FPC2","FPC2_GLI_new","WIH3.2020",415,415,0.0138332434352201,"ok"
"DAP","GLI_new","FPC2","FPC2_GLI_new","WIH3.2021",397,397,0.427420605589765,"ok"
"DAP","GLI_new","FPC3","FPC3_GLI_new","DEH1.2020",1142,1142,0.136929592402227,"ok"
"DAP","GLI_new","FPC3","FPC3_GLI_new","IAH4.2021",1128,1128,0.097449077150191,"ok"
"DAP","GLI_new","FPC3","FPC3_GLI_new","MIH1.2020",414,414,0.124368392599157,"ok"
"DAP","GLI_new","FPC3","FPC3_GLI_new","MNH1.2020",395,395,0.443374882441253,"ok"
"DAP","GLI_new","FPC3","FPC3_GLI_new","MNH1.2021",415,415,0.250232910116208,"ok"
"DAP","GLI_new","FPC3","FPC3_GLI_new","MOH1.2020",1006,1006,0.377839833180623,"ok"
"DAP","GLI_new","FPC3","FPC3_GLI_new","NEH1.2021",246,246,0.000198693706943481,"ok"
"DAP","GLI_new","FPC3","FPC3_GLI_new","TXH1.2020",246,246,0.170592797584818,"ok"
"DAP","GLI_new","FPC3","FPC3_GLI_new","TXH1.2021",246,246,0.0395502639071891,"ok"
"DAP","GLI_new","FPC3","FPC3_GLI_new","TXH2.2020",246,246,0.116540763378867,"ok"
"DAP","GLI_new","FPC3","FPC3_GLI_new","TXH2.2021",246,246,-0.0986363989013038,"ok"
"DAP","GLI_new","FPC3","FPC3_GLI_new","TXH3.2020",266,266,0.0140377375536398,"ok"
"DAP","GLI_new","FPC3","FPC3_GLI_new","TXH3.2021",245,245,0.189654416288074,"ok"
"DAP","GLI_new","FPC3","FPC3_GLI_new","WIH1.2020",394,394,0.140486933319628,"ok"
"DAP","GLI_new","FPC3","FPC3_GLI_new","WIH1.2021",398,398,0.119641078174803,"ok"
"DAP","GLI_new","FPC3","FPC3_GLI_new","WIH2.2020",1127,1127,0.0786808391449412,"ok"
"DAP","GLI_new","FPC3","FPC3_GLI_new","WIH2.2021",1137,1137,0.165144223297482,"ok"
"DAP","GLI_new","FPC3","FPC3_GLI_new","WIH3.2020",415,415,0.0967563349019377,"ok"
"DAP","GLI_new","FPC3","FPC3_GLI_new","WIH3.2021",397,397,-0.0529223601215083,"ok"
"DAP","GLI_new","FPC4","FPC4_GLI_new","DEH1.2020",1142,1142,-0.0138795870344067,"ok"
"DAP","GLI_new","FPC4","FPC4_GLI_new","IAH4.2021",1128,1128,-0.0923314868822503,"ok"
"DAP","GLI_new","FPC4","FPC4_GLI_new","MIH1.2020",414,414,-0.00728059500110369,"ok"
"DAP","GLI_new","FPC4","FPC4_GLI_new","MNH1.2020",395,395,-0.031046449115931,"ok"
"DAP","GLI_new","FPC4","FPC4_GLI_new","MNH1.2021",415,415,0.0540595135664211,"ok"
"DAP","GLI_new","FPC4","FPC4_GLI_new","MOH1.2020",1006,1006,-0.0708113316558494,"ok"
"DAP","GLI_new","FPC4","FPC4_GLI_new","NEH1.2021",246,246,-0.0337524888098055,"ok"
"DAP","GLI_new","FPC4","FPC4_GLI_new","TXH1.2020",246,246,-0.196890920375707,"ok"
"DAP","GLI_new","FPC4","FPC4_GLI_new","TXH1.2021",246,246,0.032561603386396,"ok"
"DAP","GLI_new","FPC4","FPC4_GLI_new","TXH2.2020",246,246,-0.0105049842938776,"ok"
"DAP","GLI_new","FPC4","FPC4_GLI_new","TXH2.2021",246,246,-0.311048348582805,"ok"
"DAP","GLI_new","FPC4","FPC4_GLI_new","TXH3.2020",266,266,0.248794246832198,"ok"
"DAP","GLI_new","FPC4","FPC4_GLI_new","TXH3.2021",245,245,0.258278241158916,"ok"
"DAP","GLI_new","FPC4","FPC4_GLI_new","WIH1.2020",394,394,-0.120378501049276,"ok"
"DAP","GLI_new","FPC4","FPC4_GLI_new","WIH1.2021",398,398,0.122801915564941,"ok"
"DAP","GLI_new","FPC4","FPC4_GLI_new","WIH2.2020",1127,1127,0.0115681921447451,"ok"
"DAP","GLI_new","FPC4","FPC4_GLI_new","WIH2.2021",1137,1137,-0.0742820346052081,"ok"
"DAP","GLI_new","FPC4","FPC4_GLI_new","WIH3.2020",415,415,-0.065677701976573,"ok"
"DAP","GLI_new","FPC4","FPC4_GLI_new","WIH3.2021",397,397,-0.0221116130819361,"ok"
"DAP","GLI_new","FPC5","FPC5_GLI_new","DEH1.2020",1142,1142,-0.20361854911311,"ok"
"DAP","GLI_new","FPC5","FPC5_GLI_new","IAH4.2021",1128,1128,0.135898434195303,"ok"
"DAP","GLI_new","FPC5","FPC5_GLI_new","MIH1.2020",414,414,-0.048391011564007,"ok"
"DAP","GLI_new","FPC5","FPC5_GLI_new","MNH1.2020",395,395,-0.163466738930338,"ok"
"DAP","GLI_new","FPC5","FPC5_GLI_new","MNH1.2021",415,415,0.0327301292472357,"ok"
"DAP","GLI_new","FPC5","FPC5_GLI_new","MOH1.2020",1006,1006,-0.233807592741809,"ok"
"DAP","GLI_new","FPC5","FPC5_GLI_new","NEH1.2021",246,246,-0.0612663365408897,"ok"
"DAP","GLI_new","FPC5","FPC5_GLI_new","TXH1.2020",246,246,0.158575640582253,"ok"
"DAP","GLI_new","FPC5","FPC5_GLI_new","TXH1.2021",246,246,0.0964318964811432,"ok"
"DAP","GLI_new","FPC5","FPC5_GLI_new","TXH2.2020",246,246,-0.0397594931846297,"ok"
"DAP","GLI_new","FPC5","FPC5_GLI_new","TXH2.2021",246,246,-0.339032132330096,"ok"
"DAP","GLI_new","FPC5","FPC5_GLI_new","TXH3.2020",266,266,-0.145306293025666,"ok"
"DAP","GLI_new","FPC5","FPC5_GLI_new","TXH3.2021",245,245,-0.3767356599423,"ok"
"DAP","GLI_new","FPC5","FPC5_GLI_new","WIH1.2020",394,394,0.166132507281602,"ok"
"DAP","GLI_new","FPC5","FPC5_GLI_new","WIH1.2021",398,398,0.104600392611283,"ok"
"DAP","GLI_new","FPC5","FPC5_GLI_new","WIH2.2020",1127,1127,-0.0168805278386779,"ok"
"DAP","GLI_new","FPC5","FPC5_GLI_new","WIH2.2021",1137,1137,-0.0367317126628057,"ok"
"DAP","GLI_new","FPC5","FPC5_GLI_new","WIH3.2020",415,415,0.0359792152539202,"ok"
"DAP","GLI_new","FPC5","FPC5_GLI_new","WIH3.2021",397,397,0.134292642759045,"ok"
"DAP","GdivB","FPC1","FPC1_GdivB","DEH1.2020",1142,1142,0.371486389391275,"ok"
"DAP","GdivB","FPC1","FPC1_GdivB","IAH4.2021",1128,1128,0.0320206912599105,"ok"
"DAP","GdivB","FPC1","FPC1_GdivB","MIH1.2020",414,414,0.187045352881495,"ok"
"DAP","GdivB","FPC1","FPC1_GdivB","MNH1.2020",395,395,-0.28417453551318,"ok"
"DAP","GdivB","FPC1","FPC1_GdivB","MNH1.2021",415,415,-0.132200119022492,"ok"
"DAP","GdivB","FPC1","FPC1_GdivB","MOH1.2020",1006,1006,-0.299934273815283,"ok"
"DAP","GdivB","FPC1","FPC1_GdivB","NEH1.2021",246,246,0.0952033842888167,"ok"
"DAP","GdivB","FPC1","FPC1_GdivB","TXH1.2020",246,246,0.0567915334582297,"ok"
"DAP","GdivB","FPC1","FPC1_GdivB","TXH1.2021",246,246,0.256718603336709,"ok"
"DAP","GdivB","FPC1","FPC1_GdivB","TXH2.2020",246,246,0.223085312782864,"ok"
"DAP","GdivB","FPC1","FPC1_GdivB","TXH2.2021",246,246,-0.20599290147546,"ok"
"DAP","GdivB","FPC1","FPC1_GdivB","TXH3.2020",266,266,0.274935578100581,"ok"
"DAP","GdivB","FPC1","FPC1_GdivB","TXH3.2021",245,245,0.297042850920741,"ok"
"DAP","GdivB","FPC1","FPC1_GdivB","WIH1.2020",394,394,-0.160040846410868,"ok"
"DAP","GdivB","FPC1","FPC1_GdivB","WIH1.2021",398,398,-0.0264639307088209,"ok"
"DAP","GdivB","FPC1","FPC1_GdivB","WIH2.2020",1127,1127,0.0289308764448447,"ok"
"DAP","GdivB","FPC1","FPC1_GdivB","WIH2.2021",1137,1137,-0.145710603626399,"ok"
"DAP","GdivB","FPC1","FPC1_GdivB","WIH3.2020",415,415,-0.106094170227102,"ok"
"DAP","GdivB","FPC1","FPC1_GdivB","WIH3.2021",397,397,-0.0630238854764269,"ok"
"DAP","GdivB","FPC2","FPC2_GdivB","DEH1.2020",1142,1142,-0.13239120518091,"ok"
"DAP","GdivB","FPC2","FPC2_GdivB","IAH4.2021",1128,1128,-0.0674709439041061,"ok"
"DAP","GdivB","FPC2","FPC2_GdivB","MIH1.2020",414,414,0.278614916293494,"ok"
"DAP","GdivB","FPC2","FPC2_GdivB","MNH1.2020",395,395,0.210001206661812,"ok"
"DAP","GdivB","FPC2","FPC2_GdivB","MNH1.2021",415,415,0.130188186598751,"ok"
"DAP","GdivB","FPC2","FPC2_GdivB","MOH1.2020",1006,1006,0.162758442061076,"ok"
"DAP","GdivB","FPC2","FPC2_GdivB","NEH1.2021",246,246,0.0133903215833242,"ok"
"DAP","GdivB","FPC2","FPC2_GdivB","TXH1.2020",246,246,0.241056318685341,"ok"
"DAP","GdivB","FPC2","FPC2_GdivB","TXH1.2021",246,246,-0.0946665444440475,"ok"
"DAP","GdivB","FPC2","FPC2_GdivB","TXH2.2020",246,246,0.17947658779387,"ok"
"DAP","GdivB","FPC2","FPC2_GdivB","TXH2.2021",246,246,-0.0686198098622736,"ok"
"DAP","GdivB","FPC2","FPC2_GdivB","TXH3.2020",266,266,0.201727877474218,"ok"
"DAP","GdivB","FPC2","FPC2_GdivB","TXH3.2021",245,245,-0.0136395575949495,"ok"
"DAP","GdivB","FPC2","FPC2_GdivB","WIH1.2020",394,394,0.150070751889471,"ok"
"DAP","GdivB","FPC2","FPC2_GdivB","WIH1.2021",398,398,0.255214516702539,"ok"
"DAP","GdivB","FPC2","FPC2_GdivB","WIH2.2020",1127,1127,0.0800942764089961,"ok"
"DAP","GdivB","FPC2","FPC2_GdivB","WIH2.2021",1137,1137,-0.0753457819533316,"ok"
"DAP","GdivB","FPC2","FPC2_GdivB","WIH3.2020",415,415,-0.103216318490445,"ok"
"DAP","GdivB","FPC2","FPC2_GdivB","WIH3.2021",397,397,0.139296306186076,"ok"
"DAP","GdivB","FPC3","FPC3_GdivB","DEH1.2020",1142,1142,-0.0684219955532656,"ok"
"DAP","GdivB","FPC3","FPC3_GdivB","IAH4.2021",1128,1128,-0.0010294312612038,"ok"
"DAP","GdivB","FPC3","FPC3_GdivB","MIH1.2020",414,414,-0.0769462644954785,"ok"
"DAP","GdivB","FPC3","FPC3_GdivB","MNH1.2020",395,395,0.0553798768655211,"ok"
"DAP","GdivB","FPC3","FPC3_GdivB","MNH1.2021",415,415,0.0339664672917038,"ok"
"DAP","GdivB","FPC3","FPC3_GdivB","MOH1.2020",1006,1006,-0.243058277360043,"ok"
"DAP","GdivB","FPC3","FPC3_GdivB","NEH1.2021",246,246,0.0186579369780518,"ok"
"DAP","GdivB","FPC3","FPC3_GdivB","TXH1.2020",246,246,0.141732352116665,"ok"
"DAP","GdivB","FPC3","FPC3_GdivB","TXH1.2021",246,246,0.0748144924584294,"ok"
"DAP","GdivB","FPC3","FPC3_GdivB","TXH2.2020",246,246,0.177014022638419,"ok"
"DAP","GdivB","FPC3","FPC3_GdivB","TXH2.2021",246,246,-0.204104282600441,"ok"
"DAP","GdivB","FPC3","FPC3_GdivB","TXH3.2020",266,266,0.217396209075808,"ok"
"DAP","GdivB","FPC3","FPC3_GdivB","TXH3.2021",245,245,-0.265809005122708,"ok"
"DAP","GdivB","FPC3","FPC3_GdivB","WIH1.2020",394,394,0.15769621082029,"ok"
"DAP","GdivB","FPC3","FPC3_GdivB","WIH1.2021",398,398,0.121528946776188,"ok"
"DAP","GdivB","FPC3","FPC3_GdivB","WIH2.2020",1127,1127,0.0955709277858046,"ok"
"DAP","GdivB","FPC3","FPC3_GdivB","WIH2.2021",1137,1137,0.0255607872984223,"ok"
"DAP","GdivB","FPC3","FPC3_GdivB","WIH3.2020",415,415,-0.0296676324859989,"ok"
"DAP","GdivB","FPC3","FPC3_GdivB","WIH3.2021",397,397,-0.00423026526305898,"ok"
"DAP","GdivB","FPC4","FPC4_GdivB","DEH1.2020",1142,1142,0.21427426989199,"ok"
"DAP","GdivB","FPC4","FPC4_GdivB","IAH4.2021",1128,1128,0.166892162738996,"ok"
"DAP","GdivB","FPC4","FPC4_GdivB","MIH1.2020",414,414,0.322841617780162,"ok"
"DAP","GdivB","FPC4","FPC4_GdivB","MNH1.2020",395,395,0.202289363090533,"ok"
"DAP","GdivB","FPC4","FPC4_GdivB","MNH1.2021",415,415,0.197445344691719,"ok"
"DAP","GdivB","FPC4","FPC4_GdivB","MOH1.2020",1006,1006,-0.0921177977363224,"ok"
"DAP","GdivB","FPC4","FPC4_GdivB","NEH1.2021",246,246,0.0943758043835783,"ok"
"DAP","GdivB","FPC4","FPC4_GdivB","TXH1.2020",246,246,0.245229070515262,"ok"
"DAP","GdivB","FPC4","FPC4_GdivB","TXH1.2021",246,246,0.26134757286621,"ok"
"DAP","GdivB","FPC4","FPC4_GdivB","TXH2.2020",246,246,0.0997629544377729,"ok"
"DAP","GdivB","FPC4","FPC4_GdivB","TXH2.2021",246,246,-0.360641535992124,"ok"
"DAP","GdivB","FPC4","FPC4_GdivB","TXH3.2020",266,266,0.145133724353255,"ok"
"DAP","GdivB","FPC4","FPC4_GdivB","TXH3.2021",245,245,-0.125638385048176,"ok"
"DAP","GdivB","FPC4","FPC4_GdivB","WIH1.2020",394,394,0.167829712188474,"ok"
"DAP","GdivB","FPC4","FPC4_GdivB","WIH1.2021",398,398,0.311114954367098,"ok"
"DAP","GdivB","FPC4","FPC4_GdivB","WIH2.2020",1127,1127,0.124206118426643,"ok"
"DAP","GdivB","FPC4","FPC4_GdivB","WIH2.2021",1137,1137,0.138907270634298,"ok"
"DAP","GdivB","FPC4","FPC4_GdivB","WIH3.2020",415,415,-0.0198429619050854,"ok"
"DAP","GdivB","FPC4","FPC4_GdivB","WIH3.2021",397,397,-0.0800590121466908,"ok"
"DAP","GdivB","FPC5","FPC5_GdivB","DEH1.2020",1142,1142,0.118063988535162,"ok"
"DAP","GdivB","FPC5","FPC5_GdivB","IAH4.2021",1128,1128,-0.137539175379308,"ok"
"DAP","GdivB","FPC5","FPC5_GdivB","MIH1.2020",414,414,-0.139001565780143,"ok"
"DAP","GdivB","FPC5","FPC5_GdivB","MNH1.2020",395,395,-0.0565011052589803,"ok"
"DAP","GdivB","FPC5","FPC5_GdivB","MNH1.2021",415,415,-0.0567007072115842,"ok"
"DAP","GdivB","FPC5","FPC5_GdivB","MOH1.2020",1006,1006,0.102215812612931,"ok"
"DAP","GdivB","FPC5","FPC5_GdivB","NEH1.2021",246,246,-0.0413814511165653,"ok"
"DAP","GdivB","FPC5","FPC5_GdivB","TXH1.2020",246,246,-0.163313823151008,"ok"
"DAP","GdivB","FPC5","FPC5_GdivB","TXH1.2021",246,246,-0.0334755340350495,"ok"
"DAP","GdivB","FPC5","FPC5_GdivB","TXH2.2020",246,246,0.160906058533372,"ok"
"DAP","GdivB","FPC5","FPC5_GdivB","TXH2.2021",246,246,0.0107709436880649,"ok"
"DAP","GdivB","FPC5","FPC5_GdivB","TXH3.2020",266,266,0.0929823729790167,"ok"
"DAP","GdivB","FPC5","FPC5_GdivB","TXH3.2021",245,245,0.256473513333952,"ok"
"DAP","GdivB","FPC5","FPC5_GdivB","WIH1.2020",394,394,-0.0232007636238851,"ok"
"DAP","GdivB","FPC5","FPC5_GdivB","WIH1.2021",398,398,0.00915384200001552,"ok"
"DAP","GdivB","FPC5","FPC5_GdivB","WIH2.2020",1127,1127,-0.0646265956120826,"ok"
"DAP","GdivB","FPC5","FPC5_GdivB","WIH2.2021",1137,1137,0.0450375885779853,"ok"
"DAP","GdivB","FPC5","FPC5_GdivB","WIH3.2020",415,415,-0.0591761043032853,"ok"
"DAP","GdivB","FPC5","FPC5_GdivB","WIH3.2021",397,397,-0.180608135484315,"ok"
"DAP","GdivR","FPC1","FPC1_GdivR","DEH1.2020",1142,1142,0.13271340375331,"ok"
"DAP","GdivR","FPC1","FPC1_GdivR","IAH4.2021",1128,1128,0.282349138603348,"ok"
"DAP","GdivR","FPC1","FPC1_GdivR","MIH1.2020",414,414,0.289102290319998,"ok"
"DAP","GdivR","FPC1","FPC1_GdivR","MNH1.2020",395,395,0.0331499830241827,"ok"
"DAP","GdivR","FPC1","FPC1_GdivR","MNH1.2021",415,415,0.0875911296219108,"ok"
"DAP","GdivR","FPC1","FPC1_GdivR","MOH1.2020",1006,1006,0.343561601781955,"ok"
"DAP","GdivR","FPC1","FPC1_GdivR","NEH1.2021",246,246,0.212289211819313,"ok"
"DAP","GdivR","FPC1","FPC1_GdivR","TXH1.2020",246,246,0.712572582540466,"ok"
"DAP","GdivR","FPC1","FPC1_GdivR","TXH1.2021",246,246,0.0520891774214599,"ok"
"DAP","GdivR","FPC1","FPC1_GdivR","TXH2.2020",246,246,0.500030327038522,"ok"
"DAP","GdivR","FPC1","FPC1_GdivR","TXH2.2021",246,246,0.337460545589607,"ok"
"DAP","GdivR","FPC1","FPC1_GdivR","TXH3.2020",266,266,0.252555879606386,"ok"
"DAP","GdivR","FPC1","FPC1_GdivR","TXH3.2021",245,245,0.603091632097564,"ok"
"DAP","GdivR","FPC1","FPC1_GdivR","WIH1.2020",394,394,0.371046163166709,"ok"
"DAP","GdivR","FPC1","FPC1_GdivR","WIH1.2021",398,398,0.192594772500355,"ok"
"DAP","GdivR","FPC1","FPC1_GdivR","WIH2.2020",1127,1127,0.101932903189504,"ok"
"DAP","GdivR","FPC1","FPC1_GdivR","WIH2.2021",1137,1137,-0.119536405505257,"ok"
"DAP","GdivR","FPC1","FPC1_GdivR","WIH3.2020",415,415,-0.0735184238533937,"ok"
"DAP","GdivR","FPC1","FPC1_GdivR","WIH3.2021",397,397,0.351648806321743,"ok"
"DAP","GdivR","FPC2","FPC2_GdivR","DEH1.2020",1142,1142,0.230767079726214,"ok"
"DAP","GdivR","FPC2","FPC2_GdivR","IAH4.2021",1128,1128,0.00309422576459899,"ok"
"DAP","GdivR","FPC2","FPC2_GdivR","MIH1.2020",414,414,0.265643683239615,"ok"
"DAP","GdivR","FPC2","FPC2_GdivR","MNH1.2020",395,395,-0.456081164159313,"ok"
"DAP","GdivR","FPC2","FPC2_GdivR","MNH1.2021",415,415,-0.204893710209056,"ok"
"DAP","GdivR","FPC2","FPC2_GdivR","MOH1.2020",1006,1006,-0.354438053578323,"ok"
"DAP","GdivR","FPC2","FPC2_GdivR","NEH1.2021",246,246,0.261008531972885,"ok"
"DAP","GdivR","FPC2","FPC2_GdivR","TXH1.2020",246,246,-0.148756078681861,"ok"
"DAP","GdivR","FPC2","FPC2_GdivR","TXH1.2021",246,246,0.18696811527998,"ok"
"DAP","GdivR","FPC2","FPC2_GdivR","TXH2.2020",246,246,-0.0195591824362042,"ok"
"DAP","GdivR","FPC2","FPC2_GdivR","TXH2.2021",246,246,-0.113453582188536,"ok"
"DAP","GdivR","FPC2","FPC2_GdivR","TXH3.2020",266,266,0.0567803997682306,"ok"
"DAP","GdivR","FPC2","FPC2_GdivR","TXH3.2021",245,245,-0.203249999606565,"ok"
"DAP","GdivR","FPC2","FPC2_GdivR","WIH1.2020",394,394,-0.282208650392183,"ok"
"DAP","GdivR","FPC2","FPC2_GdivR","WIH1.2021",398,398,-0.0959470925517711,"ok"
"DAP","GdivR","FPC2","FPC2_GdivR","WIH2.2020",1127,1127,-0.0126273910751165,"ok"
"DAP","GdivR","FPC2","FPC2_GdivR","WIH2.2021",1137,1137,-0.187028178245537,"ok"
"DAP","GdivR","FPC2","FPC2_GdivR","WIH3.2020",415,415,-0.165112327647388,"ok"
"DAP","GdivR","FPC2","FPC2_GdivR","WIH3.2021",397,397,-0.245647149394022,"ok"
"DAP","GdivR","FPC3","FPC3_GdivR","DEH1.2020",1142,1142,-0.389245958488068,"ok"
"DAP","GdivR","FPC3","FPC3_GdivR","IAH4.2021",1128,1128,-0.223166266345694,"ok"
"DAP","GdivR","FPC3","FPC3_GdivR","MIH1.2020",414,414,-0.174236207834213,"ok"
"DAP","GdivR","FPC3","FPC3_GdivR","MNH1.2020",395,395,-0.430686700428779,"ok"
"DAP","GdivR","FPC3","FPC3_GdivR","MNH1.2021",415,415,-0.219896983440574,"ok"
"DAP","GdivR","FPC3","FPC3_GdivR","MOH1.2020",1006,1006,-0.319885792587895,"ok"
"DAP","GdivR","FPC3","FPC3_GdivR","NEH1.2021",246,246,-0.180034446979557,"ok"
"DAP","GdivR","FPC3","FPC3_GdivR","TXH1.2020",246,246,-0.544526275272219,"ok"
"DAP","GdivR","FPC3","FPC3_GdivR","TXH1.2021",246,246,-0.109439753290348,"ok"
"DAP","GdivR","FPC3","FPC3_GdivR","TXH2.2020",246,246,-0.352917236900802,"ok"
"DAP","GdivR","FPC3","FPC3_GdivR","TXH2.2021",246,246,-0.167757636803003,"ok"
"DAP","GdivR","FPC3","FPC3_GdivR","TXH3.2020",266,266,-0.00787852649555906,"ok"
"DAP","GdivR","FPC3","FPC3_GdivR","TXH3.2021",245,245,0.227000616408159,"ok"
"DAP","GdivR","FPC3","FPC3_GdivR","WIH1.2020",394,394,-0.275334666067143,"ok"
"DAP","GdivR","FPC3","FPC3_GdivR","WIH1.2021",398,398,-0.0609583423055059,"ok"
"DAP","GdivR","FPC3","FPC3_GdivR","WIH2.2020",1127,1127,-0.0728155609568439,"ok"
"DAP","GdivR","FPC3","FPC3_GdivR","WIH2.2021",1137,1137,-0.287772692582277,"ok"
"DAP","GdivR","FPC3","FPC3_GdivR","WIH3.2020",415,415,-0.121741145442815,"ok"
"DAP","GdivR","FPC3","FPC3_GdivR","WIH3.2021",397,397,-0.0803958366644558,"ok"
"DAP","GdivR","FPC4","FPC4_GdivR","DEH1.2020",1142,1142,-0.0613305531696317,"ok"
"DAP","GdivR","FPC4","FPC4_GdivR","IAH4.2021",1128,1128,0.165659893543356,"ok"
"DAP","GdivR","FPC4","FPC4_GdivR","MIH1.2020",414,414,-0.0109396956919506,"ok"
"DAP","GdivR","FPC4","FPC4_GdivR","MNH1.2020",395,395,0.0658766652106236,"ok"
"DAP","GdivR","FPC4","FPC4_GdivR","MNH1.2021",415,415,0.0407727003680486,"ok"
"DAP","GdivR","FPC4","FPC4_GdivR","MOH1.2020",1006,1006,-0.270849899129698,"ok"
"DAP","GdivR","FPC4","FPC4_GdivR","NEH1.2021",246,246,-0.127306131494587,"ok"
"DAP","GdivR","FPC4","FPC4_GdivR","TXH1.2020",246,246,-0.146486695503738,"ok"
"DAP","GdivR","FPC4","FPC4_GdivR","TXH1.2021",246,246,0.128566139859948,"ok"
"DAP","GdivR","FPC4","FPC4_GdivR","TXH2.2020",246,246,-0.0579003598488758,"ok"
"DAP","GdivR","FPC4","FPC4_GdivR","TXH2.2021",246,246,-0.458214883883863,"ok"
"DAP","GdivR","FPC4","FPC4_GdivR","TXH3.2020",266,266,-0.10702167540002,"ok"
"DAP","GdivR","FPC4","FPC4_GdivR","TXH3.2021",245,245,-0.219288491390167,"ok"
"DAP","GdivR","FPC4","FPC4_GdivR","WIH1.2020",394,394,0.275588532503317,"ok"
"DAP","GdivR","FPC4","FPC4_GdivR","WIH1.2021",398,398,0.0641665060142512,"ok"
"DAP","GdivR","FPC4","FPC4_GdivR","WIH2.2020",1127,1127,-0.0707904857729597,"ok"
"DAP","GdivR","FPC4","FPC4_GdivR","WIH2.2021",1137,1137,0.117697250654058,"ok"
"DAP","GdivR","FPC4","FPC4_GdivR","WIH3.2020",415,415,0.0553663619082035,"ok"
"DAP","GdivR","FPC4","FPC4_GdivR","WIH3.2021",397,397,0.0132776087214402,"ok"
"DAP","GdivR","FPC5","FPC5_GdivR","DEH1.2020",1142,1142,-0.0154944862086008,"ok"
"DAP","GdivR","FPC5","FPC5_GdivR","IAH4.2021",1128,1128,0.245547851828856,"ok"
"DAP","GdivR","FPC5","FPC5_GdivR","MIH1.2020",414,414,0.246811353539576,"ok"
"DAP","GdivR","FPC5","FPC5_GdivR","MNH1.2020",395,395,0.339159763253086,"ok"
"DAP","GdivR","FPC5","FPC5_GdivR","MNH1.2021",415,415,0.163288221070548,"ok"
"DAP","GdivR","FPC5","FPC5_GdivR","MOH1.2020",1006,1006,0.38228318498149,"ok"
"DAP","GdivR","FPC5","FPC5_GdivR","NEH1.2021",246,246,-0.0295399665037894,"ok"
"DAP","GdivR","FPC5","FPC5_GdivR","TXH1.2020",246,246,0.446413004764346,"ok"
"DAP","GdivR","FPC5","FPC5_GdivR","TXH1.2021",246,246,-0.0760941046922858,"ok"
"DAP","GdivR","FPC5","FPC5_GdivR","TXH2.2020",246,246,0.160819003911111,"ok"
"DAP","GdivR","FPC5","FPC5_GdivR","TXH2.2021",246,246,0.0306257097604499,"ok"
"DAP","GdivR","FPC5","FPC5_GdivR","TXH3.2020",266,266,0.00903310113114197,"ok"
"DAP","GdivR","FPC5","FPC5_GdivR","TXH3.2021",245,245,0.263949687081101,"ok"
"DAP","GdivR","FPC5","FPC5_GdivR","WIH1.2020",394,394,0.286371908133626,"ok"
"DAP","GdivR","FPC5","FPC5_GdivR","WIH1.2021",398,398,0.201546915251775,"ok"
"DAP","GdivR","FPC5","FPC5_GdivR","WIH2.2020",1127,1127,0.0558478725112104,"ok"
"DAP","GdivR","FPC5","FPC5_GdivR","WIH2.2021",1137,1137,0.114222228308837,"ok"
"DAP","GdivR","FPC5","FPC5_GdivR","WIH3.2020",415,415,0.0766155886014758,"ok"
"DAP","GdivR","FPC5","FPC5_GdivR","WIH3.2021",397,397,0.0983025408830225,"ok"
"DAP","GminusB","FPC1","FPC1_GminusB","DEH1.2020",1142,1142,-0.233621437460225,"ok"
"DAP","GminusB","FPC1","FPC1_GminusB","IAH4.2021",1128,1128,-0.161328395037245,"ok"
"DAP","GminusB","FPC1","FPC1_GminusB","MIH1.2020",414,414,-0.0060600497990698,"ok"
"DAP","GminusB","FPC1","FPC1_GminusB","MNH1.2020",395,395,0.498199556805759,"ok"
"DAP","GminusB","FPC1","FPC1_GminusB","MNH1.2021",415,415,0.21999275433797,"ok"
"DAP","GminusB","FPC1","FPC1_GminusB","MOH1.2020",1006,1006,0.228562869068241,"ok"
"DAP","GminusB","FPC1","FPC1_GminusB","NEH1.2021",246,246,-0.00223255641731071,"ok"
"DAP","GminusB","FPC1","FPC1_GminusB","TXH1.2020",246,246,-0.259810112368294,"ok"
"DAP","GminusB","FPC1","FPC1_GminusB","TXH1.2021",246,246,-0.142639208365926,"ok"
"DAP","GminusB","FPC1","FPC1_GminusB","TXH2.2020",246,246,-0.111613430308173,"ok"
"DAP","GminusB","FPC1","FPC1_GminusB","TXH2.2021",246,246,-0.173760204480451,"ok"
"DAP","GminusB","FPC1","FPC1_GminusB","TXH3.2020",266,266,0.146202588520196,"ok"
"DAP","GminusB","FPC1","FPC1_GminusB","TXH3.2021",245,245,-0.381359506120972,"ok"
"DAP","GminusB","FPC1","FPC1_GminusB","WIH1.2020",394,394,0.3366810311119,"ok"
"DAP","GminusB","FPC1","FPC1_GminusB","WIH1.2021",398,398,0.324593276598965,"ok"
"DAP","GminusB","FPC1","FPC1_GminusB","WIH2.2020",1127,1127,0.194881424714475,"ok"
"DAP","GminusB","FPC1","FPC1_GminusB","WIH2.2021",1137,1137,0.0604513737527614,"ok"
"DAP","GminusB","FPC1","FPC1_GminusB","WIH3.2020",415,415,0.116000887694248,"ok"
"DAP","GminusB","FPC1","FPC1_GminusB","WIH3.2021",397,397,0.259108981990811,"ok"
"DAP","GminusB","FPC2","FPC2_GminusB","DEH1.2020",1142,1142,-0.275229215830391,"ok"
"DAP","GminusB","FPC2","FPC2_GminusB","IAH4.2021",1128,1128,-0.0162585297379184,"ok"
"DAP","GminusB","FPC2","FPC2_GminusB","MIH1.2020",414,414,0.126535012736862,"ok"
"DAP","GminusB","FPC2","FPC2_GminusB","MNH1.2020",395,395,0.224271063064125,"ok"
"DAP","GminusB","FPC2","FPC2_GminusB","MNH1.2021",415,415,0.111925947987863,"ok"
"DAP","GminusB","FPC2","FPC2_GminusB","MOH1.2020",1006,1006,-0.0509685699726964,"ok"
"DAP","GminusB","FPC2","FPC2_GminusB","NEH1.2021",246,246,-0.251989488572452,"ok"
"DAP","GminusB","FPC2","FPC2_GminusB","TXH1.2020",246,246,-0.196394172991714,"ok"
"DAP","GminusB","FPC2","FPC2_GminusB","TXH1.2021",246,246,-0.0297811197115707,"ok"
"DAP","GminusB","FPC2","FPC2_GminusB","TXH2.2020",246,246,-0.010963861217025,"ok"
"DAP","GminusB","FPC2","FPC2_GminusB","TXH2.2021",246,246,-0.0633687242510369,"ok"
"DAP","GminusB","FPC2","FPC2_GminusB","TXH3.2020",266,266,0.173671948774092,"ok"
"DAP","GminusB","FPC2","FPC2_GminusB","TXH3.2021",245,245,-0.160185599454874,"ok"
"DAP","GminusB","FPC2","FPC2_GminusB","WIH1.2020",394,394,0.210747676702067,"ok"
"DAP","GminusB","FPC2","FPC2_GminusB","WIH1.2021",398,398,0.262501515632282,"ok"
"DAP","GminusB","FPC2","FPC2_GminusB","WIH2.2020",1127,1127,0.0847137995363936,"ok"
"DAP","GminusB","FPC2","FPC2_GminusB","WIH2.2021",1137,1137,-0.211113618569637,"ok"
"DAP","GminusB","FPC2","FPC2_GminusB","WIH3.2020",415,415,0.0502860531986566,"ok"
"DAP","GminusB","FPC2","FPC2_GminusB","WIH3.2021",397,397,0.122026408523255,"ok"
"DAP","GminusB","FPC3","FPC3_GminusB","DEH1.2020",1142,1142,-0.244781684195776,"ok"
"DAP","GminusB","FPC3","FPC3_GminusB","IAH4.2021",1128,1128,-0.0626931053049772,"ok"
"DAP","GminusB","FPC3","FPC3_GminusB","MIH1.2020",414,414,-0.235320214606927,"ok"
"DAP","GminusB","FPC3","FPC3_GminusB","MNH1.2020",395,395,0.211607710558821,"ok"
"DAP","GminusB","FPC3","FPC3_GminusB","MNH1.2021",415,415,0.00612167122878101,"ok"
"DAP","GminusB","FPC3","FPC3_GminusB","MOH1.2020",1006,1006,0.226117373716833,"ok"
"DAP","GminusB","FPC3","FPC3_GminusB","NEH1.2021",246,246,0.0735089641170263,"ok"
"DAP","GminusB","FPC3","FPC3_GminusB","TXH1.2020",246,246,-0.234004139599706,"ok"
"DAP","GminusB","FPC3","FPC3_GminusB","TXH1.2021",246,246,-0.251643814912423,"ok"
"DAP","GminusB","FPC3","FPC3_GminusB","TXH2.2020",246,246,-0.243823762634501,"ok"
"DAP","GminusB","FPC3","FPC3_GminusB","TXH2.2021",246,246,0.328527561405217,"ok"
"DAP","GminusB","FPC3","FPC3_GminusB","TXH3.2020",266,266,0.0775883851448387,"ok"
"DAP","GminusB","FPC3","FPC3_GminusB","TXH3.2021",245,245,-0.202414911588326,"ok"
"DAP","GminusB","FPC3","FPC3_GminusB","WIH1.2020",394,394,-0.191775883932836,"ok"
"DAP","GminusB","FPC3","FPC3_GminusB","WIH1.2021",398,398,-0.331330727893757,"ok"
"DAP","GminusB","FPC3","FPC3_GminusB","WIH2.2020",1127,1127,-0.191297875714975,"ok"
"DAP","GminusB","FPC3","FPC3_GminusB","WIH2.2021",1137,1137,-0.211378500757715,"ok"
"DAP","GminusB","FPC3","FPC3_GminusB","WIH3.2020",415,415,-0.0943799499227604,"ok"
"DAP","GminusB","FPC3","FPC3_GminusB","WIH3.2021",397,397,-0.0228677391617205,"ok"
"DAP","GminusB","FPC4","FPC4_GminusB","DEH1.2020",1142,1142,0.0700546963572546,"ok"
"DAP","GminusB","FPC4","FPC4_GminusB","IAH4.2021",1128,1128,-0.0028005585421318,"ok"
"DAP","GminusB","FPC4","FPC4_GminusB","MIH1.2020",414,414,0.347572015513989,"ok"
"DAP","GminusB","FPC4","FPC4_GminusB","MNH1.2020",395,395,0.011210716978026,"ok"
"DAP","GminusB","FPC4","FPC4_GminusB","MNH1.2021",415,415,0.069274515907723,"ok"
"DAP","GminusB","FPC4","FPC4_GminusB","MOH1.2020",1006,1006,-0.27001513252661,"ok"
"DAP","GminusB","FPC4","FPC4_GminusB","NEH1.2021",246,246,0.316843120542275,"ok"
"DAP","GminusB","FPC4","FPC4_GminusB","TXH1.2020",246,246,-0.191430586623715,"ok"
"DAP","GminusB","FPC4","FPC4_GminusB","TXH1.2021",246,246,-0.0291767762454765,"ok"
"DAP","GminusB","FPC4","FPC4_GminusB","TXH2.2020",246,246,0.130793532874444,"ok"
"DAP","GminusB","FPC4","FPC4_GminusB","TXH2.2021",246,246,-0.088774082149738,"ok"
"DAP","GminusB","FPC4","FPC4_GminusB","TXH3.2020",266,266,0.188527152799864,"ok"
"DAP","GminusB","FPC4","FPC4_GminusB","TXH3.2021",245,245,0.0639877232840972,"ok"
"DAP","GminusB","FPC4","FPC4_GminusB","WIH1.2020",394,394,0.0251881415290574,"ok"
"DAP","GminusB","FPC4","FPC4_GminusB","WIH1.2021",398,398,0.0863180095283356,"ok"
"DAP","GminusB","FPC4","FPC4_GminusB","WIH2.2020",1127,1127,0.256292056638871,"ok"
"DAP","GminusB","FPC4","FPC4_GminusB","WIH2.2021",1137,1137,0.217464727535925,"ok"
"DAP","GminusB","FPC4","FPC4_GminusB","WIH3.2020",415,415,0.13060371355527,"ok"
"DAP","GminusB","FPC4","FPC4_GminusB","WIH3.2021",397,397,0.148857064246729,"ok"
"DAP","GminusB","FPC5","FPC5_GminusB","DEH1.2020",1142,1142,-0.054792275807248,"ok"
"DAP","GminusB","FPC5","FPC5_GminusB","IAH4.2021",1128,1128,0.0490191948531909,"ok"
"DAP","GminusB","FPC5","FPC5_GminusB","MIH1.2020",414,414,0.398666151928496,"ok"
"DAP","GminusB","FPC5","FPC5_GminusB","MNH1.2020",395,395,-0.179158419134756,"ok"
"DAP","GminusB","FPC5","FPC5_GminusB","MNH1.2021",415,415,-0.125496599903339,"ok"
"DAP","GminusB","FPC5","FPC5_GminusB","MOH1.2020",1006,1006,-0.154129255295591,"ok"
"DAP","GminusB","FPC5","FPC5_GminusB","NEH1.2021",246,246,-0.148716032609655,"ok"
"DAP","GminusB","FPC5","FPC5_GminusB","TXH1.2020",246,246,0.34239253965498,"ok"
"DAP","GminusB","FPC5","FPC5_GminusB","TXH1.2021",246,246,0.254340152421256,"ok"
"DAP","GminusB","FPC5","FPC5_GminusB","TXH2.2020",246,246,0.197338455314373,"ok"
"DAP","GminusB","FPC5","FPC5_GminusB","TXH2.2021",246,246,-0.243112720258945,"ok"
"DAP","GminusB","FPC5","FPC5_GminusB","TXH3.2020",266,266,-0.182867990207598,"ok"
"DAP","GminusB","FPC5","FPC5_GminusB","TXH3.2021",245,245,0.333430192339359,"ok"
"DAP","GminusB","FPC5","FPC5_GminusB","WIH1.2020",394,394,0.0293182387101673,"ok"
"DAP","GminusB","FPC5","FPC5_GminusB","WIH1.2021",398,398,0.308390861710763,"ok"
"DAP","GminusB","FPC5","FPC5_GminusB","WIH2.2020",1127,1127,0.0780841478688815,"ok"
"DAP","GminusB","FPC5","FPC5_GminusB","WIH2.2021",1137,1137,0.242485544290165,"ok"
"DAP","GminusB","FPC5","FPC5_GminusB","WIH3.2020",415,415,-0.0934959102941836,"ok"
"DAP","GminusB","FPC5","FPC5_GminusB","WIH3.2021",397,397,0.0168586515372862,"ok"
"DAP","GminusR","FPC1","FPC1_GminusR","DEH1.2020",1142,1142,-0.231965197339597,"ok"
"DAP","GminusR","FPC1","FPC1_GminusR","IAH4.2021",1128,1128,-0.0814980852163022,"ok"
"DAP","GminusR","FPC1","FPC1_GminusR","MIH1.2020",414,414,-0.369774917373961,"ok"
"DAP","GminusR","FPC1","FPC1_GminusR","MNH1.2020",395,395,0.478126546992259,"ok"
"DAP","GminusR","FPC1","FPC1_GminusR","MNH1.2021",415,415,0.275203982332257,"ok"
"DAP","GminusR","FPC1","FPC1_GminusR","MOH1.2020",1006,1006,0.389593216158643,"ok"
"DAP","GminusR","FPC1","FPC1_GminusR","NEH1.2021",246,246,-0.343374340650359,"ok"
"DAP","GminusR","FPC1","FPC1_GminusR","TXH1.2020",246,246,-0.0288890466467006,"ok"
"DAP","GminusR","FPC1","FPC1_GminusR","TXH1.2021",246,246,-0.267977826081457,"ok"
"DAP","GminusR","FPC1","FPC1_GminusR","TXH2.2020",246,246,-0.21367314242789,"ok"
"DAP","GminusR","FPC1","FPC1_GminusR","TXH2.2021",246,246,0.0362268749137797,"ok"
"DAP","GminusR","FPC1","FPC1_GminusR","TXH3.2020",266,266,0.10544913239226,"ok"
"DAP","GminusR","FPC1","FPC1_GminusR","TXH3.2021",245,245,-0.141396503382145,"ok"
"DAP","GminusR","FPC1","FPC1_GminusR","WIH1.2020",394,394,-0.0470379231041634,"ok"
"DAP","GminusR","FPC1","FPC1_GminusR","WIH1.2021",398,398,-0.141520015500656,"ok"
"DAP","GminusR","FPC1","FPC1_GminusR","WIH2.2020",1127,1127,-0.109698737865906,"ok"
"DAP","GminusR","FPC1","FPC1_GminusR","WIH2.2021",1137,1137,0.111639556231957,"ok"
"DAP","GminusR","FPC1","FPC1_GminusR","WIH3.2020",415,415,0.118100761916724,"ok"
"DAP","GminusR","FPC1","FPC1_GminusR","WIH3.2021",397,397,0.00533812619685786,"ok"
"DAP","GminusR","FPC2","FPC2_GminusR","DEH1.2020",1142,1142,-0.0266743235690027,"ok"
"DAP","GminusR","FPC2","FPC2_GminusR","IAH4.2021",1128,1128,0.0814221169827174,"ok"
"DAP","GminusR","FPC2","FPC2_GminusR","MIH1.2020",414,414,0.293473869276233,"ok"
"DAP","GminusR","FPC2","FPC2_GminusR","MNH1.2020",395,395,0.281389183829333,"ok"
"DAP","GminusR","FPC2","FPC2_GminusR","MNH1.2021",415,415,0.14740607377935,"ok"
"DAP","GminusR","FPC2","FPC2_GminusR","MOH1.2020",1006,1006,0.326335165093689,"ok"
"DAP","GminusR","FPC2","FPC2_GminusR","NEH1.2021",246,246,0.093807103735926,"ok"
"DAP","GminusR","FPC2","FPC2_GminusR","TXH1.2020",246,246,0.485981201846775,"ok"
"DAP","GminusR","FPC2","FPC2_GminusR","TXH1.2021",246,246,-0.0410102606154162,"ok"
"DAP","GminusR","FPC2","FPC2_GminusR","TXH2.2020",246,246,0.353636930510707,"ok"
"DAP","GminusR","FPC2","FPC2_GminusR","TXH2.2021",246,246,0.218401515365012,"ok"
"DAP","GminusR","FPC2","FPC2_GminusR","TXH3.2020",266,266,0.280431482216936,"ok"
"DAP","GminusR","FPC2","FPC2_GminusR","TXH3.2021",245,245,0.398353638510431,"ok"
"DAP","GminusR","FPC2","FPC2_GminusR","WIH1.2020",394,394,0.402366734950822,"ok"
"DAP","GminusR","FPC2","FPC2_GminusR","WIH1.2021",398,398,0.262898178307651,"ok"
"DAP","GminusR","FPC2","FPC2_GminusR","WIH2.2020",1127,1127,0.223208921150485,"ok"
"DAP","GminusR","FPC2","FPC2_GminusR","WIH2.2021",1137,1137,-0.0323640033620526,"ok"
"DAP","GminusR","FPC2","FPC2_GminusR","WIH3.2020",415,415,0.0715585238358299,"ok"
"DAP","GminusR","FPC2","FPC2_GminusR","WIH3.2021",397,397,0.405816124073371,"ok"
"DAP","GminusR","FPC3","FPC3_GminusR","DEH1.2020",1142,1142,-0.169393964579593,"ok"
"DAP","GminusR","FPC3","FPC3_GminusR","IAH4.2021",1128,1128,-0.293004521552807,"ok"
"DAP","GminusR","FPC3","FPC3_GminusR","MIH1.2020",414,414,0.218495345670733,"ok"
"DAP","GminusR","FPC3","FPC3_GminusR","MNH1.2020",395,395,0.199099015911789,"ok"
"DAP","GminusR","FPC3","FPC3_GminusR","MNH1.2021",415,415,0.322234057695194,"ok"
"DAP","GminusR","FPC3","FPC3_GminusR","MOH1.2020",1006,1006,0.474723491177812,"ok"
"DAP","GminusR","FPC3","FPC3_GminusR","NEH1.2021",246,246,-0.399256311889026,"ok"
"DAP","GminusR","FPC3","FPC3_GminusR","TXH1.2020",246,246,0.0611409820120424,"ok"
"DAP","GminusR","FPC3","FPC3_GminusR","TXH1.2021",246,246,-0.106390531318375,"ok"
"DAP","GminusR","FPC3","FPC3_GminusR","TXH2.2020",246,246,-0.0729373322527277,"ok"
"DAP","GminusR","FPC3","FPC3_GminusR","TXH2.2021",246,246,-0.0658332290816623,"ok"
"DAP","GminusR","FPC3","FPC3_GminusR","TXH3.2020",266,266,0.188609366216665,"ok"
"DAP","GminusR","FPC3","FPC3_GminusR","TXH3.2021",245,245,0.351493563782821,"ok"
"DAP","GminusR","FPC3","FPC3_GminusR","WIH1.2020",394,394,0.0753992673420826,"ok"
"DAP","GminusR","FPC3","FPC3_GminusR","WIH1.2021",398,398,0.145991007204751,"ok"
"DAP","GminusR","FPC3","FPC3_GminusR","WIH2.2020",1127,1127,0.107954520077321,"ok"
"DAP","GminusR","FPC3","FPC3_GminusR","WIH2.2021",1137,1137,0.00611464649475901,"ok"
"DAP","GminusR","FPC3","FPC3_GminusR","WIH3.2020",415,415,-0.00687246177445475,"ok"
"DAP","GminusR","FPC3","FPC3_GminusR","WIH3.2021",397,397,-0.0669135799637828,"ok"
"DAP","GminusR","FPC4","FPC4_GminusR","DEH1.2020",1142,1142,0.359236430579983,"ok"
"DAP","GminusR","FPC4","FPC4_GminusR","IAH4.2021",1128,1128,-0.0301859966124386,"ok"
"DAP","GminusR","FPC4","FPC4_GminusR","MIH1.2020",414,414,0.162582352297956,"ok"
"DAP","GminusR","FPC4","FPC4_GminusR","MNH1.2020",395,395,0.380217917394266,"ok"
"DAP","GminusR","FPC4","FPC4_GminusR","MNH1.2021",415,415,0.122275748038475,"ok"
"DAP","GminusR","FPC4","FPC4_GminusR","MOH1.2020",1006,1006,0.415485327463413,"ok"
"DAP","GminusR","FPC4","FPC4_GminusR","NEH1.2021",246,246,0.309813058387891,"ok"
"DAP","GminusR","FPC4","FPC4_GminusR","TXH1.2020",246,246,0.382462080078353,"ok"
"DAP","GminusR","FPC4","FPC4_GminusR","TXH1.2021",246,246,-0.000754398873645829,"ok"
"DAP","GminusR","FPC4","FPC4_GminusR","TXH2.2020",246,246,0.43038525967093,"ok"
"DAP","GminusR","FPC4","FPC4_GminusR","TXH2.2021",246,246,0.363080178655583,"ok"
"DAP","GminusR","FPC4","FPC4_GminusR","TXH3.2020",266,266,-0.0210900545944599,"ok"
"DAP","GminusR","FPC4","FPC4_GminusR","TXH3.2021",245,245,0.10698597530368,"ok"
"DAP","GminusR","FPC4","FPC4_GminusR","WIH1.2020",394,394,0.509779840865279,"ok"
"DAP","GminusR","FPC4","FPC4_GminusR","WIH1.2021",398,398,0.111121675093687,"ok"
"DAP","GminusR","FPC4","FPC4_GminusR","WIH2.2020",1127,1127,0.0786679564635784,"ok"
"DAP","GminusR","FPC4","FPC4_GminusR","WIH2.2021",1137,1137,0.18043749459362,"ok"
"DAP","GminusR","FPC4","FPC4_GminusR","WIH3.2020",415,415,0.17698771402129,"ok"
"DAP","GminusR","FPC4","FPC4_GminusR","WIH3.2021",397,397,0.227123323962049,"ok"
"DAP","GminusR","FPC5","FPC5_GminusR","DEH1.2020",1142,1142,0.0850992681778895,"ok"
"DAP","GminusR","FPC5","FPC5_GminusR","IAH4.2021",1128,1128,0.237807597968394,"ok"
"DAP","GminusR","FPC5","FPC5_GminusR","MIH1.2020",414,414,0.42983621255766,"ok"
"DAP","GminusR","FPC5","FPC5_GminusR","MNH1.2020",395,395,0.116926905964384,"ok"
"DAP","GminusR","FPC5","FPC5_GminusR","MNH1.2021",415,415,0.0751635119115167,"ok"
"DAP","GminusR","FPC5","FPC5_GminusR","MOH1.2020",1006,1006,0.092969692603492,"ok"
"DAP","GminusR","FPC5","FPC5_GminusR","NEH1.2021",246,246,-0.12004372097842,"ok"
"DAP","GminusR","FPC5","FPC5_GminusR","TXH1.2020",246,246,0.182399710805558,"ok"
"DAP","GminusR","FPC5","FPC5_GminusR","TXH1.2021",246,246,0.0823589794460857,"ok"
"DAP","GminusR","FPC5","FPC5_GminusR","TXH2.2020",246,246,0.169076809327472,"ok"
"DAP","GminusR","FPC5","FPC5_GminusR","TXH2.2021",246,246,-0.364355848268628,"ok"
"DAP","GminusR","FPC5","FPC5_GminusR","TXH3.2020",266,266,-0.0816585812659978,"ok"
"DAP","GminusR","FPC5","FPC5_GminusR","TXH3.2021",245,245,0.214364312440494,"ok"
"DAP","GminusR","FPC5","FPC5_GminusR","WIH1.2020",394,394,0.0708636749226083,"ok"
"DAP","GminusR","FPC5","FPC5_GminusR","WIH1.2021",398,398,0.339522042568682,"ok"
"DAP","GminusR","FPC5","FPC5_GminusR","WIH2.2020",1127,1127,0.124624996431067,"ok"
"DAP","GminusR","FPC5","FPC5_GminusR","WIH2.2021",1137,1137,0.170678062094392,"ok"
"DAP","GminusR","FPC5","FPC5_GminusR","WIH3.2020",415,415,-0.12828347273466,"ok"
"DAP","GminusR","FPC5","FPC5_GminusR","WIH3.2021",397,397,-0.0517380183113347,"ok"
"DAP","MExG","FPC1","FPC1_MExG","DEH1.2020",1142,1142,-0.130293055066019,"ok"
"DAP","MExG","FPC1","FPC1_MExG","IAH4.2021",1128,1128,0.00298888530062636,"ok"
"DAP","MExG","FPC1","FPC1_MExG","MIH1.2020",414,414,0.240727611661628,"ok"
"DAP","MExG","FPC1","FPC1_MExG","MNH1.2020",395,395,0.500437542754929,"ok"
"DAP","MExG","FPC1","FPC1_MExG","MNH1.2021",415,415,0.238254990286495,"ok"
"DAP","MExG","FPC1","FPC1_MExG","MOH1.2020",1006,1006,0.3704386610597,"ok"
"DAP","MExG","FPC1","FPC1_MExG","NEH1.2021",246,246,-0.0309050226131763,"ok"
"DAP","MExG","FPC1","FPC1_MExG","TXH1.2020",246,246,0.267352280252756,"ok"
"DAP","MExG","FPC1","FPC1_MExG","TXH1.2021",246,246,-0.092046359127549,"ok"
"DAP","MExG","FPC1","FPC1_MExG","TXH2.2020",246,246,0.237075390690204,"ok"
"DAP","MExG","FPC1","FPC1_MExG","TXH2.2021",246,246,-0.0231182749606719,"ok"
"DAP","MExG","FPC1","FPC1_MExG","TXH3.2020",266,266,0.272723263493209,"ok"
"DAP","MExG","FPC1","FPC1_MExG","TXH3.2021",245,245,0.0477359691051928,"ok"
"DAP","MExG","FPC1","FPC1_MExG","WIH1.2020",394,394,0.452624395738644,"ok"
"DAP","MExG","FPC1","FPC1_MExG","WIH1.2021",398,398,0.323711535092468,"ok"
"DAP","MExG","FPC1","FPC1_MExG","WIH2.2020",1127,1127,0.225090936263828,"ok"
"DAP","MExG","FPC1","FPC1_MExG","WIH2.2021",1137,1137,0.105923843777514,"ok"
"DAP","MExG","FPC1","FPC1_MExG","WIH3.2020",415,415,0.107735062329477,"ok"
"DAP","MExG","FPC1","FPC1_MExG","WIH3.2021",397,397,0.386068970250172,"ok"
"DAP","MExG","FPC2","FPC2_MExG","DEH1.2020",1142,1142,-0.0124682178841645,"ok"
"DAP","MExG","FPC2","FPC2_MExG","IAH4.2021",1128,1128,-0.0259015817084612,"ok"
"DAP","MExG","FPC2","FPC2_MExG","MIH1.2020",414,414,0.410331721170935,"ok"
"DAP","MExG","FPC2","FPC2_MExG","MNH1.2020",395,395,0.0442881883011338,"ok"
"DAP","MExG","FPC2","FPC2_MExG","MNH1.2021",415,415,0.147346453945361,"ok"
"DAP","MExG","FPC2","FPC2_MExG","MOH1.2020",1006,1006,-0.0429289455115139,"ok"
"DAP","MExG","FPC2","FPC2_MExG","NEH1.2021",246,246,0.0598346026287679,"ok"
"DAP","MExG","FPC2","FPC2_MExG","TXH1.2020",246,246,-0.0169095809442122,"ok"
"DAP","MExG","FPC2","FPC2_MExG","TXH1.2021",246,246,0.0462489712539492,"ok"
"DAP","MExG","FPC2","FPC2_MExG","TXH2.2020",246,246,0.226561447705528,"ok"
"DAP","MExG","FPC2","FPC2_MExG","TXH2.2021",246,246,-0.141785989590571,"ok"
"DAP","MExG","FPC2","FPC2_MExG","TXH3.2020",266,266,0.243233331882102,"ok"
"DAP","MExG","FPC2","FPC2_MExG","TXH3.2021",245,245,0.285754623225364,"ok"
"DAP","MExG","FPC2","FPC2_MExG","WIH1.2020",394,394,0.264433214547047,"ok"
"DAP","MExG","FPC2","FPC2_MExG","WIH1.2021",398,398,0.307444298230171,"ok"
"DAP","MExG","FPC2","FPC2_MExG","WIH2.2020",1127,1127,0.217608896969145,"ok"
"DAP","MExG","FPC2","FPC2_MExG","WIH2.2021",1137,1137,-0.0813861358027365,"ok"
"DAP","MExG","FPC2","FPC2_MExG","WIH3.2020",415,415,0.0738278496315681,"ok"
"DAP","MExG","FPC2","FPC2_MExG","WIH3.2021",397,397,0.222534719809941,"ok"
"DAP","MExG","FPC3","FPC3_MExG","DEH1.2020",1142,1142,-0.130287731492851,"ok"
"DAP","MExG","FPC3","FPC3_MExG","IAH4.2021",1128,1128,-0.0880949021434873,"ok"
"DAP","MExG","FPC3","FPC3_MExG","MIH1.2020",414,414,0.124629705241474,"ok"
"DAP","MExG","FPC3","FPC3_MExG","MNH1.2020",395,395,-0.0320088231044999,"ok"
"DAP","MExG","FPC3","FPC3_MExG","MNH1.2021",415,415,0.0482465597232015,"ok"
"DAP","MExG","FPC3","FPC3_MExG","MOH1.2020",1006,1006,0.226959051053395,"ok"
"DAP","MExG","FPC3","FPC3_MExG","NEH1.2021",246,246,-0.306184686689495,"ok"
"DAP","MExG","FPC3","FPC3_MExG","TXH1.2020",246,246,0.0314961635593902,"ok"
"DAP","MExG","FPC3","FPC3_MExG","TXH1.2021",246,246,0.0527501693565739,"ok"
"DAP","MExG","FPC3","FPC3_MExG","TXH2.2020",246,246,0.0334860529725733,"ok"
"DAP","MExG","FPC3","FPC3_MExG","TXH2.2021",246,246,-0.330983146785719,"ok"
"DAP","MExG","FPC3","FPC3_MExG","TXH3.2020",266,266,-0.08167757140774,"ok"
"DAP","MExG","FPC3","FPC3_MExG","TXH3.2021",245,245,0.270980914398746,"ok"
"DAP","MExG","FPC3","FPC3_MExG","WIH1.2020",394,394,-0.0724130405780587,"ok"
"DAP","MExG","FPC3","FPC3_MExG","WIH1.2021",398,398,0.091128237083846,"ok"
"DAP","MExG","FPC3","FPC3_MExG","WIH2.2020",1127,1127,-0.167007476619957,"ok"
"DAP","MExG","FPC3","FPC3_MExG","WIH2.2021",1137,1137,0.0162347031078879,"ok"
"DAP","MExG","FPC3","FPC3_MExG","WIH3.2020",415,415,-0.0670614055560098,"ok"
"DAP","MExG","FPC3","FPC3_MExG","WIH3.2021",397,397,-0.206290031505642,"ok"
"DAP","MExG","FPC4","FPC4_MExG","DEH1.2020",1142,1142,-0.411361254624121,"ok"
"DAP","MExG","FPC4","FPC4_MExG","IAH4.2021",1128,1128,-0.143428414757837,"ok"
"DAP","MExG","FPC4","FPC4_MExG","MIH1.2020",414,414,-0.307624550992702,"ok"
"DAP","MExG","FPC4","FPC4_MExG","MNH1.2020",395,395,0.360714459808931,"ok"
"DAP","MExG","FPC4","FPC4_MExG","MNH1.2021",415,415,0.0295211381750416,"ok"
"DAP","MExG","FPC4","FPC4_MExG","MOH1.2020",1006,1006,0.378182275835399,"ok"
"DAP","MExG","FPC4","FPC4_MExG","NEH1.2021",246,246,-0.377904928917742,"ok"
"DAP","MExG","FPC4","FPC4_MExG","TXH1.2020",246,246,-0.285562237630116,"ok"
"DAP","MExG","FPC4","FPC4_MExG","TXH1.2021",246,246,-0.199291453700027,"ok"
"DAP","MExG","FPC4","FPC4_MExG","TXH2.2020",246,246,-0.227110891687791,"ok"
"DAP","MExG","FPC4","FPC4_MExG","TXH2.2021",246,246,0.210225800903019,"ok"
"DAP","MExG","FPC4","FPC4_MExG","TXH3.2020",266,266,0.0680687615196473,"ok"
"DAP","MExG","FPC4","FPC4_MExG","TXH3.2021",245,245,-0.0366265492178761,"ok"
"DAP","MExG","FPC4","FPC4_MExG","WIH1.2020",394,394,0.026044737758932,"ok"
"DAP","MExG","FPC4","FPC4_MExG","WIH1.2021",398,398,-0.240459797495453,"ok"
"DAP","MExG","FPC4","FPC4_MExG","WIH2.2020",1127,1127,-0.00402641704235597,"ok"
"DAP","MExG","FPC4","FPC4_MExG","WIH2.2021",1137,1137,-0.33439677011782,"ok"
"DAP","MExG","FPC4","FPC4_MExG","WIH3.2020",415,415,0.156560708989789,"ok"
"DAP","MExG","FPC4","FPC4_MExG","WIH3.2021",397,397,0.107795212072779,"ok"
"DAP","MExG","FPC5","FPC5_MExG","DEH1.2020",1142,1142,-0.259569373409007,"ok"
"DAP","MExG","FPC5","FPC5_MExG","IAH4.2021",1128,1128,-0.263330646728786,"ok"
"DAP","MExG","FPC5","FPC5_MExG","MIH1.2020",414,414,-0.382258002507921,"ok"
"DAP","MExG","FPC5","FPC5_MExG","MNH1.2020",395,395,0.0149615804399235,"ok"
"DAP","MExG","FPC5","FPC5_MExG","MNH1.2021",415,415,0.144121152854894,"ok"
"DAP","MExG","FPC5","FPC5_MExG","MOH1.2020",1006,1006,0.149748365839212,"ok"
"DAP","MExG","FPC5","FPC5_MExG","NEH1.2021",246,246,0.338336841900556,"ok"
"DAP","MExG","FPC5","FPC5_MExG","TXH1.2020",246,246,-0.235878979180558,"ok"
"DAP","MExG","FPC5","FPC5_MExG","TXH1.2021",246,246,-0.203101155769861,"ok"
"DAP","MExG","FPC5","FPC5_MExG","TXH2.2020",246,246,-0.253984153815653,"ok"
"DAP","MExG","FPC5","FPC5_MExG","TXH2.2021",246,246,0.309616761031411,"ok"
"DAP","MExG","FPC5","FPC5_MExG","TXH3.2020",266,266,0.033435859917686,"ok"
"DAP","MExG","FPC5","FPC5_MExG","TXH3.2021",245,245,0.080614321658575,"ok"
"DAP","MExG","FPC5","FPC5_MExG","WIH1.2020",394,394,0.00724417121741684,"ok"
"DAP","MExG","FPC5","FPC5_MExG","WIH1.2021",398,398,-0.171561869675547,"ok"
"DAP","MExG","FPC5","FPC5_MExG","WIH2.2020",1127,1127,-0.153040182973792,"ok"
"DAP","MExG","FPC5","FPC5_MExG","WIH2.2021",1137,1137,-0.00162842127459453,"ok"
"DAP","MExG","FPC5","FPC5_MExG","WIH3.2020",415,415,-0.124085587118298,"ok"
"DAP","MExG","FPC5","FPC5_MExG","WIH3.2021",397,397,0.0416573382432632,"ok"
"DAP","MGVRI","FPC1","FPC1_MGVRI","DEH1.2020",1142,1142,0.154361378973315,"ok"
"DAP","MGVRI","FPC1","FPC1_MGVRI","IAH4.2021",1128,1128,0.315757517003566,"ok"
"DAP","MGVRI","FPC1","FPC1_MGVRI","MIH1.2020",414,414,0.346830199473596,"ok"
"DAP","MGVRI","FPC1","FPC1_MGVRI","MNH1.2020",395,395,-0.000184197120518605,"ok"
"DAP","MGVRI","FPC1","FPC1_MGVRI","MNH1.2021",415,415,0.0919912892831896,"ok"
"DAP","MGVRI","FPC1","FPC1_MGVRI","MOH1.2020",1006,1006,0.322805087954624,"ok"
"DAP","MGVRI","FPC1","FPC1_MGVRI","NEH1.2021",246,246,0.32297293302743,"ok"
"DAP","MGVRI","FPC1","FPC1_MGVRI","TXH1.2020",246,246,0.718039636421766,"ok"
"DAP","MGVRI","FPC1","FPC1_MGVRI","TXH1.2021",246,246,0.0897511736613487,"ok"
"DAP","MGVRI","FPC1","FPC1_MGVRI","TXH2.2020",246,246,0.530788840520301,"ok"
"DAP","MGVRI","FPC1","FPC1_MGVRI","TXH2.2021",246,246,0.299265790005636,"ok"
"DAP","MGVRI","FPC1","FPC1_MGVRI","TXH3.2020",266,266,0.253423886253633,"ok"
"DAP","MGVRI","FPC1","FPC1_MGVRI","TXH3.2021",245,245,0.604107494521945,"ok"
"DAP","MGVRI","FPC1","FPC1_MGVRI","WIH1.2020",394,394,0.392991954076989,"ok"
"DAP","MGVRI","FPC1","FPC1_MGVRI","WIH1.2021",398,398,0.274913060614862,"ok"
"DAP","MGVRI","FPC1","FPC1_MGVRI","WIH2.2020",1127,1127,0.119285166608516,"ok"
"DAP","MGVRI","FPC1","FPC1_MGVRI","WIH2.2021",1137,1137,-0.103673771153265,"ok"
"DAP","MGVRI","FPC1","FPC1_MGVRI","WIH3.2020",415,415,-0.0681380175764508,"ok"
"DAP","MGVRI","FPC1","FPC1_MGVRI","WIH3.2021",397,397,0.37889848151116,"ok"
"DAP","MGVRI","FPC2","FPC2_MGVRI","DEH1.2020",1142,1142,-0.166685238508211,"ok"
"DAP","MGVRI","FPC2","FPC2_MGVRI","IAH4.2021",1128,1128,0.0173839704595994,"ok"
"DAP","MGVRI","FPC2","FPC2_MGVRI","MIH1.2020",414,414,-0.253449154336639,"ok"
"DAP","MGVRI","FPC2","FPC2_MGVRI","MNH1.2020",395,395,0.463921231046553,"ok"
"DAP","MGVRI","FPC2","FPC2_MGVRI","MNH1.2021",415,415,0.237557883175732,"ok"
"DAP","MGVRI","FPC2","FPC2_MGVRI","MOH1.2020",1006,1006,0.382624319131233,"ok"
"DAP","MGVRI","FPC2","FPC2_MGVRI","NEH1.2021",246,246,-0.201327566976744,"ok"
"DAP","MGVRI","FPC2","FPC2_MGVRI","TXH1.2020",246,246,0.273618635815956,"ok"
"DAP","MGVRI","FPC2","FPC2_MGVRI","TXH1.2021",246,246,-0.187303093438348,"ok"
"DAP","MGVRI","FPC2","FPC2_MGVRI","TXH2.2020",246,246,0.113649003895071,"ok"
"DAP","MGVRI","FPC2","FPC2_MGVRI","TXH2.2021",246,246,0.164944188876661,"ok"
"DAP","MGVRI","FPC2","FPC2_MGVRI","TXH3.2020",266,266,-0.00798427842191119,"ok"
"DAP","MGVRI","FPC2","FPC2_MGVRI","TXH3.2021",245,245,0.231344966647692,"ok"
"DAP","MGVRI","FPC2","FPC2_MGVRI","WIH1.2020",394,394,0.353181839752885,"ok"
"DAP","MGVRI","FPC2","FPC2_MGVRI","WIH1.2021",398,398,0.0598112790282104,"ok"
"DAP","MGVRI","FPC2","FPC2_MGVRI","WIH2.2020",1127,1127,0.0250521216640648,"ok"
"DAP","MGVRI","FPC2","FPC2_MGVRI","WIH2.2021",1137,1137,0.229481780885459,"ok"
"DAP","MGVRI","FPC2","FPC2_MGVRI","WIH3.2020",415,415,0.174832241778503,"ok"
"DAP","MGVRI","FPC2","FPC2_MGVRI","WIH3.2021",397,397,0.309154336249333,"ok"
"DAP","MGVRI","FPC3","FPC3_MGVRI","DEH1.2020",1142,1142,-0.293900665443083,"ok"
"DAP","MGVRI","FPC3","FPC3_MGVRI","IAH4.2021",1128,1128,-0.1989718430986,"ok"
"DAP","MGVRI","FPC3","FPC3_MGVRI","MIH1.2020",414,414,0.00651583258924983,"ok"
"DAP","MGVRI","FPC3","FPC3_MGVRI","MNH1.2020",395,395,-0.0224160577319668,"ok"
"DAP","MGVRI","FPC3","FPC3_MGVRI","MNH1.2021",415,415,-0.070549712161905,"ok"
"DAP","MGVRI","FPC3","FPC3_MGVRI","MOH1.2020",1006,1006,0.0190384639589341,"ok"
"DAP","MGVRI","FPC3","FPC3_MGVRI","NEH1.2021",246,246,0.0290350237333937,"ok"
"DAP","MGVRI","FPC3","FPC3_MGVRI","TXH1.2020",246,246,-0.0966637243889799,"ok"
"DAP","MGVRI","FPC3","FPC3_MGVRI","TXH1.2021",246,246,-0.173897204261886,"ok"
"DAP","MGVRI","FPC3","FPC3_MGVRI","TXH2.2020",246,246,-0.0934659439662762,"ok"
"DAP","MGVRI","FPC3","FPC3_MGVRI","TXH2.2021",246,246,0.16214838836889,"ok"
"DAP","MGVRI","FPC3","FPC3_MGVRI","TXH3.2020",266,266,0.109224150514377,"ok"
"DAP","MGVRI","FPC3","FPC3_MGVRI","TXH3.2021",245,245,0.279154445465443,"ok"
"DAP","MGVRI","FPC3","FPC3_MGVRI","WIH1.2020",394,394,-0.225196762950422,"ok"
"DAP","MGVRI","FPC3","FPC3_MGVRI","WIH1.2021",398,398,0.033499930462124,"ok"
"DAP","MGVRI","FPC3","FPC3_MGVRI","WIH2.2020",1127,1127,0.075053826690351,"ok"
"DAP","MGVRI","FPC3","FPC3_MGVRI","WIH2.2021",1137,1137,-0.201614663487906,"ok"
"DAP","MGVRI","FPC3","FPC3_MGVRI","WIH3.2020",415,415,-0.0963428219667689,"ok"
"DAP","MGVRI","FPC3","FPC3_MGVRI","WIH3.2021",397,397,-0.0636813805229438,"ok"
"DAP","MGVRI","FPC4","FPC4_MGVRI","DEH1.2020",1142,1142,0.445112247738903,"ok"
"DAP","MGVRI","FPC4","FPC4_MGVRI","IAH4.2021",1128,1128,0.0418334850994973,"ok"
"DAP","MGVRI","FPC4","FPC4_MGVRI","MIH1.2020",414,414,0.142330637733956,"ok"
"DAP","MGVRI","FPC4","FPC4_MGVRI","MNH1.2020",395,395,0.355423983159333,"ok"
"DAP","MGVRI","FPC4","FPC4_MGVRI","MNH1.2021",415,415,0.261127208962163,"ok"
"DAP","MGVRI","FPC4","FPC4_MGVRI","MOH1.2020",1006,1006,0.198668887149856,"ok"
"DAP","MGVRI","FPC4","FPC4_MGVRI","NEH1.2021",246,246,0.165457600696993,"ok"
"DAP","MGVRI","FPC4","FPC4_MGVRI","TXH1.2020",246,246,0.509900812419344,"ok"
"DAP","MGVRI","FPC4","FPC4_MGVRI","TXH1.2021",246,246,0.0562912272744459,"ok"
"DAP","MGVRI","FPC4","FPC4_MGVRI","TXH2.2020",246,246,0.336323937416805,"ok"
"DAP","MGVRI","FPC4","FPC4_MGVRI","TXH2.2021",246,246,0.365172565289436,"ok"
"DAP","MGVRI","FPC4","FPC4_MGVRI","TXH3.2020",266,266,0.0897890738382424,"ok"
"DAP","MGVRI","FPC4","FPC4_MGVRI","TXH3.2021",245,245,-0.232423710520478,"ok"
"DAP","MGVRI","FPC4","FPC4_MGVRI","WIH1.2020",394,394,0.0844565883811635,"ok"
"DAP","MGVRI","FPC4","FPC4_MGVRI","WIH1.2021",398,398,-0.0634166975694726,"ok"
"DAP","MGVRI","FPC4","FPC4_MGVRI","WIH2.2020",1127,1127,0.0590896215855063,"ok"
"DAP","MGVRI","FPC4","FPC4_MGVRI","WIH2.2021",1137,1137,0.227239853845769,"ok"
"DAP","MGVRI","FPC4","FPC4_MGVRI","WIH3.2020",415,415,0.0206709713682183,"ok"
"DAP","MGVRI","FPC4","FPC4_MGVRI","WIH3.2021",397,397,-0.112823670831715,"ok"
"DAP","MGVRI","FPC5","FPC5_MGVRI","DEH1.2020",1142,1142,0.421102966900523,"ok"
"DAP","MGVRI","FPC5","FPC5_MGVRI","IAH4.2021",1128,1128,0.257105704686926,"ok"
"DAP","MGVRI","FPC5","FPC5_MGVRI","MIH1.2020",414,414,0.318526042232862,"ok"
"DAP","MGVRI","FPC5","FPC5_MGVRI","MNH1.2020",395,395,0.404314521750385,"ok"
"DAP","MGVRI","FPC5","FPC5_MGVRI","MNH1.2021",415,415,0.28212937823543,"ok"
"DAP","MGVRI","FPC5","FPC5_MGVRI","MOH1.2020",1006,1006,0.342644036997562,"ok"
"DAP","MGVRI","FPC5","FPC5_MGVRI","NEH1.2021",246,246,-0.139844145585387,"ok"
"DAP","MGVRI","FPC5","FPC5_MGVRI","TXH1.2020",246,246,0.48574278728723,"ok"
"DAP","MGVRI","FPC5","FPC5_MGVRI","TXH1.2021",246,246,0.0138857427367825,"ok"
"DAP","MGVRI","FPC5","FPC5_MGVRI","TXH2.2020",246,246,0.273997788549602,"ok"
"DAP","MGVRI","FPC5","FPC5_MGVRI","TXH2.2021",246,246,-0.185070163828608,"ok"
"DAP","MGVRI","FPC5","FPC5_MGVRI","TXH3.2020",266,266,0.056171155879564,"ok"
"DAP","MGVRI","FPC5","FPC5_MGVRI","TXH3.2021",245,245,0.0819193274747082,"ok"
"DAP","MGVRI","FPC5","FPC5_MGVRI","WIH1.2020",394,394,0.331885783489136,"ok"
"DAP","MGVRI","FPC5","FPC5_MGVRI","WIH1.2021",398,398,0.172330755195205,"ok"
"DAP","MGVRI","FPC5","FPC5_MGVRI","WIH2.2020",1127,1127,0.0894746121189186,"ok"
"DAP","MGVRI","FPC5","FPC5_MGVRI","WIH2.2021",1137,1137,0.0313524732454154,"ok"
"DAP","MGVRI","FPC5","FPC5_MGVRI","WIH3.2020",415,415,0.0520984684742343,"ok"
"DAP","MGVRI","FPC5","FPC5_MGVRI","WIH3.2021",397,397,0.11356776524398,"ok"
"DAP","MRCC","FPC1","FPC1_MRCC","DEH1.2020",1142,1142,-0.179569040183785,"ok"
"DAP","MRCC","FPC1","FPC1_MRCC","IAH4.2021",1128,1128,-0.151642531793808,"ok"
"DAP","MRCC","FPC1","FPC1_MRCC","MIH1.2020",414,414,-0.153918068334642,"ok"
"DAP","MRCC","FPC1","FPC1_MRCC","MNH1.2020",395,395,-0.021568721897674,"ok"
"DAP","MRCC","FPC1","FPC1_MRCC","MNH1.2021",415,415,0.103739937152558,"ok"
"DAP","MRCC","FPC1","FPC1_MRCC","MOH1.2020",1006,1006,0.233318004368247,"ok"
"DAP","MRCC","FPC1","FPC1_MRCC","NEH1.2021",246,246,-0.0469181173944182,"ok"
"DAP","MRCC","FPC1","FPC1_MRCC","TXH1.2020",246,246,-0.605325943292516,"ok"
"DAP","MRCC","FPC1","FPC1_MRCC","TXH1.2021",246,246,-0.16607275517785,"ok"
"DAP","MRCC","FPC1","FPC1_MRCC","TXH2.2020",246,246,-0.224009997585215,"ok"
"DAP","MRCC","FPC1","FPC1_MRCC","TXH2.2021",246,246,-0.112005695275141,"ok"
"DAP","MRCC","FPC1","FPC1_MRCC","TXH3.2020",266,266,0.0708878739365692,"ok"
"DAP","MRCC","FPC1","FPC1_MRCC","TXH3.2021",245,245,-0.106604553783522,"ok"
"DAP","MRCC","FPC1","FPC1_MRCC","WIH1.2020",394,394,0.0592625250896997,"ok"
"DAP","MRCC","FPC1","FPC1_MRCC","WIH1.2021",398,398,-0.0150554026446026,"ok"
"DAP","MRCC","FPC1","FPC1_MRCC","WIH2.2020",1127,1127,0.186235885890098,"ok"
"DAP","MRCC","FPC1","FPC1_MRCC","WIH2.2021",1137,1137,0.138741744383809,"ok"
"DAP","MRCC","FPC1","FPC1_MRCC","WIH3.2020",415,415,0.181404141257575,"ok"
"DAP","MRCC","FPC1","FPC1_MRCC","WIH3.2021",397,397,0.162930311338679,"ok"
"DAP","MRCC","FPC2","FPC2_MRCC","DEH1.2020",1142,1142,-0.0962338143153736,"ok"
"DAP","MRCC","FPC2","FPC2_MRCC","IAH4.2021",1128,1128,-0.0407010105074892,"ok"
"DAP","MRCC","FPC2","FPC2_MRCC","MIH1.2020",414,414,-0.211684369595185,"ok"
"DAP","MRCC","FPC2","FPC2_MRCC","MNH1.2020",395,395,0.231918087621379,"ok"
"DAP","MRCC","FPC2","FPC2_MRCC","MNH1.2021",415,415,-0.103773244484436,"ok"
"DAP","MRCC","FPC2","FPC2_MRCC","MOH1.2020",1006,1006,-0.0260259090355294,"ok"
"DAP","MRCC","FPC2","FPC2_MRCC","NEH1.2021",246,246,-0.125800512394149,"ok"
"DAP","MRCC","FPC2","FPC2_MRCC","TXH1.2020",246,246,-0.471370178525667,"ok"
"DAP","MRCC","FPC2","FPC2_MRCC","TXH1.2021",246,246,0.0263047344904426,"ok"
"DAP","MRCC","FPC2","FPC2_MRCC","TXH2.2020",246,246,-0.342429988488144,"ok"
"DAP","MRCC","FPC2","FPC2_MRCC","TXH2.2021",246,246,0.0149923833970454,"ok"
"DAP","MRCC","FPC2","FPC2_MRCC","TXH3.2020",266,266,-0.0842837620435691,"ok"
"DAP","MRCC","FPC2","FPC2_MRCC","TXH3.2021",245,245,-0.458947236984938,"ok"
"DAP","MRCC","FPC2","FPC2_MRCC","WIH1.2020",394,394,-0.0793492190791721,"ok"
"DAP","MRCC","FPC2","FPC2_MRCC","WIH1.2021",398,398,0.25175863005511,"ok"
"DAP","MRCC","FPC2","FPC2_MRCC","WIH2.2020",1127,1127,0.0640492827999467,"ok"
"DAP","MRCC","FPC2","FPC2_MRCC","WIH2.2021",1137,1137,-0.0644959512804403,"ok"
"DAP","MRCC","FPC2","FPC2_MRCC","WIH3.2020",415,415,0.104220766812485,"ok"
"DAP","MRCC","FPC2","FPC2_MRCC","WIH3.2021",397,397,-0.0199345426679493,"ok"
"DAP","MRCC","FPC3","FPC3_MRCC","DEH1.2020",1142,1142,-0.017369990544792,"ok"
"DAP","MRCC","FPC3","FPC3_MRCC","IAH4.2021",1128,1128,-0.0754253447724572,"ok"
"DAP","MRCC","FPC3","FPC3_MRCC","MIH1.2020",414,414,0.215822208903817,"ok"
"DAP","MRCC","FPC3","FPC3_MRCC","MNH1.2020",395,395,-0.183066857897986,"ok"
"DAP","MRCC","FPC3","FPC3_MRCC","MNH1.2021",415,415,-0.00844729639504053,"ok"
"DAP","MRCC","FPC3","FPC3_MRCC","MOH1.2020",1006,1006,0.289945669000635,"ok"
"DAP","MRCC","FPC3","FPC3_MRCC","NEH1.2021",246,246,-0.289462766849158,"ok"
"DAP","MRCC","FPC3","FPC3_MRCC","TXH1.2020",246,246,0.0358610946026636,"ok"
"DAP","MRCC","FPC3","FPC3_MRCC","TXH1.2021",246,246,0.0190379574964345,"ok"
"DAP","MRCC","FPC3","FPC3_MRCC","TXH2.2020",246,246,0.335158664312925,"ok"
"DAP","MRCC","FPC3","FPC3_MRCC","TXH2.2021",246,246,0.282468241609264,"ok"
"DAP","MRCC","FPC3","FPC3_MRCC","TXH3.2020",266,266,0.044099263194591,"ok"
"DAP","MRCC","FPC3","FPC3_MRCC","TXH3.2021",245,245,0.204240294262053,"ok"
"DAP","MRCC","FPC3","FPC3_MRCC","WIH1.2020",394,394,-0.185488670373071,"ok"
"DAP","MRCC","FPC3","FPC3_MRCC","WIH1.2021",398,398,0.0148065927892752,"ok"
"DAP","MRCC","FPC3","FPC3_MRCC","WIH2.2020",1127,1127,0.201034812701803,"ok"
"DAP","MRCC","FPC3","FPC3_MRCC","WIH2.2021",1137,1137,-0.00992659318373086,"ok"
"DAP","MRCC","FPC3","FPC3_MRCC","WIH3.2020",415,415,0.133058783779561,"ok"
"DAP","MRCC","FPC3","FPC3_MRCC","WIH3.2021",397,397,0.103028640164344,"ok"
"DAP","MRCC","FPC4","FPC4_MRCC","DEH1.2020",1142,1142,-0.165555065687385,"ok"
"DAP","MRCC","FPC4","FPC4_MRCC","IAH4.2021",1128,1128,-0.140179122571218,"ok"
"DAP","MRCC","FPC4","FPC4_MRCC","MIH1.2020",414,414,0.220282856372245,"ok"
"DAP","MRCC","FPC4","FPC4_MRCC","MNH1.2020",395,395,0.444041652493536,"ok"
"DAP","MRCC","FPC4","FPC4_MRCC","MNH1.2021",415,415,0.0866018274779287,"ok"
"DAP","MRCC","FPC4","FPC4_MRCC","MOH1.2020",1006,1006,-0.256485899358602,"ok"
"DAP","MRCC","FPC4","FPC4_MRCC","NEH1.2021",246,246,-0.31357667587893,"ok"
"DAP","MRCC","FPC4","FPC4_MRCC","TXH1.2020",246,246,0.0398696616649085,"ok"
"DAP","MRCC","FPC4","FPC4_MRCC","TXH1.2021",246,246,0.133516358404044,"ok"
"DAP","MRCC","FPC4","FPC4_MRCC","TXH2.2020",246,246,0.298437598943427,"ok"
"DAP","MRCC","FPC4","FPC4_MRCC","TXH2.2021",246,246,0.183008553252379,"ok"
"DAP","MRCC","FPC4","FPC4_MRCC","TXH3.2020",266,266,0.186585463635979,"ok"
"DAP","MRCC","FPC4","FPC4_MRCC","TXH3.2021",245,245,-0.143547907475653,"ok"
"DAP","MRCC","FPC4","FPC4_MRCC","WIH1.2020",394,394,0.108926950032826,"ok"
"DAP","MRCC","FPC4","FPC4_MRCC","WIH1.2021",398,398,-0.121643574303891,"ok"
"DAP","MRCC","FPC4","FPC4_MRCC","WIH2.2020",1127,1127,0.117377760223897,"ok"
"DAP","MRCC","FPC4","FPC4_MRCC","WIH2.2021",1137,1137,0.143156772747932,"ok"
"DAP","MRCC","FPC4","FPC4_MRCC","WIH3.2020",415,415,0.190518769793589,"ok"
"DAP","MRCC","FPC4","FPC4_MRCC","WIH3.2021",397,397,0.12150671966566,"ok"
"DAP","MRCC","FPC5","FPC5_MRCC","DEH1.2020",1142,1142,0.0493088044838705,"ok"
"DAP","MRCC","FPC5","FPC5_MRCC","IAH4.2021",1128,1128,-0.00495097260200053,"ok"
"DAP","MRCC","FPC5","FPC5_MRCC","MIH1.2020",414,414,-0.00322670249809486,"ok"
"DAP","MRCC","FPC5","FPC5_MRCC","MNH1.2020",395,395,-0.162268127497286,"ok"
"DAP","MRCC","FPC5","FPC5_MRCC","MNH1.2021",415,415,-0.10993103384615,"ok"
"DAP","MRCC","FPC5","FPC5_MRCC","MOH1.2020",1006,1006,-0.128826678139752,"ok"
"DAP","MRCC","FPC5","FPC5_MRCC","NEH1.2021",246,246,0.0414286294859124,"ok"
"DAP","MRCC","FPC5","FPC5_MRCC","TXH1.2020",246,246,0.069113415939999,"ok"
"DAP","MRCC","FPC5","FPC5_MRCC","TXH1.2021",246,246,0.170636097006628,"ok"
"DAP","MRCC","FPC5","FPC5_MRCC","TXH2.2020",246,246,0.222461350817263,"ok"
"DAP","MRCC","FPC5","FPC5_MRCC","TXH2.2021",246,246,-0.0601980080896,"ok"
"DAP","MRCC","FPC5","FPC5_MRCC","TXH3.2020",266,266,0.0628169583914991,"ok"
"DAP","MRCC","FPC5","FPC5_MRCC","TXH3.2021",245,245,-0.0380800429577237,"ok"
"DAP","MRCC","FPC5","FPC5_MRCC","WIH1.2020",394,394,0.0115575411102527,"ok"
"DAP","MRCC","FPC5","FPC5_MRCC","WIH1.2021",398,398,-0.0324569516976063,"ok"
"DAP","MRCC","FPC5","FPC5_MRCC","WIH2.2020",1127,1127,-0.00469214538316798,"ok"
"DAP","MRCC","FPC5","FPC5_MRCC","WIH2.2021",1137,1137,0.129914815554325,"ok"
"DAP","MRCC","FPC5","FPC5_MRCC","WIH3.2020",415,415,0.0643411292138486,"ok"
"DAP","MRCC","FPC5","FPC5_MRCC","WIH3.2021",397,397,0.0957461223085347,"ok"
"DAP","MSRGR","FPC1","FPC1_MSRGR","DEH1.2020",1142,1142,0.14304595548195,"ok"
"DAP","MSRGR","FPC1","FPC1_MSRGR","IAH4.2021",1128,1128,0.300024931146426,"ok"
"DAP","MSRGR","FPC1","FPC1_MSRGR","MIH1.2020",414,414,0.308346060163594,"ok"
"DAP","MSRGR","FPC1","FPC1_MSRGR","MNH1.2020",395,395,0.0339903683100358,"ok"
"DAP","MSRGR","FPC1","FPC1_MSRGR","MNH1.2021",415,415,0.0939313216852459,"ok"
"DAP","MSRGR","FPC1","FPC1_MSRGR","MOH1.2020",1006,1006,0.342949884455455,"ok"
"DAP","MSRGR","FPC1","FPC1_MSRGR","NEH1.2021",246,246,0.251541391375243,"ok"
"DAP","MSRGR","FPC1","FPC1_MSRGR","TXH1.2020",246,246,0.716490882919144,"ok"
"DAP","MSRGR","FPC1","FPC1_MSRGR","TXH1.2021",246,246,0.0623450185133489,"ok"
"DAP","MSRGR","FPC1","FPC1_MSRGR","TXH2.2020",246,246,0.512270335082373,"ok"
"DAP","MSRGR","FPC1","FPC1_MSRGR","TXH2.2021",246,246,0.327159396397881,"ok"
"DAP","MSRGR","FPC1","FPC1_MSRGR","TXH3.2020",266,266,0.252361827654869,"ok"
"DAP","MSRGR","FPC1","FPC1_MSRGR","TXH3.2021",245,245,0.604657353940136,"ok"
"DAP","MSRGR","FPC1","FPC1_MSRGR","WIH1.2020",394,394,0.378650619804814,"ok"
"DAP","MSRGR","FPC1","FPC1_MSRGR","WIH1.2021",398,398,0.228398785582502,"ok"
"DAP","MSRGR","FPC1","FPC1_MSRGR","WIH2.2020",1127,1127,0.11148968741767,"ok"
"DAP","MSRGR","FPC1","FPC1_MSRGR","WIH2.2021",1137,1137,-0.11105975562348,"ok"
"DAP","MSRGR","FPC1","FPC1_MSRGR","WIH3.2020",415,415,-0.0696751850723212,"ok"
"DAP","MSRGR","FPC1","FPC1_MSRGR","WIH3.2021",397,397,0.362397061120715,"ok"
"DAP","MSRGR","FPC2","FPC2_MSRGR","DEH1.2020",1142,1142,0.211697463835954,"ok"
"DAP","MSRGR","FPC2","FPC2_MSRGR","IAH4.2021",1128,1128,-0.00549587784389101,"ok"
"DAP","MSRGR","FPC2","FPC2_MSRGR","MIH1.2020",414,414,0.26681504587922,"ok"
"DAP","MSRGR","FPC2","FPC2_MSRGR","MNH1.2020",395,395,-0.458423828728758,"ok"
"DAP","MSRGR","FPC2","FPC2_MSRGR","MNH1.2021",415,415,-0.213484773054757,"ok"
"DAP","MSRGR","FPC2","FPC2_MSRGR","MOH1.2020",1006,1006,-0.365122858673216,"ok"
"DAP","MSRGR","FPC2","FPC2_MSRGR","NEH1.2021",246,246,0.247848676271048,"ok"
"DAP","MSRGR","FPC2","FPC2_MSRGR","TXH1.2020",246,246,-0.1884879679696,"ok"
"DAP","MSRGR","FPC2","FPC2_MSRGR","TXH1.2021",246,246,0.189722307159412,"ok"
"DAP","MSRGR","FPC2","FPC2_MSRGR","TXH2.2020",246,246,-0.0452347191697958,"ok"
"DAP","MSRGR","FPC2","FPC2_MSRGR","TXH2.2021",246,246,-0.12154205105551,"ok"
"DAP","MSRGR","FPC2","FPC2_MSRGR","TXH3.2020",266,266,0.0444367355823163,"ok"
"DAP","MSRGR","FPC2","FPC2_MSRGR","TXH3.2021",245,245,-0.211776445953269,"ok"
"DAP","MSRGR","FPC2","FPC2_MSRGR","WIH1.2020",394,394,-0.314875788194779,"ok"
"DAP","MSRGR","FPC2","FPC2_MSRGR","WIH1.2021",398,398,-0.088178593998842,"ok"
"DAP","MSRGR","FPC2","FPC2_MSRGR","WIH2.2020",1127,1127,-0.0192559227013514,"ok"
"DAP","MSRGR","FPC2","FPC2_MSRGR","WIH2.2021",1137,1137,-0.202397179555339,"ok"
"DAP","MSRGR","FPC2","FPC2_MSRGR","WIH3.2020",415,415,-0.179285062378394,"ok"
"DAP","MSRGR","FPC2","FPC2_MSRGR","WIH3.2021",397,397,-0.275685876331104,"ok"
"DAP","MSRGR","FPC3","FPC3_MSRGR","DEH1.2020",1142,1142,-0.415134552194146,"ok"
"DAP","MSRGR","FPC3","FPC3_MSRGR","IAH4.2021",1128,1128,-0.154279371408183,"ok"
"DAP","MSRGR","FPC3","FPC3_MSRGR","MIH1.2020",414,414,-0.165835185478173,"ok"
"DAP","MSRGR","FPC3","FPC3_MSRGR","MNH1.2020",395,395,-0.420205754892467,"ok"
"DAP","MSRGR","FPC3","FPC3_MSRGR","MNH1.2021",415,415,-0.232867315762276,"ok"
"DAP","MSRGR","FPC3","FPC3_MSRGR","MOH1.2020",1006,1006,-0.297713306724556,"ok"
"DAP","MSRGR","FPC3","FPC3_MSRGR","NEH1.2021",246,246,-0.176176025278525,"ok"
"DAP","MSRGR","FPC3","FPC3_MSRGR","TXH1.2020",246,246,-0.552886128734809,"ok"
"DAP","MSRGR","FPC3","FPC3_MSRGR","TXH1.2021",246,246,-0.0948396794576345,"ok"
"DAP","MSRGR","FPC3","FPC3_MSRGR","TXH2.2020",246,246,-0.350385238859539,"ok"
"DAP","MSRGR","FPC3","FPC3_MSRGR","TXH2.2021",246,246,-0.274267767248539,"ok"
"DAP","MSRGR","FPC3","FPC3_MSRGR","TXH3.2020",266,266,-0.0174729812541807,"ok"
"DAP","MSRGR","FPC3","FPC3_MSRGR","TXH3.2021",245,245,0.238468942785388,"ok"
"DAP","MSRGR","FPC3","FPC3_MSRGR","WIH1.2020",394,394,-0.191253435001506,"ok"
"DAP","MSRGR","FPC3","FPC3_MSRGR","WIH1.2021",398,398,-0.0169028951515323,"ok"
"DAP","MSRGR","FPC3","FPC3_MSRGR","WIH2.2020",1127,1127,-0.0710136031305374,"ok"
"DAP","MSRGR","FPC3","FPC3_MSRGR","WIH2.2021",1137,1137,-0.282729350761988,"ok"
"DAP","MSRGR","FPC3","FPC3_MSRGR","WIH3.2020",415,415,-0.0670710690947264,"ok"
"DAP","MSRGR","FPC3","FPC3_MSRGR","WIH3.2021",397,397,0.00489160391304782,"ok"
"DAP","MSRGR","FPC4","FPC4_MSRGR","DEH1.2020",1142,1142,0.153310653139285,"ok"
"DAP","MSRGR","FPC4","FPC4_MSRGR","IAH4.2021",1128,1128,0.177687148649653,"ok"
"DAP","MSRGR","FPC4","FPC4_MSRGR","MIH1.2020",414,414,0.00515805918507965,"ok"
"DAP","MSRGR","FPC4","FPC4_MSRGR","MNH1.2020",395,395,0.0835908194084586,"ok"
"DAP","MSRGR","FPC4","FPC4_MSRGR","MNH1.2021",415,415,0.0682919115355933,"ok"
"DAP","MSRGR","FPC4","FPC4_MSRGR","MOH1.2020",1006,1006,-0.151179592972202,"ok"
"DAP","MSRGR","FPC4","FPC4_MSRGR","NEH1.2021",246,246,-0.0849020905085996,"ok"
"DAP","MSRGR","FPC4","FPC4_MSRGR","TXH1.2020",246,246,0.0139307100107276,"ok"
"DAP","MSRGR","FPC4","FPC4_MSRGR","TXH1.2021",246,246,0.193229196071942,"ok"
"DAP","MSRGR","FPC4","FPC4_MSRGR","TXH2.2020",246,246,0.0413064836379855,"ok"
"DAP","MSRGR","FPC4","FPC4_MSRGR","TXH2.2021",246,246,-0.35105353879982,"ok"
"DAP","MSRGR","FPC4","FPC4_MSRGR","TXH3.2020",266,266,-0.0857669098171886,"ok"
"DAP","MSRGR","FPC4","FPC4_MSRGR","TXH3.2021",245,245,-0.262066561498402,"ok"
"DAP","MSRGR","FPC4","FPC4_MSRGR","WIH1.2020",394,394,0.330295567823388,"ok"
"DAP","MSRGR","FPC4","FPC4_MSRGR","WIH1.2021",398,398,0.0399823338342369,"ok"
"DAP","MSRGR","FPC4","FPC4_MSRGR","WIH2.2020",1127,1127,-0.0664185202469025,"ok"
"DAP","MSRGR","FPC4","FPC4_MSRGR","WIH2.2021",1137,1137,0.193881588454605,"ok"
"DAP","MSRGR","FPC4","FPC4_MSRGR","WIH3.2020",415,415,0.0687369609223082,"ok"
"DAP","MSRGR","FPC4","FPC4_MSRGR","WIH3.2021",397,397,0.0691241481065553,"ok"
"DAP","MSRGR","FPC5","FPC5_MSRGR","DEH1.2020",1142,1142,0.238699913778967,"ok"
"DAP","MSRGR","FPC5","FPC5_MSRGR","IAH4.2021",1128,1128,0.282544273733905,"ok"
"DAP","MSRGR","FPC5","FPC5_MSRGR","MIH1.2020",414,414,0.291142549285306,"ok"
"DAP","MSRGR","FPC5","FPC5_MSRGR","MNH1.2020",395,395,0.379082447337959,"ok"
"DAP","MSRGR","FPC5","FPC5_MSRGR","MNH1.2021",415,415,0.199805210236952,"ok"
"DAP","MSRGR","FPC5","FPC5_MSRGR","MOH1.2020",1006,1006,0.360818836077673,"ok"
"DAP","MSRGR","FPC5","FPC5_MSRGR","NEH1.2021",246,246,-0.0598399943460064,"ok"
"DAP","MSRGR","FPC5","FPC5_MSRGR","TXH1.2020",246,246,0.475326172511292,"ok"
"DAP","MSRGR","FPC5","FPC5_MSRGR","TXH1.2021",246,246,-0.0280966478271896,"ok"
"DAP","MSRGR","FPC5","FPC5_MSRGR","TXH2.2020",246,246,0.21646673844098,"ok"
"DAP","MSRGR","FPC5","FPC5_MSRGR","TXH2.2021",246,246,-0.131500332513773,"ok"
"DAP","MSRGR","FPC5","FPC5_MSRGR","TXH3.2020",266,266,0.0158605546437582,"ok"
"DAP","MSRGR","FPC5","FPC5_MSRGR","TXH3.2021",245,245,0.19042127065913,"ok"
"DAP","MSRGR","FPC5","FPC5_MSRGR","WIH1.2020",394,394,0.363318861774537,"ok"
"DAP","MSRGR","FPC5","FPC5_MSRGR","WIH1.2021",398,398,0.215681120142103,"ok"
"DAP","MSRGR","FPC5","FPC5_MSRGR","WIH2.2020",1127,1127,0.0731452899134722,"ok"
"DAP","MSRGR","FPC5","FPC5_MSRGR","WIH2.2021",1137,1137,0.120777284031219,"ok"
"DAP","MSRGR","FPC5","FPC5_MSRGR","WIH3.2020",415,415,0.0843855344587383,"ok"
"DAP","MSRGR","FPC5","FPC5_MSRGR","WIH3.2021",397,397,0.111005011996918,"ok"
"DAP","NDI","FPC1","FPC1_NDI","DEH1.2020",1142,1142,0.148676900081054,"ok"
"DAP","NDI","FPC1","FPC1_NDI","IAH4.2021",1128,1128,0.310490524703469,"ok"
"DAP","NDI","FPC1","FPC1_NDI","MIH1.2020",414,414,0.331099741510488,"ok"
"DAP","NDI","FPC1","FPC1_NDI","MNH1.2020",395,395,0.0401613459510667,"ok"
"DAP","NDI","FPC1","FPC1_NDI","MNH1.2021",415,415,0.0972882630127566,"ok"
"DAP","NDI","FPC1","FPC1_NDI","MOH1.2020",1006,1006,0.341020951483912,"ok"
"DAP","NDI","FPC1","FPC1_NDI","NEH1.2021",246,246,0.291346471619366,"ok"
"DAP","NDI","FPC1","FPC1_NDI","TXH1.2020",246,246,0.719954253095485,"ok"
"DAP","NDI","FPC1","FPC1_NDI","TXH1.2021",246,246,0.0734961399875656,"ok"
"DAP","NDI","FPC1","FPC1_NDI","TXH2.2020",246,246,0.524038676304841,"ok"
"DAP","NDI","FPC1","FPC1_NDI","TXH2.2021",246,246,0.320896780311129,"ok"
"DAP","NDI","FPC1","FPC1_NDI","TXH3.2020",266,266,0.251429237852899,"ok"
"DAP","NDI","FPC1","FPC1_NDI","TXH3.2021",245,245,0.603538676809054,"ok"
"DAP","NDI","FPC1","FPC1_NDI","WIH1.2020",394,394,0.402917239383059,"ok"
"DAP","NDI","FPC1","FPC1_NDI","WIH1.2021",398,398,0.26177985008834,"ok"
"DAP","NDI","FPC1","FPC1_NDI","WIH2.2020",1127,1127,0.117909183526522,"ok"
"DAP","NDI","FPC1","FPC1_NDI","WIH2.2021",1137,1137,-0.10562118961531,"ok"
"DAP","NDI","FPC1","FPC1_NDI","WIH3.2020",415,415,-0.0670615351533404,"ok"
"DAP","NDI","FPC1","FPC1_NDI","WIH3.2021",397,397,0.381708138832683,"ok"
"DAP","NDI","FPC2","FPC2_NDI","DEH1.2020",1142,1142,0.161218243909199,"ok"
"DAP","NDI","FPC2","FPC2_NDI","IAH4.2021",1128,1128,-0.0104016976097342,"ok"
"DAP","NDI","FPC2","FPC2_NDI","MIH1.2020",414,414,0.268115083792864,"ok"
"DAP","NDI","FPC2","FPC2_NDI","MNH1.2020",395,395,-0.46394233501726,"ok"
"DAP","NDI","FPC2","FPC2_NDI","MNH1.2021",415,415,-0.23001408643026,"ok"
"DAP","NDI","FPC2","FPC2_NDI","MOH1.2020",1006,1006,-0.378539627486896,"ok"
"DAP","NDI","FPC2","FPC2_NDI","NEH1.2021",246,246,0.225563521969902,"ok"
"DAP","NDI","FPC2","FPC2_NDI","TXH1.2020",246,246,-0.227725780616529,"ok"
"DAP","NDI","FPC2","FPC2_NDI","TXH1.2021",246,246,0.18942670194199,"ok"
"DAP","NDI","FPC2","FPC2_NDI","TXH2.2020",246,246,-0.0769674635420314,"ok"
"DAP","NDI","FPC2","FPC2_NDI","TXH2.2021",246,246,-0.149002016504746,"ok"
"DAP","NDI","FPC2","FPC2_NDI","TXH3.2020",266,266,0.0371956420876569,"ok"
"DAP","NDI","FPC2","FPC2_NDI","TXH3.2021",245,245,-0.204685829955003,"ok"
"DAP","NDI","FPC2","FPC2_NDI","WIH1.2020",394,394,-0.337801104047213,"ok"
"DAP","NDI","FPC2","FPC2_NDI","WIH1.2021",398,398,-0.0647950623571086,"ok"
"DAP","NDI","FPC2","FPC2_NDI","WIH2.2020",1127,1127,-0.0239715399179591,"ok"
"DAP","NDI","FPC2","FPC2_NDI","WIH2.2021",1137,1137,-0.232890289558446,"ok"
"DAP","NDI","FPC2","FPC2_NDI","WIH3.2020",415,415,-0.172165560962513,"ok"
"DAP","NDI","FPC2","FPC2_NDI","WIH3.2021",397,397,-0.280337129898787,"ok"
"DAP","NDI","FPC3","FPC3_NDI","DEH1.2020",1142,1142,-0.466698985780271,"ok"
"DAP","NDI","FPC3","FPC3_NDI","IAH4.2021",1128,1128,0.0417189950147949,"ok"
"DAP","NDI","FPC3","FPC3_NDI","MIH1.2020",414,414,-0.157115760031332,"ok"
"DAP","NDI","FPC3","FPC3_NDI","MNH1.2020",395,395,-0.26704332469052,"ok"
"DAP","NDI","FPC3","FPC3_NDI","MNH1.2021",415,415,-0.149313284865994,"ok"
"DAP","NDI","FPC3","FPC3_NDI","MOH1.2020",1006,1006,-0.255102098519322,"ok"
"DAP","NDI","FPC3","FPC3_NDI","NEH1.2021",246,246,-0.194908849235861,"ok"
"DAP","NDI","FPC3","FPC3_NDI","TXH1.2020",246,246,-0.385783944502733,"ok"
"DAP","NDI","FPC3","FPC3_NDI","TXH1.2021",246,246,0.0105198719399523,"ok"
"DAP","NDI","FPC3","FPC3_NDI","TXH2.2020",246,246,-0.252991819711771,"ok"
"DAP","NDI","FPC3","FPC3_NDI","TXH2.2021",246,246,-0.420043621723868,"ok"
"DAP","NDI","FPC3","FPC3_NDI","TXH3.2020",266,266,-0.160389308082728,"ok"
"DAP","NDI","FPC3","FPC3_NDI","TXH3.2021",245,245,-0.0147295326149975,"ok"
"DAP","NDI","FPC3","FPC3_NDI","WIH1.2020",394,394,0.0169447527152855,"ok"
"DAP","NDI","FPC3","FPC3_NDI","WIH1.2021",398,398,0.0459545626521495,"ok"
"DAP","NDI","FPC3","FPC3_NDI","WIH2.2020",1127,1127,-0.0720037083292863,"ok"
"DAP","NDI","FPC3","FPC3_NDI","WIH2.2021",1137,1137,-0.0921310904419624,"ok"
"DAP","NDI","FPC3","FPC3_NDI","WIH3.2020",415,415,0.0149684685735914,"ok"
"DAP","NDI","FPC3","FPC3_NDI","WIH3.2021",397,397,0.109323673671895,"ok"
"DAP","NDI","FPC4","FPC4_NDI","DEH1.2020",1142,1142,-0.387306882560487,"ok"
"DAP","NDI","FPC4","FPC4_NDI","IAH4.2021",1128,1128,-0.19454608590208,"ok"
"DAP","NDI","FPC4","FPC4_NDI","MIH1.2020",414,414,-0.0753236411314651,"ok"
"DAP","NDI","FPC4","FPC4_NDI","MNH1.2020",395,395,-0.154773031866859,"ok"
"DAP","NDI","FPC4","FPC4_NDI","MNH1.2021",415,415,-0.130350687978527,"ok"
"DAP","NDI","FPC4","FPC4_NDI","MOH1.2020",1006,1006,-0.104179319295527,"ok"
"DAP","NDI","FPC4","FPC4_NDI","NEH1.2021",246,246,-0.0824833954716423,"ok"
"DAP","NDI","FPC4","FPC4_NDI","TXH1.2020",246,246,-0.309138063771503,"ok"
"DAP","NDI","FPC4","FPC4_NDI","TXH1.2021",246,246,-0.136200771405589,"ok"
"DAP","NDI","FPC4","FPC4_NDI","TXH2.2020",246,246,-0.237146281334297,"ok"
"DAP","NDI","FPC4","FPC4_NDI","TXH2.2021",246,246,-0.0788192663206019,"ok"
"DAP","NDI","FPC4","FPC4_NDI","TXH3.2020",266,266,0.0608387311643514,"ok"
"DAP","NDI","FPC4","FPC4_NDI","TXH3.2021",245,245,0.290217122248024,"ok"
"DAP","NDI","FPC4","FPC4_NDI","WIH1.2020",394,394,-0.226403506657072,"ok"
"DAP","NDI","FPC4","FPC4_NDI","WIH1.2021",398,398,0.0369558056579869,"ok"
"DAP","NDI","FPC4","FPC4_NDI","WIH2.2020",1127,1127,0.0398298620932247,"ok"
"DAP","NDI","FPC4","FPC4_NDI","WIH2.2021",1137,1137,-0.252316105700367,"ok"
"DAP","NDI","FPC4","FPC4_NDI","WIH3.2020",415,415,-0.182889156455949,"ok"
"DAP","NDI","FPC4","FPC4_NDI","WIH3.2021",397,397,-0.00554815129104023,"ok"
"DAP","NDI","FPC5","FPC5_NDI","DEH1.2020",1142,1142,0.425929895426897,"ok"
"DAP","NDI","FPC5","FPC5_NDI","IAH4.2021",1128,1128,0.26151281227845,"ok"
"DAP","NDI","FPC5","FPC5_NDI","MIH1.2020",414,414,0.319561426360729,"ok"
"DAP","NDI","FPC5","FPC5_NDI","MNH1.2020",395,395,0.409117234446745,"ok"
"DAP","NDI","FPC5","FPC5_NDI","MNH1.2021",415,415,0.276667382847813,"ok"
"DAP","NDI","FPC5","FPC5_NDI","MOH1.2020",1006,1006,0.335536282739759,"ok"
"DAP","NDI","FPC5","FPC5_NDI","NEH1.2021",246,246,-0.130825298073972,"ok"
"DAP","NDI","FPC5","FPC5_NDI","TXH1.2020",246,246,0.498600336205109,"ok"
"DAP","NDI","FPC5","FPC5_NDI","TXH1.2021",246,246,0.00937071133553131,"ok"
"DAP","NDI","FPC5","FPC5_NDI","TXH2.2020",246,246,0.280772579462936,"ok"
"DAP","NDI","FPC5","FPC5_NDI","TXH2.2021",246,246,-0.210824718660141,"ok"
"DAP","NDI","FPC5","FPC5_NDI","TXH3.2020",266,266,0.0439578045138999,"ok"
"DAP","NDI","FPC5","FPC5_NDI","TXH3.2021",245,245,0.081045285420742,"ok"
"DAP","NDI","FPC5","FPC5_NDI","WIH1.2020",394,394,0.305403924032952,"ok"
"DAP","NDI","FPC5","FPC5_NDI","WIH1.2021",398,398,0.166114877193382,"ok"
"DAP","NDI","FPC5","FPC5_NDI","WIH2.2020",1127,1127,0.0857342485631452,"ok"
"DAP","NDI","FPC5","FPC5_NDI","WIH2.2021",1137,1137,0.0262339011410464,"ok"
"DAP","NDI","FPC5","FPC5_NDI","WIH3.2020",415,415,0.0509853768717028,"ok"
"DAP","NDI","FPC5","FPC5_NDI","WIH3.2021",397,397,0.0912084502361457,"ok"
"DAP","NDRBI","FPC1","FPC1_NDRBI","DEH1.2020",1142,1142,-0.260610364528115,"ok"
"DAP","NDRBI","FPC1","FPC1_NDRBI","IAH4.2021",1128,1128,-0.308980408444287,"ok"
"DAP","NDRBI","FPC1","FPC1_NDRBI","MIH1.2020",414,414,-0.106557185532485,"ok"
"DAP","NDRBI","FPC1","FPC1_NDRBI","MNH1.2020",395,395,0.161455846191886,"ok"
"DAP","NDRBI","FPC1","FPC1_NDRBI","MNH1.2021",415,415,0.0395934514363271,"ok"
"DAP","NDRBI","FPC1","FPC1_NDRBI","MOH1.2020",1006,1006,-0.0183285856261425,"ok"
"DAP","NDRBI","FPC1","FPC1_NDRBI","NEH1.2021",246,246,-0.197004544228298,"ok"
"DAP","NDRBI","FPC1","FPC1_NDRBI","TXH1.2020",246,246,-0.512625207149152,"ok"
"DAP","NDRBI","FPC1","FPC1_NDRBI","TXH1.2021",246,246,-0.209122089273091,"ok"
"DAP","NDRBI","FPC1","FPC1_NDRBI","TXH2.2020",246,246,-0.276574997248203,"ok"
"DAP","NDRBI","FPC1","FPC1_NDRBI","TXH2.2021",246,246,-0.326698589701632,"ok"
"DAP","NDRBI","FPC1","FPC1_NDRBI","TXH3.2020",266,266,-0.0435781189728501,"ok"
"DAP","NDRBI","FPC1","FPC1_NDRBI","TXH3.2021",245,245,-0.54728411442224,"ok"
"DAP","NDRBI","FPC1","FPC1_NDRBI","WIH1.2020",394,394,-0.333688667217609,"ok"
"DAP","NDRBI","FPC1","FPC1_NDRBI","WIH1.2021",398,398,-0.0353839414710187,"ok"
"DAP","NDRBI","FPC1","FPC1_NDRBI","WIH2.2020",1127,1127,-0.086183179874268,"ok"
"DAP","NDRBI","FPC1","FPC1_NDRBI","WIH2.2021",1137,1137,-0.089411858471538,"ok"
"DAP","NDRBI","FPC1","FPC1_NDRBI","WIH3.2020",415,415,-0.115204231937834,"ok"
"DAP","NDRBI","FPC1","FPC1_NDRBI","WIH3.2021",397,397,-0.260503007089656,"ok"
"DAP","NDRBI","FPC2","FPC2_NDRBI","DEH1.2020",1142,1142,0.124266035479132,"ok"
"DAP","NDRBI","FPC2","FPC2_NDRBI","IAH4.2021",1128,1128,-0.120472684726374,"ok"
"DAP","NDRBI","FPC2","FPC2_NDRBI","MIH1.2020",414,414,-0.145693297482229,"ok"
"DAP","NDRBI","FPC2","FPC2_NDRBI","MNH1.2020",395,395,0.150802025709587,"ok"
"DAP","NDRBI","FPC2","FPC2_NDRBI","MNH1.2021",415,415,0.0586346906110813,"ok"
"DAP","NDRBI","FPC2","FPC2_NDRBI","MOH1.2020",1006,1006,-0.0251882104875134,"ok"
"DAP","NDRBI","FPC2","FPC2_NDRBI","NEH1.2021",246,246,-0.105699087588012,"ok"
"DAP","NDRBI","FPC2","FPC2_NDRBI","TXH1.2020",246,246,-0.226359798911209,"ok"
"DAP","NDRBI","FPC2","FPC2_NDRBI","TXH1.2021",246,246,0.030605247976037,"ok"
"DAP","NDRBI","FPC2","FPC2_NDRBI","TXH2.2020",246,246,0.0512802210402695,"ok"
"DAP","NDRBI","FPC2","FPC2_NDRBI","TXH2.2021",246,246,-0.145150339465343,"ok"
"DAP","NDRBI","FPC2","FPC2_NDRBI","TXH3.2020",266,266,0.0104019512602031,"ok"
"DAP","NDRBI","FPC2","FPC2_NDRBI","TXH3.2021",245,245,-0.364433438910718,"ok"
"DAP","NDRBI","FPC2","FPC2_NDRBI","WIH1.2020",394,394,0.162784260106986,"ok"
"DAP","NDRBI","FPC2","FPC2_NDRBI","WIH1.2021",398,398,0.0775207603925024,"ok"
"DAP","NDRBI","FPC2","FPC2_NDRBI","WIH2.2020",1127,1127,0.0378604000352031,"ok"
"DAP","NDRBI","FPC2","FPC2_NDRBI","WIH2.2021",1137,1137,0.228271950220563,"ok"
"DAP","NDRBI","FPC2","FPC2_NDRBI","WIH3.2020",415,415,0.0869333349523425,"ok"
"DAP","NDRBI","FPC2","FPC2_NDRBI","WIH3.2021",397,397,-0.105464657057396,"ok"
"DAP","NDRBI","FPC3","FPC3_NDRBI","DEH1.2020",1142,1142,0.0623647881868813,"ok"
"DAP","NDRBI","FPC3","FPC3_NDRBI","IAH4.2021",1128,1128,-0.0107254118721913,"ok"
"DAP","NDRBI","FPC3","FPC3_NDRBI","MIH1.2020",414,414,0.00174351742047899,"ok"
"DAP","NDRBI","FPC3","FPC3_NDRBI","MNH1.2020",395,395,-0.221480919718357,"ok"
"DAP","NDRBI","FPC3","FPC3_NDRBI","MNH1.2021",415,415,-0.0982171194457,"ok"
"DAP","NDRBI","FPC3","FPC3_NDRBI","MOH1.2020",1006,1006,0.0473074641360409,"ok"
"DAP","NDRBI","FPC3","FPC3_NDRBI","NEH1.2021",246,246,0.141127796681784,"ok"
"DAP","NDRBI","FPC3","FPC3_NDRBI","TXH1.2020",246,246,0.267280170985119,"ok"
"DAP","NDRBI","FPC3","FPC3_NDRBI","TXH1.2021",246,246,0.305197058634362,"ok"
"DAP","NDRBI","FPC3","FPC3_NDRBI","TXH2.2020",246,246,0.178228504360209,"ok"
"DAP","NDRBI","FPC3","FPC3_NDRBI","TXH2.2021",246,246,0.0554567956286721,"ok"
"DAP","NDRBI","FPC3","FPC3_NDRBI","TXH3.2020",266,266,0.0449155270126938,"ok"
"DAP","NDRBI","FPC3","FPC3_NDRBI","TXH3.2021",245,245,0.4448251314246,"ok"
"DAP","NDRBI","FPC3","FPC3_NDRBI","WIH1.2020",394,394,0.211129194681708,"ok"
"DAP","NDRBI","FPC3","FPC3_NDRBI","WIH1.2021",398,398,0.222647008896782,"ok"
"DAP","NDRBI","FPC3","FPC3_NDRBI","WIH2.2020",1127,1127,-0.0128281152648399,"ok"
"DAP","NDRBI","FPC3","FPC3_NDRBI","WIH2.2021",1137,1137,0.126134543129427,"ok"
"DAP","NDRBI","FPC3","FPC3_NDRBI","WIH3.2020",415,415,0.0252537217448705,"ok"
"DAP","NDRBI","FPC3","FPC3_NDRBI","WIH3.2021",397,397,-0.00739554359146959,"ok"
"DAP","NDRBI","FPC4","FPC4_NDRBI","DEH1.2020",1142,1142,-0.0350829918121671,"ok"
"DAP","NDRBI","FPC4","FPC4_NDRBI","IAH4.2021",1128,1128,-0.254088936673284,"ok"
"DAP","NDRBI","FPC4","FPC4_NDRBI","MIH1.2020",414,414,0.21183210402676,"ok"
"DAP","NDRBI","FPC4","FPC4_NDRBI","MNH1.2020",395,395,0.030032706514918,"ok"
"DAP","NDRBI","FPC4","FPC4_NDRBI","MNH1.2021",415,415,0.0159212812933906,"ok"
"DAP","NDRBI","FPC4","FPC4_NDRBI","MOH1.2020",1006,1006,-0.170840036159543,"ok"
"DAP","NDRBI","FPC4","FPC4_NDRBI","NEH1.2021",246,246,-0.351695039074327,"ok"
"DAP","NDRBI","FPC4","FPC4_NDRBI","TXH1.2020",246,246,-0.258756974139788,"ok"
"DAP","NDRBI","FPC4","FPC4_NDRBI","TXH1.2021",246,246,0.042548988121727,"ok"
"DAP","NDRBI","FPC4","FPC4_NDRBI","TXH2.2020",246,246,-0.0825217995340535,"ok"
"DAP","NDRBI","FPC4","FPC4_NDRBI","TXH2.2021",246,246,-0.24002131480124,"ok"
"DAP","NDRBI","FPC4","FPC4_NDRBI","TXH3.2020",266,266,0.115035562319351,"ok"
"DAP","NDRBI","FPC4","FPC4_NDRBI","TXH3.2021",245,245,0.240638204257599,"ok"
"DAP","NDRBI","FPC4","FPC4_NDRBI","WIH1.2020",394,394,-0.0933642933812071,"ok"
"DAP","NDRBI","FPC4","FPC4_NDRBI","WIH1.2021",398,398,0.0391075177578694,"ok"
"DAP","NDRBI","FPC4","FPC4_NDRBI","WIH2.2020",1127,1127,-0.0432683976603974,"ok"
"DAP","NDRBI","FPC4","FPC4_NDRBI","WIH2.2021",1137,1137,0.118101193343611,"ok"
"DAP","NDRBI","FPC4","FPC4_NDRBI","WIH3.2020",415,415,0.000568783161576942,"ok"
"DAP","NDRBI","FPC4","FPC4_NDRBI","WIH3.2021",397,397,-0.140462018406047,"ok"
"DAP","NDRBI","FPC5","FPC5_NDRBI","DEH1.2020",1142,1142,0.0189287556172883,"ok"
"DAP","NDRBI","FPC5","FPC5_NDRBI","IAH4.2021",1128,1128,-0.151568474942946,"ok"
"DAP","NDRBI","FPC5","FPC5_NDRBI","MIH1.2020",414,414,0.264323218363758,"ok"
"DAP","NDRBI","FPC5","FPC5_NDRBI","MNH1.2020",395,395,-0.161398449205992,"ok"
"DAP","NDRBI","FPC5","FPC5_NDRBI","MNH1.2021",415,415,-0.00508646212390621,"ok"
"DAP","NDRBI","FPC5","FPC5_NDRBI","MOH1.2020",1006,1006,-0.118536345698036,"ok"
"DAP","NDRBI","FPC5","FPC5_NDRBI","NEH1.2021",246,246,-0.0653308668260513,"ok"
"DAP","NDRBI","FPC5","FPC5_NDRBI","TXH1.2020",246,246,0.0422869268783377,"ok"
"DAP","NDRBI","FPC5","FPC5_NDRBI","TXH1.2021",246,246,0.065610314294281,"ok"
"DAP","NDRBI","FPC5","FPC5_NDRBI","TXH2.2020",246,246,-0.14312890675183,"ok"
"DAP","NDRBI","FPC5","FPC5_NDRBI","TXH2.2021",246,246,-0.1995803445421,"ok"
"DAP","NDRBI","FPC5","FPC5_NDRBI","TXH3.2020",266,266,0.0354904279463277,"ok"
"DAP","NDRBI","FPC5","FPC5_NDRBI","TXH3.2021",245,245,0.431622933985267,"ok"
"DAP","NDRBI","FPC5","FPC5_NDRBI","WIH1.2020",394,394,0.0670321825284217,"ok"
"DAP","NDRBI","FPC5","FPC5_NDRBI","WIH1.2021",398,398,0.109437365315397,"ok"
"DAP","NDRBI","FPC5","FPC5_NDRBI","WIH2.2020",1127,1127,0.0683040979637183,"ok"
"DAP","NDRBI","FPC5","FPC5_NDRBI","WIH2.2021",1137,1137,0.0455493607305399,"ok"
"DAP","NDRBI","FPC5","FPC5_NDRBI","WIH3.2020",415,415,0.0172167914753132,"ok"
"DAP","NDRBI","FPC5","FPC5_NDRBI","WIH3.2021",397,397,0.0334108840611387,"ok"
"DAP","NGBDI","FPC1","FPC1_NGBDI","DEH1.2020",1142,1142,0.174196412383615,"ok"
"DAP","NGBDI","FPC1","FPC1_NGBDI","IAH4.2021",1128,1128,-0.00269124526730386,"ok"
"DAP","NGBDI","FPC1","FPC1_NGBDI","MIH1.2020",414,414,0.259927104413145,"ok"
"DAP","NGBDI","FPC1","FPC1_NGBDI","MNH1.2020",395,395,0.049785025383107,"ok"
"DAP","NGBDI","FPC1","FPC1_NGBDI","MNH1.2021",415,415,0.0513362189915462,"ok"
"DAP","NGBDI","FPC1","FPC1_NGBDI","MOH1.2020",1006,1006,-0.247945672874713,"ok"
"DAP","NGBDI","FPC1","FPC1_NGBDI","NEH1.2021",246,246,0.0885629548841272,"ok"
"DAP","NGBDI","FPC1","FPC1_NGBDI","TXH1.2020",246,246,0.201263996264377,"ok"
"DAP","NGBDI","FPC1","FPC1_NGBDI","TXH1.2021",246,246,0.138390495695204,"ok"
"DAP","NGBDI","FPC1","FPC1_NGBDI","TXH2.2020",246,246,0.322663855921902,"ok"
"DAP","NGBDI","FPC1","FPC1_NGBDI","TXH2.2021",246,246,-0.154684213767478,"ok"
"DAP","NGBDI","FPC1","FPC1_NGBDI","TXH3.2020",266,266,0.272905818414272,"ok"
"DAP","NGBDI","FPC1","FPC1_NGBDI","TXH3.2021",245,245,0.210918313047981,"ok"
"DAP","NGBDI","FPC1","FPC1_NGBDI","WIH1.2020",394,394,0.0752677199920152,"ok"
"DAP","NGBDI","FPC1","FPC1_NGBDI","WIH1.2021",398,398,0.210269317666786,"ok"
"DAP","NGBDI","FPC1","FPC1_NGBDI","WIH2.2020",1127,1127,0.0537593660275283,"ok"
"DAP","NGBDI","FPC1","FPC1_NGBDI","WIH2.2021",1137,1137,-0.0947729270203178,"ok"
"DAP","NGBDI","FPC1","FPC1_NGBDI","WIH3.2020",415,415,-0.110787620565276,"ok"
"DAP","NGBDI","FPC1","FPC1_NGBDI","WIH3.2021",397,397,0.0124356886055234,"ok"
"DAP","NGBDI","FPC2","FPC2_NGBDI","DEH1.2020",1142,1142,-0.210062986159596,"ok"
"DAP","NGBDI","FPC2","FPC2_NGBDI","IAH4.2021",1128,1128,-0.0169106490816057,"ok"
"DAP","NGBDI","FPC2","FPC2_NGBDI","MIH1.2020",414,414,0.24794839696566,"ok"
"DAP","NGBDI","FPC2","FPC2_NGBDI","MNH1.2020",395,395,0.374054492680003,"ok"
"DAP","NGBDI","FPC2","FPC2_NGBDI","MNH1.2021",415,415,0.201594919518031,"ok"
"DAP","NGBDI","FPC2","FPC2_NGBDI","MOH1.2020",1006,1006,0.213517504936121,"ok"
"DAP","NGBDI","FPC2","FPC2_NGBDI","NEH1.2021",246,246,-0.00601365368653599,"ok"
"DAP","NGBDI","FPC2","FPC2_NGBDI","TXH1.2020",246,246,0.280173717102432,"ok"
"DAP","NGBDI","FPC2","FPC2_NGBDI","TXH1.2021",246,246,-0.137645770002734,"ok"
"DAP","NGBDI","FPC2","FPC2_NGBDI","TXH2.2020",246,246,0.096452346187399,"ok"
"DAP","NGBDI","FPC2","FPC2_NGBDI","TXH2.2021",246,246,-0.0530659863506551,"ok"
"DAP","NGBDI","FPC2","FPC2_NGBDI","TXH3.2020",266,266,0.14800623629857,"ok"
"DAP","NGBDI","FPC2","FPC2_NGBDI","TXH3.2021",245,245,-0.141421952274893,"ok"
"DAP","NGBDI","FPC2","FPC2_NGBDI","WIH1.2020",394,394,0.283420337686423,"ok"
"DAP","NGBDI","FPC2","FPC2_NGBDI","WIH1.2021",398,398,0.343712556765572,"ok"
"DAP","NGBDI","FPC2","FPC2_NGBDI","WIH2.2020",1127,1127,0.0859118411196218,"ok"
"DAP","NGBDI","FPC2","FPC2_NGBDI","WIH2.2021",1137,1137,0.00850556687692027,"ok"
"DAP","NGBDI","FPC2","FPC2_NGBDI","WIH3.2020",415,415,-0.0461437073765257,"ok"
"DAP","NGBDI","FPC2","FPC2_NGBDI","WIH3.2021",397,397,0.208691779680632,"ok"
"DAP","NGBDI","FPC3","FPC3_NGBDI","DEH1.2020",1142,1142,-0.0167450582722915,"ok"
"DAP","NGBDI","FPC3","FPC3_NGBDI","IAH4.2021",1128,1128,-0.0394828989584381,"ok"
"DAP","NGBDI","FPC3","FPC3_NGBDI","MIH1.2020",414,414,-0.0594138657431353,"ok"
"DAP","NGBDI","FPC3","FPC3_NGBDI","MNH1.2020",395,395,-0.0652429090450469,"ok"
"DAP","NGBDI","FPC3","FPC3_NGBDI","MNH1.2021",415,415,0.00403764686617895,"ok"
"DAP","NGBDI","FPC3","FPC3_NGBDI","MOH1.2020",1006,1006,-0.144879320103257,"ok"
"DAP","NGBDI","FPC3","FPC3_NGBDI","NEH1.2021",246,246,0.00603969658267257,"ok"
"DAP","NGBDI","FPC3","FPC3_NGBDI","TXH1.2020",246,246,0.00302190220201671,"ok"
"DAP","NGBDI","FPC3","FPC3_NGBDI","TXH1.2021",246,246,0.101671569347285,"ok"
"DAP","NGBDI","FPC3","FPC3_NGBDI","TXH2.2020",246,246,0.18405888900876,"ok"
"DAP","NGBDI","FPC3","FPC3_NGBDI","TXH2.2021",246,246,-0.12594807174886,"ok"
"DAP","NGBDI","FPC3","FPC3_NGBDI","TXH3.2020",266,266,0.231544126324658,"ok"
"DAP","NGBDI","FPC3","FPC3_NGBDI","TXH3.2021",245,245,0.0442373302527328,"ok"
"DAP","NGBDI","FPC3","FPC3_NGBDI","WIH1.2020",394,394,0.0633756050450821,"ok"
"DAP","NGBDI","FPC3","FPC3_NGBDI","WIH1.2021",398,398,0.0422831976927576,"ok"
"DAP","NGBDI","FPC3","FPC3_NGBDI","WIH2.2020",1127,1127,0.0540977075918509,"ok"
"DAP","NGBDI","FPC3","FPC3_NGBDI","WIH2.2021",1137,1137,-0.0116491417864607,"ok"
"DAP","NGBDI","FPC3","FPC3_NGBDI","WIH3.2020",415,415,-0.00306239781779931,"ok"
"DAP","NGBDI","FPC3","FPC3_NGBDI","WIH3.2021",397,397,0.029311940248317,"ok"
"DAP","NGBDI","FPC4","FPC4_NGBDI","DEH1.2020",1142,1142,-0.0685139726698399,"ok"
"DAP","NGBDI","FPC4","FPC4_NGBDI","IAH4.2021",1128,1128,-0.0869591164918159,"ok"
"DAP","NGBDI","FPC4","FPC4_NGBDI","MIH1.2020",414,414,-0.103310634054006,"ok"
"DAP","NGBDI","FPC4","FPC4_NGBDI","MNH1.2020",395,395,0.223775778440439,"ok"
"DAP","NGBDI","FPC4","FPC4_NGBDI","MNH1.2021",415,415,0.077618147700086,"ok"
"DAP","NGBDI","FPC4","FPC4_NGBDI","MOH1.2020",1006,1006,0.0483201787299079,"ok"
"DAP","NGBDI","FPC4","FPC4_NGBDI","NEH1.2021",246,246,0.0280996640967173,"ok"
"DAP","NGBDI","FPC4","FPC4_NGBDI","TXH1.2020",246,246,0.0381987927658873,"ok"
"DAP","NGBDI","FPC4","FPC4_NGBDI","TXH1.2021",246,246,-0.14986037544318,"ok"
"DAP","NGBDI","FPC4","FPC4_NGBDI","TXH2.2020",246,246,0.0824707518044153,"ok"
"DAP","NGBDI","FPC4","FPC4_NGBDI","TXH2.2021",246,246,0.168133722643527,"ok"
"DAP","NGBDI","FPC4","FPC4_NGBDI","TXH3.2020",266,266,0.196601796051063,"ok"
"DAP","NGBDI","FPC4","FPC4_NGBDI","TXH3.2021",245,245,-0.248354993479569,"ok"
"DAP","NGBDI","FPC4","FPC4_NGBDI","WIH1.2020",394,394,-0.0545433618501075,"ok"
"DAP","NGBDI","FPC4","FPC4_NGBDI","WIH1.2021",398,398,0.0496551149408958,"ok"
"DAP","NGBDI","FPC4","FPC4_NGBDI","WIH2.2020",1127,1127,-0.0163280476784412,"ok"
"DAP","NGBDI","FPC4","FPC4_NGBDI","WIH2.2021",1137,1137,-0.0499616388389121,"ok"
"DAP","NGBDI","FPC4","FPC4_NGBDI","WIH3.2020",415,415,-0.0484240747039315,"ok"
"DAP","NGBDI","FPC4","FPC4_NGBDI","WIH3.2021",397,397,-0.0533736414687619,"ok"
"DAP","NGBDI","FPC5","FPC5_NGBDI","DEH1.2020",1142,1142,0.262491727424517,"ok"
"DAP","NGBDI","FPC5","FPC5_NGBDI","IAH4.2021",1128,1128,0.0928067116488486,"ok"
"DAP","NGBDI","FPC5","FPC5_NGBDI","MIH1.2020",414,414,0.025656640029945,"ok"
"DAP","NGBDI","FPC5","FPC5_NGBDI","MNH1.2020",395,395,0.176697824258115,"ok"
"DAP","NGBDI","FPC5","FPC5_NGBDI","MNH1.2021",415,415,0.169174855666625,"ok"
"DAP","NGBDI","FPC5","FPC5_NGBDI","MOH1.2020",1006,1006,-0.181080641364906,"ok"
"DAP","NGBDI","FPC5","FPC5_NGBDI","NEH1.2021",246,246,0.0285380874142985,"ok"
"DAP","NGBDI","FPC5","FPC5_NGBDI","TXH1.2020",246,246,0.125304613826663,"ok"
"DAP","NGBDI","FPC5","FPC5_NGBDI","TXH1.2021",246,246,0.217468248039458,"ok"
"DAP","NGBDI","FPC5","FPC5_NGBDI","TXH2.2020",246,246,0.111723813172622,"ok"
"DAP","NGBDI","FPC5","FPC5_NGBDI","TXH2.2021",246,246,-0.363767197264903,"ok"
"DAP","NGBDI","FPC5","FPC5_NGBDI","TXH3.2020",266,266,0.188721231342432,"ok"
"DAP","NGBDI","FPC5","FPC5_NGBDI","TXH3.2021",245,245,-0.119081962466592,"ok"
"DAP","NGBDI","FPC5","FPC5_NGBDI","WIH1.2020",394,394,0.0712373422892063,"ok"
"DAP","NGBDI","FPC5","FPC5_NGBDI","WIH1.2021",398,398,0.248957030615202,"ok"
"DAP","NGBDI","FPC5","FPC5_NGBDI","WIH2.2020",1127,1127,0.087854572827827,"ok"
"DAP","NGBDI","FPC5","FPC5_NGBDI","WIH2.2021",1137,1137,0.119948681731819,"ok"
"DAP","NGBDI","FPC5","FPC5_NGBDI","WIH3.2020",415,415,0.0128337142484794,"ok"
"DAP","NGBDI","FPC5","FPC5_NGBDI","WIH3.2021",397,397,-0.180368031040175,"ok"
"DAP","NGRDI","FPC1","FPC1_NGRDI","DEH1.2020",1142,1142,0.148676321694768,"ok"
"DAP","NGRDI","FPC1","FPC1_NGRDI","IAH4.2021",1128,1128,0.31049052779094,"ok"
"DAP","NGRDI","FPC1","FPC1_NGRDI","MIH1.2020",414,414,0.331098941859569,"ok"
"DAP","NGRDI","FPC1","FPC1_NGRDI","MNH1.2020",395,395,0.04016132563692,"ok"
"DAP","NGRDI","FPC1","FPC1_NGRDI","MNH1.2021",415,415,0.0972883561652078,"ok"
"DAP","NGRDI","FPC1","FPC1_NGRDI","MOH1.2020",1006,1006,0.341020944619686,"ok"
"DAP","NGRDI","FPC1","FPC1_NGRDI","NEH1.2021",246,246,0.291346460210882,"ok"
"DAP","NGRDI","FPC1","FPC1_NGRDI","TXH1.2020",246,246,0.719954183580032,"ok"
"DAP","NGRDI","FPC1","FPC1_NGRDI","TXH1.2021",246,246,0.0734961358904027,"ok"
"DAP","NGRDI","FPC1","FPC1_NGRDI","TXH2.2020",246,246,0.524038677290811,"ok"
"DAP","NGRDI","FPC1","FPC1_NGRDI","TXH2.2021",246,246,0.320896792826922,"ok"
"DAP","NGRDI","FPC1","FPC1_NGRDI","TXH3.2020",266,266,0.251429542871193,"ok"
"DAP","NGRDI","FPC1","FPC1_NGRDI","TXH3.2021",245,245,0.603538679856358,"ok"
"DAP","NGRDI","FPC1","FPC1_NGRDI","WIH1.2020",394,394,0.402917237180459,"ok"
"DAP","NGRDI","FPC1","FPC1_NGRDI","WIH1.2021",398,398,0.261779855186175,"ok"
"DAP","NGRDI","FPC1","FPC1_NGRDI","WIH2.2020",1127,1127,0.117909180163567,"ok"
"DAP","NGRDI","FPC1","FPC1_NGRDI","WIH2.2021",1137,1137,-0.105621370726292,"ok"
"DAP","NGRDI","FPC1","FPC1_NGRDI","WIH3.2020",415,415,-0.067061450581101,"ok"
"DAP","NGRDI","FPC1","FPC1_NGRDI","WIH3.2021",397,397,0.381708094154329,"ok"
"DAP","NGRDI","FPC2","FPC2_NGRDI","DEH1.2020",1142,1142,-0.161217530523765,"ok"
"DAP","NGRDI","FPC2","FPC2_NGRDI","IAH4.2021",1128,1128,0.0104016812185239,"ok"
"DAP","NGRDI","FPC2","FPC2_NGRDI","MIH1.2020",414,414,-0.268114938067409,"ok"
"DAP","NGRDI","FPC2","FPC2_NGRDI","MNH1.2020",395,395,0.463942331408818,"ok"
"DAP","NGRDI","FPC2","FPC2_NGRDI","MNH1.2021",415,415,0.230014127886839,"ok"
"DAP","NGRDI","FPC2","FPC2_NGRDI","MOH1.2020",1006,1006,0.378539653295744,"ok"
"DAP","NGRDI","FPC2","FPC2_NGRDI","NEH1.2021",246,246,-0.225563520602459,"ok"
"DAP","NGRDI","FPC2","FPC2_NGRDI","TXH1.2020",246,246,0.227726101603532,"ok"
"DAP","NGRDI","FPC2","FPC2_NGRDI","TXH1.2021",246,246,-0.18942670901426,"ok"
"DAP","NGRDI","FPC2","FPC2_NGRDI","TXH2.2020",246,246,0.0769672559244753,"ok"
"DAP","NGRDI","FPC2","FPC2_NGRDI","TXH2.2021",246,246,0.14900203068391,"ok"
"DAP","NGRDI","FPC2","FPC2_NGRDI","TXH3.2020",266,266,-0.0371978494649194,"ok"
"DAP","NGRDI","FPC2","FPC2_NGRDI","TXH3.2021",245,245,0.2046857875751,"ok"
"DAP","NGRDI","FPC2","FPC2_NGRDI","WIH1.2020",394,394,0.337801073089993,"ok"
"DAP","NGRDI","FPC2","FPC2_NGRDI","WIH1.2021",398,398,0.0647950024290603,"ok"
"DAP","NGRDI","FPC2","FPC2_NGRDI","WIH2.2020",1127,1127,0.0239715609816872,"ok"
"DAP","NGRDI","FPC2","FPC2_NGRDI","WIH2.2021",1137,1137,0.232890087757846,"ok"
"DAP","NGRDI","FPC2","FPC2_NGRDI","WIH3.2020",415,415,0.172165476541245,"ok"
"DAP","NGRDI","FPC2","FPC2_NGRDI","WIH3.2021",397,397,0.280337233108054,"ok"
"DAP","NGRDI","FPC3","FPC3_NGRDI","DEH1.2020",1142,1142,0.466698850525525,"ok"
"DAP","NGRDI","FPC3","FPC3_NGRDI","IAH4.2021",1128,1128,-0.0417191702110754,"ok"
"DAP","NGRDI","FPC3","FPC3_NGRDI","MIH1.2020",414,414,0.157118819049804,"ok"
"DAP","NGRDI","FPC3","FPC3_NGRDI","MNH1.2020",395,395,0.267043143879065,"ok"
"DAP","NGRDI","FPC3","FPC3_NGRDI","MNH1.2021",415,415,0.149312985146868,"ok"
"DAP","NGRDI","FPC3","FPC3_NGRDI","MOH1.2020",1006,1006,0.255102013601643,"ok"
"DAP","NGRDI","FPC3","FPC3_NGRDI","NEH1.2021",246,246,0.194908972854919,"ok"
"DAP","NGRDI","FPC3","FPC3_NGRDI","TXH1.2020",246,246,0.385783465571772,"ok"
"DAP","NGRDI","FPC3","FPC3_NGRDI","TXH1.2021",246,246,-0.0105198655214973,"ok"
"DAP","NGRDI","FPC3","FPC3_NGRDI","TXH2.2020",246,246,0.252991644324918,"ok"
"DAP","NGRDI","FPC3","FPC3_NGRDI","TXH2.2021",246,246,0.420043681722754,"ok"
"DAP","NGRDI","FPC3","FPC3_NGRDI","TXH3.2020",266,266,0.160387763199014,"ok"
"DAP","NGRDI","FPC3","FPC3_NGRDI","TXH3.2021",245,245,0.0147292785782098,"ok"
"DAP","NGRDI","FPC3","FPC3_NGRDI","WIH1.2020",394,394,-0.0169447867075019,"ok"
"DAP","NGRDI","FPC3","FPC3_NGRDI","WIH1.2021",398,398,-0.0459545038913569,"ok"
"DAP","NGRDI","FPC3","FPC3_NGRDI","WIH2.2020",1127,1127,0.0720036692040539,"ok"
"DAP","NGRDI","FPC3","FPC3_NGRDI","WIH2.2021",1137,1137,0.0921310936085315,"ok"
"DAP","NGRDI","FPC3","FPC3_NGRDI","WIH3.2020",415,415,-0.0149684793699891,"ok"
"DAP","NGRDI","FPC3","FPC3_NGRDI","WIH3.2021",397,397,-0.109323617710589,"ok"
"DAP","NGRDI","FPC4","FPC4_NGRDI","DEH1.2020",1142,1142,0.38730689834501,"ok"
"DAP","NGRDI","FPC4","FPC4_NGRDI","IAH4.2021",1128,1128,0.194546058520942,"ok"
"DAP","NGRDI","FPC4","FPC4_NGRDI","MIH1.2020",414,414,0.0753231106201451,"ok"
"DAP","NGRDI","FPC4","FPC4_NGRDI","MNH1.2020",395,395,0.154772984501075,"ok"
"DAP","NGRDI","FPC4","FPC4_NGRDI","MNH1.2021",415,415,0.13035094749092,"ok"
"DAP","NGRDI","FPC4","FPC4_NGRDI","MOH1.2020",1006,1006,0.104179346703022,"ok"
"DAP","NGRDI","FPC4","FPC4_NGRDI","NEH1.2021",246,246,0.0824834559842374,"ok"
"DAP","NGRDI","FPC4","FPC4_NGRDI","TXH1.2020",246,246,0.30913868439623,"ok"
"DAP","NGRDI","FPC4","FPC4_NGRDI","TXH1.2021",246,246,0.136200764754813,"ok"
"DAP","NGRDI","FPC4","FPC4_NGRDI","TXH2.2020",246,246,0.237146460269246,"ok"
"DAP","NGRDI","FPC4","FPC4_NGRDI","TXH2.2021",246,246,0.0788194240872104,"ok"
"DAP","NGRDI","FPC4","FPC4_NGRDI","TXH3.2020",266,266,-0.0608404291204076,"ok"
"DAP","NGRDI","FPC4","FPC4_NGRDI","TXH3.2021",245,245,-0.290217167896473,"ok"
"DAP","NGRDI","FPC4","FPC4_NGRDI","WIH1.2020",394,394,0.226403535711183,"ok"
"DAP","NGRDI","FPC4","FPC4_NGRDI","WIH1.2021",398,398,-0.0369556964741849,"ok"
"DAP","NGRDI","FPC4","FPC4_NGRDI","WIH2.2020",1127,1127,-0.0398299246863379,"ok"
"DAP","NGRDI","FPC4","FPC4_NGRDI","WIH2.2021",1137,1137,0.252316080107497,"ok"
"DAP","NGRDI","FPC4","FPC4_NGRDI","WIH3.2020",415,415,0.18288925416752,"ok"
"DAP","NGRDI","FPC4","FPC4_NGRDI","WIH3.2021",397,397,0.00554806758265473,"ok"
"DAP","NGRDI","FPC5","FPC5_NGRDI","DEH1.2020",1142,1142,0.425929553455361,"ok"
"DAP","NGRDI","FPC5","FPC5_NGRDI","IAH4.2021",1128,1128,0.261512835576797,"ok"
"DAP","NGRDI","FPC5","FPC5_NGRDI","MIH1.2020",414,414,0.31955876191901,"ok"
"DAP","NGRDI","FPC5","FPC5_NGRDI","MNH1.2020",395,395,0.409117292962429,"ok"
"DAP","NGRDI","FPC5","FPC5_NGRDI","MNH1.2021",415,415,0.276667323274228,"ok"
"DAP","NGRDI","FPC5","FPC5_NGRDI","MOH1.2020",1006,1006,0.335536332469483,"ok"
"DAP","NGRDI","FPC5","FPC5_NGRDI","NEH1.2021",246,246,-0.130825291599507,"ok"
"DAP","NGRDI","FPC5","FPC5_NGRDI","TXH1.2020",246,246,0.498600326054013,"ok"
"DAP","NGRDI","FPC5","FPC5_NGRDI","TXH1.2021",246,246,0.00937069895422086,"ok"
"DAP","NGRDI","FPC5","FPC5_NGRDI","TXH2.2020",246,246,0.280771932281698,"ok"
"DAP","NGRDI","FPC5","FPC5_NGRDI","TXH2.2021",246,246,-0.210824613947696,"ok"
"DAP","NGRDI","FPC5","FPC5_NGRDI","TXH3.2020",266,266,0.0439595272369936,"ok"
"DAP","NGRDI","FPC5","FPC5_NGRDI","TXH3.2021",245,245,0.0810453792383859,"ok"
"DAP","NGRDI","FPC5","FPC5_NGRDI","WIH1.2020",394,394,0.305403963297672,"ok"
"DAP","NGRDI","FPC5","FPC5_NGRDI","WIH1.2021",398,398,0.1661149534856,"ok"
"DAP","NGRDI","FPC5","FPC5_NGRDI","WIH2.2020",1127,1127,0.0857339272187298,"ok"
"DAP","NGRDI","FPC5","FPC5_NGRDI","WIH2.2021",1137,1137,0.0262340677494432,"ok"
"DAP","NGRDI","FPC5","FPC5_NGRDI","WIH3.2020",415,415,0.050985524844955,"ok"
"DAP","NGRDI","FPC5","FPC5_NGRDI","WIH3.2021",397,397,0.0912083767360424,"ok"
"DAP","NGRDI_new","FPC1","FPC1_NGRDI_new","DEH1.2020",1142,1142,0.148676322845298,"ok"
"DAP","NGRDI_new","FPC1","FPC1_NGRDI_new","IAH4.2021",1128,1128,0.310490527277883,"ok"
"DAP","NGRDI_new","FPC1","FPC1_NGRDI_new","MIH1.2020",414,414,0.331098955568074,"ok"
"DAP","NGRDI_new","FPC1","FPC1_NGRDI_new","MNH1.2020",395,395,0.0401613204485929,"ok"
"DAP","NGRDI_new","FPC1","FPC1_NGRDI_new","MNH1.2021",415,415,0.0972883570205496,"ok"
"DAP","NGRDI_new","FPC1","FPC1_NGRDI_new","MOH1.2020",1006,1006,0.341020955820272,"ok"
"DAP","NGRDI_new","FPC1","FPC1_NGRDI_new","NEH1.2021",246,246,0.2913464626609,"ok"
"DAP","NGRDI_new","FPC1","FPC1_NGRDI_new","TXH1.2020",246,246,0.719954020645746,"ok"
"DAP","NGRDI_new","FPC1","FPC1_NGRDI_new","TXH1.2021",246,246,0.073496138299573,"ok"
"DAP","NGRDI_new","FPC1","FPC1_NGRDI_new","TXH2.2020",246,246,0.5240386749954,"ok"
"DAP","NGRDI_new","FPC1","FPC1_NGRDI_new","TXH2.2021",246,246,0.320896797660659,"ok"
"DAP","NGRDI_new","FPC1","FPC1_NGRDI_new","TXH3.2020",266,266,0.251429355301372,"ok"
"DAP","NGRDI_new","FPC1","FPC1_NGRDI_new","TXH3.2021",245,245,0.603538686714573,"ok"
"DAP","NGRDI_new","FPC1","FPC1_NGRDI_new","WIH1.2020",394,394,0.402917233648034,"ok"
"DAP","NGRDI_new","FPC1","FPC1_NGRDI_new","WIH1.2021",398,398,0.261779848483322,"ok"
"DAP","NGRDI_new","FPC1","FPC1_NGRDI_new","WIH2.2020",1127,1127,0.11790917951436,"ok"
"DAP","NGRDI_new","FPC1","FPC1_NGRDI_new","WIH2.2021",1137,1137,-0.105621321775569,"ok"
"DAP","NGRDI_new","FPC1","FPC1_NGRDI_new","WIH3.2020",415,415,-0.0670614515567287,"ok"
"DAP","NGRDI_new","FPC1","FPC1_NGRDI_new","WIH3.2021",397,397,0.381708091484273,"ok"
"DAP","NGRDI_new","FPC2","FPC2_NGRDI_new","DEH1.2020",1142,1142,-0.161217529332024,"ok"
"DAP","NGRDI_new","FPC2","FPC2_NGRDI_new","IAH4.2021",1128,1128,0.0104016832550374,"ok"
"DAP","NGRDI_new","FPC2","FPC2_NGRDI_new","MIH1.2020",414,414,-0.268114873777474,"ok"
"DAP","NGRDI_new","FPC2","FPC2_NGRDI_new","MNH1.2020",395,395,0.463942332084715,"ok"
"DAP","NGRDI_new","FPC2","FPC2_NGRDI_new","MNH1.2021",415,415,0.230014138163381,"ok"
"DAP","NGRDI_new","FPC2","FPC2_NGRDI_new","MOH1.2020",1006,1006,0.378539639753513,"ok"
"DAP","NGRDI_new","FPC2","FPC2_NGRDI_new","NEH1.2021",246,246,-0.225563516098278,"ok"
"DAP","NGRDI_new","FPC2","FPC2_NGRDI_new","TXH1.2020",246,246,0.227726458431868,"ok"
"DAP","NGRDI_new","FPC2","FPC2_NGRDI_new","TXH1.2021",246,246,-0.189426703877324,"ok"
"DAP","NGRDI_new","FPC2","FPC2_NGRDI_new","TXH2.2020",246,246,0.0769677052556953,"ok"
"DAP","NGRDI_new","FPC2","FPC2_NGRDI_new","TXH2.2021",246,246,0.149002086960674,"ok"
"DAP","NGRDI_new","FPC2","FPC2_NGRDI_new","TXH3.2020",266,266,-0.0371978769401158,"ok"
"DAP","NGRDI_new","FPC2","FPC2_NGRDI_new","TXH3.2021",245,245,0.204685792877526,"ok"
"DAP","NGRDI_new","FPC2","FPC2_NGRDI_new","WIH1.2020",394,394,0.337801078890069,"ok"
"DAP","NGRDI_new","FPC2","FPC2_NGRDI_new","WIH1.2021",398,398,0.0647950485385861,"ok"
"DAP","NGRDI_new","FPC2","FPC2_NGRDI_new","WIH2.2020",1127,1127,0.0239715635910501,"ok"
"DAP","NGRDI_new","FPC2","FPC2_NGRDI_new","WIH2.2021",1137,1137,0.232890125713929,"ok"
"DAP","NGRDI_new","FPC2","FPC2_NGRDI_new","WIH3.2020",415,415,0.172165476408456,"ok"
"DAP","NGRDI_new","FPC2","FPC2_NGRDI_new","WIH3.2021",397,397,0.28033724193803,"ok"
"DAP","NGRDI_new","FPC3","FPC3_NGRDI_new","DEH1.2020",1142,1142,0.466698848648565,"ok"
"DAP","NGRDI_new","FPC3","FPC3_NGRDI_new","IAH4.2021",1128,1128,-0.0417191751332843,"ok"
"DAP","NGRDI_new","FPC3","FPC3_NGRDI_new","MIH1.2020",414,414,0.157118950435604,"ok"
"DAP","NGRDI_new","FPC3","FPC3_NGRDI_new","MNH1.2020",395,395,0.267043125427221,"ok"
"DAP","NGRDI_new","FPC3","FPC3_NGRDI_new","MNH1.2021",415,415,0.149312974198484,"ok"
"DAP","NGRDI_new","FPC3","FPC3_NGRDI_new","MOH1.2020",1006,1006,0.255101905241735,"ok"
"DAP","NGRDI_new","FPC3","FPC3_NGRDI_new","NEH1.2021",246,246,0.19490897153827,"ok"
"DAP","NGRDI_new","FPC3","FPC3_NGRDI_new","TXH1.2020",246,246,0.385783663360947,"ok"
"DAP","NGRDI_new","FPC3","FPC3_NGRDI_new","TXH1.2021",246,246,-0.0105198498315154,"ok"
"DAP","NGRDI_new","FPC3","FPC3_NGRDI_new","TXH2.2020",246,246,0.25299192203328,"ok"
"DAP","NGRDI_new","FPC3","FPC3_NGRDI_new","TXH2.2021",246,246,0.420043676665935,"ok"
"DAP","NGRDI_new","FPC3","FPC3_NGRDI_new","TXH3.2020",266,266,0.16038788614866,"ok"
"DAP","NGRDI_new","FPC3","FPC3_NGRDI_new","TXH3.2021",245,245,0.0147292489628671,"ok"
"DAP","NGRDI_new","FPC3","FPC3_NGRDI_new","WIH1.2020",394,394,-0.016944798906861,"ok"
"DAP","NGRDI_new","FPC3","FPC3_NGRDI_new","WIH1.2021",398,398,-0.0459545113918861,"ok"
"DAP","NGRDI_new","FPC3","FPC3_NGRDI_new","WIH2.2020",1127,1127,0.072003668727014,"ok"
"DAP","NGRDI_new","FPC3","FPC3_NGRDI_new","WIH2.2021",1137,1137,0.0921310035489242,"ok"
"DAP","NGRDI_new","FPC3","FPC3_NGRDI_new","WIH3.2020",415,415,-0.0149684797767343,"ok"
"DAP","NGRDI_new","FPC3","FPC3_NGRDI_new","WIH3.2021",397,397,-0.109323622318202,"ok"
"DAP","NGRDI_new","FPC4","FPC4_NGRDI_new","DEH1.2020",1142,1142,0.387306898742962,"ok"
"DAP","NGRDI_new","FPC4","FPC4_NGRDI_new","IAH4.2021",1128,1128,0.194546056551041,"ok"
"DAP","NGRDI_new","FPC4","FPC4_NGRDI_new","MIH1.2020",414,414,0.0753232028918201,"ok"
"DAP","NGRDI_new","FPC4","FPC4_NGRDI_new","MNH1.2020",395,395,0.154772995377666,"ok"
"DAP","NGRDI_new","FPC4","FPC4_NGRDI_new","MNH1.2021",415,415,0.13035096017809,"ok"
"DAP","NGRDI_new","FPC4","FPC4_NGRDI_new","MOH1.2020",1006,1006,0.104179300392535,"ok"
"DAP","NGRDI_new","FPC4","FPC4_NGRDI_new","NEH1.2021",246,246,0.0824834629417672,"ok"
"DAP","NGRDI_new","FPC4","FPC4_NGRDI_new","TXH1.2020",246,246,0.309138164004345,"ok"
"DAP","NGRDI_new","FPC4","FPC4_NGRDI_new","TXH1.2021",246,246,0.136200765220079,"ok"
"DAP","NGRDI_new","FPC4","FPC4_NGRDI_new","TXH2.2020",246,246,0.237146403314178,"ok"
"DAP","NGRDI_new","FPC4","FPC4_NGRDI_new","TXH2.2021",246,246,0.078819654698775,"ok"
"DAP","NGRDI_new","FPC4","FPC4_NGRDI_new","TXH3.2020",266,266,-0.0608406459625905,"ok"
"DAP","NGRDI_new","FPC4","FPC4_NGRDI_new","TXH3.2021",245,245,-0.290217175300802,"ok"
"DAP","NGRDI_new","FPC4","FPC4_NGRDI_new","WIH1.2020",394,394,0.226403533039232,"ok"
"DAP","NGRDI_new","FPC4","FPC4_NGRDI_new","WIH1.2021",398,398,-0.0369557461410858,"ok"
"DAP","NGRDI_new","FPC4","FPC4_NGRDI_new","WIH2.2020",1127,1127,-0.0398299263591515,"ok"
"DAP","NGRDI_new","FPC4","FPC4_NGRDI_new","WIH2.2021",1137,1137,0.252316073394315,"ok"
"DAP","NGRDI_new","FPC4","FPC4_NGRDI_new","WIH3.2020",415,415,0.182889252912323,"ok"
"DAP","NGRDI_new","FPC4","FPC4_NGRDI_new","WIH3.2021",397,397,0.00554806879973254,"ok"
"DAP","NGRDI_new","FPC5","FPC5_NGRDI_new","DEH1.2020",1142,1142,0.425929556147054,"ok"
"DAP","NGRDI_new","FPC5","FPC5_NGRDI_new","IAH4.2021",1128,1128,0.261512831857713,"ok"
"DAP","NGRDI_new","FPC5","FPC5_NGRDI_new","MIH1.2020",414,414,0.319558735265656,"ok"
"DAP","NGRDI_new","FPC5","FPC5_NGRDI_new","MNH1.2020",395,395,0.409117289923648,"ok"
"DAP","NGRDI_new","FPC5","FPC5_NGRDI_new","MNH1.2021",415,415,0.27666732908687,"ok"
"DAP","NGRDI_new","FPC5","FPC5_NGRDI_new","MOH1.2020",1006,1006,0.335536330258222,"ok"
"DAP","NGRDI_new","FPC5","FPC5_NGRDI_new","NEH1.2021",246,246,-0.130825292748611,"ok"
"DAP","NGRDI_new","FPC5","FPC5_NGRDI_new","TXH1.2020",246,246,0.498600126707246,"ok"
"DAP","NGRDI_new","FPC5","FPC5_NGRDI_new","TXH1.2021",246,246,0.00937067297189903,"ok"
"DAP","NGRDI_new","FPC5","FPC5_NGRDI_new","TXH2.2020",246,246,0.280773203066619,"ok"
"DAP","NGRDI_new","FPC5","FPC5_NGRDI_new","TXH2.2021",246,246,-0.210824503462667,"ok"
"DAP","NGRDI_new","FPC5","FPC5_NGRDI_new","TXH3.2020",266,266,0.0439595643360309,"ok"
"DAP","NGRDI_new","FPC5","FPC5_NGRDI_new","TXH3.2021",245,245,0.0810453825760639,"ok"
"DAP","NGRDI_new","FPC5","FPC5_NGRDI_new","WIH1.2020",394,394,0.305403961121332,"ok"
"DAP","NGRDI_new","FPC5","FPC5_NGRDI_new","WIH1.2021",398,398,0.166114937765019,"ok"
"DAP","NGRDI_new","FPC5","FPC5_NGRDI_new","WIH2.2020",1127,1127,0.0857339295271996,"ok"
"DAP","NGRDI_new","FPC5","FPC5_NGRDI_new","WIH2.2021",1137,1137,0.0262340491071687,"ok"
"DAP","NGRDI_new","FPC5","FPC5_NGRDI_new","WIH3.2020",415,415,0.0509855228453701,"ok"
"DAP","NGRDI_new","FPC5","FPC5_NGRDI_new","WIH3.2021",397,397,0.0912083745122288,"ok"
"DAP","NRMBI","FPC1","FPC1_NRMBI","DEH1.2020",1142,1142,-0.303862648209575,"ok"
"DAP","NRMBI","FPC1","FPC1_NRMBI","IAH4.2021",1128,1128,-0.339643688829881,"ok"
"DAP","NRMBI","FPC1","FPC1_NRMBI","MIH1.2020",414,414,-0.21650168552183,"ok"
"DAP","NRMBI","FPC1","FPC1_NRMBI","MNH1.2020",395,395,0.17119545127079,"ok"
"DAP","NRMBI","FPC1","FPC1_NRMBI","MNH1.2021",415,415,0.0219556462892239,"ok"
"DAP","NRMBI","FPC1","FPC1_NRMBI","MOH1.2020",1006,1006,-0.102857495985802,"ok"
"DAP","NRMBI","FPC1","FPC1_NRMBI","NEH1.2021",246,246,-0.283953120059841,"ok"
"DAP","NRMBI","FPC1","FPC1_NRMBI","TXH1.2020",246,246,-0.576945246588493,"ok"
"DAP","NRMBI","FPC1","FPC1_NRMBI","TXH1.2021",246,246,-0.203969371529548,"ok"
"DAP","NRMBI","FPC1","FPC1_NRMBI","TXH2.2020",246,246,-0.312797388112825,"ok"
"DAP","NRMBI","FPC1","FPC1_NRMBI","TXH2.2021",246,246,-0.34366909476754,"ok"
"DAP","NRMBI","FPC1","FPC1_NRMBI","TXH3.2020",266,266,-0.0775780978033135,"ok"
"DAP","NRMBI","FPC1","FPC1_NRMBI","TXH3.2021",245,245,-0.571473755878458,"ok"
"DAP","NRMBI","FPC1","FPC1_NRMBI","WIH1.2020",394,394,-0.392960534003191,"ok"
"DAP","NRMBI","FPC1","FPC1_NRMBI","WIH1.2021",398,398,-0.0922348968350804,"ok"
"DAP","NRMBI","FPC1","FPC1_NRMBI","WIH2.2020",1127,1127,-0.128160114201225,"ok"
"DAP","NRMBI","FPC1","FPC1_NRMBI","WIH2.2021",1137,1137,-0.143770186659817,"ok"
"DAP","NRMBI","FPC1","FPC1_NRMBI","WIH3.2020",415,415,-0.127908688733489,"ok"
"DAP","NRMBI","FPC1","FPC1_NRMBI","WIH3.2021",397,397,-0.349274049274741,"ok"
"DAP","NRMBI","FPC2","FPC2_NRMBI","DEH1.2020",1142,1142,-0.0617655153977935,"ok"
"DAP","NRMBI","FPC2","FPC2_NRMBI","IAH4.2021",1128,1128,-0.226659327708614,"ok"
"DAP","NRMBI","FPC2","FPC2_NRMBI","MIH1.2020",414,414,0.126762747515187,"ok"
"DAP","NRMBI","FPC2","FPC2_NRMBI","MNH1.2020",395,395,0.0918374601173536,"ok"
"DAP","NRMBI","FPC2","FPC2_NRMBI","MNH1.2021",415,415,-0.0108010885813865,"ok"
"DAP","NRMBI","FPC2","FPC2_NRMBI","MOH1.2020",1006,1006,-0.068893199026256,"ok"
"DAP","NRMBI","FPC2","FPC2_NRMBI","NEH1.2021",246,246,-0.212759049614185,"ok"
"DAP","NRMBI","FPC2","FPC2_NRMBI","TXH1.2020",246,246,-0.257432042251784,"ok"
"DAP","NRMBI","FPC2","FPC2_NRMBI","TXH1.2021",246,246,0.126945134900684,"ok"
"DAP","NRMBI","FPC2","FPC2_NRMBI","TXH2.2020",246,246,0.0345105578866219,"ok"
"DAP","NRMBI","FPC2","FPC2_NRMBI","TXH2.2021",246,246,-0.0635978337155971,"ok"
"DAP","NRMBI","FPC2","FPC2_NRMBI","TXH3.2020",266,266,0.0608908916334677,"ok"
"DAP","NRMBI","FPC2","FPC2_NRMBI","TXH3.2021",245,245,0.224585708193341,"ok"
"DAP","NRMBI","FPC2","FPC2_NRMBI","WIH1.2020",394,394,0.0122535424209674,"ok"
"DAP","NRMBI","FPC2","FPC2_NRMBI","WIH1.2021",398,398,0.0830426998251192,"ok"
"DAP","NRMBI","FPC2","FPC2_NRMBI","WIH2.2020",1127,1127,0.0402263840314177,"ok"
"DAP","NRMBI","FPC2","FPC2_NRMBI","WIH2.2021",1137,1137,0.199713941932935,"ok"
"DAP","NRMBI","FPC2","FPC2_NRMBI","WIH3.2020",415,415,0.0403410674473419,"ok"
"DAP","NRMBI","FPC2","FPC2_NRMBI","WIH3.2021",397,397,-0.0727358999580609,"ok"
"DAP","NRMBI","FPC3","FPC3_NRMBI","DEH1.2020",1142,1142,0.0252089883718227,"ok"
"DAP","NRMBI","FPC3","FPC3_NRMBI","IAH4.2021",1128,1128,-0.150720255029362,"ok"
"DAP","NRMBI","FPC3","FPC3_NRMBI","MIH1.2020",414,414,-0.114029843730603,"ok"
"DAP","NRMBI","FPC3","FPC3_NRMBI","MNH1.2020",395,395,0.0151174264155465,"ok"
"DAP","NRMBI","FPC3","FPC3_NRMBI","MNH1.2021",415,415,-0.016658769075618,"ok"
"DAP","NRMBI","FPC3","FPC3_NRMBI","MOH1.2020",1006,1006,0.0578587254166424,"ok"
"DAP","NRMBI","FPC3","FPC3_NRMBI","NEH1.2021",246,246,-0.0556561088450387,"ok"
"DAP","NRMBI","FPC3","FPC3_NRMBI","TXH1.2020",246,246,-0.123230350037353,"ok"
"DAP","NRMBI","FPC3","FPC3_NRMBI","TXH1.2021",246,246,0.183903270641291,"ok"
"DAP","NRMBI","FPC3","FPC3_NRMBI","TXH2.2020",246,246,0.142828059186476,"ok"
"DAP","NRMBI","FPC3","FPC3_NRMBI","TXH2.2021",246,246,-0.17455744760737,"ok"
"DAP","NRMBI","FPC3","FPC3_NRMBI","TXH3.2020",266,266,0.0265687814547639,"ok"
"DAP","NRMBI","FPC3","FPC3_NRMBI","TXH3.2021",245,245,0.140957581596223,"ok"
"DAP","NRMBI","FPC3","FPC3_NRMBI","WIH1.2020",394,394,0.213277160153589,"ok"
"DAP","NRMBI","FPC3","FPC3_NRMBI","WIH1.2021",398,398,0.11494096589292,"ok"
"DAP","NRMBI","FPC3","FPC3_NRMBI","WIH2.2020",1127,1127,-0.022220409462632,"ok"
"DAP","NRMBI","FPC3","FPC3_NRMBI","WIH2.2021",1137,1137,0.229961535605465,"ok"
"DAP","NRMBI","FPC3","FPC3_NRMBI","WIH3.2020",415,415,0.0333561089542477,"ok"
"DAP","NRMBI","FPC3","FPC3_NRMBI","WIH3.2021",397,397,-0.0217042669572254,"ok"
"DAP","NRMBI","FPC4","FPC4_NRMBI","DEH1.2020",1142,1142,-0.0790072422720402,"ok"
"DAP","NRMBI","FPC4","FPC4_NRMBI","IAH4.2021",1128,1128,0.0355840399916586,"ok"
"DAP","NRMBI","FPC4","FPC4_NRMBI","MIH1.2020",414,414,0.212188835183941,"ok"
"DAP","NRMBI","FPC4","FPC4_NRMBI","MNH1.2020",395,395,-0.220382548880135,"ok"
"DAP","NRMBI","FPC4","FPC4_NRMBI","MNH1.2021",415,415,-0.0946929748471784,"ok"
"DAP","NRMBI","FPC4","FPC4_NRMBI","MOH1.2020",1006,1006,0.0655708172091087,"ok"
"DAP","NRMBI","FPC4","FPC4_NRMBI","NEH1.2021",246,246,0.303073895753633,"ok"
"DAP","NRMBI","FPC4","FPC4_NRMBI","TXH1.2020",246,246,0.315925361325675,"ok"
"DAP","NRMBI","FPC4","FPC4_NRMBI","TXH1.2021",246,246,0.202641386679677,"ok"
"DAP","NRMBI","FPC4","FPC4_NRMBI","TXH2.2020",246,246,0.0871051591700102,"ok"
"DAP","NRMBI","FPC4","FPC4_NRMBI","TXH2.2021",246,246,0.257483480106241,"ok"
"DAP","NRMBI","FPC4","FPC4_NRMBI","TXH3.2020",266,266,0.0527355732169932,"ok"
"DAP","NRMBI","FPC4","FPC4_NRMBI","TXH3.2021",245,245,0.45589830787431,"ok"
"DAP","NRMBI","FPC4","FPC4_NRMBI","WIH1.2020",394,394,-0.00315018285426775,"ok"
"DAP","NRMBI","FPC4","FPC4_NRMBI","WIH1.2021",398,398,0.152827260058008,"ok"
"DAP","NRMBI","FPC4","FPC4_NRMBI","WIH2.2020",1127,1127,-0.00781310085403859,"ok"
"DAP","NRMBI","FPC4","FPC4_NRMBI","WIH2.2021",1137,1137,-0.0776679212044107,"ok"
"DAP","NRMBI","FPC4","FPC4_NRMBI","WIH3.2020",415,415,-0.115728398151334,"ok"
"DAP","NRMBI","FPC4","FPC4_NRMBI","WIH3.2021",397,397,0.0566672213013673,"ok"
"DAP","NRMBI","FPC5","FPC5_NRMBI","DEH1.2020",1142,1142,-0.192636087662091,"ok"
"DAP","NRMBI","FPC5","FPC5_NRMBI","IAH4.2021",1128,1128,-0.219682031418463,"ok"
"DAP","NRMBI","FPC5","FPC5_NRMBI","MIH1.2020",414,414,0.209729310611755,"ok"
"DAP","NRMBI","FPC5","FPC5_NRMBI","MNH1.2020",395,395,0.0611571056900105,"ok"
"DAP","NRMBI","FPC5","FPC5_NRMBI","MNH1.2021",415,415,0.0667248166955254,"ok"
"DAP","NRMBI","FPC5","FPC5_NRMBI","MOH1.2020",1006,1006,-0.193360786345234,"ok"
"DAP","NRMBI","FPC5","FPC5_NRMBI","NEH1.2021",246,246,-0.303190221009561,"ok"
"DAP","NRMBI","FPC5","FPC5_NRMBI","TXH1.2020",246,246,-0.306536907543809,"ok"
"DAP","NRMBI","FPC5","FPC5_NRMBI","TXH1.2021",246,246,-0.0540054157925655,"ok"
"DAP","NRMBI","FPC5","FPC5_NRMBI","TXH2.2020",246,246,-0.146577203100546,"ok"
"DAP","NRMBI","FPC5","FPC5_NRMBI","TXH2.2021",246,246,-0.159603790810461,"ok"
"DAP","NRMBI","FPC5","FPC5_NRMBI","TXH3.2020",266,266,0.0486304825800074,"ok"
"DAP","NRMBI","FPC5","FPC5_NRMBI","TXH3.2021",245,245,0.315484190583487,"ok"
"DAP","NRMBI","FPC5","FPC5_NRMBI","WIH1.2020",394,394,-0.152066663589181,"ok"
"DAP","NRMBI","FPC5","FPC5_NRMBI","WIH1.2021",398,398,-0.0156009738382986,"ok"
"DAP","NRMBI","FPC5","FPC5_NRMBI","WIH2.2020",1127,1127,0.00587042252913247,"ok"
"DAP","NRMBI","FPC5","FPC5_NRMBI","WIH2.2021",1137,1137,0.0766047001120246,"ok"
"DAP","NRMBI","FPC5","FPC5_NRMBI","WIH3.2020",415,415,-0.0275235614975183,"ok"
"DAP","NRMBI","FPC5","FPC5_NRMBI","WIH3.2021",397,397,-0.0520061753442789,"ok"
"DAP","RCC","FPC1","FPC1_RCC","DEH1.2020",1142,1142,-0.315731507588003,"ok"
"DAP","RCC","FPC1","FPC1_RCC","IAH4.2021",1128,1128,-0.369945111989216,"ok"
"DAP","RCC","FPC1","FPC1_RCC","MIH1.2020",414,414,-0.301405980761687,"ok"
"DAP","RCC","FPC1","FPC1_RCC","MNH1.2020",395,395,-0.0848068808558435,"ok"
"DAP","RCC","FPC1","FPC1_RCC","MNH1.2021",415,415,-0.0934969784689809,"ok"
"DAP","RCC","FPC1","FPC1_RCC","MOH1.2020",1006,1006,-0.412568298682366,"ok"
"DAP","RCC","FPC1","FPC1_RCC","NEH1.2021",246,246,-0.323918304602718,"ok"
"DAP","RCC","FPC1","FPC1_RCC","TXH1.2020",246,246,-0.740773956646128,"ok"
"DAP","RCC","FPC1","FPC1_RCC","TXH1.2021",246,246,-0.101533747129032,"ok"
"DAP","RCC","FPC1","FPC1_RCC","TXH2.2020",246,246,-0.465306779635485,"ok"
"DAP","RCC","FPC1","FPC1_RCC","TXH2.2021",246,246,-0.410358087706508,"ok"
"DAP","RCC","FPC1","FPC1_RCC","TXH3.2020",266,266,-0.183603338159828,"ok"
"DAP","RCC","FPC1","FPC1_RCC","TXH3.2021",245,245,-0.602812809142112,"ok"
"DAP","RCC","FPC1","FPC1_RCC","WIH1.2020",394,394,-0.47495437005832,"ok"
"DAP","RCC","FPC1","FPC1_RCC","WIH1.2021",398,398,-0.251980832616363,"ok"
"DAP","RCC","FPC1","FPC1_RCC","WIH2.2020",1127,1127,-0.120428975256832,"ok"
"DAP","RCC","FPC1","FPC1_RCC","WIH2.2021",1137,1137,0.0430267145812863,"ok"
"DAP","RCC","FPC1","FPC1_RCC","WIH3.2020",415,415,0.0051407156461828,"ok"
"DAP","RCC","FPC1","FPC1_RCC","WIH3.2021",397,397,-0.438570950861401,"ok"
"DAP","RCC","FPC2","FPC2_RCC","DEH1.2020",1142,1142,0.0903602020606588,"ok"
"DAP","RCC","FPC2","FPC2_RCC","IAH4.2021",1128,1128,-0.0659719027190374,"ok"
"DAP","RCC","FPC2","FPC2_RCC","MIH1.2020",414,414,-0.261523937003277,"ok"
"DAP","RCC","FPC2","FPC2_RCC","MNH1.2020",395,395,0.414620628160164,"ok"
"DAP","RCC","FPC2","FPC2_RCC","MNH1.2021",415,415,0.163702112170226,"ok"
"DAP","RCC","FPC2","FPC2_RCC","MOH1.2020",1006,1006,0.227441783974213,"ok"
"DAP","RCC","FPC2","FPC2_RCC","NEH1.2021",246,246,-0.281589199877992,"ok"
"DAP","RCC","FPC2","FPC2_RCC","TXH1.2020",246,246,-0.0810338910899019,"ok"
"DAP","RCC","FPC2","FPC2_RCC","TXH1.2021",246,246,-0.0410316061388388,"ok"
"DAP","RCC","FPC2","FPC2_RCC","TXH2.2020",246,246,0.0429305659343224,"ok"
"DAP","RCC","FPC2","FPC2_RCC","TXH2.2021",246,246,-0.0152497203854021,"ok"
"DAP","RCC","FPC2","FPC2_RCC","TXH3.2020",266,266,-0.0538987900848722,"ok"
"DAP","RCC","FPC2","FPC2_RCC","TXH3.2021",245,245,0.029555992231436,"ok"
"DAP","RCC","FPC2","FPC2_RCC","WIH1.2020",394,394,0.216934286345413,"ok"
"DAP","RCC","FPC2","FPC2_RCC","WIH1.2021",398,398,0.0305746020329808,"ok"
"DAP","RCC","FPC2","FPC2_RCC","WIH2.2020",1127,1127,0.00982186837306781,"ok"
"DAP","RCC","FPC2","FPC2_RCC","WIH2.2021",1137,1137,0.304178385114265,"ok"
"DAP","RCC","FPC2","FPC2_RCC","WIH3.2020",415,415,0.164530108018202,"ok"
"DAP","RCC","FPC2","FPC2_RCC","WIH3.2021",397,397,0.0303991536891226,"ok"
"DAP","RCC","FPC3","FPC3_RCC","DEH1.2020",1142,1142,0.0977372458151033,"ok"
"DAP","RCC","FPC3","FPC3_RCC","IAH4.2021",1128,1128,-0.131553291960402,"ok"
"DAP","RCC","FPC3","FPC3_RCC","MIH1.2020",414,414,0.182260665575779,"ok"
"DAP","RCC","FPC3","FPC3_RCC","MNH1.2020",395,395,-0.478694765535503,"ok"
"DAP","RCC","FPC3","FPC3_RCC","MNH1.2021",415,415,-0.17844088351088,"ok"
"DAP","RCC","FPC3","FPC3_RCC","MOH1.2020",1006,1006,-0.275473982132752,"ok"
"DAP","RCC","FPC3","FPC3_RCC","NEH1.2021",246,246,0.363819686113845,"ok"
"DAP","RCC","FPC3","FPC3_RCC","TXH1.2020",246,246,0.0698587650671474,"ok"
"DAP","RCC","FPC3","FPC3_RCC","TXH1.2021",246,246,0.181319827504282,"ok"
"DAP","RCC","FPC3","FPC3_RCC","TXH2.2020",246,246,0.142467703735423,"ok"
"DAP","RCC","FPC3","FPC3_RCC","TXH2.2021",246,246,0.339832202272092,"ok"
"DAP","RCC","FPC3","FPC3_RCC","TXH3.2020",266,266,0.158970348959323,"ok"
"DAP","RCC","FPC3","FPC3_RCC","TXH3.2021",245,245,0.11338744557119,"ok"
"DAP","RCC","FPC3","FPC3_RCC","WIH1.2020",394,394,-0.201020816812039,"ok"
"DAP","RCC","FPC3","FPC3_RCC","WIH1.2021",398,398,-0.0534816542207257,"ok"
"DAP","RCC","FPC3","FPC3_RCC","WIH2.2020",1127,1127,0.0674521699270393,"ok"
"DAP","RCC","FPC3","FPC3_RCC","WIH2.2021",1137,1137,0.0290887174688425,"ok"
"DAP","RCC","FPC3","FPC3_RCC","WIH3.2020",415,415,-0.0310624425575186,"ok"
"DAP","RCC","FPC3","FPC3_RCC","WIH3.2021",397,397,-0.0180061754231998,"ok"
"DAP","RCC","FPC4","FPC4_RCC","DEH1.2020",1142,1142,-0.258401926719889,"ok"
"DAP","RCC","FPC4","FPC4_RCC","IAH4.2021",1128,1128,-0.194120279209846,"ok"
"DAP","RCC","FPC4","FPC4_RCC","MIH1.2020",414,414,-0.170921788883414,"ok"
"DAP","RCC","FPC4","FPC4_RCC","MNH1.2020",395,395,-0.267633539105122,"ok"
"DAP","RCC","FPC4","FPC4_RCC","MNH1.2021",415,415,-0.123947993698759,"ok"
"DAP","RCC","FPC4","FPC4_RCC","MOH1.2020",1006,1006,-0.157110151695539,"ok"
"DAP","RCC","FPC4","FPC4_RCC","NEH1.2021",246,246,-0.0556870533638321,"ok"
"DAP","RCC","FPC4","FPC4_RCC","TXH1.2020",246,246,-0.271232647886601,"ok"
"DAP","RCC","FPC4","FPC4_RCC","TXH1.2021",246,246,0.104874025750624,"ok"
"DAP","RCC","FPC4","FPC4_RCC","TXH2.2020",246,246,-0.0500856683633569,"ok"
"DAP","RCC","FPC4","FPC4_RCC","TXH2.2021",246,246,-0.180495537667154,"ok"
"DAP","RCC","FPC4","FPC4_RCC","TXH3.2020",266,266,0.0423378664973149,"ok"
"DAP","RCC","FPC4","FPC4_RCC","TXH3.2021",245,245,0.0683321788737669,"ok"
"DAP","RCC","FPC4","FPC4_RCC","WIH1.2020",394,394,-0.0724673190358735,"ok"
"DAP","RCC","FPC4","FPC4_RCC","WIH1.2021",398,398,0.0244487538713394,"ok"
"DAP","RCC","FPC4","FPC4_RCC","WIH2.2020",1127,1127,-0.111025374309198,"ok"
"DAP","RCC","FPC4","FPC4_RCC","WIH2.2021",1137,1137,0.1062863263904,"ok"
"DAP","RCC","FPC4","FPC4_RCC","WIH3.2020",415,415,-0.0164620077405882,"ok"
"DAP","RCC","FPC4","FPC4_RCC","WIH3.2021",397,397,-0.0478636376857624,"ok"
"DAP","RCC","FPC5","FPC5_RCC","DEH1.2020",1142,1142,0.29283056086369,"ok"
"DAP","RCC","FPC5","FPC5_RCC","IAH4.2021",1128,1128,0.268048434562747,"ok"
"DAP","RCC","FPC5","FPC5_RCC","MIH1.2020",414,414,0.0975255924731891,"ok"
"DAP","RCC","FPC5","FPC5_RCC","MNH1.2020",395,395,-0.0332538970105827,"ok"
"DAP","RCC","FPC5","FPC5_RCC","MNH1.2021",415,415,0.0926393743379191,"ok"
"DAP","RCC","FPC5","FPC5_RCC","MOH1.2020",1006,1006,-0.144562339354519,"ok"
"DAP","RCC","FPC5","FPC5_RCC","NEH1.2021",246,246,-0.217059600726807,"ok"
"DAP","RCC","FPC5","FPC5_RCC","TXH1.2020",246,246,0.189104145949335,"ok"
"DAP","RCC","FPC5","FPC5_RCC","TXH1.2021",246,246,0.107951980712633,"ok"
"DAP","RCC","FPC5","FPC5_RCC","TXH2.2020",246,246,0.203002046440789,"ok"
"DAP","RCC","FPC5","FPC5_RCC","TXH2.2021",246,246,-0.204441904407697,"ok"
"DAP","RCC","FPC5","FPC5_RCC","TXH3.2020",266,266,0.0531484618902366,"ok"
"DAP","RCC","FPC5","FPC5_RCC","TXH3.2021",245,245,-0.0457055501385152,"ok"
"DAP","RCC","FPC5","FPC5_RCC","WIH1.2020",394,394,0.0825010109845349,"ok"
"DAP","RCC","FPC5","FPC5_RCC","WIH1.2021",398,398,-0.0320631648466048,"ok"
"DAP","RCC","FPC5","FPC5_RCC","WIH2.2020",1127,1127,0.0019446113450406,"ok"
"DAP","RCC","FPC5","FPC5_RCC","WIH2.2021",1137,1137,-0.0578288534859854,"ok"
"DAP","RCC","FPC5","FPC5_RCC","WIH3.2020",415,415,-0.012068576998599,"ok"
"DAP","RCC","FPC5","FPC5_RCC","WIH3.2021",397,397,0.0909008382278043,"ok"
"DAP","RGBVI","FPC1","FPC1_RGBVI","DEH1.2020",1142,1142,0.122923421930476,"ok"
"DAP","RGBVI","FPC1","FPC1_RGBVI","IAH4.2021",1128,1128,0.110776060840803,"ok"
"DAP","RGBVI","FPC1","FPC1_RGBVI","MIH1.2020",414,414,0.214259884606133,"ok"
"DAP","RGBVI","FPC1","FPC1_RGBVI","MNH1.2020",395,395,0.132766393258449,"ok"
"DAP","RGBVI","FPC1","FPC1_RGBVI","MNH1.2021",415,415,0.101738068426917,"ok"
"DAP","RGBVI","FPC1","FPC1_RGBVI","MOH1.2020",1006,1006,-0.11575787508826,"ok"
"DAP","RGBVI","FPC1","FPC1_RGBVI","NEH1.2021",246,246,0.233562004851681,"ok"
"DAP","RGBVI","FPC1","FPC1_RGBVI","TXH1.2020",246,246,0.343194323348061,"ok"
"DAP","RGBVI","FPC1","FPC1_RGBVI","TXH1.2021",246,246,0.130067462773764,"ok"
"DAP","RGBVI","FPC1","FPC1_RGBVI","TXH2.2020",246,246,0.322727081948339,"ok"
"DAP","RGBVI","FPC1","FPC1_RGBVI","TXH2.2021",246,246,0.117270142518741,"ok"
"DAP","RGBVI","FPC1","FPC1_RGBVI","TXH3.2020",266,266,0.214590564580423,"ok"
"DAP","RGBVI","FPC1","FPC1_RGBVI","TXH3.2021",245,245,0.271535100946376,"ok"
"DAP","RGBVI","FPC1","FPC1_RGBVI","WIH1.2020",394,394,0.118532455432167,"ok"
"DAP","RGBVI","FPC1","FPC1_RGBVI","WIH1.2021",398,398,0.229344316086183,"ok"
"DAP","RGBVI","FPC1","FPC1_RGBVI","WIH2.2020",1127,1127,0.107824907077493,"ok"
"DAP","RGBVI","FPC1","FPC1_RGBVI","WIH2.2021",1137,1137,-0.0333654667615381,"ok"
"DAP","RGBVI","FPC1","FPC1_RGBVI","WIH3.2020",415,415,-0.124956045369819,"ok"
"DAP","RGBVI","FPC1","FPC1_RGBVI","WIH3.2021",397,397,0.109424090346036,"ok"
"DAP","RGBVI","FPC2","FPC2_RGBVI","DEH1.2020",1142,1142,-0.24665361148011,"ok"
"DAP","RGBVI","FPC2","FPC2_RGBVI","IAH4.2021",1128,1128,0.207993391488121,"ok"
"DAP","RGBVI","FPC2","FPC2_RGBVI","MIH1.2020",414,414,0.11369326809541,"ok"
"DAP","RGBVI","FPC2","FPC2_RGBVI","MNH1.2020",395,395,0.408027743489701,"ok"
"DAP","RGBVI","FPC2","FPC2_RGBVI","MNH1.2021",415,415,0.241911857519125,"ok"
"DAP","RGBVI","FPC2","FPC2_RGBVI","MOH1.2020",1006,1006,0.324662087065419,"ok"
"DAP","RGBVI","FPC2","FPC2_RGBVI","NEH1.2021",246,246,-0.0431937787323161,"ok"
"DAP","RGBVI","FPC2","FPC2_RGBVI","TXH1.2020",246,246,0.515770150366133,"ok"
"DAP","RGBVI","FPC2","FPC2_RGBVI","TXH1.2021",246,246,-0.129649861540439,"ok"
"DAP","RGBVI","FPC2","FPC2_RGBVI","TXH2.2020",246,246,0.255950280949758,"ok"
"DAP","RGBVI","FPC2","FPC2_RGBVI","TXH2.2021",246,246,-0.00877643713732401,"ok"
"DAP","RGBVI","FPC2","FPC2_RGBVI","TXH3.2020",266,266,0.132467386992359,"ok"
"DAP","RGBVI","FPC2","FPC2_RGBVI","TXH3.2021",245,245,0.254065675961396,"ok"
"DAP","RGBVI","FPC2","FPC2_RGBVI","WIH1.2020",394,394,0.326759437128241,"ok"
"DAP","RGBVI","FPC2","FPC2_RGBVI","WIH1.2021",398,398,0.213227341943967,"ok"
"DAP","RGBVI","FPC2","FPC2_RGBVI","WIH2.2020",1127,1127,0.148856186168885,"ok"
"DAP","RGBVI","FPC2","FPC2_RGBVI","WIH2.2021",1137,1137,0.0154219650010483,"ok"
"DAP","RGBVI","FPC2","FPC2_RGBVI","WIH3.2020",415,415,0.00726289242032394,"ok"
"DAP","RGBVI","FPC2","FPC2_RGBVI","WIH3.2021",397,397,0.147823580471508,"ok"
"DAP","RGBVI","FPC3","FPC3_RGBVI","DEH1.2020",1142,1142,0.0279546817234551,"ok"
"DAP","RGBVI","FPC3","FPC3_RGBVI","IAH4.2021",1128,1128,-0.0047154938254449,"ok"
"DAP","RGBVI","FPC3","FPC3_RGBVI","MIH1.2020",414,414,0.0764282291282534,"ok"
"DAP","RGBVI","FPC3","FPC3_RGBVI","MNH1.2020",395,395,0.39855234308292,"ok"
"DAP","RGBVI","FPC3","FPC3_RGBVI","MNH1.2021",415,415,0.142003536784655,"ok"
"DAP","RGBVI","FPC3","FPC3_RGBVI","MOH1.2020",1006,1006,0.191483696460989,"ok"
"DAP","RGBVI","FPC3","FPC3_RGBVI","NEH1.2021",246,246,-0.0806354526359873,"ok"
"DAP","RGBVI","FPC3","FPC3_RGBVI","TXH1.2020",246,246,-0.0495042580243094,"ok"
"DAP","RGBVI","FPC3","FPC3_RGBVI","TXH1.2021",246,246,-0.0673685830662711,"ok"
"DAP","RGBVI","FPC3","FPC3_RGBVI","TXH2.2020",246,246,-0.0686459696480546,"ok"
"DAP","RGBVI","FPC3","FPC3_RGBVI","TXH2.2021",246,246,0.204346855801751,"ok"
"DAP","RGBVI","FPC3","FPC3_RGBVI","TXH3.2020",266,266,-0.00275896180232589,"ok"
"DAP","RGBVI","FPC3","FPC3_RGBVI","TXH3.2021",245,245,0.195154682317083,"ok"
"DAP","RGBVI","FPC3","FPC3_RGBVI","WIH1.2020",394,394,-0.0433589258768172,"ok"
"DAP","RGBVI","FPC3","FPC3_RGBVI","WIH1.2021",398,398,0.0181592808280432,"ok"
"DAP","RGBVI","FPC3","FPC3_RGBVI","WIH2.2020",1127,1127,0.0703031794515062,"ok"
"DAP","RGBVI","FPC3","FPC3_RGBVI","WIH2.2021",1137,1137,0.0877393125650572,"ok"
"DAP","RGBVI","FPC3","FPC3_RGBVI","WIH3.2020",415,415,0.0584978208507072,"ok"
"DAP","RGBVI","FPC3","FPC3_RGBVI","WIH3.2021",397,397,-0.0397118526452537,"ok"
"DAP","RGBVI","FPC4","FPC4_RGBVI","DEH1.2020",1142,1142,-0.0346283958613224,"ok"
"DAP","RGBVI","FPC4","FPC4_RGBVI","IAH4.2021",1128,1128,-0.143600687271563,"ok"
"DAP","RGBVI","FPC4","FPC4_RGBVI","MIH1.2020",414,414,0.0825954215657768,"ok"
"DAP","RGBVI","FPC4","FPC4_RGBVI","MNH1.2020",395,395,-0.0285865157692377,"ok"
"DAP","RGBVI","FPC4","FPC4_RGBVI","MNH1.2021",415,415,0.081538649087959,"ok"
"DAP","RGBVI","FPC4","FPC4_RGBVI","MOH1.2020",1006,1006,-0.00132278222159427,"ok"
"DAP","RGBVI","FPC4","FPC4_RGBVI","NEH1.2021",246,246,-0.0265438270027481,"ok"
"DAP","RGBVI","FPC4","FPC4_RGBVI","TXH1.2020",246,246,-0.106107915793082,"ok"
"DAP","RGBVI","FPC4","FPC4_RGBVI","TXH1.2021",246,246,0.103975401190281,"ok"
"DAP","RGBVI","FPC4","FPC4_RGBVI","TXH2.2020",246,246,0.0196483192991451,"ok"
"DAP","RGBVI","FPC4","FPC4_RGBVI","TXH2.2021",246,246,-0.436916975609921,"ok"
"DAP","RGBVI","FPC4","FPC4_RGBVI","TXH3.2020",266,266,0.0514004196672335,"ok"
"DAP","RGBVI","FPC4","FPC4_RGBVI","TXH3.2021",245,245,0.271841226436196,"ok"
"DAP","RGBVI","FPC4","FPC4_RGBVI","WIH1.2020",394,394,0.0935399701982861,"ok"
"DAP","RGBVI","FPC4","FPC4_RGBVI","WIH1.2021",398,398,0.0255964643333119,"ok"
"DAP","RGBVI","FPC4","FPC4_RGBVI","WIH2.2020",1127,1127,-0.00630681302840426,"ok"
"DAP","RGBVI","FPC4","FPC4_RGBVI","WIH2.2021",1137,1137,-0.0401923152153178,"ok"
"DAP","RGBVI","FPC4","FPC4_RGBVI","WIH3.2020",415,415,0.0368333729948797,"ok"
"DAP","RGBVI","FPC4","FPC4_RGBVI","WIH3.2021",397,397,-0.0195193625138184,"ok"
"DAP","RGBVI","FPC5","FPC5_RGBVI","DEH1.2020",1142,1142,0.200062442682812,"ok"
"DAP","RGBVI","FPC5","FPC5_RGBVI","IAH4.2021",1128,1128,-0.221270180756821,"ok"
"DAP","RGBVI","FPC5","FPC5_RGBVI","MIH1.2020",414,414,0.0482190557801497,"ok"
"DAP","RGBVI","FPC5","FPC5_RGBVI","MNH1.2020",395,395,0.178875111213925,"ok"
"DAP","RGBVI","FPC5","FPC5_RGBVI","MNH1.2021",415,415,-0.00246176202216061,"ok"
"DAP","RGBVI","FPC5","FPC5_RGBVI","MOH1.2020",1006,1006,0.037611257606002,"ok"
"DAP","RGBVI","FPC5","FPC5_RGBVI","NEH1.2021",246,246,-0.100509971902153,"ok"
"DAP","RGBVI","FPC5","FPC5_RGBVI","TXH1.2020",246,246,-0.223344687695971,"ok"
"DAP","RGBVI","FPC5","FPC5_RGBVI","TXH1.2021",246,246,-0.0729128115643743,"ok"
"DAP","RGBVI","FPC5","FPC5_RGBVI","TXH2.2020",246,246,-0.159007700793853,"ok"
"DAP","RGBVI","FPC5","FPC5_RGBVI","TXH2.2021",246,246,0.316746144201765,"ok"
"DAP","RGBVI","FPC5","FPC5_RGBVI","TXH3.2020",266,266,0.0719027898357887,"ok"
"DAP","RGBVI","FPC5","FPC5_RGBVI","TXH3.2021",245,245,0.268964827115037,"ok"
"DAP","RGBVI","FPC5","FPC5_RGBVI","WIH1.2020",394,394,-0.166723655171492,"ok"
"DAP","RGBVI","FPC5","FPC5_RGBVI","WIH1.2021",398,398,-0.0426638560382252,"ok"
"DAP","RGBVI","FPC5","FPC5_RGBVI","WIH2.2020",1127,1127,0.0254083938160472,"ok"
"DAP","RGBVI","FPC5","FPC5_RGBVI","WIH2.2021",1137,1137,0.0472322909650036,"ok"
"DAP","RGBVI","FPC5","FPC5_RGBVI","WIH3.2020",415,415,-0.0360153586486157,"ok"
"DAP","RGBVI","FPC5","FPC5_RGBVI","WIH3.2021",397,397,-0.037194348201275,"ok"
"DAP","RdivB","FPC1","FPC1_RdivB","DEH1.2020",1142,1142,-0.262297263840375,"ok"
"DAP","RdivB","FPC1","FPC1_RdivB","IAH4.2021",1128,1128,-0.309358708952925,"ok"
"DAP","RdivB","FPC1","FPC1_RdivB","MIH1.2020",414,414,-0.00168013438817178,"ok"
"DAP","RdivB","FPC1","FPC1_RdivB","MNH1.2020",395,395,0.145271972925362,"ok"
"DAP","RdivB","FPC1","FPC1_RdivB","MNH1.2021",415,415,0.0351330871710782,"ok"
"DAP","RdivB","FPC1","FPC1_RdivB","MOH1.2020",1006,1006,0.0167857676588111,"ok"
"DAP","RdivB","FPC1","FPC1_RdivB","NEH1.2021",246,246,-0.242440642927537,"ok"
"DAP","RdivB","FPC1","FPC1_RdivB","TXH1.2020",246,246,-0.492558195015401,"ok"
"DAP","RdivB","FPC1","FPC1_RdivB","TXH1.2021",246,246,-0.208239794651663,"ok"
"DAP","RdivB","FPC1","FPC1_RdivB","TXH2.2020",246,246,-0.263834746215959,"ok"
"DAP","RdivB","FPC1","FPC1_RdivB","TXH2.2021",246,246,-0.299544733585791,"ok"
"DAP","RdivB","FPC1","FPC1_RdivB","TXH3.2020",266,266,-0.0300488168208337,"ok"
"DAP","RdivB","FPC1","FPC1_RdivB","TXH3.2021",245,245,-0.535190977989475,"ok"
"DAP","RdivB","FPC1","FPC1_RdivB","WIH1.2020",394,394,-0.389684697059696,"ok"
"DAP","RdivB","FPC1","FPC1_RdivB","WIH1.2021",398,398,-0.049586633194414,"ok"
"DAP","RdivB","FPC1","FPC1_RdivB","WIH2.2020",1127,1127,-0.123180267938435,"ok"
"DAP","RdivB","FPC1","FPC1_RdivB","WIH2.2021",1137,1137,-0.137437156123282,"ok"
"DAP","RdivB","FPC1","FPC1_RdivB","WIH3.2020",415,415,-0.154489730961841,"ok"
"DAP","RdivB","FPC1","FPC1_RdivB","WIH3.2021",397,397,-0.249108607146289,"ok"
"DAP","RdivB","FPC2","FPC2_RdivB","DEH1.2020",1142,1142,0.134398257753759,"ok"
"DAP","RdivB","FPC2","FPC2_RdivB","IAH4.2021",1128,1128,-0.0798244504324863,"ok"
"DAP","RdivB","FPC2","FPC2_RdivB","MIH1.2020",414,414,-0.0648425956298636,"ok"
"DAP","RdivB","FPC2","FPC2_RdivB","MNH1.2020",395,395,-0.0989526980350984,"ok"
"DAP","RdivB","FPC2","FPC2_RdivB","MNH1.2021",415,415,-0.0343006507454379,"ok"
"DAP","RdivB","FPC2","FPC2_RdivB","MOH1.2020",1006,1006,0.0428091505062195,"ok"
"DAP","RdivB","FPC2","FPC2_RdivB","NEH1.2021",246,246,0.0378413509776691,"ok"
"DAP","RdivB","FPC2","FPC2_RdivB","TXH1.2020",246,246,-0.0329000116492771,"ok"
"DAP","RdivB","FPC2","FPC2_RdivB","TXH1.2021",246,246,0.277407182711009,"ok"
"DAP","RdivB","FPC2","FPC2_RdivB","TXH2.2020",246,246,0.187345710283526,"ok"
"DAP","RdivB","FPC2","FPC2_RdivB","TXH2.2021",246,246,-0.0406399521315435,"ok"
"DAP","RdivB","FPC2","FPC2_RdivB","TXH3.2020",266,266,0.0316600717587609,"ok"
"DAP","RdivB","FPC2","FPC2_RdivB","TXH3.2021",245,245,0.348897645013055,"ok"
"DAP","RdivB","FPC2","FPC2_RdivB","WIH1.2020",394,394,0.203606400250389,"ok"
"DAP","RdivB","FPC2","FPC2_RdivB","WIH1.2021",398,398,0.137789498571991,"ok"
"DAP","RdivB","FPC2","FPC2_RdivB","WIH2.2020",1127,1127,0.025231941658401,"ok"
"DAP","RdivB","FPC2","FPC2_RdivB","WIH2.2021",1137,1137,0.15053748878351,"ok"
"DAP","RdivB","FPC2","FPC2_RdivB","WIH3.2020",415,415,0.054256268678251,"ok"
"DAP","RdivB","FPC2","FPC2_RdivB","WIH3.2021",397,397,-0.0402431914262128,"ok"
"DAP","RdivB","FPC3","FPC3_RdivB","DEH1.2020",1142,1142,0.0752714550799403,"ok"
"DAP","RdivB","FPC3","FPC3_RdivB","IAH4.2021",1128,1128,-0.235814270590086,"ok"
"DAP","RdivB","FPC3","FPC3_RdivB","MIH1.2020",414,414,0.0809893900049049,"ok"
"DAP","RdivB","FPC3","FPC3_RdivB","MNH1.2020",395,395,0.172702121540485,"ok"
"DAP","RdivB","FPC3","FPC3_RdivB","MNH1.2021",415,415,0.0871786367228787,"ok"
"DAP","RdivB","FPC3","FPC3_RdivB","MOH1.2020",1006,1006,-0.180922377073922,"ok"
"DAP","RdivB","FPC3","FPC3_RdivB","NEH1.2021",246,246,-0.341491165497997,"ok"
"DAP","RdivB","FPC3","FPC3_RdivB","TXH1.2020",246,246,-0.339718107463597,"ok"
"DAP","RdivB","FPC3","FPC3_RdivB","TXH1.2021",246,246,-0.0821354250973202,"ok"
"DAP","RdivB","FPC3","FPC3_RdivB","TXH2.2020",246,246,-0.0954387659573497,"ok"
"DAP","RdivB","FPC3","FPC3_RdivB","TXH2.2021",246,246,-0.26998805279773,"ok"
"DAP","RdivB","FPC3","FPC3_RdivB","TXH3.2020",266,266,0.0730499247986361,"ok"
"DAP","RdivB","FPC3","FPC3_RdivB","TXH3.2021",245,245,-0.346249910564243,"ok"
"DAP","RdivB","FPC3","FPC3_RdivB","WIH1.2020",394,394,-0.0634467444308786,"ok"
"DAP","RdivB","FPC3","FPC3_RdivB","WIH1.2021",398,398,-0.0173757431402356,"ok"
"DAP","RdivB","FPC3","FPC3_RdivB","WIH2.2020",1127,1127,0.0288695754747425,"ok"
"DAP","RdivB","FPC3","FPC3_RdivB","WIH2.2021",1137,1137,0.115407617389422,"ok"
"DAP","RdivB","FPC3","FPC3_RdivB","WIH3.2020",415,415,0.0380371224121547,"ok"
"DAP","RdivB","FPC3","FPC3_RdivB","WIH3.2021",397,397,-0.144496973920069,"ok"
"DAP","RdivB","FPC4","FPC4_RdivB","DEH1.2020",1142,1142,0.0328192520705679,"ok"
"DAP","RdivB","FPC4","FPC4_RdivB","IAH4.2021",1128,1128,-0.111477946406462,"ok"
"DAP","RdivB","FPC4","FPC4_RdivB","MIH1.2020",414,414,0.219890095694598,"ok"
"DAP","RdivB","FPC4","FPC4_RdivB","MNH1.2020",395,395,-0.160755768555682,"ok"
"DAP","RdivB","FPC4","FPC4_RdivB","MNH1.2021",415,415,-0.0428618140456439,"ok"
"DAP","RdivB","FPC4","FPC4_RdivB","MOH1.2020",1006,1006,-0.0690289959792753,"ok"
"DAP","RdivB","FPC4","FPC4_RdivB","NEH1.2021",246,246,-0.16126702462532,"ok"
"DAP","RdivB","FPC4","FPC4_RdivB","TXH1.2020",246,246,0.0837497400071586,"ok"
"DAP","RdivB","FPC4","FPC4_RdivB","TXH1.2021",246,246,0.146381327585923,"ok"
"DAP","RdivB","FPC4","FPC4_RdivB","TXH2.2020",246,246,-0.0393444053649771,"ok"
"DAP","RdivB","FPC4","FPC4_RdivB","TXH2.2021",246,246,-0.162127808120641,"ok"
"DAP","RdivB","FPC4","FPC4_RdivB","TXH3.2020",266,266,0.151012123843751,"ok"
"DAP","RdivB","FPC4","FPC4_RdivB","TXH3.2021",245,245,0.510517113927613,"ok"
"DAP","RdivB","FPC4","FPC4_RdivB","WIH1.2020",394,394,-0.00441447722835463,"ok"
"DAP","RdivB","FPC4","FPC4_RdivB","WIH1.2021",398,398,0.145792281285113,"ok"
"DAP","RdivB","FPC4","FPC4_RdivB","WIH2.2020",1127,1127,-0.0499840403400497,"ok"
"DAP","RdivB","FPC4","FPC4_RdivB","WIH2.2021",1137,1137,0.0244042953707882,"ok"
"DAP","RdivB","FPC4","FPC4_RdivB","WIH3.2020",415,415,-0.0504537222396259,"ok"
"DAP","RdivB","FPC4","FPC4_RdivB","WIH3.2021",397,397,-0.0127792126743916,"ok"
"DAP","RdivB","FPC5","FPC5_RdivB","DEH1.2020",1142,1142,0.137272365836334,"ok"
"DAP","RdivB","FPC5","FPC5_RdivB","IAH4.2021",1128,1128,0.134502480643155,"ok"
"DAP","RdivB","FPC5","FPC5_RdivB","MIH1.2020",414,414,0.312754680487576,"ok"
"DAP","RdivB","FPC5","FPC5_RdivB","MNH1.2020",395,395,-0.211374604535474,"ok"
"DAP","RdivB","FPC5","FPC5_RdivB","MNH1.2021",415,415,-0.0355035292952772,"ok"
"DAP","RdivB","FPC5","FPC5_RdivB","MOH1.2020",1006,1006,-0.0836971417365086,"ok"
"DAP","RdivB","FPC5","FPC5_RdivB","NEH1.2021",246,246,0.119471258953692,"ok"
"DAP","RdivB","FPC5","FPC5_RdivB","TXH1.2020",246,246,0.387967119784427,"ok"
"DAP","RdivB","FPC5","FPC5_RdivB","TXH1.2021",246,246,0.16853252289774,"ok"
"DAP","RdivB","FPC5","FPC5_RdivB","TXH2.2020",246,246,0.0783314046611624,"ok"
"DAP","RdivB","FPC5","FPC5_RdivB","TXH2.2021",246,246,0.0565034379767427,"ok"
"DAP","RdivB","FPC5","FPC5_RdivB","TXH3.2020",266,266,0.0715603396131324,"ok"
"DAP","RdivB","FPC5","FPC5_RdivB","TXH3.2021",245,245,0.490497292340379,"ok"
"DAP","RdivB","FPC5","FPC5_RdivB","WIH1.2020",394,394,-0.0169992761574834,"ok"
"DAP","RdivB","FPC5","FPC5_RdivB","WIH1.2021",398,398,-0.0467071171402121,"ok"
"DAP","RdivB","FPC5","FPC5_RdivB","WIH2.2020",1127,1127,0.073831062498969,"ok"
"DAP","RdivB","FPC5","FPC5_RdivB","WIH2.2021",1137,1137,-0.0436257070078561,"ok"
"DAP","RdivB","FPC5","FPC5_RdivB","WIH3.2020",415,415,0.0587680157242103,"ok"
"DAP","RdivB","FPC5","FPC5_RdivB","WIH3.2021",397,397,0.076839534685773,"ok"
"DAP","RminusB","FPC1","FPC1_RminusB","DEH1.2020",1142,1142,-0.31798345224913,"ok"
"DAP","RminusB","FPC1","FPC1_RminusB","IAH4.2021",1128,1128,-0.340720604854282,"ok"
"DAP","RminusB","FPC1","FPC1_RminusB","MIH1.2020",414,414,-0.275735620722122,"ok"
"DAP","RminusB","FPC1","FPC1_RminusB","MNH1.2020",395,395,0.171396657595648,"ok"
"DAP","RminusB","FPC1","FPC1_RminusB","MNH1.2021",415,415,0.0289706276017256,"ok"
"DAP","RminusB","FPC1","FPC1_RminusB","MOH1.2020",1006,1006,-0.0302940681779655,"ok"
"DAP","RminusB","FPC1","FPC1_RminusB","NEH1.2021",246,246,-0.176080328095141,"ok"
"DAP","RminusB","FPC1","FPC1_RminusB","TXH1.2020",246,246,-0.629658759203763,"ok"
"DAP","RminusB","FPC1","FPC1_RminusB","TXH1.2021",246,246,-0.172999743077126,"ok"
"DAP","RminusB","FPC1","FPC1_RminusB","TXH2.2020",246,246,-0.412111971651098,"ok"
"DAP","RminusB","FPC1","FPC1_RminusB","TXH2.2021",246,246,-0.384205394640921,"ok"
"DAP","RminusB","FPC1","FPC1_RminusB","TXH3.2020",266,266,-0.0719358797311156,"ok"
"DAP","RminusB","FPC1","FPC1_RminusB","TXH3.2021",245,245,-0.578231118806671,"ok"
"DAP","RminusB","FPC1","FPC1_RminusB","WIH1.2020",394,394,0.00942406607909474,"ok"
"DAP","RminusB","FPC1","FPC1_RminusB","WIH1.2021",398,398,0.189023144928771,"ok"
"DAP","RminusB","FPC1","FPC1_RminusB","WIH2.2020",1127,1127,0.0209007990389438,"ok"
"DAP","RminusB","FPC1","FPC1_RminusB","WIH2.2021",1137,1137,0.0823515649259786,"ok"
"DAP","RminusB","FPC1","FPC1_RminusB","WIH3.2020",415,415,0.0931220884694557,"ok"
"DAP","RminusB","FPC1","FPC1_RminusB","WIH3.2021",397,397,-0.0813624811450993,"ok"
"DAP","RminusB","FPC2","FPC2_RminusB","DEH1.2020",1142,1142,0.101413581075578,"ok"
"DAP","RminusB","FPC2","FPC2_RminusB","IAH4.2021",1128,1128,-0.0959295250018422,"ok"
"DAP","RminusB","FPC2","FPC2_RminusB","MIH1.2020",414,414,-0.138334684110273,"ok"
"DAP","RminusB","FPC2","FPC2_RminusB","MNH1.2020",395,395,0.0906168150479405,"ok"
"DAP","RminusB","FPC2","FPC2_RminusB","MNH1.2021",415,415,0.0170348407225801,"ok"
"DAP","RminusB","FPC2","FPC2_RminusB","MOH1.2020",1006,1006,0.0843815368314936,"ok"
"DAP","RminusB","FPC2","FPC2_RminusB","NEH1.2021",246,246,0.00639858571938707,"ok"
"DAP","RminusB","FPC2","FPC2_RminusB","TXH1.2020",246,246,-0.33246846985464,"ok"
"DAP","RminusB","FPC2","FPC2_RminusB","TXH1.2021",246,246,-0.0634804361365827,"ok"
"DAP","RminusB","FPC2","FPC2_RminusB","TXH2.2020",246,246,-0.136031860910216,"ok"
"DAP","RminusB","FPC2","FPC2_RminusB","TXH2.2021",246,246,-0.219475193502801,"ok"
"DAP","RminusB","FPC2","FPC2_RminusB","TXH3.2020",266,266,-0.0324468127806933,"ok"
"DAP","RminusB","FPC2","FPC2_RminusB","TXH3.2021",245,245,0.3199383638622,"ok"
"DAP","RminusB","FPC2","FPC2_RminusB","WIH1.2020",394,394,0.159164846484198,"ok"
"DAP","RminusB","FPC2","FPC2_RminusB","WIH1.2021",398,398,0.221469887549594,"ok"
"DAP","RminusB","FPC2","FPC2_RminusB","WIH2.2020",1127,1127,0.174479105762911,"ok"
"DAP","RminusB","FPC2","FPC2_RminusB","WIH2.2021",1137,1137,0.320538630290718,"ok"
"DAP","RminusB","FPC2","FPC2_RminusB","WIH3.2020",415,415,0.176894394598821,"ok"
"DAP","RminusB","FPC2","FPC2_RminusB","WIH3.2021",397,397,0.118530545043014,"ok"
"DAP","RminusB","FPC3","FPC3_RminusB","DEH1.2020",1142,1142,-0.178820348529131,"ok"
"DAP","RminusB","FPC3","FPC3_RminusB","IAH4.2021",1128,1128,-0.0223640971540722,"ok"
"DAP","RminusB","FPC3","FPC3_RminusB","MIH1.2020",414,414,0.187269279927942,"ok"
"DAP","RminusB","FPC3","FPC3_RminusB","MNH1.2020",395,395,-0.207981934887527,"ok"
"DAP","RminusB","FPC3","FPC3_RminusB","MNH1.2021",415,415,-0.0634449602203186,"ok"
"DAP","RminusB","FPC3","FPC3_RminusB","MOH1.2020",1006,1006,-0.0864382663604093,"ok"
"DAP","RminusB","FPC3","FPC3_RminusB","NEH1.2021",246,246,-0.177741294260718,"ok"
"DAP","RminusB","FPC3","FPC3_RminusB","TXH1.2020",246,246,0.0110656905937933,"ok"
"DAP","RminusB","FPC3","FPC3_RminusB","TXH1.2021",246,246,0.277741704834076,"ok"
"DAP","RminusB","FPC3","FPC3_RminusB","TXH2.2020",246,246,0.142432973965667,"ok"
"DAP","RminusB","FPC3","FPC3_RminusB","TXH2.2021",246,246,0.204009812095088,"ok"
"DAP","RminusB","FPC3","FPC3_RminusB","TXH3.2020",266,266,0.120077605875344,"ok"
"DAP","RminusB","FPC3","FPC3_RminusB","TXH3.2021",245,245,0.416552499365788,"ok"
"DAP","RminusB","FPC3","FPC3_RminusB","WIH1.2020",394,394,0.131272255956146,"ok"
"DAP","RminusB","FPC3","FPC3_RminusB","WIH1.2021",398,398,0.390817756874702,"ok"
"DAP","RminusB","FPC3","FPC3_RminusB","WIH2.2020",1127,1127,-0.0220428848711371,"ok"
"DAP","RminusB","FPC3","FPC3_RminusB","WIH2.2021",1137,1137,0.146854892382749,"ok"
"DAP","RminusB","FPC3","FPC3_RminusB","WIH3.2020",415,415,-0.121780527192093,"ok"
"DAP","RminusB","FPC3","FPC3_RminusB","WIH3.2021",397,397,0.105524252888444,"ok"
"DAP","RminusB","FPC4","FPC4_RminusB","DEH1.2020",1142,1142,0.0146708226453786,"ok"
"DAP","RminusB","FPC4","FPC4_RminusB","IAH4.2021",1128,1128,-0.000601161880705446,"ok"
"DAP","RminusB","FPC4","FPC4_RminusB","MIH1.2020",414,414,0.147932474244613,"ok"
"DAP","RminusB","FPC4","FPC4_RminusB","MNH1.2020",395,395,-0.00348285126075268,"ok"
"DAP","RminusB","FPC4","FPC4_RminusB","MNH1.2021",415,415,-0.0116304662478153,"ok"
"DAP","RminusB","FPC4","FPC4_RminusB","MOH1.2020",1006,1006,-0.195290532120066,"ok"
"DAP","RminusB","FPC4","FPC4_RminusB","NEH1.2021",246,246,0.0251882182537651,"ok"
"DAP","RminusB","FPC4","FPC4_RminusB","TXH1.2020",246,246,-0.0878307518883102,"ok"
"DAP","RminusB","FPC4","FPC4_RminusB","TXH1.2021",246,246,0.227194108015303,"ok"
"DAP","RminusB","FPC4","FPC4_RminusB","TXH2.2020",246,246,-0.0435347681601376,"ok"
"DAP","RminusB","FPC4","FPC4_RminusB","TXH2.2021",246,246,0.0880968081621134,"ok"
"DAP","RminusB","FPC4","FPC4_RminusB","TXH3.2020",266,266,0.0290889572634231,"ok"
"DAP","RminusB","FPC4","FPC4_RminusB","TXH3.2021",245,245,-0.323054645221465,"ok"
"DAP","RminusB","FPC4","FPC4_RminusB","WIH1.2020",394,394,0.191357504947269,"ok"
"DAP","RminusB","FPC4","FPC4_RminusB","WIH1.2021",398,398,0.279541710547072,"ok"
"DAP","RminusB","FPC4","FPC4_RminusB","WIH2.2020",1127,1127,0.143943176872735,"ok"
"DAP","RminusB","FPC4","FPC4_RminusB","WIH2.2021",1137,1137,0.0772362095576909,"ok"
"DAP","RminusB","FPC4","FPC4_RminusB","WIH3.2020",415,415,0.114669452360015,"ok"
"DAP","RminusB","FPC4","FPC4_RminusB","WIH3.2021",397,397,0.0377629420617665,"ok"
"DAP","RminusB","FPC5","FPC5_RminusB","DEH1.2020",1142,1142,0.0756385699674638,"ok"
"DAP","RminusB","FPC5","FPC5_RminusB","IAH4.2021",1128,1128,-0.0176549674173563,"ok"
"DAP","RminusB","FPC5","FPC5_RminusB","MIH1.2020",414,414,0.270689862502341,"ok"
"DAP","RminusB","FPC5","FPC5_RminusB","MNH1.2020",395,395,-0.268271975385052,"ok"
"DAP","RminusB","FPC5","FPC5_RminusB","MNH1.2021",415,415,-0.0403473305866693,"ok"
"DAP","RminusB","FPC5","FPC5_RminusB","MOH1.2020",1006,1006,-0.21767221657709,"ok"
"DAP","RminusB","FPC5","FPC5_RminusB","NEH1.2021",246,246,-0.243847444850231,"ok"
"DAP","RminusB","FPC5","FPC5_RminusB","TXH1.2020",246,246,0.0627692841094434,"ok"
"DAP","RminusB","FPC5","FPC5_RminusB","TXH1.2021",246,246,0.161912343283258,"ok"
"DAP","RminusB","FPC5","FPC5_RminusB","TXH2.2020",246,246,0.188989053631505,"ok"
"DAP","RminusB","FPC5","FPC5_RminusB","TXH2.2021",246,246,0.203174229121896,"ok"
"DAP","RminusB","FPC5","FPC5_RminusB","TXH3.2020",266,266,0.135739178919213,"ok"
"DAP","RminusB","FPC5","FPC5_RminusB","TXH3.2021",245,245,0.484942709687494,"ok"
"DAP","RminusB","FPC5","FPC5_RminusB","WIH1.2020",394,394,-0.045111536145617,"ok"
"DAP","RminusB","FPC5","FPC5_RminusB","WIH1.2021",398,398,0.0855540689997071,"ok"
"DAP","RminusB","FPC5","FPC5_RminusB","WIH2.2020",1127,1127,0.162649837706725,"ok"
"DAP","RminusB","FPC5","FPC5_RminusB","WIH2.2021",1137,1137,0.237481658097483,"ok"
"DAP","RminusB","FPC5","FPC5_RminusB","WIH3.2020",415,415,0.118688293176964,"ok"
"DAP","RminusB","FPC5","FPC5_RminusB","WIH3.2021",397,397,-0.00101741848900267,"ok"
"DAP","TGI","FPC1","FPC1_TGI","DEH1.2020",1142,1142,-0.155216496307735,"ok"
"DAP","TGI","FPC1","FPC1_TGI","IAH4.2021",1128,1128,-0.0602409812037022,"ok"
"DAP","TGI","FPC1","FPC1_TGI","MIH1.2020",414,414,-0.0129099563159107,"ok"
"DAP","TGI","FPC1","FPC1_TGI","MNH1.2020",395,395,-0.0824609537702611,"ok"
"DAP","TGI","FPC1","FPC1_TGI","MNH1.2021",415,415,0.130400516603759,"ok"
"DAP","TGI","FPC1","FPC1_TGI","MOH1.2020",1006,1006,0.237756544000535,"ok"
"DAP","TGI","FPC1","FPC1_TGI","NEH1.2021",246,246,-0.0239472214140137,"ok"
"DAP","TGI","FPC1","FPC1_TGI","TXH1.2020",246,246,-0.644634133462764,"ok"
"DAP","TGI","FPC1","FPC1_TGI","TXH1.2021",246,246,-0.127350665158563,"ok"
"DAP","TGI","FPC1","FPC1_TGI","TXH2.2020",246,246,-0.15421095394631,"ok"
"DAP","TGI","FPC1","FPC1_TGI","TXH2.2021",246,246,-0.0249462362478842,"ok"
"DAP","TGI","FPC1","FPC1_TGI","TXH3.2020",266,266,-0.0898145884231703,"ok"
"DAP","TGI","FPC1","FPC1_TGI","TXH3.2021",245,245,-0.203085415384433,"ok"
"DAP","TGI","FPC1","FPC1_TGI","WIH1.2020",394,394,0.0113135730282906,"ok"
"DAP","TGI","FPC1","FPC1_TGI","WIH1.2021",398,398,0.138723066437589,"ok"
"DAP","TGI","FPC1","FPC1_TGI","WIH2.2020",1127,1127,0.261927272411196,"ok"
"DAP","TGI","FPC1","FPC1_TGI","WIH2.2021",1137,1137,0.188752441029791,"ok"
"DAP","TGI","FPC1","FPC1_TGI","WIH3.2020",415,415,0.222866842400096,"ok"
"DAP","TGI","FPC1","FPC1_TGI","WIH3.2021",397,397,0.250986122694598,"ok"
"DAP","TGI","FPC2","FPC2_TGI","DEH1.2020",1142,1142,0.0924774256837417,"ok"
"DAP","TGI","FPC2","FPC2_TGI","IAH4.2021",1128,1128,0.00440635558536658,"ok"
"DAP","TGI","FPC2","FPC2_TGI","MIH1.2020",414,414,-0.0090817738894315,"ok"
"DAP","TGI","FPC2","FPC2_TGI","MNH1.2020",395,395,0.425342757819193,"ok"
"DAP","TGI","FPC2","FPC2_TGI","MNH1.2021",415,415,0.0759560694916384,"ok"
"DAP","TGI","FPC2","FPC2_TGI","MOH1.2020",1006,1006,-0.00135772739442982,"ok"
"DAP","TGI","FPC2","FPC2_TGI","NEH1.2021",246,246,-0.130664127116479,"ok"
"DAP","TGI","FPC2","FPC2_TGI","TXH1.2020",246,246,0.111780797823901,"ok"
"DAP","TGI","FPC2","FPC2_TGI","TXH1.2021",246,246,-0.0799162799017887,"ok"
"DAP","TGI","FPC2","FPC2_TGI","TXH2.2020",246,246,-0.178775817706662,"ok"
"DAP","TGI","FPC2","FPC2_TGI","TXH2.2021",246,246,-0.233887235333078,"ok"
"DAP","TGI","FPC2","FPC2_TGI","TXH3.2020",266,266,0.124988093831523,"ok"
"DAP","TGI","FPC2","FPC2_TGI","TXH3.2021",245,245,-0.315929858649716,"ok"
"DAP","TGI","FPC2","FPC2_TGI","WIH1.2020",394,394,-0.109326122579712,"ok"
"DAP","TGI","FPC2","FPC2_TGI","WIH1.2021",398,398,0.207704432951027,"ok"
"DAP","TGI","FPC2","FPC2_TGI","WIH2.2020",1127,1127,0.0409102179658475,"ok"
"DAP","TGI","FPC2","FPC2_TGI","WIH2.2021",1137,1137,-0.147748109349896,"ok"
"DAP","TGI","FPC2","FPC2_TGI","WIH3.2020",415,415,0.126015751941891,"ok"
"DAP","TGI","FPC2","FPC2_TGI","WIH3.2021",397,397,0.00472220566036757,"ok"
"DAP","TGI","FPC3","FPC3_TGI","DEH1.2020",1142,1142,-0.047855694571991,"ok"
"DAP","TGI","FPC3","FPC3_TGI","IAH4.2021",1128,1128,0.00669502144552967,"ok"
"DAP","TGI","FPC3","FPC3_TGI","MIH1.2020",414,414,0.245788869696614,"ok"
"DAP","TGI","FPC3","FPC3_TGI","MNH1.2020",395,395,0.288267473124806,"ok"
"DAP","TGI","FPC3","FPC3_TGI","MNH1.2021",415,415,-0.0140201600296155,"ok"
"DAP","TGI","FPC3","FPC3_TGI","MOH1.2020",1006,1006,0.0918100763246179,"ok"
"DAP","TGI","FPC3","FPC3_TGI","NEH1.2021",246,246,-0.0823100380791109,"ok"
"DAP","TGI","FPC3","FPC3_TGI","TXH1.2020",246,246,-0.388514814634125,"ok"
"DAP","TGI","FPC3","FPC3_TGI","TXH1.2021",246,246,-0.00928886762537689,"ok"
"DAP","TGI","FPC3","FPC3_TGI","TXH2.2020",246,246,0.0947321224226563,"ok"
"DAP","TGI","FPC3","FPC3_TGI","TXH2.2021",246,246,0.0578611168266557,"ok"
"DAP","TGI","FPC3","FPC3_TGI","TXH3.2020",266,266,0.143476272399534,"ok"
"DAP","TGI","FPC3","FPC3_TGI","TXH3.2021",245,245,-0.174267876329928,"ok"
"DAP","TGI","FPC3","FPC3_TGI","WIH1.2020",394,394,-0.245935598931429,"ok"
"DAP","TGI","FPC3","FPC3_TGI","WIH1.2021",398,398,-0.125852520591846,"ok"
"DAP","TGI","FPC3","FPC3_TGI","WIH2.2020",1127,1127,0.020521907333899,"ok"
"DAP","TGI","FPC3","FPC3_TGI","WIH2.2021",1137,1137,0.178149257680257,"ok"
"DAP","TGI","FPC3","FPC3_TGI","WIH3.2020",415,415,0.136016896395423,"ok"
"DAP","TGI","FPC3","FPC3_TGI","WIH3.2021",397,397,0.118266700317305,"ok"
"DAP","TGI","FPC4","FPC4_TGI","DEH1.2020",1142,1142,0.00340549377326741,"ok"
"DAP","TGI","FPC4","FPC4_TGI","IAH4.2021",1128,1128,-0.0791907188105597,"ok"
"DAP","TGI","FPC4","FPC4_TGI","MIH1.2020",414,414,-0.128555251299701,"ok"
"DAP","TGI","FPC4","FPC4_TGI","MNH1.2020",395,395,-0.254883190910597,"ok"
"DAP","TGI","FPC4","FPC4_TGI","MNH1.2021",415,415,-0.18959499861899,"ok"
"DAP","TGI","FPC4","FPC4_TGI","MOH1.2020",1006,1006,-0.0714391737811417,"ok"
"DAP","TGI","FPC4","FPC4_TGI","NEH1.2021",246,246,0.117368866943392,"ok"
"DAP","TGI","FPC4","FPC4_TGI","TXH1.2020",246,246,-0.404359209813442,"ok"
"DAP","TGI","FPC4","FPC4_TGI","TXH1.2021",246,246,0.0185934443669054,"ok"
"DAP","TGI","FPC4","FPC4_TGI","TXH2.2020",246,246,-0.0109334200498382,"ok"
"DAP","TGI","FPC4","FPC4_TGI","TXH2.2021",246,246,0.0108479175905113,"ok"
"DAP","TGI","FPC4","FPC4_TGI","TXH3.2020",266,266,0.0831765425686224,"ok"
"DAP","TGI","FPC4","FPC4_TGI","TXH3.2021",245,245,-0.161035819929386,"ok"
"DAP","TGI","FPC4","FPC4_TGI","WIH1.2020",394,394,-0.100024874120552,"ok"
"DAP","TGI","FPC4","FPC4_TGI","WIH1.2021",398,398,-0.16551870840947,"ok"
"DAP","TGI","FPC4","FPC4_TGI","WIH2.2020",1127,1127,-0.0428358105885529,"ok"
"DAP","TGI","FPC4","FPC4_TGI","WIH2.2021",1137,1137,0.174379930249215,"ok"
"DAP","TGI","FPC4","FPC4_TGI","WIH3.2020",415,415,0.0913316687588731,"ok"
"DAP","TGI","FPC4","FPC4_TGI","WIH3.2021",397,397,0.10906561060606,"ok"
"DAP","TGI","FPC5","FPC5_TGI","DEH1.2020",1142,1142,-0.0325648786977111,"ok"
"DAP","TGI","FPC5","FPC5_TGI","IAH4.2021",1128,1128,-0.117719990349187,"ok"
"DAP","TGI","FPC5","FPC5_TGI","MIH1.2020",414,414,-0.00879087762880445,"ok"
"DAP","TGI","FPC5","FPC5_TGI","MNH1.2020",395,395,-0.428413772458802,"ok"
"DAP","TGI","FPC5","FPC5_TGI","MNH1.2021",415,415,-0.0936765928230647,"ok"
"DAP","TGI","FPC5","FPC5_TGI","MOH1.2020",1006,1006,0.0725800820842921,"ok"
"DAP","TGI","FPC5","FPC5_TGI","NEH1.2021",246,246,-0.0669277092473016,"ok"
"DAP","TGI","FPC5","FPC5_TGI","TXH1.2020",246,246,-0.34784090615094,"ok"
"DAP","TGI","FPC5","FPC5_TGI","TXH1.2021",246,246,0.00953721753774151,"ok"
"DAP","TGI","FPC5","FPC5_TGI","TXH2.2020",246,246,0.0559964445467086,"ok"
"DAP","TGI","FPC5","FPC5_TGI","TXH2.2021",246,246,0.019451962296843,"ok"
"DAP","TGI","FPC5","FPC5_TGI","TXH3.2020",266,266,-0.131230547366962,"ok"
"DAP","TGI","FPC5","FPC5_TGI","TXH3.2021",245,245,-0.204750046034713,"ok"
"DAP","TGI","FPC5","FPC5_TGI","WIH1.2020",394,394,-0.0254657810046956,"ok"
"DAP","TGI","FPC5","FPC5_TGI","WIH1.2021",398,398,-0.158507012540539,"ok"
"DAP","TGI","FPC5","FPC5_TGI","WIH2.2020",1127,1127,0.146738038299282,"ok"
"DAP","TGI","FPC5","FPC5_TGI","WIH2.2021",1137,1137,0.163727435884313,"ok"
"DAP","TGI","FPC5","FPC5_TGI","WIH3.2020",415,415,0.0295252024859259,"ok"
"DAP","TGI","FPC5","FPC5_TGI","WIH3.2021",397,397,0.0831466188827007,"ok"
"DAP","TNDGR","FPC1","FPC1_TNDGR","DEH1.2020",1142,1142,0.153398361019061,"ok"
"DAP","TNDGR","FPC1","FPC1_TNDGR","IAH4.2021",1128,1128,0.317585484921534,"ok"
"DAP","TNDGR","FPC1","FPC1_TNDGR","MIH1.2020",414,414,0.343649119615746,"ok"
"DAP","TNDGR","FPC1","FPC1_TNDGR","MNH1.2020",395,395,0.0374235518032005,"ok"
"DAP","TNDGR","FPC1","FPC1_TNDGR","MNH1.2021",415,415,0.0986578957242944,"ok"
"DAP","TNDGR","FPC1","FPC1_TNDGR","MOH1.2020",1006,1006,0.336493182765543,"ok"
"DAP","TNDGR","FPC1","FPC1_TNDGR","NEH1.2021",246,246,0.308529838080792,"ok"
"DAP","TNDGR","FPC1","FPC1_TNDGR","TXH1.2020",246,246,0.721963369247389,"ok"
"DAP","TNDGR","FPC1","FPC1_TNDGR","TXH1.2021",246,246,0.0807428486214179,"ok"
"DAP","TNDGR","FPC1","FPC1_TNDGR","TXH2.2020",246,246,0.529740306687574,"ok"
"DAP","TNDGR","FPC1","FPC1_TNDGR","TXH2.2021",246,246,0.320455212592297,"ok"
"DAP","TNDGR","FPC1","FPC1_TNDGR","TXH3.2020",266,266,0.249990311195361,"ok"
"DAP","TNDGR","FPC1","FPC1_TNDGR","TXH3.2021",245,245,0.601919000008004,"ok"
"DAP","TNDGR","FPC1","FPC1_TNDGR","WIH1.2020",394,394,0.405957201263098,"ok"
"DAP","TNDGR","FPC1","FPC1_TNDGR","WIH1.2021",398,398,0.27427311377922,"ok"
"DAP","TNDGR","FPC1","FPC1_TNDGR","WIH2.2020",1127,1127,0.118984697956816,"ok"
"DAP","TNDGR","FPC1","FPC1_TNDGR","WIH2.2021",1137,1137,-0.0967537489973194,"ok"
"DAP","TNDGR","FPC1","FPC1_TNDGR","WIH3.2020",415,415,-0.0623521078772825,"ok"
"DAP","TNDGR","FPC1","FPC1_TNDGR","WIH3.2021",397,397,0.386949914164286,"ok"
"DAP","TNDGR","FPC2","FPC2_TNDGR","DEH1.2020",1142,1142,0.161177219483334,"ok"
"DAP","TNDGR","FPC2","FPC2_TNDGR","IAH4.2021",1128,1128,-0.0121239373569721,"ok"
"DAP","TNDGR","FPC2","FPC2_TNDGR","MIH1.2020",414,414,0.279435466937325,"ok"
"DAP","TNDGR","FPC2","FPC2_TNDGR","MNH1.2020",395,395,-0.465647419755215,"ok"
"DAP","TNDGR","FPC2","FPC2_TNDGR","MNH1.2021",415,415,-0.231625843143534,"ok"
"DAP","TNDGR","FPC2","FPC2_TNDGR","MOH1.2020",1006,1006,-0.378556075007482,"ok"
"DAP","TNDGR","FPC2","FPC2_TNDGR","NEH1.2021",246,246,0.21909034734719,"ok"
"DAP","TNDGR","FPC2","FPC2_TNDGR","TXH1.2020",246,246,-0.226185399341453,"ok"
"DAP","TNDGR","FPC2","FPC2_TNDGR","TXH1.2021",246,246,0.192918590199442,"ok"
"DAP","TNDGR","FPC2","FPC2_TNDGR","TXH2.2020",246,246,-0.075372697591825,"ok"
"DAP","TNDGR","FPC2","FPC2_TNDGR","TXH2.2021",246,246,-0.145664087280416,"ok"
"DAP","TNDGR","FPC2","FPC2_TNDGR","TXH3.2020",266,266,0.0343913723729843,"ok"
"DAP","TNDGR","FPC2","FPC2_TNDGR","TXH3.2021",245,245,-0.199626838010055,"ok"
"DAP","TNDGR","FPC2","FPC2_TNDGR","WIH1.2020",394,394,-0.337221312186063,"ok"
"DAP","TNDGR","FPC2","FPC2_TNDGR","WIH1.2021",398,398,-0.0442893305827387,"ok"
"DAP","TNDGR","FPC2","FPC2_TNDGR","WIH2.2020",1127,1127,-0.0255620026770601,"ok"
"DAP","TNDGR","FPC2","FPC2_TNDGR","WIH2.2021",1137,1137,-0.236171887319614,"ok"
"DAP","TNDGR","FPC2","FPC2_TNDGR","WIH3.2020",415,415,-0.158020223265439,"ok"
"DAP","TNDGR","FPC2","FPC2_TNDGR","WIH3.2021",397,397,-0.264801314960404,"ok"
"DAP","TNDGR","FPC3","FPC3_TNDGR","DEH1.2020",1142,1142,-0.124477678529972,"ok"
"DAP","TNDGR","FPC3","FPC3_TNDGR","IAH4.2021",1128,1128,-0.159057334142968,"ok"
"DAP","TNDGR","FPC3","FPC3_TNDGR","MIH1.2020",414,414,0.0462320674112558,"ok"
"DAP","TNDGR","FPC3","FPC3_TNDGR","MNH1.2020",395,395,0.0604744687560546,"ok"
"DAP","TNDGR","FPC3","FPC3_TNDGR","MNH1.2021",415,415,-0.0309550050282779,"ok"
"DAP","TNDGR","FPC3","FPC3_TNDGR","MOH1.2020",1006,1006,0.124338957335461,"ok"
"DAP","TNDGR","FPC3","FPC3_TNDGR","NEH1.2021",246,246,0.0557880112834998,"ok"
"DAP","TNDGR","FPC3","FPC3_TNDGR","TXH1.2020",246,246,0.0429394730444137,"ok"
"DAP","TNDGR","FPC3","FPC3_TNDGR","TXH1.2021",246,246,-0.176963195083548,"ok"
"DAP","TNDGR","FPC3","FPC3_TNDGR","TXH2.2020",246,246,0.0070221421679461,"ok"
"DAP","TNDGR","FPC3","FPC3_TNDGR","TXH2.2021",246,246,0.258281494598378,"ok"
"DAP","TNDGR","FPC3","FPC3_TNDGR","TXH3.2020",266,266,0.12645012234651,"ok"
"DAP","TNDGR","FPC3","FPC3_TNDGR","TXH3.2021",245,245,0.267983600136929,"ok"
"DAP","TNDGR","FPC3","FPC3_TNDGR","WIH1.2020",394,394,-0.171690711093318,"ok"
"DAP","TNDGR","FPC3","FPC3_TNDGR","WIH1.2021",398,398,0.0277792250438442,"ok"
"DAP","TNDGR","FPC3","FPC3_TNDGR","WIH2.2020",1127,1127,0.0797644850553311,"ok"
"DAP","TNDGR","FPC3","FPC3_TNDGR","WIH2.2021",1137,1137,-0.167489944389849,"ok"
"DAP","TNDGR","FPC3","FPC3_TNDGR","WIH3.2020",415,415,-0.0596191513606938,"ok"
"DAP","TNDGR","FPC3","FPC3_TNDGR","WIH3.2021",397,397,-0.0648122580363382,"ok"
"DAP","TNDGR","FPC4","FPC4_TNDGR","DEH1.2020",1142,1142,-0.437287410923559,"ok"
"DAP","TNDGR","FPC4","FPC4_TNDGR","IAH4.2021",1128,1128,-0.0790466451055931,"ok"
"DAP","TNDGR","FPC4","FPC4_TNDGR","MIH1.2020",414,414,-0.127351568370739,"ok"
"DAP","TNDGR","FPC4","FPC4_TNDGR","MNH1.2020",395,395,-0.268489624088657,"ok"
"DAP","TNDGR","FPC4","FPC4_TNDGR","MNH1.2021",415,415,-0.208981322468651,"ok"
"DAP","TNDGR","FPC4","FPC4_TNDGR","MOH1.2020",1006,1006,-0.158734285675071,"ok"
"DAP","TNDGR","FPC4","FPC4_TNDGR","NEH1.2021",246,246,-0.158492419762933,"ok"
"DAP","TNDGR","FPC4","FPC4_TNDGR","TXH1.2020",246,246,-0.487533036958606,"ok"
"DAP","TNDGR","FPC4","FPC4_TNDGR","TXH1.2021",246,246,-0.0808765607072765,"ok"
"DAP","TNDGR","FPC4","FPC4_TNDGR","TXH2.2020",246,246,-0.325777423631444,"ok"
"DAP","TNDGR","FPC4","FPC4_TNDGR","TXH2.2021",246,246,-0.31929929377077,"ok"
"DAP","TNDGR","FPC4","FPC4_TNDGR","TXH3.2020",266,266,-0.0241203398746694,"ok"
"DAP","TNDGR","FPC4","FPC4_TNDGR","TXH3.2021",245,245,0.25527250492747,"ok"
"DAP","TNDGR","FPC4","FPC4_TNDGR","WIH1.2020",394,394,-0.115025662746102,"ok"
"DAP","TNDGR","FPC4","FPC4_TNDGR","WIH1.2021",398,398,0.0659415816211812,"ok"
"DAP","TNDGR","FPC4","FPC4_TNDGR","WIH2.2020",1127,1127,-0.0507047340660761,"ok"
"DAP","TNDGR","FPC4","FPC4_TNDGR","WIH2.2021",1137,1137,-0.243931274356627,"ok"
"DAP","TNDGR","FPC4","FPC4_TNDGR","WIH3.2020",415,415,-0.0359994782275584,"ok"
"DAP","TNDGR","FPC4","FPC4_TNDGR","WIH3.2021",397,397,0.109262384521288,"ok"
"DAP","TNDGR","FPC5","FPC5_TNDGR","DEH1.2020",1142,1142,0.450308200015858,"ok"
"DAP","TNDGR","FPC5","FPC5_TNDGR","IAH4.2021",1128,1128,0.224008380059434,"ok"
"DAP","TNDGR","FPC5","FPC5_TNDGR","MIH1.2020",414,414,0.320837801230959,"ok"
"DAP","TNDGR","FPC5","FPC5_TNDGR","MNH1.2020",395,395,0.416247671824571,"ok"
"DAP","TNDGR","FPC5","FPC5_TNDGR","MNH1.2021",415,415,0.286876557051966,"ok"
"DAP","TNDGR","FPC5","FPC5_TNDGR","MOH1.2020",1006,1006,0.342233406007437,"ok"
"DAP","TNDGR","FPC5","FPC5_TNDGR","NEH1.2021",246,246,-0.151383562244377,"ok"
"DAP","TNDGR","FPC5","FPC5_TNDGR","TXH1.2020",246,246,0.49639001557831,"ok"
"DAP","TNDGR","FPC5","FPC5_TNDGR","TXH1.2021",246,246,0.0177461557116531,"ok"
"DAP","TNDGR","FPC5","FPC5_TNDGR","TXH2.2020",246,246,0.308191048638632,"ok"
"DAP","TNDGR","FPC5","FPC5_TNDGR","TXH2.2021",246,246,-0.19209579129575,"ok"
"DAP","TNDGR","FPC5","FPC5_TNDGR","TXH3.2020",266,266,0.0530232924287569,"ok"
"DAP","TNDGR","FPC5","FPC5_TNDGR","TXH3.2021",245,245,0.0773189004625767,"ok"
"DAP","TNDGR","FPC5","FPC5_TNDGR","WIH1.2020",394,394,0.301717879184445,"ok"
"DAP","TNDGR","FPC5","FPC5_TNDGR","WIH1.2021",398,398,0.145601475459441,"ok"
"DAP","TNDGR","FPC5","FPC5_TNDGR","WIH2.2020",1127,1127,0.0682825438123667,"ok"
"DAP","TNDGR","FPC5","FPC5_TNDGR","WIH2.2021",1137,1137,0.00184284992508478,"ok"
"DAP","TNDGR","FPC5","FPC5_TNDGR","WIH3.2020",415,415,0.0499140552491531,"ok"
"DAP","TNDGR","FPC5","FPC5_TNDGR","WIH3.2021",397,397,0.0904460823183405,"ok"
"DAP","VARI","FPC1","FPC1_VARI","DEH1.2020",1142,1142,0.183486038760405,"ok"
"DAP","VARI","FPC1","FPC1_VARI","IAH4.2021",1128,1128,0.379468216841422,"ok"
"DAP","VARI","FPC1","FPC1_VARI","MIH1.2020",414,414,0.338482367933485,"ok"
"DAP","VARI","FPC1","FPC1_VARI","MNH1.2020",395,395,-0.026443985087883,"ok"
"DAP","VARI","FPC1","FPC1_VARI","MNH1.2021",415,415,0.0766385297329076,"ok"
"DAP","VARI","FPC1","FPC1_VARI","MOH1.2020",1006,1006,0.366006576503533,"ok"
"DAP","VARI","FPC1","FPC1_VARI","NEH1.2021",246,246,0.307744337606804,"ok"
"DAP","VARI","FPC1","FPC1_VARI","TXH1.2020",246,246,0.742802079955043,"ok"
"DAP","VARI","FPC1","FPC1_VARI","TXH1.2021",246,246,0.103700173891571,"ok"
"DAP","VARI","FPC1","FPC1_VARI","TXH2.2020",246,246,0.530841913809792,"ok"
"DAP","VARI","FPC1","FPC1_VARI","TXH2.2021",246,246,0.365520328360799,"ok"
"DAP","VARI","FPC1","FPC1_VARI","TXH3.2020",266,266,0.242301104649595,"ok"
"DAP","VARI","FPC1","FPC1_VARI","TXH3.2021",245,245,0.615462590635936,"ok"
"DAP","VARI","FPC1","FPC1_VARI","WIH1.2020",394,394,0.438818915666492,"ok"
"DAP","VARI","FPC1","FPC1_VARI","WIH1.2021",398,398,0.250332859085418,"ok"
"DAP","VARI","FPC1","FPC1_VARI","WIH2.2020",1127,1127,0.114306314941704,"ok"
"DAP","VARI","FPC1","FPC1_VARI","WIH2.2021",1137,1137,-0.0916024172089096,"ok"
"DAP","VARI","FPC1","FPC1_VARI","WIH3.2020",415,415,-0.0383447538722751,"ok"
"DAP","VARI","FPC1","FPC1_VARI","WIH3.2021",397,397,0.404714634293213,"ok"
"DAP","VARI","FPC2","FPC2_VARI","DEH1.2020",1142,1142,-0.162536048400679,"ok"
"DAP","VARI","FPC2","FPC2_VARI","IAH4.2021",1128,1128,-0.0123056919497535,"ok"
"DAP","VARI","FPC2","FPC2_VARI","MIH1.2020",414,414,-0.284414960137868,"ok"
"DAP","VARI","FPC2","FPC2_VARI","MNH1.2020",395,395,0.462635414007358,"ok"
"DAP","VARI","FPC2","FPC2_VARI","MNH1.2021",415,415,0.212270941839461,"ok"
"DAP","VARI","FPC2","FPC2_VARI","MOH1.2020",1006,1006,0.35981516956464,"ok"
"DAP","VARI","FPC2","FPC2_VARI","NEH1.2021",246,246,-0.252077619773702,"ok"
"DAP","VARI","FPC2","FPC2_VARI","TXH1.2020",246,246,0.173809242122276,"ok"
"DAP","VARI","FPC2","FPC2_VARI","TXH1.2021",246,246,-0.182535195778281,"ok"
"DAP","VARI","FPC2","FPC2_VARI","TXH2.2020",246,246,0.0521997125793332,"ok"
"DAP","VARI","FPC2","FPC2_VARI","TXH2.2021",246,246,0.110951338366604,"ok"
"DAP","VARI","FPC2","FPC2_VARI","TXH3.2020",266,266,-0.033470499522127,"ok"
"DAP","VARI","FPC2","FPC2_VARI","TXH3.2021",245,245,0.227178272716857,"ok"
"DAP","VARI","FPC2","FPC2_VARI","WIH1.2020",394,394,0.300580723059987,"ok"
"DAP","VARI","FPC2","FPC2_VARI","WIH1.2021",398,398,0.0511537489127519,"ok"
"DAP","VARI","FPC2","FPC2_VARI","WIH2.2020",1127,1127,0.0041069078621224,"ok"
"DAP","VARI","FPC2","FPC2_VARI","WIH2.2021",1137,1137,0.209328311405565,"ok"
"DAP","VARI","FPC2","FPC2_VARI","WIH3.2020",415,415,0.161195928129864,"ok"
"DAP","VARI","FPC2","FPC2_VARI","WIH3.2021",397,397,0.230533810753341,"ok"
"DAP","VARI","FPC3","FPC3_VARI","DEH1.2020",1142,1142,-0.470751201565139,"ok"
"DAP","VARI","FPC3","FPC3_VARI","IAH4.2021",1128,1128,0.103902068982963,"ok"
"DAP","VARI","FPC3","FPC3_VARI","MIH1.2020",414,414,-0.0352222656624285,"ok"
"DAP","VARI","FPC3","FPC3_VARI","MNH1.2020",395,395,0.0369605834161763,"ok"
"DAP","VARI","FPC3","FPC3_VARI","MNH1.2021",415,415,0.0363538397292233,"ok"
"DAP","VARI","FPC3","FPC3_VARI","MOH1.2020",1006,1006,-0.00484220998214403,"ok"
"DAP","VARI","FPC3","FPC3_VARI","NEH1.2021",246,246,-0.205128962129841,"ok"
"DAP","VARI","FPC3","FPC3_VARI","TXH1.2020",246,246,-0.164955508713345,"ok"
"DAP","VARI","FPC3","FPC3_VARI","TXH1.2021",246,246,0.068992695196989,"ok"
"DAP","VARI","FPC3","FPC3_VARI","TXH2.2020",246,246,-0.0924432688788969,"ok"
"DAP","VARI","FPC3","FPC3_VARI","TXH2.2021",246,246,-0.380342653320607,"ok"
"DAP","VARI","FPC3","FPC3_VARI","TXH3.2020",266,266,-0.153906466844282,"ok"
"DAP","VARI","FPC3","FPC3_VARI","TXH3.2021",245,245,-0.0251142346032525,"ok"
"DAP","VARI","FPC3","FPC3_VARI","WIH1.2020",394,394,0.271397979637625,"ok"
"DAP","VARI","FPC3","FPC3_VARI","WIH1.2021",398,398,0.0750167827421866,"ok"
"DAP","VARI","FPC3","FPC3_VARI","WIH2.2020",1127,1127,-0.0452247020027159,"ok"
"DAP","VARI","FPC3","FPC3_VARI","WIH2.2021",1137,1137,0.0829757129095793,"ok"
"DAP","VARI","FPC3","FPC3_VARI","WIH3.2020",415,415,-0.0205142127616168,"ok"
"DAP","VARI","FPC3","FPC3_VARI","WIH3.2021",397,397,0.145118387650253,"ok"
"DAP","VARI","FPC4","FPC4_VARI","DEH1.2020",1142,1142,0.387338269099711,"ok"
"DAP","VARI","FPC4","FPC4_VARI","IAH4.2021",1128,1128,0.161197239527274,"ok"
"DAP","VARI","FPC4","FPC4_VARI","MIH1.2020",414,414,0.0573970013892765,"ok"
"DAP","VARI","FPC4","FPC4_VARI","MNH1.2020",395,395,0.195681621564028,"ok"
"DAP","VARI","FPC4","FPC4_VARI","MNH1.2021",415,415,0.119963728934735,"ok"
"DAP","VARI","FPC4","FPC4_VARI","MOH1.2020",1006,1006,0.143359321372786,"ok"
"DAP","VARI","FPC4","FPC4_VARI","NEH1.2021",246,246,0.0698932217261137,"ok"
"DAP","VARI","FPC4","FPC4_VARI","TXH1.2020",246,246,0.360927592169344,"ok"
"DAP","VARI","FPC4","FPC4_VARI","TXH1.2021",246,246,0.119311598168677,"ok"
"DAP","VARI","FPC4","FPC4_VARI","TXH2.2020",246,246,0.28149053322738,"ok"
"DAP","VARI","FPC4","FPC4_VARI","TXH2.2021",246,246,0.132932155676829,"ok"
"DAP","VARI","FPC4","FPC4_VARI","TXH3.2020",266,266,-0.0473581004102675,"ok"
"DAP","VARI","FPC4","FPC4_VARI","TXH3.2021",245,245,-0.298972804497108,"ok"
"DAP","VARI","FPC4","FPC4_VARI","WIH1.2020",394,394,0.263488501454539,"ok"
"DAP","VARI","FPC4","FPC4_VARI","WIH1.2021",398,398,-0.00300067237468609,"ok"
"DAP","VARI","FPC4","FPC4_VARI","WIH2.2020",1127,1127,-0.0124721944343092,"ok"
"DAP","VARI","FPC4","FPC4_VARI","WIH2.2021",1137,1137,0.268285366514814,"ok"
"DAP","VARI","FPC4","FPC4_VARI","WIH3.2020",415,415,0.167414363840258,"ok"
"DAP","VARI","FPC4","FPC4_VARI","WIH3.2021",397,397,-0.0282035980346213,"ok"
"DAP","VARI","FPC5","FPC5_VARI","DEH1.2020",1142,1142,0.467386421525899,"ok"
"DAP","VARI","FPC5","FPC5_VARI","IAH4.2021",1128,1128,0.226134231033605,"ok"
"DAP","VARI","FPC5","FPC5_VARI","MIH1.2020",414,414,0.206300050925405,"ok"
"DAP","VARI","FPC5","FPC5_VARI","MNH1.2020",395,395,0.433396519747248,"ok"
"DAP","VARI","FPC5","FPC5_VARI","MNH1.2021",415,415,0.192659707216247,"ok"
"DAP","VARI","FPC5","FPC5_VARI","MOH1.2020",1006,1006,0.326517030219416,"ok"
"DAP","VARI","FPC5","FPC5_VARI","NEH1.2021",246,246,-0.151943832370208,"ok"
"DAP","VARI","FPC5","FPC5_VARI","TXH1.2020",246,246,0.459549118643775,"ok"
"DAP","VARI","FPC5","FPC5_VARI","TXH1.2021",246,246,-0.0350161992443717,"ok"
"DAP","VARI","FPC5","FPC5_VARI","TXH2.2020",246,246,0.257079578420213,"ok"
"DAP","VARI","FPC5","FPC5_VARI","TXH2.2021",246,246,-0.17063415993843,"ok"
"DAP","VARI","FPC5","FPC5_VARI","TXH3.2020",266,266,-0.00921262941371511,"ok"
"DAP","VARI","FPC5","FPC5_VARI","TXH3.2021",245,245,0.125193980181867,"ok"
"DAP","VARI","FPC5","FPC5_VARI","WIH1.2020",394,394,0.259151055783289,"ok"
"DAP","VARI","FPC5","FPC5_VARI","WIH1.2021",398,398,0.106303846399296,"ok"
"DAP","VARI","FPC5","FPC5_VARI","WIH2.2020",1127,1127,0.0770419862929603,"ok"
"DAP","VARI","FPC5","FPC5_VARI","WIH2.2021",1137,1137,0.0417111701127337,"ok"
"DAP","VARI","FPC5","FPC5_VARI","WIH3.2020",415,415,0.0140920830805742,"ok"
"DAP","VARI","FPC5","FPC5_VARI","WIH3.2021",397,397,0.043301258927992,"ok"
"DAP","VEG","FPC1","FPC1_VEG","DEH1.2020",1142,1142,0.0710792658666314,"ok"
"DAP","VEG","FPC1","FPC1_VEG","IAH4.2021",1128,1128,0.18703086202298,"ok"
"DAP","VEG","FPC1","FPC1_VEG","MIH1.2020",414,414,0.338901034943571,"ok"
"DAP","VEG","FPC1","FPC1_VEG","MNH1.2020",395,395,-0.0171335318302019,"ok"
"DAP","VEG","FPC1","FPC1_VEG","MNH1.2021",415,415,0.0690391510050975,"ok"
"DAP","VEG","FPC1","FPC1_VEG","MOH1.2020",1006,1006,0.0656152135328617,"ok"
"DAP","VEG","FPC1","FPC1_VEG","NEH1.2021",246,246,0.225697758912434,"ok"
"DAP","VEG","FPC1","FPC1_VEG","TXH1.2020",246,246,0.572102081324991,"ok"
"DAP","VEG","FPC1","FPC1_VEG","TXH1.2021",246,246,0.0929474677891958,"ok"
"DAP","VEG","FPC1","FPC1_VEG","TXH2.2020",246,246,0.477076563923047,"ok"
"DAP","VEG","FPC1","FPC1_VEG","TXH2.2021",246,246,0.118468871828881,"ok"
"DAP","VEG","FPC1","FPC1_VEG","TXH3.2020",266,266,0.281732117668203,"ok"
"DAP","VEG","FPC1","FPC1_VEG","TXH3.2021",245,245,0.505347630039805,"ok"
"DAP","VEG","FPC1","FPC1_VEG","WIH1.2020",394,394,0.233133769412849,"ok"
"DAP","VEG","FPC1","FPC1_VEG","WIH1.2021",398,398,0.220710773412351,"ok"
"DAP","VEG","FPC1","FPC1_VEG","WIH2.2020",1127,1127,0.117029912121517,"ok"
"DAP","VEG","FPC1","FPC1_VEG","WIH2.2021",1137,1137,-0.138052725135104,"ok"
"DAP","VEG","FPC1","FPC1_VEG","WIH3.2020",415,415,-0.114652375053429,"ok"
"DAP","VEG","FPC1","FPC1_VEG","WIH3.2021",397,397,0.24232782995904,"ok"
"DAP","VEG","FPC2","FPC2_VEG","DEH1.2020",1142,1142,-0.360335307483572,"ok"
"DAP","VEG","FPC2","FPC2_VEG","IAH4.2021",1128,1128,0.0434966390411773,"ok"
"DAP","VEG","FPC2","FPC2_VEG","MIH1.2020",414,414,0.0141222917834794,"ok"
"DAP","VEG","FPC2","FPC2_VEG","MNH1.2020",395,395,0.396267685618024,"ok"
"DAP","VEG","FPC2","FPC2_VEG","MNH1.2021",415,415,0.201564614815755,"ok"
"DAP","VEG","FPC2","FPC2_VEG","MOH1.2020",1006,1006,0.351979972684956,"ok"
"DAP","VEG","FPC2","FPC2_VEG","NEH1.2021",246,246,-0.120907677944315,"ok"
"DAP","VEG","FPC2","FPC2_VEG","TXH1.2020",246,246,0.514160143343835,"ok"
"DAP","VEG","FPC2","FPC2_VEG","TXH1.2021",246,246,-0.19813445966755,"ok"
"DAP","VEG","FPC2","FPC2_VEG","TXH2.2020",246,246,0.207932996278797,"ok"
"DAP","VEG","FPC2","FPC2_VEG","TXH2.2021",246,246,0.201857870507128,"ok"
"DAP","VEG","FPC2","FPC2_VEG","TXH3.2020",266,266,0.0949744954364524,"ok"
"DAP","VEG","FPC2","FPC2_VEG","TXH3.2021",245,245,0.295360919070165,"ok"
"DAP","VEG","FPC2","FPC2_VEG","WIH1.2020",394,394,0.427970117484879,"ok"
"DAP","VEG","FPC2","FPC2_VEG","WIH1.2021",398,398,0.231397231704722,"ok"
"DAP","VEG","FPC2","FPC2_VEG","WIH2.2020",1127,1127,0.124925451953775,"ok"
"DAP","VEG","FPC2","FPC2_VEG","WIH2.2021",1137,1137,0.0419158047989811,"ok"
"DAP","VEG","FPC2","FPC2_VEG","WIH3.2020",415,415,0.0412571838594217,"ok"
"DAP","VEG","FPC2","FPC2_VEG","WIH3.2021",397,397,0.456766313837013,"ok"
"DAP","VEG","FPC3","FPC3_VEG","DEH1.2020",1142,1142,0.231581390032366,"ok"
"DAP","VEG","FPC3","FPC3_VEG","IAH4.2021",1128,1128,0.152729995431882,"ok"
"DAP","VEG","FPC3","FPC3_VEG","MIH1.2020",414,414,0.305715807721346,"ok"
"DAP","VEG","FPC3","FPC3_VEG","MNH1.2020",395,395,0.436157414600991,"ok"
"DAP","VEG","FPC3","FPC3_VEG","MNH1.2021",415,415,0.289963741152605,"ok"
"DAP","VEG","FPC3","FPC3_VEG","MOH1.2020",1006,1006,0.38481955444478,"ok"
"DAP","VEG","FPC3","FPC3_VEG","NEH1.2021",246,246,0.0516690885893677,"ok"
"DAP","VEG","FPC3","FPC3_VEG","TXH1.2020",246,246,0.505369977219544,"ok"
"DAP","VEG","FPC3","FPC3_VEG","TXH1.2021",246,246,0.135269538139936,"ok"
"DAP","VEG","FPC3","FPC3_VEG","TXH2.2020",246,246,0.281977518181316,"ok"
"DAP","VEG","FPC3","FPC3_VEG","TXH2.2021",246,246,-0.135301044011311,"ok"
"DAP","VEG","FPC3","FPC3_VEG","TXH3.2020",266,266,0.0158817322814847,"ok"
"DAP","VEG","FPC3","FPC3_VEG","TXH3.2021",245,245,-0.0186305620657126,"ok"
"DAP","VEG","FPC3","FPC3_VEG","WIH1.2020",394,394,0.310407592228336,"ok"
"DAP","VEG","FPC3","FPC3_VEG","WIH1.2021",398,398,0.236490949537709,"ok"
"DAP","VEG","FPC3","FPC3_VEG","WIH2.2020",1127,1127,0.0575680303410899,"ok"
"DAP","VEG","FPC3","FPC3_VEG","WIH2.2021",1137,1137,0.256130474190742,"ok"
"DAP","VEG","FPC3","FPC3_VEG","WIH3.2020",415,415,0.0806669963027321,"ok"
"DAP","VEG","FPC3","FPC3_VEG","WIH3.2021",397,397,0.103501038089785,"ok"
"DAP","VEG","FPC4","FPC4_VEG","DEH1.2020",1142,1142,-0.310967357048487,"ok"
"DAP","VEG","FPC4","FPC4_VEG","IAH4.2021",1128,1128,-0.0822924244018811,"ok"
"DAP","VEG","FPC4","FPC4_VEG","MIH1.2020",414,414,0.0686770078833351,"ok"
"DAP","VEG","FPC4","FPC4_VEG","MNH1.2020",395,395,-0.144530321883651,"ok"
"DAP","VEG","FPC4","FPC4_VEG","MNH1.2021",415,415,-0.0328568457097817,"ok"
"DAP","VEG","FPC4","FPC4_VEG","MOH1.2020",1006,1006,0.105735710452909,"ok"
"DAP","VEG","FPC4","FPC4_VEG","NEH1.2021",246,246,-0.0294731180221801,"ok"
"DAP","VEG","FPC4","FPC4_VEG","TXH1.2020",246,246,-0.151141279529498,"ok"
"DAP","VEG","FPC4","FPC4_VEG","TXH1.2021",246,246,-0.0850699043951715,"ok"
"DAP","VEG","FPC4","FPC4_VEG","TXH2.2020",246,246,-0.0524316738432576,"ok"
"DAP","VEG","FPC4","FPC4_VEG","TXH2.2021",246,246,-0.0816713003117457,"ok"
"DAP","VEG","FPC4","FPC4_VEG","TXH3.2020",266,266,0.109908374288518,"ok"
"DAP","VEG","FPC4","FPC4_VEG","TXH3.2021",245,245,0.369713683409356,"ok"
"DAP","VEG","FPC4","FPC4_VEG","WIH1.2020",394,394,-0.248340366799492,"ok"
"DAP","VEG","FPC4","FPC4_VEG","WIH1.2021",398,398,0.0380900910067071,"ok"
"DAP","VEG","FPC4","FPC4_VEG","WIH2.2020",1127,1127,-0.00844835905256139,"ok"
"DAP","VEG","FPC4","FPC4_VEG","WIH2.2021",1137,1137,-0.0574853283651128,"ok"
"DAP","VEG","FPC4","FPC4_VEG","WIH3.2020",415,415,-0.104228707092843,"ok"
"DAP","VEG","FPC4","FPC4_VEG","WIH3.2021",397,397,-0.0820853543284353,"ok"
"DAP","VEG","FPC5","FPC5_VEG","DEH1.2020",1142,1142,-0.488344089960505,"ok"
"DAP","VEG","FPC5","FPC5_VEG","IAH4.2021",1128,1128,0.0319624590159294,"ok"
"DAP","VEG","FPC5","FPC5_VEG","MIH1.2020",414,414,0.242627114256563,"ok"
"DAP","VEG","FPC5","FPC5_VEG","MNH1.2020",395,395,-0.0411890237670414,"ok"
"DAP","VEG","FPC5","FPC5_VEG","MNH1.2021",415,415,0.0195552424448692,"ok"
"DAP","VEG","FPC5","FPC5_VEG","MOH1.2020",1006,1006,0.0671466141281434,"ok"
"DAP","VEG","FPC5","FPC5_VEG","NEH1.2021",246,246,-0.231236716151344,"ok"
"DAP","VEG","FPC5","FPC5_VEG","TXH1.2020",246,246,-0.221915859475673,"ok"
"DAP","VEG","FPC5","FPC5_VEG","TXH1.2021",246,246,0.0733695305247155,"ok"
"DAP","VEG","FPC5","FPC5_VEG","TXH2.2020",246,246,-0.237855748973406,"ok"
"DAP","VEG","FPC5","FPC5_VEG","TXH2.2021",246,246,-0.265883952355996,"ok"
"DAP","VEG","FPC5","FPC5_VEG","TXH3.2020",266,266,0.140810491963494,"ok"
"DAP","VEG","FPC5","FPC5_VEG","TXH3.2021",245,245,-0.0411856740576644,"ok"
"DAP","VEG","FPC5","FPC5_VEG","WIH1.2020",394,394,0.180723268858366,"ok"
"DAP","VEG","FPC5","FPC5_VEG","WIH1.2021",398,398,0.0727145951749218,"ok"
"DAP","VEG","FPC5","FPC5_VEG","WIH2.2020",1127,1127,-0.041448012544074,"ok"
"DAP","VEG","FPC5","FPC5_VEG","WIH2.2021",1137,1137,-0.00568090983052638,"ok"
"DAP","VEG","FPC5","FPC5_VEG","WIH3.2020",415,415,0.0261292483299413,"ok"
"DAP","VEG","FPC5","FPC5_VEG","WIH3.2021",397,397,0.138525839880996,"ok"
"AGDD","BCC","FPC1","FPC1_BCC","DEH1.2020",1142,1142,0.207392533157811,"ok"
"AGDD","BCC","FPC1","FPC1_BCC","IAH4.2021",1128,1128,0.14503800765512,"ok"
"AGDD","BCC","FPC1","FPC1_BCC","MIH1.2020",414,414,-0.161978575319517,"ok"
"AGDD","BCC","FPC1","FPC1_BCC","MNH1.2020",395,395,-0.277946754024897,"ok"
"AGDD","BCC","FPC1","FPC1_BCC","MNH1.2021",415,415,-0.0994121779905685,"ok"
"AGDD","BCC","FPC1","FPC1_BCC","MOH1.2020",1006,1006,-0.0680907550733904,"ok"
"AGDD","BCC","FPC1","FPC1_BCC","NEH1.2021",246,246,0.0535824621009863,"ok"
"AGDD","BCC","FPC1","FPC1_BCC","TXH1.2020",246,246,0.100859524889167,"ok"
"AGDD","BCC","FPC1","FPC1_BCC","TXH1.2021",246,246,-0.0532323903146659,"ok"
"AGDD","BCC","FPC1","FPC1_BCC","TXH2.2020",246,246,-0.0103350449754729,"ok"
"AGDD","BCC","FPC1","FPC1_BCC","TXH2.2021",246,246,0.307747862563626,"ok"
"AGDD","BCC","FPC1","FPC1_BCC","TXH3.2020",266,266,-0.0933931877952522,"ok"
"AGDD","BCC","FPC1","FPC1_BCC","TXH3.2021",245,245,0.267240496642566,"ok"
"AGDD","BCC","FPC1","FPC1_BCC","WIH1.2020",394,394,-0.0020755309932651,"ok"
"AGDD","BCC","FPC1","FPC1_BCC","WIH1.2021",398,398,-0.210847174774824,"ok"
"AGDD","BCC","FPC1","FPC1_BCC","WIH2.2020",1127,1127,-0.0194078115238265,"ok"
"AGDD","BCC","FPC1","FPC1_BCC","WIH2.2021",1137,1137,-0.0146908213710234,"ok"
"AGDD","BCC","FPC1","FPC1_BCC","WIH3.2020",415,415,0.09842401945319,"ok"
"AGDD","BCC","FPC1","FPC1_BCC","WIH3.2021",397,397,-0.00133375144273213,"ok"
"AGDD","BCC","FPC2","FPC2_BCC","DEH1.2020",1142,1142,0.26465595726757,"ok"
"AGDD","BCC","FPC2","FPC2_BCC","IAH4.2021",1128,1128,0.142802193595998,"ok"
"AGDD","BCC","FPC2","FPC2_BCC","MIH1.2020",414,414,-0.103997856143175,"ok"
"AGDD","BCC","FPC2","FPC2_BCC","MNH1.2020",395,395,-0.356603805221917,"ok"
"AGDD","BCC","FPC2","FPC2_BCC","MNH1.2021",415,415,-0.166533646526572,"ok"
"AGDD","BCC","FPC2","FPC2_BCC","MOH1.2020",1006,1006,-0.0578814600001717,"ok"
"AGDD","BCC","FPC2","FPC2_BCC","NEH1.2021",246,246,-0.0241878013834129,"ok"
"AGDD","BCC","FPC2","FPC2_BCC","TXH1.2020",246,246,-0.10975167751536,"ok"
"AGDD","BCC","FPC2","FPC2_BCC","TXH1.2021",246,246,0.230740711017687,"ok"
"AGDD","BCC","FPC2","FPC2_BCC","TXH2.2020",246,246,0.0269914905608746,"ok"
"AGDD","BCC","FPC2","FPC2_BCC","TXH2.2021",246,246,0.0638351306968192,"ok"
"AGDD","BCC","FPC2","FPC2_BCC","TXH3.2020",266,266,-0.0234560274295104,"ok"
"AGDD","BCC","FPC2","FPC2_BCC","TXH3.2021",245,245,0.186698081537424,"ok"
"AGDD","BCC","FPC2","FPC2_BCC","WIH1.2020",394,394,-0.187662457109622,"ok"
"AGDD","BCC","FPC2","FPC2_BCC","WIH1.2021",398,398,-0.202016049476117,"ok"
"AGDD","BCC","FPC2","FPC2_BCC","WIH2.2020",1127,1127,-0.0782433100346597,"ok"
"AGDD","BCC","FPC2","FPC2_BCC","WIH2.2021",1137,1137,-0.0687615787059854,"ok"
"AGDD","BCC","FPC2","FPC2_BCC","WIH3.2020",415,415,0.0819281036102562,"ok"
"AGDD","BCC","FPC2","FPC2_BCC","WIH3.2021",397,397,0.036019857279211,"ok"
"AGDD","BCC","FPC3","FPC3_BCC","DEH1.2020",1142,1142,-0.136371446703504,"ok"
"AGDD","BCC","FPC3","FPC3_BCC","IAH4.2021",1128,1128,0.000192959894361198,"ok"
"AGDD","BCC","FPC3","FPC3_BCC","MIH1.2020",414,414,-0.0853785394156747,"ok"
"AGDD","BCC","FPC3","FPC3_BCC","MNH1.2020",395,395,0.232439159429313,"ok"
"AGDD","BCC","FPC3","FPC3_BCC","MNH1.2021",415,415,0.0968842831917372,"ok"
"AGDD","BCC","FPC3","FPC3_BCC","MOH1.2020",1006,1006,0.240602403391898,"ok"
"AGDD","BCC","FPC3","FPC3_BCC","NEH1.2021",246,246,0.0594690357833276,"ok"
"AGDD","BCC","FPC3","FPC3_BCC","TXH1.2020",246,246,0.106073208660227,"ok"
"AGDD","BCC","FPC3","FPC3_BCC","TXH1.2021",246,246,-0.287707670330906,"ok"
"AGDD","BCC","FPC3","FPC3_BCC","TXH2.2020",246,246,-0.0357439405867622,"ok"
"AGDD","BCC","FPC3","FPC3_BCC","TXH2.2021",246,246,0.341714360352383,"ok"
"AGDD","BCC","FPC3","FPC3_BCC","TXH3.2020",266,266,-0.196813221107373,"ok"
"AGDD","BCC","FPC3","FPC3_BCC","TXH3.2021",245,245,-0.274564875154353,"ok"
"AGDD","BCC","FPC3","FPC3_BCC","WIH1.2020",394,394,-0.0501778920680145,"ok"
"AGDD","BCC","FPC3","FPC3_BCC","WIH1.2021",398,398,-0.123759930191437,"ok"
"AGDD","BCC","FPC3","FPC3_BCC","WIH2.2020",1127,1127,0.00807539747857045,"ok"
"AGDD","BCC","FPC3","FPC3_BCC","WIH2.2021",1137,1137,-0.0591050801291421,"ok"
"AGDD","BCC","FPC3","FPC3_BCC","WIH3.2020",415,415,-0.0406382855251059,"ok"
"AGDD","BCC","FPC3","FPC3_BCC","WIH3.2021",397,397,0.201276011868869,"ok"
"AGDD","BCC","FPC4","FPC4_BCC","DEH1.2020",1142,1142,0.274332700229033,"ok"
"AGDD","BCC","FPC4","FPC4_BCC","IAH4.2021",1128,1128,-0.03107921718557,"ok"
"AGDD","BCC","FPC4","FPC4_BCC","MIH1.2020",414,414,-0.0987152514872161,"ok"
"AGDD","BCC","FPC4","FPC4_BCC","MNH1.2020",395,395,-0.350961436956638,"ok"
"AGDD","BCC","FPC4","FPC4_BCC","MNH1.2021",415,415,-0.132158801467243,"ok"
"AGDD","BCC","FPC4","FPC4_BCC","MOH1.2020",1006,1006,-0.267913153485151,"ok"
"AGDD","BCC","FPC4","FPC4_BCC","NEH1.2021",246,246,-0.0138494622921589,"ok"
"AGDD","BCC","FPC4","FPC4_BCC","TXH1.2020",246,246,0.220212911231574,"ok"
"AGDD","BCC","FPC4","FPC4_BCC","TXH1.2021",246,246,0.177136855174748,"ok"
"AGDD","BCC","FPC4","FPC4_BCC","TXH2.2020",246,246,0.093136376773699,"ok"
"AGDD","BCC","FPC4","FPC4_BCC","TXH2.2021",246,246,-0.26497361606333,"ok"
"AGDD","BCC","FPC4","FPC4_BCC","TXH3.2020",266,266,0.144757681448418,"ok"
"AGDD","BCC","FPC4","FPC4_BCC","TXH3.2021",245,245,0.396587446543768,"ok"
"AGDD","BCC","FPC4","FPC4_BCC","WIH1.2020",394,394,-0.103924973805415,"ok"
"AGDD","BCC","FPC4","FPC4_BCC","WIH1.2021",398,398,0.155097736391946,"ok"
"AGDD","BCC","FPC4","FPC4_BCC","WIH2.2020",1127,1127,-0.028199833770805,"ok"
"AGDD","BCC","FPC4","FPC4_BCC","WIH2.2021",1137,1137,0.154493500782652,"ok"
"AGDD","BCC","FPC4","FPC4_BCC","WIH3.2020",415,415,0.0247853214382311,"ok"
"AGDD","BCC","FPC4","FPC4_BCC","WIH3.2021",397,397,-0.215958204747043,"ok"
"AGDD","BCC","FPC5","FPC5_BCC","DEH1.2020",1142,1142,0.0910093632430082,"ok"
"AGDD","BCC","FPC5","FPC5_BCC","IAH4.2021",1128,1128,0.147106278563605,"ok"
"AGDD","BCC","FPC5","FPC5_BCC","MIH1.2020",414,414,-0.271965543408946,"ok"
"AGDD","BCC","FPC5","FPC5_BCC","MNH1.2020",395,395,-0.274706687667629,"ok"
"AGDD","BCC","FPC5","FPC5_BCC","MNH1.2021",415,415,-0.137628175130104,"ok"
"AGDD","BCC","FPC5","FPC5_BCC","MOH1.2020",1006,1006,-0.139376209582879,"ok"
"AGDD","BCC","FPC5","FPC5_BCC","NEH1.2021",246,246,0.134142029505723,"ok"
"AGDD","BCC","FPC5","FPC5_BCC","TXH1.2020",246,246,0.31918488864392,"ok"
"AGDD","BCC","FPC5","FPC5_BCC","TXH1.2021",246,246,0.224560471408047,"ok"
"AGDD","BCC","FPC5","FPC5_BCC","TXH2.2020",246,246,0.0520560326535322,"ok"
"AGDD","BCC","FPC5","FPC5_BCC","TXH2.2021",246,246,0.123696608449533,"ok"
"AGDD","BCC","FPC5","FPC5_BCC","TXH3.2020",266,266,-0.186231182374402,"ok"
"AGDD","BCC","FPC5","FPC5_BCC","TXH3.2021",245,245,0.277720353392338,"ok"
"AGDD","BCC","FPC5","FPC5_BCC","WIH1.2020",394,394,-0.0718229738417604,"ok"
"AGDD","BCC","FPC5","FPC5_BCC","WIH1.2021",398,398,0.0651472950809402,"ok"
"AGDD","BCC","FPC5","FPC5_BCC","WIH2.2020",1127,1127,-0.00993930448919512,"ok"
"AGDD","BCC","FPC5","FPC5_BCC","WIH2.2021",1137,1137,0.133548313685276,"ok"
"AGDD","BCC","FPC5","FPC5_BCC","WIH3.2020",415,415,-0.00425092000766952,"ok"
"AGDD","BCC","FPC5","FPC5_BCC","WIH3.2021",397,397,-0.0669706904914224,"ok"
"AGDD","BCC","FPC6","FPC6_BCC","DEH1.2020",1142,1142,-0.16998597566593,"ok"
"AGDD","BCC","FPC6","FPC6_BCC","IAH4.2021",1128,1128,0.14819908360467,"ok"
"AGDD","BCC","FPC6","FPC6_BCC","MIH1.2020",414,414,0.00941406608809217,"ok"
"AGDD","BCC","FPC6","FPC6_BCC","MNH1.2020",395,395,0.203593025931881,"ok"
"AGDD","BCC","FPC6","FPC6_BCC","MNH1.2021",415,415,0.0522147496109786,"ok"
"AGDD","BCC","FPC6","FPC6_BCC","MOH1.2020",1006,1006,0.07607562061057,"ok"
"AGDD","BCC","FPC6","FPC6_BCC","NEH1.2021",246,246,0.0974495350355273,"ok"
"AGDD","BCC","FPC6","FPC6_BCC","TXH1.2020",246,246,0.0332552000564378,"ok"
"AGDD","BCC","FPC6","FPC6_BCC","TXH1.2021",246,246,-0.0978589337968802,"ok"
"AGDD","BCC","FPC6","FPC6_BCC","TXH2.2020",246,246,-0.104944149736406,"ok"
"AGDD","BCC","FPC6","FPC6_BCC","TXH2.2021",246,246,0.182850553823042,"ok"
"AGDD","BCC","FPC6","FPC6_BCC","TXH3.2020",266,266,-0.153096873466808,"ok"
"AGDD","BCC","FPC6","FPC6_BCC","TXH3.2021",245,245,0.00496803208420433,"ok"
"AGDD","BCC","FPC6","FPC6_BCC","WIH1.2020",394,394,0.0470542009308699,"ok"
"AGDD","BCC","FPC6","FPC6_BCC","WIH1.2021",398,398,-0.0417404293112645,"ok"
"AGDD","BCC","FPC6","FPC6_BCC","WIH2.2020",1127,1127,-0.0480470070902906,"ok"
"AGDD","BCC","FPC6","FPC6_BCC","WIH2.2021",1137,1137,-0.0680426376676036,"ok"
"AGDD","BCC","FPC6","FPC6_BCC","WIH3.2020",415,415,-0.0526069016273448,"ok"
"AGDD","BCC","FPC6","FPC6_BCC","WIH3.2021",397,397,0.194951590910208,"ok"
"AGDD","BCC","FPC7","FPC7_BCC","DEH1.2020",1142,1142,0.118910466281869,"ok"
"AGDD","BCC","FPC7","FPC7_BCC","IAH4.2021",1128,1128,-0.0108763900809111,"ok"
"AGDD","BCC","FPC7","FPC7_BCC","MIH1.2020",414,414,-0.0172891479490226,"ok"
"AGDD","BCC","FPC7","FPC7_BCC","MNH1.2020",395,395,0.0254325020634874,"ok"
"AGDD","BCC","FPC7","FPC7_BCC","MNH1.2021",415,415,0.027644872222991,"ok"
"AGDD","BCC","FPC7","FPC7_BCC","MOH1.2020",1006,1006,-0.0805880672348381,"ok"
"AGDD","BCC","FPC7","FPC7_BCC","NEH1.2021",246,246,-0.104104502441159,"ok"
"AGDD","BCC","FPC7","FPC7_BCC","TXH1.2020",246,246,-0.0936877854653208,"ok"
"AGDD","BCC","FPC7","FPC7_BCC","TXH1.2021",246,246,-0.272434114398212,"ok"
"AGDD","BCC","FPC7","FPC7_BCC","TXH2.2020",246,246,0.180707257918369,"ok"
"AGDD","BCC","FPC7","FPC7_BCC","TXH2.2021",246,246,0.0425901125606103,"ok"
"AGDD","BCC","FPC7","FPC7_BCC","TXH3.2020",266,266,0.0911943112797839,"ok"
"AGDD","BCC","FPC7","FPC7_BCC","TXH3.2021",245,245,-0.335696004740233,"ok"
"AGDD","BCC","FPC7","FPC7_BCC","WIH1.2020",394,394,-0.0896224656120788,"ok"
"AGDD","BCC","FPC7","FPC7_BCC","WIH1.2021",398,398,0.209526423071439,"ok"
"AGDD","BCC","FPC7","FPC7_BCC","WIH2.2020",1127,1127,0.00959546731126995,"ok"
"AGDD","BCC","FPC7","FPC7_BCC","WIH2.2021",1137,1137,-0.0663925362721288,"ok"
"AGDD","BCC","FPC7","FPC7_BCC","WIH3.2020",415,415,-0.0834903025912974,"ok"
"AGDD","BCC","FPC7","FPC7_BCC","WIH3.2021",397,397,-0.130051728325501,"ok"
"AGDD","BGI","FPC1","FPC1_BGI","DEH1.2020",1142,1142,0.154277995822029,"ok"
"AGDD","BGI","FPC1","FPC1_BGI","IAH4.2021",1128,1128,-0.0642450340394932,"ok"
"AGDD","BGI","FPC1","FPC1_BGI","MIH1.2020",414,414,-0.118744254031314,"ok"
"AGDD","BGI","FPC1","FPC1_BGI","MNH1.2020",395,395,-0.105590710755238,"ok"
"AGDD","BGI","FPC1","FPC1_BGI","MNH1.2021",415,415,0.0487963454739012,"ok"
"AGDD","BGI","FPC1","FPC1_BGI","MOH1.2020",1006,1006,-0.23941724156801,"ok"
"AGDD","BGI","FPC1","FPC1_BGI","NEH1.2021",246,246,0.00228279140352434,"ok"
"AGDD","BGI","FPC1","FPC1_BGI","TXH1.2020",246,246,0.116942463555074,"ok"
"AGDD","BGI","FPC1","FPC1_BGI","TXH1.2021",246,246,-0.147515442226629,"ok"
"AGDD","BGI","FPC1","FPC1_BGI","TXH2.2020",246,246,0.0746620943822439,"ok"
"AGDD","BGI","FPC1","FPC1_BGI","TXH2.2021",246,246,0.286041651014817,"ok"
"AGDD","BGI","FPC1","FPC1_BGI","TXH3.2020",266,266,0.0465243277419792,"ok"
"AGDD","BGI","FPC1","FPC1_BGI","TXH3.2021",245,245,-0.200728588926217,"ok"
"AGDD","BGI","FPC1","FPC1_BGI","WIH1.2020",394,394,-0.0558489717188445,"ok"
"AGDD","BGI","FPC1","FPC1_BGI","WIH1.2021",398,398,-0.000865697078337494,"ok"
"AGDD","BGI","FPC1","FPC1_BGI","WIH2.2020",1127,1127,0.010163127444593,"ok"
"AGDD","BGI","FPC1","FPC1_BGI","WIH2.2021",1137,1137,-0.00667464296401182,"ok"
"AGDD","BGI","FPC1","FPC1_BGI","WIH3.2020",415,415,0.0039563831249952,"ok"
"AGDD","BGI","FPC1","FPC1_BGI","WIH3.2021",397,397,-0.0411626823813198,"ok"
"AGDD","BGI","FPC2","FPC2_BGI","DEH1.2020",1142,1142,-0.0867444829926398,"ok"
"AGDD","BGI","FPC2","FPC2_BGI","IAH4.2021",1128,1128,-0.0827847491790835,"ok"
"AGDD","BGI","FPC2","FPC2_BGI","MIH1.2020",414,414,-0.121029943619021,"ok"
"AGDD","BGI","FPC2","FPC2_BGI","MNH1.2020",395,395,0.109912617875001,"ok"
"AGDD","BGI","FPC2","FPC2_BGI","MNH1.2021",415,415,0.0925637718505522,"ok"
"AGDD","BGI","FPC2","FPC2_BGI","MOH1.2020",1006,1006,0.275904555800896,"ok"
"AGDD","BGI","FPC2","FPC2_BGI","NEH1.2021",246,246,0.0125858085284042,"ok"
"AGDD","BGI","FPC2","FPC2_BGI","TXH1.2020",246,246,0.043168580998933,"ok"
"AGDD","BGI","FPC2","FPC2_BGI","TXH1.2021",246,246,-0.21405515106549,"ok"
"AGDD","BGI","FPC2","FPC2_BGI","TXH2.2020",246,246,-0.108042334569026,"ok"
"AGDD","BGI","FPC2","FPC2_BGI","TXH2.2021",246,246,0.320803495802348,"ok"
"AGDD","BGI","FPC2","FPC2_BGI","TXH3.2020",266,266,-0.199720960139111,"ok"
"AGDD","BGI","FPC2","FPC2_BGI","TXH3.2021",245,245,-0.226498243987382,"ok"
"AGDD","BGI","FPC2","FPC2_BGI","WIH1.2020",394,394,-0.0806790846320685,"ok"
"AGDD","BGI","FPC2","FPC2_BGI","WIH1.2021",398,398,-0.203664210980367,"ok"
"AGDD","BGI","FPC2","FPC2_BGI","WIH2.2020",1127,1127,0.00166651931331375,"ok"
"AGDD","BGI","FPC2","FPC2_BGI","WIH2.2021",1137,1137,0.00986532172841155,"ok"
"AGDD","BGI","FPC2","FPC2_BGI","WIH3.2020",415,415,0.00882855577147426,"ok"
"AGDD","BGI","FPC2","FPC2_BGI","WIH3.2021",397,397,0.143175888244913,"ok"
"AGDD","BGI","FPC3","FPC3_BGI","DEH1.2020",1142,1142,0.210974514849823,"ok"
"AGDD","BGI","FPC3","FPC3_BGI","IAH4.2021",1128,1128,0.0704437722758727,"ok"
"AGDD","BGI","FPC3","FPC3_BGI","MIH1.2020",414,414,-0.216114395617886,"ok"
"AGDD","BGI","FPC3","FPC3_BGI","MNH1.2020",395,395,-0.411842847579622,"ok"
"AGDD","BGI","FPC3","FPC3_BGI","MNH1.2021",415,415,-0.205464620174068,"ok"
"AGDD","BGI","FPC3","FPC3_BGI","MOH1.2020",1006,1006,-0.142713379904642,"ok"
"AGDD","BGI","FPC3","FPC3_BGI","NEH1.2021",246,246,-0.0337545423032248,"ok"
"AGDD","BGI","FPC3","FPC3_BGI","TXH1.2020",246,246,-0.305226829586307,"ok"
"AGDD","BGI","FPC3","FPC3_BGI","TXH1.2021",246,246,0.0879871509116806,"ok"
"AGDD","BGI","FPC3","FPC3_BGI","TXH2.2020",246,246,-0.121843833206389,"ok"
"AGDD","BGI","FPC3","FPC3_BGI","TXH2.2021",246,246,0.114331840846009,"ok"
"AGDD","BGI","FPC3","FPC3_BGI","TXH3.2020",266,266,-0.0662847900474548,"ok"
"AGDD","BGI","FPC3","FPC3_BGI","TXH3.2021",245,245,0.0258040736809756,"ok"
"AGDD","BGI","FPC3","FPC3_BGI","WIH1.2020",394,394,-0.266618617548413,"ok"
"AGDD","BGI","FPC3","FPC3_BGI","WIH1.2021",398,398,-0.248037127808043,"ok"
"AGDD","BGI","FPC3","FPC3_BGI","WIH2.2020",1127,1127,-0.0947052040887028,"ok"
"AGDD","BGI","FPC3","FPC3_BGI","WIH2.2021",1137,1137,-0.0424193603329407,"ok"
"AGDD","BGI","FPC3","FPC3_BGI","WIH3.2020",415,415,0.0421424938489642,"ok"
"AGDD","BGI","FPC3","FPC3_BGI","WIH3.2021",397,397,-0.100825426388427,"ok"
"AGDD","BGI","FPC4","FPC4_BGI","DEH1.2020",1142,1142,-0.183885880471251,"ok"
"AGDD","BGI","FPC4","FPC4_BGI","IAH4.2021",1128,1128,0.113751931537819,"ok"
"AGDD","BGI","FPC4","FPC4_BGI","MIH1.2020",414,414,0.0461590424608902,"ok"
"AGDD","BGI","FPC4","FPC4_BGI","MNH1.2020",395,395,0.320177956053705,"ok"
"AGDD","BGI","FPC4","FPC4_BGI","MNH1.2021",415,415,0.114089733806947,"ok"
"AGDD","BGI","FPC4","FPC4_BGI","MOH1.2020",1006,1006,0.178927116643973,"ok"
"AGDD","BGI","FPC4","FPC4_BGI","NEH1.2021",246,246,0.0374335617710964,"ok"
"AGDD","BGI","FPC4","FPC4_BGI","TXH1.2020",246,246,0.146414507762542,"ok"
"AGDD","BGI","FPC4","FPC4_BGI","TXH1.2021",246,246,-0.175878447451989,"ok"
"AGDD","BGI","FPC4","FPC4_BGI","TXH2.2020",246,246,-0.0626885513043011,"ok"
"AGDD","BGI","FPC4","FPC4_BGI","TXH2.2021",246,246,0.232762413894825,"ok"
"AGDD","BGI","FPC4","FPC4_BGI","TXH3.2020",266,266,-0.161591945305245,"ok"
"AGDD","BGI","FPC4","FPC4_BGI","TXH3.2021",245,245,-0.266237381480147,"ok"
"AGDD","BGI","FPC4","FPC4_BGI","WIH1.2020",394,394,0.18655343772794,"ok"
"AGDD","BGI","FPC4","FPC4_BGI","WIH1.2021",398,398,-0.0822951550594035,"ok"
"AGDD","BGI","FPC4","FPC4_BGI","WIH2.2020",1127,1127,0.0440690127198266,"ok"
"AGDD","BGI","FPC4","FPC4_BGI","WIH2.2021",1137,1137,-0.0137503570389378,"ok"
"AGDD","BGI","FPC4","FPC4_BGI","WIH3.2020",415,415,-0.013601047823456,"ok"
"AGDD","BGI","FPC4","FPC4_BGI","WIH3.2021",397,397,0.204873778470224,"ok"
"AGDD","BGI","FPC5","FPC5_BGI","DEH1.2020",1142,1142,0.384174093136414,"ok"
"AGDD","BGI","FPC5","FPC5_BGI","IAH4.2021",1128,1128,0.0141801398877139,"ok"
"AGDD","BGI","FPC5","FPC5_BGI","MIH1.2020",414,414,-0.0649943933729174,"ok"
"AGDD","BGI","FPC5","FPC5_BGI","MNH1.2020",395,395,-0.369604397744907,"ok"
"AGDD","BGI","FPC5","FPC5_BGI","MNH1.2021",415,415,-0.203279885031556,"ok"
"AGDD","BGI","FPC5","FPC5_BGI","MOH1.2020",1006,1006,-0.246507265961594,"ok"
"AGDD","BGI","FPC5","FPC5_BGI","NEH1.2021",246,246,0.0586764108887961,"ok"
"AGDD","BGI","FPC5","FPC5_BGI","TXH1.2020",246,246,0.296070496569793,"ok"
"AGDD","BGI","FPC5","FPC5_BGI","TXH1.2021",246,246,0.244983582858588,"ok"
"AGDD","BGI","FPC5","FPC5_BGI","TXH2.2020",246,246,0.112651369192293,"ok"
"AGDD","BGI","FPC5","FPC5_BGI","TXH2.2021",246,246,-0.240625070014793,"ok"
"AGDD","BGI","FPC5","FPC5_BGI","TXH3.2020",266,266,-0.0290018781196752,"ok"
"AGDD","BGI","FPC5","FPC5_BGI","TXH3.2021",245,245,0.113335334866352,"ok"
"AGDD","BGI","FPC5","FPC5_BGI","WIH1.2020",394,394,-0.106195703107831,"ok"
"AGDD","BGI","FPC5","FPC5_BGI","WIH1.2021",398,398,0.0693438681898362,"ok"
"AGDD","BGI","FPC5","FPC5_BGI","WIH2.2020",1127,1127,-0.0164047134884666,"ok"
"AGDD","BGI","FPC5","FPC5_BGI","WIH2.2021",1137,1137,0.0738344356297619,"ok"
"AGDD","BGI","FPC5","FPC5_BGI","WIH3.2020",415,415,0.0129964918725025,"ok"
"AGDD","BGI","FPC5","FPC5_BGI","WIH3.2021",397,397,-0.118093796608914,"ok"
"AGDD","BGI","FPC6","FPC6_BGI","DEH1.2020",1142,1142,-0.078688859076336,"ok"
"AGDD","BGI","FPC6","FPC6_BGI","IAH4.2021",1128,1128,0.132095530036195,"ok"
"AGDD","BGI","FPC6","FPC6_BGI","MIH1.2020",414,414,-0.131925879336984,"ok"
"AGDD","BGI","FPC6","FPC6_BGI","MNH1.2020",395,395,0.133230672930748,"ok"
"AGDD","BGI","FPC6","FPC6_BGI","MNH1.2021",415,415,0.0519936794412032,"ok"
"AGDD","BGI","FPC6","FPC6_BGI","MOH1.2020",1006,1006,-0.126919854218236,"ok"
"AGDD","BGI","FPC6","FPC6_BGI","NEH1.2021",246,246,-0.0551558652040667,"ok"
"AGDD","BGI","FPC6","FPC6_BGI","TXH1.2020",246,246,0.00782553832024833,"ok"
"AGDD","BGI","FPC6","FPC6_BGI","TXH1.2021",246,246,0.00630131088680698,"ok"
"AGDD","BGI","FPC6","FPC6_BGI","TXH2.2020",246,246,-0.261654846740488,"ok"
"AGDD","BGI","FPC6","FPC6_BGI","TXH2.2021",246,246,0.00682579683623711,"ok"
"AGDD","BGI","FPC6","FPC6_BGI","TXH3.2020",266,266,-0.26328029808419,"ok"
"AGDD","BGI","FPC6","FPC6_BGI","TXH3.2021",245,245,-0.129059274474935,"ok"
"AGDD","BGI","FPC6","FPC6_BGI","WIH1.2020",394,394,0.133985598703953,"ok"
"AGDD","BGI","FPC6","FPC6_BGI","WIH1.2021",398,398,-0.0317639645089709,"ok"
"AGDD","BGI","FPC6","FPC6_BGI","WIH2.2020",1127,1127,-0.0491190775146364,"ok"
"AGDD","BGI","FPC6","FPC6_BGI","WIH2.2021",1137,1137,0.0677573127276101,"ok"
"AGDD","BGI","FPC6","FPC6_BGI","WIH3.2020",415,415,0.0425111001475619,"ok"
"AGDD","BGI","FPC6","FPC6_BGI","WIH3.2021",397,397,0.155843810008518,"ok"
"AGDD","BGI","FPC7","FPC7_BGI","DEH1.2020",1142,1142,-0.0539186883941945,"ok"
"AGDD","BGI","FPC7","FPC7_BGI","IAH4.2021",1128,1128,-0.0658328138799693,"ok"
"AGDD","BGI","FPC7","FPC7_BGI","MIH1.2020",414,414,-0.321053045701565,"ok"
"AGDD","BGI","FPC7","FPC7_BGI","MNH1.2020",395,395,-0.129077137117435,"ok"
"AGDD","BGI","FPC7","FPC7_BGI","MNH1.2021",415,415,-0.115654437422352,"ok"
"AGDD","BGI","FPC7","FPC7_BGI","MOH1.2020",1006,1006,-0.0320512903207306,"ok"
"AGDD","BGI","FPC7","FPC7_BGI","NEH1.2021",246,246,-0.0960281703097791,"ok"
"AGDD","BGI","FPC7","FPC7_BGI","TXH1.2020",246,246,-0.162592017206268,"ok"
"AGDD","BGI","FPC7","FPC7_BGI","TXH1.2021",246,246,0.00484782834922414,"ok"
"AGDD","BGI","FPC7","FPC7_BGI","TXH2.2020",246,246,-0.188014685479803,"ok"
"AGDD","BGI","FPC7","FPC7_BGI","TXH2.2021",246,246,-0.121058861899647,"ok"
"AGDD","BGI","FPC7","FPC7_BGI","TXH3.2020",266,266,-0.169106175149617,"ok"
"AGDD","BGI","FPC7","FPC7_BGI","TXH3.2021",245,245,-0.0151682353475051,"ok"
"AGDD","BGI","FPC7","FPC7_BGI","WIH1.2020",394,394,-0.0958972104062852,"ok"
"AGDD","BGI","FPC7","FPC7_BGI","WIH1.2021",398,398,-0.017655059268018,"ok"
"AGDD","BGI","FPC7","FPC7_BGI","WIH2.2020",1127,1127,-0.0256517700819142,"ok"
"AGDD","BGI","FPC7","FPC7_BGI","WIH2.2021",1137,1137,0.048817696903902,"ok"
"AGDD","BGI","FPC7","FPC7_BGI","WIH3.2020",415,415,0.0202809905460789,"ok"
"AGDD","BGI","FPC7","FPC7_BGI","WIH3.2021",397,397,0.00928315071519254,"ok"
"AGDD","BGI_new","FPC1","FPC1_BGI_new","DEH1.2020",1142,1142,0.154277960642325,"ok"
"AGDD","BGI_new","FPC1","FPC1_BGI_new","IAH4.2021",1128,1128,-0.0642449019756798,"ok"
"AGDD","BGI_new","FPC1","FPC1_BGI_new","MIH1.2020",414,414,-0.118744266891645,"ok"
"AGDD","BGI_new","FPC1","FPC1_BGI_new","MNH1.2020",395,395,-0.105590606258776,"ok"
"AGDD","BGI_new","FPC1","FPC1_BGI_new","MNH1.2021",415,415,0.048796377355735,"ok"
"AGDD","BGI_new","FPC1","FPC1_BGI_new","MOH1.2020",1006,1006,-0.239417120193401,"ok"
"AGDD","BGI_new","FPC1","FPC1_BGI_new","NEH1.2021",246,246,0.00228279687149353,"ok"
"AGDD","BGI_new","FPC1","FPC1_BGI_new","TXH1.2020",246,246,0.116942563753163,"ok"
"AGDD","BGI_new","FPC1","FPC1_BGI_new","TXH1.2021",246,246,-0.147515433911807,"ok"
"AGDD","BGI_new","FPC1","FPC1_BGI_new","TXH2.2020",246,246,0.0746621407071875,"ok"
"AGDD","BGI_new","FPC1","FPC1_BGI_new","TXH2.2021",246,246,0.286041650132558,"ok"
"AGDD","BGI_new","FPC1","FPC1_BGI_new","TXH3.2020",266,266,0.0465243143901433,"ok"
"AGDD","BGI_new","FPC1","FPC1_BGI_new","TXH3.2021",245,245,-0.200728223775504,"ok"
"AGDD","BGI_new","FPC1","FPC1_BGI_new","WIH1.2020",394,394,-0.0558489257660368,"ok"
"AGDD","BGI_new","FPC1","FPC1_BGI_new","WIH1.2021",398,398,-0.000865685217717346,"ok"
"AGDD","BGI_new","FPC1","FPC1_BGI_new","WIH2.2020",1127,1127,0.0101631371653415,"ok"
"AGDD","BGI_new","FPC1","FPC1_BGI_new","WIH2.2021",1137,1137,-0.00667451814732768,"ok"
"AGDD","BGI_new","FPC1","FPC1_BGI_new","WIH3.2020",415,415,0.00395637891735969,"ok"
"AGDD","BGI_new","FPC1","FPC1_BGI_new","WIH3.2021",397,397,-0.0411626723443956,"ok"
"AGDD","BGI_new","FPC2","FPC2_BGI_new","DEH1.2020",1142,1142,-0.0867444424989595,"ok"
"AGDD","BGI_new","FPC2","FPC2_BGI_new","IAH4.2021",1128,1128,-0.0827846604559973,"ok"
"AGDD","BGI_new","FPC2","FPC2_BGI_new","MIH1.2020",414,414,-0.121029948868578,"ok"
"AGDD","BGI_new","FPC2","FPC2_BGI_new","MNH1.2020",395,395,0.109912594965454,"ok"
"AGDD","BGI_new","FPC2","FPC2_BGI_new","MNH1.2021",415,415,0.0925637491206041,"ok"
"AGDD","BGI_new","FPC2","FPC2_BGI_new","MOH1.2020",1006,1006,0.27590447050313,"ok"
"AGDD","BGI_new","FPC2","FPC2_BGI_new","NEH1.2021",246,246,0.0125858083880679,"ok"
"AGDD","BGI_new","FPC2","FPC2_BGI_new","TXH1.2020",246,246,0.0431687218677513,"ok"
"AGDD","BGI_new","FPC2","FPC2_BGI_new","TXH1.2021",246,246,-0.21405512320549,"ok"
"AGDD","BGI_new","FPC2","FPC2_BGI_new","TXH2.2020",246,246,-0.10804234474561,"ok"
"AGDD","BGI_new","FPC2","FPC2_BGI_new","TXH2.2021",246,246,0.320803493807911,"ok"
"AGDD","BGI_new","FPC2","FPC2_BGI_new","TXH3.2020",266,266,-0.199720975963184,"ok"
"AGDD","BGI_new","FPC2","FPC2_BGI_new","TXH3.2021",245,245,-0.226498298589808,"ok"
"AGDD","BGI_new","FPC2","FPC2_BGI_new","WIH1.2020",394,394,-0.080679110276686,"ok"
"AGDD","BGI_new","FPC2","FPC2_BGI_new","WIH1.2021",398,398,-0.203664226939879,"ok"
"AGDD","BGI_new","FPC2","FPC2_BGI_new","WIH2.2020",1127,1127,0.00166651655407103,"ok"
"AGDD","BGI_new","FPC2","FPC2_BGI_new","WIH2.2021",1137,1137,0.00986533810869615,"ok"
"AGDD","BGI_new","FPC2","FPC2_BGI_new","WIH3.2020",415,415,0.00882856010718383,"ok"
"AGDD","BGI_new","FPC2","FPC2_BGI_new","WIH3.2021",397,397,0.14317585704973,"ok"
"AGDD","BGI_new","FPC3","FPC3_BGI_new","DEH1.2020",1142,1142,0.210974470120078,"ok"
"AGDD","BGI_new","FPC3","FPC3_BGI_new","IAH4.2021",1128,1128,0.0704438142008081,"ok"
"AGDD","BGI_new","FPC3","FPC3_BGI_new","MIH1.2020",414,414,-0.216114321307668,"ok"
"AGDD","BGI_new","FPC3","FPC3_BGI_new","MNH1.2020",395,395,-0.411842850010156,"ok"
"AGDD","BGI_new","FPC3","FPC3_BGI_new","MNH1.2021",415,415,-0.205464616123664,"ok"
"AGDD","BGI_new","FPC3","FPC3_BGI_new","MOH1.2020",1006,1006,-0.142713294186153,"ok"
"AGDD","BGI_new","FPC3","FPC3_BGI_new","NEH1.2021",246,246,-0.0337545443437548,"ok"
"AGDD","BGI_new","FPC3","FPC3_BGI_new","TXH1.2020",246,246,-0.305226889817149,"ok"
"AGDD","BGI_new","FPC3","FPC3_BGI_new","TXH1.2021",246,246,0.0879871088029971,"ok"
"AGDD","BGI_new","FPC3","FPC3_BGI_new","TXH2.2020",246,246,-0.12184383845873,"ok"
"AGDD","BGI_new","FPC3","FPC3_BGI_new","TXH2.2021",246,246,0.114331883182576,"ok"
"AGDD","BGI_new","FPC3","FPC3_BGI_new","TXH3.2020",266,266,-0.0662847990175319,"ok"
"AGDD","BGI_new","FPC3","FPC3_BGI_new","TXH3.2021",245,245,0.0258038664025895,"ok"
"AGDD","BGI_new","FPC3","FPC3_BGI_new","WIH1.2020",394,394,-0.266618605129881,"ok"
"AGDD","BGI_new","FPC3","FPC3_BGI_new","WIH1.2021",398,398,-0.248037124998894,"ok"
"AGDD","BGI_new","FPC3","FPC3_BGI_new","WIH2.2020",1127,1127,-0.094705210369327,"ok"
"AGDD","BGI_new","FPC3","FPC3_BGI_new","WIH2.2021",1137,1137,-0.0424193569087895,"ok"
"AGDD","BGI_new","FPC3","FPC3_BGI_new","WIH3.2020",415,415,0.0421424788704093,"ok"
"AGDD","BGI_new","FPC3","FPC3_BGI_new","WIH3.2021",397,397,-0.1008253990587,"ok"
"AGDD","BGI_new","FPC4","FPC4_BGI_new","DEH1.2020",1142,1142,-0.18388600225626,"ok"
"AGDD","BGI_new","FPC4","FPC4_BGI_new","IAH4.2021",1128,1128,0.113751939103425,"ok"
"AGDD","BGI_new","FPC4","FPC4_BGI_new","MIH1.2020",414,414,0.0461590801134327,"ok"
"AGDD","BGI_new","FPC4","FPC4_BGI_new","MNH1.2020",395,395,0.320178126202962,"ok"
"AGDD","BGI_new","FPC4","FPC4_BGI_new","MNH1.2021",415,415,0.114089805088378,"ok"
"AGDD","BGI_new","FPC4","FPC4_BGI_new","MOH1.2020",1006,1006,0.178927230255998,"ok"
"AGDD","BGI_new","FPC4","FPC4_BGI_new","NEH1.2021",246,246,0.037433589728591,"ok"
"AGDD","BGI_new","FPC4","FPC4_BGI_new","TXH1.2020",246,246,0.146414707271975,"ok"
"AGDD","BGI_new","FPC4","FPC4_BGI_new","TXH1.2021",246,246,-0.175878463885268,"ok"
"AGDD","BGI_new","FPC4","FPC4_BGI_new","TXH2.2020",246,246,-0.0626884800990986,"ok"
"AGDD","BGI_new","FPC4","FPC4_BGI_new","TXH2.2021",246,246,0.232762408128326,"ok"
"AGDD","BGI_new","FPC4","FPC4_BGI_new","TXH3.2020",266,266,-0.161591890897045,"ok"
"AGDD","BGI_new","FPC4","FPC4_BGI_new","TXH3.2021",245,245,-0.266237282394365,"ok"
"AGDD","BGI_new","FPC4","FPC4_BGI_new","WIH1.2020",394,394,0.186553524139204,"ok"
"AGDD","BGI_new","FPC4","FPC4_BGI_new","WIH1.2021",398,398,-0.0822950937588331,"ok"
"AGDD","BGI_new","FPC4","FPC4_BGI_new","WIH2.2020",1127,1127,0.0440690355120603,"ok"
"AGDD","BGI_new","FPC4","FPC4_BGI_new","WIH2.2021",1137,1137,-0.0137504424202804,"ok"
"AGDD","BGI_new","FPC4","FPC4_BGI_new","WIH3.2020",415,415,-0.0136010611172644,"ok"
"AGDD","BGI_new","FPC4","FPC4_BGI_new","WIH3.2021",397,397,0.204873795751057,"ok"
"AGDD","BGI_new","FPC5","FPC5_BGI_new","DEH1.2020",1142,1142,0.384174138575395,"ok"
"AGDD","BGI_new","FPC5","FPC5_BGI_new","IAH4.2021",1128,1128,0.0141801784049285,"ok"
"AGDD","BGI_new","FPC5","FPC5_BGI_new","MIH1.2020",414,414,-0.0649944090861752,"ok"
"AGDD","BGI_new","FPC5","FPC5_BGI_new","MNH1.2020",395,395,-0.369604407643959,"ok"
"AGDD","BGI_new","FPC5","FPC5_BGI_new","MNH1.2021",415,415,-0.203279896141777,"ok"
"AGDD","BGI_new","FPC5","FPC5_BGI_new","MOH1.2020",1006,1006,-0.246507390589594,"ok"
"AGDD","BGI_new","FPC5","FPC5_BGI_new","NEH1.2021",246,246,0.0586763807654103,"ok"
"AGDD","BGI_new","FPC5","FPC5_BGI_new","TXH1.2020",246,246,0.296070469773192,"ok"
"AGDD","BGI_new","FPC5","FPC5_BGI_new","TXH1.2021",246,246,0.244983673127313,"ok"
"AGDD","BGI_new","FPC5","FPC5_BGI_new","TXH2.2020",246,246,0.112651351469646,"ok"
"AGDD","BGI_new","FPC5","FPC5_BGI_new","TXH2.2021",246,246,-0.240625090808583,"ok"
"AGDD","BGI_new","FPC5","FPC5_BGI_new","TXH3.2020",266,266,-0.0290018875796879,"ok"
"AGDD","BGI_new","FPC5","FPC5_BGI_new","TXH3.2021",245,245,0.113335304743395,"ok"
"AGDD","BGI_new","FPC5","FPC5_BGI_new","WIH1.2020",394,394,-0.106195727757609,"ok"
"AGDD","BGI_new","FPC5","FPC5_BGI_new","WIH1.2021",398,398,0.0693438465378609,"ok"
"AGDD","BGI_new","FPC5","FPC5_BGI_new","WIH2.2020",1127,1127,-0.0164047225643412,"ok"
"AGDD","BGI_new","FPC5","FPC5_BGI_new","WIH2.2021",1137,1137,0.0738344718479052,"ok"
"AGDD","BGI_new","FPC5","FPC5_BGI_new","WIH3.2020",415,415,0.0129964959758535,"ok"
"AGDD","BGI_new","FPC5","FPC5_BGI_new","WIH3.2021",397,397,-0.118093787491131,"ok"
"AGDD","BGI_new","FPC6","FPC6_BGI_new","DEH1.2020",1142,1142,-0.0786888321798406,"ok"
"AGDD","BGI_new","FPC6","FPC6_BGI_new","IAH4.2021",1128,1128,0.132095485232046,"ok"
"AGDD","BGI_new","FPC6","FPC6_BGI_new","MIH1.2020",414,414,-0.13192588247202,"ok"
"AGDD","BGI_new","FPC6","FPC6_BGI_new","MNH1.2020",395,395,0.13323067394057,"ok"
"AGDD","BGI_new","FPC6","FPC6_BGI_new","MNH1.2021",415,415,0.0519936649158851,"ok"
"AGDD","BGI_new","FPC6","FPC6_BGI_new","MOH1.2020",1006,1006,-0.126919998421439,"ok"
"AGDD","BGI_new","FPC6","FPC6_BGI_new","NEH1.2021",246,246,-0.0551558679023264,"ok"
"AGDD","BGI_new","FPC6","FPC6_BGI_new","TXH1.2020",246,246,0.00782559924480603,"ok"
"AGDD","BGI_new","FPC6","FPC6_BGI_new","TXH1.2021",246,246,0.0063013644901444,"ok"
"AGDD","BGI_new","FPC6","FPC6_BGI_new","TXH2.2020",246,246,-0.261654834198539,"ok"
"AGDD","BGI_new","FPC6","FPC6_BGI_new","TXH2.2021",246,246,0.00682574226311181,"ok"
"AGDD","BGI_new","FPC6","FPC6_BGI_new","TXH3.2020",266,266,-0.263280292176577,"ok"
"AGDD","BGI_new","FPC6","FPC6_BGI_new","TXH3.2021",245,245,-0.129059506832857,"ok"
"AGDD","BGI_new","FPC6","FPC6_BGI_new","WIH1.2020",394,394,0.133985621265029,"ok"
"AGDD","BGI_new","FPC6","FPC6_BGI_new","WIH1.2021",398,398,-0.0317639676647321,"ok"
"AGDD","BGI_new","FPC6","FPC6_BGI_new","WIH2.2020",1127,1127,-0.0491190672535629,"ok"
"AGDD","BGI_new","FPC6","FPC6_BGI_new","WIH2.2021",1137,1137,0.0677573590656133,"ok"
"AGDD","BGI_new","FPC6","FPC6_BGI_new","WIH3.2020",415,415,0.0425111056736105,"ok"
"AGDD","BGI_new","FPC6","FPC6_BGI_new","WIH3.2021",397,397,0.155843816467621,"ok"
"AGDD","BGI_new","FPC7","FPC7_BGI_new","DEH1.2020",1142,1142,-0.0539186460011997,"ok"
"AGDD","BGI_new","FPC7","FPC7_BGI_new","IAH4.2021",1128,1128,-0.0658330090167115,"ok"
"AGDD","BGI_new","FPC7","FPC7_BGI_new","MIH1.2020",414,414,-0.321053026492522,"ok"
"AGDD","BGI_new","FPC7","FPC7_BGI_new","MNH1.2020",395,395,-0.129077221966237,"ok"
"AGDD","BGI_new","FPC7","FPC7_BGI_new","MNH1.2021",415,415,-0.115654464927707,"ok"
"AGDD","BGI_new","FPC7","FPC7_BGI_new","MOH1.2020",1006,1006,-0.0320511750392425,"ok"
"AGDD","BGI_new","FPC7","FPC7_BGI_new","NEH1.2021",246,246,-0.0960281106938771,"ok"
"AGDD","BGI_new","FPC7","FPC7_BGI_new","TXH1.2020",246,246,-0.162592416585094,"ok"
"AGDD","BGI_new","FPC7","FPC7_BGI_new","TXH1.2021",246,246,0.00484787186425542,"ok"
"AGDD","BGI_new","FPC7","FPC7_BGI_new","TXH2.2020",246,246,-0.188014604017375,"ok"
"AGDD","BGI_new","FPC7","FPC7_BGI_new","TXH2.2021",246,246,-0.121058826575364,"ok"
"AGDD","BGI_new","FPC7","FPC7_BGI_new","TXH3.2020",266,266,-0.169106011480385,"ok"
"AGDD","BGI_new","FPC7","FPC7_BGI_new","TXH3.2021",245,245,-0.0151685812679111,"ok"
"AGDD","BGI_new","FPC7","FPC7_BGI_new","WIH1.2020",394,394,-0.0958972663392493,"ok"
"AGDD","BGI_new","FPC7","FPC7_BGI_new","WIH1.2021",398,398,-0.0176550653217979,"ok"
"AGDD","BGI_new","FPC7","FPC7_BGI_new","WIH2.2020",1127,1127,-0.0256517460433394,"ok"
"AGDD","BGI_new","FPC7","FPC7_BGI_new","WIH2.2021",1137,1137,0.0488175641273439,"ok"
"AGDD","BGI_new","FPC7","FPC7_BGI_new","WIH3.2020",415,415,0.0202809620626783,"ok"
"AGDD","BGI_new","FPC7","FPC7_BGI_new","WIH3.2021",397,397,0.00928311498922436,"ok"
"AGDD","BI","FPC1","FPC1_BI","DEH1.2020",1142,1142,-0.285124599783576,"ok"
"AGDD","BI","FPC1","FPC1_BI","IAH4.2021",1128,1128,-0.221141264560346,"ok"
"AGDD","BI","FPC1","FPC1_BI","MIH1.2020",414,414,0.154001765151979,"ok"
"AGDD","BI","FPC1","FPC1_BI","MNH1.2020",395,395,0.261574320309249,"ok"
"AGDD","BI","FPC1","FPC1_BI","MNH1.2021",415,415,0.110967450179152,"ok"
"AGDD","BI","FPC1","FPC1_BI","MOH1.2020",1006,1006,0.127857034464328,"ok"
"AGDD","BI","FPC1","FPC1_BI","NEH1.2021",246,246,0.204767471067965,"ok"
"AGDD","BI","FPC1","FPC1_BI","TXH1.2020",246,246,-0.217674730532372,"ok"
"AGDD","BI","FPC1","FPC1_BI","TXH1.2021",246,246,-0.0146331020045838,"ok"
"AGDD","BI","FPC1","FPC1_BI","TXH2.2020",246,246,0.229849962681279,"ok"
"AGDD","BI","FPC1","FPC1_BI","TXH2.2021",246,246,-0.235957860389191,"ok"
"AGDD","BI","FPC1","FPC1_BI","TXH3.2020",266,266,-0.0885918685728752,"ok"
"AGDD","BI","FPC1","FPC1_BI","TXH3.2021",245,245,0.186411390774527,"ok"
"AGDD","BI","FPC1","FPC1_BI","WIH1.2020",394,394,0.039689701389869,"ok"
"AGDD","BI","FPC1","FPC1_BI","WIH1.2021",398,398,-0.0341767275059675,"ok"
"AGDD","BI","FPC1","FPC1_BI","WIH2.2020",1127,1127,-0.00739543980678763,"ok"
"AGDD","BI","FPC1","FPC1_BI","WIH2.2021",1137,1137,0.156240897360383,"ok"
"AGDD","BI","FPC1","FPC1_BI","WIH3.2020",415,415,-0.0709463530524575,"ok"
"AGDD","BI","FPC1","FPC1_BI","WIH3.2021",397,397,0.0899729286202833,"ok"
"AGDD","BI","FPC2","FPC2_BI","DEH1.2020",1142,1142,0.0892082965124292,"ok"
"AGDD","BI","FPC2","FPC2_BI","IAH4.2021",1128,1128,-0.0972139918532153,"ok"
"AGDD","BI","FPC2","FPC2_BI","MIH1.2020",414,414,-0.321402774104582,"ok"
"AGDD","BI","FPC2","FPC2_BI","MNH1.2020",395,395,0.0701534847041134,"ok"
"AGDD","BI","FPC2","FPC2_BI","MNH1.2021",415,415,0.257410128081611,"ok"
"AGDD","BI","FPC2","FPC2_BI","MOH1.2020",1006,1006,-0.216177605928199,"ok"
"AGDD","BI","FPC2","FPC2_BI","NEH1.2021",246,246,-0.197267732407505,"ok"
"AGDD","BI","FPC2","FPC2_BI","TXH1.2020",246,246,-0.212483448994816,"ok"
"AGDD","BI","FPC2","FPC2_BI","TXH1.2021",246,246,-0.0010278061095825,"ok"
"AGDD","BI","FPC2","FPC2_BI","TXH2.2020",246,246,0.237408297168171,"ok"
"AGDD","BI","FPC2","FPC2_BI","TXH2.2021",246,246,-0.239857185365742,"ok"
"AGDD","BI","FPC2","FPC2_BI","TXH3.2020",266,266,-0.0330081132060305,"ok"
"AGDD","BI","FPC2","FPC2_BI","TXH3.2021",245,245,0.100637522342761,"ok"
"AGDD","BI","FPC2","FPC2_BI","WIH1.2020",394,394,0.269445029114164,"ok"
"AGDD","BI","FPC2","FPC2_BI","WIH1.2021",398,398,-0.234629848256894,"ok"
"AGDD","BI","FPC2","FPC2_BI","WIH2.2020",1127,1127,0.00601479359456919,"ok"
"AGDD","BI","FPC2","FPC2_BI","WIH2.2021",1137,1137,0.0583349631302028,"ok"
"AGDD","BI","FPC2","FPC2_BI","WIH3.2020",415,415,-0.0662785551056431,"ok"
"AGDD","BI","FPC2","FPC2_BI","WIH3.2021",397,397,0.0926786068391328,"ok"
"AGDD","BI","FPC3","FPC3_BI","DEH1.2020",1142,1142,0.0872155793632361,"ok"
"AGDD","BI","FPC3","FPC3_BI","IAH4.2021",1128,1128,0.192901160916474,"ok"
"AGDD","BI","FPC3","FPC3_BI","MIH1.2020",414,414,0.0240535299408342,"ok"
"AGDD","BI","FPC3","FPC3_BI","MNH1.2020",395,395,0.293438427919921,"ok"
"AGDD","BI","FPC3","FPC3_BI","MNH1.2021",415,415,-0.21102915398163,"ok"
"AGDD","BI","FPC3","FPC3_BI","MOH1.2020",1006,1006,0.277012679197775,"ok"
"AGDD","BI","FPC3","FPC3_BI","NEH1.2021",246,246,-0.0137445263384171,"ok"
"AGDD","BI","FPC3","FPC3_BI","TXH1.2020",246,246,0.137657527221262,"ok"
"AGDD","BI","FPC3","FPC3_BI","TXH1.2021",246,246,0.10844092837035,"ok"
"AGDD","BI","FPC3","FPC3_BI","TXH2.2020",246,246,-0.268931754238984,"ok"
"AGDD","BI","FPC3","FPC3_BI","TXH2.2021",246,246,0.283860982027254,"ok"
"AGDD","BI","FPC3","FPC3_BI","TXH3.2020",266,266,0.0588239300786841,"ok"
"AGDD","BI","FPC3","FPC3_BI","TXH3.2021",245,245,-0.120986128102249,"ok"
"AGDD","BI","FPC3","FPC3_BI","WIH1.2020",394,394,-0.163785159753716,"ok"
"AGDD","BI","FPC3","FPC3_BI","WIH1.2021",398,398,0.247475346733898,"ok"
"AGDD","BI","FPC3","FPC3_BI","WIH2.2020",1127,1127,0.00392345263225576,"ok"
"AGDD","BI","FPC3","FPC3_BI","WIH2.2021",1137,1137,-0.0749425979119251,"ok"
"AGDD","BI","FPC3","FPC3_BI","WIH3.2020",415,415,-0.0144767562471361,"ok"
"AGDD","BI","FPC3","FPC3_BI","WIH3.2021",397,397,0.0824368461633494,"ok"
"AGDD","BI","FPC4","FPC4_BI","DEH1.2020",1142,1142,0.00904939892015903,"ok"
"AGDD","BI","FPC4","FPC4_BI","IAH4.2021",1128,1128,0.0453884519191494,"ok"
"AGDD","BI","FPC4","FPC4_BI","MIH1.2020",414,414,-0.0943965936929758,"ok"
"AGDD","BI","FPC4","FPC4_BI","MNH1.2020",395,395,0.098647575579317,"ok"
"AGDD","BI","FPC4","FPC4_BI","MNH1.2021",415,415,-0.237270566553795,"ok"
"AGDD","BI","FPC4","FPC4_BI","MOH1.2020",1006,1006,0.209053532609479,"ok"
"AGDD","BI","FPC4","FPC4_BI","NEH1.2021",246,246,0.0982657016832271,"ok"
"AGDD","BI","FPC4","FPC4_BI","TXH1.2020",246,246,0.206043219678804,"ok"
"AGDD","BI","FPC4","FPC4_BI","TXH1.2021",246,246,0.0861761921294395,"ok"
"AGDD","BI","FPC4","FPC4_BI","TXH2.2020",246,246,-0.139012862882897,"ok"
"AGDD","BI","FPC4","FPC4_BI","TXH2.2021",246,246,-0.192346230381211,"ok"
"AGDD","BI","FPC4","FPC4_BI","TXH3.2020",266,266,0.0828611863102846,"ok"
"AGDD","BI","FPC4","FPC4_BI","TXH3.2021",245,245,0.293495585327484,"ok"
"AGDD","BI","FPC4","FPC4_BI","WIH1.2020",394,394,-0.193744567752453,"ok"
"AGDD","BI","FPC4","FPC4_BI","WIH1.2021",398,398,0.167051815314682,"ok"
"AGDD","BI","FPC4","FPC4_BI","WIH2.2020",1127,1127,0.0187994079823413,"ok"
"AGDD","BI","FPC4","FPC4_BI","WIH2.2021",1137,1137,-0.0644472129008781,"ok"
"AGDD","BI","FPC4","FPC4_BI","WIH3.2020",415,415,-0.0679344745265851,"ok"
"AGDD","BI","FPC4","FPC4_BI","WIH3.2021",397,397,0.0823990935256433,"ok"
"AGDD","BI","FPC5","FPC5_BI","DEH1.2020",1142,1142,-0.0971855459391501,"ok"
"AGDD","BI","FPC5","FPC5_BI","IAH4.2021",1128,1128,0.134909507442356,"ok"
"AGDD","BI","FPC5","FPC5_BI","MIH1.2020",414,414,0.334274625067183,"ok"
"AGDD","BI","FPC5","FPC5_BI","MNH1.2020",395,395,-0.28592914070142,"ok"
"AGDD","BI","FPC5","FPC5_BI","MNH1.2021",415,415,-0.222999246960625,"ok"
"AGDD","BI","FPC5","FPC5_BI","MOH1.2020",1006,1006,0.0681638169516738,"ok"
"AGDD","BI","FPC5","FPC5_BI","NEH1.2021",246,246,0.104062974322886,"ok"
"AGDD","BI","FPC5","FPC5_BI","TXH1.2020",246,246,-0.0544900746220419,"ok"
"AGDD","BI","FPC5","FPC5_BI","TXH1.2021",246,246,-0.0595421764633788,"ok"
"AGDD","BI","FPC5","FPC5_BI","TXH2.2020",246,246,-0.242953195321812,"ok"
"AGDD","BI","FPC5","FPC5_BI","TXH2.2021",246,246,0.193999849888489,"ok"
"AGDD","BI","FPC5","FPC5_BI","TXH3.2020",266,266,0.238444712802561,"ok"
"AGDD","BI","FPC5","FPC5_BI","TXH3.2021",245,245,-0.378918843527568,"ok"
"AGDD","BI","FPC5","FPC5_BI","WIH1.2020",394,394,-0.378113798787264,"ok"
"AGDD","BI","FPC5","FPC5_BI","WIH1.2021",398,398,0.235740764921979,"ok"
"AGDD","BI","FPC5","FPC5_BI","WIH2.2020",1127,1127,-0.0130672924013231,"ok"
"AGDD","BI","FPC5","FPC5_BI","WIH2.2021",1137,1137,0.0132171726204669,"ok"
"AGDD","BI","FPC5","FPC5_BI","WIH3.2020",415,415,0.0687661489149618,"ok"
"AGDD","BI","FPC5","FPC5_BI","WIH3.2021",397,397,-0.0827503189675198,"ok"
"AGDD","BI","FPC6","FPC6_BI","DEH1.2020",1142,1142,-0.0340791915300617,"ok"
"AGDD","BI","FPC6","FPC6_BI","IAH4.2021",1128,1128,-0.091173819257824,"ok"
"AGDD","BI","FPC6","FPC6_BI","MIH1.2020",414,414,0.375934629748665,"ok"
"AGDD","BI","FPC6","FPC6_BI","MNH1.2020",395,395,-0.0792233388909409,"ok"
"AGDD","BI","FPC6","FPC6_BI","MNH1.2021",415,415,0.0755238450532549,"ok"
"AGDD","BI","FPC6","FPC6_BI","MOH1.2020",1006,1006,0.23010753625353,"ok"
"AGDD","BI","FPC6","FPC6_BI","NEH1.2021",246,246,0.107425720315932,"ok"
"AGDD","BI","FPC6","FPC6_BI","TXH1.2020",246,246,0.203864660421216,"ok"
"AGDD","BI","FPC6","FPC6_BI","TXH1.2021",246,246,0.145612748276321,"ok"
"AGDD","BI","FPC6","FPC6_BI","TXH2.2020",246,246,0.312336779464528,"ok"
"AGDD","BI","FPC6","FPC6_BI","TXH2.2021",246,246,0.283497693685993,"ok"
"AGDD","BI","FPC6","FPC6_BI","TXH3.2020",266,266,0.157076008906578,"ok"
"AGDD","BI","FPC6","FPC6_BI","TXH3.2021",245,245,0.113864734630087,"ok"
"AGDD","BI","FPC6","FPC6_BI","WIH1.2020",394,394,-0.165221701936173,"ok"
"AGDD","BI","FPC6","FPC6_BI","WIH1.2021",398,398,0.249901068446621,"ok"
"AGDD","BI","FPC6","FPC6_BI","WIH2.2020",1127,1127,-0.0153354648491115,"ok"
"AGDD","BI","FPC6","FPC6_BI","WIH2.2021",1137,1137,-0.0139846634199053,"ok"
"AGDD","BI","FPC6","FPC6_BI","WIH3.2020",415,415,-0.0706637317551661,"ok"
"AGDD","BI","FPC6","FPC6_BI","WIH3.2021",397,397,0.0819099530094686,"ok"
"AGDD","BI","FPC7","FPC7_BI","DEH1.2020",1142,1142,0.182876316850548,"ok"
"AGDD","BI","FPC7","FPC7_BI","IAH4.2021",1128,1128,-0.189995162239827,"ok"
"AGDD","BI","FPC7","FPC7_BI","MIH1.2020",414,414,0.15763886830717,"ok"
"AGDD","BI","FPC7","FPC7_BI","MNH1.2020",395,395,0.322818908885952,"ok"
"AGDD","BI","FPC7","FPC7_BI","MNH1.2021",415,415,0.00125369693713049,"ok"
"AGDD","BI","FPC7","FPC7_BI","MOH1.2020",1006,1006,0.229393979322105,"ok"
"AGDD","BI","FPC7","FPC7_BI","NEH1.2021",246,246,-0.136128757416457,"ok"
"AGDD","BI","FPC7","FPC7_BI","TXH1.2020",246,246,0.0995113784154546,"ok"
"AGDD","BI","FPC7","FPC7_BI","TXH1.2021",246,246,0.0243298309169938,"ok"
"AGDD","BI","FPC7","FPC7_BI","TXH2.2020",246,246,0.330824744128375,"ok"
"AGDD","BI","FPC7","FPC7_BI","TXH2.2021",246,246,0.251460461703728,"ok"
"AGDD","BI","FPC7","FPC7_BI","TXH3.2020",266,266,0.0350401504546144,"ok"
"AGDD","BI","FPC7","FPC7_BI","TXH3.2021",245,245,-0.0941055164944562,"ok"
"AGDD","BI","FPC7","FPC7_BI","WIH1.2020",394,394,-0.101998526744356,"ok"
"AGDD","BI","FPC7","FPC7_BI","WIH1.2021",398,398,0.283492767408587,"ok"
"AGDD","BI","FPC7","FPC7_BI","WIH2.2020",1127,1127,0.0240698105762789,"ok"
"AGDD","BI","FPC7","FPC7_BI","WIH2.2021",1137,1137,-0.0429076392243111,"ok"
"AGDD","BI","FPC7","FPC7_BI","WIH3.2020",415,415,-0.066205345867289,"ok"
"AGDD","BI","FPC7","FPC7_BI","WIH3.2021",397,397,0.0823381325886659,"ok"
"AGDD","BI_new","FPC1","FPC1_BI_new","DEH1.2020",1142,1142,-0.285019974292556,"ok"
"AGDD","BI_new","FPC1","FPC1_BI_new","IAH4.2021",1128,1128,-0.220911988917704,"ok"
"AGDD","BI_new","FPC1","FPC1_BI_new","MIH1.2020",414,414,0.151813190471225,"ok"
"AGDD","BI_new","FPC1","FPC1_BI_new","MNH1.2020",395,395,0.26213417155423,"ok"
"AGDD","BI_new","FPC1","FPC1_BI_new","MNH1.2021",415,415,0.110700829334394,"ok"
"AGDD","BI_new","FPC1","FPC1_BI_new","MOH1.2020",1006,1006,0.128040630210475,"ok"
"AGDD","BI_new","FPC1","FPC1_BI_new","NEH1.2021",246,246,0.20517514246531,"ok"
"AGDD","BI_new","FPC1","FPC1_BI_new","TXH1.2020",246,246,-0.18345248747433,"ok"
"AGDD","BI_new","FPC1","FPC1_BI_new","TXH1.2021",246,246,-0.0526144240834289,"ok"
"AGDD","BI_new","FPC1","FPC1_BI_new","TXH2.2020",246,246,0.233671409034662,"ok"
"AGDD","BI_new","FPC1","FPC1_BI_new","TXH2.2021",246,246,-0.0959872338176333,"ok"
"AGDD","BI_new","FPC1","FPC1_BI_new","TXH3.2020",266,266,-0.0868381080172375,"ok"
"AGDD","BI_new","FPC1","FPC1_BI_new","TXH3.2021",245,245,0.118275142717788,"ok"
"AGDD","BI_new","FPC1","FPC1_BI_new","WIH1.2020",394,394,0.0272367141322212,"ok"
"AGDD","BI_new","FPC1","FPC1_BI_new","WIH1.2021",398,398,-0.0145661762868132,"ok"
"AGDD","BI_new","FPC1","FPC1_BI_new","WIH2.2020",1127,1127,0.0920203002213199,"ok"
"AGDD","BI_new","FPC1","FPC1_BI_new","WIH2.2021",1137,1137,0.191361161895686,"ok"
"AGDD","BI_new","FPC1","FPC1_BI_new","WIH3.2020",415,415,0.159185996208151,"ok"
"AGDD","BI_new","FPC1","FPC1_BI_new","WIH3.2021",397,397,0.183287188183811,"ok"
"AGDD","BI_new","FPC2","FPC2_BI_new","DEH1.2020",1142,1142,0.0890361384903687,"ok"
"AGDD","BI_new","FPC2","FPC2_BI_new","IAH4.2021",1128,1128,-0.101790368162768,"ok"
"AGDD","BI_new","FPC2","FPC2_BI_new","MIH1.2020",414,414,-0.322169814718131,"ok"
"AGDD","BI_new","FPC2","FPC2_BI_new","MNH1.2020",395,395,0.0703682513204881,"ok"
"AGDD","BI_new","FPC2","FPC2_BI_new","MNH1.2021",415,415,0.257214267914188,"ok"
"AGDD","BI_new","FPC2","FPC2_BI_new","MOH1.2020",1006,1006,-0.216442386509878,"ok"
"AGDD","BI_new","FPC2","FPC2_BI_new","NEH1.2021",246,246,-0.19784598365015,"ok"
"AGDD","BI_new","FPC2","FPC2_BI_new","TXH1.2020",246,246,-0.141201726194431,"ok"
"AGDD","BI_new","FPC2","FPC2_BI_new","TXH1.2021",246,246,-0.0180796195102724,"ok"
"AGDD","BI_new","FPC2","FPC2_BI_new","TXH2.2020",246,246,0.278581489462098,"ok"
"AGDD","BI_new","FPC2","FPC2_BI_new","TXH2.2021",246,246,-0.18058133348711,"ok"
"AGDD","BI_new","FPC2","FPC2_BI_new","TXH3.2020",266,266,-0.0392823218829212,"ok"
"AGDD","BI_new","FPC2","FPC2_BI_new","TXH3.2021",245,245,-0.000272227521558482,"ok"
"AGDD","BI_new","FPC2","FPC2_BI_new","WIH1.2020",394,394,0.36553215738482,"ok"
"AGDD","BI_new","FPC2","FPC2_BI_new","WIH1.2021",398,398,-0.236120292217636,"ok"
"AGDD","BI_new","FPC2","FPC2_BI_new","WIH2.2020",1127,1127,-0.0785796374504657,"ok"
"AGDD","BI_new","FPC2","FPC2_BI_new","WIH2.2021",1137,1137,0.177417567700552,"ok"
"AGDD","BI_new","FPC2","FPC2_BI_new","WIH3.2020",415,415,0.0734016770798031,"ok"
"AGDD","BI_new","FPC2","FPC2_BI_new","WIH3.2021",397,397,-0.0549211086600424,"ok"
"AGDD","BI_new","FPC3","FPC3_BI_new","DEH1.2020",1142,1142,0.087246751486282,"ok"
"AGDD","BI_new","FPC3","FPC3_BI_new","IAH4.2021",1128,1128,0.1934988529281,"ok"
"AGDD","BI_new","FPC3","FPC3_BI_new","MIH1.2020",414,414,0.0236147123075778,"ok"
"AGDD","BI_new","FPC3","FPC3_BI_new","MNH1.2020",395,395,0.294683941889563,"ok"
"AGDD","BI_new","FPC3","FPC3_BI_new","MNH1.2021",415,415,-0.209915166281219,"ok"
"AGDD","BI_new","FPC3","FPC3_BI_new","MOH1.2020",1006,1006,0.277184661138943,"ok"
"AGDD","BI_new","FPC3","FPC3_BI_new","NEH1.2021",246,246,-0.013691424270713,"ok"
"AGDD","BI_new","FPC3","FPC3_BI_new","TXH1.2020",246,246,0.0268852284317033,"ok"
"AGDD","BI_new","FPC3","FPC3_BI_new","TXH1.2021",246,246,0.167980783234067,"ok"
"AGDD","BI_new","FPC3","FPC3_BI_new","TXH2.2020",246,246,-0.319801861890165,"ok"
"AGDD","BI_new","FPC3","FPC3_BI_new","TXH2.2021",246,246,0.249107741768326,"ok"
"AGDD","BI_new","FPC3","FPC3_BI_new","TXH3.2020",266,266,0.0648442548544694,"ok"
"AGDD","BI_new","FPC3","FPC3_BI_new","TXH3.2021",245,245,-0.0314442253337665,"ok"
"AGDD","BI_new","FPC3","FPC3_BI_new","WIH1.2020",394,394,-0.218775566338062,"ok"
"AGDD","BI_new","FPC3","FPC3_BI_new","WIH1.2021",398,398,0.249020467352807,"ok"
"AGDD","BI_new","FPC3","FPC3_BI_new","WIH2.2020",1127,1127,0.0785979501777251,"ok"
"AGDD","BI_new","FPC3","FPC3_BI_new","WIH2.2021",1137,1137,-0.191050764464164,"ok"
"AGDD","BI_new","FPC3","FPC3_BI_new","WIH3.2020",415,415,-0.0712382473719511,"ok"
"AGDD","BI_new","FPC3","FPC3_BI_new","WIH3.2021",397,397,0.104049736126755,"ok"
"AGDD","BI_new","FPC4","FPC4_BI_new","DEH1.2020",1142,1142,0.00901332294687852,"ok"
"AGDD","BI_new","FPC4","FPC4_BI_new","IAH4.2021",1128,1128,0.0359868127493209,"ok"
"AGDD","BI_new","FPC4","FPC4_BI_new","MIH1.2020",414,414,-0.0944426399708508,"ok"
"AGDD","BI_new","FPC4","FPC4_BI_new","MNH1.2020",395,395,0.0982221261514972,"ok"
"AGDD","BI_new","FPC4","FPC4_BI_new","MNH1.2021",415,415,-0.236748030928306,"ok"
"AGDD","BI_new","FPC4","FPC4_BI_new","MOH1.2020",1006,1006,0.209266071746605,"ok"
"AGDD","BI_new","FPC4","FPC4_BI_new","NEH1.2021",246,246,0.0981340818259967,"ok"
"AGDD","BI_new","FPC4","FPC4_BI_new","TXH1.2020",246,246,0.106881580749977,"ok"
"AGDD","BI_new","FPC4","FPC4_BI_new","TXH1.2021",246,246,0.231947482663125,"ok"
"AGDD","BI_new","FPC4","FPC4_BI_new","TXH2.2020",246,246,-0.119849827676716,"ok"
"AGDD","BI_new","FPC4","FPC4_BI_new","TXH2.2021",246,246,0.161405506198636,"ok"
"AGDD","BI_new","FPC4","FPC4_BI_new","TXH3.2020",266,266,0.0874105853001455,"ok"
"AGDD","BI_new","FPC4","FPC4_BI_new","TXH3.2021",245,245,0.277703052890239,"ok"
"AGDD","BI_new","FPC4","FPC4_BI_new","WIH1.2020",394,394,-0.325208553965314,"ok"
"AGDD","BI_new","FPC4","FPC4_BI_new","WIH1.2021",398,398,0.172627954377029,"ok"
"AGDD","BI_new","FPC4","FPC4_BI_new","WIH2.2020",1127,1127,0.0128032244935168,"ok"
"AGDD","BI_new","FPC4","FPC4_BI_new","WIH2.2021",1137,1137,-0.203375155705937,"ok"
"AGDD","BI_new","FPC4","FPC4_BI_new","WIH3.2020",415,415,-0.00193296792382225,"ok"
"AGDD","BI_new","FPC4","FPC4_BI_new","WIH3.2021",397,397,0.0493313260463093,"ok"
"AGDD","BI_new","FPC5","FPC5_BI_new","DEH1.2020",1142,1142,-0.097278425713215,"ok"
"AGDD","BI_new","FPC5","FPC5_BI_new","IAH4.2021",1128,1128,0.140838937225048,"ok"
"AGDD","BI_new","FPC5","FPC5_BI_new","MIH1.2020",414,414,0.334822849881474,"ok"
"AGDD","BI_new","FPC5","FPC5_BI_new","MNH1.2020",395,395,-0.286305184440345,"ok"
"AGDD","BI_new","FPC5","FPC5_BI_new","MNH1.2021",415,415,-0.222364279347617,"ok"
"AGDD","BI_new","FPC5","FPC5_BI_new","MOH1.2020",1006,1006,0.0683072296688457,"ok"
"AGDD","BI_new","FPC5","FPC5_BI_new","NEH1.2021",246,246,0.103898537151239,"ok"
"AGDD","BI_new","FPC5","FPC5_BI_new","TXH1.2020",246,246,-0.00942665813806185,"ok"
"AGDD","BI_new","FPC5","FPC5_BI_new","TXH1.2021",246,246,-0.217670480042311,"ok"
"AGDD","BI_new","FPC5","FPC5_BI_new","TXH2.2020",246,246,-0.275031827493592,"ok"
"AGDD","BI_new","FPC5","FPC5_BI_new","TXH2.2021",246,246,-0.12595332501481,"ok"
"AGDD","BI_new","FPC5","FPC5_BI_new","TXH3.2020",266,266,0.241717856245993,"ok"
"AGDD","BI_new","FPC5","FPC5_BI_new","TXH3.2021",245,245,-0.374832019634069,"ok"
"AGDD","BI_new","FPC5","FPC5_BI_new","WIH1.2020",394,394,-0.399762709042572,"ok"
"AGDD","BI_new","FPC5","FPC5_BI_new","WIH1.2021",398,398,0.237070205694326,"ok"
"AGDD","BI_new","FPC5","FPC5_BI_new","WIH2.2020",1127,1127,0.0609681651920878,"ok"
"AGDD","BI_new","FPC5","FPC5_BI_new","WIH2.2021",1137,1137,0.0632711302424757,"ok"
"AGDD","BI_new","FPC5","FPC5_BI_new","WIH3.2020",415,415,-0.0407834818804057,"ok"
"AGDD","BI_new","FPC5","FPC5_BI_new","WIH3.2021",397,397,0.00470148372393225,"ok"
"AGDD","BI_new","FPC6","FPC6_BI_new","DEH1.2020",1142,1142,-0.0340679600186587,"ok"
"AGDD","BI_new","FPC6","FPC6_BI_new","IAH4.2021",1128,1128,-0.0865390269686978,"ok"
"AGDD","BI_new","FPC6","FPC6_BI_new","MIH1.2020",414,414,0.376863459936674,"ok"
"AGDD","BI_new","FPC6","FPC6_BI_new","MNH1.2020",395,395,-0.0803655578611468,"ok"
"AGDD","BI_new","FPC6","FPC6_BI_new","MNH1.2021",415,415,0.077459491290362,"ok"
"AGDD","BI_new","FPC6","FPC6_BI_new","MOH1.2020",1006,1006,0.230154973343365,"ok"
"AGDD","BI_new","FPC6","FPC6_BI_new","NEH1.2021",246,246,0.10732922034459,"ok"
"AGDD","BI_new","FPC6","FPC6_BI_new","TXH1.2020",246,246,0.117590229566142,"ok"
"AGDD","BI_new","FPC6","FPC6_BI_new","TXH1.2021",246,246,0.184712011417347,"ok"
"AGDD","BI_new","FPC6","FPC6_BI_new","TXH2.2020",246,246,0.330902009635113,"ok"
"AGDD","BI_new","FPC6","FPC6_BI_new","TXH2.2021",246,246,0.25385353618349,"ok"
"AGDD","BI_new","FPC6","FPC6_BI_new","TXH3.2020",266,266,0.15482799696828,"ok"
"AGDD","BI_new","FPC6","FPC6_BI_new","TXH3.2021",245,245,0.110001787306669,"ok"
"AGDD","BI_new","FPC6","FPC6_BI_new","WIH1.2020",394,394,-0.193613093235057,"ok"
"AGDD","BI_new","FPC6","FPC6_BI_new","WIH1.2021",398,398,0.250079754811807,"ok"
"AGDD","BI_new","FPC6","FPC6_BI_new","WIH2.2020",1127,1127,0.0152733318859044,"ok"
"AGDD","BI_new","FPC6","FPC6_BI_new","WIH2.2021",1137,1137,-0.0277361563532576,"ok"
"AGDD","BI_new","FPC6","FPC6_BI_new","WIH3.2020",415,415,-0.0175807113256398,"ok"
"AGDD","BI_new","FPC6","FPC6_BI_new","WIH3.2021",397,397,-0.111261536007922,"ok"
"AGDD","BI_new","FPC7","FPC7_BI_new","DEH1.2020",1142,1142,0.183079247637208,"ok"
"AGDD","BI_new","FPC7","FPC7_BI_new","IAH4.2021",1128,1128,-0.192868004016087,"ok"
"AGDD","BI_new","FPC7","FPC7_BI_new","MIH1.2020",414,414,0.157119211207,"ok"
"AGDD","BI_new","FPC7","FPC7_BI_new","MNH1.2020",395,395,0.323168524272574,"ok"
"AGDD","BI_new","FPC7","FPC7_BI_new","MNH1.2021",415,415,0.00216249956199864,"ok"
"AGDD","BI_new","FPC7","FPC7_BI_new","MOH1.2020",1006,1006,0.2296047569763,"ok"
"AGDD","BI_new","FPC7","FPC7_BI_new","NEH1.2021",246,246,-0.13618354268235,"ok"
"AGDD","BI_new","FPC7","FPC7_BI_new","TXH1.2020",246,246,0.0779621120416921,"ok"
"AGDD","BI_new","FPC7","FPC7_BI_new","TXH1.2021",246,246,0.103289045290684,"ok"
"AGDD","BI_new","FPC7","FPC7_BI_new","TXH2.2020",246,246,0.33322474929553,"ok"
"AGDD","BI_new","FPC7","FPC7_BI_new","TXH2.2021",246,246,0.242213067329838,"ok"
"AGDD","BI_new","FPC7","FPC7_BI_new","TXH3.2020",266,266,0.0381503977811994,"ok"
"AGDD","BI_new","FPC7","FPC7_BI_new","TXH3.2021",245,245,-0.128742234592634,"ok"
"AGDD","BI_new","FPC7","FPC7_BI_new","WIH1.2020",394,394,-0.0955955036317155,"ok"
"AGDD","BI_new","FPC7","FPC7_BI_new","WIH1.2021",398,398,0.279572175037515,"ok"
"AGDD","BI_new","FPC7","FPC7_BI_new","WIH2.2020",1127,1127,0.116643076270448,"ok"
"AGDD","BI_new","FPC7","FPC7_BI_new","WIH2.2021",1137,1137,-0.125141920222636,"ok"
"AGDD","BI_new","FPC7","FPC7_BI_new","WIH3.2020",415,415,0.0206820000128917,"ok"
"AGDD","BI_new","FPC7","FPC7_BI_new","WIH3.2021",397,397,-0.0494298864089818,"ok"
"AGDD","CIVE","FPC1","FPC1_CIVE","DEH1.2020",1142,1142,-0.116944645956975,"ok"
"AGDD","CIVE","FPC1","FPC1_CIVE","IAH4.2021",1128,1128,-0.0078789390873578,"ok"
"AGDD","CIVE","FPC1","FPC1_CIVE","MIH1.2020",414,414,-0.185061739879604,"ok"
"AGDD","CIVE","FPC1","FPC1_CIVE","MNH1.2020",395,395,-0.405696353669156,"ok"
"AGDD","CIVE","FPC1","FPC1_CIVE","MNH1.2021",415,415,-0.0624998873358555,"ok"
"AGDD","CIVE","FPC1","FPC1_CIVE","MOH1.2020",1006,1006,0.0892361034288376,"ok"
"AGDD","CIVE","FPC1","FPC1_CIVE","NEH1.2021",246,246,0.326764848695241,"ok"
"AGDD","CIVE","FPC1","FPC1_CIVE","TXH1.2020",246,246,-0.284277309134709,"ok"
"AGDD","CIVE","FPC1","FPC1_CIVE","TXH1.2021",246,246,-0.0602021076953822,"ok"
"AGDD","CIVE","FPC1","FPC1_CIVE","TXH2.2020",246,246,-0.280810102192807,"ok"
"AGDD","CIVE","FPC1","FPC1_CIVE","TXH2.2021",246,246,0.295165953411115,"ok"
"AGDD","CIVE","FPC1","FPC1_CIVE","TXH3.2020",266,266,-0.0562485529410111,"ok"
"AGDD","CIVE","FPC1","FPC1_CIVE","TXH3.2021",245,245,0.0111764817722839,"ok"
"AGDD","CIVE","FPC1","FPC1_CIVE","WIH1.2020",394,394,-0.417604741688054,"ok"
"AGDD","CIVE","FPC1","FPC1_CIVE","WIH1.2021",398,398,-0.209157614954263,"ok"
"AGDD","CIVE","FPC1","FPC1_CIVE","WIH2.2020",1127,1127,-0.109800267651032,"ok"
"AGDD","CIVE","FPC1","FPC1_CIVE","WIH2.2021",1137,1137,0.0696276956354941,"ok"
"AGDD","CIVE","FPC1","FPC1_CIVE","WIH3.2020",415,415,-0.113350313754472,"ok"
"AGDD","CIVE","FPC1","FPC1_CIVE","WIH3.2021",397,397,0.0440272805706794,"ok"
"AGDD","CIVE","FPC2","FPC2_CIVE","DEH1.2020",1142,1142,0.284201701996372,"ok"
"AGDD","CIVE","FPC2","FPC2_CIVE","IAH4.2021",1128,1128,0.0685084863379946,"ok"
"AGDD","CIVE","FPC2","FPC2_CIVE","MIH1.2020",414,414,-0.0972864329728214,"ok"
"AGDD","CIVE","FPC2","FPC2_CIVE","MNH1.2020",395,395,-0.448911454715817,"ok"
"AGDD","CIVE","FPC2","FPC2_CIVE","MNH1.2021",415,415,-0.213334637818206,"ok"
"AGDD","CIVE","FPC2","FPC2_CIVE","MOH1.2020",1006,1006,-0.349840782087139,"ok"
"AGDD","CIVE","FPC2","FPC2_CIVE","NEH1.2021",246,246,-0.115629305388906,"ok"
"AGDD","CIVE","FPC2","FPC2_CIVE","TXH1.2020",246,246,-0.127350108080993,"ok"
"AGDD","CIVE","FPC2","FPC2_CIVE","TXH1.2021",246,246,0.160702687860403,"ok"
"AGDD","CIVE","FPC2","FPC2_CIVE","TXH2.2020",246,246,-0.110068456876955,"ok"
"AGDD","CIVE","FPC2","FPC2_CIVE","TXH2.2021",246,246,-0.277104014377826,"ok"
"AGDD","CIVE","FPC2","FPC2_CIVE","TXH3.2020",266,266,-0.22771108095872,"ok"
"AGDD","CIVE","FPC2","FPC2_CIVE","TXH3.2021",245,245,0.114022177009863,"ok"
"AGDD","CIVE","FPC2","FPC2_CIVE","WIH1.2020",394,394,-0.334851106782077,"ok"
"AGDD","CIVE","FPC2","FPC2_CIVE","WIH1.2021",398,398,-0.226082275081247,"ok"
"AGDD","CIVE","FPC2","FPC2_CIVE","WIH2.2020",1127,1127,-0.236359701139935,"ok"
"AGDD","CIVE","FPC2","FPC2_CIVE","WIH2.2021",1137,1137,-0.0479688852337157,"ok"
"AGDD","CIVE","FPC2","FPC2_CIVE","WIH3.2020",415,415,-0.115027351131931,"ok"
"AGDD","CIVE","FPC2","FPC2_CIVE","WIH3.2021",397,397,-0.39037212972014,"ok"
"AGDD","CIVE","FPC3","FPC3_CIVE","DEH1.2020",1142,1142,0.114724928777316,"ok"
"AGDD","CIVE","FPC3","FPC3_CIVE","IAH4.2021",1128,1128,-0.0275136092538429,"ok"
"AGDD","CIVE","FPC3","FPC3_CIVE","MIH1.2020",414,414,-0.212315463456364,"ok"
"AGDD","CIVE","FPC3","FPC3_CIVE","MNH1.2020",395,395,-0.447540984276735,"ok"
"AGDD","CIVE","FPC3","FPC3_CIVE","MNH1.2021",415,415,-0.235542161226151,"ok"
"AGDD","CIVE","FPC3","FPC3_CIVE","MOH1.2020",1006,1006,-0.326284101870868,"ok"
"AGDD","CIVE","FPC3","FPC3_CIVE","NEH1.2021",246,246,-0.118880994336358,"ok"
"AGDD","CIVE","FPC3","FPC3_CIVE","TXH1.2020",246,246,-0.048224030061308,"ok"
"AGDD","CIVE","FPC3","FPC3_CIVE","TXH1.2021",246,246,-0.0945482538942152,"ok"
"AGDD","CIVE","FPC3","FPC3_CIVE","TXH2.2020",246,246,-0.220092911915066,"ok"
"AGDD","CIVE","FPC3","FPC3_CIVE","TXH2.2021",246,246,0.244326218407275,"ok"
"AGDD","CIVE","FPC3","FPC3_CIVE","TXH3.2020",266,266,-0.254658095179491,"ok"
"AGDD","CIVE","FPC3","FPC3_CIVE","TXH3.2021",245,245,-0.0575824819851842,"ok"
"AGDD","CIVE","FPC3","FPC3_CIVE","WIH1.2020",394,394,-0.40516021036675,"ok"
"AGDD","CIVE","FPC3","FPC3_CIVE","WIH1.2021",398,398,-0.347689470766363,"ok"
"AGDD","CIVE","FPC3","FPC3_CIVE","WIH2.2020",1127,1127,-0.210194523018358,"ok"
"AGDD","CIVE","FPC3","FPC3_CIVE","WIH2.2021",1137,1137,-0.0348436410914122,"ok"
"AGDD","CIVE","FPC3","FPC3_CIVE","WIH3.2020",415,415,-0.0897754439004921,"ok"
"AGDD","CIVE","FPC3","FPC3_CIVE","WIH3.2021",397,397,-0.249009359139467,"ok"
"AGDD","CIVE","FPC4","FPC4_CIVE","DEH1.2020",1142,1142,-0.0535826618052887,"ok"
"AGDD","CIVE","FPC4","FPC4_CIVE","IAH4.2021",1128,1128,-0.0368042315238579,"ok"
"AGDD","CIVE","FPC4","FPC4_CIVE","MIH1.2020",414,414,-0.212716130176933,"ok"
"AGDD","CIVE","FPC4","FPC4_CIVE","MNH1.2020",395,395,-0.22166965106634,"ok"
"AGDD","CIVE","FPC4","FPC4_CIVE","MNH1.2021",415,415,-0.157511232502518,"ok"
"AGDD","CIVE","FPC4","FPC4_CIVE","MOH1.2020",1006,1006,0.149863743266894,"ok"
"AGDD","CIVE","FPC4","FPC4_CIVE","NEH1.2021",246,246,-0.364004903320372,"ok"
"AGDD","CIVE","FPC4","FPC4_CIVE","TXH1.2020",246,246,-0.0875888938511341,"ok"
"AGDD","CIVE","FPC4","FPC4_CIVE","TXH1.2021",246,246,-0.143582271169081,"ok"
"AGDD","CIVE","FPC4","FPC4_CIVE","TXH2.2020",246,246,-0.330473489625159,"ok"
"AGDD","CIVE","FPC4","FPC4_CIVE","TXH2.2021",246,246,0.145882165657716,"ok"
"AGDD","CIVE","FPC4","FPC4_CIVE","TXH3.2020",266,266,-0.267882541414682,"ok"
"AGDD","CIVE","FPC4","FPC4_CIVE","TXH3.2021",245,245,-0.235780104132519,"ok"
"AGDD","CIVE","FPC4","FPC4_CIVE","WIH1.2020",394,394,0.0158052887697496,"ok"
"AGDD","CIVE","FPC4","FPC4_CIVE","WIH1.2021",398,398,-0.363142898839766,"ok"
"AGDD","CIVE","FPC4","FPC4_CIVE","WIH2.2020",1127,1127,0.0197788911069954,"ok"
"AGDD","CIVE","FPC4","FPC4_CIVE","WIH2.2021",1137,1137,-0.0802658392572259,"ok"
"AGDD","CIVE","FPC4","FPC4_CIVE","WIH3.2020",415,415,-0.0853540001564296,"ok"
"AGDD","CIVE","FPC4","FPC4_CIVE","WIH3.2021",397,397,0.221101921759071,"ok"
"AGDD","CIVE","FPC5","FPC5_CIVE","DEH1.2020",1142,1142,-0.320828405935767,"ok"
"AGDD","CIVE","FPC5","FPC5_CIVE","IAH4.2021",1128,1128,-0.0935318432868058,"ok"
"AGDD","CIVE","FPC5","FPC5_CIVE","MIH1.2020",414,414,-0.423139487898586,"ok"
"AGDD","CIVE","FPC5","FPC5_CIVE","MNH1.2020",395,395,0.395699828248446,"ok"
"AGDD","CIVE","FPC5","FPC5_CIVE","MNH1.2021",415,415,0.0649204625451302,"ok"
"AGDD","CIVE","FPC5","FPC5_CIVE","MOH1.2020",1006,1006,0.27566432679166,"ok"
"AGDD","CIVE","FPC5","FPC5_CIVE","NEH1.2021",246,246,-0.321025804858521,"ok"
"AGDD","CIVE","FPC5","FPC5_CIVE","TXH1.2020",246,246,-0.0966443186745812,"ok"
"AGDD","CIVE","FPC5","FPC5_CIVE","TXH1.2021",246,246,-0.191200018168966,"ok"
"AGDD","CIVE","FPC5","FPC5_CIVE","TXH2.2020",246,246,-0.249811043129398,"ok"
"AGDD","CIVE","FPC5","FPC5_CIVE","TXH2.2021",246,246,0.127526205865269,"ok"
"AGDD","CIVE","FPC5","FPC5_CIVE","TXH3.2020",266,266,-0.0555304759684339,"ok"
"AGDD","CIVE","FPC5","FPC5_CIVE","TXH3.2021",245,245,-0.222569799804598,"ok"
"AGDD","CIVE","FPC5","FPC5_CIVE","WIH1.2020",394,394,-0.0727925990419957,"ok"
"AGDD","CIVE","FPC5","FPC5_CIVE","WIH1.2021",398,398,-0.245684465025148,"ok"
"AGDD","CIVE","FPC5","FPC5_CIVE","WIH2.2020",1127,1127,0.0640323717658795,"ok"
"AGDD","CIVE","FPC5","FPC5_CIVE","WIH2.2021",1137,1137,-0.102943232113341,"ok"
"AGDD","CIVE","FPC5","FPC5_CIVE","WIH3.2020",415,415,0.0346686655085509,"ok"
"AGDD","CIVE","FPC5","FPC5_CIVE","WIH3.2021",397,397,0.250587648855937,"ok"
"AGDD","CIVE","FPC6","FPC6_CIVE","DEH1.2020",1142,1142,0.0361053099046216,"ok"
"AGDD","CIVE","FPC6","FPC6_CIVE","IAH4.2021",1128,1128,0.0449602555048783,"ok"
"AGDD","CIVE","FPC6","FPC6_CIVE","MIH1.2020",414,414,-0.431145304013357,"ok"
"AGDD","CIVE","FPC6","FPC6_CIVE","MNH1.2020",395,395,-0.191997877305852,"ok"
"AGDD","CIVE","FPC6","FPC6_CIVE","MNH1.2021",415,415,-0.151602606153106,"ok"
"AGDD","CIVE","FPC6","FPC6_CIVE","MOH1.2020",1006,1006,-0.313912064075331,"ok"
"AGDD","CIVE","FPC6","FPC6_CIVE","NEH1.2021",246,246,-0.323882926399988,"ok"
"AGDD","CIVE","FPC6","FPC6_CIVE","TXH1.2020",246,246,0.382556744045331,"ok"
"AGDD","CIVE","FPC6","FPC6_CIVE","TXH1.2021",246,246,-0.08760505539658,"ok"
"AGDD","CIVE","FPC6","FPC6_CIVE","TXH2.2020",246,246,-0.0818489323236799,"ok"
"AGDD","CIVE","FPC6","FPC6_CIVE","TXH2.2021",246,246,-0.158243099668666,"ok"
"AGDD","CIVE","FPC6","FPC6_CIVE","TXH3.2020",266,266,-0.122423809629638,"ok"
"AGDD","CIVE","FPC6","FPC6_CIVE","TXH3.2021",245,245,-0.337757196608105,"ok"
"AGDD","CIVE","FPC6","FPC6_CIVE","WIH1.2020",394,394,-0.368283867080311,"ok"
"AGDD","CIVE","FPC6","FPC6_CIVE","WIH1.2021",398,398,-0.0379022484184742,"ok"
"AGDD","CIVE","FPC6","FPC6_CIVE","WIH2.2020",1127,1127,-0.221727372311902,"ok"
"AGDD","CIVE","FPC6","FPC6_CIVE","WIH2.2021",1137,1137,-0.355413097125855,"ok"
"AGDD","CIVE","FPC6","FPC6_CIVE","WIH3.2020",415,415,-0.0597420607135978,"ok"
"AGDD","CIVE","FPC6","FPC6_CIVE","WIH3.2021",397,397,-0.117956473497145,"ok"
"AGDD","CIVE","FPC7","FPC7_CIVE","DEH1.2020",1142,1142,0.3376778521399,"ok"
"AGDD","CIVE","FPC7","FPC7_CIVE","IAH4.2021",1128,1128,0.130908454663675,"ok"
"AGDD","CIVE","FPC7","FPC7_CIVE","MIH1.2020",414,414,0.213727761725226,"ok"
"AGDD","CIVE","FPC7","FPC7_CIVE","MNH1.2020",395,395,-0.389929840078918,"ok"
"AGDD","CIVE","FPC7","FPC7_CIVE","MNH1.2021",415,415,-0.240794889806624,"ok"
"AGDD","CIVE","FPC7","FPC7_CIVE","MOH1.2020",1006,1006,0.00833071447380021,"ok"
"AGDD","CIVE","FPC7","FPC7_CIVE","NEH1.2021",246,246,0.224548758585484,"ok"
"AGDD","CIVE","FPC7","FPC7_CIVE","TXH1.2020",246,246,-0.00813517395488709,"ok"
"AGDD","CIVE","FPC7","FPC7_CIVE","TXH1.2021",246,246,0.146478006464544,"ok"
"AGDD","CIVE","FPC7","FPC7_CIVE","TXH2.2020",246,246,0.170223821107177,"ok"
"AGDD","CIVE","FPC7","FPC7_CIVE","TXH2.2021",246,246,0.218920508488752,"ok"
"AGDD","CIVE","FPC7","FPC7_CIVE","TXH3.2020",266,266,0.0625994266665428,"ok"
"AGDD","CIVE","FPC7","FPC7_CIVE","TXH3.2021",245,245,0.198567694756119,"ok"
"AGDD","CIVE","FPC7","FPC7_CIVE","WIH1.2020",394,394,-0.203898496217308,"ok"
"AGDD","CIVE","FPC7","FPC7_CIVE","WIH1.2021",398,398,0.116290187746941,"ok"
"AGDD","CIVE","FPC7","FPC7_CIVE","WIH2.2020",1127,1127,0.114239130037354,"ok"
"AGDD","CIVE","FPC7","FPC7_CIVE","WIH2.2021",1137,1137,0.0883188527727029,"ok"
"AGDD","CIVE","FPC7","FPC7_CIVE","WIH3.2020",415,415,0.0699459729552301,"ok"
"AGDD","CIVE","FPC7","FPC7_CIVE","WIH3.2021",397,397,0.054417817787523,"ok"
"AGDD","COM1","FPC1","FPC1_COM1","DEH1.2020",1142,1142,0.110346329038803,"ok"
"AGDD","COM1","FPC1","FPC1_COM1","IAH4.2021",1128,1128,-0.0728710817326819,"ok"
"AGDD","COM1","FPC1","FPC1_COM1","MIH1.2020",414,414,-0.0844462196205384,"ok"
"AGDD","COM1","FPC1","FPC1_COM1","MNH1.2020",395,395,-0.336043882160866,"ok"
"AGDD","COM1","FPC1","FPC1_COM1","MNH1.2021",415,415,-0.117597428490848,"ok"
"AGDD","COM1","FPC1","FPC1_COM1","MOH1.2020",1006,1006,-0.355733551812045,"ok"
"AGDD","COM1","FPC1","FPC1_COM1","NEH1.2021",246,246,-0.246250592605829,"ok"
"AGDD","COM1","FPC1","FPC1_COM1","TXH1.2020",246,246,-0.0345751740245842,"ok"
"AGDD","COM1","FPC1","FPC1_COM1","TXH1.2021",246,246,0.0924357573185169,"ok"
"AGDD","COM1","FPC1","FPC1_COM1","TXH2.2020",246,246,0.134792673588414,"ok"
"AGDD","COM1","FPC1","FPC1_COM1","TXH2.2021",246,246,-0.350362779976736,"ok"
"AGDD","COM1","FPC1","FPC1_COM1","TXH3.2020",266,266,-0.172497781028386,"ok"
"AGDD","COM1","FPC1","FPC1_COM1","TXH3.2021",245,245,-0.252199709004993,"ok"
"AGDD","COM1","FPC1","FPC1_COM1","WIH1.2020",394,394,-0.288664648550054,"ok"
"AGDD","COM1","FPC1","FPC1_COM1","WIH1.2021",398,398,-0.180361919150307,"ok"
"AGDD","COM1","FPC1","FPC1_COM1","WIH2.2020",1127,1127,-0.138097882527272,"ok"
"AGDD","COM1","FPC1","FPC1_COM1","WIH2.2021",1137,1137,-0.178119744651,"ok"
"AGDD","COM1","FPC1","FPC1_COM1","WIH3.2020",415,415,-0.138816082053944,"ok"
"AGDD","COM1","FPC1","FPC1_COM1","WIH3.2021",397,397,-0.19991523847121,"ok"
"AGDD","COM1","FPC2","FPC2_COM1","DEH1.2020",1142,1142,-0.311075339761574,"ok"
"AGDD","COM1","FPC2","FPC2_COM1","IAH4.2021",1128,1128,-0.103851160175576,"ok"
"AGDD","COM1","FPC2","FPC2_COM1","MIH1.2020",414,414,-0.0357855885248326,"ok"
"AGDD","COM1","FPC2","FPC2_COM1","MNH1.2020",395,395,0.239161034686058,"ok"
"AGDD","COM1","FPC2","FPC2_COM1","MNH1.2021",415,415,0.17529181639492,"ok"
"AGDD","COM1","FPC2","FPC2_COM1","MOH1.2020",1006,1006,0.222520949388731,"ok"
"AGDD","COM1","FPC2","FPC2_COM1","NEH1.2021",246,246,-0.242510846392209,"ok"
"AGDD","COM1","FPC2","FPC2_COM1","TXH1.2020",246,246,0.302924749840636,"ok"
"AGDD","COM1","FPC2","FPC2_COM1","TXH1.2021",246,246,-0.200136349593753,"ok"
"AGDD","COM1","FPC2","FPC2_COM1","TXH2.2020",246,246,0.155441247601692,"ok"
"AGDD","COM1","FPC2","FPC2_COM1","TXH2.2021",246,246,0.347472682132599,"ok"
"AGDD","COM1","FPC2","FPC2_COM1","TXH3.2020",266,266,0.0645371708907856,"ok"
"AGDD","COM1","FPC2","FPC2_COM1","TXH3.2021",245,245,-0.11612059400373,"ok"
"AGDD","COM1","FPC2","FPC2_COM1","WIH1.2020",394,394,0.0255120831433592,"ok"
"AGDD","COM1","FPC2","FPC2_COM1","WIH1.2021",398,398,-0.00303410212019269,"ok"
"AGDD","COM1","FPC2","FPC2_COM1","WIH2.2020",1127,1127,0.101507073840771,"ok"
"AGDD","COM1","FPC2","FPC2_COM1","WIH2.2021",1137,1137,-0.108694072123294,"ok"
"AGDD","COM1","FPC2","FPC2_COM1","WIH3.2020",415,415,-0.0897956287305172,"ok"
"AGDD","COM1","FPC2","FPC2_COM1","WIH3.2021",397,397,0.100880429738859,"ok"
"AGDD","COM1","FPC3","FPC3_COM1","DEH1.2020",1142,1142,0.000864482565186759,"ok"
"AGDD","COM1","FPC3","FPC3_COM1","IAH4.2021",1128,1128,0.138127235598109,"ok"
"AGDD","COM1","FPC3","FPC3_COM1","MIH1.2020",414,414,0.300769845298072,"ok"
"AGDD","COM1","FPC3","FPC3_COM1","MNH1.2020",395,395,0.216620131344959,"ok"
"AGDD","COM1","FPC3","FPC3_COM1","MNH1.2021",415,415,0.161645263006332,"ok"
"AGDD","COM1","FPC3","FPC3_COM1","MOH1.2020",1006,1006,0.307583009514821,"ok"
"AGDD","COM1","FPC3","FPC3_COM1","NEH1.2021",246,246,0.123656826241726,"ok"
"AGDD","COM1","FPC3","FPC3_COM1","TXH1.2020",246,246,0.486988351951728,"ok"
"AGDD","COM1","FPC3","FPC3_COM1","TXH1.2021",246,246,0.0907357323847633,"ok"
"AGDD","COM1","FPC3","FPC3_COM1","TXH2.2020",246,246,0.421797186780023,"ok"
"AGDD","COM1","FPC3","FPC3_COM1","TXH2.2021",246,246,-0.151494844738853,"ok"
"AGDD","COM1","FPC3","FPC3_COM1","TXH3.2020",266,266,0.254337384440432,"ok"
"AGDD","COM1","FPC3","FPC3_COM1","TXH3.2021",245,245,0.342914040809242,"ok"
"AGDD","COM1","FPC3","FPC3_COM1","WIH1.2020",394,394,0.354905674495846,"ok"
"AGDD","COM1","FPC3","FPC3_COM1","WIH1.2021",398,398,0.288483074637341,"ok"
"AGDD","COM1","FPC3","FPC3_COM1","WIH2.2020",1127,1127,0.153219002937509,"ok"
"AGDD","COM1","FPC3","FPC3_COM1","WIH2.2021",1137,1137,-0.0987653130001089,"ok"
"AGDD","COM1","FPC3","FPC3_COM1","WIH3.2020",415,415,-0.0481672411536075,"ok"
"AGDD","COM1","FPC3","FPC3_COM1","WIH3.2021",397,397,0.256568139196997,"ok"
"AGDD","COM1","FPC4","FPC4_COM1","DEH1.2020",1142,1142,0.111778090413467,"ok"
"AGDD","COM1","FPC4","FPC4_COM1","IAH4.2021",1128,1128,0.0320525979406222,"ok"
"AGDD","COM1","FPC4","FPC4_COM1","MIH1.2020",414,414,0.144804254354483,"ok"
"AGDD","COM1","FPC4","FPC4_COM1","MNH1.2020",395,395,-0.215975395620877,"ok"
"AGDD","COM1","FPC4","FPC4_COM1","MNH1.2021",415,415,-0.0407251685501201,"ok"
"AGDD","COM1","FPC4","FPC4_COM1","MOH1.2020",1006,1006,-0.231264832601084,"ok"
"AGDD","COM1","FPC4","FPC4_COM1","NEH1.2021",246,246,0.311447474520159,"ok"
"AGDD","COM1","FPC4","FPC4_COM1","TXH1.2020",246,246,0.418328531573202,"ok"
"AGDD","COM1","FPC4","FPC4_COM1","TXH1.2021",246,246,0.0416399887113371,"ok"
"AGDD","COM1","FPC4","FPC4_COM1","TXH2.2020",246,246,0.379723704635928,"ok"
"AGDD","COM1","FPC4","FPC4_COM1","TXH2.2021",246,246,0.110667974445551,"ok"
"AGDD","COM1","FPC4","FPC4_COM1","TXH3.2020",266,266,0.284170238006104,"ok"
"AGDD","COM1","FPC4","FPC4_COM1","TXH3.2021",245,245,0.12973425022321,"ok"
"AGDD","COM1","FPC4","FPC4_COM1","WIH1.2020",394,394,-0.17030380481875,"ok"
"AGDD","COM1","FPC4","FPC4_COM1","WIH1.2021",398,398,0.151357271928649,"ok"
"AGDD","COM1","FPC4","FPC4_COM1","WIH2.2020",1127,1127,-0.0284101234176996,"ok"
"AGDD","COM1","FPC4","FPC4_COM1","WIH2.2021",1137,1137,-0.159655979018588,"ok"
"AGDD","COM1","FPC4","FPC4_COM1","WIH3.2020",415,415,-0.122932429578815,"ok"
"AGDD","COM1","FPC4","FPC4_COM1","WIH3.2021",397,397,-0.239390899874536,"ok"
"AGDD","COM1","FPC5","FPC5_COM1","DEH1.2020",1142,1142,-0.476108049708937,"ok"
"AGDD","COM1","FPC5","FPC5_COM1","IAH4.2021",1128,1128,0.0474535759449283,"ok"
"AGDD","COM1","FPC5","FPC5_COM1","MIH1.2020",414,414,0.00917519308178303,"ok"
"AGDD","COM1","FPC5","FPC5_COM1","MNH1.2020",395,395,0.47805554463959,"ok"
"AGDD","COM1","FPC5","FPC5_COM1","MNH1.2021",415,415,0.264437496383182,"ok"
"AGDD","COM1","FPC5","FPC5_COM1","MOH1.2020",1006,1006,0.300903964858854,"ok"
"AGDD","COM1","FPC5","FPC5_COM1","NEH1.2021",246,246,-0.0951987847843808,"ok"
"AGDD","COM1","FPC5","FPC5_COM1","TXH1.2020",246,246,-0.162393228992074,"ok"
"AGDD","COM1","FPC5","FPC5_COM1","TXH1.2021",246,246,-0.0767060045731327,"ok"
"AGDD","COM1","FPC5","FPC5_COM1","TXH2.2020",246,246,-0.166776346612022,"ok"
"AGDD","COM1","FPC5","FPC5_COM1","TXH2.2021",246,246,-0.0512808561099724,"ok"
"AGDD","COM1","FPC5","FPC5_COM1","TXH3.2020",266,266,0.0239792346467338,"ok"
"AGDD","COM1","FPC5","FPC5_COM1","TXH3.2021",245,245,0.195516330493662,"ok"
"AGDD","COM1","FPC5","FPC5_COM1","WIH1.2020",394,394,0.369957878171276,"ok"
"AGDD","COM1","FPC5","FPC5_COM1","WIH1.2021",398,398,-0.0305691465873354,"ok"
"AGDD","COM1","FPC5","FPC5_COM1","WIH2.2020",1127,1127,0.149085482863113,"ok"
"AGDD","COM1","FPC5","FPC5_COM1","WIH2.2021",1137,1137,0.061295475580846,"ok"
"AGDD","COM1","FPC5","FPC5_COM1","WIH3.2020",415,415,0.0881648751998902,"ok"
"AGDD","COM1","FPC5","FPC5_COM1","WIH3.2021",397,397,0.352394990363813,"ok"
"AGDD","COM1","FPC6","FPC6_COM1","DEH1.2020",1142,1142,0.297304623586619,"ok"
"AGDD","COM1","FPC6","FPC6_COM1","IAH4.2021",1128,1128,0.248262204590938,"ok"
"AGDD","COM1","FPC6","FPC6_COM1","MIH1.2020",414,414,0.324918615617532,"ok"
"AGDD","COM1","FPC6","FPC6_COM1","MNH1.2020",395,395,0.448697337844067,"ok"
"AGDD","COM1","FPC6","FPC6_COM1","MNH1.2021",415,415,0.145077248848529,"ok"
"AGDD","COM1","FPC6","FPC6_COM1","MOH1.2020",1006,1006,0.299226241158698,"ok"
"AGDD","COM1","FPC6","FPC6_COM1","NEH1.2021",246,246,0.226160593376344,"ok"
"AGDD","COM1","FPC6","FPC6_COM1","TXH1.2020",246,246,0.493498682632096,"ok"
"AGDD","COM1","FPC6","FPC6_COM1","TXH1.2021",246,246,0.162059151500736,"ok"
"AGDD","COM1","FPC6","FPC6_COM1","TXH2.2020",246,246,0.394463544334542,"ok"
"AGDD","COM1","FPC6","FPC6_COM1","TXH2.2021",246,246,-0.140253454065168,"ok"
"AGDD","COM1","FPC6","FPC6_COM1","TXH3.2020",266,266,0.0102633039136026,"ok"
"AGDD","COM1","FPC6","FPC6_COM1","TXH3.2021",245,245,0.33371175385113,"ok"
"AGDD","COM1","FPC6","FPC6_COM1","WIH1.2020",394,394,0.398007462549524,"ok"
"AGDD","COM1","FPC6","FPC6_COM1","WIH1.2021",398,398,0.328976393630341,"ok"
"AGDD","COM1","FPC6","FPC6_COM1","WIH2.2020",1127,1127,0.157776786772575,"ok"
"AGDD","COM1","FPC6","FPC6_COM1","WIH2.2021",1137,1137,0.25935406524922,"ok"
"AGDD","COM1","FPC6","FPC6_COM1","WIH3.2020",415,415,0.0997869987674061,"ok"
"AGDD","COM1","FPC6","FPC6_COM1","WIH3.2021",397,397,0.21214595091095,"ok"
"AGDD","COM1","FPC7","FPC7_COM1","DEH1.2020",1142,1142,-0.444597182596783,"ok"
"AGDD","COM1","FPC7","FPC7_COM1","IAH4.2021",1128,1128,-0.199976772538201,"ok"
"AGDD","COM1","FPC7","FPC7_COM1","MIH1.2020",414,414,0.290831009515944,"ok"
"AGDD","COM1","FPC7","FPC7_COM1","MNH1.2020",395,395,-0.223235559539946,"ok"
"AGDD","COM1","FPC7","FPC7_COM1","MNH1.2021",415,415,-0.0115420997450759,"ok"
"AGDD","COM1","FPC7","FPC7_COM1","MOH1.2020",1006,1006,0.135603182501124,"ok"
"AGDD","COM1","FPC7","FPC7_COM1","NEH1.2021",246,246,0.212210291408041,"ok"
"AGDD","COM1","FPC7","FPC7_COM1","TXH1.2020",246,246,-0.153341836863625,"ok"
"AGDD","COM1","FPC7","FPC7_COM1","TXH1.2021",246,246,-0.0475503700446394,"ok"
"AGDD","COM1","FPC7","FPC7_COM1","TXH2.2020",246,246,-0.0947447107900777,"ok"
"AGDD","COM1","FPC7","FPC7_COM1","TXH2.2021",246,246,0.255173907400059,"ok"
"AGDD","COM1","FPC7","FPC7_COM1","TXH3.2020",266,266,0.262144167035376,"ok"
"AGDD","COM1","FPC7","FPC7_COM1","TXH3.2021",245,245,0.152432949180765,"ok"
"AGDD","COM1","FPC7","FPC7_COM1","WIH1.2020",394,394,-0.101640331922056,"ok"
"AGDD","COM1","FPC7","FPC7_COM1","WIH1.2021",398,398,-0.0441574622231954,"ok"
"AGDD","COM1","FPC7","FPC7_COM1","WIH2.2020",1127,1127,0.0599348158334387,"ok"
"AGDD","COM1","FPC7","FPC7_COM1","WIH2.2021",1137,1137,-0.229553874537458,"ok"
"AGDD","COM1","FPC7","FPC7_COM1","WIH3.2020",415,415,-0.06090495301505,"ok"
"AGDD","COM1","FPC7","FPC7_COM1","WIH3.2021",397,397,0.0930952344791804,"ok"
"AGDD","COM2","FPC1","FPC1_COM2","DEH1.2020",1142,1142,0.207937487031804,"ok"
"AGDD","COM2","FPC1","FPC1_COM2","IAH4.2021",1128,1128,-0.108045773819435,"ok"
"AGDD","COM2","FPC1","FPC1_COM2","MIH1.2020",414,414,-0.0110878057887455,"ok"
"AGDD","COM2","FPC1","FPC1_COM2","MNH1.2020",395,395,-0.336038897921944,"ok"
"AGDD","COM2","FPC1","FPC1_COM2","MNH1.2021",415,415,-0.111950835797501,"ok"
"AGDD","COM2","FPC1","FPC1_COM2","MOH1.2020",1006,1006,-0.370864477809338,"ok"
"AGDD","COM2","FPC1","FPC1_COM2","NEH1.2021",246,246,-0.228318558361407,"ok"
"AGDD","COM2","FPC1","FPC1_COM2","TXH1.2020",246,246,0.0921283900397944,"ok"
"AGDD","COM2","FPC1","FPC1_COM2","TXH1.2021",246,246,0.0812021706168502,"ok"
"AGDD","COM2","FPC1","FPC1_COM2","TXH2.2020",246,246,0.165275521743211,"ok"
"AGDD","COM2","FPC1","FPC1_COM2","TXH2.2021",246,246,-0.322286244200548,"ok"
"AGDD","COM2","FPC1","FPC1_COM2","TXH3.2020",266,266,-0.157270844386916,"ok"
"AGDD","COM2","FPC1","FPC1_COM2","TXH3.2021",245,245,-0.103129472173764,"ok"
"AGDD","COM2","FPC1","FPC1_COM2","WIH1.2020",394,394,-0.150712482519794,"ok"
"AGDD","COM2","FPC1","FPC1_COM2","WIH1.2021",398,398,-0.10034575953268,"ok"
"AGDD","COM2","FPC1","FPC1_COM2","WIH2.2020",1127,1127,-0.135399882824262,"ok"
"AGDD","COM2","FPC1","FPC1_COM2","WIH2.2021",1137,1137,-0.171256889587674,"ok"
"AGDD","COM2","FPC1","FPC1_COM2","WIH3.2020",415,415,-0.121148215276131,"ok"
"AGDD","COM2","FPC1","FPC1_COM2","WIH3.2021",397,397,-0.175822235362334,"ok"
"AGDD","COM2","FPC2","FPC2_COM2","DEH1.2020",1142,1142,-0.29822324791365,"ok"
"AGDD","COM2","FPC2","FPC2_COM2","IAH4.2021",1128,1128,-0.0146637517267131,"ok"
"AGDD","COM2","FPC2","FPC2_COM2","MIH1.2020",414,414,0.019158232159093,"ok"
"AGDD","COM2","FPC2","FPC2_COM2","MNH1.2020",395,395,0.304114548548154,"ok"
"AGDD","COM2","FPC2","FPC2_COM2","MNH1.2021",415,415,0.187356574127112,"ok"
"AGDD","COM2","FPC2","FPC2_COM2","MOH1.2020",1006,1006,0.325264886088279,"ok"
"AGDD","COM2","FPC2","FPC2_COM2","NEH1.2021",246,246,-0.118370517764937,"ok"
"AGDD","COM2","FPC2","FPC2_COM2","TXH1.2020",246,246,0.400580957253928,"ok"
"AGDD","COM2","FPC2","FPC2_COM2","TXH1.2021",246,246,-0.177197438154084,"ok"
"AGDD","COM2","FPC2","FPC2_COM2","TXH2.2020",246,246,0.17541787058861,"ok"
"AGDD","COM2","FPC2","FPC2_COM2","TXH2.2021",246,246,0.318997612553195,"ok"
"AGDD","COM2","FPC2","FPC2_COM2","TXH3.2020",266,266,0.0806845897899379,"ok"
"AGDD","COM2","FPC2","FPC2_COM2","TXH3.2021",245,245,0.000395486130155464,"ok"
"AGDD","COM2","FPC2","FPC2_COM2","WIH1.2020",394,394,0.222076036982591,"ok"
"AGDD","COM2","FPC2","FPC2_COM2","WIH1.2021",398,398,0.102021057803678,"ok"
"AGDD","COM2","FPC2","FPC2_COM2","WIH2.2020",1127,1127,0.126883780077454,"ok"
"AGDD","COM2","FPC2","FPC2_COM2","WIH2.2021",1137,1137,-0.0640320637319507,"ok"
"AGDD","COM2","FPC2","FPC2_COM2","WIH3.2020",415,415,-0.0530688439666121,"ok"
"AGDD","COM2","FPC2","FPC2_COM2","WIH3.2021",397,397,0.21079474494657,"ok"
"AGDD","COM2","FPC3","FPC3_COM2","DEH1.2020",1142,1142,-0.102049254143776,"ok"
"AGDD","COM2","FPC3","FPC3_COM2","IAH4.2021",1128,1128,0.0830595118242178,"ok"
"AGDD","COM2","FPC3","FPC3_COM2","MIH1.2020",414,414,0.192703150286214,"ok"
"AGDD","COM2","FPC3","FPC3_COM2","MNH1.2020",395,395,0.314287103729769,"ok"
"AGDD","COM2","FPC3","FPC3_COM2","MNH1.2021",415,415,0.192946036268845,"ok"
"AGDD","COM2","FPC3","FPC3_COM2","MOH1.2020",1006,1006,0.393941418893609,"ok"
"AGDD","COM2","FPC3","FPC3_COM2","NEH1.2021",246,246,-0.053640470010054,"ok"
"AGDD","COM2","FPC3","FPC3_COM2","TXH1.2020",246,246,0.44664087828846,"ok"
"AGDD","COM2","FPC3","FPC3_COM2","TXH1.2021",246,246,0.0439208633127501,"ok"
"AGDD","COM2","FPC3","FPC3_COM2","TXH2.2020",246,246,0.357399530995018,"ok"
"AGDD","COM2","FPC3","FPC3_COM2","TXH2.2021",246,246,-0.160721973811448,"ok"
"AGDD","COM2","FPC3","FPC3_COM2","TXH3.2020",266,266,0.179199837703173,"ok"
"AGDD","COM2","FPC3","FPC3_COM2","TXH3.2021",245,245,0.24212542702764,"ok"
"AGDD","COM2","FPC3","FPC3_COM2","WIH1.2020",394,394,0.408194985625758,"ok"
"AGDD","COM2","FPC3","FPC3_COM2","WIH1.2021",398,398,0.262088579872179,"ok"
"AGDD","COM2","FPC3","FPC3_COM2","WIH2.2020",1127,1127,0.163157559319683,"ok"
"AGDD","COM2","FPC3","FPC3_COM2","WIH2.2021",1137,1137,-0.0873353919753077,"ok"
"AGDD","COM2","FPC3","FPC3_COM2","WIH3.2020",415,415,-0.0245754732565586,"ok"
"AGDD","COM2","FPC3","FPC3_COM2","WIH3.2021",397,397,0.330605065511736,"ok"
"AGDD","COM2","FPC4","FPC4_COM2","DEH1.2020",1142,1142,-0.0728683838647471,"ok"
"AGDD","COM2","FPC4","FPC4_COM2","IAH4.2021",1128,1128,0.0644956961939809,"ok"
"AGDD","COM2","FPC4","FPC4_COM2","MIH1.2020",414,414,0.25830487354994,"ok"
"AGDD","COM2","FPC4","FPC4_COM2","MNH1.2020",395,395,0.100677382153096,"ok"
"AGDD","COM2","FPC4","FPC4_COM2","MNH1.2021",415,415,0.0891954200182202,"ok"
"AGDD","COM2","FPC4","FPC4_COM2","MOH1.2020",1006,1006,0.103113452163636,"ok"
"AGDD","COM2","FPC4","FPC4_COM2","NEH1.2021",246,246,0.222732237869919,"ok"
"AGDD","COM2","FPC4","FPC4_COM2","TXH1.2020",246,246,0.371691769254532,"ok"
"AGDD","COM2","FPC4","FPC4_COM2","TXH1.2021",246,246,0.0110808574751317,"ok"
"AGDD","COM2","FPC4","FPC4_COM2","TXH2.2020",246,246,0.321039154467162,"ok"
"AGDD","COM2","FPC4","FPC4_COM2","TXH2.2021",246,246,0.0957129503237728,"ok"
"AGDD","COM2","FPC4","FPC4_COM2","TXH3.2020",266,266,0.296301844454781,"ok"
"AGDD","COM2","FPC4","FPC4_COM2","TXH3.2021",245,245,0.237638512957046,"ok"
"AGDD","COM2","FPC4","FPC4_COM2","WIH1.2020",394,394,0.0658389504606192,"ok"
"AGDD","COM2","FPC4","FPC4_COM2","WIH1.2021",398,398,0.20914927374783,"ok"
"AGDD","COM2","FPC4","FPC4_COM2","WIH2.2020",1127,1127,0.0587135764546467,"ok"
"AGDD","COM2","FPC4","FPC4_COM2","WIH2.2021",1137,1137,-0.157573943389781,"ok"
"AGDD","COM2","FPC4","FPC4_COM2","WIH3.2020",415,415,-0.0864833634693158,"ok"
"AGDD","COM2","FPC4","FPC4_COM2","WIH3.2021",397,397,-0.00534678317309805,"ok"
"AGDD","COM2","FPC5","FPC5_COM2","DEH1.2020",1142,1142,-0.471065870324193,"ok"
"AGDD","COM2","FPC5","FPC5_COM2","IAH4.2021",1128,1128,0.0294179538888061,"ok"
"AGDD","COM2","FPC5","FPC5_COM2","MIH1.2020",414,414,0.25076725780001,"ok"
"AGDD","COM2","FPC5","FPC5_COM2","MNH1.2020",395,395,0.471830818351802,"ok"
"AGDD","COM2","FPC5","FPC5_COM2","MNH1.2021",415,415,0.234078547684451,"ok"
"AGDD","COM2","FPC5","FPC5_COM2","MOH1.2020",1006,1006,0.383330957251046,"ok"
"AGDD","COM2","FPC5","FPC5_COM2","NEH1.2021",246,246,-0.0610325126023903,"ok"
"AGDD","COM2","FPC5","FPC5_COM2","TXH1.2020",246,246,-0.0916717898656866,"ok"
"AGDD","COM2","FPC5","FPC5_COM2","TXH1.2021",246,246,-0.0602986290028465,"ok"
"AGDD","COM2","FPC5","FPC5_COM2","TXH2.2020",246,246,-0.107808178289843,"ok"
"AGDD","COM2","FPC5","FPC5_COM2","TXH2.2021",246,246,0.161005455669495,"ok"
"AGDD","COM2","FPC5","FPC5_COM2","TXH3.2020",266,266,0.0971942762906028,"ok"
"AGDD","COM2","FPC5","FPC5_COM2","TXH3.2021",245,245,0.234471117992625,"ok"
"AGDD","COM2","FPC5","FPC5_COM2","WIH1.2020",394,394,0.408345881523755,"ok"
"AGDD","COM2","FPC5","FPC5_COM2","WIH1.2021",398,398,-0.00869225819775002,"ok"
"AGDD","COM2","FPC5","FPC5_COM2","WIH2.2020",1127,1127,0.169307126690783,"ok"
"AGDD","COM2","FPC5","FPC5_COM2","WIH2.2021",1137,1137,0.136709729423172,"ok"
"AGDD","COM2","FPC5","FPC5_COM2","WIH3.2020",415,415,0.0889035594016714,"ok"
"AGDD","COM2","FPC5","FPC5_COM2","WIH3.2021",397,397,0.419256897690856,"ok"
"AGDD","COM2","FPC6","FPC6_COM2","DEH1.2020",1142,1142,0.151898002665218,"ok"
"AGDD","COM2","FPC6","FPC6_COM2","IAH4.2021",1128,1128,0.120124319577998,"ok"
"AGDD","COM2","FPC6","FPC6_COM2","MIH1.2020",414,414,0.336872185022484,"ok"
"AGDD","COM2","FPC6","FPC6_COM2","MNH1.2020",395,395,-0.396236078365497,"ok"
"AGDD","COM2","FPC6","FPC6_COM2","MNH1.2021",415,415,-0.137557447011152,"ok"
"AGDD","COM2","FPC6","FPC6_COM2","MOH1.2020",1006,1006,0.23586138932079,"ok"
"AGDD","COM2","FPC6","FPC6_COM2","NEH1.2021",246,246,0.370725805879034,"ok"
"AGDD","COM2","FPC6","FPC6_COM2","TXH1.2020",246,246,0.189943208340175,"ok"
"AGDD","COM2","FPC6","FPC6_COM2","TXH1.2021",246,246,0.117654231657475,"ok"
"AGDD","COM2","FPC6","FPC6_COM2","TXH2.2020",246,246,0.364265535104329,"ok"
"AGDD","COM2","FPC6","FPC6_COM2","TXH2.2021",246,246,0.0710904482970681,"ok"
"AGDD","COM2","FPC6","FPC6_COM2","TXH3.2020",266,266,0.269322852716147,"ok"
"AGDD","COM2","FPC6","FPC6_COM2","TXH3.2021",245,245,0.412481305671157,"ok"
"AGDD","COM2","FPC6","FPC6_COM2","WIH1.2020",394,394,0.0462045088719515,"ok"
"AGDD","COM2","FPC6","FPC6_COM2","WIH1.2021",398,398,0.242961362203654,"ok"
"AGDD","COM2","FPC6","FPC6_COM2","WIH2.2020",1127,1127,0.154221623489904,"ok"
"AGDD","COM2","FPC6","FPC6_COM2","WIH2.2021",1137,1137,-0.0654410960449134,"ok"
"AGDD","COM2","FPC6","FPC6_COM2","WIH3.2020",415,415,-0.0514576487570037,"ok"
"AGDD","COM2","FPC6","FPC6_COM2","WIH3.2021",397,397,0.0104772506111309,"ok"
"AGDD","COM2","FPC7","FPC7_COM2","DEH1.2020",1142,1142,0.321831461051626,"ok"
"AGDD","COM2","FPC7","FPC7_COM2","IAH4.2021",1128,1128,0.291469972561066,"ok"
"AGDD","COM2","FPC7","FPC7_COM2","MIH1.2020",414,414,0.390172971493939,"ok"
"AGDD","COM2","FPC7","FPC7_COM2","MNH1.2020",395,395,0.275177880025188,"ok"
"AGDD","COM2","FPC7","FPC7_COM2","MNH1.2021",415,415,0.0405072287660348,"ok"
"AGDD","COM2","FPC7","FPC7_COM2","MOH1.2020",1006,1006,0.192813835337793,"ok"
"AGDD","COM2","FPC7","FPC7_COM2","NEH1.2021",246,246,0.336245801005134,"ok"
"AGDD","COM2","FPC7","FPC7_COM2","TXH1.2020",246,246,0.364209980878498,"ok"
"AGDD","COM2","FPC7","FPC7_COM2","TXH1.2021",246,246,0.240628312189455,"ok"
"AGDD","COM2","FPC7","FPC7_COM2","TXH2.2020",246,246,0.404567908439513,"ok"
"AGDD","COM2","FPC7","FPC7_COM2","TXH2.2021",246,246,-0.254552892708272,"ok"
"AGDD","COM2","FPC7","FPC7_COM2","TXH3.2020",266,266,0.048682057554534,"ok"
"AGDD","COM2","FPC7","FPC7_COM2","TXH3.2021",245,245,0.335214261574969,"ok"
"AGDD","COM2","FPC7","FPC7_COM2","WIH1.2020",394,394,0.340163315857168,"ok"
"AGDD","COM2","FPC7","FPC7_COM2","WIH1.2021",398,398,0.353767318606838,"ok"
"AGDD","COM2","FPC7","FPC7_COM2","WIH2.2020",1127,1127,0.160844869086428,"ok"
"AGDD","COM2","FPC7","FPC7_COM2","WIH2.2021",1137,1137,0.222428793872035,"ok"
"AGDD","COM2","FPC7","FPC7_COM2","WIH3.2020",415,415,0.0453981825487098,"ok"
"AGDD","COM2","FPC7","FPC7_COM2","WIH3.2021",397,397,-0.0110432292438218,"ok"
"AGDD","EXR","FPC1","FPC1_EXR","DEH1.2020",1142,1142,-0.24274574880085,"ok"
"AGDD","EXR","FPC1","FPC1_EXR","IAH4.2021",1128,1128,-0.343026680943937,"ok"
"AGDD","EXR","FPC1","FPC1_EXR","MIH1.2020",414,414,-0.1309394336119,"ok"
"AGDD","EXR","FPC1","FPC1_EXR","MNH1.2020",395,395,0.144678821712671,"ok"
"AGDD","EXR","FPC1","FPC1_EXR","MNH1.2021",415,415,-0.0401229156679746,"ok"
"AGDD","EXR","FPC1","FPC1_EXR","MOH1.2020",1006,1006,0.272045249345243,"ok"
"AGDD","EXR","FPC1","FPC1_EXR","NEH1.2021",246,246,0.0711372680891009,"ok"
"AGDD","EXR","FPC1","FPC1_EXR","TXH1.2020",246,246,-0.421310072413664,"ok"
"AGDD","EXR","FPC1","FPC1_EXR","TXH1.2021",246,246,-0.0289865726723675,"ok"
"AGDD","EXR","FPC1","FPC1_EXR","TXH2.2020",246,246,-0.346170789376414,"ok"
"AGDD","EXR","FPC1","FPC1_EXR","TXH2.2021",246,246,0.4495008254101,"ok"
"AGDD","EXR","FPC1","FPC1_EXR","TXH3.2020",266,266,0.0138239878274893,"ok"
"AGDD","EXR","FPC1","FPC1_EXR","TXH3.2021",245,245,0.124426085799525,"ok"
"AGDD","EXR","FPC1","FPC1_EXR","WIH1.2020",394,394,0.0442890114297465,"ok"
"AGDD","EXR","FPC1","FPC1_EXR","WIH1.2021",398,398,0.155337361545072,"ok"
"AGDD","EXR","FPC1","FPC1_EXR","WIH2.2020",1127,1127,0.0378856626063238,"ok"
"AGDD","EXR","FPC1","FPC1_EXR","WIH2.2021",1137,1137,-0.214016088038249,"ok"
"AGDD","EXR","FPC1","FPC1_EXR","WIH3.2020",415,415,0.129628858096024,"ok"
"AGDD","EXR","FPC1","FPC1_EXR","WIH3.2021",397,397,0.0730966855044704,"ok"
"AGDD","EXR","FPC2","FPC2_EXR","DEH1.2020",1142,1142,-0.0743408126354337,"ok"
"AGDD","EXR","FPC2","FPC2_EXR","IAH4.2021",1128,1128,-0.130937030555613,"ok"
"AGDD","EXR","FPC2","FPC2_EXR","MIH1.2020",414,414,0.173401265871901,"ok"
"AGDD","EXR","FPC2","FPC2_EXR","MNH1.2020",395,395,0.0130779003584635,"ok"
"AGDD","EXR","FPC2","FPC2_EXR","MNH1.2021",415,415,0.0455380180131528,"ok"
"AGDD","EXR","FPC2","FPC2_EXR","MOH1.2020",1006,1006,-0.296782112234919,"ok"
"AGDD","EXR","FPC2","FPC2_EXR","NEH1.2021",246,246,-0.0321317019079734,"ok"
"AGDD","EXR","FPC2","FPC2_EXR","TXH1.2020",246,246,-0.240482156769791,"ok"
"AGDD","EXR","FPC2","FPC2_EXR","TXH1.2021",246,246,-0.107060187455153,"ok"
"AGDD","EXR","FPC2","FPC2_EXR","TXH2.2020",246,246,0.185200239327515,"ok"
"AGDD","EXR","FPC2","FPC2_EXR","TXH2.2021",246,246,-0.450251992692156,"ok"
"AGDD","EXR","FPC2","FPC2_EXR","TXH3.2020",266,266,-0.204029907099548,"ok"
"AGDD","EXR","FPC2","FPC2_EXR","TXH3.2021",245,245,0.10051774494831,"ok"
"AGDD","EXR","FPC2","FPC2_EXR","WIH1.2020",394,394,0.157453815789347,"ok"
"AGDD","EXR","FPC2","FPC2_EXR","WIH1.2021",398,398,-0.255811031591808,"ok"
"AGDD","EXR","FPC2","FPC2_EXR","WIH2.2020",1127,1127,0.0430382547314902,"ok"
"AGDD","EXR","FPC2","FPC2_EXR","WIH2.2021",1137,1137,0.225754975349489,"ok"
"AGDD","EXR","FPC2","FPC2_EXR","WIH3.2020",415,415,0.0242099119390232,"ok"
"AGDD","EXR","FPC2","FPC2_EXR","WIH3.2021",397,397,0.0145746718476785,"ok"
"AGDD","EXR","FPC3","FPC3_EXR","DEH1.2020",1142,1142,0.182854256145926,"ok"
"AGDD","EXR","FPC3","FPC3_EXR","IAH4.2021",1128,1128,0.357157527353623,"ok"
"AGDD","EXR","FPC3","FPC3_EXR","MIH1.2020",414,414,-0.301631395094225,"ok"
"AGDD","EXR","FPC3","FPC3_EXR","MNH1.2020",395,395,0.447654743090718,"ok"
"AGDD","EXR","FPC3","FPC3_EXR","MNH1.2021",415,415,-0.0112964687361781,"ok"
"AGDD","EXR","FPC3","FPC3_EXR","MOH1.2020",1006,1006,0.217652003876142,"ok"
"AGDD","EXR","FPC3","FPC3_EXR","NEH1.2021",246,246,-0.119226725944915,"ok"
"AGDD","EXR","FPC3","FPC3_EXR","TXH1.2020",246,246,0.120948285404049,"ok"
"AGDD","EXR","FPC3","FPC3_EXR","TXH1.2021",246,246,0.247732245491581,"ok"
"AGDD","EXR","FPC3","FPC3_EXR","TXH2.2020",246,246,-0.330249194264814,"ok"
"AGDD","EXR","FPC3","FPC3_EXR","TXH2.2021",246,246,0.320739767522117,"ok"
"AGDD","EXR","FPC3","FPC3_EXR","TXH3.2020",266,266,0.0694802821471539,"ok"
"AGDD","EXR","FPC3","FPC3_EXR","TXH3.2021",245,245,-0.151138320456987,"ok"
"AGDD","EXR","FPC3","FPC3_EXR","WIH1.2020",394,394,-0.281532780446866,"ok"
"AGDD","EXR","FPC3","FPC3_EXR","WIH1.2021",398,398,0.313325004491897,"ok"
"AGDD","EXR","FPC3","FPC3_EXR","WIH2.2020",1127,1127,-0.00228926168368227,"ok"
"AGDD","EXR","FPC3","FPC3_EXR","WIH2.2021",1137,1137,0.149452537581624,"ok"
"AGDD","EXR","FPC3","FPC3_EXR","WIH3.2020",415,415,-0.0267183887388433,"ok"
"AGDD","EXR","FPC3","FPC3_EXR","WIH3.2021",397,397,0.0474703403653138,"ok"
"AGDD","EXR","FPC4","FPC4_EXR","DEH1.2020",1142,1142,0.209035603907026,"ok"
"AGDD","EXR","FPC4","FPC4_EXR","IAH4.2021",1128,1128,0.201606442018853,"ok"
"AGDD","EXR","FPC4","FPC4_EXR","MIH1.2020",414,414,-0.357161175810137,"ok"
"AGDD","EXR","FPC4","FPC4_EXR","MNH1.2020",395,395,-0.069561974894502,"ok"
"AGDD","EXR","FPC4","FPC4_EXR","MNH1.2021",415,415,-0.188580816064818,"ok"
"AGDD","EXR","FPC4","FPC4_EXR","MOH1.2020",1006,1006,0.149937712494359,"ok"
"AGDD","EXR","FPC4","FPC4_EXR","NEH1.2021",246,246,-0.151007851425641,"ok"
"AGDD","EXR","FPC4","FPC4_EXR","TXH1.2020",246,246,-0.0813422870171515,"ok"
"AGDD","EXR","FPC4","FPC4_EXR","TXH1.2021",246,246,0.180450510408972,"ok"
"AGDD","EXR","FPC4","FPC4_EXR","TXH2.2020",246,246,-0.403517592947265,"ok"
"AGDD","EXR","FPC4","FPC4_EXR","TXH2.2021",246,246,0.355492691985197,"ok"
"AGDD","EXR","FPC4","FPC4_EXR","TXH3.2020",266,266,0.121517263902427,"ok"
"AGDD","EXR","FPC4","FPC4_EXR","TXH3.2021",245,245,-0.385107942263049,"ok"
"AGDD","EXR","FPC4","FPC4_EXR","WIH1.2020",394,394,-0.279212622621458,"ok"
"AGDD","EXR","FPC4","FPC4_EXR","WIH1.2021",398,398,0.193576109144223,"ok"
"AGDD","EXR","FPC4","FPC4_EXR","WIH2.2020",1127,1127,-0.0689566210114379,"ok"
"AGDD","EXR","FPC4","FPC4_EXR","WIH2.2021",1137,1137,-0.12495537141474,"ok"
"AGDD","EXR","FPC4","FPC4_EXR","WIH3.2020",415,415,-0.0176385858351066,"ok"
"AGDD","EXR","FPC4","FPC4_EXR","WIH3.2021",397,397,-0.0388132242602172,"ok"
"AGDD","EXR","FPC5","FPC5_EXR","DEH1.2020",1142,1142,0.0109525679426485,"ok"
"AGDD","EXR","FPC5","FPC5_EXR","IAH4.2021",1128,1128,0.0303986983472386,"ok"
"AGDD","EXR","FPC5","FPC5_EXR","MIH1.2020",414,414,-0.0224439037955299,"ok"
"AGDD","EXR","FPC5","FPC5_EXR","MNH1.2020",395,395,0.360604283051964,"ok"
"AGDD","EXR","FPC5","FPC5_EXR","MNH1.2021",415,415,0.164040834878832,"ok"
"AGDD","EXR","FPC5","FPC5_EXR","MOH1.2020",1006,1006,-0.0698949837993557,"ok"
"AGDD","EXR","FPC5","FPC5_EXR","NEH1.2021",246,246,-0.248296892097591,"ok"
"AGDD","EXR","FPC5","FPC5_EXR","TXH1.2020",246,246,-0.0928021185237011,"ok"
"AGDD","EXR","FPC5","FPC5_EXR","TXH1.2021",246,246,-0.248830235208902,"ok"
"AGDD","EXR","FPC5","FPC5_EXR","TXH2.2020",246,246,0.126131669807573,"ok"
"AGDD","EXR","FPC5","FPC5_EXR","TXH2.2021",246,246,-0.159395981791955,"ok"
"AGDD","EXR","FPC5","FPC5_EXR","TXH3.2020",266,266,-0.198214702382577,"ok"
"AGDD","EXR","FPC5","FPC5_EXR","TXH3.2021",245,245,0.242009109636678,"ok"
"AGDD","EXR","FPC5","FPC5_EXR","WIH1.2020",394,394,0.330642200686499,"ok"
"AGDD","EXR","FPC5","FPC5_EXR","WIH1.2021",398,398,0.136239315850281,"ok"
"AGDD","EXR","FPC5","FPC5_EXR","WIH2.2020",1127,1127,0.0167935815552309,"ok"
"AGDD","EXR","FPC5","FPC5_EXR","WIH2.2021",1137,1137,-0.0817707039699419,"ok"
"AGDD","EXR","FPC5","FPC5_EXR","WIH3.2020",415,415,0.0863595159236892,"ok"
"AGDD","EXR","FPC5","FPC5_EXR","WIH3.2021",397,397,0.00214482020330795,"ok"
"AGDD","EXR","FPC6","FPC6_EXR","DEH1.2020",1142,1142,0.0283411501938016,"ok"
"AGDD","EXR","FPC6","FPC6_EXR","IAH4.2021",1128,1128,-0.120824327971714,"ok"
"AGDD","EXR","FPC6","FPC6_EXR","MIH1.2020",414,414,0.273508939608186,"ok"
"AGDD","EXR","FPC6","FPC6_EXR","MNH1.2020",395,395,0.174066421537835,"ok"
"AGDD","EXR","FPC6","FPC6_EXR","MNH1.2021",415,415,0.195446848880079,"ok"
"AGDD","EXR","FPC6","FPC6_EXR","MOH1.2020",1006,1006,0.100492048023289,"ok"
"AGDD","EXR","FPC6","FPC6_EXR","NEH1.2021",246,246,0.10915956810473,"ok"
"AGDD","EXR","FPC6","FPC6_EXR","TXH1.2020",246,246,0.0608504693764063,"ok"
"AGDD","EXR","FPC6","FPC6_EXR","TXH1.2021",246,246,0.219961316181837,"ok"
"AGDD","EXR","FPC6","FPC6_EXR","TXH2.2020",246,246,0.435968138759644,"ok"
"AGDD","EXR","FPC6","FPC6_EXR","TXH2.2021",246,246,0.394398651531975,"ok"
"AGDD","EXR","FPC6","FPC6_EXR","TXH3.2020",266,266,-0.092183168656052,"ok"
"AGDD","EXR","FPC6","FPC6_EXR","TXH3.2021",245,245,0.292153799712679,"ok"
"AGDD","EXR","FPC6","FPC6_EXR","WIH1.2020",394,394,-0.340030646719482,"ok"
"AGDD","EXR","FPC6","FPC6_EXR","WIH1.2021",398,398,0.249489897175061,"ok"
"AGDD","EXR","FPC6","FPC6_EXR","WIH2.2020",1127,1127,-0.0132300012660793,"ok"
"AGDD","EXR","FPC6","FPC6_EXR","WIH2.2021",1137,1137,0.0427100357036448,"ok"
"AGDD","EXR","FPC6","FPC6_EXR","WIH3.2020",415,415,-0.0449731549638444,"ok"
"AGDD","EXR","FPC6","FPC6_EXR","WIH3.2021",397,397,-0.00517612849781972,"ok"
"AGDD","EXR","FPC7","FPC7_EXR","DEH1.2020",1142,1142,0.169176843658558,"ok"
"AGDD","EXR","FPC7","FPC7_EXR","IAH4.2021",1128,1128,-0.308247255432809,"ok"
"AGDD","EXR","FPC7","FPC7_EXR","MIH1.2020",414,414,0.0667175012685761,"ok"
"AGDD","EXR","FPC7","FPC7_EXR","MNH1.2020",395,395,0.0026481877522627,"ok"
"AGDD","EXR","FPC7","FPC7_EXR","MNH1.2021",415,415,-0.0888900012370537,"ok"
"AGDD","EXR","FPC7","FPC7_EXR","MOH1.2020",1006,1006,-0.142693732229939,"ok"
"AGDD","EXR","FPC7","FPC7_EXR","NEH1.2021",246,246,0.0673272668185367,"ok"
"AGDD","EXR","FPC7","FPC7_EXR","TXH1.2020",246,246,0.0764906132231676,"ok"
"AGDD","EXR","FPC7","FPC7_EXR","TXH1.2021",246,246,-0.0879599896888031,"ok"
"AGDD","EXR","FPC7","FPC7_EXR","TXH2.2020",246,246,-0.142478574093333,"ok"
"AGDD","EXR","FPC7","FPC7_EXR","TXH2.2021",246,246,-0.444093503687227,"ok"
"AGDD","EXR","FPC7","FPC7_EXR","TXH3.2020",266,266,0.0526764627759508,"ok"
"AGDD","EXR","FPC7","FPC7_EXR","TXH3.2021",245,245,-0.102697949167078,"ok"
"AGDD","EXR","FPC7","FPC7_EXR","WIH1.2020",394,394,-0.237596313699701,"ok"
"AGDD","EXR","FPC7","FPC7_EXR","WIH1.2021",398,398,-0.263829626023709,"ok"
"AGDD","EXR","FPC7","FPC7_EXR","WIH2.2020",1127,1127,0.0164758587202642,"ok"
"AGDD","EXR","FPC7","FPC7_EXR","WIH2.2021",1137,1137,0.263581080794241,"ok"
"AGDD","EXR","FPC7","FPC7_EXR","WIH3.2020",415,415,0.0698675180857977,"ok"
"AGDD","EXR","FPC7","FPC7_EXR","WIH3.2021",397,397,-0.0431963456425611,"ok"
"AGDD","ExG","FPC1","FPC1_ExG","DEH1.2020",1142,1142,0.119874225019571,"ok"
"AGDD","ExG","FPC1","FPC1_ExG","IAH4.2021",1128,1128,0.00840359373889495,"ok"
"AGDD","ExG","FPC1","FPC1_ExG","MIH1.2020",414,414,0.149592799573357,"ok"
"AGDD","ExG","FPC1","FPC1_ExG","MNH1.2020",395,395,0.412164546541253,"ok"
"AGDD","ExG","FPC1","FPC1_ExG","MNH1.2021",415,415,0.0621700629101156,"ok"
"AGDD","ExG","FPC1","FPC1_ExG","MOH1.2020",1006,1006,-0.0945903587899442,"ok"
"AGDD","ExG","FPC1","FPC1_ExG","NEH1.2021",246,246,-0.310238234477755,"ok"
"AGDD","ExG","FPC1","FPC1_ExG","TXH1.2020",246,246,0.226967235411144,"ok"
"AGDD","ExG","FPC1","FPC1_ExG","TXH1.2021",246,246,0.0580367598753114,"ok"
"AGDD","ExG","FPC1","FPC1_ExG","TXH2.2020",246,246,0.201358001563686,"ok"
"AGDD","ExG","FPC1","FPC1_ExG","TXH2.2021",246,246,-0.291771869982745,"ok"
"AGDD","ExG","FPC1","FPC1_ExG","TXH3.2020",266,266,0.0450540466512107,"ok"
"AGDD","ExG","FPC1","FPC1_ExG","TXH3.2021",245,245,-0.0221808438189045,"ok"
"AGDD","ExG","FPC1","FPC1_ExG","WIH1.2020",394,394,0.435431856492744,"ok"
"AGDD","ExG","FPC1","FPC1_ExG","WIH1.2021",398,398,0.206613650398397,"ok"
"AGDD","ExG","FPC1","FPC1_ExG","WIH2.2020",1127,1127,0.120350362579263,"ok"
"AGDD","ExG","FPC1","FPC1_ExG","WIH2.2021",1137,1137,-0.100712576504082,"ok"
"AGDD","ExG","FPC1","FPC1_ExG","WIH3.2020",415,415,0.135713771110022,"ok"
"AGDD","ExG","FPC1","FPC1_ExG","WIH3.2021",397,397,-0.0167523415570593,"ok"
"AGDD","ExG","FPC2","FPC2_ExG","DEH1.2020",1142,1142,-0.257651661828518,"ok"
"AGDD","ExG","FPC2","FPC2_ExG","IAH4.2021",1128,1128,-0.0538623613798032,"ok"
"AGDD","ExG","FPC2","FPC2_ExG","MIH1.2020",414,414,0.142017885540006,"ok"
"AGDD","ExG","FPC2","FPC2_ExG","MNH1.2020",395,395,0.465792655432098,"ok"
"AGDD","ExG","FPC2","FPC2_ExG","MNH1.2021",415,415,0.221652170688133,"ok"
"AGDD","ExG","FPC2","FPC2_ExG","MOH1.2020",1006,1006,0.34213432603063,"ok"
"AGDD","ExG","FPC2","FPC2_ExG","NEH1.2021",246,246,0.150379939461175,"ok"
"AGDD","ExG","FPC2","FPC2_ExG","TXH1.2020",246,246,0.0527437090530682,"ok"
"AGDD","ExG","FPC2","FPC2_ExG","TXH1.2021",246,246,-0.140031942165836,"ok"
"AGDD","ExG","FPC2","FPC2_ExG","TXH2.2020",246,246,0.12277013026439,"ok"
"AGDD","ExG","FPC2","FPC2_ExG","TXH2.2021",246,246,0.216851313986905,"ok"
"AGDD","ExG","FPC2","FPC2_ExG","TXH3.2020",266,266,0.238530113704507,"ok"
"AGDD","ExG","FPC2","FPC2_ExG","TXH3.2021",245,245,-0.129191120314013,"ok"
"AGDD","ExG","FPC2","FPC2_ExG","WIH1.2020",394,394,0.347509250652743,"ok"
"AGDD","ExG","FPC2","FPC2_ExG","WIH1.2021",398,398,0.26867561723708,"ok"
"AGDD","ExG","FPC2","FPC2_ExG","WIH2.2020",1127,1127,0.241018420095875,"ok"
"AGDD","ExG","FPC2","FPC2_ExG","WIH2.2021",1137,1137,0.067596984668954,"ok"
"AGDD","ExG","FPC2","FPC2_ExG","WIH3.2020",415,415,0.128182729777757,"ok"
"AGDD","ExG","FPC2","FPC2_ExG","WIH3.2021",397,397,0.372541944028684,"ok"
"AGDD","ExG","FPC3","FPC3_ExG","DEH1.2020",1142,1142,-0.106231777156751,"ok"
"AGDD","ExG","FPC3","FPC3_ExG","IAH4.2021",1128,1128,0.00932151568758516,"ok"
"AGDD","ExG","FPC3","FPC3_ExG","MIH1.2020",414,414,0.184301658844198,"ok"
"AGDD","ExG","FPC3","FPC3_ExG","MNH1.2020",395,395,0.441437400217105,"ok"
"AGDD","ExG","FPC3","FPC3_ExG","MNH1.2021",415,415,0.227492913492693,"ok"
"AGDD","ExG","FPC3","FPC3_ExG","MOH1.2020",1006,1006,0.31243325399309,"ok"
"AGDD","ExG","FPC3","FPC3_ExG","NEH1.2021",246,246,0.0933470582512042,"ok"
"AGDD","ExG","FPC3","FPC3_ExG","TXH1.2020",246,246,-0.026212003572815,"ok"
"AGDD","ExG","FPC3","FPC3_ExG","TXH1.2021",246,246,0.122591886804638,"ok"
"AGDD","ExG","FPC3","FPC3_ExG","TXH2.2020",246,246,0.175955031358933,"ok"
"AGDD","ExG","FPC3","FPC3_ExG","TXH2.2021",246,246,-0.278699848185066,"ok"
"AGDD","ExG","FPC3","FPC3_ExG","TXH3.2020",266,266,0.248200577621563,"ok"
"AGDD","ExG","FPC3","FPC3_ExG","TXH3.2021",245,245,0.0522136937060965,"ok"
"AGDD","ExG","FPC3","FPC3_ExG","WIH1.2020",394,394,0.387107368441751,"ok"
"AGDD","ExG","FPC3","FPC3_ExG","WIH1.2021",398,398,0.355163185479894,"ok"
"AGDD","ExG","FPC3","FPC3_ExG","WIH2.2020",1127,1127,0.193225354057838,"ok"
"AGDD","ExG","FPC3","FPC3_ExG","WIH2.2021",1137,1137,0.0498092615861002,"ok"
"AGDD","ExG","FPC3","FPC3_ExG","WIH3.2020",415,415,0.0873930815507458,"ok"
"AGDD","ExG","FPC3","FPC3_ExG","WIH3.2021",397,397,0.208386984436189,"ok"
"AGDD","ExG","FPC4","FPC4_ExG","DEH1.2020",1142,1142,0.086833325120304,"ok"
"AGDD","ExG","FPC4","FPC4_ExG","IAH4.2021",1128,1128,0.0383110152263216,"ok"
"AGDD","ExG","FPC4","FPC4_ExG","MIH1.2020",414,414,0.239780196624843,"ok"
"AGDD","ExG","FPC4","FPC4_ExG","MNH1.2020",395,395,0.190121799392303,"ok"
"AGDD","ExG","FPC4","FPC4_ExG","MNH1.2021",415,415,0.141312944629804,"ok"
"AGDD","ExG","FPC4","FPC4_ExG","MOH1.2020",1006,1006,-0.213948768986017,"ok"
"AGDD","ExG","FPC4","FPC4_ExG","NEH1.2021",246,246,0.369409341264121,"ok"
"AGDD","ExG","FPC4","FPC4_ExG","TXH1.2020",246,246,0.0307136383981117,"ok"
"AGDD","ExG","FPC4","FPC4_ExG","TXH1.2021",246,246,0.176363663672579,"ok"
"AGDD","ExG","FPC4","FPC4_ExG","TXH2.2020",246,246,0.305346136766561,"ok"
"AGDD","ExG","FPC4","FPC4_ExG","TXH2.2021",246,246,-0.193336072035439,"ok"
"AGDD","ExG","FPC4","FPC4_ExG","TXH3.2020",266,266,0.24081849981578,"ok"
"AGDD","ExG","FPC4","FPC4_ExG","TXH3.2021",245,245,0.26257387350364,"ok"
"AGDD","ExG","FPC4","FPC4_ExG","WIH1.2020",394,394,-0.00969685476983126,"ok"
"AGDD","ExG","FPC4","FPC4_ExG","WIH1.2021",398,398,0.348457232246502,"ok"
"AGDD","ExG","FPC4","FPC4_ExG","WIH2.2020",1127,1127,-0.0523881024586699,"ok"
"AGDD","ExG","FPC4","FPC4_ExG","WIH2.2021",1137,1137,0.0957302874991515,"ok"
"AGDD","ExG","FPC4","FPC4_ExG","WIH3.2020",415,415,0.0735523770540719,"ok"
"AGDD","ExG","FPC4","FPC4_ExG","WIH3.2021",397,397,-0.255199571927871,"ok"
"AGDD","ExG","FPC5","FPC5_ExG","DEH1.2020",1142,1142,-0.337671975568205,"ok"
"AGDD","ExG","FPC5","FPC5_ExG","IAH4.2021",1128,1128,-0.112895738783449,"ok"
"AGDD","ExG","FPC5","FPC5_ExG","MIH1.2020",414,414,-0.411190629393066,"ok"
"AGDD","ExG","FPC5","FPC5_ExG","MNH1.2020",395,395,0.39153377301033,"ok"
"AGDD","ExG","FPC5","FPC5_ExG","MNH1.2021",415,415,0.068500463578788,"ok"
"AGDD","ExG","FPC5","FPC5_ExG","MOH1.2020",1006,1006,0.270991932152977,"ok"
"AGDD","ExG","FPC5","FPC5_ExG","NEH1.2021",246,246,-0.335313107664393,"ok"
"AGDD","ExG","FPC5","FPC5_ExG","TXH1.2020",246,246,-0.0445171099424056,"ok"
"AGDD","ExG","FPC5","FPC5_ExG","TXH1.2021",246,246,-0.222894699639054,"ok"
"AGDD","ExG","FPC5","FPC5_ExG","TXH2.2020",246,246,-0.221372146234728,"ok"
"AGDD","ExG","FPC5","FPC5_ExG","TXH2.2021",246,246,0.130039429806644,"ok"
"AGDD","ExG","FPC5","FPC5_ExG","TXH3.2020",266,266,-0.0300971917211771,"ok"
"AGDD","ExG","FPC5","FPC5_ExG","TXH3.2021",245,245,-0.253928073132764,"ok"
"AGDD","ExG","FPC5","FPC5_ExG","WIH1.2020",394,394,-0.102680575917985,"ok"
"AGDD","ExG","FPC5","FPC5_ExG","WIH1.2021",398,398,-0.243005224420325,"ok"
"AGDD","ExG","FPC5","FPC5_ExG","WIH2.2020",1127,1127,0.0397269434436535,"ok"
"AGDD","ExG","FPC5","FPC5_ExG","WIH2.2021",1137,1137,-0.0986746444050625,"ok"
"AGDD","ExG","FPC5","FPC5_ExG","WIH3.2020",415,415,0.0163623331076458,"ok"
"AGDD","ExG","FPC5","FPC5_ExG","WIH3.2021",397,397,0.238527005452559,"ok"
"AGDD","ExG","FPC6","FPC6_ExG","DEH1.2020",1142,1142,-0.0665765749716262,"ok"
"AGDD","ExG","FPC6","FPC6_ExG","IAH4.2021",1128,1128,-0.0476395559150195,"ok"
"AGDD","ExG","FPC6","FPC6_ExG","MIH1.2020",414,414,0.411610170419207,"ok"
"AGDD","ExG","FPC6","FPC6_ExG","MNH1.2020",395,395,0.0604921553154623,"ok"
"AGDD","ExG","FPC6","FPC6_ExG","MNH1.2021",415,415,0.108524260938333,"ok"
"AGDD","ExG","FPC6","FPC6_ExG","MOH1.2020",1006,1006,0.294389371330938,"ok"
"AGDD","ExG","FPC6","FPC6_ExG","NEH1.2021",246,246,0.307262314107167,"ok"
"AGDD","ExG","FPC6","FPC6_ExG","TXH1.2020",246,246,-0.418618988219132,"ok"
"AGDD","ExG","FPC6","FPC6_ExG","TXH1.2021",246,246,0.0743031699022014,"ok"
"AGDD","ExG","FPC6","FPC6_ExG","TXH2.2020",246,246,-0.00743544741189318,"ok"
"AGDD","ExG","FPC6","FPC6_ExG","TXH2.2021",246,246,0.146943306136627,"ok"
"AGDD","ExG","FPC6","FPC6_ExG","TXH3.2020",266,266,0.080303508858164,"ok"
"AGDD","ExG","FPC6","FPC6_ExG","TXH3.2021",245,245,0.328539030217056,"ok"
"AGDD","ExG","FPC6","FPC6_ExG","WIH1.2020",394,394,0.298588002941198,"ok"
"AGDD","ExG","FPC6","FPC6_ExG","WIH1.2021",398,398,-0.00405666154550496,"ok"
"AGDD","ExG","FPC6","FPC6_ExG","WIH2.2020",1127,1127,0.192502665643323,"ok"
"AGDD","ExG","FPC6","FPC6_ExG","WIH2.2021",1137,1137,0.362897845655552,"ok"
"AGDD","ExG","FPC6","FPC6_ExG","WIH3.2020",415,415,0.0626487631225662,"ok"
"AGDD","ExG","FPC6","FPC6_ExG","WIH3.2021",397,397,0.0918565267764666,"ok"
"AGDD","ExG","FPC7","FPC7_ExG","DEH1.2020",1142,1142,-0.256853836401752,"ok"
"AGDD","ExG","FPC7","FPC7_ExG","IAH4.2021",1128,1128,-0.0801357479263102,"ok"
"AGDD","ExG","FPC7","FPC7_ExG","MIH1.2020",414,414,-0.0889724843312098,"ok"
"AGDD","ExG","FPC7","FPC7_ExG","MNH1.2020",395,395,0.386432791230176,"ok"
"AGDD","ExG","FPC7","FPC7_ExG","MNH1.2021",415,415,0.18534319997573,"ok"
"AGDD","ExG","FPC7","FPC7_ExG","MOH1.2020",1006,1006,0.0541320964063515,"ok"
"AGDD","ExG","FPC7","FPC7_ExG","NEH1.2021",246,246,0.139533256623339,"ok"
"AGDD","ExG","FPC7","FPC7_ExG","TXH1.2020",246,246,-0.184613854449391,"ok"
"AGDD","ExG","FPC7","FPC7_ExG","TXH1.2021",246,246,-0.201146111712107,"ok"
"AGDD","ExG","FPC7","FPC7_ExG","TXH2.2020",246,246,-0.214758697866174,"ok"
"AGDD","ExG","FPC7","FPC7_ExG","TXH2.2021",246,246,-0.0273614723797255,"ok"
"AGDD","ExG","FPC7","FPC7_ExG","TXH3.2020",266,266,0.169547905861464,"ok"
"AGDD","ExG","FPC7","FPC7_ExG","TXH3.2021",245,245,-0.156675974979906,"ok"
"AGDD","ExG","FPC7","FPC7_ExG","WIH1.2020",394,394,0.188005519811328,"ok"
"AGDD","ExG","FPC7","FPC7_ExG","WIH1.2021",398,398,-0.121807085500717,"ok"
"AGDD","ExG","FPC7","FPC7_ExG","WIH2.2020",1127,1127,-0.0536995879486403,"ok"
"AGDD","ExG","FPC7","FPC7_ExG","WIH2.2021",1137,1137,-0.134975020936756,"ok"
"AGDD","ExG","FPC7","FPC7_ExG","WIH3.2020",415,415,-0.017010140339489,"ok"
"AGDD","ExG","FPC7","FPC7_ExG","WIH3.2021",397,397,-0.0802191379208529,"ok"
"AGDD","ExG2","FPC1","FPC1_ExG2","DEH1.2020",1142,1142,0.186566190700862,"ok"
"AGDD","ExG2","FPC1","FPC1_ExG2","IAH4.2021",1128,1128,-0.135258803955373,"ok"
"AGDD","ExG2","FPC1","FPC1_ExG2","MIH1.2020",414,414,-0.249320575952317,"ok"
"AGDD","ExG2","FPC1","FPC1_ExG2","MNH1.2020",395,395,-0.401676418521587,"ok"
"AGDD","ExG2","FPC1","FPC1_ExG2","MNH1.2021",415,415,-0.161783597190456,"ok"
"AGDD","ExG2","FPC1","FPC1_ExG2","MOH1.2020",1006,1006,-0.339214738206174,"ok"
"AGDD","ExG2","FPC1","FPC1_ExG2","NEH1.2021",246,246,-0.101881696444263,"ok"
"AGDD","ExG2","FPC1","FPC1_ExG2","TXH1.2020",246,246,-0.331541141536086,"ok"
"AGDD","ExG2","FPC1","FPC1_ExG2","TXH1.2021",246,246,0.08861839728276,"ok"
"AGDD","ExG2","FPC1","FPC1_ExG2","TXH2.2020",246,246,-0.122887671234731,"ok"
"AGDD","ExG2","FPC1","FPC1_ExG2","TXH2.2021",246,246,-0.345594359919411,"ok"
"AGDD","ExG2","FPC1","FPC1_ExG2","TXH3.2020",266,266,-0.205566131785488,"ok"
"AGDD","ExG2","FPC1","FPC1_ExG2","TXH3.2021",245,245,-0.36742831766457,"ok"
"AGDD","ExG2","FPC1","FPC1_ExG2","WIH1.2020",394,394,-0.304800827342104,"ok"
"AGDD","ExG2","FPC1","FPC1_ExG2","WIH1.2021",398,398,-0.22125014370644,"ok"
"AGDD","ExG2","FPC1","FPC1_ExG2","WIH2.2020",1127,1127,-0.108865973788409,"ok"
"AGDD","ExG2","FPC1","FPC1_ExG2","WIH2.2021",1137,1137,-0.0963313862334235,"ok"
"AGDD","ExG2","FPC1","FPC1_ExG2","WIH3.2020",415,415,0.0201878757673862,"ok"
"AGDD","ExG2","FPC1","FPC1_ExG2","WIH3.2021",397,397,-0.18812063349532,"ok"
"AGDD","ExG2","FPC2","FPC2_ExG2","DEH1.2020",1142,1142,-0.24290394666863,"ok"
"AGDD","ExG2","FPC2","FPC2_ExG2","IAH4.2021",1128,1128,-0.04201922542264,"ok"
"AGDD","ExG2","FPC2","FPC2_ExG2","MIH1.2020",414,414,-0.0425589058997004,"ok"
"AGDD","ExG2","FPC2","FPC2_ExG2","MNH1.2020",395,395,0.175189836386149,"ok"
"AGDD","ExG2","FPC2","FPC2_ExG2","MNH1.2021",415,415,0.173700335503568,"ok"
"AGDD","ExG2","FPC2","FPC2_ExG2","MOH1.2020",1006,1006,0.321774747542377,"ok"
"AGDD","ExG2","FPC2","FPC2_ExG2","NEH1.2021",246,246,-0.0525636591080407,"ok"
"AGDD","ExG2","FPC2","FPC2_ExG2","TXH1.2020",246,246,0.37733503030949,"ok"
"AGDD","ExG2","FPC2","FPC2_ExG2","TXH1.2021",246,246,-0.182200110086446,"ok"
"AGDD","ExG2","FPC2","FPC2_ExG2","TXH2.2020",246,246,0.224404519063908,"ok"
"AGDD","ExG2","FPC2","FPC2_ExG2","TXH2.2021",246,246,0.336522428701817,"ok"
"AGDD","ExG2","FPC2","FPC2_ExG2","TXH3.2020",266,266,0.00313129306056724,"ok"
"AGDD","ExG2","FPC2","FPC2_ExG2","TXH3.2021",245,245,0.0702600313022945,"ok"
"AGDD","ExG2","FPC2","FPC2_ExG2","WIH1.2020",394,394,0.0522612029926628,"ok"
"AGDD","ExG2","FPC2","FPC2_ExG2","WIH1.2021",398,398,0.0566530156833897,"ok"
"AGDD","ExG2","FPC2","FPC2_ExG2","WIH2.2020",1127,1127,0.0794769229055989,"ok"
"AGDD","ExG2","FPC2","FPC2_ExG2","WIH2.2021",1137,1137,-0.0544172767359441,"ok"
"AGDD","ExG2","FPC2","FPC2_ExG2","WIH3.2020",415,415,-0.0680164528090268,"ok"
"AGDD","ExG2","FPC2","FPC2_ExG2","WIH3.2021",397,397,0.0893426603968404,"ok"
"AGDD","ExG2","FPC3","FPC3_ExG2","DEH1.2020",1142,1142,-0.0214010507939959,"ok"
"AGDD","ExG2","FPC3","FPC3_ExG2","IAH4.2021",1128,1128,0.138507077225512,"ok"
"AGDD","ExG2","FPC3","FPC3_ExG2","MIH1.2020",414,414,0.34190348547055,"ok"
"AGDD","ExG2","FPC3","FPC3_ExG2","MNH1.2020",395,395,0.288502646002734,"ok"
"AGDD","ExG2","FPC3","FPC3_ExG2","MNH1.2021",415,415,0.169981556555761,"ok"
"AGDD","ExG2","FPC3","FPC3_ExG2","MOH1.2020",1006,1006,0.337811917341281,"ok"
"AGDD","ExG2","FPC3","FPC3_ExG2","NEH1.2021",246,246,0.150423575190832,"ok"
"AGDD","ExG2","FPC3","FPC3_ExG2","TXH1.2020",246,246,0.518313021614118,"ok"
"AGDD","ExG2","FPC3","FPC3_ExG2","TXH1.2021",246,246,0.0928105002815734,"ok"
"AGDD","ExG2","FPC3","FPC3_ExG2","TXH2.2020",246,246,0.408148798684451,"ok"
"AGDD","ExG2","FPC3","FPC3_ExG2","TXH2.2021",246,246,-0.0936065928156634,"ok"
"AGDD","ExG2","FPC3","FPC3_ExG2","TXH3.2020",266,266,0.214923689292457,"ok"
"AGDD","ExG2","FPC3","FPC3_ExG2","TXH3.2021",245,245,0.444570452107862,"ok"
"AGDD","ExG2","FPC3","FPC3_ExG2","WIH1.2020",394,394,0.35837182275756,"ok"
"AGDD","ExG2","FPC3","FPC3_ExG2","WIH1.2021",398,398,0.301484126432363,"ok"
"AGDD","ExG2","FPC3","FPC3_ExG2","WIH2.2020",1127,1127,0.11785009294066,"ok"
"AGDD","ExG2","FPC3","FPC3_ExG2","WIH2.2021",1137,1137,-0.119123569024914,"ok"
"AGDD","ExG2","FPC3","FPC3_ExG2","WIH3.2020",415,415,-0.0557972601001238,"ok"
"AGDD","ExG2","FPC3","FPC3_ExG2","WIH3.2021",397,397,0.246657201483867,"ok"
"AGDD","ExG2","FPC4","FPC4_ExG2","DEH1.2020",1142,1142,0.0431496111794306,"ok"
"AGDD","ExG2","FPC4","FPC4_ExG2","IAH4.2021",1128,1128,0.0158333992814794,"ok"
"AGDD","ExG2","FPC4","FPC4_ExG2","MIH1.2020",414,414,0.1780634633414,"ok"
"AGDD","ExG2","FPC4","FPC4_ExG2","MNH1.2020",395,395,0.315876624168675,"ok"
"AGDD","ExG2","FPC4","FPC4_ExG2","MNH1.2021",415,415,0.0365912752708194,"ok"
"AGDD","ExG2","FPC4","FPC4_ExG2","MOH1.2020",1006,1006,-0.0534072453426601,"ok"
"AGDD","ExG2","FPC4","FPC4_ExG2","NEH1.2021",246,246,0.262420127710915,"ok"
"AGDD","ExG2","FPC4","FPC4_ExG2","TXH1.2020",246,246,0.429709524641381,"ok"
"AGDD","ExG2","FPC4","FPC4_ExG2","TXH1.2021",246,246,0.0757284732201812,"ok"
"AGDD","ExG2","FPC4","FPC4_ExG2","TXH2.2020",246,246,0.394236186617418,"ok"
"AGDD","ExG2","FPC4","FPC4_ExG2","TXH2.2021",246,246,-0.0253372228646414,"ok"
"AGDD","ExG2","FPC4","FPC4_ExG2","TXH3.2020",266,266,0.282112694657572,"ok"
"AGDD","ExG2","FPC4","FPC4_ExG2","TXH3.2021",245,245,0.432777681697416,"ok"
"AGDD","ExG2","FPC4","FPC4_ExG2","WIH1.2020",394,394,-0.0451664367219433,"ok"
"AGDD","ExG2","FPC4","FPC4_ExG2","WIH1.2021",398,398,0.212987813204277,"ok"
"AGDD","ExG2","FPC4","FPC4_ExG2","WIH2.2020",1127,1127,0.0160830781181686,"ok"
"AGDD","ExG2","FPC4","FPC4_ExG2","WIH2.2021",1137,1137,-0.0884111265869347,"ok"
"AGDD","ExG2","FPC4","FPC4_ExG2","WIH3.2020",415,415,0.00462062724582362,"ok"
"AGDD","ExG2","FPC4","FPC4_ExG2","WIH3.2021",397,397,-0.116964568893624,"ok"
"AGDD","ExG2","FPC5","FPC5_ExG2","DEH1.2020",1142,1142,0.404276196122504,"ok"
"AGDD","ExG2","FPC5","FPC5_ExG2","IAH4.2021",1128,1128,0.024330290272289,"ok"
"AGDD","ExG2","FPC5","FPC5_ExG2","MIH1.2020",414,414,0.133076450174679,"ok"
"AGDD","ExG2","FPC5","FPC5_ExG2","MNH1.2020",395,395,-0.380320039341969,"ok"
"AGDD","ExG2","FPC5","FPC5_ExG2","MNH1.2021",415,415,-0.169627312295193,"ok"
"AGDD","ExG2","FPC5","FPC5_ExG2","MOH1.2020",1006,1006,-0.234396985577085,"ok"
"AGDD","ExG2","FPC5","FPC5_ExG2","NEH1.2021",246,246,0.106523610898856,"ok"
"AGDD","ExG2","FPC5","FPC5_ExG2","TXH1.2020",246,246,0.374580670649168,"ok"
"AGDD","ExG2","FPC5","FPC5_ExG2","TXH1.2021",246,246,0.165594392450504,"ok"
"AGDD","ExG2","FPC5","FPC5_ExG2","TXH2.2020",246,246,0.246432114958231,"ok"
"AGDD","ExG2","FPC5","FPC5_ExG2","TXH2.2021",246,246,-0.270622675167462,"ok"
"AGDD","ExG2","FPC5","FPC5_ExG2","TXH3.2020",266,266,0.0254419761955246,"ok"
"AGDD","ExG2","FPC5","FPC5_ExG2","TXH3.2021",245,245,-0.043014910237823,"ok"
"AGDD","ExG2","FPC5","FPC5_ExG2","WIH1.2020",394,394,-0.250474967609276,"ok"
"AGDD","ExG2","FPC5","FPC5_ExG2","WIH1.2021",398,398,0.112511088487018,"ok"
"AGDD","ExG2","FPC5","FPC5_ExG2","WIH2.2020",1127,1127,-0.0462214116859567,"ok"
"AGDD","ExG2","FPC5","FPC5_ExG2","WIH2.2021",1137,1137,-0.0882671156728691,"ok"
"AGDD","ExG2","FPC5","FPC5_ExG2","WIH3.2020",415,415,-0.0108291408507195,"ok"
"AGDD","ExG2","FPC5","FPC5_ExG2","WIH3.2021",397,397,-0.18540122592268,"ok"
"AGDD","ExG2","FPC6","FPC6_ExG2","DEH1.2020",1142,1142,0.227652574639906,"ok"
"AGDD","ExG2","FPC6","FPC6_ExG2","IAH4.2021",1128,1128,0.141769032632663,"ok"
"AGDD","ExG2","FPC6","FPC6_ExG2","MIH1.2020",414,414,0.292450112471173,"ok"
"AGDD","ExG2","FPC6","FPC6_ExG2","MNH1.2020",395,395,0.337644007323539,"ok"
"AGDD","ExG2","FPC6","FPC6_ExG2","MNH1.2021",415,415,0.0285171640030569,"ok"
"AGDD","ExG2","FPC6","FPC6_ExG2","MOH1.2020",1006,1006,0.216317588728842,"ok"
"AGDD","ExG2","FPC6","FPC6_ExG2","NEH1.2021",246,246,0.138044186549416,"ok"
"AGDD","ExG2","FPC6","FPC6_ExG2","TXH1.2020",246,246,0.312737146898592,"ok"
"AGDD","ExG2","FPC6","FPC6_ExG2","TXH1.2021",246,246,0.173550982237787,"ok"
"AGDD","ExG2","FPC6","FPC6_ExG2","TXH2.2020",246,246,0.246957014581043,"ok"
"AGDD","ExG2","FPC6","FPC6_ExG2","TXH2.2021",246,246,-0.172348117675689,"ok"
"AGDD","ExG2","FPC6","FPC6_ExG2","TXH3.2020",266,266,0.0858798652269348,"ok"
"AGDD","ExG2","FPC6","FPC6_ExG2","TXH3.2021",245,245,0.29858393979096,"ok"
"AGDD","ExG2","FPC6","FPC6_ExG2","WIH1.2020",394,394,0.256799008548657,"ok"
"AGDD","ExG2","FPC6","FPC6_ExG2","WIH1.2021",398,398,0.259732233417396,"ok"
"AGDD","ExG2","FPC6","FPC6_ExG2","WIH2.2020",1127,1127,0.103509448016032,"ok"
"AGDD","ExG2","FPC6","FPC6_ExG2","WIH2.2021",1137,1137,0.160108988440797,"ok"
"AGDD","ExG2","FPC6","FPC6_ExG2","WIH3.2020",415,415,0.0695089185904243,"ok"
"AGDD","ExG2","FPC6","FPC6_ExG2","WIH3.2021",397,397,0.105926621426993,"ok"
"AGDD","ExG2","FPC7","FPC7_ExG2","DEH1.2020",1142,1142,-0.160949273409484,"ok"
"AGDD","ExG2","FPC7","FPC7_ExG2","IAH4.2021",1128,1128,-0.225383311887132,"ok"
"AGDD","ExG2","FPC7","FPC7_ExG2","MIH1.2020",414,414,0.0603123048268767,"ok"
"AGDD","ExG2","FPC7","FPC7_ExG2","MNH1.2020",395,395,-0.442741104188248,"ok"
"AGDD","ExG2","FPC7","FPC7_ExG2","MNH1.2021",415,415,-0.155729252421738,"ok"
"AGDD","ExG2","FPC7","FPC7_ExG2","MOH1.2020",1006,1006,-0.00460659654453353,"ok"
"AGDD","ExG2","FPC7","FPC7_ExG2","NEH1.2021",246,246,0.173022838119618,"ok"
"AGDD","ExG2","FPC7","FPC7_ExG2","TXH1.2020",246,246,-0.153605165034242,"ok"
"AGDD","ExG2","FPC7","FPC7_ExG2","TXH1.2021",246,246,-0.0277880860616766,"ok"
"AGDD","ExG2","FPC7","FPC7_ExG2","TXH2.2020",246,246,0.0580316237956636,"ok"
"AGDD","ExG2","FPC7","FPC7_ExG2","TXH2.2021",246,246,0.312366195005758,"ok"
"AGDD","ExG2","FPC7","FPC7_ExG2","TXH3.2020",266,266,0.278349814303797,"ok"
"AGDD","ExG2","FPC7","FPC7_ExG2","TXH3.2021",245,245,0.185090657946513,"ok"
"AGDD","ExG2","FPC7","FPC7_ExG2","WIH1.2020",394,394,-0.357341508898444,"ok"
"AGDD","ExG2","FPC7","FPC7_ExG2","WIH1.2021",398,398,-0.0767022334967508,"ok"
"AGDD","ExG2","FPC7","FPC7_ExG2","WIH2.2020",1127,1127,-0.0247196282998749,"ok"
"AGDD","ExG2","FPC7","FPC7_ExG2","WIH2.2021",1137,1137,-0.187432662924784,"ok"
"AGDD","ExG2","FPC7","FPC7_ExG2","WIH3.2020",415,415,-0.149915762340533,"ok"
"AGDD","ExG2","FPC7","FPC7_ExG2","WIH3.2021",397,397,-0.243492860206981,"ok"
"AGDD","ExGR","FPC1","FPC1_ExGR","DEH1.2020",1142,1142,0.120240377154089,"ok"
"AGDD","ExGR","FPC1","FPC1_ExGR","IAH4.2021",1128,1128,-0.00660054307846747,"ok"
"AGDD","ExGR","FPC1","FPC1_ExGR","MIH1.2020",414,414,-0.106592136333758,"ok"
"AGDD","ExGR","FPC1","FPC1_ExGR","MNH1.2020",395,395,-0.174831912696189,"ok"
"AGDD","ExGR","FPC1","FPC1_ExGR","MNH1.2021",415,415,-0.00545132575139923,"ok"
"AGDD","ExGR","FPC1","FPC1_ExGR","MOH1.2020",1006,1006,0.308843845080354,"ok"
"AGDD","ExGR","FPC1","FPC1_ExGR","NEH1.2021",246,246,0.282924914571898,"ok"
"AGDD","ExGR","FPC1","FPC1_ExGR","TXH1.2020",246,246,0.114533910975742,"ok"
"AGDD","ExGR","FPC1","FPC1_ExGR","TXH1.2021",246,246,-0.117019083905255,"ok"
"AGDD","ExGR","FPC1","FPC1_ExGR","TXH2.2020",246,246,-0.121779313482284,"ok"
"AGDD","ExGR","FPC1","FPC1_ExGR","TXH2.2021",246,246,0.432633258869565,"ok"
"AGDD","ExGR","FPC1","FPC1_ExGR","TXH3.2020",266,266,0.13637375567921,"ok"
"AGDD","ExGR","FPC1","FPC1_ExGR","TXH3.2021",245,245,-0.08811386415655,"ok"
"AGDD","ExGR","FPC1","FPC1_ExGR","WIH1.2020",394,394,0.265692743425461,"ok"
"AGDD","ExGR","FPC1","FPC1_ExGR","WIH1.2021",398,398,0.20971364760344,"ok"
"AGDD","ExGR","FPC1","FPC1_ExGR","WIH2.2020",1127,1127,0.113994098130822,"ok"
"AGDD","ExGR","FPC1","FPC1_ExGR","WIH2.2021",1137,1137,0.0282271631598161,"ok"
"AGDD","ExGR","FPC1","FPC1_ExGR","WIH3.2020",415,415,0.077748242398087,"ok"
"AGDD","ExGR","FPC1","FPC1_ExGR","WIH3.2021",397,397,0.179239030915964,"ok"
"AGDD","ExGR","FPC2","FPC2_ExGR","DEH1.2020",1142,1142,-0.271823229028051,"ok"
"AGDD","ExGR","FPC2","FPC2_ExGR","IAH4.2021",1128,1128,-0.209798984029161,"ok"
"AGDD","ExGR","FPC2","FPC2_ExGR","MIH1.2020",414,414,0.273654627261573,"ok"
"AGDD","ExGR","FPC2","FPC2_ExGR","MNH1.2020",395,395,0.418893177769465,"ok"
"AGDD","ExGR","FPC2","FPC2_ExGR","MNH1.2021",415,415,0.237115548127047,"ok"
"AGDD","ExGR","FPC2","FPC2_ExGR","MOH1.2020",1006,1006,-0.225479932515676,"ok"
"AGDD","ExGR","FPC2","FPC2_ExGR","NEH1.2021",246,246,-0.279409672855145,"ok"
"AGDD","ExGR","FPC2","FPC2_ExGR","TXH1.2020",246,246,0.0422164153032672,"ok"
"AGDD","ExGR","FPC2","FPC2_ExGR","TXH1.2021",246,246,-0.161099534719226,"ok"
"AGDD","ExGR","FPC2","FPC2_ExGR","TXH2.2020",246,246,0.196822862051713,"ok"
"AGDD","ExGR","FPC2","FPC2_ExGR","TXH2.2021",246,246,0.437935295939681,"ok"
"AGDD","ExGR","FPC2","FPC2_ExGR","TXH3.2020",266,266,0.00288434601689511,"ok"
"AGDD","ExGR","FPC2","FPC2_ExGR","TXH3.2021",245,245,-0.0819317563531458,"ok"
"AGDD","ExGR","FPC2","FPC2_ExGR","WIH1.2020",394,394,-0.235883587090142,"ok"
"AGDD","ExGR","FPC2","FPC2_ExGR","WIH1.2021",398,398,-0.1560725832443,"ok"
"AGDD","ExGR","FPC2","FPC2_ExGR","WIH2.2020",1127,1127,0.0772444502351511,"ok"
"AGDD","ExGR","FPC2","FPC2_ExGR","WIH2.2021",1137,1137,-0.0522176625059881,"ok"
"AGDD","ExGR","FPC2","FPC2_ExGR","WIH3.2020",415,415,-0.0513822802009538,"ok"
"AGDD","ExGR","FPC2","FPC2_ExGR","WIH3.2021",397,397,-0.120647667427223,"ok"
"AGDD","ExGR","FPC3","FPC3_ExGR","DEH1.2020",1142,1142,0.0695685462248287,"ok"
"AGDD","ExGR","FPC3","FPC3_ExGR","IAH4.2021",1128,1128,0.152980443460107,"ok"
"AGDD","ExGR","FPC3","FPC3_ExGR","MIH1.2020",414,414,0.135750697299166,"ok"
"AGDD","ExGR","FPC3","FPC3_ExGR","MNH1.2020",395,395,-0.0826805184588531,"ok"
"AGDD","ExGR","FPC3","FPC3_ExGR","MNH1.2021",415,415,0.10177628024727,"ok"
"AGDD","ExGR","FPC3","FPC3_ExGR","MOH1.2020",1006,1006,0.26785386605502,"ok"
"AGDD","ExGR","FPC3","FPC3_ExGR","NEH1.2021",246,246,0.19450946108245,"ok"
"AGDD","ExGR","FPC3","FPC3_ExGR","TXH1.2020",246,246,0.401622813001725,"ok"
"AGDD","ExGR","FPC3","FPC3_ExGR","TXH1.2021",246,246,0.08388063735585,"ok"
"AGDD","ExGR","FPC3","FPC3_ExGR","TXH2.2020",246,246,0.218637944056696,"ok"
"AGDD","ExGR","FPC3","FPC3_ExGR","TXH2.2021",246,246,-0.0307441895617194,"ok"
"AGDD","ExGR","FPC3","FPC3_ExGR","TXH3.2020",266,266,0.256690148591694,"ok"
"AGDD","ExGR","FPC3","FPC3_ExGR","TXH3.2021",245,245,0.318574447922046,"ok"
"AGDD","ExGR","FPC3","FPC3_ExGR","WIH1.2020",394,394,0.300319660719337,"ok"
"AGDD","ExGR","FPC3","FPC3_ExGR","WIH1.2021",398,398,0.321944740997552,"ok"
"AGDD","ExGR","FPC3","FPC3_ExGR","WIH2.2020",1127,1127,0.171771044151465,"ok"
"AGDD","ExGR","FPC3","FPC3_ExGR","WIH2.2021",1137,1137,-0.0232039104137267,"ok"
"AGDD","ExGR","FPC3","FPC3_ExGR","WIH3.2020",415,415,-0.0121135355337393,"ok"
"AGDD","ExGR","FPC3","FPC3_ExGR","WIH3.2021",397,397,0.191117893071724,"ok"
"AGDD","ExGR","FPC4","FPC4_ExGR","DEH1.2020",1142,1142,-0.380648485885584,"ok"
"AGDD","ExGR","FPC4","FPC4_ExGR","IAH4.2021",1128,1128,0.0162328788988202,"ok"
"AGDD","ExGR","FPC4","FPC4_ExGR","MIH1.2020",414,414,-0.0325641872484656,"ok"
"AGDD","ExGR","FPC4","FPC4_ExGR","MNH1.2020",395,395,0.44084571587246,"ok"
"AGDD","ExGR","FPC4","FPC4_ExGR","MNH1.2021",415,415,0.142129351231358,"ok"
"AGDD","ExGR","FPC4","FPC4_ExGR","MOH1.2020",1006,1006,0.360784442936649,"ok"
"AGDD","ExGR","FPC4","FPC4_ExGR","NEH1.2021",246,246,-0.161111289902385,"ok"
"AGDD","ExGR","FPC4","FPC4_ExGR","TXH1.2020",246,246,-0.217010256125755,"ok"
"AGDD","ExGR","FPC4","FPC4_ExGR","TXH1.2021",246,246,0.0351014590359574,"ok"
"AGDD","ExGR","FPC4","FPC4_ExGR","TXH2.2020",246,246,-0.106343594441831,"ok"
"AGDD","ExGR","FPC4","FPC4_ExGR","TXH2.2021",246,246,-0.445824078809257,"ok"
"AGDD","ExGR","FPC4","FPC4_ExGR","TXH3.2020",266,266,-0.0348207555083491,"ok"
"AGDD","ExGR","FPC4","FPC4_ExGR","TXH3.2021",245,245,0.286130793968346,"ok"
"AGDD","ExGR","FPC4","FPC4_ExGR","WIH1.2020",394,394,0.396345837128952,"ok"
"AGDD","ExGR","FPC4","FPC4_ExGR","WIH1.2021",398,398,0.187101379728733,"ok"
"AGDD","ExGR","FPC4","FPC4_ExGR","WIH2.2020",1127,1127,0.202083080228054,"ok"
"AGDD","ExGR","FPC4","FPC4_ExGR","WIH2.2021",1137,1137,-0.00772097605528871,"ok"
"AGDD","ExGR","FPC4","FPC4_ExGR","WIH3.2020",415,415,0.0890235786704444,"ok"
"AGDD","ExGR","FPC4","FPC4_ExGR","WIH3.2021",397,397,0.269363040584412,"ok"
"AGDD","ExGR","FPC5","FPC5_ExGR","DEH1.2020",1142,1142,-0.347758615491861,"ok"
"AGDD","ExGR","FPC5","FPC5_ExGR","IAH4.2021",1128,1128,0.073195011951286,"ok"
"AGDD","ExGR","FPC5","FPC5_ExGR","MIH1.2020",414,414,0.0489065771880423,"ok"
"AGDD","ExGR","FPC5","FPC5_ExGR","MNH1.2020",395,395,0.437710477025804,"ok"
"AGDD","ExGR","FPC5","FPC5_ExGR","MNH1.2021",415,415,0.179472972004673,"ok"
"AGDD","ExGR","FPC5","FPC5_ExGR","MOH1.2020",1006,1006,0.0411154811577841,"ok"
"AGDD","ExGR","FPC5","FPC5_ExGR","NEH1.2021",246,246,0.111889130084154,"ok"
"AGDD","ExGR","FPC5","FPC5_ExGR","TXH1.2020",246,246,-0.331412839842843,"ok"
"AGDD","ExGR","FPC5","FPC5_ExGR","TXH1.2021",246,246,-0.0240151175713656,"ok"
"AGDD","ExGR","FPC5","FPC5_ExGR","TXH2.2020",246,246,-0.234299823036866,"ok"
"AGDD","ExGR","FPC5","FPC5_ExGR","TXH2.2021",246,246,-0.219572980522597,"ok"
"AGDD","ExGR","FPC5","FPC5_ExGR","TXH3.2020",266,266,0.0741694405095106,"ok"
"AGDD","ExGR","FPC5","FPC5_ExGR","TXH3.2021",245,245,-0.216368014332952,"ok"
"AGDD","ExGR","FPC5","FPC5_ExGR","WIH1.2020",394,394,0.15725312722245,"ok"
"AGDD","ExGR","FPC5","FPC5_ExGR","WIH1.2021",398,398,-0.0502194104219898,"ok"
"AGDD","ExGR","FPC5","FPC5_ExGR","WIH2.2020",1127,1127,0.053467072407612,"ok"
"AGDD","ExGR","FPC5","FPC5_ExGR","WIH2.2021",1137,1137,-0.048718165177094,"ok"
"AGDD","ExGR","FPC5","FPC5_ExGR","WIH3.2020",415,415,0.138022344353625,"ok"
"AGDD","ExGR","FPC5","FPC5_ExGR","WIH3.2021",397,397,-0.0790211113471193,"ok"
"AGDD","ExGR","FPC6","FPC6_ExGR","DEH1.2020",1142,1142,0.155194289241565,"ok"
"AGDD","ExGR","FPC6","FPC6_ExGR","IAH4.2021",1128,1128,0.348812980038772,"ok"
"AGDD","ExGR","FPC6","FPC6_ExGR","MIH1.2020",414,414,-0.443872860922417,"ok"
"AGDD","ExGR","FPC6","FPC6_ExGR","MNH1.2020",395,395,0.312889169528154,"ok"
"AGDD","ExGR","FPC6","FPC6_ExGR","MNH1.2021",415,415,0.0288758221174309,"ok"
"AGDD","ExGR","FPC6","FPC6_ExGR","MOH1.2020",1006,1006,-0.141035139971326,"ok"
"AGDD","ExGR","FPC6","FPC6_ExGR","NEH1.2021",246,246,-0.267552749814139,"ok"
"AGDD","ExGR","FPC6","FPC6_ExGR","TXH1.2020",246,246,0.0177213961269473,"ok"
"AGDD","ExGR","FPC6","FPC6_ExGR","TXH1.2021",246,246,-0.00662382096476586,"ok"
"AGDD","ExGR","FPC6","FPC6_ExGR","TXH2.2020",246,246,-0.0446469228040763,"ok"
"AGDD","ExGR","FPC6","FPC6_ExGR","TXH2.2021",246,246,-0.126803149098647,"ok"
"AGDD","ExGR","FPC6","FPC6_ExGR","TXH3.2020",266,266,-0.169653586710607,"ok"
"AGDD","ExGR","FPC6","FPC6_ExGR","TXH3.2021",245,245,-0.153286901673518,"ok"
"AGDD","ExGR","FPC6","FPC6_ExGR","WIH1.2020",394,394,0.104696762733166,"ok"
"AGDD","ExGR","FPC6","FPC6_ExGR","WIH1.2021",398,398,-0.220208169593692,"ok"
"AGDD","ExGR","FPC6","FPC6_ExGR","WIH2.2020",1127,1127,-0.0555016512688314,"ok"
"AGDD","ExGR","FPC6","FPC6_ExGR","WIH2.2021",1137,1137,0.181983257088931,"ok"
"AGDD","ExGR","FPC6","FPC6_ExGR","WIH3.2020",415,415,0.0280839354018755,"ok"
"AGDD","ExGR","FPC6","FPC6_ExGR","WIH3.2021",397,397,-0.103512315436891,"ok"
"AGDD","ExGR","FPC7","FPC7_ExGR","DEH1.2020",1142,1142,-0.0692700008008328,"ok"
"AGDD","ExGR","FPC7","FPC7_ExGR","IAH4.2021",1128,1128,-0.0534854115193179,"ok"
"AGDD","ExGR","FPC7","FPC7_ExGR","MIH1.2020",414,414,0.273362205842569,"ok"
"AGDD","ExGR","FPC7","FPC7_ExGR","MNH1.2020",395,395,0.432377537386923,"ok"
"AGDD","ExGR","FPC7","FPC7_ExGR","MNH1.2021",415,415,0.219683540186312,"ok"
"AGDD","ExGR","FPC7","FPC7_ExGR","MOH1.2020",1006,1006,0.166003993703679,"ok"
"AGDD","ExGR","FPC7","FPC7_ExGR","NEH1.2021",246,246,-0.0708881247529722,"ok"
"AGDD","ExGR","FPC7","FPC7_ExGR","TXH1.2020",246,246,0.439506321915195,"ok"
"AGDD","ExGR","FPC7","FPC7_ExGR","TXH1.2021",246,246,-0.00469314799658218,"ok"
"AGDD","ExGR","FPC7","FPC7_ExGR","TXH2.2020",246,246,0.317821614126235,"ok"
"AGDD","ExGR","FPC7","FPC7_ExGR","TXH2.2021",246,246,-0.110089387005103,"ok"
"AGDD","ExGR","FPC7","FPC7_ExGR","TXH3.2020",266,266,-0.0782727189515641,"ok"
"AGDD","ExGR","FPC7","FPC7_ExGR","TXH3.2021",245,245,0.322606661128891,"ok"
"AGDD","ExGR","FPC7","FPC7_ExGR","WIH1.2020",394,394,0.293740060195427,"ok"
"AGDD","ExGR","FPC7","FPC7_ExGR","WIH1.2021",398,398,0.171278563603227,"ok"
"AGDD","ExGR","FPC7","FPC7_ExGR","WIH2.2020",1127,1127,0.00865161517003573,"ok"
"AGDD","ExGR","FPC7","FPC7_ExGR","WIH2.2021",1137,1137,0.166231882213477,"ok"
"AGDD","ExGR","FPC7","FPC7_ExGR","WIH3.2020",415,415,0.034687635969633,"ok"
"AGDD","ExGR","FPC7","FPC7_ExGR","WIH3.2021",397,397,0.317384404612675,"ok"
"AGDD","GCC","FPC1","FPC1_GCC","DEH1.2020",1142,1142,0.186566476084461,"ok"
"AGDD","GCC","FPC1","FPC1_GCC","IAH4.2021",1128,1128,-0.13525974334297,"ok"
"AGDD","GCC","FPC1","FPC1_GCC","MIH1.2020",414,414,-0.249320578754972,"ok"
"AGDD","GCC","FPC1","FPC1_GCC","MNH1.2020",395,395,-0.401676483627126,"ok"
"AGDD","GCC","FPC1","FPC1_GCC","MNH1.2021",415,415,-0.161783660261429,"ok"
"AGDD","GCC","FPC1","FPC1_GCC","MOH1.2020",1006,1006,-0.339214742002398,"ok"
"AGDD","GCC","FPC1","FPC1_GCC","NEH1.2021",246,246,-0.101881669695864,"ok"
"AGDD","GCC","FPC1","FPC1_GCC","TXH1.2020",246,246,-0.331540798815745,"ok"
"AGDD","GCC","FPC1","FPC1_GCC","TXH1.2021",246,246,0.0886183537495086,"ok"
"AGDD","GCC","FPC1","FPC1_GCC","TXH2.2020",246,246,-0.122887414869292,"ok"
"AGDD","GCC","FPC1","FPC1_GCC","TXH2.2021",246,246,-0.345594296296617,"ok"
"AGDD","GCC","FPC1","FPC1_GCC","TXH3.2020",266,266,-0.205565685141581,"ok"
"AGDD","GCC","FPC1","FPC1_GCC","TXH3.2021",245,245,-0.367428219953033,"ok"
"AGDD","GCC","FPC1","FPC1_GCC","WIH1.2020",394,394,-0.304800883957017,"ok"
"AGDD","GCC","FPC1","FPC1_GCC","WIH1.2021",398,398,-0.22125024143344,"ok"
"AGDD","GCC","FPC1","FPC1_GCC","WIH2.2020",1127,1127,-0.108861743386485,"ok"
"AGDD","GCC","FPC1","FPC1_GCC","WIH2.2021",1137,1137,-0.0963319993643774,"ok"
"AGDD","GCC","FPC1","FPC1_GCC","WIH3.2020",415,415,0.0201876499138678,"ok"
"AGDD","GCC","FPC1","FPC1_GCC","WIH3.2021",397,397,-0.188120562148895,"ok"
"AGDD","GCC","FPC2","FPC2_GCC","DEH1.2020",1142,1142,-0.242904890007399,"ok"
"AGDD","GCC","FPC2","FPC2_GCC","IAH4.2021",1128,1128,-0.0420189025035984,"ok"
"AGDD","GCC","FPC2","FPC2_GCC","MIH1.2020",414,414,-0.0425588164129773,"ok"
"AGDD","GCC","FPC2","FPC2_GCC","MNH1.2020",395,395,0.175190003225554,"ok"
"AGDD","GCC","FPC2","FPC2_GCC","MNH1.2021",415,415,0.173700355844601,"ok"
"AGDD","GCC","FPC2","FPC2_GCC","MOH1.2020",1006,1006,0.321774634538813,"ok"
"AGDD","GCC","FPC2","FPC2_GCC","NEH1.2021",246,246,-0.0525635642811326,"ok"
"AGDD","GCC","FPC2","FPC2_GCC","TXH1.2020",246,246,0.377335219188761,"ok"
"AGDD","GCC","FPC2","FPC2_GCC","TXH1.2021",246,246,-0.18220009751456,"ok"
"AGDD","GCC","FPC2","FPC2_GCC","TXH2.2020",246,246,0.224404536900942,"ok"
"AGDD","GCC","FPC2","FPC2_GCC","TXH2.2021",246,246,0.336522462757153,"ok"
"AGDD","GCC","FPC2","FPC2_GCC","TXH3.2020",266,266,0.00313163243258696,"ok"
"AGDD","GCC","FPC2","FPC2_GCC","TXH3.2021",245,245,0.0702601762748605,"ok"
"AGDD","GCC","FPC2","FPC2_GCC","WIH1.2020",394,394,0.052261256250207,"ok"
"AGDD","GCC","FPC2","FPC2_GCC","WIH1.2021",398,398,0.0566530670770624,"ok"
"AGDD","GCC","FPC2","FPC2_GCC","WIH2.2020",1127,1127,0.0794780803153552,"ok"
"AGDD","GCC","FPC2","FPC2_GCC","WIH2.2021",1137,1137,-0.0544175286990542,"ok"
"AGDD","GCC","FPC2","FPC2_GCC","WIH3.2020",415,415,-0.0680165959368817,"ok"
"AGDD","GCC","FPC2","FPC2_GCC","WIH3.2021",397,397,0.0893427461738664,"ok"
"AGDD","GCC","FPC3","FPC3_GCC","DEH1.2020",1142,1142,-0.021400869341963,"ok"
"AGDD","GCC","FPC3","FPC3_GCC","IAH4.2021",1128,1128,0.138506410192599,"ok"
"AGDD","GCC","FPC3","FPC3_GCC","MIH1.2020",414,414,0.341903364223796,"ok"
"AGDD","GCC","FPC3","FPC3_GCC","MNH1.2020",395,395,0.288502566441198,"ok"
"AGDD","GCC","FPC3","FPC3_GCC","MNH1.2021",415,415,0.169981551389984,"ok"
"AGDD","GCC","FPC3","FPC3_GCC","MOH1.2020",1006,1006,0.337811960126796,"ok"
"AGDD","GCC","FPC3","FPC3_GCC","NEH1.2021",246,246,0.150423597587345,"ok"
"AGDD","GCC","FPC3","FPC3_GCC","TXH1.2020",246,246,0.518312974704032,"ok"
"AGDD","GCC","FPC3","FPC3_GCC","TXH1.2021",246,246,0.0928104664565459,"ok"
"AGDD","GCC","FPC3","FPC3_GCC","TXH2.2020",246,246,0.408148830066091,"ok"
"AGDD","GCC","FPC3","FPC3_GCC","TXH2.2021",246,246,-0.0936065416341802,"ok"
"AGDD","GCC","FPC3","FPC3_GCC","TXH3.2020",266,266,0.214923447756543,"ok"
"AGDD","GCC","FPC3","FPC3_GCC","TXH3.2021",245,245,0.444570462691075,"ok"
"AGDD","GCC","FPC3","FPC3_GCC","WIH1.2020",394,394,0.358371867428375,"ok"
"AGDD","GCC","FPC3","FPC3_GCC","WIH1.2021",398,398,0.301484051006583,"ok"
"AGDD","GCC","FPC3","FPC3_GCC","WIH2.2020",1127,1127,0.117849164618955,"ok"
"AGDD","GCC","FPC3","FPC3_GCC","WIH2.2021",1137,1137,-0.119123737256251,"ok"
"AGDD","GCC","FPC3","FPC3_GCC","WIH3.2020",415,415,-0.0557969738060704,"ok"
"AGDD","GCC","FPC3","FPC3_GCC","WIH3.2021",397,397,0.246657278369821,"ok"
"AGDD","GCC","FPC4","FPC4_GCC","DEH1.2020",1142,1142,0.0431499207768231,"ok"
"AGDD","GCC","FPC4","FPC4_GCC","IAH4.2021",1128,1128,0.0158325427078017,"ok"
"AGDD","GCC","FPC4","FPC4_GCC","MIH1.2020",414,414,0.17806353664636,"ok"
"AGDD","GCC","FPC4","FPC4_GCC","MNH1.2020",395,395,0.315876712950955,"ok"
"AGDD","GCC","FPC4","FPC4_GCC","MNH1.2021",415,415,0.0365912311937174,"ok"
"AGDD","GCC","FPC4","FPC4_GCC","MOH1.2020",1006,1006,-0.0534070333256861,"ok"
"AGDD","GCC","FPC4","FPC4_GCC","NEH1.2021",246,246,0.262420085052502,"ok"
"AGDD","GCC","FPC4","FPC4_GCC","TXH1.2020",246,246,0.429709310137263,"ok"
"AGDD","GCC","FPC4","FPC4_GCC","TXH1.2021",246,246,0.0757284779519552,"ok"
"AGDD","GCC","FPC4","FPC4_GCC","TXH2.2020",246,246,0.394235992783902,"ok"
"AGDD","GCC","FPC4","FPC4_GCC","TXH2.2021",246,246,-0.0253373104757094,"ok"
"AGDD","GCC","FPC4","FPC4_GCC","TXH3.2020",266,266,0.282112453296277,"ok"
"AGDD","GCC","FPC4","FPC4_GCC","TXH3.2021",245,245,0.432777708382085,"ok"
"AGDD","GCC","FPC4","FPC4_GCC","WIH1.2020",394,394,-0.0451660919606576,"ok"
"AGDD","GCC","FPC4","FPC4_GCC","WIH1.2021",398,398,0.212987573328892,"ok"
"AGDD","GCC","FPC4","FPC4_GCC","WIH2.2020",1127,1127,0.0160832148847786,"ok"
"AGDD","GCC","FPC4","FPC4_GCC","WIH2.2021",1137,1137,-0.0884113496675447,"ok"
"AGDD","GCC","FPC4","FPC4_GCC","WIH3.2020",415,415,0.00462096065359881,"ok"
"AGDD","GCC","FPC4","FPC4_GCC","WIH3.2021",397,397,-0.116964468821083,"ok"
"AGDD","GCC","FPC5","FPC5_GCC","DEH1.2020",1142,1142,0.404276291548218,"ok"
"AGDD","GCC","FPC5","FPC5_GCC","IAH4.2021",1128,1128,0.0243305698588657,"ok"
"AGDD","GCC","FPC5","FPC5_GCC","MIH1.2020",414,414,0.133076466998938,"ok"
"AGDD","GCC","FPC5","FPC5_GCC","MNH1.2020",395,395,-0.380320028569661,"ok"
"AGDD","GCC","FPC5","FPC5_GCC","MNH1.2021",415,415,-0.169627470076315,"ok"
"AGDD","GCC","FPC5","FPC5_GCC","MOH1.2020",1006,1006,-0.234396925638865,"ok"
"AGDD","GCC","FPC5","FPC5_GCC","NEH1.2021",246,246,0.106523748617007,"ok"
"AGDD","GCC","FPC5","FPC5_GCC","TXH1.2020",246,246,0.374580807265261,"ok"
"AGDD","GCC","FPC5","FPC5_GCC","TXH1.2021",246,246,0.165594495902839,"ok"
"AGDD","GCC","FPC5","FPC5_GCC","TXH2.2020",246,246,0.246432139809805,"ok"
"AGDD","GCC","FPC5","FPC5_GCC","TXH2.2021",246,246,-0.270622663378544,"ok"
"AGDD","GCC","FPC5","FPC5_GCC","TXH3.2020",266,266,0.0254421995874031,"ok"
"AGDD","GCC","FPC5","FPC5_GCC","TXH3.2021",245,245,-0.0430147967119506,"ok"
"AGDD","GCC","FPC5","FPC5_GCC","WIH1.2020",394,394,-0.250474907132677,"ok"
"AGDD","GCC","FPC5","FPC5_GCC","WIH1.2021",398,398,0.112511019178322,"ok"
"AGDD","GCC","FPC5","FPC5_GCC","WIH2.2020",1127,1127,-0.0462198100934036,"ok"
"AGDD","GCC","FPC5","FPC5_GCC","WIH2.2021",1137,1137,-0.0882672233376235,"ok"
"AGDD","GCC","FPC5","FPC5_GCC","WIH3.2020",415,415,-0.0108291388886193,"ok"
"AGDD","GCC","FPC5","FPC5_GCC","WIH3.2021",397,397,-0.185401218108188,"ok"
"AGDD","GCC","FPC6","FPC6_GCC","DEH1.2020",1142,1142,-0.227652256198077,"ok"
"AGDD","GCC","FPC6","FPC6_GCC","IAH4.2021",1128,1128,-0.141769149726372,"ok"
"AGDD","GCC","FPC6","FPC6_GCC","MIH1.2020",414,414,-0.292449951034497,"ok"
"AGDD","GCC","FPC6","FPC6_GCC","MNH1.2020",395,395,-0.337644107317426,"ok"
"AGDD","GCC","FPC6","FPC6_GCC","MNH1.2021",415,415,-0.0285173808705542,"ok"
"AGDD","GCC","FPC6","FPC6_GCC","MOH1.2020",1006,1006,-0.216317937468669,"ok"
"AGDD","GCC","FPC6","FPC6_GCC","NEH1.2021",246,246,-0.138044069910915,"ok"
"AGDD","GCC","FPC6","FPC6_GCC","TXH1.2020",246,246,-0.312736900241634,"ok"
"AGDD","GCC","FPC6","FPC6_GCC","TXH1.2021",246,246,-0.173550856394484,"ok"
"AGDD","GCC","FPC6","FPC6_GCC","TXH2.2020",246,246,-0.246956937472649,"ok"
"AGDD","GCC","FPC6","FPC6_GCC","TXH2.2021",246,246,0.172347937706553,"ok"
"AGDD","GCC","FPC6","FPC6_GCC","TXH3.2020",266,266,-0.0858794763816739,"ok"
"AGDD","GCC","FPC6","FPC6_GCC","TXH3.2021",245,245,-0.29858399089687,"ok"
"AGDD","GCC","FPC6","FPC6_GCC","WIH1.2020",394,394,-0.256799297492573,"ok"
"AGDD","GCC","FPC6","FPC6_GCC","WIH1.2021",398,398,-0.259732093492149,"ok"
"AGDD","GCC","FPC6","FPC6_GCC","WIH2.2020",1127,1127,-0.103508631929672,"ok"
"AGDD","GCC","FPC6","FPC6_GCC","WIH2.2021",1137,1137,-0.160109544116689,"ok"
"AGDD","GCC","FPC6","FPC6_GCC","WIH3.2020",415,415,-0.069509703939785,"ok"
"AGDD","GCC","FPC6","FPC6_GCC","WIH3.2021",397,397,-0.105926893131084,"ok"
"AGDD","GCC","FPC7","FPC7_GCC","DEH1.2020",1142,1142,0.160949001000052,"ok"
"AGDD","GCC","FPC7","FPC7_GCC","IAH4.2021",1128,1128,0.225382867359484,"ok"
"AGDD","GCC","FPC7","FPC7_GCC","MIH1.2020",414,414,-0.0603123620253443,"ok"
"AGDD","GCC","FPC7","FPC7_GCC","MNH1.2020",395,395,0.442741194283325,"ok"
"AGDD","GCC","FPC7","FPC7_GCC","MNH1.2021",415,415,0.155729372735797,"ok"
"AGDD","GCC","FPC7","FPC7_GCC","MOH1.2020",1006,1006,0.00460671635732917,"ok"
"AGDD","GCC","FPC7","FPC7_GCC","NEH1.2021",246,246,-0.173022856878792,"ok"
"AGDD","GCC","FPC7","FPC7_GCC","TXH1.2020",246,246,0.153605055882844,"ok"
"AGDD","GCC","FPC7","FPC7_GCC","TXH1.2021",246,246,0.0277880576376929,"ok"
"AGDD","GCC","FPC7","FPC7_GCC","TXH2.2020",246,246,-0.0580315986406588,"ok"
"AGDD","GCC","FPC7","FPC7_GCC","TXH2.2021",246,246,-0.312366115250855,"ok"
"AGDD","GCC","FPC7","FPC7_GCC","TXH3.2020",266,266,-0.278349388121322,"ok"
"AGDD","GCC","FPC7","FPC7_GCC","TXH3.2021",245,245,-0.185090691628662,"ok"
"AGDD","GCC","FPC7","FPC7_GCC","WIH1.2020",394,394,0.357341524180567,"ok"
"AGDD","GCC","FPC7","FPC7_GCC","WIH1.2021",398,398,0.0767021770803334,"ok"
"AGDD","GCC","FPC7","FPC7_GCC","WIH2.2020",1127,1127,0.0247204549633843,"ok"
"AGDD","GCC","FPC7","FPC7_GCC","WIH2.2021",1137,1137,0.187433146081194,"ok"
"AGDD","GCC","FPC7","FPC7_GCC","WIH3.2020",415,415,0.149916580923292,"ok"
"AGDD","GCC","FPC7","FPC7_GCC","WIH3.2021",397,397,0.243493012915391,"ok"
"AGDD","GLI","FPC1","FPC1_GLI","DEH1.2020",1142,1142,0.179514562691679,"ok"
"AGDD","GLI","FPC1","FPC1_GLI","IAH4.2021",1128,1128,-0.131289368747752,"ok"
"AGDD","GLI","FPC1","FPC1_GLI","MIH1.2020",414,414,-0.25324066238213,"ok"
"AGDD","GLI","FPC1","FPC1_GLI","MNH1.2020",395,395,-0.407951926259343,"ok"
"AGDD","GLI","FPC1","FPC1_GLI","MNH1.2021",415,415,-0.164849491901249,"ok"
"AGDD","GLI","FPC1","FPC1_GLI","MOH1.2020",1006,1006,-0.337417035233698,"ok"
"AGDD","GLI","FPC1","FPC1_GLI","NEH1.2021",246,246,-0.103312899350243,"ok"
"AGDD","GLI","FPC1","FPC1_GLI","TXH1.2020",246,246,-0.311928946931696,"ok"
"AGDD","GLI","FPC1","FPC1_GLI","TXH1.2021",246,246,0.0842463186940783,"ok"
"AGDD","GLI","FPC1","FPC1_GLI","TXH2.2020",246,246,-0.109516265091071,"ok"
"AGDD","GLI","FPC1","FPC1_GLI","TXH2.2021",246,246,-0.334759884729421,"ok"
"AGDD","GLI","FPC1","FPC1_GLI","TXH3.2020",266,266,-0.207489124174563,"ok"
"AGDD","GLI","FPC1","FPC1_GLI","TXH3.2021",245,245,-0.370605087429613,"ok"
"AGDD","GLI","FPC1","FPC1_GLI","WIH1.2020",394,394,-0.288808215347601,"ok"
"AGDD","GLI","FPC1","FPC1_GLI","WIH1.2021",398,398,-0.214136410076669,"ok"
"AGDD","GLI","FPC1","FPC1_GLI","WIH2.2020",1127,1127,-0.104660914236669,"ok"
"AGDD","GLI","FPC1","FPC1_GLI","WIH2.2021",1137,1137,-0.095784062055335,"ok"
"AGDD","GLI","FPC1","FPC1_GLI","WIH3.2020",415,415,0.0130868332188644,"ok"
"AGDD","GLI","FPC1","FPC1_GLI","WIH3.2021",397,397,-0.174891011753291,"ok"
"AGDD","GLI","FPC2","FPC2_GLI","DEH1.2020",1142,1142,-0.246188540808404,"ok"
"AGDD","GLI","FPC2","FPC2_GLI","IAH4.2021",1128,1128,-0.0673313609472105,"ok"
"AGDD","GLI","FPC2","FPC2_GLI","MIH1.2020",414,414,-0.0638828680653456,"ok"
"AGDD","GLI","FPC2","FPC2_GLI","MNH1.2020",395,395,0.181803946584731,"ok"
"AGDD","GLI","FPC2","FPC2_GLI","MNH1.2021",415,415,0.173110579853597,"ok"
"AGDD","GLI","FPC2","FPC2_GLI","MOH1.2020",1006,1006,0.319963667765861,"ok"
"AGDD","GLI","FPC2","FPC2_GLI","NEH1.2021",246,246,-0.0483498580271897,"ok"
"AGDD","GLI","FPC2","FPC2_GLI","TXH1.2020",246,246,0.360469748202642,"ok"
"AGDD","GLI","FPC2","FPC2_GLI","TXH1.2021",246,246,-0.188115144749444,"ok"
"AGDD","GLI","FPC2","FPC2_GLI","TXH2.2020",246,246,0.200560412325776,"ok"
"AGDD","GLI","FPC2","FPC2_GLI","TXH2.2021",246,246,0.327452876631108,"ok"
"AGDD","GLI","FPC2","FPC2_GLI","TXH3.2020",266,266,-0.000696426647304404,"ok"
"AGDD","GLI","FPC2","FPC2_GLI","TXH3.2021",245,245,0.0406781798949289,"ok"
"AGDD","GLI","FPC2","FPC2_GLI","WIH1.2020",394,394,0.0374747592926861,"ok"
"AGDD","GLI","FPC2","FPC2_GLI","WIH1.2021",398,398,0.0323192376341044,"ok"
"AGDD","GLI","FPC2","FPC2_GLI","WIH2.2020",1127,1127,0.075494032757885,"ok"
"AGDD","GLI","FPC2","FPC2_GLI","WIH2.2021",1137,1137,-0.0459234438555929,"ok"
"AGDD","GLI","FPC2","FPC2_GLI","WIH3.2020",415,415,-0.0652255871729467,"ok"
"AGDD","GLI","FPC2","FPC2_GLI","WIH3.2021",397,397,0.0924311350441951,"ok"
"AGDD","GLI","FPC3","FPC3_GLI","DEH1.2020",1142,1142,-0.0261248093947022,"ok"
"AGDD","GLI","FPC3","FPC3_GLI","IAH4.2021",1128,1128,0.139036863408889,"ok"
"AGDD","GLI","FPC3","FPC3_GLI","MIH1.2020",414,414,0.331464843300437,"ok"
"AGDD","GLI","FPC3","FPC3_GLI","MNH1.2020",395,395,0.304434854327033,"ok"
"AGDD","GLI","FPC3","FPC3_GLI","MNH1.2021",415,415,0.179079827074773,"ok"
"AGDD","GLI","FPC3","FPC3_GLI","MOH1.2020",1006,1006,0.341883288131135,"ok"
"AGDD","GLI","FPC3","FPC3_GLI","NEH1.2021",246,246,0.137786832472734,"ok"
"AGDD","GLI","FPC3","FPC3_GLI","TXH1.2020",246,246,0.529573984024486,"ok"
"AGDD","GLI","FPC3","FPC3_GLI","TXH1.2021",246,246,0.0890541931260421,"ok"
"AGDD","GLI","FPC3","FPC3_GLI","TXH2.2020",246,246,0.411070917444979,"ok"
"AGDD","GLI","FPC3","FPC3_GLI","TXH2.2021",246,246,-0.0827743852108277,"ok"
"AGDD","GLI","FPC3","FPC3_GLI","TXH3.2020",266,266,0.204561507655609,"ok"
"AGDD","GLI","FPC3","FPC3_GLI","TXH3.2021",245,245,0.438531084840308,"ok"
"AGDD","GLI","FPC3","FPC3_GLI","WIH1.2020",394,394,0.358070540632607,"ok"
"AGDD","GLI","FPC3","FPC3_GLI","WIH1.2021",398,398,0.304577591402544,"ok"
"AGDD","GLI","FPC3","FPC3_GLI","WIH2.2020",1127,1127,0.118477226116359,"ok"
"AGDD","GLI","FPC3","FPC3_GLI","WIH2.2021",1137,1137,-0.118955559119374,"ok"
"AGDD","GLI","FPC3","FPC3_GLI","WIH3.2020",415,415,-0.0514549200123766,"ok"
"AGDD","GLI","FPC3","FPC3_GLI","WIH3.2021",397,397,0.252582098706433,"ok"
"AGDD","GLI","FPC4","FPC4_GLI","DEH1.2020",1142,1142,0.0427016318903287,"ok"
"AGDD","GLI","FPC4","FPC4_GLI","IAH4.2021",1128,1128,0.0186805098163743,"ok"
"AGDD","GLI","FPC4","FPC4_GLI","MIH1.2020",414,414,0.19626646351484,"ok"
"AGDD","GLI","FPC4","FPC4_GLI","MNH1.2020",395,395,0.330664356526467,"ok"
"AGDD","GLI","FPC4","FPC4_GLI","MNH1.2021",415,415,0.0591910074338519,"ok"
"AGDD","GLI","FPC4","FPC4_GLI","MOH1.2020",1006,1006,-0.0281507673487785,"ok"
"AGDD","GLI","FPC4","FPC4_GLI","NEH1.2021",246,246,0.257828318403588,"ok"
"AGDD","GLI","FPC4","FPC4_GLI","TXH1.2020",246,246,0.446344895731147,"ok"
"AGDD","GLI","FPC4","FPC4_GLI","TXH1.2021",246,246,0.0835471147121306,"ok"
"AGDD","GLI","FPC4","FPC4_GLI","TXH2.2020",246,246,0.396816091480615,"ok"
"AGDD","GLI","FPC4","FPC4_GLI","TXH2.2021",246,246,-0.0383841747766654,"ok"
"AGDD","GLI","FPC4","FPC4_GLI","TXH3.2020",266,266,0.276065708271054,"ok"
"AGDD","GLI","FPC4","FPC4_GLI","TXH3.2021",245,245,0.426842611172387,"ok"
"AGDD","GLI","FPC4","FPC4_GLI","WIH1.2020",394,394,-0.0349346295490088,"ok"
"AGDD","GLI","FPC4","FPC4_GLI","WIH1.2021",398,398,0.218993839550496,"ok"
"AGDD","GLI","FPC4","FPC4_GLI","WIH2.2020",1127,1127,0.0238710397874028,"ok"
"AGDD","GLI","FPC4","FPC4_GLI","WIH2.2021",1137,1137,-0.0988616913129918,"ok"
"AGDD","GLI","FPC4","FPC4_GLI","WIH3.2020",415,415,0.00621542117162009,"ok"
"AGDD","GLI","FPC4","FPC4_GLI","WIH3.2021",397,397,-0.104188897985242,"ok"
"AGDD","GLI","FPC5","FPC5_GLI","DEH1.2020",1142,1142,0.392753050089446,"ok"
"AGDD","GLI","FPC5","FPC5_GLI","IAH4.2021",1128,1128,0.0359504591780964,"ok"
"AGDD","GLI","FPC5","FPC5_GLI","MIH1.2020",414,414,0.179790505258557,"ok"
"AGDD","GLI","FPC5","FPC5_GLI","MNH1.2020",395,395,-0.373380241652751,"ok"
"AGDD","GLI","FPC5","FPC5_GLI","MNH1.2021",415,415,-0.183873072787408,"ok"
"AGDD","GLI","FPC5","FPC5_GLI","MOH1.2020",1006,1006,-0.212033900940746,"ok"
"AGDD","GLI","FPC5","FPC5_GLI","NEH1.2021",246,246,0.126731097546219,"ok"
"AGDD","GLI","FPC5","FPC5_GLI","TXH1.2020",246,246,0.392168069839587,"ok"
"AGDD","GLI","FPC5","FPC5_GLI","TXH1.2021",246,246,0.170358303537383,"ok"
"AGDD","GLI","FPC5","FPC5_GLI","TXH2.2020",246,246,0.257861663782902,"ok"
"AGDD","GLI","FPC5","FPC5_GLI","TXH2.2021",246,246,-0.286994194553217,"ok"
"AGDD","GLI","FPC5","FPC5_GLI","TXH3.2020",266,266,0.0187968941541623,"ok"
"AGDD","GLI","FPC5","FPC5_GLI","TXH3.2021",245,245,-0.0132484258164214,"ok"
"AGDD","GLI","FPC5","FPC5_GLI","WIH1.2020",394,394,-0.2054233306804,"ok"
"AGDD","GLI","FPC5","FPC5_GLI","WIH1.2021",398,398,0.1253194573785,"ok"
"AGDD","GLI","FPC5","FPC5_GLI","WIH2.2020",1127,1127,-0.032939132062302,"ok"
"AGDD","GLI","FPC5","FPC5_GLI","WIH2.2021",1137,1137,-0.0804792703199379,"ok"
"AGDD","GLI","FPC5","FPC5_GLI","WIH3.2020",415,415,0.000498426688731566,"ok"
"AGDD","GLI","FPC5","FPC5_GLI","WIH3.2021",397,397,-0.151036440959357,"ok"
"AGDD","GLI","FPC6","FPC6_GLI","DEH1.2020",1142,1142,0.0878356461670189,"ok"
"AGDD","GLI","FPC6","FPC6_GLI","IAH4.2021",1128,1128,0.145730826947382,"ok"
"AGDD","GLI","FPC6","FPC6_GLI","MIH1.2020",414,414,0.299061429317501,"ok"
"AGDD","GLI","FPC6","FPC6_GLI","MNH1.2020",395,395,0.366831146893958,"ok"
"AGDD","GLI","FPC6","FPC6_GLI","MNH1.2021",415,415,0.0717826189143686,"ok"
"AGDD","GLI","FPC6","FPC6_GLI","MOH1.2020",1006,1006,0.310979958880402,"ok"
"AGDD","GLI","FPC6","FPC6_GLI","NEH1.2021",246,246,0.124700436520285,"ok"
"AGDD","GLI","FPC6","FPC6_GLI","TXH1.2020",246,246,0.258515601967391,"ok"
"AGDD","GLI","FPC6","FPC6_GLI","TXH1.2021",246,246,0.145158270213275,"ok"
"AGDD","GLI","FPC6","FPC6_GLI","TXH2.2020",246,246,0.213666755537563,"ok"
"AGDD","GLI","FPC6","FPC6_GLI","TXH2.2021",246,246,-0.100937127789631,"ok"
"AGDD","GLI","FPC6","FPC6_GLI","TXH3.2020",266,266,0.110331201684299,"ok"
"AGDD","GLI","FPC6","FPC6_GLI","TXH3.2021",245,245,0.347667463976479,"ok"
"AGDD","GLI","FPC6","FPC6_GLI","WIH1.2020",394,394,0.317136793618691,"ok"
"AGDD","GLI","FPC6","FPC6_GLI","WIH1.2021",398,398,0.217045621346134,"ok"
"AGDD","GLI","FPC6","FPC6_GLI","WIH2.2020",1127,1127,0.116818274108751,"ok"
"AGDD","GLI","FPC6","FPC6_GLI","WIH2.2021",1137,1137,0.161595144540274,"ok"
"AGDD","GLI","FPC6","FPC6_GLI","WIH3.2020",415,415,0.0699785265029237,"ok"
"AGDD","GLI","FPC6","FPC6_GLI","WIH3.2021",397,397,0.162399753637072,"ok"
"AGDD","GLI","FPC7","FPC7_GLI","DEH1.2020",1142,1142,-0.125921324358504,"ok"
"AGDD","GLI","FPC7","FPC7_GLI","IAH4.2021",1128,1128,-0.246155861620905,"ok"
"AGDD","GLI","FPC7","FPC7_GLI","MIH1.2020",414,414,0.0390615650789102,"ok"
"AGDD","GLI","FPC7","FPC7_GLI","MNH1.2020",395,395,-0.441331056494987,"ok"
"AGDD","GLI","FPC7","FPC7_GLI","MNH1.2021",415,415,-0.162580925661559,"ok"
"AGDD","GLI","FPC7","FPC7_GLI","MOH1.2020",1006,1006,-0.00748560675364151,"ok"
"AGDD","GLI","FPC7","FPC7_GLI","NEH1.2021",246,246,0.177346796026654,"ok"
"AGDD","GLI","FPC7","FPC7_GLI","TXH1.2020",246,246,-0.181006018388154,"ok"
"AGDD","GLI","FPC7","FPC7_GLI","TXH1.2021",246,246,-0.0252646982978442,"ok"
"AGDD","GLI","FPC7","FPC7_GLI","TXH2.2020",246,246,0.0416501462249486,"ok"
"AGDD","GLI","FPC7","FPC7_GLI","TXH2.2021",246,246,0.294338190634692,"ok"
"AGDD","GLI","FPC7","FPC7_GLI","TXH3.2020",266,266,0.277883040878674,"ok"
"AGDD","GLI","FPC7","FPC7_GLI","TXH3.2021",245,245,0.151805108299443,"ok"
"AGDD","GLI","FPC7","FPC7_GLI","WIH1.2020",394,394,-0.372070882325939,"ok"
"AGDD","GLI","FPC7","FPC7_GLI","WIH1.2021",398,398,-0.0593079603102879,"ok"
"AGDD","GLI","FPC7","FPC7_GLI","WIH2.2020",1127,1127,-0.0276070946602233,"ok"
"AGDD","GLI","FPC7","FPC7_GLI","WIH2.2021",1137,1137,-0.154784521217917,"ok"
"AGDD","GLI","FPC7","FPC7_GLI","WIH3.2020",415,415,-0.146839681177699,"ok"
"AGDD","GLI","FPC7","FPC7_GLI","WIH3.2021",397,397,-0.253097110235761,"ok"
"AGDD","GLI_new","FPC1","FPC1_GLI_new","DEH1.2020",1142,1142,0.179514560638297,"ok"
"AGDD","GLI_new","FPC1","FPC1_GLI_new","IAH4.2021",1128,1128,-0.131289360429843,"ok"
"AGDD","GLI_new","FPC1","FPC1_GLI_new","MIH1.2020",414,414,-0.253240716086201,"ok"
"AGDD","GLI_new","FPC1","FPC1_GLI_new","MNH1.2020",395,395,-0.40795193259258,"ok"
"AGDD","GLI_new","FPC1","FPC1_GLI_new","MNH1.2021",415,415,-0.164848784238593,"ok"
"AGDD","GLI_new","FPC1","FPC1_GLI_new","MOH1.2020",1006,1006,-0.33741705835356,"ok"
"AGDD","GLI_new","FPC1","FPC1_GLI_new","NEH1.2021",246,246,-0.103312901234369,"ok"
"AGDD","GLI_new","FPC1","FPC1_GLI_new","TXH1.2020",246,246,-0.311929213623466,"ok"
"AGDD","GLI_new","FPC1","FPC1_GLI_new","TXH1.2021",246,246,0.084246324931937,"ok"
"AGDD","GLI_new","FPC1","FPC1_GLI_new","TXH2.2020",246,246,-0.109516307340896,"ok"
"AGDD","GLI_new","FPC1","FPC1_GLI_new","TXH2.2021",246,246,-0.334759893269554,"ok"
"AGDD","GLI_new","FPC1","FPC1_GLI_new","TXH3.2020",266,266,-0.207489119877164,"ok"
"AGDD","GLI_new","FPC1","FPC1_GLI_new","TXH3.2021",245,245,-0.370605098679638,"ok"
"AGDD","GLI_new","FPC1","FPC1_GLI_new","WIH1.2020",394,394,-0.288808324448937,"ok"
"AGDD","GLI_new","FPC1","FPC1_GLI_new","WIH1.2021",398,398,-0.214136017425567,"ok"
"AGDD","GLI_new","FPC1","FPC1_GLI_new","WIH2.2020",1127,1127,-0.104660919622276,"ok"
"AGDD","GLI_new","FPC1","FPC1_GLI_new","WIH2.2021",1137,1137,-0.0957838310446838,"ok"
"AGDD","GLI_new","FPC1","FPC1_GLI_new","WIH3.2020",415,415,0.0130868414524451,"ok"
"AGDD","GLI_new","FPC1","FPC1_GLI_new","WIH3.2021",397,397,-0.174891021210761,"ok"
"AGDD","GLI_new","FPC2","FPC2_GLI_new","DEH1.2020",1142,1142,-0.246188537182813,"ok"
"AGDD","GLI_new","FPC2","FPC2_GLI_new","IAH4.2021",1128,1128,-0.0673313386012867,"ok"
"AGDD","GLI_new","FPC2","FPC2_GLI_new","MIH1.2020",414,414,-0.0638829215784359,"ok"
"AGDD","GLI_new","FPC2","FPC2_GLI_new","MNH1.2020",395,395,0.181803924386939,"ok"
"AGDD","GLI_new","FPC2","FPC2_GLI_new","MNH1.2021",415,415,0.173110486672305,"ok"
"AGDD","GLI_new","FPC2","FPC2_GLI_new","MOH1.2020",1006,1006,0.319963676521349,"ok"
"AGDD","GLI_new","FPC2","FPC2_GLI_new","NEH1.2021",246,246,-0.0483498640857445,"ok"
"AGDD","GLI_new","FPC2","FPC2_GLI_new","TXH1.2020",246,246,0.360469887570274,"ok"
"AGDD","GLI_new","FPC2","FPC2_GLI_new","TXH1.2021",246,246,-0.18811514540129,"ok"
"AGDD","GLI_new","FPC2","FPC2_GLI_new","TXH2.2020",246,246,0.200560418498204,"ok"
"AGDD","GLI_new","FPC2","FPC2_GLI_new","TXH2.2021",246,246,0.327452874197724,"ok"
"AGDD","GLI_new","FPC2","FPC2_GLI_new","TXH3.2020",266,266,-0.00069642993345614,"ok"
"AGDD","GLI_new","FPC2","FPC2_GLI_new","TXH3.2021",245,245,0.0406781729834953,"ok"
"AGDD","GLI_new","FPC2","FPC2_GLI_new","WIH1.2020",394,394,0.0374746842546324,"ok"
"AGDD","GLI_new","FPC2","FPC2_GLI_new","WIH1.2021",398,398,0.0323189414088464,"ok"
"AGDD","GLI_new","FPC2","FPC2_GLI_new","WIH2.2020",1127,1127,0.0754940310031875,"ok"
"AGDD","GLI_new","FPC2","FPC2_GLI_new","WIH2.2021",1137,1137,-0.0459234234770934,"ok"
"AGDD","GLI_new","FPC2","FPC2_GLI_new","WIH3.2020",415,415,-0.0652255872141767,"ok"
"AGDD","GLI_new","FPC2","FPC2_GLI_new","WIH3.2021",397,397,0.0924311215943425,"ok"
"AGDD","GLI_new","FPC3","FPC3_GLI_new","DEH1.2020",1142,1142,-0.0261248079963523,"ok"
"AGDD","GLI_new","FPC3","FPC3_GLI_new","IAH4.2021",1128,1128,0.13903698451222,"ok"
"AGDD","GLI_new","FPC3","FPC3_GLI_new","MIH1.2020",414,414,0.331464885699535,"ok"
"AGDD","GLI_new","FPC3","FPC3_GLI_new","MNH1.2020",395,395,0.304434854630062,"ok"
"AGDD","GLI_new","FPC3","FPC3_GLI_new","MNH1.2021",415,415,0.179079309100599,"ok"
"AGDD","GLI_new","FPC3","FPC3_GLI_new","MOH1.2020",1006,1006,0.341883283445025,"ok"
"AGDD","GLI_new","FPC3","FPC3_GLI_new","NEH1.2021",246,246,0.13778683325708,"ok"
"AGDD","GLI_new","FPC3","FPC3_GLI_new","TXH1.2020",246,246,0.529574034606565,"ok"
"AGDD","GLI_new","FPC3","FPC3_GLI_new","TXH1.2021",246,246,0.0890541962032288,"ok"
"AGDD","GLI_new","FPC3","FPC3_GLI_new","TXH2.2020",246,246,0.411070915396522,"ok"
"AGDD","GLI_new","FPC3","FPC3_GLI_new","TXH2.2021",246,246,-0.0827743916478966,"ok"
"AGDD","GLI_new","FPC3","FPC3_GLI_new","TXH3.2020",266,266,0.204561513755018,"ok"
"AGDD","GLI_new","FPC3","FPC3_GLI_new","TXH3.2021",245,245,0.438531083100759,"ok"
"AGDD","GLI_new","FPC3","FPC3_GLI_new","WIH1.2020",394,394,0.358070362933846,"ok"
"AGDD","GLI_new","FPC3","FPC3_GLI_new","WIH1.2021",398,398,0.304577945261872,"ok"
"AGDD","GLI_new","FPC3","FPC3_GLI_new","WIH2.2020",1127,1127,0.11847722449346,"ok"
"AGDD","GLI_new","FPC3","FPC3_GLI_new","WIH2.2021",1137,1137,-0.118955557110695,"ok"
"AGDD","GLI_new","FPC3","FPC3_GLI_new","WIH3.2020",415,415,-0.0514549192986473,"ok"
"AGDD","GLI_new","FPC3","FPC3_GLI_new","WIH3.2021",397,397,0.252582099284094,"ok"
"AGDD","GLI_new","FPC4","FPC4_GLI_new","DEH1.2020",1142,1142,0.0427016485367547,"ok"
"AGDD","GLI_new","FPC4","FPC4_GLI_new","IAH4.2021",1128,1128,0.0186805640788638,"ok"
"AGDD","GLI_new","FPC4","FPC4_GLI_new","MIH1.2020",414,414,0.196266478712454,"ok"
"AGDD","GLI_new","FPC4","FPC4_GLI_new","MNH1.2020",395,395,0.330664331857758,"ok"
"AGDD","GLI_new","FPC4","FPC4_GLI_new","MNH1.2021",415,415,0.059191885303406,"ok"
"AGDD","GLI_new","FPC4","FPC4_GLI_new","MOH1.2020",1006,1006,-0.0281508040705164,"ok"
"AGDD","GLI_new","FPC4","FPC4_GLI_new","NEH1.2021",246,246,0.257828322509863,"ok"
"AGDD","GLI_new","FPC4","FPC4_GLI_new","TXH1.2020",246,246,0.446345009175249,"ok"
"AGDD","GLI_new","FPC4","FPC4_GLI_new","TXH1.2021",246,246,0.0835471124430519,"ok"
"AGDD","GLI_new","FPC4","FPC4_GLI_new","TXH2.2020",246,246,0.396816112083236,"ok"
"AGDD","GLI_new","FPC4","FPC4_GLI_new","TXH2.2021",246,246,-0.0383841619576931,"ok"
"AGDD","GLI_new","FPC4","FPC4_GLI_new","TXH3.2020",266,266,0.276065700921248,"ok"
"AGDD","GLI_new","FPC4","FPC4_GLI_new","TXH3.2021",245,245,0.426842609831196,"ok"
"AGDD","GLI_new","FPC4","FPC4_GLI_new","WIH1.2020",394,394,-0.0349348052803423,"ok"
"AGDD","GLI_new","FPC4","FPC4_GLI_new","WIH1.2021",398,398,0.218994761013021,"ok"
"AGDD","GLI_new","FPC4","FPC4_GLI_new","WIH2.2020",1127,1127,0.0238710342441876,"ok"
"AGDD","GLI_new","FPC4","FPC4_GLI_new","WIH2.2021",1137,1137,-0.0988617399333876,"ok"
"AGDD","GLI_new","FPC4","FPC4_GLI_new","WIH3.2020",415,415,0.00621542017950039,"ok"
"AGDD","GLI_new","FPC4","FPC4_GLI_new","WIH3.2021",397,397,-0.104188902926379,"ok"
"AGDD","GLI_new","FPC5","FPC5_GLI_new","DEH1.2020",1142,1142,0.392753054758042,"ok"
"AGDD","GLI_new","FPC5","FPC5_GLI_new","IAH4.2021",1128,1128,0.0359504411811873,"ok"
"AGDD","GLI_new","FPC5","FPC5_GLI_new","MIH1.2020",414,414,0.179790523288018,"ok"
"AGDD","GLI_new","FPC5","FPC5_GLI_new","MNH1.2020",395,395,-0.373380255094335,"ok"
"AGDD","GLI_new","FPC5","FPC5_GLI_new","MNH1.2021",415,415,-0.183871615625619,"ok"
"AGDD","GLI_new","FPC5","FPC5_GLI_new","MOH1.2020",1006,1006,-0.212033909967019,"ok"
"AGDD","GLI_new","FPC5","FPC5_GLI_new","NEH1.2021",246,246,0.126731067324784,"ok"
"AGDD","GLI_new","FPC5","FPC5_GLI_new","TXH1.2020",246,246,0.392167822497909,"ok"
"AGDD","GLI_new","FPC5","FPC5_GLI_new","TXH1.2021",246,246,0.170358290290302,"ok"
"AGDD","GLI_new","FPC5","FPC5_GLI_new","TXH2.2020",246,246,0.257861652956533,"ok"
"AGDD","GLI_new","FPC5","FPC5_GLI_new","TXH2.2021",246,246,-0.286994203739027,"ok"
"AGDD","GLI_new","FPC5","FPC5_GLI_new","TXH3.2020",266,266,0.0187968973339062,"ok"
"AGDD","GLI_new","FPC5","FPC5_GLI_new","TXH3.2021",245,245,-0.0132484529667666,"ok"
"AGDD","GLI_new","FPC5","FPC5_GLI_new","WIH1.2020",394,394,-0.205423761779265,"ok"
"AGDD","GLI_new","FPC5","FPC5_GLI_new","WIH1.2021",398,398,0.125320069806984,"ok"
"AGDD","GLI_new","FPC5","FPC5_GLI_new","WIH2.2020",1127,1127,-0.0329391427007002,"ok"
"AGDD","GLI_new","FPC5","FPC5_GLI_new","WIH2.2021",1137,1137,-0.0804796054866984,"ok"
"AGDD","GLI_new","FPC5","FPC5_GLI_new","WIH3.2020",415,415,0.000498423259325935,"ok"
"AGDD","GLI_new","FPC5","FPC5_GLI_new","WIH3.2021",397,397,-0.15103643310533,"ok"
"AGDD","GLI_new","FPC6","FPC6_GLI_new","DEH1.2020",1142,1142,0.0878357370921722,"ok"
"AGDD","GLI_new","FPC6","FPC6_GLI_new","IAH4.2021",1128,1128,0.145730649296719,"ok"
"AGDD","GLI_new","FPC6","FPC6_GLI_new","MIH1.2020",414,414,0.299061523769731,"ok"
"AGDD","GLI_new","FPC6","FPC6_GLI_new","MNH1.2020",395,395,0.366831137498788,"ok"
"AGDD","GLI_new","FPC6","FPC6_GLI_new","MNH1.2021",415,415,0.0717809573408654,"ok"
"AGDD","GLI_new","FPC6","FPC6_GLI_new","MOH1.2020",1006,1006,0.310979945570086,"ok"
"AGDD","GLI_new","FPC6","FPC6_GLI_new","NEH1.2021",246,246,0.1247004570644,"ok"
"AGDD","GLI_new","FPC6","FPC6_GLI_new","TXH1.2020",246,246,0.258516000051224,"ok"
"AGDD","GLI_new","FPC6","FPC6_GLI_new","TXH1.2021",246,246,0.145158290065368,"ok"
"AGDD","GLI_new","FPC6","FPC6_GLI_new","TXH2.2020",246,246,0.213666795566267,"ok"
"AGDD","GLI_new","FPC6","FPC6_GLI_new","TXH2.2021",246,246,-0.100937165489557,"ok"
"AGDD","GLI_new","FPC6","FPC6_GLI_new","TXH3.2020",266,266,0.110331203247438,"ok"
"AGDD","GLI_new","FPC6","FPC6_GLI_new","TXH3.2021",245,245,0.347667465488306,"ok"
"AGDD","GLI_new","FPC6","FPC6_GLI_new","WIH1.2020",394,394,0.317136547703315,"ok"
"AGDD","GLI_new","FPC6","FPC6_GLI_new","WIH1.2021",398,398,0.217046255322314,"ok"
"AGDD","GLI_new","FPC6","FPC6_GLI_new","WIH2.2020",1127,1127,0.116818272738096,"ok"
"AGDD","GLI_new","FPC6","FPC6_GLI_new","WIH2.2021",1137,1137,0.161595134443107,"ok"
"AGDD","GLI_new","FPC6","FPC6_GLI_new","WIH3.2020",415,415,0.0699785155913428,"ok"
"AGDD","GLI_new","FPC6","FPC6_GLI_new","WIH3.2021",397,397,0.162399714077616,"ok"
"AGDD","GLI_new","FPC7","FPC7_GLI_new","DEH1.2020",1142,1142,-0.125921360753323,"ok"
"AGDD","GLI_new","FPC7","FPC7_GLI_new","IAH4.2021",1128,1128,-0.246155750516883,"ok"
"AGDD","GLI_new","FPC7","FPC7_GLI_new","MIH1.2020",414,414,0.0390615611531284,"ok"
"AGDD","GLI_new","FPC7","FPC7_GLI_new","MNH1.2020",395,395,-0.441331055932254,"ok"
"AGDD","GLI_new","FPC7","FPC7_GLI_new","MNH1.2021",415,415,-0.162578890620584,"ok"
"AGDD","GLI_new","FPC7","FPC7_GLI_new","MOH1.2020",1006,1006,-0.00748561530821367,"ok"
"AGDD","GLI_new","FPC7","FPC7_GLI_new","NEH1.2021",246,246,0.177346793382838,"ok"
"AGDD","GLI_new","FPC7","FPC7_GLI_new","TXH1.2020",246,246,-0.181005979593271,"ok"
"AGDD","GLI_new","FPC7","FPC7_GLI_new","TXH1.2021",246,246,-0.0252647014598556,"ok"
"AGDD","GLI_new","FPC7","FPC7_GLI_new","TXH2.2020",246,246,0.0416501370992353,"ok"
"AGDD","GLI_new","FPC7","FPC7_GLI_new","TXH2.2021",246,246,0.29433820559318,"ok"
"AGDD","GLI_new","FPC7","FPC7_GLI_new","TXH3.2020",266,266,0.277883036230697,"ok"
"AGDD","GLI_new","FPC7","FPC7_GLI_new","TXH3.2021",245,245,0.151805111460446,"ok"
"AGDD","GLI_new","FPC7","FPC7_GLI_new","WIH1.2020",394,394,-0.372070751936689,"ok"
"AGDD","GLI_new","FPC7","FPC7_GLI_new","WIH1.2021",398,398,-0.0593079808178146,"ok"
"AGDD","GLI_new","FPC7","FPC7_GLI_new","WIH2.2020",1127,1127,-0.0276070937190843,"ok"
"AGDD","GLI_new","FPC7","FPC7_GLI_new","WIH2.2021",1137,1137,-0.154784294985501,"ok"
"AGDD","GLI_new","FPC7","FPC7_GLI_new","WIH3.2020",415,415,-0.146839674645491,"ok"
"AGDD","GLI_new","FPC7","FPC7_GLI_new","WIH3.2021",397,397,-0.253097098646927,"ok"
"AGDD","GdivB","FPC1","FPC1_GdivB","DEH1.2020",1142,1142,-0.0932651201481398,"ok"
"AGDD","GdivB","FPC1","FPC1_GdivB","IAH4.2021",1128,1128,0.0378601639408697,"ok"
"AGDD","GdivB","FPC1","FPC1_GdivB","MIH1.2020",414,414,0.125057486849999,"ok"
"AGDD","GdivB","FPC1","FPC1_GdivB","MNH1.2020",395,395,0.185066599519911,"ok"
"AGDD","GdivB","FPC1","FPC1_GdivB","MNH1.2021",415,415,0.0254984319540272,"ok"
"AGDD","GdivB","FPC1","FPC1_GdivB","MOH1.2020",1006,1006,0.242250038509236,"ok"
"AGDD","GdivB","FPC1","FPC1_GdivB","NEH1.2021",246,246,-0.00490028452193676,"ok"
"AGDD","GdivB","FPC1","FPC1_GdivB","TXH1.2020",246,246,-0.00536208974043083,"ok"
"AGDD","GdivB","FPC1","FPC1_GdivB","TXH1.2021",246,246,0.158663557378538,"ok"
"AGDD","GdivB","FPC1","FPC1_GdivB","TXH2.2020",246,246,0.025540070920655,"ok"
"AGDD","GdivB","FPC1","FPC1_GdivB","TXH2.2021",246,246,-0.301711083866493,"ok"
"AGDD","GdivB","FPC1","FPC1_GdivB","TXH3.2020",266,266,0.0602565173743086,"ok"
"AGDD","GdivB","FPC1","FPC1_GdivB","TXH3.2021",245,245,0.212584458058477,"ok"
"AGDD","GdivB","FPC1","FPC1_GdivB","WIH1.2020",394,394,0.0921650232387461,"ok"
"AGDD","GdivB","FPC1","FPC1_GdivB","WIH1.2021",398,398,0.18988567052694,"ok"
"AGDD","GdivB","FPC1","FPC1_GdivB","WIH2.2020",1127,1127,0.0592563193399882,"ok"
"AGDD","GdivB","FPC1","FPC1_GdivB","WIH2.2021",1137,1137,-0.00716297381682538,"ok"
"AGDD","GdivB","FPC1","FPC1_GdivB","WIH3.2020",415,415,-0.0323372914598239,"ok"
"AGDD","GdivB","FPC1","FPC1_GdivB","WIH3.2021",397,397,0.0373898983060051,"ok"
"AGDD","GdivB","FPC2","FPC2_GdivB","DEH1.2020",1142,1142,-0.245807643260908,"ok"
"AGDD","GdivB","FPC2","FPC2_GdivB","IAH4.2021",1128,1128,-0.0797397096726448,"ok"
"AGDD","GdivB","FPC2","FPC2_GdivB","MIH1.2020",414,414,0.106540603414409,"ok"
"AGDD","GdivB","FPC2","FPC2_GdivB","MNH1.2020",395,395,0.303571708088438,"ok"
"AGDD","GdivB","FPC2","FPC2_GdivB","MNH1.2021",415,415,0.16615080570761,"ok"
"AGDD","GdivB","FPC2","FPC2_GdivB","MOH1.2020",1006,1006,0.245801747092846,"ok"
"AGDD","GdivB","FPC2","FPC2_GdivB","NEH1.2021",246,246,0.0174228032857574,"ok"
"AGDD","GdivB","FPC2","FPC2_GdivB","TXH1.2020",246,246,0.334191480456978,"ok"
"AGDD","GdivB","FPC2","FPC2_GdivB","TXH1.2021",246,246,-0.192295409005248,"ok"
"AGDD","GdivB","FPC2","FPC2_GdivB","TXH2.2020",246,246,0.0964129945450216,"ok"
"AGDD","GdivB","FPC2","FPC2_GdivB","TXH2.2021",246,246,0.177821884077415,"ok"
"AGDD","GdivB","FPC2","FPC2_GdivB","TXH3.2020",266,266,0.0419993978082475,"ok"
"AGDD","GdivB","FPC2","FPC2_GdivB","TXH3.2021",245,245,-0.1566853449214,"ok"
"AGDD","GdivB","FPC2","FPC2_GdivB","WIH1.2020",394,394,0.186568287398296,"ok"
"AGDD","GdivB","FPC2","FPC2_GdivB","WIH1.2021",398,398,0.191361528320539,"ok"
"AGDD","GdivB","FPC2","FPC2_GdivB","WIH2.2020",1127,1127,0.114479250395026,"ok"
"AGDD","GdivB","FPC2","FPC2_GdivB","WIH2.2021",1137,1137,-0.0151433339058583,"ok"
"AGDD","GdivB","FPC2","FPC2_GdivB","WIH3.2020",415,415,-0.0780259515253533,"ok"
"AGDD","GdivB","FPC2","FPC2_GdivB","WIH3.2021",397,397,0.223775909502347,"ok"
"AGDD","GdivB","FPC3","FPC3_GdivB","DEH1.2020",1142,1142,-0.105711961217158,"ok"
"AGDD","GdivB","FPC3","FPC3_GdivB","IAH4.2021",1128,1128,-0.0469631806677596,"ok"
"AGDD","GdivB","FPC3","FPC3_GdivB","MIH1.2020",414,414,0.22060850901754,"ok"
"AGDD","GdivB","FPC3","FPC3_GdivB","MNH1.2020",395,395,0.202248134433235,"ok"
"AGDD","GdivB","FPC3","FPC3_GdivB","MNH1.2021",415,415,0.102250821942069,"ok"
"AGDD","GdivB","FPC3","FPC3_GdivB","MOH1.2020",1006,1006,0.0333496049667562,"ok"
"AGDD","GdivB","FPC3","FPC3_GdivB","NEH1.2021",246,246,0.00269011720388492,"ok"
"AGDD","GdivB","FPC3","FPC3_GdivB","TXH1.2020",246,246,0.13628961566446,"ok"
"AGDD","GdivB","FPC3","FPC3_GdivB","TXH1.2021",246,246,0.137952864066818,"ok"
"AGDD","GdivB","FPC3","FPC3_GdivB","TXH2.2020",246,246,0.206424994532289,"ok"
"AGDD","GdivB","FPC3","FPC3_GdivB","TXH2.2021",246,246,-0.304219294429339,"ok"
"AGDD","GdivB","FPC3","FPC3_GdivB","TXH3.2020",266,266,0.247054243729413,"ok"
"AGDD","GdivB","FPC3","FPC3_GdivB","TXH3.2021",245,245,0.130944670470358,"ok"
"AGDD","GdivB","FPC3","FPC3_GdivB","WIH1.2020",394,394,0.149288551675035,"ok"
"AGDD","GdivB","FPC3","FPC3_GdivB","WIH1.2021",398,398,0.261105973977923,"ok"
"AGDD","GdivB","FPC3","FPC3_GdivB","WIH2.2020",1127,1127,0.0535716224482107,"ok"
"AGDD","GdivB","FPC3","FPC3_GdivB","WIH2.2021",1137,1137,-0.00102306238783598,"ok"
"AGDD","GdivB","FPC3","FPC3_GdivB","WIH3.2020",415,415,-0.0819850113490936,"ok"
"AGDD","GdivB","FPC3","FPC3_GdivB","WIH3.2021",397,397,-0.017074431895888,"ok"
"AGDD","GdivB","FPC4","FPC4_GdivB","DEH1.2020",1142,1142,0.28309495422587,"ok"
"AGDD","GdivB","FPC4","FPC4_GdivB","IAH4.2021",1128,1128,-0.0637192646921029,"ok"
"AGDD","GdivB","FPC4","FPC4_GdivB","MIH1.2020",414,414,-0.050056390158696,"ok"
"AGDD","GdivB","FPC4","FPC4_GdivB","MNH1.2020",395,395,-0.170478015521488,"ok"
"AGDD","GdivB","FPC4","FPC4_GdivB","MNH1.2021",415,415,-0.0559098391341356,"ok"
"AGDD","GdivB","FPC4","FPC4_GdivB","MOH1.2020",1006,1006,-0.238694563516626,"ok"
"AGDD","GdivB","FPC4","FPC4_GdivB","NEH1.2021",246,246,0.0943293915843916,"ok"
"AGDD","GdivB","FPC4","FPC4_GdivB","TXH1.2020",246,246,0.321517046436486,"ok"
"AGDD","GdivB","FPC4","FPC4_GdivB","TXH1.2021",246,246,0.100386890831225,"ok"
"AGDD","GdivB","FPC4","FPC4_GdivB","TXH2.2020",246,246,0.272068441020015,"ok"
"AGDD","GdivB","FPC4","FPC4_GdivB","TXH2.2021",246,246,-0.216174766775721,"ok"
"AGDD","GdivB","FPC4","FPC4_GdivB","TXH3.2020",266,266,0.238312077721719,"ok"
"AGDD","GdivB","FPC4","FPC4_GdivB","TXH3.2021",245,245,0.166048643897866,"ok"
"AGDD","GdivB","FPC4","FPC4_GdivB","WIH1.2020",394,394,-0.1490266193379,"ok"
"AGDD","GdivB","FPC4","FPC4_GdivB","WIH1.2021",398,398,0.201899549147009,"ok"
"AGDD","GdivB","FPC4","FPC4_GdivB","WIH2.2020",1127,1127,-0.0571664367958038,"ok"
"AGDD","GdivB","FPC4","FPC4_GdivB","WIH2.2021",1137,1137,0.021001063495851,"ok"
"AGDD","GdivB","FPC4","FPC4_GdivB","WIH3.2020",415,415,-0.00533807271717164,"ok"
"AGDD","GdivB","FPC4","FPC4_GdivB","WIH3.2021",397,397,-0.225882090464688,"ok"
"AGDD","GdivB","FPC5","FPC5_GdivB","DEH1.2020",1142,1142,0.259572228489598,"ok"
"AGDD","GdivB","FPC5","FPC5_GdivB","IAH4.2021",1128,1128,0.0433898194398525,"ok"
"AGDD","GdivB","FPC5","FPC5_GdivB","MIH1.2020",414,414,-0.314216363649087,"ok"
"AGDD","GdivB","FPC5","FPC5_GdivB","MNH1.2020",395,395,-0.161435741929323,"ok"
"AGDD","GdivB","FPC5","FPC5_GdivB","MNH1.2021",415,415,-0.0169521098731035,"ok"
"AGDD","GdivB","FPC5","FPC5_GdivB","MOH1.2020",1006,1006,-0.142414036626926,"ok"
"AGDD","GdivB","FPC5","FPC5_GdivB","NEH1.2021",246,246,0.0562235637884073,"ok"
"AGDD","GdivB","FPC5","FPC5_GdivB","TXH1.2020",246,246,0.265201318845531,"ok"
"AGDD","GdivB","FPC5","FPC5_GdivB","TXH1.2021",246,246,0.0822293448595142,"ok"
"AGDD","GdivB","FPC5","FPC5_GdivB","TXH2.2020",246,246,-0.00607113383679038,"ok"
"AGDD","GdivB","FPC5","FPC5_GdivB","TXH2.2021",246,246,-0.212137928971778,"ok"
"AGDD","GdivB","FPC5","FPC5_GdivB","TXH3.2020",266,266,-0.032619788281612,"ok"
"AGDD","GdivB","FPC5","FPC5_GdivB","TXH3.2021",245,245,-0.0730654661046029,"ok"
"AGDD","GdivB","FPC5","FPC5_GdivB","WIH1.2020",394,394,-0.0587198002911836,"ok"
"AGDD","GdivB","FPC5","FPC5_GdivB","WIH1.2021",398,398,0.102122022212327,"ok"
"AGDD","GdivB","FPC5","FPC5_GdivB","WIH2.2020",1127,1127,-0.0225452856483028,"ok"
"AGDD","GdivB","FPC5","FPC5_GdivB","WIH2.2021",1137,1137,0.0586535021610279,"ok"
"AGDD","GdivB","FPC5","FPC5_GdivB","WIH3.2020",415,415,-0.011820645498293,"ok"
"AGDD","GdivB","FPC5","FPC5_GdivB","WIH3.2021",397,397,-0.0798132735778406,"ok"
"AGDD","GdivB","FPC6","FPC6_GdivB","DEH1.2020",1142,1142,0.0877824665073294,"ok"
"AGDD","GdivB","FPC6","FPC6_GdivB","IAH4.2021",1128,1128,-0.0594062731346585,"ok"
"AGDD","GdivB","FPC6","FPC6_GdivB","MIH1.2020",414,414,0.0733069574093442,"ok"
"AGDD","GdivB","FPC6","FPC6_GdivB","MNH1.2020",395,395,-0.231450093972505,"ok"
"AGDD","GdivB","FPC6","FPC6_GdivB","MNH1.2021",415,415,-0.0539084430760053,"ok"
"AGDD","GdivB","FPC6","FPC6_GdivB","MOH1.2020",1006,1006,-0.0483664263895862,"ok"
"AGDD","GdivB","FPC6","FPC6_GdivB","NEH1.2021",246,246,0.0766579730068221,"ok"
"AGDD","GdivB","FPC6","FPC6_GdivB","TXH1.2020",246,246,0.162580848320883,"ok"
"AGDD","GdivB","FPC6","FPC6_GdivB","TXH1.2021",246,246,0.052296842137208,"ok"
"AGDD","GdivB","FPC6","FPC6_GdivB","TXH2.2020",246,246,0.333768810885475,"ok"
"AGDD","GdivB","FPC6","FPC6_GdivB","TXH2.2021",246,246,-0.0782502991791669,"ok"
"AGDD","GdivB","FPC6","FPC6_GdivB","TXH3.2020",266,266,0.242817449094356,"ok"
"AGDD","GdivB","FPC6","FPC6_GdivB","TXH3.2021",245,245,0.11294058070761,"ok"
"AGDD","GdivB","FPC6","FPC6_GdivB","WIH1.2020",394,394,-0.10441374974679,"ok"
"AGDD","GdivB","FPC6","FPC6_GdivB","WIH1.2021",398,398,0.0694213452350242,"ok"
"AGDD","GdivB","FPC6","FPC6_GdivB","WIH2.2020",1127,1127,0.0190111232304772,"ok"
"AGDD","GdivB","FPC6","FPC6_GdivB","WIH2.2021",1137,1137,-0.0244436193866228,"ok"
"AGDD","GdivB","FPC6","FPC6_GdivB","WIH3.2020",415,415,-0.0356170604105336,"ok"
"AGDD","GdivB","FPC6","FPC6_GdivB","WIH3.2021",397,397,-0.126304257817795,"ok"
"AGDD","GdivB","FPC7","FPC7_GdivB","DEH1.2020",1142,1142,0.289443957041284,"ok"
"AGDD","GdivB","FPC7","FPC7_GdivB","IAH4.2021",1128,1128,0.0849800687441406,"ok"
"AGDD","GdivB","FPC7","FPC7_GdivB","MIH1.2020",414,414,0.00563885212789771,"ok"
"AGDD","GdivB","FPC7","FPC7_GdivB","MNH1.2020",395,395,-0.204142235304736,"ok"
"AGDD","GdivB","FPC7","FPC7_GdivB","MNH1.2021",415,415,-0.0341057682134053,"ok"
"AGDD","GdivB","FPC7","FPC7_GdivB","MOH1.2020",1006,1006,0.195084985764707,"ok"
"AGDD","GdivB","FPC7","FPC7_GdivB","NEH1.2021",246,246,0.0248606447283664,"ok"
"AGDD","GdivB","FPC7","FPC7_GdivB","TXH1.2020",246,246,0.25503352891835,"ok"
"AGDD","GdivB","FPC7","FPC7_GdivB","TXH1.2021",246,246,-0.0334230294169058,"ok"
"AGDD","GdivB","FPC7","FPC7_GdivB","TXH2.2020",246,246,0.0589828365569798,"ok"
"AGDD","GdivB","FPC7","FPC7_GdivB","TXH2.2021",246,246,-0.0929943554946759,"ok"
"AGDD","GdivB","FPC7","FPC7_GdivB","TXH3.2020",266,266,0.0477682405896113,"ok"
"AGDD","GdivB","FPC7","FPC7_GdivB","TXH3.2021",245,245,-0.268762499011282,"ok"
"AGDD","GdivB","FPC7","FPC7_GdivB","WIH1.2020",394,394,-0.0968029686666379,"ok"
"AGDD","GdivB","FPC7","FPC7_GdivB","WIH1.2021",398,398,0.168633838243257,"ok"
"AGDD","GdivB","FPC7","FPC7_GdivB","WIH2.2020",1127,1127,0.0857706050850277,"ok"
"AGDD","GdivB","FPC7","FPC7_GdivB","WIH2.2021",1137,1137,-0.0370027182320997,"ok"
"AGDD","GdivB","FPC7","FPC7_GdivB","WIH3.2020",415,415,-0.0620033857736794,"ok"
"AGDD","GdivB","FPC7","FPC7_GdivB","WIH3.2021",397,397,-0.0248119489881809,"ok"
"AGDD","GdivR","FPC1","FPC1_GdivR","DEH1.2020",1142,1142,-0.226642143029771,"ok"
"AGDD","GdivR","FPC1","FPC1_GdivR","IAH4.2021",1128,1128,0.17649949913785,"ok"
"AGDD","GdivR","FPC1","FPC1_GdivR","MIH1.2020",414,414,0.236889545986587,"ok"
"AGDD","GdivR","FPC1","FPC1_GdivR","MNH1.2020",395,395,0.210523134392598,"ok"
"AGDD","GdivR","FPC1","FPC1_GdivR","MNH1.2021",415,415,0.170585438251559,"ok"
"AGDD","GdivR","FPC1","FPC1_GdivR","MOH1.2020",1006,1006,0.391022204085936,"ok"
"AGDD","GdivR","FPC1","FPC1_GdivR","NEH1.2021",246,246,0.0359212900750421,"ok"
"AGDD","GdivR","FPC1","FPC1_GdivR","TXH1.2020",246,246,0.633761590687505,"ok"
"AGDD","GdivR","FPC1","FPC1_GdivR","TXH1.2021",246,246,-0.0295894267899883,"ok"
"AGDD","GdivR","FPC1","FPC1_GdivR","TXH2.2020",246,246,0.383408622669441,"ok"
"AGDD","GdivR","FPC1","FPC1_GdivR","TXH2.2021",246,246,0.408003954129293,"ok"
"AGDD","GdivR","FPC1","FPC1_GdivR","TXH3.2020",266,266,0.153501264999432,"ok"
"AGDD","GdivR","FPC1","FPC1_GdivR","TXH3.2021",245,245,0.478620248504732,"ok"
"AGDD","GdivR","FPC1","FPC1_GdivR","WIH1.2020",394,394,0.296007365983187,"ok"
"AGDD","GdivR","FPC1","FPC1_GdivR","WIH1.2021",398,398,0.162486648564269,"ok"
"AGDD","GdivR","FPC1","FPC1_GdivR","WIH2.2020",1127,1127,0.0938310543846399,"ok"
"AGDD","GdivR","FPC1","FPC1_GdivR","WIH2.2021",1137,1137,-0.0418344600397472,"ok"
"AGDD","GdivR","FPC1","FPC1_GdivR","WIH3.2020",415,415,-0.0310943677955767,"ok"
"AGDD","GdivR","FPC1","FPC1_GdivR","WIH3.2021",397,397,0.320007666702628,"ok"
"AGDD","GdivR","FPC2","FPC2_GdivR","DEH1.2020",1142,1142,-0.264916637516486,"ok"
"AGDD","GdivR","FPC2","FPC2_GdivR","IAH4.2021",1128,1128,-0.116829469852881,"ok"
"AGDD","GdivR","FPC2","FPC2_GdivR","MIH1.2020",414,414,0.113686415534441,"ok"
"AGDD","GdivR","FPC2","FPC2_GdivR","MNH1.2020",395,395,-0.463374103897294,"ok"
"AGDD","GdivR","FPC2","FPC2_GdivR","MNH1.2021",415,415,-0.146570126270487,"ok"
"AGDD","GdivR","FPC2","FPC2_GdivR","MOH1.2020",1006,1006,-0.286012913657802,"ok"
"AGDD","GdivR","FPC2","FPC2_GdivR","NEH1.2021",246,246,-0.182550439553348,"ok"
"AGDD","GdivR","FPC2","FPC2_GdivR","TXH1.2020",246,246,0.134685856368636,"ok"
"AGDD","GdivR","FPC2","FPC2_GdivR","TXH1.2021",246,246,-0.0374532374880162,"ok"
"AGDD","GdivR","FPC2","FPC2_GdivR","TXH2.2020",246,246,0.133160845568933,"ok"
"AGDD","GdivR","FPC2","FPC2_GdivR","TXH2.2021",246,246,-0.172880219472927,"ok"
"AGDD","GdivR","FPC2","FPC2_GdivR","TXH3.2020",266,266,0.253224296530901,"ok"
"AGDD","GdivR","FPC2","FPC2_GdivR","TXH3.2021",245,245,0.146686329314619,"ok"
"AGDD","GdivR","FPC2","FPC2_GdivR","WIH1.2020",394,394,-0.438844071689235,"ok"
"AGDD","GdivR","FPC2","FPC2_GdivR","WIH1.2021",398,398,-0.147834944658022,"ok"
"AGDD","GdivR","FPC2","FPC2_GdivR","WIH2.2020",1127,1127,-0.0543604010554078,"ok"
"AGDD","GdivR","FPC2","FPC2_GdivR","WIH2.2021",1137,1137,-0.312805490187706,"ok"
"AGDD","GdivR","FPC2","FPC2_GdivR","WIH3.2020",415,415,-0.28054253560326,"ok"
"AGDD","GdivR","FPC2","FPC2_GdivR","WIH3.2021",397,397,-0.279981671863027,"ok"
"AGDD","GdivR","FPC3","FPC3_GdivR","DEH1.2020",1142,1142,0.253514743087374,"ok"
"AGDD","GdivR","FPC3","FPC3_GdivR","IAH4.2021",1128,1128,0.281541441427086,"ok"
"AGDD","GdivR","FPC3","FPC3_GdivR","MIH1.2020",414,414,0.213068832776212,"ok"
"AGDD","GdivR","FPC3","FPC3_GdivR","MNH1.2020",395,395,0.347460560684712,"ok"
"AGDD","GdivR","FPC3","FPC3_GdivR","MNH1.2021",415,415,0.25059671054994,"ok"
"AGDD","GdivR","FPC3","FPC3_GdivR","MOH1.2020",1006,1006,0.436500994161957,"ok"
"AGDD","GdivR","FPC3","FPC3_GdivR","NEH1.2021",246,246,0.17962764154861,"ok"
"AGDD","GdivR","FPC3","FPC3_GdivR","TXH1.2020",246,246,0.67052349476571,"ok"
"AGDD","GdivR","FPC3","FPC3_GdivR","TXH1.2021",246,246,0.11270831674783,"ok"
"AGDD","GdivR","FPC3","FPC3_GdivR","TXH2.2020",246,246,0.484631729610809,"ok"
"AGDD","GdivR","FPC3","FPC3_GdivR","TXH2.2021",246,246,0.142670612615456,"ok"
"AGDD","GdivR","FPC3","FPC3_GdivR","TXH3.2020",266,266,0.132399495800695,"ok"
"AGDD","GdivR","FPC3","FPC3_GdivR","TXH3.2021",245,245,0.516451758415464,"ok"
"AGDD","GdivR","FPC3","FPC3_GdivR","WIH1.2020",394,394,0.530421874422972,"ok"
"AGDD","GdivR","FPC3","FPC3_GdivR","WIH1.2021",398,398,0.255754376010661,"ok"
"AGDD","GdivR","FPC3","FPC3_GdivR","WIH2.2020",1127,1127,0.123196972528785,"ok"
"AGDD","GdivR","FPC3","FPC3_GdivR","WIH2.2021",1137,1137,0.118093677547005,"ok"
"AGDD","GdivR","FPC3","FPC3_GdivR","WIH3.2020",415,415,-0.00375704622874866,"ok"
"AGDD","GdivR","FPC3","FPC3_GdivR","WIH3.2021",397,397,0.227800091104803,"ok"
"AGDD","GdivR","FPC4","FPC4_GdivR","DEH1.2020",1142,1142,0.174280023054474,"ok"
"AGDD","GdivR","FPC4","FPC4_GdivR","IAH4.2021",1128,1128,0.166663456621927,"ok"
"AGDD","GdivR","FPC4","FPC4_GdivR","MIH1.2020",414,414,0.376430950433696,"ok"
"AGDD","GdivR","FPC4","FPC4_GdivR","MNH1.2020",395,395,-0.313540659141289,"ok"
"AGDD","GdivR","FPC4","FPC4_GdivR","MNH1.2021",415,415,-0.0716243523002918,"ok"
"AGDD","GdivR","FPC4","FPC4_GdivR","MOH1.2020",1006,1006,0.124572132652555,"ok"
"AGDD","GdivR","FPC4","FPC4_GdivR","NEH1.2021",246,246,0.36728887569416,"ok"
"AGDD","GdivR","FPC4","FPC4_GdivR","TXH1.2020",246,246,0.558107781666084,"ok"
"AGDD","GdivR","FPC4","FPC4_GdivR","TXH1.2021",246,246,0.157627635501568,"ok"
"AGDD","GdivR","FPC4","FPC4_GdivR","TXH2.2020",246,246,0.424647030568615,"ok"
"AGDD","GdivR","FPC4","FPC4_GdivR","TXH2.2021",246,246,0.0855060150655454,"ok"
"AGDD","GdivR","FPC4","FPC4_GdivR","TXH3.2020",266,266,0.292542769506261,"ok"
"AGDD","GdivR","FPC4","FPC4_GdivR","TXH3.2021",245,245,0.546165127157739,"ok"
"AGDD","GdivR","FPC4","FPC4_GdivR","WIH1.2020",394,394,-0.100530855051727,"ok"
"AGDD","GdivR","FPC4","FPC4_GdivR","WIH1.2021",398,398,0.12588526066672,"ok"
"AGDD","GdivR","FPC4","FPC4_GdivR","WIH2.2020",1127,1127,0.0463884325541142,"ok"
"AGDD","GdivR","FPC4","FPC4_GdivR","WIH2.2021",1137,1137,-0.229307317962379,"ok"
"AGDD","GdivR","FPC4","FPC4_GdivR","WIH3.2020",415,415,-0.170995382095659,"ok"
"AGDD","GdivR","FPC4","FPC4_GdivR","WIH3.2021",397,397,-0.0440574185464715,"ok"
"AGDD","GdivR","FPC5","FPC5_GdivR","DEH1.2020",1142,1142,-0.421985454528627,"ok"
"AGDD","GdivR","FPC5","FPC5_GdivR","IAH4.2021",1128,1128,0.0338119779785099,"ok"
"AGDD","GdivR","FPC5","FPC5_GdivR","MIH1.2020",414,414,0.187026945274958,"ok"
"AGDD","GdivR","FPC5","FPC5_GdivR","MNH1.2020",395,395,0.329265500732982,"ok"
"AGDD","GdivR","FPC5","FPC5_GdivR","MNH1.2021",415,415,0.0330061811257061,"ok"
"AGDD","GdivR","FPC5","FPC5_GdivR","MOH1.2020",1006,1006,-0.0672108922742405,"ok"
"AGDD","GdivR","FPC5","FPC5_GdivR","NEH1.2021",246,246,0.288701094578682,"ok"
"AGDD","GdivR","FPC5","FPC5_GdivR","TXH1.2020",246,246,0.401816141700081,"ok"
"AGDD","GdivR","FPC5","FPC5_GdivR","TXH1.2021",246,246,-0.0374831876877327,"ok"
"AGDD","GdivR","FPC5","FPC5_GdivR","TXH2.2020",246,246,-0.0231742544724806,"ok"
"AGDD","GdivR","FPC5","FPC5_GdivR","TXH2.2021",246,246,0.280650687212668,"ok"
"AGDD","GdivR","FPC5","FPC5_GdivR","TXH3.2020",266,266,0.287101904378675,"ok"
"AGDD","GdivR","FPC5","FPC5_GdivR","TXH3.2021",245,245,0.440027411265707,"ok"
"AGDD","GdivR","FPC5","FPC5_GdivR","WIH1.2020",394,394,0.271070504846944,"ok"
"AGDD","GdivR","FPC5","FPC5_GdivR","WIH1.2021",398,398,-0.0371014596700259,"ok"
"AGDD","GdivR","FPC5","FPC5_GdivR","WIH2.2020",1127,1127,0.0349189590741923,"ok"
"AGDD","GdivR","FPC5","FPC5_GdivR","WIH2.2021",1137,1137,0.00725713488706567,"ok"
"AGDD","GdivR","FPC5","FPC5_GdivR","WIH3.2020",415,415,0.0746327185898177,"ok"
"AGDD","GdivR","FPC5","FPC5_GdivR","WIH3.2021",397,397,-0.068532948827923,"ok"
"AGDD","GdivR","FPC6","FPC6_GdivR","DEH1.2020",1142,1142,-0.398757861700969,"ok"
"AGDD","GdivR","FPC6","FPC6_GdivR","IAH4.2021",1128,1128,-0.11639388884353,"ok"
"AGDD","GdivR","FPC6","FPC6_GdivR","MIH1.2020",414,414,0.0646837068787596,"ok"
"AGDD","GdivR","FPC6","FPC6_GdivR","MNH1.2020",395,395,0.382336994705606,"ok"
"AGDD","GdivR","FPC6","FPC6_GdivR","MNH1.2021",415,415,0.0537141871651318,"ok"
"AGDD","GdivR","FPC6","FPC6_GdivR","MOH1.2020",1006,1006,0.0606970103953369,"ok"
"AGDD","GdivR","FPC6","FPC6_GdivR","NEH1.2021",246,246,-0.161395611975362,"ok"
"AGDD","GdivR","FPC6","FPC6_GdivR","TXH1.2020",246,246,-0.327024500756158,"ok"
"AGDD","GdivR","FPC6","FPC6_GdivR","TXH1.2021",246,246,-0.164012334460256,"ok"
"AGDD","GdivR","FPC6","FPC6_GdivR","TXH2.2020",246,246,-0.315203651972252,"ok"
"AGDD","GdivR","FPC6","FPC6_GdivR","TXH2.2021",246,246,-0.0881883504987317,"ok"
"AGDD","GdivR","FPC6","FPC6_GdivR","TXH3.2020",266,266,0.0755906749226552,"ok"
"AGDD","GdivR","FPC6","FPC6_GdivR","TXH3.2021",245,245,-0.199738389493352,"ok"
"AGDD","GdivR","FPC6","FPC6_GdivR","WIH1.2020",394,394,0.248988971013496,"ok"
"AGDD","GdivR","FPC6","FPC6_GdivR","WIH1.2021",398,398,-0.106262404341461,"ok"
"AGDD","GdivR","FPC6","FPC6_GdivR","WIH2.2020",1127,1127,0.0307371716909384,"ok"
"AGDD","GdivR","FPC6","FPC6_GdivR","WIH2.2021",1137,1137,0.0364613237260689,"ok"
"AGDD","GdivR","FPC6","FPC6_GdivR","WIH3.2020",415,415,0.0352495012589587,"ok"
"AGDD","GdivR","FPC6","FPC6_GdivR","WIH3.2021",397,397,0.133761748019109,"ok"
"AGDD","GdivR","FPC7","FPC7_GdivR","DEH1.2020",1142,1142,0.447217596660803,"ok"
"AGDD","GdivR","FPC7","FPC7_GdivR","IAH4.2021",1128,1128,0.164326078679481,"ok"
"AGDD","GdivR","FPC7","FPC7_GdivR","MIH1.2020",414,414,0.0847739569303502,"ok"
"AGDD","GdivR","FPC7","FPC7_GdivR","MNH1.2020",395,395,0.266774261670042,"ok"
"AGDD","GdivR","FPC7","FPC7_GdivR","MNH1.2021",415,415,0.0553992477121363,"ok"
"AGDD","GdivR","FPC7","FPC7_GdivR","MOH1.2020",1006,1006,0.0675666659773439,"ok"
"AGDD","GdivR","FPC7","FPC7_GdivR","NEH1.2021",246,246,0.29808244205964,"ok"
"AGDD","GdivR","FPC7","FPC7_GdivR","TXH1.2020",246,246,0.384120130187644,"ok"
"AGDD","GdivR","FPC7","FPC7_GdivR","TXH1.2021",246,246,0.0196920222292554,"ok"
"AGDD","GdivR","FPC7","FPC7_GdivR","TXH2.2020",246,246,0.296249834268004,"ok"
"AGDD","GdivR","FPC7","FPC7_GdivR","TXH2.2021",246,246,0.20144137247058,"ok"
"AGDD","GdivR","FPC7","FPC7_GdivR","TXH3.2020",266,266,-0.0912189451918513,"ok"
"AGDD","GdivR","FPC7","FPC7_GdivR","TXH3.2021",245,245,0.209503539683669,"ok"
"AGDD","GdivR","FPC7","FPC7_GdivR","WIH1.2020",394,394,-0.0372745596086193,"ok"
"AGDD","GdivR","FPC7","FPC7_GdivR","WIH1.2021",398,398,0.140792031479626,"ok"
"AGDD","GdivR","FPC7","FPC7_GdivR","WIH2.2020",1127,1127,-0.00728227091004088,"ok"
"AGDD","GdivR","FPC7","FPC7_GdivR","WIH2.2021",1137,1137,0.237968960507357,"ok"
"AGDD","GdivR","FPC7","FPC7_GdivR","WIH3.2020",415,415,0.0590509910338688,"ok"
"AGDD","GdivR","FPC7","FPC7_GdivR","WIH3.2021",397,397,-0.0437522030665421,"ok"
"AGDD","GminusB","FPC1","FPC1_GminusB","DEH1.2020",1142,1142,0.322901503768956,"ok"
"AGDD","GminusB","FPC1","FPC1_GminusB","IAH4.2021",1128,1128,0.0262358087530059,"ok"
"AGDD","GminusB","FPC1","FPC1_GminusB","MIH1.2020",414,414,0.0166910738260295,"ok"
"AGDD","GminusB","FPC1","FPC1_GminusB","MNH1.2020",395,395,-0.314750185693456,"ok"
"AGDD","GminusB","FPC1","FPC1_GminusB","MNH1.2021",415,415,-0.110155619978624,"ok"
"AGDD","GminusB","FPC1","FPC1_GminusB","MOH1.2020",1006,1006,-0.184442272849584,"ok"
"AGDD","GminusB","FPC1","FPC1_GminusB","NEH1.2021",246,246,-0.235476020800917,"ok"
"AGDD","GminusB","FPC1","FPC1_GminusB","TXH1.2020",246,246,0.174498918731076,"ok"
"AGDD","GminusB","FPC1","FPC1_GminusB","TXH1.2021",246,246,0.13484844674365,"ok"
"AGDD","GminusB","FPC1","FPC1_GminusB","TXH2.2020",246,246,0.137365967228325,"ok"
"AGDD","GminusB","FPC1","FPC1_GminusB","TXH2.2021",246,246,-0.271381761286875,"ok"
"AGDD","GminusB","FPC1","FPC1_GminusB","TXH3.2020",266,266,-0.0927892565685557,"ok"
"AGDD","GminusB","FPC1","FPC1_GminusB","TXH3.2021",245,245,0.0973951605122901,"ok"
"AGDD","GminusB","FPC1","FPC1_GminusB","WIH1.2020",394,394,0.109239860651447,"ok"
"AGDD","GminusB","FPC1","FPC1_GminusB","WIH1.2021",398,398,0.079100111473763,"ok"
"AGDD","GminusB","FPC1","FPC1_GminusB","WIH2.2020",1127,1127,0.104434109559343,"ok"
"AGDD","GminusB","FPC1","FPC1_GminusB","WIH2.2021",1137,1137,-0.235918538173294,"ok"
"AGDD","GminusB","FPC1","FPC1_GminusB","WIH3.2020",415,415,0.0238147967263906,"ok"
"AGDD","GminusB","FPC1","FPC1_GminusB","WIH3.2021",397,397,-0.00906855399185774,"ok"
"AGDD","GminusB","FPC2","FPC2_GminusB","DEH1.2020",1142,1142,-0.224529278738926,"ok"
"AGDD","GminusB","FPC2","FPC2_GminusB","IAH4.2021",1128,1128,-0.106807923702215,"ok"
"AGDD","GminusB","FPC2","FPC2_GminusB","MIH1.2020",414,414,0.162747420187221,"ok"
"AGDD","GminusB","FPC2","FPC2_GminusB","MNH1.2020",395,395,0.472658445822866,"ok"
"AGDD","GminusB","FPC2","FPC2_GminusB","MNH1.2021",415,415,0.20560183877188,"ok"
"AGDD","GminusB","FPC2","FPC2_GminusB","MOH1.2020",1006,1006,0.205746006404752,"ok"
"AGDD","GminusB","FPC2","FPC2_GminusB","NEH1.2021",246,246,0.105631386557121,"ok"
"AGDD","GminusB","FPC2","FPC2_GminusB","TXH1.2020",246,246,-0.298323266602642,"ok"
"AGDD","GminusB","FPC2","FPC2_GminusB","TXH1.2021",246,246,-0.139078386155595,"ok"
"AGDD","GminusB","FPC2","FPC2_GminusB","TXH2.2020",246,246,-0.0826012138292947,"ok"
"AGDD","GminusB","FPC2","FPC2_GminusB","TXH2.2021",246,246,-0.0984709674720712,"ok"
"AGDD","GminusB","FPC2","FPC2_GminusB","TXH3.2020",266,266,0.151230133136065,"ok"
"AGDD","GminusB","FPC2","FPC2_GminusB","TXH3.2021",245,245,-0.347818210717346,"ok"
"AGDD","GminusB","FPC2","FPC2_GminusB","WIH1.2020",394,394,0.328015171892416,"ok"
"AGDD","GminusB","FPC2","FPC2_GminusB","WIH1.2021",398,398,0.345760455804514,"ok"
"AGDD","GminusB","FPC2","FPC2_GminusB","WIH2.2020",1127,1127,0.243169681482277,"ok"
"AGDD","GminusB","FPC2","FPC2_GminusB","WIH2.2021",1137,1137,0.0879406182070122,"ok"
"AGDD","GminusB","FPC2","FPC2_GminusB","WIH3.2020",415,415,0.169690566504226,"ok"
"AGDD","GminusB","FPC2","FPC2_GminusB","WIH3.2021",397,397,0.286288559055209,"ok"
"AGDD","GminusB","FPC3","FPC3_GminusB","DEH1.2020",1142,1142,-0.132943890797206,"ok"
"AGDD","GminusB","FPC3","FPC3_GminusB","IAH4.2021",1128,1128,-0.0362368338630515,"ok"
"AGDD","GminusB","FPC3","FPC3_GminusB","MIH1.2020",414,414,0.0640661344083573,"ok"
"AGDD","GminusB","FPC3","FPC3_GminusB","MNH1.2020",395,395,0.388653416648832,"ok"
"AGDD","GminusB","FPC3","FPC3_GminusB","MNH1.2021",415,415,0.110195296945843,"ok"
"AGDD","GminusB","FPC3","FPC3_GminusB","MOH1.2020",1006,1006,0.129113398467659,"ok"
"AGDD","GminusB","FPC3","FPC3_GminusB","NEH1.2021",246,246,-0.184585037704955,"ok"
"AGDD","GminusB","FPC3","FPC3_GminusB","TXH1.2020",246,246,-0.107374748574351,"ok"
"AGDD","GminusB","FPC3","FPC3_GminusB","TXH1.2021",246,246,0.154557007520599,"ok"
"AGDD","GminusB","FPC3","FPC3_GminusB","TXH2.2020",246,246,-0.044957264665756,"ok"
"AGDD","GminusB","FPC3","FPC3_GminusB","TXH2.2021",246,246,-0.254799380643496,"ok"
"AGDD","GminusB","FPC3","FPC3_GminusB","TXH3.2020",266,266,0.17326552217984,"ok"
"AGDD","GminusB","FPC3","FPC3_GminusB","TXH3.2021",245,245,-0.0753181753369182,"ok"
"AGDD","GminusB","FPC3","FPC3_GminusB","WIH1.2020",394,394,0.244329363980501,"ok"
"AGDD","GminusB","FPC3","FPC3_GminusB","WIH1.2021",398,398,0.278071470668688,"ok"
"AGDD","GminusB","FPC3","FPC3_GminusB","WIH2.2020",1127,1127,0.0438999518612182,"ok"
"AGDD","GminusB","FPC3","FPC3_GminusB","WIH2.2021",1137,1137,0.00669103674232947,"ok"
"AGDD","GminusB","FPC3","FPC3_GminusB","WIH3.2020",415,415,0.046423367769216,"ok"
"AGDD","GminusB","FPC3","FPC3_GminusB","WIH3.2021",397,397,0.109395915489561,"ok"
"AGDD","GminusB","FPC4","FPC4_GminusB","DEH1.2020",1142,1142,0.0197087411942892,"ok"
"AGDD","GminusB","FPC4","FPC4_GminusB","IAH4.2021",1128,1128,-0.0229744473303138,"ok"
"AGDD","GminusB","FPC4","FPC4_GminusB","MIH1.2020",414,414,0.0582461484576444,"ok"
"AGDD","GminusB","FPC4","FPC4_GminusB","MNH1.2020",395,395,0.33465907996162,"ok"
"AGDD","GminusB","FPC4","FPC4_GminusB","MNH1.2021",415,415,0.128915715938257,"ok"
"AGDD","GminusB","FPC4","FPC4_GminusB","MOH1.2020",1006,1006,-0.256098505330671,"ok"
"AGDD","GminusB","FPC4","FPC4_GminusB","NEH1.2021",246,246,0.189565726027678,"ok"
"AGDD","GminusB","FPC4","FPC4_GminusB","TXH1.2020",246,246,-0.124727464778365,"ok"
"AGDD","GminusB","FPC4","FPC4_GminusB","TXH1.2021",246,246,0.247832532218053,"ok"
"AGDD","GminusB","FPC4","FPC4_GminusB","TXH2.2020",246,246,0.20225611893457,"ok"
"AGDD","GminusB","FPC4","FPC4_GminusB","TXH2.2021",246,246,-0.239429705517937,"ok"
"AGDD","GminusB","FPC4","FPC4_GminusB","TXH3.2020",266,266,0.220255461648332,"ok"
"AGDD","GminusB","FPC4","FPC4_GminusB","TXH3.2021",245,245,0.145610450085326,"ok"
"AGDD","GminusB","FPC4","FPC4_GminusB","WIH1.2020",394,394,-0.00112983374814199,"ok"
"AGDD","GminusB","FPC4","FPC4_GminusB","WIH1.2021",398,398,0.302627654970177,"ok"
"AGDD","GminusB","FPC4","FPC4_GminusB","WIH2.2020",1127,1127,-0.111033759702887,"ok"
"AGDD","GminusB","FPC4","FPC4_GminusB","WIH2.2021",1137,1137,-0.0391867154429341,"ok"
"AGDD","GminusB","FPC4","FPC4_GminusB","WIH3.2020",415,415,0.0646443969088348,"ok"
"AGDD","GminusB","FPC4","FPC4_GminusB","WIH3.2021",397,397,-0.226081928060064,"ok"
"AGDD","GminusB","FPC5","FPC5_GminusB","DEH1.2020",1142,1142,-0.347382486501408,"ok"
"AGDD","GminusB","FPC5","FPC5_GminusB","IAH4.2021",1128,1128,-0.147166827384317,"ok"
"AGDD","GminusB","FPC5","FPC5_GminusB","MIH1.2020",414,414,-0.276992186601115,"ok"
"AGDD","GminusB","FPC5","FPC5_GminusB","MNH1.2020",395,395,-0.0227298710837783,"ok"
"AGDD","GminusB","FPC5","FPC5_GminusB","MNH1.2021",415,415,0.0562749296981288,"ok"
"AGDD","GminusB","FPC5","FPC5_GminusB","MOH1.2020",1006,1006,0.223756403547123,"ok"
"AGDD","GminusB","FPC5","FPC5_GminusB","NEH1.2021",246,246,-0.296252123713171,"ok"
"AGDD","GminusB","FPC5","FPC5_GminusB","TXH1.2020",246,246,-0.115769831920629,"ok"
"AGDD","GminusB","FPC5","FPC5_GminusB","TXH1.2021",246,246,-0.189778928467174,"ok"
"AGDD","GminusB","FPC5","FPC5_GminusB","TXH2.2020",246,246,-0.234976684833815,"ok"
"AGDD","GminusB","FPC5","FPC5_GminusB","TXH2.2021",246,246,0.219302898841896,"ok"
"AGDD","GminusB","FPC5","FPC5_GminusB","TXH3.2020",266,266,0.00674099753609539,"ok"
"AGDD","GminusB","FPC5","FPC5_GminusB","TXH3.2021",245,245,-0.194878408501335,"ok"
"AGDD","GminusB","FPC5","FPC5_GminusB","WIH1.2020",394,394,-0.120332991471122,"ok"
"AGDD","GminusB","FPC5","FPC5_GminusB","WIH1.2021",398,398,-0.281234765105068,"ok"
"AGDD","GminusB","FPC5","FPC5_GminusB","WIH2.2020",1127,1127,0.0217553227066132,"ok"
"AGDD","GminusB","FPC5","FPC5_GminusB","WIH2.2021",1137,1137,-0.104782585775831,"ok"
"AGDD","GminusB","FPC5","FPC5_GminusB","WIH3.2020",415,415,-0.13555071987267,"ok"
"AGDD","GminusB","FPC5","FPC5_GminusB","WIH3.2021",397,397,0.15664850308069,"ok"
"AGDD","GminusB","FPC6","FPC6_GminusB","DEH1.2020",1142,1142,-0.272305531006222,"ok"
"AGDD","GminusB","FPC6","FPC6_GminusB","IAH4.2021",1128,1128,-0.0307652440476039,"ok"
"AGDD","GminusB","FPC6","FPC6_GminusB","MIH1.2020",414,414,-0.110916704674974,"ok"
"AGDD","GminusB","FPC6","FPC6_GminusB","MNH1.2020",395,395,-0.148865614682491,"ok"
"AGDD","GminusB","FPC6","FPC6_GminusB","MNH1.2021",415,415,0.0280373634558918,"ok"
"AGDD","GminusB","FPC6","FPC6_GminusB","MOH1.2020",1006,1006,-0.244671383144735,"ok"
"AGDD","GminusB","FPC6","FPC6_GminusB","NEH1.2021",246,246,-0.057970201078166,"ok"
"AGDD","GminusB","FPC6","FPC6_GminusB","TXH1.2020",246,246,-0.269965590037051,"ok"
"AGDD","GminusB","FPC6","FPC6_GminusB","TXH1.2021",246,246,0.0856406169333402,"ok"
"AGDD","GminusB","FPC6","FPC6_GminusB","TXH2.2020",246,246,-0.0851873370806538,"ok"
"AGDD","GminusB","FPC6","FPC6_GminusB","TXH2.2021",246,246,-0.236686644739948,"ok"
"AGDD","GminusB","FPC6","FPC6_GminusB","TXH3.2020",266,266,0.072096702550587,"ok"
"AGDD","GminusB","FPC6","FPC6_GminusB","TXH3.2021",245,245,-7.08354112899886e-05,"ok"
"AGDD","GminusB","FPC6","FPC6_GminusB","WIH1.2020",394,394,-0.161177221720615,"ok"
"AGDD","GminusB","FPC6","FPC6_GminusB","WIH1.2021",398,398,-0.0016646400204923,"ok"
"AGDD","GminusB","FPC6","FPC6_GminusB","WIH2.2020",1127,1127,-0.0742142598544998,"ok"
"AGDD","GminusB","FPC6","FPC6_GminusB","WIH2.2021",1137,1137,-0.289986260648423,"ok"
"AGDD","GminusB","FPC6","FPC6_GminusB","WIH3.2020",415,415,-0.0243343586541376,"ok"
"AGDD","GminusB","FPC6","FPC6_GminusB","WIH3.2021",397,397,0.0248216088407026,"ok"
"AGDD","GminusB","FPC7","FPC7_GminusB","DEH1.2020",1142,1142,0.0117659335659464,"ok"
"AGDD","GminusB","FPC7","FPC7_GminusB","IAH4.2021",1128,1128,-0.101772173170215,"ok"
"AGDD","GminusB","FPC7","FPC7_GminusB","MIH1.2020",414,414,0.112925276942262,"ok"
"AGDD","GminusB","FPC7","FPC7_GminusB","MNH1.2020",395,395,0.218543676060384,"ok"
"AGDD","GminusB","FPC7","FPC7_GminusB","MNH1.2021",415,415,0.11556906590338,"ok"
"AGDD","GminusB","FPC7","FPC7_GminusB","MOH1.2020",1006,1006,0.271918111579831,"ok"
"AGDD","GminusB","FPC7","FPC7_GminusB","NEH1.2021",246,246,0.405068899950131,"ok"
"AGDD","GminusB","FPC7","FPC7_GminusB","TXH1.2020",246,246,-0.351710707657008,"ok"
"AGDD","GminusB","FPC7","FPC7_GminusB","TXH1.2021",246,246,-0.205621463414075,"ok"
"AGDD","GminusB","FPC7","FPC7_GminusB","TXH2.2020",246,246,-0.181724772473528,"ok"
"AGDD","GminusB","FPC7","FPC7_GminusB","TXH2.2021",246,246,0.156849778534282,"ok"
"AGDD","GminusB","FPC7","FPC7_GminusB","TXH3.2020",266,266,0.0739132438891837,"ok"
"AGDD","GminusB","FPC7","FPC7_GminusB","TXH3.2021",245,245,-0.439709506364736,"ok"
"AGDD","GminusB","FPC7","FPC7_GminusB","WIH1.2020",394,394,0.184394879232364,"ok"
"AGDD","GminusB","FPC7","FPC7_GminusB","WIH1.2021",398,398,-0.0366289104654788,"ok"
"AGDD","GminusB","FPC7","FPC7_GminusB","WIH2.2020",1127,1127,-0.0337574533579508,"ok"
"AGDD","GminusB","FPC7","FPC7_GminusB","WIH2.2021",1137,1137,0.199318244445529,"ok"
"AGDD","GminusB","FPC7","FPC7_GminusB","WIH3.2020",415,415,0.0543907810361181,"ok"
"AGDD","GminusB","FPC7","FPC7_GminusB","WIH3.2021",397,397,-0.0336555866021666,"ok"
"AGDD","GminusR","FPC1","FPC1_GminusR","DEH1.2020",1142,1142,0.060641888373758,"ok"
"AGDD","GminusR","FPC1","FPC1_GminusR","IAH4.2021",1128,1128,0.0374836460313682,"ok"
"AGDD","GminusR","FPC1","FPC1_GminusR","MIH1.2020",414,414,0.330035098286253,"ok"
"AGDD","GminusR","FPC1","FPC1_GminusR","MNH1.2020",395,395,0.37218915492006,"ok"
"AGDD","GminusR","FPC1","FPC1_GminusR","MNH1.2021",415,415,0.198729357614869,"ok"
"AGDD","GminusR","FPC1","FPC1_GminusR","MOH1.2020",1006,1006,0.393561701478701,"ok"
"AGDD","GminusR","FPC1","FPC1_GminusR","NEH1.2021",246,246,0.0672367748385162,"ok"
"AGDD","GminusR","FPC1","FPC1_GminusR","TXH1.2020",246,246,0.544297832851907,"ok"
"AGDD","GminusR","FPC1","FPC1_GminusR","TXH1.2021",246,246,-0.0785926309045711,"ok"
"AGDD","GminusR","FPC1","FPC1_GminusR","TXH2.2020",246,246,0.398071493261818,"ok"
"AGDD","GminusR","FPC1","FPC1_GminusR","TXH2.2021",246,246,0.171902813738088,"ok"
"AGDD","GminusR","FPC1","FPC1_GminusR","TXH3.2020",266,266,0.261866638548475,"ok"
"AGDD","GminusR","FPC1","FPC1_GminusR","TXH3.2021",245,245,0.272261936434135,"ok"
"AGDD","GminusR","FPC1","FPC1_GminusR","WIH1.2020",394,394,0.421540041327425,"ok"
"AGDD","GminusR","FPC1","FPC1_GminusR","WIH1.2021",398,398,0.27393127269852,"ok"
"AGDD","GminusR","FPC1","FPC1_GminusR","WIH2.2020",1127,1127,0.225205724580217,"ok"
"AGDD","GminusR","FPC1","FPC1_GminusR","WIH2.2021",1137,1137,-0.00632964526623289,"ok"
"AGDD","GminusR","FPC1","FPC1_GminusR","WIH3.2020",415,415,0.0466109706433106,"ok"
"AGDD","GminusR","FPC1","FPC1_GminusR","WIH3.2021",397,397,0.216492774175591,"ok"
"AGDD","GminusR","FPC2","FPC2_GminusR","DEH1.2020",1142,1142,0.112723154410242,"ok"
"AGDD","GminusR","FPC2","FPC2_GminusR","IAH4.2021",1128,1128,-0.0504520024732456,"ok"
"AGDD","GminusR","FPC2","FPC2_GminusR","MIH1.2020",414,414,0.119183654669795,"ok"
"AGDD","GminusR","FPC2","FPC2_GminusR","MNH1.2020",395,395,-0.284204032635911,"ok"
"AGDD","GminusR","FPC2","FPC2_GminusR","MNH1.2021",415,415,0.00724949743110272,"ok"
"AGDD","GminusR","FPC2","FPC2_GminusR","MOH1.2020",1006,1006,-0.279008177174695,"ok"
"AGDD","GminusR","FPC2","FPC2_GminusR","NEH1.2021",246,246,-0.0468224642595372,"ok"
"AGDD","GminusR","FPC2","FPC2_GminusR","TXH1.2020",246,246,-0.0507843269716084,"ok"
"AGDD","GminusR","FPC2","FPC2_GminusR","TXH1.2021",246,246,0.120239582870617,"ok"
"AGDD","GminusR","FPC2","FPC2_GminusR","TXH2.2020",246,246,0.081672673816173,"ok"
"AGDD","GminusR","FPC2","FPC2_GminusR","TXH2.2021",246,246,-0.273099200974055,"ok"
"AGDD","GminusR","FPC2","FPC2_GminusR","TXH3.2020",266,266,-0.00213639433427805,"ok"
"AGDD","GminusR","FPC2","FPC2_GminusR","TXH3.2021",245,245,-0.130381661231075,"ok"
"AGDD","GminusR","FPC2","FPC2_GminusR","WIH1.2020",394,394,0.472260994963467,"ok"
"AGDD","GminusR","FPC2","FPC2_GminusR","WIH1.2021",398,398,0.169754713284569,"ok"
"AGDD","GminusR","FPC2","FPC2_GminusR","WIH2.2020",1127,1127,-0.0471997374121217,"ok"
"AGDD","GminusR","FPC2","FPC2_GminusR","WIH2.2021",1137,1137,-0.03338852670396,"ok"
"AGDD","GminusR","FPC2","FPC2_GminusR","WIH3.2020",415,415,-0.140474907338699,"ok"
"AGDD","GminusR","FPC2","FPC2_GminusR","WIH3.2021",397,397,-0.207157891322234,"ok"
"AGDD","GminusR","FPC3","FPC3_GminusR","DEH1.2020",1142,1142,0.230328918073943,"ok"
"AGDD","GminusR","FPC3","FPC3_GminusR","IAH4.2021",1128,1128,0.272715993022912,"ok"
"AGDD","GminusR","FPC3","FPC3_GminusR","MIH1.2020",414,414,0.340780592549841,"ok"
"AGDD","GminusR","FPC3","FPC3_GminusR","MNH1.2020",395,395,0.103920936015828,"ok"
"AGDD","GminusR","FPC3","FPC3_GminusR","MNH1.2021",415,415,0.117104996224383,"ok"
"AGDD","GminusR","FPC3","FPC3_GminusR","MOH1.2020",1006,1006,0.195893882549159,"ok"
"AGDD","GminusR","FPC3","FPC3_GminusR","NEH1.2021",246,246,0.307013779882428,"ok"
"AGDD","GminusR","FPC3","FPC3_GminusR","TXH1.2020",246,246,0.389813194187191,"ok"
"AGDD","GminusR","FPC3","FPC3_GminusR","TXH1.2021",246,246,0.186907710488986,"ok"
"AGDD","GminusR","FPC3","FPC3_GminusR","TXH2.2020",246,246,0.397488350490487,"ok"
"AGDD","GminusR","FPC3","FPC3_GminusR","TXH2.2021",246,246,-0.0701195654659507,"ok"
"AGDD","GminusR","FPC3","FPC3_GminusR","TXH3.2020",266,266,0.324361129153784,"ok"
"AGDD","GminusR","FPC3","FPC3_GminusR","TXH3.2021",245,245,0.385623053117164,"ok"
"AGDD","GminusR","FPC3","FPC3_GminusR","WIH1.2020",394,394,-0.0547984089485285,"ok"
"AGDD","GminusR","FPC3","FPC3_GminusR","WIH1.2021",398,398,0.345472831641312,"ok"
"AGDD","GminusR","FPC3","FPC3_GminusR","WIH2.2020",1127,1127,0.141990945183122,"ok"
"AGDD","GminusR","FPC3","FPC3_GminusR","WIH2.2021",1137,1137,-0.0287148208932428,"ok"
"AGDD","GminusR","FPC3","FPC3_GminusR","WIH3.2020",415,415,0.0830729508112914,"ok"
"AGDD","GminusR","FPC3","FPC3_GminusR","WIH3.2021",397,397,0.11433458057679,"ok"
"AGDD","GminusR","FPC4","FPC4_GminusR","DEH1.2020",1142,1142,-0.256592713800243,"ok"
"AGDD","GminusR","FPC4","FPC4_GminusR","IAH4.2021",1128,1128,-0.0334376503833677,"ok"
"AGDD","GminusR","FPC4","FPC4_GminusR","MIH1.2020",414,414,-0.221233235471787,"ok"
"AGDD","GminusR","FPC4","FPC4_GminusR","MNH1.2020",395,395,0.407472590109235,"ok"
"AGDD","GminusR","FPC4","FPC4_GminusR","MNH1.2021",415,415,0.130694562743831,"ok"
"AGDD","GminusR","FPC4","FPC4_GminusR","MOH1.2020",1006,1006,0.331815760509215,"ok"
"AGDD","GminusR","FPC4","FPC4_GminusR","NEH1.2021",246,246,-0.414507349176268,"ok"
"AGDD","GminusR","FPC4","FPC4_GminusR","TXH1.2020",246,246,-0.382318873666539,"ok"
"AGDD","GminusR","FPC4","FPC4_GminusR","TXH1.2021",246,246,0.00707255260090181,"ok"
"AGDD","GminusR","FPC4","FPC4_GminusR","TXH2.2020",246,246,-0.292544336937977,"ok"
"AGDD","GminusR","FPC4","FPC4_GminusR","TXH2.2021",246,246,-0.0905048232647271,"ok"
"AGDD","GminusR","FPC4","FPC4_GminusR","TXH3.2020",266,266,-0.0439890591591063,"ok"
"AGDD","GminusR","FPC4","FPC4_GminusR","TXH3.2021",245,245,-0.2737460573421,"ok"
"AGDD","GminusR","FPC4","FPC4_GminusR","WIH1.2020",394,394,0.394654675549406,"ok"
"AGDD","GminusR","FPC4","FPC4_GminusR","WIH1.2021",398,398,-0.0699608028269286,"ok"
"AGDD","GminusR","FPC4","FPC4_GminusR","WIH2.2020",1127,1127,0.158574227835168,"ok"
"AGDD","GminusR","FPC4","FPC4_GminusR","WIH2.2021",1137,1137,-0.0932289617994988,"ok"
"AGDD","GminusR","FPC4","FPC4_GminusR","WIH3.2020",415,415,0.166817650809031,"ok"
"AGDD","GminusR","FPC4","FPC4_GminusR","WIH3.2021",397,397,0.322984289951894,"ok"
"AGDD","GminusR","FPC5","FPC5_GminusR","DEH1.2020",1142,1142,0.0736851317215219,"ok"
"AGDD","GminusR","FPC5","FPC5_GminusR","IAH4.2021",1128,1128,0.22726389456321,"ok"
"AGDD","GminusR","FPC5","FPC5_GminusR","MIH1.2020",414,414,0.00941809287798762,"ok"
"AGDD","GminusR","FPC5","FPC5_GminusR","MNH1.2020",395,395,-0.392720463664508,"ok"
"AGDD","GminusR","FPC5","FPC5_GminusR","MNH1.2021",415,415,0.015268112677955,"ok"
"AGDD","GminusR","FPC5","FPC5_GminusR","MOH1.2020",1006,1006,0.404542381189918,"ok"
"AGDD","GminusR","FPC5","FPC5_GminusR","NEH1.2021",246,246,-0.381826736243979,"ok"
"AGDD","GminusR","FPC5","FPC5_GminusR","TXH1.2020",246,246,0.269261924651726,"ok"
"AGDD","GminusR","FPC5","FPC5_GminusR","TXH1.2021",246,246,0.0860511264026048,"ok"
"AGDD","GminusR","FPC5","FPC5_GminusR","TXH2.2020",246,246,0.293904035608116,"ok"
"AGDD","GminusR","FPC5","FPC5_GminusR","TXH2.2021",246,246,-0.217727561483304,"ok"
"AGDD","GminusR","FPC5","FPC5_GminusR","TXH3.2020",266,266,0.0184074440262596,"ok"
"AGDD","GminusR","FPC5","FPC5_GminusR","TXH3.2021",245,245,-0.0843693978965798,"ok"
"AGDD","GminusR","FPC5","FPC5_GminusR","WIH1.2020",394,394,-0.351686596363731,"ok"
"AGDD","GminusR","FPC5","FPC5_GminusR","WIH1.2021",398,398,0.229019466086578,"ok"
"AGDD","GminusR","FPC5","FPC5_GminusR","WIH2.2020",1127,1127,0.158278749365398,"ok"
"AGDD","GminusR","FPC5","FPC5_GminusR","WIH2.2021",1137,1137,-0.106778022656073,"ok"
"AGDD","GminusR","FPC5","FPC5_GminusR","WIH3.2020",415,415,0.193134922276097,"ok"
"AGDD","GminusR","FPC5","FPC5_GminusR","WIH3.2021",397,397,0.511454638172032,"ok"
"AGDD","GminusR","FPC6","FPC6_GminusR","DEH1.2020",1142,1142,0.239491597903379,"ok"
"AGDD","GminusR","FPC6","FPC6_GminusR","IAH4.2021",1128,1128,0.15542999272068,"ok"
"AGDD","GminusR","FPC6","FPC6_GminusR","MIH1.2020",414,414,0.247227097558321,"ok"
"AGDD","GminusR","FPC6","FPC6_GminusR","MNH1.2020",395,395,-0.398977438558011,"ok"
"AGDD","GminusR","FPC6","FPC6_GminusR","MNH1.2021",415,415,-0.213916238789167,"ok"
"AGDD","GminusR","FPC6","FPC6_GminusR","MOH1.2020",1006,1006,0.107127185249387,"ok"
"AGDD","GminusR","FPC6","FPC6_GminusR","NEH1.2021",246,246,0.35863253432246,"ok"
"AGDD","GminusR","FPC6","FPC6_GminusR","TXH1.2020",246,246,-0.194067620854938,"ok"
"AGDD","GminusR","FPC6","FPC6_GminusR","TXH1.2021",246,246,0.111740003623848,"ok"
"AGDD","GminusR","FPC6","FPC6_GminusR","TXH2.2020",246,246,-0.0062370477841656,"ok"
"AGDD","GminusR","FPC6","FPC6_GminusR","TXH2.2021",246,246,-0.0491581494975316,"ok"
"AGDD","GminusR","FPC6","FPC6_GminusR","TXH3.2020",266,266,0.128656364979385,"ok"
"AGDD","GminusR","FPC6","FPC6_GminusR","TXH3.2021",245,245,0.351364657859471,"ok"
"AGDD","GminusR","FPC6","FPC6_GminusR","WIH1.2020",394,394,-0.000425005442561852,"ok"
"AGDD","GminusR","FPC6","FPC6_GminusR","WIH1.2021",398,398,0.230930512545256,"ok"
"AGDD","GminusR","FPC6","FPC6_GminusR","WIH2.2020",1127,1127,-0.00709099043309451,"ok"
"AGDD","GminusR","FPC6","FPC6_GminusR","WIH2.2021",1137,1137,-0.127107663057776,"ok"
"AGDD","GminusR","FPC6","FPC6_GminusR","WIH3.2020",415,415,-0.0906038377021694,"ok"
"AGDD","GminusR","FPC6","FPC6_GminusR","WIH3.2021",397,397,-0.0521985982842299,"ok"
"AGDD","GminusR","FPC7","FPC7_GminusR","DEH1.2020",1142,1142,-0.194180365631641,"ok"
"AGDD","GminusR","FPC7","FPC7_GminusR","IAH4.2021",1128,1128,-0.162955661928373,"ok"
"AGDD","GminusR","FPC7","FPC7_GminusR","MIH1.2020",414,414,-0.0378145935645616,"ok"
"AGDD","GminusR","FPC7","FPC7_GminusR","MNH1.2020",395,395,0.482847973934658,"ok"
"AGDD","GminusR","FPC7","FPC7_GminusR","MNH1.2021",415,415,0.305790930270457,"ok"
"AGDD","GminusR","FPC7","FPC7_GminusR","MOH1.2020",1006,1006,0.328392042511714,"ok"
"AGDD","GminusR","FPC7","FPC7_GminusR","NEH1.2021",246,246,-0.180278275931391,"ok"
"AGDD","GminusR","FPC7","FPC7_GminusR","TXH1.2020",246,246,-0.130729265350473,"ok"
"AGDD","GminusR","FPC7","FPC7_GminusR","TXH1.2021",246,246,-0.0730466738717296,"ok"
"AGDD","GminusR","FPC7","FPC7_GminusR","TXH2.2020",246,246,-0.156785477763074,"ok"
"AGDD","GminusR","FPC7","FPC7_GminusR","TXH2.2021",246,246,-0.119687362444597,"ok"
"AGDD","GminusR","FPC7","FPC7_GminusR","TXH3.2020",266,266,-0.0813126949287939,"ok"
"AGDD","GminusR","FPC7","FPC7_GminusR","TXH3.2021",245,245,-0.0473078499786022,"ok"
"AGDD","GminusR","FPC7","FPC7_GminusR","WIH1.2020",394,394,0.445355430643179,"ok"
"AGDD","GminusR","FPC7","FPC7_GminusR","WIH1.2021",398,398,0.0475366005147381,"ok"
"AGDD","GminusR","FPC7","FPC7_GminusR","WIH2.2020",1127,1127,0.0482015686175125,"ok"
"AGDD","GminusR","FPC7","FPC7_GminusR","WIH2.2021",1137,1137,0.20984433098595,"ok"
"AGDD","GminusR","FPC7","FPC7_GminusR","WIH3.2020",415,415,0.0905782175106163,"ok"
"AGDD","GminusR","FPC7","FPC7_GminusR","WIH3.2021",397,397,0.203424577314204,"ok"
"AGDD","MExG","FPC1","FPC1_MExG","DEH1.2020",1142,1142,-0.171346837784059,"ok"
"AGDD","MExG","FPC1","FPC1_MExG","IAH4.2021",1128,1128,-0.0167265653977508,"ok"
"AGDD","MExG","FPC1","FPC1_MExG","MIH1.2020",414,414,0.252135176510965,"ok"
"AGDD","MExG","FPC1","FPC1_MExG","MNH1.2020",395,395,0.441123317473044,"ok"
"AGDD","MExG","FPC1","FPC1_MExG","MNH1.2021",415,415,0.182647306686782,"ok"
"AGDD","MExG","FPC1","FPC1_MExG","MOH1.2020",1006,1006,0.158229112772116,"ok"
"AGDD","MExG","FPC1","FPC1_MExG","NEH1.2021",246,246,-0.255902619760695,"ok"
"AGDD","MExG","FPC1","FPC1_MExG","TXH1.2020",246,246,0.233565830187377,"ok"
"AGDD","MExG","FPC1","FPC1_MExG","TXH1.2021",246,246,-0.00756992349495023,"ok"
"AGDD","MExG","FPC1","FPC1_MExG","TXH2.2020",246,246,0.170892809568726,"ok"
"AGDD","MExG","FPC1","FPC1_MExG","TXH2.2021",246,246,-0.175026444236422,"ok"
"AGDD","MExG","FPC1","FPC1_MExG","TXH3.2020",266,266,0.186007993644551,"ok"
"AGDD","MExG","FPC1","FPC1_MExG","TXH3.2021",245,245,-0.0811311146077249,"ok"
"AGDD","MExG","FPC1","FPC1_MExG","WIH1.2020",394,394,0.486462423554907,"ok"
"AGDD","MExG","FPC1","FPC1_MExG","WIH1.2021",398,398,0.261599664280091,"ok"
"AGDD","MExG","FPC1","FPC1_MExG","WIH2.2020",1127,1127,0.192970763875806,"ok"
"AGDD","MExG","FPC1","FPC1_MExG","WIH2.2021",1137,1137,-0.0487406589598511,"ok"
"AGDD","MExG","FPC1","FPC1_MExG","WIH3.2020",415,415,0.109880343090144,"ok"
"AGDD","MExG","FPC1","FPC1_MExG","WIH3.2021",397,397,0.0534510370257314,"ok"
"AGDD","MExG","FPC2","FPC2_MExG","DEH1.2020",1142,1142,-0.154437294414394,"ok"
"AGDD","MExG","FPC2","FPC2_MExG","IAH4.2021",1128,1128,0.0309248498347817,"ok"
"AGDD","MExG","FPC2","FPC2_MExG","MIH1.2020",414,414,0.1999715970241,"ok"
"AGDD","MExG","FPC2","FPC2_MExG","MNH1.2020",395,395,0.452665579533959,"ok"
"AGDD","MExG","FPC2","FPC2_MExG","MNH1.2021",415,415,0.226633010833271,"ok"
"AGDD","MExG","FPC2","FPC2_MExG","MOH1.2020",1006,1006,0.440735456000865,"ok"
"AGDD","MExG","FPC2","FPC2_MExG","NEH1.2021",246,246,0.241579596213258,"ok"
"AGDD","MExG","FPC2","FPC2_MExG","TXH1.2020",246,246,0.0747583664674245,"ok"
"AGDD","MExG","FPC2","FPC2_MExG","TXH1.2021",246,246,-0.101025453874225,"ok"
"AGDD","MExG","FPC2","FPC2_MExG","TXH2.2020",246,246,0.191621976254369,"ok"
"AGDD","MExG","FPC2","FPC2_MExG","TXH2.2021",246,246,0.249837312544832,"ok"
"AGDD","MExG","FPC2","FPC2_MExG","TXH3.2020",266,266,0.263685623358723,"ok"
"AGDD","MExG","FPC2","FPC2_MExG","TXH3.2021",245,245,0.0918480305529741,"ok"
"AGDD","MExG","FPC2","FPC2_MExG","WIH1.2020",394,394,0.237491196913064,"ok"
"AGDD","MExG","FPC2","FPC2_MExG","WIH1.2021",398,398,0.239419395380715,"ok"
"AGDD","MExG","FPC2","FPC2_MExG","WIH2.2020",1127,1127,0.230114219544253,"ok"
"AGDD","MExG","FPC2","FPC2_MExG","WIH2.2021",1137,1137,0.118028467626674,"ok"
"AGDD","MExG","FPC2","FPC2_MExG","WIH3.2020",415,415,0.125877092932567,"ok"
"AGDD","MExG","FPC2","FPC2_MExG","WIH3.2021",397,397,0.310770716943943,"ok"
"AGDD","MExG","FPC3","FPC3_MExG","DEH1.2020",1142,1142,-0.0240780674148331,"ok"
"AGDD","MExG","FPC3","FPC3_MExG","IAH4.2021",1128,1128,0.0400755198305675,"ok"
"AGDD","MExG","FPC3","FPC3_MExG","MIH1.2020",414,414,0.366041096615372,"ok"
"AGDD","MExG","FPC3","FPC3_MExG","MNH1.2020",395,395,0.26156437045444,"ok"
"AGDD","MExG","FPC3","FPC3_MExG","MNH1.2021",415,415,0.214686557858792,"ok"
"AGDD","MExG","FPC3","FPC3_MExG","MOH1.2020",1006,1006,0.285377070708014,"ok"
"AGDD","MExG","FPC3","FPC3_MExG","NEH1.2021",246,246,0.12686439835583,"ok"
"AGDD","MExG","FPC3","FPC3_MExG","TXH1.2020",246,246,-0.0940589020036592,"ok"
"AGDD","MExG","FPC3","FPC3_MExG","TXH1.2021",246,246,0.14373830684478,"ok"
"AGDD","MExG","FPC3","FPC3_MExG","TXH2.2020",246,246,0.0931728368185589,"ok"
"AGDD","MExG","FPC3","FPC3_MExG","TXH2.2021",246,246,-0.289789970486773,"ok"
"AGDD","MExG","FPC3","FPC3_MExG","TXH3.2020",266,266,0.256881781375814,"ok"
"AGDD","MExG","FPC3","FPC3_MExG","TXH3.2021",245,245,0.154617155320998,"ok"
"AGDD","MExG","FPC3","FPC3_MExG","WIH1.2020",394,394,0.16799295096441,"ok"
"AGDD","MExG","FPC3","FPC3_MExG","WIH1.2021",398,398,0.276722677218257,"ok"
"AGDD","MExG","FPC3","FPC3_MExG","WIH2.2020",1127,1127,0.0934011954870543,"ok"
"AGDD","MExG","FPC3","FPC3_MExG","WIH2.2021",1137,1137,0.0649541202071173,"ok"
"AGDD","MExG","FPC3","FPC3_MExG","WIH3.2020",415,415,0.0870378893997583,"ok"
"AGDD","MExG","FPC3","FPC3_MExG","WIH3.2021",397,397,0.136517063479875,"ok"
"AGDD","MExG","FPC4","FPC4_MExG","DEH1.2020",1142,1142,0.18796217176169,"ok"
"AGDD","MExG","FPC4","FPC4_MExG","IAH4.2021",1128,1128,0.0840373616641356,"ok"
"AGDD","MExG","FPC4","FPC4_MExG","MIH1.2020",414,414,0.41869114605598,"ok"
"AGDD","MExG","FPC4","FPC4_MExG","MNH1.2020",395,395,-0.210348780119741,"ok"
"AGDD","MExG","FPC4","FPC4_MExG","MNH1.2021",415,415,0.0259822487606569,"ok"
"AGDD","MExG","FPC4","FPC4_MExG","MOH1.2020",1006,1006,-0.289330584254858,"ok"
"AGDD","MExG","FPC4","FPC4_MExG","NEH1.2021",246,246,0.413887884337795,"ok"
"AGDD","MExG","FPC4","FPC4_MExG","TXH1.2020",246,246,0.106686714680534,"ok"
"AGDD","MExG","FPC4","FPC4_MExG","TXH1.2021",246,246,0.205947951889436,"ok"
"AGDD","MExG","FPC4","FPC4_MExG","TXH2.2020",246,246,0.311326643653675,"ok"
"AGDD","MExG","FPC4","FPC4_MExG","TXH2.2021",246,246,-0.13837501434717,"ok"
"AGDD","MExG","FPC4","FPC4_MExG","TXH3.2020",266,266,0.174485586796391,"ok"
"AGDD","MExG","FPC4","FPC4_MExG","TXH3.2021",245,245,0.325819803533922,"ok"
"AGDD","MExG","FPC4","FPC4_MExG","WIH1.2020",394,394,0.0279386880447754,"ok"
"AGDD","MExG","FPC4","FPC4_MExG","WIH1.2021",398,398,0.312099885059342,"ok"
"AGDD","MExG","FPC4","FPC4_MExG","WIH2.2020",1127,1127,-0.021256665325527,"ok"
"AGDD","MExG","FPC4","FPC4_MExG","WIH2.2021",1137,1137,0.137670403158099,"ok"
"AGDD","MExG","FPC4","FPC4_MExG","WIH3.2020",415,415,0.00470812014599192,"ok"
"AGDD","MExG","FPC4","FPC4_MExG","WIH3.2021",397,397,-0.277024497277676,"ok"
"AGDD","MExG","FPC5","FPC5_MExG","DEH1.2020",1142,1142,-0.3288089540028,"ok"
"AGDD","MExG","FPC5","FPC5_MExG","IAH4.2021",1128,1128,-0.0956715499815432,"ok"
"AGDD","MExG","FPC5","FPC5_MExG","MIH1.2020",414,414,-0.363434449114194,"ok"
"AGDD","MExG","FPC5","FPC5_MExG","MNH1.2020",395,395,0.241695832795725,"ok"
"AGDD","MExG","FPC5","FPC5_MExG","MNH1.2021",415,415,0.0491710305841414,"ok"
"AGDD","MExG","FPC5","FPC5_MExG","MOH1.2020",1006,1006,0.119099100672852,"ok"
"AGDD","MExG","FPC5","FPC5_MExG","NEH1.2021",246,246,-0.451267801845623,"ok"
"AGDD","MExG","FPC5","FPC5_MExG","TXH1.2020",246,246,0.0359263518576273,"ok"
"AGDD","MExG","FPC5","FPC5_MExG","TXH1.2021",246,246,-0.104865695274248,"ok"
"AGDD","MExG","FPC5","FPC5_MExG","TXH2.2020",246,246,-0.0680196882335333,"ok"
"AGDD","MExG","FPC5","FPC5_MExG","TXH2.2021",246,246,0.0384052244413421,"ok"
"AGDD","MExG","FPC5","FPC5_MExG","TXH3.2020",266,266,-0.132686095607676,"ok"
"AGDD","MExG","FPC5","FPC5_MExG","TXH3.2021",245,245,-0.0011311161851727,"ok"
"AGDD","MExG","FPC5","FPC5_MExG","WIH1.2020",394,394,-0.11835541764427,"ok"
"AGDD","MExG","FPC5","FPC5_MExG","WIH1.2021",398,398,-0.0384891505281279,"ok"
"AGDD","MExG","FPC5","FPC5_MExG","WIH2.2020",1127,1127,-0.0567095419879724,"ok"
"AGDD","MExG","FPC5","FPC5_MExG","WIH2.2021",1137,1137,0.153081858198395,"ok"
"AGDD","MExG","FPC5","FPC5_MExG","WIH3.2020",415,415,0.000187846557578182,"ok"
"AGDD","MExG","FPC5","FPC5_MExG","WIH3.2021",397,397,-0.0105653867407007,"ok"
"AGDD","MExG","FPC6","FPC6_MExG","DEH1.2020",1142,1142,0.340526867989591,"ok"
"AGDD","MExG","FPC6","FPC6_MExG","IAH4.2021",1128,1128,0.110559662460293,"ok"
"AGDD","MExG","FPC6","FPC6_MExG","MIH1.2020",414,414,0.313079405911116,"ok"
"AGDD","MExG","FPC6","FPC6_MExG","MNH1.2020",395,395,-0.371931157844488,"ok"
"AGDD","MExG","FPC6","FPC6_MExG","MNH1.2021",415,415,-0.0992454805147796,"ok"
"AGDD","MExG","FPC6","FPC6_MExG","MOH1.2020",1006,1006,0.282884059910494,"ok"
"AGDD","MExG","FPC6","FPC6_MExG","NEH1.2021",246,246,0.23356068500491,"ok"
"AGDD","MExG","FPC6","FPC6_MExG","TXH1.2020",246,246,-0.12809902768533,"ok"
"AGDD","MExG","FPC6","FPC6_MExG","TXH1.2021",246,246,0.224584593928022,"ok"
"AGDD","MExG","FPC6","FPC6_MExG","TXH2.2020",246,246,0.15010435526395,"ok"
"AGDD","MExG","FPC6","FPC6_MExG","TXH2.2021",246,246,-0.115533543917839,"ok"
"AGDD","MExG","FPC6","FPC6_MExG","TXH3.2020",266,266,0.00329130542425089,"ok"
"AGDD","MExG","FPC6","FPC6_MExG","TXH3.2021",245,245,0.114243427736556,"ok"
"AGDD","MExG","FPC6","FPC6_MExG","WIH1.2020",394,394,-0.0817325369283929,"ok"
"AGDD","MExG","FPC6","FPC6_MExG","WIH1.2021",398,398,0.0783618408030952,"ok"
"AGDD","MExG","FPC6","FPC6_MExG","WIH2.2020",1127,1127,0.168675483134949,"ok"
"AGDD","MExG","FPC6","FPC6_MExG","WIH2.2021",1137,1137,0.101525645318435,"ok"
"AGDD","MExG","FPC6","FPC6_MExG","WIH3.2020",415,415,0.0453340458694058,"ok"
"AGDD","MExG","FPC6","FPC6_MExG","WIH3.2021",397,397,0.246267419112816,"ok"
"AGDD","MExG","FPC7","FPC7_MExG","DEH1.2020",1142,1142,0.0472721734410117,"ok"
"AGDD","MExG","FPC7","FPC7_MExG","IAH4.2021",1128,1128,0.0886469257235062,"ok"
"AGDD","MExG","FPC7","FPC7_MExG","MIH1.2020",414,414,0.278804928968304,"ok"
"AGDD","MExG","FPC7","FPC7_MExG","MNH1.2020",395,395,-0.171627278251892,"ok"
"AGDD","MExG","FPC7","FPC7_MExG","MNH1.2021",415,415,-0.119244427009839,"ok"
"AGDD","MExG","FPC7","FPC7_MExG","MOH1.2020",1006,1006,0.132490733713253,"ok"
"AGDD","MExG","FPC7","FPC7_MExG","NEH1.2021",246,246,0.235420568744972,"ok"
"AGDD","MExG","FPC7","FPC7_MExG","TXH1.2020",246,246,-0.273691388796704,"ok"
"AGDD","MExG","FPC7","FPC7_MExG","TXH1.2021",246,246,0.125454528332093,"ok"
"AGDD","MExG","FPC7","FPC7_MExG","TXH2.2020",246,246,-0.0196741895349149,"ok"
"AGDD","MExG","FPC7","FPC7_MExG","TXH2.2021",246,246,0.0718344096089486,"ok"
"AGDD","MExG","FPC7","FPC7_MExG","TXH3.2020",266,266,0.0869245304556512,"ok"
"AGDD","MExG","FPC7","FPC7_MExG","TXH3.2021",245,245,0.246195109530493,"ok"
"AGDD","MExG","FPC7","FPC7_MExG","WIH1.2020",394,394,0.131627172997142,"ok"
"AGDD","MExG","FPC7","FPC7_MExG","WIH1.2021",398,398,0.0230437162602194,"ok"
"AGDD","MExG","FPC7","FPC7_MExG","WIH2.2020",1127,1127,0.150335766879666,"ok"
"AGDD","MExG","FPC7","FPC7_MExG","WIH2.2021",1137,1137,0.00145591013210954,"ok"
"AGDD","MExG","FPC7","FPC7_MExG","WIH3.2020",415,415,0.0612924169575996,"ok"
"AGDD","MExG","FPC7","FPC7_MExG","WIH3.2021",397,397,0.236839989772346,"ok"
"AGDD","MGVRI","FPC1","FPC1_MGVRI","DEH1.2020",1142,1142,-0.206206762974667,"ok"
"AGDD","MGVRI","FPC1","FPC1_MGVRI","IAH4.2021",1128,1128,-0.00372231870049515,"ok"
"AGDD","MGVRI","FPC1","FPC1_MGVRI","MIH1.2020",414,414,0.253632921057047,"ok"
"AGDD","MGVRI","FPC1","FPC1_MGVRI","MNH1.2020",395,395,-0.362685975485116,"ok"
"AGDD","MGVRI","FPC1","FPC1_MGVRI","MNH1.2021",415,415,-0.0535462174858065,"ok"
"AGDD","MGVRI","FPC1","FPC1_MGVRI","MOH1.2020",1006,1006,-0.0719050241502636,"ok"
"AGDD","MGVRI","FPC1","FPC1_MGVRI","NEH1.2021",246,246,-0.123471152772416,"ok"
"AGDD","MGVRI","FPC1","FPC1_MGVRI","TXH1.2020",246,246,0.483536724043937,"ok"
"AGDD","MGVRI","FPC1","FPC1_MGVRI","TXH1.2021",246,246,-0.0411190307291774,"ok"
"AGDD","MGVRI","FPC1","FPC1_MGVRI","TXH2.2020",246,246,0.336098657227414,"ok"
"AGDD","MGVRI","FPC1","FPC1_MGVRI","TXH2.2021",246,246,0.0421336095434113,"ok"
"AGDD","MGVRI","FPC1","FPC1_MGVRI","TXH3.2020",266,266,0.256019660074362,"ok"
"AGDD","MGVRI","FPC1","FPC1_MGVRI","TXH3.2021",245,245,0.238490238046898,"ok"
"AGDD","MGVRI","FPC1","FPC1_MGVRI","WIH1.2020",394,394,-0.22944992793401,"ok"
"AGDD","MGVRI","FPC1","FPC1_MGVRI","WIH1.2021",398,398,0.0165176401108191,"ok"
"AGDD","MGVRI","FPC1","FPC1_MGVRI","WIH2.2020",1127,1127,0.0170728549439693,"ok"
"AGDD","MGVRI","FPC1","FPC1_MGVRI","WIH2.2021",1137,1137,-0.289618656202263,"ok"
"AGDD","MGVRI","FPC1","FPC1_MGVRI","WIH3.2020",415,415,-0.245095335995558,"ok"
"AGDD","MGVRI","FPC1","FPC1_MGVRI","WIH3.2021",397,397,-0.116096707737422,"ok"
"AGDD","MGVRI","FPC2","FPC2_MGVRI","DEH1.2020",1142,1142,-0.167614334579878,"ok"
"AGDD","MGVRI","FPC2","FPC2_MGVRI","IAH4.2021",1128,1128,0.176968955977189,"ok"
"AGDD","MGVRI","FPC2","FPC2_MGVRI","MIH1.2020",414,414,0.235268736860032,"ok"
"AGDD","MGVRI","FPC2","FPC2_MGVRI","MNH1.2020",395,395,0.401088196206176,"ok"
"AGDD","MGVRI","FPC2","FPC2_MGVRI","MNH1.2021",415,415,0.221586536023704,"ok"
"AGDD","MGVRI","FPC2","FPC2_MGVRI","MOH1.2020",1006,1006,0.436708624691468,"ok"
"AGDD","MGVRI","FPC2","FPC2_MGVRI","NEH1.2021",246,246,0.190507086135811,"ok"
"AGDD","MGVRI","FPC2","FPC2_MGVRI","TXH1.2020",246,246,0.542645337262102,"ok"
"AGDD","MGVRI","FPC2","FPC2_MGVRI","TXH1.2021",246,246,-0.0503784032013182,"ok"
"AGDD","MGVRI","FPC2","FPC2_MGVRI","TXH2.2020",246,246,0.283877390953737,"ok"
"AGDD","MGVRI","FPC2","FPC2_MGVRI","TXH2.2021",246,246,0.407147746799891,"ok"
"AGDD","MGVRI","FPC2","FPC2_MGVRI","TXH3.2020",266,266,0.0947082078580765,"ok"
"AGDD","MGVRI","FPC2","FPC2_MGVRI","TXH3.2021",245,245,0.455429705383748,"ok"
"AGDD","MGVRI","FPC2","FPC2_MGVRI","WIH1.2020",394,394,0.405537382522852,"ok"
"AGDD","MGVRI","FPC2","FPC2_MGVRI","WIH1.2021",398,398,0.226675669716619,"ok"
"AGDD","MGVRI","FPC2","FPC2_MGVRI","WIH2.2020",1127,1127,0.129251271172936,"ok"
"AGDD","MGVRI","FPC2","FPC2_MGVRI","WIH2.2021",1137,1137,0.15345643218606,"ok"
"AGDD","MGVRI","FPC2","FPC2_MGVRI","WIH3.2020",415,415,0.110118972999698,"ok"
"AGDD","MGVRI","FPC2","FPC2_MGVRI","WIH3.2021",397,397,0.362791829068946,"ok"
"AGDD","MGVRI","FPC3","FPC3_MGVRI","DEH1.2020",1142,1142,0.313777098499065,"ok"
"AGDD","MGVRI","FPC3","FPC3_MGVRI","IAH4.2021",1128,1128,0.145075707396868,"ok"
"AGDD","MGVRI","FPC3","FPC3_MGVRI","MIH1.2020",414,414,0.0477791766365523,"ok"
"AGDD","MGVRI","FPC3","FPC3_MGVRI","MNH1.2020",395,395,0.455648820584982,"ok"
"AGDD","MGVRI","FPC3","FPC3_MGVRI","MNH1.2021",415,415,0.29326670326706,"ok"
"AGDD","MGVRI","FPC3","FPC3_MGVRI","MOH1.2020",1006,1006,0.45956681983274,"ok"
"AGDD","MGVRI","FPC3","FPC3_MGVRI","NEH1.2021",246,246,0.0462376824524553,"ok"
"AGDD","MGVRI","FPC3","FPC3_MGVRI","TXH1.2020",246,246,0.386776027019571,"ok"
"AGDD","MGVRI","FPC3","FPC3_MGVRI","TXH1.2021",246,246,0.0915531645765271,"ok"
"AGDD","MGVRI","FPC3","FPC3_MGVRI","TXH2.2020",246,246,0.364805884034845,"ok"
"AGDD","MGVRI","FPC3","FPC3_MGVRI","TXH2.2021",246,246,0.209032728473564,"ok"
"AGDD","MGVRI","FPC3","FPC3_MGVRI","TXH3.2020",266,266,-0.0456007505906438,"ok"
"AGDD","MGVRI","FPC3","FPC3_MGVRI","TXH3.2021",245,245,0.277294884199979,"ok"
"AGDD","MGVRI","FPC3","FPC3_MGVRI","WIH1.2020",394,394,0.584567068217431,"ok"
"AGDD","MGVRI","FPC3","FPC3_MGVRI","WIH1.2021",398,398,0.143691905417572,"ok"
"AGDD","MGVRI","FPC3","FPC3_MGVRI","WIH2.2020",1127,1127,0.127886298929142,"ok"
"AGDD","MGVRI","FPC3","FPC3_MGVRI","WIH2.2021",1137,1137,0.278157873363381,"ok"
"AGDD","MGVRI","FPC3","FPC3_MGVRI","WIH3.2020",415,415,0.143199579445396,"ok"
"AGDD","MGVRI","FPC3","FPC3_MGVRI","WIH3.2021",397,397,0.460845325890874,"ok"
"AGDD","MGVRI","FPC4","FPC4_MGVRI","DEH1.2020",1142,1142,0.196339307474747,"ok"
"AGDD","MGVRI","FPC4","FPC4_MGVRI","IAH4.2021",1128,1128,0.223371896926925,"ok"
"AGDD","MGVRI","FPC4","FPC4_MGVRI","MIH1.2020",414,414,0.381860318777522,"ok"
"AGDD","MGVRI","FPC4","FPC4_MGVRI","MNH1.2020",395,395,-0.292419618225742,"ok"
"AGDD","MGVRI","FPC4","FPC4_MGVRI","MNH1.2021",415,415,-0.0589480868923623,"ok"
"AGDD","MGVRI","FPC4","FPC4_MGVRI","MOH1.2020",1006,1006,0.241850558252113,"ok"
"AGDD","MGVRI","FPC4","FPC4_MGVRI","NEH1.2021",246,246,0.354262538201078,"ok"
"AGDD","MGVRI","FPC4","FPC4_MGVRI","TXH1.2020",246,246,0.587143766784801,"ok"
"AGDD","MGVRI","FPC4","FPC4_MGVRI","TXH1.2021",246,246,0.186539575081118,"ok"
"AGDD","MGVRI","FPC4","FPC4_MGVRI","TXH2.2020",246,246,0.478953943997724,"ok"
"AGDD","MGVRI","FPC4","FPC4_MGVRI","TXH2.2021",246,246,0.0386041288769951,"ok"
"AGDD","MGVRI","FPC4","FPC4_MGVRI","TXH3.2020",266,266,0.276444668069088,"ok"
"AGDD","MGVRI","FPC4","FPC4_MGVRI","TXH3.2021",245,245,0.535696730905286,"ok"
"AGDD","MGVRI","FPC4","FPC4_MGVRI","WIH1.2020",394,394,-0.0192729456967562,"ok"
"AGDD","MGVRI","FPC4","FPC4_MGVRI","WIH1.2021",398,398,0.212968107477836,"ok"
"AGDD","MGVRI","FPC4","FPC4_MGVRI","WIH2.2020",1127,1127,0.0544057786929704,"ok"
"AGDD","MGVRI","FPC4","FPC4_MGVRI","WIH2.2021",1137,1137,-0.209094529629871,"ok"
"AGDD","MGVRI","FPC4","FPC4_MGVRI","WIH3.2020",415,415,-0.127663586438776,"ok"
"AGDD","MGVRI","FPC4","FPC4_MGVRI","WIH3.2021",397,397,0.0157925351186722,"ok"
"AGDD","MGVRI","FPC5","FPC5_MGVRI","DEH1.2020",1142,1142,0.126012922012793,"ok"
"AGDD","MGVRI","FPC5","FPC5_MGVRI","IAH4.2021",1128,1128,0.224413306590771,"ok"
"AGDD","MGVRI","FPC5","FPC5_MGVRI","MIH1.2020",414,414,0.356538775106735,"ok"
"AGDD","MGVRI","FPC5","FPC5_MGVRI","MNH1.2020",395,395,0.235156955567172,"ok"
"AGDD","MGVRI","FPC5","FPC5_MGVRI","MNH1.2021",415,415,0.0624893417473622,"ok"
"AGDD","MGVRI","FPC5","FPC5_MGVRI","MOH1.2020",1006,1006,0.144150442138244,"ok"
"AGDD","MGVRI","FPC5","FPC5_MGVRI","NEH1.2021",246,246,0.397508782847568,"ok"
"AGDD","MGVRI","FPC5","FPC5_MGVRI","TXH1.2020",246,246,0.643942304766914,"ok"
"AGDD","MGVRI","FPC5","FPC5_MGVRI","TXH1.2021",246,246,0.111143580165054,"ok"
"AGDD","MGVRI","FPC5","FPC5_MGVRI","TXH2.2020",246,246,0.434489423516098,"ok"
"AGDD","MGVRI","FPC5","FPC5_MGVRI","TXH2.2021",246,246,0.224877794714119,"ok"
"AGDD","MGVRI","FPC5","FPC5_MGVRI","TXH3.2020",266,266,0.309857829668825,"ok"
"AGDD","MGVRI","FPC5","FPC5_MGVRI","TXH3.2021",245,245,0.556299644428907,"ok"
"AGDD","MGVRI","FPC5","FPC5_MGVRI","WIH1.2020",394,394,0.17648461033265,"ok"
"AGDD","MGVRI","FPC5","FPC5_MGVRI","WIH1.2021",398,398,0.185638963424005,"ok"
"AGDD","MGVRI","FPC5","FPC5_MGVRI","WIH2.2020",1127,1127,0.104128014887608,"ok"
"AGDD","MGVRI","FPC5","FPC5_MGVRI","WIH2.2021",1137,1137,-0.139104158777194,"ok"
"AGDD","MGVRI","FPC5","FPC5_MGVRI","WIH3.2020",415,415,-0.0404639699031175,"ok"
"AGDD","MGVRI","FPC5","FPC5_MGVRI","WIH3.2021",397,397,-0.0196953485594883,"ok"
"AGDD","MGVRI","FPC6","FPC6_MGVRI","DEH1.2020",1142,1142,-0.408509842318979,"ok"
"AGDD","MGVRI","FPC6","FPC6_MGVRI","IAH4.2021",1128,1128,0.037670283380264,"ok"
"AGDD","MGVRI","FPC6","FPC6_MGVRI","MIH1.2020",414,414,0.0986597694126545,"ok"
"AGDD","MGVRI","FPC6","FPC6_MGVRI","MNH1.2020",395,395,0.440557553387228,"ok"
"AGDD","MGVRI","FPC6","FPC6_MGVRI","MNH1.2021",415,415,0.182652464454552,"ok"
"AGDD","MGVRI","FPC6","FPC6_MGVRI","MOH1.2020",1006,1006,0.112462628890337,"ok"
"AGDD","MGVRI","FPC6","FPC6_MGVRI","NEH1.2021",246,246,-0.100347469558736,"ok"
"AGDD","MGVRI","FPC6","FPC6_MGVRI","TXH1.2020",246,246,-0.0990738343142115,"ok"
"AGDD","MGVRI","FPC6","FPC6_MGVRI","TXH1.2021",246,246,-0.150160385526113,"ok"
"AGDD","MGVRI","FPC6","FPC6_MGVRI","TXH2.2020",246,246,-0.291888787591324,"ok"
"AGDD","MGVRI","FPC6","FPC6_MGVRI","TXH2.2021",246,246,-0.218070608634208,"ok"
"AGDD","MGVRI","FPC6","FPC6_MGVRI","TXH3.2020",266,266,0.0377781981969463,"ok"
"AGDD","MGVRI","FPC6","FPC6_MGVRI","TXH3.2021",245,245,-0.145732002551447,"ok"
"AGDD","MGVRI","FPC6","FPC6_MGVRI","WIH1.2020",394,394,0.311276362901423,"ok"
"AGDD","MGVRI","FPC6","FPC6_MGVRI","WIH1.2021",398,398,-0.130756810694389,"ok"
"AGDD","MGVRI","FPC6","FPC6_MGVRI","WIH2.2020",1127,1127,0.0246118659643109,"ok"
"AGDD","MGVRI","FPC6","FPC6_MGVRI","WIH2.2021",1137,1137,-0.024820726777398,"ok"
"AGDD","MGVRI","FPC6","FPC6_MGVRI","WIH3.2020",415,415,0.0427785431128074,"ok"
"AGDD","MGVRI","FPC6","FPC6_MGVRI","WIH3.2021",397,397,0.173820203964602,"ok"
"AGDD","MGVRI","FPC7","FPC7_MGVRI","DEH1.2020",1142,1142,-0.4250358656085,"ok"
"AGDD","MGVRI","FPC7","FPC7_MGVRI","IAH4.2021",1128,1128,-0.149358491943254,"ok"
"AGDD","MGVRI","FPC7","FPC7_MGVRI","MIH1.2020",414,414,-0.153292476461951,"ok"
"AGDD","MGVRI","FPC7","FPC7_MGVRI","MNH1.2020",395,395,-0.137279007459435,"ok"
"AGDD","MGVRI","FPC7","FPC7_MGVRI","MNH1.2021",415,415,-0.0592013310570488,"ok"
"AGDD","MGVRI","FPC7","FPC7_MGVRI","MOH1.2020",1006,1006,-0.167053158487746,"ok"
"AGDD","MGVRI","FPC7","FPC7_MGVRI","NEH1.2021",246,246,-0.364190445470208,"ok"
"AGDD","MGVRI","FPC7","FPC7_MGVRI","TXH1.2020",246,246,-0.513371002331066,"ok"
"AGDD","MGVRI","FPC7","FPC7_MGVRI","TXH1.2021",246,246,-0.0823621082457806,"ok"
"AGDD","MGVRI","FPC7","FPC7_MGVRI","TXH2.2020",246,246,-0.435693756617572,"ok"
"AGDD","MGVRI","FPC7","FPC7_MGVRI","TXH2.2021",246,246,-0.344631738726628,"ok"
"AGDD","MGVRI","FPC7","FPC7_MGVRI","TXH3.2020",266,266,-0.0082358732950541,"ok"
"AGDD","MGVRI","FPC7","FPC7_MGVRI","TXH3.2021",245,245,-0.341569884505671,"ok"
"AGDD","MGVRI","FPC7","FPC7_MGVRI","WIH1.2020",394,394,0.0849058522095875,"ok"
"AGDD","MGVRI","FPC7","FPC7_MGVRI","WIH1.2021",398,398,-0.136876206994818,"ok"
"AGDD","MGVRI","FPC7","FPC7_MGVRI","WIH2.2020",1127,1127,-0.0194694193357672,"ok"
"AGDD","MGVRI","FPC7","FPC7_MGVRI","WIH2.2021",1137,1137,-0.214372862385085,"ok"
"AGDD","MGVRI","FPC7","FPC7_MGVRI","WIH3.2020",415,415,0.0104609118437614,"ok"
"AGDD","MGVRI","FPC7","FPC7_MGVRI","WIH3.2021",397,397,0.0500949208477056,"ok"
"AGDD","MRCC","FPC1","FPC1_MRCC","DEH1.2020",1142,1142,-0.338512871057048,"ok"
"AGDD","MRCC","FPC1","FPC1_MRCC","IAH4.2021",1128,1128,-0.194490069500021,"ok"
"AGDD","MRCC","FPC1","FPC1_MRCC","MIH1.2020",414,414,0.08602455149494,"ok"
"AGDD","MRCC","FPC1","FPC1_MRCC","MNH1.2020",395,395,-0.0287471167672359,"ok"
"AGDD","MRCC","FPC1","FPC1_MRCC","MNH1.2021",415,415,0.0087174610806231,"ok"
"AGDD","MRCC","FPC1","FPC1_MRCC","MOH1.2020",1006,1006,0.168997099654622,"ok"
"AGDD","MRCC","FPC1","FPC1_MRCC","NEH1.2021",246,246,0.226565043022265,"ok"
"AGDD","MRCC","FPC1","FPC1_MRCC","TXH1.2020",246,246,-0.530762181586077,"ok"
"AGDD","MRCC","FPC1","FPC1_MRCC","TXH1.2021",246,246,-0.0750127903074571,"ok"
"AGDD","MRCC","FPC1","FPC1_MRCC","TXH2.2020",246,246,-0.310939457666685,"ok"
"AGDD","MRCC","FPC1","FPC1_MRCC","TXH2.2021",246,246,0.221144011242938,"ok"
"AGDD","MRCC","FPC1","FPC1_MRCC","TXH3.2020",266,266,-0.0750534355698306,"ok"
"AGDD","MRCC","FPC1","FPC1_MRCC","TXH3.2021",245,245,0.0303380844251669,"ok"
"AGDD","MRCC","FPC1","FPC1_MRCC","WIH1.2020",394,394,-0.217517648419498,"ok"
"AGDD","MRCC","FPC1","FPC1_MRCC","WIH1.2021",398,398,0.206921030463936,"ok"
"AGDD","MRCC","FPC1","FPC1_MRCC","WIH2.2020",1127,1127,0.110870062257365,"ok"
"AGDD","MRCC","FPC1","FPC1_MRCC","WIH2.2021",1137,1137,0.0242502171352643,"ok"
"AGDD","MRCC","FPC1","FPC1_MRCC","WIH3.2020",415,415,0.0788767912470501,"ok"
"AGDD","MRCC","FPC1","FPC1_MRCC","WIH3.2021",397,397,0.116980707861818,"ok"
"AGDD","MRCC","FPC2","FPC2_MRCC","DEH1.2020",1142,1142,-0.0908618956275873,"ok"
"AGDD","MRCC","FPC2","FPC2_MRCC","IAH4.2021",1128,1128,0.125974268771193,"ok"
"AGDD","MRCC","FPC2","FPC2_MRCC","MIH1.2020",414,414,-0.1680539743917,"ok"
"AGDD","MRCC","FPC2","FPC2_MRCC","MNH1.2020",395,395,0.194749168872756,"ok"
"AGDD","MRCC","FPC2","FPC2_MRCC","MNH1.2021",415,415,0.190459815692508,"ok"
"AGDD","MRCC","FPC2","FPC2_MRCC","MOH1.2020",1006,1006,-0.308913585050021,"ok"
"AGDD","MRCC","FPC2","FPC2_MRCC","NEH1.2021",246,246,-0.0961270179955463,"ok"
"AGDD","MRCC","FPC2","FPC2_MRCC","TXH1.2020",246,246,-0.201769457326136,"ok"
"AGDD","MRCC","FPC2","FPC2_MRCC","TXH1.2021",246,246,-0.185482723797996,"ok"
"AGDD","MRCC","FPC2","FPC2_MRCC","TXH2.2020",246,246,-0.341682988713359,"ok"
"AGDD","MRCC","FPC2","FPC2_MRCC","TXH2.2021",246,246,-0.351422547191547,"ok"
"AGDD","MRCC","FPC2","FPC2_MRCC","TXH3.2020",266,266,0.130575367366189,"ok"
"AGDD","MRCC","FPC2","FPC2_MRCC","TXH3.2021",245,245,-0.225243243209906,"ok"
"AGDD","MRCC","FPC2","FPC2_MRCC","WIH1.2020",394,394,0.212417684012721,"ok"
"AGDD","MRCC","FPC2","FPC2_MRCC","WIH1.2021",398,398,-0.28374743946192,"ok"
"AGDD","MRCC","FPC2","FPC2_MRCC","WIH2.2020",1127,1127,0.0932500735683988,"ok"
"AGDD","MRCC","FPC2","FPC2_MRCC","WIH2.2021",1137,1137,0.159542875540478,"ok"
"AGDD","MRCC","FPC2","FPC2_MRCC","WIH3.2020",415,415,-0.0212825371937293,"ok"
"AGDD","MRCC","FPC2","FPC2_MRCC","WIH3.2021",397,397,0.0745856960405186,"ok"
"AGDD","MRCC","FPC3","FPC3_MRCC","DEH1.2020",1142,1142,0.0674606319111869,"ok"
"AGDD","MRCC","FPC3","FPC3_MRCC","IAH4.2021",1128,1128,-0.00624258670803493,"ok"
"AGDD","MRCC","FPC3","FPC3_MRCC","MIH1.2020",414,414,-0.0394518137980367,"ok"
"AGDD","MRCC","FPC3","FPC3_MRCC","MNH1.2020",395,395,0.176972131029946,"ok"
"AGDD","MRCC","FPC3","FPC3_MRCC","MNH1.2021",415,415,0.0233026685256655,"ok"
"AGDD","MRCC","FPC3","FPC3_MRCC","MOH1.2020",1006,1006,0.266949350038508,"ok"
"AGDD","MRCC","FPC3","FPC3_MRCC","NEH1.2021",246,246,-0.040425045429725,"ok"
"AGDD","MRCC","FPC3","FPC3_MRCC","TXH1.2020",246,246,-0.0593771564410119,"ok"
"AGDD","MRCC","FPC3","FPC3_MRCC","TXH1.2021",246,246,0.167905398162463,"ok"
"AGDD","MRCC","FPC3","FPC3_MRCC","TXH2.2020",246,246,0.388419108933351,"ok"
"AGDD","MRCC","FPC3","FPC3_MRCC","TXH2.2021",246,246,0.298758253418546,"ok"
"AGDD","MRCC","FPC3","FPC3_MRCC","TXH3.2020",266,266,-0.169411008897917,"ok"
"AGDD","MRCC","FPC3","FPC3_MRCC","TXH3.2021",245,245,0.143832366993975,"ok"
"AGDD","MRCC","FPC3","FPC3_MRCC","WIH1.2020",394,394,0.0971191152471789,"ok"
"AGDD","MRCC","FPC3","FPC3_MRCC","WIH1.2021",398,398,0.292767678533092,"ok"
"AGDD","MRCC","FPC3","FPC3_MRCC","WIH2.2020",1127,1127,-0.149390310826807,"ok"
"AGDD","MRCC","FPC3","FPC3_MRCC","WIH2.2021",1137,1137,-0.0578435842370866,"ok"
"AGDD","MRCC","FPC3","FPC3_MRCC","WIH3.2020",415,415,0.0308792956896574,"ok"
"AGDD","MRCC","FPC3","FPC3_MRCC","WIH3.2021",397,397,0.0314135058126112,"ok"
"AGDD","MRCC","FPC4","FPC4_MRCC","DEH1.2020",1142,1142,0.00344860225102249,"ok"
"AGDD","MRCC","FPC4","FPC4_MRCC","IAH4.2021",1128,1128,-0.116267721064849,"ok"
"AGDD","MRCC","FPC4","FPC4_MRCC","MIH1.2020",414,414,0.187650161728145,"ok"
"AGDD","MRCC","FPC4","FPC4_MRCC","MNH1.2020",395,395,0.353133279396802,"ok"
"AGDD","MRCC","FPC4","FPC4_MRCC","MNH1.2021",415,415,-0.140977003708738,"ok"
"AGDD","MRCC","FPC4","FPC4_MRCC","MOH1.2020",1006,1006,0.210784733162587,"ok"
"AGDD","MRCC","FPC4","FPC4_MRCC","NEH1.2021",246,246,-0.102662032083488,"ok"
"AGDD","MRCC","FPC4","FPC4_MRCC","TXH1.2020",246,246,-0.117024648460475,"ok"
"AGDD","MRCC","FPC4","FPC4_MRCC","TXH1.2021",246,246,0.180750973543343,"ok"
"AGDD","MRCC","FPC4","FPC4_MRCC","TXH2.2020",246,246,-0.162129700799245,"ok"
"AGDD","MRCC","FPC4","FPC4_MRCC","TXH2.2021",246,246,0.302194426469217,"ok"
"AGDD","MRCC","FPC4","FPC4_MRCC","TXH3.2020",266,266,-0.159472115909035,"ok"
"AGDD","MRCC","FPC4","FPC4_MRCC","TXH3.2021",245,245,0.271282900920015,"ok"
"AGDD","MRCC","FPC4","FPC4_MRCC","WIH1.2020",394,394,0.127958603171174,"ok"
"AGDD","MRCC","FPC4","FPC4_MRCC","WIH1.2021",398,398,0.255742262190096,"ok"
"AGDD","MRCC","FPC4","FPC4_MRCC","WIH2.2020",1127,1127,-0.183027020299185,"ok"
"AGDD","MRCC","FPC4","FPC4_MRCC","WIH2.2021",1137,1137,-0.0649905626455291,"ok"
"AGDD","MRCC","FPC4","FPC4_MRCC","WIH3.2020",415,415,0.0193043203181884,"ok"
"AGDD","MRCC","FPC4","FPC4_MRCC","WIH3.2021",397,397,0.00323437420934998,"ok"
"AGDD","MRCC","FPC5","FPC5_MRCC","DEH1.2020",1142,1142,-0.0178064510134483,"ok"
"AGDD","MRCC","FPC5","FPC5_MRCC","IAH4.2021",1128,1128,-0.229082818718882,"ok"
"AGDD","MRCC","FPC5","FPC5_MRCC","MIH1.2020",414,414,-0.232591252477117,"ok"
"AGDD","MRCC","FPC5","FPC5_MRCC","MNH1.2020",395,395,-0.255852112117028,"ok"
"AGDD","MRCC","FPC5","FPC5_MRCC","MNH1.2021",415,415,-0.155566695240206,"ok"
"AGDD","MRCC","FPC5","FPC5_MRCC","MOH1.2020",1006,1006,0.010482266891401,"ok"
"AGDD","MRCC","FPC5","FPC5_MRCC","NEH1.2021",246,246,0.00386563053393869,"ok"
"AGDD","MRCC","FPC5","FPC5_MRCC","TXH1.2020",246,246,-0.00662312933656712,"ok"
"AGDD","MRCC","FPC5","FPC5_MRCC","TXH1.2021",246,246,-0.147839880995347,"ok"
"AGDD","MRCC","FPC5","FPC5_MRCC","TXH2.2020",246,246,0.292163681876544,"ok"
"AGDD","MRCC","FPC5","FPC5_MRCC","TXH2.2021",246,246,-0.325563918877333,"ok"
"AGDD","MRCC","FPC5","FPC5_MRCC","TXH3.2020",266,266,-0.0428936918544733,"ok"
"AGDD","MRCC","FPC5","FPC5_MRCC","TXH3.2021",245,245,-0.20874661269674,"ok"
"AGDD","MRCC","FPC5","FPC5_MRCC","WIH1.2020",394,394,-0.475878939465046,"ok"
"AGDD","MRCC","FPC5","FPC5_MRCC","WIH1.2021",398,398,0.254142702575632,"ok"
"AGDD","MRCC","FPC5","FPC5_MRCC","WIH2.2020",1127,1127,0.0893791204164332,"ok"
"AGDD","MRCC","FPC5","FPC5_MRCC","WIH2.2021",1137,1137,-0.105719034620638,"ok"
"AGDD","MRCC","FPC5","FPC5_MRCC","WIH3.2020",415,415,-0.00496401014570573,"ok"
"AGDD","MRCC","FPC5","FPC5_MRCC","WIH3.2021",397,397,-0.100378696754334,"ok"
"AGDD","MRCC","FPC6","FPC6_MRCC","DEH1.2020",1142,1142,-0.0384133608283851,"ok"
"AGDD","MRCC","FPC6","FPC6_MRCC","IAH4.2021",1128,1128,0.0481565752945823,"ok"
"AGDD","MRCC","FPC6","FPC6_MRCC","MIH1.2020",414,414,0.214511720183481,"ok"
"AGDD","MRCC","FPC6","FPC6_MRCC","MNH1.2020",395,395,-0.336512283828313,"ok"
"AGDD","MRCC","FPC6","FPC6_MRCC","MNH1.2021",415,415,0.138267266136862,"ok"
"AGDD","MRCC","FPC6","FPC6_MRCC","MOH1.2020",1006,1006,0.2529121524643,"ok"
"AGDD","MRCC","FPC6","FPC6_MRCC","NEH1.2021",246,246,0.0843381112123973,"ok"
"AGDD","MRCC","FPC6","FPC6_MRCC","TXH1.2020",246,246,0.0779688989850282,"ok"
"AGDD","MRCC","FPC6","FPC6_MRCC","TXH1.2021",246,246,0.18583269767927,"ok"
"AGDD","MRCC","FPC6","FPC6_MRCC","TXH2.2020",246,246,0.30016295534814,"ok"
"AGDD","MRCC","FPC6","FPC6_MRCC","TXH2.2021",246,246,0.339787286710926,"ok"
"AGDD","MRCC","FPC6","FPC6_MRCC","TXH3.2020",266,266,-0.0422447419845797,"ok"
"AGDD","MRCC","FPC6","FPC6_MRCC","TXH3.2021",245,245,-0.0521606238927107,"ok"
"AGDD","MRCC","FPC6","FPC6_MRCC","WIH1.2020",394,394,0.0817114455538104,"ok"
"AGDD","MRCC","FPC6","FPC6_MRCC","WIH1.2021",398,398,0.286447966818932,"ok"
"AGDD","MRCC","FPC6","FPC6_MRCC","WIH2.2020",1127,1127,-0.164083806985706,"ok"
"AGDD","MRCC","FPC6","FPC6_MRCC","WIH2.2021",1137,1137,-0.161402820620103,"ok"
"AGDD","MRCC","FPC6","FPC6_MRCC","WIH3.2020",415,415,0.0379048953598336,"ok"
"AGDD","MRCC","FPC6","FPC6_MRCC","WIH3.2021",397,397,-0.0198904448575696,"ok"
"AGDD","MRCC","FPC7","FPC7_MRCC","DEH1.2020",1142,1142,0.156230151914977,"ok"
"AGDD","MRCC","FPC7","FPC7_MRCC","IAH4.2021",1128,1128,0.208369657922569,"ok"
"AGDD","MRCC","FPC7","FPC7_MRCC","MIH1.2020",414,414,-0.184895617544532,"ok"
"AGDD","MRCC","FPC7","FPC7_MRCC","MNH1.2020",395,395,0.400467227496515,"ok"
"AGDD","MRCC","FPC7","FPC7_MRCC","MNH1.2021",415,415,-0.112608644930438,"ok"
"AGDD","MRCC","FPC7","FPC7_MRCC","MOH1.2020",1006,1006,-0.0698544946321454,"ok"
"AGDD","MRCC","FPC7","FPC7_MRCC","NEH1.2021",246,246,-0.188373194136416,"ok"
"AGDD","MRCC","FPC7","FPC7_MRCC","TXH1.2020",246,246,-0.00835445828395737,"ok"
"AGDD","MRCC","FPC7","FPC7_MRCC","TXH1.2021",246,246,0.163645257333183,"ok"
"AGDD","MRCC","FPC7","FPC7_MRCC","TXH2.2020",246,246,-0.339410244700205,"ok"
"AGDD","MRCC","FPC7","FPC7_MRCC","TXH2.2021",246,246,0.195819301833996,"ok"
"AGDD","MRCC","FPC7","FPC7_MRCC","TXH3.2020",266,266,-0.127457645365663,"ok"
"AGDD","MRCC","FPC7","FPC7_MRCC","TXH3.2021",245,245,-0.449795229767259,"ok"
"AGDD","MRCC","FPC7","FPC7_MRCC","WIH1.2020",394,394,0.432060047036153,"ok"
"AGDD","MRCC","FPC7","FPC7_MRCC","WIH1.2021",398,398,-0.267944384943277,"ok"
"AGDD","MRCC","FPC7","FPC7_MRCC","WIH2.2020",1127,1127,0.0363739204039144,"ok"
"AGDD","MRCC","FPC7","FPC7_MRCC","WIH2.2021",1137,1137,0.0432873718030547,"ok"
"AGDD","MRCC","FPC7","FPC7_MRCC","WIH3.2020",415,415,-0.0386185909337273,"ok"
"AGDD","MRCC","FPC7","FPC7_MRCC","WIH3.2021",397,397,0.0751403006698516,"ok"
"AGDD","MSRGR","FPC1","FPC1_MSRGR","DEH1.2020",1142,1142,-0.266636267234624,"ok"
"AGDD","MSRGR","FPC1","FPC1_MSRGR","IAH4.2021",1128,1128,0.178432081353887,"ok"
"AGDD","MSRGR","FPC1","FPC1_MSRGR","MIH1.2020",414,414,0.251170352625445,"ok"
"AGDD","MSRGR","FPC1","FPC1_MSRGR","MNH1.2020",395,395,0.198496359000539,"ok"
"AGDD","MSRGR","FPC1","FPC1_MSRGR","MNH1.2021",415,415,0.173599440397414,"ok"
"AGDD","MSRGR","FPC1","FPC1_MSRGR","MOH1.2020",1006,1006,0.395961637195917,"ok"
"AGDD","MSRGR","FPC1","FPC1_MSRGR","NEH1.2021",246,246,0.0556470961582823,"ok"
"AGDD","MSRGR","FPC1","FPC1_MSRGR","TXH1.2020",246,246,0.630411568041292,"ok"
"AGDD","MSRGR","FPC1","FPC1_MSRGR","TXH1.2021",246,246,-0.0429151314944201,"ok"
"AGDD","MSRGR","FPC1","FPC1_MSRGR","TXH2.2020",246,246,0.37521757311963,"ok"
"AGDD","MSRGR","FPC1","FPC1_MSRGR","TXH2.2021",246,246,0.39930887687551,"ok"
"AGDD","MSRGR","FPC1","FPC1_MSRGR","TXH3.2020",266,266,0.167463715928454,"ok"
"AGDD","MSRGR","FPC1","FPC1_MSRGR","TXH3.2021",245,245,0.476046954377716,"ok"
"AGDD","MSRGR","FPC1","FPC1_MSRGR","WIH1.2020",394,394,0.264747488701094,"ok"
"AGDD","MSRGR","FPC1","FPC1_MSRGR","WIH1.2021",398,398,0.166577714283138,"ok"
"AGDD","MSRGR","FPC1","FPC1_MSRGR","WIH2.2020",1127,1127,0.10150686818806,"ok"
"AGDD","MSRGR","FPC1","FPC1_MSRGR","WIH2.2021",1137,1137,-0.0667308577378327,"ok"
"AGDD","MSRGR","FPC1","FPC1_MSRGR","WIH3.2020",415,415,-0.0424072845208537,"ok"
"AGDD","MSRGR","FPC1","FPC1_MSRGR","WIH3.2021",397,397,0.303846603747563,"ok"
"AGDD","MSRGR","FPC2","FPC2_MSRGR","DEH1.2020",1142,1142,-0.210762930795611,"ok"
"AGDD","MSRGR","FPC2","FPC2_MSRGR","IAH4.2021",1128,1128,-0.0878352077298597,"ok"
"AGDD","MSRGR","FPC2","FPC2_MSRGR","MIH1.2020",414,414,0.14091150834744,"ok"
"AGDD","MSRGR","FPC2","FPC2_MSRGR","MNH1.2020",395,395,-0.456115744062172,"ok"
"AGDD","MSRGR","FPC2","FPC2_MSRGR","MNH1.2021",415,415,-0.137451086358643,"ok"
"AGDD","MSRGR","FPC2","FPC2_MSRGR","MOH1.2020",1006,1006,-0.284033300955549,"ok"
"AGDD","MSRGR","FPC2","FPC2_MSRGR","NEH1.2021",246,246,-0.168616162750615,"ok"
"AGDD","MSRGR","FPC2","FPC2_MSRGR","TXH1.2020",246,246,0.184975697599002,"ok"
"AGDD","MSRGR","FPC2","FPC2_MSRGR","TXH1.2021",246,246,-0.0250759770842222,"ok"
"AGDD","MSRGR","FPC2","FPC2_MSRGR","TXH2.2020",246,246,0.173550519514795,"ok"
"AGDD","MSRGR","FPC2","FPC2_MSRGR","TXH2.2021",246,246,-0.222326831831027,"ok"
"AGDD","MSRGR","FPC2","FPC2_MSRGR","TXH3.2020",266,266,0.254584357960673,"ok"
"AGDD","MSRGR","FPC2","FPC2_MSRGR","TXH3.2021",245,245,0.0898474922540965,"ok"
"AGDD","MSRGR","FPC2","FPC2_MSRGR","WIH1.2020",394,394,-0.421382261573935,"ok"
"AGDD","MSRGR","FPC2","FPC2_MSRGR","WIH1.2021",398,398,-0.115614680443115,"ok"
"AGDD","MSRGR","FPC2","FPC2_MSRGR","WIH2.2020",1127,1127,-0.0494564848750379,"ok"
"AGDD","MSRGR","FPC2","FPC2_MSRGR","WIH2.2021",1137,1137,-0.311565307915134,"ok"
"AGDD","MSRGR","FPC2","FPC2_MSRGR","WIH3.2020",415,415,-0.284428726790911,"ok"
"AGDD","MSRGR","FPC2","FPC2_MSRGR","WIH3.2021",397,397,-0.257491081586694,"ok"
"AGDD","MSRGR","FPC3","FPC3_MSRGR","DEH1.2020",1142,1142,0.301202500345508,"ok"
"AGDD","MSRGR","FPC3","FPC3_MSRGR","IAH4.2021",1128,1128,0.255964007021487,"ok"
"AGDD","MSRGR","FPC3","FPC3_MSRGR","MIH1.2020",414,414,0.154068631036661,"ok"
"AGDD","MSRGR","FPC3","FPC3_MSRGR","MNH1.2020",395,395,0.405652392665936,"ok"
"AGDD","MSRGR","FPC3","FPC3_MSRGR","MNH1.2021",415,415,0.288794084409935,"ok"
"AGDD","MSRGR","FPC3","FPC3_MSRGR","MOH1.2020",1006,1006,0.448069570602249,"ok"
"AGDD","MSRGR","FPC3","FPC3_MSRGR","NEH1.2021",246,246,0.140903892263168,"ok"
"AGDD","MSRGR","FPC3","FPC3_MSRGR","TXH1.2020",246,246,0.60828414695828,"ok"
"AGDD","MSRGR","FPC3","FPC3_MSRGR","TXH1.2021",246,246,0.108641232224144,"ok"
"AGDD","MSRGR","FPC3","FPC3_MSRGR","TXH2.2020",246,246,0.460754675382726,"ok"
"AGDD","MSRGR","FPC3","FPC3_MSRGR","TXH2.2021",246,246,0.162601379034283,"ok"
"AGDD","MSRGR","FPC3","FPC3_MSRGR","TXH3.2020",266,266,0.0560939853013393,"ok"
"AGDD","MSRGR","FPC3","FPC3_MSRGR","TXH3.2021",245,245,0.429341764314606,"ok"
"AGDD","MSRGR","FPC3","FPC3_MSRGR","WIH1.2020",394,394,0.562859542097664,"ok"
"AGDD","MSRGR","FPC3","FPC3_MSRGR","WIH1.2021",398,398,0.248969818983014,"ok"
"AGDD","MSRGR","FPC3","FPC3_MSRGR","WIH2.2020",1127,1127,0.134492224663395,"ok"
"AGDD","MSRGR","FPC3","FPC3_MSRGR","WIH2.2021",1137,1137,0.20969631894695,"ok"
"AGDD","MSRGR","FPC3","FPC3_MSRGR","WIH3.2020",415,415,0.0684295287154665,"ok"
"AGDD","MSRGR","FPC3","FPC3_MSRGR","WIH3.2021",397,397,0.330836298049778,"ok"
"AGDD","MSRGR","FPC4","FPC4_MSRGR","DEH1.2020",1142,1142,0.1795932564929,"ok"
"AGDD","MSRGR","FPC4","FPC4_MSRGR","IAH4.2021",1128,1128,0.193531535040193,"ok"
"AGDD","MSRGR","FPC4","FPC4_MSRGR","MIH1.2020",414,414,0.385437893821037,"ok"
"AGDD","MSRGR","FPC4","FPC4_MSRGR","MNH1.2020",395,395,-0.304178925284783,"ok"
"AGDD","MSRGR","FPC4","FPC4_MSRGR","MNH1.2021",415,415,-0.0623654106893472,"ok"
"AGDD","MSRGR","FPC4","FPC4_MSRGR","MOH1.2020",1006,1006,0.183948672150717,"ok"
"AGDD","MSRGR","FPC4","FPC4_MSRGR","NEH1.2021",246,246,0.36790975701551,"ok"
"AGDD","MSRGR","FPC4","FPC4_MSRGR","TXH1.2020",246,246,0.57165476665294,"ok"
"AGDD","MSRGR","FPC4","FPC4_MSRGR","TXH1.2021",246,246,0.170245119937275,"ok"
"AGDD","MSRGR","FPC4","FPC4_MSRGR","TXH2.2020",246,246,0.448172621287206,"ok"
"AGDD","MSRGR","FPC4","FPC4_MSRGR","TXH2.2021",246,246,0.072391137492626,"ok"
"AGDD","MSRGR","FPC4","FPC4_MSRGR","TXH3.2020",266,266,0.287673588317748,"ok"
"AGDD","MSRGR","FPC4","FPC4_MSRGR","TXH3.2021",245,245,0.547589375485899,"ok"
"AGDD","MSRGR","FPC4","FPC4_MSRGR","WIH1.2020",394,394,-0.0713343235739504,"ok"
"AGDD","MSRGR","FPC4","FPC4_MSRGR","WIH1.2021",398,398,0.157453052320335,"ok"
"AGDD","MSRGR","FPC4","FPC4_MSRGR","WIH2.2020",1127,1127,0.0527077558350974,"ok"
"AGDD","MSRGR","FPC4","FPC4_MSRGR","WIH2.2021",1137,1137,-0.217483016161519,"ok"
"AGDD","MSRGR","FPC4","FPC4_MSRGR","WIH3.2020",415,415,-0.154085957889323,"ok"
"AGDD","MSRGR","FPC4","FPC4_MSRGR","WIH3.2021",397,397,-0.0252332547974085,"ok"
"AGDD","MSRGR","FPC5","FPC5_MSRGR","DEH1.2020",1142,1142,-0.195460710891019,"ok"
"AGDD","MSRGR","FPC5","FPC5_MSRGR","IAH4.2021",1128,1128,0.142817283061317,"ok"
"AGDD","MSRGR","FPC5","FPC5_MSRGR","MIH1.2020",414,414,0.257429153095298,"ok"
"AGDD","MSRGR","FPC5","FPC5_MSRGR","MNH1.2020",395,395,0.29966803979218,"ok"
"AGDD","MSRGR","FPC5","FPC5_MSRGR","MNH1.2021",415,415,0.0444210251599995,"ok"
"AGDD","MSRGR","FPC5","FPC5_MSRGR","MOH1.2020",1006,1006,-0.0106494533050715,"ok"
"AGDD","MSRGR","FPC5","FPC5_MSRGR","NEH1.2021",246,246,0.357776959899047,"ok"
"AGDD","MSRGR","FPC5","FPC5_MSRGR","TXH1.2020",246,246,0.56519667939599,"ok"
"AGDD","MSRGR","FPC5","FPC5_MSRGR","TXH1.2021",246,246,0.0277285689744245,"ok"
"AGDD","MSRGR","FPC5","FPC5_MSRGR","TXH2.2020",246,246,0.223966724733923,"ok"
"AGDD","MSRGR","FPC5","FPC5_MSRGR","TXH2.2021",246,246,0.265694858622677,"ok"
"AGDD","MSRGR","FPC5","FPC5_MSRGR","TXH3.2020",266,266,0.306648803891505,"ok"
"AGDD","MSRGR","FPC5","FPC5_MSRGR","TXH3.2021",245,245,0.521601381088963,"ok"
"AGDD","MSRGR","FPC5","FPC5_MSRGR","WIH1.2020",394,394,0.238296510456064,"ok"
"AGDD","MSRGR","FPC5","FPC5_MSRGR","WIH1.2021",398,398,0.0415857672242765,"ok"
"AGDD","MSRGR","FPC5","FPC5_MSRGR","WIH2.2020",1127,1127,0.0556438052827937,"ok"
"AGDD","MSRGR","FPC5","FPC5_MSRGR","WIH2.2021",1137,1137,-0.0810492909606295,"ok"
"AGDD","MSRGR","FPC5","FPC5_MSRGR","WIH3.2020",415,415,0.0230522193242809,"ok"
"AGDD","MSRGR","FPC5","FPC5_MSRGR","WIH3.2021",397,397,-0.0710559693378438,"ok"
"AGDD","MSRGR","FPC6","FPC6_MSRGR","DEH1.2020",1142,1142,-0.403972369492093,"ok"
"AGDD","MSRGR","FPC6","FPC6_MSRGR","IAH4.2021",1128,1128,-0.0711700144178965,"ok"
"AGDD","MSRGR","FPC6","FPC6_MSRGR","MIH1.2020",414,414,0.0757171127633808,"ok"
"AGDD","MSRGR","FPC6","FPC6_MSRGR","MNH1.2020",395,395,0.406996260200441,"ok"
"AGDD","MSRGR","FPC6","FPC6_MSRGR","MNH1.2021",415,415,0.0907499461998697,"ok"
"AGDD","MSRGR","FPC6","FPC6_MSRGR","MOH1.2020",1006,1006,0.0877759787177118,"ok"
"AGDD","MSRGR","FPC6","FPC6_MSRGR","NEH1.2021",246,246,-0.141945315141218,"ok"
"AGDD","MSRGR","FPC6","FPC6_MSRGR","TXH1.2020",246,246,-0.258071572832747,"ok"
"AGDD","MSRGR","FPC6","FPC6_MSRGR","TXH1.2021",246,246,-0.166079251884413,"ok"
"AGDD","MSRGR","FPC6","FPC6_MSRGR","TXH2.2020",246,246,-0.312900713589041,"ok"
"AGDD","MSRGR","FPC6","FPC6_MSRGR","TXH2.2021",246,246,-0.124914348432848,"ok"
"AGDD","MSRGR","FPC6","FPC6_MSRGR","TXH3.2020",266,266,0.0649795021801202,"ok"
"AGDD","MSRGR","FPC6","FPC6_MSRGR","TXH3.2021",245,245,-0.191267710668068,"ok"
"AGDD","MSRGR","FPC6","FPC6_MSRGR","WIH1.2020",394,394,0.276165121033796,"ok"
"AGDD","MSRGR","FPC6","FPC6_MSRGR","WIH1.2021",398,398,-0.118184913715556,"ok"
"AGDD","MSRGR","FPC6","FPC6_MSRGR","WIH2.2020",1127,1127,0.0271125222386196,"ok"
"AGDD","MSRGR","FPC6","FPC6_MSRGR","WIH2.2021",1137,1137,0.0190302417574836,"ok"
"AGDD","MSRGR","FPC6","FPC6_MSRGR","WIH3.2020",415,415,0.0379026682435471,"ok"
"AGDD","MSRGR","FPC6","FPC6_MSRGR","WIH3.2021",397,397,0.136704101774019,"ok"
"AGDD","MSRGR","FPC7","FPC7_MSRGR","DEH1.2020",1142,1142,0.439914272732894,"ok"
"AGDD","MSRGR","FPC7","FPC7_MSRGR","IAH4.2021",1128,1128,0.153784836816601,"ok"
"AGDD","MSRGR","FPC7","FPC7_MSRGR","MIH1.2020",414,414,0.115657293069261,"ok"
"AGDD","MSRGR","FPC7","FPC7_MSRGR","MNH1.2020",395,395,0.220464111602636,"ok"
"AGDD","MSRGR","FPC7","FPC7_MSRGR","MNH1.2021",415,415,0.0486253854072179,"ok"
"AGDD","MSRGR","FPC7","FPC7_MSRGR","MOH1.2020",1006,1006,0.102843897303387,"ok"
"AGDD","MSRGR","FPC7","FPC7_MSRGR","NEH1.2021",246,246,0.331844312937772,"ok"
"AGDD","MSRGR","FPC7","FPC7_MSRGR","TXH1.2020",246,246,0.460785895242545,"ok"
"AGDD","MSRGR","FPC7","FPC7_MSRGR","TXH1.2021",246,246,0.0563166334961664,"ok"
"AGDD","MSRGR","FPC7","FPC7_MSRGR","TXH2.2020",246,246,0.371048593545616,"ok"
"AGDD","MSRGR","FPC7","FPC7_MSRGR","TXH2.2021",246,246,0.258487648432141,"ok"
"AGDD","MSRGR","FPC7","FPC7_MSRGR","TXH3.2020",266,266,-0.0536007652849218,"ok"
"AGDD","MSRGR","FPC7","FPC7_MSRGR","TXH3.2021",245,245,0.303548805486149,"ok"
"AGDD","MSRGR","FPC7","FPC7_MSRGR","WIH1.2020",394,394,-0.0637035918165342,"ok"
"AGDD","MSRGR","FPC7","FPC7_MSRGR","WIH1.2021",398,398,0.150059514245364,"ok"
"AGDD","MSRGR","FPC7","FPC7_MSRGR","WIH2.2020",1127,1127,0.000127745968635035,"ok"
"AGDD","MSRGR","FPC7","FPC7_MSRGR","WIH2.2021",1137,1137,0.223541714631548,"ok"
"AGDD","MSRGR","FPC7","FPC7_MSRGR","WIH3.2020",415,415,0.0224844887130941,"ok"
"AGDD","MSRGR","FPC7","FPC7_MSRGR","WIH3.2021",397,397,-0.0476871376146737,"ok"
"AGDD","NDI","FPC1","FPC1_NDI","DEH1.2020",1142,1142,-0.300452376192339,"ok"
"AGDD","NDI","FPC1","FPC1_NDI","IAH4.2021",1128,1128,0.114325112399796,"ok"
"AGDD","NDI","FPC1","FPC1_NDI","MIH1.2020",414,414,0.27170756684628,"ok"
"AGDD","NDI","FPC1","FPC1_NDI","MNH1.2020",395,395,-0.0394351390704951,"ok"
"AGDD","NDI","FPC1","FPC1_NDI","MNH1.2021",415,415,0.0959588451737344,"ok"
"AGDD","NDI","FPC1","FPC1_NDI","MOH1.2020",1006,1006,0.304360152263087,"ok"
"AGDD","NDI","FPC1","FPC1_NDI","NEH1.2021",246,246,0.0203329868732309,"ok"
"AGDD","NDI","FPC1","FPC1_NDI","TXH1.2020",246,246,0.621218561800593,"ok"
"AGDD","NDI","FPC1","FPC1_NDI","TXH1.2021",246,246,-0.0611202976392774,"ok"
"AGDD","NDI","FPC1","FPC1_NDI","TXH2.2020",246,246,0.379591639921499,"ok"
"AGDD","NDI","FPC1","FPC1_NDI","TXH2.2021",246,246,0.337853819058381,"ok"
"AGDD","NDI","FPC1","FPC1_NDI","TXH3.2020",266,266,0.219818212874671,"ok"
"AGDD","NDI","FPC1","FPC1_NDI","TXH3.2021",245,245,0.451282294102155,"ok"
"AGDD","NDI","FPC1","FPC1_NDI","WIH1.2020",394,394,0.0453408816229635,"ok"
"AGDD","NDI","FPC1","FPC1_NDI","WIH1.2021",398,398,0.107226914401045,"ok"
"AGDD","NDI","FPC1","FPC1_NDI","WIH2.2020",1127,1127,0.0748674782941487,"ok"
"AGDD","NDI","FPC1","FPC1_NDI","WIH2.2021",1137,1137,-0.207862621613141,"ok"
"AGDD","NDI","FPC1","FPC1_NDI","WIH3.2020",415,415,-0.141098371260475,"ok"
"AGDD","NDI","FPC1","FPC1_NDI","WIH3.2021",397,397,0.131257735833707,"ok"
"AGDD","NDI","FPC2","FPC2_NDI","DEH1.2020",1142,1142,-0.090234402391315,"ok"
"AGDD","NDI","FPC2","FPC2_NDI","IAH4.2021",1128,1128,-0.113794542896654,"ok"
"AGDD","NDI","FPC2","FPC2_NDI","MIH1.2020",414,414,0.068216335358565,"ok"
"AGDD","NDI","FPC2","FPC2_NDI","MNH1.2020",395,395,-0.465956756578324,"ok"
"AGDD","NDI","FPC2","FPC2_NDI","MNH1.2021",415,415,-0.16894636955171,"ok"
"AGDD","NDI","FPC2","FPC2_NDI","MOH1.2020",1006,1006,-0.350040426272112,"ok"
"AGDD","NDI","FPC2","FPC2_NDI","NEH1.2021",246,246,-0.175831215802351,"ok"
"AGDD","NDI","FPC2","FPC2_NDI","TXH1.2020",246,246,-0.0473964592250857,"ok"
"AGDD","NDI","FPC2","FPC2_NDI","TXH1.2021",246,246,0.00508948424285466,"ok"
"AGDD","NDI","FPC2","FPC2_NDI","TXH2.2020",246,246,0.0654192300874868,"ok"
"AGDD","NDI","FPC2","FPC2_NDI","TXH2.2021",246,246,-0.381115697941935,"ok"
"AGDD","NDI","FPC2","FPC2_NDI","TXH3.2020",266,266,0.194915403182403,"ok"
"AGDD","NDI","FPC2","FPC2_NDI","TXH3.2021",245,245,-0.19886442670312,"ok"
"AGDD","NDI","FPC2","FPC2_NDI","WIH1.2020",394,394,-0.423611777579688,"ok"
"AGDD","NDI","FPC2","FPC2_NDI","WIH1.2021",398,398,-0.12084903819076,"ok"
"AGDD","NDI","FPC2","FPC2_NDI","WIH2.2020",1127,1127,-0.0816106391362102,"ok"
"AGDD","NDI","FPC2","FPC2_NDI","WIH2.2021",1137,1137,-0.312103079952949,"ok"
"AGDD","NDI","FPC2","FPC2_NDI","WIH3.2020",415,415,-0.278751860364601,"ok"
"AGDD","NDI","FPC2","FPC2_NDI","WIH3.2021",397,397,-0.291292435235334,"ok"
"AGDD","NDI","FPC3","FPC3_NDI","DEH1.2020",1142,1142,0.308185680445655,"ok"
"AGDD","NDI","FPC3","FPC3_NDI","IAH4.2021",1128,1128,0.170315927489288,"ok"
"AGDD","NDI","FPC3","FPC3_NDI","MIH1.2020",414,414,0.0761451319740531,"ok"
"AGDD","NDI","FPC3","FPC3_NDI","MNH1.2020",395,395,0.441173519957364,"ok"
"AGDD","NDI","FPC3","FPC3_NDI","MNH1.2021",415,415,0.297325102295263,"ok"
"AGDD","NDI","FPC3","FPC3_NDI","MOH1.2020",1006,1006,0.450822957681165,"ok"
"AGDD","NDI","FPC3","FPC3_NDI","NEH1.2021",246,246,0.0725534287479164,"ok"
"AGDD","NDI","FPC3","FPC3_NDI","TXH1.2020",246,246,0.422384942543134,"ok"
"AGDD","NDI","FPC3","FPC3_NDI","TXH1.2021",246,246,0.0943203693602347,"ok"
"AGDD","NDI","FPC3","FPC3_NDI","TXH2.2020",246,246,0.38008005295973,"ok"
"AGDD","NDI","FPC3","FPC3_NDI","TXH2.2021",246,246,0.201106826174411,"ok"
"AGDD","NDI","FPC3","FPC3_NDI","TXH3.2020",266,266,-0.0246417746028094,"ok"
"AGDD","NDI","FPC3","FPC3_NDI","TXH3.2021",245,245,0.300007671455348,"ok"
"AGDD","NDI","FPC3","FPC3_NDI","WIH1.2020",394,394,0.577907521625097,"ok"
"AGDD","NDI","FPC3","FPC3_NDI","WIH1.2021",398,398,0.165329716264204,"ok"
"AGDD","NDI","FPC3","FPC3_NDI","WIH2.2020",1127,1127,0.127555875713184,"ok"
"AGDD","NDI","FPC3","FPC3_NDI","WIH2.2021",1137,1137,0.259500526662595,"ok"
"AGDD","NDI","FPC3","FPC3_NDI","WIH3.2020",415,415,0.122134320741003,"ok"
"AGDD","NDI","FPC3","FPC3_NDI","WIH3.2021",397,397,0.407779261872569,"ok"
"AGDD","NDI","FPC4","FPC4_NDI","DEH1.2020",1142,1142,0.194697269934522,"ok"
"AGDD","NDI","FPC4","FPC4_NDI","IAH4.2021",1128,1128,0.214392142794013,"ok"
"AGDD","NDI","FPC4","FPC4_NDI","MIH1.2020",414,414,0.381572547618872,"ok"
"AGDD","NDI","FPC4","FPC4_NDI","MNH1.2020",395,395,-0.283039787281479,"ok"
"AGDD","NDI","FPC4","FPC4_NDI","MNH1.2021",415,415,-0.0571148142494671,"ok"
"AGDD","NDI","FPC4","FPC4_NDI","MOH1.2020",1006,1006,0.246041928778844,"ok"
"AGDD","NDI","FPC4","FPC4_NDI","NEH1.2021",246,246,0.360097625078902,"ok"
"AGDD","NDI","FPC4","FPC4_NDI","TXH1.2020",246,246,0.589757888732079,"ok"
"AGDD","NDI","FPC4","FPC4_NDI","TXH1.2021",246,246,0.180801476816767,"ok"
"AGDD","NDI","FPC4","FPC4_NDI","TXH2.2020",246,246,0.475552122159981,"ok"
"AGDD","NDI","FPC4","FPC4_NDI","TXH2.2021",246,246,0.0546445391057352,"ok"
"AGDD","NDI","FPC4","FPC4_NDI","TXH3.2020",266,266,0.279988350854465,"ok"
"AGDD","NDI","FPC4","FPC4_NDI","TXH3.2021",245,245,0.545586162093701,"ok"
"AGDD","NDI","FPC4","FPC4_NDI","WIH1.2020",394,394,-0.0236705275092386,"ok"
"AGDD","NDI","FPC4","FPC4_NDI","WIH1.2021",398,398,0.199210101242452,"ok"
"AGDD","NDI","FPC4","FPC4_NDI","WIH2.2020",1127,1127,0.0546545147220105,"ok"
"AGDD","NDI","FPC4","FPC4_NDI","WIH2.2021",1137,1137,-0.211182869998807,"ok"
"AGDD","NDI","FPC4","FPC4_NDI","WIH3.2020",415,415,-0.130377341676173,"ok"
"AGDD","NDI","FPC4","FPC4_NDI","WIH3.2021",397,397,0.0191869816284737,"ok"
"AGDD","NDI","FPC5","FPC5_NDI","DEH1.2020",1142,1142,0.0904640906250201,"ok"
"AGDD","NDI","FPC5","FPC5_NDI","IAH4.2021",1128,1128,0.203715425577057,"ok"
"AGDD","NDI","FPC5","FPC5_NDI","MIH1.2020",414,414,0.336578694803913,"ok"
"AGDD","NDI","FPC5","FPC5_NDI","MNH1.2020",395,395,0.240235512360716,"ok"
"AGDD","NDI","FPC5","FPC5_NDI","MNH1.2021",415,415,0.0531641447969338,"ok"
"AGDD","NDI","FPC5","FPC5_NDI","MOH1.2020",1006,1006,0.105323820284858,"ok"
"AGDD","NDI","FPC5","FPC5_NDI","NEH1.2021",246,246,0.393225666077658,"ok"
"AGDD","NDI","FPC5","FPC5_NDI","TXH1.2020",246,246,0.63525433059837,"ok"
"AGDD","NDI","FPC5","FPC5_NDI","TXH1.2021",246,246,0.092089428286837,"ok"
"AGDD","NDI","FPC5","FPC5_NDI","TXH2.2020",246,246,0.402879497538195,"ok"
"AGDD","NDI","FPC5","FPC5_NDI","TXH2.2021",246,246,0.234611461248518,"ok"
"AGDD","NDI","FPC5","FPC5_NDI","TXH3.2020",266,266,0.312860776920826,"ok"
"AGDD","NDI","FPC5","FPC5_NDI","TXH3.2021",245,245,0.556253393537682,"ok"
"AGDD","NDI","FPC5","FPC5_NDI","WIH1.2020",394,394,0.183654017536281,"ok"
"AGDD","NDI","FPC5","FPC5_NDI","WIH1.2021",398,398,0.142992798416436,"ok"
"AGDD","NDI","FPC5","FPC5_NDI","WIH2.2020",1127,1127,0.0908531016644098,"ok"
"AGDD","NDI","FPC5","FPC5_NDI","WIH2.2021",1137,1137,-0.151842583712987,"ok"
"AGDD","NDI","FPC5","FPC5_NDI","WIH3.2020",415,415,-0.0360878524765496,"ok"
"AGDD","NDI","FPC5","FPC5_NDI","WIH3.2021",397,397,-0.0368591872049336,"ok"
"AGDD","NDI","FPC6","FPC6_NDI","DEH1.2020",1142,1142,-0.410912401389057,"ok"
"AGDD","NDI","FPC6","FPC6_NDI","IAH4.2021",1128,1128,-0.00535699364503175,"ok"
"AGDD","NDI","FPC6","FPC6_NDI","MIH1.2020",414,414,0.0868781109499943,"ok"
"AGDD","NDI","FPC6","FPC6_NDI","MNH1.2020",395,395,0.434198725023058,"ok"
"AGDD","NDI","FPC6","FPC6_NDI","MNH1.2021",415,415,0.145800039803048,"ok"
"AGDD","NDI","FPC6","FPC6_NDI","MOH1.2020",1006,1006,0.106727474686082,"ok"
"AGDD","NDI","FPC6","FPC6_NDI","NEH1.2021",246,246,-0.119018788720902,"ok"
"AGDD","NDI","FPC6","FPC6_NDI","TXH1.2020",246,246,-0.121721075333592,"ok"
"AGDD","NDI","FPC6","FPC6_NDI","TXH1.2021",246,246,-0.149086232767526,"ok"
"AGDD","NDI","FPC6","FPC6_NDI","TXH2.2020",246,246,-0.291251457608547,"ok"
"AGDD","NDI","FPC6","FPC6_NDI","TXH2.2021",246,246,-0.218835916400423,"ok"
"AGDD","NDI","FPC6","FPC6_NDI","TXH3.2020",266,266,0.0459118161240011,"ok"
"AGDD","NDI","FPC6","FPC6_NDI","TXH3.2021",245,245,-0.152544602964662,"ok"
"AGDD","NDI","FPC6","FPC6_NDI","WIH1.2020",394,394,0.296036939577979,"ok"
"AGDD","NDI","FPC6","FPC6_NDI","WIH1.2021",398,398,-0.126632273516003,"ok"
"AGDD","NDI","FPC6","FPC6_NDI","WIH2.2020",1127,1127,0.0223100723133742,"ok"
"AGDD","NDI","FPC6","FPC6_NDI","WIH2.2021",1137,1137,-0.0319413512793034,"ok"
"AGDD","NDI","FPC6","FPC6_NDI","WIH3.2020",415,415,0.0329992025087502,"ok"
"AGDD","NDI","FPC6","FPC6_NDI","WIH3.2021",397,397,0.157820391682275,"ok"
"AGDD","NDI","FPC7","FPC7_NDI","DEH1.2020",1142,1142,-0.432255250007574,"ok"
"AGDD","NDI","FPC7","FPC7_NDI","IAH4.2021",1128,1128,-0.166000652332896,"ok"
"AGDD","NDI","FPC7","FPC7_NDI","MIH1.2020",414,414,-0.144667608702837,"ok"
"AGDD","NDI","FPC7","FPC7_NDI","MNH1.2020",395,395,-0.185801293804971,"ok"
"AGDD","NDI","FPC7","FPC7_NDI","MNH1.2021",415,415,-0.0631556935412776,"ok"
"AGDD","NDI","FPC7","FPC7_NDI","MOH1.2020",1006,1006,-0.148078765554122,"ok"
"AGDD","NDI","FPC7","FPC7_NDI","NEH1.2021",246,246,-0.354832902165782,"ok"
"AGDD","NDI","FPC7","FPC7_NDI","TXH1.2020",246,246,-0.497419156685753,"ok"
"AGDD","NDI","FPC7","FPC7_NDI","TXH1.2021",246,246,-0.0691249861765681,"ok"
"AGDD","NDI","FPC7","FPC7_NDI","TXH2.2020",246,246,-0.413612446289535,"ok"
"AGDD","NDI","FPC7","FPC7_NDI","TXH2.2021",246,246,-0.334615432420972,"ok"
"AGDD","NDI","FPC7","FPC7_NDI","TXH3.2020",266,266,0.00871992246809859,"ok"
"AGDD","NDI","FPC7","FPC7_NDI","TXH3.2021",245,245,-0.327373123193389,"ok"
"AGDD","NDI","FPC7","FPC7_NDI","WIH1.2020",394,394,0.0767660758202494,"ok"
"AGDD","NDI","FPC7","FPC7_NDI","WIH1.2021",398,398,-0.134435547435145,"ok"
"AGDD","NDI","FPC7","FPC7_NDI","WIH2.2020",1127,1127,-0.0167320963518772,"ok"
"AGDD","NDI","FPC7","FPC7_NDI","WIH2.2021",1137,1137,-0.222207664275996,"ok"
"AGDD","NDI","FPC7","FPC7_NDI","WIH3.2020",415,415,-0.00252061879343853,"ok"
"AGDD","NDI","FPC7","FPC7_NDI","WIH3.2021",397,397,0.0481133126777182,"ok"
"AGDD","NDRBI","FPC1","FPC1_NDRBI","DEH1.2020",1142,1142,-0.197675741141522,"ok"
"AGDD","NDRBI","FPC1","FPC1_NDRBI","IAH4.2021",1128,1128,-0.291368703556913,"ok"
"AGDD","NDRBI","FPC1","FPC1_NDRBI","MIH1.2020",414,414,-0.159228868855935,"ok"
"AGDD","NDRBI","FPC1","FPC1_NDRBI","MNH1.2020",395,395,0.159737658551196,"ok"
"AGDD","NDRBI","FPC1","FPC1_NDRBI","MNH1.2021",415,415,0.0341549463637888,"ok"
"AGDD","NDRBI","FPC1","FPC1_NDRBI","MOH1.2020",1006,1006,-0.106832986355491,"ok"
"AGDD","NDRBI","FPC1","FPC1_NDRBI","NEH1.2021",246,246,-0.14213254763027,"ok"
"AGDD","NDRBI","FPC1","FPC1_NDRBI","TXH1.2020",246,246,-0.423831474777288,"ok"
"AGDD","NDRBI","FPC1","FPC1_NDRBI","TXH1.2021",246,246,-0.0111721452519344,"ok"
"AGDD","NDRBI","FPC1","FPC1_NDRBI","TXH2.2020",246,246,-0.201694085361236,"ok"
"AGDD","NDRBI","FPC1","FPC1_NDRBI","TXH2.2021",246,246,-0.331874479874725,"ok"
"AGDD","NDRBI","FPC1","FPC1_NDRBI","TXH3.2020",266,266,-0.0534593422421271,"ok"
"AGDD","NDRBI","FPC1","FPC1_NDRBI","TXH3.2021",245,245,-0.454197262752901,"ok"
"AGDD","NDRBI","FPC1","FPC1_NDRBI","WIH1.2020",394,394,-0.129976326275068,"ok"
"AGDD","NDRBI","FPC1","FPC1_NDRBI","WIH1.2021",398,398,0.119538157018766,"ok"
"AGDD","NDRBI","FPC1","FPC1_NDRBI","WIH2.2020",1127,1127,-0.0577211020059123,"ok"
"AGDD","NDRBI","FPC1","FPC1_NDRBI","WIH2.2021",1137,1137,0.132094162528842,"ok"
"AGDD","NDRBI","FPC1","FPC1_NDRBI","WIH3.2020",415,415,-0.0011857787058846,"ok"
"AGDD","NDRBI","FPC1","FPC1_NDRBI","WIH3.2021",397,397,-0.231719496683308,"ok"
"AGDD","NDRBI","FPC2","FPC2_NDRBI","DEH1.2020",1142,1142,0.257711356788837,"ok"
"AGDD","NDRBI","FPC2","FPC2_NDRBI","IAH4.2021",1128,1128,0.0987017774723749,"ok"
"AGDD","NDRBI","FPC2","FPC2_NDRBI","MIH1.2020",414,414,-0.124362580767333,"ok"
"AGDD","NDRBI","FPC2","FPC2_NDRBI","MNH1.2020",395,395,-0.117624174134435,"ok"
"AGDD","NDRBI","FPC2","FPC2_NDRBI","MNH1.2021",415,415,-0.0103805950739747,"ok"
"AGDD","NDRBI","FPC2","FPC2_NDRBI","MOH1.2020",1006,1006,-0.117024804762195,"ok"
"AGDD","NDRBI","FPC2","FPC2_NDRBI","NEH1.2021",246,246,-0.0149533711323957,"ok"
"AGDD","NDRBI","FPC2","FPC2_NDRBI","TXH1.2020",246,246,0.179855008349551,"ok"
"AGDD","NDRBI","FPC2","FPC2_NDRBI","TXH1.2021",246,246,0.277046669057328,"ok"
"AGDD","NDRBI","FPC2","FPC2_NDRBI","TXH2.2020",246,246,0.183273496314002,"ok"
"AGDD","NDRBI","FPC2","FPC2_NDRBI","TXH2.2021",246,246,0.165784568932472,"ok"
"AGDD","NDRBI","FPC2","FPC2_NDRBI","TXH3.2020",266,266,0.0562344142683329,"ok"
"AGDD","NDRBI","FPC2","FPC2_NDRBI","TXH3.2021",245,245,0.409473441588376,"ok"
"AGDD","NDRBI","FPC2","FPC2_NDRBI","WIH1.2020",394,394,0.193556647981611,"ok"
"AGDD","NDRBI","FPC2","FPC2_NDRBI","WIH1.2021",398,398,0.19173263644978,"ok"
"AGDD","NDRBI","FPC2","FPC2_NDRBI","WIH2.2020",1127,1127,0.0334278044324852,"ok"
"AGDD","NDRBI","FPC2","FPC2_NDRBI","WIH2.2021",1137,1137,0.23675450719387,"ok"
"AGDD","NDRBI","FPC2","FPC2_NDRBI","WIH3.2020",415,415,0.12118048496633,"ok"
"AGDD","NDRBI","FPC2","FPC2_NDRBI","WIH3.2021",397,397,-0.0181979992303996,"ok"
"AGDD","NDRBI","FPC3","FPC3_NDRBI","DEH1.2020",1142,1142,-0.118703358523087,"ok"
"AGDD","NDRBI","FPC3","FPC3_NDRBI","IAH4.2021",1128,1128,-0.144659620759454,"ok"
"AGDD","NDRBI","FPC3","FPC3_NDRBI","MIH1.2020",414,414,0.0997792045799564,"ok"
"AGDD","NDRBI","FPC3","FPC3_NDRBI","MNH1.2020",395,395,0.0456973077789599,"ok"
"AGDD","NDRBI","FPC3","FPC3_NDRBI","MNH1.2021",415,415,-0.00732145299239648,"ok"
"AGDD","NDRBI","FPC3","FPC3_NDRBI","MOH1.2020",1006,1006,0.00448751404625527,"ok"
"AGDD","NDRBI","FPC3","FPC3_NDRBI","NEH1.2021",246,246,-0.290766739023857,"ok"
"AGDD","NDRBI","FPC3","FPC3_NDRBI","TXH1.2020",246,246,-0.425595231002908,"ok"
"AGDD","NDRBI","FPC3","FPC3_NDRBI","TXH1.2021",246,246,-0.108307225336421,"ok"
"AGDD","NDRBI","FPC3","FPC3_NDRBI","TXH2.2020",246,246,-0.262247457254571,"ok"
"AGDD","NDRBI","FPC3","FPC3_NDRBI","TXH2.2021",246,246,-0.169564366509453,"ok"
"AGDD","NDRBI","FPC3","FPC3_NDRBI","TXH3.2020",266,266,0.0856467123779791,"ok"
"AGDD","NDRBI","FPC3","FPC3_NDRBI","TXH3.2021",245,245,-0.472044054900844,"ok"
"AGDD","NDRBI","FPC3","FPC3_NDRBI","WIH1.2020",394,394,0.02928119820173,"ok"
"AGDD","NDRBI","FPC3","FPC3_NDRBI","WIH1.2021",398,398,-0.141059836293564,"ok"
"AGDD","NDRBI","FPC3","FPC3_NDRBI","WIH2.2020",1127,1127,-0.0513556014085298,"ok"
"AGDD","NDRBI","FPC3","FPC3_NDRBI","WIH2.2021",1137,1137,-0.130578527565212,"ok"
"AGDD","NDRBI","FPC3","FPC3_NDRBI","WIH3.2020",415,415,0.00614117967108411,"ok"
"AGDD","NDRBI","FPC3","FPC3_NDRBI","WIH3.2021",397,397,0.108247616065836,"ok"
"AGDD","NDRBI","FPC4","FPC4_NDRBI","DEH1.2020",1142,1142,-0.108782045683282,"ok"
"AGDD","NDRBI","FPC4","FPC4_NDRBI","IAH4.2021",1128,1128,-0.0842829360011387,"ok"
"AGDD","NDRBI","FPC4","FPC4_NDRBI","MIH1.2020",414,414,0.0911051410125881,"ok"
"AGDD","NDRBI","FPC4","FPC4_NDRBI","MNH1.2020",395,395,-0.121606281450263,"ok"
"AGDD","NDRBI","FPC4","FPC4_NDRBI","MNH1.2021",415,415,-0.0339612685138918,"ok"
"AGDD","NDRBI","FPC4","FPC4_NDRBI","MOH1.2020",1006,1006,-0.109755853916104,"ok"
"AGDD","NDRBI","FPC4","FPC4_NDRBI","NEH1.2021",246,246,0.178326751015213,"ok"
"AGDD","NDRBI","FPC4","FPC4_NDRBI","TXH1.2020",246,246,0.141088803621395,"ok"
"AGDD","NDRBI","FPC4","FPC4_NDRBI","TXH1.2021",246,246,0.243622312035157,"ok"
"AGDD","NDRBI","FPC4","FPC4_NDRBI","TXH2.2020",246,246,-0.0839360593644662,"ok"
"AGDD","NDRBI","FPC4","FPC4_NDRBI","TXH2.2021",246,246,-0.0351380907505485,"ok"
"AGDD","NDRBI","FPC4","FPC4_NDRBI","TXH3.2020",266,266,0.184912617880659,"ok"
"AGDD","NDRBI","FPC4","FPC4_NDRBI","TXH3.2021",245,245,0.52662661001156,"ok"
"AGDD","NDRBI","FPC4","FPC4_NDRBI","WIH1.2020",394,394,-0.02410312217042,"ok"
"AGDD","NDRBI","FPC4","FPC4_NDRBI","WIH1.2021",398,398,0.0912786981500821,"ok"
"AGDD","NDRBI","FPC4","FPC4_NDRBI","WIH2.2020",1127,1127,0.0116468093828399,"ok"
"AGDD","NDRBI","FPC4","FPC4_NDRBI","WIH2.2021",1137,1137,0.0868932278234751,"ok"
"AGDD","NDRBI","FPC4","FPC4_NDRBI","WIH3.2020",415,415,-0.11620316939582,"ok"
"AGDD","NDRBI","FPC4","FPC4_NDRBI","WIH3.2021",397,397,-0.145038009175942,"ok"
"AGDD","NDRBI","FPC5","FPC5_NDRBI","DEH1.2020",1142,1142,0.0437711897097984,"ok"
"AGDD","NDRBI","FPC5","FPC5_NDRBI","IAH4.2021",1128,1128,-0.184126817201106,"ok"
"AGDD","NDRBI","FPC5","FPC5_NDRBI","MIH1.2020",414,414,0.066742272866884,"ok"
"AGDD","NDRBI","FPC5","FPC5_NDRBI","MNH1.2020",395,395,0.176415414847031,"ok"
"AGDD","NDRBI","FPC5","FPC5_NDRBI","MNH1.2021",415,415,0.103022408175256,"ok"
"AGDD","NDRBI","FPC5","FPC5_NDRBI","MOH1.2020",1006,1006,-0.0935055664951701,"ok"
"AGDD","NDRBI","FPC5","FPC5_NDRBI","NEH1.2021",246,246,-0.339958167028593,"ok"
"AGDD","NDRBI","FPC5","FPC5_NDRBI","TXH1.2020",246,246,-0.431724556037438,"ok"
"AGDD","NDRBI","FPC5","FPC5_NDRBI","TXH1.2021",246,246,-0.205768549363979,"ok"
"AGDD","NDRBI","FPC5","FPC5_NDRBI","TXH2.2020",246,246,-0.235614429242159,"ok"
"AGDD","NDRBI","FPC5","FPC5_NDRBI","TXH2.2021",246,246,-0.349540754378691,"ok"
"AGDD","NDRBI","FPC5","FPC5_NDRBI","TXH3.2020",266,266,0.0742602957495268,"ok"
"AGDD","NDRBI","FPC5","FPC5_NDRBI","TXH3.2021",245,245,-0.490251486827175,"ok"
"AGDD","NDRBI","FPC5","FPC5_NDRBI","WIH1.2020",394,394,0.094202556695996,"ok"
"AGDD","NDRBI","FPC5","FPC5_NDRBI","WIH1.2021",398,398,-0.0211281567572022,"ok"
"AGDD","NDRBI","FPC5","FPC5_NDRBI","WIH2.2020",1127,1127,0.0470353036494447,"ok"
"AGDD","NDRBI","FPC5","FPC5_NDRBI","WIH2.2021",1137,1137,0.0363453497400308,"ok"
"AGDD","NDRBI","FPC5","FPC5_NDRBI","WIH3.2020",415,415,0.100266905160085,"ok"
"AGDD","NDRBI","FPC5","FPC5_NDRBI","WIH3.2021",397,397,-0.173023994324524,"ok"
"AGDD","NDRBI","FPC6","FPC6_NDRBI","DEH1.2020",1142,1142,0.00816356004619572,"ok"
"AGDD","NDRBI","FPC6","FPC6_NDRBI","IAH4.2021",1128,1128,-0.165624520345957,"ok"
"AGDD","NDRBI","FPC6","FPC6_NDRBI","MIH1.2020",414,414,-0.0350664222531614,"ok"
"AGDD","NDRBI","FPC6","FPC6_NDRBI","MNH1.2020",395,395,-0.10282920073431,"ok"
"AGDD","NDRBI","FPC6","FPC6_NDRBI","MNH1.2021",415,415,-0.0429162929764347,"ok"
"AGDD","NDRBI","FPC6","FPC6_NDRBI","MOH1.2020",1006,1006,-0.129161716788396,"ok"
"AGDD","NDRBI","FPC6","FPC6_NDRBI","NEH1.2021",246,246,-0.355237919107532,"ok"
"AGDD","NDRBI","FPC6","FPC6_NDRBI","TXH1.2020",246,246,-0.129896273273441,"ok"
"AGDD","NDRBI","FPC6","FPC6_NDRBI","TXH1.2021",246,246,0.0919523789569487,"ok"
"AGDD","NDRBI","FPC6","FPC6_NDRBI","TXH2.2020",246,246,-0.0955837860566318,"ok"
"AGDD","NDRBI","FPC6","FPC6_NDRBI","TXH2.2021",246,246,-0.190597051710071,"ok"
"AGDD","NDRBI","FPC6","FPC6_NDRBI","TXH3.2020",266,266,0.0800686045581029,"ok"
"AGDD","NDRBI","FPC6","FPC6_NDRBI","TXH3.2021",245,245,0.460441802314193,"ok"
"AGDD","NDRBI","FPC6","FPC6_NDRBI","WIH1.2020",394,394,0.257806233244328,"ok"
"AGDD","NDRBI","FPC6","FPC6_NDRBI","WIH1.2021",398,398,-0.0422723577035741,"ok"
"AGDD","NDRBI","FPC6","FPC6_NDRBI","WIH2.2020",1127,1127,-0.0115429959081285,"ok"
"AGDD","NDRBI","FPC6","FPC6_NDRBI","WIH2.2021",1137,1137,0.106577199834302,"ok"
"AGDD","NDRBI","FPC6","FPC6_NDRBI","WIH3.2020",415,415,-0.00139127673638399,"ok"
"AGDD","NDRBI","FPC6","FPC6_NDRBI","WIH3.2021",397,397,0.0223127459958077,"ok"
"AGDD","NDRBI","FPC7","FPC7_NDRBI","DEH1.2020",1142,1142,-0.131866886253388,"ok"
"AGDD","NDRBI","FPC7","FPC7_NDRBI","IAH4.2021",1128,1128,-0.0682054343234839,"ok"
"AGDD","NDRBI","FPC7","FPC7_NDRBI","MIH1.2020",414,414,-0.0178289416577339,"ok"
"AGDD","NDRBI","FPC7","FPC7_NDRBI","MNH1.2020",395,395,-0.212576071557903,"ok"
"AGDD","NDRBI","FPC7","FPC7_NDRBI","MNH1.2021",415,415,-0.0500649997723245,"ok"
"AGDD","NDRBI","FPC7","FPC7_NDRBI","MOH1.2020",1006,1006,0.0538185662116457,"ok"
"AGDD","NDRBI","FPC7","FPC7_NDRBI","NEH1.2021",246,246,-0.352684933383653,"ok"
"AGDD","NDRBI","FPC7","FPC7_NDRBI","TXH1.2020",246,246,-0.0696022769451841,"ok"
"AGDD","NDRBI","FPC7","FPC7_NDRBI","TXH1.2021",246,246,0.218768012271652,"ok"
"AGDD","NDRBI","FPC7","FPC7_NDRBI","TXH2.2020",246,246,-0.13748730081518,"ok"
"AGDD","NDRBI","FPC7","FPC7_NDRBI","TXH2.2021",246,246,0.0383532817695681,"ok"
"AGDD","NDRBI","FPC7","FPC7_NDRBI","TXH3.2020",266,266,0.0392377449070461,"ok"
"AGDD","NDRBI","FPC7","FPC7_NDRBI","TXH3.2021",245,245,0.471450518753799,"ok"
"AGDD","NDRBI","FPC7","FPC7_NDRBI","WIH1.2020",394,394,0.22629326852637,"ok"
"AGDD","NDRBI","FPC7","FPC7_NDRBI","WIH1.2021",398,398,-0.0505309510857628,"ok"
"AGDD","NDRBI","FPC7","FPC7_NDRBI","WIH2.2020",1127,1127,0.0971559485608707,"ok"
"AGDD","NDRBI","FPC7","FPC7_NDRBI","WIH2.2021",1137,1137,0.0665451535356662,"ok"
"AGDD","NDRBI","FPC7","FPC7_NDRBI","WIH3.2020",415,415,0.129383318473341,"ok"
"AGDD","NDRBI","FPC7","FPC7_NDRBI","WIH3.2021",397,397,0.0182084013033812,"ok"
"AGDD","NGBDI","FPC1","FPC1_NGBDI","DEH1.2020",1142,1142,-0.137921484671441,"ok"
"AGDD","NGBDI","FPC1","FPC1_NGBDI","IAH4.2021",1128,1128,0.0726315273034174,"ok"
"AGDD","NGBDI","FPC1","FPC1_NGBDI","MIH1.2020",414,414,0.131042720525646,"ok"
"AGDD","NGBDI","FPC1","FPC1_NGBDI","MNH1.2020",395,395,0.202251912495317,"ok"
"AGDD","NGBDI","FPC1","FPC1_NGBDI","MNH1.2021",415,415,-0.00215360877764218,"ok"
"AGDD","NGBDI","FPC1","FPC1_NGBDI","MOH1.2020",1006,1006,0.253857104441325,"ok"
"AGDD","NGBDI","FPC1","FPC1_NGBDI","NEH1.2021",246,246,-0.00385657379641219,"ok"
"AGDD","NGBDI","FPC1","FPC1_NGBDI","TXH1.2020",246,246,-0.0655294819537492,"ok"
"AGDD","NGBDI","FPC1","FPC1_NGBDI","TXH1.2021",246,246,0.14886151558339,"ok"
"AGDD","NGBDI","FPC1","FPC1_NGBDI","TXH2.2020",246,246,-0.0225093541843205,"ok"
"AGDD","NGBDI","FPC1","FPC1_NGBDI","TXH2.2021",246,246,-0.291071061719167,"ok"
"AGDD","NGBDI","FPC1","FPC1_NGBDI","TXH3.2020",266,266,-0.0195719577226305,"ok"
"AGDD","NGBDI","FPC1","FPC1_NGBDI","TXH3.2021",245,245,0.243838445336241,"ok"
"AGDD","NGBDI","FPC1","FPC1_NGBDI","WIH1.2020",394,394,0.131536763039444,"ok"
"AGDD","NGBDI","FPC1","FPC1_NGBDI","WIH1.2021",398,398,0.0748791410014204,"ok"
"AGDD","NGBDI","FPC1","FPC1_NGBDI","WIH2.2020",1127,1127,0.0213330712790994,"ok"
"AGDD","NGBDI","FPC1","FPC1_NGBDI","WIH2.2021",1137,1137,0.0113363364030553,"ok"
"AGDD","NGBDI","FPC1","FPC1_NGBDI","WIH3.2020",415,415,-0.0080459518617614,"ok"
"AGDD","NGBDI","FPC1","FPC1_NGBDI","WIH3.2021",397,397,0.0473905647878391,"ok"
"AGDD","NGBDI","FPC2","FPC2_NGBDI","DEH1.2020",1142,1142,-0.249200973652311,"ok"
"AGDD","NGBDI","FPC2","FPC2_NGBDI","IAH4.2021",1128,1128,-0.0964546770444688,"ok"
"AGDD","NGBDI","FPC2","FPC2_NGBDI","MIH1.2020",414,414,-0.0643146266263332,"ok"
"AGDD","NGBDI","FPC2","FPC2_NGBDI","MNH1.2020",395,395,0.349463533041666,"ok"
"AGDD","NGBDI","FPC2","FPC2_NGBDI","MNH1.2021",415,415,0.196205691751002,"ok"
"AGDD","NGBDI","FPC2","FPC2_NGBDI","MOH1.2020",1006,1006,0.277687299179973,"ok"
"AGDD","NGBDI","FPC2","FPC2_NGBDI","NEH1.2021",246,246,0.0291350098018363,"ok"
"AGDD","NGBDI","FPC2","FPC2_NGBDI","TXH1.2020",246,246,0.319269317858637,"ok"
"AGDD","NGBDI","FPC2","FPC2_NGBDI","TXH1.2021",246,246,-0.233968714157492,"ok"
"AGDD","NGBDI","FPC2","FPC2_NGBDI","TXH2.2020",246,246,0.0341794142077097,"ok"
"AGDD","NGBDI","FPC2","FPC2_NGBDI","TXH2.2021",246,246,0.3070234466617,"ok"
"AGDD","NGBDI","FPC2","FPC2_NGBDI","TXH3.2020",266,266,-0.0929695883282111,"ok"
"AGDD","NGBDI","FPC2","FPC2_NGBDI","TXH3.2021",245,245,-0.262382356611559,"ok"
"AGDD","NGBDI","FPC2","FPC2_NGBDI","WIH1.2020",394,394,0.171814916306387,"ok"
"AGDD","NGBDI","FPC2","FPC2_NGBDI","WIH1.2021",398,398,0.0632906352348114,"ok"
"AGDD","NGBDI","FPC2","FPC2_NGBDI","WIH2.2020",1127,1127,0.0767290030556871,"ok"
"AGDD","NGBDI","FPC2","FPC2_NGBDI","WIH2.2021",1137,1137,0.0218017684569508,"ok"
"AGDD","NGBDI","FPC2","FPC2_NGBDI","WIH3.2020",415,415,-0.0398433849906151,"ok"
"AGDD","NGBDI","FPC2","FPC2_NGBDI","WIH3.2021",397,397,0.26254403063958,"ok"
"AGDD","NGBDI","FPC3","FPC3_NGBDI","DEH1.2020",1142,1142,-0.173225686138171,"ok"
"AGDD","NGBDI","FPC3","FPC3_NGBDI","IAH4.2021",1128,1128,-0.0408957824039007,"ok"
"AGDD","NGBDI","FPC3","FPC3_NGBDI","MIH1.2020",414,414,0.260659286783849,"ok"
"AGDD","NGBDI","FPC3","FPC3_NGBDI","MNH1.2020",395,395,0.370040313636167,"ok"
"AGDD","NGBDI","FPC3","FPC3_NGBDI","MNH1.2021",415,415,0.191274308445898,"ok"
"AGDD","NGBDI","FPC3","FPC3_NGBDI","MOH1.2020",1006,1006,0.123347668883718,"ok"
"AGDD","NGBDI","FPC3","FPC3_NGBDI","NEH1.2021",246,246,0.0235771485138447,"ok"
"AGDD","NGBDI","FPC3","FPC3_NGBDI","TXH1.2020",246,246,0.251326746368345,"ok"
"AGDD","NGBDI","FPC3","FPC3_NGBDI","TXH1.2021",246,246,0.00337596925152096,"ok"
"AGDD","NGBDI","FPC3","FPC3_NGBDI","TXH2.2020",246,246,0.144723490399105,"ok"
"AGDD","NGBDI","FPC3","FPC3_NGBDI","TXH2.2021",246,246,-0.241555942672664,"ok"
"AGDD","NGBDI","FPC3","FPC3_NGBDI","TXH3.2020",266,266,0.12936032948096,"ok"
"AGDD","NGBDI","FPC3","FPC3_NGBDI","TXH3.2021",245,245,0.0289258895016835,"ok"
"AGDD","NGBDI","FPC3","FPC3_NGBDI","WIH1.2020",394,394,0.247173587726213,"ok"
"AGDD","NGBDI","FPC3","FPC3_NGBDI","WIH1.2021",398,398,0.274002882346281,"ok"
"AGDD","NGBDI","FPC3","FPC3_NGBDI","WIH2.2020",1127,1127,0.0881109301920051,"ok"
"AGDD","NGBDI","FPC3","FPC3_NGBDI","WIH2.2021",1137,1137,0.0165472867674282,"ok"
"AGDD","NGBDI","FPC3","FPC3_NGBDI","WIH3.2020",415,415,-0.046400235877693,"ok"
"AGDD","NGBDI","FPC3","FPC3_NGBDI","WIH3.2021",397,397,0.0963792373549386,"ok"
"AGDD","NGBDI","FPC4","FPC4_NGBDI","DEH1.2020",1142,1142,0.161380850707668,"ok"
"AGDD","NGBDI","FPC4","FPC4_NGBDI","IAH4.2021",1128,1128,-0.136826833999596,"ok"
"AGDD","NGBDI","FPC4","FPC4_NGBDI","MIH1.2020",414,414,-0.0280830339285391,"ok"
"AGDD","NGBDI","FPC4","FPC4_NGBDI","MNH1.2020",395,395,-0.310663540340913,"ok"
"AGDD","NGBDI","FPC4","FPC4_NGBDI","MNH1.2021",415,415,-0.0999639584703686,"ok"
"AGDD","NGBDI","FPC4","FPC4_NGBDI","MOH1.2020",1006,1006,-0.155056425971516,"ok"
"AGDD","NGBDI","FPC4","FPC4_NGBDI","NEH1.2021",246,246,-0.0115718831867326,"ok"
"AGDD","NGBDI","FPC4","FPC4_NGBDI","TXH1.2020",246,246,-0.0308963044795859,"ok"
"AGDD","NGBDI","FPC4","FPC4_NGBDI","TXH1.2021",246,246,0.176419754838039,"ok"
"AGDD","NGBDI","FPC4","FPC4_NGBDI","TXH2.2020",246,246,0.149053340147886,"ok"
"AGDD","NGBDI","FPC4","FPC4_NGBDI","TXH2.2021",246,246,-0.240130150943757,"ok"
"AGDD","NGBDI","FPC4","FPC4_NGBDI","TXH3.2020",266,266,0.198102914415909,"ok"
"AGDD","NGBDI","FPC4","FPC4_NGBDI","TXH3.2021",245,245,0.297518368715644,"ok"
"AGDD","NGBDI","FPC4","FPC4_NGBDI","WIH1.2020",394,394,-0.170523732858096,"ok"
"AGDD","NGBDI","FPC4","FPC4_NGBDI","WIH1.2021",398,398,0.113828015032881,"ok"
"AGDD","NGBDI","FPC4","FPC4_NGBDI","WIH2.2020",1127,1127,-0.0435441534178819,"ok"
"AGDD","NGBDI","FPC4","FPC4_NGBDI","WIH2.2021",1137,1137,0.00430022751714004,"ok"
"AGDD","NGBDI","FPC4","FPC4_NGBDI","WIH3.2020",415,415,0.039439663802268,"ok"
"AGDD","NGBDI","FPC4","FPC4_NGBDI","WIH3.2021",397,397,-0.212730467726804,"ok"
"AGDD","NGBDI","FPC5","FPC5_NGBDI","DEH1.2020",1142,1142,-0.360267814936175,"ok"
"AGDD","NGBDI","FPC5","FPC5_NGBDI","IAH4.2021",1128,1128,-0.0355129633828284,"ok"
"AGDD","NGBDI","FPC5","FPC5_NGBDI","MIH1.2020",414,414,0.182538140094491,"ok"
"AGDD","NGBDI","FPC5","FPC5_NGBDI","MNH1.2020",395,395,0.348325643753882,"ok"
"AGDD","NGBDI","FPC5","FPC5_NGBDI","MNH1.2021",415,415,0.174605540005977,"ok"
"AGDD","NGBDI","FPC5","FPC5_NGBDI","MOH1.2020",1006,1006,0.222423331674289,"ok"
"AGDD","NGBDI","FPC5","FPC5_NGBDI","NEH1.2021",246,246,-0.0546380797017639,"ok"
"AGDD","NGBDI","FPC5","FPC5_NGBDI","TXH1.2020",246,246,-0.283287462204278,"ok"
"AGDD","NGBDI","FPC5","FPC5_NGBDI","TXH1.2021",246,246,-0.215443189952744,"ok"
"AGDD","NGBDI","FPC5","FPC5_NGBDI","TXH2.2020",246,246,-0.0556679271553919,"ok"
"AGDD","NGBDI","FPC5","FPC5_NGBDI","TXH2.2021",246,246,0.273579479803117,"ok"
"AGDD","NGBDI","FPC5","FPC5_NGBDI","TXH3.2020",266,266,0.040333018196699,"ok"
"AGDD","NGBDI","FPC5","FPC5_NGBDI","TXH3.2021",245,245,-0.0680998566142917,"ok"
"AGDD","NGBDI","FPC5","FPC5_NGBDI","WIH1.2020",394,394,0.0912870669247111,"ok"
"AGDD","NGBDI","FPC5","FPC5_NGBDI","WIH1.2021",398,398,-0.0951660573544396,"ok"
"AGDD","NGBDI","FPC5","FPC5_NGBDI","WIH2.2020",1127,1127,0.0344361977018133,"ok"
"AGDD","NGBDI","FPC5","FPC5_NGBDI","WIH2.2021",1137,1137,-0.0720472213026757,"ok"
"AGDD","NGBDI","FPC5","FPC5_NGBDI","WIH3.2020",415,415,-0.0490007899275276,"ok"
"AGDD","NGBDI","FPC5","FPC5_NGBDI","WIH3.2021",397,397,0.131835787047793,"ok"
"AGDD","NGBDI","FPC6","FPC6_NGBDI","DEH1.2020",1142,1142,0.121559678762141,"ok"
"AGDD","NGBDI","FPC6","FPC6_NGBDI","IAH4.2021",1128,1128,-0.121439440363033,"ok"
"AGDD","NGBDI","FPC6","FPC6_NGBDI","MIH1.2020",414,414,0.105285576467582,"ok"
"AGDD","NGBDI","FPC6","FPC6_NGBDI","MNH1.2020",395,395,-0.21348709818932,"ok"
"AGDD","NGBDI","FPC6","FPC6_NGBDI","MNH1.2021",415,415,-0.067991149574289,"ok"
"AGDD","NGBDI","FPC6","FPC6_NGBDI","MOH1.2020",1006,1006,0.0408260660872853,"ok"
"AGDD","NGBDI","FPC6","FPC6_NGBDI","NEH1.2021",246,246,0.0677062022618368,"ok"
"AGDD","NGBDI","FPC6","FPC6_NGBDI","TXH1.2020",246,246,0.0952017549775787,"ok"
"AGDD","NGBDI","FPC6","FPC6_NGBDI","TXH1.2021",246,246,0.0619696534329515,"ok"
"AGDD","NGBDI","FPC6","FPC6_NGBDI","TXH2.2020",246,246,0.316606726568159,"ok"
"AGDD","NGBDI","FPC6","FPC6_NGBDI","TXH2.2021",246,246,-0.0846839308257713,"ok"
"AGDD","NGBDI","FPC6","FPC6_NGBDI","TXH3.2020",266,266,0.247906995177169,"ok"
"AGDD","NGBDI","FPC6","FPC6_NGBDI","TXH3.2021",245,245,0.16549333377273,"ok"
"AGDD","NGBDI","FPC6","FPC6_NGBDI","WIH1.2020",394,394,-0.125513648781799,"ok"
"AGDD","NGBDI","FPC6","FPC6_NGBDI","WIH1.2021",398,398,0.0534101489285202,"ok"
"AGDD","NGBDI","FPC6","FPC6_NGBDI","WIH2.2020",1127,1127,0.0432280672920221,"ok"
"AGDD","NGBDI","FPC6","FPC6_NGBDI","WIH2.2021",1137,1137,-0.0434287777991034,"ok"
"AGDD","NGBDI","FPC6","FPC6_NGBDI","WIH3.2020",415,415,-0.00743759931064211,"ok"
"AGDD","NGBDI","FPC6","FPC6_NGBDI","WIH3.2021",397,397,-0.17942691227149,"ok"
"AGDD","NGBDI","FPC7","FPC7_NGBDI","DEH1.2020",1142,1142,-0.115954285387701,"ok"
"AGDD","NGBDI","FPC7","FPC7_NGBDI","IAH4.2021",1128,1128,0.0434774011392107,"ok"
"AGDD","NGBDI","FPC7","FPC7_NGBDI","MIH1.2020",414,414,0.248737321394089,"ok"
"AGDD","NGBDI","FPC7","FPC7_NGBDI","MNH1.2020",395,395,0.174021552585776,"ok"
"AGDD","NGBDI","FPC7","FPC7_NGBDI","MNH1.2021",415,415,0.126483620882753,"ok"
"AGDD","NGBDI","FPC7","FPC7_NGBDI","MOH1.2020",1006,1006,-0.037232479430031,"ok"
"AGDD","NGBDI","FPC7","FPC7_NGBDI","NEH1.2021",246,246,0.0360437008261432,"ok"
"AGDD","NGBDI","FPC7","FPC7_NGBDI","TXH1.2020",246,246,-0.011951133248466,"ok"
"AGDD","NGBDI","FPC7","FPC7_NGBDI","TXH1.2021",246,246,-0.00662764110445835,"ok"
"AGDD","NGBDI","FPC7","FPC7_NGBDI","TXH2.2020",246,246,0.0966529112792194,"ok"
"AGDD","NGBDI","FPC7","FPC7_NGBDI","TXH2.2021",246,246,0.107564049273516,"ok"
"AGDD","NGBDI","FPC7","FPC7_NGBDI","TXH3.2020",266,266,0.101847221908233,"ok"
"AGDD","NGBDI","FPC7","FPC7_NGBDI","TXH3.2021",245,245,0.0751164509851092,"ok"
"AGDD","NGBDI","FPC7","FPC7_NGBDI","WIH1.2020",394,394,0.104053609514516,"ok"
"AGDD","NGBDI","FPC7","FPC7_NGBDI","WIH1.2021",398,398,-0.0435988483296589,"ok"
"AGDD","NGBDI","FPC7","FPC7_NGBDI","WIH2.2020",1127,1127,-0.00578071436894998,"ok"
"AGDD","NGBDI","FPC7","FPC7_NGBDI","WIH2.2021",1137,1137,-0.0332027412958135,"ok"
"AGDD","NGBDI","FPC7","FPC7_NGBDI","WIH3.2020",415,415,-0.0067761811051991,"ok"
"AGDD","NGBDI","FPC7","FPC7_NGBDI","WIH3.2021",397,397,0.0114003601834213,"ok"
"AGDD","NGRDI","FPC1","FPC1_NGRDI","DEH1.2020",1142,1142,-0.300452392550095,"ok"
"AGDD","NGRDI","FPC1","FPC1_NGRDI","IAH4.2021",1128,1128,0.114325128219317,"ok"
"AGDD","NGRDI","FPC1","FPC1_NGRDI","MIH1.2020",414,414,0.271706746555877,"ok"
"AGDD","NGRDI","FPC1","FPC1_NGRDI","MNH1.2020",395,395,-0.0394350673235649,"ok"
"AGDD","NGRDI","FPC1","FPC1_NGRDI","MNH1.2021",415,415,0.0959589976492389,"ok"
"AGDD","NGRDI","FPC1","FPC1_NGRDI","MOH1.2020",1006,1006,0.304360210265731,"ok"
"AGDD","NGRDI","FPC1","FPC1_NGRDI","NEH1.2021",246,246,0.0203329911631252,"ok"
"AGDD","NGRDI","FPC1","FPC1_NGRDI","TXH1.2020",246,246,0.621218613890532,"ok"
"AGDD","NGRDI","FPC1","FPC1_NGRDI","TXH1.2021",246,246,-0.0611202970524351,"ok"
"AGDD","NGRDI","FPC1","FPC1_NGRDI","TXH2.2020",246,246,0.379591603541694,"ok"
"AGDD","NGRDI","FPC1","FPC1_NGRDI","TXH2.2021",246,246,0.33785368944235,"ok"
"AGDD","NGRDI","FPC1","FPC1_NGRDI","TXH3.2020",266,266,0.219817930387768,"ok"
"AGDD","NGRDI","FPC1","FPC1_NGRDI","TXH3.2021",245,245,0.451282309143139,"ok"
"AGDD","NGRDI","FPC1","FPC1_NGRDI","WIH1.2020",394,394,0.0453409587712728,"ok"
"AGDD","NGRDI","FPC1","FPC1_NGRDI","WIH1.2021",398,398,0.107226868101601,"ok"
"AGDD","NGRDI","FPC1","FPC1_NGRDI","WIH2.2020",1127,1127,0.074867526301193,"ok"
"AGDD","NGRDI","FPC1","FPC1_NGRDI","WIH2.2021",1137,1137,-0.207862715660764,"ok"
"AGDD","NGRDI","FPC1","FPC1_NGRDI","WIH3.2020",415,415,-0.14109832353693,"ok"
"AGDD","NGRDI","FPC1","FPC1_NGRDI","WIH3.2021",397,397,0.131257689880861,"ok"
"AGDD","NGRDI","FPC2","FPC2_NGRDI","DEH1.2020",1142,1142,0.0902346507393075,"ok"
"AGDD","NGRDI","FPC2","FPC2_NGRDI","IAH4.2021",1128,1128,0.113794529822616,"ok"
"AGDD","NGRDI","FPC2","FPC2_NGRDI","MIH1.2020",414,414,-0.068215800301735,"ok"
"AGDD","NGRDI","FPC2","FPC2_NGRDI","MNH1.2020",395,395,0.465956756356521,"ok"
"AGDD","NGRDI","FPC2","FPC2_NGRDI","MNH1.2021",415,415,0.168946366505921,"ok"
"AGDD","NGRDI","FPC2","FPC2_NGRDI","MOH1.2020",1006,1006,0.350040431762534,"ok"
"AGDD","NGRDI","FPC2","FPC2_NGRDI","NEH1.2021",246,246,0.175831220780859,"ok"
"AGDD","NGRDI","FPC2","FPC2_NGRDI","TXH1.2020",246,246,0.0473964861484453,"ok"
"AGDD","NGRDI","FPC2","FPC2_NGRDI","TXH1.2021",246,246,-0.00508947959936351,"ok"
"AGDD","NGRDI","FPC2","FPC2_NGRDI","TXH2.2020",246,246,-0.0654191396200543,"ok"
"AGDD","NGRDI","FPC2","FPC2_NGRDI","TXH2.2021",246,246,0.381115772005642,"ok"
"AGDD","NGRDI","FPC2","FPC2_NGRDI","TXH3.2020",266,266,-0.194917383186438,"ok"
"AGDD","NGRDI","FPC2","FPC2_NGRDI","TXH3.2021",245,245,0.198864384084144,"ok"
"AGDD","NGRDI","FPC2","FPC2_NGRDI","WIH1.2020",394,394,0.423611758644781,"ok"
"AGDD","NGRDI","FPC2","FPC2_NGRDI","WIH1.2021",398,398,0.120849111551984,"ok"
"AGDD","NGRDI","FPC2","FPC2_NGRDI","WIH2.2020",1127,1127,0.0816105900618897,"ok"
"AGDD","NGRDI","FPC2","FPC2_NGRDI","WIH2.2021",1137,1137,0.312103236294498,"ok"
"AGDD","NGRDI","FPC2","FPC2_NGRDI","WIH3.2020",415,415,0.278751854352695,"ok"
"AGDD","NGRDI","FPC2","FPC2_NGRDI","WIH3.2021",397,397,0.291292514633283,"ok"
"AGDD","NGRDI","FPC3","FPC3_NGRDI","DEH1.2020",1142,1142,0.308185501969695,"ok"
"AGDD","NGRDI","FPC3","FPC3_NGRDI","IAH4.2021",1128,1128,0.170315979254109,"ok"
"AGDD","NGRDI","FPC3","FPC3_NGRDI","MIH1.2020",414,414,0.0761443173672473,"ok"
"AGDD","NGRDI","FPC3","FPC3_NGRDI","MNH1.2020",395,395,0.441173521676608,"ok"
"AGDD","NGRDI","FPC3","FPC3_NGRDI","MNH1.2021",415,415,0.29732514560511,"ok"
"AGDD","NGRDI","FPC3","FPC3_NGRDI","MOH1.2020",1006,1006,0.450823028398569,"ok"
"AGDD","NGRDI","FPC3","FPC3_NGRDI","NEH1.2021",246,246,0.0725534676419861,"ok"
"AGDD","NGRDI","FPC3","FPC3_NGRDI","TXH1.2020",246,246,0.422385056346375,"ok"
"AGDD","NGRDI","FPC3","FPC3_NGRDI","TXH1.2021",246,246,0.0943203746973063,"ok"
"AGDD","NGRDI","FPC3","FPC3_NGRDI","TXH2.2020",246,246,0.380079697764728,"ok"
"AGDD","NGRDI","FPC3","FPC3_NGRDI","TXH2.2021",246,246,0.201106865034427,"ok"
"AGDD","NGRDI","FPC3","FPC3_NGRDI","TXH3.2020",266,266,-0.0246432834699765,"ok"
"AGDD","NGRDI","FPC3","FPC3_NGRDI","TXH3.2021",245,245,0.300007710776752,"ok"
"AGDD","NGRDI","FPC3","FPC3_NGRDI","WIH1.2020",394,394,0.577907505524108,"ok"
"AGDD","NGRDI","FPC3","FPC3_NGRDI","WIH1.2021",398,398,0.165329877514993,"ok"
"AGDD","NGRDI","FPC3","FPC3_NGRDI","WIH2.2020",1127,1127,0.127555740378469,"ok"
"AGDD","NGRDI","FPC3","FPC3_NGRDI","WIH2.2021",1137,1137,0.259500408833616,"ok"
"AGDD","NGRDI","FPC3","FPC3_NGRDI","WIH3.2020",415,415,0.122134438453257,"ok"
"AGDD","NGRDI","FPC3","FPC3_NGRDI","WIH3.2021",397,397,0.407779301293725,"ok"
"AGDD","NGRDI","FPC4","FPC4_NGRDI","DEH1.2020",1142,1142,0.194696664493005,"ok"
"AGDD","NGRDI","FPC4","FPC4_NGRDI","IAH4.2021",1128,1128,0.214392141870107,"ok"
"AGDD","NGRDI","FPC4","FPC4_NGRDI","MIH1.2020",414,414,0.381572454463501,"ok"
"AGDD","NGRDI","FPC4","FPC4_NGRDI","MNH1.2020",395,395,-0.283039855302334,"ok"
"AGDD","NGRDI","FPC4","FPC4_NGRDI","MNH1.2021",415,415,-0.0571148275791355,"ok"
"AGDD","NGRDI","FPC4","FPC4_NGRDI","MOH1.2020",1006,1006,0.246041799120978,"ok"
"AGDD","NGRDI","FPC4","FPC4_NGRDI","NEH1.2021",246,246,0.360097618247571,"ok"
"AGDD","NGRDI","FPC4","FPC4_NGRDI","TXH1.2020",246,246,0.589757767818539,"ok"
"AGDD","NGRDI","FPC4","FPC4_NGRDI","TXH1.2021",246,246,0.1808014808297,"ok"
"AGDD","NGRDI","FPC4","FPC4_NGRDI","TXH2.2020",246,246,0.475552189362808,"ok"
"AGDD","NGRDI","FPC4","FPC4_NGRDI","TXH2.2021",246,246,0.0546445172867208,"ok"
"AGDD","NGRDI","FPC4","FPC4_NGRDI","TXH3.2020",266,266,0.279989247757647,"ok"
"AGDD","NGRDI","FPC4","FPC4_NGRDI","TXH3.2021",245,245,0.545586145623572,"ok"
"AGDD","NGRDI","FPC4","FPC4_NGRDI","WIH1.2020",394,394,-0.0236705466224445,"ok"
"AGDD","NGRDI","FPC4","FPC4_NGRDI","WIH1.2021",398,398,0.199210106683465,"ok"
"AGDD","NGRDI","FPC4","FPC4_NGRDI","WIH2.2020",1127,1127,0.0546543981818734,"ok"
"AGDD","NGRDI","FPC4","FPC4_NGRDI","WIH2.2021",1137,1137,-0.21118290468197,"ok"
"AGDD","NGRDI","FPC4","FPC4_NGRDI","WIH3.2020",415,415,-0.130377308513073,"ok"
"AGDD","NGRDI","FPC4","FPC4_NGRDI","WIH3.2021",397,397,0.0191868307617542,"ok"
"AGDD","NGRDI","FPC5","FPC5_NGRDI","DEH1.2020",1142,1142,0.0904636632162832,"ok"
"AGDD","NGRDI","FPC5","FPC5_NGRDI","IAH4.2021",1128,1128,0.203715404725933,"ok"
"AGDD","NGRDI","FPC5","FPC5_NGRDI","MIH1.2020",414,414,0.336578992470394,"ok"
"AGDD","NGRDI","FPC5","FPC5_NGRDI","MNH1.2020",395,395,0.240235461466413,"ok"
"AGDD","NGRDI","FPC5","FPC5_NGRDI","MNH1.2021",415,415,0.0531640657694869,"ok"
"AGDD","NGRDI","FPC5","FPC5_NGRDI","MOH1.2020",1006,1006,0.105323797042354,"ok"
"AGDD","NGRDI","FPC5","FPC5_NGRDI","NEH1.2021",246,246,0.39322567055162,"ok"
"AGDD","NGRDI","FPC5","FPC5_NGRDI","TXH1.2020",246,246,0.635254322802605,"ok"
"AGDD","NGRDI","FPC5","FPC5_NGRDI","TXH1.2021",246,246,0.0920894482320945,"ok"
"AGDD","NGRDI","FPC5","FPC5_NGRDI","TXH2.2020",246,246,0.402879557226888,"ok"
"AGDD","NGRDI","FPC5","FPC5_NGRDI","TXH2.2021",246,246,0.234611378603051,"ok"
"AGDD","NGRDI","FPC5","FPC5_NGRDI","TXH3.2020",266,266,0.31286192227128,"ok"
"AGDD","NGRDI","FPC5","FPC5_NGRDI","TXH3.2021",245,245,0.556253392378941,"ok"
"AGDD","NGRDI","FPC5","FPC5_NGRDI","WIH1.2020",394,394,0.18365395809708,"ok"
"AGDD","NGRDI","FPC5","FPC5_NGRDI","WIH1.2021",398,398,0.14299281403878,"ok"
"AGDD","NGRDI","FPC5","FPC5_NGRDI","WIH2.2020",1127,1127,0.0908531247027931,"ok"
"AGDD","NGRDI","FPC5","FPC5_NGRDI","WIH2.2021",1137,1137,-0.151842252897516,"ok"
"AGDD","NGRDI","FPC5","FPC5_NGRDI","WIH3.2020",415,415,-0.0360878396660631,"ok"
"AGDD","NGRDI","FPC5","FPC5_NGRDI","WIH3.2021",397,397,-0.0368592880213546,"ok"
"AGDD","NGRDI","FPC6","FPC6_NGRDI","DEH1.2020",1142,1142,-0.410912714602418,"ok"
"AGDD","NGRDI","FPC6","FPC6_NGRDI","IAH4.2021",1128,1128,-0.00535697993706052,"ok"
"AGDD","NGRDI","FPC6","FPC6_NGRDI","MIH1.2020",414,414,0.0868783026074614,"ok"
"AGDD","NGRDI","FPC6","FPC6_NGRDI","MNH1.2020",395,395,0.434198751937351,"ok"
"AGDD","NGRDI","FPC6","FPC6_NGRDI","MNH1.2021",415,415,0.145799996871843,"ok"
"AGDD","NGRDI","FPC6","FPC6_NGRDI","MOH1.2020",1006,1006,0.10672764096435,"ok"
"AGDD","NGRDI","FPC6","FPC6_NGRDI","NEH1.2021",246,246,-0.119018746579403,"ok"
"AGDD","NGRDI","FPC6","FPC6_NGRDI","TXH1.2020",246,246,-0.121719413874327,"ok"
"AGDD","NGRDI","FPC6","FPC6_NGRDI","TXH1.2021",246,246,-0.149086235079457,"ok"
"AGDD","NGRDI","FPC6","FPC6_NGRDI","TXH2.2020",246,246,-0.291251770594419,"ok"
"AGDD","NGRDI","FPC6","FPC6_NGRDI","TXH2.2021",246,246,-0.218835854026638,"ok"
"AGDD","NGRDI","FPC6","FPC6_NGRDI","TXH3.2020",266,266,0.0459146474296335,"ok"
"AGDD","NGRDI","FPC6","FPC6_NGRDI","TXH3.2021",245,245,-0.152544589526317,"ok"
"AGDD","NGRDI","FPC6","FPC6_NGRDI","WIH1.2020",394,394,0.296037044887443,"ok"
"AGDD","NGRDI","FPC6","FPC6_NGRDI","WIH1.2021",398,398,-0.126632327114586,"ok"
"AGDD","NGRDI","FPC6","FPC6_NGRDI","WIH2.2020",1127,1127,0.0223098594164913,"ok"
"AGDD","NGRDI","FPC6","FPC6_NGRDI","WIH2.2021",1137,1137,-0.0319410156228999,"ok"
"AGDD","NGRDI","FPC6","FPC6_NGRDI","WIH3.2020",415,415,0.0329992830560497,"ok"
"AGDD","NGRDI","FPC6","FPC6_NGRDI","WIH3.2021",397,397,0.157820349569077,"ok"
"AGDD","NGRDI","FPC7","FPC7_NGRDI","DEH1.2020",1142,1142,-0.432255285329012,"ok"
"AGDD","NGRDI","FPC7","FPC7_NGRDI","IAH4.2021",1128,1128,-0.16600058660773,"ok"
"AGDD","NGRDI","FPC7","FPC7_NGRDI","MIH1.2020",414,414,-0.144667526391443,"ok"
"AGDD","NGRDI","FPC7","FPC7_NGRDI","MNH1.2020",395,395,-0.185801205335816,"ok"
"AGDD","NGRDI","FPC7","FPC7_NGRDI","MNH1.2021",415,415,-0.0631556122042769,"ok"
"AGDD","NGRDI","FPC7","FPC7_NGRDI","MOH1.2020",1006,1006,-0.148078747688251,"ok"
"AGDD","NGRDI","FPC7","FPC7_NGRDI","NEH1.2021",246,246,-0.354832888401759,"ok"
"AGDD","NGRDI","FPC7","FPC7_NGRDI","TXH1.2020",246,246,-0.497419224433605,"ok"
"AGDD","NGRDI","FPC7","FPC7_NGRDI","TXH1.2021",246,246,-0.0691249812673966,"ok"
"AGDD","NGRDI","FPC7","FPC7_NGRDI","TXH2.2020",246,246,-0.41361244651271,"ok"
"AGDD","NGRDI","FPC7","FPC7_NGRDI","TXH2.2021",246,246,-0.334615472718826,"ok"
"AGDD","NGRDI","FPC7","FPC7_NGRDI","TXH3.2020",266,266,0.00872026695350592,"ok"
"AGDD","NGRDI","FPC7","FPC7_NGRDI","TXH3.2021",245,245,-0.327373113983074,"ok"
"AGDD","NGRDI","FPC7","FPC7_NGRDI","WIH1.2020",394,394,0.076766135638538,"ok"
"AGDD","NGRDI","FPC7","FPC7_NGRDI","WIH1.2021",398,398,-0.134435322428332,"ok"
"AGDD","NGRDI","FPC7","FPC7_NGRDI","WIH2.2020",1127,1127,-0.016732286883553,"ok"
"AGDD","NGRDI","FPC7","FPC7_NGRDI","WIH2.2021",1137,1137,-0.222207812343667,"ok"
"AGDD","NGRDI","FPC7","FPC7_NGRDI","WIH3.2020",415,415,-0.0025206121508632,"ok"
"AGDD","NGRDI","FPC7","FPC7_NGRDI","WIH3.2021",397,397,0.0481133028857853,"ok"
"AGDD","NGRDI_new","FPC1","FPC1_NGRDI_new","DEH1.2020",1142,1142,-0.300452378182672,"ok"
"AGDD","NGRDI_new","FPC1","FPC1_NGRDI_new","IAH4.2021",1128,1128,0.114325121163849,"ok"
"AGDD","NGRDI_new","FPC1","FPC1_NGRDI_new","MIH1.2020",414,414,0.271706737741315,"ok"
"AGDD","NGRDI_new","FPC1","FPC1_NGRDI_new","MNH1.2020",395,395,-0.0394351004592675,"ok"
"AGDD","NGRDI_new","FPC1","FPC1_NGRDI_new","MNH1.2021",415,415,0.0959589844040435,"ok"
"AGDD","NGRDI_new","FPC1","FPC1_NGRDI_new","MOH1.2020",1006,1006,0.304360185277449,"ok"
"AGDD","NGRDI_new","FPC1","FPC1_NGRDI_new","NEH1.2021",246,246,0.020332973970863,"ok"
"AGDD","NGRDI_new","FPC1","FPC1_NGRDI_new","TXH1.2020",246,246,0.621218448234254,"ok"
"AGDD","NGRDI_new","FPC1","FPC1_NGRDI_new","TXH1.2021",246,246,-0.0611202976034286,"ok"
"AGDD","NGRDI_new","FPC1","FPC1_NGRDI_new","TXH2.2020",246,246,0.379591651338663,"ok"
"AGDD","NGRDI_new","FPC1","FPC1_NGRDI_new","TXH2.2021",246,246,0.337853619627377,"ok"
"AGDD","NGRDI_new","FPC1","FPC1_NGRDI_new","TXH3.2020",266,266,0.219817722599484,"ok"
"AGDD","NGRDI_new","FPC1","FPC1_NGRDI_new","TXH3.2021",245,245,0.451282303654669,"ok"
"AGDD","NGRDI_new","FPC1","FPC1_NGRDI_new","WIH1.2020",394,394,0.04534092956763,"ok"
"AGDD","NGRDI_new","FPC1","FPC1_NGRDI_new","WIH1.2021",398,398,0.107226897524818,"ok"
"AGDD","NGRDI_new","FPC1","FPC1_NGRDI_new","WIH2.2020",1127,1127,0.0748675221367986,"ok"
"AGDD","NGRDI_new","FPC1","FPC1_NGRDI_new","WIH2.2021",1137,1137,-0.207862729607478,"ok"
"AGDD","NGRDI_new","FPC1","FPC1_NGRDI_new","WIH3.2020",415,415,-0.141098334352407,"ok"
"AGDD","NGRDI_new","FPC1","FPC1_NGRDI_new","WIH3.2021",397,397,0.131257666102538,"ok"
"AGDD","NGRDI_new","FPC2","FPC2_NGRDI_new","DEH1.2020",1142,1142,0.0902346375075165,"ok"
"AGDD","NGRDI_new","FPC2","FPC2_NGRDI_new","IAH4.2021",1128,1128,0.113794541515552,"ok"
"AGDD","NGRDI_new","FPC2","FPC2_NGRDI_new","MIH1.2020",414,414,-0.0682155713770904,"ok"
"AGDD","NGRDI_new","FPC2","FPC2_NGRDI_new","MNH1.2020",395,395,0.465956757181547,"ok"
"AGDD","NGRDI_new","FPC2","FPC2_NGRDI_new","MNH1.2021",415,415,0.168946366159339,"ok"
"AGDD","NGRDI_new","FPC2","FPC2_NGRDI_new","MOH1.2020",1006,1006,0.350040453780019,"ok"
"AGDD","NGRDI_new","FPC2","FPC2_NGRDI_new","NEH1.2021",246,246,0.175831221440655,"ok"
"AGDD","NGRDI_new","FPC2","FPC2_NGRDI_new","TXH1.2020",246,246,0.0473967816728883,"ok"
"AGDD","NGRDI_new","FPC2","FPC2_NGRDI_new","TXH1.2021",246,246,-0.0050894737519136,"ok"
"AGDD","NGRDI_new","FPC2","FPC2_NGRDI_new","TXH2.2020",246,246,-0.0654194491567036,"ok"
"AGDD","NGRDI_new","FPC2","FPC2_NGRDI_new","TXH2.2021",246,246,0.381115799324125,"ok"
"AGDD","NGRDI_new","FPC2","FPC2_NGRDI_new","TXH3.2020",266,266,-0.194917029041291,"ok"
"AGDD","NGRDI_new","FPC2","FPC2_NGRDI_new","TXH3.2021",245,245,0.198864413614259,"ok"
"AGDD","NGRDI_new","FPC2","FPC2_NGRDI_new","WIH1.2020",394,394,0.423611766364284,"ok"
"AGDD","NGRDI_new","FPC2","FPC2_NGRDI_new","WIH1.2021",398,398,0.12084909952727,"ok"
"AGDD","NGRDI_new","FPC2","FPC2_NGRDI_new","WIH2.2020",1127,1127,0.0816105950989593,"ok"
"AGDD","NGRDI_new","FPC2","FPC2_NGRDI_new","WIH2.2021",1137,1137,0.312103245794926,"ok"
"AGDD","NGRDI_new","FPC2","FPC2_NGRDI_new","WIH3.2020",415,415,0.278751852242499,"ok"
"AGDD","NGRDI_new","FPC2","FPC2_NGRDI_new","WIH3.2021",397,397,0.291292525617334,"ok"
"AGDD","NGRDI_new","FPC3","FPC3_NGRDI_new","DEH1.2020",1142,1142,0.308185474340299,"ok"
"AGDD","NGRDI_new","FPC3","FPC3_NGRDI_new","IAH4.2021",1128,1128,0.170315952904259,"ok"
"AGDD","NGRDI_new","FPC3","FPC3_NGRDI_new","MIH1.2020",414,414,0.0761443348517005,"ok"
"AGDD","NGRDI_new","FPC3","FPC3_NGRDI_new","MNH1.2020",395,395,0.441173521458112,"ok"
"AGDD","NGRDI_new","FPC3","FPC3_NGRDI_new","MNH1.2021",415,415,0.297325126073704,"ok"
"AGDD","NGRDI_new","FPC3","FPC3_NGRDI_new","MOH1.2020",1006,1006,0.450822976694678,"ok"
"AGDD","NGRDI_new","FPC3","FPC3_NGRDI_new","NEH1.2021",246,246,0.0725534710670924,"ok"
"AGDD","NGRDI_new","FPC3","FPC3_NGRDI_new","TXH1.2020",246,246,0.422384788034593,"ok"
"AGDD","NGRDI_new","FPC3","FPC3_NGRDI_new","TXH1.2021",246,246,0.0943203684416765,"ok"
"AGDD","NGRDI_new","FPC3","FPC3_NGRDI_new","TXH2.2020",246,246,0.380080546691314,"ok"
"AGDD","NGRDI_new","FPC3","FPC3_NGRDI_new","TXH2.2021",246,246,0.201107079226006,"ok"
"AGDD","NGRDI_new","FPC3","FPC3_NGRDI_new","TXH3.2020",266,266,-0.0246432688128661,"ok"
"AGDD","NGRDI_new","FPC3","FPC3_NGRDI_new","TXH3.2021",245,245,0.300007706181475,"ok"
"AGDD","NGRDI_new","FPC3","FPC3_NGRDI_new","WIH1.2020",394,394,0.577907504302506,"ok"
"AGDD","NGRDI_new","FPC3","FPC3_NGRDI_new","WIH1.2021",398,398,0.165329804034783,"ok"
"AGDD","NGRDI_new","FPC3","FPC3_NGRDI_new","WIH2.2020",1127,1127,0.127555739960292,"ok"
"AGDD","NGRDI_new","FPC3","FPC3_NGRDI_new","WIH2.2021",1137,1137,0.259500412630218,"ok"
"AGDD","NGRDI_new","FPC3","FPC3_NGRDI_new","WIH3.2020",415,415,0.122134440170552,"ok"
"AGDD","NGRDI_new","FPC3","FPC3_NGRDI_new","WIH3.2021",397,397,0.407779304113522,"ok"
"AGDD","NGRDI_new","FPC4","FPC4_NGRDI_new","DEH1.2020",1142,1142,0.194696666638863,"ok"
"AGDD","NGRDI_new","FPC4","FPC4_NGRDI_new","IAH4.2021",1128,1128,0.214392146987619,"ok"
"AGDD","NGRDI_new","FPC4","FPC4_NGRDI_new","MIH1.2020",414,414,0.381572476303203,"ok"
"AGDD","NGRDI_new","FPC4","FPC4_NGRDI_new","MNH1.2020",395,395,-0.283039849716063,"ok"
"AGDD","NGRDI_new","FPC4","FPC4_NGRDI_new","MNH1.2021",415,415,-0.0571148209159834,"ok"
"AGDD","NGRDI_new","FPC4","FPC4_NGRDI_new","MOH1.2020",1006,1006,0.246041889712753,"ok"
"AGDD","NGRDI_new","FPC4","FPC4_NGRDI_new","NEH1.2021",246,246,0.360097619384147,"ok"
"AGDD","NGRDI_new","FPC4","FPC4_NGRDI_new","TXH1.2020",246,246,0.58975768158176,"ok"
"AGDD","NGRDI_new","FPC4","FPC4_NGRDI_new","TXH1.2021",246,246,0.180801470169812,"ok"
"AGDD","NGRDI_new","FPC4","FPC4_NGRDI_new","TXH2.2020",246,246,0.475552029742627,"ok"
"AGDD","NGRDI_new","FPC4","FPC4_NGRDI_new","TXH2.2021",246,246,0.054644513000818,"ok"
"AGDD","NGRDI_new","FPC4","FPC4_NGRDI_new","TXH3.2020",266,266,0.279989142088084,"ok"
"AGDD","NGRDI_new","FPC4","FPC4_NGRDI_new","TXH3.2021",245,245,0.54558616624551,"ok"
"AGDD","NGRDI_new","FPC4","FPC4_NGRDI_new","WIH1.2020",394,394,-0.0236705418049637,"ok"
"AGDD","NGRDI_new","FPC4","FPC4_NGRDI_new","WIH1.2021",398,398,0.199210092460166,"ok"
"AGDD","NGRDI_new","FPC4","FPC4_NGRDI_new","WIH2.2020",1127,1127,0.0546543998605668,"ok"
"AGDD","NGRDI_new","FPC4","FPC4_NGRDI_new","WIH2.2021",1137,1137,-0.211182900458302,"ok"
"AGDD","NGRDI_new","FPC4","FPC4_NGRDI_new","WIH3.2020",415,415,-0.130377307648706,"ok"
"AGDD","NGRDI_new","FPC4","FPC4_NGRDI_new","WIH3.2021",397,397,0.0191868323437086,"ok"
"AGDD","NGRDI_new","FPC5","FPC5_NGRDI_new","DEH1.2020",1142,1142,0.0904636764865693,"ok"
"AGDD","NGRDI_new","FPC5","FPC5_NGRDI_new","IAH4.2021",1128,1128,0.20371542346831,"ok"
"AGDD","NGRDI_new","FPC5","FPC5_NGRDI_new","MIH1.2020",414,414,0.336579012296768,"ok"
"AGDD","NGRDI_new","FPC5","FPC5_NGRDI_new","MNH1.2020",395,395,0.240235473270182,"ok"
"AGDD","NGRDI_new","FPC5","FPC5_NGRDI_new","MNH1.2021",415,415,0.0531640342936268,"ok"
"AGDD","NGRDI_new","FPC5","FPC5_NGRDI_new","MOH1.2020",1006,1006,0.105323812118182,"ok"
"AGDD","NGRDI_new","FPC5","FPC5_NGRDI_new","NEH1.2021",246,246,0.393225669585666,"ok"
"AGDD","NGRDI_new","FPC5","FPC5_NGRDI_new","TXH1.2020",246,246,0.635254212213731,"ok"
"AGDD","NGRDI_new","FPC5","FPC5_NGRDI_new","TXH1.2021",246,246,0.092089476175184,"ok"
"AGDD","NGRDI_new","FPC5","FPC5_NGRDI_new","TXH2.2020",246,246,0.402879446682239,"ok"
"AGDD","NGRDI_new","FPC5","FPC5_NGRDI_new","TXH2.2021",246,246,0.234611315004958,"ok"
"AGDD","NGRDI_new","FPC5","FPC5_NGRDI_new","TXH3.2020",266,266,0.312861787765581,"ok"
"AGDD","NGRDI_new","FPC5","FPC5_NGRDI_new","TXH3.2021",245,245,0.556253408420644,"ok"
"AGDD","NGRDI_new","FPC5","FPC5_NGRDI_new","WIH1.2020",394,394,0.183653943080788,"ok"
"AGDD","NGRDI_new","FPC5","FPC5_NGRDI_new","WIH1.2021",398,398,0.142992823052477,"ok"
"AGDD","NGRDI_new","FPC5","FPC5_NGRDI_new","WIH2.2020",1127,1127,0.0908531212929068,"ok"
"AGDD","NGRDI_new","FPC5","FPC5_NGRDI_new","WIH2.2021",1137,1137,-0.151842335839968,"ok"
"AGDD","NGRDI_new","FPC5","FPC5_NGRDI_new","WIH3.2020",415,415,-0.0360878348797494,"ok"
"AGDD","NGRDI_new","FPC5","FPC5_NGRDI_new","WIH3.2021",397,397,-0.0368592931041999,"ok"
"AGDD","NGRDI_new","FPC6","FPC6_NGRDI_new","DEH1.2020",1142,1142,-0.410912717403119,"ok"
"AGDD","NGRDI_new","FPC6","FPC6_NGRDI_new","IAH4.2021",1128,1128,-0.00535696051080409,"ok"
"AGDD","NGRDI_new","FPC6","FPC6_NGRDI_new","MIH1.2020",414,414,0.0868783240991894,"ok"
"AGDD","NGRDI_new","FPC6","FPC6_NGRDI_new","MNH1.2020",395,395,0.434198754095092,"ok"
"AGDD","NGRDI_new","FPC6","FPC6_NGRDI_new","MNH1.2021",415,415,0.145799986830322,"ok"
"AGDD","NGRDI_new","FPC6","FPC6_NGRDI_new","MOH1.2020",1006,1006,0.10672758508096,"ok"
"AGDD","NGRDI_new","FPC6","FPC6_NGRDI_new","NEH1.2021",246,246,-0.119018746734207,"ok"
"AGDD","NGRDI_new","FPC6","FPC6_NGRDI_new","TXH1.2020",246,246,-0.121720124851941,"ok"
"AGDD","NGRDI_new","FPC6","FPC6_NGRDI_new","TXH1.2021",246,246,-0.149086218346378,"ok"
"AGDD","NGRDI_new","FPC6","FPC6_NGRDI_new","TXH2.2020",246,246,-0.291251149772514,"ok"
"AGDD","NGRDI_new","FPC6","FPC6_NGRDI_new","TXH2.2021",246,246,-0.218835941868608,"ok"
"AGDD","NGRDI_new","FPC6","FPC6_NGRDI_new","TXH3.2020",266,266,0.0459147221822852,"ok"
"AGDD","NGRDI_new","FPC6","FPC6_NGRDI_new","TXH3.2021",245,245,-0.152544573564335,"ok"
"AGDD","NGRDI_new","FPC6","FPC6_NGRDI_new","WIH1.2020",394,394,0.296037037757691,"ok"
"AGDD","NGRDI_new","FPC6","FPC6_NGRDI_new","WIH1.2021",398,398,-0.126632221633104,"ok"
"AGDD","NGRDI_new","FPC6","FPC6_NGRDI_new","WIH2.2020",1127,1127,0.0223098567489464,"ok"
"AGDD","NGRDI_new","FPC6","FPC6_NGRDI_new","WIH2.2021",1137,1137,-0.0319410664583133,"ok"
"AGDD","NGRDI_new","FPC6","FPC6_NGRDI_new","WIH3.2020",415,415,0.0329992799578204,"ok"
"AGDD","NGRDI_new","FPC6","FPC6_NGRDI_new","WIH3.2021",397,397,0.157820342439641,"ok"
"AGDD","NGRDI_new","FPC7","FPC7_NGRDI_new","DEH1.2020",1142,1142,-0.432255283878104,"ok"
"AGDD","NGRDI_new","FPC7","FPC7_NGRDI_new","IAH4.2021",1128,1128,-0.166000591898597,"ok"
"AGDD","NGRDI_new","FPC7","FPC7_NGRDI_new","MIH1.2020",414,414,-0.144667520156934,"ok"
"AGDD","NGRDI_new","FPC7","FPC7_NGRDI_new","MNH1.2020",395,395,-0.185801218102543,"ok"
"AGDD","NGRDI_new","FPC7","FPC7_NGRDI_new","MNH1.2021",415,415,-0.0631555639482224,"ok"
"AGDD","NGRDI_new","FPC7","FPC7_NGRDI_new","MOH1.2020",1006,1006,-0.148078682125798,"ok"
"AGDD","NGRDI_new","FPC7","FPC7_NGRDI_new","NEH1.2021",246,246,-0.354832890856054,"ok"
"AGDD","NGRDI_new","FPC7","FPC7_NGRDI_new","TXH1.2020",246,246,-0.497419083331068,"ok"
"AGDD","NGRDI_new","FPC7","FPC7_NGRDI_new","TXH1.2021",246,246,-0.0691249948623918,"ok"
"AGDD","NGRDI_new","FPC7","FPC7_NGRDI_new","TXH2.2020",246,246,-0.413612501609425,"ok"
"AGDD","NGRDI_new","FPC7","FPC7_NGRDI_new","TXH2.2021",246,246,-0.33461536054018,"ok"
"AGDD","NGRDI_new","FPC7","FPC7_NGRDI_new","TXH3.2020",266,266,0.00872024747239592,"ok"
"AGDD","NGRDI_new","FPC7","FPC7_NGRDI_new","TXH3.2021",245,245,-0.327373107587273,"ok"
"AGDD","NGRDI_new","FPC7","FPC7_NGRDI_new","WIH1.2020",394,394,0.0767661267176838,"ok"
"AGDD","NGRDI_new","FPC7","FPC7_NGRDI_new","WIH1.2021",398,398,-0.13443544621417,"ok"
"AGDD","NGRDI_new","FPC7","FPC7_NGRDI_new","WIH2.2020",1127,1127,-0.0167322891982403,"ok"
"AGDD","NGRDI_new","FPC7","FPC7_NGRDI_new","WIH2.2021",1137,1137,-0.222207729546628,"ok"
"AGDD","NGRDI_new","FPC7","FPC7_NGRDI_new","WIH3.2020",415,415,-0.00252061399207137,"ok"
"AGDD","NGRDI_new","FPC7","FPC7_NGRDI_new","WIH3.2021",397,397,0.0481132994193038,"ok"
"AGDD","NRMBI","FPC1","FPC1_NRMBI","DEH1.2020",1142,1142,-0.161236387109385,"ok"
"AGDD","NRMBI","FPC1","FPC1_NRMBI","IAH4.2021",1128,1128,-0.333883971202354,"ok"
"AGDD","NRMBI","FPC1","FPC1_NRMBI","MIH1.2020",414,414,-0.234515193405829,"ok"
"AGDD","NRMBI","FPC1","FPC1_NRMBI","MNH1.2020",395,395,0.167522119568123,"ok"
"AGDD","NRMBI","FPC1","FPC1_NRMBI","MNH1.2021",415,415,0.0137431919791477,"ok"
"AGDD","NRMBI","FPC1","FPC1_NRMBI","MOH1.2020",1006,1006,-0.170874366450048,"ok"
"AGDD","NRMBI","FPC1","FPC1_NRMBI","NEH1.2021",246,246,-0.160764562535358,"ok"
"AGDD","NRMBI","FPC1","FPC1_NRMBI","TXH1.2020",246,246,-0.466235550360522,"ok"
"AGDD","NRMBI","FPC1","FPC1_NRMBI","TXH1.2021",246,246,0.0268438987007852,"ok"
"AGDD","NRMBI","FPC1","FPC1_NRMBI","TXH2.2020",246,246,-0.209069180318087,"ok"
"AGDD","NRMBI","FPC1","FPC1_NRMBI","TXH2.2021",246,246,-0.312668908523061,"ok"
"AGDD","NRMBI","FPC1","FPC1_NRMBI","TXH3.2020",266,266,-0.0886120583461538,"ok"
"AGDD","NRMBI","FPC1","FPC1_NRMBI","TXH3.2021",245,245,-0.445721661672985,"ok"
"AGDD","NRMBI","FPC1","FPC1_NRMBI","WIH1.2020",394,394,-0.0416535449593961,"ok"
"AGDD","NRMBI","FPC1","FPC1_NRMBI","WIH1.2021",398,398,0.0896121224256643,"ok"
"AGDD","NRMBI","FPC1","FPC1_NRMBI","WIH2.2020",1127,1127,-0.030257947223429,"ok"
"AGDD","NRMBI","FPC1","FPC1_NRMBI","WIH2.2021",1137,1137,0.179924023818054,"ok"
"AGDD","NRMBI","FPC1","FPC1_NRMBI","WIH3.2020",415,415,0.0592387834958409,"ok"
"AGDD","NRMBI","FPC1","FPC1_NRMBI","WIH3.2021",397,397,-0.219749693281179,"ok"
"AGDD","NRMBI","FPC2","FPC2_NRMBI","DEH1.2020",1142,1142,0.201911800293651,"ok"
"AGDD","NRMBI","FPC2","FPC2_NRMBI","IAH4.2021",1128,1128,0.119070054332385,"ok"
"AGDD","NRMBI","FPC2","FPC2_NRMBI","MIH1.2020",414,414,-0.116309360511231,"ok"
"AGDD","NRMBI","FPC2","FPC2_NRMBI","MNH1.2020",395,395,-0.116469313487802,"ok"
"AGDD","NRMBI","FPC2","FPC2_NRMBI","MNH1.2021",415,415,0.0166304443891743,"ok"
"AGDD","NRMBI","FPC2","FPC2_NRMBI","MOH1.2020",1006,1006,-0.0572838994652438,"ok"
"AGDD","NRMBI","FPC2","FPC2_NRMBI","NEH1.2021",246,246,0.0636130743192357,"ok"
"AGDD","NRMBI","FPC2","FPC2_NRMBI","TXH1.2020",246,246,0.375337577185252,"ok"
"AGDD","NRMBI","FPC2","FPC2_NRMBI","TXH1.2021",246,246,0.238289880390647,"ok"
"AGDD","NRMBI","FPC2","FPC2_NRMBI","TXH2.2020",246,246,0.242921289761314,"ok"
"AGDD","NRMBI","FPC2","FPC2_NRMBI","TXH2.2021",246,246,0.299518974250551,"ok"
"AGDD","NRMBI","FPC2","FPC2_NRMBI","TXH3.2020",266,266,0.0413131430483187,"ok"
"AGDD","NRMBI","FPC2","FPC2_NRMBI","TXH3.2021",245,245,0.505606856003208,"ok"
"AGDD","NRMBI","FPC2","FPC2_NRMBI","WIH1.2020",394,394,0.251922401500529,"ok"
"AGDD","NRMBI","FPC2","FPC2_NRMBI","WIH1.2021",398,398,0.147949340648817,"ok"
"AGDD","NRMBI","FPC2","FPC2_NRMBI","WIH2.2020",1127,1127,0.0703128350020208,"ok"
"AGDD","NRMBI","FPC2","FPC2_NRMBI","WIH2.2021",1137,1137,0.244998597678304,"ok"
"AGDD","NRMBI","FPC2","FPC2_NRMBI","WIH3.2020",415,415,0.124503451555523,"ok"
"AGDD","NRMBI","FPC2","FPC2_NRMBI","WIH3.2021",397,397,0.0516617840282425,"ok"
"AGDD","NRMBI","FPC3","FPC3_NRMBI","DEH1.2020",1142,1142,-0.199255622430378,"ok"
"AGDD","NRMBI","FPC3","FPC3_NRMBI","IAH4.2021",1128,1128,-0.252378303622623,"ok"
"AGDD","NRMBI","FPC3","FPC3_NRMBI","MIH1.2020",414,414,0.0924745713712173,"ok"
"AGDD","NRMBI","FPC3","FPC3_NRMBI","MNH1.2020",395,395,-0.0668284408370761,"ok"
"AGDD","NRMBI","FPC3","FPC3_NRMBI","MNH1.2021",415,415,-0.0474152208971066,"ok"
"AGDD","NRMBI","FPC3","FPC3_NRMBI","MOH1.2020",1006,1006,-0.11382101808271,"ok"
"AGDD","NRMBI","FPC3","FPC3_NRMBI","NEH1.2021",246,246,-0.168175695008078,"ok"
"AGDD","NRMBI","FPC3","FPC3_NRMBI","TXH1.2020",246,246,-0.360238231164604,"ok"
"AGDD","NRMBI","FPC3","FPC3_NRMBI","TXH1.2021",246,246,0.0350506746267035,"ok"
"AGDD","NRMBI","FPC3","FPC3_NRMBI","TXH2.2020",246,246,-0.296394903993899,"ok"
"AGDD","NRMBI","FPC3","FPC3_NRMBI","TXH2.2021",246,246,-0.124522996266611,"ok"
"AGDD","NRMBI","FPC3","FPC3_NRMBI","TXH3.2020",266,266,0.0816784922597344,"ok"
"AGDD","NRMBI","FPC3","FPC3_NRMBI","TXH3.2021",245,245,0.072259565913216,"ok"
"AGDD","NRMBI","FPC3","FPC3_NRMBI","WIH1.2020",394,394,0.0330496144255755,"ok"
"AGDD","NRMBI","FPC3","FPC3_NRMBI","WIH1.2021",398,398,-0.0470328265559657,"ok"
"AGDD","NRMBI","FPC3","FPC3_NRMBI","WIH2.2020",1127,1127,-0.026433796856543,"ok"
"AGDD","NRMBI","FPC3","FPC3_NRMBI","WIH2.2021",1137,1137,0.00197557110840512,"ok"
"AGDD","NRMBI","FPC3","FPC3_NRMBI","WIH3.2020",415,415,0.0271924542204316,"ok"
"AGDD","NRMBI","FPC3","FPC3_NRMBI","WIH3.2021",397,397,0.0806278827313252,"ok"
"AGDD","NRMBI","FPC4","FPC4_NRMBI","DEH1.2020",1142,1142,-0.124896161787572,"ok"
"AGDD","NRMBI","FPC4","FPC4_NRMBI","IAH4.2021",1128,1128,0.0133703202129336,"ok"
"AGDD","NRMBI","FPC4","FPC4_NRMBI","MIH1.2020",414,414,0.0762773210927685,"ok"
"AGDD","NRMBI","FPC4","FPC4_NRMBI","MNH1.2020",395,395,-0.122344368473013,"ok"
"AGDD","NRMBI","FPC4","FPC4_NRMBI","MNH1.2021",415,415,-0.0463871776189656,"ok"
"AGDD","NRMBI","FPC4","FPC4_NRMBI","MOH1.2020",1006,1006,-0.0458067068705284,"ok"
"AGDD","NRMBI","FPC4","FPC4_NRMBI","NEH1.2021",246,246,0.354945042321058,"ok"
"AGDD","NRMBI","FPC4","FPC4_NRMBI","TXH1.2020",246,246,0.375736894631073,"ok"
"AGDD","NRMBI","FPC4","FPC4_NRMBI","TXH1.2021",246,246,0.253991616187062,"ok"
"AGDD","NRMBI","FPC4","FPC4_NRMBI","TXH2.2020",246,246,0.161559155209641,"ok"
"AGDD","NRMBI","FPC4","FPC4_NRMBI","TXH2.2021",246,246,0.330108525622948,"ok"
"AGDD","NRMBI","FPC4","FPC4_NRMBI","TXH3.2020",266,266,0.0649931131210206,"ok"
"AGDD","NRMBI","FPC4","FPC4_NRMBI","TXH3.2021",245,245,0.547640772262689,"ok"
"AGDD","NRMBI","FPC4","FPC4_NRMBI","WIH1.2020",394,394,-0.180898323282132,"ok"
"AGDD","NRMBI","FPC4","FPC4_NRMBI","WIH1.2021",398,398,0.123475435628401,"ok"
"AGDD","NRMBI","FPC4","FPC4_NRMBI","WIH2.2020",1127,1127,-0.0415283363506565,"ok"
"AGDD","NRMBI","FPC4","FPC4_NRMBI","WIH2.2021",1137,1137,0.06647570285021,"ok"
"AGDD","NRMBI","FPC4","FPC4_NRMBI","WIH3.2020",415,415,-0.1150673981959,"ok"
"AGDD","NRMBI","FPC4","FPC4_NRMBI","WIH3.2021",397,397,-0.146371042536073,"ok"
"AGDD","NRMBI","FPC5","FPC5_NRMBI","DEH1.2020",1142,1142,-0.138410582389724,"ok"
"AGDD","NRMBI","FPC5","FPC5_NRMBI","IAH4.2021",1128,1128,-0.205778413988857,"ok"
"AGDD","NRMBI","FPC5","FPC5_NRMBI","MIH1.2020",414,414,0.0730940979568145,"ok"
"AGDD","NRMBI","FPC5","FPC5_NRMBI","MNH1.2020",395,395,0.112811673342888,"ok"
"AGDD","NRMBI","FPC5","FPC5_NRMBI","MNH1.2021",415,415,0.103770978808528,"ok"
"AGDD","NRMBI","FPC5","FPC5_NRMBI","MOH1.2020",1006,1006,-0.154411442428416,"ok"
"AGDD","NRMBI","FPC5","FPC5_NRMBI","NEH1.2021",246,246,-0.381657976603204,"ok"
"AGDD","NRMBI","FPC5","FPC5_NRMBI","TXH1.2020",246,246,-0.453009290228483,"ok"
"AGDD","NRMBI","FPC5","FPC5_NRMBI","TXH1.2021",246,246,-0.156310165378424,"ok"
"AGDD","NRMBI","FPC5","FPC5_NRMBI","TXH2.2020",246,246,-0.304520355547403,"ok"
"AGDD","NRMBI","FPC5","FPC5_NRMBI","TXH2.2021",246,246,-0.288069712739089,"ok"
"AGDD","NRMBI","FPC5","FPC5_NRMBI","TXH3.2020",266,266,0.0738480156416162,"ok"
"AGDD","NRMBI","FPC5","FPC5_NRMBI","TXH3.2021",245,245,-0.210624739114135,"ok"
"AGDD","NRMBI","FPC5","FPC5_NRMBI","WIH1.2020",394,394,0.1471358880736,"ok"
"AGDD","NRMBI","FPC5","FPC5_NRMBI","WIH1.2021",398,398,-0.0136391687029521,"ok"
"AGDD","NRMBI","FPC5","FPC5_NRMBI","WIH2.2020",1127,1127,0.0489660076971008,"ok"
"AGDD","NRMBI","FPC5","FPC5_NRMBI","WIH2.2021",1137,1137,0.146283831177726,"ok"
"AGDD","NRMBI","FPC5","FPC5_NRMBI","WIH3.2020",415,415,0.0601349897286827,"ok"
"AGDD","NRMBI","FPC5","FPC5_NRMBI","WIH3.2021",397,397,-0.133401608147446,"ok"
"AGDD","NRMBI","FPC6","FPC6_NRMBI","DEH1.2020",1142,1142,-0.0631597548019741,"ok"
"AGDD","NRMBI","FPC6","FPC6_NRMBI","IAH4.2021",1128,1128,0.0391887859146604,"ok"
"AGDD","NRMBI","FPC6","FPC6_NRMBI","MIH1.2020",414,414,0.048883781605588,"ok"
"AGDD","NRMBI","FPC6","FPC6_NRMBI","MNH1.2020",395,395,0.00808978396775212,"ok"
"AGDD","NRMBI","FPC6","FPC6_NRMBI","MNH1.2021",415,415,0.0859085653272153,"ok"
"AGDD","NRMBI","FPC6","FPC6_NRMBI","MOH1.2020",1006,1006,-0.0690152326827807,"ok"
"AGDD","NRMBI","FPC6","FPC6_NRMBI","NEH1.2021",246,246,0.402718476067398,"ok"
"AGDD","NRMBI","FPC6","FPC6_NRMBI","TXH1.2020",246,246,0.0835125738558474,"ok"
"AGDD","NRMBI","FPC6","FPC6_NRMBI","TXH1.2021",246,246,-0.0312954973307692,"ok"
"AGDD","NRMBI","FPC6","FPC6_NRMBI","TXH2.2020",246,246,-0.0916614367713352,"ok"
"AGDD","NRMBI","FPC6","FPC6_NRMBI","TXH2.2021",246,246,0.0963876231568723,"ok"
"AGDD","NRMBI","FPC6","FPC6_NRMBI","TXH3.2020",266,266,0.0349926676651104,"ok"
"AGDD","NRMBI","FPC6","FPC6_NRMBI","TXH3.2021",245,245,-0.17130270905481,"ok"
"AGDD","NRMBI","FPC6","FPC6_NRMBI","WIH1.2020",394,394,-0.203746246714577,"ok"
"AGDD","NRMBI","FPC6","FPC6_NRMBI","WIH1.2021",398,398,0.0109701585813982,"ok"
"AGDD","NRMBI","FPC6","FPC6_NRMBI","WIH2.2020",1127,1127,0.0719858767564053,"ok"
"AGDD","NRMBI","FPC6","FPC6_NRMBI","WIH2.2021",1137,1137,0.0920781395916433,"ok"
"AGDD","NRMBI","FPC6","FPC6_NRMBI","WIH3.2020",415,415,0.0220934974014282,"ok"
"AGDD","NRMBI","FPC6","FPC6_NRMBI","WIH3.2021",397,397,-0.0895588471648027,"ok"
"AGDD","NRMBI","FPC7","FPC7_NRMBI","DEH1.2020",1142,1142,-0.253693424135248,"ok"
"AGDD","NRMBI","FPC7","FPC7_NRMBI","IAH4.2021",1128,1128,-0.0945429054344356,"ok"
"AGDD","NRMBI","FPC7","FPC7_NRMBI","MIH1.2020",414,414,-0.0364884531793417,"ok"
"AGDD","NRMBI","FPC7","FPC7_NRMBI","MNH1.2020",395,395,-0.255825147429437,"ok"
"AGDD","NRMBI","FPC7","FPC7_NRMBI","MNH1.2021",415,415,-0.0826775495524137,"ok"
"AGDD","NRMBI","FPC7","FPC7_NRMBI","MOH1.2020",1006,1006,0.0813550436801934,"ok"
"AGDD","NRMBI","FPC7","FPC7_NRMBI","NEH1.2021",246,246,-0.409215885594793,"ok"
"AGDD","NRMBI","FPC7","FPC7_NRMBI","TXH1.2020",246,246,-0.122241965520805,"ok"
"AGDD","NRMBI","FPC7","FPC7_NRMBI","TXH1.2021",246,246,0.182979531433621,"ok"
"AGDD","NRMBI","FPC7","FPC7_NRMBI","TXH2.2020",246,246,-0.174941560905711,"ok"
"AGDD","NRMBI","FPC7","FPC7_NRMBI","TXH2.2021",246,246,0.100089277051316,"ok"
"AGDD","NRMBI","FPC7","FPC7_NRMBI","TXH3.2020",266,266,0.0325956002248069,"ok"
"AGDD","NRMBI","FPC7","FPC7_NRMBI","TXH3.2021",245,245,0.429694108752655,"ok"
"AGDD","NRMBI","FPC7","FPC7_NRMBI","WIH1.2020",394,394,0.170226785311103,"ok"
"AGDD","NRMBI","FPC7","FPC7_NRMBI","WIH1.2021",398,398,-0.0734078734471358,"ok"
"AGDD","NRMBI","FPC7","FPC7_NRMBI","WIH2.2020",1127,1127,0.0723202715012378,"ok"
"AGDD","NRMBI","FPC7","FPC7_NRMBI","WIH2.2021",1137,1137,-0.020947520335657,"ok"
"AGDD","NRMBI","FPC7","FPC7_NRMBI","WIH3.2020",415,415,0.102251847006388,"ok"
"AGDD","NRMBI","FPC7","FPC7_NRMBI","WIH3.2021",397,397,0.119696846538814,"ok"
"AGDD","RCC","FPC1","FPC1_RCC","DEH1.2020",1142,1142,-0.000593710746758902,"ok"
"AGDD","RCC","FPC1","FPC1_RCC","IAH4.2021",1128,1128,-0.305146423499841,"ok"
"AGDD","RCC","FPC1","FPC1_RCC","MIH1.2020",414,414,-0.334495079039737,"ok"
"AGDD","RCC","FPC1","FPC1_RCC","MNH1.2020",395,395,0.230687972766724,"ok"
"AGDD","RCC","FPC1","FPC1_RCC","MNH1.2021",415,415,0.0116494049661306,"ok"
"AGDD","RCC","FPC1","FPC1_RCC","MOH1.2020",1006,1006,-0.320482688501316,"ok"
"AGDD","RCC","FPC1","FPC1_RCC","NEH1.2021",246,246,-0.145531430748497,"ok"
"AGDD","RCC","FPC1","FPC1_RCC","TXH1.2020",246,246,-0.659763336437689,"ok"
"AGDD","RCC","FPC1","FPC1_RCC","TXH1.2021",246,246,-0.0240142920152748,"ok"
"AGDD","RCC","FPC1","FPC1_RCC","TXH2.2020",246,246,-0.377974683597169,"ok"
"AGDD","RCC","FPC1","FPC1_RCC","TXH2.2021",246,246,-0.25430503127274,"ok"
"AGDD","RCC","FPC1","FPC1_RCC","TXH3.2020",266,266,-0.224575143328697,"ok"
"AGDD","RCC","FPC1","FPC1_RCC","TXH3.2021",245,245,-0.526506726704045,"ok"
"AGDD","RCC","FPC1","FPC1_RCC","WIH1.2020",394,394,0.00549990169675318,"ok"
"AGDD","RCC","FPC1","FPC1_RCC","WIH1.2021",398,398,-0.0432019200521144,"ok"
"AGDD","RCC","FPC1","FPC1_RCC","WIH2.2020",1127,1127,-0.0530140316691088,"ok"
"AGDD","RCC","FPC1","FPC1_RCC","WIH2.2021",1137,1137,0.281025401085065,"ok"
"AGDD","RCC","FPC1","FPC1_RCC","WIH3.2020",415,415,0.205693340615686,"ok"
"AGDD","RCC","FPC1","FPC1_RCC","WIH3.2021",397,397,-0.0671899027519299,"ok"
"AGDD","RCC","FPC2","FPC2_RCC","DEH1.2020",1142,1142,-0.0868419192615829,"ok"
"AGDD","RCC","FPC2","FPC2_RCC","IAH4.2021",1128,1128,-0.0645401848201926,"ok"
"AGDD","RCC","FPC2","FPC2_RCC","MIH1.2020",414,414,0.0844450465417404,"ok"
"AGDD","RCC","FPC2","FPC2_RCC","MNH1.2020",395,395,-0.349906247067924,"ok"
"AGDD","RCC","FPC2","FPC2_RCC","MNH1.2021",415,415,-0.199705054229427,"ok"
"AGDD","RCC","FPC2","FPC2_RCC","MOH1.2020",1006,1006,-0.265581796382811,"ok"
"AGDD","RCC","FPC2","FPC2_RCC","NEH1.2021",246,246,-0.0604155338632251,"ok"
"AGDD","RCC","FPC2","FPC2_RCC","TXH1.2020",246,246,-0.185097613245209,"ok"
"AGDD","RCC","FPC2","FPC2_RCC","TXH1.2021",246,246,-0.0835173443946046,"ok"
"AGDD","RCC","FPC2","FPC2_RCC","TXH2.2020",246,246,-0.18165652459372,"ok"
"AGDD","RCC","FPC2","FPC2_RCC","TXH2.2021",246,246,-0.421355076459324,"ok"
"AGDD","RCC","FPC2","FPC2_RCC","TXH3.2020",266,266,0.0351120756583494,"ok"
"AGDD","RCC","FPC2","FPC2_RCC","TXH3.2021",245,245,-0.410860389517508,"ok"
"AGDD","RCC","FPC2","FPC2_RCC","WIH1.2020",394,394,-0.454230762764373,"ok"
"AGDD","RCC","FPC2","FPC2_RCC","WIH1.2021",398,398,-0.14623524286931,"ok"
"AGDD","RCC","FPC2","FPC2_RCC","WIH2.2020",1127,1127,-0.115585527708338,"ok"
"AGDD","RCC","FPC2","FPC2_RCC","WIH2.2021",1137,1137,-0.278745367643258,"ok"
"AGDD","RCC","FPC2","FPC2_RCC","WIH3.2020",415,415,-0.233701600212907,"ok"
"AGDD","RCC","FPC2","FPC2_RCC","WIH3.2021",397,397,-0.353743175095604,"ok"
"AGDD","RCC","FPC3","FPC3_RCC","DEH1.2020",1142,1142,-0.279452800188982,"ok"
"AGDD","RCC","FPC3","FPC3_RCC","IAH4.2021",1128,1128,-0.24176023968929,"ok"
"AGDD","RCC","FPC3","FPC3_RCC","MIH1.2020",414,414,0.000188517720709747,"ok"
"AGDD","RCC","FPC3","FPC3_RCC","MNH1.2020",395,395,-0.254104577057877,"ok"
"AGDD","RCC","FPC3","FPC3_RCC","MNH1.2021",415,415,-0.118156300396525,"ok"
"AGDD","RCC","FPC3","FPC3_RCC","MOH1.2020",1006,1006,-0.389931621390554,"ok"
"AGDD","RCC","FPC3","FPC3_RCC","NEH1.2021",246,246,-0.0612372144688485,"ok"
"AGDD","RCC","FPC3","FPC3_RCC","TXH1.2020",246,246,-0.57458416769757,"ok"
"AGDD","RCC","FPC3","FPC3_RCC","TXH1.2021",246,246,-0.0869162402400613,"ok"
"AGDD","RCC","FPC3","FPC3_RCC","TXH2.2020",246,246,-0.467235656078715,"ok"
"AGDD","RCC","FPC3","FPC3_RCC","TXH2.2021",246,246,-0.254293560112773,"ok"
"AGDD","RCC","FPC3","FPC3_RCC","TXH3.2020",266,266,-0.0992141920146257,"ok"
"AGDD","RCC","FPC3","FPC3_RCC","TXH3.2021",245,245,0.00398336807734177,"ok"
"AGDD","RCC","FPC3","FPC3_RCC","WIH1.2020",394,394,-0.380207339171271,"ok"
"AGDD","RCC","FPC3","FPC3_RCC","WIH1.2021",398,398,-0.17273323990988,"ok"
"AGDD","RCC","FPC3","FPC3_RCC","WIH2.2020",1127,1127,-0.143354559352751,"ok"
"AGDD","RCC","FPC3","FPC3_RCC","WIH2.2021",1137,1137,-0.126053647509538,"ok"
"AGDD","RCC","FPC3","FPC3_RCC","WIH3.2020",415,415,0.0319612598732387,"ok"
"AGDD","RCC","FPC3","FPC3_RCC","WIH3.2021",397,397,-0.0519918238119424,"ok"
"AGDD","RCC","FPC4","FPC4_RCC","DEH1.2020",1142,1142,-0.305186002827933,"ok"
"AGDD","RCC","FPC4","FPC4_RCC","IAH4.2021",1128,1128,-0.252175643376355,"ok"
"AGDD","RCC","FPC4","FPC4_RCC","MIH1.2020",414,414,-0.129943742010905,"ok"
"AGDD","RCC","FPC4","FPC4_RCC","MNH1.2020",395,395,-0.414624805402324,"ok"
"AGDD","RCC","FPC4","FPC4_RCC","MNH1.2021",415,415,-0.0990315941516326,"ok"
"AGDD","RCC","FPC4","FPC4_RCC","MOH1.2020",1006,1006,-0.16803510969216,"ok"
"AGDD","RCC","FPC4","FPC4_RCC","NEH1.2021",246,246,-0.444842266110878,"ok"
"AGDD","RCC","FPC4","FPC4_RCC","TXH1.2020",246,246,-0.579348006881661,"ok"
"AGDD","RCC","FPC4","FPC4_RCC","TXH1.2021",246,246,-0.093671373665297,"ok"
"AGDD","RCC","FPC4","FPC4_RCC","TXH2.2020",246,246,-0.411480057314724,"ok"
"AGDD","RCC","FPC4","FPC4_RCC","TXH2.2021",246,246,-0.243875058459198,"ok"
"AGDD","RCC","FPC4","FPC4_RCC","TXH3.2020",266,266,-0.104525832768445,"ok"
"AGDD","RCC","FPC4","FPC4_RCC","TXH3.2021",245,245,-0.260286611457784,"ok"
"AGDD","RCC","FPC4","FPC4_RCC","WIH1.2020",394,394,-0.172732357586926,"ok"
"AGDD","RCC","FPC4","FPC4_RCC","WIH1.2021",398,398,-0.113419238784619,"ok"
"AGDD","RCC","FPC4","FPC4_RCC","WIH2.2020",1127,1127,-0.0724721962624894,"ok"
"AGDD","RCC","FPC4","FPC4_RCC","WIH2.2021",1137,1137,-0.106625768937411,"ok"
"AGDD","RCC","FPC4","FPC4_RCC","WIH3.2020",415,415,-0.000846558712058018,"ok"
"AGDD","RCC","FPC4","FPC4_RCC","WIH3.2021",397,397,-0.0382895524649303,"ok"
"AGDD","RCC","FPC5","FPC5_RCC","DEH1.2020",1142,1142,0.280591063409925,"ok"
"AGDD","RCC","FPC5","FPC5_RCC","IAH4.2021",1128,1128,0.133385481453862,"ok"
"AGDD","RCC","FPC5","FPC5_RCC","MIH1.2020",414,414,0.0233146955412906,"ok"
"AGDD","RCC","FPC5","FPC5_RCC","MNH1.2020",395,395,0.0773488418843712,"ok"
"AGDD","RCC","FPC5","FPC5_RCC","MNH1.2021",415,415,0.0964198429535124,"ok"
"AGDD","RCC","FPC5","FPC5_RCC","MOH1.2020",1006,1006,-0.0520554992566967,"ok"
"AGDD","RCC","FPC5","FPC5_RCC","NEH1.2021",246,246,0.330074400486328,"ok"
"AGDD","RCC","FPC5","FPC5_RCC","TXH1.2020",246,246,0.522372466765901,"ok"
"AGDD","RCC","FPC5","FPC5_RCC","TXH1.2021",246,246,0.0731256218842607,"ok"
"AGDD","RCC","FPC5","FPC5_RCC","TXH2.2020",246,246,0.432879358746698,"ok"
"AGDD","RCC","FPC5","FPC5_RCC","TXH2.2021",246,246,0.144984543059757,"ok"
"AGDD","RCC","FPC5","FPC5_RCC","TXH3.2020",266,266,-0.0331178236685834,"ok"
"AGDD","RCC","FPC5","FPC5_RCC","TXH3.2021",245,245,0.470333475603183,"ok"
"AGDD","RCC","FPC5","FPC5_RCC","WIH1.2020",394,394,-0.246786442759036,"ok"
"AGDD","RCC","FPC5","FPC5_RCC","WIH1.2021",398,398,0.160243905810573,"ok"
"AGDD","RCC","FPC5","FPC5_RCC","WIH2.2020",1127,1127,-0.0491424864251542,"ok"
"AGDD","RCC","FPC5","FPC5_RCC","WIH2.2021",1137,1137,0.1631362704865,"ok"
"AGDD","RCC","FPC5","FPC5_RCC","WIH3.2020",415,415,-0.00545924268510627,"ok"
"AGDD","RCC","FPC5","FPC5_RCC","WIH3.2021",397,397,-0.0738143037282516,"ok"
"AGDD","RCC","FPC6","FPC6_RCC","DEH1.2020",1142,1142,0.371426361780302,"ok"
"AGDD","RCC","FPC6","FPC6_RCC","IAH4.2021",1128,1128,0.225252701733453,"ok"
"AGDD","RCC","FPC6","FPC6_RCC","MIH1.2020",414,414,0.035639577947451,"ok"
"AGDD","RCC","FPC6","FPC6_RCC","MNH1.2020",395,395,0.17762105020563,"ok"
"AGDD","RCC","FPC6","FPC6_RCC","MNH1.2021",415,415,0.0426632052826522,"ok"
"AGDD","RCC","FPC6","FPC6_RCC","MOH1.2020",1006,1006,0.175243256758107,"ok"
"AGDD","RCC","FPC6","FPC6_RCC","NEH1.2021",246,246,0.43852249535658,"ok"
"AGDD","RCC","FPC6","FPC6_RCC","TXH1.2020",246,246,0.644665274214065,"ok"
"AGDD","RCC","FPC6","FPC6_RCC","TXH1.2021",246,246,0.164263537833115,"ok"
"AGDD","RCC","FPC6","FPC6_RCC","TXH2.2020",246,246,0.483551456735484,"ok"
"AGDD","RCC","FPC6","FPC6_RCC","TXH2.2021",246,246,0.161021811056261,"ok"
"AGDD","RCC","FPC6","FPC6_RCC","TXH3.2020",266,266,0.0113991622258739,"ok"
"AGDD","RCC","FPC6","FPC6_RCC","TXH3.2021",245,245,0.545196362392878,"ok"
"AGDD","RCC","FPC6","FPC6_RCC","WIH1.2020",394,394,-0.119243262038924,"ok"
"AGDD","RCC","FPC6","FPC6_RCC","WIH1.2021",398,398,0.208277872128849,"ok"
"AGDD","RCC","FPC6","FPC6_RCC","WIH2.2020",1127,1127,-0.0457492737493893,"ok"
"AGDD","RCC","FPC6","FPC6_RCC","WIH2.2021",1137,1137,0.147323047397238,"ok"
"AGDD","RCC","FPC6","FPC6_RCC","WIH3.2020",415,415,-0.0564410280891777,"ok"
"AGDD","RCC","FPC6","FPC6_RCC","WIH3.2021",397,397,-0.000847647719480468,"ok"
"AGDD","RCC","FPC7","FPC7_RCC","DEH1.2020",1142,1142,-0.0873525257278191,"ok"
"AGDD","RCC","FPC7","FPC7_RCC","IAH4.2021",1128,1128,-0.146011619942362,"ok"
"AGDD","RCC","FPC7","FPC7_RCC","MIH1.2020",414,414,-0.157529733315025,"ok"
"AGDD","RCC","FPC7","FPC7_RCC","MNH1.2020",395,395,-0.292834106661754,"ok"
"AGDD","RCC","FPC7","FPC7_RCC","MNH1.2021",415,415,-0.0127159645596449,"ok"
"AGDD","RCC","FPC7","FPC7_RCC","MOH1.2020",1006,1006,-0.139253708947054,"ok"
"AGDD","RCC","FPC7","FPC7_RCC","NEH1.2021",246,246,-0.106301527939686,"ok"
"AGDD","RCC","FPC7","FPC7_RCC","TXH1.2020",246,246,-0.0486701934102082,"ok"
"AGDD","RCC","FPC7","FPC7_RCC","TXH1.2021",246,246,-0.0471957059212163,"ok"
"AGDD","RCC","FPC7","FPC7_RCC","TXH2.2020",246,246,-0.0410243457727813,"ok"
"AGDD","RCC","FPC7","FPC7_RCC","TXH2.2021",246,246,0.370593368952671,"ok"
"AGDD","RCC","FPC7","FPC7_RCC","TXH3.2020",266,266,0.126829245384389,"ok"
"AGDD","RCC","FPC7","FPC7_RCC","TXH3.2021",245,245,0.358259142909558,"ok"
"AGDD","RCC","FPC7","FPC7_RCC","WIH1.2020",394,394,-0.136467194160226,"ok"
"AGDD","RCC","FPC7","FPC7_RCC","WIH1.2021",398,398,-0.0365876013950547,"ok"
"AGDD","RCC","FPC7","FPC7_RCC","WIH2.2020",1127,1127,-0.0228911652913203,"ok"
"AGDD","RCC","FPC7","FPC7_RCC","WIH2.2021",1137,1137,-0.0318495042276223,"ok"
"AGDD","RCC","FPC7","FPC7_RCC","WIH3.2020",415,415,-0.00250530429672814,"ok"
"AGDD","RCC","FPC7","FPC7_RCC","WIH3.2021",397,397,-0.14119981074874,"ok"
"AGDD","RGBVI","FPC1","FPC1_RGBVI","DEH1.2020",1142,1142,0.171408601570855,"ok"
"AGDD","RGBVI","FPC1","FPC1_RGBVI","IAH4.2021",1128,1128,-0.0310421638163111,"ok"
"AGDD","RGBVI","FPC1","FPC1_RGBVI","MIH1.2020",414,414,-0.182203154958798,"ok"
"AGDD","RGBVI","FPC1","FPC1_RGBVI","MNH1.2020",395,395,-0.355857197867246,"ok"
"AGDD","RGBVI","FPC1","FPC1_RGBVI","MNH1.2021",415,415,-0.163671756432431,"ok"
"AGDD","RGBVI","FPC1","FPC1_RGBVI","MOH1.2020",1006,1006,-0.178970494643647,"ok"
"AGDD","RGBVI","FPC1","FPC1_RGBVI","NEH1.2021",246,246,-0.0726610511744745,"ok"
"AGDD","RGBVI","FPC1","FPC1_RGBVI","TXH1.2020",246,246,-0.296987158702667,"ok"
"AGDD","RGBVI","FPC1","FPC1_RGBVI","TXH1.2021",246,246,0.0844155049172252,"ok"
"AGDD","RGBVI","FPC1","FPC1_RGBVI","TXH2.2020",246,246,-0.114638993098711,"ok"
"AGDD","RGBVI","FPC1","FPC1_RGBVI","TXH2.2021",246,246,-0.319716516338922,"ok"
"AGDD","RGBVI","FPC1","FPC1_RGBVI","TXH3.2020",266,266,-0.226703856769894,"ok"
"AGDD","RGBVI","FPC1","FPC1_RGBVI","TXH3.2021",245,245,-0.324601555681601,"ok"
"AGDD","RGBVI","FPC1","FPC1_RGBVI","WIH1.2020",394,394,-0.185975979691628,"ok"
"AGDD","RGBVI","FPC1","FPC1_RGBVI","WIH1.2021",398,398,-0.176414091451181,"ok"
"AGDD","RGBVI","FPC1","FPC1_RGBVI","WIH2.2020",1127,1127,-0.0657960744031795,"ok"
"AGDD","RGBVI","FPC1","FPC1_RGBVI","WIH2.2021",1137,1137,-0.0316031048643687,"ok"
"AGDD","RGBVI","FPC1","FPC1_RGBVI","WIH3.2020",415,415,0.0559219759267199,"ok"
"AGDD","RGBVI","FPC1","FPC1_RGBVI","WIH3.2021",397,397,-0.137682339718521,"ok"
"AGDD","RGBVI","FPC2","FPC2_RGBVI","DEH1.2020",1142,1142,-0.196069454855808,"ok"
"AGDD","RGBVI","FPC2","FPC2_RGBVI","IAH4.2021",1128,1128,-0.105929666257644,"ok"
"AGDD","RGBVI","FPC2","FPC2_RGBVI","MIH1.2020",414,414,-0.127470138306499,"ok"
"AGDD","RGBVI","FPC2","FPC2_RGBVI","MNH1.2020",395,395,0.230774299941755,"ok"
"AGDD","RGBVI","FPC2","FPC2_RGBVI","MNH1.2021",415,415,0.170552194707234,"ok"
"AGDD","RGBVI","FPC2","FPC2_RGBVI","MOH1.2020",1006,1006,0.343068250534367,"ok"
"AGDD","RGBVI","FPC2","FPC2_RGBVI","NEH1.2021",246,246,-0.0551868526539111,"ok"
"AGDD","RGBVI","FPC2","FPC2_RGBVI","TXH1.2020",246,246,0.275554232475397,"ok"
"AGDD","RGBVI","FPC2","FPC2_RGBVI","TXH1.2021",246,246,-0.192137412452015,"ok"
"AGDD","RGBVI","FPC2","FPC2_RGBVI","TXH2.2020",246,246,0.117753085719312,"ok"
"AGDD","RGBVI","FPC2","FPC2_RGBVI","TXH2.2021",246,246,0.283991066357097,"ok"
"AGDD","RGBVI","FPC2","FPC2_RGBVI","TXH3.2020",266,266,-0.101237517149973,"ok"
"AGDD","RGBVI","FPC2","FPC2_RGBVI","TXH3.2021",245,245,-0.0424139159816837,"ok"
"AGDD","RGBVI","FPC2","FPC2_RGBVI","WIH1.2020",394,394,-0.0200537881336598,"ok"
"AGDD","RGBVI","FPC2","FPC2_RGBVI","WIH1.2021",398,398,-0.046810108804186,"ok"
"AGDD","RGBVI","FPC2","FPC2_RGBVI","WIH2.2020",1127,1127,0.0550795031384099,"ok"
"AGDD","RGBVI","FPC2","FPC2_RGBVI","WIH2.2021",1137,1137,0.0228101881126037,"ok"
"AGDD","RGBVI","FPC2","FPC2_RGBVI","WIH3.2020",415,415,-0.0135335768205368,"ok"
"AGDD","RGBVI","FPC2","FPC2_RGBVI","WIH3.2021",397,397,0.115007547651521,"ok"
"AGDD","RGBVI","FPC3","FPC3_RGBVI","DEH1.2020",1142,1142,-0.0692078459824163,"ok"
"AGDD","RGBVI","FPC3","FPC3_RGBVI","IAH4.2021",1128,1128,0.136414092306795,"ok"
"AGDD","RGBVI","FPC3","FPC3_RGBVI","MIH1.2020",414,414,0.334593344799453,"ok"
"AGDD","RGBVI","FPC3","FPC3_RGBVI","MNH1.2020",395,395,0.329904554585142,"ok"
"AGDD","RGBVI","FPC3","FPC3_RGBVI","MNH1.2021",415,415,0.189376536250075,"ok"
"AGDD","RGBVI","FPC3","FPC3_RGBVI","MOH1.2020",1006,1006,0.305520552762488,"ok"
"AGDD","RGBVI","FPC3","FPC3_RGBVI","NEH1.2021",246,246,0.116223995798789,"ok"
"AGDD","RGBVI","FPC3","FPC3_RGBVI","TXH1.2020",246,246,0.532180294157688,"ok"
"AGDD","RGBVI","FPC3","FPC3_RGBVI","TXH1.2021",246,246,0.0680653626049089,"ok"
"AGDD","RGBVI","FPC3","FPC3_RGBVI","TXH2.2020",246,246,0.379836007778341,"ok"
"AGDD","RGBVI","FPC3","FPC3_RGBVI","TXH2.2021",246,246,-0.0712140545119225,"ok"
"AGDD","RGBVI","FPC3","FPC3_RGBVI","TXH3.2020",266,266,0.188882328336493,"ok"
"AGDD","RGBVI","FPC3","FPC3_RGBVI","TXH3.2021",245,245,0.377200617179946,"ok"
"AGDD","RGBVI","FPC3","FPC3_RGBVI","WIH1.2020",394,394,0.34495273017102,"ok"
"AGDD","RGBVI","FPC3","FPC3_RGBVI","WIH1.2021",398,398,0.295891012804515,"ok"
"AGDD","RGBVI","FPC3","FPC3_RGBVI","WIH2.2020",1127,1127,0.116400686118993,"ok"
"AGDD","RGBVI","FPC3","FPC3_RGBVI","WIH2.2021",1137,1137,-0.0726854413968236,"ok"
"AGDD","RGBVI","FPC3","FPC3_RGBVI","WIH3.2020",415,415,-0.0404635291575102,"ok"
"AGDD","RGBVI","FPC3","FPC3_RGBVI","WIH3.2021",397,397,0.219184133867852,"ok"
"AGDD","RGBVI","FPC4","FPC4_RGBVI","DEH1.2020",1142,1142,0.0379478768288454,"ok"
"AGDD","RGBVI","FPC4","FPC4_RGBVI","IAH4.2021",1128,1128,-0.045189293603645,"ok"
"AGDD","RGBVI","FPC4","FPC4_RGBVI","MIH1.2020",414,414,0.162027351850664,"ok"
"AGDD","RGBVI","FPC4","FPC4_RGBVI","MNH1.2020",395,395,0.309469824786425,"ok"
"AGDD","RGBVI","FPC4","FPC4_RGBVI","MNH1.2021",415,415,0.0519351748666829,"ok"
"AGDD","RGBVI","FPC4","FPC4_RGBVI","MOH1.2020",1006,1006,-0.0545431801983628,"ok"
"AGDD","RGBVI","FPC4","FPC4_RGBVI","NEH1.2021",246,246,0.218310389469745,"ok"
"AGDD","RGBVI","FPC4","FPC4_RGBVI","TXH1.2020",246,246,0.426186049652672,"ok"
"AGDD","RGBVI","FPC4","FPC4_RGBVI","TXH1.2021",246,246,0.103276066184587,"ok"
"AGDD","RGBVI","FPC4","FPC4_RGBVI","TXH2.2020",246,246,0.387712731232384,"ok"
"AGDD","RGBVI","FPC4","FPC4_RGBVI","TXH2.2021",246,246,-0.11154186281492,"ok"
"AGDD","RGBVI","FPC4","FPC4_RGBVI","TXH3.2020",266,266,0.244133690565532,"ok"
"AGDD","RGBVI","FPC4","FPC4_RGBVI","TXH3.2021",245,245,0.335604564505338,"ok"
"AGDD","RGBVI","FPC4","FPC4_RGBVI","WIH1.2020",394,394,-0.0576935379377886,"ok"
"AGDD","RGBVI","FPC4","FPC4_RGBVI","WIH1.2021",398,398,0.225941474168731,"ok"
"AGDD","RGBVI","FPC4","FPC4_RGBVI","WIH2.2020",1127,1127,0.0239763153109598,"ok"
"AGDD","RGBVI","FPC4","FPC4_RGBVI","WIH2.2021",1137,1137,-0.0603954015521528,"ok"
"AGDD","RGBVI","FPC4","FPC4_RGBVI","WIH3.2020",415,415,0.02647222178061,"ok"
"AGDD","RGBVI","FPC4","FPC4_RGBVI","WIH3.2021",397,397,-0.132084617303933,"ok"
"AGDD","RGBVI","FPC5","FPC5_RGBVI","DEH1.2020",1142,1142,-0.419272847371447,"ok"
"AGDD","RGBVI","FPC5","FPC5_RGBVI","IAH4.2021",1128,1128,-0.0420318669988119,"ok"
"AGDD","RGBVI","FPC5","FPC5_RGBVI","MIH1.2020",414,414,-0.210585219257841,"ok"
"AGDD","RGBVI","FPC5","FPC5_RGBVI","MNH1.2020",395,395,0.356870005030538,"ok"
"AGDD","RGBVI","FPC5","FPC5_RGBVI","MNH1.2021",415,415,0.208328979397119,"ok"
"AGDD","RGBVI","FPC5","FPC5_RGBVI","MOH1.2020",1006,1006,0.20450352946481,"ok"
"AGDD","RGBVI","FPC5","FPC5_RGBVI","NEH1.2021",246,246,-0.138107142219367,"ok"
"AGDD","RGBVI","FPC5","FPC5_RGBVI","TXH1.2020",246,246,-0.352809054405237,"ok"
"AGDD","RGBVI","FPC5","FPC5_RGBVI","TXH1.2021",246,246,-0.158858607529515,"ok"
"AGDD","RGBVI","FPC5","FPC5_RGBVI","TXH2.2020",246,246,-0.212668692675316,"ok"
"AGDD","RGBVI","FPC5","FPC5_RGBVI","TXH2.2021",246,246,0.2908115947529,"ok"
"AGDD","RGBVI","FPC5","FPC5_RGBVI","TXH3.2020",266,266,-0.0152714731804335,"ok"
"AGDD","RGBVI","FPC5","FPC5_RGBVI","TXH3.2021",245,245,-0.0299695890803884,"ok"
"AGDD","RGBVI","FPC5","FPC5_RGBVI","WIH1.2020",394,394,0.0859758342672029,"ok"
"AGDD","RGBVI","FPC5","FPC5_RGBVI","WIH1.2021",398,398,-0.135470344536107,"ok"
"AGDD","RGBVI","FPC5","FPC5_RGBVI","WIH2.2020",1127,1127,0.00778728638887537,"ok"
"AGDD","RGBVI","FPC5","FPC5_RGBVI","WIH2.2021",1137,1137,0.00426690433774311,"ok"
"AGDD","RGBVI","FPC5","FPC5_RGBVI","WIH3.2020",415,415,-0.0160793720321494,"ok"
"AGDD","RGBVI","FPC5","FPC5_RGBVI","WIH3.2021",397,397,0.105751007671697,"ok"
"AGDD","RGBVI","FPC6","FPC6_RGBVI","DEH1.2020",1142,1142,-0.163252784579022,"ok"
"AGDD","RGBVI","FPC6","FPC6_RGBVI","IAH4.2021",1128,1128,0.0560214131845209,"ok"
"AGDD","RGBVI","FPC6","FPC6_RGBVI","MIH1.2020",414,414,0.286863144832294,"ok"
"AGDD","RGBVI","FPC6","FPC6_RGBVI","MNH1.2020",395,395,0.195193686933318,"ok"
"AGDD","RGBVI","FPC6","FPC6_RGBVI","MNH1.2021",415,415,0.016943042484713,"ok"
"AGDD","RGBVI","FPC6","FPC6_RGBVI","MOH1.2020",1006,1006,0.177430547398101,"ok"
"AGDD","RGBVI","FPC6","FPC6_RGBVI","NEH1.2021",246,246,0.165304453480223,"ok"
"AGDD","RGBVI","FPC6","FPC6_RGBVI","TXH1.2020",246,246,0.0794929178767408,"ok"
"AGDD","RGBVI","FPC6","FPC6_RGBVI","TXH1.2021",246,246,0.0922105184768301,"ok"
"AGDD","RGBVI","FPC6","FPC6_RGBVI","TXH2.2020",246,246,0.208932583711224,"ok"
"AGDD","RGBVI","FPC6","FPC6_RGBVI","TXH2.2021",246,246,0.13197991452403,"ok"
"AGDD","RGBVI","FPC6","FPC6_RGBVI","TXH3.2020",266,266,0.229870883968343,"ok"
"AGDD","RGBVI","FPC6","FPC6_RGBVI","TXH3.2021",245,245,0.381466532279568,"ok"
"AGDD","RGBVI","FPC6","FPC6_RGBVI","WIH1.2020",394,394,0.0489511535485516,"ok"
"AGDD","RGBVI","FPC6","FPC6_RGBVI","WIH1.2021",398,398,0.0423335692624195,"ok"
"AGDD","RGBVI","FPC6","FPC6_RGBVI","WIH2.2020",1127,1127,0.10794837282989,"ok"
"AGDD","RGBVI","FPC6","FPC6_RGBVI","WIH2.2021",1137,1137,-0.0183053472287609,"ok"
"AGDD","RGBVI","FPC6","FPC6_RGBVI","WIH3.2020",415,415,-0.0653668828694325,"ok"
"AGDD","RGBVI","FPC6","FPC6_RGBVI","WIH3.2021",397,397,0.0188478380261005,"ok"
"AGDD","RGBVI","FPC7","FPC7_RGBVI","DEH1.2020",1142,1142,0.162987030961067,"ok"
"AGDD","RGBVI","FPC7","FPC7_RGBVI","IAH4.2021",1128,1128,-0.253529453880308,"ok"
"AGDD","RGBVI","FPC7","FPC7_RGBVI","MIH1.2020",414,414,-0.267075620966895,"ok"
"AGDD","RGBVI","FPC7","FPC7_RGBVI","MNH1.2020",395,395,-0.425445443392997,"ok"
"AGDD","RGBVI","FPC7","FPC7_RGBVI","MNH1.2021",415,415,-0.186287380940367,"ok"
"AGDD","RGBVI","FPC7","FPC7_RGBVI","MOH1.2020",1006,1006,0.0461062038200482,"ok"
"AGDD","RGBVI","FPC7","FPC7_RGBVI","NEH1.2021",246,246,0.172648971742041,"ok"
"AGDD","RGBVI","FPC7","FPC7_RGBVI","TXH1.2020",246,246,-0.113202686365716,"ok"
"AGDD","RGBVI","FPC7","FPC7_RGBVI","TXH1.2021",246,246,-0.0624732087178706,"ok"
"AGDD","RGBVI","FPC7","FPC7_RGBVI","TXH2.2020",246,246,-0.00474674064697484,"ok"
"AGDD","RGBVI","FPC7","FPC7_RGBVI","TXH2.2021",246,246,0.148131863750749,"ok"
"AGDD","RGBVI","FPC7","FPC7_RGBVI","TXH3.2020",266,266,0.124835074167472,"ok"
"AGDD","RGBVI","FPC7","FPC7_RGBVI","TXH3.2021",245,245,-0.250417777037759,"ok"
"AGDD","RGBVI","FPC7","FPC7_RGBVI","WIH1.2020",394,394,-0.419626265202769,"ok"
"AGDD","RGBVI","FPC7","FPC7_RGBVI","WIH1.2021",398,398,-0.00245102694910331,"ok"
"AGDD","RGBVI","FPC7","FPC7_RGBVI","WIH2.2020",1127,1127,-0.0500441530461118,"ok"
"AGDD","RGBVI","FPC7","FPC7_RGBVI","WIH2.2021",1137,1137,-0.141964616491804,"ok"
"AGDD","RGBVI","FPC7","FPC7_RGBVI","WIH3.2020",415,415,0.0079892518504396,"ok"
"AGDD","RGBVI","FPC7","FPC7_RGBVI","WIH3.2021",397,397,-0.0857979237801618,"ok"
"AGDD","RdivB","FPC1","FPC1_RdivB","DEH1.2020",1142,1142,-0.230948669561324,"ok"
"AGDD","RdivB","FPC1","FPC1_RdivB","IAH4.2021",1128,1128,-0.274798786408699,"ok"
"AGDD","RdivB","FPC1","FPC1_RdivB","MIH1.2020",414,414,-0.0802969941672526,"ok"
"AGDD","RdivB","FPC1","FPC1_RdivB","MNH1.2020",395,395,0.149691574766262,"ok"
"AGDD","RdivB","FPC1","FPC1_RdivB","MNH1.2021",415,415,0.0391466538727633,"ok"
"AGDD","RdivB","FPC1","FPC1_RdivB","MOH1.2020",1006,1006,-0.0360741508821087,"ok"
"AGDD","RdivB","FPC1","FPC1_RdivB","NEH1.2021",246,246,-0.127660297917461,"ok"
"AGDD","RdivB","FPC1","FPC1_RdivB","TXH1.2020",246,246,-0.408418681737833,"ok"
"AGDD","RdivB","FPC1","FPC1_RdivB","TXH1.2021",246,246,-0.0429670375594545,"ok"
"AGDD","RdivB","FPC1","FPC1_RdivB","TXH2.2020",246,246,-0.19997695170728,"ok"
"AGDD","RdivB","FPC1","FPC1_RdivB","TXH2.2021",246,246,-0.340518152567873,"ok"
"AGDD","RdivB","FPC1","FPC1_RdivB","TXH3.2020",266,266,-0.0346042975176495,"ok"
"AGDD","RdivB","FPC1","FPC1_RdivB","TXH3.2021",245,245,-0.458909251308129,"ok"
"AGDD","RdivB","FPC1","FPC1_RdivB","WIH1.2020",394,394,-0.153105033406236,"ok"
"AGDD","RdivB","FPC1","FPC1_RdivB","WIH1.2021",398,398,0.107539065038634,"ok"
"AGDD","RdivB","FPC1","FPC1_RdivB","WIH2.2020",1127,1127,-0.0467431325899429,"ok"
"AGDD","RdivB","FPC1","FPC1_RdivB","WIH2.2021",1137,1137,0.0990790078868981,"ok"
"AGDD","RdivB","FPC1","FPC1_RdivB","WIH3.2020",415,415,-0.0358553474926616,"ok"
"AGDD","RdivB","FPC1","FPC1_RdivB","WIH3.2021",397,397,-0.270555580166238,"ok"
"AGDD","RdivB","FPC2","FPC2_RdivB","DEH1.2020",1142,1142,0.272623974668501,"ok"
"AGDD","RdivB","FPC2","FPC2_RdivB","IAH4.2021",1128,1128,0.04595248903841,"ok"
"AGDD","RdivB","FPC2","FPC2_RdivB","MIH1.2020",414,414,-0.162594238692082,"ok"
"AGDD","RdivB","FPC2","FPC2_RdivB","MNH1.2020",395,395,-0.0931830395470851,"ok"
"AGDD","RdivB","FPC2","FPC2_RdivB","MNH1.2021",415,415,-0.00673187834971014,"ok"
"AGDD","RdivB","FPC2","FPC2_RdivB","MOH1.2020",1006,1006,-0.0954978408730279,"ok"
"AGDD","RdivB","FPC2","FPC2_RdivB","NEH1.2021",246,246,0.0847283870755304,"ok"
"AGDD","RdivB","FPC2","FPC2_RdivB","TXH1.2020",246,246,0.134748097765312,"ok"
"AGDD","RdivB","FPC2","FPC2_RdivB","TXH1.2021",246,246,0.276387814091815,"ok"
"AGDD","RdivB","FPC2","FPC2_RdivB","TXH2.2020",246,246,0.180468468023387,"ok"
"AGDD","RdivB","FPC2","FPC2_RdivB","TXH2.2021",246,246,0.173325734965897,"ok"
"AGDD","RdivB","FPC2","FPC2_RdivB","TXH3.2020",266,266,0.0335598143575945,"ok"
"AGDD","RdivB","FPC2","FPC2_RdivB","TXH3.2021",245,245,0.320930776413795,"ok"
"AGDD","RdivB","FPC2","FPC2_RdivB","WIH1.2020",394,394,0.137328142641133,"ok"
"AGDD","RdivB","FPC2","FPC2_RdivB","WIH1.2021",398,398,0.148529848041132,"ok"
"AGDD","RdivB","FPC2","FPC2_RdivB","WIH2.2020",1127,1127,0.0622106160158744,"ok"
"AGDD","RdivB","FPC2","FPC2_RdivB","WIH2.2021",1137,1137,0.183005748356326,"ok"
"AGDD","RdivB","FPC2","FPC2_RdivB","WIH3.2020",415,415,0.0452043400453409,"ok"
"AGDD","RdivB","FPC2","FPC2_RdivB","WIH3.2021",397,397,-0.132597497820716,"ok"
"AGDD","RdivB","FPC3","FPC3_RdivB","DEH1.2020",1142,1142,0.0947055912164979,"ok"
"AGDD","RdivB","FPC3","FPC3_RdivB","IAH4.2021",1128,1128,-0.0861541403789261,"ok"
"AGDD","RdivB","FPC3","FPC3_RdivB","MIH1.2020",414,414,0.0560235320264867,"ok"
"AGDD","RdivB","FPC3","FPC3_RdivB","MNH1.2020",395,395,0.0826857632693021,"ok"
"AGDD","RdivB","FPC3","FPC3_RdivB","MNH1.2021",415,415,0.065090459060372,"ok"
"AGDD","RdivB","FPC3","FPC3_RdivB","MOH1.2020",1006,1006,-0.0910509763689621,"ok"
"AGDD","RdivB","FPC3","FPC3_RdivB","NEH1.2021",246,246,-0.387445390678291,"ok"
"AGDD","RdivB","FPC3","FPC3_RdivB","TXH1.2020",246,246,-0.436236488368575,"ok"
"AGDD","RdivB","FPC3","FPC3_RdivB","TXH1.2021",246,246,-0.0969061920458444,"ok"
"AGDD","RdivB","FPC3","FPC3_RdivB","TXH2.2020",246,246,-0.22565626237993,"ok"
"AGDD","RdivB","FPC3","FPC3_RdivB","TXH2.2021",246,246,-0.297903867610544,"ok"
"AGDD","RdivB","FPC3","FPC3_RdivB","TXH3.2020",266,266,0.103835449123562,"ok"
"AGDD","RdivB","FPC3","FPC3_RdivB","TXH3.2021",245,245,-0.481373905664071,"ok"
"AGDD","RdivB","FPC3","FPC3_RdivB","WIH1.2020",394,394,0.121310226305151,"ok"
"AGDD","RdivB","FPC3","FPC3_RdivB","WIH1.2021",398,398,-0.0720568094480321,"ok"
"AGDD","RdivB","FPC3","FPC3_RdivB","WIH2.2020",1127,1127,0.0380430719342932,"ok"
"AGDD","RdivB","FPC3","FPC3_RdivB","WIH2.2021",1137,1137,0.0109015762447975,"ok"
"AGDD","RdivB","FPC3","FPC3_RdivB","WIH3.2020",415,415,0.0683916801844033,"ok"
"AGDD","RdivB","FPC3","FPC3_RdivB","WIH3.2021",397,397,-0.0323889895522738,"ok"
"AGDD","RdivB","FPC4","FPC4_RdivB","DEH1.2020",1142,1142,0.0103424945192051,"ok"
"AGDD","RdivB","FPC4","FPC4_RdivB","IAH4.2021",1128,1128,-0.14484595853675,"ok"
"AGDD","RdivB","FPC4","FPC4_RdivB","MIH1.2020",414,414,0.081970290730795,"ok"
"AGDD","RdivB","FPC4","FPC4_RdivB","MNH1.2020",395,395,-0.0434226830675149,"ok"
"AGDD","RdivB","FPC4","FPC4_RdivB","MNH1.2021",415,415,0.039235585605519,"ok"
"AGDD","RdivB","FPC4","FPC4_RdivB","MOH1.2020",1006,1006,-0.198770821683253,"ok"
"AGDD","RdivB","FPC4","FPC4_RdivB","NEH1.2021",246,246,-0.294614462939232,"ok"
"AGDD","RdivB","FPC4","FPC4_RdivB","TXH1.2020",246,246,-0.258899266289034,"ok"
"AGDD","RdivB","FPC4","FPC4_RdivB","TXH1.2021",246,246,-0.0494830964664931,"ok"
"AGDD","RdivB","FPC4","FPC4_RdivB","TXH2.2020",246,246,-0.218122727650898,"ok"
"AGDD","RdivB","FPC4","FPC4_RdivB","TXH2.2021",246,246,-0.29975273909067,"ok"
"AGDD","RdivB","FPC4","FPC4_RdivB","TXH3.2020",266,266,0.166279855927644,"ok"
"AGDD","RdivB","FPC4","FPC4_RdivB","TXH3.2021",245,245,0.25407650056802,"ok"
"AGDD","RdivB","FPC4","FPC4_RdivB","WIH1.2020",394,394,0.131817475642992,"ok"
"AGDD","RdivB","FPC4","FPC4_RdivB","WIH1.2021",398,398,0.0326753942916654,"ok"
"AGDD","RdivB","FPC4","FPC4_RdivB","WIH2.2020",1127,1127,0.0717911532444463,"ok"
"AGDD","RdivB","FPC4","FPC4_RdivB","WIH2.2021",1137,1137,0.128457834491658,"ok"
"AGDD","RdivB","FPC4","FPC4_RdivB","WIH3.2020",415,415,0.0628548844709431,"ok"
"AGDD","RdivB","FPC4","FPC4_RdivB","WIH3.2021",397,397,-0.119450565241811,"ok"
"AGDD","RdivB","FPC5","FPC5_RdivB","DEH1.2020",1142,1142,-0.0661884758186326,"ok"
"AGDD","RdivB","FPC5","FPC5_RdivB","IAH4.2021",1128,1128,0.0275809397923225,"ok"
"AGDD","RdivB","FPC5","FPC5_RdivB","MIH1.2020",414,414,0.0935288762587804,"ok"
"AGDD","RdivB","FPC5","FPC5_RdivB","MNH1.2020",395,395,-0.156658773688018,"ok"
"AGDD","RdivB","FPC5","FPC5_RdivB","MNH1.2021",415,415,-0.0543430548186946,"ok"
"AGDD","RdivB","FPC5","FPC5_RdivB","MOH1.2020",1006,1006,0.0246870326731081,"ok"
"AGDD","RdivB","FPC5","FPC5_RdivB","NEH1.2021",246,246,0.21755712753015,"ok"
"AGDD","RdivB","FPC5","FPC5_RdivB","TXH1.2020",246,246,0.341380252550358,"ok"
"AGDD","RdivB","FPC5","FPC5_RdivB","TXH1.2021",246,246,0.284680210751872,"ok"
"AGDD","RdivB","FPC5","FPC5_RdivB","TXH2.2020",246,246,0.0963793519590295,"ok"
"AGDD","RdivB","FPC5","FPC5_RdivB","TXH2.2021",246,246,0.127343227764541,"ok"
"AGDD","RdivB","FPC5","FPC5_RdivB","TXH3.2020",266,266,0.117554300281239,"ok"
"AGDD","RdivB","FPC5","FPC5_RdivB","TXH3.2021",245,245,0.536374530724465,"ok"
"AGDD","RdivB","FPC5","FPC5_RdivB","WIH1.2020",394,394,-0.0531658146092812,"ok"
"AGDD","RdivB","FPC5","FPC5_RdivB","WIH1.2021",398,398,0.0558371340227339,"ok"
"AGDD","RdivB","FPC5","FPC5_RdivB","WIH2.2020",1127,1127,-0.0123914241193298,"ok"
"AGDD","RdivB","FPC5","FPC5_RdivB","WIH2.2021",1137,1137,0.0372894178847691,"ok"
"AGDD","RdivB","FPC5","FPC5_RdivB","WIH3.2020",415,415,-0.125453733360906,"ok"
"AGDD","RdivB","FPC5","FPC5_RdivB","WIH3.2021",397,397,0.0794104108064832,"ok"
"AGDD","RdivB","FPC6","FPC6_RdivB","DEH1.2020",1142,1142,-0.0386502083144101,"ok"
"AGDD","RdivB","FPC6","FPC6_RdivB","IAH4.2021",1128,1128,-0.0812748341992613,"ok"
"AGDD","RdivB","FPC6","FPC6_RdivB","MIH1.2020",414,414,-0.0408345392721711,"ok"
"AGDD","RdivB","FPC6","FPC6_RdivB","MNH1.2020",395,395,-0.163217173948714,"ok"
"AGDD","RdivB","FPC6","FPC6_RdivB","MNH1.2021",415,415,-0.0301613597584339,"ok"
"AGDD","RdivB","FPC6","FPC6_RdivB","MOH1.2020",1006,1006,-0.132023203611678,"ok"
"AGDD","RdivB","FPC6","FPC6_RdivB","NEH1.2021",246,246,-0.350556750476322,"ok"
"AGDD","RdivB","FPC6","FPC6_RdivB","TXH1.2020",246,246,0.101865778453226,"ok"
"AGDD","RdivB","FPC6","FPC6_RdivB","TXH1.2021",246,246,0.205066091302341,"ok"
"AGDD","RdivB","FPC6","FPC6_RdivB","TXH2.2020",246,246,-0.0459572391976195,"ok"
"AGDD","RdivB","FPC6","FPC6_RdivB","TXH2.2021",246,246,-0.0431758825191819,"ok"
"AGDD","RdivB","FPC6","FPC6_RdivB","TXH3.2020",266,266,0.0961351545009842,"ok"
"AGDD","RdivB","FPC6","FPC6_RdivB","TXH3.2021",245,245,0.512150778733818,"ok"
"AGDD","RdivB","FPC6","FPC6_RdivB","WIH1.2020",394,394,0.23879007001903,"ok"
"AGDD","RdivB","FPC6","FPC6_RdivB","WIH1.2021",398,398,-0.00797325191722288,"ok"
"AGDD","RdivB","FPC6","FPC6_RdivB","WIH2.2020",1127,1127,0.0831957405362607,"ok"
"AGDD","RdivB","FPC6","FPC6_RdivB","WIH2.2021",1137,1137,0.12674054601027,"ok"
"AGDD","RdivB","FPC6","FPC6_RdivB","WIH3.2020",415,415,0.0705628009885349,"ok"
"AGDD","RdivB","FPC6","FPC6_RdivB","WIH3.2021",397,397,-0.0405684530015535,"ok"
"AGDD","RdivB","FPC7","FPC7_RdivB","DEH1.2020",1142,1142,0.0796911935967176,"ok"
"AGDD","RdivB","FPC7","FPC7_RdivB","IAH4.2021",1128,1128,0.0513528248045622,"ok"
"AGDD","RdivB","FPC7","FPC7_RdivB","MIH1.2020",414,414,0.0378422671276795,"ok"
"AGDD","RdivB","FPC7","FPC7_RdivB","MNH1.2020",395,395,0.14635351349423,"ok"
"AGDD","RdivB","FPC7","FPC7_RdivB","MNH1.2021",415,415,0.0293690157655751,"ok"
"AGDD","RdivB","FPC7","FPC7_RdivB","MOH1.2020",1006,1006,-0.0905922163756118,"ok"
"AGDD","RdivB","FPC7","FPC7_RdivB","NEH1.2021",246,246,0.340836732887278,"ok"
"AGDD","RdivB","FPC7","FPC7_RdivB","TXH1.2020",246,246,-0.0504249502352658,"ok"
"AGDD","RdivB","FPC7","FPC7_RdivB","TXH1.2021",246,246,-0.228757553476604,"ok"
"AGDD","RdivB","FPC7","FPC7_RdivB","TXH2.2020",246,246,0.0616729602570304,"ok"
"AGDD","RdivB","FPC7","FPC7_RdivB","TXH2.2021",246,246,-0.124357539267078,"ok"
"AGDD","RdivB","FPC7","FPC7_RdivB","TXH3.2020",266,266,0.0128769970350301,"ok"
"AGDD","RdivB","FPC7","FPC7_RdivB","TXH3.2021",245,245,-0.50026119659399,"ok"
"AGDD","RdivB","FPC7","FPC7_RdivB","WIH1.2020",394,394,-0.202598205385377,"ok"
"AGDD","RdivB","FPC7","FPC7_RdivB","WIH1.2021",398,398,-0.0345416979778771,"ok"
"AGDD","RdivB","FPC7","FPC7_RdivB","WIH2.2020",1127,1127,-0.112088394053814,"ok"
"AGDD","RdivB","FPC7","FPC7_RdivB","WIH2.2021",1137,1137,-0.118230088719737,"ok"
"AGDD","RdivB","FPC7","FPC7_RdivB","WIH3.2020",415,415,-0.140431262348177,"ok"
"AGDD","RdivB","FPC7","FPC7_RdivB","WIH3.2021",397,397,-0.0435151329538403,"ok"
"AGDD","RminusB","FPC1","FPC1_RminusB","DEH1.2020",1142,1142,-0.129035481697157,"ok"
"AGDD","RminusB","FPC1","FPC1_RminusB","IAH4.2021",1128,1128,-0.256988593814587,"ok"
"AGDD","RminusB","FPC1","FPC1_RminusB","MIH1.2020",414,414,-0.18892398193251,"ok"
"AGDD","RminusB","FPC1","FPC1_RminusB","MNH1.2020",395,395,0.176103407043213,"ok"
"AGDD","RminusB","FPC1","FPC1_RminusB","MNH1.2021",415,415,0.0320569538819312,"ok"
"AGDD","RminusB","FPC1","FPC1_RminusB","MOH1.2020",1006,1006,-0.0875365155886963,"ok"
"AGDD","RminusB","FPC1","FPC1_RminusB","NEH1.2021",246,246,-0.188402960492182,"ok"
"AGDD","RminusB","FPC1","FPC1_RminusB","TXH1.2020",246,246,-0.590071491754391,"ok"
"AGDD","RminusB","FPC1","FPC1_RminusB","TXH1.2021",246,246,-0.149294881593031,"ok"
"AGDD","RminusB","FPC1","FPC1_RminusB","TXH2.2020",246,246,-0.344931502232122,"ok"
"AGDD","RminusB","FPC1","FPC1_RminusB","TXH2.2021",246,246,-0.381127242543583,"ok"
"AGDD","RminusB","FPC1","FPC1_RminusB","TXH3.2020",266,266,-0.112760134075989,"ok"
"AGDD","RminusB","FPC1","FPC1_RminusB","TXH3.2021",245,245,-0.561879475667901,"ok"
"AGDD","RminusB","FPC1","FPC1_RminusB","WIH1.2020",394,394,0.0952009507842827,"ok"
"AGDD","RminusB","FPC1","FPC1_RminusB","WIH1.2021",398,398,0.134772124841624,"ok"
"AGDD","RminusB","FPC1","FPC1_RminusB","WIH2.2020",1127,1127,0.107756112679473,"ok"
"AGDD","RminusB","FPC1","FPC1_RminusB","WIH2.2021",1137,1137,0.0935655880482988,"ok"
"AGDD","RminusB","FPC1","FPC1_RminusB","WIH3.2020",415,415,0.168456562624932,"ok"
"AGDD","RminusB","FPC1","FPC1_RminusB","WIH3.2021",397,397,0.0363644376931566,"ok"
"AGDD","RminusB","FPC2","FPC2_RminusB","DEH1.2020",1142,1142,-0.375737796931835,"ok"
"AGDD","RminusB","FPC2","FPC2_RminusB","IAH4.2021",1128,1128,-0.182802259641482,"ok"
"AGDD","RminusB","FPC2","FPC2_RminusB","MIH1.2020",414,414,0.142737430758999,"ok"
"AGDD","RminusB","FPC2","FPC2_RminusB","MNH1.2020",395,395,-0.179356452363775,"ok"
"AGDD","RminusB","FPC2","FPC2_RminusB","MNH1.2021",415,415,-0.047083862619033,"ok"
"AGDD","RminusB","FPC2","FPC2_RminusB","MOH1.2020",1006,1006,0.000649936655080904,"ok"
"AGDD","RminusB","FPC2","FPC2_RminusB","NEH1.2021",246,246,0.143016373525941,"ok"
"AGDD","RminusB","FPC2","FPC2_RminusB","TXH1.2020",246,246,-0.420653947853817,"ok"
"AGDD","RminusB","FPC2","FPC2_RminusB","TXH1.2021",246,246,-0.198363213379965,"ok"
"AGDD","RminusB","FPC2","FPC2_RminusB","TXH2.2020",246,246,-0.378949737472413,"ok"
"AGDD","RminusB","FPC2","FPC2_RminusB","TXH2.2021",246,246,-0.106871584003066,"ok"
"AGDD","RminusB","FPC2","FPC2_RminusB","TXH3.2020",266,266,0.107773667226896,"ok"
"AGDD","RminusB","FPC2","FPC2_RminusB","TXH3.2021",245,245,0.253551720269317,"ok"
"AGDD","RminusB","FPC2","FPC2_RminusB","WIH1.2020",394,394,-0.0153218121016483,"ok"
"AGDD","RminusB","FPC2","FPC2_RminusB","WIH1.2021",398,398,0.196135969138532,"ok"
"AGDD","RminusB","FPC2","FPC2_RminusB","WIH2.2020",1127,1127,0.0484497364043996,"ok"
"AGDD","RminusB","FPC2","FPC2_RminusB","WIH2.2021",1137,1137,-0.0647047905183874,"ok"
"AGDD","RminusB","FPC2","FPC2_RminusB","WIH3.2020",415,415,0.00151176964529707,"ok"
"AGDD","RminusB","FPC2","FPC2_RminusB","WIH3.2021",397,397,-0.0983770012409069,"ok"
"AGDD","RminusB","FPC3","FPC3_RminusB","DEH1.2020",1142,1142,0.359180195727188,"ok"
"AGDD","RminusB","FPC3","FPC3_RminusB","IAH4.2021",1128,1128,0.0504152531667729,"ok"
"AGDD","RminusB","FPC3","FPC3_RminusB","MIH1.2020",414,414,-0.00441598163203336,"ok"
"AGDD","RminusB","FPC3","FPC3_RminusB","MNH1.2020",395,395,0.31672405545686,"ok"
"AGDD","RminusB","FPC3","FPC3_RminusB","MNH1.2021",415,415,0.129818354671812,"ok"
"AGDD","RminusB","FPC3","FPC3_RminusB","MOH1.2020",1006,1006,-0.0919271695068594,"ok"
"AGDD","RminusB","FPC3","FPC3_RminusB","NEH1.2021",246,246,-0.115351516712785,"ok"
"AGDD","RminusB","FPC3","FPC3_RminusB","TXH1.2020",246,246,0.0141148873259856,"ok"
"AGDD","RminusB","FPC3","FPC3_RminusB","TXH1.2021",246,246,0.0990760928145897,"ok"
"AGDD","RminusB","FPC3","FPC3_RminusB","TXH2.2020",246,246,0.162726059031746,"ok"
"AGDD","RminusB","FPC3","FPC3_RminusB","TXH2.2021",246,246,-0.0188224513150589,"ok"
"AGDD","RminusB","FPC3","FPC3_RminusB","TXH3.2020",266,266,-0.0191375651667219,"ok"
"AGDD","RminusB","FPC3","FPC3_RminusB","TXH3.2021",245,245,-0.277606739357728,"ok"
"AGDD","RminusB","FPC3","FPC3_RminusB","WIH1.2020",394,394,-0.0643514405100346,"ok"
"AGDD","RminusB","FPC3","FPC3_RminusB","WIH1.2021",398,398,-0.0512996401112403,"ok"
"AGDD","RminusB","FPC3","FPC3_RminusB","WIH2.2020",1127,1127,-0.00919686217470224,"ok"
"AGDD","RminusB","FPC3","FPC3_RminusB","WIH2.2021",1137,1137,-0.0207778624581993,"ok"
"AGDD","RminusB","FPC3","FPC3_RminusB","WIH3.2020",415,415,0.0128647903611451,"ok"
"AGDD","RminusB","FPC3","FPC3_RminusB","WIH3.2021",397,397,0.058272646189714,"ok"
"AGDD","RminusB","FPC4","FPC4_RminusB","DEH1.2020",1142,1142,0.00104279766476037,"ok"
"AGDD","RminusB","FPC4","FPC4_RminusB","IAH4.2021",1128,1128,0.0105005462797585,"ok"
"AGDD","RminusB","FPC4","FPC4_RminusB","MIH1.2020",414,414,0.407013264373026,"ok"
"AGDD","RminusB","FPC4","FPC4_RminusB","MNH1.2020",395,395,-0.0987019596826411,"ok"
"AGDD","RminusB","FPC4","FPC4_RminusB","MNH1.2021",415,415,-0.146829917460821,"ok"
"AGDD","RminusB","FPC4","FPC4_RminusB","MOH1.2020",1006,1006,0.145884928905688,"ok"
"AGDD","RminusB","FPC4","FPC4_RminusB","NEH1.2021",246,246,0.0560400407315642,"ok"
"AGDD","RminusB","FPC4","FPC4_RminusB","TXH1.2020",246,246,-0.381957652195025,"ok"
"AGDD","RminusB","FPC4","FPC4_RminusB","TXH1.2021",246,246,-0.0475261884515968,"ok"
"AGDD","RminusB","FPC4","FPC4_RminusB","TXH2.2020",246,246,-0.204721397508386,"ok"
"AGDD","RminusB","FPC4","FPC4_RminusB","TXH2.2021",246,246,-0.0749295003937551,"ok"
"AGDD","RminusB","FPC4","FPC4_RminusB","TXH3.2020",266,266,-0.0145630418870428,"ok"
"AGDD","RminusB","FPC4","FPC4_RminusB","TXH3.2021",245,245,0.234945312991841,"ok"
"AGDD","RminusB","FPC4","FPC4_RminusB","WIH1.2020",394,394,0.240184088019104,"ok"
"AGDD","RminusB","FPC4","FPC4_RminusB","WIH1.2021",398,398,0.406628815264236,"ok"
"AGDD","RminusB","FPC4","FPC4_RminusB","WIH2.2020",1127,1127,0.136799661646689,"ok"
"AGDD","RminusB","FPC4","FPC4_RminusB","WIH2.2021",1137,1137,0.269655587809207,"ok"
"AGDD","RminusB","FPC4","FPC4_RminusB","WIH3.2020",415,415,0.187764336202603,"ok"
"AGDD","RminusB","FPC4","FPC4_RminusB","WIH3.2021",397,397,0.0371916951336422,"ok"
"AGDD","RminusB","FPC5","FPC5_RminusB","DEH1.2020",1142,1142,0.0867575887521468,"ok"
"AGDD","RminusB","FPC5","FPC5_RminusB","IAH4.2021",1128,1128,0.0468557741257626,"ok"
"AGDD","RminusB","FPC5","FPC5_RminusB","MIH1.2020",414,414,-0.112461661595516,"ok"
"AGDD","RminusB","FPC5","FPC5_RminusB","MNH1.2020",395,395,-0.125024618448811,"ok"
"AGDD","RminusB","FPC5","FPC5_RminusB","MNH1.2021",415,415,-0.0341258290209036,"ok"
"AGDD","RminusB","FPC5","FPC5_RminusB","MOH1.2020",1006,1006,-0.135282763621876,"ok"
"AGDD","RminusB","FPC5","FPC5_RminusB","NEH1.2021",246,246,-0.105541311339845,"ok"
"AGDD","RminusB","FPC5","FPC5_RminusB","TXH1.2020",246,246,0.0757991470241056,"ok"
"AGDD","RminusB","FPC5","FPC5_RminusB","TXH1.2021",246,246,0.153671605366789,"ok"
"AGDD","RminusB","FPC5","FPC5_RminusB","TXH2.2020",246,246,0.0899148606325749,"ok"
"AGDD","RminusB","FPC5","FPC5_RminusB","TXH2.2021",246,246,0.0300186075733717,"ok"
"AGDD","RminusB","FPC5","FPC5_RminusB","TXH3.2020",266,266,0.063164238305201,"ok"
"AGDD","RminusB","FPC5","FPC5_RminusB","TXH3.2021",245,245,0.289065268394169,"ok"
"AGDD","RminusB","FPC5","FPC5_RminusB","WIH1.2020",394,394,-0.211450484690485,"ok"
"AGDD","RminusB","FPC5","FPC5_RminusB","WIH1.2021",398,398,-0.142648742063111,"ok"
"AGDD","RminusB","FPC5","FPC5_RminusB","WIH2.2020",1127,1127,-0.0613954573211044,"ok"
"AGDD","RminusB","FPC5","FPC5_RminusB","WIH2.2021",1137,1137,-0.356256571112712,"ok"
"AGDD","RminusB","FPC5","FPC5_RminusB","WIH3.2020",415,415,-0.0860606047106548,"ok"
"AGDD","RminusB","FPC5","FPC5_RminusB","WIH3.2021",397,397,-0.0620180789473547,"ok"
"AGDD","RminusB","FPC6","FPC6_RminusB","DEH1.2020",1142,1142,0.135136262620079,"ok"
"AGDD","RminusB","FPC6","FPC6_RminusB","IAH4.2021",1128,1128,-0.0294831853576295,"ok"
"AGDD","RminusB","FPC6","FPC6_RminusB","MIH1.2020",414,414,0.0243403756496668,"ok"
"AGDD","RminusB","FPC6","FPC6_RminusB","MNH1.2020",395,395,0.35988479174103,"ok"
"AGDD","RminusB","FPC6","FPC6_RminusB","MNH1.2021",415,415,0.0972669217180118,"ok"
"AGDD","RminusB","FPC6","FPC6_RminusB","MOH1.2020",1006,1006,-0.182695562725719,"ok"
"AGDD","RminusB","FPC6","FPC6_RminusB","NEH1.2021",246,246,0.185689930368926,"ok"
"AGDD","RminusB","FPC6","FPC6_RminusB","TXH1.2020",246,246,-0.0983482179308219,"ok"
"AGDD","RminusB","FPC6","FPC6_RminusB","TXH1.2021",246,246,0.15300145354096,"ok"
"AGDD","RminusB","FPC6","FPC6_RminusB","TXH2.2020",246,246,0.117598762194964,"ok"
"AGDD","RminusB","FPC6","FPC6_RminusB","TXH2.2021",246,246,0.225833331150572,"ok"
"AGDD","RminusB","FPC6","FPC6_RminusB","TXH3.2020",266,266,0.0432941793021203,"ok"
"AGDD","RminusB","FPC6","FPC6_RminusB","TXH3.2021",245,245,-0.0737155429109247,"ok"
"AGDD","RminusB","FPC6","FPC6_RminusB","WIH1.2020",394,394,-0.15459049445319,"ok"
"AGDD","RminusB","FPC6","FPC6_RminusB","WIH1.2021",398,398,0.275605656680607,"ok"
"AGDD","RminusB","FPC6","FPC6_RminusB","WIH2.2020",1127,1127,-0.160876913624618,"ok"
"AGDD","RminusB","FPC6","FPC6_RminusB","WIH2.2021",1137,1137,0.0142204568543895,"ok"
"AGDD","RminusB","FPC6","FPC6_RminusB","WIH3.2020",415,415,-0.106500637455429,"ok"
"AGDD","RminusB","FPC6","FPC6_RminusB","WIH3.2021",397,397,-0.0664716663910259,"ok"
"AGDD","RminusB","FPC7","FPC7_RminusB","DEH1.2020",1142,1142,0.0823929069597678,"ok"
"AGDD","RminusB","FPC7","FPC7_RminusB","IAH4.2021",1128,1128,0.0138211190098142,"ok"
"AGDD","RminusB","FPC7","FPC7_RminusB","MIH1.2020",414,414,-0.0535084823196497,"ok"
"AGDD","RminusB","FPC7","FPC7_RminusB","MNH1.2020",395,395,0.267960908349724,"ok"
"AGDD","RminusB","FPC7","FPC7_RminusB","MNH1.2021",415,415,-0.0249498003946008,"ok"
"AGDD","RminusB","FPC7","FPC7_RminusB","MOH1.2020",1006,1006,-0.236607886220933,"ok"
"AGDD","RminusB","FPC7","FPC7_RminusB","NEH1.2021",246,246,0.226117942159502,"ok"
"AGDD","RminusB","FPC7","FPC7_RminusB","TXH1.2020",246,246,0.0473270935881673,"ok"
"AGDD","RminusB","FPC7","FPC7_RminusB","TXH1.2021",246,246,0.0431499194376094,"ok"
"AGDD","RminusB","FPC7","FPC7_RminusB","TXH2.2020",246,246,0.100879249489916,"ok"
"AGDD","RminusB","FPC7","FPC7_RminusB","TXH2.2021",246,246,0.11872649564781,"ok"
"AGDD","RminusB","FPC7","FPC7_RminusB","TXH3.2020",266,266,-0.0591632632551753,"ok"
"AGDD","RminusB","FPC7","FPC7_RminusB","TXH3.2021",245,245,0.174411232090321,"ok"
"AGDD","RminusB","FPC7","FPC7_RminusB","WIH1.2020",394,394,-0.11431966522516,"ok"
"AGDD","RminusB","FPC7","FPC7_RminusB","WIH1.2021",398,398,0.215454087610784,"ok"
"AGDD","RminusB","FPC7","FPC7_RminusB","WIH2.2020",1127,1127,-0.219558142511194,"ok"
"AGDD","RminusB","FPC7","FPC7_RminusB","WIH2.2021",1137,1137,-0.274545647614506,"ok"
"AGDD","RminusB","FPC7","FPC7_RminusB","WIH3.2020",415,415,-0.168556570421783,"ok"
"AGDD","RminusB","FPC7","FPC7_RminusB","WIH3.2021",397,397,-0.138895156432352,"ok"
"AGDD","TGI","FPC1","FPC1_TGI","DEH1.2020",1142,1142,-0.252788018429122,"ok"
"AGDD","TGI","FPC1","FPC1_TGI","IAH4.2021",1128,1128,-0.172212066847146,"ok"
"AGDD","TGI","FPC1","FPC1_TGI","MIH1.2020",414,414,0.0989189152167962,"ok"
"AGDD","TGI","FPC1","FPC1_TGI","MNH1.2020",395,395,0.287162691156758,"ok"
"AGDD","TGI","FPC1","FPC1_TGI","MNH1.2021",415,415,0.0702425403300394,"ok"
"AGDD","TGI","FPC1","FPC1_TGI","MOH1.2020",1006,1006,0.184494326375217,"ok"
"AGDD","TGI","FPC1","FPC1_TGI","NEH1.2021",246,246,0.137270455315531,"ok"
"AGDD","TGI","FPC1","FPC1_TGI","TXH1.2020",246,246,0.0439413671315628,"ok"
"AGDD","TGI","FPC1","FPC1_TGI","TXH1.2021",246,246,-0.0553012662118707,"ok"
"AGDD","TGI","FPC1","FPC1_TGI","TXH2.2020",246,246,0.302558874976165,"ok"
"AGDD","TGI","FPC1","FPC1_TGI","TXH2.2021",246,246,-0.0424375274998047,"ok"
"AGDD","TGI","FPC1","FPC1_TGI","TXH3.2020",266,266,-0.0741528055368711,"ok"
"AGDD","TGI","FPC1","FPC1_TGI","TXH3.2021",245,245,0.201889554353457,"ok"
"AGDD","TGI","FPC1","FPC1_TGI","WIH1.2020",394,394,-0.0039306247284057,"ok"
"AGDD","TGI","FPC1","FPC1_TGI","WIH1.2021",398,398,0.198749423745185,"ok"
"AGDD","TGI","FPC1","FPC1_TGI","WIH2.2020",1127,1127,0.0780339904913555,"ok"
"AGDD","TGI","FPC1","FPC1_TGI","WIH2.2021",1137,1137,0.177048721201618,"ok"
"AGDD","TGI","FPC1","FPC1_TGI","WIH3.2020",415,415,0.126250892755718,"ok"
"AGDD","TGI","FPC1","FPC1_TGI","WIH3.2021",397,397,0.195702965246641,"ok"
"AGDD","TGI","FPC2","FPC2_TGI","DEH1.2020",1142,1142,0.168644891600588,"ok"
"AGDD","TGI","FPC2","FPC2_TGI","IAH4.2021",1128,1128,-0.159638356320715,"ok"
"AGDD","TGI","FPC2","FPC2_TGI","MIH1.2020",414,414,-0.354290032137088,"ok"
"AGDD","TGI","FPC2","FPC2_TGI","MNH1.2020",395,395,0.00437732900582293,"ok"
"AGDD","TGI","FPC2","FPC2_TGI","MNH1.2021",415,415,0.234393747845699,"ok"
"AGDD","TGI","FPC2","FPC2_TGI","MOH1.2020",1006,1006,-0.141671200637852,"ok"
"AGDD","TGI","FPC2","FPC2_TGI","NEH1.2021",246,246,-0.0900407499081544,"ok"
"AGDD","TGI","FPC2","FPC2_TGI","TXH1.2020",246,246,0.183972843431811,"ok"
"AGDD","TGI","FPC2","FPC2_TGI","TXH1.2021",246,246,-0.0894948472713223,"ok"
"AGDD","TGI","FPC2","FPC2_TGI","TXH2.2020",246,246,0.311584350106631,"ok"
"AGDD","TGI","FPC2","FPC2_TGI","TXH2.2021",246,246,-0.104358607737554,"ok"
"AGDD","TGI","FPC2","FPC2_TGI","TXH3.2020",266,266,0.0157613608673546,"ok"
"AGDD","TGI","FPC2","FPC2_TGI","TXH3.2021",245,245,0.139935860452594,"ok"
"AGDD","TGI","FPC2","FPC2_TGI","WIH1.2020",394,394,0.347871456338495,"ok"
"AGDD","TGI","FPC2","FPC2_TGI","WIH1.2021",398,398,-0.255046195300891,"ok"
"AGDD","TGI","FPC2","FPC2_TGI","WIH2.2020",1127,1127,0.0399637828666716,"ok"
"AGDD","TGI","FPC2","FPC2_TGI","WIH2.2021",1137,1137,0.114697267282959,"ok"
"AGDD","TGI","FPC2","FPC2_TGI","WIH3.2020",415,415,0.13240639358924,"ok"
"AGDD","TGI","FPC2","FPC2_TGI","WIH3.2021",397,397,-0.0829585801723061,"ok"
"AGDD","TGI","FPC3","FPC3_TGI","DEH1.2020",1142,1142,0.0917484360085164,"ok"
"AGDD","TGI","FPC3","FPC3_TGI","IAH4.2021",1128,1128,0.195879804727451,"ok"
"AGDD","TGI","FPC3","FPC3_TGI","MIH1.2020",414,414,0.151285906728589,"ok"
"AGDD","TGI","FPC3","FPC3_TGI","MNH1.2020",395,395,0.281709714562221,"ok"
"AGDD","TGI","FPC3","FPC3_TGI","MNH1.2021",415,415,-0.183604456402094,"ok"
"AGDD","TGI","FPC3","FPC3_TGI","MOH1.2020",1006,1006,0.201466018467294,"ok"
"AGDD","TGI","FPC3","FPC3_TGI","NEH1.2021",246,246,-0.0446995226909234,"ok"
"AGDD","TGI","FPC3","FPC3_TGI","TXH1.2020",246,246,-0.269557530418367,"ok"
"AGDD","TGI","FPC3","FPC3_TGI","TXH1.2021",246,246,0.141872327181834,"ok"
"AGDD","TGI","FPC3","FPC3_TGI","TXH2.2020",246,246,-0.398374576118327,"ok"
"AGDD","TGI","FPC3","FPC3_TGI","TXH2.2021",246,246,0.175531367223663,"ok"
"AGDD","TGI","FPC3","FPC3_TGI","TXH3.2020",266,266,0.0613319569522695,"ok"
"AGDD","TGI","FPC3","FPC3_TGI","TXH3.2021",245,245,-0.131725971411345,"ok"
"AGDD","TGI","FPC3","FPC3_TGI","WIH1.2020",394,394,-0.257254681750463,"ok"
"AGDD","TGI","FPC3","FPC3_TGI","WIH1.2021",398,398,0.255667565638175,"ok"
"AGDD","TGI","FPC3","FPC3_TGI","WIH2.2020",1127,1127,-0.062436822016086,"ok"
"AGDD","TGI","FPC3","FPC3_TGI","WIH2.2021",1137,1137,-0.185744175944134,"ok"
"AGDD","TGI","FPC3","FPC3_TGI","WIH3.2020",415,415,-0.108002926050425,"ok"
"AGDD","TGI","FPC3","FPC3_TGI","WIH3.2021",397,397,0.107653765020234,"ok"
"AGDD","TGI","FPC4","FPC4_TGI","DEH1.2020",1142,1142,-0.144465044131355,"ok"
"AGDD","TGI","FPC4","FPC4_TGI","IAH4.2021",1128,1128,0.146944094666233,"ok"
"AGDD","TGI","FPC4","FPC4_TGI","MIH1.2020",414,414,0.357475762426688,"ok"
"AGDD","TGI","FPC4","FPC4_TGI","MNH1.2020",395,395,-0.213613636668617,"ok"
"AGDD","TGI","FPC4","FPC4_TGI","MNH1.2021",415,415,-0.207476329441021,"ok"
"AGDD","TGI","FPC4","FPC4_TGI","MOH1.2020",1006,1006,0.117582936579064,"ok"
"AGDD","TGI","FPC4","FPC4_TGI","NEH1.2021",246,246,0.0201911534696716,"ok"
"AGDD","TGI","FPC4","FPC4_TGI","TXH1.2020",246,246,0.00788311721007941,"ok"
"AGDD","TGI","FPC4","FPC4_TGI","TXH1.2021",246,246,0.160501813420368,"ok"
"AGDD","TGI","FPC4","FPC4_TGI","TXH2.2020",246,246,0.128648238058936,"ok"
"AGDD","TGI","FPC4","FPC4_TGI","TXH2.2021",246,246,0.040428906088577,"ok"
"AGDD","TGI","FPC4","FPC4_TGI","TXH3.2020",266,266,0.137501697298574,"ok"
"AGDD","TGI","FPC4","FPC4_TGI","TXH3.2021",245,245,-0.0940533603467831,"ok"
"AGDD","TGI","FPC4","FPC4_TGI","WIH1.2020",394,394,-0.41291950183685,"ok"
"AGDD","TGI","FPC4","FPC4_TGI","WIH1.2021",398,398,0.233152203069997,"ok"
"AGDD","TGI","FPC4","FPC4_TGI","WIH2.2020",1127,1127,-0.0836632465435687,"ok"
"AGDD","TGI","FPC4","FPC4_TGI","WIH2.2021",1137,1137,-0.0339250516487524,"ok"
"AGDD","TGI","FPC4","FPC4_TGI","WIH3.2020",415,415,-0.104618151499681,"ok"
"AGDD","TGI","FPC4","FPC4_TGI","WIH3.2021",397,397,0.0912279408207828,"ok"
"AGDD","TGI","FPC5","FPC5_TGI","DEH1.2020",1142,1142,-0.107117093656719,"ok"
"AGDD","TGI","FPC5","FPC5_TGI","IAH4.2021",1128,1128,0.0851411671083426,"ok"
"AGDD","TGI","FPC5","FPC5_TGI","MIH1.2020",414,414,0.346705060685198,"ok"
"AGDD","TGI","FPC5","FPC5_TGI","MNH1.2020",395,395,-0.272925438662216,"ok"
"AGDD","TGI","FPC5","FPC5_TGI","MNH1.2021",415,415,0.14637214530508,"ok"
"AGDD","TGI","FPC5","FPC5_TGI","MOH1.2020",1006,1006,-0.0895785411883541,"ok"
"AGDD","TGI","FPC5","FPC5_TGI","NEH1.2021",246,246,0.0370197295386266,"ok"
"AGDD","TGI","FPC5","FPC5_TGI","TXH1.2020",246,246,0.212699556965946,"ok"
"AGDD","TGI","FPC5","FPC5_TGI","TXH1.2021",246,246,-0.172511203849229,"ok"
"AGDD","TGI","FPC5","FPC5_TGI","TXH2.2020",246,246,0.183296361546972,"ok"
"AGDD","TGI","FPC5","FPC5_TGI","TXH2.2021",246,246,-0.136509251249904,"ok"
"AGDD","TGI","FPC5","FPC5_TGI","TXH3.2020",266,266,0.048160169781034,"ok"
"AGDD","TGI","FPC5","FPC5_TGI","TXH3.2021",245,245,-0.105937733502259,"ok"
"AGDD","TGI","FPC5","FPC5_TGI","WIH1.2020",394,394,-0.148952875382919,"ok"
"AGDD","TGI","FPC5","FPC5_TGI","WIH1.2021",398,398,-0.159049067706139,"ok"
"AGDD","TGI","FPC5","FPC5_TGI","WIH2.2020",1127,1127,0.0865896909227719,"ok"
"AGDD","TGI","FPC5","FPC5_TGI","WIH2.2021",1137,1137,0.173447333773049,"ok"
"AGDD","TGI","FPC5","FPC5_TGI","WIH3.2020",415,415,0.00650038379335045,"ok"
"AGDD","TGI","FPC5","FPC5_TGI","WIH3.2021",397,397,-0.0246966489796491,"ok"
"AGDD","TGI","FPC6","FPC6_TGI","DEH1.2020",1142,1142,-0.0472483796386882,"ok"
"AGDD","TGI","FPC6","FPC6_TGI","IAH4.2021",1128,1128,0.150426049451401,"ok"
"AGDD","TGI","FPC6","FPC6_TGI","MIH1.2020",414,414,-0.351755852950304,"ok"
"AGDD","TGI","FPC6","FPC6_TGI","MNH1.2020",395,395,0.0962411433513581,"ok"
"AGDD","TGI","FPC6","FPC6_TGI","MNH1.2021",415,415,-0.0978436577247761,"ok"
"AGDD","TGI","FPC6","FPC6_TGI","MOH1.2020",1006,1006,-0.174909301872629,"ok"
"AGDD","TGI","FPC6","FPC6_TGI","NEH1.2021",246,246,-0.001296457169877,"ok"
"AGDD","TGI","FPC6","FPC6_TGI","TXH1.2020",246,246,-0.120623567054437,"ok"
"AGDD","TGI","FPC6","FPC6_TGI","TXH1.2021",246,246,-0.168938619823405,"ok"
"AGDD","TGI","FPC6","FPC6_TGI","TXH2.2020",246,246,-0.302604745373682,"ok"
"AGDD","TGI","FPC6","FPC6_TGI","TXH2.2021",246,246,-0.182985221915127,"ok"
"AGDD","TGI","FPC6","FPC6_TGI","TXH3.2020",266,266,-0.0708679100686116,"ok"
"AGDD","TGI","FPC6","FPC6_TGI","TXH3.2021",245,245,-0.0529366696963468,"ok"
"AGDD","TGI","FPC6","FPC6_TGI","WIH1.2020",394,394,0.137060698147861,"ok"
"AGDD","TGI","FPC6","FPC6_TGI","WIH1.2021",398,398,-0.273908258200157,"ok"
"AGDD","TGI","FPC6","FPC6_TGI","WIH2.2020",1127,1127,-0.0139698514574824,"ok"
"AGDD","TGI","FPC6","FPC6_TGI","WIH2.2021",1137,1137,0.0476983173217462,"ok"
"AGDD","TGI","FPC6","FPC6_TGI","WIH3.2020",415,415,0.0165115973471428,"ok"
"AGDD","TGI","FPC6","FPC6_TGI","WIH3.2021",397,397,-0.0108335407207792,"ok"
"AGDD","TGI","FPC7","FPC7_TGI","DEH1.2020",1142,1142,0.0070010222076279,"ok"
"AGDD","TGI","FPC7","FPC7_TGI","IAH4.2021",1128,1128,-0.144347914040725,"ok"
"AGDD","TGI","FPC7","FPC7_TGI","MIH1.2020",414,414,0.0403139849890984,"ok"
"AGDD","TGI","FPC7","FPC7_TGI","MNH1.2020",395,395,0.202947987928466,"ok"
"AGDD","TGI","FPC7","FPC7_TGI","MNH1.2021",415,415,0.204593234311841,"ok"
"AGDD","TGI","FPC7","FPC7_TGI","MOH1.2020",1006,1006,0.206330759938645,"ok"
"AGDD","TGI","FPC7","FPC7_TGI","NEH1.2021",246,246,-0.0721198272560371,"ok"
"AGDD","TGI","FPC7","FPC7_TGI","TXH1.2020",246,246,0.076796945416574,"ok"
"AGDD","TGI","FPC7","FPC7_TGI","TXH1.2021",246,246,0.110862974223693,"ok"
"AGDD","TGI","FPC7","FPC7_TGI","TXH2.2020",246,246,0.357429139998876,"ok"
"AGDD","TGI","FPC7","FPC7_TGI","TXH2.2021",246,246,0.134864723037909,"ok"
"AGDD","TGI","FPC7","FPC7_TGI","TXH3.2020",266,266,-0.0103526241819675,"ok"
"AGDD","TGI","FPC7","FPC7_TGI","TXH3.2021",245,245,-0.1546952612878,"ok"
"AGDD","TGI","FPC7","FPC7_TGI","WIH1.2020",394,394,-0.120789952169436,"ok"
"AGDD","TGI","FPC7","FPC7_TGI","WIH1.2021",398,398,0.0857290872854957,"ok"
"AGDD","TGI","FPC7","FPC7_TGI","WIH2.2020",1127,1127,0.00185813433106863,"ok"
"AGDD","TGI","FPC7","FPC7_TGI","WIH2.2021",1137,1137,-0.0699746903793735,"ok"
"AGDD","TGI","FPC7","FPC7_TGI","WIH3.2020",415,415,0.000513808712143814,"ok"
"AGDD","TGI","FPC7","FPC7_TGI","WIH3.2021",397,397,0.00186880385751881,"ok"
"AGDD","TNDGR","FPC1","FPC1_TNDGR","DEH1.2020",1142,1142,-0.180908197357165,"ok"
"AGDD","TNDGR","FPC1","FPC1_TNDGR","IAH4.2021",1128,1128,-0.00730770329065036,"ok"
"AGDD","TNDGR","FPC1","FPC1_TNDGR","MIH1.2020",414,414,0.249452760462888,"ok"
"AGDD","TNDGR","FPC1","FPC1_TNDGR","MNH1.2020",395,395,-0.393085024290585,"ok"
"AGDD","TNDGR","FPC1","FPC1_TNDGR","MNH1.2021",415,415,-0.0770980736155698,"ok"
"AGDD","TNDGR","FPC1","FPC1_TNDGR","MOH1.2020",1006,1006,-0.120857210122245,"ok"
"AGDD","TNDGR","FPC1","FPC1_TNDGR","NEH1.2021",246,246,-0.136908716444534,"ok"
"AGDD","TNDGR","FPC1","FPC1_TNDGR","TXH1.2020",246,246,0.45338907807738,"ok"
"AGDD","TNDGR","FPC1","FPC1_TNDGR","TXH1.2021",246,246,-0.0318286247866071,"ok"
"AGDD","TNDGR","FPC1","FPC1_TNDGR","TXH2.2020",246,246,0.326375719098044,"ok"
"AGDD","TNDGR","FPC1","FPC1_TNDGR","TXH2.2021",246,246,-0.0400863294783814,"ok"
"AGDD","TNDGR","FPC1","FPC1_TNDGR","TXH3.2020",266,266,0.257008931481931,"ok"
"AGDD","TNDGR","FPC1","FPC1_TNDGR","TXH3.2021",245,245,0.201033566693314,"ok"
"AGDD","TNDGR","FPC1","FPC1_TNDGR","WIH1.2020",394,394,-0.270241778621355,"ok"
"AGDD","TNDGR","FPC1","FPC1_TNDGR","WIH1.2021",398,398,-0.00299307925682242,"ok"
"AGDD","TNDGR","FPC1","FPC1_TNDGR","WIH2.2020",1127,1127,-0.000818705404600489,"ok"
"AGDD","TNDGR","FPC1","FPC1_TNDGR","WIH2.2021",1137,1137,-0.298447038328834,"ok"
"AGDD","TNDGR","FPC1","FPC1_TNDGR","WIH3.2020",415,415,-0.261542843833163,"ok"
"AGDD","TNDGR","FPC1","FPC1_TNDGR","WIH3.2021",397,397,-0.151960591119315,"ok"
"AGDD","TNDGR","FPC2","FPC2_TNDGR","DEH1.2020",1142,1142,-0.210225640263045,"ok"
"AGDD","TNDGR","FPC2","FPC2_TNDGR","IAH4.2021",1128,1128,0.179335148353843,"ok"
"AGDD","TNDGR","FPC2","FPC2_TNDGR","MIH1.2020",414,414,0.251718913196405,"ok"
"AGDD","TNDGR","FPC2","FPC2_TNDGR","MNH1.2020",395,395,0.361128136403035,"ok"
"AGDD","TNDGR","FPC2","FPC2_TNDGR","MNH1.2021",415,415,0.217558203241862,"ok"
"AGDD","TNDGR","FPC2","FPC2_TNDGR","MOH1.2020",1006,1006,0.434361002055692,"ok"
"AGDD","TNDGR","FPC2","FPC2_TNDGR","NEH1.2021",246,246,0.176760147750256,"ok"
"AGDD","TNDGR","FPC2","FPC2_TNDGR","TXH1.2020",246,246,0.581568659093337,"ok"
"AGDD","TNDGR","FPC2","FPC2_TNDGR","TXH1.2021",246,246,-0.0535274071105456,"ok"
"AGDD","TNDGR","FPC2","FPC2_TNDGR","TXH2.2020",246,246,0.318119869155523,"ok"
"AGDD","TNDGR","FPC2","FPC2_TNDGR","TXH2.2021",246,246,0.40291933480362,"ok"
"AGDD","TNDGR","FPC2","FPC2_TNDGR","TXH3.2020",266,266,0.122730499601891,"ok"
"AGDD","TNDGR","FPC2","FPC2_TNDGR","TXH3.2021",245,245,0.468796267940873,"ok"
"AGDD","TNDGR","FPC2","FPC2_TNDGR","WIH1.2020",394,394,0.375620038073147,"ok"
"AGDD","TNDGR","FPC2","FPC2_TNDGR","WIH1.2021",398,398,0.215443775897175,"ok"
"AGDD","TNDGR","FPC2","FPC2_TNDGR","WIH2.2020",1127,1127,0.124655930778239,"ok"
"AGDD","TNDGR","FPC2","FPC2_TNDGR","WIH2.2021",1137,1137,0.0899990282338756,"ok"
"AGDD","TNDGR","FPC2","FPC2_TNDGR","WIH3.2020",415,415,0.0646928361977789,"ok"
"AGDD","TNDGR","FPC2","FPC2_TNDGR","WIH3.2021",397,397,0.35774435843063,"ok"
"AGDD","TNDGR","FPC3","FPC3_TNDGR","DEH1.2020",1142,1142,0.275182284823055,"ok"
"AGDD","TNDGR","FPC3","FPC3_TNDGR","IAH4.2021",1128,1128,0.113725208432241,"ok"
"AGDD","TNDGR","FPC3","FPC3_TNDGR","MIH1.2020",414,414,0.0356504901184426,"ok"
"AGDD","TNDGR","FPC3","FPC3_TNDGR","MNH1.2020",395,395,0.454413724367313,"ok"
"AGDD","TNDGR","FPC3","FPC3_TNDGR","MNH1.2021",415,415,0.291280785829057,"ok"
"AGDD","TNDGR","FPC3","FPC3_TNDGR","MOH1.2020",1006,1006,0.451181285244704,"ok"
"AGDD","TNDGR","FPC3","FPC3_TNDGR","NEH1.2021",246,246,0.0253004866764996,"ok"
"AGDD","TNDGR","FPC3","FPC3_TNDGR","TXH1.2020",246,246,0.297447855968947,"ok"
"AGDD","TNDGR","FPC3","FPC3_TNDGR","TXH1.2021",246,246,0.0828062127507037,"ok"
"AGDD","TNDGR","FPC3","FPC3_TNDGR","TXH2.2020",246,246,0.315486850974315,"ok"
"AGDD","TNDGR","FPC3","FPC3_TNDGR","TXH2.2021",246,246,0.218440667090639,"ok"
"AGDD","TNDGR","FPC3","FPC3_TNDGR","TXH3.2020",266,266,-0.0614332014726656,"ok"
"AGDD","TNDGR","FPC3","FPC3_TNDGR","TXH3.2021",245,245,0.227517197537146,"ok"
"AGDD","TNDGR","FPC3","FPC3_TNDGR","WIH1.2020",394,394,0.569586003578963,"ok"
"AGDD","TNDGR","FPC3","FPC3_TNDGR","WIH1.2021",398,398,0.112973095539271,"ok"
"AGDD","TNDGR","FPC3","FPC3_TNDGR","WIH2.2020",1127,1127,0.122088632147225,"ok"
"AGDD","TNDGR","FPC3","FPC3_TNDGR","WIH2.2021",1137,1137,0.279902973730831,"ok"
"AGDD","TNDGR","FPC3","FPC3_TNDGR","WIH3.2020",415,415,0.141497072987138,"ok"
"AGDD","TNDGR","FPC3","FPC3_TNDGR","WIH3.2021",397,397,0.447727872274284,"ok"
"AGDD","TNDGR","FPC4","FPC4_TNDGR","DEH1.2020",1142,1142,0.199253912178692,"ok"
"AGDD","TNDGR","FPC4","FPC4_TNDGR","IAH4.2021",1128,1128,0.228027033676922,"ok"
"AGDD","TNDGR","FPC4","FPC4_TNDGR","MIH1.2020",414,414,0.37078730285471,"ok"
"AGDD","TNDGR","FPC4","FPC4_TNDGR","MNH1.2020",395,395,-0.278400997203019,"ok"
"AGDD","TNDGR","FPC4","FPC4_TNDGR","MNH1.2021",415,415,-0.0547266697649214,"ok"
"AGDD","TNDGR","FPC4","FPC4_TNDGR","MOH1.2020",1006,1006,0.265826651702784,"ok"
"AGDD","TNDGR","FPC4","FPC4_TNDGR","NEH1.2021",246,246,0.346602843809963,"ok"
"AGDD","TNDGR","FPC4","FPC4_TNDGR","TXH1.2020",246,246,0.593225806128836,"ok"
"AGDD","TNDGR","FPC4","FPC4_TNDGR","TXH1.2021",246,246,0.184053238110311,"ok"
"AGDD","TNDGR","FPC4","FPC4_TNDGR","TXH2.2020",246,246,0.48507445585482,"ok"
"AGDD","TNDGR","FPC4","FPC4_TNDGR","TXH2.2021",246,246,0.0443359571648869,"ok"
"AGDD","TNDGR","FPC4","FPC4_TNDGR","TXH3.2020",266,266,0.274420772506929,"ok"
"AGDD","TNDGR","FPC4","FPC4_TNDGR","TXH3.2021",245,245,0.53763621997509,"ok"
"AGDD","TNDGR","FPC4","FPC4_TNDGR","WIH1.2020",394,394,-0.00741114090236992,"ok"
"AGDD","TNDGR","FPC4","FPC4_TNDGR","WIH1.2021",398,398,0.21774629692715,"ok"
"AGDD","TNDGR","FPC4","FPC4_TNDGR","WIH2.2020",1127,1127,0.0448028827567655,"ok"
"AGDD","TNDGR","FPC4","FPC4_TNDGR","WIH2.2021",1137,1137,-0.200940245154133,"ok"
"AGDD","TNDGR","FPC4","FPC4_TNDGR","WIH3.2020",415,415,-0.120048488904484,"ok"
"AGDD","TNDGR","FPC4","FPC4_TNDGR","WIH3.2021",397,397,0.0363793426151956,"ok"
"AGDD","TNDGR","FPC5","FPC5_TNDGR","DEH1.2020",1142,1142,0.142757427484381,"ok"
"AGDD","TNDGR","FPC5","FPC5_TNDGR","IAH4.2021",1128,1128,0.228114657345685,"ok"
"AGDD","TNDGR","FPC5","FPC5_TNDGR","MIH1.2020",414,414,0.3748377370393,"ok"
"AGDD","TNDGR","FPC5","FPC5_TNDGR","MNH1.2020",395,395,0.204901626587661,"ok"
"AGDD","TNDGR","FPC5","FPC5_TNDGR","MNH1.2021",415,415,0.0563167261333736,"ok"
"AGDD","TNDGR","FPC5","FPC5_TNDGR","MOH1.2020",1006,1006,0.18169420850077,"ok"
"AGDD","TNDGR","FPC5","FPC5_TNDGR","NEH1.2021",246,246,0.40121156552212,"ok"
"AGDD","TNDGR","FPC5","FPC5_TNDGR","TXH1.2020",246,246,0.648960601272075,"ok"
"AGDD","TNDGR","FPC5","FPC5_TNDGR","TXH1.2021",246,246,0.117099592761848,"ok"
"AGDD","TNDGR","FPC5","FPC5_TNDGR","TXH2.2020",246,246,0.450210331672003,"ok"
"AGDD","TNDGR","FPC5","FPC5_TNDGR","TXH2.2021",246,246,0.225280480838885,"ok"
"AGDD","TNDGR","FPC5","FPC5_TNDGR","TXH3.2020",266,266,0.311703848454645,"ok"
"AGDD","TNDGR","FPC5","FPC5_TNDGR","TXH3.2021",245,245,0.562681060687975,"ok"
"AGDD","TNDGR","FPC5","FPC5_TNDGR","WIH1.2020",394,394,0.168209060520961,"ok"
"AGDD","TNDGR","FPC5","FPC5_TNDGR","WIH1.2021",398,398,0.190834724836933,"ok"
"AGDD","TNDGR","FPC5","FPC5_TNDGR","WIH2.2020",1127,1127,0.0926001242159405,"ok"
"AGDD","TNDGR","FPC5","FPC5_TNDGR","WIH2.2021",1137,1137,-0.15496822483351,"ok"
"AGDD","TNDGR","FPC5","FPC5_TNDGR","WIH3.2020",415,415,-0.0491366666998531,"ok"
"AGDD","TNDGR","FPC5","FPC5_TNDGR","WIH3.2021",397,397,-0.00635443709005114,"ok"
"AGDD","TNDGR","FPC6","FPC6_TNDGR","DEH1.2020",1142,1142,-0.412226730984645,"ok"
"AGDD","TNDGR","FPC6","FPC6_TNDGR","IAH4.2021",1128,1128,0.0537106069273398,"ok"
"AGDD","TNDGR","FPC6","FPC6_TNDGR","MIH1.2020",414,414,0.0828833765387206,"ok"
"AGDD","TNDGR","FPC6","FPC6_TNDGR","MNH1.2020",395,395,0.443595999253325,"ok"
"AGDD","TNDGR","FPC6","FPC6_TNDGR","MNH1.2021",415,415,0.17393450159841,"ok"
"AGDD","TNDGR","FPC6","FPC6_TNDGR","MOH1.2020",1006,1006,0.119003228632127,"ok"
"AGDD","TNDGR","FPC6","FPC6_TNDGR","NEH1.2021",246,246,-0.1083614163212,"ok"
"AGDD","TNDGR","FPC6","FPC6_TNDGR","TXH1.2020",246,246,-0.0414608053247824,"ok"
"AGDD","TNDGR","FPC6","FPC6_TNDGR","TXH1.2021",246,246,-0.146481201729672,"ok"
"AGDD","TNDGR","FPC6","FPC6_TNDGR","TXH2.2020",246,246,-0.273491895742485,"ok"
"AGDD","TNDGR","FPC6","FPC6_TNDGR","TXH2.2021",246,246,-0.241474698348459,"ok"
"AGDD","TNDGR","FPC6","FPC6_TNDGR","TXH3.2020",266,266,0.035586806091874,"ok"
"AGDD","TNDGR","FPC6","FPC6_TNDGR","TXH3.2021",245,245,-0.12586403838275,"ok"
"AGDD","TNDGR","FPC6","FPC6_TNDGR","WIH1.2020",394,394,0.304004162137623,"ok"
"AGDD","TNDGR","FPC6","FPC6_TNDGR","WIH1.2021",398,398,-0.115350372884422,"ok"
"AGDD","TNDGR","FPC6","FPC6_TNDGR","WIH2.2020",1127,1127,0.0214233494314395,"ok"
"AGDD","TNDGR","FPC6","FPC6_TNDGR","WIH2.2021",1137,1137,-0.0432263261460971,"ok"
"AGDD","TNDGR","FPC6","FPC6_TNDGR","WIH3.2020",415,415,0.0408853268137159,"ok"
"AGDD","TNDGR","FPC6","FPC6_TNDGR","WIH3.2021",397,397,0.140332748107843,"ok"
"AGDD","TNDGR","FPC7","FPC7_TNDGR","DEH1.2020",1142,1142,-0.425366863763297,"ok"
"AGDD","TNDGR","FPC7","FPC7_TNDGR","IAH4.2021",1128,1128,-0.14901518171477,"ok"
"AGDD","TNDGR","FPC7","FPC7_TNDGR","MIH1.2020",414,414,-0.168571928741571,"ok"
"AGDD","TNDGR","FPC7","FPC7_TNDGR","MNH1.2020",395,395,-0.154409980621373,"ok"
"AGDD","TNDGR","FPC7","FPC7_TNDGR","MNH1.2021",415,415,-0.0672746311310638,"ok"
"AGDD","TNDGR","FPC7","FPC7_TNDGR","MOH1.2020",1006,1006,-0.176831933097065,"ok"
"AGDD","TNDGR","FPC7","FPC7_TNDGR","NEH1.2021",246,246,-0.36709599985381,"ok"
"AGDD","TNDGR","FPC7","FPC7_TNDGR","TXH1.2020",246,246,-0.526751990444335,"ok"
"AGDD","TNDGR","FPC7","FPC7_TNDGR","TXH1.2021",246,246,-0.0778753467585997,"ok"
"AGDD","TNDGR","FPC7","FPC7_TNDGR","TXH2.2020",246,246,-0.440076176693092,"ok"
"AGDD","TNDGR","FPC7","FPC7_TNDGR","TXH2.2021",246,246,-0.34606576457085,"ok"
"AGDD","TNDGR","FPC7","FPC7_TNDGR","TXH3.2020",266,266,-0.0148895641053742,"ok"
"AGDD","TNDGR","FPC7","FPC7_TNDGR","TXH3.2021",245,245,-0.346970695004987,"ok"
"AGDD","TNDGR","FPC7","FPC7_TNDGR","WIH1.2020",394,394,0.0743920239302221,"ok"
"AGDD","TNDGR","FPC7","FPC7_TNDGR","WIH1.2021",398,398,-0.117187347974569,"ok"
"AGDD","TNDGR","FPC7","FPC7_TNDGR","WIH2.2020",1127,1127,-0.0259460183197691,"ok"
"AGDD","TNDGR","FPC7","FPC7_TNDGR","WIH2.2021",1137,1137,-0.223921647301913,"ok"
"AGDD","TNDGR","FPC7","FPC7_TNDGR","WIH3.2020",415,415,0.0112026891912189,"ok"
"AGDD","TNDGR","FPC7","FPC7_TNDGR","WIH3.2021",397,397,0.0326383211513441,"ok"
"AGDD","VARI","FPC1","FPC1_VARI","DEH1.2020",1142,1142,-0.218304987293429,"ok"
"AGDD","VARI","FPC1","FPC1_VARI","IAH4.2021",1128,1128,0.186487997559016,"ok"
"AGDD","VARI","FPC1","FPC1_VARI","MIH1.2020",414,414,0.332975512940298,"ok"
"AGDD","VARI","FPC1","FPC1_VARI","MNH1.2020",395,395,-0.2253005736086,"ok"
"AGDD","VARI","FPC1","FPC1_VARI","MNH1.2021",415,415,0.0185018751839297,"ok"
"AGDD","VARI","FPC1","FPC1_VARI","MOH1.2020",1006,1006,0.216503677907019,"ok"
"AGDD","VARI","FPC1","FPC1_VARI","NEH1.2021",246,246,0.0346866779415885,"ok"
"AGDD","VARI","FPC1","FPC1_VARI","TXH1.2020",246,246,0.627633545629347,"ok"
"AGDD","VARI","FPC1","FPC1_VARI","TXH1.2021",246,246,-0.019155056253284,"ok"
"AGDD","VARI","FPC1","FPC1_VARI","TXH2.2020",246,246,0.389040205784343,"ok"
"AGDD","VARI","FPC1","FPC1_VARI","TXH2.2021",246,246,0.273205798899595,"ok"
"AGDD","VARI","FPC1","FPC1_VARI","TXH3.2020",266,266,0.245471190431055,"ok"
"AGDD","VARI","FPC1","FPC1_VARI","TXH3.2021",245,245,0.475034812218846,"ok"
"AGDD","VARI","FPC1","FPC1_VARI","WIH1.2020",394,394,-0.0358347011664296,"ok"
"AGDD","VARI","FPC1","FPC1_VARI","WIH1.2021",398,398,0.0649957832826786,"ok"
"AGDD","VARI","FPC1","FPC1_VARI","WIH2.2020",1127,1127,0.0675122417518667,"ok"
"AGDD","VARI","FPC1","FPC1_VARI","WIH2.2021",1137,1137,-0.223019218283494,"ok"
"AGDD","VARI","FPC1","FPC1_VARI","WIH3.2020",415,415,-0.165277136230605,"ok"
"AGDD","VARI","FPC1","FPC1_VARI","WIH3.2021",397,397,0.0614220195183712,"ok"
"AGDD","VARI","FPC2","FPC2_VARI","DEH1.2020",1142,1142,-0.027835605614606,"ok"
"AGDD","VARI","FPC2","FPC2_VARI","IAH4.2021",1128,1128,0.0329529867873986,"ok"
"AGDD","VARI","FPC2","FPC2_VARI","MIH1.2020",414,414,-0.1320166440447,"ok"
"AGDD","VARI","FPC2","FPC2_VARI","MNH1.2020",395,395,0.419563423979478,"ok"
"AGDD","VARI","FPC2","FPC2_VARI","MNH1.2021",415,415,0.169477046128122,"ok"
"AGDD","VARI","FPC2","FPC2_VARI","MOH1.2020",1006,1006,0.327615170054994,"ok"
"AGDD","VARI","FPC2","FPC2_VARI","NEH1.2021",246,246,0.121536142774966,"ok"
"AGDD","VARI","FPC2","FPC2_VARI","TXH1.2020",246,246,0.113348855982111,"ok"
"AGDD","VARI","FPC2","FPC2_VARI","TXH1.2021",246,246,0.00445665577399637,"ok"
"AGDD","VARI","FPC2","FPC2_VARI","TXH2.2020",246,246,-0.0191488261806334,"ok"
"AGDD","VARI","FPC2","FPC2_VARI","TXH2.2021",246,246,0.391426827182963,"ok"
"AGDD","VARI","FPC2","FPC2_VARI","TXH3.2020",266,266,-0.163741128185559,"ok"
"AGDD","VARI","FPC2","FPC2_VARI","TXH3.2021",245,245,0.252014693804084,"ok"
"AGDD","VARI","FPC2","FPC2_VARI","WIH1.2020",394,394,0.407714928597183,"ok"
"AGDD","VARI","FPC2","FPC2_VARI","WIH1.2021",398,398,0.124451436809119,"ok"
"AGDD","VARI","FPC2","FPC2_VARI","WIH2.2020",1127,1127,0.0469790588542718,"ok"
"AGDD","VARI","FPC2","FPC2_VARI","WIH2.2021",1137,1137,0.27360953151629,"ok"
"AGDD","VARI","FPC2","FPC2_VARI","WIH3.2020",415,415,0.286631333218651,"ok"
"AGDD","VARI","FPC2","FPC2_VARI","WIH3.2021",397,397,0.287054838901495,"ok"
"AGDD","VARI","FPC3","FPC3_VARI","DEH1.2020",1142,1142,0.331459504217467,"ok"
"AGDD","VARI","FPC3","FPC3_VARI","IAH4.2021",1128,1128,0.240505960903516,"ok"
"AGDD","VARI","FPC3","FPC3_VARI","MIH1.2020",414,414,0.0345152388289919,"ok"
"AGDD","VARI","FPC3","FPC3_VARI","MNH1.2020",395,395,0.441297739398259,"ok"
"AGDD","VARI","FPC3","FPC3_VARI","MNH1.2021",415,415,0.284946236813647,"ok"
"AGDD","VARI","FPC3","FPC3_VARI","MOH1.2020",1006,1006,0.451934591443447,"ok"
"AGDD","VARI","FPC3","FPC3_VARI","NEH1.2021",246,246,0.0183726952232663,"ok"
"AGDD","VARI","FPC3","FPC3_VARI","TXH1.2020",246,246,0.501524362930203,"ok"
"AGDD","VARI","FPC3","FPC3_VARI","TXH1.2021",246,246,0.107660141128742,"ok"
"AGDD","VARI","FPC3","FPC3_VARI","TXH2.2020",246,246,0.435794293639615,"ok"
"AGDD","VARI","FPC3","FPC3_VARI","TXH2.2021",246,246,0.196129639580837,"ok"
"AGDD","VARI","FPC3","FPC3_VARI","TXH3.2020",266,266,-0.00901080386152403,"ok"
"AGDD","VARI","FPC3","FPC3_VARI","TXH3.2021",245,245,0.293294227749704,"ok"
"AGDD","VARI","FPC3","FPC3_VARI","WIH1.2020",394,394,0.602230192492054,"ok"
"AGDD","VARI","FPC3","FPC3_VARI","WIH1.2021",398,398,0.174491366747293,"ok"
"AGDD","VARI","FPC3","FPC3_VARI","WIH2.2020",1127,1127,0.123423348920763,"ok"
"AGDD","VARI","FPC3","FPC3_VARI","WIH2.2021",1137,1137,0.277045747828169,"ok"
"AGDD","VARI","FPC3","FPC3_VARI","WIH3.2020",415,415,0.09070837898594,"ok"
"AGDD","VARI","FPC3","FPC3_VARI","WIH3.2021",397,397,0.415061267799876,"ok"
"AGDD","VARI","FPC4","FPC4_VARI","DEH1.2020",1142,1142,0.224119728904465,"ok"
"AGDD","VARI","FPC4","FPC4_VARI","IAH4.2021",1128,1128,0.279208522496111,"ok"
"AGDD","VARI","FPC4","FPC4_VARI","MIH1.2020",414,414,0.398559697214853,"ok"
"AGDD","VARI","FPC4","FPC4_VARI","MNH1.2020",395,395,-0.104201107695555,"ok"
"AGDD","VARI","FPC4","FPC4_VARI","MNH1.2021",415,415,-0.0221568235677472,"ok"
"AGDD","VARI","FPC4","FPC4_VARI","MOH1.2020",1006,1006,0.324787871978632,"ok"
"AGDD","VARI","FPC4","FPC4_VARI","NEH1.2021",246,246,0.386929252547087,"ok"
"AGDD","VARI","FPC4","FPC4_VARI","TXH1.2020",246,246,0.636601776335612,"ok"
"AGDD","VARI","FPC4","FPC4_VARI","TXH1.2021",246,246,0.192324321996072,"ok"
"AGDD","VARI","FPC4","FPC4_VARI","TXH2.2020",246,246,0.479213044917613,"ok"
"AGDD","VARI","FPC4","FPC4_VARI","TXH2.2021",246,246,0.123747748604053,"ok"
"AGDD","VARI","FPC4","FPC4_VARI","TXH3.2020",266,266,0.263130648107432,"ok"
"AGDD","VARI","FPC4","FPC4_VARI","TXH3.2021",245,245,0.547394569878603,"ok"
"AGDD","VARI","FPC4","FPC4_VARI","WIH1.2020",394,394,0.000896943585550672,"ok"
"AGDD","VARI","FPC4","FPC4_VARI","WIH1.2021",398,398,0.205199787068013,"ok"
"AGDD","VARI","FPC4","FPC4_VARI","WIH2.2020",1127,1127,0.0605708210060277,"ok"
"AGDD","VARI","FPC4","FPC4_VARI","WIH2.2021",1137,1137,-0.159989030042805,"ok"
"AGDD","VARI","FPC4","FPC4_VARI","WIH3.2020",415,415,-0.10373672685174,"ok"
"AGDD","VARI","FPC4","FPC4_VARI","WIH3.2021",397,397,0.0461654147029483,"ok"
"AGDD","VARI","FPC5","FPC5_VARI","DEH1.2020",1142,1142,-0.0992344962884547,"ok"
"AGDD","VARI","FPC5","FPC5_VARI","IAH4.2021",1128,1128,0.25151257998765,"ok"
"AGDD","VARI","FPC5","FPC5_VARI","MIH1.2020",414,414,0.287406950931406,"ok"
"AGDD","VARI","FPC5","FPC5_VARI","MNH1.2020",395,395,0.419327189771644,"ok"
"AGDD","VARI","FPC5","FPC5_VARI","MNH1.2021",415,415,0.173080827466452,"ok"
"AGDD","VARI","FPC5","FPC5_VARI","MOH1.2020",1006,1006,0.164056270789063,"ok"
"AGDD","VARI","FPC5","FPC5_VARI","NEH1.2021",246,246,0.379418754427918,"ok"
"AGDD","VARI","FPC5","FPC5_VARI","TXH1.2020",246,246,0.618019900682523,"ok"
"AGDD","VARI","FPC5","FPC5_VARI","TXH1.2021",246,246,0.0443486806536344,"ok"
"AGDD","VARI","FPC5","FPC5_VARI","TXH2.2020",246,246,0.288305138467377,"ok"
"AGDD","VARI","FPC5","FPC5_VARI","TXH2.2021",246,246,0.28075885475663,"ok"
"AGDD","VARI","FPC5","FPC5_VARI","TXH3.2020",266,266,0.282660255623979,"ok"
"AGDD","VARI","FPC5","FPC5_VARI","TXH3.2021",245,245,0.518699982442248,"ok"
"AGDD","VARI","FPC5","FPC5_VARI","WIH1.2020",394,394,0.376394695487152,"ok"
"AGDD","VARI","FPC5","FPC5_VARI","WIH1.2021",398,398,0.0809522622251638,"ok"
"AGDD","VARI","FPC5","FPC5_VARI","WIH2.2020",1127,1127,0.133726147620427,"ok"
"AGDD","VARI","FPC5","FPC5_VARI","WIH2.2021",1137,1137,0.122152730904659,"ok"
"AGDD","VARI","FPC5","FPC5_VARI","WIH3.2020",415,415,0.0373237311909471,"ok"
"AGDD","VARI","FPC5","FPC5_VARI","WIH3.2021",397,397,-0.0239241124690571,"ok"
"AGDD","VARI","FPC6","FPC6_VARI","DEH1.2020",1142,1142,-0.368466053647529,"ok"
"AGDD","VARI","FPC6","FPC6_VARI","IAH4.2021",1128,1128,-0.00321011290902208,"ok"
"AGDD","VARI","FPC6","FPC6_VARI","MIH1.2020",414,414,0.0695412461749673,"ok"
"AGDD","VARI","FPC6","FPC6_VARI","MNH1.2020",395,395,0.448802145824419,"ok"
"AGDD","VARI","FPC6","FPC6_VARI","MNH1.2021",415,415,0.191979947473232,"ok"
"AGDD","VARI","FPC6","FPC6_VARI","MOH1.2020",1006,1006,0.0994108592909736,"ok"
"AGDD","VARI","FPC6","FPC6_VARI","NEH1.2021",246,246,0.00129478947837226,"ok"
"AGDD","VARI","FPC6","FPC6_VARI","TXH1.2020",246,246,-0.256690711570622,"ok"
"AGDD","VARI","FPC6","FPC6_VARI","TXH1.2021",246,246,-0.196673668197975,"ok"
"AGDD","VARI","FPC6","FPC6_VARI","TXH2.2020",246,246,-0.334601676693877,"ok"
"AGDD","VARI","FPC6","FPC6_VARI","TXH2.2021",246,246,-0.0600634309298494,"ok"
"AGDD","VARI","FPC6","FPC6_VARI","TXH3.2020",266,266,-0.0604498463862969,"ok"
"AGDD","VARI","FPC6","FPC6_VARI","TXH3.2021",245,245,-0.197458053170525,"ok"
"AGDD","VARI","FPC6","FPC6_VARI","WIH1.2020",394,394,0.331071666063125,"ok"
"AGDD","VARI","FPC6","FPC6_VARI","WIH1.2021",398,398,-0.12590751784498,"ok"
"AGDD","VARI","FPC6","FPC6_VARI","WIH2.2020",1127,1127,0.0345805580239272,"ok"
"AGDD","VARI","FPC6","FPC6_VARI","WIH2.2021",1137,1137,0.126726384143169,"ok"
"AGDD","VARI","FPC6","FPC6_VARI","WIH3.2020",415,415,0.0814421564221467,"ok"
"AGDD","VARI","FPC6","FPC6_VARI","WIH3.2021",397,397,0.151657952222068,"ok"
"AGDD","VARI","FPC7","FPC7_VARI","DEH1.2020",1142,1142,-0.402553586907172,"ok"
"AGDD","VARI","FPC7","FPC7_VARI","IAH4.2021",1128,1128,-0.112848237925878,"ok"
"AGDD","VARI","FPC7","FPC7_VARI","MIH1.2020",414,414,0.00543431142832597,"ok"
"AGDD","VARI","FPC7","FPC7_VARI","MNH1.2020",395,395,0.265270247779232,"ok"
"AGDD","VARI","FPC7","FPC7_VARI","MNH1.2021",415,415,-0.00529592136820424,"ok"
"AGDD","VARI","FPC7","FPC7_VARI","MOH1.2020",1006,1006,0.0859984596839948,"ok"
"AGDD","VARI","FPC7","FPC7_VARI","NEH1.2021",246,246,-0.264112737417896,"ok"
"AGDD","VARI","FPC7","FPC7_VARI","TXH1.2020",246,246,-0.247415411300696,"ok"
"AGDD","VARI","FPC7","FPC7_VARI","TXH1.2021",246,246,-0.083991527831246,"ok"
"AGDD","VARI","FPC7","FPC7_VARI","TXH2.2020",246,246,-0.303391624434757,"ok"
"AGDD","VARI","FPC7","FPC7_VARI","TXH2.2021",246,246,-0.394324089895336,"ok"
"AGDD","VARI","FPC7","FPC7_VARI","TXH3.2020",266,266,-0.0511295002840683,"ok"
"AGDD","VARI","FPC7","FPC7_VARI","TXH3.2021",245,245,-0.32098849932936,"ok"
"AGDD","VARI","FPC7","FPC7_VARI","WIH1.2020",394,394,0.229545373721371,"ok"
"AGDD","VARI","FPC7","FPC7_VARI","WIH1.2021",398,398,-0.0762920263774612,"ok"
"AGDD","VARI","FPC7","FPC7_VARI","WIH2.2020",1127,1127,0.014106705224368,"ok"
"AGDD","VARI","FPC7","FPC7_VARI","WIH2.2021",1137,1137,-0.053873396886506,"ok"
"AGDD","VARI","FPC7","FPC7_VARI","WIH3.2020",415,415,0.0399125118531979,"ok"
"AGDD","VARI","FPC7","FPC7_VARI","WIH3.2021",397,397,0.108203405450252,"ok"
"AGDD","VEG","FPC1","FPC1_VEG","DEH1.2020",1142,1142,-0.242000823082606,"ok"
"AGDD","VEG","FPC1","FPC1_VEG","IAH4.2021",1128,1128,0.189322845031085,"ok"
"AGDD","VEG","FPC1","FPC1_VEG","MIH1.2020",414,414,0.2349339764587,"ok"
"AGDD","VEG","FPC1","FPC1_VEG","MNH1.2020",395,395,0.382833942097918,"ok"
"AGDD","VEG","FPC1","FPC1_VEG","MNH1.2021",415,415,0.187577400122065,"ok"
"AGDD","VEG","FPC1","FPC1_VEG","MOH1.2020",1006,1006,0.393781835348059,"ok"
"AGDD","VEG","FPC1","FPC1_VEG","NEH1.2021",246,246,0.0813357381972713,"ok"
"AGDD","VEG","FPC1","FPC1_VEG","TXH1.2020",246,246,0.533596963093372,"ok"
"AGDD","VEG","FPC1","FPC1_VEG","TXH1.2021",246,246,-0.0983522882575457,"ok"
"AGDD","VEG","FPC1","FPC1_VEG","TXH2.2020",246,246,0.247363045553221,"ok"
"AGDD","VEG","FPC1","FPC1_VEG","TXH2.2021",246,246,0.402022153022161,"ok"
"AGDD","VEG","FPC1","FPC1_VEG","TXH3.2020",266,266,0.157051709422261,"ok"
"AGDD","VEG","FPC1","FPC1_VEG","TXH3.2021",245,245,0.368205010036116,"ok"
"AGDD","VEG","FPC1","FPC1_VEG","WIH1.2020",394,394,0.298755877251377,"ok"
"AGDD","VEG","FPC1","FPC1_VEG","WIH1.2021",398,398,0.234113254999808,"ok"
"AGDD","VEG","FPC1","FPC1_VEG","WIH2.2020",1127,1127,0.138227967454413,"ok"
"AGDD","VEG","FPC1","FPC1_VEG","WIH2.2021",1137,1137,0.106078818877584,"ok"
"AGDD","VEG","FPC1","FPC1_VEG","WIH3.2020",415,415,0.0184450199940207,"ok"
"AGDD","VEG","FPC1","FPC1_VEG","WIH3.2021",397,397,0.304988347056906,"ok"
"AGDD","VEG","FPC2","FPC2_VEG","DEH1.2020",1142,1142,-0.261094192313356,"ok"
"AGDD","VEG","FPC2","FPC2_VEG","IAH4.2021",1128,1128,-0.0388939967249929,"ok"
"AGDD","VEG","FPC2","FPC2_VEG","MIH1.2020",414,414,-0.0587030256198038,"ok"
"AGDD","VEG","FPC2","FPC2_VEG","MNH1.2020",395,395,-0.114209367392861,"ok"
"AGDD","VEG","FPC2","FPC2_VEG","MNH1.2021",415,415,0.0853895550063463,"ok"
"AGDD","VEG","FPC2","FPC2_VEG","MOH1.2020",1006,1006,0.146268533280398,"ok"
"AGDD","VEG","FPC2","FPC2_VEG","NEH1.2021",246,246,-0.137483668092082,"ok"
"AGDD","VEG","FPC2","FPC2_VEG","TXH1.2020",246,246,0.341943434278624,"ok"
"AGDD","VEG","FPC2","FPC2_VEG","TXH1.2021",246,246,-0.122562579035418,"ok"
"AGDD","VEG","FPC2","FPC2_VEG","TXH2.2020",246,246,0.251977233636938,"ok"
"AGDD","VEG","FPC2","FPC2_VEG","TXH2.2021",246,246,0.292864227012301,"ok"
"AGDD","VEG","FPC2","FPC2_VEG","TXH3.2020",266,266,0.0136144005216321,"ok"
"AGDD","VEG","FPC2","FPC2_VEG","TXH3.2021",245,245,0.134888743868354,"ok"
"AGDD","VEG","FPC2","FPC2_VEG","WIH1.2020",394,394,-0.0694984289879632,"ok"
"AGDD","VEG","FPC2","FPC2_VEG","WIH1.2021",398,398,0.0020907309685966,"ok"
"AGDD","VEG","FPC2","FPC2_VEG","WIH2.2020",1127,1127,0.0198209423828025,"ok"
"AGDD","VEG","FPC2","FPC2_VEG","WIH2.2021",1137,1137,-0.1599056704383,"ok"
"AGDD","VEG","FPC2","FPC2_VEG","WIH3.2020",415,415,-0.152518636545968,"ok"
"AGDD","VEG","FPC2","FPC2_VEG","WIH3.2021",397,397,-0.0221365544282498,"ok"
"AGDD","VEG","FPC3","FPC3_VEG","DEH1.2020",1142,1142,-0.00624634461477027,"ok"
"AGDD","VEG","FPC3","FPC3_VEG","IAH4.2021",1128,1128,0.174833793637635,"ok"
"AGDD","VEG","FPC3","FPC3_VEG","MIH1.2020",414,414,0.399127876200007,"ok"
"AGDD","VEG","FPC3","FPC3_VEG","MNH1.2020",395,395,0.273168288384839,"ok"
"AGDD","VEG","FPC3","FPC3_VEG","MNH1.2021",415,415,0.167180467662235,"ok"
"AGDD","VEG","FPC3","FPC3_VEG","MOH1.2020",1006,1006,0.378102568417845,"ok"
"AGDD","VEG","FPC3","FPC3_VEG","NEH1.2021",246,246,0.20801038693596,"ok"
"AGDD","VEG","FPC3","FPC3_VEG","TXH1.2020",246,246,0.566321421183921,"ok"
"AGDD","VEG","FPC3","FPC3_VEG","TXH1.2021",246,246,0.120686821462742,"ok"
"AGDD","VEG","FPC3","FPC3_VEG","TXH2.2020",246,246,0.440647977645346,"ok"
"AGDD","VEG","FPC3","FPC3_VEG","TXH2.2021",246,246,-0.0464574052397525,"ok"
"AGDD","VEG","FPC3","FPC3_VEG","TXH3.2020",266,266,0.23469651803524,"ok"
"AGDD","VEG","FPC3","FPC3_VEG","TXH3.2021",245,245,0.527774421153689,"ok"
"AGDD","VEG","FPC3","FPC3_VEG","WIH1.2020",394,394,0.370260054058759,"ok"
"AGDD","VEG","FPC3","FPC3_VEG","WIH1.2021",398,398,0.300785206661254,"ok"
"AGDD","VEG","FPC3","FPC3_VEG","WIH2.2020",1127,1127,0.138573419232572,"ok"
"AGDD","VEG","FPC3","FPC3_VEG","WIH2.2021",1137,1137,-0.0764787835213557,"ok"
"AGDD","VEG","FPC3","FPC3_VEG","WIH3.2020",415,415,-0.0504266120643897,"ok"
"AGDD","VEG","FPC3","FPC3_VEG","WIH3.2021",397,397,0.243112344574875,"ok"
"AGDD","VEG","FPC4","FPC4_VEG","DEH1.2020",1142,1142,-0.162126019169499,"ok"
"AGDD","VEG","FPC4","FPC4_VEG","IAH4.2021",1128,1128,0.0458345775390051,"ok"
"AGDD","VEG","FPC4","FPC4_VEG","MIH1.2020",414,414,0.152467957873518,"ok"
"AGDD","VEG","FPC4","FPC4_VEG","MNH1.2020",395,395,0.434178244430778,"ok"
"AGDD","VEG","FPC4","FPC4_VEG","MNH1.2021",415,415,0.0686837718444834,"ok"
"AGDD","VEG","FPC4","FPC4_VEG","MOH1.2020",1006,1006,0.0103752051716046,"ok"
"AGDD","VEG","FPC4","FPC4_VEG","NEH1.2021",246,246,0.20038701326736,"ok"
"AGDD","VEG","FPC4","FPC4_VEG","TXH1.2020",246,246,0.295719383475028,"ok"
"AGDD","VEG","FPC4","FPC4_VEG","TXH1.2021",246,246,0.00529573680995724,"ok"
"AGDD","VEG","FPC4","FPC4_VEG","TXH2.2020",246,246,0.209420736438246,"ok"
"AGDD","VEG","FPC4","FPC4_VEG","TXH2.2021",246,246,0.186225374324101,"ok"
"AGDD","VEG","FPC4","FPC4_VEG","TXH3.2020",266,266,0.2620742400268,"ok"
"AGDD","VEG","FPC4","FPC4_VEG","TXH3.2021",245,245,0.35463183500504,"ok"
"AGDD","VEG","FPC4","FPC4_VEG","WIH1.2020",394,394,0.214761262941621,"ok"
"AGDD","VEG","FPC4","FPC4_VEG","WIH1.2021",398,398,0.107718482263592,"ok"
"AGDD","VEG","FPC4","FPC4_VEG","WIH2.2020",1127,1127,0.00467874491584685,"ok"
"AGDD","VEG","FPC4","FPC4_VEG","WIH2.2021",1137,1137,0.154131013009548,"ok"
"AGDD","VEG","FPC4","FPC4_VEG","WIH3.2020",415,415,0.119806163250682,"ok"
"AGDD","VEG","FPC4","FPC4_VEG","WIH3.2021",397,397,-0.0512546218955067,"ok"
"AGDD","VEG","FPC5","FPC5_VEG","DEH1.2020",1142,1142,0.250933721666059,"ok"
"AGDD","VEG","FPC5","FPC5_VEG","IAH4.2021",1128,1128,-0.000620102676873265,"ok"
"AGDD","VEG","FPC5","FPC5_VEG","MIH1.2020",414,414,0.117532712086442,"ok"
"AGDD","VEG","FPC5","FPC5_VEG","MNH1.2020",395,395,-0.416887392414458,"ok"
"AGDD","VEG","FPC5","FPC5_VEG","MNH1.2021",415,415,-0.147706717912654,"ok"
"AGDD","VEG","FPC5","FPC5_VEG","MOH1.2020",1006,1006,-0.334832239520031,"ok"
"AGDD","VEG","FPC5","FPC5_VEG","NEH1.2021",246,246,0.145127081730726,"ok"
"AGDD","VEG","FPC5","FPC5_VEG","TXH1.2020",246,246,0.3555379981196,"ok"
"AGDD","VEG","FPC5","FPC5_VEG","TXH1.2021",246,246,0.103467064946913,"ok"
"AGDD","VEG","FPC5","FPC5_VEG","TXH2.2020",246,246,0.31165354801702,"ok"
"AGDD","VEG","FPC5","FPC5_VEG","TXH2.2021",246,246,-0.0163394985979862,"ok"
"AGDD","VEG","FPC5","FPC5_VEG","TXH3.2020",266,266,0.26117405484166,"ok"
"AGDD","VEG","FPC5","FPC5_VEG","TXH3.2021",245,245,0.176971271804111,"ok"
"AGDD","VEG","FPC5","FPC5_VEG","WIH1.2020",394,394,-0.424323439659785,"ok"
"AGDD","VEG","FPC5","FPC5_VEG","WIH1.2021",398,398,0.0065868838908065,"ok"
"AGDD","VEG","FPC5","FPC5_VEG","WIH2.2020",1127,1127,-0.0793697318196978,"ok"
"AGDD","VEG","FPC5","FPC5_VEG","WIH2.2021",1137,1137,-0.213929807256673,"ok"
"AGDD","VEG","FPC5","FPC5_VEG","WIH3.2020",415,415,-0.170282891014928,"ok"
"AGDD","VEG","FPC5","FPC5_VEG","WIH3.2021",397,397,-0.371552201314638,"ok"
"AGDD","VEG","FPC6","FPC6_VEG","DEH1.2020",1142,1142,0.473597277377245,"ok"
"AGDD","VEG","FPC6","FPC6_VEG","IAH4.2021",1128,1128,0.125332764252094,"ok"
"AGDD","VEG","FPC6","FPC6_VEG","MIH1.2020",414,414,0.278626777460815,"ok"
"AGDD","VEG","FPC6","FPC6_VEG","MNH1.2020",395,395,0.200594698714276,"ok"
"AGDD","VEG","FPC6","FPC6_VEG","MNH1.2021",415,415,-0.0208581508599722,"ok"
"AGDD","VEG","FPC6","FPC6_VEG","MOH1.2020",1006,1006,0.034885197558997,"ok"
"AGDD","VEG","FPC6","FPC6_VEG","NEH1.2021",246,246,0.223782720214804,"ok"
"AGDD","VEG","FPC6","FPC6_VEG","TXH1.2020",246,246,0.405831490955628,"ok"
"AGDD","VEG","FPC6","FPC6_VEG","TXH1.2021",246,246,0.163421335856343,"ok"
"AGDD","VEG","FPC6","FPC6_VEG","TXH2.2020",246,246,0.251878021179285,"ok"
"AGDD","VEG","FPC6","FPC6_VEG","TXH2.2021",246,246,-0.281255036233353,"ok"
"AGDD","VEG","FPC6","FPC6_VEG","TXH3.2020",266,266,-0.04335796158158,"ok"
"AGDD","VEG","FPC6","FPC6_VEG","TXH3.2021",245,245,-0.0708209956756923,"ok"
"AGDD","VEG","FPC6","FPC6_VEG","WIH1.2020",394,394,0.0971850230676633,"ok"
"AGDD","VEG","FPC6","FPC6_VEG","WIH1.2021",398,398,0.278748348898416,"ok"
"AGDD","VEG","FPC6","FPC6_VEG","WIH2.2020",1127,1127,0.0475716528726252,"ok"
"AGDD","VEG","FPC6","FPC6_VEG","WIH2.2021",1137,1137,0.209851153912661,"ok"
"AGDD","VEG","FPC6","FPC6_VEG","WIH3.2020",415,415,0.0639451838634934,"ok"
"AGDD","VEG","FPC6","FPC6_VEG","WIH3.2021",397,397,-0.0232855428453434,"ok"
"AGDD","VEG","FPC7","FPC7_VEG","DEH1.2020",1142,1142,0.44811003570211,"ok"
"AGDD","VEG","FPC7","FPC7_VEG","IAH4.2021",1128,1128,0.150788317803742,"ok"
"AGDD","VEG","FPC7","FPC7_VEG","MIH1.2020",414,414,-0.139533031889353,"ok"
"AGDD","VEG","FPC7","FPC7_VEG","MNH1.2020",395,395,0.38940503475518,"ok"
"AGDD","VEG","FPC7","FPC7_VEG","MNH1.2021",415,415,0.11877281476239,"ok"
"AGDD","VEG","FPC7","FPC7_VEG","MOH1.2020",1006,1006,0.0168800579478111,"ok"
"AGDD","VEG","FPC7","FPC7_VEG","NEH1.2021",246,246,-0.164103963246065,"ok"
"AGDD","VEG","FPC7","FPC7_VEG","TXH1.2020",246,246,0.110606157075597,"ok"
"AGDD","VEG","FPC7","FPC7_VEG","TXH1.2021",246,246,0.0555932230602767,"ok"
"AGDD","VEG","FPC7","FPC7_VEG","TXH2.2020",246,246,0.0102987061901982,"ok"
"AGDD","VEG","FPC7","FPC7_VEG","TXH2.2021",246,246,-0.332464131535491,"ok"
"AGDD","VEG","FPC7","FPC7_VEG","TXH3.2020",266,266,-0.277071347912353,"ok"
"AGDD","VEG","FPC7","FPC7_VEG","TXH3.2021",245,245,-0.298365538383662,"ok"
"AGDD","VEG","FPC7","FPC7_VEG","WIH1.2020",394,394,0.255265510050421,"ok"
"AGDD","VEG","FPC7","FPC7_VEG","WIH1.2021",398,398,0.172991434453437,"ok"
"AGDD","VEG","FPC7","FPC7_VEG","WIH2.2020",1127,1127,0.00291544780374918,"ok"
"AGDD","VEG","FPC7","FPC7_VEG","WIH2.2021",1137,1137,0.253768054988729,"ok"
"AGDD","VEG","FPC7","FPC7_VEG","WIH3.2020",415,415,0.109117316213136,"ok"
"AGDD","VEG","FPC7","FPC7_VEG","WIH3.2021",397,397,0.0651058081565283,"ok"
