Method,Model,Time_Domain,Series,CV,Seed,Fold,Environment,N,Correlation,RMSE
BGLR,M10.G.P.W-Int,DAP,M10 DAP,CV0,1,1,DEH1.2020,524,0.688523658833148,1.87158193117923
BGLR,M10.G.P.W-Int,DAP,M10 DAP,CV00,1,1,DEH1.2020,131,0.731465715956995,2.15224153741807
BGLR,M10.G.P.W-Int,DAP,M10 DAP,CV0,1,1,IAH4.2021,514,0.527878127152312,1.56896678208936
BGLR,M10.G.P.W-Int,DAP,M10 DAP,CV00,1,1,IAH4.2021,131,0.494246778099911,1.64762135725062
BGLR,M10.G.P.W-Int,DAP,M10 DAP,CV0,1,1,MIH1.2020,188,0.507183796131456,3.22529807678876
BGLR,M10.G.P.W-Int,DAP,M10 DAP,CV00,1,1,MIH1.2020,46,0.388482602850009,3.37376525712939
BGLR,M10.G.P.W-Int,DAP,M10 DAP,CV0,1,1,MNH1.2020,185,0.539512058513506,2.64499134494878
BGLR,M10.G.P.W-Int,DAP,M10 DAP,CV00,1,1,MNH1.2020,46,0.258836837725278,2.28965111151777
BGLR,M10.G.P.W-Int,DAP,M10 DAP,CV0,1,1,MNH1.2021,189,0.457539126331817,1.82544525917468
BGLR,M10.G.P.W-Int,DAP,M10 DAP,CV00,1,1,MNH1.2021,47,0.198735701616921,1.65170338849378
BGLR,M10.G.P.W-Int,DAP,M10 DAP,CV0,1,1,MOH1.2020,462,0.218539627209408,2.24445810129517
BGLR,M10.G.P.W-Int,DAP,M10 DAP,CV00,1,1,MOH1.2020,113,0.35624456112111,2.21835990117249
BGLR,M10.G.P.W-Int,DAP,M10 DAP,CV0,1,1,NEH1.2021,186,0.332413646013378,2.91137515987435
BGLR,M10.G.P.W-Int,DAP,M10 DAP,CV00,1,1,NEH1.2021,47,0.44302359781563,3.12707508070895
BGLR,M10.G.P.W-Int,DAP,M10 DAP,CV0,1,1,TXH1.2020,186,0.692058266765427,1.28023825056714
BGLR,M10.G.P.W-Int,DAP,M10 DAP,CV00,1,1,TXH1.2020,47,0.733571634375155,1.28471407754696
BGLR,M10.G.P.W-Int,DAP,M10 DAP,CV0,1,1,TXH1.2021,186,0.108452490124557,2.99082547698756
BGLR,M10.G.P.W-Int,DAP,M10 DAP,CV00,1,1,TXH1.2021,47,-0.0746277526322421,2.69563721348037
BGLR,M10.G.P.W-Int,DAP,M10 DAP,CV0,1,1,TXH2.2020,186,0.596334152845775,1.89286292448608
BGLR,M10.G.P.W-Int,DAP,M10 DAP,CV00,1,1,TXH2.2020,47,0.0863408201648649,1.87900698268157
BGLR,M10.G.P.W-Int,DAP,M10 DAP,CV0,1,1,TXH2.2021,186,0.248846118320334,2.88308606475596
BGLR,M10.G.P.W-Int,DAP,M10 DAP,CV00,1,1,TXH2.2021,47,0.221038019513622,2.78257227433878
BGLR,M10.G.P.W-Int,DAP,M10 DAP,CV0,1,1,TXH3.2020,189,-0.0631686054555293,1.60607115329861
BGLR,M10.G.P.W-Int,DAP,M10 DAP,CV00,1,1,TXH3.2020,47,-0.132795355312988,1.90753794135953
BGLR,M10.G.P.W-Int,DAP,M10 DAP,CV0,1,1,TXH3.2021,186,0.44933615039726,4.50636665784524
BGLR,M10.G.P.W-Int,DAP,M10 DAP,CV00,1,1,TXH3.2021,47,0.394388588045519,4.60765434008069
BGLR,M10.G.P.W-Int,DAP,M10 DAP,CV0,1,1,WIH1.2020,185,0.542952260414909,1.8772382883287
BGLR,M10.G.P.W-Int,DAP,M10 DAP,CV00,1,1,WIH1.2020,46,0.16141429946092,1.86964903314215
BGLR,M10.G.P.W-Int,DAP,M10 DAP,CV0,1,1,WIH1.2021,186,0.40119701364083,3.51365065211147
BGLR,M10.G.P.W-Int,DAP,M10 DAP,CV00,1,1,WIH1.2021,47,0.277857260408787,3.68351140760759
BGLR,M10.G.P.W-Int,DAP,M10 DAP,CV0,1,1,WIH2.2020,521,0.205370273542533,2.75583031530891
BGLR,M10.G.P.W-Int,DAP,M10 DAP,CV00,1,1,WIH2.2020,132,-0.00736209365429046,3.17179261826872
BGLR,M10.G.P.W-Int,DAP,M10 DAP,CV0,1,1,WIH2.2021,523,0.404329563858105,3.43680892284908
BGLR,M10.G.P.W-Int,DAP,M10 DAP,CV00,1,1,WIH2.2021,132,0.364918884875731,3.50493129002027
BGLR,M10.G.P.W-Int,DAP,M10 DAP,CV0,1,1,WIH3.2020,188,0.210228650201931,2.44593157401701
BGLR,M10.G.P.W-Int,DAP,M10 DAP,CV00,1,1,WIH3.2020,46,0.0917440813205457,2.42440301061785
BGLR,M10.G.P.W-Int,DAP,M10 DAP,CV0,1,1,WIH3.2021,186,0.572667784629562,1.58072755450849
BGLR,M10.G.P.W-Int,DAP,M10 DAP,CV00,1,1,WIH3.2021,47,0.311246326294453,1.46291435987457
BGLR,M10.G.P.W-Int,DAP,M10 DAP,CV0,1,2,DEH1.2020,523,0.706224480651748,1.90297754121593
BGLR,M10.G.P.W-Int,DAP,M10 DAP,CV00,1,2,DEH1.2020,132,0.674648495499592,1.99669734253032
BGLR,M10.G.P.W-Int,DAP,M10 DAP,CV0,1,2,IAH4.2021,519,0.505475306141729,1.61468919703349
BGLR,M10.G.P.W-Int,DAP,M10 DAP,CV00,1,2,IAH4.2021,126,0.640731138943228,1.41170477676294
BGLR,M10.G.P.W-Int,DAP,M10 DAP,CV0,1,2,MIH1.2020,186,0.499326834332689,3.28120793003434
BGLR,M10.G.P.W-Int,DAP,M10 DAP,CV00,1,2,MIH1.2020,48,0.57630066715406,3.30006334440676
BGLR,M10.G.P.W-Int,DAP,M10 DAP,CV0,1,2,MNH1.2020,184,0.433005048528992,2.64465643905951
BGLR,M10.G.P.W-Int,DAP,M10 DAP,CV00,1,2,MNH1.2020,47,0.656584129978427,2.57798082014376
BGLR,M10.G.P.W-Int,DAP,M10 DAP,CV0,1,2,MNH1.2021,188,0.403379928555791,1.76036447893202
BGLR,M10.G.P.W-Int,DAP,M10 DAP,CV00,1,2,MNH1.2021,48,0.451236721964088,1.82278012223341
BGLR,M10.G.P.W-Int,DAP,M10 DAP,CV0,1,2,MOH1.2020,458,0.224178128979613,2.22415614574612
BGLR,M10.G.P.W-Int,DAP,M10 DAP,CV00,1,2,MOH1.2020,117,0.271518638178143,2.32992254186129
BGLR,M10.G.P.W-Int,DAP,M10 DAP,CV0,1,2,NEH1.2021,186,0.402325250080436,2.94997969116721
BGLR,M10.G.P.W-Int,DAP,M10 DAP,CV00,1,2,NEH1.2021,47,0.141898565445907,2.90119934193177
BGLR,M10.G.P.W-Int,DAP,M10 DAP,CV0,1,2,TXH1.2020,186,0.715557333018919,1.26501926295679
BGLR,M10.G.P.W-Int,DAP,M10 DAP,CV00,1,2,TXH1.2020,47,0.651698103450162,1.31861389789127
BGLR,M10.G.P.W-Int,DAP,M10 DAP,CV0,1,2,TXH1.2021,186,0.0591968827618017,2.94620223622312
BGLR,M10.G.P.W-Int,DAP,M10 DAP,CV00,1,2,TXH1.2021,47,0.11439856548486,2.7248519459229
BGLR,M10.G.P.W-Int,DAP,M10 DAP,CV0,1,2,TXH2.2020,186,0.537602343024369,1.8688138541515
BGLR,M10.G.P.W-Int,DAP,M10 DAP,CV00,1,2,TXH2.2020,47,0.303718988990098,2.05384450754821
BGLR,M10.G.P.W-Int,DAP,M10 DAP,CV0,1,2,TXH2.2021,186,0.349356833584833,2.68159521070879
BGLR,M10.G.P.W-Int,DAP,M10 DAP,CV00,1,2,TXH2.2021,47,0.209174148355772,3.14026048548859
BGLR,M10.G.P.W-Int,DAP,M10 DAP,CV0,1,2,TXH3.2020,188,-0.0939003473681051,1.6818214825563
BGLR,M10.G.P.W-Int,DAP,M10 DAP,CV00,1,2,TXH3.2020,48,0.102650994577152,1.48223405676695
BGLR,M10.G.P.W-Int,DAP,M10 DAP,CV0,1,2,TXH3.2021,186,0.453970385483905,4.54899945865969
BGLR,M10.G.P.W-Int,DAP,M10 DAP,CV00,1,2,TXH3.2021,47,0.510605224831901,4.59328872045546
BGLR,M10.G.P.W-Int,DAP,M10 DAP,CV0,1,2,WIH1.2020,184,0.502536410518316,1.7537140647699
BGLR,M10.G.P.W-Int,DAP,M10 DAP,CV00,1,2,WIH1.2020,47,0.45819719831771,2.33228904335178
BGLR,M10.G.P.W-Int,DAP,M10 DAP,CV0,1,2,WIH1.2021,186,0.422077079247119,3.54153003943433
BGLR,M10.G.P.W-Int,DAP,M10 DAP,CV00,1,2,WIH1.2021,47,0.209722066890941,3.40612629374009
BGLR,M10.G.P.W-Int,DAP,M10 DAP,CV0,1,2,WIH2.2020,520,0.18632952374072,2.86003311997496
BGLR,M10.G.P.W-Int,DAP,M10 DAP,CV00,1,2,WIH2.2020,133,0.171325761674803,2.67071625698606
BGLR,M10.G.P.W-Int,DAP,M10 DAP,CV0,1,2,WIH2.2021,524,0.372651622356431,3.51931645919733
BGLR,M10.G.P.W-Int,DAP,M10 DAP,CV00,1,2,WIH2.2021,131,0.445242558914797,3.25212713844298
BGLR,M10.G.P.W-Int,DAP,M10 DAP,CV0,1,2,WIH3.2020,186,0.144984610636163,2.44587939622034
BGLR,M10.G.P.W-Int,DAP,M10 DAP,CV00,1,2,WIH3.2020,48,0.25272920135731,2.48819997531331
BGLR,M10.G.P.W-Int,DAP,M10 DAP,CV0,1,2,WIH3.2021,186,0.496257116386217,1.53888310046708
BGLR,M10.G.P.W-Int,DAP,M10 DAP,CV00,1,2,WIH3.2021,47,0.627865663487274,1.74297259586422
BGLR,M10.G.P.W-Int,DAP,M10 DAP,CV0,1,3,DEH1.2020,520,0.708689623618992,1.92755342509411
BGLR,M10.G.P.W-Int,DAP,M10 DAP,CV00,1,3,DEH1.2020,135,0.65788146202491,1.81201233638279
BGLR,M10.G.P.W-Int,DAP,M10 DAP,CV0,1,3,IAH4.2021,511,0.512482864477574,1.57901540884156
BGLR,M10.G.P.W-Int,DAP,M10 DAP,CV00,1,3,IAH4.2021,134,0.534853874005829,1.71022219764178
BGLR,M10.G.P.W-Int,DAP,M10 DAP,CV0,1,3,MIH1.2020,185,0.522204555215296,3.23823165235043
BGLR,M10.G.P.W-Int,DAP,M10 DAP,CV00,1,3,MIH1.2020,49,0.426274050653683,3.23994581107038
BGLR,M10.G.P.W-Int,DAP,M10 DAP,CV0,1,3,MNH1.2020,184,0.471050952273489,2.64468252903632
BGLR,M10.G.P.W-Int,DAP,M10 DAP,CV00,1,3,MNH1.2020,47,0.554522297491064,2.59879308364904
BGLR,M10.G.P.W-Int,DAP,M10 DAP,CV0,1,3,MNH1.2021,186,0.442602231812857,1.75352914791743
BGLR,M10.G.P.W-Int,DAP,M10 DAP,CV00,1,3,MNH1.2021,50,0.339193743711095,2.02342076398989
BGLR,M10.G.P.W-Int,DAP,M10 DAP,CV0,1,3,MOH1.2020,454,0.222829055266951,2.23768309667927
BGLR,M10.G.P.W-Int,DAP,M10 DAP,CV00,1,3,MOH1.2020,121,0.250850687932614,2.15921281853279
BGLR,M10.G.P.W-Int,DAP,M10 DAP,CV0,1,3,NEH1.2021,185,0.352632091013676,2.96210430201858
BGLR,M10.G.P.W-Int,DAP,M10 DAP,CV00,1,3,NEH1.2021,48,0.365261323202029,2.91342920813108
BGLR,M10.G.P.W-Int,DAP,M10 DAP,CV0,1,3,TXH1.2020,185,0.685791136155155,1.25570292082273
BGLR,M10.G.P.W-Int,DAP,M10 DAP,CV00,1,3,TXH1.2020,48,0.69319738248489,1.51026541488339
BGLR,M10.G.P.W-Int,DAP,M10 DAP,CV0,1,3,TXH1.2021,185,0.032816758703843,2.93172886146029
BGLR,M10.G.P.W-Int,DAP,M10 DAP,CV00,1,3,TXH1.2021,48,0.148976103769316,2.75526521783224
BGLR,M10.G.P.W-Int,DAP,M10 DAP,CV0,1,3,TXH2.2020,185,0.501455213862909,1.87269381126406
BGLR,M10.G.P.W-Int,DAP,M10 DAP,CV00,1,3,TXH2.2020,48,0.49104921357807,1.83791018438957
BGLR,M10.G.P.W-Int,DAP,M10 DAP,CV0,1,3,TXH2.2021,185,0.203601177716023,2.92352411731911
BGLR,M10.G.P.W-Int,DAP,M10 DAP,CV00,1,3,TXH2.2021,48,0.353188541123936,2.63951597790251
BGLR,M10.G.P.W-Int,DAP,M10 DAP,CV0,1,3,TXH3.2020,186,-0.055653973613549,1.63538315943532
BGLR,M10.G.P.W-Int,DAP,M10 DAP,CV00,1,3,TXH3.2020,50,-0.0953534195837765,1.64199020269573
BGLR,M10.G.P.W-Int,DAP,M10 DAP,CV0,1,3,TXH3.2021,185,0.407638350562095,4.57444331523016
BGLR,M10.G.P.W-Int,DAP,M10 DAP,CV00,1,3,TXH3.2021,48,0.527443654656223,4.34743161768491
BGLR,M10.G.P.W-Int,DAP,M10 DAP,CV0,1,3,WIH1.2020,184,0.491681889266907,1.91235051305347
BGLR,M10.G.P.W-Int,DAP,M10 DAP,CV00,1,3,WIH1.2020,47,0.500659427833766,1.77067307078586
BGLR,M10.G.P.W-Int,DAP,M10 DAP,CV0,1,3,WIH1.2021,185,0.351583760951486,3.52994067591756
BGLR,M10.G.P.W-Int,DAP,M10 DAP,CV00,1,3,WIH1.2021,48,0.463324309422995,3.66198631106859
BGLR,M10.G.P.W-Int,DAP,M10 DAP,CV0,1,3,WIH2.2020,519,0.164807258839584,2.81200256741285
BGLR,M10.G.P.W-Int,DAP,M10 DAP,CV00,1,3,WIH2.2020,134,0.192855095512981,2.92427563116774
BGLR,M10.G.P.W-Int,DAP,M10 DAP,CV0,1,3,WIH2.2021,517,0.431404925470089,3.41969996425634
BGLR,M10.G.P.W-Int,DAP,M10 DAP,CV00,1,3,WIH2.2021,138,0.346045821901877,3.73939814773556
BGLR,M10.G.P.W-Int,DAP,M10 DAP,CV0,1,3,WIH3.2020,185,0.177214234615007,2.41940271296868
BGLR,M10.G.P.W-Int,DAP,M10 DAP,CV00,1,3,WIH3.2020,49,0.175982433050523,2.57125845383893
BGLR,M10.G.P.W-Int,DAP,M10 DAP,CV0,1,3,WIH3.2021,185,0.555469366916392,1.54456035193711
BGLR,M10.G.P.W-Int,DAP,M10 DAP,CV00,1,3,WIH3.2021,48,0.503989231205565,1.6193955269452
BGLR,M10.G.P.W-Int,DAP,M10 DAP,CV0,1,4,DEH1.2020,522,0.695369023218,1.94349645326506
BGLR,M10.G.P.W-Int,DAP,M10 DAP,CV00,1,4,DEH1.2020,133,0.703557904664078,1.74150209651386
BGLR,M10.G.P.W-Int,DAP,M10 DAP,CV0,1,4,IAH4.2021,515,0.52627425760942,1.61056476248979
BGLR,M10.G.P.W-Int,DAP,M10 DAP,CV00,1,4,IAH4.2021,130,0.48708463458562,1.62515224508857
BGLR,M10.G.P.W-Int,DAP,M10 DAP,CV0,1,4,MIH1.2020,187,0.486916622392618,3.26238228352575
BGLR,M10.G.P.W-Int,DAP,M10 DAP,CV00,1,4,MIH1.2020,47,0.640884727251767,3.24780593035839
BGLR,M10.G.P.W-Int,DAP,M10 DAP,CV0,1,4,MNH1.2020,184,0.55807635476264,2.55715171064853
BGLR,M10.G.P.W-Int,DAP,M10 DAP,CV00,1,4,MNH1.2020,47,0.245025890369081,2.84989403115056
BGLR,M10.G.P.W-Int,DAP,M10 DAP,CV0,1,4,MNH1.2021,189,0.354397575557242,1.80505712002437
BGLR,M10.G.P.W-Int,DAP,M10 DAP,CV00,1,4,MNH1.2021,47,0.556664143456177,1.77887844056804
BGLR,M10.G.P.W-Int,DAP,M10 DAP,CV0,1,4,MOH1.2020,455,0.265505348655721,2.22752447347457
BGLR,M10.G.P.W-Int,DAP,M10 DAP,CV00,1,4,MOH1.2020,120,0.184592064780881,2.16832118772664
BGLR,M10.G.P.W-Int,DAP,M10 DAP,CV0,1,4,NEH1.2021,186,0.378628304206297,2.9699433587191
BGLR,M10.G.P.W-Int,DAP,M10 DAP,CV00,1,4,NEH1.2021,47,0.148778205717137,2.96774318894925
BGLR,M10.G.P.W-Int,DAP,M10 DAP,CV0,1,4,TXH1.2020,186,0.666192644654523,1.34587514968159
BGLR,M10.G.P.W-Int,DAP,M10 DAP,CV00,1,4,TXH1.2020,47,0.718688308474885,1.2012697645519
BGLR,M10.G.P.W-Int,DAP,M10 DAP,CV0,1,4,TXH1.2021,186,0.0179427711558055,2.88446695305712
BGLR,M10.G.P.W-Int,DAP,M10 DAP,CV00,1,4,TXH1.2021,47,0.124058418234101,3.09317216884439
BGLR,M10.G.P.W-Int,DAP,M10 DAP,CV0,1,4,TXH2.2020,186,0.424303243905837,1.82675405037276
BGLR,M10.G.P.W-Int,DAP,M10 DAP,CV00,1,4,TXH2.2020,47,0.624023441431211,2.10001953224683
BGLR,M10.G.P.W-Int,DAP,M10 DAP,CV0,1,4,TXH2.2021,186,0.22395643486092,2.90233641457415
BGLR,M10.G.P.W-Int,DAP,M10 DAP,CV00,1,4,TXH2.2021,47,0.185327168821492,2.79584853893865
BGLR,M10.G.P.W-Int,DAP,M10 DAP,CV0,1,4,TXH3.2020,189,-0.029170901123677,1.64692213381792
BGLR,M10.G.P.W-Int,DAP,M10 DAP,CV00,1,4,TXH3.2020,47,-0.227574444364492,1.6394041116518
BGLR,M10.G.P.W-Int,DAP,M10 DAP,CV0,1,4,TXH3.2021,186,0.486873244581025,4.50248423675432
BGLR,M10.G.P.W-Int,DAP,M10 DAP,CV00,1,4,TXH3.2021,47,0.131275614767434,4.49373482939525
BGLR,M10.G.P.W-Int,DAP,M10 DAP,CV0,1,4,WIH1.2020,184,0.490228768271245,1.86668610592367
BGLR,M10.G.P.W-Int,DAP,M10 DAP,CV00,1,4,WIH1.2020,47,0.484058301340307,1.94329624522575
BGLR,M10.G.P.W-Int,DAP,M10 DAP,CV0,1,4,WIH1.2021,186,0.382486170182996,3.54472974345181
BGLR,M10.G.P.W-Int,DAP,M10 DAP,CV00,1,4,WIH1.2021,47,0.366224074759285,3.49787824967235
BGLR,M10.G.P.W-Int,DAP,M10 DAP,CV0,1,4,WIH2.2020,523,0.179075178698293,2.83360213966879
BGLR,M10.G.P.W-Int,DAP,M10 DAP,CV00,1,4,WIH2.2020,130,0.165424705138892,2.81963518717087
BGLR,M10.G.P.W-Int,DAP,M10 DAP,CV0,1,4,WIH2.2021,524,0.435588113101588,3.45234569959013
BGLR,M10.G.P.W-Int,DAP,M10 DAP,CV00,1,4,WIH2.2021,131,0.322248553637721,3.60030036265185
BGLR,M10.G.P.W-Int,DAP,M10 DAP,CV0,1,4,WIH3.2020,187,0.168072437325657,2.46189159900183
BGLR,M10.G.P.W-Int,DAP,M10 DAP,CV00,1,4,WIH3.2020,47,-0.0409668873828575,2.56377446822327
BGLR,M10.G.P.W-Int,DAP,M10 DAP,CV0,1,4,WIH3.2021,186,0.541406171303135,1.64802657208232
BGLR,M10.G.P.W-Int,DAP,M10 DAP,CV00,1,4,WIH3.2021,47,0.600058218685169,1.22383109110118
BGLR,M10.G.P.W-Int,DAP,M10 DAP,CV0,1,5,DEH1.2020,531,0.706374675959012,1.91394164704532
BGLR,M10.G.P.W-Int,DAP,M10 DAP,CV00,1,5,DEH1.2020,124,0.687360427099913,1.93722403776496
BGLR,M10.G.P.W-Int,DAP,M10 DAP,CV0,1,5,IAH4.2021,521,0.566874134464007,1.56855510384205
BGLR,M10.G.P.W-Int,DAP,M10 DAP,CV00,1,5,IAH4.2021,124,0.33638736758749,1.65885483896553
BGLR,M10.G.P.W-Int,DAP,M10 DAP,CV0,1,5,MIH1.2020,190,0.532759027314217,3.31475361513774
BGLR,M10.G.P.W-Int,DAP,M10 DAP,CV00,1,5,MIH1.2020,44,0.339915350630354,3.1438052315283
BGLR,M10.G.P.W-Int,DAP,M10 DAP,CV0,1,5,MNH1.2020,187,0.480748542985167,2.65534293348666
BGLR,M10.G.P.W-Int,DAP,M10 DAP,CV00,1,5,MNH1.2020,44,0.463122578591447,2.5919377087216
BGLR,M10.G.P.W-Int,DAP,M10 DAP,CV0,1,5,MNH1.2021,192,0.481768584650248,1.77602339300183
BGLR,M10.G.P.W-Int,DAP,M10 DAP,CV00,1,5,MNH1.2021,44,0.150861306075881,1.77121077570784
BGLR,M10.G.P.W-Int,DAP,M10 DAP,CV0,1,5,MOH1.2020,471,0.29644209052585,2.21619792487997
BGLR,M10.G.P.W-Int,DAP,M10 DAP,CV00,1,5,MOH1.2020,104,0.0046558204029831,2.28207293126892
BGLR,M10.G.P.W-Int,DAP,M10 DAP,CV0,1,5,NEH1.2021,189,0.380380354053101,2.9059395979051
BGLR,M10.G.P.W-Int,DAP,M10 DAP,CV00,1,5,NEH1.2021,44,0.339195892104205,3.08988666333056
BGLR,M10.G.P.W-Int,DAP,M10 DAP,CV0,1,5,TXH1.2020,189,0.71978544665839,1.32535024762028
BGLR,M10.G.P.W-Int,DAP,M10 DAP,CV00,1,5,TXH1.2020,44,0.623135839037848,1.14831182355753
BGLR,M10.G.P.W-Int,DAP,M10 DAP,CV0,1,5,TXH1.2021,189,0.102395487754388,2.84232850038372
BGLR,M10.G.P.W-Int,DAP,M10 DAP,CV00,1,5,TXH1.2021,44,-0.162843161616185,3.16754878610283
BGLR,M10.G.P.W-Int,DAP,M10 DAP,CV0,1,5,TXH2.2020,189,0.474112015441482,1.92174961601652
BGLR,M10.G.P.W-Int,DAP,M10 DAP,CV00,1,5,TXH2.2020,44,0.64833637920789,1.64949890171701
BGLR,M10.G.P.W-Int,DAP,M10 DAP,CV0,1,5,TXH2.2021,189,0.302829975740846,2.87505196933399
BGLR,M10.G.P.W-Int,DAP,M10 DAP,CV00,1,5,TXH2.2021,44,0.219438343158982,2.76885998801897
BGLR,M10.G.P.W-Int,DAP,M10 DAP,CV0,1,5,TXH3.2020,192,-0.0938169601684095,1.68839942194137
BGLR,M10.G.P.W-Int,DAP,M10 DAP,CV00,1,5,TXH3.2020,44,0.0819545975090282,1.49827094907335
BGLR,M10.G.P.W-Int,DAP,M10 DAP,CV0,1,5,TXH3.2021,189,0.499817575073178,4.48579458348885
BGLR,M10.G.P.W-Int,DAP,M10 DAP,CV00,1,5,TXH3.2021,44,0.314601501221962,4.54894225950891
BGLR,M10.G.P.W-Int,DAP,M10 DAP,CV0,1,5,WIH1.2020,187,0.504920457885679,1.90845157765013
BGLR,M10.G.P.W-Int,DAP,M10 DAP,CV00,1,5,WIH1.2020,44,0.480361395382792,1.7152156305075
BGLR,M10.G.P.W-Int,DAP,M10 DAP,CV0,1,5,WIH1.2021,189,0.398346702204736,3.51379335666503
BGLR,M10.G.P.W-Int,DAP,M10 DAP,CV00,1,5,WIH1.2021,44,0.343411979000551,3.51732348037885
BGLR,M10.G.P.W-Int,DAP,M10 DAP,CV0,1,5,WIH2.2020,529,0.1908280693401,2.85863213649083
BGLR,M10.G.P.W-Int,DAP,M10 DAP,CV00,1,5,WIH2.2020,124,0.0722035019017781,2.70602995558798
BGLR,M10.G.P.W-Int,DAP,M10 DAP,CV0,1,5,WIH2.2021,532,0.407974521064184,3.49504696062379
BGLR,M10.G.P.W-Int,DAP,M10 DAP,CV00,1,5,WIH2.2021,123,0.337778739878119,3.39537485587526
BGLR,M10.G.P.W-Int,DAP,M10 DAP,CV0,1,5,WIH3.2020,190,0.227366915366041,2.44988872963265
BGLR,M10.G.P.W-Int,DAP,M10 DAP,CV00,1,5,WIH3.2020,44,-0.0731733883701793,2.42025231931537
BGLR,M10.G.P.W-Int,DAP,M10 DAP,CV0,1,5,WIH3.2021,189,0.588637749227555,1.46041289975448
BGLR,M10.G.P.W-Int,DAP,M10 DAP,CV00,1,5,WIH3.2021,44,0.422879514888271,1.91415550583339
BGLR,M10.G.P.W-Int,DAP,M10 DAP,CV0,2,1,DEH1.2020,526,0.690237922775332,1.87715361031946
BGLR,M10.G.P.W-Int,DAP,M10 DAP,CV00,2,1,DEH1.2020,129,0.735301459727192,2.08379756880155
BGLR,M10.G.P.W-Int,DAP,M10 DAP,CV0,2,1,IAH4.2021,518,0.517280893230921,1.59393073569933
BGLR,M10.G.P.W-Int,DAP,M10 DAP,CV00,2,1,IAH4.2021,127,0.521561850697551,1.6020259036073
BGLR,M10.G.P.W-Int,DAP,M10 DAP,CV0,2,1,MIH1.2020,189,0.506239175538638,3.31857657985711
BGLR,M10.G.P.W-Int,DAP,M10 DAP,CV00,2,1,MIH1.2020,45,0.535350732744659,3.09810794691092
BGLR,M10.G.P.W-Int,DAP,M10 DAP,CV0,2,1,MNH1.2020,186,0.542896354634615,2.58693221195784
BGLR,M10.G.P.W-Int,DAP,M10 DAP,CV00,2,1,MNH1.2020,45,0.28860689923663,2.68368612170771
BGLR,M10.G.P.W-Int,DAP,M10 DAP,CV0,2,1,MNH1.2021,191,0.380779822300122,1.82584149447515
BGLR,M10.G.P.W-Int,DAP,M10 DAP,CV00,2,1,MNH1.2021,45,0.502655254225222,1.61900065804701
BGLR,M10.G.P.W-Int,DAP,M10 DAP,CV0,2,1,MOH1.2020,459,0.241086451466708,2.2258559865375
BGLR,M10.G.P.W-Int,DAP,M10 DAP,CV00,2,1,MOH1.2020,116,0.251592288038324,2.24198563574336
BGLR,M10.G.P.W-Int,DAP,M10 DAP,CV0,2,1,NEH1.2021,188,0.318909051540805,2.9949425344873
BGLR,M10.G.P.W-Int,DAP,M10 DAP,CV00,2,1,NEH1.2021,45,0.470750202832675,2.8153648498311
BGLR,M10.G.P.W-Int,DAP,M10 DAP,CV0,2,1,TXH1.2020,188,0.690986996627778,1.26503168138252
BGLR,M10.G.P.W-Int,DAP,M10 DAP,CV00,2,1,TXH1.2020,45,0.595514693926431,1.52137625670868
BGLR,M10.G.P.W-Int,DAP,M10 DAP,CV0,2,1,TXH1.2021,188,-0.00356696076334092,2.94071221790302
BGLR,M10.G.P.W-Int,DAP,M10 DAP,CV00,2,1,TXH1.2021,45,0.217548412788246,2.85188828598243
BGLR,M10.G.P.W-Int,DAP,M10 DAP,CV0,2,1,TXH2.2020,188,0.484334758209023,1.80718904239854
BGLR,M10.G.P.W-Int,DAP,M10 DAP,CV00,2,1,TXH2.2020,45,0.379514157335452,2.27848424092174
BGLR,M10.G.P.W-Int,DAP,M10 DAP,CV0,2,1,TXH2.2021,188,0.257644822056451,2.73320204627469
BGLR,M10.G.P.W-Int,DAP,M10 DAP,CV00,2,1,TXH2.2021,45,0.244526534794619,3.24915398754307
BGLR,M10.G.P.W-Int,DAP,M10 DAP,CV0,2,1,TXH3.2020,191,-0.0364357837818926,1.58388636168397
BGLR,M10.G.P.W-Int,DAP,M10 DAP,CV00,2,1,TXH3.2020,45,-0.147521018803822,1.76748150303216
BGLR,M10.G.P.W-Int,DAP,M10 DAP,CV0,2,1,TXH3.2021,188,0.485178009901907,4.55496984324907
BGLR,M10.G.P.W-Int,DAP,M10 DAP,CV00,2,1,TXH3.2021,45,0.190025713092129,4.46544846064798
BGLR,M10.G.P.W-Int,DAP,M10 DAP,CV0,2,1,WIH1.2020,186,0.493478127793766,1.93707534670041
BGLR,M10.G.P.W-Int,DAP,M10 DAP,CV00,2,1,WIH1.2020,45,0.490800955297588,1.66570664468775
BGLR,M10.G.P.W-Int,DAP,M10 DAP,CV0,2,1,WIH1.2021,188,0.371665035140144,3.60501946868652
BGLR,M10.G.P.W-Int,DAP,M10 DAP,CV00,2,1,WIH1.2021,45,0.43011618150667,3.20080290222296
BGLR,M10.G.P.W-Int,DAP,M10 DAP,CV0,2,1,WIH2.2020,524,0.212366304122769,2.79460155659346
BGLR,M10.G.P.W-Int,DAP,M10 DAP,CV00,2,1,WIH2.2020,129,0.0172132305887894,2.97240883902994
BGLR,M10.G.P.W-Int,DAP,M10 DAP,CV0,2,1,WIH2.2021,524,0.404823665551088,3.46530650489077
BGLR,M10.G.P.W-Int,DAP,M10 DAP,CV00,2,1,WIH2.2021,131,0.402281755302592,3.45931396280931
BGLR,M10.G.P.W-Int,DAP,M10 DAP,CV0,2,1,WIH3.2020,189,0.172169509275197,2.45029034881517
BGLR,M10.G.P.W-Int,DAP,M10 DAP,CV00,2,1,WIH3.2020,45,0.289716071202856,2.39619264020458
BGLR,M10.G.P.W-Int,DAP,M10 DAP,CV0,2,1,WIH3.2021,188,0.562149814273299,1.58556770589565
BGLR,M10.G.P.W-Int,DAP,M10 DAP,CV00,2,1,WIH3.2021,45,0.43734985166962,1.51446358837853
BGLR,M10.G.P.W-Int,DAP,M10 DAP,CV0,2,2,DEH1.2020,521,0.71742191036109,1.93243552326558
BGLR,M10.G.P.W-Int,DAP,M10 DAP,CV00,2,2,DEH1.2020,134,0.635823903818633,1.88704086994508
BGLR,M10.G.P.W-Int,DAP,M10 DAP,CV0,2,2,IAH4.2021,513,0.531902308337939,1.58046274485342
BGLR,M10.G.P.W-Int,DAP,M10 DAP,CV00,2,2,IAH4.2021,132,0.533977580127985,1.55718498443368
BGLR,M10.G.P.W-Int,DAP,M10 DAP,CV0,2,2,MIH1.2020,187,0.507112208577592,3.22338177454017
BGLR,M10.G.P.W-Int,DAP,M10 DAP,CV00,2,2,MIH1.2020,47,0.525079605087667,3.39344955511521
BGLR,M10.G.P.W-Int,DAP,M10 DAP,CV0,2,2,MNH1.2020,184,0.464415985507367,2.74789358781522
BGLR,M10.G.P.W-Int,DAP,M10 DAP,CV00,2,2,MNH1.2020,47,0.599409246122874,2.27234722135092
BGLR,M10.G.P.W-Int,DAP,M10 DAP,CV0,2,2,MNH1.2021,189,0.417279706098401,1.79371529376065
BGLR,M10.G.P.W-Int,DAP,M10 DAP,CV00,2,2,MNH1.2021,47,0.444141884176357,1.7998856550931
BGLR,M10.G.P.W-Int,DAP,M10 DAP,CV0,2,2,MOH1.2020,456,0.225795131851144,2.2255783003833
BGLR,M10.G.P.W-Int,DAP,M10 DAP,CV00,2,2,MOH1.2020,119,0.254231699759414,2.27827201927278
BGLR,M10.G.P.W-Int,DAP,M10 DAP,CV0,2,2,NEH1.2021,186,0.381545475970847,2.81646716769318
BGLR,M10.G.P.W-Int,DAP,M10 DAP,CV00,2,2,NEH1.2021,47,0.376495038565448,3.36711057764729
BGLR,M10.G.P.W-Int,DAP,M10 DAP,CV0,2,2,TXH1.2020,186,0.693588054763422,1.29355900508258
BGLR,M10.G.P.W-Int,DAP,M10 DAP,CV00,2,2,TXH1.2020,47,0.727493793646508,1.32077228163786
BGLR,M10.G.P.W-Int,DAP,M10 DAP,CV0,2,2,TXH1.2021,186,0.0808235854889781,2.89005180759167
BGLR,M10.G.P.W-Int,DAP,M10 DAP,CV00,2,2,TXH1.2021,47,0.0348356730516825,3.1413282285378
BGLR,M10.G.P.W-Int,DAP,M10 DAP,CV0,2,2,TXH2.2020,186,0.512502387544619,1.87804574023624
BGLR,M10.G.P.W-Int,DAP,M10 DAP,CV00,2,2,TXH2.2020,47,0.495034833784913,1.85517516339847
BGLR,M10.G.P.W-Int,DAP,M10 DAP,CV0,2,2,TXH2.2021,186,0.196906159963574,2.93890720436737
BGLR,M10.G.P.W-Int,DAP,M10 DAP,CV00,2,2,TXH2.2021,47,0.3296899061922,2.72689174434393
BGLR,M10.G.P.W-Int,DAP,M10 DAP,CV0,2,2,TXH3.2020,189,-0.119478165010685,1.71913029271493
BGLR,M10.G.P.W-Int,DAP,M10 DAP,CV00,2,2,TXH3.2020,47,0.148998104532699,1.380013301753
BGLR,M10.G.P.W-Int,DAP,M10 DAP,CV0,2,2,TXH3.2021,186,0.429843642764707,4.4681974615082
BGLR,M10.G.P.W-Int,DAP,M10 DAP,CV00,2,2,TXH3.2021,47,0.592575659388072,4.54810020806411
BGLR,M10.G.P.W-Int,DAP,M10 DAP,CV0,2,2,WIH1.2020,184,0.482124648809332,1.87444650244772
BGLR,M10.G.P.W-Int,DAP,M10 DAP,CV00,2,2,WIH1.2020,47,0.487882075662645,1.97231783248656
BGLR,M10.G.P.W-Int,DAP,M10 DAP,CV0,2,2,WIH1.2021,186,0.403071010394682,3.56538403168179
BGLR,M10.G.P.W-Int,DAP,M10 DAP,CV00,2,2,WIH1.2021,47,0.377935456019196,3.3836628082219
BGLR,M10.G.P.W-Int,DAP,M10 DAP,CV0,2,2,WIH2.2020,520,0.16998488926937,2.87950052884351
BGLR,M10.G.P.W-Int,DAP,M10 DAP,CV00,2,2,WIH2.2020,133,0.180541231694204,2.61481021724431
BGLR,M10.G.P.W-Int,DAP,M10 DAP,CV0,2,2,WIH2.2021,521,0.42821057085013,3.43316971542538
BGLR,M10.G.P.W-Int,DAP,M10 DAP,CV00,2,2,WIH2.2021,134,0.275619855111851,3.60366337464422
BGLR,M10.G.P.W-Int,DAP,M10 DAP,CV0,2,2,WIH3.2020,187,0.195805749544551,2.41540590029011
BGLR,M10.G.P.W-Int,DAP,M10 DAP,CV00,2,2,WIH3.2020,47,-0.111681471452722,2.67847161139821
BGLR,M10.G.P.W-Int,DAP,M10 DAP,CV0,2,2,WIH3.2021,186,0.516196114297437,1.57265676947146
BGLR,M10.G.P.W-Int,DAP,M10 DAP,CV00,2,2,WIH3.2021,47,0.562012091946414,1.6222049767246
BGLR,M10.G.P.W-Int,DAP,M10 DAP,CV0,2,3,DEH1.2020,522,0.699445842928867,1.93667159074
BGLR,M10.G.P.W-Int,DAP,M10 DAP,CV00,2,3,DEH1.2020,133,0.684928490640109,1.84494923082775
BGLR,M10.G.P.W-Int,DAP,M10 DAP,CV0,2,3,IAH4.2021,514,0.53200833522702,1.61248820976099
BGLR,M10.G.P.W-Int,DAP,M10 DAP,CV00,2,3,IAH4.2021,131,0.486881296640566,1.52825904546629
BGLR,M10.G.P.W-Int,DAP,M10 DAP,CV0,2,3,MIH1.2020,189,0.511984449290872,3.26088565156371
BGLR,M10.G.P.W-Int,DAP,M10 DAP,CV00,2,3,MIH1.2020,45,0.513340045946007,3.21128298231613
BGLR,M10.G.P.W-Int,DAP,M10 DAP,CV0,2,3,MNH1.2020,186,0.565601210793738,2.61867915787613
BGLR,M10.G.P.W-Int,DAP,M10 DAP,CV00,2,3,MNH1.2020,45,0.239571672643872,2.71476881394863
BGLR,M10.G.P.W-Int,DAP,M10 DAP,CV0,2,3,MNH1.2021,191,0.441915535951396,1.82184749318435
BGLR,M10.G.P.W-Int,DAP,M10 DAP,CV00,2,3,MNH1.2021,45,0.337693318383874,1.74982727476212
BGLR,M10.G.P.W-Int,DAP,M10 DAP,CV0,2,3,MOH1.2020,458,0.219668529342114,2.2252941500011
BGLR,M10.G.P.W-Int,DAP,M10 DAP,CV00,2,3,MOH1.2020,117,0.286646555253624,2.22175221768918
BGLR,M10.G.P.W-Int,DAP,M10 DAP,CV0,2,3,NEH1.2021,188,0.359778856459468,2.92426459740062
BGLR,M10.G.P.W-Int,DAP,M10 DAP,CV00,2,3,NEH1.2021,45,0.26055295365211,3.09170922636366
BGLR,M10.G.P.W-Int,DAP,M10 DAP,CV0,2,3,TXH1.2020,188,0.726826493094396,1.29004413634126
BGLR,M10.G.P.W-Int,DAP,M10 DAP,CV00,2,3,TXH1.2020,45,0.628348452257033,1.22911911115148
BGLR,M10.G.P.W-Int,DAP,M10 DAP,CV0,2,3,TXH1.2021,188,0.0554156648150925,2.91327658068261
BGLR,M10.G.P.W-Int,DAP,M10 DAP,CV00,2,3,TXH1.2021,45,-0.0946131012066829,2.99006406839761
BGLR,M10.G.P.W-Int,DAP,M10 DAP,CV0,2,3,TXH2.2020,188,0.505254137414801,1.91979366658828
BGLR,M10.G.P.W-Int,DAP,M10 DAP,CV00,2,3,TXH2.2020,45,0.485269546790405,1.69218102496188
BGLR,M10.G.P.W-Int,DAP,M10 DAP,CV0,2,3,TXH2.2021,188,0.306278635755987,2.91087243116561
BGLR,M10.G.P.W-Int,DAP,M10 DAP,CV00,2,3,TXH2.2021,45,-0.0319988312964137,2.65971329179158
BGLR,M10.G.P.W-Int,DAP,M10 DAP,CV0,2,3,TXH3.2020,191,-0.0827867752350539,1.71174604539326
BGLR,M10.G.P.W-Int,DAP,M10 DAP,CV00,2,3,TXH3.2020,45,0.0789840068310168,1.41227465097245
BGLR,M10.G.P.W-Int,DAP,M10 DAP,CV0,2,3,TXH3.2021,188,0.472201040211543,4.53336994734377
BGLR,M10.G.P.W-Int,DAP,M10 DAP,CV00,2,3,TXH3.2021,45,0.25153753455876,4.51396478497361
BGLR,M10.G.P.W-Int,DAP,M10 DAP,CV0,2,3,WIH1.2020,186,0.524956606839896,1.9044947452223
BGLR,M10.G.P.W-Int,DAP,M10 DAP,CV00,2,3,WIH1.2020,45,0.326908489668784,1.70255403539228
BGLR,M10.G.P.W-Int,DAP,M10 DAP,CV0,2,3,WIH1.2021,188,0.387548461999259,3.51356600209228
BGLR,M10.G.P.W-Int,DAP,M10 DAP,CV00,2,3,WIH1.2021,45,0.317781436794301,3.65066015456788
BGLR,M10.G.P.W-Int,DAP,M10 DAP,CV0,2,3,WIH2.2020,520,0.16431933200427,2.82554948610095
BGLR,M10.G.P.W-Int,DAP,M10 DAP,CV00,2,3,WIH2.2020,133,0.266660564113096,2.84036945534943
BGLR,M10.G.P.W-Int,DAP,M10 DAP,CV0,2,3,WIH2.2021,522,0.432758322126291,3.44593686781599
BGLR,M10.G.P.W-Int,DAP,M10 DAP,CV00,2,3,WIH2.2021,133,0.286863304297399,3.58871023855629
BGLR,M10.G.P.W-Int,DAP,M10 DAP,CV0,2,3,WIH3.2020,189,0.192148513748096,2.49560463915612
BGLR,M10.G.P.W-Int,DAP,M10 DAP,CV00,2,3,WIH3.2020,45,-0.0217044605003144,2.3060874774134
BGLR,M10.G.P.W-Int,DAP,M10 DAP,CV0,2,3,WIH3.2021,188,0.591497875934682,1.53253649978081
BGLR,M10.G.P.W-Int,DAP,M10 DAP,CV00,2,3,WIH3.2021,45,0.292723666120179,1.64377656506055
BGLR,M10.G.P.W-Int,DAP,M10 DAP,CV0,2,4,DEH1.2020,522,0.702339624109666,1.91673459163079
BGLR,M10.G.P.W-Int,DAP,M10 DAP,CV00,2,4,DEH1.2020,133,0.672184159063888,1.85771072118632
BGLR,M10.G.P.W-Int,DAP,M10 DAP,CV0,2,4,IAH4.2021,514,0.518001838225007,1.61883733615138
BGLR,M10.G.P.W-Int,DAP,M10 DAP,CV00,2,4,IAH4.2021,131,0.537500022243803,1.54015021082895
BGLR,M10.G.P.W-Int,DAP,M10 DAP,CV0,2,4,MIH1.2020,188,0.517474824369522,3.2612276184863
BGLR,M10.G.P.W-Int,DAP,M10 DAP,CV00,2,4,MIH1.2020,46,0.476405738008533,3.27757814488343
BGLR,M10.G.P.W-Int,DAP,M10 DAP,CV0,2,4,MNH1.2020,185,0.524897357225113,2.60445587174871
BGLR,M10.G.P.W-Int,DAP,M10 DAP,CV00,2,4,MNH1.2020,46,0.340980780099929,2.51898156349506
BGLR,M10.G.P.W-Int,DAP,M10 DAP,CV0,2,4,MNH1.2021,189,0.442014372912478,1.81994451258211
BGLR,M10.G.P.W-Int,DAP,M10 DAP,CV00,2,4,MNH1.2021,47,0.352714195835994,1.60407677889616
BGLR,M10.G.P.W-Int,DAP,M10 DAP,CV0,2,4,MOH1.2020,463,0.29666214611579,2.19741028660102
BGLR,M10.G.P.W-Int,DAP,M10 DAP,CV00,2,4,MOH1.2020,112,0.0909188517851905,2.32289705086597
BGLR,M10.G.P.W-Int,DAP,M10 DAP,CV0,2,4,NEH1.2021,186,0.359315811118395,3.01528273286091
BGLR,M10.G.P.W-Int,DAP,M10 DAP,CV00,2,4,NEH1.2021,47,0.289857515570854,2.71624908313553
BGLR,M10.G.P.W-Int,DAP,M10 DAP,CV0,2,4,TXH1.2020,186,0.714543371831628,1.32348090970351
BGLR,M10.G.P.W-Int,DAP,M10 DAP,CV00,2,4,TXH1.2020,47,0.674546226413367,1.1179538091439
BGLR,M10.G.P.W-Int,DAP,M10 DAP,CV0,2,4,TXH1.2021,186,0.0864464771399441,2.95904425044337
BGLR,M10.G.P.W-Int,DAP,M10 DAP,CV00,2,4,TXH1.2021,47,-0.0984091374444946,2.64234161001365
BGLR,M10.G.P.W-Int,DAP,M10 DAP,CV0,2,4,TXH2.2020,186,0.534867743265401,1.83767208466443
BGLR,M10.G.P.W-Int,DAP,M10 DAP,CV00,2,4,TXH2.2020,47,0.404500893742549,2.04182112798445
BGLR,M10.G.P.W-Int,DAP,M10 DAP,CV0,2,4,TXH2.2021,186,0.330087105386788,2.85605627926417
BGLR,M10.G.P.W-Int,DAP,M10 DAP,CV00,2,4,TXH2.2021,47,0.149678683117228,2.65291707118702
BGLR,M10.G.P.W-Int,DAP,M10 DAP,CV0,2,4,TXH3.2020,189,-0.0390189169551205,1.62931825112745
BGLR,M10.G.P.W-Int,DAP,M10 DAP,CV00,2,4,TXH3.2020,47,-0.237734305247937,1.84025120128852
BGLR,M10.G.P.W-Int,DAP,M10 DAP,CV0,2,4,TXH3.2021,186,0.430889529317353,4.58864762095908
BGLR,M10.G.P.W-Int,DAP,M10 DAP,CV00,2,4,TXH3.2021,47,0.457567579732838,4.40340336243005
BGLR,M10.G.P.W-Int,DAP,M10 DAP,CV0,2,4,WIH1.2020,185,0.5528215050778,1.79362339477426
BGLR,M10.G.P.W-Int,DAP,M10 DAP,CV00,2,4,WIH1.2020,46,0.264001119794213,2.19889021973839
BGLR,M10.G.P.W-Int,DAP,M10 DAP,CV0,2,4,WIH1.2021,186,0.403988832614448,3.51789453413566
BGLR,M10.G.P.W-Int,DAP,M10 DAP,CV00,2,4,WIH1.2021,47,0.229556686258727,3.60601254012152
BGLR,M10.G.P.W-Int,DAP,M10 DAP,CV0,2,4,WIH2.2020,520,0.180880785352619,2.84571048539421
BGLR,M10.G.P.W-Int,DAP,M10 DAP,CV00,2,4,WIH2.2020,133,0.0726011857700952,2.85268359488199
BGLR,M10.G.P.W-Int,DAP,M10 DAP,CV0,2,4,WIH2.2021,525,0.39059101877362,3.48359046894488
BGLR,M10.G.P.W-Int,DAP,M10 DAP,CV00,2,4,WIH2.2021,130,0.397482071069841,3.48140217674126
BGLR,M10.G.P.W-Int,DAP,M10 DAP,CV0,2,4,WIH3.2020,188,0.198085936772094,2.46521810903974
BGLR,M10.G.P.W-Int,DAP,M10 DAP,CV00,2,4,WIH3.2020,46,0.0899404169576541,2.38101078593631
BGLR,M10.G.P.W-Int,DAP,M10 DAP,CV0,2,4,WIH3.2021,186,0.590022273354922,1.47452015549458
BGLR,M10.G.P.W-Int,DAP,M10 DAP,CV00,2,4,WIH3.2021,47,0.468189743894638,1.79582232781224
BGLR,M10.G.P.W-Int,DAP,M10 DAP,CV0,2,5,DEH1.2020,529,0.695286854587961,1.90106922367195
BGLR,M10.G.P.W-Int,DAP,M10 DAP,CV00,2,5,DEH1.2020,126,0.715186197444844,1.98681097197407
BGLR,M10.G.P.W-Int,DAP,M10 DAP,CV0,2,5,IAH4.2021,521,0.540063433426671,1.53527912105298
BGLR,M10.G.P.W-Int,DAP,M10 DAP,CV00,2,5,IAH4.2021,124,0.454817272137225,1.82293639022309
BGLR,M10.G.P.W-Int,DAP,M10 DAP,CV0,2,5,MIH1.2020,183,0.50734287633258,3.25530338812584
BGLR,M10.G.P.W-Int,DAP,M10 DAP,CV00,2,5,MIH1.2020,51,0.383845053838915,3.30185326896845
BGLR,M10.G.P.W-Int,DAP,M10 DAP,CV0,2,5,MNH1.2020,183,0.364876525389743,2.57466298105956
BGLR,M10.G.P.W-Int,DAP,M10 DAP,CV00,2,5,MNH1.2020,48,0.682864956600674,2.76922450444587
BGLR,M10.G.P.W-Int,DAP,M10 DAP,CV0,2,5,MNH1.2021,184,0.466228169756841,1.66061535185633
BGLR,M10.G.P.W-Int,DAP,M10 DAP,CV00,2,5,MNH1.2021,52,0.32540187320424,2.17145341258729
BGLR,M10.G.P.W-Int,DAP,M10 DAP,CV0,2,5,MOH1.2020,464,0.251924245435808,2.26679609189706
BGLR,M10.G.P.W-Int,DAP,M10 DAP,CV00,2,5,MOH1.2020,111,0.19464458187716,2.0809587309117
BGLR,M10.G.P.W-Int,DAP,M10 DAP,CV0,2,5,NEH1.2021,184,0.417379067551556,2.95825636004335
BGLR,M10.G.P.W-Int,DAP,M10 DAP,CV00,2,5,NEH1.2021,49,0.213684870990391,2.89024937065699
BGLR,M10.G.P.W-Int,DAP,M10 DAP,CV0,2,5,TXH1.2020,184,0.648524769519741,1.30239522124377
BGLR,M10.G.P.W-Int,DAP,M10 DAP,CV00,2,5,TXH1.2020,49,0.823797240173528,1.27781835417713
BGLR,M10.G.P.W-Int,DAP,M10 DAP,CV0,2,5,TXH1.2021,184,0.094400898179004,2.88900731549908
BGLR,M10.G.P.W-Int,DAP,M10 DAP,CV00,2,5,TXH1.2021,49,-0.0164107658431786,2.75629620948023
BGLR,M10.G.P.W-Int,DAP,M10 DAP,CV0,2,5,TXH2.2020,184,0.490724789456411,1.9424334469857
BGLR,M10.G.P.W-Int,DAP,M10 DAP,CV00,2,5,TXH2.2020,49,0.476426106327307,1.65300105365264
BGLR,M10.G.P.W-Int,DAP,M10 DAP,CV0,2,5,TXH2.2021,184,0.21027843140992,2.83485338525128
BGLR,M10.G.P.W-Int,DAP,M10 DAP,CV00,2,5,TXH2.2021,49,0.408160839130517,2.77921566121558
BGLR,M10.G.P.W-Int,DAP,M10 DAP,CV0,2,5,TXH3.2020,184,-0.052729020600522,1.62405196158359
BGLR,M10.G.P.W-Int,DAP,M10 DAP,CV00,2,5,TXH3.2020,52,-0.0701254786605045,1.71342343835779
BGLR,M10.G.P.W-Int,DAP,M10 DAP,CV0,2,5,TXH3.2021,184,0.478629427148393,4.46866820075187
BGLR,M10.G.P.W-Int,DAP,M10 DAP,CV00,2,5,TXH3.2021,49,0.392854863272802,4.6610461939166
BGLR,M10.G.P.W-Int,DAP,M10 DAP,CV0,2,5,WIH1.2020,183,0.485860631774768,1.80941689931715
BGLR,M10.G.P.W-Int,DAP,M10 DAP,CV00,2,5,WIH1.2020,48,0.579676868894999,2.04986141855245
BGLR,M10.G.P.W-Int,DAP,M10 DAP,CV0,2,5,WIH1.2021,184,0.402515783328747,3.4329658072779
BGLR,M10.G.P.W-Int,DAP,M10 DAP,CV00,2,5,WIH1.2021,49,0.365646736300404,3.87509999554653
BGLR,M10.G.P.W-Int,DAP,M10 DAP,CV0,2,5,WIH2.2020,528,0.195815017583971,2.77804229642216
BGLR,M10.G.P.W-Int,DAP,M10 DAP,CV00,2,5,WIH2.2020,125,0.106295919292444,3.01410428438348
BGLR,M10.G.P.W-Int,DAP,M10 DAP,CV0,2,5,WIH2.2021,528,0.394133201600037,3.49660881997955
BGLR,M10.G.P.W-Int,DAP,M10 DAP,CV00,2,5,WIH2.2021,127,0.458069952713365,3.38055051928909
BGLR,M10.G.P.W-Int,DAP,M10 DAP,CV0,2,5,WIH3.2020,183,0.17016022408195,2.39372306191246
BGLR,M10.G.P.W-Int,DAP,M10 DAP,CV00,2,5,WIH3.2020,51,0.128436397866748,2.67441841169328
BGLR,M10.G.P.W-Int,DAP,M10 DAP,CV0,2,5,WIH3.2021,184,0.503793213195643,1.60838301207768
BGLR,M10.G.P.W-Int,DAP,M10 DAP,CV00,2,5,WIH3.2021,49,0.677587711944471,1.43392850506997
BGLR,M10.G.P.W-Int,DAP,M10 DAP,CV0,3,1,DEH1.2020,525,0.685930167489517,1.93284841403107
BGLR,M10.G.P.W-Int,DAP,M10 DAP,CV00,3,1,DEH1.2020,130,0.745847887942195,1.83828342153983
BGLR,M10.G.P.W-Int,DAP,M10 DAP,CV0,3,1,IAH4.2021,516,0.508241972492507,1.5948371018738
BGLR,M10.G.P.W-Int,DAP,M10 DAP,CV00,3,1,IAH4.2021,129,0.579059226771751,1.56820796320799
BGLR,M10.G.P.W-Int,DAP,M10 DAP,CV0,3,1,MIH1.2020,187,0.514061549418415,3.26247751424596
BGLR,M10.G.P.W-Int,DAP,M10 DAP,CV00,3,1,MIH1.2020,47,0.492119875525063,3.25782374155701
BGLR,M10.G.P.W-Int,DAP,M10 DAP,CV0,3,1,MNH1.2020,184,0.484479779890772,2.57783439748662
BGLR,M10.G.P.W-Int,DAP,M10 DAP,CV00,3,1,MNH1.2020,47,0.499179911887395,2.83775468709909
BGLR,M10.G.P.W-Int,DAP,M10 DAP,CV0,3,1,MNH1.2021,189,0.37068755043534,1.81668363898287
BGLR,M10.G.P.W-Int,DAP,M10 DAP,CV00,3,1,MNH1.2021,47,0.512412061252929,1.74210459711596
BGLR,M10.G.P.W-Int,DAP,M10 DAP,CV0,3,1,MOH1.2020,456,0.254670161691269,2.2287399295623
BGLR,M10.G.P.W-Int,DAP,M10 DAP,CV00,3,1,MOH1.2020,119,0.177606644889159,2.18875393578846
BGLR,M10.G.P.W-Int,DAP,M10 DAP,CV0,3,1,NEH1.2021,186,0.332020132675112,2.90433218295091
BGLR,M10.G.P.W-Int,DAP,M10 DAP,CV00,3,1,NEH1.2021,47,0.40669721816503,3.14367025150322
BGLR,M10.G.P.W-Int,DAP,M10 DAP,CV0,3,1,TXH1.2020,186,0.677602878399194,1.250004172271
BGLR,M10.G.P.W-Int,DAP,M10 DAP,CV00,3,1,TXH1.2020,47,0.738344833083673,1.52411303226693
BGLR,M10.G.P.W-Int,DAP,M10 DAP,CV0,3,1,TXH1.2021,186,-0.00559879504331031,3.01576502805212
BGLR,M10.G.P.W-Int,DAP,M10 DAP,CV00,3,1,TXH1.2021,47,0.216066823500628,2.63761052167469
BGLR,M10.G.P.W-Int,DAP,M10 DAP,CV0,3,1,TXH2.2020,186,0.441055793194469,1.8802493619734
BGLR,M10.G.P.W-Int,DAP,M10 DAP,CV00,3,1,TXH2.2020,47,0.54131077257363,2.0371775214475
BGLR,M10.G.P.W-Int,DAP,M10 DAP,CV0,3,1,TXH2.2021,186,0.227561131359431,2.87822242756985
BGLR,M10.G.P.W-Int,DAP,M10 DAP,CV00,3,1,TXH2.2021,47,0.317656654130515,2.80213099695584
BGLR,M10.G.P.W-Int,DAP,M10 DAP,CV0,3,1,TXH3.2020,189,-0.0449192111178071,1.62255396607313
BGLR,M10.G.P.W-Int,DAP,M10 DAP,CV00,3,1,TXH3.2020,47,-0.13383207441566,1.62080225411336
BGLR,M10.G.P.W-Int,DAP,M10 DAP,CV0,3,1,TXH3.2021,186,0.437893708634967,4.50842548985832
BGLR,M10.G.P.W-Int,DAP,M10 DAP,CV00,3,1,TXH3.2021,47,0.391599181772719,4.55456013753657
BGLR,M10.G.P.W-Int,DAP,M10 DAP,CV0,3,1,WIH1.2020,184,0.465791469541572,1.86102954740051
BGLR,M10.G.P.W-Int,DAP,M10 DAP,CV00,3,1,WIH1.2020,47,0.648238288312733,1.93130468867863
BGLR,M10.G.P.W-Int,DAP,M10 DAP,CV0,3,1,WIH1.2021,186,0.389284771819073,3.48597746002205
BGLR,M10.G.P.W-Int,DAP,M10 DAP,CV00,3,1,WIH1.2021,47,0.334532801828883,3.71523465377537
BGLR,M10.G.P.W-Int,DAP,M10 DAP,CV0,3,1,WIH2.2020,524,0.207663354689832,2.77989190297444
BGLR,M10.G.P.W-Int,DAP,M10 DAP,CV00,3,1,WIH2.2020,129,0.0367359561578029,3.03234989974903
BGLR,M10.G.P.W-Int,DAP,M10 DAP,CV0,3,1,WIH2.2021,525,0.407480818927738,3.44617408460615
BGLR,M10.G.P.W-Int,DAP,M10 DAP,CV00,3,1,WIH2.2021,130,0.322043672030757,3.57442830025974
BGLR,M10.G.P.W-Int,DAP,M10 DAP,CV0,3,1,WIH3.2020,187,0.18986371545866,2.36093375676687
BGLR,M10.G.P.W-Int,DAP,M10 DAP,CV00,3,1,WIH3.2020,47,-0.0330218625803714,2.85284768801731
BGLR,M10.G.P.W-Int,DAP,M10 DAP,CV0,3,1,WIH3.2021,186,0.501237540264594,1.57041203062614
BGLR,M10.G.P.W-Int,DAP,M10 DAP,CV00,3,1,WIH3.2021,47,0.652776860571181,1.66716192800902
BGLR,M10.G.P.W-Int,DAP,M10 DAP,CV0,3,2,DEH1.2020,521,0.691782162242486,1.91490731482762
BGLR,M10.G.P.W-Int,DAP,M10 DAP,CV00,3,2,DEH1.2020,134,0.699165404368882,1.93045359349199
BGLR,M10.G.P.W-Int,DAP,M10 DAP,CV0,3,2,IAH4.2021,514,0.550805092946062,1.59753309629486
BGLR,M10.G.P.W-Int,DAP,M10 DAP,CV00,3,2,IAH4.2021,131,0.452414846388244,1.58578344017341
BGLR,M10.G.P.W-Int,DAP,M10 DAP,CV0,3,2,MIH1.2020,188,0.511531865169662,3.29373408300929
BGLR,M10.G.P.W-Int,DAP,M10 DAP,CV00,3,2,MIH1.2020,46,0.443274101457953,3.09750886863836
BGLR,M10.G.P.W-Int,DAP,M10 DAP,CV0,3,2,MNH1.2020,185,0.533168375776542,2.61317243213989
BGLR,M10.G.P.W-Int,DAP,M10 DAP,CV00,3,2,MNH1.2020,46,0.415330172126795,2.4751806301402
BGLR,M10.G.P.W-Int,DAP,M10 DAP,CV0,3,2,MNH1.2021,190,0.470372955160639,1.73821320569632
BGLR,M10.G.P.W-Int,DAP,M10 DAP,CV00,3,2,MNH1.2021,46,0.294613900407679,1.98989843047667
BGLR,M10.G.P.W-Int,DAP,M10 DAP,CV0,3,2,MOH1.2020,463,0.244578354875194,2.25859808130258
BGLR,M10.G.P.W-Int,DAP,M10 DAP,CV00,3,2,MOH1.2020,112,0.225196733338962,2.16505965691923
BGLR,M10.G.P.W-Int,DAP,M10 DAP,CV0,3,2,NEH1.2021,187,0.360525034914404,3.04230696919575
BGLR,M10.G.P.W-Int,DAP,M10 DAP,CV00,3,2,NEH1.2021,46,0.3703604837088,2.52676586551562
BGLR,M10.G.P.W-Int,DAP,M10 DAP,CV0,3,2,TXH1.2020,187,0.720438785813963,1.34100147383306
BGLR,M10.G.P.W-Int,DAP,M10 DAP,CV00,3,2,TXH1.2020,46,0.497544516574038,1.10368782892177
BGLR,M10.G.P.W-Int,DAP,M10 DAP,CV0,3,2,TXH1.2021,187,0.0948811583778141,2.81771307514916
BGLR,M10.G.P.W-Int,DAP,M10 DAP,CV00,3,2,TXH1.2021,46,-0.0434870829098737,3.20139821155343
BGLR,M10.G.P.W-Int,DAP,M10 DAP,CV0,3,2,TXH2.2020,187,0.536496377965329,1.87416528594136
BGLR,M10.G.P.W-Int,DAP,M10 DAP,CV00,3,2,TXH2.2020,46,0.328895146971419,1.90781374694744
BGLR,M10.G.P.W-Int,DAP,M10 DAP,CV0,3,2,TXH2.2021,187,0.217774352117844,2.89392383442122
BGLR,M10.G.P.W-Int,DAP,M10 DAP,CV00,3,2,TXH2.2021,46,0.397253436956961,2.7871736895164
BGLR,M10.G.P.W-Int,DAP,M10 DAP,CV0,3,2,TXH3.2020,190,-0.11759514364032,1.7184387094291
BGLR,M10.G.P.W-Int,DAP,M10 DAP,CV00,3,2,TXH3.2020,46,0.217557726235305,1.41899003781673
BGLR,M10.G.P.W-Int,DAP,M10 DAP,CV0,3,2,TXH3.2021,187,0.483040751210867,4.46802052090357
BGLR,M10.G.P.W-Int,DAP,M10 DAP,CV00,3,2,TXH3.2021,46,0.156292654753554,4.57324117360365
BGLR,M10.G.P.W-Int,DAP,M10 DAP,CV0,3,2,WIH1.2020,185,0.496843055278445,1.90100260910115
BGLR,M10.G.P.W-Int,DAP,M10 DAP,CV00,3,2,WIH1.2020,46,0.439066199733044,1.8344366026876
BGLR,M10.G.P.W-Int,DAP,M10 DAP,CV0,3,2,WIH1.2021,187,0.442971294571159,3.53202844687107
BGLR,M10.G.P.W-Int,DAP,M10 DAP,CV00,3,2,WIH1.2021,46,0.0736498591486036,3.55319428357273
BGLR,M10.G.P.W-Int,DAP,M10 DAP,CV0,3,2,WIH2.2020,519,0.190121103187991,2.78950376433713
BGLR,M10.G.P.W-Int,DAP,M10 DAP,CV00,3,2,WIH2.2020,134,0.102793286410349,2.99750295128236
BGLR,M10.G.P.W-Int,DAP,M10 DAP,CV0,3,2,WIH2.2021,522,0.420008868813115,3.49476566175137
BGLR,M10.G.P.W-Int,DAP,M10 DAP,CV00,3,2,WIH2.2021,133,0.32365380464327,3.34241064144757
BGLR,M10.G.P.W-Int,DAP,M10 DAP,CV0,3,2,WIH3.2020,188,0.18972218235029,2.49577822988788
BGLR,M10.G.P.W-Int,DAP,M10 DAP,CV00,3,2,WIH3.2020,46,0.0366135822055463,2.30620785749541
BGLR,M10.G.P.W-Int,DAP,M10 DAP,CV0,3,2,WIH3.2021,187,0.584359558389341,1.5333920866481
BGLR,M10.G.P.W-Int,DAP,M10 DAP,CV00,3,2,WIH3.2021,46,0.266568201012826,1.67946647756976
BGLR,M10.G.P.W-Int,DAP,M10 DAP,CV0,3,3,DEH1.2020,522,0.717006505139766,1.93722152296856
BGLR,M10.G.P.W-Int,DAP,M10 DAP,CV00,3,3,DEH1.2020,133,0.662012100902537,1.83473253190194
BGLR,M10.G.P.W-Int,DAP,M10 DAP,CV0,3,3,IAH4.2021,514,0.531514825691936,1.60031759931042
BGLR,M10.G.P.W-Int,DAP,M10 DAP,CV00,3,3,IAH4.2021,131,0.481139004877901,1.5577033643068
BGLR,M10.G.P.W-Int,DAP,M10 DAP,CV0,3,3,MIH1.2020,188,0.497769616278476,3.30762317583129
BGLR,M10.G.P.W-Int,DAP,M10 DAP,CV00,3,3,MIH1.2020,46,0.571756965820821,3.15884546580505
BGLR,M10.G.P.W-Int,DAP,M10 DAP,CV0,3,3,MNH1.2020,185,0.548077198066161,2.66418156251569
BGLR,M10.G.P.W-Int,DAP,M10 DAP,CV00,3,3,MNH1.2020,46,0.175057680169627,2.3481809541742
BGLR,M10.G.P.W-Int,DAP,M10 DAP,CV0,3,3,MNH1.2021,189,0.431220127114753,1.79288127157729
BGLR,M10.G.P.W-Int,DAP,M10 DAP,CV00,3,3,MNH1.2021,47,0.358106554805197,1.66843511495297
BGLR,M10.G.P.W-Int,DAP,M10 DAP,CV0,3,3,MOH1.2020,460,0.26534655358788,2.21426103307334
BGLR,M10.G.P.W-Int,DAP,M10 DAP,CV00,3,3,MOH1.2020,115,0.181657956874951,2.30505218059845
BGLR,M10.G.P.W-Int,DAP,M10 DAP,CV0,3,3,NEH1.2021,186,0.376670396708268,2.89962727047336
BGLR,M10.G.P.W-Int,DAP,M10 DAP,CV00,3,3,NEH1.2021,47,0.355908891480846,3.07912206147694
BGLR,M10.G.P.W-Int,DAP,M10 DAP,CV0,3,3,TXH1.2020,186,0.675352104540618,1.34437438898068
BGLR,M10.G.P.W-Int,DAP,M10 DAP,CV00,3,3,TXH1.2020,47,0.810321090184536,1.09699912584242
BGLR,M10.G.P.W-Int,DAP,M10 DAP,CV0,3,3,TXH1.2021,186,0.108379516118405,2.84967366887836
BGLR,M10.G.P.W-Int,DAP,M10 DAP,CV00,3,3,TXH1.2021,47,-0.0735602894056638,3.27391650881019
BGLR,M10.G.P.W-Int,DAP,M10 DAP,CV0,3,3,TXH2.2020,186,0.52050633501622,1.85407831416235
BGLR,M10.G.P.W-Int,DAP,M10 DAP,CV00,3,3,TXH2.2020,47,0.410560413528202,1.91348718962449
BGLR,M10.G.P.W-Int,DAP,M10 DAP,CV0,3,3,TXH2.2021,186,0.305356215159117,2.87088883102376
BGLR,M10.G.P.W-Int,DAP,M10 DAP,CV00,3,3,TXH2.2021,47,0.304148678004072,2.8203023676515
BGLR,M10.G.P.W-Int,DAP,M10 DAP,CV0,3,3,TXH3.2020,189,-0.066772624235462,1.63831783147625
BGLR,M10.G.P.W-Int,DAP,M10 DAP,CV00,3,3,TXH3.2020,47,-0.0708676396698758,1.71047242560659
BGLR,M10.G.P.W-Int,DAP,M10 DAP,CV0,3,3,TXH3.2021,186,0.480468943138937,4.51081571565172
BGLR,M10.G.P.W-Int,DAP,M10 DAP,CV00,3,3,TXH3.2021,47,0.4009371262057,4.48506734940251
BGLR,M10.G.P.W-Int,DAP,M10 DAP,CV0,3,3,WIH1.2020,185,0.536986793551373,1.87016301137001
BGLR,M10.G.P.W-Int,DAP,M10 DAP,CV00,3,3,WIH1.2020,46,0.356779171034543,1.85679023650593
BGLR,M10.G.P.W-Int,DAP,M10 DAP,CV0,3,3,WIH1.2021,186,0.348304725430026,3.58743051346577
BGLR,M10.G.P.W-Int,DAP,M10 DAP,CV00,3,3,WIH1.2021,47,0.471024698708973,3.28817192284484
BGLR,M10.G.P.W-Int,DAP,M10 DAP,CV0,3,3,WIH2.2020,519,0.181955750999247,2.90866389226699
BGLR,M10.G.P.W-Int,DAP,M10 DAP,CV00,3,3,WIH2.2020,134,0.11886664575045,2.51869444759783
BGLR,M10.G.P.W-Int,DAP,M10 DAP,CV0,3,3,WIH2.2021,522,0.412851303145527,3.49590701657935
BGLR,M10.G.P.W-Int,DAP,M10 DAP,CV00,3,3,WIH2.2021,133,0.377054712494276,3.36022381681129
BGLR,M10.G.P.W-Int,DAP,M10 DAP,CV0,3,3,WIH3.2020,188,0.193480939016668,2.50149737415623
BGLR,M10.G.P.W-Int,DAP,M10 DAP,CV00,3,3,WIH3.2020,46,0.31205273987209,2.12079803843039
BGLR,M10.G.P.W-Int,DAP,M10 DAP,CV0,3,3,WIH3.2021,186,0.588157578122947,1.5237186946823
BGLR,M10.G.P.W-Int,DAP,M10 DAP,CV00,3,3,WIH3.2021,47,0.422524795741651,1.65408784691986
BGLR,M10.G.P.W-Int,DAP,M10 DAP,CV0,3,4,DEH1.2020,521,0.703436625426256,1.88329835906042
BGLR,M10.G.P.W-Int,DAP,M10 DAP,CV00,3,4,DEH1.2020,134,0.66506392638428,2.01056966315348
BGLR,M10.G.P.W-Int,DAP,M10 DAP,CV0,3,4,IAH4.2021,512,0.519030353154105,1.59074111433448
BGLR,M10.G.P.W-Int,DAP,M10 DAP,CV00,3,4,IAH4.2021,133,0.527036381848088,1.66683640884002
BGLR,M10.G.P.W-Int,DAP,M10 DAP,CV0,3,4,MIH1.2020,185,0.485244140844284,3.25665781429943
BGLR,M10.G.P.W-Int,DAP,M10 DAP,CV00,3,4,MIH1.2020,49,0.579958978437177,3.29073863392949
BGLR,M10.G.P.W-Int,DAP,M10 DAP,CV0,3,4,MNH1.2020,184,0.496673746031476,2.67465099379197
BGLR,M10.G.P.W-Int,DAP,M10 DAP,CV00,3,4,MNH1.2020,47,0.400884498072391,2.49204768568714
BGLR,M10.G.P.W-Int,DAP,M10 DAP,CV0,3,4,MNH1.2021,186,0.438779937469911,1.75956355262675
BGLR,M10.G.P.W-Int,DAP,M10 DAP,CV00,3,4,MNH1.2021,50,0.348614933448597,1.88336834959265
BGLR,M10.G.P.W-Int,DAP,M10 DAP,CV0,3,4,MOH1.2020,455,0.242855412437168,2.23136892865892
BGLR,M10.G.P.W-Int,DAP,M10 DAP,CV00,3,4,MOH1.2020,120,0.23567537757544,2.16475962196641
BGLR,M10.G.P.W-Int,DAP,M10 DAP,CV0,3,4,NEH1.2021,185,0.437482620260568,2.84750390108032
BGLR,M10.G.P.W-Int,DAP,M10 DAP,CV00,3,4,NEH1.2021,48,0.00550304036196619,3.33991238182593
BGLR,M10.G.P.W-Int,DAP,M10 DAP,CV0,3,4,TXH1.2020,185,0.68753712155297,1.28844404090278
BGLR,M10.G.P.W-Int,DAP,M10 DAP,CV00,3,4,TXH1.2020,48,0.757417054225514,1.34726932154717
BGLR,M10.G.P.W-Int,DAP,M10 DAP,CV0,3,4,TXH1.2021,185,0.0415547209048775,2.92945832056689
BGLR,M10.G.P.W-Int,DAP,M10 DAP,CV00,3,4,TXH1.2021,48,0.102238130899803,2.73627367298595
BGLR,M10.G.P.W-Int,DAP,M10 DAP,CV0,3,4,TXH2.2020,185,0.470926838906338,1.92969144254923
BGLR,M10.G.P.W-Int,DAP,M10 DAP,CV00,3,4,TXH2.2020,48,0.737469598314322,1.55220963389784
BGLR,M10.G.P.W-Int,DAP,M10 DAP,CV0,3,4,TXH2.2021,185,0.26651901202641,2.82914414508457
BGLR,M10.G.P.W-Int,DAP,M10 DAP,CV00,3,4,TXH2.2021,48,0.240836910994605,2.91003912758618
BGLR,M10.G.P.W-Int,DAP,M10 DAP,CV0,3,4,TXH3.2020,186,-0.0307808455247591,1.58364525753815
BGLR,M10.G.P.W-Int,DAP,M10 DAP,CV00,3,4,TXH3.2020,50,-0.168815250221812,1.84344913262627
BGLR,M10.G.P.W-Int,DAP,M10 DAP,CV0,3,4,TXH3.2021,185,0.428544702706795,4.58172443287631
BGLR,M10.G.P.W-Int,DAP,M10 DAP,CV00,3,4,TXH3.2021,48,0.55373730343665,4.32189865964179
BGLR,M10.G.P.W-Int,DAP,M10 DAP,CV0,3,4,WIH1.2020,184,0.505764384044402,1.84995509537552
BGLR,M10.G.P.W-Int,DAP,M10 DAP,CV00,3,4,WIH1.2020,47,0.483391269036137,1.97359499148525
BGLR,M10.G.P.W-Int,DAP,M10 DAP,CV0,3,4,WIH1.2021,185,0.328274336371796,3.46850473981571
BGLR,M10.G.P.W-Int,DAP,M10 DAP,CV00,3,4,WIH1.2021,48,0.575590597986494,3.75322343356893
BGLR,M10.G.P.W-Int,DAP,M10 DAP,CV0,3,4,WIH2.2020,521,0.173074053738349,2.79442248862468
BGLR,M10.G.P.W-Int,DAP,M10 DAP,CV00,3,4,WIH2.2020,132,0.21881993825662,2.97183810312294
BGLR,M10.G.P.W-Int,DAP,M10 DAP,CV0,3,4,WIH2.2021,522,0.434398052349386,3.45853957968754
BGLR,M10.G.P.W-Int,DAP,M10 DAP,CV00,3,4,WIH2.2021,133,0.302116689386554,3.59328479892175
BGLR,M10.G.P.W-Int,DAP,M10 DAP,CV0,3,4,WIH3.2020,185,0.246867395509977,2.38484199031144
BGLR,M10.G.P.W-Int,DAP,M10 DAP,CV00,3,4,WIH3.2020,49,-0.0384738234596343,2.66677509562313
BGLR,M10.G.P.W-Int,DAP,M10 DAP,CV0,3,4,WIH3.2021,185,0.549541958798655,1.56516219868423
BGLR,M10.G.P.W-Int,DAP,M10 DAP,CV00,3,4,WIH3.2021,48,0.56546673066115,1.52053440513522
BGLR,M10.G.P.W-Int,DAP,M10 DAP,CV0,3,5,DEH1.2020,531,0.702503519460471,1.89714738812466
BGLR,M10.G.P.W-Int,DAP,M10 DAP,CV00,3,5,DEH1.2020,124,0.681500508363901,2.02465147659482
BGLR,M10.G.P.W-Int,DAP,M10 DAP,CV0,3,5,IAH4.2021,524,0.528782314640382,1.55849761830116
BGLR,M10.G.P.W-Int,DAP,M10 DAP,CV00,3,5,IAH4.2021,121,0.52694872740182,1.69495750353356
BGLR,M10.G.P.W-Int,DAP,M10 DAP,CV0,3,5,MIH1.2020,188,0.541877129548627,3.20310185612824
BGLR,M10.G.P.W-Int,DAP,M10 DAP,CV00,3,5,MIH1.2020,46,0.368256907484716,3.47100304645995
BGLR,M10.G.P.W-Int,DAP,M10 DAP,CV0,3,5,MNH1.2020,186,0.405607142011889,2.60070335274167
BGLR,M10.G.P.W-Int,DAP,M10 DAP,CV00,3,5,MNH1.2020,45,0.757905094258935,2.73931168581114
BGLR,M10.G.P.W-Int,DAP,M10 DAP,CV0,3,5,MNH1.2021,190,0.419711453433004,1.81394792169063
BGLR,M10.G.P.W-Int,DAP,M10 DAP,CV00,3,5,MNH1.2021,46,0.402262190933132,1.7638456195978
BGLR,M10.G.P.W-Int,DAP,M10 DAP,CV0,3,5,MOH1.2020,466,0.224999676558343,2.21804851446563
BGLR,M10.G.P.W-Int,DAP,M10 DAP,CV00,3,5,MOH1.2020,109,0.280335918553943,2.29635921420333
BGLR,M10.G.P.W-Int,DAP,M10 DAP,CV0,3,5,NEH1.2021,188,0.331128483164753,3.00485829125791
BGLR,M10.G.P.W-Int,DAP,M10 DAP,CV00,3,5,NEH1.2021,45,0.409319981082216,2.75329011222845
BGLR,M10.G.P.W-Int,DAP,M10 DAP,CV0,3,5,TXH1.2020,188,0.72366527714458,1.24135487354168
BGLR,M10.G.P.W-Int,DAP,M10 DAP,CV00,3,5,TXH1.2020,45,0.615641926560386,1.41226908918545
BGLR,M10.G.P.W-Int,DAP,M10 DAP,CV0,3,5,TXH1.2021,188,0.0836572334197097,2.94692577220856
BGLR,M10.G.P.W-Int,DAP,M10 DAP,CV00,3,5,TXH1.2021,45,0.0314391831490095,2.52692164085033
BGLR,M10.G.P.W-Int,DAP,M10 DAP,CV0,3,5,TXH2.2020,188,0.561697465813508,1.84752889649118
BGLR,M10.G.P.W-Int,DAP,M10 DAP,CV00,3,5,TXH2.2020,45,0.207576608085612,2.12845559925575
BGLR,M10.G.P.W-Int,DAP,M10 DAP,CV0,3,5,TXH2.2021,188,0.358043167583074,2.76885918067842
BGLR,M10.G.P.W-Int,DAP,M10 DAP,CV00,3,5,TXH2.2021,45,0.0506054252984962,2.89433439825812
BGLR,M10.G.P.W-Int,DAP,M10 DAP,CV0,3,5,TXH3.2020,190,-0.0628592432406567,1.69315742431502
BGLR,M10.G.P.W-Int,DAP,M10 DAP,CV00,3,5,TXH3.2020,46,-0.12467971201499,1.5756262550533
BGLR,M10.G.P.W-Int,DAP,M10 DAP,CV0,3,5,TXH3.2021,188,0.473507203462085,4.55293052071204
BGLR,M10.G.P.W-Int,DAP,M10 DAP,CV00,3,5,TXH3.2021,45,0.340725004517946,4.66007620455532
BGLR,M10.G.P.W-Int,DAP,M10 DAP,CV0,3,5,WIH1.2020,186,0.535111491017024,1.84131032907214
BGLR,M10.G.P.W-Int,DAP,M10 DAP,CV00,3,5,WIH1.2020,45,0.331672571161447,2.06167374473614
BGLR,M10.G.P.W-Int,DAP,M10 DAP,CV0,3,5,WIH1.2021,188,0.433553271046207,3.57436806021001
BGLR,M10.G.P.W-Int,DAP,M10 DAP,CV00,3,5,WIH1.2021,45,0.123762452473775,3.39556185436457
BGLR,M10.G.P.W-Int,DAP,M10 DAP,CV0,3,5,WIH2.2020,529,0.171965577655838,2.84663676305686
BGLR,M10.G.P.W-Int,DAP,M10 DAP,CV00,3,5,WIH2.2020,124,0.142005288953586,2.79009497203775
BGLR,M10.G.P.W-Int,DAP,M10 DAP,CV0,3,5,WIH2.2021,529,0.379421274246255,3.42509290081221
BGLR,M10.G.P.W-Int,DAP,M10 DAP,CV00,3,5,WIH2.2021,126,0.482183033761072,3.67603643417615
BGLR,M10.G.P.W-Int,DAP,M10 DAP,CV0,3,5,WIH3.2020,188,0.104738281979914,2.48422519482607
BGLR,M10.G.P.W-Int,DAP,M10 DAP,CV00,3,5,WIH3.2020,46,0.379822061177056,2.36795162959255
BGLR,M10.G.P.W-Int,DAP,M10 DAP,CV0,3,5,WIH3.2021,188,0.52945177055479,1.58945017696232
BGLR,M10.G.P.W-Int,DAP,M10 DAP,CV00,3,5,WIH3.2021,45,0.597299892693737,1.48254863671436
BGLR,M10.G.P.W-Int,DAP,M10 DAP,CV0,4,1,DEH1.2020,521,0.70468821429431,1.90181868717005
BGLR,M10.G.P.W-Int,DAP,M10 DAP,CV00,4,1,DEH1.2020,134,0.688687521704444,1.9369673864796
BGLR,M10.G.P.W-Int,DAP,M10 DAP,CV0,4,1,IAH4.2021,513,0.526447877216087,1.5543537950094
BGLR,M10.G.P.W-Int,DAP,M10 DAP,CV00,4,1,IAH4.2021,132,0.503544828917898,1.76066650953068
BGLR,M10.G.P.W-Int,DAP,M10 DAP,CV0,4,1,MIH1.2020,185,0.54698174392922,3.27825851540985
BGLR,M10.G.P.W-Int,DAP,M10 DAP,CV00,4,1,MIH1.2020,49,0.365747011721038,3.19322306607311
BGLR,M10.G.P.W-Int,DAP,M10 DAP,CV0,4,1,MNH1.2020,184,0.48885434665925,2.65916222495336
BGLR,M10.G.P.W-Int,DAP,M10 DAP,CV00,4,1,MNH1.2020,47,0.427621605836828,2.50685681753909
BGLR,M10.G.P.W-Int,DAP,M10 DAP,CV0,4,1,MNH1.2021,186,0.450339631654784,1.75121603891444
BGLR,M10.G.P.W-Int,DAP,M10 DAP,CV00,4,1,MNH1.2021,50,0.238556962612813,1.90740235324957
BGLR,M10.G.P.W-Int,DAP,M10 DAP,CV0,4,1,MOH1.2020,458,0.234469179301073,2.22390487772726
BGLR,M10.G.P.W-Int,DAP,M10 DAP,CV00,4,1,MOH1.2020,117,0.226528010203572,2.22608942196088
BGLR,M10.G.P.W-Int,DAP,M10 DAP,CV0,4,1,NEH1.2021,185,0.409260732000582,2.92276178835713
BGLR,M10.G.P.W-Int,DAP,M10 DAP,CV00,4,1,NEH1.2021,48,0.234880027328109,2.99158786806048
BGLR,M10.G.P.W-Int,DAP,M10 DAP,CV0,4,1,TXH1.2020,185,0.690461862279106,1.27034728139902
BGLR,M10.G.P.W-Int,DAP,M10 DAP,CV00,4,1,TXH1.2020,48,0.691265670468056,1.48722527634229
BGLR,M10.G.P.W-Int,DAP,M10 DAP,CV0,4,1,TXH1.2021,185,-0.00126774841696774,2.96904710712666
BGLR,M10.G.P.W-Int,DAP,M10 DAP,CV00,4,1,TXH1.2021,48,0.27162844088526,2.87930631249003
BGLR,M10.G.P.W-Int,DAP,M10 DAP,CV0,4,1,TXH2.2020,185,0.435981641863087,1.93260589101526
BGLR,M10.G.P.W-Int,DAP,M10 DAP,CV00,4,1,TXH2.2020,48,0.70330640482115,1.54383268389421
BGLR,M10.G.P.W-Int,DAP,M10 DAP,CV0,4,1,TXH2.2021,185,0.211330427948606,2.89737259939311
BGLR,M10.G.P.W-Int,DAP,M10 DAP,CV00,4,1,TXH2.2021,48,0.398104999283057,2.86757792276493
BGLR,M10.G.P.W-Int,DAP,M10 DAP,CV0,4,1,TXH3.2020,186,-0.100289692652597,1.62809099103093
BGLR,M10.G.P.W-Int,DAP,M10 DAP,CV00,4,1,TXH3.2020,50,-0.016484022032955,1.7305590305673
BGLR,M10.G.P.W-Int,DAP,M10 DAP,CV0,4,1,TXH3.2021,185,0.397715007796119,4.583581667672
BGLR,M10.G.P.W-Int,DAP,M10 DAP,CV00,4,1,TXH3.2021,48,0.603054257409274,4.16745777956473
BGLR,M10.G.P.W-Int,DAP,M10 DAP,CV0,4,1,WIH1.2020,184,0.529156879689414,1.90437520459859
BGLR,M10.G.P.W-Int,DAP,M10 DAP,CV00,4,1,WIH1.2020,47,0.248951487917645,1.81095193173518
BGLR,M10.G.P.W-Int,DAP,M10 DAP,CV0,4,1,WIH1.2021,185,0.428242667363166,3.55621284091133
BGLR,M10.G.P.W-Int,DAP,M10 DAP,CV00,4,1,WIH1.2021,48,0.299743554231213,3.45558248975619
BGLR,M10.G.P.W-Int,DAP,M10 DAP,CV0,4,1,WIH2.2020,519,0.184086355578871,2.7964454737923
BGLR,M10.G.P.W-Int,DAP,M10 DAP,CV00,4,1,WIH2.2020,134,0.148387893980886,2.96174966177157
BGLR,M10.G.P.W-Int,DAP,M10 DAP,CV0,4,1,WIH2.2021,519,0.400577438464507,3.46082328724974
BGLR,M10.G.P.W-Int,DAP,M10 DAP,CV00,4,1,WIH2.2021,136,0.41869103832451,3.5577467461331
BGLR,M10.G.P.W-Int,DAP,M10 DAP,CV0,4,1,WIH3.2020,185,0.189472116274011,2.47516156109302
BGLR,M10.G.P.W-Int,DAP,M10 DAP,CV00,4,1,WIH3.2020,49,0.132477960220033,2.35237298249991
BGLR,M10.G.P.W-Int,DAP,M10 DAP,CV0,4,1,WIH3.2021,185,0.580382971042511,1.54435968509659
BGLR,M10.G.P.W-Int,DAP,M10 DAP,CV00,4,1,WIH3.2021,48,0.473517025417233,1.57883921534277
BGLR,M10.G.P.W-Int,DAP,M10 DAP,CV0,4,2,DEH1.2020,523,0.690072717220383,1.89223021353439
BGLR,M10.G.P.W-Int,DAP,M10 DAP,CV00,4,2,DEH1.2020,132,0.699137424794319,2.06084454995447
BGLR,M10.G.P.W-Int,DAP,M10 DAP,CV0,4,2,IAH4.2021,515,0.546547408442744,1.53889495142718
BGLR,M10.G.P.W-Int,DAP,M10 DAP,CV00,4,2,IAH4.2021,130,0.431142179995873,1.73535650399743
BGLR,M10.G.P.W-Int,DAP,M10 DAP,CV0,4,2,MIH1.2020,184,0.542214832622881,3.25279519714524
BGLR,M10.G.P.W-Int,DAP,M10 DAP,CV00,4,2,MIH1.2020,50,0.34046853119795,3.47527585158383
BGLR,M10.G.P.W-Int,DAP,M10 DAP,CV0,4,2,MNH1.2020,181,0.456517683872977,2.7184379096253
BGLR,M10.G.P.W-Int,DAP,M10 DAP,CV00,4,2,MNH1.2020,50,0.45784804002564,2.73329079832164
BGLR,M10.G.P.W-Int,DAP,M10 DAP,CV0,4,2,MNH1.2021,186,0.35726750414721,1.78385757521138
BGLR,M10.G.P.W-Int,DAP,M10 DAP,CV00,4,2,MNH1.2021,50,0.540352315879217,1.7755853462333
BGLR,M10.G.P.W-Int,DAP,M10 DAP,CV0,4,2,MOH1.2020,454,0.273050547329813,2.1953410400598
BGLR,M10.G.P.W-Int,DAP,M10 DAP,CV00,4,2,MOH1.2020,121,0.0520423630492514,2.43568351759396
BGLR,M10.G.P.W-Int,DAP,M10 DAP,CV0,4,2,NEH1.2021,183,0.400018089663654,2.95062626630972
BGLR,M10.G.P.W-Int,DAP,M10 DAP,CV00,4,2,NEH1.2021,50,0.00535777415725478,3.09760315813262
BGLR,M10.G.P.W-Int,DAP,M10 DAP,CV0,4,2,TXH1.2020,183,0.703761837972644,1.26028804614845
BGLR,M10.G.P.W-Int,DAP,M10 DAP,CV00,4,2,TXH1.2020,50,0.664036690621227,1.36438980064651
BGLR,M10.G.P.W-Int,DAP,M10 DAP,CV0,4,2,TXH1.2021,183,0.0483255660190779,2.91239763842584
BGLR,M10.G.P.W-Int,DAP,M10 DAP,CV00,4,2,TXH1.2021,50,0.0756582077523941,2.61302389949495
BGLR,M10.G.P.W-Int,DAP,M10 DAP,CV0,4,2,TXH2.2020,183,0.48242390806555,1.88844326716469
BGLR,M10.G.P.W-Int,DAP,M10 DAP,CV00,4,2,TXH2.2020,50,0.368403358915585,2.09932805727116
BGLR,M10.G.P.W-Int,DAP,M10 DAP,CV0,4,2,TXH2.2021,183,0.241788393340441,2.84725037604917
BGLR,M10.G.P.W-Int,DAP,M10 DAP,CV00,4,2,TXH2.2021,50,0.221394713498727,2.73957950646911
BGLR,M10.G.P.W-Int,DAP,M10 DAP,CV0,4,2,TXH3.2020,186,-0.0265955886128436,1.66724040707482
BGLR,M10.G.P.W-Int,DAP,M10 DAP,CV00,4,2,TXH3.2020,50,-0.238797539473487,1.58985615949902
BGLR,M10.G.P.W-Int,DAP,M10 DAP,CV0,4,2,TXH3.2021,183,0.469230616963357,4.48157791382635
BGLR,M10.G.P.W-Int,DAP,M10 DAP,CV00,4,2,TXH3.2021,50,0.195796703718595,4.78132757121701
BGLR,M10.G.P.W-Int,DAP,M10 DAP,CV0,4,2,WIH1.2020,181,0.399706431414459,1.78220283458825
BGLR,M10.G.P.W-Int,DAP,M10 DAP,CV00,4,2,WIH1.2020,50,0.562480644794616,2.34796884664383
BGLR,M10.G.P.W-Int,DAP,M10 DAP,CV0,4,2,WIH1.2021,183,0.393303531481114,3.41987905277342
BGLR,M10.G.P.W-Int,DAP,M10 DAP,CV00,4,2,WIH1.2021,50,0.372421515856794,3.76470622236587
BGLR,M10.G.P.W-Int,DAP,M10 DAP,CV0,4,2,WIH2.2020,521,0.162188356743028,2.84356239324109
BGLR,M10.G.P.W-Int,DAP,M10 DAP,CV00,4,2,WIH2.2020,132,0.233562257282404,2.73938652242217
BGLR,M10.G.P.W-Int,DAP,M10 DAP,CV0,4,2,WIH2.2021,523,0.400399509583701,3.44901824567609
BGLR,M10.G.P.W-Int,DAP,M10 DAP,CV00,4,2,WIH2.2021,132,0.373025375750372,3.48437008589092
BGLR,M10.G.P.W-Int,DAP,M10 DAP,CV0,4,2,WIH3.2020,184,0.11059396894704,2.51771666050043
BGLR,M10.G.P.W-Int,DAP,M10 DAP,CV00,4,2,WIH3.2020,50,0.112173480430535,2.39994086779757
BGLR,M10.G.P.W-Int,DAP,M10 DAP,CV0,4,2,WIH3.2021,183,0.497393191930827,1.56872693896336
BGLR,M10.G.P.W-Int,DAP,M10 DAP,CV00,4,2,WIH3.2021,50,0.541389304171628,1.77533797678733
BGLR,M10.G.P.W-Int,DAP,M10 DAP,CV0,4,3,DEH1.2020,520,0.698690232282043,1.88869715689556
BGLR,M10.G.P.W-Int,DAP,M10 DAP,CV00,4,3,DEH1.2020,135,0.719067766323785,1.98434582499448
BGLR,M10.G.P.W-Int,DAP,M10 DAP,CV0,4,3,IAH4.2021,512,0.53824925004927,1.60171394357028
BGLR,M10.G.P.W-Int,DAP,M10 DAP,CV00,4,3,IAH4.2021,133,0.478343880312329,1.57276911764865
BGLR,M10.G.P.W-Int,DAP,M10 DAP,CV0,4,3,MIH1.2020,188,0.473756832494137,3.26412234096412
BGLR,M10.G.P.W-Int,DAP,M10 DAP,CV00,4,3,MIH1.2020,46,0.607793770501596,3.19697448467032
BGLR,M10.G.P.W-Int,DAP,M10 DAP,CV0,4,3,MNH1.2020,185,0.543093504000528,2.60590940507369
BGLR,M10.G.P.W-Int,DAP,M10 DAP,CV00,4,3,MNH1.2020,46,0.399910664452069,2.25561970972505
BGLR,M10.G.P.W-Int,DAP,M10 DAP,CV0,4,3,MNH1.2021,189,0.439093238486439,1.76330386549658
BGLR,M10.G.P.W-Int,DAP,M10 DAP,CV00,4,3,MNH1.2021,47,0.277040484492558,1.87273278477385
BGLR,M10.G.P.W-Int,DAP,M10 DAP,CV0,4,3,MOH1.2020,454,0.250852223633871,2.22910911292993
BGLR,M10.G.P.W-Int,DAP,M10 DAP,CV00,4,3,MOH1.2020,121,0.269128978860867,2.16549694383999
BGLR,M10.G.P.W-Int,DAP,M10 DAP,CV0,4,3,NEH1.2021,186,0.363198507819987,2.85746672038288
BGLR,M10.G.P.W-Int,DAP,M10 DAP,CV00,4,3,NEH1.2021,47,0.402480102508396,3.22818218055103
BGLR,M10.G.P.W-Int,DAP,M10 DAP,CV0,4,3,TXH1.2020,186,0.692448011592336,1.33178547879557
BGLR,M10.G.P.W-Int,DAP,M10 DAP,CV00,4,3,TXH1.2020,47,0.74844717139171,1.12441123618373
BGLR,M10.G.P.W-Int,DAP,M10 DAP,CV0,4,3,TXH1.2021,186,0.0929914544663823,2.89807052955373
BGLR,M10.G.P.W-Int,DAP,M10 DAP,CV00,4,3,TXH1.2021,47,-0.0911357079518119,3.04328950246476
BGLR,M10.G.P.W-Int,DAP,M10 DAP,CV0,4,3,TXH2.2020,186,0.547108314241062,1.8640078659742
BGLR,M10.G.P.W-Int,DAP,M10 DAP,CV00,4,3,TXH2.2020,47,0.224772993976901,1.94736867456075
BGLR,M10.G.P.W-Int,DAP,M10 DAP,CV0,4,3,TXH2.2021,186,0.34341790922253,2.8159168798265
BGLR,M10.G.P.W-Int,DAP,M10 DAP,CV00,4,3,TXH2.2021,47,0.311444761314322,2.74390982108684
BGLR,M10.G.P.W-Int,DAP,M10 DAP,CV0,4,3,TXH3.2020,189,-0.0845372677000071,1.62939420365522
BGLR,M10.G.P.W-Int,DAP,M10 DAP,CV00,4,3,TXH3.2020,47,-0.0133883495084374,1.79472543363445
BGLR,M10.G.P.W-Int,DAP,M10 DAP,CV0,4,3,TXH3.2021,186,0.487670338605696,4.53466003709522
BGLR,M10.G.P.W-Int,DAP,M10 DAP,CV00,4,3,TXH3.2021,47,0.34888660379487,4.49243498653903
BGLR,M10.G.P.W-Int,DAP,M10 DAP,CV0,4,3,WIH1.2020,185,0.495199453065641,1.93039782860644
BGLR,M10.G.P.W-Int,DAP,M10 DAP,CV00,4,3,WIH1.2020,46,0.59120219889271,1.6629413715063
BGLR,M10.G.P.W-Int,DAP,M10 DAP,CV0,4,3,WIH1.2021,186,0.379677779084368,3.5899376461514
BGLR,M10.G.P.W-Int,DAP,M10 DAP,CV00,4,3,WIH1.2021,47,0.433139194724746,3.37845350970437
BGLR,M10.G.P.W-Int,DAP,M10 DAP,CV0,4,3,WIH2.2020,519,0.171008425583762,2.83352944254971
BGLR,M10.G.P.W-Int,DAP,M10 DAP,CV00,4,3,WIH2.2020,134,0.164995270756419,2.86269979671999
BGLR,M10.G.P.W-Int,DAP,M10 DAP,CV0,4,3,WIH2.2021,522,0.408040744067668,3.42504819888812
BGLR,M10.G.P.W-Int,DAP,M10 DAP,CV00,4,3,WIH2.2021,133,0.375091054070603,3.68511027046265
BGLR,M10.G.P.W-Int,DAP,M10 DAP,CV0,4,3,WIH3.2020,188,0.239895729170926,2.40729564139155
BGLR,M10.G.P.W-Int,DAP,M10 DAP,CV00,4,3,WIH3.2020,46,-0.101797851606656,2.62262775424173
BGLR,M10.G.P.W-Int,DAP,M10 DAP,CV0,4,3,WIH3.2021,186,0.569031724213705,1.56055699524395
BGLR,M10.G.P.W-Int,DAP,M10 DAP,CV00,4,3,WIH3.2021,47,0.420840835414185,1.56550792797617
BGLR,M10.G.P.W-Int,DAP,M10 DAP,CV0,4,4,DEH1.2020,524,0.703758496261745,1.91477893498638
BGLR,M10.G.P.W-Int,DAP,M10 DAP,CV00,4,4,DEH1.2020,131,0.666633744783027,1.92556791360615
BGLR,M10.G.P.W-Int,DAP,M10 DAP,CV0,4,4,IAH4.2021,516,0.508184471871715,1.64759787757186
BGLR,M10.G.P.W-Int,DAP,M10 DAP,CV00,4,4,IAH4.2021,129,0.580007918037217,1.40123525568352
BGLR,M10.G.P.W-Int,DAP,M10 DAP,CV0,4,4,MIH1.2020,188,0.481321264426741,3.28685166845358
BGLR,M10.G.P.W-Int,DAP,M10 DAP,CV00,4,4,MIH1.2020,46,0.528337918533318,3.08016305952418
BGLR,M10.G.P.W-Int,DAP,M10 DAP,CV0,4,4,MNH1.2020,186,0.443183612011503,2.51561786571381
BGLR,M10.G.P.W-Int,DAP,M10 DAP,CV00,4,4,MNH1.2020,45,0.640633640440497,2.91110263122243
BGLR,M10.G.P.W-Int,DAP,M10 DAP,CV0,4,4,MNH1.2021,190,0.437445654607671,1.84615726180947
BGLR,M10.G.P.W-Int,DAP,M10 DAP,CV00,4,4,MNH1.2021,46,0.378241745030388,1.65367153047863
BGLR,M10.G.P.W-Int,DAP,M10 DAP,CV0,4,4,MOH1.2020,466,0.218881344504279,2.26771801768778
BGLR,M10.G.P.W-Int,DAP,M10 DAP,CV00,4,4,MOH1.2020,109,0.380362172675294,2.0592855516533
BGLR,M10.G.P.W-Int,DAP,M10 DAP,CV0,4,4,NEH1.2021,188,0.306131084074402,2.97821377963929
BGLR,M10.G.P.W-Int,DAP,M10 DAP,CV00,4,4,NEH1.2021,45,0.526794133244594,2.87043222403207
BGLR,M10.G.P.W-Int,DAP,M10 DAP,CV0,4,4,TXH1.2020,188,0.699171878429617,1.33013413938117
BGLR,M10.G.P.W-Int,DAP,M10 DAP,CV00,4,4,TXH1.2020,45,0.712466612379194,1.07189334712736
BGLR,M10.G.P.W-Int,DAP,M10 DAP,CV0,4,4,TXH1.2021,188,0.106886640020356,2.88217139989327
BGLR,M10.G.P.W-Int,DAP,M10 DAP,CV00,4,4,TXH1.2021,45,-0.232985257481953,2.97104487842618
BGLR,M10.G.P.W-Int,DAP,M10 DAP,CV0,4,4,TXH2.2020,188,0.503944532832951,1.87446397910682
BGLR,M10.G.P.W-Int,DAP,M10 DAP,CV00,4,4,TXH2.2020,45,0.569239564547991,1.87871069498176
BGLR,M10.G.P.W-Int,DAP,M10 DAP,CV0,4,4,TXH2.2021,188,0.28891499164896,2.89925215135172
BGLR,M10.G.P.W-Int,DAP,M10 DAP,CV00,4,4,TXH2.2021,45,0.160294879036133,2.7754811245662
BGLR,M10.G.P.W-Int,DAP,M10 DAP,CV0,4,4,TXH3.2020,190,-0.0723247084614975,1.70609433585753
BGLR,M10.G.P.W-Int,DAP,M10 DAP,CV00,4,4,TXH3.2020,46,0.0327892678018259,1.42389890648927
BGLR,M10.G.P.W-Int,DAP,M10 DAP,CV0,4,4,TXH3.2021,188,0.450438471389015,4.52141565016112
BGLR,M10.G.P.W-Int,DAP,M10 DAP,CV00,4,4,TXH3.2021,45,0.376272704832107,4.52205613487635
BGLR,M10.G.P.W-Int,DAP,M10 DAP,CV0,4,4,WIH1.2020,186,0.598745752583802,1.81723804974454
BGLR,M10.G.P.W-Int,DAP,M10 DAP,CV00,4,4,WIH1.2020,45,0.305063145759284,1.96652155169558
BGLR,M10.G.P.W-Int,DAP,M10 DAP,CV0,4,4,WIH1.2021,188,0.373656079906021,3.5264712448442
BGLR,M10.G.P.W-Int,DAP,M10 DAP,CV00,4,4,WIH1.2021,45,0.418466144650498,3.64242025072155
BGLR,M10.G.P.W-Int,DAP,M10 DAP,CV0,4,4,WIH2.2020,523,0.202872100845148,2.81031847751961
BGLR,M10.G.P.W-Int,DAP,M10 DAP,CV00,4,4,WIH2.2020,130,-0.012575434220304,2.97039994226651
BGLR,M10.G.P.W-Int,DAP,M10 DAP,CV0,4,4,WIH2.2021,525,0.41316414764957,3.45243888686753
BGLR,M10.G.P.W-Int,DAP,M10 DAP,CV00,4,4,WIH2.2021,130,0.366339242053751,3.53406483975942
BGLR,M10.G.P.W-Int,DAP,M10 DAP,CV0,4,4,WIH3.2020,188,0.22492979043985,2.41614765681948
BGLR,M10.G.P.W-Int,DAP,M10 DAP,CV00,4,4,WIH3.2020,46,0.0996637147224405,2.50341566451247
BGLR,M10.G.P.W-Int,DAP,M10 DAP,CV0,4,4,WIH3.2021,188,0.519054496363182,1.55322144484473
BGLR,M10.G.P.W-Int,DAP,M10 DAP,CV00,4,4,WIH3.2021,45,0.723795790018565,1.53260282860087
BGLR,M10.G.P.W-Int,DAP,M10 DAP,CV0,4,5,DEH1.2020,532,0.704970232430806,1.96754639508262
BGLR,M10.G.P.W-Int,DAP,M10 DAP,CV00,4,5,DEH1.2020,123,0.680013203168447,1.7223231540197
BGLR,M10.G.P.W-Int,DAP,M10 DAP,CV0,4,5,IAH4.2021,524,0.519396814678526,1.59685948111663
BGLR,M10.G.P.W-Int,DAP,M10 DAP,CV00,4,5,IAH4.2021,121,0.557233994770577,1.56760533505249
BGLR,M10.G.P.W-Int,DAP,M10 DAP,CV0,4,5,MIH1.2020,191,0.507877705419978,3.23444473321549
BGLR,M10.G.P.W-Int,DAP,M10 DAP,CV00,4,5,MIH1.2020,43,0.49426858343483,3.39000362111108
BGLR,M10.G.P.W-Int,DAP,M10 DAP,CV0,4,5,MNH1.2020,188,0.545368136792198,2.65028281745103
BGLR,M10.G.P.W-Int,DAP,M10 DAP,CV00,4,5,MNH1.2020,43,0.250106362828618,2.60378424214048
BGLR,M10.G.P.W-Int,DAP,M10 DAP,CV0,4,5,MNH1.2021,193,0.43212710010319,1.78247399539318
BGLR,M10.G.P.W-Int,DAP,M10 DAP,CV00,4,5,MNH1.2021,43,0.385766865175701,1.7929621726874
BGLR,M10.G.P.W-Int,DAP,M10 DAP,CV0,4,5,MOH1.2020,468,0.215514774119539,2.23624711031606
BGLR,M10.G.P.W-Int,DAP,M10 DAP,CV00,4,5,MOH1.2020,107,0.144562964243754,2.25455576205017
BGLR,M10.G.P.W-Int,DAP,M10 DAP,CV0,4,5,NEH1.2021,190,0.366779845396842,2.98759298410825
BGLR,M10.G.P.W-Int,DAP,M10 DAP,CV00,4,5,NEH1.2021,43,0.347942878263161,2.72895755067957
BGLR,M10.G.P.W-Int,DAP,M10 DAP,CV0,4,5,TXH1.2020,190,0.695835868392132,1.28312887265847
BGLR,M10.G.P.W-Int,DAP,M10 DAP,CV00,4,5,TXH1.2020,43,0.677746314615295,1.38887983291591
BGLR,M10.G.P.W-Int,DAP,M10 DAP,CV0,4,5,TXH1.2021,190,0.0842065061706588,2.90665726613884
BGLR,M10.G.P.W-Int,DAP,M10 DAP,CV00,4,5,TXH1.2021,43,0.0294160643359114,2.95692419166024
BGLR,M10.G.P.W-Int,DAP,M10 DAP,CV0,4,5,TXH2.2020,190,0.54622990452828,1.82373908358563
BGLR,M10.G.P.W-Int,DAP,M10 DAP,CV00,4,5,TXH2.2020,43,0.261744379415937,2.12368937851497
BGLR,M10.G.P.W-Int,DAP,M10 DAP,CV0,4,5,TXH2.2021,190,0.268402568520991,2.7962121224917
BGLR,M10.G.P.W-Int,DAP,M10 DAP,CV00,4,5,TXH2.2021,43,0.208251172187271,3.05166895386208
BGLR,M10.G.P.W-Int,DAP,M10 DAP,CV0,4,5,TXH3.2020,193,-0.0519560594373478,1.63006955733924
BGLR,M10.G.P.W-Int,DAP,M10 DAP,CV00,4,5,TXH3.2020,43,-0.0473898130218003,1.66408634434359
BGLR,M10.G.P.W-Int,DAP,M10 DAP,CV0,4,5,TXH3.2021,190,0.502863518373003,4.47602778353184
BGLR,M10.G.P.W-Int,DAP,M10 DAP,CV00,4,5,TXH3.2021,43,0.159570456406894,4.68989753080172
BGLR,M10.G.P.W-Int,DAP,M10 DAP,CV0,4,5,WIH1.2020,188,0.508298294848321,1.8706193176557
BGLR,M10.G.P.W-Int,DAP,M10 DAP,CV00,4,5,WIH1.2020,43,0.43931527605324,1.90824639600501
BGLR,M10.G.P.W-Int,DAP,M10 DAP,CV0,4,5,WIH1.2021,190,0.381719339109516,3.54964754989787
BGLR,M10.G.P.W-Int,DAP,M10 DAP,CV00,4,5,WIH1.2021,43,0.364322277404173,3.45831057590181
BGLR,M10.G.P.W-Int,DAP,M10 DAP,CV0,4,5,WIH2.2020,530,0.201338141025554,2.83766790124282
BGLR,M10.G.P.W-Int,DAP,M10 DAP,CV00,4,5,WIH2.2020,123,0.0959873276546677,2.76901054257253
BGLR,M10.G.P.W-Int,DAP,M10 DAP,CV0,4,5,WIH2.2021,531,0.428719827941396,3.5341783895431
BGLR,M10.G.P.W-Int,DAP,M10 DAP,CV00,4,5,WIH2.2021,124,0.28184693028091,3.22749061342042
BGLR,M10.G.P.W-Int,DAP,M10 DAP,CV0,4,5,WIH3.2020,191,0.175337816087216,2.40027431444885
BGLR,M10.G.P.W-Int,DAP,M10 DAP,CV00,4,5,WIH3.2020,43,0.124584993293037,2.70910856119561
BGLR,M10.G.P.W-Int,DAP,M10 DAP,CV0,4,5,WIH3.2021,190,0.594952183995082,1.54254032917199
BGLR,M10.G.P.W-Int,DAP,M10 DAP,CV00,4,5,WIH3.2021,43,0.166110968004321,1.64702931463912
BGLR,M10.G.P.W-Int,DAP,M10 DAP,CV0,5,1,DEH1.2020,523,0.696216358988941,1.88219374592249
BGLR,M10.G.P.W-Int,DAP,M10 DAP,CV00,5,1,DEH1.2020,132,0.725432681671564,2.01603223598955
BGLR,M10.G.P.W-Int,DAP,M10 DAP,CV0,5,1,IAH4.2021,515,0.528613426999621,1.60617343511708
BGLR,M10.G.P.W-Int,DAP,M10 DAP,CV00,5,1,IAH4.2021,130,0.491235922290767,1.56671407996312
BGLR,M10.G.P.W-Int,DAP,M10 DAP,CV0,5,1,MIH1.2020,189,0.495775189446772,3.28350775088214
BGLR,M10.G.P.W-Int,DAP,M10 DAP,CV00,5,1,MIH1.2020,45,0.502922874996516,3.18493633764701
BGLR,M10.G.P.W-Int,DAP,M10 DAP,CV0,5,1,MNH1.2020,186,0.525311451728614,2.70753632741168
BGLR,M10.G.P.W-Int,DAP,M10 DAP,CV00,5,1,MNH1.2020,45,0.469161356963813,2.16847586681766
BGLR,M10.G.P.W-Int,DAP,M10 DAP,CV0,5,1,MNH1.2021,191,0.440738287843196,1.78168968042258
BGLR,M10.G.P.W-Int,DAP,M10 DAP,CV00,5,1,MNH1.2021,45,0.366644619987681,1.80793747184005
BGLR,M10.G.P.W-Int,DAP,M10 DAP,CV0,5,1,MOH1.2020,461,0.237922048662102,2.26155203034623
BGLR,M10.G.P.W-Int,DAP,M10 DAP,CV00,5,1,MOH1.2020,114,0.276068228767188,2.12626886875985
BGLR,M10.G.P.W-Int,DAP,M10 DAP,CV0,5,1,NEH1.2021,188,0.352572644375597,2.99294122696934
BGLR,M10.G.P.W-Int,DAP,M10 DAP,CV00,5,1,NEH1.2021,45,0.323761327554682,2.79910498949533
BGLR,M10.G.P.W-Int,DAP,M10 DAP,CV0,5,1,TXH1.2020,188,0.719250661647173,1.30433180608451
BGLR,M10.G.P.W-Int,DAP,M10 DAP,CV00,5,1,TXH1.2020,45,0.568660089404078,1.20621548576162
BGLR,M10.G.P.W-Int,DAP,M10 DAP,CV0,5,1,TXH1.2021,188,0.0683879958014062,2.84021036183096
BGLR,M10.G.P.W-Int,DAP,M10 DAP,CV00,5,1,TXH1.2021,45,0.0025600357798558,3.05902403382187
BGLR,M10.G.P.W-Int,DAP,M10 DAP,CV0,5,1,TXH2.2020,188,0.526576401195729,1.86995541883346
BGLR,M10.G.P.W-Int,DAP,M10 DAP,CV00,5,1,TXH2.2020,45,0.383347901562062,1.9607421434387
BGLR,M10.G.P.W-Int,DAP,M10 DAP,CV0,5,1,TXH2.2021,188,0.257754136751988,2.89003036429269
BGLR,M10.G.P.W-Int,DAP,M10 DAP,CV00,5,1,TXH2.2021,45,0.232539542992437,2.63551794997833
BGLR,M10.G.P.W-Int,DAP,M10 DAP,CV0,5,1,TXH3.2020,191,-0.0803028935131751,1.65297455817972
BGLR,M10.G.P.W-Int,DAP,M10 DAP,CV00,5,1,TXH3.2020,45,-0.0634582082388503,1.74171867692238
BGLR,M10.G.P.W-Int,DAP,M10 DAP,CV0,5,1,TXH3.2021,188,0.411149686822173,4.58245971975154
BGLR,M10.G.P.W-Int,DAP,M10 DAP,CV00,5,1,TXH3.2021,45,0.467165939926488,4.41471881304266
BGLR,M10.G.P.W-Int,DAP,M10 DAP,CV0,5,1,WIH1.2020,186,0.530058786058191,1.90161355181973
BGLR,M10.G.P.W-Int,DAP,M10 DAP,CV00,5,1,WIH1.2020,45,0.234718297457522,1.78288211014507
BGLR,M10.G.P.W-Int,DAP,M10 DAP,CV0,5,1,WIH1.2021,188,0.471063686199057,3.55843764881898
BGLR,M10.G.P.W-Int,DAP,M10 DAP,CV00,5,1,WIH1.2021,45,-0.0164699586403007,3.4916312622323
BGLR,M10.G.P.W-Int,DAP,M10 DAP,CV0,5,1,WIH2.2020,520,0.192891764334552,2.88168576475584
BGLR,M10.G.P.W-Int,DAP,M10 DAP,CV00,5,1,WIH2.2020,133,0.1451491596899,2.60292315043308
BGLR,M10.G.P.W-Int,DAP,M10 DAP,CV0,5,1,WIH2.2021,523,0.418969917227445,3.51102794565208
BGLR,M10.G.P.W-Int,DAP,M10 DAP,CV00,5,1,WIH2.2021,132,0.348661360049483,3.30278276152346
BGLR,M10.G.P.W-Int,DAP,M10 DAP,CV0,5,1,WIH3.2020,189,0.183092881961453,2.44088730931999
BGLR,M10.G.P.W-Int,DAP,M10 DAP,CV00,5,1,WIH3.2020,45,0.200811383121328,2.47163678561357
BGLR,M10.G.P.W-Int,DAP,M10 DAP,CV0,5,1,WIH3.2021,188,0.562086411766733,1.58040396486111
BGLR,M10.G.P.W-Int,DAP,M10 DAP,CV00,5,1,WIH3.2021,45,0.346669741381166,1.51896833191615
BGLR,M10.G.P.W-Int,DAP,M10 DAP,CV0,5,2,DEH1.2020,522,0.700924879740208,1.95396679707854
BGLR,M10.G.P.W-Int,DAP,M10 DAP,CV00,5,2,DEH1.2020,133,0.683542895116768,1.70415319822016
BGLR,M10.G.P.W-Int,DAP,M10 DAP,CV0,5,2,IAH4.2021,514,0.524756239034076,1.58389399696958
BGLR,M10.G.P.W-Int,DAP,M10 DAP,CV00,5,2,IAH4.2021,131,0.543872169015528,1.64972530683085
BGLR,M10.G.P.W-Int,DAP,M10 DAP,CV0,5,2,MIH1.2020,186,0.511073984406567,3.25438352975327
BGLR,M10.G.P.W-Int,DAP,M10 DAP,CV00,5,2,MIH1.2020,48,0.411673874365241,3.19797161453311
BGLR,M10.G.P.W-Int,DAP,M10 DAP,CV0,5,2,MNH1.2020,183,0.517834632322708,2.59946707111657
BGLR,M10.G.P.W-Int,DAP,M10 DAP,CV00,5,2,MNH1.2020,48,0.421547358490713,2.77538797975858
BGLR,M10.G.P.W-Int,DAP,M10 DAP,CV0,5,2,MNH1.2021,188,0.469927668613641,1.77681944660194
BGLR,M10.G.P.W-Int,DAP,M10 DAP,CV00,5,2,MNH1.2021,48,0.183918089817768,1.94760183155332
BGLR,M10.G.P.W-Int,DAP,M10 DAP,CV0,5,2,MOH1.2020,457,0.250921459943682,2.22185571003187
BGLR,M10.G.P.W-Int,DAP,M10 DAP,CV00,5,2,MOH1.2020,118,0.19755164328837,2.1968836152948
BGLR,M10.G.P.W-Int,DAP,M10 DAP,CV0,5,2,NEH1.2021,185,0.402115171299214,2.77799143126505
BGLR,M10.G.P.W-Int,DAP,M10 DAP,CV00,5,2,NEH1.2021,48,0.286009697124006,3.47271985515245
BGLR,M10.G.P.W-Int,DAP,M10 DAP,CV0,5,2,TXH1.2020,185,0.698948234430737,1.25602572379509
BGLR,M10.G.P.W-Int,DAP,M10 DAP,CV00,5,2,TXH1.2020,48,0.651788180461168,1.43498827558056
BGLR,M10.G.P.W-Int,DAP,M10 DAP,CV0,5,2,TXH1.2021,185,0.108222600240805,2.97904508482177
BGLR,M10.G.P.W-Int,DAP,M10 DAP,CV00,5,2,TXH1.2021,48,-0.0306166703223761,2.83150356470848
BGLR,M10.G.P.W-Int,DAP,M10 DAP,CV0,5,2,TXH2.2020,185,0.52186895785788,1.84647173945814
BGLR,M10.G.P.W-Int,DAP,M10 DAP,CV00,5,2,TXH2.2020,48,0.439662571775212,1.99692489261567
BGLR,M10.G.P.W-Int,DAP,M10 DAP,CV0,5,2,TXH2.2021,185,0.300413769317692,2.72080466590882
BGLR,M10.G.P.W-Int,DAP,M10 DAP,CV00,5,2,TXH2.2021,48,0.30704962849635,3.10321362744906
BGLR,M10.G.P.W-Int,DAP,M10 DAP,CV0,5,2,TXH3.2020,188,-0.0895945973004599,1.71721706190852
BGLR,M10.G.P.W-Int,DAP,M10 DAP,CV00,5,2,TXH3.2020,48,0.0228510789827646,1.44148774364383
BGLR,M10.G.P.W-Int,DAP,M10 DAP,CV0,5,2,TXH3.2021,185,0.497756873840337,4.48959987137378
BGLR,M10.G.P.W-Int,DAP,M10 DAP,CV00,5,2,TXH3.2021,48,0.284939569348338,4.62645836336436
BGLR,M10.G.P.W-Int,DAP,M10 DAP,CV0,5,2,WIH1.2020,183,0.456525566238946,1.94414449993126
BGLR,M10.G.P.W-Int,DAP,M10 DAP,CV00,5,2,WIH1.2020,48,0.685657586444212,1.59068483493916
BGLR,M10.G.P.W-Int,DAP,M10 DAP,CV0,5,2,WIH1.2021,185,0.392030596720051,3.50864625938575
BGLR,M10.G.P.W-Int,DAP,M10 DAP,CV00,5,2,WIH1.2021,48,0.34216825983973,3.72741610081455
BGLR,M10.G.P.W-Int,DAP,M10 DAP,CV0,5,2,WIH2.2020,522,0.221815817555295,2.83490189023126
BGLR,M10.G.P.W-Int,DAP,M10 DAP,CV00,5,2,WIH2.2020,131,-0.0191976256186232,2.78315969373638
BGLR,M10.G.P.W-Int,DAP,M10 DAP,CV0,5,2,WIH2.2021,522,0.408267324023588,3.43515848472857
BGLR,M10.G.P.W-Int,DAP,M10 DAP,CV00,5,2,WIH2.2021,133,0.385023979536933,3.66489562927834
BGLR,M10.G.P.W-Int,DAP,M10 DAP,CV0,5,2,WIH3.2020,186,0.209583910651736,2.46406581201087
BGLR,M10.G.P.W-Int,DAP,M10 DAP,CV00,5,2,WIH3.2020,48,0.0399090886125515,2.3966384978745
BGLR,M10.G.P.W-Int,DAP,M10 DAP,CV0,5,2,WIH3.2021,185,0.532375528179819,1.54482434432781
BGLR,M10.G.P.W-Int,DAP,M10 DAP,CV00,5,2,WIH3.2021,48,0.603820466366526,1.60647250986162
BGLR,M10.G.P.W-Int,DAP,M10 DAP,CV0,5,3,DEH1.2020,520,0.69583244397287,1.87243516908373
BGLR,M10.G.P.W-Int,DAP,M10 DAP,CV00,5,3,DEH1.2020,135,0.688922537033506,2.12488544915234
BGLR,M10.G.P.W-Int,DAP,M10 DAP,CV0,5,3,IAH4.2021,513,0.539550361406124,1.58317100840622
BGLR,M10.G.P.W-Int,DAP,M10 DAP,CV00,5,3,IAH4.2021,132,0.448775521614879,1.60072336071438
BGLR,M10.G.P.W-Int,DAP,M10 DAP,CV0,5,3,MIH1.2020,186,0.498228085322991,3.19779654063687
BGLR,M10.G.P.W-Int,DAP,M10 DAP,CV00,5,3,MIH1.2020,48,0.50474546932745,3.55713727850599
BGLR,M10.G.P.W-Int,DAP,M10 DAP,CV0,5,3,MNH1.2020,183,0.540133114745485,2.52700486466455
BGLR,M10.G.P.W-Int,DAP,M10 DAP,CV00,5,3,MNH1.2020,48,0.238421510158427,2.78276575685978
BGLR,M10.G.P.W-Int,DAP,M10 DAP,CV0,5,3,MNH1.2021,187,0.421635648185888,1.82392003063155
BGLR,M10.G.P.W-Int,DAP,M10 DAP,CV00,5,3,MNH1.2021,49,0.416578275598815,1.53617468429359
BGLR,M10.G.P.W-Int,DAP,M10 DAP,CV0,5,3,MOH1.2020,454,0.244088548076124,2.24382850438037
BGLR,M10.G.P.W-Int,DAP,M10 DAP,CV00,5,3,MOH1.2020,121,0.2480124959737,2.196888131174
BGLR,M10.G.P.W-Int,DAP,M10 DAP,CV0,5,3,NEH1.2021,184,0.348605192277103,3.07974974180363
BGLR,M10.G.P.W-Int,DAP,M10 DAP,CV00,5,3,NEH1.2021,49,0.364507189332305,2.3996182323971
BGLR,M10.G.P.W-Int,DAP,M10 DAP,CV0,5,3,TXH1.2020,184,0.717940568004635,1.31096027609391
BGLR,M10.G.P.W-Int,DAP,M10 DAP,CV00,5,3,TXH1.2020,49,0.662902243774482,1.15988872173813
BGLR,M10.G.P.W-Int,DAP,M10 DAP,CV0,5,3,TXH1.2021,184,0.106135563781521,2.90607594988517
BGLR,M10.G.P.W-Int,DAP,M10 DAP,CV00,5,3,TXH1.2021,49,-0.125201644161527,2.83588737913153
BGLR,M10.G.P.W-Int,DAP,M10 DAP,CV0,5,3,TXH2.2020,184,0.509353230990991,1.88671172673314
BGLR,M10.G.P.W-Int,DAP,M10 DAP,CV00,5,3,TXH2.2020,49,0.44615946275721,1.90272621810251
BGLR,M10.G.P.W-Int,DAP,M10 DAP,CV0,5,3,TXH2.2021,184,0.295124180306822,2.89921551646053
BGLR,M10.G.P.W-Int,DAP,M10 DAP,CV00,5,3,TXH2.2021,49,0.187051480204496,2.62795798599908
BGLR,M10.G.P.W-Int,DAP,M10 DAP,CV0,5,3,TXH3.2020,187,-0.0387505433182923,1.64632469338902
BGLR,M10.G.P.W-Int,DAP,M10 DAP,CV00,5,3,TXH3.2020,49,-0.159519778902183,1.71951242198125
BGLR,M10.G.P.W-Int,DAP,M10 DAP,CV0,5,3,TXH3.2021,184,0.501899283034516,4.55556700867579
BGLR,M10.G.P.W-Int,DAP,M10 DAP,CV00,5,3,TXH3.2021,49,0.292914631647633,4.46446487687726
BGLR,M10.G.P.W-Int,DAP,M10 DAP,CV0,5,3,WIH1.2020,183,0.519022970568881,1.820234913177
BGLR,M10.G.P.W-Int,DAP,M10 DAP,CV00,5,3,WIH1.2020,48,0.410387631067274,2.09546399977307
BGLR,M10.G.P.W-Int,DAP,M10 DAP,CV0,5,3,WIH1.2021,184,0.40153507772409,3.48681012063742
BGLR,M10.G.P.W-Int,DAP,M10 DAP,CV00,5,3,WIH1.2021,49,0.385996010973629,3.57303168907996
BGLR,M10.G.P.W-Int,DAP,M10 DAP,CV0,5,3,WIH2.2020,520,0.200726873290295,2.77130702755805
BGLR,M10.G.P.W-Int,DAP,M10 DAP,CV00,5,3,WIH2.2020,133,0.0340013758345634,3.08735265441935
BGLR,M10.G.P.W-Int,DAP,M10 DAP,CV0,5,3,WIH2.2021,521,0.392456340887876,3.47034564809378
BGLR,M10.G.P.W-Int,DAP,M10 DAP,CV00,5,3,WIH2.2021,134,0.372195678806166,3.47452989158858
BGLR,M10.G.P.W-Int,DAP,M10 DAP,CV0,5,3,WIH3.2020,186,0.235629152389511,2.44067897465812
BGLR,M10.G.P.W-Int,DAP,M10 DAP,CV00,5,3,WIH3.2020,48,-0.148288012599999,2.4853887999445
BGLR,M10.G.P.W-Int,DAP,M10 DAP,CV0,5,3,WIH3.2021,184,0.590001889527245,1.54736808620041
BGLR,M10.G.P.W-Int,DAP,M10 DAP,CV00,5,3,WIH3.2021,49,0.29830248400418,1.65321885750504
BGLR,M10.G.P.W-Int,DAP,M10 DAP,CV0,5,4,DEH1.2020,522,0.710390928825122,1.92828800045418
BGLR,M10.G.P.W-Int,DAP,M10 DAP,CV00,5,4,DEH1.2020,133,0.65791726541874,1.84083693698043
BGLR,M10.G.P.W-Int,DAP,M10 DAP,CV0,5,4,IAH4.2021,516,0.523319062781578,1.60764257385104
BGLR,M10.G.P.W-Int,DAP,M10 DAP,CV00,5,4,IAH4.2021,129,0.557620375298677,1.51559979884279
BGLR,M10.G.P.W-Int,DAP,M10 DAP,CV0,5,4,MIH1.2020,188,0.506302367343973,3.25365317988473
BGLR,M10.G.P.W-Int,DAP,M10 DAP,CV00,5,4,MIH1.2020,46,0.467231504894396,3.29447306944805
BGLR,M10.G.P.W-Int,DAP,M10 DAP,CV0,5,4,MNH1.2020,186,0.432669562048068,2.61691352394401
BGLR,M10.G.P.W-Int,DAP,M10 DAP,CV00,5,4,MNH1.2020,45,0.67510546489384,2.57619529784061
BGLR,M10.G.P.W-Int,DAP,M10 DAP,CV0,5,4,MNH1.2021,190,0.432892920656519,1.7923989081531
BGLR,M10.G.P.W-Int,DAP,M10 DAP,CV00,5,4,MNH1.2021,46,0.35420381965643,1.79390766652604
BGLR,M10.G.P.W-Int,DAP,M10 DAP,CV0,5,4,MOH1.2020,460,0.28314586732579,2.16926699533098
BGLR,M10.G.P.W-Int,DAP,M10 DAP,CV00,5,4,MOH1.2020,115,0.155848401649483,2.37086073090537
BGLR,M10.G.P.W-Int,DAP,M10 DAP,CV0,5,4,NEH1.2021,188,0.383288762568721,2.99588701620892
BGLR,M10.G.P.W-Int,DAP,M10 DAP,CV00,5,4,NEH1.2021,45,0.229032021228337,2.72780889123064
BGLR,M10.G.P.W-Int,DAP,M10 DAP,CV0,5,4,TXH1.2020,188,0.690247360089118,1.32466927372687
BGLR,M10.G.P.W-Int,DAP,M10 DAP,CV00,5,4,TXH1.2020,45,0.716405147579652,1.18940260624451
BGLR,M10.G.P.W-Int,DAP,M10 DAP,CV0,5,4,TXH1.2021,188,0.101634927941851,2.8953393724841
BGLR,M10.G.P.W-Int,DAP,M10 DAP,CV00,5,4,TXH1.2021,45,-0.13637398112883,3.04873178428722
BGLR,M10.G.P.W-Int,DAP,M10 DAP,CV0,5,4,TXH2.2020,188,0.544842889057388,1.95078238548772
BGLR,M10.G.P.W-Int,DAP,M10 DAP,CV00,5,4,TXH2.2020,45,0.338704632448818,1.53811402284751
BGLR,M10.G.P.W-Int,DAP,M10 DAP,CV0,5,4,TXH2.2021,188,0.270663203569229,2.86388617168539
BGLR,M10.G.P.W-Int,DAP,M10 DAP,CV00,5,4,TXH2.2021,45,0.308216937878837,2.79586826043053
BGLR,M10.G.P.W-Int,DAP,M10 DAP,CV0,5,4,TXH3.2020,190,-0.0517182362304583,1.66601847003351
BGLR,M10.G.P.W-Int,DAP,M10 DAP,CV00,5,4,TXH3.2020,46,-0.0870316069309236,1.57672841514691
BGLR,M10.G.P.W-Int,DAP,M10 DAP,CV0,5,4,TXH3.2021,188,0.464309934274158,4.47710444549457
BGLR,M10.G.P.W-Int,DAP,M10 DAP,CV00,5,4,TXH3.2021,45,0.393296197182749,4.61797818472281
BGLR,M10.G.P.W-Int,DAP,M10 DAP,CV0,5,4,WIH1.2020,186,0.559807047716166,1.86660009188166
BGLR,M10.G.P.W-Int,DAP,M10 DAP,CV00,5,4,WIH1.2020,45,0.31492124178628,1.88279066745403
BGLR,M10.G.P.W-Int,DAP,M10 DAP,CV0,5,4,WIH1.2021,188,0.345576290541545,3.54744143919765
BGLR,M10.G.P.W-Int,DAP,M10 DAP,CV00,5,4,WIH1.2021,45,0.542870543202441,3.45815501629795
BGLR,M10.G.P.W-Int,DAP,M10 DAP,CV0,5,4,WIH2.2020,520,0.150449975573716,2.79857644536799
BGLR,M10.G.P.W-Int,DAP,M10 DAP,CV00,5,4,WIH2.2020,133,0.224317665002361,2.97718580655976
BGLR,M10.G.P.W-Int,DAP,M10 DAP,CV0,5,4,WIH2.2021,524,0.41968342105227,3.42482985199754
BGLR,M10.G.P.W-Int,DAP,M10 DAP,CV00,5,4,WIH2.2021,131,0.322924164988158,3.67975992696972
BGLR,M10.G.P.W-Int,DAP,M10 DAP,CV0,5,4,WIH3.2020,188,0.139147553290424,2.45269261158189
BGLR,M10.G.P.W-Int,DAP,M10 DAP,CV00,5,4,WIH3.2020,46,0.257838688021312,2.49571883484409
BGLR,M10.G.P.W-Int,DAP,M10 DAP,CV0,5,4,WIH3.2021,188,0.569801711593117,1.52119969654191
BGLR,M10.G.P.W-Int,DAP,M10 DAP,CV00,5,4,WIH3.2021,45,0.481515125432837,1.70293730679472
BGLR,M10.G.P.W-Int,DAP,M10 DAP,CV0,5,5,DEH1.2020,533,0.700038689057007,1.9225295766566
BGLR,M10.G.P.W-Int,DAP,M10 DAP,CV00,5,5,DEH1.2020,122,0.698658630738255,1.9577393124121
BGLR,M10.G.P.W-Int,DAP,M10 DAP,CV0,5,5,IAH4.2021,522,0.520425039507142,1.56169686515649
BGLR,M10.G.P.W-Int,DAP,M10 DAP,CV00,5,5,IAH4.2021,123,0.525996733677124,1.69781733325033
BGLR,M10.G.P.W-Int,DAP,M10 DAP,CV0,5,5,MIH1.2020,187,0.533956559069043,3.3305028313524
BGLR,M10.G.P.W-Int,DAP,M10 DAP,CV00,5,5,MIH1.2020,47,0.583606553700643,3.09371654590633
BGLR,M10.G.P.W-Int,DAP,M10 DAP,CV0,5,5,MNH1.2020,186,0.475697117358579,2.67763451297077
BGLR,M10.G.P.W-Int,DAP,M10 DAP,CV00,5,5,MNH1.2020,45,0.58143922369447,2.6325071702495
BGLR,M10.G.P.W-Int,DAP,M10 DAP,CV0,5,5,MNH1.2021,188,0.371766728382508,1.74952856231267
BGLR,M10.G.P.W-Int,DAP,M10 DAP,CV00,5,5,MNH1.2021,48,0.451256881915987,1.95044327558719
BGLR,M10.G.P.W-Int,DAP,M10 DAP,CV0,5,5,MOH1.2020,468,0.222620139833391,2.2383492895418
BGLR,M10.G.P.W-Int,DAP,M10 DAP,CV00,5,5,MOH1.2020,107,0.185388940308307,2.29802516714802
BGLR,M10.G.P.W-Int,DAP,M10 DAP,CV0,5,5,NEH1.2021,187,0.344322547087912,2.85384975618942
BGLR,M10.G.P.W-Int,DAP,M10 DAP,CV00,5,5,NEH1.2021,46,0.340966091665056,3.3985515765642
BGLR,M10.G.P.W-Int,DAP,M10 DAP,CV0,5,5,TXH1.2020,187,0.654249244694376,1.27252915610382
BGLR,M10.G.P.W-Int,DAP,M10 DAP,CV00,5,5,TXH1.2020,46,0.759803708632612,1.48953157235084
BGLR,M10.G.P.W-Int,DAP,M10 DAP,CV0,5,5,TXH1.2021,187,-0.0543485124425296,2.96000903884525
BGLR,M10.G.P.W-Int,DAP,M10 DAP,CV00,5,5,TXH1.2021,46,0.414651165054649,2.65479037200283
BGLR,M10.G.P.W-Int,DAP,M10 DAP,CV0,5,5,TXH2.2020,187,0.403895594408593,1.82996722733032
BGLR,M10.G.P.W-Int,DAP,M10 DAP,CV00,5,5,TXH2.2020,46,0.59624854792446,2.15477005086204
BGLR,M10.G.P.W-Int,DAP,M10 DAP,CV0,5,5,TXH2.2021,187,0.244345347137377,2.86333504305239
BGLR,M10.G.P.W-Int,DAP,M10 DAP,CV00,5,5,TXH2.2021,46,0.116688548668834,2.95737692883355
BGLR,M10.G.P.W-Int,DAP,M10 DAP,CV0,5,5,TXH3.2020,188,-0.0752223884856739,1.57993103881681
BGLR,M10.G.P.W-Int,DAP,M10 DAP,CV00,5,5,TXH3.2020,48,0.00309252549200089,1.7396826218676
BGLR,M10.G.P.W-Int,DAP,M10 DAP,CV0,5,5,TXH3.2021,187,0.421526881972412,4.51050593003919
BGLR,M10.G.P.W-Int,DAP,M10 DAP,CV00,5,5,TXH3.2021,46,0.435243101836945,4.52078035308929
BGLR,M10.G.P.W-Int,DAP,M10 DAP,CV0,5,5,WIH1.2020,186,0.472843844864306,1.79019373500925
BGLR,M10.G.P.W-Int,DAP,M10 DAP,CV00,5,5,WIH1.2020,45,0.578636411379555,2.2187319005691
BGLR,M10.G.P.W-Int,DAP,M10 DAP,CV0,5,5,WIH1.2021,187,0.331622356021404,3.54645286947445
BGLR,M10.G.P.W-Int,DAP,M10 DAP,CV00,5,5,WIH1.2021,46,0.453615764320341,3.45395008431843
BGLR,M10.G.P.W-Int,DAP,M10 DAP,CV0,5,5,WIH2.2020,530,0.151674363208867,2.83569236210007
BGLR,M10.G.P.W-Int,DAP,M10 DAP,CV00,5,5,WIH2.2020,123,0.228778523311531,2.81347573089351
BGLR,M10.G.P.W-Int,DAP,M10 DAP,CV0,5,5,WIH2.2021,530,0.409113838441064,3.48418686897085
BGLR,M10.G.P.W-Int,DAP,M10 DAP,CV00,5,5,WIH2.2021,125,0.384852070143431,3.37181432986584
BGLR,M10.G.P.W-Int,DAP,M10 DAP,CV0,5,5,WIH3.2020,187,0.148783271255876,2.42969741708121
BGLR,M10.G.P.W-Int,DAP,M10 DAP,CV00,5,5,WIH3.2020,47,0.11039598311887,2.60639077421331
BGLR,M10.G.P.W-Int,DAP,M10 DAP,CV0,5,5,WIH3.2021,187,0.503985413400318,1.58378247481539
BGLR,M10.G.P.W-Int,DAP,M10 DAP,CV00,5,5,WIH3.2021,46,0.7127342781798,1.55540469437297
BGLR,M10.G.P.W-Int,AGDD,M10 AGDD,CV0,1,1,DEH1.2020,524,0.68170564493699,1.70237235999946
BGLR,M10.G.P.W-Int,AGDD,M10 AGDD,CV00,1,1,DEH1.2020,131,0.713895307251776,1.9409458772668
BGLR,M10.G.P.W-Int,AGDD,M10 AGDD,CV0,1,1,IAH4.2021,514,0.455147500969225,1.52909246228571
BGLR,M10.G.P.W-Int,AGDD,M10 AGDD,CV00,1,1,IAH4.2021,131,0.421347053883864,1.56574067217657
BGLR,M10.G.P.W-Int,AGDD,M10 AGDD,CV0,1,1,MIH1.2020,188,0.425586364439423,3.31659810241814
BGLR,M10.G.P.W-Int,AGDD,M10 AGDD,CV00,1,1,MIH1.2020,46,0.304433722452299,3.42568779095611
BGLR,M10.G.P.W-Int,AGDD,M10 AGDD,CV0,1,1,MNH1.2020,185,0.565676529851792,1.73392626514631
BGLR,M10.G.P.W-Int,AGDD,M10 AGDD,CV00,1,1,MNH1.2020,46,0.322933865846659,1.46545926732426
BGLR,M10.G.P.W-Int,AGDD,M10 AGDD,CV0,1,1,MNH1.2021,189,0.492235787247423,1.72323159743273
BGLR,M10.G.P.W-Int,AGDD,M10 AGDD,CV00,1,1,MNH1.2021,47,0.127721530222302,1.62416948243489
BGLR,M10.G.P.W-Int,AGDD,M10 AGDD,CV0,1,1,MOH1.2020,462,0.245203968719042,2.00927227404504
BGLR,M10.G.P.W-Int,AGDD,M10 AGDD,CV00,1,1,MOH1.2020,113,0.389417094942938,1.92661197371511
BGLR,M10.G.P.W-Int,AGDD,M10 AGDD,CV0,1,1,NEH1.2021,186,0.449022105411053,2.76195569687493
BGLR,M10.G.P.W-Int,AGDD,M10 AGDD,CV00,1,1,NEH1.2021,47,0.489700498208502,3.15077009871784
BGLR,M10.G.P.W-Int,AGDD,M10 AGDD,CV0,1,1,TXH1.2020,186,0.731341628588096,1.55541371118469
BGLR,M10.G.P.W-Int,AGDD,M10 AGDD,CV00,1,1,TXH1.2020,47,0.74163106535798,1.51893899587589
BGLR,M10.G.P.W-Int,AGDD,M10 AGDD,CV0,1,1,TXH1.2021,186,0.141302470238827,2.06070328370909
BGLR,M10.G.P.W-Int,AGDD,M10 AGDD,CV00,1,1,TXH1.2021,47,0.0493353977063914,1.81391271626782
BGLR,M10.G.P.W-Int,AGDD,M10 AGDD,CV0,1,1,TXH2.2020,186,0.620416354351805,1.5178112373912
BGLR,M10.G.P.W-Int,AGDD,M10 AGDD,CV00,1,1,TXH2.2020,47,0.136238419811488,1.58784867846073
BGLR,M10.G.P.W-Int,AGDD,M10 AGDD,CV0,1,1,TXH2.2021,186,0.261310034692053,2.00389687875021
BGLR,M10.G.P.W-Int,AGDD,M10 AGDD,CV00,1,1,TXH2.2021,47,0.0312230506362318,1.87706772733662
BGLR,M10.G.P.W-Int,AGDD,M10 AGDD,CV0,1,1,TXH3.2020,189,-0.0697772835954961,1.68022000897244
BGLR,M10.G.P.W-Int,AGDD,M10 AGDD,CV00,1,1,TXH3.2020,47,-0.141143280880423,1.99581796013452
BGLR,M10.G.P.W-Int,AGDD,M10 AGDD,CV0,1,1,TXH3.2021,186,0.488257868208632,4.92766332586312
BGLR,M10.G.P.W-Int,AGDD,M10 AGDD,CV00,1,1,TXH3.2021,47,0.567046792119617,4.94969379784949
BGLR,M10.G.P.W-Int,AGDD,M10 AGDD,CV0,1,1,WIH1.2020,185,0.588605049703311,1.79438973148716
BGLR,M10.G.P.W-Int,AGDD,M10 AGDD,CV00,1,1,WIH1.2020,46,0.272703844323127,1.69678311057978
BGLR,M10.G.P.W-Int,AGDD,M10 AGDD,CV0,1,1,WIH1.2021,186,0.390528035918293,3.36101005697277
BGLR,M10.G.P.W-Int,AGDD,M10 AGDD,CV00,1,1,WIH1.2021,47,0.28504345078118,3.55083881796121
BGLR,M10.G.P.W-Int,AGDD,M10 AGDD,CV0,1,1,WIH2.2020,521,-0.0104247254261657,4.96420854871981
BGLR,M10.G.P.W-Int,AGDD,M10 AGDD,CV00,1,1,WIH2.2020,132,-0.102101843970119,5.55164548086358
BGLR,M10.G.P.W-Int,AGDD,M10 AGDD,CV0,1,1,WIH2.2021,523,0.410719345603267,2.97233427262951
BGLR,M10.G.P.W-Int,AGDD,M10 AGDD,CV00,1,1,WIH2.2021,132,0.372111638187067,3.04937180987635
BGLR,M10.G.P.W-Int,AGDD,M10 AGDD,CV0,1,1,WIH3.2020,188,0.25366701811362,2.45222465484532
BGLR,M10.G.P.W-Int,AGDD,M10 AGDD,CV00,1,1,WIH3.2020,46,0.306901079058694,2.22847487998442
BGLR,M10.G.P.W-Int,AGDD,M10 AGDD,CV0,1,1,WIH3.2021,186,0.625823949279651,1.56644441465822
BGLR,M10.G.P.W-Int,AGDD,M10 AGDD,CV00,1,1,WIH3.2021,47,0.357096026420328,1.43841725849709
BGLR,M10.G.P.W-Int,AGDD,M10 AGDD,CV0,1,2,DEH1.2020,523,0.69000009241808,1.74801722900783
BGLR,M10.G.P.W-Int,AGDD,M10 AGDD,CV00,1,2,DEH1.2020,132,0.654655554208718,1.83099552325754
BGLR,M10.G.P.W-Int,AGDD,M10 AGDD,CV0,1,2,IAH4.2021,519,0.443411236623623,1.55839676221817
BGLR,M10.G.P.W-Int,AGDD,M10 AGDD,CV00,1,2,IAH4.2021,126,0.57724219093133,1.33282013494241
BGLR,M10.G.P.W-Int,AGDD,M10 AGDD,CV0,1,2,MIH1.2020,186,0.436604069063685,3.35518173494416
BGLR,M10.G.P.W-Int,AGDD,M10 AGDD,CV00,1,2,MIH1.2020,48,0.511704488018199,3.38821804424212
BGLR,M10.G.P.W-Int,AGDD,M10 AGDD,CV0,1,2,MNH1.2020,184,0.505670264835015,1.73178514996481
BGLR,M10.G.P.W-Int,AGDD,M10 AGDD,CV00,1,2,MNH1.2020,47,0.641513666648879,1.63650078736012
BGLR,M10.G.P.W-Int,AGDD,M10 AGDD,CV0,1,2,MNH1.2021,188,0.439244211418892,1.66012645381226
BGLR,M10.G.P.W-Int,AGDD,M10 AGDD,CV00,1,2,MNH1.2021,48,0.390451629702776,1.82438564368512
BGLR,M10.G.P.W-Int,AGDD,M10 AGDD,CV0,1,2,MOH1.2020,458,0.259641248608595,1.97636004897353
BGLR,M10.G.P.W-Int,AGDD,M10 AGDD,CV00,1,2,MOH1.2020,117,0.31537610101988,2.07577828170858
BGLR,M10.G.P.W-Int,AGDD,M10 AGDD,CV0,1,2,NEH1.2021,186,0.500191956224924,2.83163980447309
BGLR,M10.G.P.W-Int,AGDD,M10 AGDD,CV00,1,2,NEH1.2021,47,0.261223245316251,2.83389957741308
BGLR,M10.G.P.W-Int,AGDD,M10 AGDD,CV0,1,2,TXH1.2020,186,0.734359127503994,1.54434345441908
BGLR,M10.G.P.W-Int,AGDD,M10 AGDD,CV00,1,2,TXH1.2020,47,0.682507843043397,1.54503006354321
BGLR,M10.G.P.W-Int,AGDD,M10 AGDD,CV0,1,2,TXH1.2021,186,0.121320686513112,2.03199034357927
BGLR,M10.G.P.W-Int,AGDD,M10 AGDD,CV00,1,2,TXH1.2021,47,0.174491980162592,1.87398668176362
BGLR,M10.G.P.W-Int,AGDD,M10 AGDD,CV0,1,2,TXH2.2020,186,0.565106842091445,1.50213242494457
BGLR,M10.G.P.W-Int,AGDD,M10 AGDD,CV00,1,2,TXH2.2020,47,0.311673735713835,1.77620158903491
BGLR,M10.G.P.W-Int,AGDD,M10 AGDD,CV0,1,2,TXH2.2021,186,0.26297109318518,1.8575863082503
BGLR,M10.G.P.W-Int,AGDD,M10 AGDD,CV00,1,2,TXH2.2021,47,0.176239477746033,2.3262817701856
BGLR,M10.G.P.W-Int,AGDD,M10 AGDD,CV0,1,2,TXH3.2020,188,-0.0756640655053468,1.76621486250506
BGLR,M10.G.P.W-Int,AGDD,M10 AGDD,CV00,1,2,TXH3.2020,48,0.0218426720995994,1.47022543017654
BGLR,M10.G.P.W-Int,AGDD,M10 AGDD,CV0,1,2,TXH3.2021,186,0.504238775700259,4.94087511463751
BGLR,M10.G.P.W-Int,AGDD,M10 AGDD,CV00,1,2,TXH3.2021,47,0.467774782698651,5.01402812537517
BGLR,M10.G.P.W-Int,AGDD,M10 AGDD,CV0,1,2,WIH1.2020,184,0.538028215014635,1.67630452878643
BGLR,M10.G.P.W-Int,AGDD,M10 AGDD,CV00,1,2,WIH1.2020,47,0.495047034480346,2.22823036341877
BGLR,M10.G.P.W-Int,AGDD,M10 AGDD,CV0,1,2,WIH1.2021,186,0.40523381242439,3.38570518006806
BGLR,M10.G.P.W-Int,AGDD,M10 AGDD,CV00,1,2,WIH1.2021,47,0.266911277314896,3.24297020862512
BGLR,M10.G.P.W-Int,AGDD,M10 AGDD,CV0,1,2,WIH2.2020,520,-0.0204644622532336,5.16604989479444
BGLR,M10.G.P.W-Int,AGDD,M10 AGDD,CV00,1,2,WIH2.2020,133,-0.0739564749894003,5.01689107872103
BGLR,M10.G.P.W-Int,AGDD,M10 AGDD,CV0,1,2,WIH2.2021,524,0.385495407408328,3.05515054910212
BGLR,M10.G.P.W-Int,AGDD,M10 AGDD,CV00,1,2,WIH2.2021,131,0.468748592400139,2.7457388592644
BGLR,M10.G.P.W-Int,AGDD,M10 AGDD,CV0,1,2,WIH3.2020,186,0.249972160833401,2.38567624258456
BGLR,M10.G.P.W-Int,AGDD,M10 AGDD,CV00,1,2,WIH3.2020,48,0.202078120160882,2.60287876417062
BGLR,M10.G.P.W-Int,AGDD,M10 AGDD,CV0,1,2,WIH3.2021,186,0.548949995950288,1.51532593372793
BGLR,M10.G.P.W-Int,AGDD,M10 AGDD,CV00,1,2,WIH3.2021,47,0.621550534267212,1.79106160373633
BGLR,M10.G.P.W-Int,AGDD,M10 AGDD,CV0,1,3,DEH1.2020,520,0.692743114437309,1.76217112330277
BGLR,M10.G.P.W-Int,AGDD,M10 AGDD,CV00,1,3,DEH1.2020,135,0.648029176342271,1.64767838517134
BGLR,M10.G.P.W-Int,AGDD,M10 AGDD,CV0,1,3,IAH4.2021,511,0.456315774947382,1.50896315115353
BGLR,M10.G.P.W-Int,AGDD,M10 AGDD,CV00,1,3,IAH4.2021,134,0.443785845836403,1.69648306405166
BGLR,M10.G.P.W-Int,AGDD,M10 AGDD,CV0,1,3,MIH1.2020,185,0.463824743209775,3.33537155248155
BGLR,M10.G.P.W-Int,AGDD,M10 AGDD,CV00,1,3,MIH1.2020,49,0.322918532989021,3.30728758420546
BGLR,M10.G.P.W-Int,AGDD,M10 AGDD,CV0,1,3,MNH1.2020,184,0.534653173835302,1.6779258045738
BGLR,M10.G.P.W-Int,AGDD,M10 AGDD,CV00,1,3,MNH1.2020,47,0.553166410905768,1.83720336616427
BGLR,M10.G.P.W-Int,AGDD,M10 AGDD,CV0,1,3,MNH1.2021,186,0.436505448022337,1.6964850118984
BGLR,M10.G.P.W-Int,AGDD,M10 AGDD,CV00,1,3,MNH1.2021,50,0.417759191165947,1.86741073964582
BGLR,M10.G.P.W-Int,AGDD,M10 AGDD,CV0,1,3,MOH1.2020,454,0.261889745371374,1.99484343296249
BGLR,M10.G.P.W-Int,AGDD,M10 AGDD,CV00,1,3,MOH1.2020,121,0.298108037399157,1.88094875920733
BGLR,M10.G.P.W-Int,AGDD,M10 AGDD,CV0,1,3,NEH1.2021,185,0.455556147277359,2.8542263289884
BGLR,M10.G.P.W-Int,AGDD,M10 AGDD,CV00,1,3,NEH1.2021,48,0.448276362911309,2.76680612934705
BGLR,M10.G.P.W-Int,AGDD,M10 AGDD,CV0,1,3,TXH1.2020,185,0.705968463478304,1.52583068327012
BGLR,M10.G.P.W-Int,AGDD,M10 AGDD,CV00,1,3,TXH1.2020,48,0.725940998621546,1.78569727606176
BGLR,M10.G.P.W-Int,AGDD,M10 AGDD,CV0,1,3,TXH1.2021,185,0.105679967156398,2.02882143654043
BGLR,M10.G.P.W-Int,AGDD,M10 AGDD,CV00,1,3,TXH1.2021,48,0.173006041258142,1.98460287262955
BGLR,M10.G.P.W-Int,AGDD,M10 AGDD,CV0,1,3,TXH2.2020,185,0.528345604337216,1.5342957643085
BGLR,M10.G.P.W-Int,AGDD,M10 AGDD,CV00,1,3,TXH2.2020,48,0.532070216137908,1.48538033791258
BGLR,M10.G.P.W-Int,AGDD,M10 AGDD,CV0,1,3,TXH2.2021,185,0.182469012299257,2.05311574277304
BGLR,M10.G.P.W-Int,AGDD,M10 AGDD,CV00,1,3,TXH2.2021,48,0.326987568831481,1.81349090001417
BGLR,M10.G.P.W-Int,AGDD,M10 AGDD,CV0,1,3,TXH3.2020,186,-0.0396453243538052,1.67845507867225
BGLR,M10.G.P.W-Int,AGDD,M10 AGDD,CV00,1,3,TXH3.2020,50,-0.139299601881419,1.72068885282589
BGLR,M10.G.P.W-Int,AGDD,M10 AGDD,CV0,1,3,TXH3.2021,185,0.483825284875425,4.93154192867776
BGLR,M10.G.P.W-Int,AGDD,M10 AGDD,CV00,1,3,TXH3.2021,48,0.531062804900366,4.83314845241343
BGLR,M10.G.P.W-Int,AGDD,M10 AGDD,CV0,1,3,WIH1.2020,184,0.5609069723219,1.7913038255792
BGLR,M10.G.P.W-Int,AGDD,M10 AGDD,CV00,1,3,WIH1.2020,47,0.512611973600064,1.71929889968215
BGLR,M10.G.P.W-Int,AGDD,M10 AGDD,CV0,1,3,WIH1.2021,185,0.340402673656876,3.37957625369893
BGLR,M10.G.P.W-Int,AGDD,M10 AGDD,CV00,1,3,WIH1.2021,48,0.43748261256439,3.49961027303595
BGLR,M10.G.P.W-Int,AGDD,M10 AGDD,CV0,1,3,WIH2.2020,519,-0.00813974118441491,5.12277961636834
BGLR,M10.G.P.W-Int,AGDD,M10 AGDD,CV00,1,3,WIH2.2020,134,-0.124493760752054,5.28336515458544
BGLR,M10.G.P.W-Int,AGDD,M10 AGDD,CV0,1,3,WIH2.2021,517,0.443446727288269,2.93344529929361
BGLR,M10.G.P.W-Int,AGDD,M10 AGDD,CV00,1,3,WIH2.2021,138,0.359495915666522,3.26946062146491
BGLR,M10.G.P.W-Int,AGDD,M10 AGDD,CV0,1,3,WIH3.2020,185,0.261487686784534,2.36592209621846
BGLR,M10.G.P.W-Int,AGDD,M10 AGDD,CV00,1,3,WIH3.2020,49,0.270189957522775,2.60964622966492
BGLR,M10.G.P.W-Int,AGDD,M10 AGDD,CV0,1,3,WIH3.2021,185,0.561123729884523,1.56576394227551
BGLR,M10.G.P.W-Int,AGDD,M10 AGDD,CV00,1,3,WIH3.2021,48,0.641979950356562,1.48163843122792
BGLR,M10.G.P.W-Int,AGDD,M10 AGDD,CV0,1,4,DEH1.2020,522,0.684788577096998,1.77981540509243
BGLR,M10.G.P.W-Int,AGDD,M10 AGDD,CV00,1,4,DEH1.2020,133,0.694358099424852,1.60299805079462
BGLR,M10.G.P.W-Int,AGDD,M10 AGDD,CV0,1,4,IAH4.2021,515,0.454391001198394,1.54108085053544
BGLR,M10.G.P.W-Int,AGDD,M10 AGDD,CV00,1,4,IAH4.2021,130,0.449290956292539,1.57223699206626
BGLR,M10.G.P.W-Int,AGDD,M10 AGDD,CV0,1,4,MIH1.2020,187,0.421048478449833,3.35264055224274
BGLR,M10.G.P.W-Int,AGDD,M10 AGDD,CV00,1,4,MIH1.2020,47,0.592029832082388,3.34429024412326
BGLR,M10.G.P.W-Int,AGDD,M10 AGDD,CV0,1,4,MNH1.2020,184,0.59094766643492,1.61016646730261
BGLR,M10.G.P.W-Int,AGDD,M10 AGDD,CV00,1,4,MNH1.2020,47,0.336274433188727,2.01693877325591
BGLR,M10.G.P.W-Int,AGDD,M10 AGDD,CV0,1,4,MNH1.2021,189,0.377329407637448,1.72850811020547
BGLR,M10.G.P.W-Int,AGDD,M10 AGDD,CV00,1,4,MNH1.2021,47,0.612630678984029,1.68325235863736
BGLR,M10.G.P.W-Int,AGDD,M10 AGDD,CV0,1,4,MOH1.2020,455,0.279431724796384,1.98755223266717
BGLR,M10.G.P.W-Int,AGDD,M10 AGDD,CV00,1,4,MOH1.2020,120,0.244545738206869,1.93611979525516
BGLR,M10.G.P.W-Int,AGDD,M10 AGDD,CV0,1,4,NEH1.2021,186,0.468271373728512,2.89486489666222
BGLR,M10.G.P.W-Int,AGDD,M10 AGDD,CV00,1,4,NEH1.2021,47,0.397758572770937,2.64573158115771
BGLR,M10.G.P.W-Int,AGDD,M10 AGDD,CV0,1,4,TXH1.2020,186,0.702591877660099,1.62178126268811
BGLR,M10.G.P.W-Int,AGDD,M10 AGDD,CV00,1,4,TXH1.2020,47,0.760647294416047,1.47665269018122
BGLR,M10.G.P.W-Int,AGDD,M10 AGDD,CV0,1,4,TXH1.2021,186,0.0975349304106082,2.00057051087072
BGLR,M10.G.P.W-Int,AGDD,M10 AGDD,CV00,1,4,TXH1.2021,47,0.124955263357691,2.19457896581436
BGLR,M10.G.P.W-Int,AGDD,M10 AGDD,CV0,1,4,TXH2.2020,186,0.448275156447637,1.48723847145752
BGLR,M10.G.P.W-Int,AGDD,M10 AGDD,CV00,1,4,TXH2.2020,47,0.689813417531348,1.67416945018695
BGLR,M10.G.P.W-Int,AGDD,M10 AGDD,CV0,1,4,TXH2.2021,186,0.183194327123946,2.05223694874176
BGLR,M10.G.P.W-Int,AGDD,M10 AGDD,CV00,1,4,TXH2.2021,47,0.258449209764919,1.92281146370722
BGLR,M10.G.P.W-Int,AGDD,M10 AGDD,CV0,1,4,TXH3.2020,189,-0.0419827096066934,1.73596293246224
BGLR,M10.G.P.W-Int,AGDD,M10 AGDD,CV00,1,4,TXH3.2020,47,-0.218942918343698,1.67446175080821
BGLR,M10.G.P.W-Int,AGDD,M10 AGDD,CV0,1,4,TXH3.2021,186,0.528412346715654,4.92778526364813
BGLR,M10.G.P.W-Int,AGDD,M10 AGDD,CV00,1,4,TXH3.2021,47,0.331218736735024,4.79098888066751
BGLR,M10.G.P.W-Int,AGDD,M10 AGDD,CV0,1,4,WIH1.2020,184,0.53430550086747,1.75741516546142
BGLR,M10.G.P.W-Int,AGDD,M10 AGDD,CV00,1,4,WIH1.2020,47,0.54398605412905,1.92521680249236
BGLR,M10.G.P.W-Int,AGDD,M10 AGDD,CV0,1,4,WIH1.2021,186,0.394103142322814,3.3813091551412
BGLR,M10.G.P.W-Int,AGDD,M10 AGDD,CV00,1,4,WIH1.2021,47,0.3133805466677,3.34603696274143
BGLR,M10.G.P.W-Int,AGDD,M10 AGDD,CV0,1,4,WIH2.2020,523,-0.0331520949631374,5.06938696384015
BGLR,M10.G.P.W-Int,AGDD,M10 AGDD,CV00,1,4,WIH2.2020,130,-0.0178485506223291,4.95666163336244
BGLR,M10.G.P.W-Int,AGDD,M10 AGDD,CV0,1,4,WIH2.2021,524,0.43569944809306,2.98214077896333
BGLR,M10.G.P.W-Int,AGDD,M10 AGDD,CV00,1,4,WIH2.2021,131,0.334070015769172,3.11394129100483
BGLR,M10.G.P.W-Int,AGDD,M10 AGDD,CV0,1,4,WIH3.2020,187,0.238874880546983,2.45677100667844
BGLR,M10.G.P.W-Int,AGDD,M10 AGDD,CV00,1,4,WIH3.2020,47,0.106356155683262,2.49143910321826
BGLR,M10.G.P.W-Int,AGDD,M10 AGDD,CV0,1,4,WIH3.2021,186,0.560882107754418,1.64679862308093
BGLR,M10.G.P.W-Int,AGDD,M10 AGDD,CV00,1,4,WIH3.2021,47,0.558035748520355,1.28184495275924
BGLR,M10.G.P.W-Int,AGDD,M10 AGDD,CV0,1,5,DEH1.2020,531,0.690469691971884,1.73084040347287
BGLR,M10.G.P.W-Int,AGDD,M10 AGDD,CV00,1,5,DEH1.2020,124,0.683344948844738,1.80860861540763
BGLR,M10.G.P.W-Int,AGDD,M10 AGDD,CV0,1,5,IAH4.2021,521,0.512038896796674,1.50615419735274
BGLR,M10.G.P.W-Int,AGDD,M10 AGDD,CV00,1,5,IAH4.2021,124,0.24371808710911,1.61523651927183
BGLR,M10.G.P.W-Int,AGDD,M10 AGDD,CV0,1,5,MIH1.2020,190,0.476142182767229,3.39180345960262
BGLR,M10.G.P.W-Int,AGDD,M10 AGDD,CV00,1,5,MIH1.2020,44,0.240535362622564,3.24585149778111
BGLR,M10.G.P.W-Int,AGDD,M10 AGDD,CV0,1,5,MNH1.2020,187,0.509636798679091,1.76023284916108
BGLR,M10.G.P.W-Int,AGDD,M10 AGDD,CV00,1,5,MNH1.2020,44,0.623951315863938,1.48940054910767
BGLR,M10.G.P.W-Int,AGDD,M10 AGDD,CV0,1,5,MNH1.2021,192,0.51041481743783,1.67952850779963
BGLR,M10.G.P.W-Int,AGDD,M10 AGDD,CV00,1,5,MNH1.2021,44,0.220458749077808,1.6783659795384
BGLR,M10.G.P.W-Int,AGDD,M10 AGDD,CV0,1,5,MOH1.2020,471,0.330090392936858,1.96501697294242
BGLR,M10.G.P.W-Int,AGDD,M10 AGDD,CV00,1,5,MOH1.2020,104,-0.00747399514801787,2.11048367324864
BGLR,M10.G.P.W-Int,AGDD,M10 AGDD,CV0,1,5,NEH1.2021,189,0.471598046593213,2.7731983813504
BGLR,M10.G.P.W-Int,AGDD,M10 AGDD,CV00,1,5,NEH1.2021,44,0.470572047938409,3.01436254628456
BGLR,M10.G.P.W-Int,AGDD,M10 AGDD,CV0,1,5,TXH1.2020,189,0.752104245873099,1.58715234708902
BGLR,M10.G.P.W-Int,AGDD,M10 AGDD,CV00,1,5,TXH1.2020,44,0.647980651953953,1.46689344164175
BGLR,M10.G.P.W-Int,AGDD,M10 AGDD,CV0,1,5,TXH1.2021,189,0.161688422607394,1.97977664335577
BGLR,M10.G.P.W-Int,AGDD,M10 AGDD,CV00,1,5,TXH1.2021,44,-0.0446147265109372,2.21700253097275
BGLR,M10.G.P.W-Int,AGDD,M10 AGDD,CV0,1,5,TXH2.2020,189,0.50269524572296,1.57554388176301
BGLR,M10.G.P.W-Int,AGDD,M10 AGDD,CV00,1,5,TXH2.2020,44,0.702093402447224,1.2414644775445
BGLR,M10.G.P.W-Int,AGDD,M10 AGDD,CV0,1,5,TXH2.2021,189,0.263922104123488,1.99527317312757
BGLR,M10.G.P.W-Int,AGDD,M10 AGDD,CV00,1,5,TXH2.2021,44,0.22231543907259,1.97638945790484
BGLR,M10.G.P.W-Int,AGDD,M10 AGDD,CV0,1,5,TXH3.2020,192,-0.10350903538281,1.75626447220334
BGLR,M10.G.P.W-Int,AGDD,M10 AGDD,CV00,1,5,TXH3.2020,44,0.100817754228155,1.70257468976812
BGLR,M10.G.P.W-Int,AGDD,M10 AGDD,CV0,1,5,TXH3.2021,189,0.529045529867205,4.88406159044302
BGLR,M10.G.P.W-Int,AGDD,M10 AGDD,CV00,1,5,TXH3.2021,44,0.401737625408579,4.98890665235928
BGLR,M10.G.P.W-Int,AGDD,M10 AGDD,CV0,1,5,WIH1.2020,187,0.552951424767367,1.81241988977862
BGLR,M10.G.P.W-Int,AGDD,M10 AGDD,CV00,1,5,WIH1.2020,44,0.507188419868503,1.64253013833624
BGLR,M10.G.P.W-Int,AGDD,M10 AGDD,CV0,1,5,WIH1.2021,189,0.401813178217378,3.35018028483165
BGLR,M10.G.P.W-Int,AGDD,M10 AGDD,CV00,1,5,WIH1.2021,44,0.334225659270475,3.36982635151063
BGLR,M10.G.P.W-Int,AGDD,M10 AGDD,CV0,1,5,WIH2.2020,529,-0.0461579232580268,5.28073616329877
BGLR,M10.G.P.W-Int,AGDD,M10 AGDD,CV00,1,5,WIH2.2020,124,0.0563797378646704,4.6312008827833
BGLR,M10.G.P.W-Int,AGDD,M10 AGDD,CV0,1,5,WIH2.2021,532,0.415044636825627,3.02685604640718
BGLR,M10.G.P.W-Int,AGDD,M10 AGDD,CV00,1,5,WIH2.2021,123,0.358672316455802,2.93981280627324
BGLR,M10.G.P.W-Int,AGDD,M10 AGDD,CV0,1,5,WIH3.2020,190,0.272993312887122,2.44275198452655
BGLR,M10.G.P.W-Int,AGDD,M10 AGDD,CV00,1,5,WIH3.2020,44,0.126036638753497,2.34664955476912
BGLR,M10.G.P.W-Int,AGDD,M10 AGDD,CV0,1,5,WIH3.2021,189,0.615503714399765,1.45540528003682
BGLR,M10.G.P.W-Int,AGDD,M10 AGDD,CV00,1,5,WIH3.2021,44,0.426451799589619,1.94500053734601
BGLR,M10.G.P.W-Int,AGDD,M10 AGDD,CV0,2,1,DEH1.2020,526,0.680697136612578,1.71546446434479
BGLR,M10.G.P.W-Int,AGDD,M10 AGDD,CV00,2,1,DEH1.2020,129,0.702902176462531,1.92983908467261
BGLR,M10.G.P.W-Int,AGDD,M10 AGDD,CV0,2,1,IAH4.2021,518,0.458402456319776,1.5226414552546
BGLR,M10.G.P.W-Int,AGDD,M10 AGDD,CV00,2,1,IAH4.2021,127,0.44556041053318,1.58060453864235
BGLR,M10.G.P.W-Int,AGDD,M10 AGDD,CV0,2,1,MIH1.2020,189,0.434592975242743,3.40064353949975
BGLR,M10.G.P.W-Int,AGDD,M10 AGDD,CV00,2,1,MIH1.2020,45,0.423821216092196,3.17660173367908
BGLR,M10.G.P.W-Int,AGDD,M10 AGDD,CV0,2,1,MNH1.2020,186,0.58547086860583,1.65430452922598
BGLR,M10.G.P.W-Int,AGDD,M10 AGDD,CV00,2,1,MNH1.2020,45,0.22806984482546,1.89066787094541
BGLR,M10.G.P.W-Int,AGDD,M10 AGDD,CV0,2,1,MNH1.2021,191,0.391257740647971,1.73244443475843
BGLR,M10.G.P.W-Int,AGDD,M10 AGDD,CV00,2,1,MNH1.2021,45,0.558750169830072,1.57233283681446
BGLR,M10.G.P.W-Int,AGDD,M10 AGDD,CV0,2,1,MOH1.2020,459,0.259633408203615,1.99252607448536
BGLR,M10.G.P.W-Int,AGDD,M10 AGDD,CV00,2,1,MOH1.2020,116,0.306344306931923,1.97086788473287
BGLR,M10.G.P.W-Int,AGDD,M10 AGDD,CV0,2,1,NEH1.2021,188,0.430604188818905,2.90800668850029
BGLR,M10.G.P.W-Int,AGDD,M10 AGDD,CV00,2,1,NEH1.2021,45,0.527420323700755,2.63204645237372
BGLR,M10.G.P.W-Int,AGDD,M10 AGDD,CV0,2,1,TXH1.2020,188,0.709022025588488,1.5664955274637
BGLR,M10.G.P.W-Int,AGDD,M10 AGDD,CV00,2,1,TXH1.2020,45,0.715132021774094,1.60678711547719
BGLR,M10.G.P.W-Int,AGDD,M10 AGDD,CV0,2,1,TXH1.2021,188,0.0594288279695198,2.0150139186756
BGLR,M10.G.P.W-Int,AGDD,M10 AGDD,CV00,2,1,TXH1.2021,45,0.21769618426663,2.01175095371765
BGLR,M10.G.P.W-Int,AGDD,M10 AGDD,CV0,2,1,TXH2.2020,188,0.517792875622291,1.46153229378571
BGLR,M10.G.P.W-Int,AGDD,M10 AGDD,CV00,2,1,TXH2.2020,45,0.455928482720875,1.86983654753004
BGLR,M10.G.P.W-Int,AGDD,M10 AGDD,CV0,2,1,TXH2.2021,188,0.2135936475801,1.88439355751589
BGLR,M10.G.P.W-Int,AGDD,M10 AGDD,CV00,2,1,TXH2.2021,45,0.234617237988418,2.35991908065159
BGLR,M10.G.P.W-Int,AGDD,M10 AGDD,CV0,2,1,TXH3.2020,191,-0.051516827117748,1.69182487723094
BGLR,M10.G.P.W-Int,AGDD,M10 AGDD,CV00,2,1,TXH3.2020,45,-0.0989562435473892,1.75199000100363
BGLR,M10.G.P.W-Int,AGDD,M10 AGDD,CV0,2,1,TXH3.2021,188,0.511436218581488,4.95433199718827
BGLR,M10.G.P.W-Int,AGDD,M10 AGDD,CV00,2,1,TXH3.2021,45,0.432464560580967,4.86284923415762
BGLR,M10.G.P.W-Int,AGDD,M10 AGDD,CV0,2,1,WIH1.2020,186,0.557494773392701,1.82243812910932
BGLR,M10.G.P.W-Int,AGDD,M10 AGDD,CV00,2,1,WIH1.2020,45,0.43963817132932,1.64388107253325
BGLR,M10.G.P.W-Int,AGDD,M10 AGDD,CV0,2,1,WIH1.2021,188,0.367492705871514,3.45539073278977
BGLR,M10.G.P.W-Int,AGDD,M10 AGDD,CV00,2,1,WIH1.2021,45,0.448875236200281,3.00799438960737
BGLR,M10.G.P.W-Int,AGDD,M10 AGDD,CV0,2,1,WIH2.2020,524,-0.0385342864336581,5.04708455235279
BGLR,M10.G.P.W-Int,AGDD,M10 AGDD,CV00,2,1,WIH2.2020,129,-0.00176499976606941,5.05446608794611
BGLR,M10.G.P.W-Int,AGDD,M10 AGDD,CV0,2,1,WIH2.2021,524,0.413217078329762,3.00188032580849
BGLR,M10.G.P.W-Int,AGDD,M10 AGDD,CV00,2,1,WIH2.2021,131,0.394346694121528,2.99849712241225
BGLR,M10.G.P.W-Int,AGDD,M10 AGDD,CV0,2,1,WIH3.2020,189,0.219248343786157,2.45644747692612
BGLR,M10.G.P.W-Int,AGDD,M10 AGDD,CV00,2,1,WIH3.2020,45,0.451475244436651,2.22063012901418
BGLR,M10.G.P.W-Int,AGDD,M10 AGDD,CV0,2,1,WIH3.2021,188,0.586406377882948,1.58452231743596
BGLR,M10.G.P.W-Int,AGDD,M10 AGDD,CV00,2,1,WIH3.2021,45,0.526773132641015,1.46575275206473
BGLR,M10.G.P.W-Int,AGDD,M10 AGDD,CV0,2,2,DEH1.2020,521,0.694371160631794,1.77316407045365
BGLR,M10.G.P.W-Int,AGDD,M10 AGDD,CV00,2,2,DEH1.2020,134,0.639497144806958,1.6987711745524
BGLR,M10.G.P.W-Int,AGDD,M10 AGDD,CV0,2,2,IAH4.2021,513,0.464226607437641,1.53751246825822
BGLR,M10.G.P.W-Int,AGDD,M10 AGDD,CV00,2,2,IAH4.2021,132,0.489086612253093,1.45322118019762
BGLR,M10.G.P.W-Int,AGDD,M10 AGDD,CV0,2,2,MIH1.2020,187,0.431534044861848,3.31355187733814
BGLR,M10.G.P.W-Int,AGDD,M10 AGDD,CV00,2,2,MIH1.2020,47,0.4987616019315,3.49008717962098
BGLR,M10.G.P.W-Int,AGDD,M10 AGDD,CV0,2,2,MNH1.2020,184,0.516916066106654,1.79540533103527
BGLR,M10.G.P.W-Int,AGDD,M10 AGDD,CV00,2,2,MNH1.2020,47,0.642577975055349,1.37871384655942
BGLR,M10.G.P.W-Int,AGDD,M10 AGDD,CV0,2,2,MNH1.2021,189,0.445774632691755,1.70100384177261
BGLR,M10.G.P.W-Int,AGDD,M10 AGDD,CV00,2,2,MNH1.2021,47,0.434945477888147,1.74509252236978
BGLR,M10.G.P.W-Int,AGDD,M10 AGDD,CV0,2,2,MOH1.2020,456,0.259271188508674,1.98366977064745
BGLR,M10.G.P.W-Int,AGDD,M10 AGDD,CV00,2,2,MOH1.2020,119,0.278623306184558,2.00859255161799
BGLR,M10.G.P.W-Int,AGDD,M10 AGDD,CV0,2,2,NEH1.2021,186,0.48455792169124,2.66533439472697
BGLR,M10.G.P.W-Int,AGDD,M10 AGDD,CV00,2,2,NEH1.2021,47,0.44087098560845,3.35861769369967
BGLR,M10.G.P.W-Int,AGDD,M10 AGDD,CV0,2,2,TXH1.2020,186,0.719098525002519,1.56939087552468
BGLR,M10.G.P.W-Int,AGDD,M10 AGDD,CV00,2,2,TXH1.2020,47,0.769028098454445,1.61743302931918
BGLR,M10.G.P.W-Int,AGDD,M10 AGDD,CV0,2,2,TXH1.2021,186,0.130966385236681,1.96615265665633
BGLR,M10.G.P.W-Int,AGDD,M10 AGDD,CV00,2,2,TXH1.2021,47,0.180872898644361,2.17390270530042
BGLR,M10.G.P.W-Int,AGDD,M10 AGDD,CV0,2,2,TXH2.2020,186,0.532453650868268,1.52164721846159
BGLR,M10.G.P.W-Int,AGDD,M10 AGDD,CV00,2,2,TXH2.2020,47,0.529308334773424,1.52825111582265
BGLR,M10.G.P.W-Int,AGDD,M10 AGDD,CV0,2,2,TXH2.2021,186,0.204103294986742,2.05766262177951
BGLR,M10.G.P.W-Int,AGDD,M10 AGDD,CV00,2,2,TXH2.2021,47,0.301615057749543,1.76330955704825
BGLR,M10.G.P.W-Int,AGDD,M10 AGDD,CV0,2,2,TXH3.2020,189,-0.106602328956733,1.7908673728874
BGLR,M10.G.P.W-Int,AGDD,M10 AGDD,CV00,2,2,TXH3.2020,47,0.126403220601034,1.4724387948126
BGLR,M10.G.P.W-Int,AGDD,M10 AGDD,CV0,2,2,TXH3.2021,186,0.497376771147044,4.89558095287025
BGLR,M10.G.P.W-Int,AGDD,M10 AGDD,CV00,2,2,TXH3.2021,47,0.540045387631027,4.9241930597372
BGLR,M10.G.P.W-Int,AGDD,M10 AGDD,CV0,2,2,WIH1.2020,184,0.519570703284952,1.80602444875303
BGLR,M10.G.P.W-Int,AGDD,M10 AGDD,CV00,2,2,WIH1.2020,47,0.540279627325225,1.83329252941557
BGLR,M10.G.P.W-Int,AGDD,M10 AGDD,CV0,2,2,WIH1.2021,186,0.399818669979891,3.40489193970389
BGLR,M10.G.P.W-Int,AGDD,M10 AGDD,CV00,2,2,WIH1.2021,47,0.347920303568078,3.23481057185046
BGLR,M10.G.P.W-Int,AGDD,M10 AGDD,CV0,2,2,WIH2.2020,520,-0.00912979967635957,5.07533199435745
BGLR,M10.G.P.W-Int,AGDD,M10 AGDD,CV00,2,2,WIH2.2020,133,-0.117404328351964,5.3020928125532
BGLR,M10.G.P.W-Int,AGDD,M10 AGDD,CV0,2,2,WIH2.2021,521,0.445732355247303,2.9507596531828
BGLR,M10.G.P.W-Int,AGDD,M10 AGDD,CV00,2,2,WIH2.2021,134,0.243020697475576,3.12219758687624
BGLR,M10.G.P.W-Int,AGDD,M10 AGDD,CV0,2,2,WIH3.2020,187,0.251076029313313,2.39439806304778
BGLR,M10.G.P.W-Int,AGDD,M10 AGDD,CV00,2,2,WIH3.2020,47,0.0472979215074539,2.66729536431756
BGLR,M10.G.P.W-Int,AGDD,M10 AGDD,CV0,2,2,WIH3.2021,186,0.545327726021382,1.58196800369747
BGLR,M10.G.P.W-Int,AGDD,M10 AGDD,CV00,2,2,WIH3.2021,47,0.601222376398914,1.5839567840418
BGLR,M10.G.P.W-Int,AGDD,M10 AGDD,CV0,2,3,DEH1.2020,522,0.683207079727464,1.76493454056982
BGLR,M10.G.P.W-Int,AGDD,M10 AGDD,CV00,2,3,DEH1.2020,133,0.632042017266763,1.72964875097973
BGLR,M10.G.P.W-Int,AGDD,M10 AGDD,CV0,2,3,IAH4.2021,514,0.469439981876149,1.55851956197893
BGLR,M10.G.P.W-Int,AGDD,M10 AGDD,CV00,2,3,IAH4.2021,131,0.41236966688015,1.43324408893209
BGLR,M10.G.P.W-Int,AGDD,M10 AGDD,CV0,2,3,MIH1.2020,189,0.446172783744284,3.35542214386482
BGLR,M10.G.P.W-Int,AGDD,M10 AGDD,CV00,2,3,MIH1.2020,45,0.434125063370247,3.30146601347494
BGLR,M10.G.P.W-Int,AGDD,M10 AGDD,CV0,2,3,MNH1.2020,186,0.629215725778725,1.60166643592117
BGLR,M10.G.P.W-Int,AGDD,M10 AGDD,CV00,2,3,MNH1.2020,45,0.143495024198934,1.99128798327791
BGLR,M10.G.P.W-Int,AGDD,M10 AGDD,CV0,2,3,MNH1.2021,191,0.490311880247748,1.71620876562025
BGLR,M10.G.P.W-Int,AGDD,M10 AGDD,CV00,2,3,MNH1.2021,45,0.232144094136821,1.68348171644306
BGLR,M10.G.P.W-Int,AGDD,M10 AGDD,CV0,2,3,MOH1.2020,458,0.269048883233468,1.97283513880561
BGLR,M10.G.P.W-Int,AGDD,M10 AGDD,CV00,2,3,MOH1.2020,117,0.317848865638679,1.99836253222915
BGLR,M10.G.P.W-Int,AGDD,M10 AGDD,CV0,2,3,NEH1.2021,188,0.443878864470813,2.84404192087591
BGLR,M10.G.P.W-Int,AGDD,M10 AGDD,CV00,2,3,NEH1.2021,45,0.451917271206647,2.82273903342602
BGLR,M10.G.P.W-Int,AGDD,M10 AGDD,CV0,2,3,TXH1.2020,188,0.762810932110615,1.56787047514505
BGLR,M10.G.P.W-Int,AGDD,M10 AGDD,CV00,2,3,TXH1.2020,45,0.623833422634078,1.4666325895457
BGLR,M10.G.P.W-Int,AGDD,M10 AGDD,CV0,2,3,TXH1.2021,188,0.127225825189892,2.04139322819032
BGLR,M10.G.P.W-Int,AGDD,M10 AGDD,CV00,2,3,TXH1.2021,45,0.015709948588453,2.02927501160921
BGLR,M10.G.P.W-Int,AGDD,M10 AGDD,CV0,2,3,TXH2.2020,188,0.544629602925367,1.5523399569656
BGLR,M10.G.P.W-Int,AGDD,M10 AGDD,CV00,2,3,TXH2.2020,45,0.441126410986085,1.42759641358899
BGLR,M10.G.P.W-Int,AGDD,M10 AGDD,CV0,2,3,TXH2.2021,188,0.255373771824114,2.06195943669965
BGLR,M10.G.P.W-Int,AGDD,M10 AGDD,CV00,2,3,TXH2.2021,45,0.0373126116431384,1.73359023723539
BGLR,M10.G.P.W-Int,AGDD,M10 AGDD,CV0,2,3,TXH3.2020,191,-0.0605887406000964,1.75437859797818
BGLR,M10.G.P.W-Int,AGDD,M10 AGDD,CV00,2,3,TXH3.2020,45,-0.0325944889108887,1.60565704885858
BGLR,M10.G.P.W-Int,AGDD,M10 AGDD,CV0,2,3,TXH3.2021,188,0.493075082285312,4.91047658937965
BGLR,M10.G.P.W-Int,AGDD,M10 AGDD,CV00,2,3,TXH3.2021,45,0.450012870473496,4.9547942065889
BGLR,M10.G.P.W-Int,AGDD,M10 AGDD,CV0,2,3,WIH1.2020,186,0.574237607429014,1.80907903802677
BGLR,M10.G.P.W-Int,AGDD,M10 AGDD,CV00,2,3,WIH1.2020,45,0.319995089402882,1.63261898800341
BGLR,M10.G.P.W-Int,AGDD,M10 AGDD,CV0,2,3,WIH1.2021,188,0.385422594870103,3.35688690282102
BGLR,M10.G.P.W-Int,AGDD,M10 AGDD,CV00,2,3,WIH1.2021,45,0.251956467481728,3.49659649745769
BGLR,M10.G.P.W-Int,AGDD,M10 AGDD,CV0,2,3,WIH2.2020,520,-0.0236576034865131,5.02946805814171
BGLR,M10.G.P.W-Int,AGDD,M10 AGDD,CV00,2,3,WIH2.2020,133,-0.0432784973674079,5.24847890315863
BGLR,M10.G.P.W-Int,AGDD,M10 AGDD,CV0,2,3,WIH2.2021,522,0.441248149650126,2.97832379510262
BGLR,M10.G.P.W-Int,AGDD,M10 AGDD,CV00,2,3,WIH2.2021,133,0.32283175409345,3.08389766862246
BGLR,M10.G.P.W-Int,AGDD,M10 AGDD,CV0,2,3,WIH3.2020,189,0.257741140101697,2.47694861928152
BGLR,M10.G.P.W-Int,AGDD,M10 AGDD,CV00,2,3,WIH3.2020,45,0.111661249375455,2.22218245474807
BGLR,M10.G.P.W-Int,AGDD,M10 AGDD,CV0,2,3,WIH3.2021,188,0.635902037542094,1.50765519059119
BGLR,M10.G.P.W-Int,AGDD,M10 AGDD,CV00,2,3,WIH3.2021,45,0.264240271473254,1.71235834629284
BGLR,M10.G.P.W-Int,AGDD,M10 AGDD,CV0,2,4,DEH1.2020,522,0.691566391603111,1.74490144799914
BGLR,M10.G.P.W-Int,AGDD,M10 AGDD,CV00,2,4,DEH1.2020,133,0.680518888585288,1.70587322262512
BGLR,M10.G.P.W-Int,AGDD,M10 AGDD,CV0,2,4,IAH4.2021,514,0.442795567173232,1.5748351978712
BGLR,M10.G.P.W-Int,AGDD,M10 AGDD,CV00,2,4,IAH4.2021,131,0.501466984410124,1.43277823599711
BGLR,M10.G.P.W-Int,AGDD,M10 AGDD,CV0,2,4,MIH1.2020,188,0.463969582228478,3.33207298107342
BGLR,M10.G.P.W-Int,AGDD,M10 AGDD,CV00,2,4,MIH1.2020,46,0.390527855207212,3.40593664100271
BGLR,M10.G.P.W-Int,AGDD,M10 AGDD,CV0,2,4,MNH1.2020,185,0.540528460698721,1.7311253611674
BGLR,M10.G.P.W-Int,AGDD,M10 AGDD,CV00,2,4,MNH1.2020,46,0.535585872673285,1.55403843991997
BGLR,M10.G.P.W-Int,AGDD,M10 AGDD,CV0,2,4,MNH1.2021,189,0.475426824460279,1.72134805608155
BGLR,M10.G.P.W-Int,AGDD,M10 AGDD,CV00,2,4,MNH1.2021,47,0.258760098819117,1.61618663712217
BGLR,M10.G.P.W-Int,AGDD,M10 AGDD,CV0,2,4,MOH1.2020,463,0.318841744700125,1.94780193227085
BGLR,M10.G.P.W-Int,AGDD,M10 AGDD,CV00,2,4,MOH1.2020,112,0.102641049543074,2.15306171539678
BGLR,M10.G.P.W-Int,AGDD,M10 AGDD,CV0,2,4,NEH1.2021,186,0.471805629099186,2.87631066314662
BGLR,M10.G.P.W-Int,AGDD,M10 AGDD,CV00,2,4,NEH1.2021,47,0.403235809948815,2.63459812129124
BGLR,M10.G.P.W-Int,AGDD,M10 AGDD,CV0,2,4,TXH1.2020,186,0.745818206371024,1.58933428925286
BGLR,M10.G.P.W-Int,AGDD,M10 AGDD,CV00,2,4,TXH1.2020,47,0.66354190463732,1.47628221528303
BGLR,M10.G.P.W-Int,AGDD,M10 AGDD,CV0,2,4,TXH1.2021,186,0.140592189842415,2.0629877278984
BGLR,M10.G.P.W-Int,AGDD,M10 AGDD,CV00,2,4,TXH1.2021,47,-0.0464263289745422,1.86768020509995
BGLR,M10.G.P.W-Int,AGDD,M10 AGDD,CV0,2,4,TXH2.2020,186,0.569545469436706,1.48298774980972
BGLR,M10.G.P.W-Int,AGDD,M10 AGDD,CV00,2,4,TXH2.2020,47,0.425221885130944,1.65204126451807
BGLR,M10.G.P.W-Int,AGDD,M10 AGDD,CV0,2,4,TXH2.2021,186,0.302372224455075,1.95802133310689
BGLR,M10.G.P.W-Int,AGDD,M10 AGDD,CV00,2,4,TXH2.2021,47,0.01472212375177,2.07736925920831
BGLR,M10.G.P.W-Int,AGDD,M10 AGDD,CV0,2,4,TXH3.2020,189,-0.0560174810644052,1.66614673912721
BGLR,M10.G.P.W-Int,AGDD,M10 AGDD,CV00,2,4,TXH3.2020,47,-0.191078083074338,1.95789926929915
BGLR,M10.G.P.W-Int,AGDD,M10 AGDD,CV0,2,4,TXH3.2021,186,0.492833636472953,4.9878672298123
BGLR,M10.G.P.W-Int,AGDD,M10 AGDD,CV00,2,4,TXH3.2021,47,0.53298639503045,4.6516085847297
BGLR,M10.G.P.W-Int,AGDD,M10 AGDD,CV0,2,4,WIH1.2020,185,0.598745252321239,1.68391244819148
BGLR,M10.G.P.W-Int,AGDD,M10 AGDD,CV00,2,4,WIH1.2020,46,0.383407412293964,2.08822005696609
BGLR,M10.G.P.W-Int,AGDD,M10 AGDD,CV0,2,4,WIH1.2021,186,0.390126305163196,3.37572684824329
BGLR,M10.G.P.W-Int,AGDD,M10 AGDD,CV00,2,4,WIH1.2021,47,0.260595653472484,3.41843955887364
BGLR,M10.G.P.W-Int,AGDD,M10 AGDD,CV0,2,4,WIH2.2020,520,-0.0386703710690825,5.16732227781495
BGLR,M10.G.P.W-Int,AGDD,M10 AGDD,CV00,2,4,WIH2.2020,133,-0.0433210478259619,4.85862446893223
BGLR,M10.G.P.W-Int,AGDD,M10 AGDD,CV0,2,4,WIH2.2021,525,0.391724124035115,3.02352037137395
BGLR,M10.G.P.W-Int,AGDD,M10 AGDD,CV00,2,4,WIH2.2021,130,0.404460689540066,3.00852435964002
BGLR,M10.G.P.W-Int,AGDD,M10 AGDD,CV0,2,4,WIH3.2020,188,0.27433190067336,2.44186909716393
BGLR,M10.G.P.W-Int,AGDD,M10 AGDD,CV00,2,4,WIH3.2020,46,0.121512804834941,2.35330301177755
BGLR,M10.G.P.W-Int,AGDD,M10 AGDD,CV0,2,4,WIH3.2021,186,0.602340005146024,1.49223817336058
BGLR,M10.G.P.W-Int,AGDD,M10 AGDD,CV00,2,4,WIH3.2021,47,0.577721591497861,1.70263797119982
BGLR,M10.G.P.W-Int,AGDD,M10 AGDD,CV0,2,5,DEH1.2020,529,0.69094833382318,1.72067239222604
BGLR,M10.G.P.W-Int,AGDD,M10 AGDD,CV00,2,5,DEH1.2020,126,0.709034325854726,1.79001750270974
BGLR,M10.G.P.W-Int,AGDD,M10 AGDD,CV0,2,5,IAH4.2021,521,0.490938620577331,1.4491710085737
BGLR,M10.G.P.W-Int,AGDD,M10 AGDD,CV00,2,5,IAH4.2021,124,0.341243194813295,1.87912858598541
BGLR,M10.G.P.W-Int,AGDD,M10 AGDD,CV0,2,5,MIH1.2020,183,0.447546087451297,3.35350250185355
BGLR,M10.G.P.W-Int,AGDD,M10 AGDD,CV00,2,5,MIH1.2020,51,0.309671817319092,3.32426213178715
BGLR,M10.G.P.W-Int,AGDD,M10 AGDD,CV0,2,5,MNH1.2020,183,0.411418094691173,1.73475336557604
BGLR,M10.G.P.W-Int,AGDD,M10 AGDD,CV00,2,5,MNH1.2020,48,0.761276135957772,1.6647615627481
BGLR,M10.G.P.W-Int,AGDD,M10 AGDD,CV0,2,5,MNH1.2021,184,0.458440096976683,1.61508953859221
BGLR,M10.G.P.W-Int,AGDD,M10 AGDD,CV00,2,5,MNH1.2021,52,0.430894483982998,2.00784100908467
BGLR,M10.G.P.W-Int,AGDD,M10 AGDD,CV0,2,5,MOH1.2020,464,0.274673914686329,2.02976045220143
BGLR,M10.G.P.W-Int,AGDD,M10 AGDD,CV00,2,5,MOH1.2020,111,0.248803515218903,1.83086413717706
BGLR,M10.G.P.W-Int,AGDD,M10 AGDD,CV0,2,5,NEH1.2021,184,0.504084148842058,2.82965906445556
BGLR,M10.G.P.W-Int,AGDD,M10 AGDD,CV00,2,5,NEH1.2021,49,0.358593821858341,2.81510778664704
BGLR,M10.G.P.W-Int,AGDD,M10 AGDD,CV0,2,5,TXH1.2020,184,0.678040760972075,1.55108352643474
BGLR,M10.G.P.W-Int,AGDD,M10 AGDD,CV00,2,5,TXH1.2020,49,0.825176798299121,1.58677871187706
BGLR,M10.G.P.W-Int,AGDD,M10 AGDD,CV0,2,5,TXH1.2021,184,0.154577858276496,2.02431589091623
BGLR,M10.G.P.W-Int,AGDD,M10 AGDD,CV00,2,5,TXH1.2021,49,-0.0191670541776044,1.97180392365099
BGLR,M10.G.P.W-Int,AGDD,M10 AGDD,CV0,2,5,TXH2.2020,184,0.49439226051797,1.60502024284333
BGLR,M10.G.P.W-Int,AGDD,M10 AGDD,CV00,2,5,TXH2.2020,49,0.596611155242764,1.2913993242538
BGLR,M10.G.P.W-Int,AGDD,M10 AGDD,CV0,2,5,TXH2.2021,184,0.170328618595348,2.00569674296145
BGLR,M10.G.P.W-Int,AGDD,M10 AGDD,CV00,2,5,TXH2.2021,49,0.3493138534824,1.93649248850299
BGLR,M10.G.P.W-Int,AGDD,M10 AGDD,CV0,2,5,TXH3.2020,184,-0.0602518842464554,1.73142009401883
BGLR,M10.G.P.W-Int,AGDD,M10 AGDD,CV00,2,5,TXH3.2020,52,-0.0591186341623028,1.6846828945801
BGLR,M10.G.P.W-Int,AGDD,M10 AGDD,CV0,2,5,TXH3.2021,184,0.525516457494171,4.86893166671607
BGLR,M10.G.P.W-Int,AGDD,M10 AGDD,CV00,2,5,TXH3.2021,49,0.420483533861005,5.14939836756182
BGLR,M10.G.P.W-Int,AGDD,M10 AGDD,CV0,2,5,WIH1.2020,183,0.522729999993435,1.71738140949775
BGLR,M10.G.P.W-Int,AGDD,M10 AGDD,CV00,2,5,WIH1.2020,48,0.632946149657248,1.97765585858518
BGLR,M10.G.P.W-Int,AGDD,M10 AGDD,CV0,2,5,WIH1.2021,184,0.407219503523339,3.25575652500413
BGLR,M10.G.P.W-Int,AGDD,M10 AGDD,CV00,2,5,WIH1.2021,49,0.391136554377791,3.78345154746789
BGLR,M10.G.P.W-Int,AGDD,M10 AGDD,CV0,2,5,WIH2.2020,528,-0.0106574221588319,5.27256559177534
BGLR,M10.G.P.W-Int,AGDD,M10 AGDD,CV00,2,5,WIH2.2020,125,-0.077744634668674,5.0001799691927
BGLR,M10.G.P.W-Int,AGDD,M10 AGDD,CV0,2,5,WIH2.2021,528,0.395588130261922,3.01904725854233
BGLR,M10.G.P.W-Int,AGDD,M10 AGDD,CV00,2,5,WIH2.2021,127,0.493323046846176,2.94550419078281
BGLR,M10.G.P.W-Int,AGDD,M10 AGDD,CV0,2,5,WIH3.2020,183,0.261561126934863,2.34271674042637
BGLR,M10.G.P.W-Int,AGDD,M10 AGDD,CV00,2,5,WIH3.2020,51,0.134698973748468,2.77541387873301
BGLR,M10.G.P.W-Int,AGDD,M10 AGDD,CV0,2,5,WIH3.2021,184,0.547369616703927,1.58392117827037
BGLR,M10.G.P.W-Int,AGDD,M10 AGDD,CV00,2,5,WIH3.2021,49,0.564073695332474,1.57145356202636
BGLR,M10.G.P.W-Int,AGDD,M10 AGDD,CV0,3,1,DEH1.2020,525,0.674830781546482,1.76800444169603
BGLR,M10.G.P.W-Int,AGDD,M10 AGDD,CV00,3,1,DEH1.2020,130,0.740335815322742,1.65130789427272
BGLR,M10.G.P.W-Int,AGDD,M10 AGDD,CV0,3,1,IAH4.2021,516,0.435816962607515,1.54273033175934
BGLR,M10.G.P.W-Int,AGDD,M10 AGDD,CV00,3,1,IAH4.2021,129,0.540997186365487,1.48828922555633
BGLR,M10.G.P.W-Int,AGDD,M10 AGDD,CV0,3,1,MIH1.2020,187,0.431957626257368,3.34912296378546
BGLR,M10.G.P.W-Int,AGDD,M10 AGDD,CV00,3,1,MIH1.2020,47,0.442677741432063,3.37784210933873
BGLR,M10.G.P.W-Int,AGDD,M10 AGDD,CV0,3,1,MNH1.2020,184,0.552900754182595,1.65334345501383
BGLR,M10.G.P.W-Int,AGDD,M10 AGDD,CV00,3,1,MNH1.2020,47,0.405957807195389,1.94775069152453
BGLR,M10.G.P.W-Int,AGDD,M10 AGDD,CV0,3,1,MNH1.2021,189,0.403672349986095,1.73283223664374
BGLR,M10.G.P.W-Int,AGDD,M10 AGDD,CV00,3,1,MNH1.2021,47,0.491927263939842,1.66141428170218
BGLR,M10.G.P.W-Int,AGDD,M10 AGDD,CV0,3,1,MOH1.2020,456,0.279923986910336,1.98536773038679
BGLR,M10.G.P.W-Int,AGDD,M10 AGDD,CV00,3,1,MOH1.2020,119,0.210674232188022,1.96661795704133
BGLR,M10.G.P.W-Int,AGDD,M10 AGDD,CV0,3,1,NEH1.2021,186,0.44845688135132,2.8000204159731
BGLR,M10.G.P.W-Int,AGDD,M10 AGDD,CV00,3,1,NEH1.2021,47,0.443694488265575,3.04788582978101
BGLR,M10.G.P.W-Int,AGDD,M10 AGDD,CV0,3,1,TXH1.2020,186,0.696922765142338,1.57047249235135
BGLR,M10.G.P.W-Int,AGDD,M10 AGDD,CV00,3,1,TXH1.2020,47,0.815851226487863,1.59553262218674
BGLR,M10.G.P.W-Int,AGDD,M10 AGDD,CV0,3,1,TXH1.2021,186,0.0554311050108144,2.06334358130617
BGLR,M10.G.P.W-Int,AGDD,M10 AGDD,CV00,3,1,TXH1.2021,47,0.258686085642919,1.86851341784464
BGLR,M10.G.P.W-Int,AGDD,M10 AGDD,CV0,3,1,TXH2.2020,186,0.468258696857775,1.53218672959838
BGLR,M10.G.P.W-Int,AGDD,M10 AGDD,CV00,3,1,TXH2.2020,47,0.633830689901206,1.64852750362011
BGLR,M10.G.P.W-Int,AGDD,M10 AGDD,CV0,3,1,TXH2.2021,186,0.1669283945723,2.05633445674351
BGLR,M10.G.P.W-Int,AGDD,M10 AGDD,CV00,3,1,TXH2.2021,47,0.318788739615324,1.82332836960853
BGLR,M10.G.P.W-Int,AGDD,M10 AGDD,CV0,3,1,TXH3.2020,189,-0.0614369906857319,1.70584158881795
BGLR,M10.G.P.W-Int,AGDD,M10 AGDD,CV00,3,1,TXH3.2020,47,-0.107710880455275,1.69067139558099
BGLR,M10.G.P.W-Int,AGDD,M10 AGDD,CV0,3,1,TXH3.2021,186,0.526020444568562,4.88021829258889
BGLR,M10.G.P.W-Int,AGDD,M10 AGDD,CV00,3,1,TXH3.2021,47,0.423193530387838,5.07858624298839
BGLR,M10.G.P.W-Int,AGDD,M10 AGDD,CV0,3,1,WIH1.2020,184,0.530815554193134,1.7482964727374
BGLR,M10.G.P.W-Int,AGDD,M10 AGDD,CV00,3,1,WIH1.2020,47,0.610637169287738,1.93038034939535
BGLR,M10.G.P.W-Int,AGDD,M10 AGDD,CV0,3,1,WIH1.2021,186,0.385976457025557,3.31987834180781
BGLR,M10.G.P.W-Int,AGDD,M10 AGDD,CV00,3,1,WIH1.2021,47,0.334841171888321,3.57665121084496
BGLR,M10.G.P.W-Int,AGDD,M10 AGDD,CV0,3,1,WIH2.2020,524,-0.0224473245041953,5.02854790107865
BGLR,M10.G.P.W-Int,AGDD,M10 AGDD,CV00,3,1,WIH2.2020,129,-0.0834391292476539,5.4238318518426
BGLR,M10.G.P.W-Int,AGDD,M10 AGDD,CV0,3,1,WIH2.2021,525,0.433491693465236,2.96357756476419
BGLR,M10.G.P.W-Int,AGDD,M10 AGDD,CV00,3,1,WIH2.2021,130,0.29545725645906,3.09385138499661
BGLR,M10.G.P.W-Int,AGDD,M10 AGDD,CV0,3,1,WIH3.2020,187,0.235536632200485,2.37703719716165
BGLR,M10.G.P.W-Int,AGDD,M10 AGDD,CV00,3,1,WIH3.2020,47,0.126988755143776,2.76080719406307
BGLR,M10.G.P.W-Int,AGDD,M10 AGDD,CV0,3,1,WIH3.2021,186,0.532567084030367,1.57659662324621
BGLR,M10.G.P.W-Int,AGDD,M10 AGDD,CV00,3,1,WIH3.2021,47,0.654387084258506,1.63711754467045
BGLR,M10.G.P.W-Int,AGDD,M10 AGDD,CV0,3,2,DEH1.2020,521,0.690318171640856,1.73871264225714
BGLR,M10.G.P.W-Int,AGDD,M10 AGDD,CV00,3,2,DEH1.2020,134,0.673174455528266,1.795289015127
BGLR,M10.G.P.W-Int,AGDD,M10 AGDD,CV0,3,2,IAH4.2021,514,0.488868399336458,1.52433301391473
BGLR,M10.G.P.W-Int,AGDD,M10 AGDD,CV00,3,2,IAH4.2021,131,0.381472318359655,1.57139084598635
BGLR,M10.G.P.W-Int,AGDD,M10 AGDD,CV0,3,2,MIH1.2020,188,0.455114141839931,3.38615921418601
BGLR,M10.G.P.W-Int,AGDD,M10 AGDD,CV00,3,2,MIH1.2020,46,0.370982884310211,3.17178494191471
BGLR,M10.G.P.W-Int,AGDD,M10 AGDD,CV0,3,2,MNH1.2020,185,0.535624037141841,1.7442898309591
BGLR,M10.G.P.W-Int,AGDD,M10 AGDD,CV00,3,2,MNH1.2020,46,0.624753135219893,1.42106763914749
BGLR,M10.G.P.W-Int,AGDD,M10 AGDD,CV0,3,2,MNH1.2021,190,0.498920321848064,1.64161315542251
BGLR,M10.G.P.W-Int,AGDD,M10 AGDD,CV00,3,2,MNH1.2021,46,0.285133119329582,1.86504711398104
BGLR,M10.G.P.W-Int,AGDD,M10 AGDD,CV0,3,2,MOH1.2020,463,0.267656813778216,2.00742409302068
BGLR,M10.G.P.W-Int,AGDD,M10 AGDD,CV00,3,2,MOH1.2020,112,0.245042313665466,1.97229631880999
BGLR,M10.G.P.W-Int,AGDD,M10 AGDD,CV0,3,2,NEH1.2021,187,0.460569523766248,2.91425359699285
BGLR,M10.G.P.W-Int,AGDD,M10 AGDD,CV00,3,2,NEH1.2021,46,0.494360988323561,2.45470977106073
BGLR,M10.G.P.W-Int,AGDD,M10 AGDD,CV0,3,2,TXH1.2020,187,0.758065572609746,1.61150306416828
BGLR,M10.G.P.W-Int,AGDD,M10 AGDD,CV00,3,2,TXH1.2020,46,0.516115437128349,1.40141044505192
BGLR,M10.G.P.W-Int,AGDD,M10 AGDD,CV0,3,2,TXH1.2021,187,0.14783650534684,1.95255647826788
BGLR,M10.G.P.W-Int,AGDD,M10 AGDD,CV00,3,2,TXH1.2021,46,0.0420676548076485,2.21415956129217
BGLR,M10.G.P.W-Int,AGDD,M10 AGDD,CV0,3,2,TXH2.2020,187,0.553598090372521,1.51019269511567
BGLR,M10.G.P.W-Int,AGDD,M10 AGDD,CV00,3,2,TXH2.2020,46,0.430001971916111,1.57645295402611
BGLR,M10.G.P.W-Int,AGDD,M10 AGDD,CV0,3,2,TXH2.2021,187,0.18158589637427,2.03412813472856
BGLR,M10.G.P.W-Int,AGDD,M10 AGDD,CV00,3,2,TXH2.2021,46,0.414082093912431,1.83798423731311
BGLR,M10.G.P.W-Int,AGDD,M10 AGDD,CV0,3,2,TXH3.2020,190,-0.121215921002104,1.77958483370357
BGLR,M10.G.P.W-Int,AGDD,M10 AGDD,CV00,3,2,TXH3.2020,46,0.184439810396023,1.56222420012457
BGLR,M10.G.P.W-Int,AGDD,M10 AGDD,CV0,3,2,TXH3.2021,187,0.522269633302008,4.93576735787863
BGLR,M10.G.P.W-Int,AGDD,M10 AGDD,CV00,3,2,TXH3.2021,46,0.301410433057595,4.82276798682873
BGLR,M10.G.P.W-Int,AGDD,M10 AGDD,CV0,3,2,WIH1.2020,185,0.559677639272784,1.78584012233519
BGLR,M10.G.P.W-Int,AGDD,M10 AGDD,CV00,3,2,WIH1.2020,46,0.505840970708712,1.75237387650059
BGLR,M10.G.P.W-Int,AGDD,M10 AGDD,CV0,3,2,WIH1.2021,187,0.426903979470914,3.37414826728578
BGLR,M10.G.P.W-Int,AGDD,M10 AGDD,CV00,3,2,WIH1.2021,46,0.116604959670395,3.4087454722637
BGLR,M10.G.P.W-Int,AGDD,M10 AGDD,CV0,3,2,WIH2.2020,519,-0.0135104007785357,5.10708823620518
BGLR,M10.G.P.W-Int,AGDD,M10 AGDD,CV00,3,2,WIH2.2020,134,-0.0860564851839332,5.39586463821446
BGLR,M10.G.P.W-Int,AGDD,M10 AGDD,CV0,3,2,WIH2.2021,522,0.424366319626162,3.02475174171293
BGLR,M10.G.P.W-Int,AGDD,M10 AGDD,CV00,3,2,WIH2.2021,133,0.316941562368225,2.87786598981166
BGLR,M10.G.P.W-Int,AGDD,M10 AGDD,CV0,3,2,WIH3.2020,188,0.26604081513469,2.47844324653608
BGLR,M10.G.P.W-Int,AGDD,M10 AGDD,CV00,3,2,WIH3.2020,46,0.142441768043042,2.25785310845022
BGLR,M10.G.P.W-Int,AGDD,M10 AGDD,CV0,3,2,WIH3.2021,187,0.61295288536779,1.52714469155946
BGLR,M10.G.P.W-Int,AGDD,M10 AGDD,CV00,3,2,WIH3.2021,46,0.402253296941938,1.63380637441062
BGLR,M10.G.P.W-Int,AGDD,M10 AGDD,CV0,3,3,DEH1.2020,522,0.694913910486178,1.77447116192539
BGLR,M10.G.P.W-Int,AGDD,M10 AGDD,CV00,3,3,DEH1.2020,133,0.648448933072582,1.6636746836451
BGLR,M10.G.P.W-Int,AGDD,M10 AGDD,CV0,3,3,IAH4.2021,514,0.4623689028195,1.55208206341597
BGLR,M10.G.P.W-Int,AGDD,M10 AGDD,CV00,3,3,IAH4.2021,131,0.456347847277422,1.45511122730306
BGLR,M10.G.P.W-Int,AGDD,M10 AGDD,CV0,3,3,MIH1.2020,188,0.436060006870154,3.38076889437
BGLR,M10.G.P.W-Int,AGDD,M10 AGDD,CV00,3,3,MIH1.2020,46,0.498355700769392,3.23317844583257
BGLR,M10.G.P.W-Int,AGDD,M10 AGDD,CV0,3,3,MNH1.2020,185,0.573451069037741,1.75312564187947
BGLR,M10.G.P.W-Int,AGDD,M10 AGDD,CV00,3,3,MNH1.2020,46,0.276082962907574,1.51211990770576
BGLR,M10.G.P.W-Int,AGDD,M10 AGDD,CV0,3,3,MNH1.2021,189,0.483985702308287,1.6894808861929
BGLR,M10.G.P.W-Int,AGDD,M10 AGDD,CV00,3,3,MNH1.2021,47,0.278625439584918,1.69227282057668
BGLR,M10.G.P.W-Int,AGDD,M10 AGDD,CV0,3,3,MOH1.2020,460,0.280206048241299,1.98212271324323
BGLR,M10.G.P.W-Int,AGDD,M10 AGDD,CV00,3,3,MOH1.2020,115,0.234229948828367,2.06242715062106
BGLR,M10.G.P.W-Int,AGDD,M10 AGDD,CV0,3,3,NEH1.2021,186,0.437486483704975,2.81497729341945
BGLR,M10.G.P.W-Int,AGDD,M10 AGDD,CV00,3,3,NEH1.2021,47,0.582371255141925,2.86749497721684
BGLR,M10.G.P.W-Int,AGDD,M10 AGDD,CV0,3,3,TXH1.2020,186,0.706829757137785,1.60354897136825
BGLR,M10.G.P.W-Int,AGDD,M10 AGDD,CV00,3,3,TXH1.2020,47,0.818442034553586,1.46440176099591
BGLR,M10.G.P.W-Int,AGDD,M10 AGDD,CV0,3,3,TXH1.2021,186,0.184179570745072,1.93827183411185
BGLR,M10.G.P.W-Int,AGDD,M10 AGDD,CV00,3,3,TXH1.2021,47,-0.121818484668929,2.32778573277134
BGLR,M10.G.P.W-Int,AGDD,M10 AGDD,CV0,3,3,TXH2.2020,186,0.541055981120446,1.52963876852496
BGLR,M10.G.P.W-Int,AGDD,M10 AGDD,CV00,3,3,TXH2.2020,47,0.4399732518177,1.48013144889001
BGLR,M10.G.P.W-Int,AGDD,M10 AGDD,CV0,3,3,TXH2.2021,186,0.250106291573167,2.02230397686389
BGLR,M10.G.P.W-Int,AGDD,M10 AGDD,CV00,3,3,TXH2.2021,47,0.220843065759639,1.87435226118942
BGLR,M10.G.P.W-Int,AGDD,M10 AGDD,CV0,3,3,TXH3.2020,189,-0.0634719248118525,1.7224330669353
BGLR,M10.G.P.W-Int,AGDD,M10 AGDD,CV00,3,3,TXH3.2020,47,-0.113562388460205,1.82765011186807
BGLR,M10.G.P.W-Int,AGDD,M10 AGDD,CV0,3,3,TXH3.2021,186,0.511323514919726,4.90513365534107
BGLR,M10.G.P.W-Int,AGDD,M10 AGDD,CV00,3,3,TXH3.2021,47,0.519736263929311,4.88184201099736
BGLR,M10.G.P.W-Int,AGDD,M10 AGDD,CV0,3,3,WIH1.2020,185,0.575737521120404,1.78393876272314
BGLR,M10.G.P.W-Int,AGDD,M10 AGDD,CV00,3,3,WIH1.2020,46,0.335546207213605,1.76959818967328
BGLR,M10.G.P.W-Int,AGDD,M10 AGDD,CV0,3,3,WIH1.2021,186,0.359238462667546,3.44109928974939
BGLR,M10.G.P.W-Int,AGDD,M10 AGDD,CV00,3,3,WIH1.2021,47,0.478079147643143,3.11309553556328
BGLR,M10.G.P.W-Int,AGDD,M10 AGDD,CV0,3,3,WIH2.2020,519,-0.024700402858657,5.14119394670405
BGLR,M10.G.P.W-Int,AGDD,M10 AGDD,CV00,3,3,WIH2.2020,134,-0.0698965908634157,4.78789154004085
BGLR,M10.G.P.W-Int,AGDD,M10 AGDD,CV0,3,3,WIH2.2021,522,0.418263253575795,3.04383865634499
BGLR,M10.G.P.W-Int,AGDD,M10 AGDD,CV00,3,3,WIH2.2021,133,0.413855699790755,2.84806220107801
BGLR,M10.G.P.W-Int,AGDD,M10 AGDD,CV0,3,3,WIH3.2020,188,0.2430253955082,2.49703737915967
BGLR,M10.G.P.W-Int,AGDD,M10 AGDD,CV00,3,3,WIH3.2020,46,0.420116289398123,2.00003456315814
BGLR,M10.G.P.W-Int,AGDD,M10 AGDD,CV0,3,3,WIH3.2021,186,0.592769985399019,1.54815323104465
BGLR,M10.G.P.W-Int,AGDD,M10 AGDD,CV00,3,3,WIH3.2021,47,0.556155309229668,1.54846360570776
BGLR,M10.G.P.W-Int,AGDD,M10 AGDD,CV0,3,4,DEH1.2020,521,0.685097975646964,1.71478337478705
BGLR,M10.G.P.W-Int,AGDD,M10 AGDD,CV00,3,4,DEH1.2020,134,0.665106051128659,1.85128198964392
BGLR,M10.G.P.W-Int,AGDD,M10 AGDD,CV0,3,4,IAH4.2021,512,0.458144738189424,1.53728470416025
BGLR,M10.G.P.W-Int,AGDD,M10 AGDD,CV00,3,4,IAH4.2021,133,0.428554979396708,1.61462263901033
BGLR,M10.G.P.W-Int,AGDD,M10 AGDD,CV0,3,4,MIH1.2020,185,0.419596129883176,3.34351281516556
BGLR,M10.G.P.W-Int,AGDD,M10 AGDD,CV00,3,4,MIH1.2020,49,0.44427543622727,3.35185291241937
BGLR,M10.G.P.W-Int,AGDD,M10 AGDD,CV0,3,4,MNH1.2020,184,0.529887187216205,1.75837916257488
BGLR,M10.G.P.W-Int,AGDD,M10 AGDD,CV00,3,4,MNH1.2020,47,0.55897556281659,1.54314250474471
BGLR,M10.G.P.W-Int,AGDD,M10 AGDD,CV0,3,4,MNH1.2021,186,0.454977991211379,1.70251450431016
BGLR,M10.G.P.W-Int,AGDD,M10 AGDD,CV00,3,4,MNH1.2021,50,0.401802386395086,1.73163009500372
BGLR,M10.G.P.W-Int,AGDD,M10 AGDD,CV0,3,4,MOH1.2020,455,0.28041710427279,1.99608294425626
BGLR,M10.G.P.W-Int,AGDD,M10 AGDD,CV00,3,4,MOH1.2020,120,0.308272265234313,1.86551273849398
BGLR,M10.G.P.W-Int,AGDD,M10 AGDD,CV0,3,4,NEH1.2021,185,0.523619738937193,2.73144171651746
BGLR,M10.G.P.W-Int,AGDD,M10 AGDD,CV00,3,4,NEH1.2021,48,0.154661712546444,3.19189949280892
BGLR,M10.G.P.W-Int,AGDD,M10 AGDD,CV0,3,4,TXH1.2020,185,0.705913566981428,1.52763555160045
BGLR,M10.G.P.W-Int,AGDD,M10 AGDD,CV00,3,4,TXH1.2020,48,0.799740726413092,1.67354421132268
BGLR,M10.G.P.W-Int,AGDD,M10 AGDD,CV0,3,4,TXH1.2021,185,0.117350165550287,2.08020296295941
BGLR,M10.G.P.W-Int,AGDD,M10 AGDD,CV00,3,4,TXH1.2021,48,0.127415536331994,1.86795136776755
BGLR,M10.G.P.W-Int,AGDD,M10 AGDD,CV0,3,4,TXH2.2020,185,0.509017454815872,1.5772513254079
BGLR,M10.G.P.W-Int,AGDD,M10 AGDD,CV00,3,4,TXH2.2020,48,0.730385455539438,1.24038599528449
BGLR,M10.G.P.W-Int,AGDD,M10 AGDD,CV0,3,4,TXH2.2021,185,0.252812752915228,1.95551201550033
BGLR,M10.G.P.W-Int,AGDD,M10 AGDD,CV00,3,4,TXH2.2021,48,0.224191069049777,2.13458041093743
BGLR,M10.G.P.W-Int,AGDD,M10 AGDD,CV0,3,4,TXH3.2020,186,-0.0230819718592862,1.66680007168979
BGLR,M10.G.P.W-Int,AGDD,M10 AGDD,CV00,3,4,TXH3.2020,50,-0.183904145974542,1.85681387458273
BGLR,M10.G.P.W-Int,AGDD,M10 AGDD,CV0,3,4,TXH3.2021,185,0.455346904956805,4.91281875398896
BGLR,M10.G.P.W-Int,AGDD,M10 AGDD,CV00,3,4,TXH3.2021,48,0.601963368849106,4.93349081505432
BGLR,M10.G.P.W-Int,AGDD,M10 AGDD,CV0,3,4,WIH1.2020,184,0.528301989558081,1.7771926017579
BGLR,M10.G.P.W-Int,AGDD,M10 AGDD,CV00,3,4,WIH1.2020,47,0.617503687497583,1.80681475264341
BGLR,M10.G.P.W-Int,AGDD,M10 AGDD,CV0,3,4,WIH1.2021,185,0.332242203764421,3.3279277447748
BGLR,M10.G.P.W-Int,AGDD,M10 AGDD,CV00,3,4,WIH1.2021,48,0.525199109848534,3.57562063927337
BGLR,M10.G.P.W-Int,AGDD,M10 AGDD,CV0,3,4,WIH2.2020,521,-0.019518780268095,5.15549421390622
BGLR,M10.G.P.W-Int,AGDD,M10 AGDD,CV00,3,4,WIH2.2020,132,-0.0553734922710667,5.06870436271931
BGLR,M10.G.P.W-Int,AGDD,M10 AGDD,CV0,3,4,WIH2.2021,522,0.440480820519193,2.97229206984964
BGLR,M10.G.P.W-Int,AGDD,M10 AGDD,CV00,3,4,WIH2.2021,133,0.318580119383796,3.15489589320736
BGLR,M10.G.P.W-Int,AGDD,M10 AGDD,CV0,3,4,WIH3.2020,185,0.27716752909246,2.36458616593838
BGLR,M10.G.P.W-Int,AGDD,M10 AGDD,CV00,3,4,WIH3.2020,49,0.188768811278916,2.56681306673549
BGLR,M10.G.P.W-Int,AGDD,M10 AGDD,CV0,3,4,WIH3.2021,185,0.590089470953049,1.54378233821021
BGLR,M10.G.P.W-Int,AGDD,M10 AGDD,CV00,3,4,WIH3.2021,48,0.550637654870655,1.57850868238233
BGLR,M10.G.P.W-Int,AGDD,M10 AGDD,CV0,3,5,DEH1.2020,531,0.692724560973983,1.729587757714
BGLR,M10.G.P.W-Int,AGDD,M10 AGDD,CV00,3,5,DEH1.2020,124,0.674677746769416,1.83875743424796
BGLR,M10.G.P.W-Int,AGDD,M10 AGDD,CV0,3,5,IAH4.2021,524,0.484221321399005,1.48778835566573
BGLR,M10.G.P.W-Int,AGDD,M10 AGDD,CV00,3,5,IAH4.2021,121,0.394559676396083,1.68222164901318
BGLR,M10.G.P.W-Int,AGDD,M10 AGDD,CV0,3,5,MIH1.2020,188,0.490346001797384,3.29489501836462
BGLR,M10.G.P.W-Int,AGDD,M10 AGDD,CV00,3,5,MIH1.2020,46,0.31359119152625,3.56681787084785
BGLR,M10.G.P.W-Int,AGDD,M10 AGDD,CV0,3,5,MNH1.2020,186,0.495884816960603,1.62957331458334
BGLR,M10.G.P.W-Int,AGDD,M10 AGDD,CV00,3,5,MNH1.2020,45,0.694630164503948,1.95917956183339
BGLR,M10.G.P.W-Int,AGDD,M10 AGDD,CV0,3,5,MNH1.2021,190,0.414812723520432,1.72259710223179
BGLR,M10.G.P.W-Int,AGDD,M10 AGDD,CV00,3,5,MNH1.2021,46,0.510825001172234,1.69940877032551
BGLR,M10.G.P.W-Int,AGDD,M10 AGDD,CV0,3,5,MOH1.2020,466,0.267188721275655,1.97081081145684
BGLR,M10.G.P.W-Int,AGDD,M10 AGDD,CV00,3,5,MOH1.2020,109,0.28114962172548,2.04383381310935
BGLR,M10.G.P.W-Int,AGDD,M10 AGDD,CV0,3,5,NEH1.2021,188,0.461204715399704,2.86252359018642
BGLR,M10.G.P.W-Int,AGDD,M10 AGDD,CV00,3,5,NEH1.2021,45,0.458689196157524,2.72209033226604
BGLR,M10.G.P.W-Int,AGDD,M10 AGDD,CV0,3,5,TXH1.2020,188,0.75707471017129,1.52354172286565
BGLR,M10.G.P.W-Int,AGDD,M10 AGDD,CV00,3,5,TXH1.2020,45,0.606685215234194,1.64047285786517
BGLR,M10.G.P.W-Int,AGDD,M10 AGDD,CV0,3,5,TXH1.2021,188,0.110197347306941,2.07619715433828
BGLR,M10.G.P.W-Int,AGDD,M10 AGDD,CV00,3,5,TXH1.2021,45,0.226943315687632,1.7062890065514
BGLR,M10.G.P.W-Int,AGDD,M10 AGDD,CV0,3,5,TXH2.2020,188,0.594380635416903,1.46922579704128
BGLR,M10.G.P.W-Int,AGDD,M10 AGDD,CV00,3,5,TXH2.2020,45,0.230181750766163,1.84427784099777
BGLR,M10.G.P.W-Int,AGDD,M10 AGDD,CV0,3,5,TXH2.2021,188,0.318766253313372,1.89720457016265
BGLR,M10.G.P.W-Int,AGDD,M10 AGDD,CV00,3,5,TXH2.2021,45,-0.0890597694248193,2.32817099197444
BGLR,M10.G.P.W-Int,AGDD,M10 AGDD,CV0,3,5,TXH3.2020,190,-0.0657740782890526,1.75598108615208
BGLR,M10.G.P.W-Int,AGDD,M10 AGDD,CV00,3,5,TXH3.2020,46,-0.0746779829836878,1.59498018169402
BGLR,M10.G.P.W-Int,AGDD,M10 AGDD,CV0,3,5,TXH3.2021,188,0.501148333730742,4.97816269891672
BGLR,M10.G.P.W-Int,AGDD,M10 AGDD,CV00,3,5,TXH3.2021,45,0.427116859671105,4.7912679921295
BGLR,M10.G.P.W-Int,AGDD,M10 AGDD,CV0,3,5,WIH1.2020,186,0.573442123481277,1.75463445995593
BGLR,M10.G.P.W-Int,AGDD,M10 AGDD,CV00,3,5,WIH1.2020,45,0.353963843741263,1.99268444359601
BGLR,M10.G.P.W-Int,AGDD,M10 AGDD,CV0,3,5,WIH1.2021,188,0.426561436997062,3.3949905280463
BGLR,M10.G.P.W-Int,AGDD,M10 AGDD,CV00,3,5,WIH1.2021,45,0.158483358223313,3.28188078360761
BGLR,M10.G.P.W-Int,AGDD,M10 AGDD,CV0,3,5,WIH2.2020,529,-0.0349555468604644,5.16114838572703
BGLR,M10.G.P.W-Int,AGDD,M10 AGDD,CV00,3,5,WIH2.2020,124,-0.00445541572697092,4.81623983292417
BGLR,M10.G.P.W-Int,AGDD,M10 AGDD,CV0,3,5,WIH2.2021,529,0.377627347960471,2.96858771507693
BGLR,M10.G.P.W-Int,AGDD,M10 AGDD,CV00,3,5,WIH2.2021,126,0.520592855707986,3.17133224022061
BGLR,M10.G.P.W-Int,AGDD,M10 AGDD,CV0,3,5,WIH3.2020,188,0.234335373781721,2.41039368753484
BGLR,M10.G.P.W-Int,AGDD,M10 AGDD,CV00,3,5,WIH3.2020,46,0.228416766507653,2.58808536752567
BGLR,M10.G.P.W-Int,AGDD,M10 AGDD,CV0,3,5,WIH3.2021,188,0.58916007813747,1.5565485697182
BGLR,M10.G.P.W-Int,AGDD,M10 AGDD,CV00,3,5,WIH3.2021,45,0.478691176909131,1.61814896346858
BGLR,M10.G.P.W-Int,AGDD,M10 AGDD,CV0,4,1,DEH1.2020,521,0.680010615190208,1.74972037087282
BGLR,M10.G.P.W-Int,AGDD,M10 AGDD,CV00,4,1,DEH1.2020,134,0.685821579591676,1.7561825337423
BGLR,M10.G.P.W-Int,AGDD,M10 AGDD,CV0,4,1,IAH4.2021,513,0.471226618875418,1.49144315979315
BGLR,M10.G.P.W-Int,AGDD,M10 AGDD,CV00,4,1,IAH4.2021,132,0.435466115230528,1.68381936464224
BGLR,M10.G.P.W-Int,AGDD,M10 AGDD,CV0,4,1,MIH1.2020,185,0.493408344772734,3.37042851219506
BGLR,M10.G.P.W-Int,AGDD,M10 AGDD,CV00,4,1,MIH1.2020,49,0.247200330143228,3.26342572128638
BGLR,M10.G.P.W-Int,AGDD,M10 AGDD,CV0,4,1,MNH1.2020,184,0.547000120035457,1.73791715443615
BGLR,M10.G.P.W-Int,AGDD,M10 AGDD,CV00,4,1,MNH1.2020,47,0.505737473661537,1.59513185196997
BGLR,M10.G.P.W-Int,AGDD,M10 AGDD,CV0,4,1,MNH1.2021,186,0.432040515098835,1.71515523688975
BGLR,M10.G.P.W-Int,AGDD,M10 AGDD,CV00,4,1,MNH1.2021,50,0.405008038875298,1.70913648291985
BGLR,M10.G.P.W-Int,AGDD,M10 AGDD,CV0,4,1,MOH1.2020,458,0.265240113235926,1.97751425841949
BGLR,M10.G.P.W-Int,AGDD,M10 AGDD,CV00,4,1,MOH1.2020,117,0.287231508251454,1.99395434823414
BGLR,M10.G.P.W-Int,AGDD,M10 AGDD,CV0,4,1,NEH1.2021,185,0.495560646117382,2.81528561741219
BGLR,M10.G.P.W-Int,AGDD,M10 AGDD,CV00,4,1,NEH1.2021,48,0.320613006416902,2.88034605713984
BGLR,M10.G.P.W-Int,AGDD,M10 AGDD,CV0,4,1,TXH1.2020,185,0.711716078227334,1.5474522663058
BGLR,M10.G.P.W-Int,AGDD,M10 AGDD,CV00,4,1,TXH1.2020,48,0.706313083627368,1.79559662541462
BGLR,M10.G.P.W-Int,AGDD,M10 AGDD,CV0,4,1,TXH1.2021,185,0.0534906464076852,2.06348171902008
BGLR,M10.G.P.W-Int,AGDD,M10 AGDD,CV00,4,1,TXH1.2021,48,0.339136518912844,1.91502384967185
BGLR,M10.G.P.W-Int,AGDD,M10 AGDD,CV0,4,1,TXH2.2020,185,0.448428087600696,1.59463509282521
BGLR,M10.G.P.W-Int,AGDD,M10 AGDD,CV00,4,1,TXH2.2020,48,0.761082977952155,1.18205244596239
BGLR,M10.G.P.W-Int,AGDD,M10 AGDD,CV0,4,1,TXH2.2021,185,0.214713651996767,2.02100864501318
BGLR,M10.G.P.W-Int,AGDD,M10 AGDD,CV00,4,1,TXH2.2021,48,0.316258275525785,1.90784396457779
BGLR,M10.G.P.W-Int,AGDD,M10 AGDD,CV0,4,1,TXH3.2020,186,-0.103696182245114,1.71916069005588
BGLR,M10.G.P.W-Int,AGDD,M10 AGDD,CV00,4,1,TXH3.2020,50,0.0191910640194585,1.76321562985946
BGLR,M10.G.P.W-Int,AGDD,M10 AGDD,CV0,4,1,TXH3.2021,185,0.472486751631261,4.98006569394054
BGLR,M10.G.P.W-Int,AGDD,M10 AGDD,CV00,4,1,TXH3.2021,48,0.615705676447175,4.59841762985941
BGLR,M10.G.P.W-Int,AGDD,M10 AGDD,CV0,4,1,WIH1.2020,184,0.580374289621063,1.80730151094836
BGLR,M10.G.P.W-Int,AGDD,M10 AGDD,CV00,4,1,WIH1.2020,47,0.331035382449482,1.67717112187566
BGLR,M10.G.P.W-Int,AGDD,M10 AGDD,CV0,4,1,WIH1.2021,185,0.432397373696457,3.39767015831895
BGLR,M10.G.P.W-Int,AGDD,M10 AGDD,CV00,4,1,WIH1.2021,48,0.33701895856424,3.2874150919072
BGLR,M10.G.P.W-Int,AGDD,M10 AGDD,CV0,4,1,WIH2.2020,519,0.0181299540589464,5.12240107973375
BGLR,M10.G.P.W-Int,AGDD,M10 AGDD,CV00,4,1,WIH2.2020,134,-0.191162648663374,5.19430980557866
BGLR,M10.G.P.W-Int,AGDD,M10 AGDD,CV0,4,1,WIH2.2021,519,0.404478606463065,2.98924045699605
BGLR,M10.G.P.W-Int,AGDD,M10 AGDD,CV00,4,1,WIH2.2021,136,0.417638756473064,3.06529605316689
BGLR,M10.G.P.W-Int,AGDD,M10 AGDD,CV0,4,1,WIH3.2020,185,0.281260262105282,2.40387275292948
BGLR,M10.G.P.W-Int,AGDD,M10 AGDD,CV00,4,1,WIH3.2020,49,0.105916784156578,2.51411714830826
BGLR,M10.G.P.W-Int,AGDD,M10 AGDD,CV0,4,1,WIH3.2021,185,0.621059369767479,1.51911937689724
BGLR,M10.G.P.W-Int,AGDD,M10 AGDD,CV00,4,1,WIH3.2021,48,0.387767965028845,1.67644255507627
BGLR,M10.G.P.W-Int,AGDD,M10 AGDD,CV0,4,2,DEH1.2020,523,0.68516518181457,1.72807173636183
BGLR,M10.G.P.W-Int,AGDD,M10 AGDD,CV00,4,2,DEH1.2020,132,0.679730464320751,1.85441442729325
BGLR,M10.G.P.W-Int,AGDD,M10 AGDD,CV0,4,2,IAH4.2021,515,0.483324270203756,1.48736932994164
BGLR,M10.G.P.W-Int,AGDD,M10 AGDD,CV00,4,2,IAH4.2021,130,0.362883203153046,1.65839221523689
BGLR,M10.G.P.W-Int,AGDD,M10 AGDD,CV0,4,2,MIH1.2020,184,0.450942975454294,3.34647281749077
BGLR,M10.G.P.W-Int,AGDD,M10 AGDD,CV00,4,2,MIH1.2020,50,0.324857155564592,3.57980682370119
BGLR,M10.G.P.W-Int,AGDD,M10 AGDD,CV0,4,2,MNH1.2020,181,0.485573319164764,1.78954187237642
BGLR,M10.G.P.W-Int,AGDD,M10 AGDD,CV00,4,2,MNH1.2020,50,0.649609765488707,1.62820362139988
BGLR,M10.G.P.W-Int,AGDD,M10 AGDD,CV0,4,2,MNH1.2021,186,0.429680768882008,1.67177883048804
BGLR,M10.G.P.W-Int,AGDD,M10 AGDD,CV00,4,2,MNH1.2021,50,0.462500446786271,1.78322147341858
BGLR,M10.G.P.W-Int,AGDD,M10 AGDD,CV0,4,2,MOH1.2020,454,0.314313456283933,1.94251996002331
BGLR,M10.G.P.W-Int,AGDD,M10 AGDD,CV00,4,2,MOH1.2020,121,0.102709291644005,2.17157735992542
BGLR,M10.G.P.W-Int,AGDD,M10 AGDD,CV0,4,2,NEH1.2021,183,0.506919449419789,2.79585888523445
BGLR,M10.G.P.W-Int,AGDD,M10 AGDD,CV00,4,2,NEH1.2021,50,0.195833673321077,3.11385003642276
BGLR,M10.G.P.W-Int,AGDD,M10 AGDD,CV0,4,2,TXH1.2020,183,0.740999703865659,1.54330426678727
BGLR,M10.G.P.W-Int,AGDD,M10 AGDD,CV00,4,2,TXH1.2020,50,0.708801603849304,1.5467421985905
BGLR,M10.G.P.W-Int,AGDD,M10 AGDD,CV0,4,2,TXH1.2021,183,0.124081253133899,2.03572272795099
BGLR,M10.G.P.W-Int,AGDD,M10 AGDD,CV00,4,2,TXH1.2021,50,0.0958607193318007,1.88579184810429
BGLR,M10.G.P.W-Int,AGDD,M10 AGDD,CV0,4,2,TXH2.2020,183,0.517156452752996,1.5302521098064
BGLR,M10.G.P.W-Int,AGDD,M10 AGDD,CV00,4,2,TXH2.2020,50,0.464063817122969,1.66665743535999
BGLR,M10.G.P.W-Int,AGDD,M10 AGDD,CV0,4,2,TXH2.2021,183,0.16611233366475,2.00561129817382
BGLR,M10.G.P.W-Int,AGDD,M10 AGDD,CV00,4,2,TXH2.2021,50,0.233485784056365,2.04670025448067
BGLR,M10.G.P.W-Int,AGDD,M10 AGDD,CV0,4,2,TXH3.2020,186,-0.0422734348240615,1.73712646332559
BGLR,M10.G.P.W-Int,AGDD,M10 AGDD,CV00,4,2,TXH3.2020,50,-0.172561383221754,1.5916661916924
BGLR,M10.G.P.W-Int,AGDD,M10 AGDD,CV0,4,2,TXH3.2021,183,0.499679089070573,4.90346194504349
BGLR,M10.G.P.W-Int,AGDD,M10 AGDD,CV00,4,2,TXH3.2021,50,0.426200288688497,5.04941071004377
BGLR,M10.G.P.W-Int,AGDD,M10 AGDD,CV0,4,2,WIH1.2020,181,0.462136757233288,1.66115694334088
BGLR,M10.G.P.W-Int,AGDD,M10 AGDD,CV00,4,2,WIH1.2020,50,0.583676644780609,2.38321492192022
BGLR,M10.G.P.W-Int,AGDD,M10 AGDD,CV0,4,2,WIH1.2021,183,0.413916846816195,3.23888262399518
BGLR,M10.G.P.W-Int,AGDD,M10 AGDD,CV00,4,2,WIH1.2021,50,0.305311478061545,3.65156820122648
BGLR,M10.G.P.W-Int,AGDD,M10 AGDD,CV0,4,2,WIH2.2020,521,-0.0416507689878339,5.13209862256341
BGLR,M10.G.P.W-Int,AGDD,M10 AGDD,CV00,4,2,WIH2.2020,132,0.00963054209713326,5.09478864389558
BGLR,M10.G.P.W-Int,AGDD,M10 AGDD,CV0,4,2,WIH2.2021,523,0.418797244627723,2.95998150483182
BGLR,M10.G.P.W-Int,AGDD,M10 AGDD,CV00,4,2,WIH2.2021,132,0.384121673617997,3.03911990545508
BGLR,M10.G.P.W-Int,AGDD,M10 AGDD,CV0,4,2,WIH3.2020,184,0.221989435407158,2.45573481436987
BGLR,M10.G.P.W-Int,AGDD,M10 AGDD,CV00,4,2,WIH3.2020,50,0.00824198210919922,2.63351834664974
BGLR,M10.G.P.W-Int,AGDD,M10 AGDD,CV0,4,2,WIH3.2021,183,0.533992160047222,1.55939050992744
BGLR,M10.G.P.W-Int,AGDD,M10 AGDD,CV00,4,2,WIH3.2021,50,0.505372402976664,1.85623113268006
BGLR,M10.G.P.W-Int,AGDD,M10 AGDD,CV0,4,3,DEH1.2020,520,0.680041304319671,1.74499815637285
BGLR,M10.G.P.W-Int,AGDD,M10 AGDD,CV00,4,3,DEH1.2020,135,0.68930033334805,1.80913995217677
BGLR,M10.G.P.W-Int,AGDD,M10 AGDD,CV0,4,3,IAH4.2021,512,0.46851098957048,1.54373326652689
BGLR,M10.G.P.W-Int,AGDD,M10 AGDD,CV00,4,3,IAH4.2021,133,0.431700095008421,1.51118402742177
BGLR,M10.G.P.W-Int,AGDD,M10 AGDD,CV0,4,3,MIH1.2020,188,0.424855358021175,3.32612674838907
BGLR,M10.G.P.W-Int,AGDD,M10 AGDD,CV00,4,3,MIH1.2020,46,0.461203957376113,3.32939612905573
BGLR,M10.G.P.W-Int,AGDD,M10 AGDD,CV0,4,3,MNH1.2020,185,0.55449267769856,1.7449367181065
BGLR,M10.G.P.W-Int,AGDD,M10 AGDD,CV00,4,3,MNH1.2020,46,0.483665757821119,1.33583035378222
BGLR,M10.G.P.W-Int,AGDD,M10 AGDD,CV0,4,3,MNH1.2021,189,0.454449031468491,1.68549781641669
BGLR,M10.G.P.W-Int,AGDD,M10 AGDD,CV00,4,3,MNH1.2021,47,0.383454977658241,1.78026621513415
BGLR,M10.G.P.W-Int,AGDD,M10 AGDD,CV0,4,3,MOH1.2020,454,0.264491329368599,2.00466483670481
BGLR,M10.G.P.W-Int,AGDD,M10 AGDD,CV00,4,3,MOH1.2020,121,0.31661636540315,1.93129788861619
BGLR,M10.G.P.W-Int,AGDD,M10 AGDD,CV0,4,3,NEH1.2021,186,0.454045255863233,2.74150483051322
BGLR,M10.G.P.W-Int,AGDD,M10 AGDD,CV00,4,3,NEH1.2021,47,0.4977155175819,3.12637058956079
BGLR,M10.G.P.W-Int,AGDD,M10 AGDD,CV0,4,3,TXH1.2020,186,0.711109271412795,1.58124591877072
BGLR,M10.G.P.W-Int,AGDD,M10 AGDD,CV00,4,3,TXH1.2020,47,0.769275156064076,1.4474588971149
BGLR,M10.G.P.W-Int,AGDD,M10 AGDD,CV0,4,3,TXH1.2021,186,0.147317789965853,1.9987363800071
BGLR,M10.G.P.W-Int,AGDD,M10 AGDD,CV00,4,3,TXH1.2021,47,-0.030737284029742,2.1431600436054
BGLR,M10.G.P.W-Int,AGDD,M10 AGDD,CV0,4,3,TXH2.2020,186,0.562327690886054,1.53018121265802
BGLR,M10.G.P.W-Int,AGDD,M10 AGDD,CV00,4,3,TXH2.2020,47,0.295500962099359,1.60970364280552
BGLR,M10.G.P.W-Int,AGDD,M10 AGDD,CV0,4,3,TXH2.2021,186,0.288335316039657,1.98031414944667
BGLR,M10.G.P.W-Int,AGDD,M10 AGDD,CV00,4,3,TXH2.2021,47,0.200731592792884,1.86191810299359
BGLR,M10.G.P.W-Int,AGDD,M10 AGDD,CV0,4,3,TXH3.2020,189,-0.0804451688168181,1.71263350827361
BGLR,M10.G.P.W-Int,AGDD,M10 AGDD,CV00,4,3,TXH3.2020,47,-0.0451219094141813,1.79582072538359
BGLR,M10.G.P.W-Int,AGDD,M10 AGDD,CV0,4,3,TXH3.2021,186,0.512733535166207,4.93761212492748
BGLR,M10.G.P.W-Int,AGDD,M10 AGDD,CV00,4,3,TXH3.2021,47,0.447366877077566,4.91805256870312
BGLR,M10.G.P.W-Int,AGDD,M10 AGDD,CV0,4,3,WIH1.2020,185,0.545233579898189,1.83883586209746
BGLR,M10.G.P.W-Int,AGDD,M10 AGDD,CV00,4,3,WIH1.2020,46,0.526036646310569,1.58304560485621
BGLR,M10.G.P.W-Int,AGDD,M10 AGDD,CV0,4,3,WIH1.2021,186,0.366746198066051,3.44599865209753
BGLR,M10.G.P.W-Int,AGDD,M10 AGDD,CV00,4,3,WIH1.2021,47,0.469313750341168,3.19415607998761
BGLR,M10.G.P.W-Int,AGDD,M10 AGDD,CV0,4,3,WIH2.2020,519,-0.0586078482148906,5.13350509591908
BGLR,M10.G.P.W-Int,AGDD,M10 AGDD,CV00,4,3,WIH2.2020,134,0.0414875638515573,4.72305172848571
BGLR,M10.G.P.W-Int,AGDD,M10 AGDD,CV0,4,3,WIH2.2021,522,0.416527184715893,2.98115266868793
BGLR,M10.G.P.W-Int,AGDD,M10 AGDD,CV00,4,3,WIH2.2021,133,0.382975431352536,3.18751498462388
BGLR,M10.G.P.W-Int,AGDD,M10 AGDD,CV0,4,3,WIH3.2020,188,0.255686268571019,2.42692037372406
BGLR,M10.G.P.W-Int,AGDD,M10 AGDD,CV00,4,3,WIH3.2020,46,0.186288248053889,2.34066399964698
BGLR,M10.G.P.W-Int,AGDD,M10 AGDD,CV0,4,3,WIH3.2021,186,0.562644754885601,1.59147819824765
BGLR,M10.G.P.W-Int,AGDD,M10 AGDD,CV00,4,3,WIH3.2021,47,0.586332749442875,1.40509119928016
BGLR,M10.G.P.W-Int,AGDD,M10 AGDD,CV0,4,4,DEH1.2020,524,0.697740500671787,1.72455770911296
BGLR,M10.G.P.W-Int,AGDD,M10 AGDD,CV00,4,4,DEH1.2020,131,0.667214948457463,1.76614138980814
BGLR,M10.G.P.W-Int,AGDD,M10 AGDD,CV0,4,4,IAH4.2021,516,0.447630167677418,1.57809579881333
BGLR,M10.G.P.W-Int,AGDD,M10 AGDD,CV00,4,4,IAH4.2021,129,0.467954691942865,1.42241547481189
BGLR,M10.G.P.W-Int,AGDD,M10 AGDD,CV0,4,4,MIH1.2020,188,0.39978179158407,3.38175803424966
BGLR,M10.G.P.W-Int,AGDD,M10 AGDD,CV00,4,4,MIH1.2020,46,0.483948188597961,3.1940763240389
BGLR,M10.G.P.W-Int,AGDD,M10 AGDD,CV0,4,4,MNH1.2020,186,0.504823270286149,1.59704543093172
BGLR,M10.G.P.W-Int,AGDD,M10 AGDD,CV00,4,4,MNH1.2020,45,0.628307406368578,2.05322924358895
BGLR,M10.G.P.W-Int,AGDD,M10 AGDD,CV0,4,4,MNH1.2021,190,0.448288516583237,1.74526861618017
BGLR,M10.G.P.W-Int,AGDD,M10 AGDD,CV00,4,4,MNH1.2021,46,0.41524021253724,1.59382612090848
BGLR,M10.G.P.W-Int,AGDD,M10 AGDD,CV0,4,4,MOH1.2020,466,0.244821356201818,2.03556241665362
BGLR,M10.G.P.W-Int,AGDD,M10 AGDD,CV00,4,4,MOH1.2020,109,0.367572422107692,1.79085864632041
BGLR,M10.G.P.W-Int,AGDD,M10 AGDD,CV0,4,4,NEH1.2021,188,0.403965128842127,2.88499904388179
BGLR,M10.G.P.W-Int,AGDD,M10 AGDD,CV00,4,4,NEH1.2021,45,0.651663132448566,2.63359414590931
BGLR,M10.G.P.W-Int,AGDD,M10 AGDD,CV0,4,4,TXH1.2020,188,0.736946531793697,1.59249910922814
BGLR,M10.G.P.W-Int,AGDD,M10 AGDD,CV00,4,4,TXH1.2020,45,0.708632888754041,1.40062048806333
BGLR,M10.G.P.W-Int,AGDD,M10 AGDD,CV0,4,4,TXH1.2021,188,0.180730956311309,1.98703483801786
BGLR,M10.G.P.W-Int,AGDD,M10 AGDD,CV00,4,4,TXH1.2021,45,-0.212345268847631,2.13797464339278
BGLR,M10.G.P.W-Int,AGDD,M10 AGDD,CV0,4,4,TXH2.2020,188,0.546667251237552,1.50362532770095
BGLR,M10.G.P.W-Int,AGDD,M10 AGDD,CV00,4,4,TXH2.2020,45,0.532072695666113,1.54127357227525
BGLR,M10.G.P.W-Int,AGDD,M10 AGDD,CV0,4,4,TXH2.2021,188,0.258219131981525,1.96081391508745
BGLR,M10.G.P.W-Int,AGDD,M10 AGDD,CV00,4,4,TXH2.2021,45,0.056451072891088,2.18001576286353
BGLR,M10.G.P.W-Int,AGDD,M10 AGDD,CV0,4,4,TXH3.2020,190,-0.0422589549448456,1.70490307888392
BGLR,M10.G.P.W-Int,AGDD,M10 AGDD,CV00,4,4,TXH3.2020,46,-0.126636391449508,1.80686867297014
BGLR,M10.G.P.W-Int,AGDD,M10 AGDD,CV0,4,4,TXH3.2021,188,0.476918031862176,4.92112109462741
BGLR,M10.G.P.W-Int,AGDD,M10 AGDD,CV00,4,4,TXH3.2021,45,0.548430476773184,4.89591112997551
BGLR,M10.G.P.W-Int,AGDD,M10 AGDD,CV0,4,4,WIH1.2020,186,0.630905899745829,1.74140894313612
BGLR,M10.G.P.W-Int,AGDD,M10 AGDD,CV00,4,4,WIH1.2020,45,0.41040334874528,1.75615634228437
BGLR,M10.G.P.W-Int,AGDD,M10 AGDD,CV0,4,4,WIH1.2021,188,0.356492086158352,3.37738798786217
BGLR,M10.G.P.W-Int,AGDD,M10 AGDD,CV00,4,4,WIH1.2021,45,0.444694338141362,3.45747419689016
BGLR,M10.G.P.W-Int,AGDD,M10 AGDD,CV0,4,4,WIH2.2020,523,-0.0105516277749515,5.0878853795991
BGLR,M10.G.P.W-Int,AGDD,M10 AGDD,CV00,4,4,WIH2.2020,130,-0.125547481510536,5.35692372024042
BGLR,M10.G.P.W-Int,AGDD,M10 AGDD,CV0,4,4,WIH2.2021,525,0.417520212461568,2.97725505933922
BGLR,M10.G.P.W-Int,AGDD,M10 AGDD,CV00,4,4,WIH2.2021,130,0.391393770791389,3.06118139813678
BGLR,M10.G.P.W-Int,AGDD,M10 AGDD,CV0,4,4,WIH3.2020,188,0.269993783979638,2.42341066303135
BGLR,M10.G.P.W-Int,AGDD,M10 AGDD,CV00,4,4,WIH3.2020,46,0.271228153214315,2.3860884781193
BGLR,M10.G.P.W-Int,AGDD,M10 AGDD,CV0,4,4,WIH3.2021,188,0.582691598722546,1.53626257907993
BGLR,M10.G.P.W-Int,AGDD,M10 AGDD,CV00,4,4,WIH3.2021,45,0.676691233583184,1.54471093654626
BGLR,M10.G.P.W-Int,AGDD,M10 AGDD,CV0,4,5,DEH1.2020,532,0.691032243037279,1.77814312546547
BGLR,M10.G.P.W-Int,AGDD,M10 AGDD,CV00,4,5,DEH1.2020,123,0.655340992926482,1.62479444349349
BGLR,M10.G.P.W-Int,AGDD,M10 AGDD,CV0,4,5,IAH4.2021,524,0.456456846213298,1.54175820120052
BGLR,M10.G.P.W-Int,AGDD,M10 AGDD,CV00,4,5,IAH4.2021,121,0.491576207360438,1.48729830844367
BGLR,M10.G.P.W-Int,AGDD,M10 AGDD,CV0,4,5,MIH1.2020,191,0.451025014750603,3.32645664300038
BGLR,M10.G.P.W-Int,AGDD,M10 AGDD,CV00,4,5,MIH1.2020,43,0.440481524665781,3.41186263555567
BGLR,M10.G.P.W-Int,AGDD,M10 AGDD,CV0,4,5,MNH1.2020,188,0.599956245148611,1.66107998437387
BGLR,M10.G.P.W-Int,AGDD,M10 AGDD,CV00,4,5,MNH1.2020,43,0.142041129259108,1.89723377923062
BGLR,M10.G.P.W-Int,AGDD,M10 AGDD,CV0,4,5,MNH1.2021,193,0.482797513857156,1.67952451916972
BGLR,M10.G.P.W-Int,AGDD,M10 AGDD,CV00,4,5,MNH1.2021,43,0.232688273342549,1.7641504669518
BGLR,M10.G.P.W-Int,AGDD,M10 AGDD,CV0,4,5,MOH1.2020,468,0.288164116948222,1.97592582119168
BGLR,M10.G.P.W-Int,AGDD,M10 AGDD,CV00,4,5,MOH1.2020,107,0.216507992676571,1.99501752134907
BGLR,M10.G.P.W-Int,AGDD,M10 AGDD,CV0,4,5,NEH1.2021,190,0.476617839855782,2.88073956817754
BGLR,M10.G.P.W-Int,AGDD,M10 AGDD,CV00,4,5,NEH1.2021,43,0.414836360854232,2.55888503292773
BGLR,M10.G.P.W-Int,AGDD,M10 AGDD,CV0,4,5,TXH1.2020,190,0.72584819226629,1.57320589958486
BGLR,M10.G.P.W-Int,AGDD,M10 AGDD,CV00,4,5,TXH1.2020,43,0.718494085693391,1.54049804806692
BGLR,M10.G.P.W-Int,AGDD,M10 AGDD,CV0,4,5,TXH1.2021,190,0.114103771163913,2.01551170500105
BGLR,M10.G.P.W-Int,AGDD,M10 AGDD,CV00,4,5,TXH1.2021,43,0.200370123493995,2.01159192830554
BGLR,M10.G.P.W-Int,AGDD,M10 AGDD,CV0,4,5,TXH2.2020,190,0.583650917311992,1.45683888116364
BGLR,M10.G.P.W-Int,AGDD,M10 AGDD,CV00,4,5,TXH2.2020,43,0.290042274876568,1.81320472768542
BGLR,M10.G.P.W-Int,AGDD,M10 AGDD,CV0,4,5,TXH2.2021,190,0.231835608349372,1.99189897290307
BGLR,M10.G.P.W-Int,AGDD,M10 AGDD,CV00,4,5,TXH2.2021,43,0.251786393067843,1.98207727510927
BGLR,M10.G.P.W-Int,AGDD,M10 AGDD,CV0,4,5,TXH3.2020,193,-0.0714042520175947,1.76504874478671
BGLR,M10.G.P.W-Int,AGDD,M10 AGDD,CV00,4,5,TXH3.2020,43,0.0204520579175878,1.5470125471001
BGLR,M10.G.P.W-Int,AGDD,M10 AGDD,CV0,4,5,TXH3.2021,190,0.560589612183477,4.87083373425697
BGLR,M10.G.P.W-Int,AGDD,M10 AGDD,CV00,4,5,TXH3.2021,43,0.142191060623018,5.14766992543178
BGLR,M10.G.P.W-Int,AGDD,M10 AGDD,CV0,4,5,WIH1.2020,188,0.544608781988011,1.78452553141189
BGLR,M10.G.P.W-Int,AGDD,M10 AGDD,CV00,4,5,WIH1.2020,43,0.497916575064186,1.82565641299408
BGLR,M10.G.P.W-Int,AGDD,M10 AGDD,CV0,4,5,WIH1.2021,190,0.384265280072235,3.38852237300075
BGLR,M10.G.P.W-Int,AGDD,M10 AGDD,CV00,4,5,WIH1.2021,43,0.292809826375208,3.32508920181514
BGLR,M10.G.P.W-Int,AGDD,M10 AGDD,CV0,4,5,WIH2.2020,530,-0.0280217560472711,5.1262423562068
BGLR,M10.G.P.W-Int,AGDD,M10 AGDD,CV00,4,5,WIH2.2020,123,-0.0280917065801527,5.1440981186625
BGLR,M10.G.P.W-Int,AGDD,M10 AGDD,CV0,4,5,WIH2.2021,531,0.430015927668482,3.05733262405802
BGLR,M10.G.P.W-Int,AGDD,M10 AGDD,CV00,4,5,WIH2.2021,124,0.310679861303233,2.76608504430312
BGLR,M10.G.P.W-Int,AGDD,M10 AGDD,CV0,4,5,WIH3.2020,191,0.244171607124803,2.39409399718714
BGLR,M10.G.P.W-Int,AGDD,M10 AGDD,CV00,4,5,WIH3.2020,43,0.248515287671942,2.62536327148998
BGLR,M10.G.P.W-Int,AGDD,M10 AGDD,CV0,4,5,WIH3.2021,190,0.612054010396773,1.54600405174477
BGLR,M10.G.P.W-Int,AGDD,M10 AGDD,CV00,4,5,WIH3.2021,43,0.379024626709418,1.58620569641249
BGLR,M10.G.P.W-Int,AGDD,M10 AGDD,CV0,5,1,DEH1.2020,523,0.685942845954699,1.71808309975259
BGLR,M10.G.P.W-Int,AGDD,M10 AGDD,CV00,5,1,DEH1.2020,132,0.707482591987249,1.85410208018968
BGLR,M10.G.P.W-Int,AGDD,M10 AGDD,CV0,5,1,IAH4.2021,515,0.458259221720767,1.55198984296788
BGLR,M10.G.P.W-Int,AGDD,M10 AGDD,CV00,5,1,IAH4.2021,130,0.440425835838579,1.49452532220652
BGLR,M10.G.P.W-Int,AGDD,M10 AGDD,CV0,5,1,MIH1.2020,189,0.432999604430499,3.36268620592892
BGLR,M10.G.P.W-Int,AGDD,M10 AGDD,CV00,5,1,MIH1.2020,45,0.434159362403114,3.30337040436298
BGLR,M10.G.P.W-Int,AGDD,M10 AGDD,CV0,5,1,MNH1.2020,186,0.559969057001486,1.76894791932536
BGLR,M10.G.P.W-Int,AGDD,M10 AGDD,CV00,5,1,MNH1.2020,45,0.507625162611875,1.2923151567505
BGLR,M10.G.P.W-Int,AGDD,M10 AGDD,CV0,5,1,MNH1.2021,191,0.468856206529542,1.6901684796373
BGLR,M10.G.P.W-Int,AGDD,M10 AGDD,CV00,5,1,MNH1.2021,45,0.374683761791256,1.70942592971183
BGLR,M10.G.P.W-Int,AGDD,M10 AGDD,CV0,5,1,MOH1.2020,461,0.265785101239155,2.01049571159757
BGLR,M10.G.P.W-Int,AGDD,M10 AGDD,CV00,5,1,MOH1.2020,114,0.28010151400907,1.92925634593926
BGLR,M10.G.P.W-Int,AGDD,M10 AGDD,CV0,5,1,NEH1.2021,188,0.464726696082976,2.8787733893985
BGLR,M10.G.P.W-Int,AGDD,M10 AGDD,CV00,5,1,NEH1.2021,45,0.43371359991067,2.65932786450104
BGLR,M10.G.P.W-Int,AGDD,M10 AGDD,CV0,5,1,TXH1.2020,188,0.754896351629047,1.58161106731008
BGLR,M10.G.P.W-Int,AGDD,M10 AGDD,CV00,5,1,TXH1.2020,45,0.569364558546831,1.44142138142272
BGLR,M10.G.P.W-Int,AGDD,M10 AGDD,CV0,5,1,TXH1.2021,188,0.119459910789122,1.98218985274144
BGLR,M10.G.P.W-Int,AGDD,M10 AGDD,CV00,5,1,TXH1.2021,45,0.108289072842758,2.12883286111964
BGLR,M10.G.P.W-Int,AGDD,M10 AGDD,CV0,5,1,TXH2.2020,188,0.572398966231021,1.50223632261355
BGLR,M10.G.P.W-Int,AGDD,M10 AGDD,CV00,5,1,TXH2.2020,45,0.342422663388127,1.66872996499775
BGLR,M10.G.P.W-Int,AGDD,M10 AGDD,CV0,5,1,TXH2.2021,188,0.225943654967631,2.0185715117162
BGLR,M10.G.P.W-Int,AGDD,M10 AGDD,CV00,5,1,TXH2.2021,45,0.249506569195409,1.79452841443054
BGLR,M10.G.P.W-Int,AGDD,M10 AGDD,CV0,5,1,TXH3.2020,191,-0.0908711476129638,1.7503523995497
BGLR,M10.G.P.W-Int,AGDD,M10 AGDD,CV00,5,1,TXH3.2020,45,-0.0494535623451472,1.65893117436186
BGLR,M10.G.P.W-Int,AGDD,M10 AGDD,CV0,5,1,TXH3.2021,188,0.489718884231679,4.9682731897226
BGLR,M10.G.P.W-Int,AGDD,M10 AGDD,CV00,5,1,TXH3.2021,45,0.487367533426667,4.81873156928537
BGLR,M10.G.P.W-Int,AGDD,M10 AGDD,CV0,5,1,WIH1.2020,186,0.590306527167871,1.77943018884341
BGLR,M10.G.P.W-Int,AGDD,M10 AGDD,CV00,5,1,WIH1.2020,45,0.274911888149127,1.72296787643833
BGLR,M10.G.P.W-Int,AGDD,M10 AGDD,CV0,5,1,WIH1.2021,188,0.439316607359522,3.40568944520112
BGLR,M10.G.P.W-Int,AGDD,M10 AGDD,CV00,5,1,WIH1.2021,45,0.0218243076835452,3.31938600089265
BGLR,M10.G.P.W-Int,AGDD,M10 AGDD,CV0,5,1,WIH2.2020,520,-0.0238339409466766,5.10881235750562
BGLR,M10.G.P.W-Int,AGDD,M10 AGDD,CV00,5,1,WIH2.2020,133,-0.0369689661153231,5.04074153810564
BGLR,M10.G.P.W-Int,AGDD,M10 AGDD,CV0,5,1,WIH2.2021,523,0.419884439768618,3.04432471975881
BGLR,M10.G.P.W-Int,AGDD,M10 AGDD,CV00,5,1,WIH2.2021,132,0.376904191557459,2.80805472970451
BGLR,M10.G.P.W-Int,AGDD,M10 AGDD,CV0,5,1,WIH3.2020,189,0.289129001411686,2.39848949429852
BGLR,M10.G.P.W-Int,AGDD,M10 AGDD,CV00,5,1,WIH3.2020,45,0.0787610370000695,2.55833547954274
BGLR,M10.G.P.W-Int,AGDD,M10 AGDD,CV0,5,1,WIH3.2021,188,0.57094025470707,1.59227007985283
BGLR,M10.G.P.W-Int,AGDD,M10 AGDD,CV00,5,1,WIH3.2021,45,0.647852037133108,1.34431808707961
BGLR,M10.G.P.W-Int,AGDD,M10 AGDD,CV0,5,2,DEH1.2020,522,0.680514760618093,1.78275552344759
BGLR,M10.G.P.W-Int,AGDD,M10 AGDD,CV00,5,2,DEH1.2020,133,0.677046423416037,1.57786695254431
BGLR,M10.G.P.W-Int,AGDD,M10 AGDD,CV0,5,2,IAH4.2021,514,0.456972191077943,1.52976985611257
BGLR,M10.G.P.W-Int,AGDD,M10 AGDD,CV00,5,2,IAH4.2021,131,0.480369695845109,1.58719738625545
BGLR,M10.G.P.W-Int,AGDD,M10 AGDD,CV0,5,2,MIH1.2020,186,0.432342096669922,3.34598527007702
BGLR,M10.G.P.W-Int,AGDD,M10 AGDD,CV00,5,2,MIH1.2020,48,0.294124952716845,3.2998327613361
BGLR,M10.G.P.W-Int,AGDD,M10 AGDD,CV0,5,2,MNH1.2020,183,0.571412321106986,1.64341845327091
BGLR,M10.G.P.W-Int,AGDD,M10 AGDD,CV00,5,2,MNH1.2020,48,0.43641993398111,1.90862249374589
BGLR,M10.G.P.W-Int,AGDD,M10 AGDD,CV0,5,2,MNH1.2021,188,0.479795346631962,1.70329046996202
BGLR,M10.G.P.W-Int,AGDD,M10 AGDD,CV00,5,2,MNH1.2021,48,0.286679557054623,1.81015555872293
BGLR,M10.G.P.W-Int,AGDD,M10 AGDD,CV0,5,2,MOH1.2020,457,0.280150792772508,1.98213006134584
BGLR,M10.G.P.W-Int,AGDD,M10 AGDD,CV00,5,2,MOH1.2020,118,0.247208865412801,1.91262967205415
BGLR,M10.G.P.W-Int,AGDD,M10 AGDD,CV0,5,2,NEH1.2021,185,0.475781639360255,2.67816175511454
BGLR,M10.G.P.W-Int,AGDD,M10 AGDD,CV00,5,2,NEH1.2021,48,0.415012721022743,3.33497674195016
BGLR,M10.G.P.W-Int,AGDD,M10 AGDD,CV0,5,2,TXH1.2020,185,0.722293957093561,1.53859359316562
BGLR,M10.G.P.W-Int,AGDD,M10 AGDD,CV00,5,2,TXH1.2020,48,0.666488845009681,1.7046068352108
BGLR,M10.G.P.W-Int,AGDD,M10 AGDD,CV0,5,2,TXH1.2021,185,0.168267369654132,2.01643941950029
BGLR,M10.G.P.W-Int,AGDD,M10 AGDD,CV00,5,2,TXH1.2021,48,0.021536247016961,2.11048609420853
BGLR,M10.G.P.W-Int,AGDD,M10 AGDD,CV0,5,2,TXH2.2020,185,0.537748205267246,1.51994753865643
BGLR,M10.G.P.W-Int,AGDD,M10 AGDD,CV00,5,2,TXH2.2020,48,0.449243066571054,1.57873715282606
BGLR,M10.G.P.W-Int,AGDD,M10 AGDD,CV0,5,2,TXH2.2021,185,0.253604537627169,1.91741553839263
BGLR,M10.G.P.W-Int,AGDD,M10 AGDD,CV00,5,2,TXH2.2021,48,0.236299786570594,2.19840788180666
BGLR,M10.G.P.W-Int,AGDD,M10 AGDD,CV0,5,2,TXH3.2020,188,-0.107103682826582,1.8016905717346
BGLR,M10.G.P.W-Int,AGDD,M10 AGDD,CV00,5,2,TXH3.2020,48,0.102120642746798,1.41735812864296
BGLR,M10.G.P.W-Int,AGDD,M10 AGDD,CV0,5,2,TXH3.2021,185,0.502076392461127,4.88180103608386
BGLR,M10.G.P.W-Int,AGDD,M10 AGDD,CV00,5,2,TXH3.2021,48,0.462265665041633,5.05975271271358
BGLR,M10.G.P.W-Int,AGDD,M10 AGDD,CV0,5,2,WIH1.2020,183,0.510822820877127,1.84077568101155
BGLR,M10.G.P.W-Int,AGDD,M10 AGDD,CV00,5,2,WIH1.2020,48,0.712218725314463,1.5261146392293
BGLR,M10.G.P.W-Int,AGDD,M10 AGDD,CV0,5,2,WIH1.2021,185,0.392286901374928,3.34553549109494
BGLR,M10.G.P.W-Int,AGDD,M10 AGDD,CV00,5,2,WIH1.2021,48,0.340852147632929,3.55839479128963
BGLR,M10.G.P.W-Int,AGDD,M10 AGDD,CV0,5,2,WIH2.2020,522,-0.0263929973241622,5.1059834948711
BGLR,M10.G.P.W-Int,AGDD,M10 AGDD,CV00,5,2,WIH2.2020,131,-0.0374768532263821,4.80319756701012
BGLR,M10.G.P.W-Int,AGDD,M10 AGDD,CV0,5,2,WIH2.2021,522,0.428397630051297,2.96514410589976
BGLR,M10.G.P.W-Int,AGDD,M10 AGDD,CV00,5,2,WIH2.2021,133,0.388051477338898,3.1862409027683
BGLR,M10.G.P.W-Int,AGDD,M10 AGDD,CV0,5,2,WIH3.2020,186,0.261237881855415,2.4495958376123
BGLR,M10.G.P.W-Int,AGDD,M10 AGDD,CV00,5,2,WIH3.2020,48,0.158102760481568,2.37285808491109
BGLR,M10.G.P.W-Int,AGDD,M10 AGDD,CV0,5,2,WIH3.2021,185,0.567316542405313,1.5472853280529
BGLR,M10.G.P.W-Int,AGDD,M10 AGDD,CV00,5,2,WIH3.2021,48,0.550091907478454,1.6196838299937
BGLR,M10.G.P.W-Int,AGDD,M10 AGDD,CV0,5,3,DEH1.2020,520,0.680234808331235,1.71940748462831
BGLR,M10.G.P.W-Int,AGDD,M10 AGDD,CV00,5,3,DEH1.2020,135,0.699571105755892,1.88591298655305
BGLR,M10.G.P.W-Int,AGDD,M10 AGDD,CV0,5,3,IAH4.2021,513,0.464852688509813,1.53689033123246
BGLR,M10.G.P.W-Int,AGDD,M10 AGDD,CV00,5,3,IAH4.2021,132,0.404673262957099,1.52441035818457
BGLR,M10.G.P.W-Int,AGDD,M10 AGDD,CV0,5,3,MIH1.2020,186,0.434133038565704,3.28785287311498
BGLR,M10.G.P.W-Int,AGDD,M10 AGDD,CV00,5,3,MIH1.2020,48,0.48438290398127,3.62527647897469
BGLR,M10.G.P.W-Int,AGDD,M10 AGDD,CV0,5,3,MNH1.2020,183,0.567288556473937,1.67276338783284
BGLR,M10.G.P.W-Int,AGDD,M10 AGDD,CV00,5,3,MNH1.2020,48,0.378050085565614,1.81067319375344
BGLR,M10.G.P.W-Int,AGDD,M10 AGDD,CV0,5,3,MNH1.2021,187,0.479908152045494,1.72094819005736
BGLR,M10.G.P.W-Int,AGDD,M10 AGDD,CV00,5,3,MNH1.2021,49,0.314741169665526,1.53012508676363
BGLR,M10.G.P.W-Int,AGDD,M10 AGDD,CV0,5,3,MOH1.2020,454,0.259774167064647,2.00414678470953
BGLR,M10.G.P.W-Int,AGDD,M10 AGDD,CV00,5,3,MOH1.2020,121,0.322907572811682,1.96818071115831
BGLR,M10.G.P.W-Int,AGDD,M10 AGDD,CV0,5,3,NEH1.2021,184,0.46445554523969,2.97044526413646
BGLR,M10.G.P.W-Int,AGDD,M10 AGDD,CV00,5,3,NEH1.2021,49,0.471188701630281,2.22521669818245
BGLR,M10.G.P.W-Int,AGDD,M10 AGDD,CV0,5,3,TXH1.2020,184,0.739147530944026,1.58159206291674
BGLR,M10.G.P.W-Int,AGDD,M10 AGDD,CV00,5,3,TXH1.2020,49,0.700689436655913,1.40785030317861
BGLR,M10.G.P.W-Int,AGDD,M10 AGDD,CV0,5,3,TXH1.2021,184,0.17329613988382,2.02208836441924
BGLR,M10.G.P.W-Int,AGDD,M10 AGDD,CV00,5,3,TXH1.2021,49,-0.113557785471113,1.97896559960557
BGLR,M10.G.P.W-Int,AGDD,M10 AGDD,CV0,5,3,TXH2.2020,184,0.540580636988847,1.5458127800768
BGLR,M10.G.P.W-Int,AGDD,M10 AGDD,CV00,5,3,TXH2.2020,49,0.500495233801129,1.49486475836052
BGLR,M10.G.P.W-Int,AGDD,M10 AGDD,CV0,5,3,TXH2.2021,184,0.235866346419958,2.05480606872077
BGLR,M10.G.P.W-Int,AGDD,M10 AGDD,CV00,5,3,TXH2.2021,49,0.115611164323574,1.83718599100591
BGLR,M10.G.P.W-Int,AGDD,M10 AGDD,CV0,5,3,TXH3.2020,187,-0.0537822459389841,1.73769486460765
BGLR,M10.G.P.W-Int,AGDD,M10 AGDD,CV00,5,3,TXH3.2020,49,-0.0955535621173939,1.66449329195087
BGLR,M10.G.P.W-Int,AGDD,M10 AGDD,CV0,5,3,TXH3.2021,184,0.539110475118991,4.93731610691823
BGLR,M10.G.P.W-Int,AGDD,M10 AGDD,CV00,5,3,TXH3.2021,49,0.378641732404804,4.90784518599221
BGLR,M10.G.P.W-Int,AGDD,M10 AGDD,CV0,5,3,WIH1.2020,183,0.558144025222097,1.73335380793641
BGLR,M10.G.P.W-Int,AGDD,M10 AGDD,CV00,5,3,WIH1.2020,48,0.45103423328512,2.02785425035695
BGLR,M10.G.P.W-Int,AGDD,M10 AGDD,CV0,5,3,WIH1.2021,184,0.379382490721225,3.35756682288967
BGLR,M10.G.P.W-Int,AGDD,M10 AGDD,CV00,5,3,WIH1.2021,49,0.450749702879833,3.36040258335485
BGLR,M10.G.P.W-Int,AGDD,M10 AGDD,CV0,5,3,WIH2.2020,520,-0.00433035523951417,5.06283975636113
BGLR,M10.G.P.W-Int,AGDD,M10 AGDD,CV00,5,3,WIH2.2020,133,-0.141241740575285,5.17818275398111
BGLR,M10.G.P.W-Int,AGDD,M10 AGDD,CV0,5,3,WIH2.2021,521,0.408690092934767,3.00193636453159
BGLR,M10.G.P.W-Int,AGDD,M10 AGDD,CV00,5,3,WIH2.2021,134,0.366063053704091,3.01700459618844
BGLR,M10.G.P.W-Int,AGDD,M10 AGDD,CV0,5,3,WIH3.2020,186,0.282456419415027,2.41786302325792
BGLR,M10.G.P.W-Int,AGDD,M10 AGDD,CV00,5,3,WIH3.2020,48,0.0401748811256628,2.40857034206978
BGLR,M10.G.P.W-Int,AGDD,M10 AGDD,CV0,5,3,WIH3.2021,184,0.616901514707864,1.53499006566105
BGLR,M10.G.P.W-Int,AGDD,M10 AGDD,CV00,5,3,WIH3.2021,49,0.311252369722454,1.70322938536249
BGLR,M10.G.P.W-Int,AGDD,M10 AGDD,CV0,5,4,DEH1.2020,522,0.69701696088277,1.76338745689487
BGLR,M10.G.P.W-Int,AGDD,M10 AGDD,CV00,5,4,DEH1.2020,133,0.621373020080387,1.69941559407262
BGLR,M10.G.P.W-Int,AGDD,M10 AGDD,CV0,5,4,IAH4.2021,516,0.475498765660603,1.54260853790396
BGLR,M10.G.P.W-Int,AGDD,M10 AGDD,CV00,5,4,IAH4.2021,129,0.428399106577264,1.47066023974892
BGLR,M10.G.P.W-Int,AGDD,M10 AGDD,CV0,5,4,MIH1.2020,188,0.446688142499141,3.339660123024
BGLR,M10.G.P.W-Int,AGDD,M10 AGDD,CV00,5,4,MIH1.2020,46,0.423378426078102,3.36362327079146
BGLR,M10.G.P.W-Int,AGDD,M10 AGDD,CV0,5,4,MNH1.2020,186,0.509741149130636,1.6495090294228
BGLR,M10.G.P.W-Int,AGDD,M10 AGDD,CV00,5,4,MNH1.2020,45,0.643979905938282,1.89919389315383
BGLR,M10.G.P.W-Int,AGDD,M10 AGDD,CV0,5,4,MNH1.2021,190,0.440071870920034,1.71150376008868
BGLR,M10.G.P.W-Int,AGDD,M10 AGDD,CV00,5,4,MNH1.2021,46,0.425362368983875,1.72254204729875
BGLR,M10.G.P.W-Int,AGDD,M10 AGDD,CV0,5,4,MOH1.2020,460,0.303859071218498,1.94860281037392
BGLR,M10.G.P.W-Int,AGDD,M10 AGDD,CV00,5,4,MOH1.2020,115,0.202850087597149,2.07894164928616
BGLR,M10.G.P.W-Int,AGDD,M10 AGDD,CV0,5,4,NEH1.2021,188,0.489667756572411,2.8534433234742
BGLR,M10.G.P.W-Int,AGDD,M10 AGDD,CV00,5,4,NEH1.2021,45,0.294905925511861,2.73568659026982
BGLR,M10.G.P.W-Int,AGDD,M10 AGDD,CV0,5,4,TXH1.2020,188,0.723884030207373,1.60566401085564
BGLR,M10.G.P.W-Int,AGDD,M10 AGDD,CV00,5,4,TXH1.2020,45,0.726012929744684,1.4437292091752
BGLR,M10.G.P.W-Int,AGDD,M10 AGDD,CV0,5,4,TXH1.2021,188,0.163859247589666,1.98366200321588
BGLR,M10.G.P.W-Int,AGDD,M10 AGDD,CV00,5,4,TXH1.2021,45,-0.136947718472908,2.21570834387531
BGLR,M10.G.P.W-Int,AGDD,M10 AGDD,CV0,5,4,TXH2.2020,188,0.559928109634359,1.57394580322217
BGLR,M10.G.P.W-Int,AGDD,M10 AGDD,CV00,5,4,TXH2.2020,45,0.391599534476293,1.30460526717916
BGLR,M10.G.P.W-Int,AGDD,M10 AGDD,CV0,5,4,TXH2.2021,188,0.253091635851577,1.99296931731521
BGLR,M10.G.P.W-Int,AGDD,M10 AGDD,CV00,5,4,TXH2.2021,45,0.232996819529911,1.95832103722871
BGLR,M10.G.P.W-Int,AGDD,M10 AGDD,CV0,5,4,TXH3.2020,190,-0.0181836152544904,1.66565042224046
BGLR,M10.G.P.W-Int,AGDD,M10 AGDD,CV00,5,4,TXH3.2020,46,-0.253727397383217,1.94725315033133
BGLR,M10.G.P.W-Int,AGDD,M10 AGDD,CV0,5,4,TXH3.2021,188,0.517443592109166,4.89124222947656
BGLR,M10.G.P.W-Int,AGDD,M10 AGDD,CV00,5,4,TXH3.2021,45,0.324095234547319,4.95274887476412
BGLR,M10.G.P.W-Int,AGDD,M10 AGDD,CV0,5,4,WIH1.2020,186,0.607951187782016,1.77602695848548
BGLR,M10.G.P.W-Int,AGDD,M10 AGDD,CV00,5,4,WIH1.2020,45,0.332388170961139,1.76440506492709
BGLR,M10.G.P.W-Int,AGDD,M10 AGDD,CV0,5,4,WIH1.2021,188,0.365640104311049,3.38094728247695
BGLR,M10.G.P.W-Int,AGDD,M10 AGDD,CV00,5,4,WIH1.2021,45,0.437894210147144,3.34202198786792
BGLR,M10.G.P.W-Int,AGDD,M10 AGDD,CV0,5,4,WIH2.2020,520,-0.0336767662682386,5.09809769971112
BGLR,M10.G.P.W-Int,AGDD,M10 AGDD,CV00,5,4,WIH2.2020,133,-0.0232224856776486,5.32309629606647
BGLR,M10.G.P.W-Int,AGDD,M10 AGDD,CV0,5,4,WIH2.2021,524,0.428369833944493,2.95278740342247
BGLR,M10.G.P.W-Int,AGDD,M10 AGDD,CV00,5,4,WIH2.2021,131,0.313283352461402,3.19729604069049
BGLR,M10.G.P.W-Int,AGDD,M10 AGDD,CV0,5,4,WIH3.2020,188,0.231021804666304,2.42728076808815
BGLR,M10.G.P.W-Int,AGDD,M10 AGDD,CV00,5,4,WIH3.2020,46,0.268452538494554,2.48740152958721
BGLR,M10.G.P.W-Int,AGDD,M10 AGDD,CV0,5,4,WIH3.2021,188,0.599480491598572,1.52171552294595
BGLR,M10.G.P.W-Int,AGDD,M10 AGDD,CV00,5,4,WIH3.2021,45,0.556090487230508,1.67080708694242
BGLR,M10.G.P.W-Int,AGDD,M10 AGDD,CV0,5,5,DEH1.2020,533,0.693295779816276,1.73773113233306
BGLR,M10.G.P.W-Int,AGDD,M10 AGDD,CV00,5,5,DEH1.2020,122,0.684070612097322,1.80290321678981
BGLR,M10.G.P.W-Int,AGDD,M10 AGDD,CV0,5,5,IAH4.2021,522,0.464573497892716,1.48706520187388
BGLR,M10.G.P.W-Int,AGDD,M10 AGDD,CV00,5,5,IAH4.2021,123,0.454359035999439,1.68375685826377
BGLR,M10.G.P.W-Int,AGDD,M10 AGDD,CV0,5,5,MIH1.2020,187,0.474731005813125,3.42071072991441
BGLR,M10.G.P.W-Int,AGDD,M10 AGDD,CV00,5,5,MIH1.2020,47,0.463760287833096,3.15589783116933
BGLR,M10.G.P.W-Int,AGDD,M10 AGDD,CV0,5,5,MNH1.2020,186,0.495319787334841,1.78114566518843
BGLR,M10.G.P.W-Int,AGDD,M10 AGDD,CV00,5,5,MNH1.2020,45,0.692249454901347,1.52307867891512
BGLR,M10.G.P.W-Int,AGDD,M10 AGDD,CV0,5,5,MNH1.2021,188,0.38298892286484,1.6675603631758
BGLR,M10.G.P.W-Int,AGDD,M10 AGDD,CV00,5,5,MNH1.2021,48,0.471246846375185,1.86481756460186
BGLR,M10.G.P.W-Int,AGDD,M10 AGDD,CV0,5,5,MOH1.2020,468,0.267082770298432,1.98659594596187
BGLR,M10.G.P.W-Int,AGDD,M10 AGDD,CV00,5,5,MOH1.2020,107,0.183668945885967,2.09817242959122
BGLR,M10.G.P.W-Int,AGDD,M10 AGDD,CV0,5,5,NEH1.2021,187,0.441450210533036,2.73367415324541
BGLR,M10.G.P.W-Int,AGDD,M10 AGDD,CV00,5,5,NEH1.2021,46,0.476071124184917,3.3085213707078
BGLR,M10.G.P.W-Int,AGDD,M10 AGDD,CV0,5,5,TXH1.2020,187,0.684698887796571,1.53015947298877
BGLR,M10.G.P.W-Int,AGDD,M10 AGDD,CV00,5,5,TXH1.2020,46,0.822054355862218,1.74698148250135
BGLR,M10.G.P.W-Int,AGDD,M10 AGDD,CV0,5,5,TXH1.2021,187,-0.000753025311873247,2.09615647613158
BGLR,M10.G.P.W-Int,AGDD,M10 AGDD,CV00,5,5,TXH1.2021,46,0.514005247782893,1.61590777753256
BGLR,M10.G.P.W-Int,AGDD,M10 AGDD,CV0,5,5,TXH2.2020,187,0.430052869823935,1.47766413580088
BGLR,M10.G.P.W-Int,AGDD,M10 AGDD,CV00,5,5,TXH2.2020,46,0.653885541182422,1.7779911650961
BGLR,M10.G.P.W-Int,AGDD,M10 AGDD,CV0,5,5,TXH2.2021,187,0.20274028276637,1.96783994116669
BGLR,M10.G.P.W-Int,AGDD,M10 AGDD,CV00,5,5,TXH2.2021,46,0.0670948062186338,2.21918019610238
BGLR,M10.G.P.W-Int,AGDD,M10 AGDD,CV0,5,5,TXH3.2020,188,-0.0726036067380184,1.67607249783802
BGLR,M10.G.P.W-Int,AGDD,M10 AGDD,CV00,5,5,TXH3.2020,48,-0.0321294528905989,1.81192599581013
BGLR,M10.G.P.W-Int,AGDD,M10 AGDD,CV0,5,5,TXH3.2021,187,0.46675017732578,4.93587264790927
BGLR,M10.G.P.W-Int,AGDD,M10 AGDD,CV00,5,5,TXH3.2021,46,0.584405118255359,4.86655070742931
BGLR,M10.G.P.W-Int,AGDD,M10 AGDD,CV0,5,5,WIH1.2020,186,0.503207730438488,1.71199041963251
BGLR,M10.G.P.W-Int,AGDD,M10 AGDD,CV00,5,5,WIH1.2020,45,0.63545209740761,2.10607076087534
BGLR,M10.G.P.W-Int,AGDD,M10 AGDD,CV0,5,5,WIH1.2021,187,0.346448487013172,3.36808866295719
BGLR,M10.G.P.W-Int,AGDD,M10 AGDD,CV00,5,5,WIH1.2021,46,0.421224102593482,3.3590622723059
BGLR,M10.G.P.W-Int,AGDD,M10 AGDD,CV0,5,5,WIH2.2020,530,-0.0367759281587845,5.22367351401346
BGLR,M10.G.P.W-Int,AGDD,M10 AGDD,CV00,5,5,WIH2.2020,123,-0.0262262945457189,5.15460103089493
BGLR,M10.G.P.W-Int,AGDD,M10 AGDD,CV0,5,5,WIH2.2021,530,0.400378168557485,3.00715563239587
BGLR,M10.G.P.W-Int,AGDD,M10 AGDD,CV00,5,5,WIH2.2021,125,0.439392904544388,2.90733515038559
BGLR,M10.G.P.W-Int,AGDD,M10 AGDD,CV0,5,5,WIH3.2020,187,0.192686472143155,2.42354440951623
BGLR,M10.G.P.W-Int,AGDD,M10 AGDD,CV00,5,5,WIH3.2020,47,0.340679978387052,2.5134965934185
BGLR,M10.G.P.W-Int,AGDD,M10 AGDD,CV0,5,5,WIH3.2021,187,0.560064608018875,1.56051978232065
BGLR,M10.G.P.W-Int,AGDD,M10 AGDD,CV00,5,5,WIH3.2021,46,0.640548199803724,1.63940865740629
TNP,VI+genomic+weather,DAP,TNP VI+G+W,CV0,1,1,DEH1.2020,524,0.378590539858452,1.87901065992316
TNP,VI+genomic+weather,DAP,TNP VI+G+W,CV0,2,1,DEH1.2020,526,0.0878104360307479,2.7185737887717
TNP,VI+genomic+weather,DAP,TNP VI+G+W,CV0,3,1,DEH1.2020,525,0.666925909593667,1.82504843556831
TNP,VI+genomic+weather,DAP,TNP VI+G+W,CV0,4,1,DEH1.2020,521,0.508642101295143,1.9806111990047
TNP,VI+genomic+weather,DAP,TNP VI+G+W,CV0,5,1,DEH1.2020,523,0.126555442371933,2.10046927861626
TNP,VI+genomic+weather,DAP,TNP VI+G+W,CV0,1,1,IAH4.2021,514,0.388261634912182,1.58604689490677
TNP,VI+genomic+weather,DAP,TNP VI+G+W,CV0,2,1,IAH4.2021,518,0.387974554218702,1.71116563770262
TNP,VI+genomic+weather,DAP,TNP VI+G+W,CV0,3,1,IAH4.2021,516,0.451468837454369,1.64791795998656
TNP,VI+genomic+weather,DAP,TNP VI+G+W,CV0,4,1,IAH4.2021,513,0.421661559670044,2.21263835663173
TNP,VI+genomic+weather,DAP,TNP VI+G+W,CV0,5,1,IAH4.2021,515,0.431675468266502,1.52812688982871
TNP,VI+genomic+weather,DAP,TNP VI+G+W,CV0,1,1,MIH1.2020,188,0.37139046062798,1.81542008405664
TNP,VI+genomic+weather,DAP,TNP VI+G+W,CV0,2,1,MIH1.2020,189,0.334975882303975,1.6800312354133
TNP,VI+genomic+weather,DAP,TNP VI+G+W,CV0,3,1,MIH1.2020,187,0.346931479591798,1.42145394400909
TNP,VI+genomic+weather,DAP,TNP VI+G+W,CV0,4,1,MIH1.2020,185,0.420431098618751,1.20571303631729
TNP,VI+genomic+weather,DAP,TNP VI+G+W,CV0,5,1,MIH1.2020,189,0.284392540577839,2.01137400007412
TNP,VI+genomic+weather,DAP,TNP VI+G+W,CV0,1,1,MNH1.2020,185,0.300213112509487,2.65645223349032
TNP,VI+genomic+weather,DAP,TNP VI+G+W,CV0,2,1,MNH1.2020,186,0.480574221622679,1.95058684614365
TNP,VI+genomic+weather,DAP,TNP VI+G+W,CV0,3,1,MNH1.2020,184,0.31520277934306,1.82174258528822
TNP,VI+genomic+weather,DAP,TNP VI+G+W,CV0,4,1,MNH1.2020,184,0.138362085804189,2.29197701623402
TNP,VI+genomic+weather,DAP,TNP VI+G+W,CV0,5,1,MNH1.2020,186,0.0315930769380111,2.25369891701981
TNP,VI+genomic+weather,DAP,TNP VI+G+W,CV0,1,1,MNH1.2021,189,0.511516840690819,1.85880720223451
TNP,VI+genomic+weather,DAP,TNP VI+G+W,CV0,2,1,MNH1.2021,191,0.560526016884717,1.28575774584308
TNP,VI+genomic+weather,DAP,TNP VI+G+W,CV0,3,1,MNH1.2021,189,0.354833169937415,2.1128861088497
TNP,VI+genomic+weather,DAP,TNP VI+G+W,CV0,4,1,MNH1.2021,186,0.499397226736164,1.7736786748307
TNP,VI+genomic+weather,DAP,TNP VI+G+W,CV0,5,1,MNH1.2021,191,0.524271615066167,1.50383014248546
TNP,VI+genomic+weather,DAP,TNP VI+G+W,CV0,1,1,MOH1.2020,462,0.347136944803536,4.27754650816236
TNP,VI+genomic+weather,DAP,TNP VI+G+W,CV0,2,1,MOH1.2020,459,0.119272415983409,2.78984772154099
TNP,VI+genomic+weather,DAP,TNP VI+G+W,CV0,3,1,MOH1.2020,456,0.122206185846341,3.50971513040976
TNP,VI+genomic+weather,DAP,TNP VI+G+W,CV0,4,1,MOH1.2020,458,0.134459284428586,4.57612437690534
TNP,VI+genomic+weather,DAP,TNP VI+G+W,CV0,5,1,MOH1.2020,461,0.149909439135452,4.77654494296896
TNP,VI+genomic+weather,DAP,TNP VI+G+W,CV0,1,1,NEH1.2021,186,0.315300694967697,3.06018015752248
TNP,VI+genomic+weather,DAP,TNP VI+G+W,CV0,2,1,NEH1.2021,188,0.35528223883881,3.74739497553236
TNP,VI+genomic+weather,DAP,TNP VI+G+W,CV0,3,1,NEH1.2021,186,0.377591647142387,3.20196991772498
TNP,VI+genomic+weather,DAP,TNP VI+G+W,CV0,4,1,NEH1.2021,185,0.47832234560905,2.93086211428079
TNP,VI+genomic+weather,DAP,TNP VI+G+W,CV0,5,1,NEH1.2021,188,0.399629971223731,3.60027744440621
TNP,VI+genomic+weather,DAP,TNP VI+G+W,CV0,1,1,TXH1.2020,186,0.446948924756908,1.41006436527134
TNP,VI+genomic+weather,DAP,TNP VI+G+W,CV0,2,1,TXH1.2020,188,0.521844101899489,1.58918710769883
TNP,VI+genomic+weather,DAP,TNP VI+G+W,CV0,3,1,TXH1.2020,186,0.631151979768846,1.65630062995868
TNP,VI+genomic+weather,DAP,TNP VI+G+W,CV0,4,1,TXH1.2020,185,0.458835625394409,1.82616559768822
TNP,VI+genomic+weather,DAP,TNP VI+G+W,CV0,5,1,TXH1.2020,188,0.668131244946542,1.98540420157061
TNP,VI+genomic+weather,DAP,TNP VI+G+W,CV0,1,1,TXH1.2021,186,0.203795008682071,1.65329901203318
TNP,VI+genomic+weather,DAP,TNP VI+G+W,CV0,2,1,TXH1.2021,188,0.148629908753433,1.63088455215941
TNP,VI+genomic+weather,DAP,TNP VI+G+W,CV0,3,1,TXH1.2021,186,0.154535286581436,1.62116794469481
TNP,VI+genomic+weather,DAP,TNP VI+G+W,CV0,4,1,TXH1.2021,185,0.10197954793975,1.65036266666037
TNP,VI+genomic+weather,DAP,TNP VI+G+W,CV0,5,1,TXH1.2021,188,0.219445912506508,1.55738761930614
TNP,VI+genomic+weather,DAP,TNP VI+G+W,CV0,1,1,TXH2.2020,186,0.474956893175583,1.46899054361404
TNP,VI+genomic+weather,DAP,TNP VI+G+W,CV0,2,1,TXH2.2020,188,0.474182773118926,1.6517194102416
TNP,VI+genomic+weather,DAP,TNP VI+G+W,CV0,3,1,TXH2.2020,186,0.440470594777951,1.72945763409571
TNP,VI+genomic+weather,DAP,TNP VI+G+W,CV0,4,1,TXH2.2020,185,0.421618408468037,1.85882887107339
TNP,VI+genomic+weather,DAP,TNP VI+G+W,CV0,5,1,TXH2.2020,188,0.46602715066685,2.04006311881042
TNP,VI+genomic+weather,DAP,TNP VI+G+W,CV0,1,1,TXH2.2021,186,0.0334886720514672,2.04398192463352
TNP,VI+genomic+weather,DAP,TNP VI+G+W,CV0,2,1,TXH2.2021,188,0.0119891817467866,2.13946036348993
TNP,VI+genomic+weather,DAP,TNP VI+G+W,CV0,3,1,TXH2.2021,186,0.0759769728883093,2.17869931825471
TNP,VI+genomic+weather,DAP,TNP VI+G+W,CV0,4,1,TXH2.2021,185,-0.0521576192500018,1.87269343390304
TNP,VI+genomic+weather,DAP,TNP VI+G+W,CV0,5,1,TXH2.2021,188,-0.00763631804611734,2.18458892000117
TNP,VI+genomic+weather,DAP,TNP VI+G+W,CV0,1,1,TXH3.2020,189,0.00367219475114289,2.12529826686375
TNP,VI+genomic+weather,DAP,TNP VI+G+W,CV0,2,1,TXH3.2020,191,0.00605418072348915,3.33047515026546
TNP,VI+genomic+weather,DAP,TNP VI+G+W,CV0,3,1,TXH3.2020,189,0.017235976981606,2.23881131182612
TNP,VI+genomic+weather,DAP,TNP VI+G+W,CV0,4,1,TXH3.2020,186,-0.0789458384851674,1.82108244505945
TNP,VI+genomic+weather,DAP,TNP VI+G+W,CV0,5,1,TXH3.2020,191,0.00134330798482737,2.82876863614478
TNP,VI+genomic+weather,DAP,TNP VI+G+W,CV0,1,1,TXH3.2021,186,0.367537336668893,4.02538270922032
TNP,VI+genomic+weather,DAP,TNP VI+G+W,CV0,2,1,TXH3.2021,188,0.461460810977664,3.69780096319992
TNP,VI+genomic+weather,DAP,TNP VI+G+W,CV0,3,1,TXH3.2021,186,0.455643825850516,3.63686671492403
TNP,VI+genomic+weather,DAP,TNP VI+G+W,CV0,4,1,TXH3.2021,185,0.401933579432975,3.99034738965182
TNP,VI+genomic+weather,DAP,TNP VI+G+W,CV0,5,1,TXH3.2021,188,0.301724558084165,3.81687993753302
TNP,VI+genomic+weather,DAP,TNP VI+G+W,CV0,1,1,WIH1.2020,185,0.527572541397534,2.13844994557214
TNP,VI+genomic+weather,DAP,TNP VI+G+W,CV0,2,1,WIH1.2020,186,0.538652149160749,2.17110699732647
TNP,VI+genomic+weather,DAP,TNP VI+G+W,CV0,3,1,WIH1.2020,184,0.50541547865183,2.17242713116729
TNP,VI+genomic+weather,DAP,TNP VI+G+W,CV0,4,1,WIH1.2020,184,0.53967840504437,1.9069238490545
TNP,VI+genomic+weather,DAP,TNP VI+G+W,CV0,5,1,WIH1.2020,186,0.516002988425433,2.30738763155302
TNP,VI+genomic+weather,DAP,TNP VI+G+W,CV0,1,1,WIH1.2021,186,0.488237946610906,2.56918918724445
TNP,VI+genomic+weather,DAP,TNP VI+G+W,CV0,2,1,WIH1.2021,188,0.32570929905855,2.71749539893308
TNP,VI+genomic+weather,DAP,TNP VI+G+W,CV0,3,1,WIH1.2021,186,0.498421954366489,2.70117606758245
TNP,VI+genomic+weather,DAP,TNP VI+G+W,CV0,4,1,WIH1.2021,185,0.414401919808279,2.09585622687582
TNP,VI+genomic+weather,DAP,TNP VI+G+W,CV0,5,1,WIH1.2021,188,0.532576035698634,2.0750993387799
TNP,VI+genomic+weather,DAP,TNP VI+G+W,CV0,1,1,WIH2.2020,521,0.287225734060587,2.79427251223367
TNP,VI+genomic+weather,DAP,TNP VI+G+W,CV0,2,1,WIH2.2020,524,0.298822570590838,3.02103607748513
TNP,VI+genomic+weather,DAP,TNP VI+G+W,CV0,3,1,WIH2.2020,524,0.297802356148878,2.67755975230571
TNP,VI+genomic+weather,DAP,TNP VI+G+W,CV0,4,1,WIH2.2020,519,0.354314898694827,2.66106434696143
TNP,VI+genomic+weather,DAP,TNP VI+G+W,CV0,5,1,WIH2.2020,520,0.285396658880146,2.78892061555914
TNP,VI+genomic+weather,DAP,TNP VI+G+W,CV0,1,1,WIH2.2021,523,0.312213293515931,2.31898567470025
TNP,VI+genomic+weather,DAP,TNP VI+G+W,CV0,2,1,WIH2.2021,524,0.356975759311539,2.07029570019397
TNP,VI+genomic+weather,DAP,TNP VI+G+W,CV0,3,1,WIH2.2021,525,0.330625004634353,2.15630926079879
TNP,VI+genomic+weather,DAP,TNP VI+G+W,CV0,4,1,WIH2.2021,519,0.347214870859602,2.37027523126693
TNP,VI+genomic+weather,DAP,TNP VI+G+W,CV0,5,1,WIH2.2021,523,0.311023362711978,2.30601082223238
TNP,VI+genomic+weather,DAP,TNP VI+G+W,CV0,1,1,WIH3.2020,188,0.333339552597986,2.34834943903879
TNP,VI+genomic+weather,DAP,TNP VI+G+W,CV0,2,1,WIH3.2020,189,0.274409232750288,2.37406286464238
TNP,VI+genomic+weather,DAP,TNP VI+G+W,CV0,3,1,WIH3.2020,187,0.325670568532359,2.29521791080897
TNP,VI+genomic+weather,DAP,TNP VI+G+W,CV0,4,1,WIH3.2020,185,0.282889333552181,2.39336924437136
TNP,VI+genomic+weather,DAP,TNP VI+G+W,CV0,5,1,WIH3.2020,189,0.346823516434629,2.33204516492659
TNP,VI+genomic+weather,DAP,TNP VI+G+W,CV0,1,1,WIH3.2021,186,0.45153254022252,1.80068602401273
TNP,VI+genomic+weather,DAP,TNP VI+G+W,CV0,2,1,WIH3.2021,188,0.539661037808578,2.11720004502598
TNP,VI+genomic+weather,DAP,TNP VI+G+W,CV0,3,1,WIH3.2021,186,0.429306411374572,1.8413660429016
TNP,VI+genomic+weather,DAP,TNP VI+G+W,CV0,4,1,WIH3.2021,185,0.541768136434693,1.6375329431482
TNP,VI+genomic+weather,DAP,TNP VI+G+W,CV0,5,1,WIH3.2021,188,0.496892447533081,1.872561434704
TNP,VI+genomic+weather,DAP,TNP VI+G+W,CV0,1,2,DEH1.2020,523,0.339941206586025,2.13915341738927
TNP,VI+genomic+weather,DAP,TNP VI+G+W,CV0,2,2,DEH1.2020,521,0.043450978350877,3.79946580305151
TNP,VI+genomic+weather,DAP,TNP VI+G+W,CV0,3,2,DEH1.2020,521,0.643827328088729,1.98183346451781
TNP,VI+genomic+weather,DAP,TNP VI+G+W,CV0,4,2,DEH1.2020,523,0.584961765033409,2.6198224426619
TNP,VI+genomic+weather,DAP,TNP VI+G+W,CV0,5,2,DEH1.2020,522,0.447197138332002,2.01897958339829
TNP,VI+genomic+weather,DAP,TNP VI+G+W,CV0,1,2,IAH4.2021,519,0.455054903587127,1.51864633333026
TNP,VI+genomic+weather,DAP,TNP VI+G+W,CV0,2,2,IAH4.2021,513,0.419021271442838,1.50193966950209
TNP,VI+genomic+weather,DAP,TNP VI+G+W,CV0,3,2,IAH4.2021,514,0.456024616904545,1.54301998640639
TNP,VI+genomic+weather,DAP,TNP VI+G+W,CV0,4,2,IAH4.2021,515,0.419740946918478,1.81620137395582
TNP,VI+genomic+weather,DAP,TNP VI+G+W,CV0,5,2,IAH4.2021,514,0.435221814300332,1.50696177153526
TNP,VI+genomic+weather,DAP,TNP VI+G+W,CV0,1,2,MIH1.2020,186,0.319538509427164,2.71193476285709
TNP,VI+genomic+weather,DAP,TNP VI+G+W,CV0,2,2,MIH1.2020,187,0.37103624531108,1.80722873746424
TNP,VI+genomic+weather,DAP,TNP VI+G+W,CV0,3,2,MIH1.2020,188,0.440969758517033,1.41772328574177
TNP,VI+genomic+weather,DAP,TNP VI+G+W,CV0,4,2,MIH1.2020,184,0.234754029284542,1.2917164308127
TNP,VI+genomic+weather,DAP,TNP VI+G+W,CV0,5,2,MIH1.2020,186,0.402273874408042,1.30002231320631
TNP,VI+genomic+weather,DAP,TNP VI+G+W,CV0,1,2,MNH1.2020,184,0.254733402914087,2.35922977805265
TNP,VI+genomic+weather,DAP,TNP VI+G+W,CV0,2,2,MNH1.2020,184,0.0548867299455091,2.20149633499066
TNP,VI+genomic+weather,DAP,TNP VI+G+W,CV0,3,2,MNH1.2020,185,0.192727670853914,2.19588236710401
TNP,VI+genomic+weather,DAP,TNP VI+G+W,CV0,4,2,MNH1.2020,181,0.208585726652308,2.06311750670385
TNP,VI+genomic+weather,DAP,TNP VI+G+W,CV0,5,2,MNH1.2020,183,0.163756943322107,2.06856414927615
TNP,VI+genomic+weather,DAP,TNP VI+G+W,CV0,1,2,MNH1.2021,188,0.380012559813178,1.40008557824707
TNP,VI+genomic+weather,DAP,TNP VI+G+W,CV0,2,2,MNH1.2021,189,0.446105194217651,1.50093053487176
TNP,VI+genomic+weather,DAP,TNP VI+G+W,CV0,3,2,MNH1.2021,190,0.417200137059702,1.66645493882359
TNP,VI+genomic+weather,DAP,TNP VI+G+W,CV0,4,2,MNH1.2021,186,0.546321105789846,1.29821853746926
TNP,VI+genomic+weather,DAP,TNP VI+G+W,CV0,5,2,MNH1.2021,188,0.551389767778122,1.51386235843744
TNP,VI+genomic+weather,DAP,TNP VI+G+W,CV0,1,2,MOH1.2020,458,0.164920859767294,4.81177965994514
TNP,VI+genomic+weather,DAP,TNP VI+G+W,CV0,2,2,MOH1.2020,456,0.137711759901014,3.46597067601234
TNP,VI+genomic+weather,DAP,TNP VI+G+W,CV0,3,2,MOH1.2020,463,0.171136311363977,4.3935328629117
TNP,VI+genomic+weather,DAP,TNP VI+G+W,CV0,4,2,MOH1.2020,454,0.153627897723947,4.38452709386811
TNP,VI+genomic+weather,DAP,TNP VI+G+W,CV0,5,2,MOH1.2020,457,0.164579083984672,4.82285660317469
TNP,VI+genomic+weather,DAP,TNP VI+G+W,CV0,1,2,NEH1.2021,186,0.273324175954443,3.32853123127224
TNP,VI+genomic+weather,DAP,TNP VI+G+W,CV0,2,2,NEH1.2021,186,0.291622843680811,3.26321364574922
TNP,VI+genomic+weather,DAP,TNP VI+G+W,CV0,3,2,NEH1.2021,187,0.365664201792206,3.38663958642912
TNP,VI+genomic+weather,DAP,TNP VI+G+W,CV0,4,2,NEH1.2021,183,0.43925802697738,3.38944555749007
TNP,VI+genomic+weather,DAP,TNP VI+G+W,CV0,5,2,NEH1.2021,185,0.365204266657378,3.723506216705
TNP,VI+genomic+weather,DAP,TNP VI+G+W,CV0,1,2,TXH1.2020,186,0.602728980439136,1.38003024656424
TNP,VI+genomic+weather,DAP,TNP VI+G+W,CV0,2,2,TXH1.2020,186,0.666347031892254,1.68690552240145
TNP,VI+genomic+weather,DAP,TNP VI+G+W,CV0,3,2,TXH1.2020,187,0.67967963701206,1.94895884347861
TNP,VI+genomic+weather,DAP,TNP VI+G+W,CV0,4,2,TXH1.2020,183,0.703111780697676,1.92725435511437
TNP,VI+genomic+weather,DAP,TNP VI+G+W,CV0,5,2,TXH1.2020,185,0.628312780611458,1.55081474457647
TNP,VI+genomic+weather,DAP,TNP VI+G+W,CV0,1,2,TXH1.2021,186,0.182005116652966,1.57289951089567
TNP,VI+genomic+weather,DAP,TNP VI+G+W,CV0,2,2,TXH1.2021,186,0.19191442256104,1.60832969247707
TNP,VI+genomic+weather,DAP,TNP VI+G+W,CV0,3,2,TXH1.2021,187,0.227913788415822,1.616597481633
TNP,VI+genomic+weather,DAP,TNP VI+G+W,CV0,4,2,TXH1.2021,183,0.130122078898855,1.69573760989041
TNP,VI+genomic+weather,DAP,TNP VI+G+W,CV0,5,2,TXH1.2021,185,0.238067075587559,1.65218119041878
TNP,VI+genomic+weather,DAP,TNP VI+G+W,CV0,1,2,TXH2.2020,186,0.515322706835441,1.54375854936702
TNP,VI+genomic+weather,DAP,TNP VI+G+W,CV0,2,2,TXH2.2020,186,0.551187061550897,1.94197486786289
TNP,VI+genomic+weather,DAP,TNP VI+G+W,CV0,3,2,TXH2.2020,187,0.595421469087643,1.66106731351255
TNP,VI+genomic+weather,DAP,TNP VI+G+W,CV0,4,2,TXH2.2020,183,0.469945643692116,1.65044435838173
TNP,VI+genomic+weather,DAP,TNP VI+G+W,CV0,5,2,TXH2.2020,185,0.464786929889668,1.82387761339838
TNP,VI+genomic+weather,DAP,TNP VI+G+W,CV0,1,2,TXH2.2021,186,0.136369138658055,2.02381970526253
TNP,VI+genomic+weather,DAP,TNP VI+G+W,CV0,2,2,TXH2.2021,186,0.120867834275971,2.00211866432151
TNP,VI+genomic+weather,DAP,TNP VI+G+W,CV0,3,2,TXH2.2021,187,0.0169990633857859,2.16979376494564
TNP,VI+genomic+weather,DAP,TNP VI+G+W,CV0,4,2,TXH2.2021,183,0.0802597341228827,1.74726566804782
TNP,VI+genomic+weather,DAP,TNP VI+G+W,CV0,5,2,TXH2.2021,185,-0.0638217124215543,2.48904908040531
TNP,VI+genomic+weather,DAP,TNP VI+G+W,CV0,1,2,TXH3.2020,188,-0.0507949410473732,3.43997431171036
TNP,VI+genomic+weather,DAP,TNP VI+G+W,CV0,2,2,TXH3.2020,189,-0.0662130255185802,3.21958716775339
TNP,VI+genomic+weather,DAP,TNP VI+G+W,CV0,3,2,TXH3.2020,190,0.00249090478350791,3.009423029665
TNP,VI+genomic+weather,DAP,TNP VI+G+W,CV0,4,2,TXH3.2020,186,0.023924721804433,2.04627673733531
TNP,VI+genomic+weather,DAP,TNP VI+G+W,CV0,5,2,TXH3.2020,188,-0.00975911600833206,3.04076187292772
TNP,VI+genomic+weather,DAP,TNP VI+G+W,CV0,1,2,TXH3.2021,186,0.442078163802695,4.43780289665157
TNP,VI+genomic+weather,DAP,TNP VI+G+W,CV0,2,2,TXH3.2021,186,0.326146387773938,3.70636488588015
TNP,VI+genomic+weather,DAP,TNP VI+G+W,CV0,3,2,TXH3.2021,187,0.401063589260985,3.19321829807904
TNP,VI+genomic+weather,DAP,TNP VI+G+W,CV0,4,2,TXH3.2021,183,0.489477551952332,3.62078479413243
TNP,VI+genomic+weather,DAP,TNP VI+G+W,CV0,5,2,TXH3.2021,185,0.410070865450501,4.18966074553767
TNP,VI+genomic+weather,DAP,TNP VI+G+W,CV0,1,2,WIH1.2020,184,0.555819447243664,1.96447270641031
TNP,VI+genomic+weather,DAP,TNP VI+G+W,CV0,2,2,WIH1.2020,184,0.511648271282684,2.22913240066281
TNP,VI+genomic+weather,DAP,TNP VI+G+W,CV0,3,2,WIH1.2020,185,0.512118654389595,2.11905964751647
TNP,VI+genomic+weather,DAP,TNP VI+G+W,CV0,4,2,WIH1.2020,181,0.392350948946266,1.90080039546265
TNP,VI+genomic+weather,DAP,TNP VI+G+W,CV0,5,2,WIH1.2020,183,0.536475289129137,1.89196457993367
TNP,VI+genomic+weather,DAP,TNP VI+G+W,CV0,1,2,WIH1.2021,186,0.439252452093496,2.56163801039729
TNP,VI+genomic+weather,DAP,TNP VI+G+W,CV0,2,2,WIH1.2021,186,0.395183372320431,2.4552137161015
TNP,VI+genomic+weather,DAP,TNP VI+G+W,CV0,3,2,WIH1.2021,187,0.53309207786712,2.87422287842887
TNP,VI+genomic+weather,DAP,TNP VI+G+W,CV0,4,2,WIH1.2021,183,0.442610278800279,2.13943907177673
TNP,VI+genomic+weather,DAP,TNP VI+G+W,CV0,5,2,WIH1.2021,185,0.466957281823416,2.2664631753606
TNP,VI+genomic+weather,DAP,TNP VI+G+W,CV0,1,2,WIH2.2020,520,0.331163593842115,2.84107183807147
TNP,VI+genomic+weather,DAP,TNP VI+G+W,CV0,2,2,WIH2.2020,520,0.304723800700176,2.94654451832524
TNP,VI+genomic+weather,DAP,TNP VI+G+W,CV0,3,2,WIH2.2020,519,0.314107831074936,2.98468715104675
TNP,VI+genomic+weather,DAP,TNP VI+G+W,CV0,4,2,WIH2.2020,521,0.318674962845017,2.70171594689221
TNP,VI+genomic+weather,DAP,TNP VI+G+W,CV0,5,2,WIH2.2020,522,0.321539554746809,2.76770217099283
TNP,VI+genomic+weather,DAP,TNP VI+G+W,CV0,1,2,WIH2.2021,524,0.249926818711047,2.25220283777951
TNP,VI+genomic+weather,DAP,TNP VI+G+W,CV0,2,2,WIH2.2021,521,0.37672357169448,2.27840460585529
TNP,VI+genomic+weather,DAP,TNP VI+G+W,CV0,3,2,WIH2.2021,522,0.253409782381453,2.34858411186523
TNP,VI+genomic+weather,DAP,TNP VI+G+W,CV0,4,2,WIH2.2021,523,0.332553471756249,2.79834174705917
TNP,VI+genomic+weather,DAP,TNP VI+G+W,CV0,5,2,WIH2.2021,522,0.336273126382729,2.74572125699795
TNP,VI+genomic+weather,DAP,TNP VI+G+W,CV0,1,2,WIH3.2020,186,0.310144565462813,2.339268166646
TNP,VI+genomic+weather,DAP,TNP VI+G+W,CV0,2,2,WIH3.2020,187,0.380536352920278,2.26095422222003
TNP,VI+genomic+weather,DAP,TNP VI+G+W,CV0,3,2,WIH3.2020,188,0.386111550362968,2.33095293011479
TNP,VI+genomic+weather,DAP,TNP VI+G+W,CV0,4,2,WIH3.2020,184,0.17100364308264,2.51362869889243
TNP,VI+genomic+weather,DAP,TNP VI+G+W,CV0,5,2,WIH3.2020,186,0.326143732593714,2.39588076500415
TNP,VI+genomic+weather,DAP,TNP VI+G+W,CV0,1,2,WIH3.2021,186,0.412979266276196,1.89218765215867
TNP,VI+genomic+weather,DAP,TNP VI+G+W,CV0,2,2,WIH3.2021,186,0.43936937060154,2.34217196163792
TNP,VI+genomic+weather,DAP,TNP VI+G+W,CV0,3,2,WIH3.2021,187,0.560113616343863,1.79077330542786
TNP,VI+genomic+weather,DAP,TNP VI+G+W,CV0,4,2,WIH3.2021,183,0.389409137451004,1.89672648660905
TNP,VI+genomic+weather,DAP,TNP VI+G+W,CV0,5,2,WIH3.2021,185,0.432112003775672,1.84696169409771
TNP,VI+genomic+weather,DAP,TNP VI+G+W,CV0,1,3,DEH1.2020,520,-0.0440135841157008,2.12762916404156
TNP,VI+genomic+weather,DAP,TNP VI+G+W,CV0,2,3,DEH1.2020,522,0.291677645322009,3.10051731906643
TNP,VI+genomic+weather,DAP,TNP VI+G+W,CV0,3,3,DEH1.2020,522,0.484432525413469,2.69526783050045
TNP,VI+genomic+weather,DAP,TNP VI+G+W,CV0,4,3,DEH1.2020,520,0.523348569142117,3.24314593348897
TNP,VI+genomic+weather,DAP,TNP VI+G+W,CV0,5,3,DEH1.2020,520,0.330393269346861,2.38136165225306
TNP,VI+genomic+weather,DAP,TNP VI+G+W,CV0,1,3,IAH4.2021,511,0.459698802121078,1.48919807889681
TNP,VI+genomic+weather,DAP,TNP VI+G+W,CV0,2,3,IAH4.2021,514,0.407736382521015,1.86006996032355
TNP,VI+genomic+weather,DAP,TNP VI+G+W,CV0,3,3,IAH4.2021,514,0.496461069659104,1.82400483466566
TNP,VI+genomic+weather,DAP,TNP VI+G+W,CV0,4,3,IAH4.2021,512,0.404121838180918,1.652232464588
TNP,VI+genomic+weather,DAP,TNP VI+G+W,CV0,5,3,IAH4.2021,513,0.453035711655766,1.42595385377678
TNP,VI+genomic+weather,DAP,TNP VI+G+W,CV0,1,3,MIH1.2020,185,0.343823645842693,1.94231822669087
TNP,VI+genomic+weather,DAP,TNP VI+G+W,CV0,2,3,MIH1.2020,189,0.285095540310209,1.67980581633244
TNP,VI+genomic+weather,DAP,TNP VI+G+W,CV0,3,3,MIH1.2020,188,0.383935856616399,1.93153778802461
TNP,VI+genomic+weather,DAP,TNP VI+G+W,CV0,4,3,MIH1.2020,188,0.231817263986657,1.26237972039982
TNP,VI+genomic+weather,DAP,TNP VI+G+W,CV0,5,3,MIH1.2020,186,0.351893489024081,1.23309859246965
TNP,VI+genomic+weather,DAP,TNP VI+G+W,CV0,1,3,MNH1.2020,184,0.239812100757922,2.31858064729919
TNP,VI+genomic+weather,DAP,TNP VI+G+W,CV0,2,3,MNH1.2020,186,0.276353218380026,1.69173852416984
TNP,VI+genomic+weather,DAP,TNP VI+G+W,CV0,3,3,MNH1.2020,185,0.170140895510692,2.74270435282372
TNP,VI+genomic+weather,DAP,TNP VI+G+W,CV0,4,3,MNH1.2020,185,0.121912149865825,2.13869302520091
TNP,VI+genomic+weather,DAP,TNP VI+G+W,CV0,5,3,MNH1.2020,183,0.197836382120335,1.99060434806654
TNP,VI+genomic+weather,DAP,TNP VI+G+W,CV0,1,3,MNH1.2021,186,0.334937985045395,1.95697297427982
TNP,VI+genomic+weather,DAP,TNP VI+G+W,CV0,2,3,MNH1.2021,191,0.556199648857744,1.31656086985106
TNP,VI+genomic+weather,DAP,TNP VI+G+W,CV0,3,3,MNH1.2021,189,0.334317915440766,2.40061086715249
TNP,VI+genomic+weather,DAP,TNP VI+G+W,CV0,4,3,MNH1.2021,189,0.538368139746722,1.39655570237744
TNP,VI+genomic+weather,DAP,TNP VI+G+W,CV0,5,3,MNH1.2021,187,0.569606351836187,1.47493591039192
TNP,VI+genomic+weather,DAP,TNP VI+G+W,CV0,1,3,MOH1.2020,454,0.148275931105488,5.12642238023899
TNP,VI+genomic+weather,DAP,TNP VI+G+W,CV0,2,3,MOH1.2020,458,0.15418638048818,3.61731003746404
TNP,VI+genomic+weather,DAP,TNP VI+G+W,CV0,3,3,MOH1.2020,460,0.317346594456493,3.97165143556787
TNP,VI+genomic+weather,DAP,TNP VI+G+W,CV0,4,3,MOH1.2020,454,0.0629884521373434,5.39424693058687
TNP,VI+genomic+weather,DAP,TNP VI+G+W,CV0,5,3,MOH1.2020,454,0.0917479346300943,4.08382490407496
TNP,VI+genomic+weather,DAP,TNP VI+G+W,CV0,1,3,NEH1.2021,185,0.22318098761283,3.32479598879186
TNP,VI+genomic+weather,DAP,TNP VI+G+W,CV0,2,3,NEH1.2021,188,0.295579717446931,3.39651438713273
TNP,VI+genomic+weather,DAP,TNP VI+G+W,CV0,3,3,NEH1.2021,186,0.401973703760697,3.7241784515142
TNP,VI+genomic+weather,DAP,TNP VI+G+W,CV0,4,3,NEH1.2021,186,0.311936890458348,3.2780818217942
TNP,VI+genomic+weather,DAP,TNP VI+G+W,CV0,5,3,NEH1.2021,184,0.441041737922388,4.11791724638603
TNP,VI+genomic+weather,DAP,TNP VI+G+W,CV0,1,3,TXH1.2020,185,0.322496939811154,1.69814350775165
TNP,VI+genomic+weather,DAP,TNP VI+G+W,CV0,2,3,TXH1.2020,188,0.667719351544961,1.98089127064253
TNP,VI+genomic+weather,DAP,TNP VI+G+W,CV0,3,3,TXH1.2020,186,0.612574609935853,1.87710751528224
TNP,VI+genomic+weather,DAP,TNP VI+G+W,CV0,4,3,TXH1.2020,186,0.630364452103609,1.73501934548209
TNP,VI+genomic+weather,DAP,TNP VI+G+W,CV0,5,3,TXH1.2020,184,0.677045647982676,1.68507410363499
TNP,VI+genomic+weather,DAP,TNP VI+G+W,CV0,1,3,TXH1.2021,185,0.211172226417756,1.51060087189569
TNP,VI+genomic+weather,DAP,TNP VI+G+W,CV0,2,3,TXH1.2021,188,0.163440298878595,1.64206742052549
TNP,VI+genomic+weather,DAP,TNP VI+G+W,CV0,3,3,TXH1.2021,186,0.261509392191313,1.54889448719606
TNP,VI+genomic+weather,DAP,TNP VI+G+W,CV0,4,3,TXH1.2021,186,0.17397461518773,1.59163100678541
TNP,VI+genomic+weather,DAP,TNP VI+G+W,CV0,5,3,TXH1.2021,184,0.223296990982158,1.59865597321972
TNP,VI+genomic+weather,DAP,TNP VI+G+W,CV0,1,3,TXH2.2020,185,0.493765556400568,1.32288860715038
TNP,VI+genomic+weather,DAP,TNP VI+G+W,CV0,2,3,TXH2.2020,188,0.51620666376129,1.62222992574394
TNP,VI+genomic+weather,DAP,TNP VI+G+W,CV0,3,3,TXH2.2020,186,0.461909557967462,1.6285213245054
TNP,VI+genomic+weather,DAP,TNP VI+G+W,CV0,4,3,TXH2.2020,186,0.523811355677512,1.61652196017466
TNP,VI+genomic+weather,DAP,TNP VI+G+W,CV0,5,3,TXH2.2020,184,0.465771672471108,1.69815879168142
TNP,VI+genomic+weather,DAP,TNP VI+G+W,CV0,1,3,TXH2.2021,185,0.130186240815819,1.96927945739958
TNP,VI+genomic+weather,DAP,TNP VI+G+W,CV0,2,3,TXH2.2021,188,0.053561632712583,2.04313297449824
TNP,VI+genomic+weather,DAP,TNP VI+G+W,CV0,3,3,TXH2.2021,186,0.00696238143999453,2.18154991364232
TNP,VI+genomic+weather,DAP,TNP VI+G+W,CV0,4,3,TXH2.2021,186,0.0338578223428198,2.04393288131609
TNP,VI+genomic+weather,DAP,TNP VI+G+W,CV0,5,3,TXH2.2021,184,-0.0236109999819468,2.228578309873
TNP,VI+genomic+weather,DAP,TNP VI+G+W,CV0,1,3,TXH3.2020,186,0.0495402275306691,2.15156325126997
TNP,VI+genomic+weather,DAP,TNP VI+G+W,CV0,2,3,TXH3.2020,191,-0.0530087947435236,3.69904270298061
TNP,VI+genomic+weather,DAP,TNP VI+G+W,CV0,3,3,TXH3.2020,189,-0.0191355302769221,2.85133754960558
TNP,VI+genomic+weather,DAP,TNP VI+G+W,CV0,4,3,TXH3.2020,189,-0.0295018103607029,2.63798169284977
TNP,VI+genomic+weather,DAP,TNP VI+G+W,CV0,5,3,TXH3.2020,187,-0.00224939423445133,3.42650779531901
TNP,VI+genomic+weather,DAP,TNP VI+G+W,CV0,1,3,TXH3.2021,185,0.407776932939597,3.49701057753735
TNP,VI+genomic+weather,DAP,TNP VI+G+W,CV0,2,3,TXH3.2021,188,0.442450482422347,3.88715827922799
TNP,VI+genomic+weather,DAP,TNP VI+G+W,CV0,3,3,TXH3.2021,186,0.363616809138388,3.6364427303728
TNP,VI+genomic+weather,DAP,TNP VI+G+W,CV0,4,3,TXH3.2021,186,0.483119584500224,3.98468514878653
TNP,VI+genomic+weather,DAP,TNP VI+G+W,CV0,5,3,TXH3.2021,184,0.387509037903579,4.2649276215216
TNP,VI+genomic+weather,DAP,TNP VI+G+W,CV0,1,3,WIH1.2020,184,0.543471080560767,1.97455443408214
TNP,VI+genomic+weather,DAP,TNP VI+G+W,CV0,2,3,WIH1.2020,186,0.534012148760116,1.90441359814423
TNP,VI+genomic+weather,DAP,TNP VI+G+W,CV0,3,3,WIH1.2020,185,0.568021250361409,1.92631287015339
TNP,VI+genomic+weather,DAP,TNP VI+G+W,CV0,4,3,WIH1.2020,185,0.516754177091984,2.09971392267702
TNP,VI+genomic+weather,DAP,TNP VI+G+W,CV0,5,3,WIH1.2020,183,0.511920039391985,2.05633913756309
TNP,VI+genomic+weather,DAP,TNP VI+G+W,CV0,1,3,WIH1.2021,185,0.411945158262016,2.81390569943655
TNP,VI+genomic+weather,DAP,TNP VI+G+W,CV0,2,3,WIH1.2021,188,0.352021100231576,2.83668996576866
TNP,VI+genomic+weather,DAP,TNP VI+G+W,CV0,3,3,WIH1.2021,186,0.46736989444201,2.58114976740473
TNP,VI+genomic+weather,DAP,TNP VI+G+W,CV0,4,3,WIH1.2021,186,0.371679327061631,2.30926664382528
TNP,VI+genomic+weather,DAP,TNP VI+G+W,CV0,5,3,WIH1.2021,184,0.422023447214337,2.45765542889287
TNP,VI+genomic+weather,DAP,TNP VI+G+W,CV0,1,3,WIH2.2020,519,0.335814962322478,2.79950458461581
TNP,VI+genomic+weather,DAP,TNP VI+G+W,CV0,2,3,WIH2.2020,520,0.323536187133455,2.89593091834245
TNP,VI+genomic+weather,DAP,TNP VI+G+W,CV0,3,3,WIH2.2020,519,0.330622541000444,3.04539274872438
TNP,VI+genomic+weather,DAP,TNP VI+G+W,CV0,4,3,WIH2.2020,519,0.380952863429528,2.64018449558091
TNP,VI+genomic+weather,DAP,TNP VI+G+W,CV0,5,3,WIH2.2020,520,0.307105659190478,2.66734173940228
TNP,VI+genomic+weather,DAP,TNP VI+G+W,CV0,1,3,WIH2.2021,517,0.272205557365284,2.32179969483482
TNP,VI+genomic+weather,DAP,TNP VI+G+W,CV0,2,3,WIH2.2021,522,0.418620890462505,1.93887529099969
TNP,VI+genomic+weather,DAP,TNP VI+G+W,CV0,3,3,WIH2.2021,522,0.28175148511787,2.27200459836344
TNP,VI+genomic+weather,DAP,TNP VI+G+W,CV0,4,3,WIH2.2021,522,0.254465674206085,2.97808313308604
TNP,VI+genomic+weather,DAP,TNP VI+G+W,CV0,5,3,WIH2.2021,521,0.272006427553581,2.51510842988103
TNP,VI+genomic+weather,DAP,TNP VI+G+W,CV0,1,3,WIH3.2020,185,0.351939031062653,2.31670496782778
TNP,VI+genomic+weather,DAP,TNP VI+G+W,CV0,2,3,WIH3.2020,189,0.343431392294052,2.47630004656664
TNP,VI+genomic+weather,DAP,TNP VI+G+W,CV0,3,3,WIH3.2020,188,0.351662666457137,2.37198452893996
TNP,VI+genomic+weather,DAP,TNP VI+G+W,CV0,4,3,WIH3.2020,188,0.28385755701911,2.3773264867865
TNP,VI+genomic+weather,DAP,TNP VI+G+W,CV0,5,3,WIH3.2020,186,0.31092392733708,2.42830151028381
TNP,VI+genomic+weather,DAP,TNP VI+G+W,CV0,1,3,WIH3.2021,185,0.446335497268982,1.93996232312379
TNP,VI+genomic+weather,DAP,TNP VI+G+W,CV0,2,3,WIH3.2021,188,0.559988756993623,2.49954996651493
TNP,VI+genomic+weather,DAP,TNP VI+G+W,CV0,3,3,WIH3.2021,186,0.433860087101657,1.63388184061871
TNP,VI+genomic+weather,DAP,TNP VI+G+W,CV0,4,3,WIH3.2021,186,0.493872313288498,1.87171941471245
TNP,VI+genomic+weather,DAP,TNP VI+G+W,CV0,5,3,WIH3.2021,184,0.5223979985064,1.79115557281393
TNP,VI+genomic+weather,DAP,TNP VI+G+W,CV0,1,4,DEH1.2020,522,0.445738676465587,1.91934285949226
TNP,VI+genomic+weather,DAP,TNP VI+G+W,CV0,2,4,DEH1.2020,522,0.0130910972631373,2.85177810988967
TNP,VI+genomic+weather,DAP,TNP VI+G+W,CV0,3,4,DEH1.2020,521,0.665949650471687,2.1234420969527
TNP,VI+genomic+weather,DAP,TNP VI+G+W,CV0,4,4,DEH1.2020,524,0.152455039321087,3.40923865224311
TNP,VI+genomic+weather,DAP,TNP VI+G+W,CV0,5,4,DEH1.2020,522,0.577702329422637,2.08486544711441
TNP,VI+genomic+weather,DAP,TNP VI+G+W,CV0,1,4,IAH4.2021,515,0.399576395913469,1.73689212749353
TNP,VI+genomic+weather,DAP,TNP VI+G+W,CV0,2,4,IAH4.2021,514,0.468235410889648,1.55228135245349
TNP,VI+genomic+weather,DAP,TNP VI+G+W,CV0,3,4,IAH4.2021,512,0.429322122563817,1.6372428664924
TNP,VI+genomic+weather,DAP,TNP VI+G+W,CV0,4,4,IAH4.2021,516,0.381076243279613,1.70298957501346
TNP,VI+genomic+weather,DAP,TNP VI+G+W,CV0,5,4,IAH4.2021,516,0.466798362810976,1.5349663157618
TNP,VI+genomic+weather,DAP,TNP VI+G+W,CV0,1,4,MIH1.2020,187,0.33474368896228,1.69547898978333
TNP,VI+genomic+weather,DAP,TNP VI+G+W,CV0,2,4,MIH1.2020,188,0.401620825547577,1.53027251094759
TNP,VI+genomic+weather,DAP,TNP VI+G+W,CV0,3,4,MIH1.2020,185,0.362569729784807,1.29224445666496
TNP,VI+genomic+weather,DAP,TNP VI+G+W,CV0,4,4,MIH1.2020,188,0.25402504680247,1.30699855536758
TNP,VI+genomic+weather,DAP,TNP VI+G+W,CV0,5,4,MIH1.2020,188,0.292214281373862,1.44981810420802
TNP,VI+genomic+weather,DAP,TNP VI+G+W,CV0,1,4,MNH1.2020,184,0.212373763345046,2.15359256590917
TNP,VI+genomic+weather,DAP,TNP VI+G+W,CV0,2,4,MNH1.2020,185,0.035488871062698,2.38979817321088
TNP,VI+genomic+weather,DAP,TNP VI+G+W,CV0,3,4,MNH1.2020,184,0.301246497307297,1.653973487394
TNP,VI+genomic+weather,DAP,TNP VI+G+W,CV0,4,4,MNH1.2020,186,0.15050237959657,1.82321300353148
TNP,VI+genomic+weather,DAP,TNP VI+G+W,CV0,5,4,MNH1.2020,186,0.24458206649599,1.94062565644837
TNP,VI+genomic+weather,DAP,TNP VI+G+W,CV0,1,4,MNH1.2021,189,0.536514443700952,1.30025547137778
TNP,VI+genomic+weather,DAP,TNP VI+G+W,CV0,2,4,MNH1.2021,189,0.552808304661515,1.39272740066484
TNP,VI+genomic+weather,DAP,TNP VI+G+W,CV0,3,4,MNH1.2021,186,0.435854143728142,2.10014976967308
TNP,VI+genomic+weather,DAP,TNP VI+G+W,CV0,4,4,MNH1.2021,190,0.482425970720454,1.45301817227313
TNP,VI+genomic+weather,DAP,TNP VI+G+W,CV0,5,4,MNH1.2021,190,0.50376830405937,1.28687194416303
TNP,VI+genomic+weather,DAP,TNP VI+G+W,CV0,1,4,MOH1.2020,455,0.0418744416842563,5.04728466139194
TNP,VI+genomic+weather,DAP,TNP VI+G+W,CV0,2,4,MOH1.2020,463,0.207172373839624,2.855655954095
TNP,VI+genomic+weather,DAP,TNP VI+G+W,CV0,3,4,MOH1.2020,455,0.176970626969564,4.17134745130902
TNP,VI+genomic+weather,DAP,TNP VI+G+W,CV0,4,4,MOH1.2020,466,0.0695839319119908,4.41041129007793
TNP,VI+genomic+weather,DAP,TNP VI+G+W,CV0,5,4,MOH1.2020,460,0.272370855095697,4.34986659259888
TNP,VI+genomic+weather,DAP,TNP VI+G+W,CV0,1,4,NEH1.2021,186,0.173853204708781,3.31091096625723
TNP,VI+genomic+weather,DAP,TNP VI+G+W,CV0,2,4,NEH1.2021,186,0.35577753427003,3.52059652620677
TNP,VI+genomic+weather,DAP,TNP VI+G+W,CV0,3,4,NEH1.2021,185,0.38218866615091,3.41882835284524
TNP,VI+genomic+weather,DAP,TNP VI+G+W,CV0,4,4,NEH1.2021,188,0.272230695853688,3.32038643927813
TNP,VI+genomic+weather,DAP,TNP VI+G+W,CV0,5,4,NEH1.2021,188,0.368212101625809,3.5645705916568
TNP,VI+genomic+weather,DAP,TNP VI+G+W,CV0,1,4,TXH1.2020,186,0.542145609823535,1.47239721556588
TNP,VI+genomic+weather,DAP,TNP VI+G+W,CV0,2,4,TXH1.2020,186,0.631600986010489,1.82543189867792
TNP,VI+genomic+weather,DAP,TNP VI+G+W,CV0,3,4,TXH1.2020,185,0.498554309586176,1.96644005701084
TNP,VI+genomic+weather,DAP,TNP VI+G+W,CV0,4,4,TXH1.2020,188,0.696982396795796,1.73304946452882
TNP,VI+genomic+weather,DAP,TNP VI+G+W,CV0,5,4,TXH1.2020,188,0.630423515010551,1.97453667901407
TNP,VI+genomic+weather,DAP,TNP VI+G+W,CV0,1,4,TXH1.2021,186,0.102968926747926,1.66660528310956
TNP,VI+genomic+weather,DAP,TNP VI+G+W,CV0,2,4,TXH1.2021,186,0.117156623003606,1.77582744985024
TNP,VI+genomic+weather,DAP,TNP VI+G+W,CV0,3,4,TXH1.2021,185,0.147037996741027,1.63517193298687
TNP,VI+genomic+weather,DAP,TNP VI+G+W,CV0,4,4,TXH1.2021,188,0.220185868343971,1.61747075301925
TNP,VI+genomic+weather,DAP,TNP VI+G+W,CV0,5,4,TXH1.2021,188,0.268049405580368,1.51756553456026
TNP,VI+genomic+weather,DAP,TNP VI+G+W,CV0,1,4,TXH2.2020,186,0.417523797853866,1.55320931972204
TNP,VI+genomic+weather,DAP,TNP VI+G+W,CV0,2,4,TXH2.2020,186,0.522562493317174,1.47779890819037
TNP,VI+genomic+weather,DAP,TNP VI+G+W,CV0,3,4,TXH2.2020,185,0.474513837514315,1.39074774317462
TNP,VI+genomic+weather,DAP,TNP VI+G+W,CV0,4,4,TXH2.2020,188,0.480125965938571,1.47634216145446
TNP,VI+genomic+weather,DAP,TNP VI+G+W,CV0,5,4,TXH2.2020,188,0.429644077693393,1.74242057176985
TNP,VI+genomic+weather,DAP,TNP VI+G+W,CV0,1,4,TXH2.2021,186,0.00399015449253472,2.14290424039568
TNP,VI+genomic+weather,DAP,TNP VI+G+W,CV0,2,4,TXH2.2021,186,0.09885527854099,1.86364405847613
TNP,VI+genomic+weather,DAP,TNP VI+G+W,CV0,3,4,TXH2.2021,185,0.058049901248643,2.25648916680173
TNP,VI+genomic+weather,DAP,TNP VI+G+W,CV0,4,4,TXH2.2021,188,0.131954044098415,1.66064395435536
TNP,VI+genomic+weather,DAP,TNP VI+G+W,CV0,5,4,TXH2.2021,188,-0.0375860303829241,1.94933096141236
TNP,VI+genomic+weather,DAP,TNP VI+G+W,CV0,1,4,TXH3.2020,189,0.0248473184732233,1.80167408994669
TNP,VI+genomic+weather,DAP,TNP VI+G+W,CV0,2,4,TXH3.2020,189,-0.0348375952733933,3.83683453837919
TNP,VI+genomic+weather,DAP,TNP VI+G+W,CV0,3,4,TXH3.2020,186,0.0576446012275902,3.21279923688988
TNP,VI+genomic+weather,DAP,TNP VI+G+W,CV0,4,4,TXH3.2020,190,-0.0114774078478361,1.65255343130359
TNP,VI+genomic+weather,DAP,TNP VI+G+W,CV0,5,4,TXH3.2020,190,0.0161278925358537,3.48939819091247
TNP,VI+genomic+weather,DAP,TNP VI+G+W,CV0,1,4,TXH3.2021,186,0.460910766536938,3.82672921549296
TNP,VI+genomic+weather,DAP,TNP VI+G+W,CV0,2,4,TXH3.2021,186,0.480156052288809,2.52918259234213
TNP,VI+genomic+weather,DAP,TNP VI+G+W,CV0,3,4,TXH3.2021,185,0.40712981582172,3.55012882226509
TNP,VI+genomic+weather,DAP,TNP VI+G+W,CV0,4,4,TXH3.2021,188,0.451655705994558,3.38758164563408
TNP,VI+genomic+weather,DAP,TNP VI+G+W,CV0,5,4,TXH3.2021,188,0.405531409784834,3.8632514645903
TNP,VI+genomic+weather,DAP,TNP VI+G+W,CV0,1,4,WIH1.2020,184,0.524270262744277,1.76895640527408
TNP,VI+genomic+weather,DAP,TNP VI+G+W,CV0,2,4,WIH1.2020,185,0.547829894419208,1.8096005001707
TNP,VI+genomic+weather,DAP,TNP VI+G+W,CV0,3,4,WIH1.2020,184,0.601557211518872,1.77973220691375
TNP,VI+genomic+weather,DAP,TNP VI+G+W,CV0,4,4,WIH1.2020,186,0.595241536338004,1.96682830162319
TNP,VI+genomic+weather,DAP,TNP VI+G+W,CV0,5,4,WIH1.2020,186,0.568380173994513,2.00108228841117
TNP,VI+genomic+weather,DAP,TNP VI+G+W,CV0,1,4,WIH1.2021,186,0.402650977111779,2.38467905869635
TNP,VI+genomic+weather,DAP,TNP VI+G+W,CV0,2,4,WIH1.2021,186,0.449775739506246,2.50548783268001
TNP,VI+genomic+weather,DAP,TNP VI+G+W,CV0,3,4,WIH1.2021,185,0.437154681995214,2.26939072903961
TNP,VI+genomic+weather,DAP,TNP VI+G+W,CV0,4,4,WIH1.2021,188,0.492727727671284,2.31804092175032
TNP,VI+genomic+weather,DAP,TNP VI+G+W,CV0,5,4,WIH1.2021,188,0.380112963692856,2.30853103063588
TNP,VI+genomic+weather,DAP,TNP VI+G+W,CV0,1,4,WIH2.2020,523,0.335667082306053,3.07269548296536
TNP,VI+genomic+weather,DAP,TNP VI+G+W,CV0,2,4,WIH2.2020,520,0.362709444432298,2.75605539552137
TNP,VI+genomic+weather,DAP,TNP VI+G+W,CV0,3,4,WIH2.2020,521,0.295203888717092,2.74227612362281
TNP,VI+genomic+weather,DAP,TNP VI+G+W,CV0,4,4,WIH2.2020,523,0.379763927639292,2.86730788517525
TNP,VI+genomic+weather,DAP,TNP VI+G+W,CV0,5,4,WIH2.2020,520,0.295164168517098,2.73729044874578
TNP,VI+genomic+weather,DAP,TNP VI+G+W,CV0,1,4,WIH2.2021,524,0.329250624680955,2.7750813373009
TNP,VI+genomic+weather,DAP,TNP VI+G+W,CV0,2,4,WIH2.2021,525,0.355603827041755,2.03140466332175
TNP,VI+genomic+weather,DAP,TNP VI+G+W,CV0,3,4,WIH2.2021,522,0.254602001766008,2.54784155019022
TNP,VI+genomic+weather,DAP,TNP VI+G+W,CV0,4,4,WIH2.2021,525,0.331660808953897,2.52880850277736
TNP,VI+genomic+weather,DAP,TNP VI+G+W,CV0,5,4,WIH2.2021,524,0.334285012167482,2.58216580397111
TNP,VI+genomic+weather,DAP,TNP VI+G+W,CV0,1,4,WIH3.2020,187,0.301244001421197,2.41790191615806
TNP,VI+genomic+weather,DAP,TNP VI+G+W,CV0,2,4,WIH3.2020,188,0.361390945117394,2.339642925623
TNP,VI+genomic+weather,DAP,TNP VI+G+W,CV0,3,4,WIH3.2020,185,0.313826660593996,2.32865583826667
TNP,VI+genomic+weather,DAP,TNP VI+G+W,CV0,4,4,WIH3.2020,188,0.257374906173897,2.38879849409866
TNP,VI+genomic+weather,DAP,TNP VI+G+W,CV0,5,4,WIH3.2020,188,0.28253252244867,2.36138498328922
TNP,VI+genomic+weather,DAP,TNP VI+G+W,CV0,1,4,WIH3.2021,186,0.428416128325566,2.12722787089208
TNP,VI+genomic+weather,DAP,TNP VI+G+W,CV0,2,4,WIH3.2021,186,0.54670292500742,1.94502874501706
TNP,VI+genomic+weather,DAP,TNP VI+G+W,CV0,3,4,WIH3.2021,185,0.448219518162187,1.67595328195403
TNP,VI+genomic+weather,DAP,TNP VI+G+W,CV0,4,4,WIH3.2021,188,0.451026269260663,1.62889425979959
TNP,VI+genomic+weather,DAP,TNP VI+G+W,CV0,5,4,WIH3.2021,188,0.455641307911524,1.68941168976853
TNP,VI+genomic+weather,DAP,TNP VI+G+W,CV0,1,5,DEH1.2020,531,0.391872768285252,2.09939514954555
TNP,VI+genomic+weather,DAP,TNP VI+G+W,CV0,2,5,DEH1.2020,529,0.184808330634968,3.10987434926543
TNP,VI+genomic+weather,DAP,TNP VI+G+W,CV0,3,5,DEH1.2020,531,0.61326869615322,2.19516222727225
TNP,VI+genomic+weather,DAP,TNP VI+G+W,CV0,4,5,DEH1.2020,532,0.442917133150774,1.94440972139311
TNP,VI+genomic+weather,DAP,TNP VI+G+W,CV0,5,5,DEH1.2020,533,0.557406569671715,1.81241378363181
TNP,VI+genomic+weather,DAP,TNP VI+G+W,CV0,1,5,IAH4.2021,521,0.502568540610284,1.42636153683896
TNP,VI+genomic+weather,DAP,TNP VI+G+W,CV0,2,5,IAH4.2021,521,0.456142111094842,1.47462096250441
TNP,VI+genomic+weather,DAP,TNP VI+G+W,CV0,3,5,IAH4.2021,524,0.500136688963625,1.66935719248623
TNP,VI+genomic+weather,DAP,TNP VI+G+W,CV0,4,5,IAH4.2021,524,0.397881458526343,1.64886086489245
TNP,VI+genomic+weather,DAP,TNP VI+G+W,CV0,5,5,IAH4.2021,522,0.437770013532755,1.47818540985189
TNP,VI+genomic+weather,DAP,TNP VI+G+W,CV0,1,5,MIH1.2020,190,0.353146672917959,1.88128865361664
TNP,VI+genomic+weather,DAP,TNP VI+G+W,CV0,2,5,MIH1.2020,183,0.308322818869615,1.55628841646973
TNP,VI+genomic+weather,DAP,TNP VI+G+W,CV0,3,5,MIH1.2020,188,0.395315544233749,1.84936241276387
TNP,VI+genomic+weather,DAP,TNP VI+G+W,CV0,4,5,MIH1.2020,191,0.323878589369932,1.40160631527423
TNP,VI+genomic+weather,DAP,TNP VI+G+W,CV0,5,5,MIH1.2020,187,0.291879378286622,1.94240529181335
TNP,VI+genomic+weather,DAP,TNP VI+G+W,CV0,1,5,MNH1.2020,187,0.388833935286892,2.10624290261326
TNP,VI+genomic+weather,DAP,TNP VI+G+W,CV0,2,5,MNH1.2020,183,0.180197419151772,2.25490865641384
TNP,VI+genomic+weather,DAP,TNP VI+G+W,CV0,3,5,MNH1.2020,186,0.190627935835265,1.60587576256588
TNP,VI+genomic+weather,DAP,TNP VI+G+W,CV0,4,5,MNH1.2020,188,0.208125092921261,1.83101196596008
TNP,VI+genomic+weather,DAP,TNP VI+G+W,CV0,5,5,MNH1.2020,186,0.148051997330392,2.17301736904192
TNP,VI+genomic+weather,DAP,TNP VI+G+W,CV0,1,5,MNH1.2021,192,0.579776401043034,1.65409623325011
TNP,VI+genomic+weather,DAP,TNP VI+G+W,CV0,2,5,MNH1.2021,184,0.465754041522305,1.32984172702884
TNP,VI+genomic+weather,DAP,TNP VI+G+W,CV0,3,5,MNH1.2021,190,0.385983220975876,1.9376508219505
TNP,VI+genomic+weather,DAP,TNP VI+G+W,CV0,4,5,MNH1.2021,193,0.533316537436403,1.65578823495898
TNP,VI+genomic+weather,DAP,TNP VI+G+W,CV0,5,5,MNH1.2021,188,0.494965216002893,1.3331803450077
TNP,VI+genomic+weather,DAP,TNP VI+G+W,CV0,1,5,MOH1.2020,471,0.201852678205224,5.15819453395952
TNP,VI+genomic+weather,DAP,TNP VI+G+W,CV0,2,5,MOH1.2020,464,0.283761115075523,2.93725742086999
TNP,VI+genomic+weather,DAP,TNP VI+G+W,CV0,3,5,MOH1.2020,466,0.100626868633819,4.38686391187551
TNP,VI+genomic+weather,DAP,TNP VI+G+W,CV0,4,5,MOH1.2020,468,0.0376475456599237,5.18642887555006
TNP,VI+genomic+weather,DAP,TNP VI+G+W,CV0,5,5,MOH1.2020,468,0.27514725903699,4.74852560777726
TNP,VI+genomic+weather,DAP,TNP VI+G+W,CV0,1,5,NEH1.2021,189,0.321056748581005,3.19173583680081
TNP,VI+genomic+weather,DAP,TNP VI+G+W,CV0,2,5,NEH1.2021,184,0.490985261112706,3.63979152371161
TNP,VI+genomic+weather,DAP,TNP VI+G+W,CV0,3,5,NEH1.2021,188,0.373465940134468,3.34396820245707
TNP,VI+genomic+weather,DAP,TNP VI+G+W,CV0,4,5,NEH1.2021,190,0.292398651415901,3.16277697208371
TNP,VI+genomic+weather,DAP,TNP VI+G+W,CV0,5,5,NEH1.2021,187,0.362758814145508,3.71664400469545
TNP,VI+genomic+weather,DAP,TNP VI+G+W,CV0,1,5,TXH1.2020,189,0.518588029556205,1.66122593813774
TNP,VI+genomic+weather,DAP,TNP VI+G+W,CV0,2,5,TXH1.2020,184,0.609785860317262,1.56105707303709
TNP,VI+genomic+weather,DAP,TNP VI+G+W,CV0,3,5,TXH1.2020,188,0.688240507800214,1.49352881256796
TNP,VI+genomic+weather,DAP,TNP VI+G+W,CV0,4,5,TXH1.2020,190,0.692728731418458,1.53538207149109
TNP,VI+genomic+weather,DAP,TNP VI+G+W,CV0,5,5,TXH1.2020,187,0.470055121394585,1.63882067267963
TNP,VI+genomic+weather,DAP,TNP VI+G+W,CV0,1,5,TXH1.2021,189,0.164228773774342,1.66435998348484
TNP,VI+genomic+weather,DAP,TNP VI+G+W,CV0,2,5,TXH1.2021,184,0.20966120382355,1.73726567916981
TNP,VI+genomic+weather,DAP,TNP VI+G+W,CV0,3,5,TXH1.2021,188,0.187097612240695,1.78259296912541
TNP,VI+genomic+weather,DAP,TNP VI+G+W,CV0,4,5,TXH1.2021,190,0.20523882722713,1.55041053559372
TNP,VI+genomic+weather,DAP,TNP VI+G+W,CV0,5,5,TXH1.2021,187,0.150338584953846,1.67209706860666
TNP,VI+genomic+weather,DAP,TNP VI+G+W,CV0,1,5,TXH2.2020,189,0.376407053685544,1.57049521901596
TNP,VI+genomic+weather,DAP,TNP VI+G+W,CV0,2,5,TXH2.2020,184,0.540456802025973,2.04156386838531
TNP,VI+genomic+weather,DAP,TNP VI+G+W,CV0,3,5,TXH2.2020,188,0.508706292723133,1.68559755679999
TNP,VI+genomic+weather,DAP,TNP VI+G+W,CV0,4,5,TXH2.2020,190,0.548973636859503,1.47042032885045
TNP,VI+genomic+weather,DAP,TNP VI+G+W,CV0,5,5,TXH2.2020,187,0.327031039760564,1.89469007768389
TNP,VI+genomic+weather,DAP,TNP VI+G+W,CV0,1,5,TXH2.2021,189,-0.0268868160502263,2.01617920306017
TNP,VI+genomic+weather,DAP,TNP VI+G+W,CV0,2,5,TXH2.2021,184,0.135658669719911,2.14631938724483
TNP,VI+genomic+weather,DAP,TNP VI+G+W,CV0,3,5,TXH2.2021,188,0.0814779355011437,2.30183447210597
TNP,VI+genomic+weather,DAP,TNP VI+G+W,CV0,4,5,TXH2.2021,190,0.0739783313085801,1.98039102910169
TNP,VI+genomic+weather,DAP,TNP VI+G+W,CV0,5,5,TXH2.2021,187,0.0320328961348594,1.83794296244949
TNP,VI+genomic+weather,DAP,TNP VI+G+W,CV0,1,5,TXH3.2020,192,0.0154184249406251,2.69537019100935
TNP,VI+genomic+weather,DAP,TNP VI+G+W,CV0,2,5,TXH3.2020,184,-0.0288296232896115,3.25179456336893
TNP,VI+genomic+weather,DAP,TNP VI+G+W,CV0,3,5,TXH3.2020,190,0.00481814479459884,3.3062768258015
TNP,VI+genomic+weather,DAP,TNP VI+G+W,CV0,4,5,TXH3.2020,193,0.0220622103921194,1.60482868232354
TNP,VI+genomic+weather,DAP,TNP VI+G+W,CV0,5,5,TXH3.2020,188,0.0274334044377494,2.36682885655237
TNP,VI+genomic+weather,DAP,TNP VI+G+W,CV0,1,5,TXH3.2021,189,0.415161849150504,3.9031775859115
TNP,VI+genomic+weather,DAP,TNP VI+G+W,CV0,2,5,TXH3.2021,184,0.48856411964579,3.74163194168388
TNP,VI+genomic+weather,DAP,TNP VI+G+W,CV0,3,5,TXH3.2021,188,0.412687548936677,3.47623465919961
TNP,VI+genomic+weather,DAP,TNP VI+G+W,CV0,4,5,TXH3.2021,190,0.553025002098208,3.66102850435261
TNP,VI+genomic+weather,DAP,TNP VI+G+W,CV0,5,5,TXH3.2021,187,0.395022311058511,3.50946488518368
TNP,VI+genomic+weather,DAP,TNP VI+G+W,CV0,1,5,WIH1.2020,187,0.512448253878938,1.93992035544056
TNP,VI+genomic+weather,DAP,TNP VI+G+W,CV0,2,5,WIH1.2020,183,0.56544733623689,1.75673348523754
TNP,VI+genomic+weather,DAP,TNP VI+G+W,CV0,3,5,WIH1.2020,186,0.55903382866729,1.96396765210167
TNP,VI+genomic+weather,DAP,TNP VI+G+W,CV0,4,5,WIH1.2020,188,0.542723901285678,2.06355613634461
TNP,VI+genomic+weather,DAP,TNP VI+G+W,CV0,5,5,WIH1.2020,186,0.510965666193838,1.72061824522936
TNP,VI+genomic+weather,DAP,TNP VI+G+W,CV0,1,5,WIH1.2021,189,0.425860749180479,2.4436071432619
TNP,VI+genomic+weather,DAP,TNP VI+G+W,CV0,2,5,WIH1.2021,184,0.468543048950174,2.22252069338471
TNP,VI+genomic+weather,DAP,TNP VI+G+W,CV0,3,5,WIH1.2021,188,0.545765669726004,2.48273424707733
TNP,VI+genomic+weather,DAP,TNP VI+G+W,CV0,4,5,WIH1.2021,190,0.382631353292308,2.28266900658727
TNP,VI+genomic+weather,DAP,TNP VI+G+W,CV0,5,5,WIH1.2021,187,0.403761353912185,2.02992534547132
TNP,VI+genomic+weather,DAP,TNP VI+G+W,CV0,1,5,WIH2.2020,529,0.316472762005132,2.81292519878202
TNP,VI+genomic+weather,DAP,TNP VI+G+W,CV0,2,5,WIH2.2020,528,0.327822238919087,2.75092401089529
TNP,VI+genomic+weather,DAP,TNP VI+G+W,CV0,3,5,WIH2.2020,529,0.34721735285541,2.76653668869178
TNP,VI+genomic+weather,DAP,TNP VI+G+W,CV0,4,5,WIH2.2020,530,0.347883794799751,2.73486925925035
TNP,VI+genomic+weather,DAP,TNP VI+G+W,CV0,5,5,WIH2.2020,530,0.289456217253377,2.80464312976153
TNP,VI+genomic+weather,DAP,TNP VI+G+W,CV0,1,5,WIH2.2021,532,0.401531520224518,2.31600796078591
TNP,VI+genomic+weather,DAP,TNP VI+G+W,CV0,2,5,WIH2.2021,528,0.369512171595767,2.01796563931301
TNP,VI+genomic+weather,DAP,TNP VI+G+W,CV0,3,5,WIH2.2021,529,0.393219921041588,2.24028348382649
TNP,VI+genomic+weather,DAP,TNP VI+G+W,CV0,4,5,WIH2.2021,531,0.394267963367245,2.73693041408643
TNP,VI+genomic+weather,DAP,TNP VI+G+W,CV0,5,5,WIH2.2021,530,0.302309311413484,2.67484372276544
TNP,VI+genomic+weather,DAP,TNP VI+G+W,CV0,1,5,WIH3.2020,190,0.361871814241369,2.34440905191173
TNP,VI+genomic+weather,DAP,TNP VI+G+W,CV0,2,5,WIH3.2020,183,0.188693802315574,2.3862015479709
TNP,VI+genomic+weather,DAP,TNP VI+G+W,CV0,3,5,WIH3.2020,188,0.333187387826396,2.31536377053212
TNP,VI+genomic+weather,DAP,TNP VI+G+W,CV0,4,5,WIH3.2020,191,0.29419234091001,2.36563878975761
TNP,VI+genomic+weather,DAP,TNP VI+G+W,CV0,5,5,WIH3.2020,187,0.322190133489137,2.2936252809424
TNP,VI+genomic+weather,DAP,TNP VI+G+W,CV0,1,5,WIH3.2021,189,0.518224337178094,1.78378761580947
TNP,VI+genomic+weather,DAP,TNP VI+G+W,CV0,2,5,WIH3.2021,184,0.439163795689501,1.85370842933951
TNP,VI+genomic+weather,DAP,TNP VI+G+W,CV0,3,5,WIH3.2021,188,0.480448678355128,1.74647607617249
TNP,VI+genomic+weather,DAP,TNP VI+G+W,CV0,4,5,WIH3.2021,190,0.52768576577169,1.65830735393119
TNP,VI+genomic+weather,DAP,TNP VI+G+W,CV0,5,5,WIH3.2021,187,0.424724744110916,1.71007327643535
TNP,VI+genomic+weather,DAP,TNP VI+G+W,CV00,1,1,DEH1.2020,131,0.420553824437892,1.98402094825566
TNP,VI+genomic+weather,DAP,TNP VI+G+W,CV00,2,1,DEH1.2020,129,0.196460407602797,2.59724486882333
TNP,VI+genomic+weather,DAP,TNP VI+G+W,CV00,3,1,DEH1.2020,130,0.679404719781589,1.69237983974702
TNP,VI+genomic+weather,DAP,TNP VI+G+W,CV00,4,1,DEH1.2020,134,0.335852622292074,2.09525556372116
TNP,VI+genomic+weather,DAP,TNP VI+G+W,CV00,5,1,DEH1.2020,132,-0.00714069003300171,2.23013655141403
TNP,VI+genomic+weather,DAP,TNP VI+G+W,CV00,1,1,IAH4.2021,131,0.511015262034946,1.48290277959365
TNP,VI+genomic+weather,DAP,TNP VI+G+W,CV00,2,1,IAH4.2021,127,0.468404349819266,1.62063312580596
TNP,VI+genomic+weather,DAP,TNP VI+G+W,CV00,3,1,IAH4.2021,129,0.566872086517761,1.42531838908787
TNP,VI+genomic+weather,DAP,TNP VI+G+W,CV00,4,1,IAH4.2021,132,0.430320431997791,2.35540946237559
TNP,VI+genomic+weather,DAP,TNP VI+G+W,CV00,5,1,IAH4.2021,130,0.331078515717785,1.5464580136417
TNP,VI+genomic+weather,DAP,TNP VI+G+W,CV00,1,1,MIH1.2020,46,0.31786915386712,2.07632738970505
TNP,VI+genomic+weather,DAP,TNP VI+G+W,CV00,2,1,MIH1.2020,45,0.40183072752579,1.37984513937027
TNP,VI+genomic+weather,DAP,TNP VI+G+W,CV00,3,1,MIH1.2020,47,0.279127924812197,1.46835695167553
TNP,VI+genomic+weather,DAP,TNP VI+G+W,CV00,4,1,MIH1.2020,49,-0.0224396206306705,1.54110396271911
TNP,VI+genomic+weather,DAP,TNP VI+G+W,CV00,5,1,MIH1.2020,45,0.159705106177498,2.3319183693011
TNP,VI+genomic+weather,DAP,TNP VI+G+W,CV00,1,1,MNH1.2020,46,0.103219602979929,2.73684106342183
TNP,VI+genomic+weather,DAP,TNP VI+G+W,CV00,2,1,MNH1.2020,45,0.197733790641343,2.07592037959739
TNP,VI+genomic+weather,DAP,TNP VI+G+W,CV00,3,1,MNH1.2020,47,0.17477759593159,1.6711809764023
TNP,VI+genomic+weather,DAP,TNP VI+G+W,CV00,4,1,MNH1.2020,47,0.279427964790071,2.1135265695286
TNP,VI+genomic+weather,DAP,TNP VI+G+W,CV00,5,1,MNH1.2020,45,0.162761783221757,2.13298961227205
TNP,VI+genomic+weather,DAP,TNP VI+G+W,CV00,1,1,MNH1.2021,47,-0.0354215105770502,2.04619011572357
TNP,VI+genomic+weather,DAP,TNP VI+G+W,CV00,2,1,MNH1.2021,45,0.561650079076337,1.30139027090436
TNP,VI+genomic+weather,DAP,TNP VI+G+W,CV00,3,1,MNH1.2021,47,0.209042359355815,2.18961329506708
TNP,VI+genomic+weather,DAP,TNP VI+G+W,CV00,4,1,MNH1.2021,50,0.501925724727284,1.81332144928215
TNP,VI+genomic+weather,DAP,TNP VI+G+W,CV00,5,1,MNH1.2021,45,0.456866415608406,1.40593898045954
TNP,VI+genomic+weather,DAP,TNP VI+G+W,CV00,1,1,MOH1.2020,113,0.28588480962667,4.12451113568426
TNP,VI+genomic+weather,DAP,TNP VI+G+W,CV00,2,1,MOH1.2020,116,0.0719650728600638,2.62752458157116
TNP,VI+genomic+weather,DAP,TNP VI+G+W,CV00,3,1,MOH1.2020,119,0.11384534074184,3.60061684908523
TNP,VI+genomic+weather,DAP,TNP VI+G+W,CV00,4,1,MOH1.2020,117,0.10730838626967,4.73066423568263
TNP,VI+genomic+weather,DAP,TNP VI+G+W,CV00,5,1,MOH1.2020,114,0.200381781290585,4.92239161859689
TNP,VI+genomic+weather,DAP,TNP VI+G+W,CV00,1,1,NEH1.2021,47,0.539383192895793,3.5416753773196
TNP,VI+genomic+weather,DAP,TNP VI+G+W,CV00,2,1,NEH1.2021,45,0.37656456006633,3.27247577134556
TNP,VI+genomic+weather,DAP,TNP VI+G+W,CV00,3,1,NEH1.2021,47,0.296213906787501,3.39790403142961
TNP,VI+genomic+weather,DAP,TNP VI+G+W,CV00,4,1,NEH1.2021,48,0.182635722385055,3.0332957730853
TNP,VI+genomic+weather,DAP,TNP VI+G+W,CV00,5,1,NEH1.2021,45,0.421194300823275,3.31780165557111
TNP,VI+genomic+weather,DAP,TNP VI+G+W,CV00,1,1,TXH1.2020,47,0.577688797000839,1.45279373652724
TNP,VI+genomic+weather,DAP,TNP VI+G+W,CV00,2,1,TXH1.2020,45,0.657584737352531,1.53266414069293
TNP,VI+genomic+weather,DAP,TNP VI+G+W,CV00,3,1,TXH1.2020,47,0.720625713244524,1.91188532453932
TNP,VI+genomic+weather,DAP,TNP VI+G+W,CV00,4,1,TXH1.2020,48,0.642022053264896,1.96259136221064
TNP,VI+genomic+weather,DAP,TNP VI+G+W,CV00,5,1,TXH1.2020,45,0.521617069414213,1.76969008138978
TNP,VI+genomic+weather,DAP,TNP VI+G+W,CV00,1,1,TXH1.2021,47,0.199176217013952,1.46192589223013
TNP,VI+genomic+weather,DAP,TNP VI+G+W,CV00,2,1,TXH1.2021,45,0.192865955091719,1.75508722891683
TNP,VI+genomic+weather,DAP,TNP VI+G+W,CV00,3,1,TXH1.2021,47,0.27339876805275,1.63413132158825
TNP,VI+genomic+weather,DAP,TNP VI+G+W,CV00,4,1,TXH1.2021,48,0.249262320536508,1.6527008195551
TNP,VI+genomic+weather,DAP,TNP VI+G+W,CV00,5,1,TXH1.2021,45,0.127458728257179,1.65403622298062
TNP,VI+genomic+weather,DAP,TNP VI+G+W,CV00,1,1,TXH2.2020,47,0.0156570501935431,1.40697035167953
TNP,VI+genomic+weather,DAP,TNP VI+G+W,CV00,2,1,TXH2.2020,45,0.629722576133489,1.97682491544216
TNP,VI+genomic+weather,DAP,TNP VI+G+W,CV00,3,1,TXH2.2020,47,0.641346579529095,1.77185524468151
TNP,VI+genomic+weather,DAP,TNP VI+G+W,CV00,4,1,TXH2.2020,48,0.601654330969562,1.57354880171004
TNP,VI+genomic+weather,DAP,TNP VI+G+W,CV00,5,1,TXH2.2020,45,0.213044148043079,2.19394602922157
TNP,VI+genomic+weather,DAP,TNP VI+G+W,CV00,1,1,TXH2.2021,47,0.0949354288113068,1.55091391053321
TNP,VI+genomic+weather,DAP,TNP VI+G+W,CV00,2,1,TXH2.2021,45,0.048261740561043,2.24089968483099
TNP,VI+genomic+weather,DAP,TNP VI+G+W,CV00,3,1,TXH2.2021,47,-0.0814665978998412,2.05160184506874
TNP,VI+genomic+weather,DAP,TNP VI+G+W,CV00,4,1,TXH2.2021,48,0.251323026772492,1.43711384756867
TNP,VI+genomic+weather,DAP,TNP VI+G+W,CV00,5,1,TXH2.2021,45,-0.0709141434179879,2.30492850104199
TNP,VI+genomic+weather,DAP,TNP VI+G+W,CV00,1,1,TXH3.2020,47,0.0624928950152903,2.2840664596372
TNP,VI+genomic+weather,DAP,TNP VI+G+W,CV00,2,1,TXH3.2020,45,-0.236375790952857,3.29251739169642
TNP,VI+genomic+weather,DAP,TNP VI+G+W,CV00,3,1,TXH3.2020,47,-0.108041461650235,2.33105036546504
TNP,VI+genomic+weather,DAP,TNP VI+G+W,CV00,4,1,TXH3.2020,50,0.105662862591446,1.74311946439312
TNP,VI+genomic+weather,DAP,TNP VI+G+W,CV00,5,1,TXH3.2020,45,-0.0862143705870548,2.65681768849711
TNP,VI+genomic+weather,DAP,TNP VI+G+W,CV00,1,1,TXH3.2021,47,0.319191342496841,4.11561466346971
TNP,VI+genomic+weather,DAP,TNP VI+G+W,CV00,2,1,TXH3.2021,45,0.401199329671165,3.67893015816932
TNP,VI+genomic+weather,DAP,TNP VI+G+W,CV00,3,1,TXH3.2021,47,0.398763016420823,3.71167698772547
TNP,VI+genomic+weather,DAP,TNP VI+G+W,CV00,4,1,TXH3.2021,48,0.577897848922382,3.64315570252994
TNP,VI+genomic+weather,DAP,TNP VI+G+W,CV00,5,1,TXH3.2021,45,0.475070600798996,3.86956181602919
TNP,VI+genomic+weather,DAP,TNP VI+G+W,CV00,1,1,WIH1.2020,46,0.328943842119941,1.58190898067061
TNP,VI+genomic+weather,DAP,TNP VI+G+W,CV00,2,1,WIH1.2020,45,0.621311724925003,1.85898655394208
TNP,VI+genomic+weather,DAP,TNP VI+G+W,CV00,3,1,WIH1.2020,47,0.76796790464812,2.01751719274298
TNP,VI+genomic+weather,DAP,TNP VI+G+W,CV00,4,1,WIH1.2020,47,0.503839634116956,1.57757921352091
TNP,VI+genomic+weather,DAP,TNP VI+G+W,CV00,5,1,WIH1.2020,45,0.296619408418973,2.08023268611831
TNP,VI+genomic+weather,DAP,TNP VI+G+W,CV00,1,1,WIH1.2021,47,0.404255808263335,2.68419863343688
TNP,VI+genomic+weather,DAP,TNP VI+G+W,CV00,2,1,WIH1.2021,45,0.646838719686248,2.1588589898552
TNP,VI+genomic+weather,DAP,TNP VI+G+W,CV00,3,1,WIH1.2021,47,0.442967069253269,2.91465220567111
TNP,VI+genomic+weather,DAP,TNP VI+G+W,CV00,4,1,WIH1.2021,48,0.348803175077506,2.50379496399995
TNP,VI+genomic+weather,DAP,TNP VI+G+W,CV00,5,1,WIH1.2021,45,0.190947439460174,2.30875834413559
TNP,VI+genomic+weather,DAP,TNP VI+G+W,CV00,1,1,WIH2.2020,132,0.335362770044378,2.97154011725593
TNP,VI+genomic+weather,DAP,TNP VI+G+W,CV00,2,1,WIH2.2020,129,0.301691259517285,3.05994947858404
TNP,VI+genomic+weather,DAP,TNP VI+G+W,CV00,3,1,WIH2.2020,129,0.307224590578256,2.86908596822316
TNP,VI+genomic+weather,DAP,TNP VI+G+W,CV00,4,1,WIH2.2020,134,0.417135863565916,2.72371144293753
TNP,VI+genomic+weather,DAP,TNP VI+G+W,CV00,5,1,WIH2.2020,133,0.272072933046274,2.49274558421465
TNP,VI+genomic+weather,DAP,TNP VI+G+W,CV00,1,1,WIH2.2021,132,0.261291958848074,2.26986743246473
TNP,VI+genomic+weather,DAP,TNP VI+G+W,CV00,2,1,WIH2.2021,131,0.249425481187865,2.18554294499152
TNP,VI+genomic+weather,DAP,TNP VI+G+W,CV00,3,1,WIH2.2021,130,0.109868826228391,2.36484574725482
TNP,VI+genomic+weather,DAP,TNP VI+G+W,CV00,4,1,WIH2.2021,136,0.307837405022462,2.54927433349814
TNP,VI+genomic+weather,DAP,TNP VI+G+W,CV00,5,1,WIH2.2021,132,0.276125340504701,2.01696112657174
TNP,VI+genomic+weather,DAP,TNP VI+G+W,CV00,1,1,WIH3.2020,46,0.0148665599194426,2.44135964661649
TNP,VI+genomic+weather,DAP,TNP VI+G+W,CV00,2,1,WIH3.2020,45,0.35286043434875,2.32872534309503
TNP,VI+genomic+weather,DAP,TNP VI+G+W,CV00,3,1,WIH3.2020,47,0.493473732754911,2.50751618069084
TNP,VI+genomic+weather,DAP,TNP VI+G+W,CV00,4,1,WIH3.2020,49,0.235186893713249,2.32591756384541
TNP,VI+genomic+weather,DAP,TNP VI+G+W,CV00,5,1,WIH3.2020,45,-0.00549637840022045,2.65416995135807
TNP,VI+genomic+weather,DAP,TNP VI+G+W,CV00,1,1,WIH3.2021,47,0.175967811625481,1.60756047302396
TNP,VI+genomic+weather,DAP,TNP VI+G+W,CV00,2,1,WIH3.2021,45,0.453350325988159,1.96382304451011
TNP,VI+genomic+weather,DAP,TNP VI+G+W,CV00,3,1,WIH3.2021,47,0.268506382772864,2.06405227305138
TNP,VI+genomic+weather,DAP,TNP VI+G+W,CV00,4,1,WIH3.2021,48,0.449457836783107,1.79899513402024
TNP,VI+genomic+weather,DAP,TNP VI+G+W,CV00,5,1,WIH3.2021,45,0.261873951986777,1.72040113359353
TNP,VI+genomic+weather,DAP,TNP VI+G+W,CV00,1,2,DEH1.2020,132,0.297081045736154,2.17396240059936
TNP,VI+genomic+weather,DAP,TNP VI+G+W,CV00,2,2,DEH1.2020,134,0.0357016790669323,3.74931145003199
TNP,VI+genomic+weather,DAP,TNP VI+G+W,CV00,3,2,DEH1.2020,134,0.683434607833583,2.00100942133012
TNP,VI+genomic+weather,DAP,TNP VI+G+W,CV00,4,2,DEH1.2020,132,0.595080192856569,2.50075042285813
TNP,VI+genomic+weather,DAP,TNP VI+G+W,CV00,5,2,DEH1.2020,133,0.523719099472819,1.99448612523809
TNP,VI+genomic+weather,DAP,TNP VI+G+W,CV00,1,2,IAH4.2021,126,0.393784022990947,1.47276783737755
TNP,VI+genomic+weather,DAP,TNP VI+G+W,CV00,2,2,IAH4.2021,132,0.362774379672117,1.50936063285251
TNP,VI+genomic+weather,DAP,TNP VI+G+W,CV00,3,2,IAH4.2021,131,0.452213765001782,1.74209983093167
TNP,VI+genomic+weather,DAP,TNP VI+G+W,CV00,4,2,IAH4.2021,130,0.30349272957582,1.97467389235565
TNP,VI+genomic+weather,DAP,TNP VI+G+W,CV00,5,2,IAH4.2021,131,0.435574743107219,1.45660078948518
TNP,VI+genomic+weather,DAP,TNP VI+G+W,CV00,1,2,MIH1.2020,48,0.291864825549307,2.62879454855738
TNP,VI+genomic+weather,DAP,TNP VI+G+W,CV00,2,2,MIH1.2020,47,0.063976031684608,1.9702604151247
TNP,VI+genomic+weather,DAP,TNP VI+G+W,CV00,3,2,MIH1.2020,46,0.31793417526396,1.45211406273696
TNP,VI+genomic+weather,DAP,TNP VI+G+W,CV00,4,2,MIH1.2020,50,0.302603303100412,1.1903959135139
TNP,VI+genomic+weather,DAP,TNP VI+G+W,CV00,5,2,MIH1.2020,48,0.316417752258602,1.38750354170673
TNP,VI+genomic+weather,DAP,TNP VI+G+W,CV00,1,2,MNH1.2020,47,0.180489104565184,2.50541053806729
TNP,VI+genomic+weather,DAP,TNP VI+G+W,CV00,2,2,MNH1.2020,47,0.262201443898418,1.95205928685051
TNP,VI+genomic+weather,DAP,TNP VI+G+W,CV00,3,2,MNH1.2020,46,-0.162290354113998,2.08164442318862
TNP,VI+genomic+weather,DAP,TNP VI+G+W,CV00,4,2,MNH1.2020,50,-0.183500462072093,2.16292470893704
TNP,VI+genomic+weather,DAP,TNP VI+G+W,CV00,5,2,MNH1.2020,48,0.045853279695303,2.11479819996991
TNP,VI+genomic+weather,DAP,TNP VI+G+W,CV00,1,2,MNH1.2021,48,0.60353008131347,1.4007087707932
TNP,VI+genomic+weather,DAP,TNP VI+G+W,CV00,2,2,MNH1.2021,47,0.455768201549194,1.47283845971462
TNP,VI+genomic+weather,DAP,TNP VI+G+W,CV00,3,2,MNH1.2021,46,0.508910191525907,1.69518474594237
TNP,VI+genomic+weather,DAP,TNP VI+G+W,CV00,4,2,MNH1.2021,50,0.52996664967562,1.48620855584081
TNP,VI+genomic+weather,DAP,TNP VI+G+W,CV00,5,2,MNH1.2021,48,0.366165510181441,1.64934676393392
TNP,VI+genomic+weather,DAP,TNP VI+G+W,CV00,1,2,MOH1.2020,117,0.262958575138091,4.66506783333416
TNP,VI+genomic+weather,DAP,TNP VI+G+W,CV00,2,2,MOH1.2020,119,0.252465970761725,3.43136206106234
TNP,VI+genomic+weather,DAP,TNP VI+G+W,CV00,3,2,MOH1.2020,112,0.122479584534562,4.40853459615677
TNP,VI+genomic+weather,DAP,TNP VI+G+W,CV00,4,2,MOH1.2020,121,-0.174467998692445,4.35843090055075
TNP,VI+genomic+weather,DAP,TNP VI+G+W,CV00,5,2,MOH1.2020,118,0.163095717384574,4.88870579824819
TNP,VI+genomic+weather,DAP,TNP VI+G+W,CV00,1,2,NEH1.2021,47,0.109335045934105,3.291125608609
TNP,VI+genomic+weather,DAP,TNP VI+G+W,CV00,2,2,NEH1.2021,47,0.51410856523596,4.00975912309132
TNP,VI+genomic+weather,DAP,TNP VI+G+W,CV00,3,2,NEH1.2021,46,0.316673648298836,3.14665324218746
TNP,VI+genomic+weather,DAP,TNP VI+G+W,CV00,4,2,NEH1.2021,50,0.0279762516757492,3.9335078376997
TNP,VI+genomic+weather,DAP,TNP VI+G+W,CV00,5,2,NEH1.2021,48,0.500862003485131,4.04296495929344
TNP,VI+genomic+weather,DAP,TNP VI+G+W,CV00,1,2,TXH1.2020,47,0.486991036512701,1.43794259773969
TNP,VI+genomic+weather,DAP,TNP VI+G+W,CV00,2,2,TXH1.2020,47,0.599170328970482,1.78212560404435
TNP,VI+genomic+weather,DAP,TNP VI+G+W,CV00,3,2,TXH1.2020,46,0.261817301892699,1.87614248941686
TNP,VI+genomic+weather,DAP,TNP VI+G+W,CV00,4,2,TXH1.2020,50,0.572477614427502,2.04182579712652
TNP,VI+genomic+weather,DAP,TNP VI+G+W,CV00,5,2,TXH1.2020,48,0.579741600673114,1.80703779931431
TNP,VI+genomic+weather,DAP,TNP VI+G+W,CV00,1,2,TXH1.2021,47,0.175567015399749,1.65731841636901
TNP,VI+genomic+weather,DAP,TNP VI+G+W,CV00,2,2,TXH1.2021,47,0.240563620990252,1.85029526326993
TNP,VI+genomic+weather,DAP,TNP VI+G+W,CV00,3,2,TXH1.2021,46,0.170196617541137,1.63705460274372
TNP,VI+genomic+weather,DAP,TNP VI+G+W,CV00,4,2,TXH1.2021,50,0.0777733888773315,1.65637613619269
TNP,VI+genomic+weather,DAP,TNP VI+G+W,CV00,5,2,TXH1.2021,48,0.267939793688623,1.6813690994968
TNP,VI+genomic+weather,DAP,TNP VI+G+W,CV00,1,2,TXH2.2020,47,0.267099030886599,1.76585813902031
TNP,VI+genomic+weather,DAP,TNP VI+G+W,CV00,2,2,TXH2.2020,47,0.528078533103831,1.96431988479308
TNP,VI+genomic+weather,DAP,TNP VI+G+W,CV00,3,2,TXH2.2020,46,0.0868918178397595,1.88405646966041
TNP,VI+genomic+weather,DAP,TNP VI+G+W,CV00,4,2,TXH2.2020,50,0.367602148102697,1.75441687486445
TNP,VI+genomic+weather,DAP,TNP VI+G+W,CV00,5,2,TXH2.2020,48,0.0896584375310119,1.89720744558274
TNP,VI+genomic+weather,DAP,TNP VI+G+W,CV00,1,2,TXH2.2021,47,-0.200061116394028,2.24585507893123
TNP,VI+genomic+weather,DAP,TNP VI+G+W,CV00,2,2,TXH2.2021,47,0.269987965084663,1.70459461475932
TNP,VI+genomic+weather,DAP,TNP VI+G+W,CV00,3,2,TXH2.2021,46,0.153036397395123,2.07734583388479
TNP,VI+genomic+weather,DAP,TNP VI+G+W,CV00,4,2,TXH2.2021,50,-0.116125905223349,2.25424365094397
TNP,VI+genomic+weather,DAP,TNP VI+G+W,CV00,5,2,TXH2.2021,48,0.0338063463358914,1.9212646906263
TNP,VI+genomic+weather,DAP,TNP VI+G+W,CV00,1,2,TXH3.2020,48,0.162751700696586,2.95215571603483
TNP,VI+genomic+weather,DAP,TNP VI+G+W,CV00,2,2,TXH3.2020,47,0.17116766925792,3.16975532981153
TNP,VI+genomic+weather,DAP,TNP VI+G+W,CV00,3,2,TXH3.2020,46,0.263744604846117,3.04688836560633
TNP,VI+genomic+weather,DAP,TNP VI+G+W,CV00,4,2,TXH3.2020,50,-0.185657125050428,2.10423222185971
TNP,VI+genomic+weather,DAP,TNP VI+G+W,CV00,5,2,TXH3.2020,48,0.138977136822456,2.75320745370241
TNP,VI+genomic+weather,DAP,TNP VI+G+W,CV00,1,2,TXH3.2021,47,0.487422768791999,4.56743302879808
TNP,VI+genomic+weather,DAP,TNP VI+G+W,CV00,2,2,TXH3.2021,47,0.227525247072767,3.84940093133719
TNP,VI+genomic+weather,DAP,TNP VI+G+W,CV00,3,2,TXH3.2021,46,0.195394677910034,3.17561322000849
TNP,VI+genomic+weather,DAP,TNP VI+G+W,CV00,4,2,TXH3.2021,50,0.549212218870628,3.65279563929197
TNP,VI+genomic+weather,DAP,TNP VI+G+W,CV00,5,2,TXH3.2021,48,0.40190062479569,4.15910086169047
TNP,VI+genomic+weather,DAP,TNP VI+G+W,CV00,1,2,WIH1.2020,47,0.47595981784077,2.34138896274938
TNP,VI+genomic+weather,DAP,TNP VI+G+W,CV00,2,2,WIH1.2020,47,0.553551539584414,1.93795436263549
TNP,VI+genomic+weather,DAP,TNP VI+G+W,CV00,3,2,WIH1.2020,46,0.592386762162172,1.94051665621948
TNP,VI+genomic+weather,DAP,TNP VI+G+W,CV00,4,2,WIH1.2020,50,0.648993671713632,2.73691069587488
TNP,VI+genomic+weather,DAP,TNP VI+G+W,CV00,5,2,WIH1.2020,48,0.681092595470345,1.62179502345208
TNP,VI+genomic+weather,DAP,TNP VI+G+W,CV00,1,2,WIH1.2021,47,0.210272665063965,2.49031050457887
TNP,VI+genomic+weather,DAP,TNP VI+G+W,CV00,2,2,WIH1.2021,47,0.454085240938091,2.24340946709085
TNP,VI+genomic+weather,DAP,TNP VI+G+W,CV00,3,2,WIH1.2021,46,0.0585126805158879,2.83561128742966
TNP,VI+genomic+weather,DAP,TNP VI+G+W,CV00,4,2,WIH1.2021,50,0.286215743384326,2.69816148090591
TNP,VI+genomic+weather,DAP,TNP VI+G+W,CV00,5,2,WIH1.2021,48,0.498536531326385,2.35988404240035
TNP,VI+genomic+weather,DAP,TNP VI+G+W,CV00,1,2,WIH2.2020,133,0.224761590524738,2.83756792542133
TNP,VI+genomic+weather,DAP,TNP VI+G+W,CV00,2,2,WIH2.2020,133,0.276197359882882,2.66829930212287
TNP,VI+genomic+weather,DAP,TNP VI+G+W,CV00,3,2,WIH2.2020,134,0.355690134402677,2.98779400882243
TNP,VI+genomic+weather,DAP,TNP VI+G+W,CV00,4,2,WIH2.2020,132,0.353000557456796,2.63372099017602
TNP,VI+genomic+weather,DAP,TNP VI+G+W,CV00,5,2,WIH2.2020,131,0.12806600690336,2.78387548001818
TNP,VI+genomic+weather,DAP,TNP VI+G+W,CV00,1,2,WIH2.2021,131,0.302890335224201,2.07161333146405
TNP,VI+genomic+weather,DAP,TNP VI+G+W,CV00,2,2,WIH2.2021,134,0.197010919147119,2.4528617735756
TNP,VI+genomic+weather,DAP,TNP VI+G+W,CV00,3,2,WIH2.2021,133,0.243741558761298,2.07238848173502
TNP,VI+genomic+weather,DAP,TNP VI+G+W,CV00,4,2,WIH2.2021,132,0.245203741621371,2.90011204199425
TNP,VI+genomic+weather,DAP,TNP VI+G+W,CV00,5,2,WIH2.2021,133,0.380434134670574,2.8402633105999
TNP,VI+genomic+weather,DAP,TNP VI+G+W,CV00,1,2,WIH3.2020,48,0.371428894704166,2.38305358318782
TNP,VI+genomic+weather,DAP,TNP VI+G+W,CV00,2,2,WIH3.2020,47,0.0648534291868528,2.71974249451972
TNP,VI+genomic+weather,DAP,TNP VI+G+W,CV00,3,2,WIH3.2020,46,0.112853440395959,2.22959967695507
TNP,VI+genomic+weather,DAP,TNP VI+G+W,CV00,4,2,WIH3.2020,50,0.18471189131844,2.58343250278803
TNP,VI+genomic+weather,DAP,TNP VI+G+W,CV00,5,2,WIH3.2020,48,0.319303739465966,2.20961155163213
TNP,VI+genomic+weather,DAP,TNP VI+G+W,CV00,1,2,WIH3.2021,47,0.488340976676253,2.39151978793954
TNP,VI+genomic+weather,DAP,TNP VI+G+W,CV00,2,2,WIH3.2021,47,0.66378068243521,2.36793120327337
TNP,VI+genomic+weather,DAP,TNP VI+G+W,CV00,3,2,WIH3.2021,46,0.202057475017069,1.96649100162829
TNP,VI+genomic+weather,DAP,TNP VI+G+W,CV00,4,2,WIH3.2021,50,0.376214608576022,2.18007856601109
TNP,VI+genomic+weather,DAP,TNP VI+G+W,CV00,5,2,WIH3.2021,48,0.598341276517878,1.75885017125872
TNP,VI+genomic+weather,DAP,TNP VI+G+W,CV00,1,3,DEH1.2020,135,0.079053734162864,2.00678400279571
TNP,VI+genomic+weather,DAP,TNP VI+G+W,CV00,2,3,DEH1.2020,133,0.189761837482854,3.22382787046143
TNP,VI+genomic+weather,DAP,TNP VI+G+W,CV00,3,3,DEH1.2020,133,0.410242253007254,2.59829102273139
TNP,VI+genomic+weather,DAP,TNP VI+G+W,CV00,4,3,DEH1.2020,135,0.656079726287002,3.07597705284295
TNP,VI+genomic+weather,DAP,TNP VI+G+W,CV00,5,3,DEH1.2020,135,0.346607890709303,2.35144194945447
TNP,VI+genomic+weather,DAP,TNP VI+G+W,CV00,1,3,IAH4.2021,134,0.486478079919221,1.55347068683753
TNP,VI+genomic+weather,DAP,TNP VI+G+W,CV00,2,3,IAH4.2021,131,0.374811130970886,1.67828029952524
TNP,VI+genomic+weather,DAP,TNP VI+G+W,CV00,3,3,IAH4.2021,131,0.429706804321057,1.90191445322049
TNP,VI+genomic+weather,DAP,TNP VI+G+W,CV00,4,3,IAH4.2021,133,0.269484333282251,1.74949504411968
TNP,VI+genomic+weather,DAP,TNP VI+G+W,CV00,5,3,IAH4.2021,132,0.427495263321527,1.42455490139502
TNP,VI+genomic+weather,DAP,TNP VI+G+W,CV00,1,3,MIH1.2020,49,0.324742522143757,1.94285817875361
TNP,VI+genomic+weather,DAP,TNP VI+G+W,CV00,2,3,MIH1.2020,45,0.351604208282306,1.42605802724341
TNP,VI+genomic+weather,DAP,TNP VI+G+W,CV00,3,3,MIH1.2020,46,0.211874980743436,1.79102626191188
TNP,VI+genomic+weather,DAP,TNP VI+G+W,CV00,4,3,MIH1.2020,46,0.434681338809263,1.25080096406364
TNP,VI+genomic+weather,DAP,TNP VI+G+W,CV00,5,3,MIH1.2020,48,0.411279337657455,1.27649930689053
TNP,VI+genomic+weather,DAP,TNP VI+G+W,CV00,1,3,MNH1.2020,47,0.506165826320077,2.42559461400893
TNP,VI+genomic+weather,DAP,TNP VI+G+W,CV00,2,3,MNH1.2020,45,-0.0825051660130707,1.91449867652543
TNP,VI+genomic+weather,DAP,TNP VI+G+W,CV00,3,3,MNH1.2020,46,0.0214559496289028,2.83772762631872
TNP,VI+genomic+weather,DAP,TNP VI+G+W,CV00,4,3,MNH1.2020,46,0.0719005003254617,1.98726270341653
TNP,VI+genomic+weather,DAP,TNP VI+G+W,CV00,5,3,MNH1.2020,48,0.0120340344879202,1.98951774705805
TNP,VI+genomic+weather,DAP,TNP VI+G+W,CV00,1,3,MNH1.2021,50,0.499336219917198,2.06547315234389
TNP,VI+genomic+weather,DAP,TNP VI+G+W,CV00,2,3,MNH1.2021,45,0.281726449215001,1.45527202838514
TNP,VI+genomic+weather,DAP,TNP VI+G+W,CV00,3,3,MNH1.2021,47,0.452270283712467,2.28230228137529
TNP,VI+genomic+weather,DAP,TNP VI+G+W,CV00,4,3,MNH1.2021,47,0.420101057576102,1.46746209285899
TNP,VI+genomic+weather,DAP,TNP VI+G+W,CV00,5,3,MNH1.2021,49,0.260183952451286,1.55277783342155
TNP,VI+genomic+weather,DAP,TNP VI+G+W,CV00,1,3,MOH1.2020,121,0.165072258591174,5.20520296273775
TNP,VI+genomic+weather,DAP,TNP VI+G+W,CV00,2,3,MOH1.2020,117,0.341696280216636,3.5182677236975
TNP,VI+genomic+weather,DAP,TNP VI+G+W,CV00,3,3,MOH1.2020,115,0.381105122165652,3.85216880703241
TNP,VI+genomic+weather,DAP,TNP VI+G+W,CV00,4,3,MOH1.2020,121,0.225166255768509,5.43512778773571
TNP,VI+genomic+weather,DAP,TNP VI+G+W,CV00,5,3,MOH1.2020,121,0.2067635272792,4.0587586549255
TNP,VI+genomic+weather,DAP,TNP VI+G+W,CV00,1,3,NEH1.2021,48,0.0125244601882736,3.16747616203711
TNP,VI+genomic+weather,DAP,TNP VI+G+W,CV00,2,3,NEH1.2021,45,0.535076492596586,2.97495214230796
TNP,VI+genomic+weather,DAP,TNP VI+G+W,CV00,3,3,NEH1.2021,47,0.469388805545272,3.73866839320084
TNP,VI+genomic+weather,DAP,TNP VI+G+W,CV00,4,3,NEH1.2021,47,0.495993612010015,3.52655151460893
TNP,VI+genomic+weather,DAP,TNP VI+G+W,CV00,5,3,NEH1.2021,49,0.429488087070002,3.26932335405365
TNP,VI+genomic+weather,DAP,TNP VI+G+W,CV00,1,3,TXH1.2020,48,0.123287634072159,2.12228404902724
TNP,VI+genomic+weather,DAP,TNP VI+G+W,CV00,2,3,TXH1.2020,45,0.596408519424763,1.8071938451781
TNP,VI+genomic+weather,DAP,TNP VI+G+W,CV00,3,3,TXH1.2020,47,0.734200913906474,1.75259177747152
TNP,VI+genomic+weather,DAP,TNP VI+G+W,CV00,4,3,TXH1.2020,47,0.788184592348959,1.61230406509238
TNP,VI+genomic+weather,DAP,TNP VI+G+W,CV00,5,3,TXH1.2020,49,0.55521577783666,1.62844910815334
TNP,VI+genomic+weather,DAP,TNP VI+G+W,CV00,1,3,TXH1.2021,48,0.0862148191367038,1.65072275223969
TNP,VI+genomic+weather,DAP,TNP VI+G+W,CV00,2,3,TXH1.2021,45,0.237954244134761,1.44413764867576
TNP,VI+genomic+weather,DAP,TNP VI+G+W,CV00,3,3,TXH1.2021,47,-0.0268937803254387,1.81410373959702
TNP,VI+genomic+weather,DAP,TNP VI+G+W,CV00,4,3,TXH1.2021,47,-0.0473555530228524,1.74569542573147
TNP,VI+genomic+weather,DAP,TNP VI+G+W,CV00,5,3,TXH1.2021,49,0.227261404369824,1.46088583874988
TNP,VI+genomic+weather,DAP,TNP VI+G+W,CV00,1,3,TXH2.2020,48,0.465708027869796,1.21523495266079
TNP,VI+genomic+weather,DAP,TNP VI+G+W,CV00,2,3,TXH2.2020,45,0.416257358546455,1.47606116858008
TNP,VI+genomic+weather,DAP,TNP VI+G+W,CV00,3,3,TXH2.2020,47,0.532394973804795,1.50893974414883
TNP,VI+genomic+weather,DAP,TNP VI+G+W,CV00,4,3,TXH2.2020,47,0.27836463670502,1.57008552732085
TNP,VI+genomic+weather,DAP,TNP VI+G+W,CV00,5,3,TXH2.2020,49,0.408136267961428,1.57902894022706
TNP,VI+genomic+weather,DAP,TNP VI+G+W,CV00,1,3,TXH2.2021,48,0.129254969291969,1.9938654190337
TNP,VI+genomic+weather,DAP,TNP VI+G+W,CV00,2,3,TXH2.2021,45,-0.013782064123394,1.66986653019849
TNP,VI+genomic+weather,DAP,TNP VI+G+W,CV00,3,3,TXH2.2021,47,0.241762692999217,1.71072510448166
TNP,VI+genomic+weather,DAP,TNP VI+G+W,CV00,4,3,TXH2.2021,47,0.180604110859661,1.67468372385647
TNP,VI+genomic+weather,DAP,TNP VI+G+W,CV00,5,3,TXH2.2021,49,-0.0432625157671981,2.2182044911413
TNP,VI+genomic+weather,DAP,TNP VI+G+W,CV00,1,3,TXH3.2020,50,0.135035880205843,2.03168287113914
TNP,VI+genomic+weather,DAP,TNP VI+G+W,CV00,2,3,TXH3.2020,45,-0.0740676700636272,3.73417642869827
TNP,VI+genomic+weather,DAP,TNP VI+G+W,CV00,3,3,TXH3.2020,47,0.0868157775681239,2.62889578282197
TNP,VI+genomic+weather,DAP,TNP VI+G+W,CV00,4,3,TXH3.2020,47,0.087405388816033,2.60688410554524
TNP,VI+genomic+weather,DAP,TNP VI+G+W,CV00,5,3,TXH3.2020,49,-0.0470206797786266,3.45880397303966
TNP,VI+genomic+weather,DAP,TNP VI+G+W,CV00,1,3,TXH3.2021,48,0.303054303842909,3.33954832801383
TNP,VI+genomic+weather,DAP,TNP VI+G+W,CV00,2,3,TXH3.2021,45,0.442757655102154,3.87472816667823
TNP,VI+genomic+weather,DAP,TNP VI+G+W,CV00,3,3,TXH3.2021,47,0.308388550654,3.65163160802237
TNP,VI+genomic+weather,DAP,TNP VI+G+W,CV00,4,3,TXH3.2021,47,0.304697596867488,3.99338495752095
TNP,VI+genomic+weather,DAP,TNP VI+G+W,CV00,5,3,TXH3.2021,49,0.133493150099452,4.12864855540465
TNP,VI+genomic+weather,DAP,TNP VI+G+W,CV00,1,3,WIH1.2020,47,0.538996010913958,1.89958148349933
TNP,VI+genomic+weather,DAP,TNP VI+G+W,CV00,2,3,WIH1.2020,45,0.433339390807583,1.50719927974359
TNP,VI+genomic+weather,DAP,TNP VI+G+W,CV00,3,3,WIH1.2020,46,0.370640929527953,1.84287082295627
TNP,VI+genomic+weather,DAP,TNP VI+G+W,CV00,4,3,WIH1.2020,46,0.447883645224595,1.6417776222637
TNP,VI+genomic+weather,DAP,TNP VI+G+W,CV00,5,3,WIH1.2020,48,0.608394061821145,2.04963467655777
TNP,VI+genomic+weather,DAP,TNP VI+G+W,CV00,1,3,WIH1.2021,48,0.540804989249092,2.94571485088756
TNP,VI+genomic+weather,DAP,TNP VI+G+W,CV00,2,3,WIH1.2021,45,0.31381526811594,2.77915098304411
TNP,VI+genomic+weather,DAP,TNP VI+G+W,CV00,3,3,WIH1.2021,47,0.59736141944092,2.41183406942856
TNP,VI+genomic+weather,DAP,TNP VI+G+W,CV00,4,3,WIH1.2021,47,0.436254805879199,1.90580599828284
TNP,VI+genomic+weather,DAP,TNP VI+G+W,CV00,5,3,WIH1.2021,49,0.333605038591865,2.48490645000061
TNP,VI+genomic+weather,DAP,TNP VI+G+W,CV00,1,3,WIH2.2020,134,0.284484369527473,2.981773331519
TNP,VI+genomic+weather,DAP,TNP VI+G+W,CV00,2,3,WIH2.2020,133,0.340468894815964,2.85275433297378
TNP,VI+genomic+weather,DAP,TNP VI+G+W,CV00,3,3,WIH2.2020,134,0.241981957002699,2.75647795118382
TNP,VI+genomic+weather,DAP,TNP VI+G+W,CV00,4,3,WIH2.2020,134,0.370436765822839,2.59847815171004
TNP,VI+genomic+weather,DAP,TNP VI+G+W,CV00,5,3,WIH2.2020,133,0.363333006647455,2.79926115300725
TNP,VI+genomic+weather,DAP,TNP VI+G+W,CV00,1,3,WIH2.2021,138,0.270769932474344,2.61562113311071
TNP,VI+genomic+weather,DAP,TNP VI+G+W,CV00,2,3,WIH2.2021,133,0.331783924963232,2.04291745472718
TNP,VI+genomic+weather,DAP,TNP VI+G+W,CV00,3,3,WIH2.2021,133,0.373733264149719,1.97269451349051
TNP,VI+genomic+weather,DAP,TNP VI+G+W,CV00,4,3,WIH2.2021,133,0.34379231669476,3.01856855931903
TNP,VI+genomic+weather,DAP,TNP VI+G+W,CV00,5,3,WIH2.2021,134,0.1753950844192,2.58882822666196
TNP,VI+genomic+weather,DAP,TNP VI+G+W,CV00,1,3,WIH3.2020,49,0.322553577109768,2.62830227173571
TNP,VI+genomic+weather,DAP,TNP VI+G+W,CV00,2,3,WIH3.2020,45,0.187208492814953,2.29991179898217
TNP,VI+genomic+weather,DAP,TNP VI+G+W,CV00,3,3,WIH3.2020,46,0.216267218590386,2.21244535487949
TNP,VI+genomic+weather,DAP,TNP VI+G+W,CV00,4,3,WIH3.2020,46,0.178013455046093,2.35505819390814
TNP,VI+genomic+weather,DAP,TNP VI+G+W,CV00,5,3,WIH3.2020,48,0.268408620611667,2.23948440805992
TNP,VI+genomic+weather,DAP,TNP VI+G+W,CV00,1,3,WIH3.2021,48,0.496776854597,1.78493113532879
TNP,VI+genomic+weather,DAP,TNP VI+G+W,CV00,2,3,WIH3.2021,45,0.107717177773606,2.86537918913667
TNP,VI+genomic+weather,DAP,TNP VI+G+W,CV00,3,3,WIH3.2021,47,0.40953750705563,1.64239012443907
TNP,VI+genomic+weather,DAP,TNP VI+G+W,CV00,4,3,WIH3.2021,47,0.402984609942795,1.61203490934793
TNP,VI+genomic+weather,DAP,TNP VI+G+W,CV00,5,3,WIH3.2021,49,0.305852267748626,1.74896506775863
TNP,VI+genomic+weather,DAP,TNP VI+G+W,CV00,1,4,DEH1.2020,133,0.274707218507723,1.87681092408576
TNP,VI+genomic+weather,DAP,TNP VI+G+W,CV00,2,4,DEH1.2020,133,-0.0357893187671126,2.89814029199732
TNP,VI+genomic+weather,DAP,TNP VI+G+W,CV00,3,4,DEH1.2020,134,0.651658052711416,2.36867301821054
TNP,VI+genomic+weather,DAP,TNP VI+G+W,CV00,4,4,DEH1.2020,131,0.0966512320179623,3.44759290994672
TNP,VI+genomic+weather,DAP,TNP VI+G+W,CV00,5,4,DEH1.2020,133,0.526025543980601,1.95002136768528
TNP,VI+genomic+weather,DAP,TNP VI+G+W,CV00,1,4,IAH4.2021,130,0.44619573144016,1.71031861520491
TNP,VI+genomic+weather,DAP,TNP VI+G+W,CV00,2,4,IAH4.2021,131,0.416111856249389,1.52320473891197
TNP,VI+genomic+weather,DAP,TNP VI+G+W,CV00,3,4,IAH4.2021,133,0.509539117703291,1.48975804112713
TNP,VI+genomic+weather,DAP,TNP VI+G+W,CV00,4,4,IAH4.2021,129,0.421678409067438,1.60193296639077
TNP,VI+genomic+weather,DAP,TNP VI+G+W,CV00,5,4,IAH4.2021,129,0.482996983747138,1.3764653606525
TNP,VI+genomic+weather,DAP,TNP VI+G+W,CV00,1,4,MIH1.2020,47,0.330515458023451,1.52847518457302
TNP,VI+genomic+weather,DAP,TNP VI+G+W,CV00,2,4,MIH1.2020,46,0.419972157722467,1.42399895455884
TNP,VI+genomic+weather,DAP,TNP VI+G+W,CV00,3,4,MIH1.2020,49,0.446164179316403,1.12309466844048
TNP,VI+genomic+weather,DAP,TNP VI+G+W,CV00,4,4,MIH1.2020,46,0.375090201116209,1.37461419803592
TNP,VI+genomic+weather,DAP,TNP VI+G+W,CV00,5,4,MIH1.2020,46,0.213520511550849,1.44592571634712
TNP,VI+genomic+weather,DAP,TNP VI+G+W,CV00,1,4,MNH1.2020,47,0.025996993753791,2.22043651785478
TNP,VI+genomic+weather,DAP,TNP VI+G+W,CV00,2,4,MNH1.2020,46,-0.0790476810835516,2.4599916211919
TNP,VI+genomic+weather,DAP,TNP VI+G+W,CV00,3,4,MNH1.2020,47,0.228349366116718,1.80703293005031
TNP,VI+genomic+weather,DAP,TNP VI+G+W,CV00,4,4,MNH1.2020,45,-0.00490126015454319,2.29231735568541
TNP,VI+genomic+weather,DAP,TNP VI+G+W,CV00,5,4,MNH1.2020,45,0.221879267567663,2.38199401849842
TNP,VI+genomic+weather,DAP,TNP VI+G+W,CV00,1,4,MNH1.2021,47,0.517807468323374,1.46977763942326
TNP,VI+genomic+weather,DAP,TNP VI+G+W,CV00,2,4,MNH1.2021,47,0.331723017418887,1.51590432177884
TNP,VI+genomic+weather,DAP,TNP VI+G+W,CV00,3,4,MNH1.2021,50,0.213537702694992,2.37435772132385
TNP,VI+genomic+weather,DAP,TNP VI+G+W,CV00,4,4,MNH1.2021,46,0.462540681696671,1.39773156704332
TNP,VI+genomic+weather,DAP,TNP VI+G+W,CV00,5,4,MNH1.2021,46,0.539466400361128,1.50208046405251
TNP,VI+genomic+weather,DAP,TNP VI+G+W,CV00,1,4,MOH1.2020,120,-0.201476324358262,5.24242950432824
TNP,VI+genomic+weather,DAP,TNP VI+G+W,CV00,2,4,MOH1.2020,112,0.027945253968445,2.92642539171192
TNP,VI+genomic+weather,DAP,TNP VI+G+W,CV00,3,4,MOH1.2020,120,0.164835697866347,4.23739285987531
TNP,VI+genomic+weather,DAP,TNP VI+G+W,CV00,4,4,MOH1.2020,109,0.228732489792278,4.4674297528511
TNP,VI+genomic+weather,DAP,TNP VI+G+W,CV00,5,4,MOH1.2020,115,0.248883647884572,4.21616660620032
TNP,VI+genomic+weather,DAP,TNP VI+G+W,CV00,1,4,NEH1.2021,47,0.0646433109497843,2.83655158174373
TNP,VI+genomic+weather,DAP,TNP VI+G+W,CV00,2,4,NEH1.2021,47,0.253341872842315,3.48933647837967
TNP,VI+genomic+weather,DAP,TNP VI+G+W,CV00,3,4,NEH1.2021,48,0.262354054191566,3.44257725535263
TNP,VI+genomic+weather,DAP,TNP VI+G+W,CV00,4,4,NEH1.2021,45,0.35468356729258,3.39968743198509
TNP,VI+genomic+weather,DAP,TNP VI+G+W,CV00,5,4,NEH1.2021,45,0.347269351417463,3.54312935680741
TNP,VI+genomic+weather,DAP,TNP VI+G+W,CV00,1,4,TXH1.2020,47,0.523017461180797,1.40751072695582
TNP,VI+genomic+weather,DAP,TNP VI+G+W,CV00,2,4,TXH1.2020,47,0.595611055235751,1.62724619757926
TNP,VI+genomic+weather,DAP,TNP VI+G+W,CV00,3,4,TXH1.2020,48,0.606649336106932,2.06391325158114
TNP,VI+genomic+weather,DAP,TNP VI+G+W,CV00,4,4,TXH1.2020,45,0.724276289835039,1.39219338251173
TNP,VI+genomic+weather,DAP,TNP VI+G+W,CV00,5,4,TXH1.2020,45,0.646208824077704,1.6940822634827
TNP,VI+genomic+weather,DAP,TNP VI+G+W,CV00,1,4,TXH1.2021,47,0.0575048081941313,1.80159547241773
TNP,VI+genomic+weather,DAP,TNP VI+G+W,CV00,2,4,TXH1.2021,47,-0.075380644361667,1.75001228688341
TNP,VI+genomic+weather,DAP,TNP VI+G+W,CV00,3,4,TXH1.2021,48,0.193840179285927,1.50313596421719
TNP,VI+genomic+weather,DAP,TNP VI+G+W,CV00,4,4,TXH1.2021,45,-0.0381161106096367,1.59561338128074
TNP,VI+genomic+weather,DAP,TNP VI+G+W,CV00,5,4,TXH1.2021,45,0.0181775604412794,1.72222470386731
TNP,VI+genomic+weather,DAP,TNP VI+G+W,CV00,1,4,TXH2.2020,47,0.759232407283437,1.7859258267383
TNP,VI+genomic+weather,DAP,TNP VI+G+W,CV00,2,4,TXH2.2020,47,0.389615551597707,1.72929005759665
TNP,VI+genomic+weather,DAP,TNP VI+G+W,CV00,3,4,TXH2.2020,48,0.638998461553175,1.05704042465134
TNP,VI+genomic+weather,DAP,TNP VI+G+W,CV00,4,4,TXH2.2020,45,0.622452301422547,1.44787120997815
TNP,VI+genomic+weather,DAP,TNP VI+G+W,CV00,5,4,TXH2.2020,45,0.238016783358055,1.43885012143372
TNP,VI+genomic+weather,DAP,TNP VI+G+W,CV00,1,4,TXH2.2021,47,-0.21436815017585,2.28636332204756
TNP,VI+genomic+weather,DAP,TNP VI+G+W,CV00,2,4,TXH2.2021,47,-0.229403838772218,2.42302752295062
TNP,VI+genomic+weather,DAP,TNP VI+G+W,CV00,3,4,TXH2.2021,48,-0.0679075765197653,2.61003045456452
TNP,VI+genomic+weather,DAP,TNP VI+G+W,CV00,4,4,TXH2.2021,45,-0.12865972653468,2.33140751282998
TNP,VI+genomic+weather,DAP,TNP VI+G+W,CV00,5,4,TXH2.2021,45,-0.11632839952411,2.0014961319208
TNP,VI+genomic+weather,DAP,TNP VI+G+W,CV00,1,4,TXH3.2020,47,-0.287320818270223,1.93572614049638
TNP,VI+genomic+weather,DAP,TNP VI+G+W,CV00,2,4,TXH3.2020,47,-0.0868374913634268,4.10944635716637
TNP,VI+genomic+weather,DAP,TNP VI+G+W,CV00,3,4,TXH3.2020,50,-0.0813055343986764,3.09827130785006
TNP,VI+genomic+weather,DAP,TNP VI+G+W,CV00,4,4,TXH3.2020,46,-0.062502207373725,1.77265744486349
TNP,VI+genomic+weather,DAP,TNP VI+G+W,CV00,5,4,TXH3.2020,46,-0.10297914278502,3.84021063157168
TNP,VI+genomic+weather,DAP,TNP VI+G+W,CV00,1,4,TXH3.2021,47,0.436649427467996,3.68890186214835
TNP,VI+genomic+weather,DAP,TNP VI+G+W,CV00,2,4,TXH3.2021,47,0.335319868778909,2.36021308167528
TNP,VI+genomic+weather,DAP,TNP VI+G+W,CV00,3,4,TXH3.2021,48,0.490174916684638,3.47395018460766
TNP,VI+genomic+weather,DAP,TNP VI+G+W,CV00,4,4,TXH3.2021,45,0.425732404444388,3.52245973325073
TNP,VI+genomic+weather,DAP,TNP VI+G+W,CV00,5,4,TXH3.2021,45,0.302925543848341,4.16522340042989
TNP,VI+genomic+weather,DAP,TNP VI+G+W,CV00,1,4,WIH1.2020,47,0.57349230311321,2.10382916372566
TNP,VI+genomic+weather,DAP,TNP VI+G+W,CV00,2,4,WIH1.2020,46,0.451989306152677,2.20560974989941
TNP,VI+genomic+weather,DAP,TNP VI+G+W,CV00,3,4,WIH1.2020,47,0.511933878169025,2.08175590499611
TNP,VI+genomic+weather,DAP,TNP VI+G+W,CV00,4,4,WIH1.2020,45,0.307850165123789,1.84157644087151
TNP,VI+genomic+weather,DAP,TNP VI+G+W,CV00,5,4,WIH1.2020,45,0.363891872466663,1.97433408099414
TNP,VI+genomic+weather,DAP,TNP VI+G+W,CV00,1,4,WIH1.2021,47,0.49675532391926,2.29818182243027
TNP,VI+genomic+weather,DAP,TNP VI+G+W,CV00,2,4,WIH1.2021,47,0.195099906479672,2.88387179123478
TNP,VI+genomic+weather,DAP,TNP VI+G+W,CV00,3,4,WIH1.2021,48,0.647143883074891,2.48550824376426
TNP,VI+genomic+weather,DAP,TNP VI+G+W,CV00,4,4,WIH1.2021,45,0.428815963250095,2.78768595815957
TNP,VI+genomic+weather,DAP,TNP VI+G+W,CV00,5,4,WIH1.2021,45,0.607069579580353,2.04423205330016
TNP,VI+genomic+weather,DAP,TNP VI+G+W,CV00,1,4,WIH2.2020,130,0.359160159268354,3.09919468494017
TNP,VI+genomic+weather,DAP,TNP VI+G+W,CV00,2,4,WIH2.2020,133,0.188769303292859,2.94057345031601
TNP,VI+genomic+weather,DAP,TNP VI+G+W,CV00,3,4,WIH2.2020,132,0.261860862888277,3.02130410597549
TNP,VI+genomic+weather,DAP,TNP VI+G+W,CV00,4,4,WIH2.2020,130,0.214618319692759,3.03602278884669
TNP,VI+genomic+weather,DAP,TNP VI+G+W,CV00,5,4,WIH2.2020,133,0.285835008795756,2.95324956178114
TNP,VI+genomic+weather,DAP,TNP VI+G+W,CV00,1,4,WIH2.2021,131,0.223312832705406,2.9662526707213
TNP,VI+genomic+weather,DAP,TNP VI+G+W,CV00,2,4,WIH2.2021,130,0.383295672139311,1.82189530862053
TNP,VI+genomic+weather,DAP,TNP VI+G+W,CV00,3,4,WIH2.2021,133,0.129609071226273,2.7457230794329
TNP,VI+genomic+weather,DAP,TNP VI+G+W,CV00,4,4,WIH2.2021,130,0.288982668231842,2.58199459253472
TNP,VI+genomic+weather,DAP,TNP VI+G+W,CV00,5,4,WIH2.2021,131,0.122924118980436,2.95068568300488
TNP,VI+genomic+weather,DAP,TNP VI+G+W,CV00,1,4,WIH3.2020,47,0.415743007496744,2.28302760379772
TNP,VI+genomic+weather,DAP,TNP VI+G+W,CV00,2,4,WIH3.2020,46,0.176211107367914,2.34145774257677
TNP,VI+genomic+weather,DAP,TNP VI+G+W,CV00,3,4,WIH3.2020,49,0.32174320781359,2.41061233850305
TNP,VI+genomic+weather,DAP,TNP VI+G+W,CV00,4,4,WIH3.2020,46,0.166370758983585,2.46990764767638
TNP,VI+genomic+weather,DAP,TNP VI+G+W,CV00,5,4,WIH3.2020,46,0.469979886621977,2.39643491012705
TNP,VI+genomic+weather,DAP,TNP VI+G+W,CV00,1,4,WIH3.2021,47,0.497155401067895,1.71178569208726
TNP,VI+genomic+weather,DAP,TNP VI+G+W,CV00,2,4,WIH3.2021,47,0.240622278527282,2.34138013901185
TNP,VI+genomic+weather,DAP,TNP VI+G+W,CV00,3,4,WIH3.2021,48,0.557544620765579,1.58600858282967
TNP,VI+genomic+weather,DAP,TNP VI+G+W,CV00,4,4,WIH3.2021,45,0.437412238088942,1.73246856017248
TNP,VI+genomic+weather,DAP,TNP VI+G+W,CV00,5,4,WIH3.2021,45,0.53986075315809,1.77375619580965
TNP,VI+genomic+weather,DAP,TNP VI+G+W,CV00,1,5,DEH1.2020,124,0.343748441964246,2.21190572131968
TNP,VI+genomic+weather,DAP,TNP VI+G+W,CV00,2,5,DEH1.2020,126,0.0928023835357927,3.18331972834756
TNP,VI+genomic+weather,DAP,TNP VI+G+W,CV00,3,5,DEH1.2020,124,0.558101523992113,2.26721144401508
TNP,VI+genomic+weather,DAP,TNP VI+G+W,CV00,4,5,DEH1.2020,123,0.35193959794714,2.15690685809929
TNP,VI+genomic+weather,DAP,TNP VI+G+W,CV00,5,5,DEH1.2020,122,0.519254891607795,1.94011816745296
TNP,VI+genomic+weather,DAP,TNP VI+G+W,CV00,1,5,IAH4.2021,124,0.267832293111329,1.65414454936621
TNP,VI+genomic+weather,DAP,TNP VI+G+W,CV00,2,5,IAH4.2021,124,0.446035275885627,1.70567752901682
TNP,VI+genomic+weather,DAP,TNP VI+G+W,CV00,3,5,IAH4.2021,121,0.327468725941345,1.76632029035232
TNP,VI+genomic+weather,DAP,TNP VI+G+W,CV00,4,5,IAH4.2021,121,0.476289867561459,1.38065898292557
TNP,VI+genomic+weather,DAP,TNP VI+G+W,CV00,5,5,IAH4.2021,123,0.474447326835658,1.62104817042011
TNP,VI+genomic+weather,DAP,TNP VI+G+W,CV00,1,5,MIH1.2020,44,0.178770650903967,1.89023343860575
TNP,VI+genomic+weather,DAP,TNP VI+G+W,CV00,2,5,MIH1.2020,51,0.181314257315464,1.97865133691937
TNP,VI+genomic+weather,DAP,TNP VI+G+W,CV00,3,5,MIH1.2020,46,0.244150662143047,2.11208676331235
TNP,VI+genomic+weather,DAP,TNP VI+G+W,CV00,4,5,MIH1.2020,43,0.189401773135445,1.40783625022774
TNP,VI+genomic+weather,DAP,TNP VI+G+W,CV00,5,5,MIH1.2020,47,0.381656091904118,1.74518889854054
TNP,VI+genomic+weather,DAP,TNP VI+G+W,CV00,1,5,MNH1.2020,44,0.202903942999743,2.00687559534626
TNP,VI+genomic+weather,DAP,TNP VI+G+W,CV00,2,5,MNH1.2020,48,-0.0453375061578361,2.42051491479987
TNP,VI+genomic+weather,DAP,TNP VI+G+W,CV00,3,5,MNH1.2020,45,0.433642369368819,2.0174525577908
TNP,VI+genomic+weather,DAP,TNP VI+G+W,CV00,4,5,MNH1.2020,43,0.0876836364559938,1.9143614191684
TNP,VI+genomic+weather,DAP,TNP VI+G+W,CV00,5,5,MNH1.2020,45,0.0867575402432236,1.97927118516648
TNP,VI+genomic+weather,DAP,TNP VI+G+W,CV00,1,5,MNH1.2021,44,0.22614177695295,1.72018099826238
TNP,VI+genomic+weather,DAP,TNP VI+G+W,CV00,2,5,MNH1.2021,52,0.229436411141464,1.85575253217255
TNP,VI+genomic+weather,DAP,TNP VI+G+W,CV00,3,5,MNH1.2021,46,0.192859933346738,1.92695741528184
TNP,VI+genomic+weather,DAP,TNP VI+G+W,CV00,4,5,MNH1.2021,43,0.260121051183293,1.7620735701153
TNP,VI+genomic+weather,DAP,TNP VI+G+W,CV00,5,5,MNH1.2021,48,0.588240254782875,1.52400283169633
TNP,VI+genomic+weather,DAP,TNP VI+G+W,CV00,1,5,MOH1.2020,104,0.0053553125161617,5.18120919414692
TNP,VI+genomic+weather,DAP,TNP VI+G+W,CV00,2,5,MOH1.2020,111,0.140350476505115,3.12853748059533
TNP,VI+genomic+weather,DAP,TNP VI+G+W,CV00,3,5,MOH1.2020,109,0.0686212117426042,4.26349381765675
TNP,VI+genomic+weather,DAP,TNP VI+G+W,CV00,4,5,MOH1.2020,107,0.00921881310121739,4.98850196049942
TNP,VI+genomic+weather,DAP,TNP VI+G+W,CV00,5,5,MOH1.2020,107,0.105146602267136,4.7255570013935
TNP,VI+genomic+weather,DAP,TNP VI+G+W,CV00,1,5,NEH1.2021,44,0.345418569839742,3.47831499328274
TNP,VI+genomic+weather,DAP,TNP VI+G+W,CV00,2,5,NEH1.2021,49,0.345490071476005,3.78363596952696
TNP,VI+genomic+weather,DAP,TNP VI+G+W,CV00,3,5,NEH1.2021,45,0.426549795209119,3.37909284808585
TNP,VI+genomic+weather,DAP,TNP VI+G+W,CV00,4,5,NEH1.2021,43,0.530158804083525,2.55896692422023
TNP,VI+genomic+weather,DAP,TNP VI+G+W,CV00,5,5,NEH1.2021,46,0.324865671108099,4.40665117037131
TNP,VI+genomic+weather,DAP,TNP VI+G+W,CV00,1,5,TXH1.2020,44,0.205890124522521,1.44201513723729
TNP,VI+genomic+weather,DAP,TNP VI+G+W,CV00,2,5,TXH1.2020,49,0.701403525420374,1.88173245512076
TNP,VI+genomic+weather,DAP,TNP VI+G+W,CV00,3,5,TXH1.2020,45,0.698075664979429,1.49184023279319
TNP,VI+genomic+weather,DAP,TNP VI+G+W,CV00,4,5,TXH1.2020,43,0.582847035634864,1.65337950972832
TNP,VI+genomic+weather,DAP,TNP VI+G+W,CV00,5,5,TXH1.2020,46,0.682036478964995,1.94416619976857
TNP,VI+genomic+weather,DAP,TNP VI+G+W,CV00,1,5,TXH1.2021,44,0.136503311179792,1.59900566520128
TNP,VI+genomic+weather,DAP,TNP VI+G+W,CV00,2,5,TXH1.2021,49,0.132181548284163,1.64626547001777
TNP,VI+genomic+weather,DAP,TNP VI+G+W,CV00,3,5,TXH1.2021,45,0.40990082598965,1.55823911571693
TNP,VI+genomic+weather,DAP,TNP VI+G+W,CV00,4,5,TXH1.2021,43,0.0903734663041646,1.70487633439001
TNP,VI+genomic+weather,DAP,TNP VI+G+W,CV00,5,5,TXH1.2021,46,0.259362756305331,1.45288268100637
TNP,VI+genomic+weather,DAP,TNP VI+G+W,CV00,1,5,TXH2.2020,44,0.685420842812636,1.18075067689592
TNP,VI+genomic+weather,DAP,TNP VI+G+W,CV00,2,5,TXH2.2020,49,0.553730789545935,1.65493622796395
TNP,VI+genomic+weather,DAP,TNP VI+G+W,CV00,3,5,TXH2.2020,45,0.332151423160535,1.86305905446834
TNP,VI+genomic+weather,DAP,TNP VI+G+W,CV00,4,5,TXH2.2020,43,0.21803294475549,1.82443311901716
TNP,VI+genomic+weather,DAP,TNP VI+G+W,CV00,5,5,TXH2.2020,46,0.62236864084892,2.16424693085234
TNP,VI+genomic+weather,DAP,TNP VI+G+W,CV00,1,5,TXH2.2021,44,0.170073016514447,2.12030159183506
TNP,VI+genomic+weather,DAP,TNP VI+G+W,CV00,2,5,TXH2.2021,49,0.163348782266683,2.00303770970204
TNP,VI+genomic+weather,DAP,TNP VI+G+W,CV00,3,5,TXH2.2021,45,-0.191020949380755,2.64771219372365
TNP,VI+genomic+weather,DAP,TNP VI+G+W,CV00,4,5,TXH2.2021,43,0.0814961401606413,1.4676194430374
TNP,VI+genomic+weather,DAP,TNP VI+G+W,CV00,5,5,TXH2.2021,46,-0.0856355616347425,2.22716383514013
TNP,VI+genomic+weather,DAP,TNP VI+G+W,CV00,1,5,TXH3.2020,44,-0.0109371909218868,2.85621133918047
TNP,VI+genomic+weather,DAP,TNP VI+G+W,CV00,2,5,TXH3.2020,52,0.0238436829531439,3.00052486712829
TNP,VI+genomic+weather,DAP,TNP VI+G+W,CV00,3,5,TXH3.2020,46,0.0499330835422463,3.3705226397025
TNP,VI+genomic+weather,DAP,TNP VI+G+W,CV00,4,5,TXH3.2020,43,-0.0717831104208013,1.54263001287996
TNP,VI+genomic+weather,DAP,TNP VI+G+W,CV00,5,5,TXH3.2020,48,0.0286142215407661,2.41976945432507
TNP,VI+genomic+weather,DAP,TNP VI+G+W,CV00,1,5,TXH3.2021,44,0.281285835898338,3.92799431773016
TNP,VI+genomic+weather,DAP,TNP VI+G+W,CV00,2,5,TXH3.2021,49,0.445248085219366,3.86751336776674
TNP,VI+genomic+weather,DAP,TNP VI+G+W,CV00,3,5,TXH3.2021,45,0.277688140589189,3.51154206513632
TNP,VI+genomic+weather,DAP,TNP VI+G+W,CV00,4,5,TXH3.2021,43,0.262298615168006,3.91077591768311
TNP,VI+genomic+weather,DAP,TNP VI+G+W,CV00,5,5,TXH3.2021,46,0.411747192813871,3.36493326376257
TNP,VI+genomic+weather,DAP,TNP VI+G+W,CV00,1,5,WIH1.2020,44,0.492005933862371,1.75433480864553
TNP,VI+genomic+weather,DAP,TNP VI+G+W,CV00,2,5,WIH1.2020,48,0.56203875499758,2.22157777724199
TNP,VI+genomic+weather,DAP,TNP VI+G+W,CV00,3,5,WIH1.2020,45,0.510583091094184,1.95786870016103
TNP,VI+genomic+weather,DAP,TNP VI+G+W,CV00,4,5,WIH1.2020,43,0.46608048204785,2.02885913429346
TNP,VI+genomic+weather,DAP,TNP VI+G+W,CV00,5,5,WIH1.2020,45,0.625439632614912,2.08271415020121
TNP,VI+genomic+weather,DAP,TNP VI+G+W,CV00,1,5,WIH1.2021,44,0.345060924477461,2.47931271422033
TNP,VI+genomic+weather,DAP,TNP VI+G+W,CV00,2,5,WIH1.2021,49,0.250573512185116,2.91454475583271
TNP,VI+genomic+weather,DAP,TNP VI+G+W,CV00,3,5,WIH1.2021,45,0.316983019269587,2.43735312349387
TNP,VI+genomic+weather,DAP,TNP VI+G+W,CV00,4,5,WIH1.2021,43,0.357005795359507,1.77841221858822
TNP,VI+genomic+weather,DAP,TNP VI+G+W,CV00,5,5,WIH1.2021,46,0.591007848092516,2.21253728900762
TNP,VI+genomic+weather,DAP,TNP VI+G+W,CV00,1,5,WIH2.2020,124,0.283679967158834,2.576764664023
TNP,VI+genomic+weather,DAP,TNP VI+G+W,CV00,2,5,WIH2.2020,125,0.38347360626439,2.90616517778035
TNP,VI+genomic+weather,DAP,TNP VI+G+W,CV00,3,5,WIH2.2020,124,0.238142337654625,2.9534479762841
TNP,VI+genomic+weather,DAP,TNP VI+G+W,CV00,4,5,WIH2.2020,123,0.322510416034711,2.61406384555829
TNP,VI+genomic+weather,DAP,TNP VI+G+W,CV00,5,5,WIH2.2020,123,0.333600492473414,2.75579865919848
TNP,VI+genomic+weather,DAP,TNP VI+G+W,CV00,1,5,WIH2.2021,123,0.255260942821416,2.3832258653108
TNP,VI+genomic+weather,DAP,TNP VI+G+W,CV00,2,5,WIH2.2021,127,0.401940738580128,2.14674226495378
TNP,VI+genomic+weather,DAP,TNP VI+G+W,CV00,3,5,WIH2.2021,126,0.35911885134229,2.54964341049311
TNP,VI+genomic+weather,DAP,TNP VI+G+W,CV00,4,5,WIH2.2021,124,0.255238551182476,2.43418220375232
TNP,VI+genomic+weather,DAP,TNP VI+G+W,CV00,5,5,WIH2.2021,125,0.306870848050814,2.6207230615179
TNP,VI+genomic+weather,DAP,TNP VI+G+W,CV00,1,5,WIH3.2020,44,0.189444041006399,2.30824350580412
TNP,VI+genomic+weather,DAP,TNP VI+G+W,CV00,2,5,WIH3.2020,51,0.41855409870469,2.44623048595985
TNP,VI+genomic+weather,DAP,TNP VI+G+W,CV00,3,5,WIH3.2020,46,0.344090160408731,2.48621669998569
TNP,VI+genomic+weather,DAP,TNP VI+G+W,CV00,4,5,WIH3.2020,43,0.0676979005753566,2.75757307035223
TNP,VI+genomic+weather,DAP,TNP VI+G+W,CV00,5,5,WIH3.2020,47,0.442487282702077,2.42214091333903
TNP,VI+genomic+weather,DAP,TNP VI+G+W,CV00,1,5,WIH3.2021,44,0.457650185516678,2.20679610505337
TNP,VI+genomic+weather,DAP,TNP VI+G+W,CV00,2,5,WIH3.2021,49,0.333078432670219,1.81664586546936
TNP,VI+genomic+weather,DAP,TNP VI+G+W,CV00,3,5,WIH3.2021,45,0.362594297849877,1.71383158477303
TNP,VI+genomic+weather,DAP,TNP VI+G+W,CV00,4,5,WIH3.2021,43,0.184334175019856,1.70692108338992
TNP,VI+genomic+weather,DAP,TNP VI+G+W,CV00,5,5,WIH3.2021,46,0.528648171682918,1.91317717368778
TNP,VI-only,DAP,TNP VI,CV0,1,1,DEH1.2020,524,0.131890595011126,3.02409635315304
TNP,VI-only,DAP,TNP VI,CV0,2,1,DEH1.2020,526,0.268392498757677,3.44189356684716
TNP,VI-only,DAP,TNP VI,CV0,3,1,DEH1.2020,525,0.0376360233820222,2.36536586415297
TNP,VI-only,DAP,TNP VI,CV0,4,1,DEH1.2020,521,0.20541492180861,2.05327668517914
TNP,VI-only,DAP,TNP VI,CV0,5,1,DEH1.2020,523,0.202756677582519,2.03415993765684
TNP,VI-only,DAP,TNP VI,CV0,1,1,IAH4.2021,514,0.0938953313705993,1.88469575369104
TNP,VI-only,DAP,TNP VI,CV0,2,1,IAH4.2021,518,0.290325680345932,1.67926817662843
TNP,VI-only,DAP,TNP VI,CV0,3,1,IAH4.2021,516,0.0914389932546279,1.8207544968275
TNP,VI-only,DAP,TNP VI,CV0,4,1,IAH4.2021,513,0.192876520396556,1.90912361558862
TNP,VI-only,DAP,TNP VI,CV0,5,1,IAH4.2021,515,0.0851167543421405,1.72012394709035
TNP,VI-only,DAP,TNP VI,CV0,1,1,MIH1.2020,188,0.355345389585884,1.24204630717964
TNP,VI-only,DAP,TNP VI,CV0,2,1,MIH1.2020,189,0.338576448500968,1.26088992467478
TNP,VI-only,DAP,TNP VI,CV0,3,1,MIH1.2020,187,0.218448878596936,2.10344595408971
TNP,VI-only,DAP,TNP VI,CV0,4,1,MIH1.2020,185,0.196396239899822,1.49167481919012
TNP,VI-only,DAP,TNP VI,CV0,5,1,MIH1.2020,189,0.31824113941012,2.53704808078295
TNP,VI-only,DAP,TNP VI,CV0,1,1,MNH1.2020,185,0.0344262119845728,1.85383830982855
TNP,VI-only,DAP,TNP VI,CV0,2,1,MNH1.2020,186,0.228536687449945,2.11609947316542
TNP,VI-only,DAP,TNP VI,CV0,3,1,MNH1.2020,184,0.0384859358517541,1.84584641683903
TNP,VI-only,DAP,TNP VI,CV0,4,1,MNH1.2020,184,-0.121756260638284,1.89084664479182
TNP,VI-only,DAP,TNP VI,CV0,5,1,MNH1.2020,186,-0.0796413183552983,2.16133460801318
TNP,VI-only,DAP,TNP VI,CV0,1,1,MNH1.2021,189,0.300875802030551,1.82550544345025
TNP,VI-only,DAP,TNP VI,CV0,2,1,MNH1.2021,191,0.178332104333162,4.18710057586614
TNP,VI-only,DAP,TNP VI,CV0,3,1,MNH1.2021,189,0.255317893972372,2.479759195404
TNP,VI-only,DAP,TNP VI,CV0,4,1,MNH1.2021,186,0.192486727464576,2.25402872695428
TNP,VI-only,DAP,TNP VI,CV0,5,1,MNH1.2021,191,0.223628334916949,2.1518752562003
TNP,VI-only,DAP,TNP VI,CV0,1,1,MOH1.2020,462,0.336802949741581,4.31980638714891
TNP,VI-only,DAP,TNP VI,CV0,2,1,MOH1.2020,459,-0.0593064371985717,5.14500505134464
TNP,VI-only,DAP,TNP VI,CV0,3,1,MOH1.2020,456,0.120122999887867,3.93486621074982
TNP,VI-only,DAP,TNP VI,CV0,4,1,MOH1.2020,458,0.300766346119038,4.56329978392584
TNP,VI-only,DAP,TNP VI,CV0,5,1,MOH1.2020,461,-0.0181523344364848,5.0770910530165
TNP,VI-only,DAP,TNP VI,CV0,1,1,NEH1.2021,186,0.342535203196677,3.63539914823469
TNP,VI-only,DAP,TNP VI,CV0,2,1,NEH1.2021,188,0.37834761584252,3.63230511385305
TNP,VI-only,DAP,TNP VI,CV0,3,1,NEH1.2021,186,0.462608115642763,3.30286541545337
TNP,VI-only,DAP,TNP VI,CV0,4,1,NEH1.2021,185,0.433219948572256,4.37736661083473
TNP,VI-only,DAP,TNP VI,CV0,5,1,NEH1.2021,188,0.503770916952901,4.3241606016838
TNP,VI-only,DAP,TNP VI,CV0,1,1,TXH1.2020,186,0.661520723118094,1.38450966122902
TNP,VI-only,DAP,TNP VI,CV0,2,1,TXH1.2020,188,0.572188649519903,2.09706700952603
TNP,VI-only,DAP,TNP VI,CV0,3,1,TXH1.2020,186,0.614318747955987,1.57445526683634
TNP,VI-only,DAP,TNP VI,CV0,4,1,TXH1.2020,185,0.51360377795136,2.00782001044319
TNP,VI-only,DAP,TNP VI,CV0,5,1,TXH1.2020,188,0.527047260117373,1.67055439884959
TNP,VI-only,DAP,TNP VI,CV0,1,1,TXH1.2021,186,0.148248450066498,1.73043910610103
TNP,VI-only,DAP,TNP VI,CV0,2,1,TXH1.2021,188,0.231415481292435,1.76790519049048
TNP,VI-only,DAP,TNP VI,CV0,3,1,TXH1.2021,186,0.152606283004862,1.57835181557495
TNP,VI-only,DAP,TNP VI,CV0,4,1,TXH1.2021,185,0.119637926479425,1.53358702915537
TNP,VI-only,DAP,TNP VI,CV0,5,1,TXH1.2021,188,0.277822243988191,1.68299480179331
TNP,VI-only,DAP,TNP VI,CV0,1,1,TXH2.2020,186,0.430920926077184,1.43226789742825
TNP,VI-only,DAP,TNP VI,CV0,2,1,TXH2.2020,188,0.5004523547277,1.30501678692236
TNP,VI-only,DAP,TNP VI,CV0,3,1,TXH2.2020,186,0.433985200269345,1.65812475374019
TNP,VI-only,DAP,TNP VI,CV0,4,1,TXH2.2020,185,0.375757180056164,1.36690325220082
TNP,VI-only,DAP,TNP VI,CV0,5,1,TXH2.2020,188,0.484168947946871,1.33053645551321
TNP,VI-only,DAP,TNP VI,CV0,1,1,TXH2.2021,186,-0.0291669151464646,2.6260328124787
TNP,VI-only,DAP,TNP VI,CV0,2,1,TXH2.2021,188,-0.0664649178878566,1.7787918100588
TNP,VI-only,DAP,TNP VI,CV0,3,1,TXH2.2021,186,-0.131422276920697,2.13965476764075
TNP,VI-only,DAP,TNP VI,CV0,4,1,TXH2.2021,185,-0.189696875137517,2.21557681665604
TNP,VI-only,DAP,TNP VI,CV0,5,1,TXH2.2021,188,0.1335554976429,2.16089591065721
TNP,VI-only,DAP,TNP VI,CV0,1,1,TXH3.2020,189,0.0384191176760834,2.10883953597882
TNP,VI-only,DAP,TNP VI,CV0,2,1,TXH3.2020,191,0.062883307056888,3.59358202677322
TNP,VI-only,DAP,TNP VI,CV0,3,1,TXH3.2020,189,0.0860948608911537,1.5474250238259
TNP,VI-only,DAP,TNP VI,CV0,4,1,TXH3.2020,186,-0.0253557471495579,2.33449875707965
TNP,VI-only,DAP,TNP VI,CV0,5,1,TXH3.2020,191,0.011511034872719,1.8872676654176
TNP,VI-only,DAP,TNP VI,CV0,1,1,TXH3.2021,186,0.498132960358132,3.41121980482911
TNP,VI-only,DAP,TNP VI,CV0,2,1,TXH3.2021,188,0.490916966521588,3.46397180598709
TNP,VI-only,DAP,TNP VI,CV0,3,1,TXH3.2021,186,0.417167924633248,3.35086051816657
TNP,VI-only,DAP,TNP VI,CV0,4,1,TXH3.2021,185,0.523979821596367,3.59831470112054
TNP,VI-only,DAP,TNP VI,CV0,5,1,TXH3.2021,188,0.464190670873392,3.08331811786933
TNP,VI-only,DAP,TNP VI,CV0,1,1,WIH1.2020,185,0.491764104345365,2.29904294560376
TNP,VI-only,DAP,TNP VI,CV0,2,1,WIH1.2020,186,0.512439719119454,1.95146727132463
TNP,VI-only,DAP,TNP VI,CV0,3,1,WIH1.2020,184,0.35332714635218,1.92319435689718
TNP,VI-only,DAP,TNP VI,CV0,4,1,WIH1.2020,184,0.342395929060062,2.05809623090329
TNP,VI-only,DAP,TNP VI,CV0,5,1,WIH1.2020,186,0.608849919179316,2.12608201177929
TNP,VI-only,DAP,TNP VI,CV0,1,1,WIH1.2021,186,0.363307407539329,2.77643511654804
TNP,VI-only,DAP,TNP VI,CV0,2,1,WIH1.2021,188,0.321086966892981,2.75159143909887
TNP,VI-only,DAP,TNP VI,CV0,3,1,WIH1.2021,186,0.381232668483861,2.32568969041381
TNP,VI-only,DAP,TNP VI,CV0,4,1,WIH1.2021,185,0.29505509974202,2.39313638546319
TNP,VI-only,DAP,TNP VI,CV0,5,1,WIH1.2021,188,0.480866850317393,2.17231660385744
TNP,VI-only,DAP,TNP VI,CV0,1,1,WIH2.2020,521,0.234331677384453,3.04399353123956
TNP,VI-only,DAP,TNP VI,CV0,2,1,WIH2.2020,524,0.286697454010589,2.73891086481718
TNP,VI-only,DAP,TNP VI,CV0,3,1,WIH2.2020,524,0.283052847450684,2.74870745645393
TNP,VI-only,DAP,TNP VI,CV0,4,1,WIH2.2020,519,0.281175634608041,2.71229886233905
TNP,VI-only,DAP,TNP VI,CV0,5,1,WIH2.2020,520,0.285664244528133,2.86467978432521
TNP,VI-only,DAP,TNP VI,CV0,1,1,WIH2.2021,523,0.112174396936795,2.64561132873905
TNP,VI-only,DAP,TNP VI,CV0,2,1,WIH2.2021,524,0.335503829508636,2.25559116228625
TNP,VI-only,DAP,TNP VI,CV0,3,1,WIH2.2021,525,0.0543589264582683,2.23584114857212
TNP,VI-only,DAP,TNP VI,CV0,4,1,WIH2.2021,519,0.116817365099678,3.1620102191999
TNP,VI-only,DAP,TNP VI,CV0,5,1,WIH2.2021,523,0.282735800015774,1.99895267262935
TNP,VI-only,DAP,TNP VI,CV0,1,1,WIH3.2020,188,0.212297421660742,2.62682067854254
TNP,VI-only,DAP,TNP VI,CV0,2,1,WIH3.2020,189,0.224705888066464,2.4356106670335
TNP,VI-only,DAP,TNP VI,CV0,3,1,WIH3.2020,187,0.151777114265591,2.39130035712071
TNP,VI-only,DAP,TNP VI,CV0,4,1,WIH3.2020,185,0.227304615837935,2.42463407119753
TNP,VI-only,DAP,TNP VI,CV0,5,1,WIH3.2020,189,0.23466921336694,2.39459048662191
TNP,VI-only,DAP,TNP VI,CV0,1,1,WIH3.2021,186,-0.0988257052889536,2.54189679840185
TNP,VI-only,DAP,TNP VI,CV0,2,1,WIH3.2021,188,0.0510849706186963,1.93319102072015
TNP,VI-only,DAP,TNP VI,CV0,3,1,WIH3.2021,186,0.0694390962276778,2.0434917281708
TNP,VI-only,DAP,TNP VI,CV0,4,1,WIH3.2021,185,0.0254602870226814,2.27162128199315
TNP,VI-only,DAP,TNP VI,CV0,5,1,WIH3.2021,188,0.0497443159793815,2.19773760538198
TNP,VI-only,DAP,TNP VI,CV0,1,2,DEH1.2020,523,0.131954604173532,2.52294948296225
TNP,VI-only,DAP,TNP VI,CV0,2,2,DEH1.2020,521,0.278692801616197,2.7795369300166
TNP,VI-only,DAP,TNP VI,CV0,3,2,DEH1.2020,521,0.00688569537353302,2.3481503918604
TNP,VI-only,DAP,TNP VI,CV0,4,2,DEH1.2020,523,0.361095746061273,2.47833973710863
TNP,VI-only,DAP,TNP VI,CV0,5,2,DEH1.2020,522,0.0543353392020441,2.08909096920819
TNP,VI-only,DAP,TNP VI,CV0,1,2,IAH4.2021,519,0.17433819504492,1.63355821443597
TNP,VI-only,DAP,TNP VI,CV0,2,2,IAH4.2021,513,0.238070152002526,1.9554718431289
TNP,VI-only,DAP,TNP VI,CV0,3,2,IAH4.2021,514,0.0157641921172427,2.20140340837931
TNP,VI-only,DAP,TNP VI,CV0,4,2,IAH4.2021,515,0.270206448878982,2.66850094263785
TNP,VI-only,DAP,TNP VI,CV0,5,2,IAH4.2021,514,0.053306410914673,1.81839223811021
TNP,VI-only,DAP,TNP VI,CV0,1,2,MIH1.2020,186,0.287989004531706,1.36257800504388
TNP,VI-only,DAP,TNP VI,CV0,2,2,MIH1.2020,187,0.2751150529737,1.48901787290795
TNP,VI-only,DAP,TNP VI,CV0,3,2,MIH1.2020,188,0.314131923465352,1.46185667472666
TNP,VI-only,DAP,TNP VI,CV0,4,2,MIH1.2020,184,0.100024714242669,1.48153237523613
TNP,VI-only,DAP,TNP VI,CV0,5,2,MIH1.2020,186,0.276768724951331,1.62087842855256
TNP,VI-only,DAP,TNP VI,CV0,1,2,MNH1.2020,184,-0.240553906142743,2.42956421397672
TNP,VI-only,DAP,TNP VI,CV0,2,2,MNH1.2020,184,-0.121765096986025,1.97495855871367
TNP,VI-only,DAP,TNP VI,CV0,3,2,MNH1.2020,185,0.142959020854277,1.7932975111853
TNP,VI-only,DAP,TNP VI,CV0,4,2,MNH1.2020,181,0.00726034552257099,1.81294049074024
TNP,VI-only,DAP,TNP VI,CV0,5,2,MNH1.2020,183,0.078257960917054,1.79030637297047
TNP,VI-only,DAP,TNP VI,CV0,1,2,MNH1.2021,188,0.167903452589822,1.82257901570425
TNP,VI-only,DAP,TNP VI,CV0,2,2,MNH1.2021,189,0.16941471862631,4.7852361553114
TNP,VI-only,DAP,TNP VI,CV0,3,2,MNH1.2021,190,0.195871245949942,2.36794262103341
TNP,VI-only,DAP,TNP VI,CV0,4,2,MNH1.2021,186,0.223578351169598,2.48372532375365
TNP,VI-only,DAP,TNP VI,CV0,5,2,MNH1.2021,188,0.259691584799315,2.67991274936869
TNP,VI-only,DAP,TNP VI,CV0,1,2,MOH1.2020,458,-0.0113243887806111,5.10880072380892
TNP,VI-only,DAP,TNP VI,CV0,2,2,MOH1.2020,456,-0.0723939481878554,4.50091718944813
TNP,VI-only,DAP,TNP VI,CV0,3,2,MOH1.2020,463,-0.0113115865421948,3.14172478729319
TNP,VI-only,DAP,TNP VI,CV0,4,2,MOH1.2020,454,0.282940338939198,4.02207261849059
TNP,VI-only,DAP,TNP VI,CV0,5,2,MOH1.2020,457,0.34251044821134,4.51040117047684
TNP,VI-only,DAP,TNP VI,CV0,1,2,NEH1.2021,186,0.421684454422811,4.56762678592759
TNP,VI-only,DAP,TNP VI,CV0,2,2,NEH1.2021,186,0.387795731482638,2.86775973325173
TNP,VI-only,DAP,TNP VI,CV0,3,2,NEH1.2021,187,0.3443757980442,3.99892786049173
TNP,VI-only,DAP,TNP VI,CV0,4,2,NEH1.2021,183,0.320604447363757,4.14704384670197
TNP,VI-only,DAP,TNP VI,CV0,5,2,NEH1.2021,185,0.394748963042853,4.27385889018474
TNP,VI-only,DAP,TNP VI,CV0,1,2,TXH1.2020,186,0.60776521284605,1.45863045627904
TNP,VI-only,DAP,TNP VI,CV0,2,2,TXH1.2020,186,0.558426273146953,2.00059677423404
TNP,VI-only,DAP,TNP VI,CV0,3,2,TXH1.2020,187,0.649846806080482,2.03605427628811
TNP,VI-only,DAP,TNP VI,CV0,4,2,TXH1.2020,183,0.620438229966457,1.66360533601708
TNP,VI-only,DAP,TNP VI,CV0,5,2,TXH1.2020,185,0.503641474773045,1.55681950916764
TNP,VI-only,DAP,TNP VI,CV0,1,2,TXH1.2021,186,0.224351694531319,1.78883594668769
TNP,VI-only,DAP,TNP VI,CV0,2,2,TXH1.2021,186,0.169095840627067,1.55038640643091
TNP,VI-only,DAP,TNP VI,CV0,3,2,TXH1.2021,187,0.256366784312827,1.61221531857081
TNP,VI-only,DAP,TNP VI,CV0,4,2,TXH1.2021,183,0.166266840634863,1.61970448966049
TNP,VI-only,DAP,TNP VI,CV0,5,2,TXH1.2021,185,0.252936805882519,2.05976784249425
TNP,VI-only,DAP,TNP VI,CV0,1,2,TXH2.2020,186,0.486427913142949,1.28256681583953
TNP,VI-only,DAP,TNP VI,CV0,2,2,TXH2.2020,186,0.550707258933901,1.41076758159711
TNP,VI-only,DAP,TNP VI,CV0,3,2,TXH2.2020,187,0.549617680817485,1.5134882805206
TNP,VI-only,DAP,TNP VI,CV0,4,2,TXH2.2020,183,0.438377603736608,1.33810924140234
TNP,VI-only,DAP,TNP VI,CV0,5,2,TXH2.2020,185,0.499268434483968,1.4550100299522
TNP,VI-only,DAP,TNP VI,CV0,1,2,TXH2.2021,186,-0.0121028036597861,2.24787863895787
TNP,VI-only,DAP,TNP VI,CV0,2,2,TXH2.2021,186,-0.0745523152387167,2.83819182519525
TNP,VI-only,DAP,TNP VI,CV0,3,2,TXH2.2021,187,-0.0520005948528281,2.45413597486815
TNP,VI-only,DAP,TNP VI,CV0,4,2,TXH2.2021,183,-0.123053320243332,2.00739067262214
TNP,VI-only,DAP,TNP VI,CV0,5,2,TXH2.2021,185,0.0883167654422372,2.17828024682204
TNP,VI-only,DAP,TNP VI,CV0,1,2,TXH3.2020,188,0.0111028091672525,2.97275763348872
TNP,VI-only,DAP,TNP VI,CV0,2,2,TXH3.2020,189,-0.00475078062212824,3.6483746860037
TNP,VI-only,DAP,TNP VI,CV0,3,2,TXH3.2020,190,0.02321286705692,1.82907227750148
TNP,VI-only,DAP,TNP VI,CV0,4,2,TXH3.2020,186,0.0751040710308044,1.80223855253539
TNP,VI-only,DAP,TNP VI,CV0,5,2,TXH3.2020,188,0.0405346732570632,1.98928084094237
TNP,VI-only,DAP,TNP VI,CV0,1,2,TXH3.2021,186,0.439323398011846,2.71811058934589
TNP,VI-only,DAP,TNP VI,CV0,2,2,TXH3.2021,186,0.475270095973094,2.3992216555902
TNP,VI-only,DAP,TNP VI,CV0,3,2,TXH3.2021,187,0.469986403830116,2.53948915950681
TNP,VI-only,DAP,TNP VI,CV0,4,2,TXH3.2021,183,0.529262709675914,2.69541821999072
TNP,VI-only,DAP,TNP VI,CV0,5,2,TXH3.2021,185,0.500937386404116,2.51630736582891
TNP,VI-only,DAP,TNP VI,CV0,1,2,WIH1.2020,184,0.428620605159525,1.83468017553852
TNP,VI-only,DAP,TNP VI,CV0,2,2,WIH1.2020,184,0.477796293020786,2.09033058475441
TNP,VI-only,DAP,TNP VI,CV0,3,2,WIH1.2020,185,0.55596570495506,1.94319997867598
TNP,VI-only,DAP,TNP VI,CV0,4,2,WIH1.2020,181,0.226939244654098,1.96421259920168
TNP,VI-only,DAP,TNP VI,CV0,5,2,WIH1.2020,183,0.518200752346845,1.95901641692702
TNP,VI-only,DAP,TNP VI,CV0,1,2,WIH1.2021,186,0.374459209158204,3.70145735559453
TNP,VI-only,DAP,TNP VI,CV0,2,2,WIH1.2021,186,0.308159591459289,2.6088341926339
TNP,VI-only,DAP,TNP VI,CV0,3,2,WIH1.2021,187,0.499100885955474,2.51032493916453
TNP,VI-only,DAP,TNP VI,CV0,4,2,WIH1.2021,183,0.40422006463208,2.34561792486193
TNP,VI-only,DAP,TNP VI,CV0,5,2,WIH1.2021,185,0.398334405948321,2.22459326227714
TNP,VI-only,DAP,TNP VI,CV0,1,2,WIH2.2020,520,0.258649624316401,2.86433983004449
TNP,VI-only,DAP,TNP VI,CV0,2,2,WIH2.2020,520,0.311856428729957,2.73309677106715
TNP,VI-only,DAP,TNP VI,CV0,3,2,WIH2.2020,519,0.256065107032513,2.77419626426226
TNP,VI-only,DAP,TNP VI,CV0,4,2,WIH2.2020,521,0.235787993607822,2.80179431407299
TNP,VI-only,DAP,TNP VI,CV0,5,2,WIH2.2020,522,0.36966933941183,2.69047530833342
TNP,VI-only,DAP,TNP VI,CV0,1,2,WIH2.2021,524,0.228932522241263,2.17595058890817
TNP,VI-only,DAP,TNP VI,CV0,2,2,WIH2.2021,521,0.123867746838568,2.39592406741688
TNP,VI-only,DAP,TNP VI,CV0,3,2,WIH2.2021,522,0.0468686522419149,2.29535780902343
TNP,VI-only,DAP,TNP VI,CV0,4,2,WIH2.2021,523,0.0683729779794303,3.58694919685835
TNP,VI-only,DAP,TNP VI,CV0,5,2,WIH2.2021,522,0.116017779625925,2.66293768631909
TNP,VI-only,DAP,TNP VI,CV0,1,2,WIH3.2020,186,0.201235642335145,2.44894066128763
TNP,VI-only,DAP,TNP VI,CV0,2,2,WIH3.2020,187,0.22579829401125,2.40842897232677
TNP,VI-only,DAP,TNP VI,CV0,3,2,WIH3.2020,188,0.319097054306298,2.41588725406882
TNP,VI-only,DAP,TNP VI,CV0,4,2,WIH3.2020,184,0.181355511088801,2.43992274732739
TNP,VI-only,DAP,TNP VI,CV0,5,2,WIH3.2020,186,0.238850670550353,2.45112578271821
TNP,VI-only,DAP,TNP VI,CV0,1,2,WIH3.2021,186,0.0325155201972637,1.94443725149096
TNP,VI-only,DAP,TNP VI,CV0,2,2,WIH3.2021,186,0.0289009451887853,1.91503983803023
TNP,VI-only,DAP,TNP VI,CV0,3,2,WIH3.2021,187,0.0949994651578582,2.23240937423414
TNP,VI-only,DAP,TNP VI,CV0,4,2,WIH3.2021,183,0.0303962000856013,1.83019720992475
TNP,VI-only,DAP,TNP VI,CV0,5,2,WIH3.2021,185,0.102209059112646,1.8389091739793
TNP,VI-only,DAP,TNP VI,CV0,1,3,DEH1.2020,520,-0.0543171161255512,2.30685422842713
TNP,VI-only,DAP,TNP VI,CV0,2,3,DEH1.2020,522,0.241619073852602,3.17236495832194
TNP,VI-only,DAP,TNP VI,CV0,3,3,DEH1.2020,522,-0.0684119966980743,2.14467647741517
TNP,VI-only,DAP,TNP VI,CV0,4,3,DEH1.2020,520,0.113498650733966,2.47960667849227
TNP,VI-only,DAP,TNP VI,CV0,5,3,DEH1.2020,520,-0.01244884255301,2.11457153508196
TNP,VI-only,DAP,TNP VI,CV0,1,3,IAH4.2021,511,0.170814923047066,1.8582670910636
TNP,VI-only,DAP,TNP VI,CV0,2,3,IAH4.2021,514,0.250582666726926,1.9659949196384
TNP,VI-only,DAP,TNP VI,CV0,3,3,IAH4.2021,514,0.115143800782451,1.84494028567274
TNP,VI-only,DAP,TNP VI,CV0,4,3,IAH4.2021,512,0.20739281102795,2.0392650681718
TNP,VI-only,DAP,TNP VI,CV0,5,3,IAH4.2021,513,0.192722227836676,2.84529348353105
TNP,VI-only,DAP,TNP VI,CV0,1,3,MIH1.2020,185,0.319117163455167,1.61747102905868
TNP,VI-only,DAP,TNP VI,CV0,2,3,MIH1.2020,189,0.311301891948302,1.89726655139385
TNP,VI-only,DAP,TNP VI,CV0,3,3,MIH1.2020,188,0.216831352658428,1.51225335296777
TNP,VI-only,DAP,TNP VI,CV0,4,3,MIH1.2020,188,0.120741973369146,2.1584604918905
TNP,VI-only,DAP,TNP VI,CV0,5,3,MIH1.2020,186,0.269365939961329,2.67516216181209
TNP,VI-only,DAP,TNP VI,CV0,1,3,MNH1.2020,184,0.0518779560097126,1.86816833298494
TNP,VI-only,DAP,TNP VI,CV0,2,3,MNH1.2020,186,0.157134140284151,1.73332026131684
TNP,VI-only,DAP,TNP VI,CV0,3,3,MNH1.2020,185,-0.142515634119146,2.24931967126012
TNP,VI-only,DAP,TNP VI,CV0,4,3,MNH1.2020,185,-0.0605906000205194,1.91090170656445
TNP,VI-only,DAP,TNP VI,CV0,5,3,MNH1.2020,183,-0.142484086365942,2.9871017029039
TNP,VI-only,DAP,TNP VI,CV0,1,3,MNH1.2021,186,0.234150954118393,2.12858541105244
TNP,VI-only,DAP,TNP VI,CV0,2,3,MNH1.2021,191,0.129270044159185,3.84036749355373
TNP,VI-only,DAP,TNP VI,CV0,3,3,MNH1.2021,189,0.170742393155057,2.20970860945425
TNP,VI-only,DAP,TNP VI,CV0,4,3,MNH1.2021,189,0.189553079662445,2.19777505710383
TNP,VI-only,DAP,TNP VI,CV0,5,3,MNH1.2021,187,0.248110293931021,2.03005079273383
TNP,VI-only,DAP,TNP VI,CV0,1,3,MOH1.2020,454,0.239028442822756,4.49061913068658
TNP,VI-only,DAP,TNP VI,CV0,2,3,MOH1.2020,458,0.139897695469811,5.01974893287684
TNP,VI-only,DAP,TNP VI,CV0,3,3,MOH1.2020,460,0.019178080598744,3.7881207037305
TNP,VI-only,DAP,TNP VI,CV0,4,3,MOH1.2020,454,0.184094820429791,5.60815575741864
TNP,VI-only,DAP,TNP VI,CV0,5,3,MOH1.2020,454,0.311043477573689,4.66550065502224
TNP,VI-only,DAP,TNP VI,CV0,1,3,NEH1.2021,185,0.277911705494128,4.0799441050738
TNP,VI-only,DAP,TNP VI,CV0,2,3,NEH1.2021,188,0.457280463927873,3.54616994390658
TNP,VI-only,DAP,TNP VI,CV0,3,3,NEH1.2021,186,0.367485371896546,4.06344650988916
TNP,VI-only,DAP,TNP VI,CV0,4,3,NEH1.2021,186,0.3383016557816,4.49962051114534
TNP,VI-only,DAP,TNP VI,CV0,5,3,NEH1.2021,184,0.479691882252485,4.96436279844078
TNP,VI-only,DAP,TNP VI,CV0,1,3,TXH1.2020,185,0.645677975938266,1.32737059849087
TNP,VI-only,DAP,TNP VI,CV0,2,3,TXH1.2020,188,0.638530690433241,1.89798256757808
TNP,VI-only,DAP,TNP VI,CV0,3,3,TXH1.2020,186,0.595682968065098,2.16122961622273
TNP,VI-only,DAP,TNP VI,CV0,4,3,TXH1.2020,186,0.451910546673341,1.64836610817921
TNP,VI-only,DAP,TNP VI,CV0,5,3,TXH1.2020,184,0.600279695167572,1.68284948775301
TNP,VI-only,DAP,TNP VI,CV0,1,3,TXH1.2021,185,0.271905524938335,1.57648100471315
TNP,VI-only,DAP,TNP VI,CV0,2,3,TXH1.2021,188,0.245302760178704,1.65123125333577
TNP,VI-only,DAP,TNP VI,CV0,3,3,TXH1.2021,186,0.23337258069845,1.55910641278955
TNP,VI-only,DAP,TNP VI,CV0,4,3,TXH1.2021,186,0.217900710295113,1.66330898102113
TNP,VI-only,DAP,TNP VI,CV0,5,3,TXH1.2021,184,0.250279675851793,2.07222913035185
TNP,VI-only,DAP,TNP VI,CV0,1,3,TXH2.2020,185,0.44797521933393,1.37904959839579
TNP,VI-only,DAP,TNP VI,CV0,2,3,TXH2.2020,188,0.524018081006153,1.30239195894429
TNP,VI-only,DAP,TNP VI,CV0,3,3,TXH2.2020,186,0.464908957343217,1.51022465190476
TNP,VI-only,DAP,TNP VI,CV0,4,3,TXH2.2020,186,0.48535995352222,1.45347900964058
TNP,VI-only,DAP,TNP VI,CV0,5,3,TXH2.2020,184,0.441357140205871,1.62888458889539
TNP,VI-only,DAP,TNP VI,CV0,1,3,TXH2.2021,185,-0.104046255903184,2.34469924734718
TNP,VI-only,DAP,TNP VI,CV0,2,3,TXH2.2021,188,-0.0577606068248458,2.30561462807258
TNP,VI-only,DAP,TNP VI,CV0,3,3,TXH2.2021,186,-0.0475160624289656,2.31046751899752
TNP,VI-only,DAP,TNP VI,CV0,4,3,TXH2.2021,186,-0.167693464113864,2.23015102497389
TNP,VI-only,DAP,TNP VI,CV0,5,3,TXH2.2021,184,0.17397320105362,2.16160383592658
TNP,VI-only,DAP,TNP VI,CV0,1,3,TXH3.2020,186,0.0296710460572822,2.40147850498996
TNP,VI-only,DAP,TNP VI,CV0,2,3,TXH3.2020,191,-0.0465353188490994,2.98522357162127
TNP,VI-only,DAP,TNP VI,CV0,3,3,TXH3.2020,189,-0.0271550303985784,2.26467993824697
TNP,VI-only,DAP,TNP VI,CV0,4,3,TXH3.2020,189,0.0443894726170677,1.84681771312676
TNP,VI-only,DAP,TNP VI,CV0,5,3,TXH3.2020,187,0.0250127732999444,3.07980725828064
TNP,VI-only,DAP,TNP VI,CV0,1,3,TXH3.2021,185,0.472991672177231,3.12017821368871
TNP,VI-only,DAP,TNP VI,CV0,2,3,TXH3.2021,188,0.507909587878508,3.10734760879198
TNP,VI-only,DAP,TNP VI,CV0,3,3,TXH3.2021,186,0.336235739798185,3.51467071519661
TNP,VI-only,DAP,TNP VI,CV0,4,3,TXH3.2021,186,0.570617411998225,3.57704185866879
TNP,VI-only,DAP,TNP VI,CV0,5,3,TXH3.2021,184,0.535375534104153,3.69535062946335
TNP,VI-only,DAP,TNP VI,CV0,1,3,WIH1.2020,184,0.437854708888984,2.04994670315821
TNP,VI-only,DAP,TNP VI,CV0,2,3,WIH1.2020,186,0.518752836109166,2.14772178602841
TNP,VI-only,DAP,TNP VI,CV0,3,3,WIH1.2020,185,0.535667501533175,1.93883639355299
TNP,VI-only,DAP,TNP VI,CV0,4,3,WIH1.2020,185,0.357769313628076,2.11903375771678
TNP,VI-only,DAP,TNP VI,CV0,5,3,WIH1.2020,183,0.508801338158952,1.88763668678619
TNP,VI-only,DAP,TNP VI,CV0,1,3,WIH1.2021,185,0.396283879330573,3.29730311994886
TNP,VI-only,DAP,TNP VI,CV0,2,3,WIH1.2021,188,0.338049542877494,3.18352205011154
TNP,VI-only,DAP,TNP VI,CV0,3,3,WIH1.2021,186,0.429175772945198,2.58346232023702
TNP,VI-only,DAP,TNP VI,CV0,4,3,WIH1.2021,186,0.314454785706275,2.56981765485051
TNP,VI-only,DAP,TNP VI,CV0,5,3,WIH1.2021,184,0.443006732356503,2.46089408731469
TNP,VI-only,DAP,TNP VI,CV0,1,3,WIH2.2020,519,0.323019824824988,2.84440966899145
TNP,VI-only,DAP,TNP VI,CV0,2,3,WIH2.2020,520,0.253620019295309,2.89015724098627
TNP,VI-only,DAP,TNP VI,CV0,3,3,WIH2.2020,519,0.28518628536446,2.80990715040846
TNP,VI-only,DAP,TNP VI,CV0,4,3,WIH2.2020,519,0.203579037090094,3.16300759690914
TNP,VI-only,DAP,TNP VI,CV0,5,3,WIH2.2020,520,0.275970479853567,2.69472263158365
TNP,VI-only,DAP,TNP VI,CV0,1,3,WIH2.2021,517,0.241820082911245,2.36597030878028
TNP,VI-only,DAP,TNP VI,CV0,2,3,WIH2.2021,522,0.112775003885935,2.05872055236692
TNP,VI-only,DAP,TNP VI,CV0,3,3,WIH2.2021,522,-0.0535739015239731,2.41197783970139
TNP,VI-only,DAP,TNP VI,CV0,4,3,WIH2.2021,522,0.1245412831225,2.83498050087111
TNP,VI-only,DAP,TNP VI,CV0,5,3,WIH2.2021,521,0.101969901898599,2.32251619014394
TNP,VI-only,DAP,TNP VI,CV0,1,3,WIH3.2020,185,0.151538100525088,2.48405408117609
TNP,VI-only,DAP,TNP VI,CV0,2,3,WIH3.2020,189,0.204879535574864,2.515646707075
TNP,VI-only,DAP,TNP VI,CV0,3,3,WIH3.2020,188,0.208426408666861,2.65527537203191
TNP,VI-only,DAP,TNP VI,CV0,4,3,WIH3.2020,188,0.127018339640263,2.52232593051417
TNP,VI-only,DAP,TNP VI,CV0,5,3,WIH3.2020,186,0.263774446213357,2.44193651716878
TNP,VI-only,DAP,TNP VI,CV0,1,3,WIH3.2021,185,0.00403917045193943,2.20138379771257
TNP,VI-only,DAP,TNP VI,CV0,2,3,WIH3.2021,188,0.237960953568478,1.90861848847925
TNP,VI-only,DAP,TNP VI,CV0,3,3,WIH3.2021,186,0.0329927389411663,2.06916527308634
TNP,VI-only,DAP,TNP VI,CV0,4,3,WIH3.2021,186,0.0194028607196339,1.98698075049762
TNP,VI-only,DAP,TNP VI,CV0,5,3,WIH3.2021,184,0.176036216466122,1.90338048071109
TNP,VI-only,DAP,TNP VI,CV0,1,4,DEH1.2020,522,0.119423754406098,2.99277312619714
TNP,VI-only,DAP,TNP VI,CV0,2,4,DEH1.2020,522,0.291581960129413,5.66362513652743
TNP,VI-only,DAP,TNP VI,CV0,3,4,DEH1.2020,521,0.0489390437971452,2.15087989434351
TNP,VI-only,DAP,TNP VI,CV0,4,4,DEH1.2020,524,0.254085723075552,2.09868684767669
TNP,VI-only,DAP,TNP VI,CV0,5,4,DEH1.2020,522,0.217305595548189,2.42777936998945
TNP,VI-only,DAP,TNP VI,CV0,1,4,IAH4.2021,515,0.119746304077239,1.89854942348454
TNP,VI-only,DAP,TNP VI,CV0,2,4,IAH4.2021,514,0.21792572334593,2.12230680024664
TNP,VI-only,DAP,TNP VI,CV0,3,4,IAH4.2021,512,0.163592366366451,2.12775279217865
TNP,VI-only,DAP,TNP VI,CV0,4,4,IAH4.2021,516,0.18143853303905,2.19906987805658
TNP,VI-only,DAP,TNP VI,CV0,5,4,IAH4.2021,516,0.185036880173445,1.70657538747077
TNP,VI-only,DAP,TNP VI,CV0,1,4,MIH1.2020,187,0.36533284917169,1.74177945036209
TNP,VI-only,DAP,TNP VI,CV0,2,4,MIH1.2020,188,0.332986832341405,1.64869356771684
TNP,VI-only,DAP,TNP VI,CV0,3,4,MIH1.2020,185,0.236100802038245,1.3417955395604
TNP,VI-only,DAP,TNP VI,CV0,4,4,MIH1.2020,188,0.0976219702456032,1.48165128567611
TNP,VI-only,DAP,TNP VI,CV0,5,4,MIH1.2020,188,0.283251196592482,1.7136388543677
TNP,VI-only,DAP,TNP VI,CV0,1,4,MNH1.2020,184,-0.0395413809692414,1.92436631050303
TNP,VI-only,DAP,TNP VI,CV0,2,4,MNH1.2020,185,0.162389307789266,1.78248308732085
TNP,VI-only,DAP,TNP VI,CV0,3,4,MNH1.2020,184,0.28687208703258,1.66610948188483
TNP,VI-only,DAP,TNP VI,CV0,4,4,MNH1.2020,186,-0.103548714086094,1.76192893135774
TNP,VI-only,DAP,TNP VI,CV0,5,4,MNH1.2020,186,0.0988632702644501,1.74643131278251
TNP,VI-only,DAP,TNP VI,CV0,1,4,MNH1.2021,189,0.195126740798181,2.45477964380483
TNP,VI-only,DAP,TNP VI,CV0,2,4,MNH1.2021,189,0.0843440531596647,3.7936670726255
TNP,VI-only,DAP,TNP VI,CV0,3,4,MNH1.2021,186,0.291787065848951,1.60048841754736
TNP,VI-only,DAP,TNP VI,CV0,4,4,MNH1.2021,190,0.10437703258559,1.61649367026631
TNP,VI-only,DAP,TNP VI,CV0,5,4,MNH1.2021,190,0.199816278745253,2.27578705657183
TNP,VI-only,DAP,TNP VI,CV0,1,4,MOH1.2020,455,0.171458033890437,4.66805153709213
TNP,VI-only,DAP,TNP VI,CV0,2,4,MOH1.2020,463,0.0147280772631325,4.48716207544636
TNP,VI-only,DAP,TNP VI,CV0,3,4,MOH1.2020,455,0.0106165534452464,4.64495068672873
TNP,VI-only,DAP,TNP VI,CV0,4,4,MOH1.2020,466,0.208389715049427,5.15132029341262
TNP,VI-only,DAP,TNP VI,CV0,5,4,MOH1.2020,460,0.0285220399053462,5.40286872182245
TNP,VI-only,DAP,TNP VI,CV0,1,4,NEH1.2021,186,0.230532998466202,4.80297717802643
TNP,VI-only,DAP,TNP VI,CV0,2,4,NEH1.2021,186,0.40893352782316,3.17012868520018
TNP,VI-only,DAP,TNP VI,CV0,3,4,NEH1.2021,185,0.424044110654817,3.74185910458232
TNP,VI-only,DAP,TNP VI,CV0,4,4,NEH1.2021,188,0.291255504590936,4.8328741094542
TNP,VI-only,DAP,TNP VI,CV0,5,4,NEH1.2021,188,0.397658991523661,3.97801285583503
TNP,VI-only,DAP,TNP VI,CV0,1,4,TXH1.2020,186,0.611499286207801,1.6305186730492
TNP,VI-only,DAP,TNP VI,CV0,2,4,TXH1.2020,186,0.616340395663612,1.82155323439724
TNP,VI-only,DAP,TNP VI,CV0,3,4,TXH1.2020,185,0.590066123972475,2.57992613417665
TNP,VI-only,DAP,TNP VI,CV0,4,4,TXH1.2020,188,0.657949206351678,1.43824942404829
TNP,VI-only,DAP,TNP VI,CV0,5,4,TXH1.2020,188,0.486465937861946,1.58906172184985
TNP,VI-only,DAP,TNP VI,CV0,1,4,TXH1.2021,186,0.233166634588918,1.65861274172407
TNP,VI-only,DAP,TNP VI,CV0,2,4,TXH1.2021,186,0.22646327719959,1.6194654720844
TNP,VI-only,DAP,TNP VI,CV0,3,4,TXH1.2021,185,0.133950715553837,1.65172965330837
TNP,VI-only,DAP,TNP VI,CV0,4,4,TXH1.2021,188,0.265319005250954,1.57060777186894
TNP,VI-only,DAP,TNP VI,CV0,5,4,TXH1.2021,188,0.281266742767169,1.81172263710622
TNP,VI-only,DAP,TNP VI,CV0,1,4,TXH2.2020,186,0.341600882873359,1.31783074187201
TNP,VI-only,DAP,TNP VI,CV0,2,4,TXH2.2020,186,0.585366900210741,1.48929337937955
TNP,VI-only,DAP,TNP VI,CV0,3,4,TXH2.2020,185,0.467890049617208,1.6922395193061
TNP,VI-only,DAP,TNP VI,CV0,4,4,TXH2.2020,188,0.412507888407143,1.37672582818046
TNP,VI-only,DAP,TNP VI,CV0,5,4,TXH2.2020,188,0.494955322993239,1.52379401991357
TNP,VI-only,DAP,TNP VI,CV0,1,4,TXH2.2021,186,-0.0665142251557983,2.65467722365573
TNP,VI-only,DAP,TNP VI,CV0,2,4,TXH2.2021,186,0.028110464436379,2.13254332490289
TNP,VI-only,DAP,TNP VI,CV0,3,4,TXH2.2021,185,-0.0476870124247475,2.3760177557688
TNP,VI-only,DAP,TNP VI,CV0,4,4,TXH2.2021,188,-0.0553678285855525,2.16661997595201
TNP,VI-only,DAP,TNP VI,CV0,5,4,TXH2.2021,188,0.154696961334393,2.10258542143271
TNP,VI-only,DAP,TNP VI,CV0,1,4,TXH3.2020,189,0.0701285495831569,1.9530272307841
TNP,VI-only,DAP,TNP VI,CV0,2,4,TXH3.2020,189,0.0131486512371021,2.85979109070468
TNP,VI-only,DAP,TNP VI,CV0,3,4,TXH3.2020,186,0.101478185575519,2.20081193700162
TNP,VI-only,DAP,TNP VI,CV0,4,4,TXH3.2020,190,0.0261429615438099,1.66404870111566
TNP,VI-only,DAP,TNP VI,CV0,5,4,TXH3.2020,190,0.0961817858215353,2.50214280371908
TNP,VI-only,DAP,TNP VI,CV0,1,4,TXH3.2021,186,0.539991000956322,2.82342931132145
TNP,VI-only,DAP,TNP VI,CV0,2,4,TXH3.2021,186,0.5483363475451,3.43831644343987
TNP,VI-only,DAP,TNP VI,CV0,3,4,TXH3.2021,185,0.422433626423392,2.92501811024303
TNP,VI-only,DAP,TNP VI,CV0,4,4,TXH3.2021,188,0.519953460854927,2.79676068688697
TNP,VI-only,DAP,TNP VI,CV0,5,4,TXH3.2021,188,0.476225452732809,3.21748709363275
TNP,VI-only,DAP,TNP VI,CV0,1,4,WIH1.2020,184,0.427243221010015,2.03534430449161
TNP,VI-only,DAP,TNP VI,CV0,2,4,WIH1.2020,185,0.514364471903301,1.82628924302415
TNP,VI-only,DAP,TNP VI,CV0,3,4,WIH1.2020,184,0.572603274114201,1.78462275102442
TNP,VI-only,DAP,TNP VI,CV0,4,4,WIH1.2020,186,0.393220942408355,2.10710153970624
TNP,VI-only,DAP,TNP VI,CV0,5,4,WIH1.2020,186,0.521720890791737,1.86712851922441
TNP,VI-only,DAP,TNP VI,CV0,1,4,WIH1.2021,186,0.430127198292986,2.88060792360459
TNP,VI-only,DAP,TNP VI,CV0,2,4,WIH1.2021,186,0.415715956779918,3.04039859600892
TNP,VI-only,DAP,TNP VI,CV0,3,4,WIH1.2021,185,0.507693762711645,2.45895059499929
TNP,VI-only,DAP,TNP VI,CV0,4,4,WIH1.2021,188,0.346463736568688,2.84012645857223
TNP,VI-only,DAP,TNP VI,CV0,5,4,WIH1.2021,188,0.478508663675752,2.29724046490092
TNP,VI-only,DAP,TNP VI,CV0,1,4,WIH2.2020,523,0.164354782593832,2.97064372143881
TNP,VI-only,DAP,TNP VI,CV0,2,4,WIH2.2020,520,0.293625496618302,2.84710704455662
TNP,VI-only,DAP,TNP VI,CV0,3,4,WIH2.2020,521,0.319469731500213,2.67201090218403
TNP,VI-only,DAP,TNP VI,CV0,4,4,WIH2.2020,523,0.279881011092428,2.74800701927865
TNP,VI-only,DAP,TNP VI,CV0,5,4,WIH2.2020,520,0.218814694204447,2.72409503229226
TNP,VI-only,DAP,TNP VI,CV0,1,4,WIH2.2021,524,0.24382104791702,2.33353218549986
TNP,VI-only,DAP,TNP VI,CV0,2,4,WIH2.2021,525,0.106779164456812,2.09281685047503
TNP,VI-only,DAP,TNP VI,CV0,3,4,WIH2.2021,522,0.136607435099817,2.12047543375792
TNP,VI-only,DAP,TNP VI,CV0,4,4,WIH2.2021,525,0.120312709803192,2.67035169485543
TNP,VI-only,DAP,TNP VI,CV0,5,4,WIH2.2021,524,0.304488207471945,1.9432735385187
TNP,VI-only,DAP,TNP VI,CV0,1,4,WIH3.2020,187,0.157579969024733,2.47209382077045
TNP,VI-only,DAP,TNP VI,CV0,2,4,WIH3.2020,188,0.224630769596986,2.49442938861739
TNP,VI-only,DAP,TNP VI,CV0,3,4,WIH3.2020,185,0.163629186974167,2.45952379733329
TNP,VI-only,DAP,TNP VI,CV0,4,4,WIH3.2020,188,0.281004752925783,2.4059424549508
TNP,VI-only,DAP,TNP VI,CV0,5,4,WIH3.2020,188,0.193909085941295,2.40169753702959
TNP,VI-only,DAP,TNP VI,CV0,1,4,WIH3.2021,186,0.100701102179386,2.47486634803023
TNP,VI-only,DAP,TNP VI,CV0,2,4,WIH3.2021,186,0.165525567822875,1.71156728746673
TNP,VI-only,DAP,TNP VI,CV0,3,4,WIH3.2021,185,-0.127161207675546,2.45919308725723
TNP,VI-only,DAP,TNP VI,CV0,4,4,WIH3.2021,188,0.159467427351242,1.77393311250411
TNP,VI-only,DAP,TNP VI,CV0,5,4,WIH3.2021,188,0.0195522910056552,1.77421598610191
TNP,VI-only,DAP,TNP VI,CV0,1,5,DEH1.2020,531,0.216414777188073,2.30398047436508
TNP,VI-only,DAP,TNP VI,CV0,2,5,DEH1.2020,529,0.291885062160959,4.35585217240358
TNP,VI-only,DAP,TNP VI,CV0,3,5,DEH1.2020,531,0.0461284271189413,2.11861877452805
TNP,VI-only,DAP,TNP VI,CV0,4,5,DEH1.2020,532,0.292485334043299,2.28147000589943
TNP,VI-only,DAP,TNP VI,CV0,5,5,DEH1.2020,533,0.12310585812875,2.08094631455627
TNP,VI-only,DAP,TNP VI,CV0,1,5,IAH4.2021,521,0.226965034846775,1.80102520944385
TNP,VI-only,DAP,TNP VI,CV0,2,5,IAH4.2021,521,0.275303999542856,1.69748984260867
TNP,VI-only,DAP,TNP VI,CV0,3,5,IAH4.2021,524,0.15772303424141,1.74987988180704
TNP,VI-only,DAP,TNP VI,CV0,4,5,IAH4.2021,524,0.254910800345604,2.26982560275734
TNP,VI-only,DAP,TNP VI,CV0,5,5,IAH4.2021,522,0.108633078899951,1.64601929951831
TNP,VI-only,DAP,TNP VI,CV0,1,5,MIH1.2020,190,0.355691702391791,1.68009113555813
TNP,VI-only,DAP,TNP VI,CV0,2,5,MIH1.2020,183,0.495694031618657,1.186726969723
TNP,VI-only,DAP,TNP VI,CV0,3,5,MIH1.2020,188,0.0733118484641179,1.47264126841014
TNP,VI-only,DAP,TNP VI,CV0,4,5,MIH1.2020,191,0.232771230835469,1.39388562317084
TNP,VI-only,DAP,TNP VI,CV0,5,5,MIH1.2020,187,0.310213907125012,1.93472363297894
TNP,VI-only,DAP,TNP VI,CV0,1,5,MNH1.2020,187,0.0782982173444054,2.11992735559606
TNP,VI-only,DAP,TNP VI,CV0,2,5,MNH1.2020,183,0.0887991947006366,1.69984478188041
TNP,VI-only,DAP,TNP VI,CV0,3,5,MNH1.2020,186,0.171319308103625,1.64784093755194
TNP,VI-only,DAP,TNP VI,CV0,4,5,MNH1.2020,188,-0.109141405737963,1.828220624028
TNP,VI-only,DAP,TNP VI,CV0,5,5,MNH1.2020,186,0.203985461783807,1.88696182208492
TNP,VI-only,DAP,TNP VI,CV0,1,5,MNH1.2021,192,0.241807778512654,2.32897484037052
TNP,VI-only,DAP,TNP VI,CV0,2,5,MNH1.2021,184,0.0533326059209837,3.56892064861958
TNP,VI-only,DAP,TNP VI,CV0,3,5,MNH1.2021,190,0.259116450745617,2.07438584722518
TNP,VI-only,DAP,TNP VI,CV0,4,5,MNH1.2021,193,0.162126915185914,1.94210873194285
TNP,VI-only,DAP,TNP VI,CV0,5,5,MNH1.2021,188,0.186049942140483,1.59597224533166
TNP,VI-only,DAP,TNP VI,CV0,1,5,MOH1.2020,471,0.264257564134408,5.33794778156275
TNP,VI-only,DAP,TNP VI,CV0,2,5,MOH1.2020,464,0.257140864781309,4.35686094797376
TNP,VI-only,DAP,TNP VI,CV0,3,5,MOH1.2020,466,-0.153623926616752,4.28848991650717
TNP,VI-only,DAP,TNP VI,CV0,4,5,MOH1.2020,468,0.331842216836808,4.30919702439581
TNP,VI-only,DAP,TNP VI,CV0,5,5,MOH1.2020,468,0.334861282966861,4.98531690639852
TNP,VI-only,DAP,TNP VI,CV0,1,5,NEH1.2021,189,0.370971377938249,3.82685910982309
TNP,VI-only,DAP,TNP VI,CV0,2,5,NEH1.2021,184,0.46188403623399,3.30736922790603
TNP,VI-only,DAP,TNP VI,CV0,3,5,NEH1.2021,188,0.419894961996853,3.38907333954781
TNP,VI-only,DAP,TNP VI,CV0,4,5,NEH1.2021,190,0.272042995575026,4.31132074885223
TNP,VI-only,DAP,TNP VI,CV0,5,5,NEH1.2021,187,0.368945125769816,4.69296883481941
TNP,VI-only,DAP,TNP VI,CV0,1,5,TXH1.2020,189,0.654455988087802,1.53891291810869
TNP,VI-only,DAP,TNP VI,CV0,2,5,TXH1.2020,184,0.57667963305465,1.64005587876491
TNP,VI-only,DAP,TNP VI,CV0,3,5,TXH1.2020,188,0.557476857334965,2.16935263169072
TNP,VI-only,DAP,TNP VI,CV0,4,5,TXH1.2020,190,0.527207277525062,1.81600456226031
TNP,VI-only,DAP,TNP VI,CV0,5,5,TXH1.2020,187,0.626183747540466,1.79559629586788
TNP,VI-only,DAP,TNP VI,CV0,1,5,TXH1.2021,189,0.203927881373333,1.75352569269388
TNP,VI-only,DAP,TNP VI,CV0,2,5,TXH1.2021,184,0.176255119521248,1.63036053886392
TNP,VI-only,DAP,TNP VI,CV0,3,5,TXH1.2021,188,0.123203751337526,1.65405463484407
TNP,VI-only,DAP,TNP VI,CV0,4,5,TXH1.2021,190,0.292277222409868,1.56848085533929
TNP,VI-only,DAP,TNP VI,CV0,5,5,TXH1.2021,187,0.249114170418828,1.80542115932228
TNP,VI-only,DAP,TNP VI,CV0,1,5,TXH2.2020,189,0.359240817143942,1.44218206891404
TNP,VI-only,DAP,TNP VI,CV0,2,5,TXH2.2020,184,0.536129077522957,1.41610288064603
TNP,VI-only,DAP,TNP VI,CV0,3,5,TXH2.2020,188,0.533855524870796,1.33036401927388
TNP,VI-only,DAP,TNP VI,CV0,4,5,TXH2.2020,190,0.524993982873518,1.31178153986866
TNP,VI-only,DAP,TNP VI,CV0,5,5,TXH2.2020,187,0.360336988915386,1.5489670600883
TNP,VI-only,DAP,TNP VI,CV0,1,5,TXH2.2021,189,-0.0693215192622881,2.2402418108668
TNP,VI-only,DAP,TNP VI,CV0,2,5,TXH2.2021,184,0.0111682910234293,2.59802127714465
TNP,VI-only,DAP,TNP VI,CV0,3,5,TXH2.2021,188,-0.055543202912998,1.79626433991753
TNP,VI-only,DAP,TNP VI,CV0,4,5,TXH2.2021,190,-0.144334478978359,2.23409734433792
TNP,VI-only,DAP,TNP VI,CV0,5,5,TXH2.2021,187,0.0197190089955682,1.99949225555164
TNP,VI-only,DAP,TNP VI,CV0,1,5,TXH3.2020,192,0.0297705979021555,3.10472305962669
TNP,VI-only,DAP,TNP VI,CV0,2,5,TXH3.2020,184,-0.0553306299655605,3.51903609974117
TNP,VI-only,DAP,TNP VI,CV0,3,5,TXH3.2020,190,0.0325195947348464,2.46459045917089
TNP,VI-only,DAP,TNP VI,CV0,4,5,TXH3.2020,193,0.0623696604596625,2.33788301143241
TNP,VI-only,DAP,TNP VI,CV0,5,5,TXH3.2020,188,-0.0143135108333716,2.79411674589856
TNP,VI-only,DAP,TNP VI,CV0,1,5,TXH3.2021,189,0.465576550936275,2.92507972914023
TNP,VI-only,DAP,TNP VI,CV0,2,5,TXH3.2021,184,0.522270571273286,3.1205330372381
TNP,VI-only,DAP,TNP VI,CV0,3,5,TXH3.2021,188,0.295858818900299,3.48168637888519
TNP,VI-only,DAP,TNP VI,CV0,4,5,TXH3.2021,190,0.532305582438468,2.90243016635604
TNP,VI-only,DAP,TNP VI,CV0,5,5,TXH3.2021,187,0.48987599673633,3.2374074596564
TNP,VI-only,DAP,TNP VI,CV0,1,5,WIH1.2020,187,0.467777931654218,2.11833987229408
TNP,VI-only,DAP,TNP VI,CV0,2,5,WIH1.2020,183,0.519577344879554,1.73588996690103
TNP,VI-only,DAP,TNP VI,CV0,3,5,WIH1.2020,186,0.486437709048339,2.06796343783192
TNP,VI-only,DAP,TNP VI,CV0,4,5,WIH1.2020,188,0.337577879327768,2.01793238965784
TNP,VI-only,DAP,TNP VI,CV0,5,5,WIH1.2020,186,0.40238368011134,1.81930225226341
TNP,VI-only,DAP,TNP VI,CV0,1,5,WIH1.2021,189,0.409285205866374,2.55263770271053
TNP,VI-only,DAP,TNP VI,CV0,2,5,WIH1.2021,184,0.47103165473547,2.87401436737855
TNP,VI-only,DAP,TNP VI,CV0,3,5,WIH1.2021,188,0.472527615332733,2.31821211242578
TNP,VI-only,DAP,TNP VI,CV0,4,5,WIH1.2021,190,0.271395949574389,2.3983451880573
TNP,VI-only,DAP,TNP VI,CV0,5,5,WIH1.2021,187,0.363547884582622,1.99378722433098
TNP,VI-only,DAP,TNP VI,CV0,1,5,WIH2.2020,529,0.224481591032691,2.86421754988384
TNP,VI-only,DAP,TNP VI,CV0,2,5,WIH2.2020,528,0.263533722367985,2.77703789624139
TNP,VI-only,DAP,TNP VI,CV0,3,5,WIH2.2020,529,0.255804463519971,2.93626324991027
TNP,VI-only,DAP,TNP VI,CV0,4,5,WIH2.2020,530,0.253550222021738,2.81836341582719
TNP,VI-only,DAP,TNP VI,CV0,5,5,WIH2.2020,530,0.241264720322144,2.76881650588232
TNP,VI-only,DAP,TNP VI,CV0,1,5,WIH2.2021,532,0.161931936356391,2.05521896237197
TNP,VI-only,DAP,TNP VI,CV0,2,5,WIH2.2021,528,0.124529742209604,2.04722811125814
TNP,VI-only,DAP,TNP VI,CV0,3,5,WIH2.2021,529,0.0778373286151107,2.24802899285261
TNP,VI-only,DAP,TNP VI,CV0,4,5,WIH2.2021,531,0.113097525610276,3.15142364234768
TNP,VI-only,DAP,TNP VI,CV0,5,5,WIH2.2021,530,0.153620859605528,2.08025930172152
TNP,VI-only,DAP,TNP VI,CV0,1,5,WIH3.2020,190,0.0971017694678721,2.50349384459109
TNP,VI-only,DAP,TNP VI,CV0,2,5,WIH3.2020,183,0.235736326542379,2.33624994545364
TNP,VI-only,DAP,TNP VI,CV0,3,5,WIH3.2020,188,0.211851448842745,2.44394177571816
TNP,VI-only,DAP,TNP VI,CV0,4,5,WIH3.2020,191,0.158437665996609,2.48027183151338
TNP,VI-only,DAP,TNP VI,CV0,5,5,WIH3.2020,187,0.159528604399117,2.41928196822907
TNP,VI-only,DAP,TNP VI,CV0,1,5,WIH3.2021,189,0.0558136093144161,1.93868636968178
TNP,VI-only,DAP,TNP VI,CV0,2,5,WIH3.2021,184,0.243068659525282,1.73545902448278
TNP,VI-only,DAP,TNP VI,CV0,3,5,WIH3.2021,188,-0.0706855856803654,2.54689410750098
TNP,VI-only,DAP,TNP VI,CV0,4,5,WIH3.2021,190,0.0907981540668235,1.9410468972884
TNP,VI-only,DAP,TNP VI,CV0,5,5,WIH3.2021,187,0.025899467770792,1.78276123200665
TNP,VI-only,DAP,TNP VI,CV00,1,1,DEH1.2020,131,0.231567139756389,2.88735741190827
TNP,VI-only,DAP,TNP VI,CV00,2,1,DEH1.2020,129,0.429034370342659,3.13352942056814
TNP,VI-only,DAP,TNP VI,CV00,3,1,DEH1.2020,130,0.145012723672679,2.16648956268093
TNP,VI-only,DAP,TNP VI,CV00,4,1,DEH1.2020,134,-0.00163438553224612,2.11447816812986
TNP,VI-only,DAP,TNP VI,CV00,5,1,DEH1.2020,132,0.219236934169131,2.10535622534257
TNP,VI-only,DAP,TNP VI,CV00,1,1,IAH4.2021,131,0.259724903391811,1.91285080850883
TNP,VI-only,DAP,TNP VI,CV00,2,1,IAH4.2021,127,0.406325848094906,1.63237797895345
TNP,VI-only,DAP,TNP VI,CV00,3,1,IAH4.2021,129,0.206493212086843,1.74366823996774
TNP,VI-only,DAP,TNP VI,CV00,4,1,IAH4.2021,132,0.288093977849531,2.02508288012325
TNP,VI-only,DAP,TNP VI,CV00,5,1,IAH4.2021,130,0.0604306736467359,1.71281731691317
TNP,VI-only,DAP,TNP VI,CV00,1,1,MIH1.2020,46,0.384146566112834,1.20916247606537
TNP,VI-only,DAP,TNP VI,CV00,2,1,MIH1.2020,45,0.4060332582363,1.08047390701318
TNP,VI-only,DAP,TNP VI,CV00,3,1,MIH1.2020,47,0.0561133988748674,2.17279689275084
TNP,VI-only,DAP,TNP VI,CV00,4,1,MIH1.2020,49,-0.0734335229614744,1.73030932290236
TNP,VI-only,DAP,TNP VI,CV00,5,1,MIH1.2020,45,0.34975483977636,2.8500190740631
TNP,VI-only,DAP,TNP VI,CV00,1,1,MNH1.2020,46,-0.449786282706983,1.67892240455672
TNP,VI-only,DAP,TNP VI,CV00,2,1,MNH1.2020,45,0.0848662275860534,2.20245004871965
TNP,VI-only,DAP,TNP VI,CV00,3,1,MNH1.2020,47,0.11409021241635,1.7633118983073
TNP,VI-only,DAP,TNP VI,CV00,4,1,MNH1.2020,47,-0.000177526214121943,1.64602822863882
TNP,VI-only,DAP,TNP VI,CV00,5,1,MNH1.2020,45,-0.00842326559661452,1.79451313484515
TNP,VI-only,DAP,TNP VI,CV00,1,1,MNH1.2021,47,0.104694955905111,1.62683396705126
TNP,VI-only,DAP,TNP VI,CV00,2,1,MNH1.2021,45,0.0570020270933857,4.20554387650514
TNP,VI-only,DAP,TNP VI,CV00,3,1,MNH1.2021,47,0.14209978223491,2.50502860729525
TNP,VI-only,DAP,TNP VI,CV00,4,1,MNH1.2021,50,0.129664863087785,2.35854937171138
TNP,VI-only,DAP,TNP VI,CV00,5,1,MNH1.2021,45,0.568161865209705,1.72904384382873
TNP,VI-only,DAP,TNP VI,CV00,1,1,MOH1.2020,113,0.17295447223219,4.21434961117756
TNP,VI-only,DAP,TNP VI,CV00,2,1,MOH1.2020,116,0.0751143170107833,4.90961084697251
TNP,VI-only,DAP,TNP VI,CV00,3,1,MOH1.2020,119,0.248360454689079,3.95317527681712
TNP,VI-only,DAP,TNP VI,CV00,4,1,MOH1.2020,117,0.296974912947795,4.70479660829518
TNP,VI-only,DAP,TNP VI,CV00,5,1,MOH1.2020,114,0.0715309717203456,5.14140569567647
TNP,VI-only,DAP,TNP VI,CV00,1,1,NEH1.2021,47,0.57035374914872,4.14024216552534
TNP,VI-only,DAP,TNP VI,CV00,2,1,NEH1.2021,45,0.427070507465598,3.12096827688314
TNP,VI-only,DAP,TNP VI,CV00,3,1,NEH1.2021,47,0.416229310808371,3.45825945367698
TNP,VI-only,DAP,TNP VI,CV00,4,1,NEH1.2021,48,0.160909163236221,4.13107050591792
TNP,VI-only,DAP,TNP VI,CV00,5,1,NEH1.2021,45,0.240727540516387,4.24573920294718
TNP,VI-only,DAP,TNP VI,CV00,1,1,TXH1.2020,47,0.528842589194016,1.58095236259494
TNP,VI-only,DAP,TNP VI,CV00,2,1,TXH1.2020,45,0.539380349974215,2.0552681664253
TNP,VI-only,DAP,TNP VI,CV00,3,1,TXH1.2020,47,0.659910937536256,1.76640497005426
TNP,VI-only,DAP,TNP VI,CV00,4,1,TXH1.2020,48,0.628484217520458,2.22815846066223
TNP,VI-only,DAP,TNP VI,CV00,5,1,TXH1.2020,45,0.465861834413935,1.36049471263045
TNP,VI-only,DAP,TNP VI,CV00,1,1,TXH1.2021,47,0.318479825495556,1.444557154667
TNP,VI-only,DAP,TNP VI,CV00,2,1,TXH1.2021,45,0.2615512432947,1.82979323959442
TNP,VI-only,DAP,TNP VI,CV00,3,1,TXH1.2021,47,0.175942093511199,1.90046952745453
TNP,VI-only,DAP,TNP VI,CV00,4,1,TXH1.2021,48,0.386158524322067,1.55557288335811
TNP,VI-only,DAP,TNP VI,CV00,5,1,TXH1.2021,45,0.235352303411584,1.8031830516313
TNP,VI-only,DAP,TNP VI,CV00,1,1,TXH2.2020,47,0.303842278266784,1.17996047001084
TNP,VI-only,DAP,TNP VI,CV00,2,1,TXH2.2020,45,0.663094656553795,1.57890500407869
TNP,VI-only,DAP,TNP VI,CV00,3,1,TXH2.2020,47,0.718071467051996,1.65582105890121
TNP,VI-only,DAP,TNP VI,CV00,4,1,TXH2.2020,48,0.621174714120445,1.25381778204095
TNP,VI-only,DAP,TNP VI,CV00,5,1,TXH2.2020,45,0.237033238603588,1.55212545078285
TNP,VI-only,DAP,TNP VI,CV00,1,1,TXH2.2021,47,-0.152041075310061,2.11988477079808
TNP,VI-only,DAP,TNP VI,CV00,2,1,TXH2.2021,45,0.0822237456460855,2.02310463423767
TNP,VI-only,DAP,TNP VI,CV00,3,1,TXH2.2021,47,-0.0459514315464668,1.92967837665779
TNP,VI-only,DAP,TNP VI,CV00,4,1,TXH2.2021,48,0.0268856889575768,1.70211507340616
TNP,VI-only,DAP,TNP VI,CV00,5,1,TXH2.2021,45,0.00789737654462695,2.45001876040202
TNP,VI-only,DAP,TNP VI,CV00,1,1,TXH3.2020,47,0.124075139883986,2.30159890298098
TNP,VI-only,DAP,TNP VI,CV00,2,1,TXH3.2020,45,-0.195548749457052,3.46574083038695
TNP,VI-only,DAP,TNP VI,CV00,3,1,TXH3.2020,47,-0.100866518300046,1.59281219206491
TNP,VI-only,DAP,TNP VI,CV00,4,1,TXH3.2020,50,0.287271697930537,2.14089714542577
TNP,VI-only,DAP,TNP VI,CV00,5,1,TXH3.2020,45,0.110987375198222,1.73978744087884
TNP,VI-only,DAP,TNP VI,CV00,1,1,TXH3.2021,47,0.634757592411783,3.3277417299014
TNP,VI-only,DAP,TNP VI,CV00,2,1,TXH3.2021,45,0.60469633558013,3.47797388413621
TNP,VI-only,DAP,TNP VI,CV00,3,1,TXH3.2021,47,0.372279457662492,3.45261160829275
TNP,VI-only,DAP,TNP VI,CV00,4,1,TXH3.2021,48,0.566378937929791,3.24258480551139
TNP,VI-only,DAP,TNP VI,CV00,5,1,TXH3.2021,45,0.592131327759287,3.13821881147334
TNP,VI-only,DAP,TNP VI,CV00,1,1,WIH1.2020,46,0.216526982723157,1.68216318349215
TNP,VI-only,DAP,TNP VI,CV00,2,1,WIH1.2020,45,0.548934764142846,1.55836140919078
TNP,VI-only,DAP,TNP VI,CV00,3,1,WIH1.2020,47,0.555592474241959,2.01547893144909
TNP,VI-only,DAP,TNP VI,CV00,4,1,WIH1.2020,47,0.282738759888006,1.72858743887122
TNP,VI-only,DAP,TNP VI,CV00,5,1,WIH1.2020,45,0.433708370203029,1.96419135763359
TNP,VI-only,DAP,TNP VI,CV00,1,1,WIH1.2021,47,0.487549635100645,2.86926286737629
TNP,VI-only,DAP,TNP VI,CV00,2,1,WIH1.2021,45,0.631635981807623,2.18930926379969
TNP,VI-only,DAP,TNP VI,CV00,3,1,WIH1.2021,47,0.55357015851858,2.43180796709174
TNP,VI-only,DAP,TNP VI,CV00,4,1,WIH1.2021,48,0.364408176283501,2.61940605608401
TNP,VI-only,DAP,TNP VI,CV00,5,1,WIH1.2021,45,0.353123469552176,2.18351456721352
TNP,VI-only,DAP,TNP VI,CV00,1,1,WIH2.2020,132,0.227074835669628,3.20670526377933
TNP,VI-only,DAP,TNP VI,CV00,2,1,WIH2.2020,129,0.355568554112111,2.73008290367928
TNP,VI-only,DAP,TNP VI,CV00,3,1,WIH2.2020,129,0.349371244350709,2.92576820269473
TNP,VI-only,DAP,TNP VI,CV00,4,1,WIH2.2020,134,0.257429928473318,2.90566768482583
TNP,VI-only,DAP,TNP VI,CV00,5,1,WIH2.2020,133,0.250608472806636,2.63036717672327
TNP,VI-only,DAP,TNP VI,CV00,1,1,WIH2.2021,132,0.209756346091328,2.61287191455128
TNP,VI-only,DAP,TNP VI,CV00,2,1,WIH2.2021,131,0.271941285151327,2.25861543614846
TNP,VI-only,DAP,TNP VI,CV00,3,1,WIH2.2021,130,-0.0865043134031892,2.46114137661063
TNP,VI-only,DAP,TNP VI,CV00,4,1,WIH2.2021,136,0.147131604473173,3.36388836895592
TNP,VI-only,DAP,TNP VI,CV00,5,1,WIH2.2021,132,0.36354422236926,1.56640128674641
TNP,VI-only,DAP,TNP VI,CV00,1,1,WIH3.2020,46,-0.0838758616870883,2.37700498821578
TNP,VI-only,DAP,TNP VI,CV00,2,1,WIH3.2020,45,0.314572032176374,2.38173928483534
TNP,VI-only,DAP,TNP VI,CV00,3,1,WIH3.2020,47,0.339957707406275,2.60985745178818
TNP,VI-only,DAP,TNP VI,CV00,4,1,WIH3.2020,49,0.00752439560011449,2.46392427497133
TNP,VI-only,DAP,TNP VI,CV00,5,1,WIH3.2020,45,-0.026409600252164,2.5193709377065
TNP,VI-only,DAP,TNP VI,CV00,1,1,WIH3.2021,47,-0.299165751549492,2.83244945045411
TNP,VI-only,DAP,TNP VI,CV00,2,1,WIH3.2021,45,0.131000037081229,1.83743456338377
TNP,VI-only,DAP,TNP VI,CV00,3,1,WIH3.2021,47,0.0858672709998632,2.2339086960469
TNP,VI-only,DAP,TNP VI,CV00,4,1,WIH3.2021,48,-0.0965808504728047,1.82488847875022
TNP,VI-only,DAP,TNP VI,CV00,5,1,WIH3.2021,45,0.0212991184427438,2.09991303034569
TNP,VI-only,DAP,TNP VI,CV00,1,2,DEH1.2020,132,0.174197957775831,2.48947877270392
TNP,VI-only,DAP,TNP VI,CV00,2,2,DEH1.2020,134,0.255979912824526,2.74206605702061
TNP,VI-only,DAP,TNP VI,CV00,3,2,DEH1.2020,134,0.039894182103332,2.38765211740176
TNP,VI-only,DAP,TNP VI,CV00,4,2,DEH1.2020,132,0.498644922371376,2.35863849171869
TNP,VI-only,DAP,TNP VI,CV00,5,2,DEH1.2020,133,0.0944750340701525,2.02547639899588
TNP,VI-only,DAP,TNP VI,CV00,1,2,IAH4.2021,126,0.113152716583196,1.56536566232351
TNP,VI-only,DAP,TNP VI,CV00,2,2,IAH4.2021,132,0.137847880708784,1.90347829916239
TNP,VI-only,DAP,TNP VI,CV00,3,2,IAH4.2021,131,0.0421655876604477,2.30122761338878
TNP,VI-only,DAP,TNP VI,CV00,4,2,IAH4.2021,130,0.227320912242626,2.80233466697493
TNP,VI-only,DAP,TNP VI,CV00,5,2,IAH4.2021,131,-0.0335945186211484,1.89735963230861
TNP,VI-only,DAP,TNP VI,CV00,1,2,MIH1.2020,48,0.466544293229547,1.08995162991561
TNP,VI-only,DAP,TNP VI,CV00,2,2,MIH1.2020,47,0.237163320501184,1.61050400456493
TNP,VI-only,DAP,TNP VI,CV00,3,2,MIH1.2020,46,0.396848465351143,1.33770039675681
TNP,VI-only,DAP,TNP VI,CV00,4,2,MIH1.2020,50,0.406896432630013,1.17682802450375
TNP,VI-only,DAP,TNP VI,CV00,5,2,MIH1.2020,48,0.301178448072599,1.79132590662159
TNP,VI-only,DAP,TNP VI,CV00,1,2,MNH1.2020,47,-0.247178054226195,2.46647301206774
TNP,VI-only,DAP,TNP VI,CV00,2,2,MNH1.2020,47,0.0160644059969063,1.6688794796699
TNP,VI-only,DAP,TNP VI,CV00,3,2,MNH1.2020,46,0.346047399875281,1.40377110774171
TNP,VI-only,DAP,TNP VI,CV00,4,2,MNH1.2020,50,0.0158383233397778,1.80253355414557
TNP,VI-only,DAP,TNP VI,CV00,5,2,MNH1.2020,48,-0.228277981559629,1.95891562657936
TNP,VI-only,DAP,TNP VI,CV00,1,2,MNH1.2021,48,0.283556158073751,1.88395405942672
TNP,VI-only,DAP,TNP VI,CV00,2,2,MNH1.2021,47,-0.202760218897294,5.15358054622812
TNP,VI-only,DAP,TNP VI,CV00,3,2,MNH1.2021,46,0.395110857992639,2.56912151716326
TNP,VI-only,DAP,TNP VI,CV00,4,2,MNH1.2021,50,0.141563124639648,2.43019659003003
TNP,VI-only,DAP,TNP VI,CV00,5,2,MNH1.2021,48,0.000898559553265156,3.04100117927943
TNP,VI-only,DAP,TNP VI,CV00,1,2,MOH1.2020,117,0.135839402611131,4.89710392487082
TNP,VI-only,DAP,TNP VI,CV00,2,2,MOH1.2020,119,-0.0479356470631319,4.4425699638225
TNP,VI-only,DAP,TNP VI,CV00,3,2,MOH1.2020,112,-0.234345452033964,3.23773474185882
TNP,VI-only,DAP,TNP VI,CV00,4,2,MOH1.2020,121,0.192573715856896,3.97639089020513
TNP,VI-only,DAP,TNP VI,CV00,5,2,MOH1.2020,118,0.256090588632024,4.729221220871
TNP,VI-only,DAP,TNP VI,CV00,1,2,NEH1.2021,47,0.0404483470016838,4.74461964524742
TNP,VI-only,DAP,TNP VI,CV00,2,2,NEH1.2021,47,0.628331532613036,3.28383006870862
TNP,VI-only,DAP,TNP VI,CV00,3,2,NEH1.2021,46,0.478308050046621,3.82510647486232
TNP,VI-only,DAP,TNP VI,CV00,4,2,NEH1.2021,50,0.37009906514296,4.58149477115044
TNP,VI-only,DAP,TNP VI,CV00,5,2,NEH1.2021,48,0.557160172416757,4.4596066147002
TNP,VI-only,DAP,TNP VI,CV00,1,2,TXH1.2020,47,0.645794921682496,1.40926159097274
TNP,VI-only,DAP,TNP VI,CV00,2,2,TXH1.2020,47,0.572671112592168,2.0119622283835
TNP,VI-only,DAP,TNP VI,CV00,3,2,TXH1.2020,46,0.520968608585872,1.88612339506116
TNP,VI-only,DAP,TNP VI,CV00,4,2,TXH1.2020,50,0.509629763472797,1.82165559982574
TNP,VI-only,DAP,TNP VI,CV00,5,2,TXH1.2020,48,0.453865481979373,1.75629367701999
TNP,VI-only,DAP,TNP VI,CV00,1,2,TXH1.2021,47,0.372398469037339,1.65425144561873
TNP,VI-only,DAP,TNP VI,CV00,2,2,TXH1.2021,47,0.115618196980387,1.77022561514004
TNP,VI-only,DAP,TNP VI,CV00,3,2,TXH1.2021,46,0.108435263676238,1.51792119045026
TNP,VI-only,DAP,TNP VI,CV00,4,2,TXH1.2021,50,0.250523578181356,1.43006993840324
TNP,VI-only,DAP,TNP VI,CV00,5,2,TXH1.2021,48,0.289071524818637,1.95561876390758
TNP,VI-only,DAP,TNP VI,CV00,1,2,TXH2.2020,47,0.412577831936882,1.46040407151651
TNP,VI-only,DAP,TNP VI,CV00,2,2,TXH2.2020,47,0.547510562456108,1.45119870715801
TNP,VI-only,DAP,TNP VI,CV00,3,2,TXH2.2020,46,0.364414253787138,1.59144462045279
TNP,VI-only,DAP,TNP VI,CV00,4,2,TXH2.2020,50,0.437406298822254,1.38327776428816
TNP,VI-only,DAP,TNP VI,CV00,5,2,TXH2.2020,48,0.29050524032672,1.48206541094894
TNP,VI-only,DAP,TNP VI,CV00,1,2,TXH2.2021,47,-0.0712592894229318,2.27661824915846
TNP,VI-only,DAP,TNP VI,CV00,2,2,TXH2.2021,47,0.0882971352584299,2.62363644104825
TNP,VI-only,DAP,TNP VI,CV00,3,2,TXH2.2021,46,0.10385702399043,2.31444736317815
TNP,VI-only,DAP,TNP VI,CV00,4,2,TXH2.2021,50,-0.196124780884974,2.36152749460147
TNP,VI-only,DAP,TNP VI,CV00,5,2,TXH2.2021,48,0.0738465478079097,1.68921378292368
TNP,VI-only,DAP,TNP VI,CV00,1,2,TXH3.2020,48,0.114277792912717,2.50525487077404
TNP,VI-only,DAP,TNP VI,CV00,2,2,TXH3.2020,47,-0.0536658332906456,3.56508455971241
TNP,VI-only,DAP,TNP VI,CV00,3,2,TXH3.2020,46,0.0719426818846918,1.91790718168038
TNP,VI-only,DAP,TNP VI,CV00,4,2,TXH3.2020,50,-0.147652364000721,1.90471917880035
TNP,VI-only,DAP,TNP VI,CV00,5,2,TXH3.2020,48,0.0278820035929079,1.71908539867453
TNP,VI-only,DAP,TNP VI,CV00,1,2,TXH3.2021,47,0.492126277361877,2.80391927083595
TNP,VI-only,DAP,TNP VI,CV00,2,2,TXH3.2021,47,0.567794935471018,2.41488058430234
TNP,VI-only,DAP,TNP VI,CV00,3,2,TXH3.2021,46,0.41667860934519,2.6083498005176
TNP,VI-only,DAP,TNP VI,CV00,4,2,TXH3.2021,50,0.438097405428278,2.73756236527344
TNP,VI-only,DAP,TNP VI,CV00,5,2,TXH3.2021,48,0.622340753805922,2.53459960104065
TNP,VI-only,DAP,TNP VI,CV00,1,2,WIH1.2020,47,0.414048184214949,2.3269065492058
TNP,VI-only,DAP,TNP VI,CV00,2,2,WIH1.2020,47,0.511633492517551,1.9424221164064
TNP,VI-only,DAP,TNP VI,CV00,3,2,WIH1.2020,46,0.664809977924298,1.68072248998967
TNP,VI-only,DAP,TNP VI,CV00,4,2,WIH1.2020,50,0.32203444554979,2.592587415654
TNP,VI-only,DAP,TNP VI,CV00,5,2,WIH1.2020,48,0.481927217465825,1.85026748850376
TNP,VI-only,DAP,TNP VI,CV00,1,2,WIH1.2021,47,0.376353526041733,3.41992379733067
TNP,VI-only,DAP,TNP VI,CV00,2,2,WIH1.2021,47,0.482757988644384,2.26635139585555
TNP,VI-only,DAP,TNP VI,CV00,3,2,WIH1.2021,46,0.246586559988904,2.3726886486158
TNP,VI-only,DAP,TNP VI,CV00,4,2,WIH1.2021,50,0.26427928892816,2.82156396775208
TNP,VI-only,DAP,TNP VI,CV00,5,2,WIH1.2021,48,0.39397026070999,2.20125033734344
TNP,VI-only,DAP,TNP VI,CV00,1,2,WIH2.2020,133,0.237235952935599,2.69255135231706
TNP,VI-only,DAP,TNP VI,CV00,2,2,WIH2.2020,133,0.185181402042652,2.66471615960242
TNP,VI-only,DAP,TNP VI,CV00,3,2,WIH2.2020,134,0.292272718452528,2.87635530492147
TNP,VI-only,DAP,TNP VI,CV00,4,2,WIH2.2020,132,0.339479682218251,2.65255352298924
TNP,VI-only,DAP,TNP VI,CV00,5,2,WIH2.2020,131,0.156456106107239,2.75133433909518
TNP,VI-only,DAP,TNP VI,CV00,1,2,WIH2.2021,131,0.270656374524928,1.99694970750694
TNP,VI-only,DAP,TNP VI,CV00,2,2,WIH2.2021,134,0.0487545822427961,2.40864642350365
TNP,VI-only,DAP,TNP VI,CV00,3,2,WIH2.2021,133,0.15516892771218,1.93201459991928
TNP,VI-only,DAP,TNP VI,CV00,4,2,WIH2.2021,132,0.0113089363094246,3.6123760701073
TNP,VI-only,DAP,TNP VI,CV00,5,2,WIH2.2021,133,0.187011542478774,2.74957325132026
TNP,VI-only,DAP,TNP VI,CV00,1,2,WIH3.2020,48,0.149052668541598,2.72440620339005
TNP,VI-only,DAP,TNP VI,CV00,2,2,WIH3.2020,47,0.179752343056667,2.48647785466173
TNP,VI-only,DAP,TNP VI,CV00,3,2,WIH3.2020,46,0.0148726034181604,2.2791991530703
TNP,VI-only,DAP,TNP VI,CV00,4,2,WIH3.2020,50,0.199620408870507,2.38360827861214
TNP,VI-only,DAP,TNP VI,CV00,5,2,WIH3.2020,48,-0.0347040790688949,2.3943517443942
TNP,VI-only,DAP,TNP VI,CV00,1,2,WIH3.2021,47,-0.0575326392637044,1.82912408796191
TNP,VI-only,DAP,TNP VI,CV00,2,2,WIH3.2021,47,0.452204820788876,1.67815678440181
TNP,VI-only,DAP,TNP VI,CV00,3,2,WIH3.2021,46,-0.0963754909195399,2.27082856139229
TNP,VI-only,DAP,TNP VI,CV00,4,2,WIH3.2021,50,0.259253512395386,1.89627841560987
TNP,VI-only,DAP,TNP VI,CV00,5,2,WIH3.2021,48,-0.157056916364807,1.96750774259487
TNP,VI-only,DAP,TNP VI,CV00,1,3,DEH1.2020,135,0.0144182064621508,2.29850307506817
TNP,VI-only,DAP,TNP VI,CV00,2,3,DEH1.2020,133,0.298679135707259,3.32337853257792
TNP,VI-only,DAP,TNP VI,CV00,3,3,DEH1.2020,133,-0.147565238463967,1.96349493464243
TNP,VI-only,DAP,TNP VI,CV00,4,3,DEH1.2020,135,0.175827890305609,2.38214017629349
TNP,VI-only,DAP,TNP VI,CV00,5,3,DEH1.2020,135,0.0808994950308648,2.13188937177437
TNP,VI-only,DAP,TNP VI,CV00,1,3,IAH4.2021,134,-0.118636412118189,2.06821402903153
TNP,VI-only,DAP,TNP VI,CV00,2,3,IAH4.2021,131,0.246968092709014,1.86997039550982
TNP,VI-only,DAP,TNP VI,CV00,3,3,IAH4.2021,131,0.0704272948333593,1.77291607493619
TNP,VI-only,DAP,TNP VI,CV00,4,3,IAH4.2021,133,0.150341160083006,2.08905206638391
TNP,VI-only,DAP,TNP VI,CV00,5,3,IAH4.2021,132,0.230016315107579,2.83438840184168
TNP,VI-only,DAP,TNP VI,CV00,1,3,MIH1.2020,49,0.270596102755596,1.73693108174768
TNP,VI-only,DAP,TNP VI,CV00,2,3,MIH1.2020,45,0.34090842569918,1.73706496775692
TNP,VI-only,DAP,TNP VI,CV00,3,3,MIH1.2020,46,0.239929363808214,1.25918965797207
TNP,VI-only,DAP,TNP VI,CV00,4,3,MIH1.2020,46,0.136758395259162,2.2486042407484
TNP,VI-only,DAP,TNP VI,CV00,5,3,MIH1.2020,48,0.34278080320334,2.16291042564851
TNP,VI-only,DAP,TNP VI,CV00,1,3,MNH1.2020,47,-0.00245577143328458,2.21297025680003
TNP,VI-only,DAP,TNP VI,CV00,2,3,MNH1.2020,45,0.097189188994818,1.8145205851406
TNP,VI-only,DAP,TNP VI,CV00,3,3,MNH1.2020,46,-0.0809606201582502,2.1739127781258
TNP,VI-only,DAP,TNP VI,CV00,4,3,MNH1.2020,46,-0.0936853282533158,1.48048226808953
TNP,VI-only,DAP,TNP VI,CV00,5,3,MNH1.2020,48,-0.236437617498345,2.8866928793577
TNP,VI-only,DAP,TNP VI,CV00,1,3,MNH1.2021,50,0.277525143762809,2.46485976207519
TNP,VI-only,DAP,TNP VI,CV00,2,3,MNH1.2021,45,0.0554553503796222,3.61068181067955
TNP,VI-only,DAP,TNP VI,CV00,3,3,MNH1.2021,47,0.389098879126144,2.01677676760132
TNP,VI-only,DAP,TNP VI,CV00,4,3,MNH1.2021,47,0.18619472650482,2.36220396013962
TNP,VI-only,DAP,TNP VI,CV00,5,3,MNH1.2021,49,0.227010001494545,1.62675419346022
TNP,VI-only,DAP,TNP VI,CV00,1,3,MOH1.2020,121,0.212407806855515,4.63953596206662
TNP,VI-only,DAP,TNP VI,CV00,2,3,MOH1.2020,117,0.168400574834569,5.02287145103387
TNP,VI-only,DAP,TNP VI,CV00,3,3,MOH1.2020,115,0.0480049446869932,3.67707190723038
TNP,VI-only,DAP,TNP VI,CV00,4,3,MOH1.2020,121,0.239836684012319,5.69073906222394
TNP,VI-only,DAP,TNP VI,CV00,5,3,MOH1.2020,121,0.305676351360606,4.52377889421072
TNP,VI-only,DAP,TNP VI,CV00,1,3,NEH1.2021,48,0.164740666844433,3.72825015465266
TNP,VI-only,DAP,TNP VI,CV00,2,3,NEH1.2021,45,0.433903438227602,3.14134408329797
TNP,VI-only,DAP,TNP VI,CV00,3,3,NEH1.2021,47,0.459763121245193,4.01386695414248
TNP,VI-only,DAP,TNP VI,CV00,4,3,NEH1.2021,47,0.537059205654914,4.71602004940078
TNP,VI-only,DAP,TNP VI,CV00,5,3,NEH1.2021,49,0.355226724956955,4.24024416831645
TNP,VI-only,DAP,TNP VI,CV00,1,3,TXH1.2020,48,0.645456778967013,1.63254311476938
TNP,VI-only,DAP,TNP VI,CV00,2,3,TXH1.2020,45,0.540212624950695,1.71546436474141
TNP,VI-only,DAP,TNP VI,CV00,3,3,TXH1.2020,47,0.631779686887081,1.98313490658756
TNP,VI-only,DAP,TNP VI,CV00,4,3,TXH1.2020,47,0.569823269504091,1.52306257747003
TNP,VI-only,DAP,TNP VI,CV00,5,3,TXH1.2020,49,0.495546585138478,1.5981893578887
TNP,VI-only,DAP,TNP VI,CV00,1,3,TXH1.2021,48,0.063428440161182,1.82311465036415
TNP,VI-only,DAP,TNP VI,CV00,2,3,TXH1.2021,45,0.255533132137813,1.59851641121864
TNP,VI-only,DAP,TNP VI,CV00,3,3,TXH1.2021,47,0.137180665520537,1.81324324999233
TNP,VI-only,DAP,TNP VI,CV00,4,3,TXH1.2021,47,0.187502753270304,1.68310884743746
TNP,VI-only,DAP,TNP VI,CV00,5,3,TXH1.2021,49,0.326185917928437,1.98411222796187
TNP,VI-only,DAP,TNP VI,CV00,1,3,TXH2.2020,48,0.399996372584493,1.26614386484385
TNP,VI-only,DAP,TNP VI,CV00,2,3,TXH2.2020,45,0.554304400143233,1.11227076456579
TNP,VI-only,DAP,TNP VI,CV00,3,3,TXH2.2020,47,0.51753126831699,1.34446723950879
TNP,VI-only,DAP,TNP VI,CV00,4,3,TXH2.2020,47,0.427613323128036,1.31268142185167
TNP,VI-only,DAP,TNP VI,CV00,5,3,TXH2.2020,49,0.580758846662383,1.4215825644818
TNP,VI-only,DAP,TNP VI,CV00,1,3,TXH2.2021,48,-0.00935181941530701,2.36781439450874
TNP,VI-only,DAP,TNP VI,CV00,2,3,TXH2.2021,45,0.0357085439559707,1.92945464780147
TNP,VI-only,DAP,TNP VI,CV00,3,3,TXH2.2021,47,0.139312583635144,2.00649240146054
TNP,VI-only,DAP,TNP VI,CV00,4,3,TXH2.2021,47,-0.0478122329857175,2.03419630733813
TNP,VI-only,DAP,TNP VI,CV00,5,3,TXH2.2021,49,0.172690805550483,2.06084990579334
TNP,VI-only,DAP,TNP VI,CV00,1,3,TXH3.2020,50,0.0717289856281714,2.34999940976964
TNP,VI-only,DAP,TNP VI,CV00,2,3,TXH3.2020,45,0.105227103541569,3.16791828506917
TNP,VI-only,DAP,TNP VI,CV00,3,3,TXH3.2020,47,0.41532377553177,1.90245365741325
TNP,VI-only,DAP,TNP VI,CV00,4,3,TXH3.2020,47,0.131064825747234,1.74301757545369
TNP,VI-only,DAP,TNP VI,CV00,5,3,TXH3.2020,49,0.0458953777214311,3.05753410715374
TNP,VI-only,DAP,TNP VI,CV00,1,3,TXH3.2021,48,0.49528896691149,2.93255830887047
TNP,VI-only,DAP,TNP VI,CV00,2,3,TXH3.2021,45,0.457939927733642,3.08849778870178
TNP,VI-only,DAP,TNP VI,CV00,3,3,TXH3.2021,47,0.282494878362829,3.47060960302736
TNP,VI-only,DAP,TNP VI,CV00,4,3,TXH3.2021,47,0.47055936121228,3.47138565071878
TNP,VI-only,DAP,TNP VI,CV00,5,3,TXH3.2021,49,0.271940259494012,3.51589289974601
TNP,VI-only,DAP,TNP VI,CV00,1,3,WIH1.2020,47,0.455988681704082,1.88707391791086
TNP,VI-only,DAP,TNP VI,CV00,2,3,WIH1.2020,45,0.444513308891812,1.63572820184383
TNP,VI-only,DAP,TNP VI,CV00,3,3,WIH1.2020,46,0.259865611523838,1.82421866576046
TNP,VI-only,DAP,TNP VI,CV00,4,3,WIH1.2020,46,0.0498615961573413,1.86282040456704
TNP,VI-only,DAP,TNP VI,CV00,5,3,WIH1.2020,48,0.448039298438879,2.09971785687568
TNP,VI-only,DAP,TNP VI,CV00,1,3,WIH1.2021,48,0.346125997508034,3.59011436758813
TNP,VI-only,DAP,TNP VI,CV00,2,3,WIH1.2021,45,0.327600944025782,3.1618373639795
TNP,VI-only,DAP,TNP VI,CV00,3,3,WIH1.2021,47,0.551769148719556,2.4009430026535
TNP,VI-only,DAP,TNP VI,CV00,4,3,WIH1.2021,47,0.491581382379803,2.27216533089258
TNP,VI-only,DAP,TNP VI,CV00,5,3,WIH1.2021,49,0.39804516518283,2.3639982874989
TNP,VI-only,DAP,TNP VI,CV00,1,3,WIH2.2020,134,0.175484050968423,3.15608695328993
TNP,VI-only,DAP,TNP VI,CV00,2,3,WIH2.2020,133,0.249108907383158,2.91333522154135
TNP,VI-only,DAP,TNP VI,CV00,3,3,WIH2.2020,134,0.273771401741724,2.38971606387237
TNP,VI-only,DAP,TNP VI,CV00,4,3,WIH2.2020,134,0.321476622302352,3.07540323437524
TNP,VI-only,DAP,TNP VI,CV00,5,3,WIH2.2020,133,0.390679825284857,2.81069463945419
TNP,VI-only,DAP,TNP VI,CV00,1,3,WIH2.2021,138,0.200625845935734,2.74417904068341
TNP,VI-only,DAP,TNP VI,CV00,2,3,WIH2.2021,133,-0.00909573110612747,2.20119753788961
TNP,VI-only,DAP,TNP VI,CV00,3,3,WIH2.2021,133,0.163977700102595,2.1035267318217
TNP,VI-only,DAP,TNP VI,CV00,4,3,WIH2.2021,133,0.142104551906842,2.91366877869829
TNP,VI-only,DAP,TNP VI,CV00,5,3,WIH2.2021,134,0.00480625300735111,2.33902141511794
TNP,VI-only,DAP,TNP VI,CV00,1,3,WIH3.2020,49,0.316182039594299,2.70735341744321
TNP,VI-only,DAP,TNP VI,CV00,2,3,WIH3.2020,45,0.188967898715128,2.19359697877929
TNP,VI-only,DAP,TNP VI,CV00,3,3,WIH3.2020,46,0.367705947791979,2.17669452905612
TNP,VI-only,DAP,TNP VI,CV00,4,3,WIH3.2020,46,0.373298449825874,2.18914423938133
TNP,VI-only,DAP,TNP VI,CV00,5,3,WIH3.2020,48,0.310920099875314,2.24803372004532
TNP,VI-only,DAP,TNP VI,CV00,1,3,WIH3.2021,48,-0.102237901755778,2.63654369902224
TNP,VI-only,DAP,TNP VI,CV00,2,3,WIH3.2021,45,0.198319528579826,1.70076263783583
TNP,VI-only,DAP,TNP VI,CV00,3,3,WIH3.2021,47,-0.0909682610609772,2.17973364958709
TNP,VI-only,DAP,TNP VI,CV00,4,3,WIH3.2021,47,-0.0403749163059959,2.32933326560606
TNP,VI-only,DAP,TNP VI,CV00,5,3,WIH3.2021,49,-0.110731342657013,1.8797287793763
TNP,VI-only,DAP,TNP VI,CV00,1,4,DEH1.2020,133,0.076997079823735,2.93464849352701
TNP,VI-only,DAP,TNP VI,CV00,2,4,DEH1.2020,133,0.24083803514823,5.5724757364578
TNP,VI-only,DAP,TNP VI,CV00,3,4,DEH1.2020,134,0.142593419341802,2.38008520885411
TNP,VI-only,DAP,TNP VI,CV00,4,4,DEH1.2020,131,0.30052856258271,2.06299335103579
TNP,VI-only,DAP,TNP VI,CV00,5,4,DEH1.2020,133,0.136498136079391,2.24782588614529
TNP,VI-only,DAP,TNP VI,CV00,1,4,IAH4.2021,130,0.225221405284869,1.80334363405874
TNP,VI-only,DAP,TNP VI,CV00,2,4,IAH4.2021,131,0.257728293108303,2.08263925454869
TNP,VI-only,DAP,TNP VI,CV00,3,4,IAH4.2021,133,0.250480345990621,2.12067495136159
TNP,VI-only,DAP,TNP VI,CV00,4,4,IAH4.2021,129,0.353874287629717,1.9253580722813
TNP,VI-only,DAP,TNP VI,CV00,5,4,IAH4.2021,129,-0.0395821471497882,1.70351459671634
TNP,VI-only,DAP,TNP VI,CV00,1,4,MIH1.2020,47,0.395212607802557,1.72054135864866
TNP,VI-only,DAP,TNP VI,CV00,2,4,MIH1.2020,46,0.390915469207332,1.52943587661667
TNP,VI-only,DAP,TNP VI,CV00,3,4,MIH1.2020,49,0.429853196635668,1.10367444216772
TNP,VI-only,DAP,TNP VI,CV00,4,4,MIH1.2020,46,0.274955631126683,1.44273698351078
TNP,VI-only,DAP,TNP VI,CV00,5,4,MIH1.2020,46,0.418315404777932,1.49325392029359
TNP,VI-only,DAP,TNP VI,CV00,1,4,MNH1.2020,47,0.0686741134681003,1.8489485263168
TNP,VI-only,DAP,TNP VI,CV00,2,4,MNH1.2020,46,-0.125237049159282,1.6231336861104
TNP,VI-only,DAP,TNP VI,CV00,3,4,MNH1.2020,47,0.0355979678178786,1.85946696864394
TNP,VI-only,DAP,TNP VI,CV00,4,4,MNH1.2020,45,-0.0692573540437227,2.24487792955046
TNP,VI-only,DAP,TNP VI,CV00,5,4,MNH1.2020,45,0.516138479512111,2.01592544786916
TNP,VI-only,DAP,TNP VI,CV00,1,4,MNH1.2021,47,0.331966726547219,2.36828523799198
TNP,VI-only,DAP,TNP VI,CV00,2,4,MNH1.2021,47,0.167795779399928,3.44499581477717
TNP,VI-only,DAP,TNP VI,CV00,3,4,MNH1.2021,50,0.147796119001991,1.61024924987105
TNP,VI-only,DAP,TNP VI,CV00,4,4,MNH1.2021,46,0.295981474571556,1.45074402122002
TNP,VI-only,DAP,TNP VI,CV00,5,4,MNH1.2021,46,0.0928466031798006,2.28852938437291
TNP,VI-only,DAP,TNP VI,CV00,1,4,MOH1.2020,120,0.113128149397108,4.83056930597004
TNP,VI-only,DAP,TNP VI,CV00,2,4,MOH1.2020,112,-0.0938967538998616,4.55160011324074
TNP,VI-only,DAP,TNP VI,CV00,3,4,MOH1.2020,120,-0.0371707854627631,4.73407210214666
TNP,VI-only,DAP,TNP VI,CV00,4,4,MOH1.2020,109,0.368369705285549,5.19980924356243
TNP,VI-only,DAP,TNP VI,CV00,5,4,MOH1.2020,115,0.0460869802570228,5.21950165107425
TNP,VI-only,DAP,TNP VI,CV00,1,4,NEH1.2021,47,0.309758781106978,4.02851279733714
TNP,VI-only,DAP,TNP VI,CV00,2,4,NEH1.2021,47,0.266763905291485,3.19675868888502
TNP,VI-only,DAP,TNP VI,CV00,3,4,NEH1.2021,48,0.486677165187832,3.60951409115008
TNP,VI-only,DAP,TNP VI,CV00,4,4,NEH1.2021,45,0.392333677274233,4.96553550130643
TNP,VI-only,DAP,TNP VI,CV00,5,4,NEH1.2021,45,0.567048034676687,4.14451510435815
TNP,VI-only,DAP,TNP VI,CV00,1,4,TXH1.2020,47,0.775644685157653,1.34736449864802
TNP,VI-only,DAP,TNP VI,CV00,2,4,TXH1.2020,47,0.494835754262881,1.72755109715862
TNP,VI-only,DAP,TNP VI,CV00,3,4,TXH1.2020,48,0.429405259291858,2.86073185855325
TNP,VI-only,DAP,TNP VI,CV00,4,4,TXH1.2020,45,0.653054406936989,1.1263936209343
TNP,VI-only,DAP,TNP VI,CV00,5,4,TXH1.2020,45,0.475126881195181,1.37417758021885
TNP,VI-only,DAP,TNP VI,CV00,1,4,TXH1.2021,47,0.153637734041611,1.77969294861209
TNP,VI-only,DAP,TNP VI,CV00,2,4,TXH1.2021,47,-0.0219344917771721,1.71032497660108
TNP,VI-only,DAP,TNP VI,CV00,3,4,TXH1.2021,48,0.150771692005738,1.52319421494323
TNP,VI-only,DAP,TNP VI,CV00,4,4,TXH1.2021,45,-0.0109658138755099,1.60221657012059
TNP,VI-only,DAP,TNP VI,CV00,5,4,TXH1.2021,45,0.091522637963785,2.00702963976548
TNP,VI-only,DAP,TNP VI,CV00,1,4,TXH2.2020,47,0.603454418045233,1.59240010264206
TNP,VI-only,DAP,TNP VI,CV00,2,4,TXH2.2020,47,0.452999007850484,1.57221626183822
TNP,VI-only,DAP,TNP VI,CV00,3,4,TXH2.2020,48,0.557848145713598,1.40274085949431
TNP,VI-only,DAP,TNP VI,CV00,4,4,TXH2.2020,45,0.651927427355332,1.11862364141826
TNP,VI-only,DAP,TNP VI,CV00,5,4,TXH2.2020,45,0.408992032855805,1.21932587217658
TNP,VI-only,DAP,TNP VI,CV00,1,4,TXH2.2021,47,-0.0702358317898946,2.86442945344498
TNP,VI-only,DAP,TNP VI,CV00,2,4,TXH2.2021,47,-0.331187618862425,2.74837118427214
TNP,VI-only,DAP,TNP VI,CV00,3,4,TXH2.2021,48,-0.393817135728349,2.74195960999585
TNP,VI-only,DAP,TNP VI,CV00,4,4,TXH2.2021,45,-0.346123264707259,2.97469897235721
TNP,VI-only,DAP,TNP VI,CV00,5,4,TXH2.2021,45,0.0577581343198748,2.25968060359406
TNP,VI-only,DAP,TNP VI,CV00,1,4,TXH3.2020,47,-0.133441184519261,2.03422640584013
TNP,VI-only,DAP,TNP VI,CV00,2,4,TXH3.2020,47,0.123399998069567,2.98668091220744
TNP,VI-only,DAP,TNP VI,CV00,3,4,TXH3.2020,50,-0.0400135726417699,2.19623611846666
TNP,VI-only,DAP,TNP VI,CV00,4,4,TXH3.2020,46,-0.0397805799296581,1.57382891652892
TNP,VI-only,DAP,TNP VI,CV00,5,4,TXH3.2020,46,-0.0548537698777646,2.85956218997168
TNP,VI-only,DAP,TNP VI,CV00,1,4,TXH3.2021,47,0.454344873451329,2.89855791153649
TNP,VI-only,DAP,TNP VI,CV00,2,4,TXH3.2021,47,0.391673327576585,3.31334740363485
TNP,VI-only,DAP,TNP VI,CV00,3,4,TXH3.2021,48,0.553578481482739,2.8620939862739
TNP,VI-only,DAP,TNP VI,CV00,4,4,TXH3.2021,45,0.637281882471789,2.99757329211691
TNP,VI-only,DAP,TNP VI,CV00,5,4,TXH3.2021,45,0.416742570054092,3.45362825743039
TNP,VI-only,DAP,TNP VI,CV00,1,4,WIH1.2020,47,0.441380085010715,2.63588731567169
TNP,VI-only,DAP,TNP VI,CV00,2,4,WIH1.2020,46,0.594214598106929,2.06423369360032
TNP,VI-only,DAP,TNP VI,CV00,3,4,WIH1.2020,47,0.43582350593321,2.15853245145269
TNP,VI-only,DAP,TNP VI,CV00,4,4,WIH1.2020,45,0.295420810749739,1.80297361966563
TNP,VI-only,DAP,TNP VI,CV00,5,4,WIH1.2020,45,0.499023841307127,1.59394281716008
TNP,VI-only,DAP,TNP VI,CV00,1,4,WIH1.2021,47,0.360580077452398,2.83194281479108
TNP,VI-only,DAP,TNP VI,CV00,2,4,WIH1.2021,47,0.192730431120431,3.24895135987
TNP,VI-only,DAP,TNP VI,CV00,3,4,WIH1.2021,48,0.51143950208321,2.71127662777694
TNP,VI-only,DAP,TNP VI,CV00,4,4,WIH1.2021,45,0.390433780711912,2.80533939458263
TNP,VI-only,DAP,TNP VI,CV00,5,4,WIH1.2021,45,0.482822409518198,2.12156071751113
TNP,VI-only,DAP,TNP VI,CV00,1,4,WIH2.2020,130,0.203521570593177,2.91848291425191
TNP,VI-only,DAP,TNP VI,CV00,2,4,WIH2.2020,133,0.160046929600058,2.9720625458635
TNP,VI-only,DAP,TNP VI,CV00,3,4,WIH2.2020,132,0.234343191739631,2.94749915863398
TNP,VI-only,DAP,TNP VI,CV00,4,4,WIH2.2020,130,0.153304799069344,2.88976293540272
TNP,VI-only,DAP,TNP VI,CV00,5,4,WIH2.2020,133,0.332943537694246,2.90851214884951
TNP,VI-only,DAP,TNP VI,CV00,1,4,WIH2.2021,131,0.222627841854094,2.26503751037914
TNP,VI-only,DAP,TNP VI,CV00,2,4,WIH2.2021,130,0.178541223408658,1.77178905740177
TNP,VI-only,DAP,TNP VI,CV00,3,4,WIH2.2021,133,-0.0181725559206535,2.41612803839049
TNP,VI-only,DAP,TNP VI,CV00,4,4,WIH2.2021,130,0.162453014574814,2.69691759709528
TNP,VI-only,DAP,TNP VI,CV00,5,4,WIH2.2021,131,-0.0232535823218405,2.54973581394261
TNP,VI-only,DAP,TNP VI,CV00,1,4,WIH3.2020,47,0.150978950177402,2.4237168467813
TNP,VI-only,DAP,TNP VI,CV00,2,4,WIH3.2020,46,0.0630659480811215,2.24118263259374
TNP,VI-only,DAP,TNP VI,CV00,3,4,WIH3.2020,49,0.241240038098433,2.52817701964322
TNP,VI-only,DAP,TNP VI,CV00,4,4,WIH3.2020,46,0.0756157301615578,2.42568445983936
TNP,VI-only,DAP,TNP VI,CV00,5,4,WIH3.2020,46,0.446240991097123,2.41331670600205
TNP,VI-only,DAP,TNP VI,CV00,1,4,WIH3.2021,47,-0.126817582067784,2.32720086430886
TNP,VI-only,DAP,TNP VI,CV00,2,4,WIH3.2021,47,-0.0893928848773481,1.99335288528924
TNP,VI-only,DAP,TNP VI,CV00,3,4,WIH3.2021,48,-0.173804804977719,2.04623373658687
TNP,VI-only,DAP,TNP VI,CV00,4,4,WIH3.2021,45,0.0064454923356239,1.98013040216564
TNP,VI-only,DAP,TNP VI,CV00,5,4,WIH3.2021,45,0.120544312309492,1.86931253991552
TNP,VI-only,DAP,TNP VI,CV00,1,5,DEH1.2020,124,0.12945223047982,2.4112054584532
TNP,VI-only,DAP,TNP VI,CV00,2,5,DEH1.2020,126,0.00335776142128799,4.76271525518059
TNP,VI-only,DAP,TNP VI,CV00,3,5,DEH1.2020,124,-0.164333432185656,2.22225286740909
TNP,VI-only,DAP,TNP VI,CV00,4,5,DEH1.2020,123,0.320950071844937,2.45034146687102
TNP,VI-only,DAP,TNP VI,CV00,5,5,DEH1.2020,122,0.165160877548147,2.19628200982788
TNP,VI-only,DAP,TNP VI,CV00,1,5,IAH4.2021,124,0.00763109006560529,1.92586449734576
TNP,VI-only,DAP,TNP VI,CV00,2,5,IAH4.2021,124,0.284677854480855,1.88516566980393
TNP,VI-only,DAP,TNP VI,CV00,3,5,IAH4.2021,121,-0.149991825099717,2.00783986886891
TNP,VI-only,DAP,TNP VI,CV00,4,5,IAH4.2021,121,0.0840511325353776,2.34126871149551
TNP,VI-only,DAP,TNP VI,CV00,5,5,IAH4.2021,123,0.242292159554355,1.83300193701525
TNP,VI-only,DAP,TNP VI,CV00,1,5,MIH1.2020,44,0.43587759756861,1.89932249027935
TNP,VI-only,DAP,TNP VI,CV00,2,5,MIH1.2020,51,0.269645551164307,1.56950399566301
TNP,VI-only,DAP,TNP VI,CV00,3,5,MIH1.2020,46,0.1547607070827,1.4435474227903
TNP,VI-only,DAP,TNP VI,CV00,4,5,MIH1.2020,43,0.192066615964863,1.27699534836176
TNP,VI-only,DAP,TNP VI,CV00,5,5,MIH1.2020,47,0.42667909219024,1.9325619306294
TNP,VI-only,DAP,TNP VI,CV00,1,5,MNH1.2020,44,0.275641925786284,1.83783060215076
TNP,VI-only,DAP,TNP VI,CV00,2,5,MNH1.2020,48,0.156719168994982,2.04839791071084
TNP,VI-only,DAP,TNP VI,CV00,3,5,MNH1.2020,45,0.422004482117092,2.02517074290511
TNP,VI-only,DAP,TNP VI,CV00,4,5,MNH1.2020,43,0.0327043617963046,1.77161640843515
TNP,VI-only,DAP,TNP VI,CV00,5,5,MNH1.2020,45,0.336349662825432,1.80123049191113
TNP,VI-only,DAP,TNP VI,CV00,1,5,MNH1.2021,44,-0.0167078494396479,2.16371474943374
TNP,VI-only,DAP,TNP VI,CV00,2,5,MNH1.2021,52,0.0431099208871492,3.92734252555202
TNP,VI-only,DAP,TNP VI,CV00,3,5,MNH1.2021,46,0.213339104529442,1.95120293357896
TNP,VI-only,DAP,TNP VI,CV00,4,5,MNH1.2021,43,0.283928201678761,1.9753980574203
TNP,VI-only,DAP,TNP VI,CV00,5,5,MNH1.2021,48,0.369142174836583,1.85928471946916
TNP,VI-only,DAP,TNP VI,CV00,1,5,MOH1.2020,104,0.240258123216625,5.25428258975279
TNP,VI-only,DAP,TNP VI,CV00,2,5,MOH1.2020,111,0.277412815491968,4.57604411375583
TNP,VI-only,DAP,TNP VI,CV00,3,5,MOH1.2020,109,-0.159525296815713,4.15187520142002
TNP,VI-only,DAP,TNP VI,CV00,4,5,MOH1.2020,107,0.386164969714476,4.09891869598447
TNP,VI-only,DAP,TNP VI,CV00,5,5,MOH1.2020,107,0.227137952269551,4.98930919727047
TNP,VI-only,DAP,TNP VI,CV00,1,5,NEH1.2021,44,0.300540345935071,4.18531885803539
TNP,VI-only,DAP,TNP VI,CV00,2,5,NEH1.2021,49,0.411014669412349,3.31067851272806
TNP,VI-only,DAP,TNP VI,CV00,3,5,NEH1.2021,45,0.535750978133535,3.38326971134893
TNP,VI-only,DAP,TNP VI,CV00,4,5,NEH1.2021,43,0.208024279734866,3.61901565012264
TNP,VI-only,DAP,TNP VI,CV00,5,5,NEH1.2021,46,0.521934585246286,5.10024960119554
TNP,VI-only,DAP,TNP VI,CV00,1,5,TXH1.2020,44,0.556044820037852,1.36380757777031
TNP,VI-only,DAP,TNP VI,CV00,2,5,TXH1.2020,49,0.555348819168418,1.96864965955724
TNP,VI-only,DAP,TNP VI,CV00,3,5,TXH1.2020,45,0.648644542666288,2.06615855799381
TNP,VI-only,DAP,TNP VI,CV00,4,5,TXH1.2020,43,0.628551060004495,1.67991682546115
TNP,VI-only,DAP,TNP VI,CV00,5,5,TXH1.2020,46,0.773267644556449,2.22744994568381
TNP,VI-only,DAP,TNP VI,CV00,1,5,TXH1.2021,44,0.0996542179916697,1.66928204373206
TNP,VI-only,DAP,TNP VI,CV00,2,5,TXH1.2021,49,0.143672355303076,1.49991133961397
TNP,VI-only,DAP,TNP VI,CV00,3,5,TXH1.2021,45,0.208983172612955,1.52711469980344
TNP,VI-only,DAP,TNP VI,CV00,4,5,TXH1.2021,43,0.081952247619268,1.7724815970668
TNP,VI-only,DAP,TNP VI,CV00,5,5,TXH1.2021,46,0.340249350485536,1.60449780242739
TNP,VI-only,DAP,TNP VI,CV00,1,5,TXH2.2020,44,0.648067306728285,1.04330776460394
TNP,VI-only,DAP,TNP VI,CV00,2,5,TXH2.2020,49,0.500240448084582,1.1743196293968
TNP,VI-only,DAP,TNP VI,CV00,3,5,TXH2.2020,45,0.33562454862165,1.61117853388341
TNP,VI-only,DAP,TNP VI,CV00,4,5,TXH2.2020,43,0.251357132185745,1.64100609501682
TNP,VI-only,DAP,TNP VI,CV00,5,5,TXH2.2020,46,0.580268108066982,1.86732789112387
TNP,VI-only,DAP,TNP VI,CV00,1,5,TXH2.2021,44,-0.125446519536007,2.44920999560899
TNP,VI-only,DAP,TNP VI,CV00,2,5,TXH2.2021,49,-0.189849009353094,2.50226852705947
TNP,VI-only,DAP,TNP VI,CV00,3,5,TXH2.2021,45,-0.157850638984254,2.12182219664554
TNP,VI-only,DAP,TNP VI,CV00,4,5,TXH2.2021,43,-0.0487694886611728,1.6091657953207
TNP,VI-only,DAP,TNP VI,CV00,5,5,TXH2.2021,46,0.164762319679214,2.16026860365601
TNP,VI-only,DAP,TNP VI,CV00,1,5,TXH3.2020,44,0.0776680405766364,3.21578523780349
TNP,VI-only,DAP,TNP VI,CV00,2,5,TXH3.2020,52,0.285531080793616,3.29117062676836
TNP,VI-only,DAP,TNP VI,CV00,3,5,TXH3.2020,46,0.0286913408146958,2.58637501402051
TNP,VI-only,DAP,TNP VI,CV00,4,5,TXH3.2020,43,-0.0578961721674601,2.15019948597745
TNP,VI-only,DAP,TNP VI,CV00,5,5,TXH3.2020,48,0.137182670314769,2.86939670865797
TNP,VI-only,DAP,TNP VI,CV00,1,5,TXH3.2021,44,0.581768397914023,2.9623054485968
TNP,VI-only,DAP,TNP VI,CV00,2,5,TXH3.2021,49,0.522005068807748,3.16844939516388
TNP,VI-only,DAP,TNP VI,CV00,3,5,TXH3.2021,45,0.27532293196996,3.55554062229061
TNP,VI-only,DAP,TNP VI,CV00,4,5,TXH3.2021,43,0.519189205564779,3.11053068088908
TNP,VI-only,DAP,TNP VI,CV00,5,5,TXH3.2021,46,0.600951580911444,3.10122308822017
TNP,VI-only,DAP,TNP VI,CV00,1,5,WIH1.2020,44,0.618028962120221,1.75724142518343
TNP,VI-only,DAP,TNP VI,CV00,2,5,WIH1.2020,48,0.402322841154701,2.337887611477
TNP,VI-only,DAP,TNP VI,CV00,3,5,WIH1.2020,45,0.504484820330766,1.99255756280834
TNP,VI-only,DAP,TNP VI,CV00,4,5,WIH1.2020,43,0.4150863181499,1.83830533348355
TNP,VI-only,DAP,TNP VI,CV00,5,5,WIH1.2020,45,0.548447421186318,2.22795031728866
TNP,VI-only,DAP,TNP VI,CV00,1,5,WIH1.2021,44,0.229851936800355,2.57074898756296
TNP,VI-only,DAP,TNP VI,CV00,2,5,WIH1.2021,49,0.318790864396362,3.38809737533016
TNP,VI-only,DAP,TNP VI,CV00,3,5,WIH1.2021,45,0.428040466969829,2.1131113634231
TNP,VI-only,DAP,TNP VI,CV00,4,5,WIH1.2021,43,0.299310265130492,2.01531519428093
TNP,VI-only,DAP,TNP VI,CV00,5,5,WIH1.2021,46,0.682580672767547,2.15393585698897
TNP,VI-only,DAP,TNP VI,CV00,1,5,WIH2.2020,124,0.219992140596894,2.63244302141404
TNP,VI-only,DAP,TNP VI,CV00,2,5,WIH2.2020,125,0.379129437685186,2.77200721074439
TNP,VI-only,DAP,TNP VI,CV00,3,5,WIH2.2020,124,0.2934174219512,2.6931535959367
TNP,VI-only,DAP,TNP VI,CV00,4,5,WIH2.2020,123,0.244453010728594,2.68269058225573
TNP,VI-only,DAP,TNP VI,CV00,5,5,WIH2.2020,123,0.330952222582595,2.73670000591538
TNP,VI-only,DAP,TNP VI,CV00,1,5,WIH2.2021,123,0.221452533233147,2.08979864280953
TNP,VI-only,DAP,TNP VI,CV00,2,5,WIH2.2021,127,0.250668170246171,2.22150884696468
TNP,VI-only,DAP,TNP VI,CV00,3,5,WIH2.2021,126,0.0237289630773988,2.37022062712006
TNP,VI-only,DAP,TNP VI,CV00,4,5,WIH2.2021,124,0.0645576557250145,2.77240107462872
TNP,VI-only,DAP,TNP VI,CV00,5,5,WIH2.2021,125,0.203333724782234,2.13039349315098
TNP,VI-only,DAP,TNP VI,CV00,1,5,WIH3.2020,44,0.249148452694999,2.24661661771174
TNP,VI-only,DAP,TNP VI,CV00,2,5,WIH3.2020,51,0.134816481440754,2.64408398096839
TNP,VI-only,DAP,TNP VI,CV00,3,5,WIH3.2020,46,0.0503803604989231,2.83458897140761
TNP,VI-only,DAP,TNP VI,CV00,4,5,WIH3.2020,43,0.333932466645032,2.61361953906971
TNP,VI-only,DAP,TNP VI,CV00,5,5,WIH3.2020,47,0.273843548744597,2.52104522255733
TNP,VI-only,DAP,TNP VI,CV00,1,5,WIH3.2021,44,0.114374444018014,2.05055958894598
TNP,VI-only,DAP,TNP VI,CV00,2,5,WIH3.2021,49,-0.0600840846226524,1.96908106686816
TNP,VI-only,DAP,TNP VI,CV00,3,5,WIH3.2021,45,-0.0311689093126484,2.5856581706861
TNP,VI-only,DAP,TNP VI,CV00,4,5,WIH3.2021,43,0.107357835816512,1.75970739763695
TNP,VI-only,DAP,TNP VI,CV00,5,5,WIH3.2021,46,0.000281444827439432,1.88770492891376
TNP,VI+genomic,DAP,TNP VI+G,CV0,1,1,DEH1.2020,524,0.569788342728481,2.95482045721654
TNP,VI+genomic,DAP,TNP VI+G,CV0,2,1,DEH1.2020,526,0.33262046972004,2.23087191211446
TNP,VI+genomic,DAP,TNP VI+G,CV0,3,1,DEH1.2020,525,0.606824583066926,1.99512819322307
TNP,VI+genomic,DAP,TNP VI+G,CV0,4,1,DEH1.2020,521,0.564789380439326,2.14246255430013
TNP,VI+genomic,DAP,TNP VI+G,CV0,5,1,DEH1.2020,523,0.300497525603598,2.55126459582874
TNP,VI+genomic,DAP,TNP VI+G,CV0,1,1,IAH4.2021,514,0.29738551281758,1.59738913771476
TNP,VI+genomic,DAP,TNP VI+G,CV0,2,1,IAH4.2021,518,0.188523743145065,1.78646934712155
TNP,VI+genomic,DAP,TNP VI+G,CV0,3,1,IAH4.2021,516,0.426411261119754,2.15052833959836
TNP,VI+genomic,DAP,TNP VI+G,CV0,4,1,IAH4.2021,513,0.240568644250411,2.17325681888287
TNP,VI+genomic,DAP,TNP VI+G,CV0,5,1,IAH4.2021,515,0.388081501200838,2.36264241352735
TNP,VI+genomic,DAP,TNP VI+G,CV0,1,1,MIH1.2020,188,0.410158291213186,1.39465460099024
TNP,VI+genomic,DAP,TNP VI+G,CV0,2,1,MIH1.2020,189,0.29722279732212,1.48894215394875
TNP,VI+genomic,DAP,TNP VI+G,CV0,3,1,MIH1.2020,187,0.250384845276939,1.65756258238934
TNP,VI+genomic,DAP,TNP VI+G,CV0,4,1,MIH1.2020,185,0.350254599373693,1.34645192297611
TNP,VI+genomic,DAP,TNP VI+G,CV0,5,1,MIH1.2020,189,0.344978403195499,1.79168133487955
TNP,VI+genomic,DAP,TNP VI+G,CV0,1,1,MNH1.2020,185,0.41651001560062,1.69345302365945
TNP,VI+genomic,DAP,TNP VI+G,CV0,2,1,MNH1.2020,186,0.28309554251745,1.7244904583731
TNP,VI+genomic,DAP,TNP VI+G,CV0,3,1,MNH1.2020,184,0.2947205833317,1.71040260800685
TNP,VI+genomic,DAP,TNP VI+G,CV0,4,1,MNH1.2020,184,0.428705108180218,1.62744833020056
TNP,VI+genomic,DAP,TNP VI+G,CV0,5,1,MNH1.2020,186,0.242426440628889,1.80041258264389
TNP,VI+genomic,DAP,TNP VI+G,CV0,1,1,MNH1.2021,189,0.604070513134946,1.60159556236337
TNP,VI+genomic,DAP,TNP VI+G,CV0,2,1,MNH1.2021,191,0.55598266325916,1.3844910489874
TNP,VI+genomic,DAP,TNP VI+G,CV0,3,1,MNH1.2021,189,0.469446606305592,2.1522158623324
TNP,VI+genomic,DAP,TNP VI+G,CV0,4,1,MNH1.2021,186,0.476754622366747,2.57589030989782
TNP,VI+genomic,DAP,TNP VI+G,CV0,5,1,MNH1.2021,191,0.443920436460926,2.53808937620952
TNP,VI+genomic,DAP,TNP VI+G,CV0,1,1,MOH1.2020,462,0.317347103858312,4.95445241267441
TNP,VI+genomic,DAP,TNP VI+G,CV0,2,1,MOH1.2020,459,0.180163793883617,3.87832153212541
TNP,VI+genomic,DAP,TNP VI+G,CV0,3,1,MOH1.2020,456,0.232689275665163,4.38759289104342
TNP,VI+genomic,DAP,TNP VI+G,CV0,4,1,MOH1.2020,458,0.109081636425364,3.7125514887731
TNP,VI+genomic,DAP,TNP VI+G,CV0,5,1,MOH1.2020,461,0.0945932899890676,4.39258318318924
TNP,VI+genomic,DAP,TNP VI+G,CV0,1,1,NEH1.2021,186,0.286136301937628,3.05220276761556
TNP,VI+genomic,DAP,TNP VI+G,CV0,2,1,NEH1.2021,188,0.186940089321579,3.18718378074818
TNP,VI+genomic,DAP,TNP VI+G,CV0,3,1,NEH1.2021,186,0.288294353131971,3.18541096675521
TNP,VI+genomic,DAP,TNP VI+G,CV0,4,1,NEH1.2021,185,0.132562478253514,3.82497386782437
TNP,VI+genomic,DAP,TNP VI+G,CV0,5,1,NEH1.2021,188,0.0496031279635083,3.21442185942537
TNP,VI+genomic,DAP,TNP VI+G,CV0,1,1,TXH1.2020,186,0.667701213389684,1.33142284037833
TNP,VI+genomic,DAP,TNP VI+G,CV0,2,1,TXH1.2020,188,0.643676646985146,1.8271483342158
TNP,VI+genomic,DAP,TNP VI+G,CV0,3,1,TXH1.2020,186,0.633097136196378,1.48186672690797
TNP,VI+genomic,DAP,TNP VI+G,CV0,4,1,TXH1.2020,185,0.570253315822965,2.38174374399912
TNP,VI+genomic,DAP,TNP VI+G,CV0,5,1,TXH1.2020,188,0.359211800936357,2.59385800815501
TNP,VI+genomic,DAP,TNP VI+G,CV0,1,1,TXH1.2021,186,0.161378819016055,1.63896112415297
TNP,VI+genomic,DAP,TNP VI+G,CV0,2,1,TXH1.2021,188,0.178185624489418,1.6545805241441
TNP,VI+genomic,DAP,TNP VI+G,CV0,3,1,TXH1.2021,186,0.164320891370744,1.62554999661756
TNP,VI+genomic,DAP,TNP VI+G,CV0,4,1,TXH1.2021,185,0.0639434673884618,1.76908452304901
TNP,VI+genomic,DAP,TNP VI+G,CV0,5,1,TXH1.2021,188,0.216273312597829,1.73142474733059
TNP,VI+genomic,DAP,TNP VI+G,CV0,1,1,TXH2.2020,186,0.474730386772034,1.41067314534322
TNP,VI+genomic,DAP,TNP VI+G,CV0,2,1,TXH2.2020,188,0.483527048730757,1.42405902767396
TNP,VI+genomic,DAP,TNP VI+G,CV0,3,1,TXH2.2020,186,0.459081638915099,1.76702446889119
TNP,VI+genomic,DAP,TNP VI+G,CV0,4,1,TXH2.2020,185,0.510595620565539,1.4229838804602
TNP,VI+genomic,DAP,TNP VI+G,CV0,5,1,TXH2.2020,188,0.518606194963036,1.4907421200908
TNP,VI+genomic,DAP,TNP VI+G,CV0,1,1,TXH2.2021,186,0.00947001363563318,2.49340181456365
TNP,VI+genomic,DAP,TNP VI+G,CV0,2,1,TXH2.2021,188,-0.0360903030735389,1.97579499921545
TNP,VI+genomic,DAP,TNP VI+G,CV0,3,1,TXH2.2021,186,0.105946939859,1.85094418357309
TNP,VI+genomic,DAP,TNP VI+G,CV0,4,1,TXH2.2021,185,-0.121006071525116,2.27056273034747
TNP,VI+genomic,DAP,TNP VI+G,CV0,5,1,TXH2.2021,188,0.100156386700523,2.1363830793739
TNP,VI+genomic,DAP,TNP VI+G,CV0,1,1,TXH3.2020,189,0.0248809490545555,2.01722579062974
TNP,VI+genomic,DAP,TNP VI+G,CV0,2,1,TXH3.2020,191,0.133945630509565,3.38049301303094
TNP,VI+genomic,DAP,TNP VI+G,CV0,3,1,TXH3.2020,189,-0.00446069938748167,3.23521506049643
TNP,VI+genomic,DAP,TNP VI+G,CV0,4,1,TXH3.2020,186,-0.0833997206331853,3.42847555200661
TNP,VI+genomic,DAP,TNP VI+G,CV0,5,1,TXH3.2020,191,-0.0119046625367334,3.78018100159309
TNP,VI+genomic,DAP,TNP VI+G,CV0,1,1,TXH3.2021,186,0.463425818670156,3.873102041175
TNP,VI+genomic,DAP,TNP VI+G,CV0,2,1,TXH3.2021,188,0.542161486584439,3.99182637933672
TNP,VI+genomic,DAP,TNP VI+G,CV0,3,1,TXH3.2021,186,0.385202100434362,3.67327143653948
TNP,VI+genomic,DAP,TNP VI+G,CV0,4,1,TXH3.2021,185,0.35182980898041,4.33538607609394
TNP,VI+genomic,DAP,TNP VI+G,CV0,5,1,TXH3.2021,188,0.425690640471651,3.83514833917565
TNP,VI+genomic,DAP,TNP VI+G,CV0,1,1,WIH1.2020,185,0.527913786104006,1.96460968261747
TNP,VI+genomic,DAP,TNP VI+G,CV0,2,1,WIH1.2020,186,0.494286830159692,2.16631432020491
TNP,VI+genomic,DAP,TNP VI+G,CV0,3,1,WIH1.2020,184,0.480408765766888,2.24152826456154
TNP,VI+genomic,DAP,TNP VI+G,CV0,4,1,WIH1.2020,184,0.539945560727189,2.14309984056372
TNP,VI+genomic,DAP,TNP VI+G,CV0,5,1,WIH1.2020,186,0.527995831629791,1.9464138317139
TNP,VI+genomic,DAP,TNP VI+G,CV0,1,1,WIH1.2021,186,0.468939359876863,3.01656696014328
TNP,VI+genomic,DAP,TNP VI+G,CV0,2,1,WIH1.2021,188,0.369420707376462,2.27790593601098
TNP,VI+genomic,DAP,TNP VI+G,CV0,3,1,WIH1.2021,186,0.516798604052895,2.37726679427769
TNP,VI+genomic,DAP,TNP VI+G,CV0,4,1,WIH1.2021,185,0.380917953869237,2.11301835044496
TNP,VI+genomic,DAP,TNP VI+G,CV0,5,1,WIH1.2021,188,0.515429725850854,1.98147813870422
TNP,VI+genomic,DAP,TNP VI+G,CV0,1,1,WIH2.2020,521,0.339380819832899,3.11011847321962
TNP,VI+genomic,DAP,TNP VI+G,CV0,2,1,WIH2.2020,524,0.365720876991201,2.63711877860058
TNP,VI+genomic,DAP,TNP VI+G,CV0,3,1,WIH2.2020,524,0.280549088949683,2.85621363238848
TNP,VI+genomic,DAP,TNP VI+G,CV0,4,1,WIH2.2020,519,0.34732785961166,2.645802439577
TNP,VI+genomic,DAP,TNP VI+G,CV0,5,1,WIH2.2020,520,0.324744483499917,2.77254022859711
TNP,VI+genomic,DAP,TNP VI+G,CV0,1,1,WIH2.2021,523,0.319673586478953,2.69539461910274
TNP,VI+genomic,DAP,TNP VI+G,CV0,2,1,WIH2.2021,524,0.465047652879149,2.2088785846839
TNP,VI+genomic,DAP,TNP VI+G,CV0,3,1,WIH2.2021,525,0.392565854444904,2.49279929442098
TNP,VI+genomic,DAP,TNP VI+G,CV0,4,1,WIH2.2021,519,0.356166219165597,2.39643151703773
TNP,VI+genomic,DAP,TNP VI+G,CV0,5,1,WIH2.2021,523,0.4381084184703,1.99448188089854
TNP,VI+genomic,DAP,TNP VI+G,CV0,1,1,WIH3.2020,188,0.348495170475549,2.39880149565512
TNP,VI+genomic,DAP,TNP VI+G,CV0,2,1,WIH3.2020,189,0.278094520219284,2.36617115934475
TNP,VI+genomic,DAP,TNP VI+G,CV0,3,1,WIH3.2020,187,0.253400079232797,2.31398902614423
TNP,VI+genomic,DAP,TNP VI+G,CV0,4,1,WIH3.2020,185,0.289995993006351,2.45855920100607
TNP,VI+genomic,DAP,TNP VI+G,CV0,5,1,WIH3.2020,189,0.343916821474077,2.31718954562933
TNP,VI+genomic,DAP,TNP VI+G,CV0,1,1,WIH3.2021,186,0.467100848161846,1.68592514435239
TNP,VI+genomic,DAP,TNP VI+G,CV0,2,1,WIH3.2021,188,0.444149977022334,2.00852296310898
TNP,VI+genomic,DAP,TNP VI+G,CV0,3,1,WIH3.2021,186,0.443375722698545,1.72705332202473
TNP,VI+genomic,DAP,TNP VI+G,CV0,4,1,WIH3.2021,185,0.519921298417788,1.77043188722828
TNP,VI+genomic,DAP,TNP VI+G,CV0,5,1,WIH3.2021,188,0.449564253939767,1.81152145097806
TNP,VI+genomic,DAP,TNP VI+G,CV0,1,2,DEH1.2020,523,0.580597004184332,3.24180595077271
TNP,VI+genomic,DAP,TNP VI+G,CV0,2,2,DEH1.2020,521,0.375055327120619,2.26124127889342
TNP,VI+genomic,DAP,TNP VI+G,CV0,3,2,DEH1.2020,521,0.512296855029194,1.79146009193441
TNP,VI+genomic,DAP,TNP VI+G,CV0,4,2,DEH1.2020,523,0.526400978434726,1.8319131005408
TNP,VI+genomic,DAP,TNP VI+G,CV0,5,2,DEH1.2020,522,0.212365659119801,2.6628230356031
TNP,VI+genomic,DAP,TNP VI+G,CV0,1,2,IAH4.2021,519,0.425450246275007,1.47943711162525
TNP,VI+genomic,DAP,TNP VI+G,CV0,2,2,IAH4.2021,513,0.370019871638819,1.6435227695725
TNP,VI+genomic,DAP,TNP VI+G,CV0,3,2,IAH4.2021,514,0.400524617630574,2.24475574465429
TNP,VI+genomic,DAP,TNP VI+G,CV0,4,2,IAH4.2021,515,0.153270030135653,1.89218381204678
TNP,VI+genomic,DAP,TNP VI+G,CV0,5,2,IAH4.2021,514,0.320241544256879,1.89974715258812
TNP,VI+genomic,DAP,TNP VI+G,CV0,1,2,MIH1.2020,186,0.343028676557524,2.28797813373564
TNP,VI+genomic,DAP,TNP VI+G,CV0,2,2,MIH1.2020,187,0.236134711930033,1.50225057590341
TNP,VI+genomic,DAP,TNP VI+G,CV0,3,2,MIH1.2020,188,0.30488235652925,1.48353143415086
TNP,VI+genomic,DAP,TNP VI+G,CV0,4,2,MIH1.2020,184,0.251769412294148,1.38786221948656
TNP,VI+genomic,DAP,TNP VI+G,CV0,5,2,MIH1.2020,186,0.234100166645123,2.15593003316168
TNP,VI+genomic,DAP,TNP VI+G,CV0,1,2,MNH1.2020,184,0.161266025661072,2.20572669439802
TNP,VI+genomic,DAP,TNP VI+G,CV0,2,2,MNH1.2020,184,0.246216399100902,1.76546580737437
TNP,VI+genomic,DAP,TNP VI+G,CV0,3,2,MNH1.2020,185,0.196593404522156,1.88586053472744
TNP,VI+genomic,DAP,TNP VI+G,CV0,4,2,MNH1.2020,181,0.235495451123365,1.71039971142113
TNP,VI+genomic,DAP,TNP VI+G,CV0,5,2,MNH1.2020,183,0.225660197530412,1.79913333833238
TNP,VI+genomic,DAP,TNP VI+G,CV0,1,2,MNH1.2021,188,0.444092717063828,2.03287404925635
TNP,VI+genomic,DAP,TNP VI+G,CV0,2,2,MNH1.2021,189,0.512969340825677,1.76146993008767
TNP,VI+genomic,DAP,TNP VI+G,CV0,3,2,MNH1.2021,190,0.349245251187655,2.46078754003948
TNP,VI+genomic,DAP,TNP VI+G,CV0,4,2,MNH1.2021,186,0.478892096390774,1.48897598234283
TNP,VI+genomic,DAP,TNP VI+G,CV0,5,2,MNH1.2021,188,0.517714988532036,2.53786794569218
TNP,VI+genomic,DAP,TNP VI+G,CV0,1,2,MOH1.2020,458,0.0596764500384219,4.96850453675755
TNP,VI+genomic,DAP,TNP VI+G,CV0,2,2,MOH1.2020,456,0.0762015403852803,3.99765571094731
TNP,VI+genomic,DAP,TNP VI+G,CV0,3,2,MOH1.2020,463,0.186391307223266,4.70388194732118
TNP,VI+genomic,DAP,TNP VI+G,CV0,4,2,MOH1.2020,454,0.145470282421137,3.53021348987936
TNP,VI+genomic,DAP,TNP VI+G,CV0,5,2,MOH1.2020,457,0.134999694490335,4.79163076324151
TNP,VI+genomic,DAP,TNP VI+G,CV0,1,2,NEH1.2021,186,0.334980247856243,3.20677912024181
TNP,VI+genomic,DAP,TNP VI+G,CV0,2,2,NEH1.2021,186,0.284965697894702,2.88704474616997
TNP,VI+genomic,DAP,TNP VI+G,CV0,3,2,NEH1.2021,187,0.119249169930381,3.59636058282234
TNP,VI+genomic,DAP,TNP VI+G,CV0,4,2,NEH1.2021,183,0.318101326459536,3.591240543308
TNP,VI+genomic,DAP,TNP VI+G,CV0,5,2,NEH1.2021,185,0.149121261493572,3.07113696413087
TNP,VI+genomic,DAP,TNP VI+G,CV0,1,2,TXH1.2020,186,0.583901015345593,1.59843536930477
TNP,VI+genomic,DAP,TNP VI+G,CV0,2,2,TXH1.2020,186,0.396730854729951,1.62964156191155
TNP,VI+genomic,DAP,TNP VI+G,CV0,3,2,TXH1.2020,187,0.726419367331944,1.81098226533172
TNP,VI+genomic,DAP,TNP VI+G,CV0,4,2,TXH1.2020,183,0.680318099068479,2.49364525528197
TNP,VI+genomic,DAP,TNP VI+G,CV0,5,2,TXH1.2020,185,0.251522501324252,1.85498801328743
TNP,VI+genomic,DAP,TNP VI+G,CV0,1,2,TXH1.2021,186,0.198603932150688,1.61692815002758
TNP,VI+genomic,DAP,TNP VI+G,CV0,2,2,TXH1.2021,186,0.204900773318067,1.63877382497899
TNP,VI+genomic,DAP,TNP VI+G,CV0,3,2,TXH1.2021,187,0.205944257327074,1.66700887569472
TNP,VI+genomic,DAP,TNP VI+G,CV0,4,2,TXH1.2021,183,0.0733376198855872,1.63152045785139
TNP,VI+genomic,DAP,TNP VI+G,CV0,5,2,TXH1.2021,185,0.204920210550421,2.21991775313194
TNP,VI+genomic,DAP,TNP VI+G,CV0,1,2,TXH2.2020,186,0.522524437391299,1.54716764873181
TNP,VI+genomic,DAP,TNP VI+G,CV0,2,2,TXH2.2020,186,0.493733079146333,1.95209234156246
TNP,VI+genomic,DAP,TNP VI+G,CV0,3,2,TXH2.2020,187,0.561877747148404,1.2648238589095
TNP,VI+genomic,DAP,TNP VI+G,CV0,4,2,TXH2.2020,183,0.497326613240425,1.28236636472448
TNP,VI+genomic,DAP,TNP VI+G,CV0,5,2,TXH2.2020,185,0.543822269248254,1.51324889241445
TNP,VI+genomic,DAP,TNP VI+G,CV0,1,2,TXH2.2021,186,0.103619639644823,2.18896869862686
TNP,VI+genomic,DAP,TNP VI+G,CV0,2,2,TXH2.2021,186,-0.00802257094988111,1.98320357320743
TNP,VI+genomic,DAP,TNP VI+G,CV0,3,2,TXH2.2021,187,0.0791550209250827,1.87714780123802
TNP,VI+genomic,DAP,TNP VI+G,CV0,4,2,TXH2.2021,183,0.137664787389896,1.66023226536007
TNP,VI+genomic,DAP,TNP VI+G,CV0,5,2,TXH2.2021,185,0.00778609968680254,2.45562307990685
TNP,VI+genomic,DAP,TNP VI+G,CV0,1,2,TXH3.2020,188,-0.0102164962014109,3.63476743128339
TNP,VI+genomic,DAP,TNP VI+G,CV0,2,2,TXH3.2020,189,-0.00811193327027789,3.22251744600136
TNP,VI+genomic,DAP,TNP VI+G,CV0,3,2,TXH3.2020,190,-0.0595216381625318,3.38845414749484
TNP,VI+genomic,DAP,TNP VI+G,CV0,4,2,TXH3.2020,186,0.0232568524087615,3.90758748732889
TNP,VI+genomic,DAP,TNP VI+G,CV0,5,2,TXH3.2020,188,0.0570287663496237,2.99161936786982
TNP,VI+genomic,DAP,TNP VI+G,CV0,1,2,TXH3.2021,186,0.452511583165624,4.38348031942578
TNP,VI+genomic,DAP,TNP VI+G,CV0,2,2,TXH3.2021,186,0.476946143651219,3.54208100079887
TNP,VI+genomic,DAP,TNP VI+G,CV0,3,2,TXH3.2021,187,0.398906052820202,4.14030712355576
TNP,VI+genomic,DAP,TNP VI+G,CV0,4,2,TXH3.2021,183,0.23455165154649,3.78239570428165
TNP,VI+genomic,DAP,TNP VI+G,CV0,5,2,TXH3.2021,185,0.318213935797904,3.96334714250016
TNP,VI+genomic,DAP,TNP VI+G,CV0,1,2,WIH1.2020,184,0.569629191377439,1.85023364161162
TNP,VI+genomic,DAP,TNP VI+G,CV0,2,2,WIH1.2020,184,0.420339359337287,2.23977029223567
TNP,VI+genomic,DAP,TNP VI+G,CV0,3,2,WIH1.2020,185,0.484413770887864,2.18827879964504
TNP,VI+genomic,DAP,TNP VI+G,CV0,4,2,WIH1.2020,181,0.431425356002756,1.81285099378106
TNP,VI+genomic,DAP,TNP VI+G,CV0,5,2,WIH1.2020,183,0.464010956355596,2.34854843241589
TNP,VI+genomic,DAP,TNP VI+G,CV0,1,2,WIH1.2021,186,0.448901804851595,2.62334160862294
TNP,VI+genomic,DAP,TNP VI+G,CV0,2,2,WIH1.2021,186,0.347238019356868,2.15190215367765
TNP,VI+genomic,DAP,TNP VI+G,CV0,3,2,WIH1.2021,187,0.541194081958841,2.31342220345856
TNP,VI+genomic,DAP,TNP VI+G,CV0,4,2,WIH1.2021,183,0.394816734041833,2.0226408400217
TNP,VI+genomic,DAP,TNP VI+G,CV0,5,2,WIH1.2021,185,0.484120247856129,2.02758796569326
TNP,VI+genomic,DAP,TNP VI+G,CV0,1,2,WIH2.2020,520,0.345211635824402,2.82297031509004
TNP,VI+genomic,DAP,TNP VI+G,CV0,2,2,WIH2.2020,520,0.334068548622051,2.72274754017284
TNP,VI+genomic,DAP,TNP VI+G,CV0,3,2,WIH2.2020,519,0.290769005865677,2.71333564514021
TNP,VI+genomic,DAP,TNP VI+G,CV0,4,2,WIH2.2020,521,0.309120142810489,2.71859932123169
TNP,VI+genomic,DAP,TNP VI+G,CV0,5,2,WIH2.2020,522,0.348109736156364,2.81081879923476
TNP,VI+genomic,DAP,TNP VI+G,CV0,1,2,WIH2.2021,524,0.312367922503653,2.3295299112355
TNP,VI+genomic,DAP,TNP VI+G,CV0,2,2,WIH2.2021,521,0.3631964803005,2.57164752252625
TNP,VI+genomic,DAP,TNP VI+G,CV0,3,2,WIH2.2021,522,0.381761544093806,2.32242237097063
TNP,VI+genomic,DAP,TNP VI+G,CV0,4,2,WIH2.2021,523,0.385168813970291,2.21162903688782
TNP,VI+genomic,DAP,TNP VI+G,CV0,5,2,WIH2.2021,522,0.450361654562002,1.97437844288647
TNP,VI+genomic,DAP,TNP VI+G,CV0,1,2,WIH3.2020,186,0.318278424018651,2.32167084021839
TNP,VI+genomic,DAP,TNP VI+G,CV0,2,2,WIH3.2020,187,0.316832296774435,2.32281121181277
TNP,VI+genomic,DAP,TNP VI+G,CV0,3,2,WIH3.2020,188,0.341609855236835,2.39738108962581
TNP,VI+genomic,DAP,TNP VI+G,CV0,4,2,WIH3.2020,184,0.26083585600536,2.40418589984392
TNP,VI+genomic,DAP,TNP VI+G,CV0,5,2,WIH3.2020,186,0.293283930780358,2.42660144821546
TNP,VI+genomic,DAP,TNP VI+G,CV0,1,2,WIH3.2021,186,0.384433374841064,1.82986932837808
TNP,VI+genomic,DAP,TNP VI+G,CV0,2,2,WIH3.2021,186,0.413397302916007,1.93376799712206
TNP,VI+genomic,DAP,TNP VI+G,CV0,3,2,WIH3.2021,187,0.540366810293371,1.89970482865413
TNP,VI+genomic,DAP,TNP VI+G,CV0,4,2,WIH3.2021,183,0.304420800392226,1.8118181742046
TNP,VI+genomic,DAP,TNP VI+G,CV0,5,2,WIH3.2021,185,0.450531900681478,1.56044489225329
TNP,VI+genomic,DAP,TNP VI+G,CV0,1,3,DEH1.2020,520,0.416350353641065,2.59732464154275
TNP,VI+genomic,DAP,TNP VI+G,CV0,2,3,DEH1.2020,522,0.0195632038932439,3.08122241684797
TNP,VI+genomic,DAP,TNP VI+G,CV0,3,3,DEH1.2020,522,0.452110681404776,1.89181654144475
TNP,VI+genomic,DAP,TNP VI+G,CV0,4,3,DEH1.2020,520,0.522484185046593,1.8979538015432
TNP,VI+genomic,DAP,TNP VI+G,CV0,5,3,DEH1.2020,520,0.458389219795646,2.04298883806001
TNP,VI+genomic,DAP,TNP VI+G,CV0,1,3,IAH4.2021,511,0.362559671913866,1.56650129919126
TNP,VI+genomic,DAP,TNP VI+G,CV0,2,3,IAH4.2021,514,0.377208022208317,1.62624023055219
TNP,VI+genomic,DAP,TNP VI+G,CV0,3,3,IAH4.2021,514,0.426656156625171,1.49877198899921
TNP,VI+genomic,DAP,TNP VI+G,CV0,4,3,IAH4.2021,512,0.355609621073907,1.76190768409147
TNP,VI+genomic,DAP,TNP VI+G,CV0,5,3,IAH4.2021,513,0.388598691396231,2.1615180090688
TNP,VI+genomic,DAP,TNP VI+G,CV0,1,3,MIH1.2020,185,0.400015505486122,1.59146744306882
TNP,VI+genomic,DAP,TNP VI+G,CV0,2,3,MIH1.2020,189,0.21034295858067,1.46479759887779
TNP,VI+genomic,DAP,TNP VI+G,CV0,3,3,MIH1.2020,188,0.275954824105132,1.4677449588506
TNP,VI+genomic,DAP,TNP VI+G,CV0,4,3,MIH1.2020,188,0.218050974142452,1.31146948338725
TNP,VI+genomic,DAP,TNP VI+G,CV0,5,3,MIH1.2020,186,0.31571972945132,1.7318033710141
TNP,VI+genomic,DAP,TNP VI+G,CV0,1,3,MNH1.2020,184,0.22676403517611,1.95314700702533
TNP,VI+genomic,DAP,TNP VI+G,CV0,2,3,MNH1.2020,186,0.253101093327165,1.71009850821947
TNP,VI+genomic,DAP,TNP VI+G,CV0,3,3,MNH1.2020,185,0.136941405174383,1.99620492106822
TNP,VI+genomic,DAP,TNP VI+G,CV0,4,3,MNH1.2020,185,0.327271800692504,1.91986528555748
TNP,VI+genomic,DAP,TNP VI+G,CV0,5,3,MNH1.2020,183,0.268358867235435,1.69518852312971
TNP,VI+genomic,DAP,TNP VI+G,CV0,1,3,MNH1.2021,186,0.417132050946683,1.74263848043342
TNP,VI+genomic,DAP,TNP VI+G,CV0,2,3,MNH1.2021,191,0.580472170091597,1.2500528118271
TNP,VI+genomic,DAP,TNP VI+G,CV0,3,3,MNH1.2021,189,0.506106469598307,2.11953355875587
TNP,VI+genomic,DAP,TNP VI+G,CV0,4,3,MNH1.2021,189,0.519630468301415,1.89193079738659
TNP,VI+genomic,DAP,TNP VI+G,CV0,5,3,MNH1.2021,187,0.513317321025104,1.36859861081341
TNP,VI+genomic,DAP,TNP VI+G,CV0,1,3,MOH1.2020,454,0.240190358185349,5.03177225984953
TNP,VI+genomic,DAP,TNP VI+G,CV0,2,3,MOH1.2020,458,0.150219973988138,4.41848019847772
TNP,VI+genomic,DAP,TNP VI+G,CV0,3,3,MOH1.2020,460,0.287372938412563,4.84602921838496
TNP,VI+genomic,DAP,TNP VI+G,CV0,4,3,MOH1.2020,454,0.0926593906120505,3.61289363760382
TNP,VI+genomic,DAP,TNP VI+G,CV0,5,3,MOH1.2020,454,0.129342844051725,4.35416513239917
TNP,VI+genomic,DAP,TNP VI+G,CV0,1,3,NEH1.2021,185,0.3011075656972,3.20720974720207
TNP,VI+genomic,DAP,TNP VI+G,CV0,2,3,NEH1.2021,188,0.3011991982174,3.55554619166194
TNP,VI+genomic,DAP,TNP VI+G,CV0,3,3,NEH1.2021,186,0.233633055336973,3.29399895383882
TNP,VI+genomic,DAP,TNP VI+G,CV0,4,3,NEH1.2021,186,0.303401610895842,3.67326153688203
TNP,VI+genomic,DAP,TNP VI+G,CV0,5,3,NEH1.2021,184,0.127021492607484,3.48635141796919
TNP,VI+genomic,DAP,TNP VI+G,CV0,1,3,TXH1.2020,185,0.315316833829213,1.46968821563096
TNP,VI+genomic,DAP,TNP VI+G,CV0,2,3,TXH1.2020,188,0.577670607584014,1.49447342869071
TNP,VI+genomic,DAP,TNP VI+G,CV0,3,3,TXH1.2020,186,0.665199080699625,2.00677980394393
TNP,VI+genomic,DAP,TNP VI+G,CV0,4,3,TXH1.2020,186,0.676671279862485,1.80537144199459
TNP,VI+genomic,DAP,TNP VI+G,CV0,5,3,TXH1.2020,184,0.640234315977811,1.70138628438314
TNP,VI+genomic,DAP,TNP VI+G,CV0,1,3,TXH1.2021,185,0.261829918951714,1.51998068969704
TNP,VI+genomic,DAP,TNP VI+G,CV0,2,3,TXH1.2021,188,0.189433111541049,1.85751298185532
TNP,VI+genomic,DAP,TNP VI+G,CV0,3,3,TXH1.2021,186,0.245441537796879,1.56839682939747
TNP,VI+genomic,DAP,TNP VI+G,CV0,4,3,TXH1.2021,186,0.227034311677625,1.64407578777638
TNP,VI+genomic,DAP,TNP VI+G,CV0,5,3,TXH1.2021,184,0.22317470092353,1.83700339575965
TNP,VI+genomic,DAP,TNP VI+G,CV0,1,3,TXH2.2020,185,0.484138719162115,1.39785327377386
TNP,VI+genomic,DAP,TNP VI+G,CV0,2,3,TXH2.2020,188,0.530910206389562,1.37442311828412
TNP,VI+genomic,DAP,TNP VI+G,CV0,3,3,TXH2.2020,186,0.483382729818643,1.37992854460099
TNP,VI+genomic,DAP,TNP VI+G,CV0,4,3,TXH2.2020,186,0.488335681446926,1.36204784336779
TNP,VI+genomic,DAP,TNP VI+G,CV0,5,3,TXH2.2020,184,0.53394263318156,1.38936175267862
TNP,VI+genomic,DAP,TNP VI+G,CV0,1,3,TXH2.2021,185,0.0276538685515958,2.11426828842667
TNP,VI+genomic,DAP,TNP VI+G,CV0,2,3,TXH2.2021,188,0.135834951500112,1.80445078371097
TNP,VI+genomic,DAP,TNP VI+G,CV0,3,3,TXH2.2021,186,0.19849741082067,1.86358142758532
TNP,VI+genomic,DAP,TNP VI+G,CV0,4,3,TXH2.2021,186,0.138678027506662,1.9626154613834
TNP,VI+genomic,DAP,TNP VI+G,CV0,5,3,TXH2.2021,184,0.0823155205316956,2.01639557579476
TNP,VI+genomic,DAP,TNP VI+G,CV0,1,3,TXH3.2020,186,0.0213374979811154,3.10751572872853
TNP,VI+genomic,DAP,TNP VI+G,CV0,2,3,TXH3.2020,191,0.0154374224749923,3.22790280421486
TNP,VI+genomic,DAP,TNP VI+G,CV0,3,3,TXH3.2020,189,-0.0885818339623362,2.833724147558
TNP,VI+genomic,DAP,TNP VI+G,CV0,4,3,TXH3.2020,189,-0.036623896585045,4.76472564408982
TNP,VI+genomic,DAP,TNP VI+G,CV0,5,3,TXH3.2020,187,-0.0440095719368082,3.76553837467403
TNP,VI+genomic,DAP,TNP VI+G,CV0,1,3,TXH3.2021,185,0.380068223980495,2.88832817475008
TNP,VI+genomic,DAP,TNP VI+G,CV0,2,3,TXH3.2021,188,0.473733723145434,3.77626354421341
TNP,VI+genomic,DAP,TNP VI+G,CV0,3,3,TXH3.2021,186,0.383107176459272,3.54714056097149
TNP,VI+genomic,DAP,TNP VI+G,CV0,4,3,TXH3.2021,186,0.379532624079846,4.05748152067058
TNP,VI+genomic,DAP,TNP VI+G,CV0,5,3,TXH3.2021,184,0.288997063107805,4.35317592012808
TNP,VI+genomic,DAP,TNP VI+G,CV0,1,3,WIH1.2020,184,0.521648035672472,1.91456569649462
TNP,VI+genomic,DAP,TNP VI+G,CV0,2,3,WIH1.2020,186,0.498500643662912,2.25911762177884
TNP,VI+genomic,DAP,TNP VI+G,CV0,3,3,WIH1.2020,185,0.509866443897224,2.09283309549641
TNP,VI+genomic,DAP,TNP VI+G,CV0,4,3,WIH1.2020,185,0.520216718017529,2.18994020920449
TNP,VI+genomic,DAP,TNP VI+G,CV0,5,3,WIH1.2020,183,0.402321058893214,2.03193312194691
TNP,VI+genomic,DAP,TNP VI+G,CV0,1,3,WIH1.2021,185,0.429234479857284,2.54075015386798
TNP,VI+genomic,DAP,TNP VI+G,CV0,2,3,WIH1.2021,188,0.319890636081153,2.3236880612806
TNP,VI+genomic,DAP,TNP VI+G,CV0,3,3,WIH1.2021,186,0.455173692026666,2.24337518694175
TNP,VI+genomic,DAP,TNP VI+G,CV0,4,3,WIH1.2021,186,0.344440465611956,2.48521617882569
TNP,VI+genomic,DAP,TNP VI+G,CV0,5,3,WIH1.2021,184,0.379820725199928,2.25762938351258
TNP,VI+genomic,DAP,TNP VI+G,CV0,1,3,WIH2.2020,519,0.353309203362406,2.88454941349929
TNP,VI+genomic,DAP,TNP VI+G,CV0,2,3,WIH2.2020,520,0.226857046328135,2.80623084710525
TNP,VI+genomic,DAP,TNP VI+G,CV0,3,3,WIH2.2020,519,0.325243123454171,2.91379970583138
TNP,VI+genomic,DAP,TNP VI+G,CV0,4,3,WIH2.2020,519,0.355027934131296,2.69648385552602
TNP,VI+genomic,DAP,TNP VI+G,CV0,5,3,WIH2.2020,520,0.248716450656717,2.7176594110185
TNP,VI+genomic,DAP,TNP VI+G,CV0,1,3,WIH2.2021,517,0.396686009627583,2.33361841760582
TNP,VI+genomic,DAP,TNP VI+G,CV0,2,3,WIH2.2021,522,0.444460592404061,2.19965803975747
TNP,VI+genomic,DAP,TNP VI+G,CV0,3,3,WIH2.2021,522,0.23456058482179,2.52770709371367
TNP,VI+genomic,DAP,TNP VI+G,CV0,4,3,WIH2.2021,522,0.31657430631219,2.43735517874673
TNP,VI+genomic,DAP,TNP VI+G,CV0,5,3,WIH2.2021,521,0.39787239178354,2.0463870274217
TNP,VI+genomic,DAP,TNP VI+G,CV0,1,3,WIH3.2020,185,0.276351370402072,2.33256317357031
TNP,VI+genomic,DAP,TNP VI+G,CV0,2,3,WIH3.2020,189,0.273008496308158,2.47641014343477
TNP,VI+genomic,DAP,TNP VI+G,CV0,3,3,WIH3.2020,188,0.27151010168881,2.45031330073965
TNP,VI+genomic,DAP,TNP VI+G,CV0,4,3,WIH3.2020,188,0.299211960110494,2.39161889654982
TNP,VI+genomic,DAP,TNP VI+G,CV0,5,3,WIH3.2020,186,0.3312072000807,2.36584000319066
TNP,VI+genomic,DAP,TNP VI+G,CV0,1,3,WIH3.2021,185,0.431040682868886,1.6616275387856
TNP,VI+genomic,DAP,TNP VI+G,CV0,2,3,WIH3.2021,188,0.50386224304019,1.6589953199856
TNP,VI+genomic,DAP,TNP VI+G,CV0,3,3,WIH3.2021,186,0.453488110751159,1.85077400415586
TNP,VI+genomic,DAP,TNP VI+G,CV0,4,3,WIH3.2021,186,0.402579787668148,1.68668650116371
TNP,VI+genomic,DAP,TNP VI+G,CV0,5,3,WIH3.2021,184,0.535426294366717,1.72723281086025
TNP,VI+genomic,DAP,TNP VI+G,CV0,1,4,DEH1.2020,522,0.247080170382396,2.5814361010246
TNP,VI+genomic,DAP,TNP VI+G,CV0,2,4,DEH1.2020,522,0.510497761382052,2.05265873643784
TNP,VI+genomic,DAP,TNP VI+G,CV0,3,4,DEH1.2020,521,0.269651399858953,1.94683197830072
TNP,VI+genomic,DAP,TNP VI+G,CV0,4,4,DEH1.2020,524,0.530893484331002,1.89317154692628
TNP,VI+genomic,DAP,TNP VI+G,CV0,5,4,DEH1.2020,522,0.304098943270784,2.58842665609317
TNP,VI+genomic,DAP,TNP VI+G,CV0,1,4,IAH4.2021,515,0.377405884250969,1.52536481099452
TNP,VI+genomic,DAP,TNP VI+G,CV0,2,4,IAH4.2021,514,0.349391215562107,1.61558469179332
TNP,VI+genomic,DAP,TNP VI+G,CV0,3,4,IAH4.2021,512,0.446292796161921,1.6157909889588
TNP,VI+genomic,DAP,TNP VI+G,CV0,4,4,IAH4.2021,516,0.279049114908911,3.43267665463127
TNP,VI+genomic,DAP,TNP VI+G,CV0,5,4,IAH4.2021,516,0.430058606759537,2.04065748612119
TNP,VI+genomic,DAP,TNP VI+G,CV0,1,4,MIH1.2020,187,0.424270888138013,1.49191197688946
TNP,VI+genomic,DAP,TNP VI+G,CV0,2,4,MIH1.2020,188,0.251187283053562,1.53517118165093
TNP,VI+genomic,DAP,TNP VI+G,CV0,3,4,MIH1.2020,185,0.298288223416728,1.47790759883911
TNP,VI+genomic,DAP,TNP VI+G,CV0,4,4,MIH1.2020,188,0.229969481359147,1.31145391309499
TNP,VI+genomic,DAP,TNP VI+G,CV0,5,4,MIH1.2020,188,0.310936377884811,1.53993925687558
TNP,VI+genomic,DAP,TNP VI+G,CV0,1,4,MNH1.2020,184,0.237634959151526,2.61145370030591
TNP,VI+genomic,DAP,TNP VI+G,CV0,2,4,MNH1.2020,185,0.18452591910607,1.91663964157876
TNP,VI+genomic,DAP,TNP VI+G,CV0,3,4,MNH1.2020,184,0.217756480468235,1.79488139286679
TNP,VI+genomic,DAP,TNP VI+G,CV0,4,4,MNH1.2020,186,0.301870603719953,1.70412179080147
TNP,VI+genomic,DAP,TNP VI+G,CV0,5,4,MNH1.2020,186,0.29581130169463,1.66716725118335
TNP,VI+genomic,DAP,TNP VI+G,CV0,1,4,MNH1.2021,189,0.566173010378203,1.32048921497508
TNP,VI+genomic,DAP,TNP VI+G,CV0,2,4,MNH1.2021,189,0.58546026294243,1.29789889036442
TNP,VI+genomic,DAP,TNP VI+G,CV0,3,4,MNH1.2021,186,0.428443954235415,2.30092393236619
TNP,VI+genomic,DAP,TNP VI+G,CV0,4,4,MNH1.2021,190,0.501691578254247,2.59359170357414
TNP,VI+genomic,DAP,TNP VI+G,CV0,5,4,MNH1.2021,190,0.45754621025296,1.85343874289816
TNP,VI+genomic,DAP,TNP VI+G,CV0,1,4,MOH1.2020,455,0.188562255703729,4.86583838238894
TNP,VI+genomic,DAP,TNP VI+G,CV0,2,4,MOH1.2020,463,0.355679781120223,3.76245349611581
TNP,VI+genomic,DAP,TNP VI+G,CV0,3,4,MOH1.2020,455,0.124838441423087,4.36142291891783
TNP,VI+genomic,DAP,TNP VI+G,CV0,4,4,MOH1.2020,466,0.0620140534553917,3.51941754698313
TNP,VI+genomic,DAP,TNP VI+G,CV0,5,4,MOH1.2020,460,0.11553390652759,4.75397701050815
TNP,VI+genomic,DAP,TNP VI+G,CV0,1,4,NEH1.2021,186,0.225646519853326,3.19674144107452
TNP,VI+genomic,DAP,TNP VI+G,CV0,2,4,NEH1.2021,186,0.405986507267069,3.28773467932292
TNP,VI+genomic,DAP,TNP VI+G,CV0,3,4,NEH1.2021,185,0.326399792826107,3.1499928895691
TNP,VI+genomic,DAP,TNP VI+G,CV0,4,4,NEH1.2021,188,0.0901916818295278,3.44879020844128
TNP,VI+genomic,DAP,TNP VI+G,CV0,5,4,NEH1.2021,188,0.248181759399904,3.22805332485088
TNP,VI+genomic,DAP,TNP VI+G,CV0,1,4,TXH1.2020,186,0.386242665633352,1.74024159447957
TNP,VI+genomic,DAP,TNP VI+G,CV0,2,4,TXH1.2020,186,0.674773279848326,1.67488854187493
TNP,VI+genomic,DAP,TNP VI+G,CV0,3,4,TXH1.2020,185,0.589584591639191,2.46760591659106
TNP,VI+genomic,DAP,TNP VI+G,CV0,4,4,TXH1.2020,188,0.665121941518884,2.43041072585648
TNP,VI+genomic,DAP,TNP VI+G,CV0,5,4,TXH1.2020,188,0.399315739481985,2.41250873784079
TNP,VI+genomic,DAP,TNP VI+G,CV0,1,4,TXH1.2021,186,0.179262847537857,1.64955751940767
TNP,VI+genomic,DAP,TNP VI+G,CV0,2,4,TXH1.2021,186,0.183723197233764,1.8012600958666
TNP,VI+genomic,DAP,TNP VI+G,CV0,3,4,TXH1.2021,185,0.132366597200505,1.64587413342433
TNP,VI+genomic,DAP,TNP VI+G,CV0,4,4,TXH1.2021,188,0.23949425258631,1.63419695890009
TNP,VI+genomic,DAP,TNP VI+G,CV0,5,4,TXH1.2021,188,0.241779867427844,1.66921285686707
TNP,VI+genomic,DAP,TNP VI+G,CV0,1,4,TXH2.2020,186,0.32332018635257,1.37272794512331
TNP,VI+genomic,DAP,TNP VI+G,CV0,2,4,TXH2.2020,186,0.502553981142661,1.76541405519297
TNP,VI+genomic,DAP,TNP VI+G,CV0,3,4,TXH2.2020,185,0.513765734103329,1.50116265510695
TNP,VI+genomic,DAP,TNP VI+G,CV0,4,4,TXH2.2020,188,0.499666604263503,1.32246503324864
TNP,VI+genomic,DAP,TNP VI+G,CV0,5,4,TXH2.2020,188,0.495673517577403,1.6356106001393
TNP,VI+genomic,DAP,TNP VI+G,CV0,1,4,TXH2.2021,186,0.0117098086936912,2.08435046039522
TNP,VI+genomic,DAP,TNP VI+G,CV0,2,4,TXH2.2021,186,0.140863455612013,2.24315649034509
TNP,VI+genomic,DAP,TNP VI+G,CV0,3,4,TXH2.2021,185,0.152052330905887,1.81265122979773
TNP,VI+genomic,DAP,TNP VI+G,CV0,4,4,TXH2.2021,188,0.0788934117127449,2.04547163485628
TNP,VI+genomic,DAP,TNP VI+G,CV0,5,4,TXH2.2021,188,0.0284303527559741,1.95930326634205
TNP,VI+genomic,DAP,TNP VI+G,CV0,1,4,TXH3.2020,189,0.0616548699625584,2.36360452349437
TNP,VI+genomic,DAP,TNP VI+G,CV0,2,4,TXH3.2020,189,0.0188340139296656,3.19792239825043
TNP,VI+genomic,DAP,TNP VI+G,CV0,3,4,TXH3.2020,186,0.0327334009805886,3.50159027365165
TNP,VI+genomic,DAP,TNP VI+G,CV0,4,4,TXH3.2020,190,-0.0239043536623036,3.20467374788662
TNP,VI+genomic,DAP,TNP VI+G,CV0,5,4,TXH3.2020,190,0.00897222727665601,3.18666672973913
TNP,VI+genomic,DAP,TNP VI+G,CV0,1,4,TXH3.2021,186,0.460731085633884,3.99370884745997
TNP,VI+genomic,DAP,TNP VI+G,CV0,2,4,TXH3.2021,186,0.501898059152858,3.34927942327828
TNP,VI+genomic,DAP,TNP VI+G,CV0,3,4,TXH3.2021,185,0.338867485578368,4.08126704800965
TNP,VI+genomic,DAP,TNP VI+G,CV0,4,4,TXH3.2021,188,0.413493868229674,3.91448542709493
TNP,VI+genomic,DAP,TNP VI+G,CV0,5,4,TXH3.2021,188,0.415107209879658,3.73161458511833
TNP,VI+genomic,DAP,TNP VI+G,CV0,1,4,WIH1.2020,184,0.565616634300204,1.83835424024836
TNP,VI+genomic,DAP,TNP VI+G,CV0,2,4,WIH1.2020,185,0.478434796088914,2.17013118094401
TNP,VI+genomic,DAP,TNP VI+G,CV0,3,4,WIH1.2020,184,0.556084511515623,1.89530807988877
TNP,VI+genomic,DAP,TNP VI+G,CV0,4,4,WIH1.2020,186,0.621099548847819,2.04534333542409
TNP,VI+genomic,DAP,TNP VI+G,CV0,5,4,WIH1.2020,186,0.526904525045596,2.06283273987387
TNP,VI+genomic,DAP,TNP VI+G,CV0,1,4,WIH1.2021,186,0.432697752640761,2.67211583428511
TNP,VI+genomic,DAP,TNP VI+G,CV0,2,4,WIH1.2021,186,0.464604280915529,2.3332519921979
TNP,VI+genomic,DAP,TNP VI+G,CV0,3,4,WIH1.2021,185,0.448422520633067,2.04297922788513
TNP,VI+genomic,DAP,TNP VI+G,CV0,4,4,WIH1.2021,188,0.351616925258755,2.03422928593542
TNP,VI+genomic,DAP,TNP VI+G,CV0,5,4,WIH1.2021,188,0.422011579634972,2.0701936155882
TNP,VI+genomic,DAP,TNP VI+G,CV0,1,4,WIH2.2020,523,0.338825651323939,2.84974201150015
TNP,VI+genomic,DAP,TNP VI+G,CV0,2,4,WIH2.2020,520,0.341167819103173,2.73834651951746
TNP,VI+genomic,DAP,TNP VI+G,CV0,3,4,WIH2.2020,521,0.330668397886192,2.653912136578
TNP,VI+genomic,DAP,TNP VI+G,CV0,4,4,WIH2.2020,523,0.366413566791756,2.85541740877894
TNP,VI+genomic,DAP,TNP VI+G,CV0,5,4,WIH2.2020,520,0.316515146610099,2.65536147968653
TNP,VI+genomic,DAP,TNP VI+G,CV0,1,4,WIH2.2021,524,0.290996849093655,2.90229980829437
TNP,VI+genomic,DAP,TNP VI+G,CV0,2,4,WIH2.2021,525,0.36242030927507,2.3151712039254
TNP,VI+genomic,DAP,TNP VI+G,CV0,3,4,WIH2.2021,522,0.404295486300892,2.40047212638107
TNP,VI+genomic,DAP,TNP VI+G,CV0,4,4,WIH2.2021,525,0.31924665485421,2.19411073521789
TNP,VI+genomic,DAP,TNP VI+G,CV0,5,4,WIH2.2021,524,0.428978426692773,2.37969580536749
TNP,VI+genomic,DAP,TNP VI+G,CV0,1,4,WIH3.2020,187,0.273787862386428,2.40845785991206
TNP,VI+genomic,DAP,TNP VI+G,CV0,2,4,WIH3.2020,188,0.34892923187679,2.35271512651029
TNP,VI+genomic,DAP,TNP VI+G,CV0,3,4,WIH3.2020,185,0.279473504107404,2.35158777742177
TNP,VI+genomic,DAP,TNP VI+G,CV0,4,4,WIH3.2020,188,0.380746811471955,2.33013183268221
TNP,VI+genomic,DAP,TNP VI+G,CV0,5,4,WIH3.2020,188,0.2835484055802,2.35253767895682
TNP,VI+genomic,DAP,TNP VI+G,CV0,1,4,WIH3.2021,186,0.398924789236963,1.80759755731941
TNP,VI+genomic,DAP,TNP VI+G,CV0,2,4,WIH3.2021,186,0.509585171104528,1.50474709074597
TNP,VI+genomic,DAP,TNP VI+G,CV0,3,4,WIH3.2021,185,0.484265261077615,1.92387759069685
TNP,VI+genomic,DAP,TNP VI+G,CV0,4,4,WIH3.2021,188,0.435502329891336,1.59044198212009
TNP,VI+genomic,DAP,TNP VI+G,CV0,5,4,WIH3.2021,188,0.509718629736498,1.6654881623942
TNP,VI+genomic,DAP,TNP VI+G,CV0,1,5,DEH1.2020,531,0.283620038648638,2.62638968190009
TNP,VI+genomic,DAP,TNP VI+G,CV0,2,5,DEH1.2020,529,0.439200478551742,2.47438728927767
TNP,VI+genomic,DAP,TNP VI+G,CV0,3,5,DEH1.2020,531,0.57630440438725,1.85593870587053
TNP,VI+genomic,DAP,TNP VI+G,CV0,4,5,DEH1.2020,532,0.666391760533128,1.71183380352286
TNP,VI+genomic,DAP,TNP VI+G,CV0,5,5,DEH1.2020,533,0.483169360523682,2.58118300278872
TNP,VI+genomic,DAP,TNP VI+G,CV0,1,5,IAH4.2021,521,0.448940601118703,1.48893959894534
TNP,VI+genomic,DAP,TNP VI+G,CV0,2,5,IAH4.2021,521,0.340956757558186,1.52222447644954
TNP,VI+genomic,DAP,TNP VI+G,CV0,3,5,IAH4.2021,524,0.467443829832201,1.74738649115493
TNP,VI+genomic,DAP,TNP VI+G,CV0,4,5,IAH4.2021,524,0.290014351265349,2.00544320804232
TNP,VI+genomic,DAP,TNP VI+G,CV0,5,5,IAH4.2021,522,0.277576236796933,1.63594835042568
TNP,VI+genomic,DAP,TNP VI+G,CV0,1,5,MIH1.2020,190,0.442198492311834,1.85138887023594
TNP,VI+genomic,DAP,TNP VI+G,CV0,2,5,MIH1.2020,183,0.222927384285163,1.50153348545875
TNP,VI+genomic,DAP,TNP VI+G,CV0,3,5,MIH1.2020,188,0.366178097991083,1.41817519153692
TNP,VI+genomic,DAP,TNP VI+G,CV0,4,5,MIH1.2020,191,0.302449195142993,1.45674815195361
TNP,VI+genomic,DAP,TNP VI+G,CV0,5,5,MIH1.2020,187,0.29284845820098,1.40321346095502
TNP,VI+genomic,DAP,TNP VI+G,CV0,1,5,MNH1.2020,187,0.319762346709605,2.04206751724489
TNP,VI+genomic,DAP,TNP VI+G,CV0,2,5,MNH1.2020,183,0.367980744756334,1.56279029000893
TNP,VI+genomic,DAP,TNP VI+G,CV0,3,5,MNH1.2020,186,0.225052650868769,1.77488122362695
TNP,VI+genomic,DAP,TNP VI+G,CV0,4,5,MNH1.2020,188,0.34490515688589,1.65834571348401
TNP,VI+genomic,DAP,TNP VI+G,CV0,5,5,MNH1.2020,186,0.344011571468741,1.66475832730132
TNP,VI+genomic,DAP,TNP VI+G,CV0,1,5,MNH1.2021,192,0.598337165260907,1.44886186783812
TNP,VI+genomic,DAP,TNP VI+G,CV0,2,5,MNH1.2021,184,0.437860108650728,1.74210862879212
TNP,VI+genomic,DAP,TNP VI+G,CV0,3,5,MNH1.2021,190,0.413712991406849,2.40869633531818
TNP,VI+genomic,DAP,TNP VI+G,CV0,4,5,MNH1.2021,193,0.528941132238692,1.51950438760082
TNP,VI+genomic,DAP,TNP VI+G,CV0,5,5,MNH1.2021,188,0.462498923968566,2.09289789635097
TNP,VI+genomic,DAP,TNP VI+G,CV0,1,5,MOH1.2020,471,0.301720373825281,4.34223403910579
TNP,VI+genomic,DAP,TNP VI+G,CV0,2,5,MOH1.2020,464,0.234161792193733,4.08176398966616
TNP,VI+genomic,DAP,TNP VI+G,CV0,3,5,MOH1.2020,466,0.13720967528337,4.58743204502163
TNP,VI+genomic,DAP,TNP VI+G,CV0,4,5,MOH1.2020,468,0.112150100565157,3.76490427259033
TNP,VI+genomic,DAP,TNP VI+G,CV0,5,5,MOH1.2020,468,0.131771251771094,4.00741221691767
TNP,VI+genomic,DAP,TNP VI+G,CV0,1,5,NEH1.2021,189,0.242137025775477,3.09415910613752
TNP,VI+genomic,DAP,TNP VI+G,CV0,2,5,NEH1.2021,184,0.363173706767835,3.13876952328545
TNP,VI+genomic,DAP,TNP VI+G,CV0,3,5,NEH1.2021,188,0.178822070247625,3.19043767862978
TNP,VI+genomic,DAP,TNP VI+G,CV0,4,5,NEH1.2021,190,0.197729864075935,3.40226354653115
TNP,VI+genomic,DAP,TNP VI+G,CV0,5,5,NEH1.2021,187,0.145280793889834,3.0540827768983
TNP,VI+genomic,DAP,TNP VI+G,CV0,1,5,TXH1.2020,189,0.679451763084204,1.51763170845695
TNP,VI+genomic,DAP,TNP VI+G,CV0,2,5,TXH1.2020,184,0.502370095937,1.49060227548219
TNP,VI+genomic,DAP,TNP VI+G,CV0,3,5,TXH1.2020,188,0.613143593512544,1.86216907446635
TNP,VI+genomic,DAP,TNP VI+G,CV0,4,5,TXH1.2020,190,0.656454654265156,2.18114238346077
TNP,VI+genomic,DAP,TNP VI+G,CV0,5,5,TXH1.2020,187,0.287750372137555,1.98172777355452
TNP,VI+genomic,DAP,TNP VI+G,CV0,1,5,TXH1.2021,189,0.225030848043917,1.61107151799889
TNP,VI+genomic,DAP,TNP VI+G,CV0,2,5,TXH1.2021,184,0.278281350830882,1.825092032422
TNP,VI+genomic,DAP,TNP VI+G,CV0,3,5,TXH1.2021,188,0.167874183242034,1.7101735534686
TNP,VI+genomic,DAP,TNP VI+G,CV0,4,5,TXH1.2021,190,0.207121996689786,1.69187667346674
TNP,VI+genomic,DAP,TNP VI+G,CV0,5,5,TXH1.2021,187,0.115290516999272,1.79610331957445
TNP,VI+genomic,DAP,TNP VI+G,CV0,1,5,TXH2.2020,189,0.420961657472242,1.42175642681281
TNP,VI+genomic,DAP,TNP VI+G,CV0,2,5,TXH2.2020,184,0.457733752770363,1.60259265094009
TNP,VI+genomic,DAP,TNP VI+G,CV0,3,5,TXH2.2020,188,0.499520813124856,1.34196026028062
TNP,VI+genomic,DAP,TNP VI+G,CV0,4,5,TXH2.2020,190,0.574859168046119,1.33821502628846
TNP,VI+genomic,DAP,TNP VI+G,CV0,5,5,TXH2.2020,187,0.386419506679761,1.57628509693229
TNP,VI+genomic,DAP,TNP VI+G,CV0,1,5,TXH2.2021,189,-0.0189424277181311,1.93912770374181
TNP,VI+genomic,DAP,TNP VI+G,CV0,2,5,TXH2.2021,184,0.13621243786599,2.04314148813858
TNP,VI+genomic,DAP,TNP VI+G,CV0,3,5,TXH2.2021,188,0.22915074656121,1.66068394635852
TNP,VI+genomic,DAP,TNP VI+G,CV0,4,5,TXH2.2021,190,0.088741153471823,1.93679642823297
TNP,VI+genomic,DAP,TNP VI+G,CV0,5,5,TXH2.2021,187,0.0150770501273147,1.91956841691025
TNP,VI+genomic,DAP,TNP VI+G,CV0,1,5,TXH3.2020,192,-0.0347265396240729,3.29447065906805
TNP,VI+genomic,DAP,TNP VI+G,CV0,2,5,TXH3.2020,184,-0.00517132889467095,3.14845838609342
TNP,VI+genomic,DAP,TNP VI+G,CV0,3,5,TXH3.2020,190,8.41913916502027e-05,2.49784803270452
TNP,VI+genomic,DAP,TNP VI+G,CV0,4,5,TXH3.2020,193,-0.0410453786685135,3.93870265225117
TNP,VI+genomic,DAP,TNP VI+G,CV0,5,5,TXH3.2020,188,0.0739796586703408,2.66379331492838
TNP,VI+genomic,DAP,TNP VI+G,CV0,1,5,TXH3.2021,189,0.465255439593621,3.96332747986557
TNP,VI+genomic,DAP,TNP VI+G,CV0,2,5,TXH3.2021,184,0.44175967994059,3.08823677948024
TNP,VI+genomic,DAP,TNP VI+G,CV0,3,5,TXH3.2021,188,0.380941129499773,3.81743452737576
TNP,VI+genomic,DAP,TNP VI+G,CV0,4,5,TXH3.2021,190,0.474265021957869,3.65322886855657
TNP,VI+genomic,DAP,TNP VI+G,CV0,5,5,TXH3.2021,187,0.375646073965107,3.11513125816503
TNP,VI+genomic,DAP,TNP VI+G,CV0,1,5,WIH1.2020,187,0.577394410249319,2.10003488972159
TNP,VI+genomic,DAP,TNP VI+G,CV0,2,5,WIH1.2020,183,0.392105260190511,2.36476123842451
TNP,VI+genomic,DAP,TNP VI+G,CV0,3,5,WIH1.2020,186,0.495676358398553,2.08373007725866
TNP,VI+genomic,DAP,TNP VI+G,CV0,4,5,WIH1.2020,188,0.470766777441925,2.24734580070828
TNP,VI+genomic,DAP,TNP VI+G,CV0,5,5,WIH1.2020,186,0.502076204982829,1.75563775571976
TNP,VI+genomic,DAP,TNP VI+G,CV0,1,5,WIH1.2021,189,0.425747224340187,2.69685501491657
TNP,VI+genomic,DAP,TNP VI+G,CV0,2,5,WIH1.2021,184,0.390171113290954,2.24267602772818
TNP,VI+genomic,DAP,TNP VI+G,CV0,3,5,WIH1.2021,188,0.525118407690231,2.03139032861489
TNP,VI+genomic,DAP,TNP VI+G,CV0,4,5,WIH1.2021,190,0.315802751016537,2.20011301506737
TNP,VI+genomic,DAP,TNP VI+G,CV0,5,5,WIH1.2021,187,0.320322781004355,1.88447201434275
TNP,VI+genomic,DAP,TNP VI+G,CV0,1,5,WIH2.2020,529,0.340666229158702,2.72004418906316
TNP,VI+genomic,DAP,TNP VI+G,CV0,2,5,WIH2.2020,528,0.3167590958307,2.68101571544431
TNP,VI+genomic,DAP,TNP VI+G,CV0,3,5,WIH2.2020,529,0.324326750118557,2.96623597061156
TNP,VI+genomic,DAP,TNP VI+G,CV0,4,5,WIH2.2020,530,0.381664846901153,2.92060317872821
TNP,VI+genomic,DAP,TNP VI+G,CV0,5,5,WIH2.2020,530,0.310632498114929,2.71037888249928
TNP,VI+genomic,DAP,TNP VI+G,CV0,1,5,WIH2.2021,532,0.386082220844057,2.37425754405815
TNP,VI+genomic,DAP,TNP VI+G,CV0,2,5,WIH2.2021,528,0.304721318672282,2.27489572819336
TNP,VI+genomic,DAP,TNP VI+G,CV0,3,5,WIH2.2021,529,0.358912588653215,2.16811664322604
TNP,VI+genomic,DAP,TNP VI+G,CV0,4,5,WIH2.2021,531,0.350067465487062,2.2282610852402
TNP,VI+genomic,DAP,TNP VI+G,CV0,5,5,WIH2.2021,530,0.421286612285378,2.1006930226495
TNP,VI+genomic,DAP,TNP VI+G,CV0,1,5,WIH3.2020,190,0.335202874032693,2.40607664201659
TNP,VI+genomic,DAP,TNP VI+G,CV0,2,5,WIH3.2020,183,0.230956480154494,2.41408226057928
TNP,VI+genomic,DAP,TNP VI+G,CV0,3,5,WIH3.2020,188,0.22765668065249,2.39115110484238
TNP,VI+genomic,DAP,TNP VI+G,CV0,4,5,WIH3.2020,191,0.311016271024442,2.43728646217862
TNP,VI+genomic,DAP,TNP VI+G,CV0,5,5,WIH3.2020,187,0.299390877338996,2.32209822601642
TNP,VI+genomic,DAP,TNP VI+G,CV0,1,5,WIH3.2021,189,0.483395895253549,1.54323936653554
TNP,VI+genomic,DAP,TNP VI+G,CV0,2,5,WIH3.2021,184,0.358308868625506,1.64259953859594
TNP,VI+genomic,DAP,TNP VI+G,CV0,3,5,WIH3.2021,188,0.470986487821266,1.696232632636
TNP,VI+genomic,DAP,TNP VI+G,CV0,4,5,WIH3.2021,190,0.460122517949575,1.63617710258257
TNP,VI+genomic,DAP,TNP VI+G,CV0,5,5,WIH3.2021,187,0.451211184740609,2.18391876409571
TNP,VI+genomic,DAP,TNP VI+G,CV00,1,1,DEH1.2020,131,0.641003205889808,2.79415968572333
TNP,VI+genomic,DAP,TNP VI+G,CV00,2,1,DEH1.2020,129,0.413748649320744,2.16799942812905
TNP,VI+genomic,DAP,TNP VI+G,CV00,3,1,DEH1.2020,130,0.611379825144448,1.85632265820088
TNP,VI+genomic,DAP,TNP VI+G,CV00,4,1,DEH1.2020,134,0.473906360809048,2.19500304835766
TNP,VI+genomic,DAP,TNP VI+G,CV00,5,1,DEH1.2020,132,0.255726285665018,2.71884090285286
TNP,VI+genomic,DAP,TNP VI+G,CV00,1,1,IAH4.2021,131,0.441090943051141,1.439388635284
TNP,VI+genomic,DAP,TNP VI+G,CV00,2,1,IAH4.2021,127,0.320419173276836,1.79094746492497
TNP,VI+genomic,DAP,TNP VI+G,CV00,3,1,IAH4.2021,129,0.548935040922416,2.00429274587467
TNP,VI+genomic,DAP,TNP VI+G,CV00,4,1,IAH4.2021,132,0.180986002739357,2.22423673864758
TNP,VI+genomic,DAP,TNP VI+G,CV00,5,1,IAH4.2021,130,0.272238340738939,2.4295695651013
TNP,VI+genomic,DAP,TNP VI+G,CV00,1,1,MIH1.2020,46,0.192838310043824,1.62495814925189
TNP,VI+genomic,DAP,TNP VI+G,CV00,2,1,MIH1.2020,45,0.398829848591505,1.17920224685708
TNP,VI+genomic,DAP,TNP VI+G,CV00,3,1,MIH1.2020,47,0.18581755574667,1.81050367505811
TNP,VI+genomic,DAP,TNP VI+G,CV00,4,1,MIH1.2020,49,0.136098773854117,1.34872990177548
TNP,VI+genomic,DAP,TNP VI+G,CV00,5,1,MIH1.2020,45,0.173626371728858,2.10622960586003
TNP,VI+genomic,DAP,TNP VI+G,CV00,1,1,MNH1.2020,46,0.238323138648662,1.45062337653728
TNP,VI+genomic,DAP,TNP VI+G,CV00,2,1,MNH1.2020,45,0.131954303071828,1.7871550108397
TNP,VI+genomic,DAP,TNP VI+G,CV00,3,1,MNH1.2020,47,0.114785742469143,1.68531029487552
TNP,VI+genomic,DAP,TNP VI+G,CV00,4,1,MNH1.2020,47,0.577229873329174,1.3455498914316
TNP,VI+genomic,DAP,TNP VI+G,CV00,5,1,MNH1.2020,45,0.229298991467867,1.40379465138989
TNP,VI+genomic,DAP,TNP VI+G,CV00,1,1,MNH1.2021,47,-0.0255874503261028,1.99636366690583
TNP,VI+genomic,DAP,TNP VI+G,CV00,2,1,MNH1.2021,45,0.562138008772336,1.28573994033118
TNP,VI+genomic,DAP,TNP VI+G,CV00,3,1,MNH1.2021,47,0.383789361083717,2.11374402727444
TNP,VI+genomic,DAP,TNP VI+G,CV00,4,1,MNH1.2021,50,0.387997577954638,2.67373074666719
TNP,VI+genomic,DAP,TNP VI+G,CV00,5,1,MNH1.2021,45,0.399713140314784,2.71934092260957
TNP,VI+genomic,DAP,TNP VI+G,CV00,1,1,MOH1.2020,113,0.25353988195422,4.86388238234227
TNP,VI+genomic,DAP,TNP VI+G,CV00,2,1,MOH1.2020,116,0.141080268357396,3.79185341477505
TNP,VI+genomic,DAP,TNP VI+G,CV00,3,1,MOH1.2020,119,0.154818965380119,4.49057166838173
TNP,VI+genomic,DAP,TNP VI+G,CV00,4,1,MOH1.2020,117,0.0881357392123447,3.90470504106877
TNP,VI+genomic,DAP,TNP VI+G,CV00,5,1,MOH1.2020,114,0.147614955411578,4.49176485779015
TNP,VI+genomic,DAP,TNP VI+G,CV00,1,1,NEH1.2021,47,0.503683810110488,3.44287619992339
TNP,VI+genomic,DAP,TNP VI+G,CV00,2,1,NEH1.2021,45,0.251969967421031,2.84659669813026
TNP,VI+genomic,DAP,TNP VI+G,CV00,3,1,NEH1.2021,47,0.0185928734756141,3.493732302232
TNP,VI+genomic,DAP,TNP VI+G,CV00,4,1,NEH1.2021,48,0.000841539988320414,3.6979775301201
TNP,VI+genomic,DAP,TNP VI+G,CV00,5,1,NEH1.2021,45,0.27919513998025,2.79454638108881
TNP,VI+genomic,DAP,TNP VI+G,CV00,1,1,TXH1.2020,47,0.51699199994154,1.51069899049174
TNP,VI+genomic,DAP,TNP VI+G,CV00,2,1,TXH1.2020,45,0.659520295593596,1.74564321834074
TNP,VI+genomic,DAP,TNP VI+G,CV00,3,1,TXH1.2020,47,0.624044411182403,1.81288483856486
TNP,VI+genomic,DAP,TNP VI+G,CV00,4,1,TXH1.2020,48,0.757176387152207,2.47840520468045
TNP,VI+genomic,DAP,TNP VI+G,CV00,5,1,TXH1.2020,45,0.0870102138704597,2.43527764949127
TNP,VI+genomic,DAP,TNP VI+G,CV00,1,1,TXH1.2021,47,0.174583960990754,1.49391557729386
TNP,VI+genomic,DAP,TNP VI+G,CV00,2,1,TXH1.2021,45,-0.0226330639031915,1.90997703138101
TNP,VI+genomic,DAP,TNP VI+G,CV00,3,1,TXH1.2021,47,0.148799440763974,1.76060394041836
TNP,VI+genomic,DAP,TNP VI+G,CV00,4,1,TXH1.2021,48,0.225768788374141,1.77777918515237
TNP,VI+genomic,DAP,TNP VI+G,CV00,5,1,TXH1.2021,45,0.0790504010540641,1.81630639833541
TNP,VI+genomic,DAP,TNP VI+G,CV00,1,1,TXH2.2020,47,0.0751356129447496,1.38829625063639
TNP,VI+genomic,DAP,TNP VI+G,CV00,2,1,TXH2.2020,45,0.471185419331794,1.82927594157045
TNP,VI+genomic,DAP,TNP VI+G,CV00,3,1,TXH2.2020,47,0.629624560764896,1.89634372909591
TNP,VI+genomic,DAP,TNP VI+G,CV00,4,1,TXH2.2020,48,0.514078555054825,1.33460508965775
TNP,VI+genomic,DAP,TNP VI+G,CV00,5,1,TXH2.2020,45,0.353778933242287,1.64802221363317
TNP,VI+genomic,DAP,TNP VI+G,CV00,1,1,TXH2.2021,47,-0.0234773711166999,2.03516625860975
TNP,VI+genomic,DAP,TNP VI+G,CV00,2,1,TXH2.2021,45,-0.183714071278735,2.19275232314528
TNP,VI+genomic,DAP,TNP VI+G,CV00,3,1,TXH2.2021,47,0.018995066711337,1.63395045771581
TNP,VI+genomic,DAP,TNP VI+G,CV00,4,1,TXH2.2021,48,0.251511327894932,1.78055467754068
TNP,VI+genomic,DAP,TNP VI+G,CV00,5,1,TXH2.2021,45,0.0414316891915465,2.32799348416296
TNP,VI+genomic,DAP,TNP VI+G,CV00,1,1,TXH3.2020,47,0.0173605634298258,2.28754169557077
TNP,VI+genomic,DAP,TNP VI+G,CV00,2,1,TXH3.2020,45,-0.139027997779762,3.17199376319567
TNP,VI+genomic,DAP,TNP VI+G,CV00,3,1,TXH3.2020,47,-0.282980037392917,3.34147893898927
TNP,VI+genomic,DAP,TNP VI+G,CV00,4,1,TXH3.2020,50,0.0495896023376903,3.34964489797209
TNP,VI+genomic,DAP,TNP VI+G,CV00,5,1,TXH3.2020,45,-0.135161187617927,3.66150930510651
TNP,VI+genomic,DAP,TNP VI+G,CV00,1,1,TXH3.2021,47,0.538413208353453,3.93808863274693
TNP,VI+genomic,DAP,TNP VI+G,CV00,2,1,TXH3.2021,45,0.39598731608073,3.96437939570033
TNP,VI+genomic,DAP,TNP VI+G,CV00,3,1,TXH3.2021,47,0.390222769957889,3.71156726399622
TNP,VI+genomic,DAP,TNP VI+G,CV00,4,1,TXH3.2021,48,0.596082864584799,3.97351489724691
TNP,VI+genomic,DAP,TNP VI+G,CV00,5,1,TXH3.2021,45,0.504567860120937,3.81369085650311
TNP,VI+genomic,DAP,TNP VI+G,CV00,1,1,WIH1.2020,46,0.252712532987778,1.53604947063827
TNP,VI+genomic,DAP,TNP VI+G,CV00,2,1,WIH1.2020,45,0.538870574318131,1.95114311270704
TNP,VI+genomic,DAP,TNP VI+G,CV00,3,1,WIH1.2020,47,0.672317833225432,2.17280594687523
TNP,VI+genomic,DAP,TNP VI+G,CV00,4,1,WIH1.2020,47,0.502853474889936,1.78281558845096
TNP,VI+genomic,DAP,TNP VI+G,CV00,5,1,WIH1.2020,45,0.242699531420112,1.82241849270888
TNP,VI+genomic,DAP,TNP VI+G,CV00,1,1,WIH1.2021,47,0.361639520464955,3.21514380273475
TNP,VI+genomic,DAP,TNP VI+G,CV00,2,1,WIH1.2021,45,0.58843779561179,1.7321763481526
TNP,VI+genomic,DAP,TNP VI+G,CV00,3,1,WIH1.2021,47,0.542559814366719,2.53625549477674
TNP,VI+genomic,DAP,TNP VI+G,CV00,4,1,WIH1.2021,48,0.288589187257847,2.62755703873938
TNP,VI+genomic,DAP,TNP VI+G,CV00,5,1,WIH1.2021,45,0.192044679247537,2.28043176543154
TNP,VI+genomic,DAP,TNP VI+G,CV00,1,1,WIH2.2020,132,0.375612525645907,3.20151555970525
TNP,VI+genomic,DAP,TNP VI+G,CV00,2,1,WIH2.2020,129,0.322522023071272,2.74282656197088
TNP,VI+genomic,DAP,TNP VI+G,CV00,3,1,WIH2.2020,129,0.29626587790366,2.90976097084526
TNP,VI+genomic,DAP,TNP VI+G,CV00,4,1,WIH2.2020,134,0.376365710108637,2.75270356499789
TNP,VI+genomic,DAP,TNP VI+G,CV00,5,1,WIH2.2020,133,0.305885271596902,2.50651744684749
TNP,VI+genomic,DAP,TNP VI+G,CV00,1,1,WIH2.2021,132,0.294084189238321,2.68785572695354
TNP,VI+genomic,DAP,TNP VI+G,CV00,2,1,WIH2.2021,131,0.354243876459237,2.28890986630561
TNP,VI+genomic,DAP,TNP VI+G,CV00,3,1,WIH2.2021,130,0.346156243541024,2.64034598774273
TNP,VI+genomic,DAP,TNP VI+G,CV00,4,1,WIH2.2021,136,0.299687984265588,2.65105675998872
TNP,VI+genomic,DAP,TNP VI+G,CV00,5,1,WIH2.2021,132,0.342795239404774,1.76737996369773
TNP,VI+genomic,DAP,TNP VI+G,CV00,1,1,WIH3.2020,46,-0.178349248606943,2.48267304005229
TNP,VI+genomic,DAP,TNP VI+G,CV00,2,1,WIH3.2020,45,0.300590992058531,2.36562933190454
TNP,VI+genomic,DAP,TNP VI+G,CV00,3,1,WIH3.2020,47,0.252061936928341,2.65420972644923
TNP,VI+genomic,DAP,TNP VI+G,CV00,4,1,WIH3.2020,49,0.314603004395831,2.19593813311831
TNP,VI+genomic,DAP,TNP VI+G,CV00,5,1,WIH3.2020,45,-0.031370521008107,2.59203105642652
TNP,VI+genomic,DAP,TNP VI+G,CV00,1,1,WIH3.2021,47,0.136323274600808,1.58285833614141
TNP,VI+genomic,DAP,TNP VI+G,CV00,2,1,WIH3.2021,45,0.238139138172631,1.97340023295812
TNP,VI+genomic,DAP,TNP VI+G,CV00,3,1,WIH3.2021,47,0.446827653611281,1.87624694566286
TNP,VI+genomic,DAP,TNP VI+G,CV00,4,1,WIH3.2021,48,0.326832610438068,2.04516968993073
TNP,VI+genomic,DAP,TNP VI+G,CV00,5,1,WIH3.2021,45,0.171021487241248,1.71483297966795
TNP,VI+genomic,DAP,TNP VI+G,CV00,1,2,DEH1.2020,132,0.555214218295057,3.23471932816138
TNP,VI+genomic,DAP,TNP VI+G,CV00,2,2,DEH1.2020,134,0.348168863156238,2.22613550054904
TNP,VI+genomic,DAP,TNP VI+G,CV00,3,2,DEH1.2020,134,0.534321554755267,1.78744911643065
TNP,VI+genomic,DAP,TNP VI+G,CV00,4,2,DEH1.2020,132,0.478851275007001,1.93166270638546
TNP,VI+genomic,DAP,TNP VI+G,CV00,5,2,DEH1.2020,133,0.210549898849749,2.34808119433041
TNP,VI+genomic,DAP,TNP VI+G,CV00,1,2,IAH4.2021,126,0.31129184714321,1.5165007534758
TNP,VI+genomic,DAP,TNP VI+G,CV00,2,2,IAH4.2021,132,0.291461336443962,1.67365349150394
TNP,VI+genomic,DAP,TNP VI+G,CV00,3,2,IAH4.2021,131,0.412395194480298,2.12372510528307
TNP,VI+genomic,DAP,TNP VI+G,CV00,4,2,IAH4.2021,130,0.177916840803803,1.96755858824781
TNP,VI+genomic,DAP,TNP VI+G,CV00,5,2,IAH4.2021,131,0.332429956840438,1.86223281861066
TNP,VI+genomic,DAP,TNP VI+G,CV00,1,2,MIH1.2020,48,0.464813128923889,2.20737485155413
TNP,VI+genomic,DAP,TNP VI+G,CV00,2,2,MIH1.2020,47,-0.102790716922404,1.80528952706221
TNP,VI+genomic,DAP,TNP VI+G,CV00,3,2,MIH1.2020,46,0.267990245105267,1.4747219109794
TNP,VI+genomic,DAP,TNP VI+G,CV00,4,2,MIH1.2020,50,0.264518565844457,1.32736911509766
TNP,VI+genomic,DAP,TNP VI+G,CV00,5,2,MIH1.2020,48,0.139009003941709,2.46279427002188
TNP,VI+genomic,DAP,TNP VI+G,CV00,1,2,MNH1.2020,47,-0.126191697189158,2.35678354085052
TNP,VI+genomic,DAP,TNP VI+G,CV00,2,2,MNH1.2020,47,0.448514207529396,1.37361293127103
TNP,VI+genomic,DAP,TNP VI+G,CV00,3,2,MNH1.2020,46,-0.0678586112508112,1.70059033683661
TNP,VI+genomic,DAP,TNP VI+G,CV00,4,2,MNH1.2020,50,0.226929507810165,1.73621800147526
TNP,VI+genomic,DAP,TNP VI+G,CV00,5,2,MNH1.2020,48,0.0718765614680967,1.9153022548119
TNP,VI+genomic,DAP,TNP VI+G,CV00,1,2,MNH1.2021,48,0.497395590282826,2.15630826811705
TNP,VI+genomic,DAP,TNP VI+G,CV00,2,2,MNH1.2021,47,0.316918152010348,2.03878492190795
TNP,VI+genomic,DAP,TNP VI+G,CV00,3,2,MNH1.2021,46,0.478107294215598,2.7599752044064
TNP,VI+genomic,DAP,TNP VI+G,CV00,4,2,MNH1.2021,50,0.480274106120703,1.72466463877642
TNP,VI+genomic,DAP,TNP VI+G,CV00,5,2,MNH1.2021,48,0.314656916501851,2.72040540850595
TNP,VI+genomic,DAP,TNP VI+G,CV00,1,2,MOH1.2020,117,0.187138241352372,4.84753924514581
TNP,VI+genomic,DAP,TNP VI+G,CV00,2,2,MOH1.2020,119,0.20294726852227,4.00193207117092
TNP,VI+genomic,DAP,TNP VI+G,CV00,3,2,MOH1.2020,112,0.193355076028318,4.7719786891997
TNP,VI+genomic,DAP,TNP VI+G,CV00,4,2,MOH1.2020,121,-0.109376928373386,3.63090186606064
TNP,VI+genomic,DAP,TNP VI+G,CV00,5,2,MOH1.2020,118,0.0909648622887144,4.90228748387139
TNP,VI+genomic,DAP,TNP VI+G,CV00,1,2,NEH1.2021,47,0.195714696059475,3.12300685457909
TNP,VI+genomic,DAP,TNP VI+G,CV00,2,2,NEH1.2021,47,0.239664607390738,3.61888078690448
TNP,VI+genomic,DAP,TNP VI+G,CV00,3,2,NEH1.2021,46,-0.06191956738361,3.38803380029098
TNP,VI+genomic,DAP,TNP VI+G,CV00,4,2,NEH1.2021,50,-0.0460166511862128,4.16805709538342
TNP,VI+genomic,DAP,TNP VI+G,CV00,5,2,NEH1.2021,48,0.147277804175074,3.60671993563416
TNP,VI+genomic,DAP,TNP VI+G,CV00,1,2,TXH1.2020,47,0.601192091146863,1.58367094242043
TNP,VI+genomic,DAP,TNP VI+G,CV00,2,2,TXH1.2020,47,0.326668991581304,1.66233181021037
TNP,VI+genomic,DAP,TNP VI+G,CV00,3,2,TXH1.2020,46,0.377905507727884,1.64345703872564
TNP,VI+genomic,DAP,TNP VI+G,CV00,4,2,TXH1.2020,50,0.469970080973936,2.62121266990014
TNP,VI+genomic,DAP,TNP VI+G,CV00,5,2,TXH1.2020,48,0.215386472041819,2.10750900948092
TNP,VI+genomic,DAP,TNP VI+G,CV00,1,2,TXH1.2021,47,0.310637999242451,1.59972679952558
TNP,VI+genomic,DAP,TNP VI+G,CV00,2,2,TXH1.2021,47,0.292124310829286,1.70678644488413
TNP,VI+genomic,DAP,TNP VI+G,CV00,3,2,TXH1.2021,46,0.0997222286636103,1.80938366797215
TNP,VI+genomic,DAP,TNP VI+G,CV00,4,2,TXH1.2021,50,0.29104798070528,1.42697298810695
TNP,VI+genomic,DAP,TNP VI+G,CV00,5,2,TXH1.2021,48,0.183984569155921,2.10926006596232
TNP,VI+genomic,DAP,TNP VI+G,CV00,1,2,TXH2.2020,47,0.282243053842158,1.77740452473734
TNP,VI+genomic,DAP,TNP VI+G,CV00,2,2,TXH2.2020,47,0.49365424453693,1.93281456862539
TNP,VI+genomic,DAP,TNP VI+G,CV00,3,2,TXH2.2020,46,0.230708699145909,1.51339360297988
TNP,VI+genomic,DAP,TNP VI+G,CV00,4,2,TXH2.2020,50,0.444112926936632,1.40096765423911
TNP,VI+genomic,DAP,TNP VI+G,CV00,5,2,TXH2.2020,48,0.108195529118539,1.58108543070374
TNP,VI+genomic,DAP,TNP VI+G,CV00,1,2,TXH2.2021,47,-0.185841306220814,2.34113015856594
TNP,VI+genomic,DAP,TNP VI+G,CV00,2,2,TXH2.2021,47,0.124889309013991,1.57849384368097
TNP,VI+genomic,DAP,TNP VI+G,CV00,3,2,TXH2.2021,46,0.247358289257122,1.80571188325868
TNP,VI+genomic,DAP,TNP VI+G,CV00,4,2,TXH2.2021,50,-0.118692727663283,2.16523243401731
TNP,VI+genomic,DAP,TNP VI+G,CV00,5,2,TXH2.2021,48,0.0937311696964148,1.94197540345207
TNP,VI+genomic,DAP,TNP VI+G,CV00,1,2,TXH3.2020,48,0.0127099248646477,3.17567658957102
TNP,VI+genomic,DAP,TNP VI+G,CV00,2,2,TXH3.2020,47,0.0646161626757465,3.08891456249986
TNP,VI+genomic,DAP,TNP VI+G,CV00,3,2,TXH3.2020,46,0.0941790538878336,3.45486937885898
TNP,VI+genomic,DAP,TNP VI+G,CV00,4,2,TXH3.2020,50,-0.341147920097907,3.96422440919805
TNP,VI+genomic,DAP,TNP VI+G,CV00,5,2,TXH3.2020,48,0.191491000515721,2.68625194126329
TNP,VI+genomic,DAP,TNP VI+G,CV00,1,2,TXH3.2021,47,0.461962815011448,4.55890772408636
TNP,VI+genomic,DAP,TNP VI+G,CV00,2,2,TXH3.2021,47,0.418411420286165,3.65050817832544
TNP,VI+genomic,DAP,TNP VI+G,CV00,3,2,TXH3.2021,46,0.104692759516638,4.2396484640564
TNP,VI+genomic,DAP,TNP VI+G,CV00,4,2,TXH3.2021,50,0.279742327273787,3.78292664235262
TNP,VI+genomic,DAP,TNP VI+G,CV00,5,2,TXH3.2021,48,0.208600960976037,3.98595995038578
TNP,VI+genomic,DAP,TNP VI+G,CV00,1,2,WIH1.2020,47,0.497744562348798,2.26550127657869
TNP,VI+genomic,DAP,TNP VI+G,CV00,2,2,WIH1.2020,47,0.453291251589701,1.94306018298314
TNP,VI+genomic,DAP,TNP VI+G,CV00,3,2,WIH1.2020,46,0.607829010982795,1.93373557993436
TNP,VI+genomic,DAP,TNP VI+G,CV00,4,2,WIH1.2020,50,0.68592279233442,2.52430755962791
TNP,VI+genomic,DAP,TNP VI+G,CV00,5,2,WIH1.2020,48,0.647320341158834,2.2306807992179
TNP,VI+genomic,DAP,TNP VI+G,CV00,1,2,WIH1.2021,47,0.214712199756604,2.68456261329109
TNP,VI+genomic,DAP,TNP VI+G,CV00,2,2,WIH1.2021,47,0.423859912469768,1.95307676746691
TNP,VI+genomic,DAP,TNP VI+G,CV00,3,2,WIH1.2021,46,0.0656378795845256,2.2874232782157
TNP,VI+genomic,DAP,TNP VI+G,CV00,4,2,WIH1.2021,50,0.26375187132017,2.68146507765736
TNP,VI+genomic,DAP,TNP VI+G,CV00,5,2,WIH1.2021,48,0.451690517830453,1.98844272532327
TNP,VI+genomic,DAP,TNP VI+G,CV00,1,2,WIH2.2020,133,0.287590721856411,2.74499202007165
TNP,VI+genomic,DAP,TNP VI+G,CV00,2,2,WIH2.2020,133,0.267132262744285,2.57895770869355
TNP,VI+genomic,DAP,TNP VI+G,CV00,3,2,WIH2.2020,134,0.352955162283751,2.78659613012026
TNP,VI+genomic,DAP,TNP VI+G,CV00,4,2,WIH2.2020,132,0.380837328647781,2.59964176122217
TNP,VI+genomic,DAP,TNP VI+G,CV00,5,2,WIH2.2020,131,0.0759372478820217,2.91298010368618
TNP,VI+genomic,DAP,TNP VI+G,CV00,1,2,WIH2.2021,131,0.394552811338928,2.07901555741933
TNP,VI+genomic,DAP,TNP VI+G,CV00,2,2,WIH2.2021,134,0.269660434060584,2.74595887188944
TNP,VI+genomic,DAP,TNP VI+G,CV00,3,2,WIH2.2021,133,0.365017220102713,2.05590383361087
TNP,VI+genomic,DAP,TNP VI+G,CV00,4,2,WIH2.2021,132,0.201992882491214,2.36147933018449
TNP,VI+genomic,DAP,TNP VI+G,CV00,5,2,WIH2.2021,133,0.447588913790604,1.98814624224663
TNP,VI+genomic,DAP,TNP VI+G,CV00,1,2,WIH3.2020,48,0.392487979581152,2.35883674210729
TNP,VI+genomic,DAP,TNP VI+G,CV00,2,2,WIH3.2020,47,0.1129207630116,2.56159808968676
TNP,VI+genomic,DAP,TNP VI+G,CV00,3,2,WIH3.2020,46,0.0445921709686497,2.25529318593519
TNP,VI+genomic,DAP,TNP VI+G,CV00,4,2,WIH3.2020,50,0.397463443319872,2.30530593789547
TNP,VI+genomic,DAP,TNP VI+G,CV00,5,2,WIH3.2020,48,0.185250885651744,2.29224760556327
TNP,VI+genomic,DAP,TNP VI+G,CV00,1,2,WIH3.2021,47,0.513283734057742,2.23299785343884
TNP,VI+genomic,DAP,TNP VI+G,CV00,2,2,WIH3.2021,47,0.623503821247415,1.82311846767091
TNP,VI+genomic,DAP,TNP VI+G,CV00,3,2,WIH3.2021,46,0.245178791438344,2.06235093313403
TNP,VI+genomic,DAP,TNP VI+G,CV00,4,2,WIH3.2021,50,0.27859937625586,2.08600370293951
TNP,VI+genomic,DAP,TNP VI+G,CV00,5,2,WIH3.2021,48,0.570457193796059,1.59202373883046
TNP,VI+genomic,DAP,TNP VI+G,CV00,1,3,DEH1.2020,135,0.402127823287272,2.6844263963842
TNP,VI+genomic,DAP,TNP VI+G,CV00,2,3,DEH1.2020,133,-0.119219517755892,3.21793438992734
TNP,VI+genomic,DAP,TNP VI+G,CV00,3,3,DEH1.2020,133,0.373046493424074,1.76254929385686
TNP,VI+genomic,DAP,TNP VI+G,CV00,4,3,DEH1.2020,135,0.614370467689324,1.81681875432653
TNP,VI+genomic,DAP,TNP VI+G,CV00,5,3,DEH1.2020,135,0.4553739911108,2.21122849089472
TNP,VI+genomic,DAP,TNP VI+G,CV00,1,3,IAH4.2021,134,0.271447401416268,1.68931299060257
TNP,VI+genomic,DAP,TNP VI+G,CV00,2,3,IAH4.2021,131,0.308924089907584,1.44551296636679
TNP,VI+genomic,DAP,TNP VI+G,CV00,3,3,IAH4.2021,131,0.316564679666014,1.54489497315835
TNP,VI+genomic,DAP,TNP VI+G,CV00,4,3,IAH4.2021,133,0.232501859634332,1.83155007096532
TNP,VI+genomic,DAP,TNP VI+G,CV00,5,3,IAH4.2021,132,0.300202245098305,2.17970017145816
TNP,VI+genomic,DAP,TNP VI+G,CV00,1,3,MIH1.2020,49,0.42138765728253,1.67821772940559
TNP,VI+genomic,DAP,TNP VI+G,CV00,2,3,MIH1.2020,45,0.325729138037705,1.20687074805678
TNP,VI+genomic,DAP,TNP VI+G,CV00,3,3,MIH1.2020,46,0.246598213535312,1.23605489310319
TNP,VI+genomic,DAP,TNP VI+G,CV00,4,3,MIH1.2020,46,0.35341788445568,1.33289523520155
TNP,VI+genomic,DAP,TNP VI+G,CV00,5,3,MIH1.2020,48,0.474271275522452,1.33930150418634
TNP,VI+genomic,DAP,TNP VI+G,CV00,1,3,MNH1.2020,47,0.308447735387622,2.16801510930014
TNP,VI+genomic,DAP,TNP VI+G,CV00,2,3,MNH1.2020,45,0.0947579269541896,1.83416280419856
TNP,VI+genomic,DAP,TNP VI+G,CV00,3,3,MNH1.2020,46,-0.00796369692682866,1.89991161324889
TNP,VI+genomic,DAP,TNP VI+G,CV00,4,3,MNH1.2020,46,0.192979191060696,1.75002723031819
TNP,VI+genomic,DAP,TNP VI+G,CV00,5,3,MNH1.2020,48,0.0313816205428958,1.7360874859728
TNP,VI+genomic,DAP,TNP VI+G,CV00,1,3,MNH1.2021,50,0.630419390565177,1.82263369030215
TNP,VI+genomic,DAP,TNP VI+G,CV00,2,3,MNH1.2021,45,0.348513459032887,1.41409751180505
TNP,VI+genomic,DAP,TNP VI+G,CV00,3,3,MNH1.2021,47,0.395315267828672,2.15348501473255
TNP,VI+genomic,DAP,TNP VI+G,CV00,4,3,MNH1.2021,47,0.165299451364512,2.25098290999507
TNP,VI+genomic,DAP,TNP VI+G,CV00,5,3,MNH1.2021,49,0.301711187605952,1.37204881566172
TNP,VI+genomic,DAP,TNP VI+G,CV00,1,3,MOH1.2020,121,0.166590365046002,5.12204490778543
TNP,VI+genomic,DAP,TNP VI+G,CV00,2,3,MOH1.2020,117,0.288341670553374,4.31316696124733
TNP,VI+genomic,DAP,TNP VI+G,CV00,3,3,MOH1.2020,115,0.329540761801328,4.75032210933706
TNP,VI+genomic,DAP,TNP VI+G,CV00,4,3,MOH1.2020,121,0.132911232397269,3.6718554746522
TNP,VI+genomic,DAP,TNP VI+G,CV00,5,3,MOH1.2020,121,0.212253761363854,4.29943422808247
TNP,VI+genomic,DAP,TNP VI+G,CV00,1,3,NEH1.2021,48,0.185091999582673,3.04598809928058
TNP,VI+genomic,DAP,TNP VI+G,CV00,2,3,NEH1.2021,45,0.420810368792704,3.17067592440538
TNP,VI+genomic,DAP,TNP VI+G,CV00,3,3,NEH1.2021,47,0.239300071395739,3.44688441650457
TNP,VI+genomic,DAP,TNP VI+G,CV00,4,3,NEH1.2021,47,0.233063544363595,3.99252644668256
TNP,VI+genomic,DAP,TNP VI+G,CV00,5,3,NEH1.2021,49,-0.120415303133622,2.80238944831815
TNP,VI+genomic,DAP,TNP VI+G,CV00,1,3,TXH1.2020,48,0.33779557171159,1.69876104270516
TNP,VI+genomic,DAP,TNP VI+G,CV00,2,3,TXH1.2020,45,0.339239699692973,1.45810878269976
TNP,VI+genomic,DAP,TNP VI+G,CV00,3,3,TXH1.2020,47,0.663763286171012,1.99117230336439
TNP,VI+genomic,DAP,TNP VI+G,CV00,4,3,TXH1.2020,47,0.757202205082696,1.84855180942269
TNP,VI+genomic,DAP,TNP VI+G,CV00,5,3,TXH1.2020,49,0.642909351914021,1.60164683010571
TNP,VI+genomic,DAP,TNP VI+G,CV00,1,3,TXH1.2021,48,0.0747132548607651,1.77192983553314
TNP,VI+genomic,DAP,TNP VI+G,CV00,2,3,TXH1.2021,45,0.303484146939595,1.78151385925803
TNP,VI+genomic,DAP,TNP VI+G,CV00,3,3,TXH1.2021,47,0.00410494171963298,1.87949557134513
TNP,VI+genomic,DAP,TNP VI+G,CV00,4,3,TXH1.2021,47,0.00646514196847594,1.78547727641904
TNP,VI+genomic,DAP,TNP VI+G,CV00,5,3,TXH1.2021,49,0.215156789839148,1.76689759342209
TNP,VI+genomic,DAP,TNP VI+G,CV00,1,3,TXH2.2020,48,0.371495889764087,1.35216597593782
TNP,VI+genomic,DAP,TNP VI+G,CV00,2,3,TXH2.2020,45,0.433018297925371,1.24259563553394
TNP,VI+genomic,DAP,TNP VI+G,CV00,3,3,TXH2.2020,47,0.484011077045433,1.13467374767176
TNP,VI+genomic,DAP,TNP VI+G,CV00,4,3,TXH2.2020,47,0.488152973065455,1.14792563853417
TNP,VI+genomic,DAP,TNP VI+G,CV00,5,3,TXH2.2020,49,0.541362315232835,1.18120905653206
TNP,VI+genomic,DAP,TNP VI+G,CV00,1,3,TXH2.2021,48,0.21571190829492,2.05470081594393
TNP,VI+genomic,DAP,TNP VI+G,CV00,2,3,TXH2.2021,45,0.034336912113085,1.40624007018076
TNP,VI+genomic,DAP,TNP VI+G,CV00,3,3,TXH2.2021,47,0.327170534136735,1.47810279824183
TNP,VI+genomic,DAP,TNP VI+G,CV00,4,3,TXH2.2021,47,0.293662244696379,1.57060178422541
TNP,VI+genomic,DAP,TNP VI+G,CV00,5,3,TXH2.2021,49,-0.0359771834427184,2.04935748584655
TNP,VI+genomic,DAP,TNP VI+G,CV00,1,3,TXH3.2020,50,0.0483652781435076,3.11212779184839
TNP,VI+genomic,DAP,TNP VI+G,CV00,2,3,TXH3.2020,45,0.134901900850237,3.3347076991042
TNP,VI+genomic,DAP,TNP VI+G,CV00,3,3,TXH3.2020,47,0.207534056538422,2.56489196521417
TNP,VI+genomic,DAP,TNP VI+G,CV00,4,3,TXH3.2020,47,0.0548690334636831,4.70725174992785
TNP,VI+genomic,DAP,TNP VI+G,CV00,5,3,TXH3.2020,49,0.0076183427565098,3.7857688558158
TNP,VI+genomic,DAP,TNP VI+G,CV00,1,3,TXH3.2021,48,0.21802797562869,2.74443155255968
TNP,VI+genomic,DAP,TNP VI+G,CV00,2,3,TXH3.2021,45,0.333533652424144,3.82861003496673
TNP,VI+genomic,DAP,TNP VI+G,CV00,3,3,TXH3.2021,47,0.410498838138379,3.52760526823284
TNP,VI+genomic,DAP,TNP VI+G,CV00,4,3,TXH3.2021,47,0.222216499777862,4.09074663316384
TNP,VI+genomic,DAP,TNP VI+G,CV00,5,3,TXH3.2021,49,-0.00755992707463876,4.289692179156
TNP,VI+genomic,DAP,TNP VI+G,CV00,1,3,WIH1.2020,47,0.59555104392931,1.71906557467585
TNP,VI+genomic,DAP,TNP VI+G,CV00,2,3,WIH1.2020,45,0.353865432934799,1.82765587612314
TNP,VI+genomic,DAP,TNP VI+G,CV00,3,3,WIH1.2020,46,0.259791852693412,2.0204214374258
TNP,VI+genomic,DAP,TNP VI+G,CV00,4,3,WIH1.2020,46,0.402436965820897,1.72985633424699
TNP,VI+genomic,DAP,TNP VI+G,CV00,5,3,WIH1.2020,48,0.620923576954347,1.83126368722972
TNP,VI+genomic,DAP,TNP VI+G,CV00,1,3,WIH1.2021,48,0.54848310660831,2.65191076486094
TNP,VI+genomic,DAP,TNP VI+G,CV00,2,3,WIH1.2021,45,0.173127137332843,2.02685695771737
TNP,VI+genomic,DAP,TNP VI+G,CV00,3,3,WIH1.2021,47,0.544900107498372,2.10215084385874
TNP,VI+genomic,DAP,TNP VI+G,CV00,4,3,WIH1.2021,47,0.292400392217244,2.31945731481495
TNP,VI+genomic,DAP,TNP VI+G,CV00,5,3,WIH1.2021,49,0.262542995835549,2.23166006434663
TNP,VI+genomic,DAP,TNP VI+G,CV00,1,3,WIH2.2020,134,0.276734333308469,3.08827437684627
TNP,VI+genomic,DAP,TNP VI+G,CV00,2,3,WIH2.2020,133,0.267489789224951,2.95381663914142
TNP,VI+genomic,DAP,TNP VI+G,CV00,3,3,WIH2.2020,134,0.204342513718893,2.62790612604964
TNP,VI+genomic,DAP,TNP VI+G,CV00,4,3,WIH2.2020,134,0.365357011925962,2.73915607979542
TNP,VI+genomic,DAP,TNP VI+G,CV00,5,3,WIH2.2020,133,0.332752532480197,2.83315569669633
TNP,VI+genomic,DAP,TNP VI+G,CV00,1,3,WIH2.2021,138,0.296468889962738,2.62507678335202
TNP,VI+genomic,DAP,TNP VI+G,CV00,2,3,WIH2.2021,133,0.318441659359358,2.27292443234955
TNP,VI+genomic,DAP,TNP VI+G,CV00,3,3,WIH2.2021,133,0.247010242730991,2.32013605218304
TNP,VI+genomic,DAP,TNP VI+G,CV00,4,3,WIH2.2021,133,0.346979879573773,2.62110556372637
TNP,VI+genomic,DAP,TNP VI+G,CV00,5,3,WIH2.2021,134,0.335156571146966,2.10526705451324
TNP,VI+genomic,DAP,TNP VI+G,CV00,1,3,WIH3.2020,49,0.372987905532912,2.46456155241456
TNP,VI+genomic,DAP,TNP VI+G,CV00,2,3,WIH3.2020,45,0.148739938494496,2.24667514026568
TNP,VI+genomic,DAP,TNP VI+G,CV00,3,3,WIH3.2020,46,0.221089591101878,2.15039783136602
TNP,VI+genomic,DAP,TNP VI+G,CV00,4,3,WIH3.2020,46,0.0743793703778098,2.36330630168606
TNP,VI+genomic,DAP,TNP VI+G,CV00,5,3,WIH3.2020,48,0.0976184071965958,2.36865091126558
TNP,VI+genomic,DAP,TNP VI+G,CV00,1,3,WIH3.2021,48,0.321547893554768,1.75500830165918
TNP,VI+genomic,DAP,TNP VI+G,CV00,2,3,WIH3.2021,45,0.158249662441874,1.77183415053382
TNP,VI+genomic,DAP,TNP VI+G,CV00,3,3,WIH3.2021,47,0.3941927888823,1.88168448697204
TNP,VI+genomic,DAP,TNP VI+G,CV00,4,3,WIH3.2021,47,0.327063456149087,1.62385688012082
TNP,VI+genomic,DAP,TNP VI+G,CV00,5,3,WIH3.2021,49,0.279279302622985,1.75430533050387
TNP,VI+genomic,DAP,TNP VI+G,CV00,1,4,DEH1.2020,133,-0.00509788432317914,2.57966557406023
TNP,VI+genomic,DAP,TNP VI+G,CV00,2,4,DEH1.2020,133,0.507349773441465,2.07371922945379
TNP,VI+genomic,DAP,TNP VI+G,CV00,3,4,DEH1.2020,134,0.246043485752702,2.14085055316088
TNP,VI+genomic,DAP,TNP VI+G,CV00,4,4,DEH1.2020,131,0.439592200243148,1.94815621197622
TNP,VI+genomic,DAP,TNP VI+G,CV00,5,4,DEH1.2020,133,0.201881494026335,2.52044662009203
TNP,VI+genomic,DAP,TNP VI+G,CV00,1,4,IAH4.2021,130,0.219959762890017,1.74577766956697
TNP,VI+genomic,DAP,TNP VI+G,CV00,2,4,IAH4.2021,131,0.277121518248956,1.58815468035801
TNP,VI+genomic,DAP,TNP VI+G,CV00,3,4,IAH4.2021,133,0.528615456253639,1.55658894892766
TNP,VI+genomic,DAP,TNP VI+G,CV00,4,4,IAH4.2021,129,0.222074132548198,3.29272444199981
TNP,VI+genomic,DAP,TNP VI+G,CV00,5,4,IAH4.2021,129,0.387185777346154,2.02478750089803
TNP,VI+genomic,DAP,TNP VI+G,CV00,1,4,MIH1.2020,47,0.460779421190672,1.33483233718635
TNP,VI+genomic,DAP,TNP VI+G,CV00,2,4,MIH1.2020,46,0.25917527886061,1.40922532169628
TNP,VI+genomic,DAP,TNP VI+G,CV00,3,4,MIH1.2020,49,0.415284528353794,1.36077081275304
TNP,VI+genomic,DAP,TNP VI+G,CV00,4,4,MIH1.2020,46,0.247330832357778,1.38514954160331
TNP,VI+genomic,DAP,TNP VI+G,CV00,5,4,MIH1.2020,46,0.106372296756481,1.54108772478473
TNP,VI+genomic,DAP,TNP VI+G,CV00,1,4,MNH1.2020,47,0.147293713806914,2.69386425819452
TNP,VI+genomic,DAP,TNP VI+G,CV00,2,4,MNH1.2020,46,0.0425420225655701,1.90732078161584
TNP,VI+genomic,DAP,TNP VI+G,CV00,3,4,MNH1.2020,47,0.322983345581806,2.01870033895232
TNP,VI+genomic,DAP,TNP VI+G,CV00,4,4,MNH1.2020,45,0.0674016382720567,2.47679939985975
TNP,VI+genomic,DAP,TNP VI+G,CV00,5,4,MNH1.2020,45,0.335571494296842,2.13909782237748
TNP,VI+genomic,DAP,TNP VI+G,CV00,1,4,MNH1.2021,47,0.536832129565301,1.47770384140259
TNP,VI+genomic,DAP,TNP VI+G,CV00,2,4,MNH1.2021,47,0.213759877233739,1.71694639759655
TNP,VI+genomic,DAP,TNP VI+G,CV00,3,4,MNH1.2021,50,0.226247548647335,2.55893749707165
TNP,VI+genomic,DAP,TNP VI+G,CV00,4,4,MNH1.2021,46,0.526117534016606,2.43769226647549
TNP,VI+genomic,DAP,TNP VI+G,CV00,5,4,MNH1.2021,46,0.546460684140639,1.68051101945936
TNP,VI+genomic,DAP,TNP VI+G,CV00,1,4,MOH1.2020,120,0.0980127457168366,5.06372039547988
TNP,VI+genomic,DAP,TNP VI+G,CV00,2,4,MOH1.2020,112,0.152509192453826,3.94996644108535
TNP,VI+genomic,DAP,TNP VI+G,CV00,3,4,MOH1.2020,120,0.0923640416347777,4.4326639982971
TNP,VI+genomic,DAP,TNP VI+G,CV00,4,4,MOH1.2020,109,0.240238106722489,3.44505696135655
TNP,VI+genomic,DAP,TNP VI+G,CV00,5,4,MOH1.2020,115,0.0239489788258518,4.5665076326198
TNP,VI+genomic,DAP,TNP VI+G,CV00,1,4,NEH1.2021,47,0.0427150636497594,2.83090874835793
TNP,VI+genomic,DAP,TNP VI+G,CV00,2,4,NEH1.2021,47,0.311746722813154,3.21863104840354
TNP,VI+genomic,DAP,TNP VI+G,CV00,3,4,NEH1.2021,48,0.100990597577636,3.3068811516444
TNP,VI+genomic,DAP,TNP VI+G,CV00,4,4,NEH1.2021,45,0.154756518919947,3.57198902328906
TNP,VI+genomic,DAP,TNP VI+G,CV00,5,4,NEH1.2021,45,0.340154669427363,3.03320120740377
TNP,VI+genomic,DAP,TNP VI+G,CV00,1,4,TXH1.2020,47,0.614826273487827,1.4932783569353
TNP,VI+genomic,DAP,TNP VI+G,CV00,2,4,TXH1.2020,47,0.486505728202377,1.55782710047659
TNP,VI+genomic,DAP,TNP VI+G,CV00,3,4,TXH1.2020,48,0.569161247210161,2.70033974878617
TNP,VI+genomic,DAP,TNP VI+G,CV00,4,4,TXH1.2020,45,0.747236065120062,2.06631720000386
TNP,VI+genomic,DAP,TNP VI+G,CV00,5,4,TXH1.2020,45,0.316694493793839,2.08352940187305
TNP,VI+genomic,DAP,TNP VI+G,CV00,1,4,TXH1.2021,47,0.0652139416740571,1.86911708685107
TNP,VI+genomic,DAP,TNP VI+G,CV00,2,4,TXH1.2021,47,0.10295737509458,1.7821167680132
TNP,VI+genomic,DAP,TNP VI+G,CV00,3,4,TXH1.2021,48,0.23075093178354,1.49819019339785
TNP,VI+genomic,DAP,TNP VI+G,CV00,4,4,TXH1.2021,45,-0.0392425719141311,1.66069764502409
TNP,VI+genomic,DAP,TNP VI+G,CV00,5,4,TXH1.2021,45,0.0306877198670969,1.84129959775205
TNP,VI+genomic,DAP,TNP VI+G,CV00,1,4,TXH2.2020,47,0.65726211927886,1.64190387329391
TNP,VI+genomic,DAP,TNP VI+G,CV00,2,4,TXH2.2020,47,0.320981654667243,1.91366623936898
TNP,VI+genomic,DAP,TNP VI+G,CV00,3,4,TXH2.2020,48,0.603295380696808,1.29745604344912
TNP,VI+genomic,DAP,TNP VI+G,CV00,4,4,TXH2.2020,45,0.571240065479118,1.31862103219607
TNP,VI+genomic,DAP,TNP VI+G,CV00,5,4,TXH2.2020,45,0.366751884841162,1.33477504954663
TNP,VI+genomic,DAP,TNP VI+G,CV00,1,4,TXH2.2021,47,-0.333018355464624,2.33227044719607
TNP,VI+genomic,DAP,TNP VI+G,CV00,2,4,TXH2.2021,47,0.084764100579056,2.71055386203814
TNP,VI+genomic,DAP,TNP VI+G,CV00,3,4,TXH2.2021,48,0.00365351546298265,2.2214511253268
TNP,VI+genomic,DAP,TNP VI+G,CV00,4,4,TXH2.2021,45,-0.179639403438466,2.81830080673244
TNP,VI+genomic,DAP,TNP VI+G,CV00,5,4,TXH2.2021,45,-0.11551046942876,2.06456609501445
TNP,VI+genomic,DAP,TNP VI+G,CV00,1,4,TXH3.2020,47,-0.136663697541697,2.45726380412458
TNP,VI+genomic,DAP,TNP VI+G,CV00,2,4,TXH3.2020,47,-0.0213460125858484,3.46592101334039
TNP,VI+genomic,DAP,TNP VI+G,CV00,3,4,TXH3.2020,50,-0.161262776052206,3.34233081380976
TNP,VI+genomic,DAP,TNP VI+G,CV00,4,4,TXH3.2020,46,-0.0770625438211248,3.52956686888887
TNP,VI+genomic,DAP,TNP VI+G,CV00,5,4,TXH3.2020,46,-0.0914074618642523,3.54815909857722
TNP,VI+genomic,DAP,TNP VI+G,CV00,1,4,TXH3.2021,47,0.369219300942451,3.89602751189314
TNP,VI+genomic,DAP,TNP VI+G,CV00,2,4,TXH3.2021,47,0.336611088338625,3.13612618888953
TNP,VI+genomic,DAP,TNP VI+G,CV00,3,4,TXH3.2021,48,0.559763159086813,3.93885195363567
TNP,VI+genomic,DAP,TNP VI+G,CV00,4,4,TXH3.2021,45,0.327416418807244,3.91506175724589
TNP,VI+genomic,DAP,TNP VI+G,CV00,5,4,TXH3.2021,45,0.273447310577906,4.0190378952597
TNP,VI+genomic,DAP,TNP VI+G,CV00,1,4,WIH1.2020,47,0.620899352225095,2.18061833391799
TNP,VI+genomic,DAP,TNP VI+G,CV00,2,4,WIH1.2020,46,0.22653815176919,2.77287586915995
TNP,VI+genomic,DAP,TNP VI+G,CV00,3,4,WIH1.2020,47,0.420654706830289,2.30095917212792
TNP,VI+genomic,DAP,TNP VI+G,CV00,4,4,WIH1.2020,45,0.377299956243191,1.88353509753487
TNP,VI+genomic,DAP,TNP VI+G,CV00,5,4,WIH1.2020,45,0.308858371914206,2.00325046451114
TNP,VI+genomic,DAP,TNP VI+G,CV00,1,4,WIH1.2021,47,0.41277445004255,2.78309970036958
TNP,VI+genomic,DAP,TNP VI+G,CV00,2,4,WIH1.2021,47,0.267366354497395,2.70760650777152
TNP,VI+genomic,DAP,TNP VI+G,CV00,3,4,WIH1.2021,48,0.710308611106538,2.00012176830633
TNP,VI+genomic,DAP,TNP VI+G,CV00,4,4,WIH1.2021,45,0.386327554773252,1.75783662074615
TNP,VI+genomic,DAP,TNP VI+G,CV00,5,4,WIH1.2021,45,0.475146556418076,1.91892428860111
TNP,VI+genomic,DAP,TNP VI+G,CV00,1,4,WIH2.2020,130,0.317138987643798,2.89423891509139
TNP,VI+genomic,DAP,TNP VI+G,CV00,2,4,WIH2.2020,133,0.123218085516352,2.91355300928528
TNP,VI+genomic,DAP,TNP VI+G,CV00,3,4,WIH2.2020,132,0.344159566506171,2.8175886605935
TNP,VI+genomic,DAP,TNP VI+G,CV00,4,4,WIH2.2020,130,0.156735834943811,3.05017668430979
TNP,VI+genomic,DAP,TNP VI+G,CV00,5,4,WIH2.2020,133,0.31186481224532,2.94858805431763
TNP,VI+genomic,DAP,TNP VI+G,CV00,1,4,WIH2.2021,131,0.130820496518673,3.14344136436579
TNP,VI+genomic,DAP,TNP VI+G,CV00,2,4,WIH2.2021,130,0.299221528587339,2.22254874173782
TNP,VI+genomic,DAP,TNP VI+G,CV00,3,4,WIH2.2021,133,0.260746091515504,2.56271987153649
TNP,VI+genomic,DAP,TNP VI+G,CV00,4,4,WIH2.2021,130,0.247105140318571,2.39339331693541
TNP,VI+genomic,DAP,TNP VI+G,CV00,5,4,WIH2.2021,131,0.369168469127754,2.71328866010544
TNP,VI+genomic,DAP,TNP VI+G,CV00,1,4,WIH3.2020,47,0.250181797557783,2.48420756052686
TNP,VI+genomic,DAP,TNP VI+G,CV00,2,4,WIH3.2020,46,0.118630651326395,2.51918113968424
TNP,VI+genomic,DAP,TNP VI+G,CV00,3,4,WIH3.2020,49,0.308640621006363,2.41728521359329
TNP,VI+genomic,DAP,TNP VI+G,CV00,4,4,WIH3.2020,46,0.253335029438558,2.39013840910331
TNP,VI+genomic,DAP,TNP VI+G,CV00,5,4,WIH3.2020,46,0.520207817900385,2.24976954513106
TNP,VI+genomic,DAP,TNP VI+G,CV00,1,4,WIH3.2021,47,0.142238024133812,1.48328526485276
TNP,VI+genomic,DAP,TNP VI+G,CV00,2,4,WIH3.2021,47,0.219444239996971,1.96100405028609
TNP,VI+genomic,DAP,TNP VI+G,CV00,3,4,WIH3.2021,48,0.394440584741423,2.04799998039047
TNP,VI+genomic,DAP,TNP VI+G,CV00,4,4,WIH3.2021,45,0.288245911814772,1.87701525882097
TNP,VI+genomic,DAP,TNP VI+G,CV00,5,4,WIH3.2021,45,0.504295215429476,1.79493323982986
TNP,VI+genomic,DAP,TNP VI+G,CV00,1,5,DEH1.2020,124,0.147529200271302,2.77770034836381
TNP,VI+genomic,DAP,TNP VI+G,CV00,2,5,DEH1.2020,126,0.262568496244156,2.6907390391314
TNP,VI+genomic,DAP,TNP VI+G,CV00,3,5,DEH1.2020,124,0.521812932799112,1.95431675079121
TNP,VI+genomic,DAP,TNP VI+G,CV00,4,5,DEH1.2020,123,0.631041415397114,1.59659092774389
TNP,VI+genomic,DAP,TNP VI+G,CV00,5,5,DEH1.2020,122,0.434299409633668,2.64571007940859
TNP,VI+genomic,DAP,TNP VI+G,CV00,1,5,IAH4.2021,124,0.261941379625503,1.59845008219456
TNP,VI+genomic,DAP,TNP VI+G,CV00,2,5,IAH4.2021,124,0.316114492242331,1.83317484844474
TNP,VI+genomic,DAP,TNP VI+G,CV00,3,5,IAH4.2021,121,0.261108584180305,1.96926666931852
TNP,VI+genomic,DAP,TNP VI+G,CV00,4,5,IAH4.2021,121,0.365125810041656,1.80529398195913
TNP,VI+genomic,DAP,TNP VI+G,CV00,5,5,IAH4.2021,123,0.38692885277268,1.74580016644259
TNP,VI+genomic,DAP,TNP VI+G,CV00,1,5,MIH1.2020,44,0.350095394024927,1.75882229484448
TNP,VI+genomic,DAP,TNP VI+G,CV00,2,5,MIH1.2020,51,0.192243411777958,1.89961449446136
TNP,VI+genomic,DAP,TNP VI+G,CV00,3,5,MIH1.2020,46,0.255930179779066,1.65472842450021
TNP,VI+genomic,DAP,TNP VI+G,CV00,4,5,MIH1.2020,43,0.356109353645488,1.43501712431454
TNP,VI+genomic,DAP,TNP VI+G,CV00,5,5,MIH1.2020,47,0.323546645707519,1.31185386342293
TNP,VI+genomic,DAP,TNP VI+G,CV00,1,5,MNH1.2020,44,0.0821810967836513,1.88588265390917
TNP,VI+genomic,DAP,TNP VI+G,CV00,2,5,MNH1.2020,48,0.259425985617651,2.18200828438907
TNP,VI+genomic,DAP,TNP VI+G,CV00,3,5,MNH1.2020,45,0.367356205184173,2.08979070776108
TNP,VI+genomic,DAP,TNP VI+G,CV00,4,5,MNH1.2020,43,0.0981929046801684,1.7255279241273
TNP,VI+genomic,DAP,TNP VI+G,CV00,5,5,MNH1.2020,45,0.471174781273262,1.44840772624045
TNP,VI+genomic,DAP,TNP VI+G,CV00,1,5,MNH1.2021,44,0.368164246117792,1.45528874767458
TNP,VI+genomic,DAP,TNP VI+G,CV00,2,5,MNH1.2021,52,0.577899505701923,1.91348858109842
TNP,VI+genomic,DAP,TNP VI+G,CV00,3,5,MNH1.2021,46,0.593224416421397,2.26221599606421
TNP,VI+genomic,DAP,TNP VI+G,CV00,4,5,MNH1.2021,43,0.225842090024809,1.56387140578978
TNP,VI+genomic,DAP,TNP VI+G,CV00,5,5,MNH1.2021,48,0.528731632765567,2.21744626713249
TNP,VI+genomic,DAP,TNP VI+G,CV00,1,5,MOH1.2020,104,0.0806888830626221,4.3258237081723
TNP,VI+genomic,DAP,TNP VI+G,CV00,2,5,MOH1.2020,111,0.150375024262091,4.23762722460987
TNP,VI+genomic,DAP,TNP VI+G,CV00,3,5,MOH1.2020,109,0.146975927974309,4.48816078722199
TNP,VI+genomic,DAP,TNP VI+G,CV00,4,5,MOH1.2020,107,0.11032579651013,3.56869526877194
TNP,VI+genomic,DAP,TNP VI+G,CV00,5,5,MOH1.2020,107,-0.00955239172701183,3.99171626656131
TNP,VI+genomic,DAP,TNP VI+G,CV00,1,5,NEH1.2021,44,0.224465449044712,3.3817355176244
TNP,VI+genomic,DAP,TNP VI+G,CV00,2,5,NEH1.2021,49,0.194574646687149,3.31524578373531
TNP,VI+genomic,DAP,TNP VI+G,CV00,3,5,NEH1.2021,45,0.350290491081418,3.07780968640362
TNP,VI+genomic,DAP,TNP VI+G,CV00,4,5,NEH1.2021,43,0.483211194670488,2.63483343717036
TNP,VI+genomic,DAP,TNP VI+G,CV00,5,5,NEH1.2021,46,0.00203369438037936,3.89031409761164
TNP,VI+genomic,DAP,TNP VI+G,CV00,1,5,TXH1.2020,44,0.443622044274227,1.31998510562373
TNP,VI+genomic,DAP,TNP VI+G,CV00,2,5,TXH1.2020,49,0.6708809793421,1.71876118502938
TNP,VI+genomic,DAP,TNP VI+G,CV00,3,5,TXH1.2020,45,0.68402926536653,1.83388443089002
TNP,VI+genomic,DAP,TNP VI+G,CV00,4,5,TXH1.2020,43,0.467764235269195,2.19499169883837
TNP,VI+genomic,DAP,TNP VI+G,CV00,5,5,TXH1.2020,46,0.587545130745505,2.2834214808892
TNP,VI+genomic,DAP,TNP VI+G,CV00,1,5,TXH1.2021,44,0.158119825201626,1.50124913374648
TNP,VI+genomic,DAP,TNP VI+G,CV00,2,5,TXH1.2021,49,0.158209836620119,1.9609494891272
TNP,VI+genomic,DAP,TNP VI+G,CV00,3,5,TXH1.2021,45,0.607033916944905,1.26349412049184
TNP,VI+genomic,DAP,TNP VI+G,CV00,4,5,TXH1.2021,43,0.123647891494421,1.7828711095376
TNP,VI+genomic,DAP,TNP VI+G,CV00,5,5,TXH1.2021,46,0.318483862573777,1.56133543715146
TNP,VI+genomic,DAP,TNP VI+G,CV00,1,5,TXH2.2020,44,0.694705736904085,1.01012788243445
TNP,VI+genomic,DAP,TNP VI+G,CV00,2,5,TXH2.2020,49,0.513607618604388,1.3286763747163
TNP,VI+genomic,DAP,TNP VI+G,CV00,3,5,TXH2.2020,45,0.282467062778768,1.56724276947613
TNP,VI+genomic,DAP,TNP VI+G,CV00,4,5,TXH2.2020,43,0.252436166008148,1.74313725140961
TNP,VI+genomic,DAP,TNP VI+G,CV00,5,5,TXH2.2020,46,0.720518144752041,1.75096244014849
TNP,VI+genomic,DAP,TNP VI+G,CV00,1,5,TXH2.2021,44,0.153461516036676,2.01068079577388
TNP,VI+genomic,DAP,TNP VI+G,CV00,2,5,TXH2.2021,49,0.253960472319674,1.96942987956317
TNP,VI+genomic,DAP,TNP VI+G,CV00,3,5,TXH2.2021,45,-0.0396295488580841,1.93767682793014
TNP,VI+genomic,DAP,TNP VI+G,CV00,4,5,TXH2.2021,43,0.0930340200020745,1.40259118671596
TNP,VI+genomic,DAP,TNP VI+G,CV00,5,5,TXH2.2021,46,-0.0194189389719894,2.2601834522779
TNP,VI+genomic,DAP,TNP VI+G,CV00,1,5,TXH3.2020,44,0.0960038300682891,3.44649951998916
TNP,VI+genomic,DAP,TNP VI+G,CV00,2,5,TXH3.2020,52,0.126771979015376,2.77867973384208
TNP,VI+genomic,DAP,TNP VI+G,CV00,3,5,TXH3.2020,46,0.0349110873139969,2.58978746857287
TNP,VI+genomic,DAP,TNP VI+G,CV00,4,5,TXH3.2020,43,-0.192665217473358,3.62913038950002
TNP,VI+genomic,DAP,TNP VI+G,CV00,5,5,TXH3.2020,48,0.0664092586655082,2.6250036561033
TNP,VI+genomic,DAP,TNP VI+G,CV00,1,5,TXH3.2021,44,0.323452931694759,4.03728541906695
TNP,VI+genomic,DAP,TNP VI+G,CV00,2,5,TXH3.2021,49,0.303865276067278,3.12482880324736
TNP,VI+genomic,DAP,TNP VI+G,CV00,3,5,TXH3.2021,45,0.346270731604241,3.82967495958012
TNP,VI+genomic,DAP,TNP VI+G,CV00,4,5,TXH3.2021,43,0.13542388219243,3.99345646462566
TNP,VI+genomic,DAP,TNP VI+G,CV00,5,5,TXH3.2021,46,0.563999201564804,2.99719323206398
TNP,VI+genomic,DAP,TNP VI+G,CV00,1,5,WIH1.2020,44,0.503003488459663,1.97278998010836
TNP,VI+genomic,DAP,TNP VI+G,CV00,2,5,WIH1.2020,48,0.454152831132204,2.8392646207174
TNP,VI+genomic,DAP,TNP VI+G,CV00,3,5,WIH1.2020,45,0.495194645824407,2.07880165106251
TNP,VI+genomic,DAP,TNP VI+G,CV00,4,5,WIH1.2020,43,0.346688727401954,2.27975730219302
TNP,VI+genomic,DAP,TNP VI+G,CV00,5,5,WIH1.2020,45,0.540825127810664,2.25254285315665
TNP,VI+genomic,DAP,TNP VI+G,CV00,1,5,WIH1.2021,44,0.326963830574814,2.77249617939208
TNP,VI+genomic,DAP,TNP VI+G,CV00,2,5,WIH1.2021,49,0.267443405694667,2.94294167284551
TNP,VI+genomic,DAP,TNP VI+G,CV00,3,5,WIH1.2021,45,0.223865652922984,2.32880527290289
TNP,VI+genomic,DAP,TNP VI+G,CV00,4,5,WIH1.2021,43,0.380342323220872,1.53252505808453
TNP,VI+genomic,DAP,TNP VI+G,CV00,5,5,WIH1.2021,46,0.474752315600571,2.27081241446281
TNP,VI+genomic,DAP,TNP VI+G,CV00,1,5,WIH2.2020,124,0.261996976425516,2.54144917594093
TNP,VI+genomic,DAP,TNP VI+G,CV00,2,5,WIH2.2020,125,0.28485417695671,2.82677400995914
TNP,VI+genomic,DAP,TNP VI+G,CV00,3,5,WIH2.2020,124,0.272392151917147,3.05590095176596
TNP,VI+genomic,DAP,TNP VI+G,CV00,4,5,WIH2.2020,123,0.331043672330172,2.74779788690532
TNP,VI+genomic,DAP,TNP VI+G,CV00,5,5,WIH2.2020,123,0.307539542648487,2.75389573363125
TNP,VI+genomic,DAP,TNP VI+G,CV00,1,5,WIH2.2021,123,0.292814181418123,2.36531093564077
TNP,VI+genomic,DAP,TNP VI+G,CV00,2,5,WIH2.2021,127,0.337946378858714,2.3664300612121
TNP,VI+genomic,DAP,TNP VI+G,CV00,3,5,WIH2.2021,126,0.314360859080796,2.50712911535486
TNP,VI+genomic,DAP,TNP VI+G,CV00,4,5,WIH2.2021,124,0.219955506158332,2.00086297659648
TNP,VI+genomic,DAP,TNP VI+G,CV00,5,5,WIH2.2021,125,0.407098332756118,2.08973455079933
TNP,VI+genomic,DAP,TNP VI+G,CV00,1,5,WIH3.2020,44,0.148203462788982,2.33272210439401
TNP,VI+genomic,DAP,TNP VI+G,CV00,2,5,WIH3.2020,51,0.425744220488414,2.44145175575006
TNP,VI+genomic,DAP,TNP VI+G,CV00,3,5,WIH3.2020,46,0.287045741765063,2.43405859808183
TNP,VI+genomic,DAP,TNP VI+G,CV00,4,5,WIH3.2020,43,0.185295863504707,2.75766027745854
TNP,VI+genomic,DAP,TNP VI+G,CV00,5,5,WIH3.2020,47,0.392474447531994,2.41592295247947
TNP,VI+genomic,DAP,TNP VI+G,CV00,1,5,WIH3.2021,44,0.352569053451745,1.96059350263881
TNP,VI+genomic,DAP,TNP VI+G,CV00,2,5,WIH3.2021,49,0.192344999805241,1.79641122957951
TNP,VI+genomic,DAP,TNP VI+G,CV00,3,5,WIH3.2021,45,0.406701876989134,1.63118857689135
TNP,VI+genomic,DAP,TNP VI+G,CV00,4,5,WIH3.2021,43,0.0985983870626096,1.63665392055875
TNP,VI+genomic,DAP,TNP VI+G,CV00,5,5,WIH3.2021,46,0.454869549740946,2.51859306971361
